Date,Hour,Minute,Reserve,Scope,Magnitude,Shortfall,Price,DA Magnitude,DA Shortfall,DA Price
2035-07-01,0,0,reserve,system,2605.20903,0.0,0.0,2605.20903,0.0,0.0
2035-07-01,1,0,reserve,system,2536.885027,0.0,0.0,2536.885027,0.0,0.0
2035-07-01,2,0,reserve,system,2493.782902,0.0,0.0,2493.782902,0.0,0.0
2035-07-01,3,0,reserve,system,2481.357828,0.0,0.0,2481.357828,0.0,0.0
2035-07-01,4,0,reserve,system,2498.218536,0.0,0.0,2498.218536,0.0,0.0
2035-07-01,5,0,reserve,system,2542.787476,0.0,0.0,2542.787476,0.0,0.0
2035-07-01,6,0,reserve,system,2602.393483,0.0,0.0,2602.393483,0.0,0.0
2035-07-01,7,0,reserve,system,2655.091426,0.0,0.0,2655.091426,0.0,0.0
2035-07-01,8,0,reserve,system,2729.087631,0.0,0.0,2729.087631,0.0,0.0
2035-07-01,9,0,reserve,system,2808.336337,0.0,0.0,2808.336337,0.0,0.0
2035-07-01,10,0,reserve,system,2873.647764,0.0,0.0,2873.647764,0.0,0.0
2035-07-01,11,0,reserve,system,2928.056664,0.0,0.0,2928.056664,0.0,0.0
2035-07-01,12,0,reserve,system,2958.958366,0.0,0.0,2958.958366,0.0,0.0
2035-07-01,13,0,reserve,system,2935.309769,0.0,0.0,2935.309769,0.0,0.0
2035-07-01,14,0,reserve,system,2935.231238,0.0,0.0,2935.231238,0.0,0.0
2035-07-01,15,0,reserve,system,2989.657741,0.0,0.0,2989.657741,0.0,0.0
2035-07-01,16,0,reserve,system,3038.834675,0.0,0.0,3038.834675,0.0,0.0
2035-07-01,17,0,reserve,system,2997.530896,0.0,0.0,2997.530896,0.0,0.0
2035-07-01,18,0,reserve,system,3009.729232,0.0,0.0,3009.729232,0.0,0.0
2035-07-01,19,0,reserve,system,2998.438433,0.0,0.0,2998.438433,0.0,0.0
2035-07-01,20,0,reserve,system,2975.159022,0.0,0.0,2975.159022,0.0,0.0
2035-07-01,21,0,reserve,system,3014.659348,0.0,0.0,3014.659348,0.0,0.0
2035-07-01,22,0,reserve,system,2968.119721,0.0,0.0,2968.119721,0.0,0.0
2035-07-01,23,0,reserve,system,2899.977987,0.0,0.0,2899.977987,0.0,0.0
2035-07-02,0,0,reserve,system,2799.237543,0.0,0.0,2799.237543,0.0,0.0
2035-07-02,1,0,reserve,system,2727.364116,0.0,0.0,2727.364116,0.0,0.0
2035-07-02,2,0,reserve,system,2681.75902,0.0,0.0,2681.75902,0.0,0.0
2035-07-02,3,0,reserve,system,2662.236461,0.0,0.0,2662.236461,0.0,0.0
2035-07-02,4,0,reserve,system,2666.147233,0.0,0.0,2666.147233,0.0,0.0
2035-07-02,5,0,reserve,system,2715.699,0.0,0.0,2715.699,0.0,0.0
2035-07-02,6,0,reserve,system,2757.421121,0.0,0.0,2757.421121,0.0,0.0
2035-07-02,7,0,reserve,system,2789.70794,0.0,0.0,2789.70794,0.0,0.0
2035-07-02,8,0,reserve,system,2840.867577,0.0,0.0,2840.867577,0.0,0.0
2035-07-02,9,0,reserve,system,2901.831145,0.0,0.0,2901.831145,55.502591,5.0
2035-07-02,10,0,reserve,system,2951.650351,0.0,0.0,2951.650351,0.0,0.0
2035-07-02,11,0,reserve,system,3033.4838,0.0,0.0,3033.4838,0.0,0.0
2035-07-02,12,0,reserve,system,3052.393326,0.0,0.0,3052.393326,0.0,0.0
2035-07-02,13,0,reserve,system,3008.747108,0.0,0.0,3008.747108,0.0,0.0
2035-07-02,14,0,reserve,system,2994.360592,0.0,0.0,2994.360592,0.0,0.0
2035-07-02,15,0,reserve,system,3019.631573,0.0,0.0,3019.631573,0.0,0.0
2035-07-02,16,0,reserve,system,3051.293117,0.0,0.0,3051.293117,0.0,0.0
2035-07-02,17,0,reserve,system,3001.270783,0.0,0.0,3001.270783,0.0,0.0
2035-07-02,18,0,reserve,system,3009.624648,0.0,0.0,3009.624648,0.0,0.0
2035-07-02,19,0,reserve,system,3003.920197,0.0,0.0,3003.920197,0.0,0.0
2035-07-02,20,0,reserve,system,2977.044714,0.0,0.0,2977.044714,0.0,0.0
2035-07-02,21,0,reserve,system,2990.652152,0.0,0.0,2990.652152,0.0,0.0
2035-07-02,22,0,reserve,system,2935.610508,0.0,0.0,2935.610508,0.0,0.0
2035-07-02,23,0,reserve,system,2853.877357,0.0,0.0,2853.877357,0.0,0.0
2035-07-03,0,0,reserve,system,2753.980836,0.0,0.0,2753.980836,0.0,0.0
2035-07-03,1,0,reserve,system,2691.822229,0.0,0.0,2691.822229,0.0,0.0
2035-07-03,2,0,reserve,system,2663.337977,0.0,0.0,2663.337977,0.0,0.0
2035-07-03,3,0,reserve,system,2633.827247,0.0,0.0,2633.827247,0.0,0.0
2035-07-03,4,0,reserve,system,2665.205089,0.0,0.0,2665.205089,0.0,0.0
2035-07-03,5,0,reserve,system,2718.180086,0.0,0.0,2718.180086,0.0,0.0
2035-07-03,6,0,reserve,system,2764.20387,0.0,0.0,2764.20387,0.0,0.0
2035-07-03,7,0,reserve,system,2790.795908,0.0,0.0,2790.795908,0.0,0.0
2035-07-03,8,0,reserve,system,2832.80873,0.0,0.0,2832.80873,0.0,0.0
2035-07-03,9,0,reserve,system,2876.837272,0.0,0.0,2876.837272,0.0,0.0
2035-07-03,10,0,reserve,system,2883.531784,0.0,0.0,2883.531784,0.0,0.0
2035-07-03,11,0,reserve,system,2884.781578,0.0,0.0,2884.781578,0.0,0.0
2035-07-03,12,0,reserve,system,2883.312072,0.0,0.0,2883.312072,0.0,0.0
2035-07-03,13,0,reserve,system,2847.224371,0.0,0.0,2847.224371,0.0,0.0
2035-07-03,14,0,reserve,system,2847.964298,0.0,0.0,2847.964298,0.0,0.0
2035-07-03,15,0,reserve,system,2904.422674,0.0,0.0,2904.422674,0.0,0.0
2035-07-03,16,0,reserve,system,2942.241092,0.0,0.0,2942.241092,0.0,0.0
2035-07-03,17,0,reserve,system,2892.522055,0.0,0.0,2892.522055,0.0,0.0
2035-07-03,18,0,reserve,system,2891.378366,0.0,0.0,2891.378366,0.0,0.0
2035-07-03,19,0,reserve,system,2895.118096,0.0,0.0,2895.118096,823.29906,5.0
2035-07-03,20,0,reserve,system,2880.074994,0.0,0.0,2880.074994,0.0,0.0
2035-07-03,21,0,reserve,system,2916.445105,0.0,0.0,2916.445105,0.0,0.0
2035-07-03,22,0,reserve,system,2890.219357,0.0,0.0,2890.219357,0.0,0.0
2035-07-03,23,0,reserve,system,2826.00112,0.0,0.0,2826.00112,0.0,0.0
2035-07-04,0,0,reserve,system,2720.5444,0.0,0.0,2720.5444,0.0,0.0
2035-07-04,1,0,reserve,system,2662.411891,0.0,0.0,2662.411891,0.0,0.0
2035-07-04,2,0,reserve,system,2649.139002,0.0,0.0,2649.139002,0.0,0.0
2035-07-04,3,0,reserve,system,2638.251277,0.0,0.0,2638.251277,0.0,0.0
2035-07-04,4,0,reserve,system,2658.421451,0.0,0.0,2658.421451,0.0,0.0
2035-07-04,5,0,reserve,system,2698.568332,0.0,0.0,2698.568332,0.0,0.0
2035-07-04,6,0,reserve,system,2726.673128,0.0,0.0,2726.673128,0.0,0.0
2035-07-04,7,0,reserve,system,2724.159961,0.0,0.0,2724.159961,0.0,0.0
2035-07-04,8,0,reserve,system,2750.583806,0.0,0.0,2750.583806,0.0,0.0
2035-07-04,9,0,reserve,system,2821.922765,0.0,0.0,2821.922765,0.0,0.0
2035-07-04,10,0,reserve,system,2894.615079,0.0,0.0,2894.615079,0.0,0.0
2035-07-04,11,0,reserve,system,2957.831965,0.0,0.0,2957.831965,0.0,0.0
2035-07-04,12,0,reserve,system,3031.392265,0.0,0.0,3031.392265,0.0,0.0
2035-07-04,13,0,reserve,system,3066.634794,0.0,0.0,3066.634794,0.0,0.0
2035-07-04,14,0,reserve,system,3106.324605,0.0,0.0,3106.324605,0.0,0.0
2035-07-04,15,0,reserve,system,3153.377652,0.0,0.0,3153.377652,0.0,0.0
2035-07-04,16,0,reserve,system,3170.093983,0.0,0.0,3170.093983,0.0,0.0
2035-07-04,17,0,reserve,system,3106.286836,0.0,0.0,3106.286836,0.0,0.0
2035-07-04,18,0,reserve,system,3095.030781,0.0,0.0,3095.030781,0.0,0.0
2035-07-04,19,0,reserve,system,3071.073771,0.0,0.0,3071.073771,0.0,0.0
2035-07-04,20,0,reserve,system,3021.908426,0.0,0.0,3021.908426,0.0,0.0
2035-07-04,21,0,reserve,system,3033.168079,0.0,0.0,3033.168079,0.0,0.0
2035-07-04,22,0,reserve,system,3026.06487,0.0,0.0,3026.06487,0.0,0.0
2035-07-04,23,0,reserve,system,2989.900806,0.0,0.0,2989.900806,0.0,0.0
2035-07-05,0,0,reserve,system,2893.235452,0.0,0.0,2893.235452,0.0,0.0
2035-07-05,1,0,reserve,system,2820.712236,0.0,0.0,2820.712236,0.0,0.0
2035-07-05,2,0,reserve,system,2790.374195,0.0,0.0,2790.374195,0.0,0.0
2035-07-05,3,0,reserve,system,2775.169854,0.0,0.0,2775.169854,0.0,0.0
2035-07-05,4,0,reserve,system,2805.074203,0.0,0.0,2805.074203,0.0,0.0
2035-07-05,5,0,reserve,system,2888.059333,0.0,0.0,2888.059333,0.0,0.0
2035-07-05,6,0,reserve,system,2958.4689,0.0,0.0,2958.4689,0.0,0.0
2035-07-05,7,0,reserve,system,2975.179602,0.0,0.0,2975.179602,0.0,0.0
2035-07-05,8,0,reserve,system,3029.925188,0.0,0.0,3029.925188,0.0,0.0
2035-07-05,9,0,reserve,system,3090.006687,0.0,0.0,3090.006687,0.0,0.0
2035-07-05,10,0,reserve,system,3122.68462,0.0,0.0,3122.68462,0.0,0.0
2035-07-05,11,0,reserve,system,3156.498131,0.0,0.0,3156.498131,0.0,0.0
2035-07-05,12,0,reserve,system,3197.836689,0.0,0.0,3197.836689,0.0,0.0
2035-07-05,13,0,reserve,system,3180.705295,0.0,0.0,3180.705295,0.0,0.0
2035-07-05,14,0,reserve,system,3193.306172,0.0,0.0,3193.306172,0.0,0.0
2035-07-05,15,0,reserve,system,3265.781648,0.0,0.0,3265.781648,0.0,0.0
2035-07-05,16,0,reserve,system,3309.891161,0.0,0.0,3309.891161,0.0,0.0
2035-07-05,17,0,reserve,system,3270.395822,0.0,0.0,3270.395822,0.0,0.0
2035-07-05,18,0,reserve,system,3272.178948,0.0,0.0,3272.178948,0.0,0.0
2035-07-05,19,0,reserve,system,3258.246163,0.0,0.0,3258.246163,0.0,0.0
2035-07-05,20,0,reserve,system,3205.146242,0.0,0.0,3205.146242,0.0,0.0
2035-07-05,21,0,reserve,system,3204.098026,0.0,0.0,3204.098026,0.0,0.0
2035-07-05,22,0,reserve,system,3163.477887,0.0,0.0,3163.477887,0.0,0.0
2035-07-05,23,0,reserve,system,3089.36891,0.0,0.0,3089.36891,0.0,0.0
2035-07-06,0,0,reserve,system,2968.354104,0.0,0.0,2968.354104,0.0,0.0
2035-07-06,1,0,reserve,system,2891.025556,0.0,0.0,2891.025556,0.0,0.0
2035-07-06,2,0,reserve,system,2849.493385,0.0,0.0,2849.493385,0.0,0.0
2035-07-06,3,0,reserve,system,2814.639454,0.0,0.0,2814.639454,0.0,0.0
2035-07-06,4,0,reserve,system,2812.398257,0.0,0.0,2812.398257,0.0,0.0
2035-07-06,5,0,reserve,system,2833.628779,0.0,0.0,2833.628779,0.0,0.0
2035-07-06,6,0,reserve,system,2822.362408,0.0,0.0,2822.362408,0.0,0.0
2035-07-06,7,0,reserve,system,2835.147361,0.0,0.0,2835.147361,0.0,0.0
2035-07-06,8,0,reserve,system,2908.915538,0.0,0.0,2908.915538,0.0,0.0
2035-07-06,9,0,reserve,system,2987.045671,0.0,0.0,2987.045671,0.0,0.0
2035-07-06,10,0,reserve,system,3061.502333,0.0,0.0,3061.502333,0.0,0.0
2035-07-06,11,0,reserve,system,3132.36741,0.0,0.0,3132.36741,0.0,0.0
2035-07-06,12,0,reserve,system,3199.154142,0.0,0.0,3199.154142,0.0,0.0
2035-07-06,13,0,reserve,system,3187.573531,0.0,0.0,3187.573531,0.0,0.0
2035-07-06,14,0,reserve,system,3179.133223,0.0,0.0,3179.133223,0.0,0.0
2035-07-06,15,0,reserve,system,3215.231515,0.0,0.0,3215.231515,0.0,0.0
2035-07-06,16,0,reserve,system,3250.099383,0.0,0.0,3250.099383,0.0,0.0
2035-07-06,17,0,reserve,system,3181.624295,0.0,0.0,3181.624295,0.0,0.0
2035-07-06,18,0,reserve,system,3115.898148,0.0,0.0,3115.898148,0.0,0.0
2035-07-06,19,0,reserve,system,3024.939915,0.0,0.0,3024.939915,0.0,0.0
2035-07-06,20,0,reserve,system,2978.89698,0.0,0.0,2978.89698,0.0,0.0
2035-07-06,21,0,reserve,system,2964.95341,0.0,0.0,2964.95341,0.0,0.0
2035-07-06,22,0,reserve,system,2927.143623,0.0,0.0,2927.143623,0.0,0.0
2035-07-06,23,0,reserve,system,2882.178503,0.0,0.0,2882.178503,0.0,0.0
2035-07-07,0,0,reserve,system,2788.886211,0.0,0.0,2788.886211,0.0,0.0
2035-07-07,1,0,reserve,system,2713.955646,0.0,0.0,2713.955646,0.0,0.0
2035-07-07,2,0,reserve,system,2671.04826,0.0,0.0,2671.04826,0.0,0.0
2035-07-07,3,0,reserve,system,2627.370509,0.0,0.0,2627.370509,0.0,0.0
2035-07-07,4,0,reserve,system,2609.966941,0.0,0.0,2609.966941,0.0,0.0
2035-07-07,5,0,reserve,system,2580.783335,0.0,0.0,2580.783335,0.0,0.0
2035-07-07,6,0,reserve,system,2522.82048,0.0,0.0,2522.82048,0.0,0.0
2035-07-07,7,0,reserve,system,2511.398119,0.0,0.0,2511.398119,0.0,0.0
2035-07-07,8,0,reserve,system,2613.57036,0.0,0.0,2613.57036,0.0,0.0
2035-07-07,9,0,reserve,system,2734.291554,0.0,0.0,2734.291554,0.0,0.0
2035-07-07,10,0,reserve,system,2820.332438,0.0,0.0,2820.332438,0.0,0.0
2035-07-07,11,0,reserve,system,2868.841954,0.0,0.0,2868.841954,0.0,0.0
2035-07-07,12,0,reserve,system,2947.530533,0.0,0.0,2947.530533,0.0,0.0
2035-07-07,13,0,reserve,system,2981.389401,0.0,0.0,2981.389401,0.0,0.0
2035-07-07,14,0,reserve,system,3022.065817,0.0,0.0,3022.065817,0.0,0.0
2035-07-07,15,0,reserve,system,3101.132374,0.0,0.0,3101.132374,0.0,0.0
2035-07-07,16,0,reserve,system,3184.399133,0.0,0.0,3184.399133,0.0,0.0
2035-07-07,17,0,reserve,system,3180.158824,0.0,0.0,3180.158824,0.0,0.0
2035-07-07,18,0,reserve,system,3210.972944,0.0,0.0,3210.972944,0.0,0.0
2035-07-07,19,0,reserve,system,3207.532868,0.0,0.0,3207.532868,0.0,0.0
2035-07-07,20,0,reserve,system,3160.935013,0.0,0.0,3160.935013,0.0,0.0
2035-07-07,21,0,reserve,system,3172.298825,0.0,0.0,3172.298825,0.0,0.0
2035-07-07,22,0,reserve,system,3130.034609,0.0,0.0,3130.034609,0.0,0.0
2035-07-07,23,0,reserve,system,3067.816769,0.0,0.0,3067.816769,0.0,0.0
2035-07-08,0,0,reserve,system,2936.544579,0.0,0.0,2936.544579,0.0,0.0
2035-07-08,1,0,reserve,system,2841.926034,0.0,0.0,2841.926034,0.0,0.0
2035-07-08,2,0,reserve,system,2771.217904,0.0,0.0,2771.217904,0.0,0.0
2035-07-08,3,0,reserve,system,2726.642352,0.0,0.0,2726.642352,0.0,0.0
2035-07-08,4,0,reserve,system,2722.256313,0.0,0.0,2722.256313,0.0,0.0
2035-07-08,5,0,reserve,system,2745.680663,0.0,0.0,2745.680663,0.0,0.0
2035-07-08,6,0,reserve,system,2782.377901,0.0,0.0,2782.377901,0.0,0.0
2035-07-08,7,0,reserve,system,2824.843875,0.0,0.0,2824.843875,0.0,0.0
2035-07-08,8,0,reserve,system,2906.772087,0.0,0.0,2906.772087,0.0,0.0
2035-07-08,9,0,reserve,system,2988.384698,0.0,0.0,2988.384698,0.0,0.0
2035-07-08,10,0,reserve,system,3076.597991,0.0,0.0,3076.597991,0.0,0.0
2035-07-08,11,0,reserve,system,3159.35714,0.0,0.0,3159.35714,0.0,0.0
2035-07-08,12,0,reserve,system,3245.688728,0.0,0.0,3245.688728,0.0,0.0
2035-07-08,13,0,reserve,system,3268.052698,0.0,0.0,3268.052698,0.0,0.0
2035-07-08,14,0,reserve,system,3307.330395,0.0,0.0,3307.330395,0.0,0.0
2035-07-08,15,0,reserve,system,3348.452403,0.0,0.0,3348.452403,0.0,0.0
2035-07-08,16,0,reserve,system,3336.966729,0.0,0.0,3336.966729,0.0,0.0
2035-07-08,17,0,reserve,system,3232.022551,0.0,0.0,3232.022551,0.0,0.0
2035-07-08,18,0,reserve,system,3162.099594,0.0,0.0,3162.099594,0.0,0.0
2035-07-08,19,0,reserve,system,3125.172846,0.0,0.0,3125.172846,0.0,0.0
2035-07-08,20,0,reserve,system,3094.209399,0.0,0.0,3094.209399,0.0,0.0
2035-07-08,21,0,reserve,system,3113.576374,0.0,0.0,3113.576374,0.0,0.0
2035-07-08,22,0,reserve,system,3071.184282,0.0,0.0,3071.184282,0.0,0.0
2035-07-08,23,0,reserve,system,3003.012578,0.0,0.0,3003.012578,0.0,0.0
2035-07-09,0,0,reserve,system,2896.717724,0.0,0.0,2896.717724,0.0,0.0
2035-07-09,1,0,reserve,system,2825.877527,0.0,0.0,2825.877527,0.0,0.0
2035-07-09,2,0,reserve,system,2770.418759,0.0,0.0,2770.418759,0.0,0.0
2035-07-09,3,0,reserve,system,2749.021321,0.0,0.0,2749.021321,0.0,0.0
2035-07-09,4,0,reserve,system,2753.829434,0.0,0.0,2753.829434,0.0,0.0
2035-07-09,5,0,reserve,system,2789.847115,0.0,0.0,2789.847115,0.0,0.0
2035-07-09,6,0,reserve,system,2833.941216,0.0,0.0,2833.941216,0.0,0.0
2035-07-09,7,0,reserve,system,2865.654774,0.0,0.0,2865.654774,0.0,0.0
2035-07-09,8,0,reserve,system,2923.988206,0.0,0.0,2923.988206,0.0,0.0
2035-07-09,9,0,reserve,system,2991.01192,0.0,0.0,2991.01192,0.0,0.0
2035-07-09,10,0,reserve,system,3054.008899,0.0,0.0,3054.008899,0.0,0.0
2035-07-09,11,0,reserve,system,3172.628536,0.0,0.0,3172.628536,0.0,0.0
2035-07-09,12,0,reserve,system,3227.773097,0.0,0.0,3227.773097,0.0,0.0
2035-07-09,13,0,reserve,system,3246.53891,0.0,0.0,3246.53891,0.0,0.0
2035-07-09,14,0,reserve,system,3293.00063,0.0,0.0,3293.00063,0.0,0.0
2035-07-09,15,0,reserve,system,3346.826654,0.0,0.0,3346.826654,0.0,0.0
2035-07-09,16,0,reserve,system,3378.196601,0.0,0.0,3378.196601,0.0,0.0
2035-07-09,17,0,reserve,system,3316.002743,0.0,0.0,3316.002743,0.0,0.0
2035-07-09,18,0,reserve,system,3342.174272,0.0,0.0,3342.174272,0.0,0.0
2035-07-09,19,0,reserve,system,3342.643471,0.0,0.0,3342.643471,0.0,0.0
2035-07-09,20,0,reserve,system,3298.918566,0.0,0.0,3298.918566,0.0,0.0
2035-07-09,21,0,reserve,system,3302.771132,0.0,0.0,3302.771132,0.0,0.0
2035-07-09,22,0,reserve,system,3246.136582,0.0,0.0,3246.136582,0.0,0.0
2035-07-09,23,0,reserve,system,3167.71353,0.0,0.0,3167.71353,0.0,0.0
2035-07-10,0,0,reserve,system,3041.600886,0.0,0.0,3041.600886,0.0,0.0
2035-07-10,1,0,reserve,system,2949.785231,0.0,0.0,2949.785231,0.0,0.0
2035-07-10,2,0,reserve,system,2895.69064,0.0,0.0,2895.69064,0.0,0.0
2035-07-10,3,0,reserve,system,2852.31543,0.0,0.0,2852.31543,0.0,0.0
2035-07-10,4,0,reserve,system,2858.803762,0.0,0.0,2858.803762,0.0,0.0
2035-07-10,5,0,reserve,system,2905.669104,0.0,0.0,2905.669104,0.0,0.0
2035-07-10,6,0,reserve,system,2920.923924,0.0,0.0,2920.923924,0.0,0.0
2035-07-10,7,0,reserve,system,2938.210581,0.0,0.0,2938.210581,0.0,0.0
2035-07-10,8,0,reserve,system,3024.386227,0.0,0.0,3024.386227,0.0,0.0
2035-07-10,9,0,reserve,system,3120.53259,0.0,0.0,3120.53259,0.0,0.0
2035-07-10,10,0,reserve,system,3190.936878,0.0,0.0,3190.936878,0.0,0.0
2035-07-10,11,0,reserve,system,3279.657473,0.0,0.0,3279.657473,0.0,0.0
2035-07-10,12,0,reserve,system,3362.072676,0.0,0.0,3362.072676,0.0,0.0
2035-07-10,13,0,reserve,system,3364.233845,0.0,0.0,3364.233845,0.0,0.0
2035-07-10,14,0,reserve,system,3356.339188,0.0,0.0,3356.339188,0.0,0.0
2035-07-10,15,0,reserve,system,3389.351231,0.0,0.0,3389.351231,0.0,0.0
2035-07-10,16,0,reserve,system,3415.136689,0.0,0.0,3415.136689,0.0,0.0
2035-07-10,17,0,reserve,system,3360.066757,0.0,0.0,3360.066757,0.0,0.0
2035-07-10,18,0,reserve,system,3288.206265,0.0,0.0,3288.206265,0.0,0.0
2035-07-10,19,0,reserve,system,3203.191125,0.0,0.0,3203.191125,0.0,0.0
2035-07-10,20,0,reserve,system,3143.573014,0.0,0.0,3143.573014,0.0,0.0
2035-07-10,21,0,reserve,system,3124.534941,0.0,0.0,3124.534941,0.0,0.0
2035-07-10,22,0,reserve,system,3049.62096,0.0,0.0,3049.62096,0.0,0.0
2035-07-10,23,0,reserve,system,2950.893089,0.0,0.0,2950.893089,0.0,0.0
2035-07-11,0,0,reserve,system,2818.252816,0.0,0.0,2818.252816,0.0,0.0
2035-07-11,1,0,reserve,system,2722.542489,0.0,0.0,2722.542489,0.0,0.0
2035-07-11,2,0,reserve,system,2666.375471,0.0,0.0,2666.375471,0.0,0.0
2035-07-11,3,0,reserve,system,2631.034181,0.0,0.0,2631.034181,0.0,0.0
2035-07-11,4,0,reserve,system,2638.062586,0.0,0.0,2638.062586,0.0,0.0
2035-07-11,5,0,reserve,system,2692.231467,0.0,0.0,2692.231467,0.0,0.0
2035-07-11,6,0,reserve,system,2739.348489,0.0,0.0,2739.348489,0.0,0.0
2035-07-11,7,0,reserve,system,2755.748106,0.0,0.0,2755.748106,0.0,0.0
2035-07-11,8,0,reserve,system,2800.889365,0.0,0.0,2800.889365,0.0,0.0
2035-07-11,9,0,reserve,system,2856.424115,0.0,0.0,2856.424115,0.0,0.0
2035-07-11,10,0,reserve,system,2944.01492,0.0,0.0,2944.01492,0.0,0.0
2035-07-11,11,0,reserve,system,3036.005895,0.0,0.0,3036.005895,0.0,0.0
2035-07-11,12,0,reserve,system,3124.600458,0.0,0.0,3124.600458,0.0,0.0
2035-07-11,13,0,reserve,system,3139.482342,0.0,0.0,3139.482342,0.0,0.0
2035-07-11,14,0,reserve,system,3147.11994,0.0,0.0,3147.11994,0.0,0.0
2035-07-11,15,0,reserve,system,3192.05172,0.0,0.0,3192.05172,0.0,0.0
2035-07-11,16,0,reserve,system,3235.589511,0.0,0.0,3235.589511,0.0,0.0
2035-07-11,17,0,reserve,system,3191.617272,0.0,0.0,3191.617272,0.0,0.0
2035-07-11,18,0,reserve,system,3218.906921,0.0,0.0,3218.906921,0.0,0.0
2035-07-11,19,0,reserve,system,3222.631273,0.0,0.0,3222.631273,0.0,0.0
2035-07-11,20,0,reserve,system,3181.559171,0.0,0.0,3181.559171,0.0,0.0
2035-07-11,21,0,reserve,system,3190.760053,0.0,0.0,3190.760053,0.0,0.0
2035-07-11,22,0,reserve,system,3116.437515,0.0,0.0,3116.437515,0.0,0.0
2035-07-11,23,0,reserve,system,3007.333303,0.0,0.0,3007.333303,0.0,0.0
2035-07-12,0,0,reserve,system,2869.173159,0.0,0.0,2869.173159,0.0,0.0
2035-07-12,1,0,reserve,system,2768.386715,0.0,0.0,2768.386715,0.0,0.0
2035-07-12,2,0,reserve,system,2710.857452,0.0,0.0,2710.857452,0.0,0.0
2035-07-12,3,0,reserve,system,2669.841862,0.0,0.0,2669.841862,0.0,0.0
2035-07-12,4,0,reserve,system,2685.981216,0.0,0.0,2685.981216,0.0,0.0
2035-07-12,5,0,reserve,system,2761.634413,0.0,0.0,2761.634413,0.0,0.0
2035-07-12,6,0,reserve,system,2838.229477,0.0,0.0,2838.229477,0.0,0.0
2035-07-12,7,0,reserve,system,2878.815227,0.0,0.0,2878.815227,0.0,0.0
2035-07-12,8,0,reserve,system,2944.927277,0.0,0.0,2944.927277,0.0,0.0
2035-07-12,9,0,reserve,system,3024.029089,0.0,0.0,3024.029089,0.0,0.0
2035-07-12,10,0,reserve,system,3084.032855,0.0,0.0,3084.032855,0.0,0.0
2035-07-12,11,0,reserve,system,3133.528531,0.0,0.0,3133.528531,0.0,0.0
2035-07-12,12,0,reserve,system,3161.721113,0.0,0.0,3161.721113,0.0,0.0
2035-07-12,13,0,reserve,system,3151.684916,0.0,0.0,3151.684916,0.0,0.0
2035-07-12,14,0,reserve,system,3141.556139,0.0,0.0,3141.556139,0.0,0.0
2035-07-12,15,0,reserve,system,3160.957925,0.0,0.0,3160.957925,0.0,0.0
2035-07-12,16,0,reserve,system,3199.180556,0.0,0.0,3199.180556,0.0,0.0
2035-07-12,17,0,reserve,system,3159.490078,0.0,0.0,3159.490078,0.0,0.0
2035-07-12,18,0,reserve,system,3152.253588,0.0,0.0,3152.253588,0.0,0.0
2035-07-12,19,0,reserve,system,3115.843476,0.0,0.0,3115.843476,0.0,0.0
2035-07-12,20,0,reserve,system,3049.282298,0.0,0.0,3049.282298,0.0,0.0
2035-07-12,21,0,reserve,system,3041.939895,0.0,0.0,3041.939895,0.0,0.0
2035-07-12,22,0,reserve,system,2989.456874,0.0,0.0,2989.456874,0.0,0.0
2035-07-12,23,0,reserve,system,2898.427316,0.0,0.0,2898.427316,0.0,0.0
2035-07-13,0,0,reserve,system,2772.787867,0.0,0.0,2772.787867,0.0,0.0
2035-07-13,1,0,reserve,system,2674.397405,0.0,0.0,2674.397405,0.0,0.0
2035-07-13,2,0,reserve,system,2615.201085,0.0,0.0,2615.201085,0.0,0.0
2035-07-13,3,0,reserve,system,2569.071792,0.0,0.0,2569.071792,0.0,0.0
2035-07-13,4,0,reserve,system,2564.841142,0.0,0.0,2564.841142,0.0,0.0
2035-07-13,5,0,reserve,system,2601.701025,0.0,0.0,2601.701025,0.0,0.0
2035-07-13,6,0,reserve,system,2627.742037,0.0,0.0,2627.742037,0.0,0.0
2035-07-13,7,0,reserve,system,2666.516757,0.0,0.0,2666.516757,0.0,0.0
2035-07-13,8,0,reserve,system,2776.440871,0.0,0.0,2776.440871,0.0,0.0
2035-07-13,9,0,reserve,system,2886.173776,0.0,0.0,2886.173776,0.0,0.0
2035-07-13,10,0,reserve,system,2949.371666,0.0,0.0,2949.371666,0.0,0.0
2035-07-13,11,0,reserve,system,3005.968347,0.0,0.0,3005.968347,0.0,0.0
2035-07-13,12,0,reserve,system,3031.591471,0.0,0.0,3031.591471,0.0,0.0
2035-07-13,13,0,reserve,system,2968.769879,0.0,0.0,2968.769879,0.0,0.0
2035-07-13,14,0,reserve,system,2937.411468,0.0,0.0,2937.411468,0.0,0.0
2035-07-13,15,0,reserve,system,2963.199001,0.0,0.0,2963.199001,0.0,0.0
2035-07-13,16,0,reserve,system,3006.733746,0.0,0.0,3006.733746,0.0,0.0
2035-07-13,17,0,reserve,system,2970.727613,0.0,0.0,2970.727613,0.0,0.0
2035-07-13,18,0,reserve,system,2989.254115,0.0,0.0,2989.254115,0.0,0.0
2035-07-13,19,0,reserve,system,2998.611919,0.0,0.0,2998.611919,0.0,0.0
2035-07-13,20,0,reserve,system,2973.311778,0.0,0.0,2973.311778,0.0,0.0
2035-07-13,21,0,reserve,system,2994.043248,0.0,0.0,2994.043248,0.0,0.0
2035-07-13,22,0,reserve,system,2966.854345,0.0,0.0,2966.854345,0.0,0.0
2035-07-13,23,0,reserve,system,2925.545925,0.0,0.0,2925.545925,0.0,0.0
2035-07-14,0,0,reserve,system,2823.176639,0.0,0.0,2823.176639,0.0,0.0
2035-07-14,1,0,reserve,system,2739.065569,0.0,0.0,2739.065569,0.0,0.0
2035-07-14,2,0,reserve,system,2693.856294,0.0,0.0,2693.856294,0.0,0.0
2035-07-14,3,0,reserve,system,2646.445771,0.0,0.0,2646.445771,0.0,0.0
2035-07-14,4,0,reserve,system,2619.902607,0.0,0.0,2619.902607,0.0,0.0
2035-07-14,5,0,reserve,system,2590.924943,0.0,0.0,2590.924943,0.0,0.0
2035-07-14,6,0,reserve,system,2535.444269,0.0,0.0,2535.444269,0.0,0.0
2035-07-14,7,0,reserve,system,2522.192524,0.0,0.0,2522.192524,0.0,0.0
2035-07-14,8,0,reserve,system,2595.958371,0.0,0.0,2595.958371,0.0,0.0
2035-07-14,9,0,reserve,system,2683.304914,0.0,0.0,2683.304914,0.0,0.0
2035-07-14,10,0,reserve,system,2730.742811,0.0,0.0,2730.742811,0.0,0.0
2035-07-14,11,0,reserve,system,2729.739018,0.0,0.0,2729.739018,0.0,0.0
2035-07-14,12,0,reserve,system,2761.202994,0.0,0.0,2761.202994,0.0,0.0
2035-07-14,13,0,reserve,system,2743.638288,0.0,0.0,2743.638288,0.0,0.0
2035-07-14,14,0,reserve,system,2752.992052,0.0,0.0,2752.992052,0.0,0.0
2035-07-14,15,0,reserve,system,2795.956163,0.0,0.0,2795.956163,0.0,0.0
2035-07-14,16,0,reserve,system,2845.949287,0.0,0.0,2845.949287,0.0,0.0
2035-07-14,17,0,reserve,system,2849.7662,0.0,0.0,2849.7662,0.0,0.0
2035-07-14,18,0,reserve,system,2897.526032,0.0,0.0,2897.526032,0.0,0.0
2035-07-14,19,0,reserve,system,2911.489926,0.0,0.0,2911.489926,0.0,0.0
2035-07-14,20,0,reserve,system,2889.589754,0.0,0.0,2889.589754,0.0,0.0
2035-07-14,21,0,reserve,system,2923.334763,0.0,0.0,2923.334763,0.0,0.0
2035-07-14,22,0,reserve,system,2888.977966,0.0,0.0,2888.977966,0.0,0.0
2035-07-14,23,0,reserve,system,2809.791411,0.0,0.0,2809.791411,0.0,0.0
2035-07-15,0,0,reserve,system,2715.23432,0.0,0.0,2715.23432,0.0,0.0
2035-07-15,1,0,reserve,system,2642.971102,0.0,0.0,2642.971102,0.0,0.0
2035-07-15,2,0,reserve,system,2597.552593,0.0,0.0,2597.552593,0.0,0.0
2035-07-15,3,0,reserve,system,2576.669781,0.0,0.0,2576.669781,0.0,0.0
2035-07-15,4,0,reserve,system,2582.267087,0.0,0.0,2582.267087,0.0,0.0
2035-07-15,5,0,reserve,system,2628.572746,0.0,0.0,2628.572746,0.0,0.0
2035-07-15,6,0,reserve,system,2683.577393,0.0,0.0,2683.577393,0.0,0.0
2035-07-15,7,0,reserve,system,2730.536963,0.0,0.0,2730.536963,0.0,0.0
2035-07-15,8,0,reserve,system,2818.549882,0.0,0.0,2818.549882,0.0,0.0
2035-07-15,9,0,reserve,system,2903.222545,0.0,0.0,2903.222545,0.0,0.0
2035-07-15,10,0,reserve,system,2981.714603,0.0,0.0,2981.714603,0.0,0.0
2035-07-15,11,0,reserve,system,3050.84456,0.0,0.0,3050.84456,0.0,0.0
2035-07-15,12,0,reserve,system,3091.323424,0.0,0.0,3091.323424,0.0,0.0
2035-07-15,13,0,reserve,system,3072.04887,0.0,0.0,3072.04887,0.0,0.0
2035-07-15,14,0,reserve,system,3082.018433,0.0,0.0,3082.018433,0.0,0.0
2035-07-15,15,0,reserve,system,3134.033032,0.0,0.0,3134.033032,0.0,0.0
2035-07-15,16,0,reserve,system,3182.548114,0.0,0.0,3182.548114,0.0,0.0
2035-07-15,17,0,reserve,system,3143.60286,0.0,0.0,3143.60286,0.0,0.0
2035-07-15,18,0,reserve,system,3194.088948,0.0,0.0,3194.088948,0.0,0.0
2035-07-15,19,0,reserve,system,3226.928035,0.0,0.0,3226.928035,0.0,0.0
2035-07-15,20,0,reserve,system,3196.252246,0.0,0.0,3196.252246,0.0,0.0
2035-07-15,21,0,reserve,system,3224.199939,0.0,0.0,3224.199939,0.0,0.0
2035-07-15,22,0,reserve,system,3174.740535,0.0,0.0,3174.740535,0.0,0.0
2035-07-15,23,0,reserve,system,3106.989705,0.0,0.0,3106.989705,0.0,0.0
2035-07-16,0,0,reserve,system,3010.833751,0.0,0.0,3010.833751,0.0,0.0
2035-07-16,1,0,reserve,system,2937.854221,0.0,0.0,2937.854221,0.0,0.0
2035-07-16,2,0,reserve,system,2876.284124,0.0,0.0,2876.284124,0.0,0.0
2035-07-16,3,0,reserve,system,2841.348838,0.0,0.0,2841.348838,0.0,0.0
2035-07-16,4,0,reserve,system,2837.542205,0.0,0.0,2837.542205,0.0,0.0
2035-07-16,5,0,reserve,system,2886.213433,0.0,0.0,2886.213433,0.0,0.0
2035-07-16,6,0,reserve,system,2930.931714,0.0,0.0,2930.931714,0.0,0.0
2035-07-16,7,0,reserve,system,2960.642172,0.0,0.0,2960.642172,0.0,0.0
2035-07-16,8,0,reserve,system,3035.148163,0.0,0.0,3035.148163,0.0,0.0
2035-07-16,9,0,reserve,system,3124.599782,0.0,0.0,3124.599782,0.0,0.0
2035-07-16,10,0,reserve,system,3192.382623,0.0,0.0,3192.382623,0.0,0.0
2035-07-16,11,0,reserve,system,3291.10996,0.0,0.0,3291.10996,0.0,0.0
2035-07-16,12,0,reserve,system,3331.193427,0.0,0.0,3331.193427,0.0,0.0
2035-07-16,13,0,reserve,system,3305.94486,0.0,0.0,3305.94486,0.0,0.0
2035-07-16,14,0,reserve,system,3295.092157,0.0,0.0,3295.092157,0.0,0.0
2035-07-16,15,0,reserve,system,3310.729368,0.0,0.0,3310.729368,0.0,0.0
2035-07-16,16,0,reserve,system,3322.62302,0.0,0.0,3322.62302,0.0,0.0
2035-07-16,17,0,reserve,system,3270.532726,0.0,0.0,3270.532726,0.0,0.0
2035-07-16,18,0,reserve,system,3301.635125,0.0,0.0,3301.635125,0.0,0.0
2035-07-16,19,0,reserve,system,3319.045237,0.0,0.0,3319.045237,0.0,0.0
2035-07-16,20,0,reserve,system,3277.473791,0.0,0.0,3277.473791,0.0,0.0
2035-07-16,21,0,reserve,system,3291.974041,0.0,0.0,3291.974041,0.0,0.0
2035-07-16,22,0,reserve,system,3245.261403,0.0,0.0,3245.261403,0.0,0.0
2035-07-16,23,0,reserve,system,3166.80063,0.0,0.0,3166.80063,0.0,0.0
2035-07-17,0,0,reserve,system,3049.22858,0.0,0.0,3049.22858,0.0,0.0
2035-07-17,1,0,reserve,system,2985.369573,0.0,0.0,2985.369573,0.0,0.0
2035-07-17,2,0,reserve,system,2957.979947,0.0,0.0,2957.979947,0.0,0.0
2035-07-17,3,0,reserve,system,2939.042736,0.0,0.0,2939.042736,0.0,0.0
2035-07-17,4,0,reserve,system,2959.618265,0.0,0.0,2959.618265,0.0,0.0
2035-07-17,5,0,reserve,system,3004.869597,0.0,0.0,3004.869597,0.0,0.0
2035-07-17,6,0,reserve,system,3027.267545,0.0,0.0,3027.267545,0.0,0.0
2035-07-17,7,0,reserve,system,3029.724197,0.0,0.0,3029.724197,0.0,0.0
2035-07-17,8,0,reserve,system,3078.354154,0.0,0.0,3078.354154,0.0,0.0
2035-07-17,9,0,reserve,system,3139.750265,0.0,0.0,3139.750265,0.0,0.0
2035-07-17,10,0,reserve,system,3166.905528,0.0,0.0,3166.905528,0.0,0.0
2035-07-17,11,0,reserve,system,3193.43784,0.0,0.0,3193.43784,0.0,0.0
2035-07-17,12,0,reserve,system,3222.307551,0.0,0.0,3222.307551,0.0,0.0
2035-07-17,13,0,reserve,system,3199.404656,0.0,0.0,3199.404656,0.0,0.0
2035-07-17,14,0,reserve,system,3177.392951,0.0,0.0,3177.392951,0.0,0.0
2035-07-17,15,0,reserve,system,3205.813824,0.0,0.0,3205.813824,0.0,0.0
2035-07-17,16,0,reserve,system,3250.272882,0.0,0.0,3250.272882,0.0,0.0
2035-07-17,17,0,reserve,system,3219.284587,0.0,0.0,3219.284587,0.0,0.0
2035-07-17,18,0,reserve,system,3247.960158,0.0,0.0,3247.960158,0.0,0.0
2035-07-17,19,0,reserve,system,3261.420252,0.0,0.0,3261.420252,0.0,0.0
2035-07-17,20,0,reserve,system,3226.650579,0.0,0.0,3226.650579,0.0,0.0
2035-07-17,21,0,reserve,system,3243.63247,0.0,0.0,3243.63247,0.0,0.0
2035-07-17,22,0,reserve,system,3205.414264,0.0,0.0,3205.414264,0.0,0.0
2035-07-17,23,0,reserve,system,3135.997441,0.0,0.0,3135.997441,0.0,0.0
2035-07-18,0,0,reserve,system,3021.148841,0.0,0.0,3021.148841,0.0,0.0
2035-07-18,1,0,reserve,system,2957.848009,0.0,0.0,2957.848009,0.0,0.0
2035-07-18,2,0,reserve,system,2925.341407,0.0,0.0,2925.341407,0.0,0.0
2035-07-18,3,0,reserve,system,2898.964092,0.0,0.0,2898.964092,0.0,0.0
2035-07-18,4,0,reserve,system,2921.971001,0.0,0.0,2921.971001,0.0,0.0
2035-07-18,5,0,reserve,system,2973.331288,0.0,0.0,2973.331288,0.0,0.0
2035-07-18,6,0,reserve,system,3002.707139,0.0,0.0,3002.707139,0.0,0.0
2035-07-18,7,0,reserve,system,3013.447391,0.0,0.0,3013.447391,0.0,0.0
2035-07-18,8,0,reserve,system,3070.616777,0.0,0.0,3070.616777,0.0,0.0
2035-07-18,9,0,reserve,system,3130.690301,0.0,0.0,3130.690301,0.0,0.0
2035-07-18,10,0,reserve,system,3155.471985,0.0,0.0,3155.471985,0.0,0.0
2035-07-18,11,0,reserve,system,3182.371415,0.0,0.0,3182.371415,0.0,0.0
2035-07-18,12,0,reserve,system,3213.228127,0.0,0.0,3213.228127,0.0,0.0
2035-07-18,13,0,reserve,system,3196.896476,0.0,0.0,3196.896476,0.0,0.0
2035-07-18,14,0,reserve,system,3202.841142,0.0,0.0,3202.841142,0.0,0.0
2035-07-18,15,0,reserve,system,3247.238388,0.0,0.0,3247.238388,0.0,0.0
2035-07-18,16,0,reserve,system,3282.160726,0.0,0.0,3282.160726,0.0,0.0
2035-07-18,17,0,reserve,system,3247.844984,0.0,0.0,3247.844984,0.0,0.0
2035-07-18,18,0,reserve,system,3287.143126,0.0,0.0,3287.143126,0.0,0.0
2035-07-18,19,0,reserve,system,3308.640278,0.0,0.0,3308.640278,0.0,0.0
2035-07-18,20,0,reserve,system,3271.717041,0.0,0.0,3271.717041,0.0,0.0
2035-07-18,21,0,reserve,system,3299.913306,0.0,0.0,3299.913306,0.0,0.0
2035-07-18,22,0,reserve,system,3253.254986,0.0,0.0,3253.254986,0.0,0.0
2035-07-18,23,0,reserve,system,3162.056052,0.0,0.0,3162.056052,0.0,0.0
2035-07-19,0,0,reserve,system,3041.57314,0.0,0.0,3041.57314,0.0,0.0
2035-07-19,1,0,reserve,system,2964.898759,0.0,0.0,2964.898759,0.0,0.0
2035-07-19,2,0,reserve,system,2926.312479,0.0,0.0,2926.312479,0.0,0.0
2035-07-19,3,0,reserve,system,2898.025223,0.0,0.0,2898.025223,0.0,0.0
2035-07-19,4,0,reserve,system,2923.455082,0.0,0.0,2923.455082,0.0,0.0
2035-07-19,5,0,reserve,system,2994.861825,0.0,0.0,2994.861825,0.0,0.0
2035-07-19,6,0,reserve,system,3054.813246,0.0,0.0,3054.813246,0.0,0.0
2035-07-19,7,0,reserve,system,3089.963989,0.0,0.0,3089.963989,0.0,0.0
2035-07-19,8,0,reserve,system,3137.862769,0.0,0.0,3137.862769,0.0,0.0
2035-07-19,9,0,reserve,system,3179.676628,0.0,0.0,3179.676628,0.0,0.0
2035-07-19,10,0,reserve,system,3198.502452,0.0,0.0,3198.502452,0.0,0.0
2035-07-19,11,0,reserve,system,3226.555926,0.0,0.0,3226.555926,0.0,0.0
2035-07-19,12,0,reserve,system,3261.031319,0.0,0.0,3261.031319,0.0,0.0
2035-07-19,13,0,reserve,system,3240.043085,0.0,0.0,3240.043085,0.0,0.0
2035-07-19,14,0,reserve,system,3243.49149,0.0,0.0,3243.49149,0.0,0.0
2035-07-19,15,0,reserve,system,3278.844642,0.0,0.0,3278.844642,0.0,0.0
2035-07-19,16,0,reserve,system,3315.861215,0.0,0.0,3315.861215,0.0,0.0
2035-07-19,17,0,reserve,system,3275.804217,0.0,0.0,3275.804217,0.0,0.0
2035-07-19,18,0,reserve,system,3302.800455,0.0,0.0,3302.800455,0.0,0.0
2035-07-19,19,0,reserve,system,3297.596411,0.0,0.0,3297.596411,0.0,0.0
2035-07-19,20,0,reserve,system,3248.167909,0.0,0.0,3248.167909,0.0,0.0
2035-07-19,21,0,reserve,system,3269.793718,0.0,0.0,3269.793718,0.0,0.0
2035-07-19,22,0,reserve,system,3235.099643,0.0,0.0,3235.099643,0.0,0.0
2035-07-19,23,0,reserve,system,3165.026698,0.0,0.0,3165.026698,0.0,0.0
2035-07-20,0,0,reserve,system,3052.676473,0.0,0.0,3052.676473,0.0,0.0
2035-07-20,1,0,reserve,system,2972.740711,0.0,0.0,2972.740711,0.0,0.0
2035-07-20,2,0,reserve,system,2935.55172,0.0,0.0,2935.55172,0.0,0.0
2035-07-20,3,0,reserve,system,2905.198883,0.0,0.0,2905.198883,0.0,0.0
2035-07-20,4,0,reserve,system,2910.566486,0.0,0.0,2910.566486,0.0,0.0
2035-07-20,5,0,reserve,system,2927.756686,0.0,0.0,2927.756686,0.0,0.0
2035-07-20,6,0,reserve,system,2939.046024,0.0,0.0,2939.046024,0.0,0.0
2035-07-20,7,0,reserve,system,2948.860477,0.0,0.0,2948.860477,0.0,0.0
2035-07-20,8,0,reserve,system,3010.687695,0.0,0.0,3010.687695,0.0,0.0
2035-07-20,9,0,reserve,system,3079.477525,0.0,0.0,3079.477525,0.0,0.0
2035-07-20,10,0,reserve,system,3129.136286,0.0,0.0,3129.136286,0.0,0.0
2035-07-20,11,0,reserve,system,3160.412539,0.0,0.0,3160.412539,0.0,0.0
2035-07-20,12,0,reserve,system,3192.968376,0.0,0.0,3192.968376,0.0,0.0
2035-07-20,13,0,reserve,system,3151.756367,0.0,0.0,3151.756367,0.0,0.0
2035-07-20,14,0,reserve,system,3140.318096,0.0,0.0,3140.318096,0.0,0.0
2035-07-20,15,0,reserve,system,3164.618907,0.0,0.0,3164.618907,0.0,0.0
2035-07-20,16,0,reserve,system,3198.188384,0.0,0.0,3198.188384,0.0,0.0
2035-07-20,17,0,reserve,system,3151.792823,0.0,0.0,3151.792823,0.0,0.0
2035-07-20,18,0,reserve,system,3172.266787,0.0,0.0,3172.266787,0.0,0.0
2035-07-20,19,0,reserve,system,3174.272098,0.0,0.0,3174.272098,0.0,0.0
2035-07-20,20,0,reserve,system,3123.492915,0.0,0.0,3123.492915,0.0,0.0
2035-07-20,21,0,reserve,system,3137.513666,0.0,0.0,3137.513666,0.0,0.0
2035-07-20,22,0,reserve,system,3104.808757,0.0,0.0,3104.808757,0.0,0.0
2035-07-20,23,0,reserve,system,3063.604371,0.0,0.0,3063.604371,0.0,0.0
2035-07-21,0,0,reserve,system,2969.143087,0.0,0.0,2969.143087,0.0,0.0
2035-07-21,1,0,reserve,system,2887.919089,0.0,0.0,2887.919089,0.0,0.0
2035-07-21,2,0,reserve,system,2833.715343,0.0,0.0,2833.715343,0.0,0.0
2035-07-21,3,0,reserve,system,2775.583325,0.0,0.0,2775.583325,0.0,0.0
2035-07-21,4,0,reserve,system,2736.345784,0.0,0.0,2736.345784,0.0,0.0
2035-07-21,5,0,reserve,system,2685.966051,0.0,0.0,2685.966051,0.0,0.0
2035-07-21,6,0,reserve,system,2615.190647,0.0,0.0,2615.190647,0.0,0.0
2035-07-21,7,0,reserve,system,2600.808971,0.0,0.0,2600.808971,0.0,0.0
2035-07-21,8,0,reserve,system,2695.786257,0.0,0.0,2695.786257,0.0,0.0
2035-07-21,9,0,reserve,system,2797.94112,0.0,0.0,2797.94112,0.0,0.0
2035-07-21,10,0,reserve,system,2868.383655,0.0,0.0,2868.383655,0.0,0.0
2035-07-21,11,0,reserve,system,2883.548064,0.0,0.0,2883.548064,0.0,0.0
2035-07-21,12,0,reserve,system,2941.068232,0.0,0.0,2941.068232,0.0,0.0
2035-07-21,13,0,reserve,system,2943.434226,0.0,0.0,2943.434226,0.0,0.0
2035-07-21,14,0,reserve,system,2946.714895,0.0,0.0,2946.714895,0.0,0.0
2035-07-21,15,0,reserve,system,2994.964005,0.0,0.0,2994.964005,0.0,0.0
2035-07-21,16,0,reserve,system,3039.68596,0.0,0.0,3039.68596,0.0,0.0
2035-07-21,17,0,reserve,system,3020.066477,0.0,0.0,3020.066477,0.0,0.0
2035-07-21,18,0,reserve,system,3044.229935,0.0,0.0,3044.229935,0.0,0.0
2035-07-21,19,0,reserve,system,3044.008993,0.0,0.0,3044.008993,0.0,0.0
2035-07-21,20,0,reserve,system,3026.004116,0.0,0.0,3026.004116,0.0,0.0
2035-07-21,21,0,reserve,system,3064.379533,0.0,0.0,3064.379533,0.0,0.0
2035-07-21,22,0,reserve,system,3039.37304,0.0,0.0,3039.37304,0.0,0.0
2035-07-21,23,0,reserve,system,2975.552842,0.0,0.0,2975.552842,0.0,0.0
2035-07-22,0,0,reserve,system,2875.877973,0.0,0.0,2875.877973,0.0,0.0
2035-07-22,1,0,reserve,system,2800.847518,0.0,0.0,2800.847518,0.0,0.0
2035-07-22,2,0,reserve,system,2754.75315,0.0,0.0,2754.75315,0.0,0.0
2035-07-22,3,0,reserve,system,2724.102318,0.0,0.0,2724.102318,0.0,0.0
2035-07-22,4,0,reserve,system,2722.06936,0.0,0.0,2722.06936,0.0,0.0
2035-07-22,5,0,reserve,system,2763.840734,0.0,0.0,2763.840734,0.0,0.0
2035-07-22,6,0,reserve,system,2822.972722,0.0,0.0,2822.972722,0.0,0.0
2035-07-22,7,0,reserve,system,2862.899114,0.0,0.0,2862.899114,0.0,0.0
2035-07-22,8,0,reserve,system,2908.15473,0.0,0.0,2908.15473,0.0,0.0
2035-07-22,9,0,reserve,system,2956.927083,0.0,0.0,2956.927083,0.0,0.0
2035-07-22,10,0,reserve,system,2982.03228,0.0,0.0,2982.03228,0.0,0.0
2035-07-22,11,0,reserve,system,3009.436409,0.0,0.0,3009.436409,0.0,0.0
2035-07-22,12,0,reserve,system,3040.933126,0.0,0.0,3040.933126,0.0,0.0
2035-07-22,13,0,reserve,system,3010.317165,0.0,0.0,3010.317165,0.0,0.0
2035-07-22,14,0,reserve,system,2998.322142,0.0,0.0,2998.322142,0.0,0.0
2035-07-22,15,0,reserve,system,3021.767249,0.0,0.0,3021.767249,0.0,0.0
2035-07-22,16,0,reserve,system,3038.086261,0.0,0.0,3038.086261,0.0,0.0
2035-07-22,17,0,reserve,system,2993.726959,0.0,0.0,2993.726959,0.0,0.0
2035-07-22,18,0,reserve,system,3006.608769,0.0,0.0,3006.608769,0.0,0.0
2035-07-22,19,0,reserve,system,2987.110543,0.0,0.0,2987.110543,0.0,0.0
2035-07-22,20,0,reserve,system,2958.109048,0.0,0.0,2958.109048,0.0,0.0
2035-07-22,21,0,reserve,system,2972.784772,0.0,0.0,2972.784772,0.0,0.0
2035-07-22,22,0,reserve,system,2916.738392,0.0,0.0,2916.738392,0.0,0.0
2035-07-22,23,0,reserve,system,2835.500357,0.0,0.0,2835.500357,0.0,0.0
2035-07-23,0,0,reserve,system,2739.035746,0.0,0.0,2739.035746,0.0,0.0
2035-07-23,1,0,reserve,system,2665.031578,0.0,0.0,2665.031578,0.0,0.0
2035-07-23,2,0,reserve,system,2612.447465,0.0,0.0,2612.447465,0.0,0.0
2035-07-23,3,0,reserve,system,2578.859784,0.0,0.0,2578.859784,0.0,0.0
2035-07-23,4,0,reserve,system,2576.948411,0.0,0.0,2576.948411,0.0,0.0
2035-07-23,5,0,reserve,system,2621.572778,0.0,0.0,2621.572778,0.0,0.0
2035-07-23,6,0,reserve,system,2679.329269,0.0,0.0,2679.329269,0.0,0.0
2035-07-23,7,0,reserve,system,2715.772077,0.0,0.0,2715.772077,0.0,0.0
2035-07-23,8,0,reserve,system,2761.197672,0.0,0.0,2761.197672,0.0,0.0
2035-07-23,9,0,reserve,system,2792.538325,0.0,0.0,2792.538325,0.0,0.0
2035-07-23,10,0,reserve,system,2813.167549,0.0,0.0,2813.167549,0.0,0.0
2035-07-23,11,0,reserve,system,2862.813197,0.0,0.0,2862.813197,0.0,0.0
2035-07-23,12,0,reserve,system,2877.78254,0.0,0.0,2877.78254,0.0,0.0
2035-07-23,13,0,reserve,system,2833.534222,0.0,0.0,2833.534222,0.0,0.0
2035-07-23,14,0,reserve,system,2826.560186,0.0,0.0,2826.560186,0.0,0.0
2035-07-23,15,0,reserve,system,2862.296555,0.0,0.0,2862.296555,0.0,0.0
2035-07-23,16,0,reserve,system,2921.019227,0.0,0.0,2921.019227,0.0,0.0
2035-07-23,17,0,reserve,system,2917.87464,0.0,0.0,2917.87464,0.0,0.0
2035-07-23,18,0,reserve,system,2954.767544,0.0,0.0,2954.767544,0.0,0.0
2035-07-23,19,0,reserve,system,2940.479396,0.0,0.0,2940.479396,0.0,0.0
2035-07-23,20,0,reserve,system,2888.858165,0.0,0.0,2888.858165,0.0,0.0
2035-07-23,21,0,reserve,system,2896.114992,0.0,0.0,2896.114992,0.0,0.0
2035-07-23,22,0,reserve,system,2827.300489,0.0,0.0,2827.300489,0.0,0.0
2035-07-23,23,0,reserve,system,2729.198816,0.0,0.0,2729.198816,0.0,0.0
2035-07-24,0,0,reserve,system,2594.348143,0.0,0.0,2594.348143,0.0,0.0
2035-07-24,1,0,reserve,system,2510.552375,0.0,0.0,2510.552375,0.0,0.0
2035-07-24,2,0,reserve,system,2464.56323,0.0,0.0,2464.56323,0.0,0.0
2035-07-24,3,0,reserve,system,2430.548752,0.0,0.0,2430.548752,0.0,0.0
2035-07-24,4,0,reserve,system,2447.306441,0.0,0.0,2447.306441,0.0,0.0
2035-07-24,5,0,reserve,system,2501.489331,0.0,0.0,2501.489331,0.0,0.0
2035-07-24,6,0,reserve,system,2551.271332,0.0,0.0,2551.271332,0.0,0.0
2035-07-24,7,0,reserve,system,2570.659616,0.0,0.0,2570.659616,0.0,0.0
2035-07-24,8,0,reserve,system,2647.069046,0.0,0.0,2647.069046,0.0,0.0
2035-07-24,9,0,reserve,system,2720.11507,0.0,0.0,2720.11507,0.0,0.0
2035-07-24,10,0,reserve,system,2786.596197,0.0,0.0,2786.596197,0.0,0.0
2035-07-24,11,0,reserve,system,2840.971464,0.0,0.0,2840.971464,0.0,0.0
2035-07-24,12,0,reserve,system,2894.442957,0.0,0.0,2894.442957,0.0,0.0
2035-07-24,13,0,reserve,system,2873.622669,0.0,0.0,2873.622669,0.0,0.0
2035-07-24,14,0,reserve,system,2879.2049,0.0,0.0,2879.2049,0.0,0.0
2035-07-24,15,0,reserve,system,2940.802178,0.0,0.0,2940.802178,0.0,0.0
2035-07-24,16,0,reserve,system,3021.278248,0.0,0.0,3021.278248,0.0,0.0
2035-07-24,17,0,reserve,system,3010.061799,0.0,0.0,3010.061799,0.0,0.0
2035-07-24,18,0,reserve,system,3039.205016,0.0,0.0,3039.205016,0.0,0.0
2035-07-24,19,0,reserve,system,3014.328904,0.0,0.0,3014.328904,0.0,0.0
2035-07-24,20,0,reserve,system,2917.8372,0.0,0.0,2917.8372,0.0,0.0
2035-07-24,21,0,reserve,system,2879.848076,0.0,0.0,2879.848076,0.0,0.0
2035-07-24,22,0,reserve,system,2786.143191,0.0,0.0,2786.143191,0.0,0.0
2035-07-24,23,0,reserve,system,2662.5091,0.0,0.0,2662.5091,0.0,0.0
2035-07-25,0,0,reserve,system,2514.035644,0.0,0.0,2514.035644,0.0,0.0
2035-07-25,1,0,reserve,system,2407.235864,0.0,0.0,2407.235864,0.0,0.0
2035-07-25,2,0,reserve,system,2349.202861,0.0,0.0,2349.202861,0.0,0.0
2035-07-25,3,0,reserve,system,2307.882529,0.0,0.0,2307.882529,0.0,0.0
2035-07-25,4,0,reserve,system,2315.954604,0.0,0.0,2315.954604,0.0,0.0
2035-07-25,5,0,reserve,system,2375.508423,0.0,0.0,2375.508423,0.0,0.0
2035-07-25,6,0,reserve,system,2429.654437,0.0,0.0,2429.654437,0.0,0.0
2035-07-25,7,0,reserve,system,2462.819573,0.0,0.0,2462.819573,0.0,0.0
2035-07-25,8,0,reserve,system,2535.045205,0.0,0.0,2535.045205,0.0,0.0
2035-07-25,9,0,reserve,system,2600.314536,0.0,0.0,2600.314536,0.0,0.0
2035-07-25,10,0,reserve,system,2636.130858,0.0,0.0,2636.130858,0.0,0.0
2035-07-25,11,0,reserve,system,2667.228925,0.0,0.0,2667.228925,0.0,0.0
2035-07-25,12,0,reserve,system,2713.569714,0.0,0.0,2713.569714,0.0,0.0
2035-07-25,13,0,reserve,system,2724.932757,0.0,0.0,2724.932757,0.0,0.0
2035-07-25,14,0,reserve,system,2752.168584,0.0,0.0,2752.168584,0.0,0.0
2035-07-25,15,0,reserve,system,2815.278861,0.0,0.0,2815.278861,0.0,0.0
2035-07-25,16,0,reserve,system,2876.478417,0.0,0.0,2876.478417,0.0,0.0
2035-07-25,17,0,reserve,system,2864.090815,0.0,0.0,2864.090815,0.0,0.0
2035-07-25,18,0,reserve,system,2885.176695,0.0,0.0,2885.176695,0.0,0.0
2035-07-25,19,0,reserve,system,2873.272843,0.0,0.0,2873.272843,0.0,0.0
2035-07-25,20,0,reserve,system,2831.169106,0.0,0.0,2831.169106,0.0,0.0
2035-07-25,21,0,reserve,system,2831.159805,0.0,0.0,2831.159805,0.0,0.0
2035-07-25,22,0,reserve,system,2759.115969,0.0,0.0,2759.115969,0.0,0.0
2035-07-25,23,0,reserve,system,2653.443653,0.0,0.0,2653.443653,0.0,0.0
2035-07-26,0,0,reserve,system,2521.218861,0.0,0.0,2521.218861,0.0,0.0
2035-07-26,1,0,reserve,system,2426.600377,0.0,0.0,2426.600377,0.0,0.0
2035-07-26,2,0,reserve,system,2387.137983,0.0,0.0,2387.137983,0.0,0.0
2035-07-26,3,0,reserve,system,2359.165529,0.0,0.0,2359.165529,0.0,0.0
2035-07-26,4,0,reserve,system,2380.054152,0.0,0.0,2380.054152,0.0,0.0
2035-07-26,5,0,reserve,system,2453.060833,0.0,0.0,2453.060833,0.0,0.0
2035-07-26,6,0,reserve,system,2538.287334,0.0,0.0,2538.287334,0.0,0.0
2035-07-26,7,0,reserve,system,2587.235524,0.0,0.0,2587.235524,0.0,0.0
2035-07-26,8,0,reserve,system,2656.837408,0.0,0.0,2656.837408,0.0,0.0
2035-07-26,9,0,reserve,system,2718.962411,0.0,0.0,2718.962411,0.0,0.0
2035-07-26,10,0,reserve,system,2773.091254,0.0,0.0,2773.091254,0.0,0.0
2035-07-26,11,0,reserve,system,2830.824322,0.0,0.0,2830.824322,0.0,0.0
2035-07-26,12,0,reserve,system,2856.024979,0.0,0.0,2856.024979,0.0,0.0
2035-07-26,13,0,reserve,system,2844.85498,0.0,0.0,2844.85498,0.0,0.0
2035-07-26,14,0,reserve,system,2858.241825,0.0,0.0,2858.241825,0.0,0.0
2035-07-26,15,0,reserve,system,2903.440301,0.0,0.0,2903.440301,0.0,0.0
2035-07-26,16,0,reserve,system,2949.323926,0.0,0.0,2949.323926,0.0,0.0
2035-07-26,17,0,reserve,system,2908.549915,0.0,0.0,2908.549915,0.0,0.0
2035-07-26,18,0,reserve,system,2906.240298,0.0,0.0,2906.240298,0.0,0.0
2035-07-26,19,0,reserve,system,2896.108332,0.0,0.0,2896.108332,0.0,0.0
2035-07-26,20,0,reserve,system,2858.40256,0.0,0.0,2858.40256,0.0,0.0
2035-07-26,21,0,reserve,system,2859.520544,0.0,0.0,2859.520544,0.0,0.0
2035-07-26,22,0,reserve,system,2820.0364,0.0,0.0,2820.0364,0.0,0.0
2035-07-26,23,0,reserve,system,2747.30132,0.0,0.0,2747.30132,0.0,0.0
2035-07-27,0,0,reserve,system,2636.472139,0.0,0.0,2636.472139,0.0,0.0
2035-07-27,1,0,reserve,system,2552.253437,0.0,0.0,2552.253437,0.0,0.0
2035-07-27,2,0,reserve,system,2511.261701,0.0,0.0,2511.261701,0.0,0.0
2035-07-27,3,0,reserve,system,2472.456574,0.0,0.0,2472.456574,0.0,0.0
2035-07-27,4,0,reserve,system,2476.306221,0.0,0.0,2476.306221,0.0,0.0
2035-07-27,5,0,reserve,system,2519.783118,0.0,0.0,2519.783118,0.0,0.0
2035-07-27,6,0,reserve,system,2554.188173,0.0,0.0,2554.188173,0.0,0.0
2035-07-27,7,0,reserve,system,2592.048807,0.0,0.0,2592.048807,0.0,0.0
2035-07-27,8,0,reserve,system,2694.241867,0.0,0.0,2694.241867,0.0,0.0
2035-07-27,9,0,reserve,system,2815.057076,0.0,0.0,2815.057076,0.0,0.0
2035-07-27,10,0,reserve,system,2914.947322,0.0,0.0,2914.947322,0.0,0.0
2035-07-27,11,0,reserve,system,2984.676345,0.0,0.0,2984.676345,0.0,0.0
2035-07-27,12,0,reserve,system,3027.033276,0.0,0.0,3027.033276,0.0,0.0
2035-07-27,13,0,reserve,system,2992.06299,0.0,0.0,2992.06299,0.0,0.0
2035-07-27,14,0,reserve,system,2973.53177,0.0,0.0,2973.53177,0.0,0.0
2035-07-27,15,0,reserve,system,3009.488207,0.0,0.0,3009.488207,0.0,0.0
2035-07-27,16,0,reserve,system,3044.475496,0.0,0.0,3044.475496,0.0,0.0
2035-07-27,17,0,reserve,system,3016.346174,0.0,0.0,3016.346174,0.0,0.0
2035-07-27,18,0,reserve,system,3042.650391,0.0,0.0,3042.650391,0.0,0.0
2035-07-27,19,0,reserve,system,3035.024771,0.0,0.0,3035.024771,0.0,0.0
2035-07-27,20,0,reserve,system,2980.99411,0.0,0.0,2980.99411,0.0,0.0
2035-07-27,21,0,reserve,system,2987.118495,0.0,0.0,2987.118495,0.0,0.0
2035-07-27,22,0,reserve,system,2964.410521,0.0,0.0,2964.410521,0.0,0.0
2035-07-27,23,0,reserve,system,2925.632344,0.0,0.0,2925.632344,0.0,0.0
2035-07-28,0,0,reserve,system,2837.09696,0.0,0.0,2837.09696,0.0,0.0
2035-07-28,1,0,reserve,system,2752.06523,0.0,0.0,2752.06523,0.0,0.0
2035-07-28,2,0,reserve,system,2702.858816,0.0,0.0,2702.858816,0.0,0.0
2035-07-28,3,0,reserve,system,2656.925186,0.0,0.0,2656.925186,0.0,0.0
2035-07-28,4,0,reserve,system,2634.722629,0.0,0.0,2634.722629,0.0,0.0
2035-07-28,5,0,reserve,system,2616.239818,0.0,0.0,2616.239818,0.0,0.0
2035-07-28,6,0,reserve,system,2577.054257,0.0,0.0,2577.054257,0.0,0.0
2035-07-28,7,0,reserve,system,2568.148068,0.0,0.0,2568.148068,0.0,0.0
2035-07-28,8,0,reserve,system,2675.954517,0.0,0.0,2675.954517,0.0,0.0
2035-07-28,9,0,reserve,system,2806.88661,0.0,0.0,2806.88661,0.0,0.0
2035-07-28,10,0,reserve,system,2877.835429,0.0,0.0,2877.835429,0.0,0.0
2035-07-28,11,0,reserve,system,2881.805823,0.0,0.0,2881.805823,0.0,0.0
2035-07-28,12,0,reserve,system,2894.754718,0.0,0.0,2894.754718,0.0,0.0
2035-07-28,13,0,reserve,system,2850.392046,0.0,0.0,2850.392046,0.0,0.0
2035-07-28,14,0,reserve,system,2820.575337,0.0,0.0,2820.575337,0.0,0.0
2035-07-28,15,0,reserve,system,2873.760062,0.0,0.0,2873.760062,0.0,0.0
2035-07-28,16,0,reserve,system,2938.413041,0.0,0.0,2938.413041,0.0,0.0
2035-07-28,17,0,reserve,system,2937.006244,0.0,0.0,2937.006244,0.0,0.0
2035-07-28,18,0,reserve,system,2975.487323,0.0,0.0,2975.487323,0.0,0.0
2035-07-28,19,0,reserve,system,2983.222847,0.0,0.0,2983.222847,0.0,0.0
2035-07-28,20,0,reserve,system,2960.807438,0.0,0.0,2960.807438,0.0,0.0
2035-07-28,21,0,reserve,system,3008.590355,0.0,0.0,3008.590355,0.0,0.0
2035-07-28,22,0,reserve,system,2986.476864,0.0,0.0,2986.476864,0.0,0.0
2035-07-28,23,0,reserve,system,2928.030931,0.0,0.0,2928.030931,0.0,0.0
2035-07-29,0,0,reserve,system,2831.149022,0.0,0.0,2831.149022,0.0,0.0
2035-07-29,1,0,reserve,system,2757.216082,0.0,0.0,2757.216082,0.0,0.0
2035-07-29,2,0,reserve,system,2702.88277,0.0,0.0,2702.88277,0.0,0.0
2035-07-29,3,0,reserve,system,2672.930501,0.0,0.0,2672.930501,0.0,0.0
2035-07-29,4,0,reserve,system,2676.544512,0.0,0.0,2676.544512,0.0,0.0
2035-07-29,5,0,reserve,system,2727.939001,0.0,0.0,2727.939001,0.0,0.0
2035-07-29,6,0,reserve,system,2785.452291,0.0,0.0,2785.452291,0.0,0.0
2035-07-29,7,0,reserve,system,2820.581801,0.0,0.0,2820.581801,0.0,0.0
2035-07-29,8,0,reserve,system,2899.782985,0.0,0.0,2899.782985,0.0,0.0
2035-07-29,9,0,reserve,system,2982.173839,0.0,0.0,2982.173839,0.0,0.0
2035-07-29,10,0,reserve,system,3033.286161,0.0,0.0,3033.286161,0.0,0.0
2035-07-29,11,0,reserve,system,3054.41024,0.0,0.0,3054.41024,0.0,0.0
2035-07-29,12,0,reserve,system,3091.669819,0.0,0.0,3091.669819,0.0,0.0
2035-07-29,13,0,reserve,system,3065.647978,0.0,0.0,3065.647978,0.0,0.0
2035-07-29,14,0,reserve,system,3033.993487,0.0,0.0,3033.993487,0.0,0.0
2035-07-29,15,0,reserve,system,3047.225679,0.0,0.0,3047.225679,0.0,0.0
2035-07-29,16,0,reserve,system,3072.767079,0.0,0.0,3072.767079,0.0,0.0
2035-07-29,17,0,reserve,system,3026.47138,0.0,0.0,3026.47138,0.0,0.0
2035-07-29,18,0,reserve,system,3048.204114,0.0,0.0,3048.204114,0.0,0.0
2035-07-29,19,0,reserve,system,3056.038033,0.0,0.0,3056.038033,0.0,0.0
2035-07-29,20,0,reserve,system,3052.092421,0.0,0.0,3052.092421,0.0,0.0
2035-07-29,21,0,reserve,system,3078.267455,0.0,0.0,3078.267455,0.0,0.0
2035-07-29,22,0,reserve,system,3031.951273,0.0,0.0,3031.951273,0.0,0.0
2035-07-29,23,0,reserve,system,2958.181066,0.0,0.0,2958.181066,0.0,0.0
2035-07-30,0,0,reserve,system,2856.083152,0.0,0.0,2856.083152,0.0,0.0
2035-07-30,1,0,reserve,system,2766.288588,0.0,0.0,2766.288588,0.0,0.0
2035-07-30,2,0,reserve,system,2707.189286,0.0,0.0,2707.189286,0.0,0.0
2035-07-30,3,0,reserve,system,2664.184534,0.0,0.0,2664.184534,0.0,0.0
2035-07-30,4,0,reserve,system,2659.498607,0.0,0.0,2659.498607,0.0,0.0
2035-07-30,5,0,reserve,system,2700.9992,0.0,0.0,2700.9992,0.0,0.0
2035-07-30,6,0,reserve,system,2761.274524,0.0,0.0,2761.274524,0.0,0.0
2035-07-30,7,0,reserve,system,2799.517914,0.0,0.0,2799.517914,0.0,0.0
2035-07-30,8,0,reserve,system,2891.96299,0.0,0.0,2891.96299,0.0,0.0
2035-07-30,9,0,reserve,system,3030.121514,0.0,0.0,3030.121514,0.0,0.0
2035-07-30,10,0,reserve,system,3167.506871,0.0,0.0,3167.506871,0.0,0.0
2035-07-30,11,0,reserve,system,3318.248669,0.0,0.0,3318.248669,0.0,0.0
2035-07-30,12,0,reserve,system,3392.037847,0.0,0.0,3392.037847,0.0,0.0
2035-07-30,13,0,reserve,system,3374.37609,0.0,0.0,3374.37609,0.0,0.0
2035-07-30,14,0,reserve,system,3341.899367,0.0,0.0,3341.899367,0.0,0.0
2035-07-30,15,0,reserve,system,3310.191396,0.0,0.0,3310.191396,0.0,0.0
2035-07-30,16,0,reserve,system,3304.635891,0.0,0.0,3304.635891,0.0,0.0
2035-07-30,17,0,reserve,system,3231.489209,0.0,0.0,3231.489209,0.0,0.0
2035-07-30,18,0,reserve,system,3244.257153,0.0,0.0,3244.257153,0.0,0.0
2035-07-30,19,0,reserve,system,3240.216638,0.0,0.0,3240.216638,0.0,0.0
2035-07-30,20,0,reserve,system,3205.207027,0.0,0.0,3205.207027,0.0,0.0
2035-07-30,21,0,reserve,system,3206.728433,0.0,0.0,3206.728433,0.0,0.0
2035-07-30,22,0,reserve,system,3140.686233,0.0,0.0,3140.686233,0.0,0.0
2035-07-30,23,0,reserve,system,3041.43674,0.0,0.0,3041.43674,0.0,0.0
2035-07-31,0,0,reserve,system,2895.830162,0.0,0.0,2895.830162,0.0,0.0
2035-07-31,1,0,reserve,system,2793.070484,0.0,0.0,2793.070484,0.0,0.0
2035-07-31,2,0,reserve,system,2742.01605,0.0,0.0,2742.01605,0.0,0.0
2035-07-31,3,0,reserve,system,2689.892226,0.0,0.0,2689.892226,0.0,0.0
2035-07-31,4,0,reserve,system,2682.539803,0.0,0.0,2682.539803,0.0,0.0
2035-07-31,5,0,reserve,system,2723.06986,0.0,0.0,2723.06986,0.0,0.0
2035-07-31,6,0,reserve,system,2758.455209,0.0,0.0,2758.455209,0.0,0.0
2035-07-31,7,0,reserve,system,2781.797545,0.0,0.0,2781.797545,0.0,0.0
2035-07-31,8,0,reserve,system,2855.132135,0.0,0.0,2855.132135,0.0,0.0
2035-07-31,9,0,reserve,system,2947.552185,0.0,0.0,2947.552185,0.0,0.0
2035-07-31,10,0,reserve,system,3048.789817,0.0,0.0,3048.789817,0.0,0.0
2035-07-31,11,0,reserve,system,3143.336788,0.0,0.0,3143.336788,0.0,0.0
2035-07-31,12,0,reserve,system,3227.609734,0.0,0.0,3227.609734,0.0,0.0
2035-07-31,13,0,reserve,system,3249.863246,0.0,0.0,3249.863246,0.0,0.0
2035-07-31,14,0,reserve,system,3261.215192,0.0,0.0,3261.215192,0.0,0.0
2035-07-31,15,0,reserve,system,3272.170492,0.0,0.0,3272.170492,0.0,0.0
2035-07-31,16,0,reserve,system,3291.694471,0.0,0.0,3291.694471,0.0,0.0
2035-07-31,17,0,reserve,system,3242.577487,0.0,0.0,3242.577487,0.0,0.0
2035-07-31,18,0,reserve,system,3266.890418,0.0,0.0,3266.890418,0.0,0.0
2035-07-31,19,0,reserve,system,3243.569824,0.0,0.0,3243.569824,0.0,0.0
2035-07-31,20,0,reserve,system,3196.144782,0.0,0.0,3196.144782,0.0,0.0
2035-07-31,21,0,reserve,system,3195.193809,0.0,0.0,3195.193809,0.0,0.0
2035-07-31,22,0,reserve,system,3128.001659,0.0,0.0,3128.001659,0.0,0.0
2035-07-31,23,0,reserve,system,3036.007314,0.0,0.0,3036.007314,0.0,0.0
2035-08-01,0,0,reserve,system,2844.396438,0.0,0.0,2844.396438,0.0,0.0
2035-08-01,1,0,reserve,system,2762.573525,0.0,0.0,2762.573525,0.0,0.0
2035-08-01,2,0,reserve,system,2715.915286,0.0,0.0,2715.915286,0.0,0.0
2035-08-01,3,0,reserve,system,2677.860875,0.0,0.0,2677.860875,0.0,0.0
2035-08-01,4,0,reserve,system,2678.265231,0.0,0.0,2678.265231,0.0,0.0
2035-08-01,5,0,reserve,system,2725.589284,0.0,0.0,2725.589284,0.0,0.0
2035-08-01,6,0,reserve,system,2765.333069,0.0,0.0,2765.333069,0.0,0.0
2035-08-01,7,0,reserve,system,2768.846634,0.0,0.0,2768.846634,0.0,0.0
2035-08-01,8,0,reserve,system,2824.052211,0.0,0.0,2824.052211,0.0,0.0
2035-08-01,9,0,reserve,system,2902.24515,0.0,0.0,2902.24515,0.0,0.0
2035-08-01,10,0,reserve,system,2964.445283,0.0,0.0,2964.445283,0.0,0.0
2035-08-01,11,0,reserve,system,3031.200749,0.0,0.0,3031.200749,0.0,0.0
2035-08-01,12,0,reserve,system,3095.237289,0.0,0.0,3095.237289,0.0,0.0
2035-08-01,13,0,reserve,system,3101.740447,0.0,0.0,3101.740447,0.0,0.0
2035-08-01,14,0,reserve,system,3112.824396,0.0,0.0,3112.824396,0.0,0.0
2035-08-01,15,0,reserve,system,3141.205,0.0,0.0,3141.205,0.0,0.0
2035-08-01,16,0,reserve,system,3173.092901,0.0,0.0,3173.092901,0.0,0.0
2035-08-01,17,0,reserve,system,3132.497632,0.0,0.0,3132.497632,0.0,0.0
2035-08-01,18,0,reserve,system,3157.284744,0.0,0.0,3157.284744,0.0,0.0
2035-08-01,19,0,reserve,system,3163.295803,0.0,0.0,3163.295803,0.0,0.0
2035-08-01,20,0,reserve,system,3129.476509,0.0,0.0,3129.476509,0.0,0.0
2035-08-01,21,0,reserve,system,3129.888365,0.0,0.0,3129.888365,0.0,0.0
2035-08-01,22,0,reserve,system,3055.339849,0.0,0.0,3055.339849,0.0,0.0
2035-08-01,23,0,reserve,system,2958.538337,0.0,0.0,2958.538337,0.0,0.0
2035-08-02,0,0,reserve,system,2844.076602,0.0,0.0,2844.076602,0.0,0.0
2035-08-02,1,0,reserve,system,2757.420755,0.0,0.0,2757.420755,0.0,0.0
2035-08-02,2,0,reserve,system,2732.532481,0.0,0.0,2732.532481,0.0,0.0
2035-08-02,3,0,reserve,system,2698.555568,0.0,0.0,2698.555568,0.0,0.0
2035-08-02,4,0,reserve,system,2715.662669,0.0,0.0,2715.662669,0.0,0.0
2035-08-02,5,0,reserve,system,2793.822778,0.0,0.0,2793.822778,0.0,0.0
2035-08-02,6,0,reserve,system,2881.668593,0.0,0.0,2881.668593,0.0,0.0
2035-08-02,7,0,reserve,system,2914.038023,0.0,0.0,2914.038023,0.0,0.0
2035-08-02,8,0,reserve,system,2970.495892,0.0,0.0,2970.495892,0.0,0.0
2035-08-02,9,0,reserve,system,3007.122576,0.0,0.0,3007.122576,0.0,0.0
2035-08-02,10,0,reserve,system,3050.182913,0.0,0.0,3050.182913,0.0,0.0
2035-08-02,11,0,reserve,system,3107.846127,0.0,0.0,3107.846127,0.0,0.0
2035-08-02,12,0,reserve,system,3164.888535,0.0,0.0,3164.888535,0.0,0.0
2035-08-02,13,0,reserve,system,3154.861349,0.0,0.0,3154.861349,0.0,0.0
2035-08-02,14,0,reserve,system,3157.555366,0.0,0.0,3157.555366,0.0,0.0
2035-08-02,15,0,reserve,system,3186.116519,0.0,0.0,3186.116519,0.0,0.0
2035-08-02,16,0,reserve,system,3210.780802,0.0,0.0,3210.780802,0.0,0.0
2035-08-02,17,0,reserve,system,3164.761326,0.0,0.0,3164.761326,0.0,0.0
2035-08-02,18,0,reserve,system,3175.621194,0.0,0.0,3175.621194,0.0,0.0
2035-08-02,19,0,reserve,system,3150.432224,0.0,0.0,3150.432224,0.0,0.0
2035-08-02,20,0,reserve,system,3118.123407,0.0,0.0,3118.123407,0.0,0.0
2035-08-02,21,0,reserve,system,3124.98878,0.0,0.0,3124.98878,0.0,0.0
2035-08-02,22,0,reserve,system,3077.690882,0.0,0.0,3077.690882,0.0,0.0
2035-08-02,23,0,reserve,system,3009.647212,0.0,0.0,3009.647212,0.0,0.0
2035-08-03,0,0,reserve,system,2912.99258,0.0,0.0,2912.99258,0.0,0.0
2035-08-03,1,0,reserve,system,2856.765463,0.0,0.0,2856.765463,0.0,0.0
2035-08-03,2,0,reserve,system,2824.666034,0.0,0.0,2824.666034,0.0,0.0
2035-08-03,3,0,reserve,system,2786.185732,0.0,0.0,2786.185732,0.0,0.0
2035-08-03,4,0,reserve,system,2774.126015,0.0,0.0,2774.126015,0.0,0.0
2035-08-03,5,0,reserve,system,2807.784026,0.0,0.0,2807.784026,0.0,0.0
2035-08-03,6,0,reserve,system,2824.54269,0.0,0.0,2824.54269,0.0,0.0
2035-08-03,7,0,reserve,system,2823.478423,0.0,0.0,2823.478423,0.0,0.0
2035-08-03,8,0,reserve,system,2852.534911,0.0,0.0,2852.534911,0.0,0.0
2035-08-03,9,0,reserve,system,2822.684459,0.0,0.0,2822.684459,0.0,0.0
2035-08-03,10,0,reserve,system,2787.165408,0.0,0.0,2787.165408,0.0,0.0
2035-08-03,11,0,reserve,system,2785.657835,0.0,0.0,2785.657835,0.0,0.0
2035-08-03,12,0,reserve,system,2801.008986,0.0,0.0,2801.008986,0.0,0.0
2035-08-03,13,0,reserve,system,2764.942613,0.0,0.0,2764.942613,0.0,0.0
2035-08-03,14,0,reserve,system,2754.54806,0.0,0.0,2754.54806,0.0,0.0
2035-08-03,15,0,reserve,system,2788.870661,0.0,0.0,2788.870661,0.0,0.0
2035-08-03,16,0,reserve,system,2834.506145,0.0,0.0,2834.506145,0.0,0.0
2035-08-03,17,0,reserve,system,2813.288522,0.0,0.0,2813.288522,0.0,0.0
2035-08-03,18,0,reserve,system,2833.006315,0.0,0.0,2833.006315,0.0,0.0
2035-08-03,19,0,reserve,system,2838.6997,0.0,0.0,2838.6997,0.0,0.0
2035-08-03,20,0,reserve,system,2838.820569,0.0,0.0,2838.820569,0.0,0.0
2035-08-03,21,0,reserve,system,2859.844555,0.0,0.0,2859.844555,0.0,0.0
2035-08-03,22,0,reserve,system,2859.07499,0.0,0.0,2859.07499,0.0,0.0
2035-08-03,23,0,reserve,system,2830.897353,0.0,0.0,2830.897353,0.0,0.0
2035-08-04,0,0,reserve,system,2778.008648,0.0,0.0,2778.008648,0.0,0.0
2035-08-04,1,0,reserve,system,2742.098332,0.0,0.0,2742.098332,0.0,0.0
2035-08-04,2,0,reserve,system,2715.65207,0.0,0.0,2715.65207,0.0,0.0
2035-08-04,3,0,reserve,system,2678.636413,0.0,0.0,2678.636413,0.0,0.0
2035-08-04,4,0,reserve,system,2667.746936,0.0,0.0,2667.746936,0.0,0.0
2035-08-04,5,0,reserve,system,2645.854105,0.0,0.0,2645.854105,0.0,0.0
2035-08-04,6,0,reserve,system,2604.897376,0.0,0.0,2604.897376,0.0,0.0
2035-08-04,7,0,reserve,system,2567.739769,0.0,0.0,2567.739769,0.0,0.0
2035-08-04,8,0,reserve,system,2594.603437,0.0,0.0,2594.603437,0.0,0.0
2035-08-04,9,0,reserve,system,2617.742708,0.0,0.0,2617.742708,0.0,0.0
2035-08-04,10,0,reserve,system,2619.757725,0.0,0.0,2619.757725,0.0,0.0
2035-08-04,11,0,reserve,system,2611.611612,0.0,0.0,2611.611612,0.0,0.0
2035-08-04,12,0,reserve,system,2655.242091,0.0,0.0,2655.242091,0.0,0.0
2035-08-04,13,0,reserve,system,2665.843293,0.0,0.0,2665.843293,0.0,0.0
2035-08-04,14,0,reserve,system,2706.715264,0.0,0.0,2706.715264,0.0,0.0
2035-08-04,15,0,reserve,system,2774.473582,0.0,0.0,2774.473582,0.0,0.0
2035-08-04,16,0,reserve,system,2827.119902,0.0,0.0,2827.119902,0.0,0.0
2035-08-04,17,0,reserve,system,2862.557237,0.0,0.0,2862.557237,0.0,0.0
2035-08-04,18,0,reserve,system,2896.021207,0.0,0.0,2896.021207,0.0,0.0
2035-08-04,19,0,reserve,system,2890.408707,0.0,0.0,2890.408707,0.0,0.0
2035-08-04,20,0,reserve,system,2871.414911,0.0,0.0,2871.414911,0.0,0.0
2035-08-04,21,0,reserve,system,2897.395303,0.0,0.0,2897.395303,0.0,0.0
2035-08-04,22,0,reserve,system,2857.571589,0.0,0.0,2857.571589,0.0,0.0
2035-08-04,23,0,reserve,system,2799.158196,0.0,0.0,2799.158196,0.0,0.0
2035-08-05,0,0,reserve,system,2702.301008,0.0,0.0,2702.301008,0.0,0.0
2035-08-05,1,0,reserve,system,2642.126854,0.0,0.0,2642.126854,0.0,0.0
2035-08-05,2,0,reserve,system,2609.104022,0.0,0.0,2609.104022,0.0,0.0
2035-08-05,3,0,reserve,system,2595.376283,0.0,0.0,2595.376283,0.0,0.0
2035-08-05,4,0,reserve,system,2611.105803,0.0,0.0,2611.105803,0.0,0.0
2035-08-05,5,0,reserve,system,2663.929867,0.0,0.0,2663.929867,0.0,0.0
2035-08-05,6,0,reserve,system,2722.185846,0.0,0.0,2722.185846,0.0,0.0
2035-08-05,7,0,reserve,system,2760.170596,0.0,0.0,2760.170596,0.0,0.0
2035-08-05,8,0,reserve,system,2854.908898,0.0,0.0,2854.908898,0.0,0.0
2035-08-05,9,0,reserve,system,2948.280752,0.0,0.0,2948.280752,0.0,0.0
2035-08-05,10,0,reserve,system,3028.52058,0.0,0.0,3028.52058,0.0,0.0
2035-08-05,11,0,reserve,system,3101.650359,0.0,0.0,3101.650359,0.0,0.0
2035-08-05,12,0,reserve,system,3178.466923,0.0,0.0,3178.466923,0.0,0.0
2035-08-05,13,0,reserve,system,3185.719612,0.0,0.0,3185.719612,0.0,0.0
2035-08-05,14,0,reserve,system,3215.23795,0.0,0.0,3215.23795,0.0,0.0
2035-08-05,15,0,reserve,system,3271.894284,0.0,0.0,3271.894284,0.0,0.0
2035-08-05,16,0,reserve,system,3302.171795,0.0,0.0,3302.171795,0.0,0.0
2035-08-05,17,0,reserve,system,3279.237477,0.0,0.0,3279.237477,0.0,0.0
2035-08-05,18,0,reserve,system,3325.378698,0.0,0.0,3325.378698,0.0,0.0
2035-08-05,19,0,reserve,system,3315.252548,0.0,0.0,3315.252548,0.0,0.0
2035-08-05,20,0,reserve,system,3284.957446,0.0,0.0,3284.957446,0.0,0.0
2035-08-05,21,0,reserve,system,3292.133651,0.0,0.0,3292.133651,0.0,0.0
2035-08-05,22,0,reserve,system,3219.801915,0.0,0.0,3219.801915,0.0,0.0
2035-08-05,23,0,reserve,system,3135.959157,0.0,0.0,3135.959157,0.0,0.0
2035-08-06,0,0,reserve,system,3039.587744,0.0,0.0,3039.587744,0.0,0.0
2035-08-06,1,0,reserve,system,2945.676886,0.0,0.0,2945.676886,0.0,0.0
2035-08-06,2,0,reserve,system,2871.887905,0.0,0.0,2871.887905,0.0,0.0
2035-08-06,3,0,reserve,system,2812.587299,0.0,0.0,2812.587299,0.0,0.0
2035-08-06,4,0,reserve,system,2794.720738,0.0,0.0,2794.720738,0.0,0.0
2035-08-06,5,0,reserve,system,2821.761657,0.0,0.0,2821.761657,0.0,0.0
2035-08-06,6,0,reserve,system,2869.236403,0.0,0.0,2869.236403,0.0,0.0
2035-08-06,7,0,reserve,system,2884.473875,0.0,0.0,2884.473875,0.0,0.0
2035-08-06,8,0,reserve,system,2971.016514,0.0,0.0,2971.016514,0.0,0.0
2035-08-06,9,0,reserve,system,3061.306424,0.0,0.0,3061.306424,0.0,0.0
2035-08-06,10,0,reserve,system,3162.38942,0.0,0.0,3162.38942,0.0,0.0
2035-08-06,11,0,reserve,system,3308.364414,0.0,0.0,3308.364414,0.0,0.0
2035-08-06,12,0,reserve,system,3409.630349,0.0,0.0,3409.630349,0.0,0.0
2035-08-06,13,0,reserve,system,3391.777947,0.0,0.0,3391.777947,0.0,0.0
2035-08-06,14,0,reserve,system,3383.308451,0.0,0.0,3383.308451,0.0,0.0
2035-08-06,15,0,reserve,system,3388.784609,0.0,0.0,3388.784609,0.0,0.0
2035-08-06,16,0,reserve,system,3392.765194,0.0,0.0,3392.765194,0.0,0.0
2035-08-06,17,0,reserve,system,3353.703794,0.0,0.0,3353.703794,0.0,0.0
2035-08-06,18,0,reserve,system,3385.75657,0.0,0.0,3385.75657,0.0,0.0
2035-08-06,19,0,reserve,system,3374.447999,0.0,0.0,3374.447999,0.0,0.0
2035-08-06,20,0,reserve,system,3335.179669,0.0,0.0,3335.179669,0.0,0.0
2035-08-06,21,0,reserve,system,3327.751933,0.0,0.0,3327.751933,0.0,0.0
2035-08-06,22,0,reserve,system,3258.939528,0.0,0.0,3258.939528,0.0,0.0
2035-08-06,23,0,reserve,system,3174.323738,0.0,0.0,3174.323738,0.0,0.0
2035-08-07,0,0,reserve,system,3066.222423,0.0,0.0,3066.222423,0.0,0.0
2035-08-07,1,0,reserve,system,2986.386047,0.0,0.0,2986.386047,0.0,0.0
2035-08-07,2,0,reserve,system,2945.986611,0.0,0.0,2945.986611,0.0,0.0
2035-08-07,3,0,reserve,system,2908.472581,0.0,0.0,2908.472581,0.0,0.0
2035-08-07,4,0,reserve,system,2926.386382,0.0,0.0,2926.386382,0.0,0.0
2035-08-07,5,0,reserve,system,2968.452683,0.0,0.0,2968.452683,0.0,0.0
2035-08-07,6,0,reserve,system,3008.129301,0.0,0.0,3008.129301,0.0,0.0
2035-08-07,7,0,reserve,system,2998.950817,0.0,0.0,2998.950817,0.0,0.0
2035-08-07,8,0,reserve,system,3029.33845,0.0,0.0,3029.33845,0.0,0.0
2035-08-07,9,0,reserve,system,3099.750128,0.0,0.0,3099.750128,0.0,0.0
2035-08-07,10,0,reserve,system,3175.056986,0.0,0.0,3175.056986,0.0,0.0
2035-08-07,11,0,reserve,system,3257.274971,0.0,0.0,3257.274971,0.0,0.0
2035-08-07,12,0,reserve,system,3315.492427,0.0,0.0,3315.492427,0.0,0.0
2035-08-07,13,0,reserve,system,3324.90004,0.0,0.0,3324.90004,0.0,0.0
2035-08-07,14,0,reserve,system,3332.033555,0.0,0.0,3332.033555,0.0,0.0
2035-08-07,15,0,reserve,system,3351.527837,0.0,0.0,3351.527837,0.0,0.0
2035-08-07,16,0,reserve,system,3371.164498,0.0,0.0,3371.164498,0.0,0.0
2035-08-07,17,0,reserve,system,3348.563501,0.0,0.0,3348.563501,0.0,0.0
2035-08-07,18,0,reserve,system,3390.541685,0.0,0.0,3390.541685,0.0,0.0
2035-08-07,19,0,reserve,system,3375.532674,0.0,0.0,3375.532674,0.0,0.0
2035-08-07,20,0,reserve,system,3337.49663,0.0,0.0,3337.49663,0.0,0.0
2035-08-07,21,0,reserve,system,3329.987018,0.0,0.0,3329.987018,0.0,0.0
2035-08-07,22,0,reserve,system,3260.361422,0.0,0.0,3260.361422,0.0,0.0
2035-08-07,23,0,reserve,system,3177.591744,0.0,0.0,3177.591744,0.0,0.0
2035-08-08,0,0,reserve,system,3064.189891,0.0,0.0,3064.189891,0.0,0.0
2035-08-08,1,0,reserve,system,3002.175698,0.0,0.0,3002.175698,0.0,0.0
2035-08-08,2,0,reserve,system,2964.550097,0.0,0.0,2964.550097,0.0,0.0
2035-08-08,3,0,reserve,system,2935.593375,0.0,0.0,2935.593375,0.0,0.0
2035-08-08,4,0,reserve,system,2948.881344,0.0,0.0,2948.881344,0.0,0.0
2035-08-08,5,0,reserve,system,2999.103168,0.0,0.0,2999.103168,0.0,0.0
2035-08-08,6,0,reserve,system,3033.628068,0.0,0.0,3033.628068,0.0,0.0
2035-08-08,7,0,reserve,system,3028.470211,0.0,0.0,3028.470211,0.0,0.0
2035-08-08,8,0,reserve,system,3072.876313,0.0,0.0,3072.876313,0.0,0.0
2035-08-08,9,0,reserve,system,3130.036277,0.0,0.0,3130.036277,0.0,0.0
2035-08-08,10,0,reserve,system,3190.051358,0.0,0.0,3190.051358,0.0,0.0
2035-08-08,11,0,reserve,system,3255.816321,0.0,0.0,3255.816321,0.0,0.0
2035-08-08,12,0,reserve,system,3341.848041,0.0,0.0,3341.848041,0.0,0.0
2035-08-08,13,0,reserve,system,3368.456217,0.0,0.0,3368.456217,0.0,0.0
2035-08-08,14,0,reserve,system,3374.643064,0.0,0.0,3374.643064,0.0,0.0
2035-08-08,15,0,reserve,system,3383.254746,0.0,0.0,3383.254746,0.0,0.0
2035-08-08,16,0,reserve,system,3403.370475,0.0,0.0,3403.370475,0.0,0.0
2035-08-08,17,0,reserve,system,3339.630841,0.0,0.0,3339.630841,0.0,0.0
2035-08-08,18,0,reserve,system,3349.869714,0.0,0.0,3349.869714,0.0,0.0
2035-08-08,19,0,reserve,system,3341.831713,0.0,0.0,3341.831713,0.0,0.0
2035-08-08,20,0,reserve,system,3317.382556,0.0,0.0,3317.382556,0.0,0.0
2035-08-08,21,0,reserve,system,3328.763902,0.0,0.0,3328.763902,0.0,0.0
2035-08-08,22,0,reserve,system,3266.465717,0.0,0.0,3266.465717,0.0,0.0
2035-08-08,23,0,reserve,system,3176.716405,0.0,0.0,3176.716405,0.0,0.0
2035-08-09,0,0,reserve,system,3076.336125,0.0,0.0,3076.336125,0.0,0.0
2035-08-09,1,0,reserve,system,3007.458512,0.0,0.0,3007.458512,0.0,0.0
2035-08-09,2,0,reserve,system,2979.210254,0.0,0.0,2979.210254,0.0,0.0
2035-08-09,3,0,reserve,system,2959.764742,0.0,0.0,2959.764742,0.0,0.0
2035-08-09,4,0,reserve,system,2993.480248,0.0,0.0,2993.480248,0.0,0.0
2035-08-09,5,0,reserve,system,3087.733357,0.0,0.0,3087.733357,0.0,0.0
2035-08-09,6,0,reserve,system,3177.753512,0.0,0.0,3177.753512,0.0,0.0
2035-08-09,7,0,reserve,system,3193.3125,0.0,0.0,3193.3125,0.0,0.0
2035-08-09,8,0,reserve,system,3222.250733,0.0,0.0,3222.250733,0.0,0.0
2035-08-09,9,0,reserve,system,3239.549935,0.0,0.0,3239.549935,0.0,0.0
2035-08-09,10,0,reserve,system,3272.093589,0.0,0.0,3272.093589,0.0,0.0
2035-08-09,11,0,reserve,system,3327.699604,0.0,0.0,3327.699604,0.0,0.0
2035-08-09,12,0,reserve,system,3376.034842,0.0,0.0,3376.034842,0.0,0.0
2035-08-09,13,0,reserve,system,3361.5569,0.0,0.0,3361.5569,0.0,0.0
2035-08-09,14,0,reserve,system,3366.597845,0.0,0.0,3366.597845,0.0,0.0
2035-08-09,15,0,reserve,system,3394.032247,0.0,0.0,3394.032247,0.0,0.0
2035-08-09,16,0,reserve,system,3414.352372,0.0,0.0,3414.352372,0.0,0.0
2035-08-09,17,0,reserve,system,3391.389108,0.0,0.0,3391.389108,0.0,0.0
2035-08-09,18,0,reserve,system,3406.071857,0.0,0.0,3406.071857,0.0,0.0
2035-08-09,19,0,reserve,system,3363.119968,0.0,0.0,3363.119968,0.0,0.0
2035-08-09,20,0,reserve,system,3291.437816,0.0,0.0,3291.437816,0.0,0.0
2035-08-09,21,0,reserve,system,3281.804567,0.0,0.0,3281.804567,0.0,0.0
2035-08-09,22,0,reserve,system,3227.723005,0.0,0.0,3227.723005,0.0,0.0
2035-08-09,23,0,reserve,system,3148.846929,0.0,0.0,3148.846929,0.0,0.0
2035-08-10,0,0,reserve,system,3046.993174,0.0,0.0,3046.993174,0.0,0.0
2035-08-10,1,0,reserve,system,2976.759246,0.0,0.0,2976.759246,0.0,0.0
2035-08-10,2,0,reserve,system,2942.242727,0.0,0.0,2942.242727,0.0,0.0
2035-08-10,3,0,reserve,system,2890.606541,0.0,0.0,2890.606541,0.0,0.0
2035-08-10,4,0,reserve,system,2877.670642,0.0,0.0,2877.670642,0.0,0.0
2035-08-10,5,0,reserve,system,2897.870408,0.0,0.0,2897.870408,0.0,0.0
2035-08-10,6,0,reserve,system,2913.215042,0.0,0.0,2913.215042,0.0,0.0
2035-08-10,7,0,reserve,system,2919.434701,0.0,0.0,2919.434701,0.0,0.0
2035-08-10,8,0,reserve,system,3010.453668,0.0,0.0,3010.453668,0.0,0.0
2035-08-10,9,0,reserve,system,3091.944936,0.0,0.0,3091.944936,0.0,0.0
2035-08-10,10,0,reserve,system,3166.53044,0.0,0.0,3166.53044,0.0,0.0
2035-08-10,11,0,reserve,system,3263.268375,0.0,0.0,3263.268375,0.0,0.0
2035-08-10,12,0,reserve,system,3350.563281,0.0,0.0,3350.563281,0.0,0.0
2035-08-10,13,0,reserve,system,3339.227942,0.0,0.0,3339.227942,0.0,0.0
2035-08-10,14,0,reserve,system,3335.770711,0.0,0.0,3335.770711,0.0,0.0
2035-08-10,15,0,reserve,system,3361.863093,0.0,0.0,3361.863093,0.0,0.0
2035-08-10,16,0,reserve,system,3370.240845,0.0,0.0,3370.240845,0.0,0.0
2035-08-10,17,0,reserve,system,3313.70479,0.0,0.0,3313.70479,0.0,0.0
2035-08-10,18,0,reserve,system,3331.390852,0.0,0.0,3331.390852,0.0,0.0
2035-08-10,19,0,reserve,system,3317.788654,0.0,0.0,3317.788654,0.0,0.0
2035-08-10,20,0,reserve,system,3254.003709,0.0,0.0,3254.003709,0.0,0.0
2035-08-10,21,0,reserve,system,3240.189678,0.0,0.0,3240.189678,0.0,0.0
2035-08-10,22,0,reserve,system,3204.83582,0.0,0.0,3204.83582,0.0,0.0
2035-08-10,23,0,reserve,system,3135.944687,0.0,0.0,3135.944687,0.0,0.0
2035-08-11,0,0,reserve,system,3037.514391,0.0,0.0,3037.514391,0.0,0.0
2035-08-11,1,0,reserve,system,2957.794665,0.0,0.0,2957.794665,0.0,0.0
2035-08-11,2,0,reserve,system,2916.766087,0.0,0.0,2916.766087,0.0,0.0
2035-08-11,3,0,reserve,system,2855.326265,0.0,0.0,2855.326265,0.0,0.0
2035-08-11,4,0,reserve,system,2821.280346,0.0,0.0,2821.280346,0.0,0.0
2035-08-11,5,0,reserve,system,2774.515258,0.0,0.0,2774.515258,0.0,0.0
2035-08-11,6,0,reserve,system,2693.349234,0.0,0.0,2693.349234,0.0,0.0
2035-08-11,7,0,reserve,system,2657.656457,0.0,0.0,2657.656457,0.0,0.0
2035-08-11,8,0,reserve,system,2780.388879,0.0,0.0,2780.388879,0.0,0.0
2035-08-11,9,0,reserve,system,2932.197441,0.0,0.0,2932.197441,0.0,0.0
2035-08-11,10,0,reserve,system,3065.433703,0.0,0.0,3065.433703,0.0,0.0
2035-08-11,11,0,reserve,system,3143.280787,0.0,0.0,3143.280787,0.0,0.0
2035-08-11,12,0,reserve,system,3258.216361,0.0,0.0,3258.216361,0.0,0.0
2035-08-11,13,0,reserve,system,3281.827249,0.0,0.0,3281.827249,0.0,0.0
2035-08-11,14,0,reserve,system,3328.078373,0.0,0.0,3328.078373,0.0,0.0
2035-08-11,15,0,reserve,system,3404.776995,0.0,0.0,3404.776995,0.0,0.0
2035-08-11,16,0,reserve,system,3467.671825,0.0,0.0,3467.671825,0.0,0.0
2035-08-11,17,0,reserve,system,3444.257291,0.0,0.0,3444.257291,0.0,0.0
2035-08-11,18,0,reserve,system,3450.339688,0.0,0.0,3450.339688,0.0,0.0
2035-08-11,19,0,reserve,system,3428.888734,0.0,0.0,3428.888734,0.0,0.0
2035-08-11,20,0,reserve,system,3354.729261,0.0,0.0,3354.729261,0.0,0.0
2035-08-11,21,0,reserve,system,3361.783946,0.0,0.0,3361.783946,0.0,0.0
2035-08-11,22,0,reserve,system,3313.650755,0.0,0.0,3313.650755,0.0,0.0
2035-08-11,23,0,reserve,system,3229.245006,0.0,0.0,3229.245006,0.0,0.0
2035-08-12,0,0,reserve,system,3121.81523,0.0,0.0,3121.81523,0.0,0.0
2035-08-12,1,0,reserve,system,3032.117855,0.0,0.0,3032.117855,0.0,0.0
2035-08-12,2,0,reserve,system,2957.613761,0.0,0.0,2957.613761,0.0,0.0
2035-08-12,3,0,reserve,system,2907.797344,0.0,0.0,2907.797344,0.0,0.0
2035-08-12,4,0,reserve,system,2889.842735,0.0,0.0,2889.842735,0.0,0.0
2035-08-12,5,0,reserve,system,2917.683122,0.0,0.0,2917.683122,0.0,0.0
2035-08-12,6,0,reserve,system,2957.207841,0.0,0.0,2957.207841,0.0,0.0
2035-08-12,7,0,reserve,system,2967.561924,0.0,0.0,2967.561924,0.0,0.0
2035-08-12,8,0,reserve,system,3066.197299,0.0,0.0,3066.197299,0.0,0.0
2035-08-12,9,0,reserve,system,3204.846137,0.0,0.0,3204.846137,0.0,0.0
2035-08-12,10,0,reserve,system,3347.260921,0.0,0.0,3347.260921,0.0,0.0
2035-08-12,11,0,reserve,system,3492.682635,0.0,0.0,3492.682635,0.0,0.0
2035-08-12,12,0,reserve,system,3603.203509,0.0,0.0,3603.203509,0.0,0.0
2035-08-12,13,0,reserve,system,3654.75727,0.0,0.0,3654.75727,0.0,0.0
2035-08-12,14,0,reserve,system,3667.13746,0.0,0.0,3667.13746,0.0,0.0
2035-08-12,15,0,reserve,system,3657.296466,0.0,0.0,3657.296466,0.0,0.0
2035-08-12,16,0,reserve,system,3667.176801,0.0,0.0,3667.176801,0.0,0.0
2035-08-12,17,0,reserve,system,3593.704184,0.0,0.0,3593.704184,0.0,0.0
2035-08-12,18,0,reserve,system,3633.112238,0.0,0.0,3633.112238,0.0,0.0
2035-08-12,19,0,reserve,system,3632.480065,0.0,0.0,3632.480065,0.0,0.0
2035-08-12,20,0,reserve,system,3564.264196,0.0,0.0,3564.264196,0.0,0.0
2035-08-12,21,0,reserve,system,3545.454005,0.0,0.0,3545.454005,0.0,0.0
2035-08-12,22,0,reserve,system,3487.576024,0.0,0.0,3487.576024,0.0,0.0
2035-08-12,23,0,reserve,system,3423.218857,0.0,0.0,3423.218857,0.0,0.0
2035-08-13,0,0,reserve,system,3325.283732,0.0,0.0,3325.283732,0.0,0.0
2035-08-13,1,0,reserve,system,3214.588798,0.0,0.0,3214.588798,0.0,0.0
2035-08-13,2,0,reserve,system,3123.485297,0.0,0.0,3123.485297,0.0,0.0
2035-08-13,3,0,reserve,system,3061.381969,0.0,0.0,3061.381969,0.0,0.0
2035-08-13,4,0,reserve,system,3024.177641,0.0,0.0,3024.177641,0.0,0.0
2035-08-13,5,0,reserve,system,3036.552582,0.0,0.0,3036.552582,0.0,0.0
2035-08-13,6,0,reserve,system,3067.370652,0.0,0.0,3067.370652,0.0,0.0
2035-08-13,7,0,reserve,system,3068.036922,0.0,0.0,3068.036922,0.0,0.0
2035-08-13,8,0,reserve,system,3136.389246,0.0,0.0,3136.389246,0.0,0.0
2035-08-13,9,0,reserve,system,3201.164238,0.0,0.0,3201.164238,0.0,0.0
2035-08-13,10,0,reserve,system,3284.343246,0.0,0.0,3284.343246,0.0,0.0
2035-08-13,11,0,reserve,system,3397.676351,0.0,0.0,3397.676351,0.0,0.0
2035-08-13,12,0,reserve,system,3456.245697,0.0,0.0,3456.245697,0.0,0.0
2035-08-13,13,0,reserve,system,3460.511,0.0,0.0,3460.511,0.0,0.0
2035-08-13,14,0,reserve,system,3496.729248,0.0,0.0,3496.729248,0.0,0.0
2035-08-13,15,0,reserve,system,3523.425012,0.0,0.0,3523.425012,0.0,0.0
2035-08-13,16,0,reserve,system,3515.806339,0.0,0.0,3515.806339,0.0,0.0
2035-08-13,17,0,reserve,system,3462.370504,0.0,0.0,3462.370504,0.0,0.0
2035-08-13,18,0,reserve,system,3482.247979,0.0,0.0,3482.247979,0.0,0.0
2035-08-13,19,0,reserve,system,3469.713099,0.0,0.0,3469.713099,0.0,0.0
2035-08-13,20,0,reserve,system,3458.2022,0.0,0.0,3458.2022,0.0,0.0
2035-08-13,21,0,reserve,system,3450.762639,0.0,0.0,3450.762639,0.0,0.0
2035-08-13,22,0,reserve,system,3378.876347,0.0,0.0,3378.876347,0.0,0.0
2035-08-13,23,0,reserve,system,3299.090039,0.0,0.0,3299.090039,0.0,0.0
2035-08-14,0,0,reserve,system,3201.606286,0.0,0.0,3201.606286,0.0,0.0
2035-08-14,1,0,reserve,system,3135.669381,0.0,0.0,3135.669381,0.0,0.0
2035-08-14,2,0,reserve,system,3087.446472,0.0,0.0,3087.446472,0.0,0.0
2035-08-14,3,0,reserve,system,3052.964709,0.0,0.0,3052.964709,0.0,0.0
2035-08-14,4,0,reserve,system,3052.761607,0.0,0.0,3052.761607,0.0,0.0
2035-08-14,5,0,reserve,system,3084.303621,0.0,0.0,3084.303621,0.0,0.0
2035-08-14,6,0,reserve,system,3105.954658,0.0,0.0,3105.954658,0.0,0.0
2035-08-14,7,0,reserve,system,3078.784759,0.0,0.0,3078.784759,0.0,0.0
2035-08-14,8,0,reserve,system,3072.157444,0.0,0.0,3072.157444,0.0,0.0
2035-08-14,9,0,reserve,system,3104.641675,0.0,0.0,3104.641675,0.0,0.0
2035-08-14,10,0,reserve,system,3149.843694,0.0,0.0,3149.843694,0.0,0.0
2035-08-14,11,0,reserve,system,3219.276936,0.0,0.0,3219.276936,0.0,0.0
2035-08-14,12,0,reserve,system,3252.566032,0.0,0.0,3252.566032,0.0,0.0
2035-08-14,13,0,reserve,system,3233.050616,0.0,0.0,3233.050616,0.0,0.0
2035-08-14,14,0,reserve,system,3250.657242,0.0,0.0,3250.657242,0.0,0.0
2035-08-14,15,0,reserve,system,3285.278073,0.0,0.0,3285.278073,0.0,0.0
2035-08-14,16,0,reserve,system,3340.139285,0.0,0.0,3340.139285,0.0,0.0
2035-08-14,17,0,reserve,system,3324.259018,0.0,0.0,3324.259018,0.0,0.0
2035-08-14,18,0,reserve,system,3327.957006,0.0,0.0,3327.957006,0.0,0.0
2035-08-14,19,0,reserve,system,3275.571773,0.0,0.0,3275.571773,0.0,0.0
2035-08-14,20,0,reserve,system,3225.138253,0.0,0.0,3225.138253,0.0,0.0
2035-08-14,21,0,reserve,system,3186.423683,0.0,0.0,3186.423683,0.0,0.0
2035-08-14,22,0,reserve,system,3103.3426,0.0,0.0,3103.3426,0.0,0.0
2035-08-14,23,0,reserve,system,3012.290792,0.0,0.0,3012.290792,0.0,0.0
2035-08-15,0,0,reserve,system,2914.816745,0.0,0.0,2914.816745,0.0,0.0
2035-08-15,1,0,reserve,system,2839.491593,0.0,0.0,2839.491593,0.0,0.0
2035-08-15,2,0,reserve,system,2802.258677,0.0,0.0,2802.258677,0.0,0.0
2035-08-15,3,0,reserve,system,2787.667221,0.0,0.0,2787.667221,0.0,0.0
2035-08-15,4,0,reserve,system,2809.238397,0.0,0.0,2809.238397,0.0,0.0
2035-08-15,5,0,reserve,system,2871.592187,0.0,0.0,2871.592187,0.0,0.0
2035-08-15,6,0,reserve,system,2937.268759,0.0,0.0,2937.268759,0.0,0.0
2035-08-15,7,0,reserve,system,2925.623384,0.0,0.0,2925.623384,0.0,0.0
2035-08-15,8,0,reserve,system,3011.590296,0.0,0.0,3011.590296,0.0,0.0
2035-08-15,9,0,reserve,system,3124.949084,0.0,0.0,3124.949084,0.0,0.0
2035-08-15,10,0,reserve,system,3209.907528,0.0,0.0,3209.907528,0.0,0.0
2035-08-15,11,0,reserve,system,3302.445444,0.0,0.0,3302.445444,0.0,0.0
2035-08-15,12,0,reserve,system,3393.371536,0.0,0.0,3393.371536,0.0,0.0
2035-08-15,13,0,reserve,system,3387.771272,0.0,0.0,3387.771272,0.0,0.0
2035-08-15,14,0,reserve,system,3360.59284,0.0,0.0,3360.59284,0.0,0.0
2035-08-15,15,0,reserve,system,3358.725669,0.0,0.0,3358.725669,0.0,0.0
2035-08-15,16,0,reserve,system,3369.695061,0.0,0.0,3369.695061,0.0,0.0
2035-08-15,17,0,reserve,system,3328.28078,0.0,0.0,3328.28078,0.0,0.0
2035-08-15,18,0,reserve,system,3380.339103,0.0,0.0,3380.339103,0.0,0.0
2035-08-15,19,0,reserve,system,3395.788166,0.0,0.0,3395.788166,0.0,0.0
2035-08-15,20,0,reserve,system,3382.858892,0.0,0.0,3382.858892,0.0,0.0
2035-08-15,21,0,reserve,system,3368.064598,0.0,0.0,3368.064598,0.0,0.0
2035-08-15,22,0,reserve,system,3282.620796,0.0,0.0,3282.620796,0.0,0.0
2035-08-15,23,0,reserve,system,3206.713954,0.0,0.0,3206.713954,0.0,0.0
2035-08-16,0,0,reserve,system,3102.530609,0.0,0.0,3102.530609,0.0,0.0
2035-08-16,1,0,reserve,system,3036.250383,0.0,0.0,3036.250383,0.0,0.0
2035-08-16,2,0,reserve,system,2996.242367,0.0,0.0,2996.242367,0.0,0.0
2035-08-16,3,0,reserve,system,2964.085857,0.0,0.0,2964.085857,0.0,0.0
2035-08-16,4,0,reserve,system,2992.012738,0.0,0.0,2992.012738,0.0,0.0
2035-08-16,5,0,reserve,system,3080.663811,0.0,0.0,3080.663811,0.0,0.0
2035-08-16,6,0,reserve,system,3177.09401,0.0,0.0,3177.09401,0.0,0.0
2035-08-16,7,0,reserve,system,3186.772898,0.0,0.0,3186.772898,0.0,0.0
2035-08-16,8,0,reserve,system,3241.151513,0.0,0.0,3241.151513,0.0,0.0
2035-08-16,9,0,reserve,system,3338.931176,0.0,0.0,3338.931176,0.0,0.0
2035-08-16,10,0,reserve,system,3421.71189,0.0,0.0,3421.71189,0.0,0.0
2035-08-16,11,0,reserve,system,3503.629868,0.0,0.0,3503.629868,0.0,0.0
2035-08-16,12,0,reserve,system,3574.2868,0.0,0.0,3574.2868,0.0,0.0
2035-08-16,13,0,reserve,system,3587.071478,0.0,0.0,3587.071478,0.0,0.0
2035-08-16,14,0,reserve,system,3592.896993,0.0,0.0,3592.896993,0.0,0.0
2035-08-16,15,0,reserve,system,3632.180927,0.0,0.0,3632.180927,0.0,0.0
2035-08-16,16,0,reserve,system,3691.014579,0.0,0.0,3691.014579,0.0,0.0
2035-08-16,17,0,reserve,system,3680.300871,0.0,0.0,3680.300871,0.0,0.0
2035-08-16,18,0,reserve,system,3736.65008,0.0,0.0,3736.65008,0.0,0.0
2035-08-16,19,0,reserve,system,3724.653193,0.0,0.0,3724.653193,0.0,0.0
2035-08-16,20,0,reserve,system,3640.594001,0.0,0.0,3640.594001,0.0,0.0
2035-08-16,21,0,reserve,system,3631.149049,0.0,0.0,3631.149049,0.0,0.0
2035-08-16,22,0,reserve,system,3568.196131,0.0,0.0,3568.196131,0.0,0.0
2035-08-16,23,0,reserve,system,3490.373515,0.0,0.0,3490.373515,0.0,0.0
2035-08-17,0,0,reserve,system,3379.26031,0.0,0.0,3379.26031,0.0,0.0
2035-08-17,1,0,reserve,system,3282.57345,0.0,0.0,3282.57345,0.0,0.0
2035-08-17,2,0,reserve,system,3219.720582,0.0,0.0,3219.720582,0.0,0.0
2035-08-17,3,0,reserve,system,3167.040583,0.0,0.0,3167.040583,0.0,0.0
2035-08-17,4,0,reserve,system,3166.434008,0.0,0.0,3166.434008,0.0,0.0
2035-08-17,5,0,reserve,system,3203.402328,0.0,0.0,3203.402328,0.0,0.0
2035-08-17,6,0,reserve,system,3183.844849,0.0,0.0,3183.844849,0.0,0.0
2035-08-17,7,0,reserve,system,3174.915651,0.0,0.0,3174.915651,0.0,0.0
2035-08-17,8,0,reserve,system,3271.962177,0.0,0.0,3271.962177,0.0,0.0
2035-08-17,9,0,reserve,system,3382.592514,0.0,0.0,3382.592514,0.0,0.0
2035-08-17,10,0,reserve,system,3475.768731,0.0,0.0,3475.768731,0.0,0.0
2035-08-17,11,0,reserve,system,3558.941566,0.0,0.0,3558.941566,0.0,0.0
2035-08-17,12,0,reserve,system,3592.378228,0.0,0.0,3592.378228,0.0,0.0
2035-08-17,13,0,reserve,system,3515.682332,0.0,0.0,3515.682332,0.0,0.0
2035-08-17,14,0,reserve,system,3475.866888,0.0,0.0,3475.866888,0.0,0.0
2035-08-17,15,0,reserve,system,3515.478105,0.0,0.0,3515.478105,0.0,0.0
2035-08-17,16,0,reserve,system,3584.062443,0.0,0.0,3584.062443,0.0,0.0
2035-08-17,17,0,reserve,system,3576.456006,0.0,0.0,3576.456006,0.0,0.0
2035-08-17,18,0,reserve,system,3617.92206,0.0,0.0,3617.92206,0.0,0.0
2035-08-17,19,0,reserve,system,3613.767733,0.0,0.0,3613.767733,0.0,0.0
2035-08-17,20,0,reserve,system,3541.964005,0.0,0.0,3541.964005,0.0,0.0
2035-08-17,21,0,reserve,system,3529.413411,0.0,0.0,3529.413411,0.0,0.0
2035-08-17,22,0,reserve,system,3509.516096,0.0,0.0,3509.516096,0.0,0.0
2035-08-17,23,0,reserve,system,3460.302113,0.0,0.0,3460.302113,0.0,0.0
2035-08-18,0,0,reserve,system,3350.613122,0.0,0.0,3350.613122,0.0,0.0
2035-08-18,1,0,reserve,system,3257.681793,0.0,0.0,3257.681793,0.0,0.0
2035-08-18,2,0,reserve,system,3184.383786,0.0,0.0,3184.383786,0.0,0.0
2035-08-18,3,0,reserve,system,3122.259128,0.0,0.0,3122.259128,0.0,0.0
2035-08-18,4,0,reserve,system,3066.005441,0.0,0.0,3066.005441,0.0,0.0
2035-08-18,5,0,reserve,system,3006.900581,0.0,0.0,3006.900581,0.0,0.0
2035-08-18,6,0,reserve,system,2922.815356,0.0,0.0,2922.815356,0.0,0.0
2035-08-18,7,0,reserve,system,2866.31464,0.0,0.0,2866.31464,0.0,0.0
2035-08-18,8,0,reserve,system,2987.101224,0.0,0.0,2987.101224,0.0,0.0
2035-08-18,9,0,reserve,system,3147.997629,0.0,0.0,3147.997629,0.0,0.0
2035-08-18,10,0,reserve,system,3246.707031,0.0,0.0,3246.707031,0.0,0.0
2035-08-18,11,0,reserve,system,3299.883142,0.0,0.0,3299.883142,0.0,0.0
2035-08-18,12,0,reserve,system,3396.581478,0.0,0.0,3396.581478,0.0,0.0
2035-08-18,13,0,reserve,system,3447.729084,0.0,0.0,3447.729084,0.0,0.0
2035-08-18,14,0,reserve,system,3521.366514,0.0,0.0,3521.366514,0.0,0.0
2035-08-18,15,0,reserve,system,3622.353685,0.0,0.0,3622.353685,0.0,0.0
2035-08-18,16,0,reserve,system,3718.918466,0.0,0.0,3718.918466,0.0,0.0
2035-08-18,17,0,reserve,system,3727.717079,0.0,0.0,3727.717079,0.0,0.0
2035-08-18,18,0,reserve,system,3792.491042,0.0,0.0,3792.491042,0.0,0.0
2035-08-18,19,0,reserve,system,3780.533619,0.0,0.0,3780.533619,0.0,0.0
2035-08-18,20,0,reserve,system,3679.795096,0.0,0.0,3679.795096,0.0,0.0
2035-08-18,21,0,reserve,system,3667.38702,0.0,0.0,3667.38702,0.0,0.0
2035-08-18,22,0,reserve,system,3608.536681,0.0,0.0,3608.536681,0.0,0.0
2035-08-18,23,0,reserve,system,3509.242615,0.0,0.0,3509.242615,0.0,0.0
2035-08-19,0,0,reserve,system,3399.349426,0.0,0.0,3399.349426,0.0,0.0
2035-08-19,1,0,reserve,system,3298.424543,0.0,0.0,3298.424543,0.0,0.0
2035-08-19,2,0,reserve,system,3227.059959,0.0,0.0,3227.059959,0.0,0.0
2035-08-19,3,0,reserve,system,3194.147247,0.0,0.0,3194.147247,0.0,0.0
2035-08-19,4,0,reserve,system,3162.009595,0.0,0.0,3162.009595,0.0,0.0
2035-08-19,5,0,reserve,system,3161.192046,0.0,0.0,3161.192046,0.0,0.0
2035-08-19,6,0,reserve,system,3197.58543,0.0,0.0,3197.58543,0.0,0.0
2035-08-19,7,0,reserve,system,3179.526498,0.0,0.0,3179.526498,0.0,0.0
2035-08-19,8,0,reserve,system,3272.786932,0.0,0.0,3272.786932,0.0,0.0
2035-08-19,9,0,reserve,system,3397.336113,0.0,0.0,3397.336113,0.0,0.0
2035-08-19,10,0,reserve,system,3497.698021,0.0,0.0,3497.698021,0.0,0.0
2035-08-19,11,0,reserve,system,3583.586213,0.0,0.0,3583.586213,0.0,0.0
2035-08-19,12,0,reserve,system,3665.277182,0.0,0.0,3665.277182,0.0,0.0
2035-08-19,13,0,reserve,system,3669.303475,0.0,0.0,3669.303475,0.0,0.0
2035-08-19,14,0,reserve,system,3689.552022,0.0,0.0,3689.552022,0.0,0.0
2035-08-19,15,0,reserve,system,3713.335779,0.0,0.0,3713.335779,0.0,0.0
2035-08-19,16,0,reserve,system,3737.574413,0.0,0.0,3737.574413,0.0,0.0
2035-08-19,17,0,reserve,system,3717.470991,0.0,0.0,3717.470991,0.0,0.0
2035-08-19,18,0,reserve,system,3759.923893,0.0,0.0,3759.923893,0.0,0.0
2035-08-19,19,0,reserve,system,3769.23973,0.0,0.0,3769.23973,0.0,0.0
2035-08-19,20,0,reserve,system,3726.823328,0.0,0.0,3726.823328,0.0,0.0
2035-08-19,21,0,reserve,system,3712.572045,0.0,0.0,3712.572045,0.0,0.0
2035-08-19,22,0,reserve,system,3633.514501,0.0,0.0,3633.514501,0.0,0.0
2035-08-19,23,0,reserve,system,3541.58646,0.0,0.0,3541.58646,0.0,0.0
2035-08-20,0,0,reserve,system,3425.60058,0.0,0.0,3425.60058,0.0,0.0
2035-08-20,1,0,reserve,system,3319.489689,0.0,0.0,3319.489689,0.0,0.0
2035-08-20,2,0,reserve,system,3243.134947,0.0,0.0,3243.134947,0.0,0.0
2035-08-20,3,0,reserve,system,3219.836115,0.0,0.0,3219.836115,0.0,0.0
2035-08-20,4,0,reserve,system,3187.410063,0.0,0.0,3187.410063,0.0,0.0
2035-08-20,5,0,reserve,system,3142.314534,0.0,0.0,3142.314534,0.0,0.0
2035-08-20,6,0,reserve,system,3180.041694,0.0,0.0,3180.041694,0.0,0.0
2035-08-20,7,0,reserve,system,3149.476338,0.0,0.0,3149.476338,0.0,0.0
2035-08-20,8,0,reserve,system,3215.237138,0.0,0.0,3215.237138,0.0,0.0
2035-08-20,9,0,reserve,system,3335.527166,0.0,0.0,3335.527166,0.0,0.0
2035-08-20,10,0,reserve,system,3416.448094,0.0,0.0,3416.448094,0.0,0.0
2035-08-20,11,0,reserve,system,3511.860551,0.0,0.0,3511.860551,0.0,0.0
2035-08-20,12,0,reserve,system,3537.641901,0.0,0.0,3537.641901,0.0,0.0
2035-08-20,13,0,reserve,system,3474.120819,0.0,0.0,3474.120819,0.0,0.0
2035-08-20,14,0,reserve,system,3446.175402,0.0,0.0,3446.175402,0.0,0.0
2035-08-20,15,0,reserve,system,3485.803433,0.0,0.0,3485.803433,0.0,0.0
2035-08-20,16,0,reserve,system,3543.02846,0.0,0.0,3543.02846,0.0,0.0
2035-08-20,17,0,reserve,system,3527.297365,0.0,0.0,3527.297365,0.0,0.0
2035-08-20,18,0,reserve,system,3561.108797,0.0,0.0,3561.108797,0.0,0.0
2035-08-20,19,0,reserve,system,3569.14808,0.0,0.0,3569.14808,0.0,0.0
2035-08-20,20,0,reserve,system,3531.819254,0.0,0.0,3531.819254,0.0,0.0
2035-08-20,21,0,reserve,system,3499.758948,0.0,0.0,3499.758948,0.0,0.0
2035-08-20,22,0,reserve,system,3432.540642,0.0,0.0,3432.540642,0.0,0.0
2035-08-20,23,0,reserve,system,3348.357948,0.0,0.0,3348.357948,0.0,0.0
2035-08-21,0,0,reserve,system,3236.868072,0.0,0.0,3236.868072,0.0,0.0
2035-08-21,1,0,reserve,system,3136.140541,0.0,0.0,3136.140541,0.0,0.0
2035-08-21,2,0,reserve,system,3083.136604,0.0,0.0,3083.136604,0.0,0.0
2035-08-21,3,0,reserve,system,3046.488255,0.0,0.0,3046.488255,0.0,0.0
2035-08-21,4,0,reserve,system,3040.251239,0.0,0.0,3040.251239,0.0,0.0
2035-08-21,5,0,reserve,system,3084.160295,0.0,0.0,3084.160295,0.0,0.0
2035-08-21,6,0,reserve,system,3132.004529,0.0,0.0,3132.004529,0.0,0.0
2035-08-21,7,0,reserve,system,3090.597025,0.0,0.0,3090.597025,0.0,0.0
2035-08-21,8,0,reserve,system,3156.025848,0.0,0.0,3156.025848,0.0,0.0
2035-08-21,9,0,reserve,system,3245.780418,0.0,0.0,3245.780418,0.0,0.0
2035-08-21,10,0,reserve,system,3293.670762,0.0,0.0,3293.670762,0.0,0.0
2035-08-21,11,0,reserve,system,3324.433148,0.0,0.0,3324.433148,0.0,0.0
2035-08-21,12,0,reserve,system,3365.506585,0.0,0.0,3365.506585,0.0,0.0
2035-08-21,13,0,reserve,system,3338.541911,0.0,0.0,3338.541911,0.0,0.0
2035-08-21,14,0,reserve,system,3330.992124,0.0,0.0,3330.992124,0.0,0.0
2035-08-21,15,0,reserve,system,3357.487951,0.0,0.0,3357.487951,0.0,0.0
2035-08-21,16,0,reserve,system,3421.14879,0.0,0.0,3421.14879,0.0,0.0
2035-08-21,17,0,reserve,system,3402.820774,0.0,0.0,3402.820774,0.0,0.0
2035-08-21,18,0,reserve,system,3436.318937,0.0,0.0,3436.318937,0.0,0.0
2035-08-21,19,0,reserve,system,3432.688873,0.0,0.0,3432.688873,0.0,0.0
2035-08-21,20,0,reserve,system,3396.788232,0.0,0.0,3396.788232,0.0,0.0
2035-08-21,21,0,reserve,system,3366.845261,0.0,0.0,3366.845261,0.0,0.0
2035-08-21,22,0,reserve,system,3287.138383,0.0,0.0,3287.138383,0.0,0.0
2035-08-21,23,0,reserve,system,3220.286559,0.0,0.0,3220.286559,0.0,0.0
2035-08-22,0,0,reserve,system,3109.19958,0.0,0.0,3109.19958,0.0,0.0
2035-08-22,1,0,reserve,system,3029.630335,0.0,0.0,3029.630335,0.0,0.0
2035-08-22,2,0,reserve,system,2970.425185,0.0,0.0,2970.425185,0.0,0.0
2035-08-22,3,0,reserve,system,2933.260795,0.0,0.0,2933.260795,0.0,0.0
2035-08-22,4,0,reserve,system,2924.131344,0.0,0.0,2924.131344,0.0,0.0
2035-08-22,5,0,reserve,system,2976.200586,0.0,0.0,2976.200586,0.0,0.0
2035-08-22,6,0,reserve,system,3028.318309,0.0,0.0,3028.318309,0.0,0.0
2035-08-22,7,0,reserve,system,3006.594944,0.0,0.0,3006.594944,0.0,0.0
2035-08-22,8,0,reserve,system,3039.677978,0.0,0.0,3039.677978,0.0,0.0
2035-08-22,9,0,reserve,system,3093.199427,0.0,0.0,3093.199427,0.0,0.0
2035-08-22,10,0,reserve,system,3126.729109,0.0,0.0,3126.729109,0.0,0.0
2035-08-22,11,0,reserve,system,3179.151019,0.0,0.0,3179.151019,0.0,0.0
2035-08-22,12,0,reserve,system,3230.513505,0.0,0.0,3230.513505,0.0,0.0
2035-08-22,13,0,reserve,system,3229.628589,0.0,0.0,3229.628589,0.0,0.0
2035-08-22,14,0,reserve,system,3238.018294,0.0,0.0,3238.018294,0.0,0.0
2035-08-22,15,0,reserve,system,3286.930277,0.0,0.0,3286.930277,0.0,0.0
2035-08-22,16,0,reserve,system,3371.225601,0.0,0.0,3371.225601,0.0,0.0
2035-08-22,17,0,reserve,system,3376.203878,0.0,0.0,3376.203878,0.0,0.0
2035-08-22,18,0,reserve,system,3424.8203,0.0,0.0,3424.8203,0.0,0.0
2035-08-22,19,0,reserve,system,3420.497045,0.0,0.0,3420.497045,0.0,0.0
2035-08-22,20,0,reserve,system,3384.829538,0.0,0.0,3384.829538,0.0,0.0
2035-08-22,21,0,reserve,system,3364.914608,0.0,0.0,3364.914608,0.0,0.0
2035-08-22,22,0,reserve,system,3286.270177,0.0,0.0,3286.270177,0.0,0.0
2035-08-22,23,0,reserve,system,3189.781489,0.0,0.0,3189.781489,0.0,0.0
2035-08-23,0,0,reserve,system,3090.741722,0.0,0.0,3090.741722,0.0,0.0
2035-08-23,1,0,reserve,system,3016.759041,0.0,0.0,3016.759041,0.0,0.0
2035-08-23,2,0,reserve,system,2983.161725,0.0,0.0,2983.161725,0.0,0.0
2035-08-23,3,0,reserve,system,2960.970825,0.0,0.0,2960.970825,0.0,0.0
2035-08-23,4,0,reserve,system,2997.944945,0.0,0.0,2997.944945,0.0,0.0
2035-08-23,5,0,reserve,system,3091.378112,0.0,0.0,3091.378112,0.0,0.0
2035-08-23,6,0,reserve,system,3200.861746,0.0,0.0,3200.861746,0.0,0.0
2035-08-23,7,0,reserve,system,3192.346757,0.0,0.0,3192.346757,0.0,0.0
2035-08-23,8,0,reserve,system,3217.17402,0.0,0.0,3217.17402,0.0,0.0
2035-08-23,9,0,reserve,system,3248.257366,0.0,0.0,3248.257366,0.0,-0.0
2035-08-23,10,0,reserve,system,3224.244212,0.0,0.0,3224.244212,0.0,0.0
2035-08-23,11,0,reserve,system,3242.387616,0.0,0.0,3242.387616,0.0,0.0
2035-08-23,12,0,reserve,system,3274.453024,0.0,0.0,3274.453024,0.0,-0.0
2035-08-23,13,0,reserve,system,3226.422772,0.0,0.0,3226.422772,0.0,-0.0
2035-08-23,14,0,reserve,system,3182.362305,0.0,0.0,3182.362305,0.0,0.0
2035-08-23,15,0,reserve,system,3194.556557,0.0,0.0,3194.556557,0.0,-0.0
2035-08-23,16,0,reserve,system,3216.871464,0.0,0.0,3216.871464,0.0,0.0
2035-08-23,17,0,reserve,system,3148.810845,0.0,0.0,3148.810845,0.0,0.0
2035-08-23,18,0,reserve,system,3138.762573,0.0,0.0,3138.762573,0.0,-0.0
2035-08-23,19,0,reserve,system,3129.569938,0.0,0.0,3129.569938,0.0,-0.0
2035-08-23,20,0,reserve,system,3111.506301,0.0,0.0,3111.506301,0.0,0.0
2035-08-23,21,0,reserve,system,3120.005756,0.0,0.0,3120.005756,0.0,0.0
2035-08-23,22,0,reserve,system,3092.412665,0.0,0.0,3092.412665,0.0,0.0
2035-08-23,23,0,reserve,system,3052.054106,0.0,0.0,3052.054106,0.0,0.0
2035-08-24,0,0,reserve,system,2953.980137,0.0,0.0,2953.980137,0.0,0.0
2035-08-24,1,0,reserve,system,2882.485322,0.0,0.0,2882.485322,0.0,0.0
2035-08-24,2,0,reserve,system,2850.758577,0.0,0.0,2850.758577,0.0,0.0
2035-08-24,3,0,reserve,system,2830.113048,0.0,0.0,2830.113048,0.0,0.0
2035-08-24,4,0,reserve,system,2856.155024,0.0,0.0,2856.155024,0.0,0.0
2035-08-24,5,0,reserve,system,2898.409904,0.0,0.0,2898.409904,0.0,0.0
2035-08-24,6,0,reserve,system,2919.054628,0.0,0.0,2919.054628,0.0,0.0
2035-08-24,7,0,reserve,system,2923.91777,0.0,0.0,2923.91777,0.0,0.0
2035-08-24,8,0,reserve,system,2971.393127,0.0,0.0,2971.393127,0.0,0.0
2035-08-24,9,0,reserve,system,3022.95808,0.0,0.0,3022.95808,0.0,0.0
2035-08-24,10,0,reserve,system,3029.24458,0.0,0.0,3029.24458,0.0,0.0
2035-08-24,11,0,reserve,system,3051.846744,0.0,0.0,3051.846744,0.0,0.0
2035-08-24,12,0,reserve,system,3084.582662,0.0,0.0,3084.582662,0.0,0.0
2035-08-24,13,0,reserve,system,3076.500669,0.0,0.0,3076.500669,0.0,0.0
2035-08-24,14,0,reserve,system,3081.431151,0.0,0.0,3081.431151,0.0,0.0
2035-08-24,15,0,reserve,system,3118.211149,0.0,0.0,3118.211149,0.0,0.0
2035-08-24,16,0,reserve,system,3133.472103,0.0,0.0,3133.472103,0.0,0.0
2035-08-24,17,0,reserve,system,3053.139178,0.0,0.0,3053.139178,0.0,0.0
2035-08-24,18,0,reserve,system,3038.849193,0.0,0.0,3038.849193,0.0,0.0
2035-08-24,19,0,reserve,system,3019.358663,0.0,0.0,3019.358663,0.0,0.0
2035-08-24,20,0,reserve,system,3005.009687,0.0,0.0,3005.009687,0.0,0.0
2035-08-24,21,0,reserve,system,3017.212805,0.0,0.0,3017.212805,0.0,0.0
2035-08-24,22,0,reserve,system,3019.066168,0.0,0.0,3019.066168,0.0,0.0
2035-08-24,23,0,reserve,system,3017.653313,0.0,0.0,3017.653313,0.0,0.0
2035-08-25,0,0,reserve,system,2942.289042,0.0,0.0,2942.289042,0.0,0.0
2035-08-25,1,0,reserve,system,2864.412619,0.0,0.0,2864.412619,0.0,0.0
2035-08-25,2,0,reserve,system,2827.054085,0.0,0.0,2827.054085,0.0,0.0
2035-08-25,3,0,reserve,system,2786.286866,0.0,0.0,2786.286866,0.0,0.0
2035-08-25,4,0,reserve,system,2757.752854,0.0,0.0,2757.752854,0.0,0.0
2035-08-25,5,0,reserve,system,2705.942187,0.0,0.0,2705.942187,0.0,0.0
2035-08-25,6,0,reserve,system,2628.718109,0.0,0.0,2628.718109,0.0,0.0
2035-08-25,7,0,reserve,system,2616.987705,0.0,0.0,2616.987705,0.0,0.0
2035-08-25,8,0,reserve,system,2725.092454,0.0,0.0,2725.092454,0.0,0.0
2035-08-25,9,0,reserve,system,2814.095948,0.0,0.0,2814.095948,0.0,0.0
2035-08-25,10,0,reserve,system,2890.469279,0.0,0.0,2890.469279,0.0,0.0
2035-08-25,11,0,reserve,system,2949.728056,0.0,0.0,2949.728056,0.0,0.0
2035-08-25,12,0,reserve,system,3030.276082,0.0,0.0,3030.276082,0.0,0.0
2035-08-25,13,0,reserve,system,3007.369842,0.0,0.0,3007.369842,0.0,0.0
2035-08-25,14,0,reserve,system,3007.482825,0.0,0.0,3007.482825,0.0,0.0
2035-08-25,15,0,reserve,system,3061.534858,0.0,0.0,3061.534858,0.0,0.0
2035-08-25,16,0,reserve,system,3131.055356,0.0,0.0,3131.055356,0.0,0.0
2035-08-25,17,0,reserve,system,3130.68538,0.0,0.0,3130.68538,0.0,0.0
2035-08-25,18,0,reserve,system,3191.607633,0.0,0.0,3191.607633,0.0,0.0
2035-08-25,19,0,reserve,system,3212.383094,0.0,0.0,3212.383094,0.0,0.0
2035-08-25,20,0,reserve,system,3211.592086,0.0,0.0,3211.592086,0.0,0.0
2035-08-25,21,0,reserve,system,3234.91984,0.0,0.0,3234.91984,0.0,0.0
2035-08-25,22,0,reserve,system,3216.107458,0.0,0.0,3216.107458,0.0,0.0
2035-08-25,23,0,reserve,system,3197.337658,0.0,0.0,3197.337658,0.0,0.0
2035-08-26,0,0,reserve,system,3122.930138,0.0,0.0,3122.930138,0.0,0.0
2035-08-26,1,0,reserve,system,3054.048462,0.0,0.0,3054.048462,0.0,0.0
2035-08-26,2,0,reserve,system,3004.318582,0.0,0.0,3004.318582,0.0,0.0
2035-08-26,3,0,reserve,system,2983.058176,0.0,0.0,2983.058176,0.0,0.0
2035-08-26,4,0,reserve,system,2981.689314,0.0,0.0,2981.689314,0.0,0.0
2035-08-26,5,0,reserve,system,3019.611239,0.0,0.0,3019.611239,0.0,0.0
2035-08-26,6,0,reserve,system,3089.851656,0.0,0.0,3089.851656,0.0,0.0
2035-08-26,7,0,reserve,system,3082.296068,0.0,0.0,3082.296068,0.0,0.0
2035-08-26,8,0,reserve,system,3126.282778,0.0,0.0,3126.282778,0.0,0.0
2035-08-26,9,0,reserve,system,3172.508514,0.0,0.0,3172.508514,0.0,0.0
2035-08-26,10,0,reserve,system,3218.348338,0.0,0.0,3218.348338,0.0,0.0
2035-08-26,11,0,reserve,system,3291.828962,0.0,0.0,3291.828962,0.0,0.0
2035-08-26,12,0,reserve,system,3363.692251,0.0,0.0,3363.692251,0.0,0.0
2035-08-26,13,0,reserve,system,3375.399741,0.0,0.0,3375.399741,0.0,0.0
2035-08-26,14,0,reserve,system,3408.452783,0.0,0.0,3408.452783,0.0,0.0
2035-08-26,15,0,reserve,system,3452.790218,0.0,0.0,3452.790218,0.0,0.0
2035-08-26,16,0,reserve,system,3502.985821,0.0,0.0,3502.985821,0.0,0.0
2035-08-26,17,0,reserve,system,3481.005785,0.0,0.0,3481.005785,0.0,0.0
2035-08-26,18,0,reserve,system,3540.553145,0.0,0.0,3540.553145,0.0,0.0
2035-08-26,19,0,reserve,system,3533.972422,0.0,0.0,3533.972422,0.0,0.0
2035-08-26,20,0,reserve,system,3505.62687,0.0,0.0,3505.62687,0.0,0.0
2035-08-26,21,0,reserve,system,3502.062826,0.0,0.0,3502.062826,0.0,0.0
2035-08-26,22,0,reserve,system,3456.683618,0.0,0.0,3456.683618,0.0,0.0
2035-08-26,23,0,reserve,system,3421.769475,0.0,0.0,3421.769475,0.0,0.0
2035-08-27,0,0,reserve,system,3350.999096,0.0,0.0,3350.999096,0.0,0.0
2035-08-27,1,0,reserve,system,3262.344661,0.0,0.0,3262.344661,0.0,0.0
2035-08-27,2,0,reserve,system,3186.099718,0.0,0.0,3186.099718,0.0,0.0
2035-08-27,3,0,reserve,system,3127.910334,0.0,0.0,3127.910334,0.0,0.0
2035-08-27,4,0,reserve,system,3097.203284,0.0,0.0,3097.203284,0.0,0.0
2035-08-27,5,0,reserve,system,3108.307441,0.0,0.0,3108.307441,0.0,0.0
2035-08-27,6,0,reserve,system,3107.163506,0.0,0.0,3107.163506,0.0,0.0
2035-08-27,7,0,reserve,system,3065.775877,0.0,0.0,3065.775877,0.0,0.0
2035-08-27,8,0,reserve,system,3029.445527,0.0,0.0,3029.445527,0.0,0.0
2035-08-27,9,0,reserve,system,2988.397225,0.0,0.0,2988.397225,0.0,0.0
2035-08-27,10,0,reserve,system,2948.526213,0.0,0.0,2948.526213,0.0,0.0
2035-08-27,11,0,reserve,system,2948.807679,0.0,0.0,2948.807679,0.0,0.0
2035-08-27,12,0,reserve,system,2948.306995,0.0,0.0,2948.306995,0.0,0.0
2035-08-27,13,0,reserve,system,2917.104795,0.0,0.0,2917.104795,0.0,0.0
2035-08-27,14,0,reserve,system,2878.186598,0.0,0.0,2878.186598,0.0,0.0
2035-08-27,15,0,reserve,system,2855.078077,0.0,0.0,2855.078077,0.0,0.0
2035-08-27,16,0,reserve,system,2868.588923,0.0,0.0,2868.588923,0.0,0.0
2035-08-27,17,0,reserve,system,2844.760154,0.0,0.0,2844.760154,0.0,0.0
2035-08-27,18,0,reserve,system,2881.599424,0.0,0.0,2881.599424,0.0,0.0
2035-08-27,19,0,reserve,system,2919.272681,0.0,0.0,2919.272681,0.0,0.0
2035-08-27,20,0,reserve,system,2935.862293,0.0,0.0,2935.862293,0.0,0.0
2035-08-27,21,0,reserve,system,2939.228228,0.0,0.0,2939.228228,0.0,0.0
2035-08-27,22,0,reserve,system,2889.841673,0.0,0.0,2889.841673,0.0,0.0
2035-08-27,23,0,reserve,system,2846.685784,0.0,0.0,2846.685784,0.0,0.0
2035-08-28,0,0,reserve,system,2774.425353,0.0,0.0,2774.425353,0.0,0.0
2035-08-28,1,0,reserve,system,2719.236173,0.0,0.0,2719.236173,0.0,0.0
2035-08-28,2,0,reserve,system,2684.82762,0.0,0.0,2684.82762,0.0,0.0
2035-08-28,3,0,reserve,system,2673.689198,0.0,0.0,2673.689198,0.0,0.0
2035-08-28,4,0,reserve,system,2696.251697,0.0,0.0,2696.251697,0.0,0.0
2035-08-28,5,0,reserve,system,2769.542223,0.0,0.0,2769.542223,0.0,0.0
2035-08-28,6,0,reserve,system,2836.39038,0.0,0.0,2836.39038,0.0,0.0
2035-08-28,7,0,reserve,system,2837.352646,0.0,0.0,2837.352646,0.0,0.0
2035-08-28,8,0,reserve,system,2885.993396,0.0,0.0,2885.993396,0.0,0.0
2035-08-28,9,0,reserve,system,2912.345235,0.0,0.0,2912.345235,0.0,0.0
2035-08-28,10,0,reserve,system,2943.138514,0.0,0.0,2943.138514,0.0,0.0
2035-08-28,11,0,reserve,system,2985.526395,0.0,0.0,2985.526395,0.0,0.0
2035-08-28,12,0,reserve,system,3037.56109,0.0,0.0,3037.56109,0.0,0.0
2035-08-28,13,0,reserve,system,3026.624134,0.0,0.0,3026.624134,0.0,0.0
2035-08-28,14,0,reserve,system,3040.327802,0.0,0.0,3040.327802,0.0,0.0
2035-08-28,15,0,reserve,system,3095.653731,0.0,0.0,3095.653731,0.0,0.0
2035-08-28,16,0,reserve,system,3150.896996,0.0,0.0,3150.896996,0.0,0.0
2035-08-28,17,0,reserve,system,3097.959135,0.0,0.0,3097.959135,0.0,0.0
2035-08-28,18,0,reserve,system,3091.941812,0.0,0.0,3091.941812,0.0,0.0
2035-08-28,19,0,reserve,system,3089.601353,0.0,0.0,3089.601353,0.0,0.0
2035-08-28,20,0,reserve,system,3066.6825,0.0,0.0,3066.6825,0.0,0.0
2035-08-28,21,0,reserve,system,3047.823634,0.0,0.0,3047.823634,0.0,0.0
2035-08-28,22,0,reserve,system,2976.827048,0.0,0.0,2976.827048,0.0,0.0
2035-08-28,23,0,reserve,system,2909.707784,0.0,0.0,2909.707784,0.0,0.0
2035-08-29,0,0,reserve,system,2823.973066,0.0,0.0,2823.973066,0.0,0.0
2035-08-29,1,0,reserve,system,2766.996352,0.0,0.0,2766.996352,0.0,0.0
2035-08-29,2,0,reserve,system,2734.731843,0.0,0.0,2734.731843,0.0,0.0
2035-08-29,3,0,reserve,system,2715.33625,0.0,0.0,2715.33625,0.0,0.0
2035-08-29,4,0,reserve,system,2736.704137,0.0,0.0,2736.704137,0.0,0.0
2035-08-29,5,0,reserve,system,2795.980336,0.0,0.0,2795.980336,0.0,0.0
2035-08-29,6,0,reserve,system,2855.807144,0.0,0.0,2855.807144,0.0,0.0
2035-08-29,7,0,reserve,system,2848.031267,0.0,0.0,2848.031267,0.0,0.0
2035-08-29,8,0,reserve,system,2893.773396,0.0,0.0,2893.773396,0.0,0.0
2035-08-29,9,0,reserve,system,2961.648366,0.0,0.0,2961.648366,0.0,0.0
2035-08-29,10,0,reserve,system,3034.456751,0.0,0.0,3034.456751,0.0,0.0
2035-08-29,11,0,reserve,system,3129.091153,0.0,0.0,3129.091153,0.0,0.0
2035-08-29,12,0,reserve,system,3234.146198,0.0,0.0,3234.146198,0.0,0.0
2035-08-29,13,0,reserve,system,3268.429709,0.0,0.0,3268.429709,0.0,0.0
2035-08-29,14,0,reserve,system,3305.629153,0.0,0.0,3305.629153,0.0,0.0
2035-08-29,15,0,reserve,system,3368.545399,0.0,0.0,3368.545399,0.0,0.0
2035-08-29,16,0,reserve,system,3435.273184,0.0,0.0,3435.273184,0.0,0.0
2035-08-29,17,0,reserve,system,3401.821614,0.0,0.0,3401.821614,0.0,0.0
2035-08-29,18,0,reserve,system,3426.906754,0.0,0.0,3426.906754,0.0,0.0
2035-08-29,19,0,reserve,system,3408.225313,0.0,0.0,3408.225313,0.0,0.0
2035-08-29,20,0,reserve,system,3377.977618,0.0,0.0,3377.977618,0.0,0.0
2035-08-29,21,0,reserve,system,3351.254353,0.0,0.0,3351.254353,0.0,0.0
2035-08-29,22,0,reserve,system,3274.71524,0.0,0.0,3274.71524,0.0,0.0
2035-08-29,23,0,reserve,system,3201.186111,0.0,0.0,3201.186111,0.0,0.0
2035-08-30,0,0,reserve,system,3085.640326,0.0,0.0,3085.640326,0.0,0.0
2035-08-30,1,0,reserve,system,2993.65164,0.0,0.0,2993.65164,0.0,0.0
2035-08-30,2,0,reserve,system,2938.952626,0.0,0.0,2938.952626,0.0,0.0
2035-08-30,3,0,reserve,system,2899.55173,0.0,0.0,2899.55173,0.0,0.0
2035-08-30,4,0,reserve,system,2929.754723,0.0,0.0,2929.754723,0.0,0.0
2035-08-30,5,0,reserve,system,3036.449129,0.0,0.0,3036.449129,0.0,0.0
2035-08-30,6,0,reserve,system,3162.924844,0.0,0.0,3162.924844,0.0,0.0
2035-08-30,7,0,reserve,system,3150.814408,0.0,0.0,3150.814408,0.0,0.0
2035-08-30,8,0,reserve,system,3161.705856,0.0,0.0,3161.705856,0.0,0.0
2035-08-30,9,0,reserve,system,3174.100089,0.0,0.0,3174.100089,0.0,0.0
2035-08-30,10,0,reserve,system,3158.069464,0.0,0.0,3158.069464,0.0,0.0
2035-08-30,11,0,reserve,system,3190.232052,0.0,0.0,3190.232052,0.0,0.0
2035-08-30,12,0,reserve,system,3229.9524,0.0,0.0,3229.9524,0.0,0.0
2035-08-30,13,0,reserve,system,3208.285701,0.0,0.0,3208.285701,0.0,0.0
2035-08-30,14,0,reserve,system,3119.681003,0.0,0.0,3119.681003,0.0,0.0
2035-08-30,15,0,reserve,system,3059.043557,0.0,0.0,3059.043557,0.0,0.0
2035-08-30,16,0,reserve,system,3042.313267,0.0,0.0,3042.313267,0.0,0.0
2035-08-30,17,0,reserve,system,2974.490124,0.0,0.0,2974.490124,0.0,0.0
2035-08-30,18,0,reserve,system,2973.348321,0.0,0.0,2973.348321,0.0,0.0
2035-08-30,19,0,reserve,system,2950.696463,0.0,0.0,2950.696463,0.0,0.0
2035-08-30,20,0,reserve,system,2933.205886,0.0,0.0,2933.205886,0.0,0.0
2035-08-30,21,0,reserve,system,2936.133377,0.0,0.0,2936.133377,0.0,0.0
2035-08-30,22,0,reserve,system,2918.830884,0.0,0.0,2918.830884,0.0,0.0
2035-08-30,23,0,reserve,system,2880.575684,0.0,0.0,2880.575684,0.0,0.0
2035-08-31,0,0,reserve,system,2791.207334,0.0,0.0,2791.207334,0.0,0.0
2035-08-31,1,0,reserve,system,2715.116792,0.0,0.0,2715.116792,0.0,0.0
2035-08-31,2,0,reserve,system,2667.400327,0.0,0.0,2667.400327,0.0,0.0
2035-08-31,3,0,reserve,system,2631.001414,0.0,0.0,2631.001414,0.0,0.0
2035-08-31,4,0,reserve,system,2638.151065,0.0,0.0,2638.151065,0.0,0.0
2035-08-31,5,0,reserve,system,2669.542074,0.0,0.0,2669.542074,0.0,0.0
2035-08-31,6,0,reserve,system,2686.492285,0.0,0.0,2686.492285,0.0,0.0
2035-08-31,7,0,reserve,system,2697.875704,0.0,0.0,2697.875704,0.0,0.0
2035-08-31,8,0,reserve,system,2766.915959,0.0,0.0,2766.915959,0.0,0.0
2035-08-31,9,0,reserve,system,2825.248703,0.0,0.0,2825.248703,0.0,0.0
2035-08-31,10,0,reserve,system,2829.407864,0.0,0.0,2829.407864,0.0,0.0
2035-08-31,11,0,reserve,system,2851.261558,0.0,0.0,2851.261558,0.0,0.0
2035-08-31,12,0,reserve,system,2895.723523,0.0,0.0,2895.723523,0.0,0.0
2035-08-31,13,0,reserve,system,2883.246134,0.0,0.0,2883.246134,0.0,0.0
2035-08-31,14,0,reserve,system,2879.19511,0.0,0.0,2879.19511,0.0,0.0
2035-08-31,15,0,reserve,system,2905.983143,0.0,0.0,2905.983143,0.0,0.0
2035-08-31,16,0,reserve,system,2946.936183,0.0,0.0,2946.936183,0.0,0.0
2035-08-31,17,0,reserve,system,2917.898504,0.0,0.0,2917.898504,0.0,0.0
2035-08-31,18,0,reserve,system,2947.047068,0.0,0.0,2947.047068,0.0,0.0
2035-08-31,19,0,reserve,system,2933.456934,0.0,0.0,2933.456934,0.0,0.0
2035-08-31,20,0,reserve,system,2907.709545,0.0,0.0,2907.709545,0.0,0.0
2035-08-31,21,0,reserve,system,2899.70732,0.0,0.0,2899.70732,0.0,0.0
2035-08-31,22,0,reserve,system,2865.852749,0.0,0.0,2865.852749,0.0,0.0
2035-08-31,23,0,reserve,system,2843.271035,0.0,0.0,2843.271035,0.0,0.0
2035-09-01,0,0,reserve,system,2762.57859,0.0,0.0,2762.57859,0.0,0.0
2035-09-01,1,0,reserve,system,2687.349195,0.0,0.0,2687.349195,0.0,0.0
2035-09-01,2,0,reserve,system,2634.345325,0.0,0.0,2634.345325,0.0,0.0
2035-09-01,3,0,reserve,system,2588.731496,0.0,0.0,2588.731496,0.0,0.0
2035-09-01,4,0,reserve,system,2575.073061,0.0,0.0,2575.073061,0.0,0.0
2035-09-01,5,0,reserve,system,2568.932506,0.0,0.0,2568.932506,0.0,0.0
2035-09-01,6,0,reserve,system,2559.384629,0.0,0.0,2559.384629,0.0,0.0
2035-09-01,7,0,reserve,system,2562.645807,0.0,0.0,2562.645807,0.0,0.0
2035-09-01,8,0,reserve,system,2684.074196,0.0,0.0,2684.074196,0.0,0.0
2035-09-01,9,0,reserve,system,2791.824774,0.0,0.0,2791.824774,0.0,0.0
2035-09-01,10,0,reserve,system,2853.240593,0.0,0.0,2853.240593,0.0,0.0
2035-09-01,11,0,reserve,system,2858.316005,0.0,0.0,2858.316005,0.0,0.0
2035-09-01,12,0,reserve,system,2938.851501,0.0,0.0,2938.851501,0.0,0.0
2035-09-01,13,0,reserve,system,2957.704775,0.0,0.0,2957.704775,0.0,0.0
2035-09-01,14,0,reserve,system,2982.415884,0.0,0.0,2982.415884,0.0,0.0
2035-09-01,15,0,reserve,system,3016.903443,0.0,0.0,3016.903443,0.0,0.0
2035-09-01,16,0,reserve,system,3056.316755,0.0,0.0,3056.316755,0.0,0.0
2035-09-01,17,0,reserve,system,3002.036931,0.0,0.0,3002.036931,0.0,0.0
2035-09-01,18,0,reserve,system,3008.685425,0.0,0.0,3008.685425,0.0,0.0
2035-09-01,19,0,reserve,system,2971.180297,0.0,0.0,2971.180297,0.0,0.0
2035-09-01,20,0,reserve,system,2926.33972,0.0,0.0,2926.33972,0.0,0.0
2035-09-01,21,0,reserve,system,2909.764177,0.0,0.0,2909.764177,0.0,0.0
2035-09-01,22,0,reserve,system,2890.865733,0.0,0.0,2890.865733,0.0,0.0
2035-09-01,23,0,reserve,system,2860.87587,0.0,0.0,2860.87587,0.0,0.0
2035-09-02,0,0,reserve,system,2802.540789,0.0,0.0,2802.540789,0.0,0.0
2035-09-02,1,0,reserve,system,2712.48104,0.0,0.0,2712.48104,0.0,0.0
2035-09-02,2,0,reserve,system,2640.998421,0.0,0.0,2640.998421,0.0,0.0
2035-09-02,3,0,reserve,system,2585.467651,0.0,0.0,2585.467651,0.0,0.0
2035-09-02,4,0,reserve,system,2548.73319,0.0,0.0,2548.73319,0.0,0.0
2035-09-02,5,0,reserve,system,2509.087094,0.0,0.0,2509.087094,0.0,0.0
2035-09-02,6,0,reserve,system,2438.042085,0.0,0.0,2438.042085,0.0,0.0
2035-09-02,7,0,reserve,system,2397.470226,0.0,0.0,2397.470226,0.0,0.0
2035-09-02,8,0,reserve,system,2509.738247,0.0,0.0,2509.738247,0.0,0.0
2035-09-02,9,0,reserve,system,2660.624947,0.0,0.0,2660.624947,0.0,0.0
2035-09-02,10,0,reserve,system,2819.026809,0.0,0.0,2819.026809,0.0,0.0
2035-09-02,11,0,reserve,system,2947.39844,0.0,0.0,2947.39844,0.0,0.0
2035-09-02,12,0,reserve,system,3060.781924,0.0,0.0,3060.781924,0.0,0.0
2035-09-02,13,0,reserve,system,3057.362645,0.0,0.0,3057.362645,0.0,0.0
2035-09-02,14,0,reserve,system,3062.726294,0.0,0.0,3062.726294,0.0,0.0
2035-09-02,15,0,reserve,system,3099.695637,0.0,0.0,3099.695637,0.0,0.0
2035-09-02,16,0,reserve,system,3144.47448,0.0,0.0,3144.47448,0.0,0.0
2035-09-02,17,0,reserve,system,3112.383987,0.0,0.0,3112.383987,0.0,0.0
2035-09-02,18,0,reserve,system,3117.748974,0.0,0.0,3117.748974,0.0,0.0
2035-09-02,19,0,reserve,system,3075.325464,0.0,0.0,3075.325464,0.0,0.0
2035-09-02,20,0,reserve,system,3029.830825,0.0,0.0,3029.830825,0.0,0.0
2035-09-02,21,0,reserve,system,2994.210987,0.0,0.0,2994.210987,0.0,0.0
2035-09-02,22,0,reserve,system,2913.495244,0.0,0.0,2913.495244,0.0,0.0
2035-09-02,23,0,reserve,system,2821.539006,0.0,0.0,2821.539006,0.0,0.0
2035-09-03,0,0,reserve,system,2715.807855,0.0,0.0,2715.807855,0.0,0.0
2035-09-03,1,0,reserve,system,2627.359426,0.0,0.0,2627.359426,0.0,0.0
2035-09-03,2,0,reserve,system,2567.559498,0.0,0.0,2567.559498,0.0,0.0
2035-09-03,3,0,reserve,system,2535.419418,0.0,0.0,2535.419418,0.0,0.0
2035-09-03,4,0,reserve,system,2539.974145,0.0,0.0,2539.974145,0.0,0.0
2035-09-03,5,0,reserve,system,2587.44864,0.0,0.0,2587.44864,0.0,0.0
2035-09-03,6,0,reserve,system,2668.109351,0.0,0.0,2668.109351,0.0,0.0
2035-09-03,7,0,reserve,system,2676.517406,0.0,0.0,2676.517406,0.0,0.0
2035-09-03,8,0,reserve,system,2779.554929,0.0,0.0,2779.554929,0.0,0.0
2035-09-03,9,0,reserve,system,2926.496393,0.0,0.0,2926.496393,0.0,0.0
2035-09-03,10,0,reserve,system,3097.463473,0.0,0.0,3097.463473,0.0,0.0
2035-09-03,11,0,reserve,system,3283.321289,0.0,0.0,3283.321289,0.0,0.0
2035-09-03,12,0,reserve,system,3392.523912,0.0,0.0,3392.523912,0.0,0.0
2035-09-03,13,0,reserve,system,3436.817392,0.0,0.0,3436.817392,0.0,0.0
2035-09-03,14,0,reserve,system,3448.656258,0.0,0.0,3448.656258,0.0,0.0
2035-09-03,15,0,reserve,system,3470.14402,0.0,0.0,3470.14402,0.0,0.0
2035-09-03,16,0,reserve,system,3496.972837,0.0,0.0,3496.972837,0.0,0.0
2035-09-03,17,0,reserve,system,3431.154567,0.0,0.0,3431.154567,0.0,0.0
2035-09-03,18,0,reserve,system,3433.535908,0.0,0.0,3433.535908,0.0,0.0
2035-09-03,19,0,reserve,system,3404.491125,0.0,0.0,3404.491125,0.0,0.0
2035-09-03,20,0,reserve,system,3321.785877,0.0,0.0,3321.785877,0.0,0.0
2035-09-03,21,0,reserve,system,3278.288931,0.0,0.0,3278.288931,0.0,0.0
2035-09-03,22,0,reserve,system,3193.15271,0.0,0.0,3193.15271,0.0,0.0
2035-09-03,23,0,reserve,system,3092.247735,0.0,0.0,3092.247735,0.0,0.0
2035-09-04,0,0,reserve,system,2947.016456,0.0,0.0,2947.016456,0.0,0.0
2035-09-04,1,0,reserve,system,2866.798755,0.0,0.0,2866.798755,0.0,0.0
2035-09-04,2,0,reserve,system,2809.218651,0.0,0.0,2809.218651,0.0,0.0
2035-09-04,3,0,reserve,system,2775.389122,0.0,0.0,2775.389122,0.0,0.0
2035-09-04,4,0,reserve,system,2785.307779,0.0,0.0,2785.307779,0.0,0.0
2035-09-04,5,0,reserve,system,2854.498437,0.0,0.0,2854.498437,0.0,0.0
2035-09-04,6,0,reserve,system,2903.802628,0.0,0.0,2903.802628,0.0,0.0
2035-09-04,7,0,reserve,system,2913.314108,0.0,0.0,2913.314108,0.0,0.0
2035-09-04,8,0,reserve,system,2996.452351,0.0,0.0,2996.452351,0.0,0.0
2035-09-04,9,0,reserve,system,3139.538363,0.0,0.0,3139.538363,0.0,0.0
2035-09-04,10,0,reserve,system,3233.315216,0.0,0.0,3233.315216,0.0,0.0
2035-09-04,11,0,reserve,system,3309.631029,0.0,0.0,3309.631029,0.0,0.0
2035-09-04,12,0,reserve,system,3361.622725,0.0,0.0,3361.622725,0.0,0.0
2035-09-04,13,0,reserve,system,3324.462518,0.0,0.0,3324.462518,0.0,0.0
2035-09-04,14,0,reserve,system,3305.413197,0.0,0.0,3305.413197,0.0,0.0
2035-09-04,15,0,reserve,system,3318.603442,0.0,0.0,3318.603442,0.0,0.0
2035-09-04,16,0,reserve,system,3339.704895,0.0,0.0,3339.704895,0.0,0.0
2035-09-04,17,0,reserve,system,3289.539608,0.0,0.0,3289.539608,0.0,0.0
2035-09-04,18,0,reserve,system,3293.53613,0.0,0.0,3293.53613,0.0,0.0
2035-09-04,19,0,reserve,system,3278.921086,0.0,0.0,3278.921086,0.0,0.0
2035-09-04,20,0,reserve,system,3218.659888,0.0,0.0,3218.659888,0.0,0.0
2035-09-04,21,0,reserve,system,3168.131806,0.0,0.0,3168.131806,0.0,0.0
2035-09-04,22,0,reserve,system,3098.127164,0.0,0.0,3098.127164,0.0,0.0
2035-09-04,23,0,reserve,system,3022.567688,0.0,0.0,3022.567688,0.0,0.0
2035-09-05,0,0,reserve,system,2905.301374,0.0,0.0,2905.301374,0.0,0.0
2035-09-05,1,0,reserve,system,2814.364414,0.0,0.0,2814.364414,0.0,0.0
2035-09-05,2,0,reserve,system,2760.776236,0.0,0.0,2760.776236,0.0,0.0
2035-09-05,3,0,reserve,system,2719.006924,0.0,0.0,2719.006924,0.0,0.0
2035-09-05,4,0,reserve,system,2719.607137,0.0,0.0,2719.607137,0.0,0.0
2035-09-05,5,0,reserve,system,2782.705145,0.0,0.0,2782.705145,0.0,0.0
2035-09-05,6,0,reserve,system,2849.599799,0.0,0.0,2849.599799,0.0,0.0
2035-09-05,7,0,reserve,system,2840.378316,0.0,0.0,2840.378316,0.0,0.0
2035-09-05,8,0,reserve,system,2900.955216,0.0,0.0,2900.955216,0.0,0.0
2035-09-05,9,0,reserve,system,3011.90665,0.0,0.0,3011.90665,0.0,0.0
2035-09-05,10,0,reserve,system,3089.578316,0.0,0.0,3089.578316,0.0,0.0
2035-09-05,11,0,reserve,system,3196.210238,0.0,0.0,3196.210238,0.0,0.0
2035-09-05,12,0,reserve,system,3277.370276,0.0,0.0,3277.370276,0.0,0.0
2035-09-05,13,0,reserve,system,3271.552239,0.0,0.0,3271.552239,0.0,0.0
2035-09-05,14,0,reserve,system,3265.520522,0.0,0.0,3265.520522,0.0,0.0
2035-09-05,15,0,reserve,system,3267.756826,0.0,0.0,3267.756826,0.0,0.0
2035-09-05,16,0,reserve,system,3283.649324,0.0,0.0,3283.649324,0.0,0.0
2035-09-05,17,0,reserve,system,3247.519692,0.0,0.0,3247.519692,0.0,0.0
2035-09-05,18,0,reserve,system,3271.115467,0.0,0.0,3271.115467,0.0,0.0
2035-09-05,19,0,reserve,system,3267.423489,0.0,0.0,3267.423489,0.0,0.0
2035-09-05,20,0,reserve,system,3226.912868,0.0,0.0,3226.912868,0.0,0.0
2035-09-05,21,0,reserve,system,3188.413468,0.0,0.0,3188.413468,0.0,0.0
2035-09-05,22,0,reserve,system,3098.981979,0.0,0.0,3098.981979,0.0,0.0
2035-09-05,23,0,reserve,system,3017.741357,0.0,0.0,3017.741357,0.0,0.0
2035-09-06,0,0,reserve,system,2900.044552,0.0,0.0,2900.044552,0.0,0.0
2035-09-06,1,0,reserve,system,2820.115008,0.0,0.0,2820.115008,0.0,0.0
2035-09-06,2,0,reserve,system,2772.899894,0.0,0.0,2772.899894,0.0,0.0
2035-09-06,3,0,reserve,system,2744.534472,0.0,0.0,2744.534472,0.0,0.0
2035-09-06,4,0,reserve,system,2769.08115,0.0,0.0,2769.08115,0.0,0.0
2035-09-06,5,0,reserve,system,2874.120854,0.0,0.0,2874.120854,0.0,0.0
2035-09-06,6,0,reserve,system,3025.478811,0.0,0.0,3025.478811,0.0,0.0
2035-09-06,7,0,reserve,system,3037.814792,0.0,0.0,3037.814792,0.0,0.0
2035-09-06,8,0,reserve,system,3073.243342,0.0,0.0,3073.243342,0.0,0.0
2035-09-06,9,0,reserve,system,3165.975644,0.0,0.0,3165.975644,0.0,0.0
2035-09-06,10,0,reserve,system,3253.838654,0.0,0.0,3253.838654,0.0,0.0
2035-09-06,11,0,reserve,system,3325.707904,0.0,0.0,3325.707904,0.0,0.0
2035-09-06,12,0,reserve,system,3407.841143,0.0,0.0,3407.841143,0.0,0.0
2035-09-06,13,0,reserve,system,3413.675675,0.0,0.0,3413.675675,0.0,0.0
2035-09-06,14,0,reserve,system,3414.531988,0.0,0.0,3414.531988,0.0,0.0
2035-09-06,15,0,reserve,system,3433.610095,0.0,0.0,3433.610095,0.0,0.0
2035-09-06,16,0,reserve,system,3460.669985,0.0,0.0,3460.669985,0.0,0.0
2035-09-06,17,0,reserve,system,3398.789303,0.0,0.0,3398.789303,0.0,0.0
2035-09-06,18,0,reserve,system,3403.033113,0.0,0.0,3403.033113,0.0,0.0
2035-09-06,19,0,reserve,system,3345.055081,0.0,0.0,3345.055081,0.0,0.0
2035-09-06,20,0,reserve,system,3261.276089,0.0,0.0,3261.276089,0.0,0.0
2035-09-06,21,0,reserve,system,3219.854654,0.0,0.0,3219.854654,0.0,0.0
2035-09-06,22,0,reserve,system,3169.986317,0.0,0.0,3169.986317,0.0,0.0
2035-09-06,23,0,reserve,system,3123.721496,0.0,0.0,3123.721496,0.0,0.0
2035-09-07,0,0,reserve,system,3024.240388,0.0,0.0,3024.240388,0.0,0.0
2035-09-07,1,0,reserve,system,2928.257457,0.0,0.0,2928.257457,0.0,0.0
2035-09-07,2,0,reserve,system,2868.666469,0.0,0.0,2868.666469,0.0,0.0
2035-09-07,3,0,reserve,system,2812.98141,0.0,0.0,2812.98141,0.0,0.0
2035-09-07,4,0,reserve,system,2792.459633,0.0,0.0,2792.459633,0.0,0.0
2035-09-07,5,0,reserve,system,2814.552893,0.0,0.0,2814.552893,0.0,0.0
2035-09-07,6,0,reserve,system,2835.974872,0.0,0.0,2835.974872,0.0,0.0
2035-09-07,7,0,reserve,system,2838.698492,0.0,0.0,2838.698492,0.0,0.0
2035-09-07,8,0,reserve,system,2943.612932,0.0,0.0,2943.612932,0.0,0.0
2035-09-07,9,0,reserve,system,3082.196712,0.0,0.0,3082.196712,0.0,0.0
2035-09-07,10,0,reserve,system,3189.363367,0.0,0.0,3189.363367,0.0,0.0
2035-09-07,11,0,reserve,system,3271.479042,0.0,0.0,3271.479042,0.0,0.0
2035-09-07,12,0,reserve,system,3320.917462,0.0,0.0,3320.917462,0.0,0.0
2035-09-07,13,0,reserve,system,3303.833542,0.0,0.0,3303.833542,0.0,0.0
2035-09-07,14,0,reserve,system,3297.272838,0.0,0.0,3297.272838,0.0,0.0
2035-09-07,15,0,reserve,system,3324.725035,0.0,0.0,3324.725035,0.0,0.0
2035-09-07,16,0,reserve,system,3347.43052,0.0,0.0,3347.43052,0.0,0.0
2035-09-07,17,0,reserve,system,3303.859127,0.0,0.0,3303.859127,0.0,0.0
2035-09-07,18,0,reserve,system,3322.344115,0.0,0.0,3322.344115,0.0,0.0
2035-09-07,19,0,reserve,system,3271.514504,0.0,0.0,3271.514504,0.0,0.0
2035-09-07,20,0,reserve,system,3180.660556,0.0,0.0,3180.660556,0.0,0.0
2035-09-07,21,0,reserve,system,3140.238215,0.0,0.0,3140.238215,0.0,0.0
2035-09-07,22,0,reserve,system,3106.15888,0.0,0.0,3106.15888,0.0,0.0
2035-09-07,23,0,reserve,system,3085.013234,0.0,0.0,3085.013234,0.0,0.0
2035-09-08,0,0,reserve,system,2970.722079,0.0,0.0,2970.722079,0.0,0.0
2035-09-08,1,0,reserve,system,2866.891081,0.0,0.0,2866.891081,0.0,0.0
2035-09-08,2,0,reserve,system,2785.314888,0.0,0.0,2785.314888,0.0,0.0
2035-09-08,3,0,reserve,system,2715.314277,0.0,0.0,2715.314277,0.0,0.0
2035-09-08,4,0,reserve,system,2673.591119,0.0,0.0,2673.591119,0.0,0.0
2035-09-08,5,0,reserve,system,2613.109023,0.0,0.0,2613.109023,0.0,0.0
2035-09-08,6,0,reserve,system,2510.312778,0.0,0.0,2510.312778,0.0,0.0
2035-09-08,7,0,reserve,system,2485.719842,0.0,0.0,2485.719842,0.0,0.0
2035-09-08,8,0,reserve,system,2619.673141,0.0,0.0,2619.673141,0.0,0.0
2035-09-08,9,0,reserve,system,2769.227393,0.0,0.0,2769.227393,0.0,-0.0
2035-09-08,10,0,reserve,system,2909.314533,0.0,0.0,2909.314533,0.0,0.0
2035-09-08,11,0,reserve,system,3020.574485,0.0,0.0,3020.574485,0.0,0.0
2035-09-08,12,0,reserve,system,3148.438642,0.0,0.0,3148.438642,0.0,0.0
2035-09-08,13,0,reserve,system,3208.315624,0.0,0.0,3208.315624,0.0,0.0
2035-09-08,14,0,reserve,system,3237.635435,0.0,0.0,3237.635435,0.0,0.0
2035-09-08,15,0,reserve,system,3285.569346,0.0,0.0,3285.569346,0.0,0.0
2035-09-08,16,0,reserve,system,3350.650287,0.0,0.0,3350.650287,0.0,0.0
2035-09-08,17,0,reserve,system,3312.890205,0.0,0.0,3312.890205,0.0,0.0
2035-09-08,18,0,reserve,system,3307.72194,0.0,0.0,3307.72194,0.0,0.0
2035-09-08,19,0,reserve,system,3260.607173,0.0,0.0,3260.607173,958.828898,5.0
2035-09-08,20,0,reserve,system,3192.916153,0.0,0.0,3192.916153,0.0,0.0
2035-09-08,21,0,reserve,system,3166.915219,0.0,0.0,3166.915219,0.0,0.0
2035-09-08,22,0,reserve,system,3107.266096,0.0,0.0,3107.266096,0.0,0.0
2035-09-08,23,0,reserve,system,3030.311014,0.0,0.0,3030.311014,0.0,0.0
2035-09-09,0,0,reserve,system,2920.602873,0.0,0.0,2920.602873,0.0,0.0
2035-09-09,1,0,reserve,system,2840.228003,0.0,0.0,2840.228003,0.0,0.0
2035-09-09,2,0,reserve,system,2774.963116,0.0,0.0,2774.963116,0.0,0.0
2035-09-09,3,0,reserve,system,2737.389239,0.0,0.0,2737.389239,0.0,0.0
2035-09-09,4,0,reserve,system,2738.539935,0.0,0.0,2738.539935,0.0,0.0
2035-09-09,5,0,reserve,system,2783.298085,0.0,0.0,2783.298085,0.0,0.0
2035-09-09,6,0,reserve,system,2839.834485,0.0,0.0,2839.834485,0.0,0.0
2035-09-09,7,0,reserve,system,2832.400194,0.0,0.0,2832.400194,0.0,0.0
2035-09-09,8,0,reserve,system,2885.452743,0.0,0.0,2885.452743,0.0,0.0
2035-09-09,9,0,reserve,system,2989.441317,0.0,0.0,2989.441317,0.0,0.0
2035-09-09,10,0,reserve,system,3108.271164,0.0,0.0,3108.271164,0.0,0.0
2035-09-09,11,0,reserve,system,3224.014758,0.0,0.0,3224.014758,0.0,0.0
2035-09-09,12,0,reserve,system,3348.907937,0.0,0.0,3348.907937,0.0,0.0
2035-09-09,13,0,reserve,system,3401.589302,0.0,0.0,3401.589302,0.0,0.0
2035-09-09,14,0,reserve,system,3448.698056,0.0,0.0,3448.698056,0.0,0.0
2035-09-09,15,0,reserve,system,3500.942113,0.0,0.0,3500.942113,0.0,0.0
2035-09-09,16,0,reserve,system,3545.555099,0.0,0.0,3545.555099,0.0,0.0
2035-09-09,17,0,reserve,system,3434.025641,0.0,0.0,3434.025641,0.0,0.0
2035-09-09,18,0,reserve,system,3390.344551,0.0,0.0,3390.344551,0.0,0.0
2035-09-09,19,0,reserve,system,3312.445207,0.0,0.0,3312.445207,0.0,0.0
2035-09-09,20,0,reserve,system,3235.031833,0.0,0.0,3235.031833,0.0,0.0
2035-09-09,21,0,reserve,system,3192.04989,0.0,0.0,3192.04989,0.0,0.0
2035-09-09,22,0,reserve,system,3130.562813,0.0,0.0,3130.562813,0.0,0.0
2035-09-09,23,0,reserve,system,3038.44694,0.0,0.0,3038.44694,0.0,0.0
2035-09-10,0,0,reserve,system,2935.107952,0.0,0.0,2935.107952,0.0,0.0
2035-09-10,1,0,reserve,system,2842.369805,0.0,0.0,2842.369805,0.0,0.0
2035-09-10,2,0,reserve,system,2777.867481,0.0,0.0,2777.867481,0.0,0.0
2035-09-10,3,0,reserve,system,2735.844814,0.0,0.0,2735.844814,0.0,0.0
2035-09-10,4,0,reserve,system,2726.464793,0.0,0.0,2726.464793,0.0,0.0
2035-09-10,5,0,reserve,system,2772.968199,0.0,0.0,2772.968199,0.0,0.0
2035-09-10,6,0,reserve,system,2823.02415,0.0,0.0,2823.02415,0.0,0.0
2035-09-10,7,0,reserve,system,2819.801609,0.0,0.0,2819.801609,0.0,0.0
2035-09-10,8,0,reserve,system,2880.166962,0.0,0.0,2880.166962,0.0,0.0
2035-09-10,9,0,reserve,system,3002.580654,0.0,0.0,3002.580654,0.0,0.0
2035-09-10,10,0,reserve,system,3119.32895,0.0,0.0,3119.32895,0.0,0.0
2035-09-10,11,0,reserve,system,3265.669635,0.0,0.0,3265.669635,0.0,0.0
2035-09-10,12,0,reserve,system,3371.873435,0.0,0.0,3371.873435,0.0,0.0
2035-09-10,13,0,reserve,system,3386.819851,0.0,0.0,3386.819851,0.0,0.0
2035-09-10,14,0,reserve,system,3359.347719,0.0,0.0,3359.347719,0.0,0.0
2035-09-10,15,0,reserve,system,3357.218303,0.0,0.0,3357.218303,0.0,0.0
2035-09-10,16,0,reserve,system,3356.294249,0.0,0.0,3356.294249,0.0,0.0
2035-09-10,17,0,reserve,system,3234.343959,0.0,0.0,3234.343959,0.0,0.0
2035-09-10,18,0,reserve,system,3172.939243,0.0,0.0,3172.939243,0.0,0.0
2035-09-10,19,0,reserve,system,3103.592283,0.0,0.0,3103.592283,0.0,0.0
2035-09-10,20,0,reserve,system,3050.166995,0.0,0.0,3050.166995,0.0,0.0
2035-09-10,21,0,reserve,system,3015.729339,0.0,0.0,3015.729339,0.0,0.0
2035-09-10,22,0,reserve,system,2947.874994,0.0,0.0,2947.874994,0.0,0.0
2035-09-10,23,0,reserve,system,2880.093739,0.0,0.0,2880.093739,0.0,0.0
