Date,Hour,Minute,Reserve,Scope,Magnitude,Shortfall,Price,DA Magnitude,DA Shortfall,DA Price
2035-01-01,0,0,reserve,system,2589.857519,0.0,0.0,2589.857519,0.0,0.0
2035-01-01,1,0,reserve,system,2612.317716,0.0,0.0,2612.317716,0.0,0.0
2035-01-01,2,0,reserve,system,2618.72291,0.0,0.0,2618.72291,0.0,0.0
2035-01-01,3,0,reserve,system,2623.606636,0.0,0.0,2623.606636,0.0,0.0
2035-01-01,4,0,reserve,system,2638.769577,0.0,0.0,2638.769577,0.0,0.0
2035-01-01,5,0,reserve,system,2674.151891,0.0,0.0,2674.151891,0.0,0.0
2035-01-01,6,0,reserve,system,2712.149166,0.0,0.0,2712.149166,0.0,0.0
2035-01-01,7,0,reserve,system,2729.555141,0.0,0.0,2729.555141,0.0,0.0
2035-01-01,8,0,reserve,system,2727.089672,0.0,0.0,2727.089672,0.0,0.0
2035-01-01,9,0,reserve,system,2732.552874,0.0,0.0,2732.552874,0.0,0.0
2035-01-01,10,0,reserve,system,2759.313559,0.0,0.0,2759.313559,0.0,0.0
2035-01-01,11,0,reserve,system,2747.961886,0.0,0.0,2747.961886,0.0,0.0
2035-01-01,12,0,reserve,system,2723.874978,0.0,0.0,2723.874978,0.0,0.0
2035-01-01,13,0,reserve,system,2724.432342,0.0,0.0,2724.432342,0.0,0.0
2035-01-01,14,0,reserve,system,2743.856053,0.0,0.0,2743.856053,0.0,0.0
2035-01-01,15,0,reserve,system,2794.978613,0.0,0.0,2794.978613,0.0,0.0
2035-01-01,16,0,reserve,system,2903.516308,0.0,0.0,2903.516308,0.0,0.0
2035-01-01,17,0,reserve,system,3013.201521,0.0,0.0,3013.201521,0.0,0.0
2035-01-01,18,0,reserve,system,2995.962457,0.0,0.0,2995.962457,0.0,0.0
2035-01-01,19,0,reserve,system,2960.170975,0.0,0.0,2960.170975,0.0,0.0
2035-01-01,20,0,reserve,system,2919.392432,0.0,0.0,2919.392432,0.0,0.0
2035-01-01,21,0,reserve,system,2868.770109,0.0,0.0,2868.770109,0.0,0.0
2035-01-01,22,0,reserve,system,2796.948021,0.0,0.0,2796.948021,0.0,0.0
2035-01-01,23,0,reserve,system,2723.077942,0.0,0.0,2723.077942,0.0,0.0
2035-01-02,0,0,reserve,system,2664.908151,0.0,0.0,2664.908151,0.0,0.0
2035-01-02,1,0,reserve,system,2642.328121,0.0,0.0,2642.328121,0.0,0.0
2035-01-02,2,0,reserve,system,2631.381959,0.0,0.0,2631.381959,0.0,0.0
2035-01-02,3,0,reserve,system,2654.075887,0.0,0.0,2654.075887,0.0,0.0
2035-01-02,4,0,reserve,system,2720.867958,0.0,0.0,2720.867958,0.0,0.0
2035-01-02,5,0,reserve,system,2801.97462,0.0,0.0,2801.97462,0.0,0.0
2035-01-02,6,0,reserve,system,2806.718744,0.0,0.0,2806.718744,0.0,0.0
2035-01-02,7,0,reserve,system,2841.315139,0.0,0.0,2841.315139,0.0,0.0
2035-01-02,8,0,reserve,system,2936.3889,0.0,0.0,2936.3889,0.0,0.0
2035-01-02,9,0,reserve,system,3060.201143,0.0,0.0,3060.201143,0.0,0.0
2035-01-02,10,0,reserve,system,3157.942098,0.0,0.0,3157.942098,0.0,0.0
2035-01-02,11,0,reserve,system,3238.090868,0.0,0.0,3238.090868,0.0,0.0
2035-01-02,12,0,reserve,system,3294.218091,0.0,0.0,3294.218091,0.0,0.0
2035-01-02,13,0,reserve,system,3335.654517,0.0,0.0,3335.654517,0.0,0.0
2035-01-02,14,0,reserve,system,3364.045653,0.0,0.0,3364.045653,0.0,0.0
2035-01-02,15,0,reserve,system,3381.027019,0.0,0.0,3381.027019,0.0,0.0
2035-01-02,16,0,reserve,system,3393.28252,0.0,0.0,3393.28252,0.0,0.0
2035-01-02,17,0,reserve,system,3390.141136,0.0,0.0,3390.141136,0.0,0.0
2035-01-02,18,0,reserve,system,3274.205793,0.0,0.0,3274.205793,0.0,0.0
2035-01-02,19,0,reserve,system,3180.181032,0.0,0.0,3180.181032,0.0,0.0
2035-01-02,20,0,reserve,system,3090.683597,0.0,0.0,3090.683597,0.0,0.0
2035-01-02,21,0,reserve,system,3022.026109,0.0,0.0,3022.026109,0.0,0.0
2035-01-02,22,0,reserve,system,2944.556977,0.0,0.0,2944.556977,0.0,0.0
2035-01-02,23,0,reserve,system,2872.084181,0.0,0.0,2872.084181,0.0,0.0
2035-01-03,0,0,reserve,system,2807.375192,0.0,0.0,2807.375192,0.0,0.0
2035-01-03,1,0,reserve,system,2776.978199,0.0,0.0,2776.978199,0.0,0.0
2035-01-03,2,0,reserve,system,2761.371069,0.0,0.0,2761.371069,0.0,0.0
2035-01-03,3,0,reserve,system,2768.933037,0.0,0.0,2768.933037,0.0,0.0
2035-01-03,4,0,reserve,system,2816.246847,0.0,0.0,2816.246847,0.0,0.0
2035-01-03,5,0,reserve,system,2860.141618,0.0,0.0,2860.141618,0.0,0.0
2035-01-03,6,0,reserve,system,2840.26926,0.0,0.0,2840.26926,0.0,0.0
2035-01-03,7,0,reserve,system,2878.38211,0.0,0.0,2878.38211,0.0,0.0
2035-01-03,8,0,reserve,system,2879.446139,0.0,0.0,2879.446139,0.0,0.0
2035-01-03,9,0,reserve,system,2853.235645,0.0,0.0,2853.235645,0.0,0.0
2035-01-03,10,0,reserve,system,2846.733651,0.0,0.0,2846.733651,0.0,0.0
2035-01-03,11,0,reserve,system,2828.648652,0.0,0.0,2828.648652,0.0,0.0
2035-01-03,12,0,reserve,system,2790.526624,0.0,0.0,2790.526624,0.0,0.0
2035-01-03,13,0,reserve,system,2757.914349,0.0,0.0,2757.914349,0.0,0.0
2035-01-03,14,0,reserve,system,2731.767845,0.0,0.0,2731.767845,0.0,0.0
2035-01-03,15,0,reserve,system,2742.742957,0.0,0.0,2742.742957,0.0,0.0
2035-01-03,16,0,reserve,system,2810.97891,0.0,0.0,2810.97891,0.0,0.0
2035-01-03,17,0,reserve,system,2897.252145,0.0,0.0,2897.252145,0.0,0.0
2035-01-03,18,0,reserve,system,2929.726494,0.0,0.0,2929.726495,0.0,0.0
2035-01-03,19,0,reserve,system,2940.312431,0.0,0.0,2940.312431,0.0,0.0
2035-01-03,20,0,reserve,system,2936.971246,0.0,0.0,2936.971246,0.0,0.0
2035-01-03,21,0,reserve,system,2945.304998,0.0,0.0,2945.304998,0.0,0.0
2035-01-03,22,0,reserve,system,2922.88017,0.0,0.0,2922.88017,0.0,0.0
2035-01-03,23,0,reserve,system,2886.809273,0.0,0.0,2886.809273,0.0,0.0
2035-01-04,0,0,reserve,system,2856.14325,0.0,0.0,2856.14325,0.0,0.0
2035-01-04,1,0,reserve,system,2864.301235,0.0,0.0,2864.301235,0.0,0.0
2035-01-04,2,0,reserve,system,2871.739082,0.0,0.0,2871.739082,0.0,0.0
2035-01-04,3,0,reserve,system,2920.877957,0.0,0.0,2920.877957,0.0,0.0
2035-01-04,4,0,reserve,system,2981.317043,0.0,0.0,2981.317043,0.0,0.0
2035-01-04,5,0,reserve,system,3062.093556,0.0,0.0,3062.093556,0.0,0.0
2035-01-04,6,0,reserve,system,3098.792664,0.0,0.0,3098.792664,0.0,0.0
2035-01-04,7,0,reserve,system,3113.769419,0.0,0.0,3113.769419,0.0,0.0
2035-01-04,8,0,reserve,system,3054.47178,0.0,0.0,3054.47178,0.0,0.0
2035-01-04,9,0,reserve,system,2871.556236,0.0,0.0,2871.556236,0.0,0.0
2035-01-04,10,0,reserve,system,2724.025012,0.0,0.0,2724.025012,0.0,0.0
2035-01-04,11,0,reserve,system,2595.563607,0.0,0.0,2595.563607,0.0,0.0
2035-01-04,12,0,reserve,system,2485.000271,0.0,0.0,2485.000271,0.0,0.0
2035-01-04,13,0,reserve,system,2419.409265,0.0,0.0,2419.409265,0.0,0.0
2035-01-04,14,0,reserve,system,2377.543354,0.0,0.0,2377.543354,0.0,0.0
2035-01-04,15,0,reserve,system,2383.711012,0.0,0.0,2383.711012,0.0,0.0
2035-01-04,16,0,reserve,system,2417.768828,0.0,0.0,2417.768828,0.0,0.0
2035-01-04,17,0,reserve,system,2488.049042,0.0,0.0,2488.049042,0.0,0.0
2035-01-04,18,0,reserve,system,2597.221428,0.0,0.0,2597.221428,0.0,0.0
2035-01-04,19,0,reserve,system,2650.36361,0.0,0.0,2650.36361,0.0,0.0
2035-01-04,20,0,reserve,system,2686.767496,0.0,0.0,2686.767496,0.0,0.0
2035-01-04,21,0,reserve,system,2719.019208,0.0,0.0,2719.019208,0.0,0.0
2035-01-04,22,0,reserve,system,2719.224121,0.0,0.0,2719.224121,0.0,0.0
2035-01-04,23,0,reserve,system,2706.287224,0.0,0.0,2706.287224,0.0,0.0
2035-01-05,0,0,reserve,system,2712.671634,0.0,0.0,2712.671634,0.0,0.0
2035-01-05,1,0,reserve,system,2751.005761,0.0,0.0,2751.005761,0.0,0.0
2035-01-05,2,0,reserve,system,2792.987511,0.0,0.0,2792.987511,0.0,0.0
2035-01-05,3,0,reserve,system,2875.278422,0.0,0.0,2875.278422,0.0,0.0
2035-01-05,4,0,reserve,system,2962.693681,0.0,0.0,2962.693681,0.0,0.0
2035-01-05,5,0,reserve,system,3058.409776,0.0,0.0,3058.409776,0.0,0.0
2035-01-05,6,0,reserve,system,3150.575043,0.0,0.0,3150.575043,0.0,0.0
2035-01-05,7,0,reserve,system,3229.713585,0.0,0.0,3229.713585,0.0,0.0
2035-01-05,8,0,reserve,system,3156.064203,0.0,0.0,3156.064203,0.0,0.0
2035-01-05,9,0,reserve,system,2914.657701,0.0,0.0,2914.657701,0.0,0.0
2035-01-05,10,0,reserve,system,2684.582032,0.0,0.0,2684.582032,0.0,0.0
2035-01-05,11,0,reserve,system,2502.730837,0.0,0.0,2502.730837,0.0,0.0
2035-01-05,12,0,reserve,system,2377.065063,0.0,0.0,2377.065063,0.0,0.0
2035-01-05,13,0,reserve,system,2302.492006,0.0,0.0,2302.492006,0.0,0.0
2035-01-05,14,0,reserve,system,2266.01878,0.0,0.0,2266.01878,0.0,0.0
2035-01-05,15,0,reserve,system,2272.914528,0.0,0.0,2272.914528,0.0,0.0
2035-01-05,16,0,reserve,system,2325.576795,0.0,0.0,2325.576795,0.0,0.0
2035-01-05,17,0,reserve,system,2402.484251,0.0,0.0,2402.484251,0.0,0.0
2035-01-05,18,0,reserve,system,2487.3587,0.0,0.0,2487.3587,0.0,0.0
2035-01-05,19,0,reserve,system,2499.102668,0.0,0.0,2499.102668,0.0,0.0
2035-01-05,20,0,reserve,system,2489.727104,0.0,0.0,2489.727104,0.0,0.0
2035-01-05,21,0,reserve,system,2505.868957,0.0,0.0,2505.868957,0.0,0.0
2035-01-05,22,0,reserve,system,2496.281094,0.0,0.0,2496.281094,0.0,0.0
2035-01-05,23,0,reserve,system,2486.860503,0.0,0.0,2486.860503,0.0,0.0
2035-01-06,0,0,reserve,system,2463.983867,0.0,0.0,2463.983867,0.0,0.0
2035-01-06,1,0,reserve,system,2473.151329,0.0,0.0,2473.151329,0.0,0.0
2035-01-06,2,0,reserve,system,2493.338047,0.0,0.0,2493.338047,0.0,0.0
2035-01-06,3,0,reserve,system,2556.419106,0.0,0.0,2556.419106,0.0,0.0
2035-01-06,4,0,reserve,system,2616.872648,0.0,0.0,2616.872648,0.0,0.0
2035-01-06,5,0,reserve,system,2659.037587,0.0,0.0,2659.037587,0.0,0.0
2035-01-06,6,0,reserve,system,2723.851879,0.0,0.0,2723.851879,0.0,0.0
2035-01-06,7,0,reserve,system,2783.278022,0.0,0.0,2783.278022,0.0,0.0
2035-01-06,8,0,reserve,system,2752.349248,0.0,0.0,2752.349248,0.0,0.0
2035-01-06,9,0,reserve,system,2616.141244,0.0,0.0,2616.141244,0.0,0.0
2035-01-06,10,0,reserve,system,2445.653375,0.0,0.0,2445.653375,0.0,0.0
2035-01-06,11,0,reserve,system,2349.196004,0.0,0.0,2349.196004,0.0,0.0
2035-01-06,12,0,reserve,system,2283.475362,0.0,0.0,2283.475362,0.0,0.0
2035-01-06,13,0,reserve,system,2264.264688,0.0,0.0,2264.264688,0.0,0.0
2035-01-06,14,0,reserve,system,2261.972183,0.0,0.0,2261.972183,0.0,0.0
2035-01-06,15,0,reserve,system,2289.853228,0.0,0.0,2289.853228,0.0,0.0
2035-01-06,16,0,reserve,system,2350.119038,0.0,0.0,2350.119038,0.0,0.0
2035-01-06,17,0,reserve,system,2419.409315,0.0,0.0,2419.409315,0.0,0.0
2035-01-06,18,0,reserve,system,2482.77539,0.0,0.0,2482.77539,0.0,0.0
2035-01-06,19,0,reserve,system,2486.297226,0.0,0.0,2486.297226,0.0,0.0
2035-01-06,20,0,reserve,system,2464.821392,0.0,0.0,2464.821392,0.0,0.0
2035-01-06,21,0,reserve,system,2421.887442,0.0,0.0,2421.887442,0.0,0.0
2035-01-06,22,0,reserve,system,2346.340001,0.0,0.0,2346.340001,0.0,0.0
2035-01-06,23,0,reserve,system,2255.127365,0.0,0.0,2255.127365,0.0,0.0
2035-01-07,0,0,reserve,system,2189.869729,0.0,0.0,2189.869729,0.0,0.0
2035-01-07,1,0,reserve,system,2147.48141,0.0,0.0,2147.48141,0.0,0.0
2035-01-07,2,0,reserve,system,2134.590224,0.0,0.0,2134.590224,0.0,0.0
2035-01-07,3,0,reserve,system,2145.09292,0.0,0.0,2145.09292,0.0,0.0
2035-01-07,4,0,reserve,system,2176.757108,0.0,0.0,2176.757108,0.0,0.0
2035-01-07,5,0,reserve,system,2266.868593,0.0,0.0,2266.868593,0.0,0.0
2035-01-07,6,0,reserve,system,2392.125272,0.0,0.0,2392.125272,0.0,0.0
2035-01-07,7,0,reserve,system,2450.639547,0.0,0.0,2450.639547,0.0,0.0
2035-01-07,8,0,reserve,system,2451.722847,0.0,0.0,2451.722847,0.0,0.0
2035-01-07,9,0,reserve,system,2439.76585,0.0,0.0,2439.76585,0.0,0.0
2035-01-07,10,0,reserve,system,2431.999992,0.0,0.0,2431.999992,0.0,0.0
2035-01-07,11,0,reserve,system,2413.357912,0.0,0.0,2413.357912,0.0,0.0
2035-01-07,12,0,reserve,system,2406.043615,0.0,0.0,2406.043615,0.0,0.0
2035-01-07,13,0,reserve,system,2425.522521,0.0,0.0,2425.522521,0.0,0.0
2035-01-07,14,0,reserve,system,2438.317592,0.0,0.0,2438.317592,0.0,0.0
2035-01-07,15,0,reserve,system,2441.974597,0.0,0.0,2441.974597,0.0,0.0
2035-01-07,16,0,reserve,system,2447.904125,0.0,0.0,2447.904125,0.0,0.0
2035-01-07,17,0,reserve,system,2477.584483,0.0,0.0,2477.584483,0.0,0.0
2035-01-07,18,0,reserve,system,2545.074804,0.0,0.0,2545.074804,0.0,0.0
2035-01-07,19,0,reserve,system,2533.133074,0.0,0.0,2533.133074,0.0,0.0
2035-01-07,20,0,reserve,system,2497.243107,0.0,0.0,2497.243107,0.0,0.0
2035-01-07,21,0,reserve,system,2453.903796,0.0,0.0,2453.903796,0.0,0.0
2035-01-07,22,0,reserve,system,2371.69079,0.0,0.0,2371.69079,0.0,0.0
2035-01-07,23,0,reserve,system,2290.481035,0.0,0.0,2290.481035,0.0,0.0
2035-01-08,0,0,reserve,system,2226.560071,0.0,0.0,2226.560071,0.0,0.0
2035-01-08,1,0,reserve,system,2195.329547,0.0,0.0,2195.329547,0.0,0.0
2035-01-08,2,0,reserve,system,2200.261614,0.0,0.0,2200.261615,0.0,0.0
2035-01-08,3,0,reserve,system,2229.777609,0.0,0.0,2229.777609,0.0,0.0
2035-01-08,4,0,reserve,system,2268.731677,0.0,0.0,2268.731677,0.0,0.0
2035-01-08,5,0,reserve,system,2403.590452,0.0,0.0,2403.590452,0.0,0.0
2035-01-08,6,0,reserve,system,2567.959836,0.0,0.0,2567.959836,0.0,0.0
2035-01-08,7,0,reserve,system,2625.483709,0.0,0.0,2625.483709,0.0,0.0
2035-01-08,8,0,reserve,system,2568.041898,0.0,0.0,2568.041898,0.0,0.0
2035-01-08,9,0,reserve,system,2485.051756,0.0,0.0,2485.051756,0.0,0.0
2035-01-08,10,0,reserve,system,2444.77656,0.0,0.0,2444.77656,0.0,0.0
2035-01-08,11,0,reserve,system,2401.157721,0.0,0.0,2401.157721,0.0,0.0
2035-01-08,12,0,reserve,system,2369.783658,0.0,0.0,2369.783658,0.0,0.0
2035-01-08,13,0,reserve,system,2359.726466,0.0,0.0,2359.726466,0.0,0.0
2035-01-08,14,0,reserve,system,2366.038972,0.0,0.0,2366.038972,0.0,0.0
2035-01-08,15,0,reserve,system,2390.353773,0.0,0.0,2390.353773,0.0,0.0
2035-01-08,16,0,reserve,system,2446.110172,0.0,0.0,2446.110172,0.0,0.0
2035-01-08,17,0,reserve,system,2535.953839,0.0,0.0,2535.953839,0.0,0.0
2035-01-08,18,0,reserve,system,2607.786528,0.0,0.0,2607.786528,0.0,0.0
2035-01-08,19,0,reserve,system,2610.806811,0.0,0.0,2610.806811,0.0,0.0
2035-01-08,20,0,reserve,system,2583.74393,0.0,0.0,2583.74393,0.0,0.0
2035-01-08,21,0,reserve,system,2529.740425,0.0,0.0,2529.740425,0.0,0.0
2035-01-08,22,0,reserve,system,2437.233332,0.0,0.0,2437.233332,0.0,0.0
2035-01-08,23,0,reserve,system,2351.284641,0.0,0.0,2351.284641,0.0,0.0
2035-01-09,0,0,reserve,system,2302.008153,0.0,0.0,2302.008153,0.0,0.0
2035-01-09,1,0,reserve,system,2291.118768,0.0,0.0,2291.118768,0.0,0.0
2035-01-09,2,0,reserve,system,2290.366288,0.0,0.0,2290.366288,0.0,0.0
2035-01-09,3,0,reserve,system,2312.273016,0.0,0.0,2312.273016,0.0,0.0
2035-01-09,4,0,reserve,system,2366.562333,0.0,0.0,2366.562333,0.0,0.0
2035-01-09,5,0,reserve,system,2462.560988,0.0,0.0,2462.560988,0.0,0.0
2035-01-09,6,0,reserve,system,2601.23402,0.0,0.0,2601.23402,0.0,0.0
2035-01-09,7,0,reserve,system,2655.333301,0.0,0.0,2655.333301,0.0,0.0
2035-01-09,8,0,reserve,system,2650.97663,0.0,0.0,2650.97663,0.0,0.0
2035-01-09,9,0,reserve,system,2631.175004,0.0,0.0,2631.175004,0.0,0.0
2035-01-09,10,0,reserve,system,2593.848273,0.0,0.0,2593.848273,0.0,0.0
2035-01-09,11,0,reserve,system,2533.271554,0.0,0.0,2533.271554,0.0,0.0
2035-01-09,12,0,reserve,system,2464.289031,0.0,0.0,2464.289031,0.0,0.0
2035-01-09,13,0,reserve,system,2424.971134,0.0,0.0,2424.971134,0.0,0.0
2035-01-09,14,0,reserve,system,2404.152859,0.0,0.0,2404.152859,0.0,0.0
2035-01-09,15,0,reserve,system,2404.610234,0.0,0.0,2404.610234,0.0,0.0
2035-01-09,16,0,reserve,system,2467.357227,0.0,0.0,2467.357227,0.0,0.0
2035-01-09,17,0,reserve,system,2582.267234,0.0,0.0,2582.267234,0.0,0.0
2035-01-09,18,0,reserve,system,2688.055084,0.0,0.0,2688.055084,0.0,0.0
2035-01-09,19,0,reserve,system,2718.952011,0.0,0.0,2718.952011,0.0,0.0
2035-01-09,20,0,reserve,system,2718.204927,0.0,0.0,2718.204927,0.0,0.0
2035-01-09,21,0,reserve,system,2686.218131,0.0,0.0,2686.218131,0.0,0.0
2035-01-09,22,0,reserve,system,2604.85582,0.0,0.0,2604.85582,0.0,0.0
2035-01-09,23,0,reserve,system,2536.099965,0.0,0.0,2536.099965,0.0,0.0
2035-01-10,0,0,reserve,system,2514.262881,0.0,0.0,2514.262881,0.0,0.0
2035-01-10,1,0,reserve,system,2512.207734,0.0,0.0,2512.207734,0.0,0.0
2035-01-10,2,0,reserve,system,2512.773291,0.0,0.0,2512.773291,0.0,0.0
2035-01-10,3,0,reserve,system,2555.662331,0.0,0.0,2555.662331,0.0,0.0
2035-01-10,4,0,reserve,system,2627.665933,0.0,0.0,2627.665933,0.0,0.0
2035-01-10,5,0,reserve,system,2733.032417,0.0,0.0,2733.032417,0.0,0.0
2035-01-10,6,0,reserve,system,2867.266111,0.0,0.0,2867.266111,0.0,0.0
2035-01-10,7,0,reserve,system,2903.648095,0.0,0.0,2903.648095,0.0,0.0
2035-01-10,8,0,reserve,system,2880.754491,0.0,0.0,2880.754491,0.0,0.0
2035-01-10,9,0,reserve,system,2825.562471,0.0,0.0,2825.562471,0.0,0.0
2035-01-10,10,0,reserve,system,2761.104266,0.0,0.0,2761.104266,0.0,0.0
2035-01-10,11,0,reserve,system,2690.605906,0.0,0.0,2690.605906,0.0,0.0
2035-01-10,12,0,reserve,system,2615.050441,0.0,0.0,2615.050441,0.0,0.0
2035-01-10,13,0,reserve,system,2559.247707,0.0,0.0,2559.247707,0.0,0.0
2035-01-10,14,0,reserve,system,2519.489429,0.0,0.0,2519.489429,0.0,0.0
2035-01-10,15,0,reserve,system,2523.32531,0.0,0.0,2523.32531,0.0,0.0
2035-01-10,16,0,reserve,system,2588.855278,0.0,0.0,2588.855278,0.0,0.0
2035-01-10,17,0,reserve,system,2684.370315,0.0,0.0,2684.370315,0.0,0.0
2035-01-10,18,0,reserve,system,2745.251729,0.0,0.0,2745.25173,0.0,0.0
2035-01-10,19,0,reserve,system,2743.988546,0.0,0.0,2743.988546,0.0,0.0
2035-01-10,20,0,reserve,system,2716.820006,0.0,0.0,2716.820006,0.0,0.0
2035-01-10,21,0,reserve,system,2666.793352,0.0,0.0,2666.793352,0.0,0.0
2035-01-10,22,0,reserve,system,2571.138601,0.0,0.0,2571.138601,0.0,0.0
2035-01-10,23,0,reserve,system,2481.506865,0.0,0.0,2481.506865,0.0,0.0
2035-01-11,0,0,reserve,system,2423.296906,0.0,0.0,2423.296906,0.0,0.0
2035-01-11,1,0,reserve,system,2396.137152,0.0,0.0,2396.137152,0.0,0.0
2035-01-11,2,0,reserve,system,2372.713605,0.0,0.0,2372.713605,0.0,0.0
2035-01-11,3,0,reserve,system,2382.422068,0.0,0.0,2382.422068,0.0,0.0
2035-01-11,4,0,reserve,system,2427.349909,0.0,0.0,2427.349909,0.0,0.0
2035-01-11,5,0,reserve,system,2505.416729,0.0,0.0,2505.416729,0.0,0.0
2035-01-11,6,0,reserve,system,2602.720112,0.0,0.0,2602.720112,0.0,0.0
2035-01-11,7,0,reserve,system,2646.378401,0.0,0.0,2646.378401,0.0,0.0
2035-01-11,8,0,reserve,system,2657.099733,0.0,0.0,2657.099733,0.0,0.0
2035-01-11,9,0,reserve,system,2675.429589,0.0,0.0,2675.429589,0.0,0.0
2035-01-11,10,0,reserve,system,2690.835629,0.0,0.0,2690.835629,0.0,0.0
2035-01-11,11,0,reserve,system,2664.750249,0.0,0.0,2664.750249,0.0,0.0
2035-01-11,12,0,reserve,system,2632.865583,0.0,0.0,2632.865583,0.0,0.0
2035-01-11,13,0,reserve,system,2625.313961,0.0,0.0,2625.313961,0.0,0.0
2035-01-11,14,0,reserve,system,2624.11057,0.0,0.0,2624.11057,0.0,0.0
2035-01-11,15,0,reserve,system,2635.380738,0.0,0.0,2635.380738,0.0,0.0
2035-01-11,16,0,reserve,system,2693.175356,0.0,0.0,2693.175356,0.0,0.0
2035-01-11,17,0,reserve,system,2759.005364,0.0,0.0,2759.005364,0.0,0.0
2035-01-11,18,0,reserve,system,2749.757536,0.0,0.0,2749.757536,0.0,0.0
2035-01-11,19,0,reserve,system,2704.74936,0.0,0.0,2704.74936,0.0,0.0
2035-01-11,20,0,reserve,system,2655.600788,0.0,0.0,2655.600788,0.0,0.0
2035-01-11,21,0,reserve,system,2594.605326,0.0,0.0,2594.605326,0.0,0.0
2035-01-11,22,0,reserve,system,2499.366497,0.0,0.0,2499.366497,0.0,0.0
2035-01-11,23,0,reserve,system,2411.239753,0.0,0.0,2411.239753,0.0,0.0
2035-01-12,0,0,reserve,system,2344.83348,0.0,0.0,2344.83348,0.0,0.0
2035-01-12,1,0,reserve,system,2318.696528,0.0,0.0,2318.696528,0.0,0.0
2035-01-12,2,0,reserve,system,2291.674078,0.0,0.0,2291.674078,0.0,0.0
2035-01-12,3,0,reserve,system,2298.467259,0.0,0.0,2298.467259,0.0,0.0
2035-01-12,4,0,reserve,system,2335.24385,0.0,0.0,2335.243849,0.0,0.0
2035-01-12,5,0,reserve,system,2392.225485,0.0,0.0,2392.225485,0.0,0.0
2035-01-12,6,0,reserve,system,2461.465157,0.0,0.0,2461.465157,0.0,0.0
2035-01-12,7,0,reserve,system,2542.300246,0.0,0.0,2542.300246,0.0,0.0
2035-01-12,8,0,reserve,system,2550.12852,0.0,0.0,2550.12852,0.0,0.0
2035-01-12,9,0,reserve,system,2522.228359,0.0,0.0,2522.228359,0.0,0.0
2035-01-12,10,0,reserve,system,2493.162048,0.0,0.0,2493.162048,0.0,0.0
2035-01-12,11,0,reserve,system,2480.505196,0.0,0.0,2480.505196,0.0,0.0
2035-01-12,12,0,reserve,system,2450.296928,0.0,0.0,2450.296928,0.0,0.0
2035-01-12,13,0,reserve,system,2442.025235,0.0,0.0,2442.025235,0.0,0.0
2035-01-12,14,0,reserve,system,2455.671218,0.0,0.0,2455.671218,0.0,0.0
2035-01-12,15,0,reserve,system,2504.235235,0.0,0.0,2504.235235,0.0,0.0
2035-01-12,16,0,reserve,system,2585.235121,0.0,0.0,2585.235121,0.0,0.0
2035-01-12,17,0,reserve,system,2668.893677,0.0,0.0,2668.893677,0.0,0.0
2035-01-12,18,0,reserve,system,2727.081355,0.0,0.0,2727.081355,0.0,0.0
2035-01-12,19,0,reserve,system,2719.989513,0.0,0.0,2719.989513,0.0,0.0
2035-01-12,20,0,reserve,system,2698.92721,0.0,0.0,2698.92721,0.0,0.0
2035-01-12,21,0,reserve,system,2680.357849,0.0,0.0,2680.357849,0.0,0.0
2035-01-12,22,0,reserve,system,2654.64767,0.0,0.0,2654.64767,0.0,0.0
2035-01-12,23,0,reserve,system,2613.782218,0.0,0.0,2613.782218,0.0,0.0
2035-01-13,0,0,reserve,system,2583.313455,0.0,0.0,2583.313455,0.0,0.0
2035-01-13,1,0,reserve,system,2583.864435,0.0,0.0,2583.864435,0.0,0.0
2035-01-13,2,0,reserve,system,2586.052797,0.0,0.0,2586.052797,0.0,0.0
2035-01-13,3,0,reserve,system,2619.364106,0.0,0.0,2619.364106,0.0,0.0
2035-01-13,4,0,reserve,system,2659.863978,0.0,0.0,2659.863978,0.0,0.0
2035-01-13,5,0,reserve,system,2709.313201,0.0,0.0,2709.313201,0.0,0.0
2035-01-13,6,0,reserve,system,2763.036972,0.0,0.0,2763.036972,0.0,0.0
2035-01-13,7,0,reserve,system,2825.695349,0.0,0.0,2825.695349,0.0,0.0
2035-01-13,8,0,reserve,system,2830.83022,0.0,0.0,2830.83022,0.0,0.0
2035-01-13,9,0,reserve,system,2812.748651,0.0,0.0,2812.748651,0.0,0.0
2035-01-13,10,0,reserve,system,2732.729257,0.0,0.0,2732.729257,0.0,0.0
2035-01-13,11,0,reserve,system,2672.376405,0.0,0.0,2672.376405,0.0,0.0
2035-01-13,12,0,reserve,system,2609.637583,0.0,0.0,2609.637583,0.0,0.0
2035-01-13,13,0,reserve,system,2583.333753,0.0,0.0,2583.333753,0.0,0.0
2035-01-13,14,0,reserve,system,2585.096986,0.0,0.0,2585.096986,0.0,0.0
2035-01-13,15,0,reserve,system,2629.334483,0.0,0.0,2629.334483,0.0,0.0
2035-01-13,16,0,reserve,system,2748.518282,0.0,0.0,2748.518282,0.0,0.0
2035-01-13,17,0,reserve,system,2878.577639,0.0,0.0,2878.577639,0.0,0.0
2035-01-13,18,0,reserve,system,2972.660309,0.0,0.0,2972.660309,0.0,0.0
2035-01-13,19,0,reserve,system,2986.550586,0.0,0.0,2986.550586,0.0,0.0
2035-01-13,20,0,reserve,system,2983.856768,0.0,0.0,2983.856768,0.0,0.0
2035-01-13,21,0,reserve,system,2941.397145,0.0,0.0,2941.397145,0.0,0.0
2035-01-13,22,0,reserve,system,2856.946391,0.0,0.0,2856.946391,0.0,0.0
2035-01-13,23,0,reserve,system,2785.944253,0.0,0.0,2785.944253,0.0,0.0
2035-01-14,0,0,reserve,system,2732.79048,0.0,0.0,2732.79048,0.0,0.0
2035-01-14,1,0,reserve,system,2707.087674,0.0,0.0,2707.087674,0.0,0.0
2035-01-14,2,0,reserve,system,2698.487556,0.0,0.0,2698.487556,0.0,0.0
2035-01-14,3,0,reserve,system,2713.90513,0.0,0.0,2713.90513,0.0,0.0
2035-01-14,4,0,reserve,system,2771.287738,0.0,0.0,2771.287738,0.0,0.0
2035-01-14,5,0,reserve,system,2890.509709,0.0,0.0,2890.509709,0.0,0.0
2035-01-14,6,0,reserve,system,3013.365159,0.0,0.0,3013.365159,0.0,0.0
2035-01-14,7,0,reserve,system,3044.934681,0.0,0.0,3044.934681,0.0,0.0
2035-01-14,8,0,reserve,system,3025.388231,0.0,0.0,3025.388231,0.0,0.0
2035-01-14,9,0,reserve,system,3003.237944,0.0,0.0,3003.237944,0.0,0.0
2035-01-14,10,0,reserve,system,2941.915554,0.0,0.0,2941.915553,0.0,0.0
2035-01-14,11,0,reserve,system,2874.904901,0.0,0.0,2874.904901,0.0,0.0
2035-01-14,12,0,reserve,system,2786.336342,0.0,0.0,2786.336342,0.0,0.0
2035-01-14,13,0,reserve,system,2720.682509,0.0,0.0,2720.68251,0.0,0.0
2035-01-14,14,0,reserve,system,2686.456323,0.0,0.0,2686.456323,0.0,0.0
2035-01-14,15,0,reserve,system,2691.904109,0.0,0.0,2691.904109,0.0,0.0
2035-01-14,16,0,reserve,system,2790.986928,0.0,0.0,2790.986928,0.0,0.0
2035-01-14,17,0,reserve,system,2951.724361,0.0,0.0,2951.724361,0.0,0.0
2035-01-14,18,0,reserve,system,3049.492961,0.0,0.0,3049.492961,0.0,0.0
2035-01-14,19,0,reserve,system,3054.926783,0.0,0.0,3054.926783,0.0,0.0
2035-01-14,20,0,reserve,system,3042.193947,0.0,0.0,3042.193947,0.0,0.0
2035-01-14,21,0,reserve,system,2987.291118,0.0,0.0,2987.291118,0.0,0.0
2035-01-14,22,0,reserve,system,2885.553274,0.0,0.0,2885.553274,0.0,0.0
2035-01-14,23,0,reserve,system,2812.880688,0.0,0.0,2812.880688,0.0,0.0
2035-01-15,0,0,reserve,system,2768.066613,0.0,0.0,2768.066613,0.0,0.0
2035-01-15,1,0,reserve,system,2733.280468,0.0,0.0,2733.280468,0.0,0.0
2035-01-15,2,0,reserve,system,2713.882351,0.0,0.0,2713.882351,0.0,0.0
2035-01-15,3,0,reserve,system,2711.537076,0.0,0.0,2711.537076,0.0,0.0
2035-01-15,4,0,reserve,system,2737.608173,0.0,0.0,2737.608173,0.0,0.0
2035-01-15,5,0,reserve,system,2838.072795,0.0,0.0,2838.072795,0.0,0.0
2035-01-15,6,0,reserve,system,2950.654367,0.0,0.0,2950.654367,0.0,0.0
2035-01-15,7,0,reserve,system,2977.530118,0.0,0.0,2977.530118,0.0,0.0
2035-01-15,8,0,reserve,system,2924.804449,0.0,0.0,2924.804449,0.0,0.0
2035-01-15,9,0,reserve,system,2872.791352,0.0,0.0,2872.791352,0.0,0.0
2035-01-15,10,0,reserve,system,2858.980849,0.0,0.0,2858.980849,0.0,0.0
2035-01-15,11,0,reserve,system,2813.13173,0.0,0.0,2813.13173,0.0,0.0
2035-01-15,12,0,reserve,system,2755.612526,0.0,0.0,2755.612526,0.0,0.0
2035-01-15,13,0,reserve,system,2728.665532,0.0,0.0,2728.665532,0.0,0.0
2035-01-15,14,0,reserve,system,2718.565483,0.0,0.0,2718.565483,0.0,0.0
2035-01-15,15,0,reserve,system,2738.13242,0.0,0.0,2738.13242,0.0,0.0
2035-01-15,16,0,reserve,system,2801.770963,0.0,0.0,2801.770963,0.0,0.0
2035-01-15,17,0,reserve,system,2874.545722,0.0,0.0,2874.545722,0.0,0.0
2035-01-15,18,0,reserve,system,2913.918634,0.0,0.0,2913.918634,0.0,0.0
2035-01-15,19,0,reserve,system,2908.133437,0.0,0.0,2908.133437,0.0,0.0
2035-01-15,20,0,reserve,system,2876.308873,0.0,0.0,2876.308873,0.0,0.0
2035-01-15,21,0,reserve,system,2804.958281,0.0,0.0,2804.958281,0.0,0.0
2035-01-15,22,0,reserve,system,2707.937518,0.0,0.0,2707.937518,0.0,0.0
2035-01-15,23,0,reserve,system,2613.272365,0.0,0.0,2613.272365,0.0,0.0
2035-01-16,0,0,reserve,system,2548.988988,0.0,0.0,2548.988988,0.0,0.0
2035-01-16,1,0,reserve,system,2526.238449,0.0,0.0,2526.238449,0.0,0.0
2035-01-16,2,0,reserve,system,2517.004463,0.0,0.0,2517.004463,0.0,0.0
2035-01-16,3,0,reserve,system,2546.795784,0.0,0.0,2546.795784,0.0,0.0
2035-01-16,4,0,reserve,system,2602.806714,0.0,0.0,2602.806714,0.0,0.0
2035-01-16,5,0,reserve,system,2704.269785,0.0,0.0,2704.269785,0.0,0.0
2035-01-16,6,0,reserve,system,2807.237527,0.0,0.0,2807.237527,0.0,0.0
2035-01-16,7,0,reserve,system,2824.076737,0.0,0.0,2824.076738,0.0,0.0
2035-01-16,8,0,reserve,system,2790.887304,0.0,0.0,2790.887304,0.0,0.0
2035-01-16,9,0,reserve,system,2751.721468,0.0,0.0,2751.721468,0.0,0.0
2035-01-16,10,0,reserve,system,2695.197301,0.0,0.0,2695.197301,0.0,0.0
2035-01-16,11,0,reserve,system,2636.045603,0.0,0.0,2636.045603,0.0,0.0
2035-01-16,12,0,reserve,system,2581.928442,0.0,0.0,2581.928442,0.0,0.0
2035-01-16,13,0,reserve,system,2527.727215,0.0,0.0,2527.727215,0.0,0.0
2035-01-16,14,0,reserve,system,2471.441992,0.0,0.0,2471.441992,0.0,0.0
2035-01-16,15,0,reserve,system,2464.738742,0.0,0.0,2464.738742,0.0,0.0
2035-01-16,16,0,reserve,system,2520.747935,0.0,0.0,2520.747935,0.0,0.0
2035-01-16,17,0,reserve,system,2598.328871,0.0,0.0,2598.328871,0.0,0.0
2035-01-16,18,0,reserve,system,2639.892373,0.0,0.0,2639.892373,0.0,0.0
2035-01-16,19,0,reserve,system,2629.094038,0.0,0.0,2629.094038,0.0,0.0
2035-01-16,20,0,reserve,system,2587.797872,0.0,0.0,2587.797872,0.0,0.0
2035-01-16,21,0,reserve,system,2517.079066,0.0,0.0,2517.079066,0.0,0.0
2035-01-16,22,0,reserve,system,2406.197523,0.0,0.0,2406.197523,0.0,0.0
2035-01-16,23,0,reserve,system,2298.648287,0.0,0.0,2298.648287,0.0,0.0
2035-01-17,0,0,reserve,system,2212.689957,0.0,0.0,2212.689957,0.0,0.0
2035-01-17,1,0,reserve,system,2167.91487,0.0,0.0,2167.91487,0.0,0.0
2035-01-17,2,0,reserve,system,2138.99006,0.0,0.0,2138.99006,0.0,0.0
2035-01-17,3,0,reserve,system,2145.960273,0.0,0.0,2145.960273,0.0,0.0
2035-01-17,4,0,reserve,system,2181.065399,0.0,0.0,2181.065399,0.0,0.0
2035-01-17,5,0,reserve,system,2264.244914,0.0,0.0,2264.244914,0.0,0.0
2035-01-17,6,0,reserve,system,2349.857194,0.0,0.0,2349.857194,0.0,0.0
2035-01-17,7,0,reserve,system,2371.457089,0.0,0.0,2371.457089,0.0,0.0
2035-01-17,8,0,reserve,system,2343.451764,0.0,0.0,2343.451764,0.0,0.0
2035-01-17,9,0,reserve,system,2292.393855,0.0,0.0,2292.393855,0.0,0.0
2035-01-17,10,0,reserve,system,2228.753186,0.0,0.0,2228.753186,0.0,0.0
2035-01-17,11,0,reserve,system,2182.944482,0.0,0.0,2182.944482,0.0,0.0
2035-01-17,12,0,reserve,system,2137.921673,0.0,0.0,2137.921673,0.0,0.0
2035-01-17,13,0,reserve,system,2131.387181,0.0,0.0,2131.387181,0.0,0.0
2035-01-17,14,0,reserve,system,2124.970751,0.0,0.0,2124.970751,0.0,0.0
2035-01-17,15,0,reserve,system,2148.764648,0.0,0.0,2148.764648,0.0,0.0
2035-01-17,16,0,reserve,system,2194.148075,0.0,0.0,2194.148075,0.0,0.0
2035-01-17,17,0,reserve,system,2227.531403,0.0,0.0,2227.531403,0.0,0.0
2035-01-17,18,0,reserve,system,2271.957897,0.0,0.0,2271.957897,0.0,0.0
2035-01-17,19,0,reserve,system,2286.625523,0.0,0.0,2286.625523,0.0,0.0
2035-01-17,20,0,reserve,system,2288.377442,0.0,0.0,2288.377442,0.0,0.0
2035-01-17,21,0,reserve,system,2282.953587,0.0,0.0,2282.953587,0.0,0.0
2035-01-17,22,0,reserve,system,2247.956299,0.0,0.0,2247.956299,0.0,0.0
2035-01-17,23,0,reserve,system,2186.030601,0.0,0.0,2186.030601,0.0,0.0
2035-01-18,0,0,reserve,system,2159.293287,0.0,0.0,2159.293287,0.0,0.0
2035-01-18,1,0,reserve,system,2160.601789,0.0,0.0,2160.601789,0.0,0.0
2035-01-18,2,0,reserve,system,2156.527129,0.0,0.0,2156.527129,0.0,0.0
2035-01-18,3,0,reserve,system,2183.250434,0.0,0.0,2183.250434,0.0,0.0
2035-01-18,4,0,reserve,system,2236.767239,0.0,0.0,2236.767239,0.0,0.0
2035-01-18,5,0,reserve,system,2321.67474,0.0,0.0,2321.67474,0.0,0.0
2035-01-18,6,0,reserve,system,2413.26526,0.0,0.0,2413.26526,0.0,0.0
2035-01-18,7,0,reserve,system,2442.77827,0.0,0.0,2442.77827,0.0,0.0
2035-01-18,8,0,reserve,system,2425.880227,0.0,0.0,2425.880227,0.0,0.0
2035-01-18,9,0,reserve,system,2373.815802,0.0,0.0,2373.815802,0.0,0.0
2035-01-18,10,0,reserve,system,2310.190391,0.0,0.0,2310.190391,0.0,0.0
2035-01-18,11,0,reserve,system,2262.864634,0.0,0.0,2262.864634,0.0,0.0
2035-01-18,12,0,reserve,system,2223.581646,0.0,0.0,2223.581647,0.0,0.0
2035-01-18,13,0,reserve,system,2211.265369,0.0,0.0,2211.265369,0.0,0.0
2035-01-18,14,0,reserve,system,2202.086583,0.0,0.0,2202.086583,0.0,0.0
2035-01-18,15,0,reserve,system,2194.419569,0.0,0.0,2194.419569,0.0,0.0
2035-01-18,16,0,reserve,system,2200.16963,0.0,0.0,2200.16963,0.0,0.0
2035-01-18,17,0,reserve,system,2216.184193,0.0,0.0,2216.184193,0.0,0.0
2035-01-18,18,0,reserve,system,2244.099776,0.0,0.0,2244.099776,0.0,0.0
2035-01-18,19,0,reserve,system,2224.847069,0.0,0.0,2224.847069,0.0,0.0
2035-01-18,20,0,reserve,system,2203.846522,0.0,0.0,2203.846522,0.0,0.0
2035-01-18,21,0,reserve,system,2170.726654,0.0,0.0,2170.726654,0.0,0.0
2035-01-18,22,0,reserve,system,2137.796364,0.0,0.0,2137.796364,0.0,0.0
2035-01-18,23,0,reserve,system,2071.645017,0.0,0.0,2071.645017,0.0,0.0
2035-01-19,0,0,reserve,system,2011.115689,0.0,0.0,2011.115689,0.0,0.0
2035-01-19,1,0,reserve,system,1990.297261,0.0,0.0,1990.297261,0.0,0.0
2035-01-19,2,0,reserve,system,1997.243122,0.0,0.0,1997.243122,0.0,0.0
2035-01-19,3,0,reserve,system,2053.807797,0.0,0.0,2053.807797,0.0,0.0
2035-01-19,4,0,reserve,system,2131.441745,0.0,0.0,2131.441745,0.0,0.0
2035-01-19,5,0,reserve,system,2238.119715,0.0,0.0,2238.119715,0.0,0.0
2035-01-19,6,0,reserve,system,2330.556983,0.0,0.0,2330.556984,0.0,0.0
2035-01-19,7,0,reserve,system,2434.98926,0.0,0.0,2434.98926,0.0,0.0
2035-01-19,8,0,reserve,system,2528.347237,0.0,0.0,2528.347237,0.0,0.0
2035-01-19,9,0,reserve,system,2598.952158,0.0,0.0,2598.952158,0.0,0.0
2035-01-19,10,0,reserve,system,2638.526145,0.0,0.0,2638.526145,0.0,0.0
2035-01-19,11,0,reserve,system,2648.957822,0.0,0.0,2648.957822,0.0,0.0
2035-01-19,12,0,reserve,system,2619.954979,0.0,0.0,2619.954979,0.0,0.0
2035-01-19,13,0,reserve,system,2591.868911,0.0,0.0,2591.868911,0.0,0.0
2035-01-19,14,0,reserve,system,2582.020521,0.0,0.0,2582.020521,0.0,0.0
2035-01-19,15,0,reserve,system,2595.462338,0.0,0.0,2595.462338,0.0,0.0
2035-01-19,16,0,reserve,system,2642.912647,0.0,0.0,2642.912647,0.0,0.0
2035-01-19,17,0,reserve,system,2706.364423,0.0,0.0,2706.364423,0.0,0.0
2035-01-19,18,0,reserve,system,2782.638908,0.0,0.0,2782.638908,0.0,0.0
2035-01-19,19,0,reserve,system,2778.770791,0.0,0.0,2778.770791,0.0,0.0
2035-01-19,20,0,reserve,system,2767.88409,0.0,0.0,2767.88409,0.0,0.0
2035-01-19,21,0,reserve,system,2747.95774,0.0,0.0,2747.95774,0.0,0.0
2035-01-19,22,0,reserve,system,2725.135127,0.0,0.0,2725.135127,0.0,0.0
2035-01-19,23,0,reserve,system,2704.15135,0.0,0.0,2704.15135,0.0,0.0
2035-01-20,0,0,reserve,system,2690.806029,0.0,0.0,2690.806029,0.0,0.0
2035-01-20,1,0,reserve,system,2702.87794,0.0,0.0,2702.87794,0.0,0.0
2035-01-20,2,0,reserve,system,2709.492452,0.0,0.0,2709.492452,0.0,0.0
2035-01-20,3,0,reserve,system,2742.285483,0.0,0.0,2742.285483,0.0,0.0
2035-01-20,4,0,reserve,system,2791.709441,0.0,0.0,2791.709441,0.0,0.0
2035-01-20,5,0,reserve,system,2827.88687,0.0,0.0,2827.88687,0.0,0.0
2035-01-20,6,0,reserve,system,2858.709031,0.0,0.0,2858.709031,0.0,0.0
2035-01-20,7,0,reserve,system,2908.823734,0.0,0.0,2908.823734,0.0,0.0
2035-01-20,8,0,reserve,system,2867.450043,0.0,0.0,2867.450043,0.0,0.0
2035-01-20,9,0,reserve,system,2866.938906,0.0,0.0,2866.938906,0.0,0.0
2035-01-20,10,0,reserve,system,2722.34595,0.0,0.0,2722.34595,0.0,0.0
2035-01-20,11,0,reserve,system,2619.929015,0.0,0.0,2619.929015,0.0,0.0
2035-01-20,12,0,reserve,system,2498.052339,0.0,0.0,2498.052339,0.0,0.0
2035-01-20,13,0,reserve,system,2414.085301,0.0,0.0,2414.085301,0.0,0.0
2035-01-20,14,0,reserve,system,2360.204377,0.0,0.0,2360.204377,0.0,0.0
2035-01-20,15,0,reserve,system,2357.736802,0.0,0.0,2357.736802,0.0,0.0
2035-01-20,16,0,reserve,system,2400.37108,0.0,0.0,2400.37108,0.0,0.0
2035-01-20,17,0,reserve,system,2506.345208,0.0,0.0,2506.345208,0.0,0.0
2035-01-20,18,0,reserve,system,2632.940101,0.0,0.0,2632.940101,0.0,0.0
2035-01-20,19,0,reserve,system,2692.853343,0.0,0.0,2692.853343,0.0,0.0
2035-01-20,20,0,reserve,system,2713.91407,0.0,0.0,2713.91407,0.0,0.0
2035-01-20,21,0,reserve,system,2744.314536,0.0,0.0,2744.314536,0.0,0.0
2035-01-20,22,0,reserve,system,2725.247573,0.0,0.0,2725.247573,0.0,0.0
2035-01-20,23,0,reserve,system,2697.149738,0.0,0.0,2697.149738,0.0,0.0
2035-01-21,0,0,reserve,system,2682.764225,0.0,0.0,2682.764225,0.0,0.0
2035-01-21,1,0,reserve,system,2681.065658,0.0,0.0,2681.065658,0.0,0.0
2035-01-21,2,0,reserve,system,2703.867363,0.0,0.0,2703.867364,0.0,0.0
2035-01-21,3,0,reserve,system,2751.009242,0.0,0.0,2751.009242,0.0,0.0
2035-01-21,4,0,reserve,system,2831.131327,0.0,0.0,2831.131327,0.0,0.0
2035-01-21,5,0,reserve,system,2947.900864,0.0,0.0,2947.900864,0.0,0.0
2035-01-21,6,0,reserve,system,3074.33443,0.0,0.0,3074.33443,0.0,0.0
2035-01-21,7,0,reserve,system,3137.259944,0.0,0.0,3137.259944,0.0,0.0
2035-01-21,8,0,reserve,system,3063.664344,0.0,0.0,3063.664344,0.0,0.0
2035-01-21,9,0,reserve,system,2909.307188,0.0,0.0,2909.307188,0.0,0.0
2035-01-21,10,0,reserve,system,2768.375734,0.0,0.0,2768.375734,0.0,0.0
2035-01-21,11,0,reserve,system,2623.194339,0.0,0.0,2623.194339,0.0,0.0
2035-01-21,12,0,reserve,system,2499.662773,0.0,0.0,2499.662773,0.0,0.0
2035-01-21,13,0,reserve,system,2422.646167,0.0,0.0,2422.646167,0.0,0.0
2035-01-21,14,0,reserve,system,2355.760594,0.0,0.0,2355.760594,0.0,0.0
2035-01-21,15,0,reserve,system,2340.530199,0.0,0.0,2340.530199,0.0,0.0
2035-01-21,16,0,reserve,system,2372.410088,0.0,0.0,2372.410088,0.0,0.0
2035-01-21,17,0,reserve,system,2435.126736,0.0,0.0,2435.126736,0.0,0.0
2035-01-21,18,0,reserve,system,2547.695071,0.0,0.0,2547.695071,0.0,0.0
2035-01-21,19,0,reserve,system,2582.258564,0.0,0.0,2582.258564,0.0,0.0
2035-01-21,20,0,reserve,system,2575.205664,0.0,0.0,2575.205664,0.0,0.0
2035-01-21,21,0,reserve,system,2541.60574,0.0,0.0,2541.60574,0.0,0.0
2035-01-21,22,0,reserve,system,2459.708831,0.0,0.0,2459.708831,0.0,0.0
2035-01-21,23,0,reserve,system,2369.751584,0.0,0.0,2369.751584,0.0,0.0
2035-01-22,0,0,reserve,system,2301.056701,0.0,0.0,2301.056701,0.0,0.0
2035-01-22,1,0,reserve,system,2263.006242,0.0,0.0,2263.006242,0.0,0.0
2035-01-22,2,0,reserve,system,2242.523296,0.0,0.0,2242.523296,0.0,0.0
2035-01-22,3,0,reserve,system,2242.914549,0.0,0.0,2242.914549,0.0,0.0
2035-01-22,4,0,reserve,system,2278.362459,0.0,0.0,2278.362459,0.0,0.0
2035-01-22,5,0,reserve,system,2366.367911,0.0,0.0,2366.367911,0.0,0.0
2035-01-22,6,0,reserve,system,2494.487602,0.0,0.0,2494.487602,0.0,0.0
2035-01-22,7,0,reserve,system,2508.940779,0.0,0.0,2508.940778,0.0,0.0
2035-01-22,8,0,reserve,system,2439.85177,0.0,0.0,2439.85177,0.0,0.0
2035-01-22,9,0,reserve,system,2369.873682,0.0,0.0,2369.873682,0.0,0.0
2035-01-22,10,0,reserve,system,2326.008417,0.0,0.0,2326.008417,0.0,0.0
2035-01-22,11,0,reserve,system,2277.720753,0.0,0.0,2277.720753,0.0,0.0
2035-01-22,12,0,reserve,system,2243.362861,0.0,0.0,2243.362861,0.0,0.0
2035-01-22,13,0,reserve,system,2229.989451,0.0,0.0,2229.989451,0.0,0.0
2035-01-22,14,0,reserve,system,2234.973126,0.0,0.0,2234.973126,0.0,0.0
2035-01-22,15,0,reserve,system,2266.075917,0.0,0.0,2266.075917,0.0,0.0
2035-01-22,16,0,reserve,system,2328.02426,0.0,0.0,2328.024261,0.0,0.0
2035-01-22,17,0,reserve,system,2402.021623,0.0,0.0,2402.021623,0.0,0.0
2035-01-22,18,0,reserve,system,2463.401392,0.0,0.0,2463.401392,0.0,0.0
2035-01-22,19,0,reserve,system,2494.782628,0.0,0.0,2494.782628,0.0,0.0
2035-01-22,20,0,reserve,system,2501.608747,0.0,0.0,2501.608747,0.0,0.0
2035-01-22,21,0,reserve,system,2505.980437,0.0,0.0,2505.980437,0.0,0.0
2035-01-22,22,0,reserve,system,2492.274197,0.0,0.0,2492.274197,0.0,0.0
2035-01-22,23,0,reserve,system,2463.332486,0.0,0.0,2463.332486,0.0,0.0
2035-01-23,0,0,reserve,system,2474.655419,0.0,0.0,2474.655419,0.0,0.0
2035-01-23,1,0,reserve,system,2510.000878,0.0,0.0,2510.000878,0.0,0.0
2035-01-23,2,0,reserve,system,2553.655715,0.0,0.0,2553.655715,0.0,0.0
2035-01-23,3,0,reserve,system,2648.235225,0.0,0.0,2648.235225,0.0,0.0
2035-01-23,4,0,reserve,system,2768.770109,0.0,0.0,2768.770109,0.0,0.0
2035-01-23,5,0,reserve,system,2908.852324,0.0,0.0,2908.852324,0.0,0.0
2035-01-23,6,0,reserve,system,3043.68457,0.0,0.0,3043.68457,0.0,0.0
2035-01-23,7,0,reserve,system,3116.402309,0.0,0.0,3116.402309,0.0,0.0
2035-01-23,8,0,reserve,system,3088.711619,0.0,0.0,3088.711619,0.0,0.0
2035-01-23,9,0,reserve,system,2985.730728,0.0,0.0,2985.730728,0.0,0.0
2035-01-23,10,0,reserve,system,2872.545094,0.0,0.0,2872.545094,0.0,0.0
2035-01-23,11,0,reserve,system,2760.721947,0.0,0.0,2760.721947,0.0,0.0
2035-01-23,12,0,reserve,system,2650.477841,0.0,0.0,2650.477841,0.0,0.0
2035-01-23,13,0,reserve,system,2579.603868,0.0,0.0,2579.603868,0.0,0.0
2035-01-23,14,0,reserve,system,2515.178345,0.0,0.0,2515.178345,0.0,0.0
2035-01-23,15,0,reserve,system,2472.751079,0.0,0.0,2472.751079,0.0,0.0
2035-01-23,16,0,reserve,system,2504.409809,0.0,0.0,2504.409809,0.0,0.0
2035-01-23,17,0,reserve,system,2573.227985,0.0,0.0,2573.227985,0.0,0.0
2035-01-23,18,0,reserve,system,2713.521475,0.0,0.0,2713.521475,0.0,0.0
2035-01-23,19,0,reserve,system,2813.155906,0.0,0.0,2813.155906,0.0,0.0
2035-01-23,20,0,reserve,system,2874.07949,0.0,0.0,2874.07949,0.0,0.0
2035-01-23,21,0,reserve,system,2910.955377,0.0,0.0,2910.955377,0.0,0.0
2035-01-23,22,0,reserve,system,2909.523455,0.0,0.0,2909.523455,0.0,0.0
2035-01-23,23,0,reserve,system,2873.004826,0.0,0.0,2873.004826,0.0,0.0
2035-01-24,0,0,reserve,system,2862.347212,0.0,0.0,2862.347212,0.0,0.0
2035-01-24,1,0,reserve,system,2887.263363,0.0,0.0,2887.263363,0.0,0.0
2035-01-24,2,0,reserve,system,2911.220568,0.0,0.0,2911.220568,0.0,0.0
2035-01-24,3,0,reserve,system,2965.329633,0.0,0.0,2965.329633,0.0,0.0
2035-01-24,4,0,reserve,system,3042.703974,0.0,0.0,3042.703974,0.0,0.0
2035-01-24,5,0,reserve,system,3167.875245,0.0,0.0,3167.875245,0.0,0.0
2035-01-24,6,0,reserve,system,3214.593075,0.0,0.0,3214.593075,0.0,0.0
2035-01-24,7,0,reserve,system,3152.070309,0.0,0.0,3152.070309,0.0,0.0
2035-01-24,8,0,reserve,system,3034.06422,0.0,0.0,3034.06422,0.0,0.0
2035-01-24,9,0,reserve,system,2798.854491,0.0,0.0,2798.854491,0.0,0.0
2035-01-24,10,0,reserve,system,2607.031906,0.0,0.0,2607.031906,0.0,0.0
2035-01-24,11,0,reserve,system,2451.364728,0.0,0.0,2451.364728,0.0,0.0
2035-01-24,12,0,reserve,system,2329.133355,0.0,0.0,2329.133355,0.0,0.0
2035-01-24,13,0,reserve,system,2265.388899,0.0,0.0,2265.388899,0.0,0.0
2035-01-24,14,0,reserve,system,2217.396636,0.0,0.0,2217.396636,0.0,0.0
2035-01-24,15,0,reserve,system,2212.423185,0.0,0.0,2212.423185,0.0,0.0
2035-01-24,16,0,reserve,system,2250.293316,0.0,0.0,2250.293316,0.0,0.0
2035-01-24,17,0,reserve,system,2306.278912,0.0,0.0,2306.278912,0.0,0.0
2035-01-24,18,0,reserve,system,2403.253838,0.0,0.0,2403.253838,0.0,0.0
2035-01-24,19,0,reserve,system,2469.018427,0.0,0.0,2469.018427,0.0,0.0
2035-01-24,20,0,reserve,system,2516.726174,0.0,0.0,2516.726174,0.0,0.0
2035-01-24,21,0,reserve,system,2527.161786,0.0,0.0,2527.161786,0.0,0.0
2035-01-24,22,0,reserve,system,2527.648005,0.0,0.0,2527.648005,0.0,0.0
2035-01-24,23,0,reserve,system,2498.120623,0.0,0.0,2498.120623,0.0,0.0
2035-01-25,0,0,reserve,system,2513.727067,0.0,0.0,2513.727067,0.0,0.0
2035-01-25,1,0,reserve,system,2557.960502,0.0,0.0,2557.960502,0.0,0.0
2035-01-25,2,0,reserve,system,2603.926004,0.0,0.0,2603.926004,0.0,0.0
2035-01-25,3,0,reserve,system,2673.582776,0.0,0.0,2673.582776,0.0,0.0
2035-01-25,4,0,reserve,system,2771.586425,0.0,0.0,2771.586425,0.0,0.0
2035-01-25,5,0,reserve,system,2901.937703,0.0,0.0,2901.937703,0.0,0.0
2035-01-25,6,0,reserve,system,2994.625297,0.0,0.0,2994.625297,0.0,0.0
2035-01-25,7,0,reserve,system,2996.136416,0.0,0.0,2996.136416,0.0,0.0
2035-01-25,8,0,reserve,system,2902.0612,0.0,0.0,2902.0612,0.0,0.0
2035-01-25,9,0,reserve,system,2738.926522,0.0,0.0,2738.926522,0.0,0.0
2035-01-25,10,0,reserve,system,2572.279434,0.0,0.0,2572.279434,0.0,0.0
2035-01-25,11,0,reserve,system,2442.475388,0.0,0.0,2442.475388,0.0,0.0
2035-01-25,12,0,reserve,system,2333.362997,0.0,0.0,2333.362997,0.0,0.0
2035-01-25,13,0,reserve,system,2267.242176,0.0,0.0,2267.242176,0.0,0.0
2035-01-25,14,0,reserve,system,2220.977678,0.0,0.0,2220.977678,0.0,0.0
2035-01-25,15,0,reserve,system,2218.069563,0.0,0.0,2218.069563,0.0,0.0
2035-01-25,16,0,reserve,system,2260.463963,0.0,0.0,2260.463963,0.0,0.0
2035-01-25,17,0,reserve,system,2321.964684,0.0,0.0,2321.964684,0.0,0.0
2035-01-25,18,0,reserve,system,2416.383327,0.0,0.0,2416.383327,0.0,0.0
2035-01-25,19,0,reserve,system,2470.344612,0.0,0.0,2470.344612,0.0,0.0
2035-01-25,20,0,reserve,system,2500.597663,0.0,0.0,2500.597663,0.0,0.0
2035-01-25,21,0,reserve,system,2521.821841,0.0,0.0,2521.821841,0.0,0.0
2035-01-25,22,0,reserve,system,2508.135733,0.0,0.0,2508.135733,0.0,0.0
2035-01-25,23,0,reserve,system,2474.114051,0.0,0.0,2474.114051,0.0,0.0
2035-01-26,0,0,reserve,system,2455.061569,0.0,0.0,2455.061569,0.0,0.0
2035-01-26,1,0,reserve,system,2463.086801,0.0,0.0,2463.086801,0.0,0.0
2035-01-26,2,0,reserve,system,2469.398506,0.0,0.0,2469.398506,0.0,0.0
2035-01-26,3,0,reserve,system,2500.227203,0.0,0.0,2500.227203,0.0,0.0
2035-01-26,4,0,reserve,system,2547.480335,0.0,0.0,2547.480335,0.0,0.0
2035-01-26,5,0,reserve,system,2600.607129,0.0,0.0,2600.607129,0.0,0.0
2035-01-26,6,0,reserve,system,2660.449177,0.0,0.0,2660.449177,0.0,0.0
2035-01-26,7,0,reserve,system,2744.357379,0.0,0.0,2744.357379,0.0,0.0
2035-01-26,8,0,reserve,system,2741.111371,0.0,0.0,2741.111371,0.0,0.0
2035-01-26,9,0,reserve,system,2679.839748,0.0,0.0,2679.839748,0.0,0.0
2035-01-26,10,0,reserve,system,2590.156274,0.0,0.0,2590.156274,0.0,0.0
2035-01-26,11,0,reserve,system,2529.850792,0.0,0.0,2529.850792,0.0,0.0
2035-01-26,12,0,reserve,system,2480.653072,0.0,0.0,2480.653072,0.0,0.0
2035-01-26,13,0,reserve,system,2438.797453,0.0,0.0,2438.797453,0.0,0.0
2035-01-26,14,0,reserve,system,2404.70639,0.0,0.0,2404.70639,0.0,0.0
2035-01-26,15,0,reserve,system,2386.543253,0.0,0.0,2386.543253,0.0,0.0
2035-01-26,16,0,reserve,system,2411.942903,0.0,0.0,2411.942903,0.0,0.0
2035-01-26,17,0,reserve,system,2480.927678,0.0,0.0,2480.927678,0.0,0.0
2035-01-26,18,0,reserve,system,2553.537111,0.0,0.0,2553.537111,0.0,0.0
2035-01-26,19,0,reserve,system,2568.116348,0.0,0.0,2568.116348,0.0,0.0
2035-01-26,20,0,reserve,system,2567.953127,0.0,0.0,2567.953127,0.0,0.0
2035-01-26,21,0,reserve,system,2553.284709,0.0,0.0,2553.284709,0.0,0.0
2035-01-26,22,0,reserve,system,2520.738737,0.0,0.0,2520.738737,0.0,0.0
2035-01-26,23,0,reserve,system,2486.00454,0.0,0.0,2486.00454,0.0,0.0
2035-01-27,0,0,reserve,system,2447.92881,0.0,0.0,2447.92881,0.0,0.0
2035-01-27,1,0,reserve,system,2455.527636,0.0,0.0,2455.527636,0.0,0.0
2035-01-27,2,0,reserve,system,2462.460611,0.0,0.0,2462.460611,0.0,0.0
2035-01-27,3,0,reserve,system,2502.035455,0.0,0.0,2502.035455,0.0,0.0
2035-01-27,4,0,reserve,system,2541.739148,0.0,0.0,2541.739148,0.0,0.0
2035-01-27,5,0,reserve,system,2588.67856,0.0,0.0,2588.67856,0.0,0.0
2035-01-27,6,0,reserve,system,2638.889622,0.0,0.0,2638.889622,0.0,0.0
2035-01-27,7,0,reserve,system,2711.45613,0.0,0.0,2711.45613,0.0,0.0
2035-01-27,8,0,reserve,system,2706.769087,0.0,0.0,2706.769087,0.0,0.0
2035-01-27,9,0,reserve,system,2621.283116,0.0,0.0,2621.283116,0.0,0.0
2035-01-27,10,0,reserve,system,2495.721408,0.0,0.0,2495.721408,0.0,0.0
2035-01-27,11,0,reserve,system,2439.461181,0.0,0.0,2439.461181,0.0,0.0
2035-01-27,12,0,reserve,system,2388.544672,0.0,0.0,2388.544672,0.0,0.0
2035-01-27,13,0,reserve,system,2342.216584,0.0,0.0,2342.216584,0.0,0.0
2035-01-27,14,0,reserve,system,2301.987834,0.0,0.0,2301.987834,0.0,0.0
2035-01-27,15,0,reserve,system,2293.334605,0.0,0.0,2293.334605,0.0,0.0
2035-01-27,16,0,reserve,system,2335.949558,0.0,0.0,2335.949558,0.0,0.0
2035-01-27,17,0,reserve,system,2403.354175,0.0,0.0,2403.354175,0.0,0.0
2035-01-27,18,0,reserve,system,2512.137017,0.0,0.0,2512.137017,0.0,0.0
2035-01-27,19,0,reserve,system,2565.875196,0.0,0.0,2565.875196,0.0,0.0
2035-01-27,20,0,reserve,system,2594.352643,0.0,0.0,2594.352643,0.0,0.0
2035-01-27,21,0,reserve,system,2592.887674,0.0,0.0,2592.887674,0.0,0.0
2035-01-27,22,0,reserve,system,2547.065096,0.0,0.0,2547.065096,0.0,0.0
2035-01-27,23,0,reserve,system,2522.052614,0.0,0.0,2522.052614,0.0,0.0
2035-01-28,0,0,reserve,system,2490.935375,0.0,0.0,2490.935375,0.0,0.0
2035-01-28,1,0,reserve,system,2486.127002,0.0,0.0,2486.127002,0.0,0.0
2035-01-28,2,0,reserve,system,2504.05201,0.0,0.0,2504.05201,0.0,0.0
2035-01-28,3,0,reserve,system,2537.705456,0.0,0.0,2537.705456,0.0,0.0
2035-01-28,4,0,reserve,system,2616.792856,0.0,0.0,2616.792856,0.0,0.0
2035-01-28,5,0,reserve,system,2755.96584,0.0,0.0,2755.96584,0.0,0.0
2035-01-28,6,0,reserve,system,2924.522498,0.0,0.0,2924.522498,0.0,0.0
2035-01-28,7,0,reserve,system,2964.422366,0.0,0.0,2964.422366,0.0,0.0
2035-01-28,8,0,reserve,system,2850.740548,0.0,0.0,2850.740548,0.0,0.0
2035-01-28,9,0,reserve,system,2696.662489,0.0,0.0,2696.662489,0.0,0.0
2035-01-28,10,0,reserve,system,2542.923824,0.0,0.0,2542.923824,0.0,0.0
2035-01-28,11,0,reserve,system,2443.434717,0.0,0.0,2443.434717,0.0,0.0
2035-01-28,12,0,reserve,system,2368.496912,0.0,0.0,2368.496912,0.0,0.0
2035-01-28,13,0,reserve,system,2338.685718,0.0,0.0,2338.685718,0.0,0.0
2035-01-28,14,0,reserve,system,2332.502127,0.0,0.0,2332.502127,0.0,0.0
2035-01-28,15,0,reserve,system,2356.655413,0.0,0.0,2356.655413,0.0,0.0
2035-01-28,16,0,reserve,system,2439.593848,0.0,0.0,2439.593848,0.0,0.0
2035-01-28,17,0,reserve,system,2553.83202,0.0,0.0,2553.83202,0.0,0.0
2035-01-28,18,0,reserve,system,2690.336655,0.0,0.0,2690.336655,0.0,0.0
2035-01-28,19,0,reserve,system,2743.82462,0.0,0.0,2743.82462,0.0,0.0
2035-01-28,20,0,reserve,system,2764.135099,0.0,0.0,2764.135099,0.0,0.0
2035-01-28,21,0,reserve,system,2750.331349,0.0,0.0,2750.331349,0.0,0.0
2035-01-28,22,0,reserve,system,2717.553518,0.0,0.0,2717.553518,0.0,0.0
2035-01-28,23,0,reserve,system,2708.383313,0.0,0.0,2708.383313,0.0,0.0
2035-01-29,0,0,reserve,system,2725.526604,0.0,0.0,2725.526604,0.0,0.0
2035-01-29,1,0,reserve,system,2767.438316,0.0,0.0,2767.438316,0.0,0.0
2035-01-29,2,0,reserve,system,2829.195572,0.0,0.0,2829.195572,0.0,0.0
2035-01-29,3,0,reserve,system,2926.495913,0.0,0.0,2926.495913,0.0,0.0
2035-01-29,4,0,reserve,system,3079.946795,0.0,0.0,3079.946795,0.0,0.0
2035-01-29,5,0,reserve,system,3322.93909,0.0,0.0,3322.93909,0.0,0.0
2035-01-29,6,0,reserve,system,3531.76795,0.0,0.0,3531.76795,0.0,0.0
2035-01-29,7,0,reserve,system,3587.789395,0.0,0.0,3587.789395,0.0,0.0
2035-01-29,8,0,reserve,system,3423.017521,0.0,0.0,3423.017521,0.0,0.0
2035-01-29,9,0,reserve,system,3203.410217,0.0,0.0,3203.410217,0.0,0.0
2035-01-29,10,0,reserve,system,3035.307123,0.0,0.0,3035.307123,0.0,0.0
2035-01-29,11,0,reserve,system,2862.156262,0.0,0.0,2862.156262,0.0,0.0
2035-01-29,12,0,reserve,system,2715.003378,0.0,0.0,2715.003378,0.0,0.0
2035-01-29,13,0,reserve,system,2608.975258,0.0,0.0,2608.975258,0.0,0.0
2035-01-29,14,0,reserve,system,2537.809999,0.0,0.0,2537.809999,0.0,0.0
2035-01-29,15,0,reserve,system,2542.427471,0.0,0.0,2542.427471,0.0,0.0
2035-01-29,16,0,reserve,system,2655.599169,0.0,0.0,2655.59917,0.0,0.0
2035-01-29,17,0,reserve,system,2857.050622,0.0,0.0,2857.050622,0.0,0.0
2035-01-29,18,0,reserve,system,3008.326322,0.0,0.0,3008.326322,0.0,0.0
2035-01-29,19,0,reserve,system,3032.769213,0.0,0.0,3032.769213,0.0,0.0
2035-01-29,20,0,reserve,system,3031.586186,0.0,0.0,3031.586186,0.0,0.0
2035-01-29,21,0,reserve,system,2988.267966,0.0,0.0,2988.267966,0.0,0.0
2035-01-29,22,0,reserve,system,2904.369692,0.0,0.0,2904.369692,0.0,0.0
2035-01-29,23,0,reserve,system,2824.401238,0.0,0.0,2824.401238,0.0,0.0
2035-01-30,0,0,reserve,system,2787.793041,0.0,0.0,2787.793041,0.0,0.0
2035-01-30,1,0,reserve,system,2785.176385,0.0,0.0,2785.176385,0.0,0.0
2035-01-30,2,0,reserve,system,2792.926131,0.0,0.0,2792.926131,0.0,0.0
2035-01-30,3,0,reserve,system,2826.194276,0.0,0.0,2826.194276,0.0,0.0
2035-01-30,4,0,reserve,system,2894.297362,0.0,0.0,2894.297362,0.0,0.0
2035-01-30,5,0,reserve,system,2999.242656,0.0,0.0,2999.242656,0.0,0.0
2035-01-30,6,0,reserve,system,3072.197875,0.0,0.0,3072.197875,0.0,0.0
2035-01-30,7,0,reserve,system,3047.780877,0.0,0.0,3047.780877,0.0,0.0
2035-01-30,8,0,reserve,system,3011.797441,0.0,0.0,3011.797441,0.0,0.0
2035-01-30,9,0,reserve,system,2926.817254,0.0,0.0,2926.817254,0.0,0.0
2035-01-30,10,0,reserve,system,2833.887041,0.0,0.0,2833.887041,0.0,0.0
2035-01-30,11,0,reserve,system,2730.128396,0.0,0.0,2730.128396,0.0,0.0
2035-01-30,12,0,reserve,system,2638.971398,0.0,0.0,2638.971398,0.0,0.0
2035-01-30,13,0,reserve,system,2599.953606,0.0,0.0,2599.953606,0.0,0.0
2035-01-30,14,0,reserve,system,2581.401316,0.0,0.0,2581.401316,0.0,0.0
2035-01-30,15,0,reserve,system,2581.090351,0.0,0.0,2581.090351,0.0,0.0
2035-01-30,16,0,reserve,system,2664.957315,0.0,0.0,2664.957315,0.0,0.0
2035-01-30,17,0,reserve,system,2788.686159,0.0,0.0,2788.686159,0.0,0.0
2035-01-30,18,0,reserve,system,2911.95745,0.0,0.0,2911.95745,0.0,0.0
2035-01-30,19,0,reserve,system,2940.488384,0.0,0.0,2940.488384,0.0,0.0
2035-01-30,20,0,reserve,system,2943.168663,0.0,0.0,2943.168663,0.0,0.0
2035-01-30,21,0,reserve,system,2908.327476,0.0,0.0,2908.327476,0.0,0.0
2035-01-30,22,0,reserve,system,2828.875349,0.0,0.0,2828.875349,0.0,0.0
2035-01-30,23,0,reserve,system,2744.476858,0.0,0.0,2744.476858,0.0,0.0
2035-01-31,0,0,reserve,system,2703.670254,0.0,0.0,2703.670254,0.0,0.0
2035-01-31,1,0,reserve,system,2704.258151,0.0,0.0,2704.258151,0.0,0.0
2035-01-31,2,0,reserve,system,2707.114466,0.0,0.0,2707.114466,0.0,0.0
2035-01-31,3,0,reserve,system,2733.75178,0.0,0.0,2733.75178,0.0,0.0
2035-01-31,4,0,reserve,system,2789.152047,0.0,0.0,2789.152047,0.0,0.0
2035-01-31,5,0,reserve,system,2888.933058,0.0,0.0,2888.933058,0.0,0.0
2035-01-31,6,0,reserve,system,2992.63333,0.0,0.0,2992.63333,0.0,0.0
2035-01-31,7,0,reserve,system,3012.883738,0.0,0.0,3012.883738,0.0,0.0
2035-01-31,8,0,reserve,system,2934.24896,0.0,0.0,2934.24896,0.0,0.0
2035-01-31,9,0,reserve,system,2835.85873,0.0,0.0,2835.85873,0.0,0.0
2035-01-31,10,0,reserve,system,2732.086509,0.0,0.0,2732.086509,0.0,0.0
2035-01-31,11,0,reserve,system,2646.386976,0.0,0.0,2646.386976,0.0,0.0
2035-01-31,12,0,reserve,system,2570.622787,0.0,0.0,2570.622787,0.0,0.0
2035-01-31,13,0,reserve,system,2522.076582,0.0,0.0,2522.076582,0.0,0.0
2035-01-31,14,0,reserve,system,2482.560852,0.0,0.0,2482.560852,0.0,0.0
2035-01-31,15,0,reserve,system,2485.203663,0.0,0.0,2485.203663,0.0,0.0
2035-01-31,16,0,reserve,system,2556.239297,0.0,0.0,2556.239297,0.0,0.0
2035-01-31,17,0,reserve,system,2635.327279,0.0,0.0,2635.327279,0.0,0.0
2035-01-31,18,0,reserve,system,2639.929358,0.0,0.0,2639.929358,0.0,0.0
2035-01-31,19,0,reserve,system,2595.959516,0.0,0.0,2595.959516,0.0,0.0
2035-01-31,20,0,reserve,system,2545.013613,0.0,0.0,2545.013613,0.0,0.0
2035-01-31,21,0,reserve,system,2464.489455,0.0,0.0,2464.489455,0.0,0.0
2035-01-31,22,0,reserve,system,2364.359296,0.0,0.0,2364.359296,0.0,0.0
2035-01-31,23,0,reserve,system,2256.814604,0.0,0.0,2256.814604,0.0,0.0
2035-02-01,0,0,reserve,system,2074.970795,0.0,0.0,2074.970795,0.0,0.0
2035-02-01,1,0,reserve,system,2030.35141,0.0,0.0,2030.35141,0.0,0.0
2035-02-01,2,0,reserve,system,1994.001729,0.0,0.0,1994.001729,0.0,0.0
2035-02-01,3,0,reserve,system,1991.87888,0.0,0.0,1991.87888,0.0,0.0
2035-02-01,4,0,reserve,system,2001.694749,0.0,0.0,2001.694749,0.0,0.0
2035-02-01,5,0,reserve,system,2054.498444,0.0,0.0,2054.498444,0.0,0.0
2035-02-01,6,0,reserve,system,2164.308812,0.0,0.0,2164.308812,0.0,0.0
2035-02-01,7,0,reserve,system,2217.247127,0.0,0.0,2217.247127,0.0,0.0
2035-02-01,8,0,reserve,system,2199.882909,0.0,0.0,2199.882909,0.0,0.0
2035-02-01,9,0,reserve,system,2183.606774,0.0,0.0,2183.606774,0.0,0.0
2035-02-01,10,0,reserve,system,2177.542454,0.0,0.0,2177.542454,0.0,0.0
2035-02-01,11,0,reserve,system,2181.874739,0.0,0.0,2181.874739,0.0,0.0
2035-02-01,12,0,reserve,system,2200.154769,0.0,0.0,2200.154769,0.0,0.0
2035-02-01,13,0,reserve,system,2231.970695,0.0,0.0,2231.970695,0.0,0.0
2035-02-01,14,0,reserve,system,2263.788873,0.0,0.0,2263.788873,0.0,0.0
2035-02-01,15,0,reserve,system,2303.15573,0.0,0.0,2303.15573,0.0,0.0
2035-02-01,16,0,reserve,system,2351.156085,0.0,0.0,2351.156085,0.0,0.0
2035-02-01,17,0,reserve,system,2387.438573,0.0,0.0,2387.438573,0.0,0.0
2035-02-01,18,0,reserve,system,2342.82413,0.0,0.0,2342.82413,0.0,0.0
2035-02-01,19,0,reserve,system,2304.773382,0.0,0.0,2304.773382,0.0,0.0
2035-02-01,20,0,reserve,system,2274.595498,0.0,0.0,2274.595498,0.0,0.0
2035-02-01,21,0,reserve,system,2260.642418,0.0,0.0,2260.642418,0.0,0.0
2035-02-01,22,0,reserve,system,2247.710671,0.0,0.0,2247.710671,0.0,0.0
2035-02-01,23,0,reserve,system,2218.333854,0.0,0.0,2218.333854,0.0,0.0
2035-02-02,0,0,reserve,system,2157.393971,0.0,0.0,2157.393971,0.0,0.0
2035-02-02,1,0,reserve,system,2136.386506,0.0,0.0,2136.386506,0.0,0.0
2035-02-02,2,0,reserve,system,2116.276013,0.0,0.0,2116.276013,0.0,0.0
2035-02-02,3,0,reserve,system,2111.460375,0.0,0.0,2111.460375,0.0,0.0
2035-02-02,4,0,reserve,system,2129.292797,0.0,0.0,2129.292797,0.0,0.0
2035-02-02,5,0,reserve,system,2140.806029,0.0,0.0,2140.806029,0.0,0.0
2035-02-02,6,0,reserve,system,2143.617551,0.0,0.0,2143.617551,0.0,0.0
2035-02-02,7,0,reserve,system,2169.505334,0.0,0.0,2169.505334,0.0,0.0
2035-02-02,8,0,reserve,system,2216.90491,0.0,0.0,2216.90491,0.0,0.0
2035-02-02,9,0,reserve,system,2283.875409,0.0,0.0,2283.875409,0.0,0.0
2035-02-02,10,0,reserve,system,2333.724077,0.0,0.0,2333.724077,0.0,0.0
2035-02-02,11,0,reserve,system,2358.092972,0.0,0.0,2358.092972,0.0,0.0
2035-02-02,12,0,reserve,system,2336.135934,0.0,0.0,2336.135934,0.0,0.0
2035-02-02,13,0,reserve,system,2314.789759,0.0,0.0,2314.789759,0.0,0.0
2035-02-02,14,0,reserve,system,2304.608291,0.0,0.0,2304.608291,0.0,0.0
2035-02-02,15,0,reserve,system,2317.018486,0.0,0.0,2317.018486,0.0,0.0
2035-02-02,16,0,reserve,system,2363.565475,0.0,0.0,2363.565475,0.0,0.0
2035-02-02,17,0,reserve,system,2423.319182,0.0,0.0,2423.319182,0.0,0.0
2035-02-02,18,0,reserve,system,2459.962714,0.0,0.0,2459.962714,0.0,0.0
2035-02-02,19,0,reserve,system,2438.429367,0.0,0.0,2438.429367,0.0,0.0
2035-02-02,20,0,reserve,system,2432.666675,0.0,0.0,2432.666675,0.0,0.0
2035-02-02,21,0,reserve,system,2414.319898,0.0,0.0,2414.319898,0.0,0.0
2035-02-02,22,0,reserve,system,2365.981657,0.0,0.0,2365.981657,0.0,0.0
2035-02-02,23,0,reserve,system,2300.563256,0.0,0.0,2300.563256,0.0,0.0
2035-02-03,0,0,reserve,system,2258.288235,0.0,0.0,2258.288235,0.0,0.0
2035-02-03,1,0,reserve,system,2237.575345,0.0,0.0,2237.575345,0.0,0.0
2035-02-03,2,0,reserve,system,2229.406457,0.0,0.0,2229.406457,0.0,0.0
2035-02-03,3,0,reserve,system,2236.40998,0.0,0.0,2236.40998,0.0,0.0
2035-02-03,4,0,reserve,system,2255.516051,0.0,0.0,2255.516051,0.0,0.0
2035-02-03,5,0,reserve,system,2272.288957,0.0,0.0,2272.288957,0.0,0.0
2035-02-03,6,0,reserve,system,2294.940691,0.0,0.0,2294.940691,0.0,0.0
2035-02-03,7,0,reserve,system,2343.50355,0.0,0.0,2343.50355,0.0,0.0
2035-02-03,8,0,reserve,system,2364.78505,0.0,0.0,2364.78505,0.0,0.0
2035-02-03,9,0,reserve,system,2375.142692,0.0,0.0,2375.142692,0.0,0.0
2035-02-03,10,0,reserve,system,2344.941312,0.0,0.0,2344.941312,0.0,0.0
2035-02-03,11,0,reserve,system,2353.236514,0.0,0.0,2353.236514,0.0,0.0
2035-02-03,12,0,reserve,system,2337.883254,0.0,0.0,2337.883254,0.0,0.0
2035-02-03,13,0,reserve,system,2355.647664,0.0,0.0,2355.647664,0.0,0.0
2035-02-03,14,0,reserve,system,2361.656704,0.0,0.0,2361.656704,0.0,0.0
2035-02-03,15,0,reserve,system,2357.613375,0.0,0.0,2357.613375,0.0,0.0
2035-02-03,16,0,reserve,system,2395.846531,0.0,0.0,2395.846531,0.0,0.0
2035-02-03,17,0,reserve,system,2423.146376,0.0,0.0,2423.146376,0.0,0.0
2035-02-03,18,0,reserve,system,2432.41943,0.0,0.0,2432.41943,0.0,0.0
2035-02-03,19,0,reserve,system,2412.665903,0.0,0.0,2412.665903,0.0,0.0
2035-02-03,20,0,reserve,system,2419.400828,0.0,0.0,2419.400828,0.0,0.0
2035-02-03,21,0,reserve,system,2410.130113,0.0,0.0,2410.130113,0.0,0.0
2035-02-03,22,0,reserve,system,2355.357615,0.0,0.0,2355.357615,0.0,0.0
2035-02-03,23,0,reserve,system,2268.505065,0.0,0.0,2268.505065,0.0,0.0
2035-02-04,0,0,reserve,system,2190.512794,0.0,0.0,2190.512794,0.0,0.0
2035-02-04,1,0,reserve,system,2155.787765,0.0,0.0,2155.787765,0.0,0.0
2035-02-04,2,0,reserve,system,2138.845857,0.0,0.0,2138.845857,0.0,0.0
2035-02-04,3,0,reserve,system,2149.028184,0.0,0.0,2149.028184,0.0,0.0
2035-02-04,4,0,reserve,system,2168.166274,0.0,0.0,2168.166274,0.0,0.0
2035-02-04,5,0,reserve,system,2251.761498,0.0,0.0,2251.761498,0.0,0.0
2035-02-04,6,0,reserve,system,2387.517813,0.0,0.0,2387.517813,0.0,0.0
2035-02-04,7,0,reserve,system,2427.033512,0.0,0.0,2427.033512,0.0,0.0
2035-02-04,8,0,reserve,system,2409.161983,0.0,0.0,2409.161983,0.0,0.0
2035-02-04,9,0,reserve,system,2384.021673,0.0,0.0,2384.021673,0.0,0.0
2035-02-04,10,0,reserve,system,2334.362255,0.0,0.0,2334.362255,0.0,0.0
2035-02-04,11,0,reserve,system,2295.505035,0.0,0.0,2295.505035,0.0,0.0
2035-02-04,12,0,reserve,system,2286.011109,0.0,0.0,2286.011109,0.0,0.0
2035-02-04,13,0,reserve,system,2285.807424,0.0,0.0,2285.807424,0.0,0.0
2035-02-04,14,0,reserve,system,2280.58458,0.0,0.0,2280.58458,0.0,0.0
2035-02-04,15,0,reserve,system,2287.826039,0.0,0.0,2287.826039,0.0,0.0
2035-02-04,16,0,reserve,system,2331.121349,0.0,0.0,2331.121349,0.0,0.0
2035-02-04,17,0,reserve,system,2381.488447,0.0,0.0,2381.488447,0.0,0.0
2035-02-04,18,0,reserve,system,2411.9079,0.0,0.0,2411.9079,0.0,0.0
2035-02-04,19,0,reserve,system,2413.411712,0.0,0.0,2413.411712,0.0,0.0
2035-02-04,20,0,reserve,system,2393.449969,0.0,0.0,2393.449969,0.0,0.0
2035-02-04,21,0,reserve,system,2388.849463,0.0,0.0,2388.849463,0.0,0.0
2035-02-04,22,0,reserve,system,2365.68963,0.0,0.0,2365.68963,0.0,0.0
2035-02-04,23,0,reserve,system,2281.323145,0.0,0.0,2281.323145,0.0,0.0
2035-02-05,0,0,reserve,system,2223.828493,0.0,0.0,2223.828493,0.0,0.0
2035-02-05,1,0,reserve,system,2180.181705,0.0,0.0,2180.181705,0.0,0.0
2035-02-05,2,0,reserve,system,2165.143508,0.0,0.0,2165.143508,0.0,0.0
2035-02-05,3,0,reserve,system,2162.22364,0.0,0.0,2162.22364,0.0,0.0
2035-02-05,4,0,reserve,system,2190.014558,0.0,0.0,2190.014558,0.0,0.0
2035-02-05,5,0,reserve,system,2282.323594,0.0,0.0,2282.323594,0.0,0.0
2035-02-05,6,0,reserve,system,2423.74045,0.0,0.0,2423.74045,0.0,0.0
2035-02-05,7,0,reserve,system,2453.027182,0.0,0.0,2453.027182,0.0,0.0
2035-02-05,8,0,reserve,system,2431.05595,0.0,0.0,2431.05595,0.0,0.0
2035-02-05,9,0,reserve,system,2399.243918,0.0,0.0,2399.243918,0.0,0.0
2035-02-05,10,0,reserve,system,2426.346543,0.0,0.0,2426.346543,0.0,0.0
2035-02-05,11,0,reserve,system,2410.347719,0.0,0.0,2410.347719,0.0,0.0
2035-02-05,12,0,reserve,system,2372.801679,0.0,0.0,2372.801679,0.0,0.0
2035-02-05,13,0,reserve,system,2362.8279,0.0,0.0,2362.8279,0.0,0.0
2035-02-05,14,0,reserve,system,2393.976036,0.0,0.0,2393.976036,0.0,0.0
2035-02-05,15,0,reserve,system,2427.058989,0.0,0.0,2427.058989,0.0,0.0
2035-02-05,16,0,reserve,system,2464.198519,0.0,0.0,2464.198519,0.0,0.0
2035-02-05,17,0,reserve,system,2492.796862,0.0,0.0,2492.796862,0.0,0.0
2035-02-05,18,0,reserve,system,2498.7265,0.0,0.0,2498.7265,0.0,0.0
2035-02-05,19,0,reserve,system,2493.566505,0.0,0.0,2493.566505,0.0,0.0
2035-02-05,20,0,reserve,system,2481.133335,0.0,0.0,2481.133335,0.0,0.0
2035-02-05,21,0,reserve,system,2460.966585,0.0,0.0,2460.966585,0.0,0.0
2035-02-05,22,0,reserve,system,2409.225668,0.0,0.0,2409.225668,0.0,0.0
2035-02-05,23,0,reserve,system,2302.728307,0.0,0.0,2302.728307,0.0,0.0
2035-02-06,0,0,reserve,system,2217.433878,0.0,0.0,2217.433878,0.0,0.0
2035-02-06,1,0,reserve,system,2160.920701,0.0,0.0,2160.920701,0.0,0.0
2035-02-06,2,0,reserve,system,2123.304947,0.0,0.0,2123.304947,0.0,0.0
2035-02-06,3,0,reserve,system,2113.567157,0.0,0.0,2113.567157,0.0,0.0
2035-02-06,4,0,reserve,system,2112.23003,0.0,0.0,2112.23003,0.0,0.0
2035-02-06,5,0,reserve,system,2131.299492,0.0,0.0,2131.299492,0.0,0.0
2035-02-06,6,0,reserve,system,2175.56556,0.0,0.0,2175.56556,0.0,0.0
2035-02-06,7,0,reserve,system,2216.333164,0.0,0.0,2216.333164,0.0,0.0
2035-02-06,8,0,reserve,system,2238.210747,0.0,0.0,2238.210747,0.0,0.0
2035-02-06,9,0,reserve,system,2283.172724,0.0,0.0,2283.172724,0.0,0.0
2035-02-06,10,0,reserve,system,2342.517894,0.0,0.0,2342.517894,0.0,0.0
2035-02-06,11,0,reserve,system,2418.998859,0.0,0.0,2418.998859,0.0,0.0
2035-02-06,12,0,reserve,system,2482.6682,0.0,0.0,2482.6682,0.0,0.0
2035-02-06,13,0,reserve,system,2553.488522,0.0,0.0,2553.488522,0.0,0.0
2035-02-06,14,0,reserve,system,2596.285872,0.0,0.0,2596.285872,0.0,0.0
2035-02-06,15,0,reserve,system,2632.927309,0.0,0.0,2632.927309,0.0,0.0
2035-02-06,16,0,reserve,system,2661.863597,0.0,0.0,2661.863597,0.0,0.0
2035-02-06,17,0,reserve,system,2657.76364,0.0,0.0,2657.76364,0.0,0.0
2035-02-06,18,0,reserve,system,2586.06964,0.0,0.0,2586.06964,0.0,0.0
2035-02-06,19,0,reserve,system,2509.857593,0.0,0.0,2509.857593,0.0,0.0
2035-02-06,20,0,reserve,system,2449.697746,0.0,0.0,2449.697746,0.0,0.0
2035-02-06,21,0,reserve,system,2385.627866,0.0,0.0,2385.627866,0.0,0.0
2035-02-06,22,0,reserve,system,2315.996101,0.0,0.0,2315.996101,0.0,0.0
2035-02-06,23,0,reserve,system,2231.165291,0.0,0.0,2231.165291,0.0,0.0
2035-02-07,0,0,reserve,system,2151.593653,0.0,0.0,2151.593653,0.0,0.0
2035-02-07,1,0,reserve,system,2099.416745,0.0,0.0,2099.416745,0.0,0.0
2035-02-07,2,0,reserve,system,2063.975925,0.0,0.0,2063.975925,0.0,0.0
2035-02-07,3,0,reserve,system,2053.700198,0.0,0.0,2053.700198,0.0,0.0
2035-02-07,4,0,reserve,system,2055.696481,0.0,0.0,2055.696481,0.0,0.0
2035-02-07,5,0,reserve,system,2061.312187,0.0,0.0,2061.312187,0.0,0.0
2035-02-07,6,0,reserve,system,2111.59255,0.0,0.0,2111.59255,0.0,0.0
2035-02-07,7,0,reserve,system,2187.011725,0.0,0.0,2187.011725,0.0,0.0
2035-02-07,8,0,reserve,system,2260.863715,0.0,0.0,2260.863715,0.0,0.0
2035-02-07,9,0,reserve,system,2350.282556,0.0,0.0,2350.282556,0.0,0.0
2035-02-07,10,0,reserve,system,2426.824193,0.0,0.0,2426.824193,0.0,0.0
2035-02-07,11,0,reserve,system,2483.559217,0.0,0.0,2483.559217,0.0,0.0
2035-02-07,12,0,reserve,system,2500.130053,0.0,0.0,2500.130053,0.0,0.0
2035-02-07,13,0,reserve,system,2518.158908,0.0,0.0,2518.158908,0.0,0.0
2035-02-07,14,0,reserve,system,2537.084601,0.0,0.0,2537.084601,0.0,0.0
2035-02-07,15,0,reserve,system,2556.927107,0.0,0.0,2556.927107,0.0,0.0
2035-02-07,16,0,reserve,system,2612.061222,0.0,0.0,2612.061222,0.0,0.0
2035-02-07,17,0,reserve,system,2701.07043,0.0,0.0,2701.07043,0.0,0.0
2035-02-07,18,0,reserve,system,2753.282999,0.0,0.0,2753.282999,0.0,0.0
2035-02-07,19,0,reserve,system,2756.524936,0.0,0.0,2756.524936,0.0,0.0
2035-02-07,20,0,reserve,system,2774.955609,0.0,0.0,2774.955609,0.0,0.0
2035-02-07,21,0,reserve,system,2782.022251,0.0,0.0,2782.022251,0.0,0.0
2035-02-07,22,0,reserve,system,2783.919607,0.0,0.0,2783.919607,0.0,0.0
2035-02-07,23,0,reserve,system,2777.434821,0.0,0.0,2777.434821,0.0,0.0
2035-02-08,0,0,reserve,system,2801.415606,0.0,0.0,2801.415606,0.0,0.0
2035-02-08,1,0,reserve,system,2833.825248,0.0,0.0,2833.825248,0.0,0.0
2035-02-08,2,0,reserve,system,2867.686618,0.0,0.0,2867.686618,0.0,0.0
2035-02-08,3,0,reserve,system,2938.358908,0.0,0.0,2938.358908,0.0,0.0
2035-02-08,4,0,reserve,system,3018.588234,0.0,0.0,3018.588234,0.0,0.0
2035-02-08,5,0,reserve,system,3064.563712,0.0,0.0,3064.563712,0.0,0.0
2035-02-08,6,0,reserve,system,3122.6339,0.0,0.0,3122.6339,0.0,0.0
2035-02-08,7,0,reserve,system,3214.547971,0.0,0.0,3214.547971,0.0,0.0
2035-02-08,8,0,reserve,system,3228.387013,0.0,0.0,3228.387013,0.0,0.0
2035-02-08,9,0,reserve,system,3244.79327,0.0,0.0,3244.79327,0.0,0.0
2035-02-08,10,0,reserve,system,3237.023767,0.0,0.0,3237.023767,0.0,0.0
2035-02-08,11,0,reserve,system,3246.349129,0.0,0.0,3246.349129,0.0,0.0
2035-02-08,12,0,reserve,system,3221.815688,0.0,0.0,3221.815688,0.0,0.0
2035-02-08,13,0,reserve,system,3211.709225,0.0,0.0,3211.709225,0.0,0.0
2035-02-08,14,0,reserve,system,3217.498041,0.0,0.0,3217.498041,0.0,0.0
2035-02-08,15,0,reserve,system,3263.047659,0.0,0.0,3263.047659,0.0,0.0
2035-02-08,16,0,reserve,system,3385.742104,0.0,0.0,3385.742104,0.0,0.0
2035-02-08,17,0,reserve,system,3528.186603,0.0,0.0,3528.186603,0.0,0.0
2035-02-08,18,0,reserve,system,3554.146358,0.0,0.0,3554.146358,0.0,0.0
2035-02-08,19,0,reserve,system,3514.364755,0.0,0.0,3514.364755,0.0,0.0
2035-02-08,20,0,reserve,system,3522.573427,0.0,0.0,3522.573427,0.0,0.0
2035-02-08,21,0,reserve,system,3495.317286,0.0,0.0,3495.317286,0.0,0.0
2035-02-08,22,0,reserve,system,3436.905362,0.0,0.0,3436.905362,0.0,0.0
2035-02-08,23,0,reserve,system,3370.645845,0.0,0.0,3370.645845,0.0,0.0
2035-02-09,0,0,reserve,system,3331.610702,0.0,0.0,3331.610702,0.0,0.0
2035-02-09,1,0,reserve,system,3326.293789,0.0,0.0,3326.293789,0.0,0.0
2035-02-09,2,0,reserve,system,3311.326049,0.0,0.0,3311.326049,0.0,0.0
2035-02-09,3,0,reserve,system,3322.465481,0.0,0.0,3322.465481,0.0,0.0
2035-02-09,4,0,reserve,system,3349.555802,0.0,0.0,3349.555802,0.0,0.0
2035-02-09,5,0,reserve,system,3363.074364,0.0,0.0,3363.074364,0.0,0.0
2035-02-09,6,0,reserve,system,3336.423205,0.0,0.0,3336.423205,0.0,0.0
2035-02-09,7,0,reserve,system,3351.0497,0.0,0.0,3351.0497,0.0,0.0
2035-02-09,8,0,reserve,system,3384.169446,0.0,0.0,3384.169446,0.0,0.0
2035-02-09,9,0,reserve,system,3384.699606,0.0,0.0,3384.699606,0.0,0.0
2035-02-09,10,0,reserve,system,3444.417791,0.0,0.0,3444.417791,0.0,0.0
2035-02-09,11,0,reserve,system,3433.109511,0.0,0.0,3433.109511,0.0,0.0
2035-02-09,12,0,reserve,system,3341.608122,0.0,0.0,3341.608122,0.0,0.0
2035-02-09,13,0,reserve,system,3251.910866,0.0,0.0,3251.910866,0.0,0.0
2035-02-09,14,0,reserve,system,3207.238785,0.0,0.0,3207.238785,0.0,0.0
2035-02-09,15,0,reserve,system,3227.019705,0.0,0.0,3227.019705,0.0,0.0
2035-02-09,16,0,reserve,system,3289.972105,0.0,0.0,3289.972105,0.0,0.0
2035-02-09,17,0,reserve,system,3384.032755,0.0,0.0,3384.032755,0.0,0.0
2035-02-09,18,0,reserve,system,3412.908059,0.0,0.0,3412.908059,0.0,0.0
2035-02-09,19,0,reserve,system,3378.937724,0.0,0.0,3378.937724,0.0,0.0
2035-02-09,20,0,reserve,system,3386.209011,0.0,0.0,3386.209011,0.0,0.0
2035-02-09,21,0,reserve,system,3370.217415,0.0,0.0,3370.217415,0.0,0.0
2035-02-09,22,0,reserve,system,3295.08161,0.0,0.0,3295.08161,0.0,0.0
2035-02-09,23,0,reserve,system,3226.236676,0.0,0.0,3226.236676,0.0,0.0
2035-02-10,0,0,reserve,system,3184.208604,0.0,0.0,3184.208604,0.0,0.0
2035-02-10,1,0,reserve,system,3180.626256,0.0,0.0,3180.626256,0.0,0.0
2035-02-10,2,0,reserve,system,3143.770691,0.0,0.0,3143.770691,0.0,0.0
2035-02-10,3,0,reserve,system,3136.654387,0.0,0.0,3136.654387,0.0,0.0
2035-02-10,4,0,reserve,system,3153.537884,0.0,0.0,3153.537884,0.0,0.0
2035-02-10,5,0,reserve,system,3165.438044,0.0,0.0,3165.438044,0.0,0.0
2035-02-10,6,0,reserve,system,3167.293366,0.0,0.0,3167.293366,0.0,0.0
2035-02-10,7,0,reserve,system,3181.224946,0.0,0.0,3181.224946,0.0,0.0
2035-02-10,8,0,reserve,system,3184.094023,0.0,0.0,3184.094023,0.0,0.0
2035-02-10,9,0,reserve,system,3187.256102,0.0,0.0,3187.256102,0.0,0.0
2035-02-10,10,0,reserve,system,3115.236906,0.0,0.0,3115.236906,0.0,0.0
2035-02-10,11,0,reserve,system,3068.075409,0.0,0.0,3068.075409,0.0,0.0
2035-02-10,12,0,reserve,system,2990.204751,0.0,0.0,2990.204751,0.0,0.0
2035-02-10,13,0,reserve,system,2922.645241,0.0,0.0,2922.645241,0.0,0.0
2035-02-10,14,0,reserve,system,2867.765198,0.0,0.0,2867.765198,0.0,0.0
2035-02-10,15,0,reserve,system,2850.826547,0.0,0.0,2850.826547,0.0,0.0
2035-02-10,16,0,reserve,system,2882.900147,0.0,0.0,2882.900147,0.0,0.0
2035-02-10,17,0,reserve,system,2939.390795,0.0,0.0,2939.390795,0.0,0.0
2035-02-10,18,0,reserve,system,2951.034923,0.0,0.0,2951.034923,0.0,0.0
2035-02-10,19,0,reserve,system,2909.056315,0.0,0.0,2909.056315,0.0,0.0
2035-02-10,20,0,reserve,system,2904.665287,0.0,0.0,2904.665287,0.0,0.0
2035-02-10,21,0,reserve,system,2876.618578,0.0,0.0,2876.618578,0.0,0.0
2035-02-10,22,0,reserve,system,2799.967562,0.0,0.0,2799.967562,0.0,0.0
2035-02-10,23,0,reserve,system,2722.193904,0.0,0.0,2722.193904,0.0,0.0
2035-02-11,0,0,reserve,system,2677.775283,0.0,0.0,2677.775283,0.0,0.0
2035-02-11,1,0,reserve,system,2652.36089,0.0,0.0,2652.36089,0.0,0.0
2035-02-11,2,0,reserve,system,2635.581129,0.0,0.0,2635.581129,0.0,0.0
2035-02-11,3,0,reserve,system,2635.766477,0.0,0.0,2635.766477,0.0,0.0
2035-02-11,4,0,reserve,system,2672.369387,0.0,0.0,2672.369387,0.0,0.0
2035-02-11,5,0,reserve,system,2766.013636,0.0,0.0,2766.013636,0.0,0.0
2035-02-11,6,0,reserve,system,2860.83148,0.0,0.0,2860.83148,0.0,0.0
2035-02-11,7,0,reserve,system,2857.35268,0.0,0.0,2857.35268,0.0,0.0
2035-02-11,8,0,reserve,system,2810.123193,0.0,0.0,2810.123193,0.0,0.0
2035-02-11,9,0,reserve,system,2763.053693,0.0,0.0,2763.053693,0.0,0.0
2035-02-11,10,0,reserve,system,2702.193041,0.0,0.0,2702.193041,0.0,0.0
2035-02-11,11,0,reserve,system,2646.888792,0.0,0.0,2646.888792,0.0,0.0
2035-02-11,12,0,reserve,system,2575.735167,0.0,0.0,2575.735167,0.0,0.0
2035-02-11,13,0,reserve,system,2521.931921,0.0,0.0,2521.931921,0.0,0.0
2035-02-11,14,0,reserve,system,2511.442732,0.0,0.0,2511.442732,0.0,0.0
2035-02-11,15,0,reserve,system,2511.421356,0.0,0.0,2511.421356,0.0,0.0
2035-02-11,16,0,reserve,system,2559.598211,0.0,0.0,2559.598211,0.0,0.0
2035-02-11,17,0,reserve,system,2623.392913,0.0,0.0,2623.392913,0.0,0.0
2035-02-11,18,0,reserve,system,2631.624175,0.0,0.0,2631.624175,0.0,0.0
2035-02-11,19,0,reserve,system,2607.748353,0.0,0.0,2607.748353,0.0,0.0
2035-02-11,20,0,reserve,system,2596.243013,0.0,0.0,2596.243013,0.0,0.0
2035-02-11,21,0,reserve,system,2591.150531,0.0,0.0,2591.150531,0.0,0.0
2035-02-11,22,0,reserve,system,2555.397355,0.0,0.0,2555.397355,0.0,0.0
2035-02-11,23,0,reserve,system,2485.925241,0.0,0.0,2485.925241,0.0,0.0
2035-02-12,0,0,reserve,system,2445.586902,0.0,0.0,2445.586902,0.0,0.0
2035-02-12,1,0,reserve,system,2429.401758,0.0,0.0,2429.401758,0.0,0.0
2035-02-12,2,0,reserve,system,2448.706984,0.0,0.0,2448.706984,0.0,0.0
2035-02-12,3,0,reserve,system,2460.109574,0.0,0.0,2460.109574,0.0,0.0
2035-02-12,4,0,reserve,system,2518.496577,0.0,0.0,2518.496577,0.0,0.0
2035-02-12,5,0,reserve,system,2657.031855,0.0,0.0,2657.031855,0.0,0.0
2035-02-12,6,0,reserve,system,2797.844694,0.0,0.0,2797.844694,0.0,0.0
2035-02-12,7,0,reserve,system,2799.116351,0.0,0.0,2799.116351,0.0,0.0
2035-02-12,8,0,reserve,system,2719.681669,0.0,0.0,2719.681669,0.0,0.0
2035-02-12,9,0,reserve,system,2621.943781,0.0,0.0,2621.943781,0.0,0.0
2035-02-12,10,0,reserve,system,2558.317983,0.0,0.0,2558.317983,0.0,0.0
2035-02-12,11,0,reserve,system,2470.524783,0.0,0.0,2470.524783,0.0,0.0
2035-02-12,12,0,reserve,system,2374.170131,0.0,0.0,2374.170131,0.0,0.0
2035-02-12,13,0,reserve,system,2326.370123,0.0,0.0,2326.370123,0.0,0.0
2035-02-12,14,0,reserve,system,2302.474133,0.0,0.0,2302.474133,0.0,0.0
2035-02-12,15,0,reserve,system,2306.846244,0.0,0.0,2306.846244,0.0,0.0
2035-02-12,16,0,reserve,system,2361.864237,0.0,0.0,2361.864237,0.0,0.0
2035-02-12,17,0,reserve,system,2409.051175,0.0,0.0,2409.051175,0.0,0.0
2035-02-12,18,0,reserve,system,2458.423457,0.0,0.0,2458.423457,0.0,0.0
2035-02-12,19,0,reserve,system,2484.500354,0.0,0.0,2484.500354,0.0,0.0
2035-02-12,20,0,reserve,system,2520.858221,0.0,0.0,2520.858221,0.0,0.0
2035-02-12,21,0,reserve,system,2542.901493,0.0,0.0,2542.901493,0.0,0.0
2035-02-12,22,0,reserve,system,2550.747342,0.0,0.0,2550.747342,0.0,0.0
2035-02-12,23,0,reserve,system,2548.88269,0.0,0.0,2548.88269,0.0,0.0
2035-02-13,0,0,reserve,system,2567.032288,0.0,0.0,2567.032288,0.0,0.0
2035-02-13,1,0,reserve,system,2597.547283,0.0,0.0,2597.547283,0.0,0.0
2035-02-13,2,0,reserve,system,2625.109187,0.0,0.0,2625.109187,0.0,0.0
2035-02-13,3,0,reserve,system,2680.08629,0.0,0.0,2680.08629,0.0,0.0
2035-02-13,4,0,reserve,system,2752.034336,0.0,0.0,2752.034336,0.0,0.0
2035-02-13,5,0,reserve,system,2841.427401,0.0,0.0,2841.427401,0.0,0.0
2035-02-13,6,0,reserve,system,2898.320942,0.0,0.0,2898.320942,0.0,0.0
2035-02-13,7,0,reserve,system,2920.730037,0.0,0.0,2920.730037,0.0,0.0
2035-02-13,8,0,reserve,system,2843.274708,0.0,0.0,2843.274708,0.0,0.0
2035-02-13,9,0,reserve,system,2720.72207,0.0,0.0,2720.72207,0.0,0.0
2035-02-13,10,0,reserve,system,2665.354414,0.0,0.0,2665.354414,0.0,0.0
2035-02-13,11,0,reserve,system,2600.747713,0.0,0.0,2600.747713,0.0,0.0
2035-02-13,12,0,reserve,system,2535.199234,0.0,0.0,2535.199234,0.0,0.0
2035-02-13,13,0,reserve,system,2511.857622,0.0,0.0,2511.857622,0.0,0.0
2035-02-13,14,0,reserve,system,2480.516768,0.0,0.0,2480.516768,0.0,0.0
2035-02-13,15,0,reserve,system,2492.385342,0.0,0.0,2492.385342,0.0,0.0
2035-02-13,16,0,reserve,system,2545.429054,0.0,0.0,2545.429054,0.0,0.0
2035-02-13,17,0,reserve,system,2597.96454,0.0,0.0,2597.96454,0.0,0.0
2035-02-13,18,0,reserve,system,2627.203234,0.0,0.0,2627.203234,0.0,0.0
2035-02-13,19,0,reserve,system,2598.647223,0.0,0.0,2598.647223,0.0,0.0
2035-02-13,20,0,reserve,system,2570.666151,0.0,0.0,2570.666151,0.0,0.0
2035-02-13,21,0,reserve,system,2554.657236,0.0,0.0,2554.657236,0.0,0.0
2035-02-13,22,0,reserve,system,2532.554335,0.0,0.0,2532.554335,0.0,0.0
2035-02-13,23,0,reserve,system,2467.323275,0.0,0.0,2467.323275,0.0,0.0
2035-02-14,0,0,reserve,system,2404.115909,0.0,0.0,2404.115909,0.0,0.0
2035-02-14,1,0,reserve,system,2377.442855,0.0,0.0,2377.442855,0.0,0.0
2035-02-14,2,0,reserve,system,2368.49923,0.0,0.0,2368.49923,0.0,0.0
2035-02-14,3,0,reserve,system,2389.687014,0.0,0.0,2389.687014,0.0,0.0
2035-02-14,4,0,reserve,system,2446.024223,0.0,0.0,2446.024223,0.0,0.0
2035-02-14,5,0,reserve,system,2518.17803,0.0,0.0,2518.17803,0.0,0.0
2035-02-14,6,0,reserve,system,2533.29075,0.0,0.0,2533.29075,0.0,0.0
2035-02-14,7,0,reserve,system,2550.174709,0.0,0.0,2550.174709,0.0,0.0
2035-02-14,8,0,reserve,system,2550.156437,0.0,0.0,2550.156437,0.0,0.0
2035-02-14,9,0,reserve,system,2518.999912,0.0,0.0,2518.999912,0.0,0.0
2035-02-14,10,0,reserve,system,2466.673887,0.0,0.0,2466.673887,0.0,0.0
2035-02-14,11,0,reserve,system,2407.195934,0.0,0.0,2407.195934,0.0,0.0
2035-02-14,12,0,reserve,system,2360.795194,0.0,0.0,2360.795194,0.0,0.0
2035-02-14,13,0,reserve,system,2340.260679,0.0,0.0,2340.260679,0.0,0.0
2035-02-14,14,0,reserve,system,2324.873899,0.0,0.0,2324.873899,0.0,0.0
2035-02-14,15,0,reserve,system,2334.665241,0.0,0.0,2334.665241,0.0,0.0
2035-02-14,16,0,reserve,system,2384.122027,0.0,0.0,2384.122027,0.0,0.0
2035-02-14,17,0,reserve,system,2428.582169,0.0,0.0,2428.582169,0.0,0.0
2035-02-14,18,0,reserve,system,2452.674174,0.0,0.0,2452.674174,0.0,0.0
2035-02-14,19,0,reserve,system,2441.684277,0.0,0.0,2441.684277,0.0,0.0
2035-02-14,20,0,reserve,system,2442.461211,0.0,0.0,2442.461211,0.0,0.0
2035-02-14,21,0,reserve,system,2425.844042,0.0,0.0,2425.844042,0.0,0.0
2035-02-14,22,0,reserve,system,2356.558426,0.0,0.0,2356.558426,0.0,0.0
2035-02-14,23,0,reserve,system,2265.309271,0.0,0.0,2265.309271,0.0,0.0
2035-02-15,0,0,reserve,system,2217.431013,0.0,0.0,2217.431013,0.0,0.0
2035-02-15,1,0,reserve,system,2216.436208,0.0,0.0,2216.436208,0.0,0.0
2035-02-15,2,0,reserve,system,2214.284996,0.0,0.0,2214.284996,0.0,0.0
2035-02-15,3,0,reserve,system,2240.929988,0.0,0.0,2240.929988,0.0,0.0
2035-02-15,4,0,reserve,system,2295.891984,0.0,0.0,2295.891984,0.0,0.0
2035-02-15,5,0,reserve,system,2394.215242,0.0,0.0,2394.215242,0.0,0.0
2035-02-15,6,0,reserve,system,2511.115871,0.0,0.0,2511.115871,0.0,0.0
2035-02-15,7,0,reserve,system,2520.747709,0.0,0.0,2520.747709,0.0,0.0
2035-02-15,8,0,reserve,system,2495.484876,0.0,0.0,2495.484876,0.0,0.0
2035-02-15,9,0,reserve,system,2412.909181,0.0,0.0,2412.909181,0.0,0.0
2035-02-15,10,0,reserve,system,2359.332373,0.0,0.0,2359.332373,0.0,0.0
2035-02-15,11,0,reserve,system,2322.376384,0.0,0.0,2322.376384,0.0,0.0
2035-02-15,12,0,reserve,system,2293.86696,0.0,0.0,2293.86696,0.0,0.0
2035-02-15,13,0,reserve,system,2307.168141,0.0,0.0,2307.168141,0.0,0.0
2035-02-15,14,0,reserve,system,2311.025371,0.0,0.0,2311.025371,0.0,0.0
2035-02-15,15,0,reserve,system,2318.59098,0.0,0.0,2318.59098,0.0,0.0
2035-02-15,16,0,reserve,system,2346.158406,0.0,0.0,2346.158406,0.0,0.0
2035-02-15,17,0,reserve,system,2352.786857,0.0,0.0,2352.786857,0.0,0.0
2035-02-15,18,0,reserve,system,2364.440986,0.0,0.0,2364.440986,0.0,0.0
2035-02-15,19,0,reserve,system,2368.77216,0.0,0.0,2368.77216,0.0,0.0
2035-02-15,20,0,reserve,system,2364.154807,0.0,0.0,2364.154807,0.0,0.0
2035-02-15,21,0,reserve,system,2358.821388,0.0,0.0,2358.821388,0.0,0.0
2035-02-15,22,0,reserve,system,2337.205616,0.0,0.0,2337.205616,0.0,0.0
2035-02-15,23,0,reserve,system,2299.364214,0.0,0.0,2299.364214,0.0,0.0
2035-02-16,0,0,reserve,system,2280.646577,0.0,0.0,2280.646577,0.0,0.0
2035-02-16,1,0,reserve,system,2278.454534,0.0,0.0,2278.454534,0.0,0.0
2035-02-16,2,0,reserve,system,2283.317199,0.0,0.0,2283.317199,0.0,0.0
2035-02-16,3,0,reserve,system,2308.125385,0.0,0.0,2308.125385,0.0,0.0
2035-02-16,4,0,reserve,system,2356.322314,0.0,0.0,2356.322314,0.0,0.0
2035-02-16,5,0,reserve,system,2394.90162,0.0,0.0,2394.90162,0.0,0.0
2035-02-16,6,0,reserve,system,2439.182078,0.0,0.0,2439.182078,0.0,0.0
2035-02-16,7,0,reserve,system,2523.774716,0.0,0.0,2523.774716,0.0,0.0
2035-02-16,8,0,reserve,system,2556.349468,0.0,0.0,2556.349468,0.0,0.0
2035-02-16,9,0,reserve,system,2529.209499,0.0,0.0,2529.209499,0.0,0.0
2035-02-16,10,0,reserve,system,2478.923559,0.0,0.0,2478.923559,0.0,0.0
2035-02-16,11,0,reserve,system,2452.641699,0.0,0.0,2452.641699,0.0,0.0
2035-02-16,12,0,reserve,system,2427.778686,0.0,0.0,2427.778686,0.0,0.0
2035-02-16,13,0,reserve,system,2395.655278,0.0,0.0,2395.655278,0.0,0.0
2035-02-16,14,0,reserve,system,2353.19951,0.0,0.0,2353.19951,0.0,0.0
2035-02-16,15,0,reserve,system,2329.512822,0.0,0.0,2329.512822,0.0,0.0
2035-02-16,16,0,reserve,system,2375.756047,0.0,0.0,2375.756047,0.0,0.0
2035-02-16,17,0,reserve,system,2452.429177,0.0,0.0,2452.429177,0.0,0.0
2035-02-16,18,0,reserve,system,2472.570209,0.0,0.0,2472.570209,0.0,0.0
2035-02-16,19,0,reserve,system,2481.352646,0.0,0.0,2481.352646,0.0,0.0
2035-02-16,20,0,reserve,system,2474.456236,0.0,0.0,2474.456236,0.0,0.0
2035-02-16,21,0,reserve,system,2464.618394,0.0,0.0,2464.618394,0.0,0.0
2035-02-16,22,0,reserve,system,2435.046842,0.0,0.0,2435.046842,0.0,0.0
2035-02-16,23,0,reserve,system,2384.57584,0.0,0.0,2384.57584,0.0,0.0
2035-02-17,0,0,reserve,system,2356.337645,0.0,0.0,2356.337645,0.0,0.0
2035-02-17,1,0,reserve,system,2324.303584,0.0,0.0,2324.303584,0.0,0.0
2035-02-17,2,0,reserve,system,2306.827631,0.0,0.0,2306.827631,0.0,0.0
2035-02-17,3,0,reserve,system,2319.27764,0.0,0.0,2319.27764,0.0,0.0
2035-02-17,4,0,reserve,system,2341.004712,0.0,0.0,2341.004712,0.0,0.0
2035-02-17,5,0,reserve,system,2365.750729,0.0,0.0,2365.750729,0.0,0.0
2035-02-17,6,0,reserve,system,2378.988246,0.0,0.0,2378.988246,0.0,0.0
2035-02-17,7,0,reserve,system,2428.032735,0.0,0.0,2428.032735,0.0,0.0
2035-02-17,8,0,reserve,system,2505.789879,0.0,0.0,2505.789879,0.0,0.0
2035-02-17,9,0,reserve,system,2555.399061,0.0,0.0,2555.399061,0.0,0.0
2035-02-17,10,0,reserve,system,2506.835548,0.0,0.0,2506.835548,0.0,0.0
2035-02-17,11,0,reserve,system,2433.795229,0.0,0.0,2433.795229,0.0,0.0
2035-02-17,12,0,reserve,system,2360.250362,0.0,0.0,2360.250362,0.0,0.0
2035-02-17,13,0,reserve,system,2314.544998,0.0,0.0,2314.544998,0.0,0.0
2035-02-17,14,0,reserve,system,2283.48293,0.0,0.0,2283.48293,0.0,0.0
2035-02-17,15,0,reserve,system,2290.970596,0.0,0.0,2290.970596,0.0,0.0
2035-02-17,16,0,reserve,system,2356.387246,0.0,0.0,2356.387246,0.0,0.0
2035-02-17,17,0,reserve,system,2437.214583,0.0,0.0,2437.214583,0.0,0.0
2035-02-17,18,0,reserve,system,2504.529063,0.0,0.0,2504.529063,0.0,0.0
2035-02-17,19,0,reserve,system,2481.825758,0.0,0.0,2481.825758,0.0,0.0
2035-02-17,20,0,reserve,system,2496.029931,0.0,0.0,2496.029931,0.0,0.0
2035-02-17,21,0,reserve,system,2517.016565,0.0,0.0,2517.016565,0.0,0.0
2035-02-17,22,0,reserve,system,2528.563729,0.0,0.0,2528.563729,0.0,0.0
2035-02-17,23,0,reserve,system,2501.348401,0.0,0.0,2501.348401,0.0,0.0
2035-02-18,0,0,reserve,system,2474.313093,0.0,0.0,2474.313093,0.0,0.0
2035-02-18,1,0,reserve,system,2463.369188,0.0,0.0,2463.369188,0.0,0.0
2035-02-18,2,0,reserve,system,2478.173613,0.0,0.0,2478.173613,0.0,0.0
2035-02-18,3,0,reserve,system,2510.276856,0.0,0.0,2510.276856,0.0,0.0
2035-02-18,4,0,reserve,system,2572.574455,0.0,0.0,2572.574455,0.0,0.0
2035-02-18,5,0,reserve,system,2621.573413,0.0,0.0,2621.573413,0.0,0.0
2035-02-18,6,0,reserve,system,2648.532981,0.0,0.0,2648.532981,0.0,0.0
2035-02-18,7,0,reserve,system,2731.900396,0.0,0.0,2731.900396,0.0,0.0
2035-02-18,8,0,reserve,system,2775.202685,0.0,0.0,2775.202685,0.0,0.0
2035-02-18,9,0,reserve,system,2785.265585,0.0,0.0,2785.265585,0.0,0.0
2035-02-18,10,0,reserve,system,2748.545461,0.0,0.0,2748.545461,0.0,0.0
2035-02-18,11,0,reserve,system,2702.876854,0.0,0.0,2702.876854,0.0,0.0
2035-02-18,12,0,reserve,system,2672.75956,0.0,0.0,2672.75956,0.0,0.0
2035-02-18,13,0,reserve,system,2644.768285,0.0,0.0,2644.768285,0.0,0.0
2035-02-18,14,0,reserve,system,2628.668556,0.0,0.0,2628.668556,0.0,0.0
2035-02-18,15,0,reserve,system,2617.639727,0.0,0.0,2617.639727,0.0,0.0
2035-02-18,16,0,reserve,system,2690.810469,0.0,0.0,2690.810469,0.0,0.0
2035-02-18,17,0,reserve,system,2791.762528,0.0,0.0,2791.762528,0.0,0.0
2035-02-18,18,0,reserve,system,2823.944268,0.0,0.0,2823.944268,0.0,0.0
2035-02-18,19,0,reserve,system,2809.576465,0.0,0.0,2809.576465,0.0,0.0
2035-02-18,20,0,reserve,system,2792.028389,0.0,0.0,2792.028389,0.0,0.0
2035-02-18,21,0,reserve,system,2767.932463,0.0,0.0,2767.932463,0.0,0.0
2035-02-18,22,0,reserve,system,2756.261393,0.0,0.0,2756.261393,0.0,0.0
2035-02-18,23,0,reserve,system,2732.370439,0.0,0.0,2732.370439,0.0,0.0
2035-02-19,0,0,reserve,system,2690.063676,0.0,0.0,2690.063676,0.0,0.0
2035-02-19,1,0,reserve,system,2655.7112,0.0,0.0,2655.7112,0.0,0.0
2035-02-19,2,0,reserve,system,2634.137209,0.0,0.0,2634.137209,0.0,0.0
2035-02-19,3,0,reserve,system,2623.082865,0.0,0.0,2623.082865,0.0,0.0
2035-02-19,4,0,reserve,system,2635.517897,0.0,0.0,2635.517897,0.0,0.0
2035-02-19,5,0,reserve,system,2648.693505,0.0,0.0,2648.693505,0.0,0.0
2035-02-19,6,0,reserve,system,2718.969698,0.0,0.0,2718.969698,0.0,0.0
2035-02-19,7,0,reserve,system,2775.357544,0.0,0.0,2775.357544,0.0,0.0
2035-02-19,8,0,reserve,system,2808.039476,0.0,0.0,2808.039476,0.0,0.0
2035-02-19,9,0,reserve,system,2862.528703,0.0,0.0,2862.528703,0.0,0.0
2035-02-19,10,0,reserve,system,2956.959352,0.0,0.0,2956.959352,0.0,0.0
2035-02-19,11,0,reserve,system,2982.769214,0.0,0.0,2982.769214,0.0,0.0
2035-02-19,12,0,reserve,system,3002.875152,0.0,0.0,3002.875152,0.0,0.0
2035-02-19,13,0,reserve,system,3029.024099,0.0,0.0,3029.024099,0.0,0.0
2035-02-19,14,0,reserve,system,3037.859631,0.0,0.0,3037.859631,0.0,0.0
2035-02-19,15,0,reserve,system,3073.800491,0.0,0.0,3073.800491,0.0,0.0
2035-02-19,16,0,reserve,system,3149.960996,0.0,0.0,3149.960996,0.0,0.0
2035-02-19,17,0,reserve,system,3205.979832,0.0,0.0,3205.979832,0.0,0.0
2035-02-19,18,0,reserve,system,3151.329569,0.0,0.0,3151.329569,0.0,0.0
2035-02-19,19,0,reserve,system,3083.257449,0.0,0.0,3083.257449,0.0,0.0
2035-02-19,20,0,reserve,system,3047.337298,0.0,0.0,3047.337298,0.0,0.0
2035-02-19,21,0,reserve,system,3024.395927,0.0,0.0,3024.395927,0.0,0.0
2035-02-19,22,0,reserve,system,2995.062653,0.0,0.0,2995.062653,0.0,0.0
2035-02-19,23,0,reserve,system,2929.929099,0.0,0.0,2929.929099,0.0,0.0
2035-02-20,0,0,reserve,system,2903.790666,0.0,0.0,2903.790666,0.0,0.0
2035-02-20,1,0,reserve,system,2904.488786,0.0,0.0,2904.488786,0.0,0.0
2035-02-20,2,0,reserve,system,2915.825324,0.0,0.0,2915.825324,0.0,0.0
2035-02-20,3,0,reserve,system,2982.332927,0.0,0.0,2982.332927,0.0,0.0
2035-02-20,4,0,reserve,system,3092.57114,0.0,0.0,3092.57114,0.0,0.0
2035-02-20,5,0,reserve,system,3201.283223,0.0,0.0,3201.283223,0.0,0.0
2035-02-20,6,0,reserve,system,3253.307285,0.0,0.0,3253.307285,0.0,0.0
2035-02-20,7,0,reserve,system,3230.163704,0.0,0.0,3230.163704,0.0,0.0
2035-02-20,8,0,reserve,system,3164.939054,0.0,0.0,3164.939054,0.0,0.0
2035-02-20,9,0,reserve,system,3032.110707,0.0,0.0,3032.110707,0.0,0.0
2035-02-20,10,0,reserve,system,2895.748767,0.0,0.0,2895.748767,0.0,0.0
2035-02-20,11,0,reserve,system,2760.881262,0.0,0.0,2760.881262,0.0,0.0
2035-02-20,12,0,reserve,system,2631.915121,0.0,0.0,2631.915121,0.0,0.0
2035-02-20,13,0,reserve,system,2528.1638,0.0,0.0,2528.1638,0.0,0.0
2035-02-20,14,0,reserve,system,2431.640283,0.0,0.0,2431.640283,0.0,0.0
2035-02-20,15,0,reserve,system,2393.403053,0.0,0.0,2393.403053,0.0,0.0
2035-02-20,16,0,reserve,system,2412.213517,0.0,0.0,2412.213517,0.0,0.0
2035-02-20,17,0,reserve,system,2464.337237,0.0,0.0,2464.337237,0.0,0.0
2035-02-20,18,0,reserve,system,2538.640298,0.0,0.0,2538.640298,0.0,0.0
2035-02-20,19,0,reserve,system,2588.216201,0.0,0.0,2588.216201,0.0,0.0
2035-02-20,20,0,reserve,system,2628.519316,0.0,0.0,2628.519316,0.0,0.0
2035-02-20,21,0,reserve,system,2657.635041,0.0,0.0,2657.635041,0.0,0.0
2035-02-20,22,0,reserve,system,2649.159915,0.0,0.0,2649.159915,0.0,0.0
2035-02-20,23,0,reserve,system,2611.132879,0.0,0.0,2611.132879,0.0,0.0
2035-02-21,0,0,reserve,system,2582.593927,0.0,0.0,2582.593927,0.0,0.0
2035-02-21,1,0,reserve,system,2600.028434,0.0,0.0,2600.028434,0.0,0.0
2035-02-21,2,0,reserve,system,2636.758333,0.0,0.0,2636.758333,0.0,0.0
2035-02-21,3,0,reserve,system,2678.759499,0.0,0.0,2678.759499,0.0,0.0
2035-02-21,4,0,reserve,system,2746.560495,0.0,0.0,2746.560495,0.0,0.0
2035-02-21,5,0,reserve,system,2832.669748,0.0,0.0,2832.669748,0.0,0.0
2035-02-21,6,0,reserve,system,2914.983568,0.0,0.0,2914.983568,0.0,0.0
2035-02-21,7,0,reserve,system,2865.472326,0.0,0.0,2865.472326,0.0,0.0
2035-02-21,8,0,reserve,system,2821.671038,0.0,0.0,2821.671038,0.0,0.0
2035-02-21,9,0,reserve,system,2749.092141,0.0,0.0,2749.092141,0.0,0.0
2035-02-21,10,0,reserve,system,2682.029966,0.0,0.0,2682.029966,0.0,0.0
2035-02-21,11,0,reserve,system,2647.546949,0.0,0.0,2647.546949,0.0,0.0
2035-02-21,12,0,reserve,system,2579.511277,0.0,0.0,2579.511277,0.0,0.0
2035-02-21,13,0,reserve,system,2523.616844,0.0,0.0,2523.616844,0.0,0.0
2035-02-21,14,0,reserve,system,2456.919879,0.0,0.0,2456.919879,0.0,0.0
2035-02-21,15,0,reserve,system,2423.253902,0.0,0.0,2423.253902,0.0,0.0
2035-02-21,16,0,reserve,system,2456.850993,0.0,0.0,2456.850993,0.0,0.0
2035-02-21,17,0,reserve,system,2498.355086,0.0,0.0,2498.355086,0.0,0.0
2035-02-21,18,0,reserve,system,2552.239811,0.0,0.0,2552.239811,0.0,0.0
2035-02-21,19,0,reserve,system,2557.773253,0.0,0.0,2557.773253,0.0,0.0
2035-02-21,20,0,reserve,system,2556.969681,0.0,0.0,2556.969681,0.0,0.0
2035-02-21,21,0,reserve,system,2542.009073,0.0,0.0,2542.009073,0.0,0.0
2035-02-21,22,0,reserve,system,2515.062862,0.0,0.0,2515.062862,0.0,0.0
2035-02-21,23,0,reserve,system,2472.302025,0.0,0.0,2472.302025,0.0,0.0
2035-02-22,0,0,reserve,system,2416.936489,0.0,0.0,2416.936489,0.0,0.0
2035-02-22,1,0,reserve,system,2411.829898,0.0,0.0,2411.829899,0.0,0.0
2035-02-22,2,0,reserve,system,2415.793694,0.0,0.0,2415.793694,0.0,0.0
2035-02-22,3,0,reserve,system,2427.924182,0.0,0.0,2427.924182,0.0,0.0
2035-02-22,4,0,reserve,system,2468.02981,0.0,0.0,2468.02981,0.0,0.0
2035-02-22,5,0,reserve,system,2536.333774,0.0,0.0,2536.333774,0.0,0.0
2035-02-22,6,0,reserve,system,2620.498017,0.0,0.0,2620.498017,0.0,0.0
2035-02-22,7,0,reserve,system,2641.438734,0.0,0.0,2641.438734,0.0,0.0
2035-02-22,8,0,reserve,system,2631.585263,0.0,0.0,2631.585263,0.0,0.0
2035-02-22,9,0,reserve,system,2609.873876,0.0,0.0,2609.873876,0.0,0.0
2035-02-22,10,0,reserve,system,2584.60422,0.0,0.0,2584.60422,0.0,0.0
2035-02-22,11,0,reserve,system,2568.795134,0.0,0.0,2568.795134,0.0,0.0
2035-02-22,12,0,reserve,system,2561.616797,0.0,0.0,2561.616797,0.0,0.0
2035-02-22,13,0,reserve,system,2546.906332,0.0,0.0,2546.906332,0.0,0.0
2035-02-22,14,0,reserve,system,2538.710051,0.0,0.0,2538.710051,0.0,0.0
2035-02-22,15,0,reserve,system,2541.073501,0.0,0.0,2541.073502,0.0,0.0
2035-02-22,16,0,reserve,system,2580.299029,0.0,0.0,2580.299029,0.0,0.0
2035-02-22,17,0,reserve,system,2623.354962,0.0,0.0,2623.354962,0.0,0.0
2035-02-22,18,0,reserve,system,2595.442139,0.0,0.0,2595.442139,0.0,0.0
2035-02-22,19,0,reserve,system,2542.359683,0.0,0.0,2542.359683,0.0,0.0
2035-02-22,20,0,reserve,system,2520.952024,0.0,0.0,2520.952024,0.0,0.0
2035-02-22,21,0,reserve,system,2491.793271,0.0,0.0,2491.793271,0.0,0.0
2035-02-22,22,0,reserve,system,2443.860651,0.0,0.0,2443.860651,0.0,0.0
2035-02-22,23,0,reserve,system,2377.095712,0.0,0.0,2377.095712,0.0,0.0
2035-02-23,0,0,reserve,system,2317.524561,0.0,0.0,2317.524561,0.0,0.0
2035-02-23,1,0,reserve,system,2299.161727,0.0,0.0,2299.161727,0.0,0.0
2035-02-23,2,0,reserve,system,2273.763655,0.0,0.0,2273.763655,0.0,0.0
2035-02-23,3,0,reserve,system,2261.683657,0.0,0.0,2261.683657,0.0,0.0
2035-02-23,4,0,reserve,system,2266.394056,0.0,0.0,2266.394056,0.0,0.0
2035-02-23,5,0,reserve,system,2289.914017,0.0,0.0,2289.914017,0.0,0.0
2035-02-23,6,0,reserve,system,2315.315614,0.0,0.0,2315.315614,0.0,0.0
2035-02-23,7,0,reserve,system,2348.508631,0.0,0.0,2348.508631,0.0,0.0
2035-02-23,8,0,reserve,system,2389.768698,0.0,0.0,2389.768698,0.0,0.0
2035-02-23,9,0,reserve,system,2419.774625,0.0,0.0,2419.774625,0.0,0.0
2035-02-23,10,0,reserve,system,2426.847951,0.0,0.0,2426.847951,0.0,0.0
2035-02-23,11,0,reserve,system,2423.849634,0.0,0.0,2423.849634,0.0,0.0
2035-02-23,12,0,reserve,system,2390.204676,0.0,0.0,2390.204676,0.0,0.0
2035-02-23,13,0,reserve,system,2364.585558,0.0,0.0,2364.585558,0.0,0.0
2035-02-23,14,0,reserve,system,2337.496885,0.0,0.0,2337.496885,0.0,0.0
2035-02-23,15,0,reserve,system,2329.002187,0.0,0.0,2329.002187,0.0,0.0
2035-02-23,16,0,reserve,system,2358.01133,0.0,0.0,2358.01133,0.0,0.0
2035-02-23,17,0,reserve,system,2383.91342,0.0,0.0,2383.91342,0.0,0.0
2035-02-23,18,0,reserve,system,2436.344646,0.0,0.0,2436.344646,0.0,0.0
2035-02-23,19,0,reserve,system,2444.214623,0.0,0.0,2444.214623,0.0,0.0
2035-02-23,20,0,reserve,system,2456.460814,0.0,0.0,2456.460814,0.0,0.0
2035-02-23,21,0,reserve,system,2467.798881,0.0,0.0,2467.798881,0.0,0.0
2035-02-23,22,0,reserve,system,2449.517293,0.0,0.0,2449.517293,0.0,0.0
2035-02-23,23,0,reserve,system,2426.944893,0.0,0.0,2426.944893,0.0,0.0
2035-02-24,0,0,reserve,system,2402.144421,0.0,0.0,2402.144421,0.0,0.0
2035-02-24,1,0,reserve,system,2426.130382,0.0,0.0,2426.130382,0.0,0.0
2035-02-24,2,0,reserve,system,2458.654028,0.0,0.0,2458.654028,0.0,0.0
2035-02-24,3,0,reserve,system,2517.322839,0.0,0.0,2517.322839,0.0,0.0
2035-02-24,4,0,reserve,system,2584.749967,0.0,0.0,2584.749967,0.0,0.0
2035-02-24,5,0,reserve,system,2659.846858,0.0,0.0,2659.846858,0.0,0.0
2035-02-24,6,0,reserve,system,2744.585646,0.0,0.0,2744.585646,0.0,0.0
2035-02-24,7,0,reserve,system,2809.634033,0.0,0.0,2809.634033,0.0,0.0
2035-02-24,8,0,reserve,system,2753.280741,0.0,0.0,2753.280741,0.0,0.0
2035-02-24,9,0,reserve,system,2667.159786,0.0,0.0,2667.159786,0.0,0.0
2035-02-24,10,0,reserve,system,2537.587031,0.0,0.0,2537.587031,0.0,0.0
2035-02-24,11,0,reserve,system,2428.867591,0.0,0.0,2428.867591,0.0,0.0
2035-02-24,12,0,reserve,system,2323.553455,0.0,0.0,2323.553455,0.0,0.0
2035-02-24,13,0,reserve,system,2218.406854,0.0,0.0,2218.406854,0.0,0.0
2035-02-24,14,0,reserve,system,2168.401316,0.0,0.0,2168.401316,0.0,0.0
2035-02-24,15,0,reserve,system,2157.641134,0.0,0.0,2157.641134,0.0,0.0
2035-02-24,16,0,reserve,system,2196.705993,0.0,0.0,2196.705993,0.0,0.0
2035-02-24,17,0,reserve,system,2275.855769,0.0,0.0,2275.855769,0.0,0.0
2035-02-24,18,0,reserve,system,2391.691939,0.0,0.0,2391.691939,0.0,0.0
2035-02-24,19,0,reserve,system,2460.586443,0.0,0.0,2460.586443,0.0,0.0
2035-02-24,20,0,reserve,system,2521.226867,0.0,0.0,2521.226867,0.0,0.0
2035-02-24,21,0,reserve,system,2557.132483,0.0,0.0,2557.132483,0.0,0.0
2035-02-24,22,0,reserve,system,2545.198122,0.0,0.0,2545.198122,0.0,0.0
2035-02-24,23,0,reserve,system,2513.59006,0.0,0.0,2513.59006,0.0,0.0
2035-02-25,0,0,reserve,system,2503.899629,0.0,0.0,2503.899629,0.0,0.0
2035-02-25,1,0,reserve,system,2518.533371,0.0,0.0,2518.533371,0.0,0.0
2035-02-25,2,0,reserve,system,2541.228131,0.0,0.0,2541.228131,0.0,0.0
2035-02-25,3,0,reserve,system,2586.628358,0.0,0.0,2586.628358,0.0,0.0
2035-02-25,4,0,reserve,system,2659.720677,0.0,0.0,2659.720677,0.0,0.0
2035-02-25,5,0,reserve,system,2788.719555,0.0,0.0,2788.719555,0.0,0.0
2035-02-25,6,0,reserve,system,2916.729878,0.0,0.0,2916.729878,0.0,0.0
2035-02-25,7,0,reserve,system,2921.850812,0.0,0.0,2921.850812,0.0,0.0
2035-02-25,8,0,reserve,system,2837.840046,0.0,0.0,2837.840046,0.0,0.0
2035-02-25,9,0,reserve,system,2731.922179,0.0,0.0,2731.922179,0.0,0.0
2035-02-25,10,0,reserve,system,2604.590603,0.0,0.0,2604.590603,0.0,0.0
2035-02-25,11,0,reserve,system,2449.746484,0.0,0.0,2449.746484,0.0,0.0
2035-02-25,12,0,reserve,system,2338.590643,0.0,0.0,2338.590643,0.0,0.0
2035-02-25,13,0,reserve,system,2245.506168,0.0,0.0,2245.506168,0.0,0.0
2035-02-25,14,0,reserve,system,2173.817524,0.0,0.0,2173.817524,0.0,0.0
2035-02-25,15,0,reserve,system,2142.802114,0.0,0.0,2142.802114,0.0,0.0
2035-02-25,16,0,reserve,system,2173.329624,0.0,0.0,2173.329624,0.0,0.0
2035-02-25,17,0,reserve,system,2255.201547,0.0,0.0,2255.201547,0.0,0.0
2035-02-25,18,0,reserve,system,2344.452999,0.0,0.0,2344.452999,0.0,0.0
2035-02-25,19,0,reserve,system,2391.575321,0.0,0.0,2391.575321,0.0,0.0
2035-02-25,20,0,reserve,system,2413.077794,0.0,0.0,2413.077794,0.0,0.0
2035-02-25,21,0,reserve,system,2421.684861,0.0,0.0,2421.684861,0.0,0.0
2035-02-25,22,0,reserve,system,2415.240546,0.0,0.0,2415.240546,0.0,0.0
2035-02-25,23,0,reserve,system,2375.873866,0.0,0.0,2375.873866,0.0,0.0
2035-02-26,0,0,reserve,system,2330.757435,0.0,0.0,2330.757435,0.0,0.0
2035-02-26,1,0,reserve,system,2319.262772,0.0,0.0,2319.262772,0.0,0.0
2035-02-26,2,0,reserve,system,2314.297086,0.0,0.0,2314.297086,0.0,0.0
2035-02-26,3,0,reserve,system,2315.914422,0.0,0.0,2315.914422,0.0,0.0
2035-02-26,4,0,reserve,system,2345.137531,0.0,0.0,2345.137532,0.0,0.0
2035-02-26,5,0,reserve,system,2429.867604,0.0,0.0,2429.867604,0.0,0.0
2035-02-26,6,0,reserve,system,2476.828436,0.0,0.0,2476.828436,0.0,0.0
2035-02-26,7,0,reserve,system,2475.284442,0.0,0.0,2475.284442,0.0,0.0
2035-02-26,8,0,reserve,system,2457.513283,0.0,0.0,2457.513283,0.0,0.0
2035-02-26,9,0,reserve,system,2415.46551,0.0,0.0,2415.46551,0.0,0.0
2035-02-26,10,0,reserve,system,2400.913203,0.0,0.0,2400.913203,0.0,0.0
2035-02-26,11,0,reserve,system,2338.581449,0.0,0.0,2338.581449,0.0,0.0
2035-02-26,12,0,reserve,system,2298.233974,0.0,0.0,2298.233974,0.0,0.0
2035-02-26,13,0,reserve,system,2290.563356,0.0,0.0,2290.563356,0.0,0.0
2035-02-26,14,0,reserve,system,2303.581708,0.0,0.0,2303.581708,0.0,0.0
2035-02-26,15,0,reserve,system,2339.177145,0.0,0.0,2339.177145,0.0,0.0
2035-02-26,16,0,reserve,system,2408.30677,0.0,0.0,2408.30677,0.0,0.0
2035-02-26,17,0,reserve,system,2467.237308,0.0,0.0,2467.237308,0.0,0.0
2035-02-26,18,0,reserve,system,2454.214019,0.0,0.0,2454.214019,0.0,0.0
2035-02-26,19,0,reserve,system,2410.307892,0.0,0.0,2410.307892,0.0,0.0
2035-02-26,20,0,reserve,system,2374.160492,0.0,0.0,2374.160492,0.0,0.0
2035-02-26,21,0,reserve,system,2315.973054,0.0,0.0,2315.973054,0.0,0.0
2035-02-26,22,0,reserve,system,2258.267528,0.0,0.0,2258.267528,0.0,0.0
2035-02-26,23,0,reserve,system,2171.570856,0.0,0.0,2171.570856,0.0,0.0
2035-02-27,0,0,reserve,system,2112.098212,0.0,0.0,2112.098212,0.0,0.0
2035-02-27,1,0,reserve,system,2065.250366,0.0,0.0,2065.250366,0.0,0.0
2035-02-27,2,0,reserve,system,2028.240539,0.0,0.0,2028.240539,0.0,0.0
2035-02-27,3,0,reserve,system,2018.48715,0.0,0.0,2018.48715,0.0,0.0
2035-02-27,4,0,reserve,system,2034.198148,0.0,0.0,2034.198148,0.0,0.0
2035-02-27,5,0,reserve,system,2073.228442,0.0,0.0,2073.228442,0.0,0.0
2035-02-27,6,0,reserve,system,2135.73529,0.0,0.0,2135.73529,0.0,0.0
2035-02-27,7,0,reserve,system,2171.442185,0.0,0.0,2171.442185,0.0,0.0
2035-02-27,8,0,reserve,system,2221.56107,0.0,0.0,2221.56107,0.0,0.0
2035-02-27,9,0,reserve,system,2275.435345,0.0,0.0,2275.435345,0.0,0.0
2035-02-27,10,0,reserve,system,2338.488742,0.0,0.0,2338.488742,0.0,0.0
2035-02-27,11,0,reserve,system,2393.614787,0.0,0.0,2393.614787,0.0,0.0
2035-02-27,12,0,reserve,system,2448.291363,0.0,0.0,2448.291363,0.0,0.0
2035-02-27,13,0,reserve,system,2483.627179,0.0,0.0,2483.627179,0.0,0.0
2035-02-27,14,0,reserve,system,2524.064262,0.0,0.0,2524.064262,0.0,0.0
2035-02-27,15,0,reserve,system,2595.14132,0.0,0.0,2595.14132,0.0,0.0
2035-02-27,16,0,reserve,system,2692.083551,0.0,0.0,2692.083551,0.0,0.0
2035-02-27,17,0,reserve,system,2786.588144,0.0,0.0,2786.588144,0.0,0.0
2035-02-27,18,0,reserve,system,2816.278696,0.0,0.0,2816.278696,0.0,0.0
2035-02-27,19,0,reserve,system,2749.321866,0.0,0.0,2749.321866,0.0,0.0
2035-02-27,20,0,reserve,system,2722.92242,0.0,0.0,2722.92242,0.0,0.0
2035-02-27,21,0,reserve,system,2716.895971,0.0,0.0,2716.895971,0.0,0.0
2035-02-27,22,0,reserve,system,2709.795806,0.0,0.0,2709.795806,0.0,0.0
2035-02-27,23,0,reserve,system,2635.537625,0.0,0.0,2635.537625,0.0,0.0
2035-02-28,0,0,reserve,system,2573.513152,0.0,0.0,2573.513152,0.0,0.0
2035-02-28,1,0,reserve,system,2563.984179,0.0,0.0,2563.984179,0.0,0.0
2035-02-28,2,0,reserve,system,2567.65203,0.0,0.0,2567.65203,0.0,0.0
2035-02-28,3,0,reserve,system,2580.971885,0.0,0.0,2580.971885,0.0,0.0
2035-02-28,4,0,reserve,system,2623.541556,0.0,0.0,2623.541556,0.0,0.0
2035-02-28,5,0,reserve,system,2640.134614,0.0,0.0,2640.134614,0.0,0.0
2035-02-28,6,0,reserve,system,2680.448174,0.0,0.0,2680.448174,0.0,0.0
2035-02-28,7,0,reserve,system,2750.793291,0.0,0.0,2750.793291,0.0,0.0
2035-02-28,8,0,reserve,system,2842.088442,0.0,0.0,2842.088442,0.0,0.0
2035-02-28,9,0,reserve,system,2903.763126,0.0,0.0,2903.763127,0.0,0.0
2035-02-28,10,0,reserve,system,2938.668327,0.0,0.0,2938.668327,0.0,0.0
2035-02-28,11,0,reserve,system,2945.994789,0.0,0.0,2945.994789,0.0,0.0
2035-02-28,12,0,reserve,system,2951.847472,0.0,0.0,2951.847472,0.0,0.0
2035-02-28,13,0,reserve,system,2911.428391,0.0,0.0,2911.428391,0.0,0.0
2035-02-28,14,0,reserve,system,2877.030321,0.0,0.0,2877.030321,0.0,0.0
2035-02-28,15,0,reserve,system,2877.097108,0.0,0.0,2877.097108,0.0,0.0
2035-02-28,16,0,reserve,system,2919.062118,0.0,0.0,2919.062118,0.0,0.0
2035-02-28,17,0,reserve,system,2999.303323,0.0,0.0,2999.303323,0.0,0.0
2035-02-28,18,0,reserve,system,3070.898057,0.0,0.0,3070.898057,0.0,0.0
2035-02-28,19,0,reserve,system,3026.538556,0.0,0.0,3026.538556,0.0,0.0
2035-02-28,20,0,reserve,system,3027.024127,0.0,0.0,3027.024127,0.0,0.0
2035-02-28,21,0,reserve,system,3017.12404,0.0,0.0,3017.12404,0.0,0.0
2035-02-28,22,0,reserve,system,2989.688959,0.0,0.0,2989.688959,0.0,0.0
2035-02-28,23,0,reserve,system,2936.471787,0.0,0.0,2936.471787,0.0,0.0
2035-03-01,0,0,reserve,system,2955.335916,0.0,0.0,2955.335916,0.0,0.0
2035-03-01,1,0,reserve,system,2959.910196,0.0,0.0,2959.910196,0.0,0.0
2035-03-01,2,0,reserve,system,2965.015785,0.0,0.0,2965.015785,0.0,0.0
2035-03-01,3,0,reserve,system,3012.922752,0.0,0.0,3012.922752,0.0,0.0
2035-03-01,4,0,reserve,system,3107.320226,0.0,0.0,3107.320226,0.0,0.0
2035-03-01,5,0,reserve,system,3259.137766,0.0,0.0,3259.137766,0.0,0.0
2035-03-01,6,0,reserve,system,3451.665047,0.0,0.0,3451.665047,0.0,0.0
2035-03-01,7,0,reserve,system,3445.126522,0.0,0.0,3445.126522,0.0,0.0
2035-03-01,8,0,reserve,system,3286.108799,0.0,0.0,3286.108799,0.0,0.0
2035-03-01,9,0,reserve,system,3166.911106,0.0,0.0,3166.911106,0.0,0.0
2035-03-01,10,0,reserve,system,3034.381863,0.0,0.0,3034.381863,0.0,0.0
2035-03-01,11,0,reserve,system,2904.722261,0.0,0.0,2904.722261,0.0,0.0
2035-03-01,12,0,reserve,system,2758.334157,0.0,0.0,2758.334157,0.0,0.0
2035-03-01,13,0,reserve,system,2655.632626,0.0,0.0,2655.632626,0.0,0.0
2035-03-01,14,0,reserve,system,2584.690338,0.0,0.0,2584.690338,0.0,0.0
2035-03-01,15,0,reserve,system,2604.838546,0.0,0.0,2604.838546,0.0,0.0
2035-03-01,16,0,reserve,system,2666.42759,0.0,0.0,2666.42759,0.0,0.0
2035-03-01,17,0,reserve,system,2753.352968,0.0,0.0,2753.352968,0.0,0.0
2035-03-01,18,0,reserve,system,2835.518176,0.0,0.0,2835.518176,0.0,0.0
2035-03-01,19,0,reserve,system,2820.878377,0.0,0.0,2820.878377,0.0,0.0
2035-03-01,20,0,reserve,system,2804.134831,0.0,0.0,2804.134831,0.0,0.0
2035-03-01,21,0,reserve,system,2775.630068,0.0,0.0,2775.630068,0.0,0.0
2035-03-01,22,0,reserve,system,2719.666148,0.0,0.0,2719.666148,0.0,0.0
2035-03-01,23,0,reserve,system,2675.29066,0.0,0.0,2675.29066,0.0,0.0
2035-03-02,0,0,reserve,system,2640.296484,0.0,0.0,2640.296484,0.0,0.0
2035-03-02,1,0,reserve,system,2633.692399,0.0,0.0,2633.692399,0.0,0.0
2035-03-02,2,0,reserve,system,2634.748603,0.0,0.0,2634.748603,0.0,0.0
2035-03-02,3,0,reserve,system,2675.206518,0.0,0.0,2675.206518,0.0,0.0
2035-03-02,4,0,reserve,system,2736.389308,0.0,0.0,2736.389308,0.0,0.0
2035-03-02,5,0,reserve,system,2811.335732,0.0,0.0,2811.335732,0.0,0.0
2035-03-02,6,0,reserve,system,2896.63375,0.0,0.0,2896.63375,0.0,0.0
2035-03-02,7,0,reserve,system,2961.956313,0.0,0.0,2961.956313,0.0,0.0
2035-03-02,8,0,reserve,system,2937.33629,0.0,0.0,2937.33629,0.0,0.0
2035-03-02,9,0,reserve,system,2854.72663,0.0,0.0,2854.72663,0.0,0.0
2035-03-02,10,0,reserve,system,2782.270337,0.0,0.0,2782.270337,0.0,0.0
2035-03-02,11,0,reserve,system,2711.536484,0.0,0.0,2711.536484,0.0,0.0
2035-03-02,12,0,reserve,system,2646.05685,0.0,0.0,2646.05685,0.0,0.0
2035-03-02,13,0,reserve,system,2615.794904,0.0,0.0,2615.794904,0.0,0.0
2035-03-02,14,0,reserve,system,2601.317692,0.0,0.0,2601.317692,0.0,0.0
2035-03-02,15,0,reserve,system,2630.350644,0.0,0.0,2630.350644,0.0,0.0
2035-03-02,16,0,reserve,system,2684.553919,0.0,0.0,2684.553919,0.0,0.0
2035-03-02,17,0,reserve,system,2766.501822,0.0,0.0,2766.501822,0.0,0.0
2035-03-02,18,0,reserve,system,2826.551495,0.0,0.0,2826.551495,0.0,0.0
2035-03-02,19,0,reserve,system,2807.249873,0.0,0.0,2807.249873,0.0,0.0
2035-03-02,20,0,reserve,system,2773.294625,0.0,0.0,2773.294625,0.0,0.0
2035-03-02,21,0,reserve,system,2749.934986,0.0,0.0,2749.934986,0.0,0.0
2035-03-02,22,0,reserve,system,2722.189692,0.0,0.0,2722.189692,0.0,0.0
2035-03-02,23,0,reserve,system,2713.556335,0.0,0.0,2713.556335,0.0,0.0
2035-03-03,0,0,reserve,system,2717.347032,0.0,0.0,2717.347032,0.0,0.0
2035-03-03,1,0,reserve,system,2706.671716,0.0,0.0,2706.671716,0.0,0.0
2035-03-03,2,0,reserve,system,2707.912115,0.0,0.0,2707.912115,0.0,0.0
2035-03-03,3,0,reserve,system,2731.241459,0.0,0.0,2731.241459,0.0,0.0
2035-03-03,4,0,reserve,system,2751.034356,0.0,0.0,2751.034356,0.0,0.0
2035-03-03,5,0,reserve,system,2719.298652,0.0,0.0,2719.298652,0.0,0.0
2035-03-03,6,0,reserve,system,2667.792169,0.0,0.0,2667.792169,0.0,0.0
2035-03-03,7,0,reserve,system,2721.388053,0.0,0.0,2721.388053,0.0,0.0
2035-03-03,8,0,reserve,system,2798.811722,0.0,0.0,2798.811722,0.0,0.0
2035-03-03,9,0,reserve,system,2827.327575,0.0,0.0,2827.327575,0.0,0.0
2035-03-03,10,0,reserve,system,2782.776076,0.0,0.0,2782.776076,0.0,0.0
2035-03-03,11,0,reserve,system,2771.045557,0.0,0.0,2771.045557,0.0,0.0
2035-03-03,12,0,reserve,system,2760.978359,0.0,0.0,2760.978359,0.0,0.0
2035-03-03,13,0,reserve,system,2733.031762,0.0,0.0,2733.031762,0.0,0.0
2035-03-03,14,0,reserve,system,2726.289398,0.0,0.0,2726.289398,0.0,0.0
2035-03-03,15,0,reserve,system,2757.753411,0.0,0.0,2757.753411,0.0,0.0
2035-03-03,16,0,reserve,system,2821.015505,0.0,0.0,2821.015505,0.0,0.0
2035-03-03,17,0,reserve,system,2924.258729,0.0,0.0,2924.258729,0.0,0.0
2035-03-03,18,0,reserve,system,3030.476648,0.0,0.0,3030.476648,0.0,0.0
2035-03-03,19,0,reserve,system,3071.160033,0.0,0.0,3071.160033,0.0,0.0
2035-03-03,20,0,reserve,system,3092.150582,0.0,0.0,3092.150582,0.0,0.0
2035-03-03,21,0,reserve,system,3119.58357,0.0,0.0,3119.58357,0.0,0.0
2035-03-03,22,0,reserve,system,3100.014177,0.0,0.0,3100.014177,0.0,0.0
2035-03-03,23,0,reserve,system,3089.86417,0.0,0.0,3089.86417,0.0,0.0
2035-03-04,0,0,reserve,system,3111.079107,0.0,0.0,3111.079107,0.0,0.0
2035-03-04,1,0,reserve,system,3121.652907,0.0,0.0,3121.652907,0.0,0.0
2035-03-04,2,0,reserve,system,3151.276566,0.0,0.0,3151.276566,0.0,0.0
2035-03-04,3,0,reserve,system,3207.956304,0.0,0.0,3207.956304,0.0,0.0
2035-03-04,4,0,reserve,system,3300.049905,0.0,0.0,3300.049905,0.0,0.0
2035-03-04,5,0,reserve,system,3416.449415,0.0,0.0,3416.449415,0.0,0.0
2035-03-04,6,0,reserve,system,3570.681899,0.0,0.0,3570.681899,0.0,0.0
2035-03-04,7,0,reserve,system,3664.600106,0.0,0.0,3664.600106,0.0,0.0
2035-03-04,8,0,reserve,system,3718.475456,0.0,0.0,3718.475456,0.0,0.0
2035-03-04,9,0,reserve,system,3741.081472,0.0,0.0,3741.081472,0.0,0.0
2035-03-04,10,0,reserve,system,3748.672269,0.0,0.0,3748.672269,0.0,0.0
2035-03-04,11,0,reserve,system,3708.657896,0.0,0.0,3708.657896,0.0,0.0
2035-03-04,12,0,reserve,system,3654.882612,0.0,0.0,3654.882612,0.0,0.0
2035-03-04,13,0,reserve,system,3609.008994,0.0,0.0,3609.008994,0.0,0.0
2035-03-04,14,0,reserve,system,3562.478295,0.0,0.0,3562.478295,0.0,0.0
2035-03-04,15,0,reserve,system,3505.188656,0.0,0.0,3505.188656,0.0,0.0
2035-03-04,16,0,reserve,system,3577.778895,0.0,0.0,3577.778895,0.0,0.0
2035-03-04,17,0,reserve,system,3707.987289,0.0,0.0,3707.987289,0.0,0.0
2035-03-04,18,0,reserve,system,3861.474751,0.0,0.0,3861.474751,0.0,0.0
2035-03-04,19,0,reserve,system,3875.125828,0.0,0.0,3875.125828,0.0,0.0
2035-03-04,20,0,reserve,system,3852.588766,0.0,0.0,3852.588766,0.0,0.0
2035-03-04,21,0,reserve,system,3814.150787,0.0,0.0,3814.150787,0.0,0.0
2035-03-04,22,0,reserve,system,3731.512501,0.0,0.0,3731.512501,0.0,0.0
2035-03-04,23,0,reserve,system,3687.919704,0.0,0.0,3687.919704,0.0,0.0
2035-03-05,0,0,reserve,system,3662.597069,0.0,0.0,3662.597069,0.0,0.0
2035-03-05,1,0,reserve,system,3680.303398,0.0,0.0,3680.303398,0.0,0.0
2035-03-05,2,0,reserve,system,3705.249415,0.0,0.0,3705.249415,0.0,0.0
2035-03-05,3,0,reserve,system,3738.15672,0.0,0.0,3738.15672,0.0,0.0
2035-03-05,4,0,reserve,system,3809.239026,0.0,0.0,3809.239026,0.0,0.0
2035-03-05,5,0,reserve,system,3911.773128,0.0,0.0,3911.773128,0.0,0.0
2035-03-05,6,0,reserve,system,3954.104984,0.0,0.0,3954.104984,0.0,0.0
2035-03-05,7,0,reserve,system,3952.052918,0.0,0.0,3952.052918,0.0,0.0
2035-03-05,8,0,reserve,system,3856.369543,0.0,0.0,3856.369543,0.0,0.0
2035-03-05,9,0,reserve,system,3680.484295,0.0,0.0,3680.484295,0.0,0.0
2035-03-05,10,0,reserve,system,3524.534851,0.0,0.0,3524.534851,0.0,0.0
2035-03-05,11,0,reserve,system,3322.643674,0.0,0.0,3322.643674,0.0,0.0
2035-03-05,12,0,reserve,system,3137.507475,0.0,0.0,3137.507475,0.0,0.0
2035-03-05,13,0,reserve,system,2983.715146,0.0,0.0,2983.715146,0.0,0.0
2035-03-05,14,0,reserve,system,2846.007385,0.0,0.0,2846.007385,0.0,0.0
2035-03-05,15,0,reserve,system,2807.04243,0.0,0.0,2807.04243,0.0,0.0
2035-03-05,16,0,reserve,system,2868.182673,0.0,0.0,2868.182673,0.0,0.0
2035-03-05,17,0,reserve,system,3020.861822,0.0,0.0,3020.861822,0.0,0.0
2035-03-05,18,0,reserve,system,3232.960781,0.0,0.0,3232.960781,0.0,0.0
2035-03-05,19,0,reserve,system,3362.2881,0.0,0.0,3362.2881,0.0,0.0
2035-03-05,20,0,reserve,system,3405.108793,0.0,0.0,3405.108793,0.0,0.0
2035-03-05,21,0,reserve,system,3413.136199,0.0,0.0,3413.136199,0.0,0.0
2035-03-05,22,0,reserve,system,3375.728728,0.0,0.0,3375.728728,0.0,0.0
2035-03-05,23,0,reserve,system,3377.080604,0.0,0.0,3377.080604,0.0,0.0
2035-03-06,0,0,reserve,system,3394.53531,0.0,0.0,3394.53531,0.0,0.0
2035-03-06,1,0,reserve,system,3447.088265,0.0,0.0,3447.088265,0.0,0.0
2035-03-06,2,0,reserve,system,3495.6603,0.0,0.0,3495.6603,0.0,0.0
2035-03-06,3,0,reserve,system,3572.656308,0.0,0.0,3572.656308,0.0,0.0
2035-03-06,4,0,reserve,system,3688.267842,0.0,0.0,3688.267843,0.0,0.0
2035-03-06,5,0,reserve,system,3825.829165,0.0,0.0,3825.829165,0.0,0.0
2035-03-06,6,0,reserve,system,3894.385166,0.0,0.0,3894.385166,0.0,0.0
2035-03-06,7,0,reserve,system,3790.059419,0.0,0.0,3790.059419,0.0,0.0
2035-03-06,8,0,reserve,system,3487.553755,0.0,0.0,3487.553755,0.0,0.0
2035-03-06,9,0,reserve,system,3184.482925,0.0,0.0,3184.482925,0.0,0.0
2035-03-06,10,0,reserve,system,2941.501119,0.0,0.0,2941.501119,0.0,0.0
2035-03-06,11,0,reserve,system,2737.163409,0.0,0.0,2737.163409,0.0,0.0
2035-03-06,12,0,reserve,system,2559.155786,0.0,0.0,2559.155786,0.0,0.0
2035-03-06,13,0,reserve,system,2446.060653,0.0,0.0,2446.060653,0.0,0.0
2035-03-06,14,0,reserve,system,2355.363003,0.0,0.0,2355.363003,0.0,0.0
2035-03-06,15,0,reserve,system,2330.202153,0.0,0.0,2330.202153,0.0,0.0
2035-03-06,16,0,reserve,system,2374.065531,0.0,0.0,2374.065531,0.0,0.0
2035-03-06,17,0,reserve,system,2462.585493,0.0,0.0,2462.585493,0.0,0.0
2035-03-06,18,0,reserve,system,2597.93561,0.0,0.0,2597.93561,0.0,0.0
2035-03-06,19,0,reserve,system,2674.027261,0.0,0.0,2674.027261,0.0,0.0
2035-03-06,20,0,reserve,system,2700.138041,0.0,0.0,2700.138041,0.0,0.0
2035-03-06,21,0,reserve,system,2687.552548,0.0,0.0,2687.552548,0.0,0.0
2035-03-06,22,0,reserve,system,2599.679699,0.0,0.0,2599.679699,0.0,0.0
2035-03-06,23,0,reserve,system,2527.407321,0.0,0.0,2527.407321,0.0,0.0
2035-03-07,0,0,reserve,system,2480.52674,0.0,0.0,2480.52674,0.0,0.0
2035-03-07,1,0,reserve,system,2463.730952,0.0,0.0,2463.730952,0.0,0.0
2035-03-07,2,0,reserve,system,2451.441353,0.0,0.0,2451.441353,0.0,0.0
2035-03-07,3,0,reserve,system,2457.741342,0.0,0.0,2457.741342,0.0,0.0
2035-03-07,4,0,reserve,system,2490.583211,0.0,0.0,2490.583211,0.0,0.0
2035-03-07,5,0,reserve,system,2566.168157,0.0,0.0,2566.168157,0.0,0.0
2035-03-07,6,0,reserve,system,2674.827568,0.0,0.0,2674.827568,0.0,0.0
2035-03-07,7,0,reserve,system,2634.989868,0.0,0.0,2634.989868,0.0,0.0
2035-03-07,8,0,reserve,system,2560.765144,0.0,0.0,2560.765144,0.0,0.0
2035-03-07,9,0,reserve,system,2466.447319,0.0,0.0,2466.447319,0.0,0.0
2035-03-07,10,0,reserve,system,2371.450223,0.0,0.0,2371.450223,0.0,0.0
2035-03-07,11,0,reserve,system,2292.922318,0.0,0.0,2292.922318,0.0,0.0
2035-03-07,12,0,reserve,system,2247.133823,0.0,0.0,2247.133823,0.0,0.0
2035-03-07,13,0,reserve,system,2231.835259,0.0,0.0,2231.835259,0.0,0.0
2035-03-07,14,0,reserve,system,2247.633389,0.0,0.0,2247.633389,0.0,0.0
2035-03-07,15,0,reserve,system,2295.889761,0.0,0.0,2295.889761,0.0,0.0
2035-03-07,16,0,reserve,system,2369.481683,0.0,0.0,2369.481683,0.0,0.0
2035-03-07,17,0,reserve,system,2444.614234,0.0,0.0,2444.614234,0.0,0.0
2035-03-07,18,0,reserve,system,2526.700799,0.0,0.0,2526.700799,0.0,0.0
2035-03-07,19,0,reserve,system,2526.508202,0.0,0.0,2526.508202,0.0,0.0
2035-03-07,20,0,reserve,system,2491.77229,0.0,0.0,2491.77229,0.0,0.0
2035-03-07,21,0,reserve,system,2411.731602,0.0,0.0,2411.731602,0.0,0.0
2035-03-07,22,0,reserve,system,2287.468651,0.0,0.0,2287.468651,0.0,0.0
2035-03-07,23,0,reserve,system,2171.472378,0.0,0.0,2171.472378,0.0,0.0
2035-03-08,0,0,reserve,system,2084.730165,0.0,0.0,2084.730165,0.0,0.0
2035-03-08,1,0,reserve,system,2037.586167,0.0,0.0,2037.586167,0.0,0.0
2035-03-08,2,0,reserve,system,2009.772341,0.0,0.0,2009.772341,0.0,0.0
2035-03-08,3,0,reserve,system,2004.039573,0.0,0.0,2004.039573,0.0,0.0
2035-03-08,4,0,reserve,system,2029.447607,0.0,0.0,2029.447607,0.0,0.0
2035-03-08,5,0,reserve,system,2127.516754,0.0,0.0,2127.516754,0.0,0.0
2035-03-08,6,0,reserve,system,2299.286472,0.0,0.0,2299.286472,0.0,0.0
2035-03-08,7,0,reserve,system,2348.541032,0.0,0.0,2348.541032,0.0,0.0
2035-03-08,8,0,reserve,system,2339.59612,0.0,0.0,2339.59612,0.0,0.0
2035-03-08,9,0,reserve,system,2348.719,0.0,0.0,2348.719,0.0,0.0
2035-03-08,10,0,reserve,system,2358.525046,0.0,0.0,2358.525046,0.0,0.0
2035-03-08,11,0,reserve,system,2404.381834,0.0,0.0,2404.381834,0.0,0.0
2035-03-08,12,0,reserve,system,2416.526458,0.0,0.0,2416.526458,0.0,0.0
2035-03-08,13,0,reserve,system,2483.976742,0.0,0.0,2483.976742,0.0,0.0
2035-03-08,14,0,reserve,system,2547.506524,0.0,0.0,2547.506524,0.0,0.0
2035-03-08,15,0,reserve,system,2601.31404,0.0,0.0,2601.31404,0.0,0.0
2035-03-08,16,0,reserve,system,2658.864563,0.0,0.0,2658.864563,0.0,0.0
2035-03-08,17,0,reserve,system,2687.119127,0.0,0.0,2687.119127,0.0,0.0
2035-03-08,18,0,reserve,system,2705.263304,0.0,0.0,2705.263304,0.0,0.0
2035-03-08,19,0,reserve,system,2675.918893,0.0,0.0,2675.918893,0.0,0.0
2035-03-08,20,0,reserve,system,2626.700813,0.0,0.0,2626.700813,0.0,0.0
2035-03-08,21,0,reserve,system,2571.483891,0.0,0.0,2571.483891,0.0,0.0
2035-03-08,22,0,reserve,system,2480.472912,0.0,0.0,2480.472912,0.0,0.0
2035-03-08,23,0,reserve,system,2376.534925,0.0,0.0,2376.534925,0.0,0.0
2035-03-09,0,0,reserve,system,2273.5188,0.0,0.0,2273.5188,0.0,0.0
2035-03-09,1,0,reserve,system,2302.649339,0.0,0.0,2302.649339,0.0,0.0
2035-03-09,2,0,reserve,system,2166.281039,0.0,0.0,2166.281039,0.0,0.0
2035-03-09,3,0,reserve,system,2159.615894,0.0,0.0,2159.615894,0.0,0.0
2035-03-09,4,0,reserve,system,2173.272273,0.0,0.0,2173.272273,0.0,0.0
2035-03-09,5,0,reserve,system,2196.11929,0.0,0.0,2196.11929,0.0,0.0
2035-03-09,6,0,reserve,system,2243.915317,0.0,0.0,2243.915317,0.0,0.0
2035-03-09,7,0,reserve,system,2273.685786,0.0,0.0,2273.685786,0.0,0.0
2035-03-09,8,0,reserve,system,2348.41543,0.0,0.0,2348.41543,0.0,0.0
2035-03-09,9,0,reserve,system,2414.839637,0.0,0.0,2414.839637,0.0,0.0
2035-03-09,10,0,reserve,system,2476.798294,0.0,0.0,2476.798294,0.0,0.0
2035-03-09,11,0,reserve,system,2515.36302,0.0,0.0,2515.36302,0.0,0.0
2035-03-09,12,0,reserve,system,2540.470453,0.0,0.0,2540.470453,0.0,0.0
2035-03-09,13,0,reserve,system,2582.553494,0.0,0.0,2582.553494,0.0,0.0
2035-03-09,14,0,reserve,system,2625.699377,0.0,0.0,2625.699377,0.0,0.0
2035-03-09,15,0,reserve,system,2700.773175,0.0,0.0,2700.773175,0.0,0.0
2035-03-09,16,0,reserve,system,2752.655556,0.0,0.0,2752.655556,0.0,0.0
2035-03-09,17,0,reserve,system,2740.79441,0.0,0.0,2740.79441,0.0,0.0
2035-03-09,18,0,reserve,system,2712.907629,0.0,0.0,2712.907629,0.0,0.0
2035-03-09,19,0,reserve,system,2664.148597,0.0,0.0,2664.148597,0.0,0.0
2035-03-09,20,0,reserve,system,2539.430742,0.0,0.0,2539.430742,0.0,0.0
2035-03-09,21,0,reserve,system,2459.445808,0.0,0.0,2459.445808,0.0,0.0
2035-03-09,22,0,reserve,system,2395.40852,0.0,0.0,2395.40852,0.0,0.0
2035-03-09,23,0,reserve,system,2355.057939,0.0,0.0,2355.057939,0.0,0.0
2035-03-10,0,0,reserve,system,2313.26254,0.0,0.0,2313.26254,0.0,0.0
2035-03-10,1,0,reserve,system,2277.310791,0.0,0.0,2277.310791,0.0,0.0
2035-03-10,2,0,reserve,system,2253.432656,0.0,0.0,2253.432656,0.0,0.0
2035-03-10,3,0,reserve,system,2257.202376,0.0,0.0,2257.202376,0.0,0.0
2035-03-10,4,0,reserve,system,2279.016414,0.0,0.0,2279.016414,0.0,0.0
2035-03-10,5,0,reserve,system,2277.405987,0.0,0.0,2277.405987,0.0,0.0
2035-03-10,6,0,reserve,system,2226.334363,0.0,0.0,2226.334363,0.0,0.0
2035-03-10,7,0,reserve,system,2240.085208,0.0,0.0,2240.085208,0.0,0.0
2035-03-10,8,0,reserve,system,2315.277727,0.0,0.0,2315.277727,0.0,0.0
2035-03-10,9,0,reserve,system,2358.358003,0.0,0.0,2358.358003,0.0,0.0
2035-03-10,10,0,reserve,system,2314.96775,0.0,0.0,2314.96775,0.0,0.0
2035-03-10,11,0,reserve,system,2289.681044,0.0,0.0,2289.681044,0.0,0.0
2035-03-10,12,0,reserve,system,2291.547737,0.0,0.0,2291.547737,0.0,0.0
2035-03-10,13,0,reserve,system,2305.995946,0.0,0.0,2305.995946,0.0,0.0
2035-03-10,14,0,reserve,system,2319.739429,0.0,0.0,2319.739429,0.0,0.0
2035-03-10,15,0,reserve,system,2373.988122,0.0,0.0,2373.988122,0.0,0.0
2035-03-10,16,0,reserve,system,2453.400129,0.0,0.0,2453.400129,0.0,0.0
2035-03-10,17,0,reserve,system,2526.801064,0.0,0.0,2526.801064,0.0,0.0
2035-03-10,18,0,reserve,system,2622.672201,0.0,0.0,2622.672201,0.0,0.0
2035-03-10,19,0,reserve,system,2647.244779,0.0,0.0,2647.244779,0.0,0.0
2035-03-10,20,0,reserve,system,2548.639548,0.0,0.0,2548.639548,0.0,0.0
2035-03-10,21,0,reserve,system,2461.167405,0.0,0.0,2461.167405,0.0,0.0
2035-03-10,22,0,reserve,system,2366.626237,0.0,0.0,2366.626237,0.0,0.0
2035-03-10,23,0,reserve,system,2307.109311,0.0,0.0,2307.109311,0.0,0.0
2035-03-11,0,0,reserve,system,2273.325467,0.0,0.0,2273.325467,0.0,0.0
2035-03-11,1,0,reserve,system,2257.290459,0.0,0.0,2257.290459,0.0,0.0
2035-03-11,2,0,reserve,system,2232.888989,0.0,0.0,2232.888989,0.0,0.0
2035-03-11,3,0,reserve,system,2238.724263,0.0,0.0,2238.724263,0.0,0.0
2035-03-11,4,0,reserve,system,2282.578404,0.0,0.0,2282.578404,0.0,0.0
2035-03-11,5,0,reserve,system,2348.721259,0.0,0.0,2348.721259,0.0,0.0
2035-03-11,6,0,reserve,system,2409.651445,0.0,0.0,2409.651445,0.0,0.0
2035-03-11,7,0,reserve,system,2478.030543,0.0,0.0,2478.030543,0.0,0.0
2035-03-11,8,0,reserve,system,2538.873849,0.0,0.0,2538.873849,0.0,0.0
2035-03-11,9,0,reserve,system,2592.685062,0.0,0.0,2592.685062,0.0,0.0
2035-03-11,10,0,reserve,system,2602.987604,0.0,0.0,2602.987604,0.0,0.0
2035-03-11,11,0,reserve,system,2601.834905,0.0,0.0,2601.834905,0.0,0.0
2035-03-11,12,0,reserve,system,2589.83957,0.0,0.0,2589.83957,0.0,0.0
2035-03-11,13,0,reserve,system,2554.116353,0.0,0.0,2554.116353,0.0,0.0
2035-03-11,14,0,reserve,system,2529.929261,0.0,0.0,2529.929261,0.0,0.0
2035-03-11,15,0,reserve,system,2533.80525,0.0,0.0,2533.80525,0.0,0.0
2035-03-11,16,0,reserve,system,2564.911241,0.0,0.0,2564.911241,0.0,0.0
2035-03-11,17,0,reserve,system,2613.424588,0.0,0.0,2613.424588,0.0,0.0
2035-03-11,18,0,reserve,system,2674.032798,0.0,0.0,2674.032798,0.0,0.0
2035-03-11,19,0,reserve,system,2662.549946,0.0,0.0,2662.549946,0.0,0.0
2035-03-11,20,0,reserve,system,2606.878691,0.0,0.0,2606.878691,0.0,0.0
2035-03-11,21,0,reserve,system,2535.325841,0.0,0.0,2535.325841,0.0,0.0
2035-03-11,22,0,reserve,system,2458.573768,0.0,0.0,2458.573768,0.0,0.0
2035-03-11,23,0,reserve,system,2394.44608,0.0,0.0,2394.44608,0.0,0.0
2035-03-12,0,0,reserve,system,2327.87536,0.0,0.0,2327.87536,0.0,0.0
2035-03-12,1,0,reserve,system,2276.316127,0.0,0.0,2276.316127,0.0,0.0
2035-03-12,2,0,reserve,system,2248.099866,0.0,0.0,2248.099866,0.0,0.0
2035-03-12,3,0,reserve,system,2257.996082,0.0,0.0,2257.996082,0.0,0.0
2035-03-12,4,0,reserve,system,2286.44597,0.0,0.0,2286.44597,0.0,0.0
2035-03-12,5,0,reserve,system,2335.435226,0.0,0.0,2335.435226,0.0,0.0
2035-03-12,6,0,reserve,system,2401.897163,0.0,0.0,2401.897163,0.0,0.0
2035-03-12,7,0,reserve,system,2469.023053,0.0,0.0,2469.023053,0.0,0.0
2035-03-12,8,0,reserve,system,2517.371902,0.0,0.0,2517.371902,0.0,0.0
2035-03-12,9,0,reserve,system,2537.29937,0.0,0.0,2537.29937,0.0,0.0
2035-03-12,10,0,reserve,system,2555.919744,0.0,0.0,2555.919744,0.0,0.0
2035-03-12,11,0,reserve,system,2528.441692,0.0,0.0,2528.441692,0.0,0.0
2035-03-12,12,0,reserve,system,2503.187994,0.0,0.0,2503.187994,0.0,0.0
2035-03-12,13,0,reserve,system,2466.635364,0.0,0.0,2466.635364,0.0,0.0
2035-03-12,14,0,reserve,system,2448.12074,0.0,0.0,2448.12074,0.0,0.0
2035-03-12,15,0,reserve,system,2464.252543,0.0,0.0,2464.252543,0.0,0.0
2035-03-12,16,0,reserve,system,2504.885248,0.0,0.0,2504.885248,0.0,0.0
2035-03-12,17,0,reserve,system,2562.313392,0.0,0.0,2562.313392,0.0,0.0
2035-03-12,18,0,reserve,system,2648.711282,0.0,0.0,2648.711282,0.0,0.0
2035-03-12,19,0,reserve,system,2656.373968,0.0,0.0,2656.373968,0.0,0.0
2035-03-12,20,0,reserve,system,2610.137298,0.0,0.0,2610.137298,0.0,0.0
2035-03-12,21,0,reserve,system,2536.166692,0.0,0.0,2536.166692,0.0,0.0
2035-03-12,22,0,reserve,system,2468.335541,0.0,0.0,2468.335541,0.0,0.0
2035-03-12,23,0,reserve,system,2390.952736,0.0,0.0,2390.952736,0.0,0.0
2035-03-13,0,0,reserve,system,2344.998758,0.0,0.0,2344.998758,0.0,0.0
2035-03-13,1,0,reserve,system,2321.016798,0.0,0.0,2321.016798,0.0,0.0
2035-03-13,2,0,reserve,system,2305.030965,0.0,0.0,2305.030965,0.0,0.0
2035-03-13,3,0,reserve,system,2320.044685,0.0,0.0,2320.044685,0.0,0.0
2035-03-13,4,0,reserve,system,2364.711165,0.0,0.0,2364.711165,0.0,0.0
2035-03-13,5,0,reserve,system,2403.890548,0.0,0.0,2403.890548,0.0,0.0
2035-03-13,6,0,reserve,system,2458.640498,0.0,0.0,2458.640498,0.0,0.0
2035-03-13,7,0,reserve,system,2519.690278,0.0,0.0,2519.690278,0.0,0.0
2035-03-13,8,0,reserve,system,2529.954793,0.0,0.0,2529.954793,0.0,0.0
2035-03-13,9,0,reserve,system,2492.172209,0.0,0.0,2492.172209,0.0,0.0
2035-03-13,10,0,reserve,system,2439.507569,0.0,0.0,2439.507569,0.0,0.0
2035-03-13,11,0,reserve,system,2393.035135,0.0,0.0,2393.035135,0.0,0.0
2035-03-13,12,0,reserve,system,2371.812152,0.0,0.0,2371.812152,0.0,0.0
2035-03-13,13,0,reserve,system,2363.45269,0.0,0.0,2363.45269,0.0,0.0
2035-03-13,14,0,reserve,system,2375.811345,0.0,0.0,2375.811345,0.0,0.0
2035-03-13,15,0,reserve,system,2410.464945,0.0,0.0,2410.464945,0.0,0.0
2035-03-13,16,0,reserve,system,2458.660215,0.0,0.0,2458.660215,0.0,0.0
2035-03-13,17,0,reserve,system,2521.234057,0.0,0.0,2521.234057,0.0,0.0
2035-03-13,18,0,reserve,system,2573.695014,0.0,0.0,2573.695014,0.0,0.0
2035-03-13,19,0,reserve,system,2598.969085,0.0,0.0,2598.969085,0.0,0.0
2035-03-13,20,0,reserve,system,2555.183361,0.0,0.0,2555.183361,0.0,0.0
2035-03-13,21,0,reserve,system,2493.33465,0.0,0.0,2493.33465,0.0,0.0
2035-03-13,22,0,reserve,system,2431.775892,0.0,0.0,2431.775892,0.0,0.0
2035-03-13,23,0,reserve,system,2371.210645,0.0,0.0,2371.210645,0.0,0.0
2035-03-14,0,0,reserve,system,2319.645452,0.0,0.0,2319.645452,0.0,0.0
2035-03-14,1,0,reserve,system,2296.341429,0.0,0.0,2296.341429,0.0,0.0
2035-03-14,2,0,reserve,system,2267.933627,0.0,0.0,2267.933627,0.0,0.0
2035-03-14,3,0,reserve,system,2283.822191,0.0,0.0,2283.822191,0.0,0.0
2035-03-14,4,0,reserve,system,2340.501411,0.0,0.0,2340.501411,0.0,0.0
2035-03-14,5,0,reserve,system,2399.329509,0.0,0.0,2399.329509,0.0,0.0
2035-03-14,6,0,reserve,system,2444.492034,0.0,0.0,2444.492034,0.0,0.0
2035-03-14,7,0,reserve,system,2481.424182,0.0,0.0,2481.424182,0.0,0.0
2035-03-14,8,0,reserve,system,2482.553926,0.0,0.0,2482.553926,0.0,0.0
2035-03-14,9,0,reserve,system,2434.842612,0.0,0.0,2434.842612,0.0,0.0
2035-03-14,10,0,reserve,system,2363.646885,0.0,0.0,2363.646885,0.0,0.0
2035-03-14,11,0,reserve,system,2291.488207,0.0,0.0,2291.488207,0.0,0.0
2035-03-14,12,0,reserve,system,2226.656478,0.0,0.0,2226.656478,0.0,0.0
2035-03-14,13,0,reserve,system,2166.165063,0.0,0.0,2166.165063,0.0,0.0
2035-03-14,14,0,reserve,system,2138.135261,0.0,0.0,2138.135261,0.0,0.0
2035-03-14,15,0,reserve,system,2138.993721,0.0,0.0,2138.993721,0.0,0.0
2035-03-14,16,0,reserve,system,2161.40821,0.0,0.0,2161.40821,0.0,0.0
2035-03-14,17,0,reserve,system,2215.477972,0.0,0.0,2215.477972,0.0,0.0
2035-03-14,18,0,reserve,system,2319.385856,0.0,0.0,2319.385856,0.0,0.0
2035-03-14,19,0,reserve,system,2414.011466,0.0,0.0,2414.011466,0.0,0.0
2035-03-14,20,0,reserve,system,2404.372216,0.0,0.0,2404.372216,0.0,0.0
2035-03-14,21,0,reserve,system,2358.246829,0.0,0.0,2358.246829,0.0,0.0
2035-03-14,22,0,reserve,system,2302.210864,0.0,0.0,2302.210864,0.0,0.0
2035-03-14,23,0,reserve,system,2274.182952,0.0,0.0,2274.182952,0.0,0.0
2035-03-15,0,0,reserve,system,2261.249003,0.0,0.0,2261.249003,0.0,0.0
2035-03-15,1,0,reserve,system,2285.942794,0.0,0.0,2285.942794,0.0,0.0
2035-03-15,2,0,reserve,system,2317.19467,0.0,0.0,2317.19467,0.0,0.0
2035-03-15,3,0,reserve,system,2399.906608,0.0,0.0,2399.906608,0.0,0.0
2035-03-15,4,0,reserve,system,2560.986596,0.0,0.0,2560.986596,0.0,0.0
2035-03-15,5,0,reserve,system,2745.859119,0.0,0.0,2745.859119,0.0,0.0
2035-03-15,6,0,reserve,system,2859.463343,0.0,0.0,2859.463343,0.0,0.0
2035-03-15,7,0,reserve,system,2873.566419,0.0,0.0,2873.566419,0.0,0.0
2035-03-15,8,0,reserve,system,2802.372346,0.0,0.0,2802.372346,0.0,0.0
2035-03-15,9,0,reserve,system,2682.676051,0.0,0.0,2682.676051,0.0,0.0
2035-03-15,10,0,reserve,system,2555.48109,0.0,0.0,2555.48109,0.0,0.0
2035-03-15,11,0,reserve,system,2443.549665,0.0,0.0,2443.549665,0.0,0.0
2035-03-15,12,0,reserve,system,2366.427596,0.0,0.0,2366.427596,0.0,0.0
2035-03-15,13,0,reserve,system,2281.610328,0.0,0.0,2281.610328,0.0,0.0
2035-03-15,14,0,reserve,system,2226.205321,0.0,0.0,2226.205321,0.0,0.0
2035-03-15,15,0,reserve,system,2209.090132,0.0,0.0,2209.090132,0.0,0.0
2035-03-15,16,0,reserve,system,2234.071933,0.0,0.0,2234.071933,0.0,0.0
2035-03-15,17,0,reserve,system,2316.307846,0.0,0.0,2316.307846,0.0,0.0
2035-03-15,18,0,reserve,system,2431.063941,0.0,0.0,2431.063941,0.0,0.0
2035-03-15,19,0,reserve,system,2506.55866,0.0,0.0,2506.55866,0.0,0.0
2035-03-15,20,0,reserve,system,2520.84251,0.0,0.0,2520.84251,0.0,0.0
2035-03-15,21,0,reserve,system,2516.204819,0.0,0.0,2516.204819,0.0,0.0
2035-03-15,22,0,reserve,system,2503.913482,0.0,0.0,2503.913482,0.0,0.0
2035-03-15,23,0,reserve,system,2481.038637,0.0,0.0,2481.038637,0.0,0.0
2035-03-16,0,0,reserve,system,2487.531943,0.0,0.0,2487.531943,0.0,0.0
2035-03-16,1,0,reserve,system,2525.104465,0.0,0.0,2525.104465,0.0,0.0
2035-03-16,2,0,reserve,system,2566.973377,0.0,0.0,2566.973377,0.0,0.0
2035-03-16,3,0,reserve,system,2625.601059,0.0,0.0,2625.601059,0.0,0.0
2035-03-16,4,0,reserve,system,2717.89482,0.0,0.0,2717.89482,0.0,0.0
2035-03-16,5,0,reserve,system,2815.447584,0.0,0.0,2815.447584,0.0,0.0
2035-03-16,6,0,reserve,system,2907.744104,0.0,0.0,2907.744104,0.0,0.0
2035-03-16,7,0,reserve,system,2940.060192,0.0,0.0,2940.060192,0.0,0.0
2035-03-16,8,0,reserve,system,2858.551477,0.0,0.0,2858.551477,0.0,0.0
2035-03-16,9,0,reserve,system,2727.1417,0.0,0.0,2727.1417,0.0,0.0
2035-03-16,10,0,reserve,system,2582.914023,0.0,0.0,2582.914023,0.0,0.0
2035-03-16,11,0,reserve,system,2427.821877,0.0,0.0,2427.821877,0.0,0.0
2035-03-16,12,0,reserve,system,2312.262709,0.0,0.0,2312.262709,0.0,0.0
2035-03-16,13,0,reserve,system,2220.225846,0.0,0.0,2220.225846,0.0,0.0
2035-03-16,14,0,reserve,system,2158.121774,0.0,0.0,2158.121774,0.0,0.0
2035-03-16,15,0,reserve,system,2154.363379,0.0,0.0,2154.363379,0.0,0.0
2035-03-16,16,0,reserve,system,2186.737484,0.0,0.0,2186.737484,0.0,0.0
2035-03-16,17,0,reserve,system,2250.852408,0.0,0.0,2250.852408,0.0,0.0
2035-03-16,18,0,reserve,system,2343.543145,0.0,0.0,2343.543145,0.0,0.0
2035-03-16,19,0,reserve,system,2425.536242,0.0,0.0,2425.536242,0.0,0.0
2035-03-16,20,0,reserve,system,2430.547988,0.0,0.0,2430.547988,0.0,0.0
2035-03-16,21,0,reserve,system,2422.259765,0.0,0.0,2422.259765,0.0,0.0
2035-03-16,22,0,reserve,system,2433.495616,0.0,0.0,2433.495616,0.0,0.0
2035-03-16,23,0,reserve,system,2440.874549,0.0,0.0,2440.874549,0.0,0.0
2035-03-17,0,0,reserve,system,2437.647616,0.0,0.0,2437.647616,0.0,0.0
2035-03-17,1,0,reserve,system,2465.562292,0.0,0.0,2465.562292,0.0,0.0
2035-03-17,2,0,reserve,system,2492.845804,0.0,0.0,2492.845804,0.0,0.0
2035-03-17,3,0,reserve,system,2534.784233,0.0,0.0,2534.784233,0.0,0.0
2035-03-17,4,0,reserve,system,2573.392489,0.0,0.0,2573.392489,0.0,0.0
2035-03-17,5,0,reserve,system,2578.036803,0.0,0.0,2578.036803,0.0,0.0
2035-03-17,6,0,reserve,system,2624.975861,0.0,0.0,2624.975861,0.0,0.0
2035-03-17,7,0,reserve,system,2683.629957,0.0,0.0,2683.629957,0.0,0.0
2035-03-17,8,0,reserve,system,2616.245065,0.0,0.0,2616.245065,0.0,0.0
2035-03-17,9,0,reserve,system,2471.290782,0.0,0.0,2471.290782,0.0,0.0
2035-03-17,10,0,reserve,system,2306.026907,0.0,0.0,2306.026907,0.0,0.0
2035-03-17,11,0,reserve,system,2192.740094,0.0,0.0,2192.740094,0.0,0.0
2035-03-17,12,0,reserve,system,2094.782922,0.0,0.0,2094.782922,0.0,0.0
2035-03-17,13,0,reserve,system,2019.305517,0.0,0.0,2019.305517,0.0,0.0
2035-03-17,14,0,reserve,system,1982.806666,0.0,0.0,1982.806666,0.0,0.0
2035-03-17,15,0,reserve,system,2007.961638,0.0,0.0,2007.961638,0.0,0.0
2035-03-17,16,0,reserve,system,2076.507784,0.0,0.0,2076.507784,0.0,0.0
2035-03-17,17,0,reserve,system,2133.378314,0.0,0.0,2133.378314,0.0,0.0
2035-03-17,18,0,reserve,system,2222.667273,0.0,0.0,2222.667273,0.0,0.0
2035-03-17,19,0,reserve,system,2323.597237,0.0,0.0,2323.597237,0.0,0.0
2035-03-17,20,0,reserve,system,2336.660355,0.0,0.0,2336.660355,0.0,0.0
2035-03-17,21,0,reserve,system,2296.876845,0.0,0.0,2296.876845,0.0,0.0
2035-03-17,22,0,reserve,system,2238.084026,0.0,0.0,2238.084026,0.0,0.0
2035-03-17,23,0,reserve,system,2221.659078,0.0,0.0,2221.659078,0.0,0.0
2035-03-18,0,0,reserve,system,2233.653479,0.0,0.0,2233.653479,0.0,0.0
2035-03-18,1,0,reserve,system,2268.196109,0.0,0.0,2268.196109,0.0,0.0
2035-03-18,2,0,reserve,system,2318.252813,0.0,0.0,2318.252813,0.0,0.0
2035-03-18,3,0,reserve,system,2414.571092,0.0,0.0,2414.571093,0.0,0.0
2035-03-18,4,0,reserve,system,2571.786354,0.0,0.0,2571.786354,0.0,0.0
2035-03-18,5,0,reserve,system,2779.150473,0.0,0.0,2779.150473,0.0,0.0
2035-03-18,6,0,reserve,system,2859.060005,0.0,0.0,2859.060005,0.0,0.0
2035-03-18,7,0,reserve,system,2819.600977,0.0,0.0,2819.600977,0.0,0.0
2035-03-18,8,0,reserve,system,2720.27121,0.0,0.0,2720.27121,0.0,0.0
2035-03-18,9,0,reserve,system,2576.682909,0.0,0.0,2576.682909,0.0,0.0
2035-03-18,10,0,reserve,system,2438.044158,0.0,0.0,2438.044158,0.0,0.0
2035-03-18,11,0,reserve,system,2331.817227,0.0,0.0,2331.817227,0.0,0.0
2035-03-18,12,0,reserve,system,2278.996415,0.0,0.0,2278.996415,0.0,0.0
2035-03-18,13,0,reserve,system,2226.918752,0.0,0.0,2226.918752,0.0,0.0
2035-03-18,14,0,reserve,system,2180.258947,0.0,0.0,2180.258947,0.0,0.0
2035-03-18,15,0,reserve,system,2190.320034,0.0,0.0,2190.320034,0.0,0.0
2035-03-18,16,0,reserve,system,2252.611435,0.0,0.0,2252.611435,0.0,0.0
2035-03-18,17,0,reserve,system,2292.596586,0.0,0.0,2292.596586,0.0,0.0
2035-03-18,18,0,reserve,system,2374.19074,0.0,0.0,2374.19074,0.0,0.0
2035-03-18,19,0,reserve,system,2483.930125,0.0,0.0,2483.930125,0.0,0.0
2035-03-18,20,0,reserve,system,2455.208387,0.0,0.0,2455.208387,0.0,0.0
2035-03-18,21,0,reserve,system,2367.597853,0.0,0.0,2367.597853,0.0,0.0
2035-03-18,22,0,reserve,system,2291.695124,0.0,0.0,2291.695124,0.0,0.0
2035-03-18,23,0,reserve,system,2245.564106,0.0,0.0,2245.564106,0.0,0.0
2035-03-19,0,0,reserve,system,2224.592979,0.0,0.0,2224.592979,0.0,0.0
2035-03-19,1,0,reserve,system,2227.238573,0.0,0.0,2227.238574,0.0,0.0
2035-03-19,2,0,reserve,system,2252.875225,0.0,0.0,2252.875225,0.0,0.0
2035-03-19,3,0,reserve,system,2314.128739,0.0,0.0,2314.128739,0.0,0.0
2035-03-19,4,0,reserve,system,2426.993115,0.0,0.0,2426.993115,0.0,0.0
2035-03-19,5,0,reserve,system,2621.717741,0.0,0.0,2621.717741,0.0,0.0
2035-03-19,6,0,reserve,system,2690.302854,0.0,0.0,2690.302854,0.0,0.0
2035-03-19,7,0,reserve,system,2658.712149,0.0,0.0,2658.712149,0.0,0.0
2035-03-19,8,0,reserve,system,2579.850256,0.0,0.0,2579.850256,0.0,0.0
2035-03-19,9,0,reserve,system,2479.599313,0.0,0.0,2479.599313,0.0,0.0
2035-03-19,10,0,reserve,system,2403.459422,0.0,0.0,2403.459422,0.0,0.0
2035-03-19,11,0,reserve,system,2319.22877,0.0,0.0,2319.22877,0.0,0.0
2035-03-19,12,0,reserve,system,2263.935379,0.0,0.0,2263.935379,0.0,0.0
2035-03-19,13,0,reserve,system,2228.523999,0.0,0.0,2228.523999,0.0,0.0
2035-03-19,14,0,reserve,system,2213.813165,0.0,0.0,2213.813165,0.0,0.0
2035-03-19,15,0,reserve,system,2244.981658,0.0,0.0,2244.981658,0.0,0.0
2035-03-19,16,0,reserve,system,2293.964692,0.0,0.0,2293.964692,0.0,0.0
2035-03-19,17,0,reserve,system,2351.529749,0.0,0.0,2351.529749,0.0,0.0
2035-03-19,18,0,reserve,system,2450.791358,0.0,0.0,2450.791358,0.0,0.0
2035-03-19,19,0,reserve,system,2518.315201,0.0,0.0,2518.315201,0.0,0.0
2035-03-19,20,0,reserve,system,2475.495369,0.0,0.0,2475.495369,0.0,0.0
2035-03-19,21,0,reserve,system,2368.490796,0.0,0.0,2368.490796,0.0,0.0
2035-03-19,22,0,reserve,system,2283.249718,0.0,0.0,2283.249718,0.0,0.0
2035-03-19,23,0,reserve,system,2216.214802,0.0,0.0,2216.214802,0.0,0.0
2035-03-20,0,0,reserve,system,2175.176601,0.0,0.0,2175.176601,0.0,0.0
2035-03-20,1,0,reserve,system,2176.850292,0.0,0.0,2176.850292,0.0,0.0
2035-03-20,2,0,reserve,system,2188.967912,0.0,0.0,2188.967912,0.0,0.0
2035-03-20,3,0,reserve,system,2246.785207,0.0,0.0,2246.785207,0.0,0.0
2035-03-20,4,0,reserve,system,2361.340432,0.0,0.0,2361.340432,0.0,0.0
2035-03-20,5,0,reserve,system,2526.584722,0.0,0.0,2526.584722,0.0,0.0
2035-03-20,6,0,reserve,system,2567.175749,0.0,0.0,2567.175749,0.0,0.0
2035-03-20,7,0,reserve,system,2547.85665,0.0,0.0,2547.85665,0.0,0.0
2035-03-20,8,0,reserve,system,2512.214473,0.0,0.0,2512.214473,0.0,0.0
2035-03-20,9,0,reserve,system,2435.055038,0.0,0.0,2435.055038,0.0,0.0
2035-03-20,10,0,reserve,system,2356.173515,0.0,0.0,2356.173515,0.0,0.0
2035-03-20,11,0,reserve,system,2302.102765,0.0,0.0,2302.102765,0.0,0.0
2035-03-20,12,0,reserve,system,2260.650654,0.0,0.0,2260.650654,0.0,0.0
2035-03-20,13,0,reserve,system,2229.543085,0.0,0.0,2229.543085,0.0,0.0
2035-03-20,14,0,reserve,system,2210.798459,0.0,0.0,2210.798459,0.0,0.0
2035-03-20,15,0,reserve,system,2243.849369,0.0,0.0,2243.849369,0.0,0.0
2035-03-20,16,0,reserve,system,2303.96581,0.0,0.0,2303.96581,0.0,0.0
2035-03-20,17,0,reserve,system,2376.501179,0.0,0.0,2376.501179,0.0,0.0
2035-03-20,18,0,reserve,system,2468.854055,0.0,0.0,2468.854055,0.0,0.0
2035-03-20,19,0,reserve,system,2551.144269,0.0,0.0,2551.144269,0.0,0.0
2035-03-20,20,0,reserve,system,2512.051185,0.0,0.0,2512.051185,0.0,0.0
2035-03-20,21,0,reserve,system,2413.095152,0.0,0.0,2413.095152,0.0,0.0
2035-03-20,22,0,reserve,system,2328.610747,0.0,0.0,2328.610747,0.0,0.0
2035-03-20,23,0,reserve,system,2258.282603,0.0,0.0,2258.282603,0.0,0.0
2035-03-21,0,0,reserve,system,2235.367896,0.0,0.0,2235.367896,0.0,0.0
2035-03-21,1,0,reserve,system,2244.8661,0.0,0.0,2244.8661,0.0,0.0
2035-03-21,2,0,reserve,system,2257.944732,0.0,0.0,2257.944732,0.0,0.0
2035-03-21,3,0,reserve,system,2325.393527,0.0,0.0,2325.393527,0.0,0.0
2035-03-21,4,0,reserve,system,2465.881148,0.0,0.0,2465.881148,0.0,0.0
2035-03-21,5,0,reserve,system,2654.991222,0.0,0.0,2654.991222,0.0,0.0
2035-03-21,6,0,reserve,system,2720.449954,0.0,0.0,2720.449954,0.0,0.0
2035-03-21,7,0,reserve,system,2661.714916,0.0,0.0,2661.714916,0.0,0.0
2035-03-21,8,0,reserve,system,2571.540945,0.0,0.0,2571.540945,0.0,0.0
2035-03-21,9,0,reserve,system,2467.197837,0.0,0.0,2467.197837,0.0,0.0
2035-03-21,10,0,reserve,system,2390.892976,0.0,0.0,2390.892976,0.0,0.0
2035-03-21,11,0,reserve,system,2338.490934,0.0,0.0,2338.490934,0.0,0.0
2035-03-21,12,0,reserve,system,2313.173822,0.0,0.0,2313.173822,0.0,0.0
2035-03-21,13,0,reserve,system,2307.66794,0.0,0.0,2307.66794,0.0,0.0
2035-03-21,14,0,reserve,system,2317.861461,0.0,0.0,2317.861461,0.0,0.0
2035-03-21,15,0,reserve,system,2360.650068,0.0,0.0,2360.650068,0.0,0.0
2035-03-21,16,0,reserve,system,2404.386336,0.0,0.0,2404.386336,0.0,0.0
2035-03-21,17,0,reserve,system,2447.024508,0.0,0.0,2447.024508,0.0,0.0
2035-03-21,18,0,reserve,system,2522.12457,0.0,0.0,2522.124569,0.0,0.0
2035-03-21,19,0,reserve,system,2590.774966,0.0,0.0,2590.774966,0.0,0.0
2035-03-21,20,0,reserve,system,2526.302874,0.0,0.0,2526.302874,0.0,0.0
2035-03-21,21,0,reserve,system,2406.150489,0.0,0.0,2406.150489,0.0,0.0
2035-03-21,22,0,reserve,system,2295.495371,0.0,0.0,2295.495371,0.0,0.0
2035-03-21,23,0,reserve,system,2215.043388,0.0,0.0,2215.043388,0.0,0.0
2035-03-22,0,0,reserve,system,2188.818738,0.0,0.0,2188.818738,0.0,0.0
2035-03-22,1,0,reserve,system,2192.309918,0.0,0.0,2192.309918,0.0,0.0
2035-03-22,2,0,reserve,system,2218.984723,0.0,0.0,2218.984723,0.0,0.0
2035-03-22,3,0,reserve,system,2289.015783,0.0,0.0,2289.015783,0.0,0.0
2035-03-22,4,0,reserve,system,2457.118439,0.0,0.0,2457.118439,0.0,0.0
2035-03-22,5,0,reserve,system,2702.947358,0.0,0.0,2702.947358,0.0,0.0
2035-03-22,6,0,reserve,system,2784.725934,0.0,0.0,2784.725934,0.0,0.0
2035-03-22,7,0,reserve,system,2714.327043,0.0,0.0,2714.327043,0.0,0.0
2035-03-22,8,0,reserve,system,2617.0111,0.0,0.0,2617.0111,0.0,0.0
2035-03-22,9,0,reserve,system,2535.396594,0.0,0.0,2535.396594,0.0,0.0
2035-03-22,10,0,reserve,system,2469.603712,0.0,0.0,2469.603712,0.0,0.0
2035-03-22,11,0,reserve,system,2416.246577,0.0,0.0,2416.246577,0.0,0.0
2035-03-22,12,0,reserve,system,2401.983731,0.0,0.0,2401.983731,0.0,0.0
2035-03-22,13,0,reserve,system,2386.078092,0.0,0.0,2386.078092,0.0,0.0
2035-03-22,14,0,reserve,system,2387.722032,0.0,0.0,2387.722032,0.0,0.0
2035-03-22,15,0,reserve,system,2408.063682,0.0,0.0,2408.063682,0.0,0.0
2035-03-22,16,0,reserve,system,2426.614065,0.0,0.0,2426.614065,0.0,0.0
2035-03-22,17,0,reserve,system,2447.646662,0.0,0.0,2447.646662,0.0,0.0
2035-03-22,18,0,reserve,system,2499.854433,0.0,0.0,2499.854433,0.0,0.0
2035-03-22,19,0,reserve,system,2531.057845,0.0,0.0,2531.057845,0.0,0.0
2035-03-22,20,0,reserve,system,2480.419353,0.0,0.0,2480.419353,0.0,0.0
2035-03-22,21,0,reserve,system,2418.780854,0.0,0.0,2418.780854,0.0,0.0
2035-03-22,22,0,reserve,system,2348.830369,0.0,0.0,2348.830369,0.0,0.0
2035-03-22,23,0,reserve,system,2271.923709,0.0,0.0,2271.923709,0.0,0.0
2035-03-23,0,0,reserve,system,2218.460004,0.0,0.0,2218.460005,0.0,0.0
2035-03-23,1,0,reserve,system,2188.86806,0.0,0.0,2188.86806,0.0,0.0
2035-03-23,2,0,reserve,system,2190.694935,0.0,0.0,2190.694935,0.0,0.0
2035-03-23,3,0,reserve,system,2218.487626,0.0,0.0,2218.487626,0.0,0.0
2035-03-23,4,0,reserve,system,2263.163477,0.0,0.0,2263.163477,0.0,0.0
2035-03-23,5,0,reserve,system,2328.464553,0.0,0.0,2328.464553,0.0,0.0
2035-03-23,6,0,reserve,system,2374.926906,0.0,0.0,2374.926906,0.0,0.0
2035-03-23,7,0,reserve,system,2416.32599,0.0,0.0,2416.32599,0.0,0.0
2035-03-23,8,0,reserve,system,2448.166834,0.0,0.0,2448.166834,0.0,0.0
2035-03-23,9,0,reserve,system,2462.961823,0.0,0.0,2462.961823,0.0,0.0
2035-03-23,10,0,reserve,system,2473.490821,0.0,0.0,2473.490821,0.0,0.0
2035-03-23,11,0,reserve,system,2469.475465,0.0,0.0,2469.475465,0.0,0.0
2035-03-23,12,0,reserve,system,2450.983189,0.0,0.0,2450.983189,0.0,0.0
2035-03-23,13,0,reserve,system,2423.931151,0.0,0.0,2423.931151,0.0,0.0
2035-03-23,14,0,reserve,system,2416.87578,0.0,0.0,2416.87578,0.0,0.0
2035-03-23,15,0,reserve,system,2439.703077,0.0,0.0,2439.703077,0.0,0.0
2035-03-23,16,0,reserve,system,2449.120596,0.0,0.0,2449.120596,0.0,0.0
2035-03-23,17,0,reserve,system,2469.232817,0.0,0.0,2469.232817,0.0,0.0
2035-03-23,18,0,reserve,system,2474.856312,0.0,0.0,2474.856312,0.0,0.0
2035-03-23,19,0,reserve,system,2473.65563,0.0,0.0,2473.65563,0.0,0.0
2035-03-23,20,0,reserve,system,2439.887066,0.0,0.0,2439.887066,0.0,0.0
2035-03-23,21,0,reserve,system,2386.492929,0.0,0.0,2386.492929,0.0,0.0
2035-03-23,22,0,reserve,system,2344.335822,0.0,0.0,2344.335822,0.0,0.0
2035-03-23,23,0,reserve,system,2257.964196,0.0,0.0,2257.964196,0.0,0.0
2035-03-24,0,0,reserve,system,2194.098352,0.0,0.0,2194.098352,0.0,0.0
2035-03-24,1,0,reserve,system,2153.95841,0.0,0.0,2153.95841,0.0,0.0
2035-03-24,2,0,reserve,system,2115.651492,0.0,0.0,2115.651492,0.0,0.0
2035-03-24,3,0,reserve,system,2093.285824,0.0,0.0,2093.285824,0.0,0.0
2035-03-24,4,0,reserve,system,2065.549258,0.0,0.0,2065.549258,0.0,0.0
2035-03-24,5,0,reserve,system,2011.903285,0.0,0.0,2011.903285,0.0,0.0
2035-03-24,6,0,reserve,system,2019.243374,0.0,0.0,2019.243374,0.0,0.0
2035-03-24,7,0,reserve,system,2127.294156,0.0,0.0,2127.294156,0.0,0.0
2035-03-24,8,0,reserve,system,2234.264364,0.0,0.0,2234.264364,0.0,0.0
2035-03-24,9,0,reserve,system,2285.619441,0.0,0.0,2285.619441,0.0,0.0
2035-03-24,10,0,reserve,system,2287.737116,0.0,0.0,2287.737116,0.0,0.0
2035-03-24,11,0,reserve,system,2312.700778,0.0,0.0,2312.700778,0.0,0.0
2035-03-24,12,0,reserve,system,2346.295039,0.0,0.0,2346.295039,0.0,0.0
2035-03-24,13,0,reserve,system,2385.63113,0.0,0.0,2385.63113,0.0,0.0
2035-03-24,14,0,reserve,system,2434.516818,0.0,0.0,2434.516818,0.0,0.0
2035-03-24,15,0,reserve,system,2506.098789,0.0,0.0,2506.098789,0.0,0.0
2035-03-24,16,0,reserve,system,2589.537694,0.0,0.0,2589.537694,0.0,0.0
2035-03-24,17,0,reserve,system,2637.943837,0.0,0.0,2637.943837,0.0,0.0
2035-03-24,18,0,reserve,system,2661.656933,0.0,0.0,2661.656933,0.0,0.0
2035-03-24,19,0,reserve,system,2702.421499,0.0,0.0,2702.421499,0.0,0.0
2035-03-24,20,0,reserve,system,2655.636057,0.0,0.0,2655.636057,0.0,0.0
2035-03-24,21,0,reserve,system,2552.073155,0.0,0.0,2552.073155,0.0,0.0
2035-03-24,22,0,reserve,system,2440.517563,0.0,0.0,2440.517563,0.0,0.0
2035-03-24,23,0,reserve,system,2321.225394,0.0,0.0,2321.225394,0.0,0.0
2035-03-25,0,0,reserve,system,2237.250213,0.0,0.0,2237.250213,0.0,0.0
2035-03-25,1,0,reserve,system,2180.701979,0.0,0.0,2180.701979,0.0,0.0
2035-03-25,2,0,reserve,system,2154.571544,0.0,0.0,2154.571544,0.0,0.0
2035-03-25,3,0,reserve,system,2172.081825,0.0,0.0,2172.081825,0.0,0.0
2035-03-25,4,0,reserve,system,2245.177064,0.0,0.0,2245.177064,0.0,0.0
2035-03-25,5,0,reserve,system,2371.613485,0.0,0.0,2371.613485,0.0,0.0
2035-03-25,6,0,reserve,system,2442.914009,0.0,0.0,2442.914009,0.0,0.0
2035-03-25,7,0,reserve,system,2473.131272,0.0,0.0,2473.131272,0.0,0.0
2035-03-25,8,0,reserve,system,2469.294088,0.0,0.0,2469.294088,0.0,0.0
2035-03-25,9,0,reserve,system,2490.56636,0.0,0.0,2490.56636,0.0,0.0
2035-03-25,10,0,reserve,system,2496.779066,0.0,0.0,2496.779066,0.0,0.0
2035-03-25,11,0,reserve,system,2511.262413,0.0,0.0,2511.262413,0.0,0.0
2035-03-25,12,0,reserve,system,2535.518068,0.0,0.0,2535.518068,0.0,0.0
2035-03-25,13,0,reserve,system,2556.40398,0.0,0.0,2556.40398,0.0,0.0
2035-03-25,14,0,reserve,system,2595.317284,0.0,0.0,2595.317284,0.0,0.0
2035-03-25,15,0,reserve,system,2658.329974,0.0,0.0,2658.329974,0.0,0.0
2035-03-25,16,0,reserve,system,2693.209502,0.0,0.0,2693.209502,0.0,0.0
2035-03-25,17,0,reserve,system,2700.397699,0.0,0.0,2700.397699,0.0,0.0
2035-03-25,18,0,reserve,system,2688.097866,0.0,0.0,2688.097866,0.0,0.0
2035-03-25,19,0,reserve,system,2691.32459,0.0,0.0,2691.32459,0.0,0.0
2035-03-25,20,0,reserve,system,2611.084484,0.0,0.0,2611.084484,0.0,0.0
2035-03-25,21,0,reserve,system,2486.990542,0.0,0.0,2486.990542,0.0,0.0
2035-03-25,22,0,reserve,system,2362.470125,0.0,0.0,2362.470125,0.0,0.0
2035-03-25,23,0,reserve,system,2292.300429,0.0,0.0,2292.300429,0.0,0.0
2035-03-26,0,0,reserve,system,2216.217148,0.0,0.0,2216.217148,0.0,0.0
2035-03-26,1,0,reserve,system,2170.373447,0.0,0.0,2170.373447,0.0,0.0
2035-03-26,2,0,reserve,system,2158.402732,0.0,0.0,2158.402732,0.0,0.0
2035-03-26,3,0,reserve,system,2185.233643,0.0,0.0,2185.233643,0.0,0.0
2035-03-26,4,0,reserve,system,2266.53785,0.0,0.0,2266.53785,0.0,0.0
2035-03-26,5,0,reserve,system,2382.832267,0.0,0.0,2382.832267,0.0,0.0
2035-03-26,6,0,reserve,system,2428.178215,0.0,0.0,2428.178215,0.0,0.0
2035-03-26,7,0,reserve,system,2424.590511,0.0,0.0,2424.590511,0.0,0.0
2035-03-26,8,0,reserve,system,2404.341952,0.0,0.0,2404.341952,0.0,0.0
2035-03-26,9,0,reserve,system,2369.075351,0.0,0.0,2369.075351,0.0,0.0
2035-03-26,10,0,reserve,system,2356.300992,0.0,0.0,2356.300992,0.0,0.0
2035-03-26,11,0,reserve,system,2301.522545,0.0,0.0,2301.522545,0.0,0.0
2035-03-26,12,0,reserve,system,2270.740181,0.0,0.0,2270.740181,0.0,0.0
2035-03-26,13,0,reserve,system,2259.420629,0.0,0.0,2259.420629,0.0,0.0
2035-03-26,14,0,reserve,system,2261.230868,0.0,0.0,2261.230868,0.0,0.0
2035-03-26,15,0,reserve,system,2314.498333,0.0,0.0,2314.498333,0.0,0.0
2035-03-26,16,0,reserve,system,2381.986295,0.0,0.0,2381.986295,0.0,0.0
2035-03-26,17,0,reserve,system,2425.300618,0.0,0.0,2425.300618,0.0,0.0
2035-03-26,18,0,reserve,system,2471.365646,0.0,0.0,2471.365646,0.0,0.0
2035-03-26,19,0,reserve,system,2509.180848,0.0,0.0,2509.180848,0.0,0.0
2035-03-26,20,0,reserve,system,2447.262019,0.0,0.0,2447.262019,0.0,0.0
2035-03-26,21,0,reserve,system,2352.166259,0.0,0.0,2352.166259,0.0,0.0
2035-03-26,22,0,reserve,system,2273.490042,0.0,0.0,2273.490042,0.0,0.0
2035-03-26,23,0,reserve,system,2203.835706,0.0,0.0,2203.835707,0.0,0.0
2035-03-27,0,0,reserve,system,2166.752691,0.0,0.0,2166.752691,0.0,0.0
2035-03-27,1,0,reserve,system,2158.033952,0.0,0.0,2158.033952,0.0,0.0
2035-03-27,2,0,reserve,system,2163.050735,0.0,0.0,2163.050735,0.0,0.0
2035-03-27,3,0,reserve,system,2209.922638,0.0,0.0,2209.922638,0.0,0.0
2035-03-27,4,0,reserve,system,2332.71076,0.0,0.0,2332.71076,0.0,0.0
2035-03-27,5,0,reserve,system,2466.510142,0.0,0.0,2466.510142,0.0,0.0
2035-03-27,6,0,reserve,system,2491.072093,0.0,0.0,2491.072093,0.0,0.0
2035-03-27,7,0,reserve,system,2480.811044,0.0,0.0,2480.811044,0.0,0.0
2035-03-27,8,0,reserve,system,2474.735631,0.0,0.0,2474.735631,0.0,0.0
2035-03-27,9,0,reserve,system,2456.409329,0.0,0.0,2456.409329,0.0,0.0
2035-03-27,10,0,reserve,system,2419.377443,0.0,0.0,2419.377443,0.0,0.0
2035-03-27,11,0,reserve,system,2388.608611,0.0,0.0,2388.608611,0.0,0.0
2035-03-27,12,0,reserve,system,2378.4305,0.0,0.0,2378.4305,0.0,0.0
2035-03-27,13,0,reserve,system,2374.172186,0.0,0.0,2374.172186,0.0,0.0
2035-03-27,14,0,reserve,system,2371.059385,0.0,0.0,2371.059385,0.0,0.0
2035-03-27,15,0,reserve,system,2397.506208,0.0,0.0,2397.506208,0.0,0.0
2035-03-27,16,0,reserve,system,2424.956551,0.0,0.0,2424.956551,0.0,0.0
2035-03-27,17,0,reserve,system,2449.66194,0.0,0.0,2449.66194,0.0,0.0
2035-03-27,18,0,reserve,system,2461.683798,0.0,0.0,2461.683798,0.0,0.0
2035-03-27,19,0,reserve,system,2483.179286,0.0,0.0,2483.179286,0.0,0.0
2035-03-27,20,0,reserve,system,2446.103876,0.0,0.0,2446.103876,0.0,0.0
2035-03-27,21,0,reserve,system,2347.004092,0.0,0.0,2347.004092,0.0,0.0
2035-03-27,22,0,reserve,system,2248.642519,0.0,0.0,2248.642519,0.0,0.0
2035-03-27,23,0,reserve,system,2182.129087,0.0,0.0,2182.129087,0.0,0.0
2035-03-28,0,0,reserve,system,2150.389399,0.0,0.0,2150.389399,0.0,0.0
2035-03-28,1,0,reserve,system,2141.500521,0.0,0.0,2141.500521,0.0,0.0
2035-03-28,2,0,reserve,system,2136.391451,0.0,0.0,2136.391451,0.0,0.0
2035-03-28,3,0,reserve,system,2191.067565,0.0,0.0,2191.067565,0.0,0.0
2035-03-28,4,0,reserve,system,2291.92522,0.0,0.0,2291.92522,0.0,0.0
2035-03-28,5,0,reserve,system,2402.011022,0.0,0.0,2402.011022,0.0,0.0
2035-03-28,6,0,reserve,system,2447.664528,0.0,0.0,2447.664528,0.0,0.0
2035-03-28,7,0,reserve,system,2446.923259,0.0,0.0,2446.923259,0.0,0.0
2035-03-28,8,0,reserve,system,2461.161625,0.0,0.0,2461.161625,0.0,0.0
2035-03-28,9,0,reserve,system,2448.505218,0.0,0.0,2448.505218,0.0,0.0
2035-03-28,10,0,reserve,system,2431.413999,0.0,0.0,2431.413999,0.0,0.0
2035-03-28,11,0,reserve,system,2429.65569,0.0,0.0,2429.65569,0.0,0.0
2035-03-28,12,0,reserve,system,2456.91603,0.0,0.0,2456.91603,0.0,0.0
2035-03-28,13,0,reserve,system,2480.035933,0.0,0.0,2480.035933,0.0,0.0
2035-03-28,14,0,reserve,system,2511.869333,0.0,0.0,2511.869333,0.0,0.0
2035-03-28,15,0,reserve,system,2565.700409,0.0,0.0,2565.700409,0.0,0.0
2035-03-28,16,0,reserve,system,2594.843002,0.0,0.0,2594.843002,0.0,0.0
2035-03-28,17,0,reserve,system,2590.141011,0.0,0.0,2590.141011,0.0,0.0
2035-03-28,18,0,reserve,system,2590.943267,0.0,0.0,2590.943267,0.0,0.0
2035-03-28,19,0,reserve,system,2638.741247,0.0,0.0,2638.741247,0.0,0.0
2035-03-28,20,0,reserve,system,2589.641011,0.0,0.0,2589.641011,0.0,0.0
2035-03-28,21,0,reserve,system,2474.07455,0.0,0.0,2474.074549,0.0,0.0
2035-03-28,22,0,reserve,system,2343.538884,0.0,0.0,2343.538884,0.0,0.0
2035-03-28,23,0,reserve,system,2278.217536,0.0,0.0,2278.217536,0.0,0.0
2035-03-29,0,0,reserve,system,2219.38758,0.0,0.0,2219.38758,0.0,0.0
2035-03-29,1,0,reserve,system,2194.416825,0.0,0.0,2194.416825,0.0,0.0
2035-03-29,2,0,reserve,system,2197.802106,0.0,0.0,2197.802106,0.0,0.0
2035-03-29,3,0,reserve,system,2246.411656,0.0,0.0,2246.411656,0.0,0.0
2035-03-29,4,0,reserve,system,2374.266205,0.0,0.0,2374.266205,0.0,0.0
2035-03-29,5,0,reserve,system,2580.183158,0.0,0.0,2580.183158,0.0,0.0
2035-03-29,6,0,reserve,system,2634.599251,0.0,0.0,2634.599251,0.0,0.0
2035-03-29,7,0,reserve,system,2579.821024,0.0,0.0,2579.821024,0.0,0.0
2035-03-29,8,0,reserve,system,2555.616762,0.0,0.0,2555.616762,0.0,0.0
2035-03-29,9,0,reserve,system,2529.027193,0.0,0.0,2529.027193,0.0,0.0
2035-03-29,10,0,reserve,system,2471.609342,0.0,0.0,2471.609342,0.0,0.0
2035-03-29,11,0,reserve,system,2427.285151,0.0,0.0,2427.285151,0.0,0.0
2035-03-29,12,0,reserve,system,2429.458067,0.0,0.0,2429.458067,0.0,0.0
2035-03-29,13,0,reserve,system,2445.92031,0.0,0.0,2445.92031,0.0,0.0
2035-03-29,14,0,reserve,system,2466.54994,0.0,0.0,2466.54994,0.0,0.0
2035-03-29,15,0,reserve,system,2505.489171,0.0,0.0,2505.489171,0.0,0.0
2035-03-29,16,0,reserve,system,2540.804061,0.0,0.0,2540.804061,0.0,0.0
2035-03-29,17,0,reserve,system,2565.594531,0.0,0.0,2565.594531,0.0,0.0
2035-03-29,18,0,reserve,system,2585.186722,0.0,0.0,2585.186722,0.0,0.0
2035-03-29,19,0,reserve,system,2618.525166,0.0,0.0,2618.525166,0.0,0.0
2035-03-29,20,0,reserve,system,2572.971882,0.0,0.0,2572.971882,0.0,0.0
2035-03-29,21,0,reserve,system,2505.425266,0.0,0.0,2505.425266,0.0,0.0
2035-03-29,22,0,reserve,system,2423.938672,0.0,0.0,2423.938672,0.0,0.0
2035-03-29,23,0,reserve,system,2332.127612,0.0,0.0,2332.127612,0.0,0.0
2035-03-30,0,0,reserve,system,2257.607704,0.0,0.0,2257.607704,0.0,0.0
2035-03-30,1,0,reserve,system,2224.659837,0.0,0.0,2224.659837,0.0,0.0
2035-03-30,2,0,reserve,system,2207.741918,0.0,0.0,2207.741918,0.0,0.0
2035-03-30,3,0,reserve,system,2225.786422,0.0,0.0,2225.786422,0.0,0.0
2035-03-30,4,0,reserve,system,2273.874514,0.0,0.0,2273.874514,0.0,0.0
2035-03-30,5,0,reserve,system,2345.721741,0.0,0.0,2345.721741,0.0,0.0
2035-03-30,6,0,reserve,system,2397.690848,0.0,0.0,2397.690848,0.0,0.0
2035-03-30,7,0,reserve,system,2459.431222,0.0,0.0,2459.431222,0.0,0.0
2035-03-30,8,0,reserve,system,2488.321366,0.0,0.0,2488.321366,0.0,0.0
2035-03-30,9,0,reserve,system,2458.993692,0.0,0.0,2458.993692,0.0,0.0
2035-03-30,10,0,reserve,system,2412.310393,0.0,0.0,2412.310393,0.0,0.0
2035-03-30,11,0,reserve,system,2352.552251,0.0,0.0,2352.552251,0.0,0.0
2035-03-30,12,0,reserve,system,2292.3623,0.0,0.0,2292.3623,0.0,0.0
2035-03-30,13,0,reserve,system,2239.114231,0.0,0.0,2239.114231,0.0,0.0
2035-03-30,14,0,reserve,system,2195.9481,0.0,0.0,2195.9481,0.0,0.0
2035-03-30,15,0,reserve,system,2164.262873,0.0,0.0,2164.262873,0.0,0.0
2035-03-30,16,0,reserve,system,2170.161986,0.0,0.0,2170.161986,0.0,0.0
2035-03-30,17,0,reserve,system,2206.654303,0.0,0.0,2206.654303,0.0,0.0
2035-03-30,18,0,reserve,system,2308.683354,0.0,0.0,2308.683354,0.0,0.0
2035-03-30,19,0,reserve,system,2361.774847,0.0,0.0,2361.774847,0.0,0.0
2035-03-30,20,0,reserve,system,2351.038217,0.0,0.0,2351.038217,0.0,0.0
2035-03-30,21,0,reserve,system,2341.194524,0.0,0.0,2341.194524,0.0,0.0
2035-03-30,22,0,reserve,system,2325.573275,0.0,0.0,2325.573275,0.0,0.0
2035-03-30,23,0,reserve,system,2312.150881,0.0,0.0,2312.150881,0.0,0.0
2035-03-31,0,0,reserve,system,2300.243492,0.0,0.0,2300.243492,0.0,0.0
2035-03-31,1,0,reserve,system,2313.879896,0.0,0.0,2313.879896,0.0,0.0
2035-03-31,2,0,reserve,system,2328.8651,0.0,0.0,2328.8651,0.0,0.0
2035-03-31,3,0,reserve,system,2367.915654,0.0,0.0,2367.915654,0.0,0.0
2035-03-31,4,0,reserve,system,2371.805783,0.0,0.0,2371.805783,0.0,0.0
2035-03-31,5,0,reserve,system,2366.511071,0.0,0.0,2366.511071,0.0,0.0
2035-03-31,6,0,reserve,system,2438.415835,0.0,0.0,2438.415835,0.0,0.0
2035-03-31,7,0,reserve,system,2572.162709,0.0,0.0,2572.162709,0.0,0.0
2035-03-31,8,0,reserve,system,2606.780164,0.0,0.0,2606.780164,0.0,0.0
2035-03-31,9,0,reserve,system,2545.213924,0.0,0.0,2545.213924,0.0,0.0
2035-03-31,10,0,reserve,system,2419.229651,0.0,0.0,2419.229651,0.0,0.0
2035-03-31,11,0,reserve,system,2301.856658,0.0,0.0,2301.856658,0.0,0.0
2035-03-31,12,0,reserve,system,2188.448414,0.0,0.0,2188.448414,0.0,0.0
2035-03-31,13,0,reserve,system,2106.748054,0.0,0.0,2106.748055,0.0,0.0
2035-03-31,14,0,reserve,system,2057.114617,0.0,0.0,2057.114617,0.0,0.0
2035-03-31,15,0,reserve,system,2046.571981,0.0,0.0,2046.571981,0.0,0.0
2035-03-31,16,0,reserve,system,2077.076077,0.0,0.0,2077.076077,0.0,0.0
2035-03-31,17,0,reserve,system,2149.428807,0.0,0.0,2149.428807,0.0,0.0
2035-03-31,18,0,reserve,system,2281.901451,0.0,0.0,2281.901451,0.0,0.0
2035-03-31,19,0,reserve,system,2421.4906,0.0,0.0,2421.4906,0.0,0.0
2035-03-31,20,0,reserve,system,2468.490589,0.0,0.0,2468.490589,0.0,0.0
2035-03-31,21,0,reserve,system,2456.372615,0.0,0.0,2456.372615,0.0,0.0
2035-03-31,22,0,reserve,system,2423.720974,0.0,0.0,2423.720974,0.0,0.0
2035-03-31,23,0,reserve,system,2439.467578,0.0,0.0,2439.467578,0.0,0.0
2035-04-01,0,0,reserve,system,2460.282753,0.0,0.0,2460.282753,0.0,0.0
2035-04-01,1,0,reserve,system,2494.581872,0.0,0.0,2494.581872,0.0,0.0
2035-04-01,2,0,reserve,system,2538.647839,0.0,0.0,2538.647839,0.0,0.0
2035-04-01,3,0,reserve,system,2611.927764,0.0,0.0,2611.927764,0.0,0.0
2035-04-01,4,0,reserve,system,2743.24237,0.0,0.0,2743.24237,0.0,0.0
2035-04-01,5,0,reserve,system,2900.551971,0.0,0.0,2900.551971,0.0,0.0
2035-04-01,6,0,reserve,system,2938.579471,0.0,0.0,2938.579471,0.0,0.0
2035-04-01,7,0,reserve,system,2916.494447,0.0,0.0,2916.494447,0.0,0.0
2035-04-01,8,0,reserve,system,2832.349628,0.0,0.0,2832.349628,0.0,0.0
2035-04-01,9,0,reserve,system,2738.90477,0.0,0.0,2738.90477,0.0,0.0
2035-04-01,10,0,reserve,system,2631.769758,0.0,0.0,2631.769758,0.0,0.0
2035-04-01,11,0,reserve,system,2504.942675,0.0,0.0,2504.942675,0.0,0.0
2035-04-01,12,0,reserve,system,2393.373612,0.0,0.0,2393.373612,0.0,0.0
2035-04-01,13,0,reserve,system,2286.3517,0.0,0.0,2286.3517,0.0,0.0
2035-04-01,14,0,reserve,system,2214.443742,0.0,0.0,2214.443742,0.0,0.0
2035-04-01,15,0,reserve,system,2212.554209,0.0,0.0,2212.554209,0.0,0.0
2035-04-01,16,0,reserve,system,2241.622825,0.0,0.0,2241.622825,0.0,0.0
2035-04-01,17,0,reserve,system,2296.924831,0.0,0.0,2296.924831,0.0,0.0
2035-04-01,18,0,reserve,system,2401.257434,0.0,0.0,2401.257434,0.0,0.0
2035-04-01,19,0,reserve,system,2492.308148,0.0,0.0,2492.308148,0.0,0.0
2035-04-01,20,0,reserve,system,2498.581569,0.0,0.0,2498.581569,0.0,0.0
2035-04-01,21,0,reserve,system,2459.59629,0.0,0.0,2459.59629,0.0,0.0
2035-04-01,22,0,reserve,system,2439.437375,0.0,0.0,2439.437375,0.0,0.0
2035-04-01,23,0,reserve,system,2439.132511,0.0,0.0,2439.132511,0.0,0.0
2035-04-02,0,0,reserve,system,2473.383654,0.0,0.0,2473.383654,0.0,0.0
2035-04-02,1,0,reserve,system,2516.588447,0.0,0.0,2516.588447,0.0,0.0
2035-04-02,2,0,reserve,system,2566.985814,0.0,0.0,2566.985814,0.0,0.0
2035-04-02,3,0,reserve,system,2655.025385,0.0,0.0,2655.025385,0.0,0.0
2035-04-02,4,0,reserve,system,2806.346906,0.0,0.0,2806.346906,0.0,0.0
2035-04-02,5,0,reserve,system,2987.35822,0.0,0.0,2987.35822,0.0,0.0
2035-04-02,6,0,reserve,system,3000.764626,0.0,0.0,3000.764626,0.0,0.0
2035-04-02,7,0,reserve,system,2913.415966,0.0,0.0,2913.415966,0.0,0.0
2035-04-02,8,0,reserve,system,2753.558543,0.0,0.0,2753.558543,0.0,0.0
2035-04-02,9,0,reserve,system,2600.234825,0.0,0.0,2600.234825,0.0,0.0
2035-04-02,10,0,reserve,system,2483.765333,0.0,0.0,2483.765333,0.0,0.0
2035-04-02,11,0,reserve,system,2372.937616,0.0,0.0,2372.937616,0.0,0.0
2035-04-02,12,0,reserve,system,2313.50735,0.0,0.0,2313.50735,0.0,0.0
2035-04-02,13,0,reserve,system,2269.572305,0.0,0.0,2269.572305,0.0,0.0
2035-04-02,14,0,reserve,system,2246.455566,0.0,0.0,2246.455566,0.0,0.0
2035-04-02,15,0,reserve,system,2264.478495,0.0,0.0,2264.478495,0.0,0.0
2035-04-02,16,0,reserve,system,2283.575796,0.0,0.0,2283.575796,0.0,0.0
2035-04-02,17,0,reserve,system,2298.976383,0.0,0.0,2298.976384,0.0,0.0
2035-04-02,18,0,reserve,system,2363.111737,0.0,0.0,2363.111737,0.0,0.0
2035-04-02,19,0,reserve,system,2430.868744,0.0,0.0,2430.868744,0.0,0.0
2035-04-02,20,0,reserve,system,2402.289183,0.0,0.0,2402.289183,0.0,0.0
2035-04-02,21,0,reserve,system,2325.62012,0.0,0.0,2325.62012,0.0,0.0
2035-04-02,22,0,reserve,system,2251.857903,0.0,0.0,2251.857903,0.0,0.0
2035-04-02,23,0,reserve,system,2207.174454,0.0,0.0,2207.174454,0.0,0.0
2035-04-03,0,0,reserve,system,2195.858752,0.0,0.0,2195.858752,0.0,0.0
2035-04-03,1,0,reserve,system,2213.644898,0.0,0.0,2213.644898,0.0,0.0
2035-04-03,2,0,reserve,system,2238.753598,0.0,0.0,2238.753598,0.0,0.0
2035-04-03,3,0,reserve,system,2304.122512,0.0,0.0,2304.122512,0.0,0.0
2035-04-03,4,0,reserve,system,2414.939511,0.0,0.0,2414.939511,0.0,0.0
2035-04-03,5,0,reserve,system,2548.563271,0.0,0.0,2548.563271,0.0,0.0
2035-04-03,6,0,reserve,system,2575.90591,0.0,0.0,2575.90591,0.0,0.0
2035-04-03,7,0,reserve,system,2550.641353,0.0,0.0,2550.641353,0.0,0.0
2035-04-03,8,0,reserve,system,2484.608785,0.0,0.0,2484.608785,0.0,0.0
2035-04-03,9,0,reserve,system,2414.006482,0.0,0.0,2414.006482,0.0,0.0
2035-04-03,10,0,reserve,system,2346.760005,0.0,0.0,2346.760005,0.0,0.0
2035-04-03,11,0,reserve,system,2287.320086,0.0,0.0,2287.320086,0.0,0.0
2035-04-03,12,0,reserve,system,2238.711396,0.0,0.0,2238.711396,0.0,0.0
2035-04-03,13,0,reserve,system,2209.520892,0.0,0.0,2209.520892,0.0,0.0
2035-04-03,14,0,reserve,system,2203.533284,0.0,0.0,2203.533284,0.0,0.0
2035-04-03,15,0,reserve,system,2198.604513,0.0,0.0,2198.604513,0.0,0.0
2035-04-03,16,0,reserve,system,2220.056519,0.0,0.0,2220.056519,0.0,0.0
2035-04-03,17,0,reserve,system,2287.256178,0.0,0.0,2287.256178,0.0,0.0
2035-04-03,18,0,reserve,system,2368.917994,0.0,0.0,2368.917994,0.0,0.0
2035-04-03,19,0,reserve,system,2425.157226,0.0,0.0,2425.157226,0.0,0.0
2035-04-03,20,0,reserve,system,2378.395009,0.0,0.0,2378.395009,0.0,0.0
2035-04-03,21,0,reserve,system,2301.577135,0.0,0.0,2301.577135,0.0,0.0
2035-04-03,22,0,reserve,system,2241.682941,0.0,0.0,2241.682941,0.0,0.0
2035-04-03,23,0,reserve,system,2185.274158,0.0,0.0,2185.274158,0.0,0.0
2035-04-04,0,0,reserve,system,2152.830538,0.0,0.0,2152.830538,0.0,0.0
2035-04-04,1,0,reserve,system,2146.83041,0.0,0.0,2146.83041,0.0,0.0
2035-04-04,2,0,reserve,system,2152.530457,0.0,0.0,2152.530457,0.0,0.0
2035-04-04,3,0,reserve,system,2198.572024,0.0,0.0,2198.572024,0.0,0.0
2035-04-04,4,0,reserve,system,2307.840969,0.0,0.0,2307.840969,0.0,0.0
2035-04-04,5,0,reserve,system,2438.69471,0.0,0.0,2438.69471,0.0,0.0
2035-04-04,6,0,reserve,system,2469.781959,0.0,0.0,2469.781959,0.0,0.0
2035-04-04,7,0,reserve,system,2476.131816,0.0,0.0,2476.131816,0.0,0.0
2035-04-04,8,0,reserve,system,2462.747032,0.0,0.0,2462.747032,0.0,0.0
2035-04-04,9,0,reserve,system,2441.979143,0.0,0.0,2441.979143,0.0,0.0
2035-04-04,10,0,reserve,system,2434.073363,0.0,0.0,2434.073363,0.0,0.0
2035-04-04,11,0,reserve,system,2433.79071,0.0,0.0,2433.79071,0.0,0.0
2035-04-04,12,0,reserve,system,2459.403538,0.0,0.0,2459.403538,0.0,0.0
2035-04-04,13,0,reserve,system,2515.069874,0.0,0.0,2515.069874,0.0,0.0
2035-04-04,14,0,reserve,system,2580.650833,0.0,0.0,2580.650833,0.0,0.0
2035-04-04,15,0,reserve,system,2695.578737,0.0,0.0,2695.578737,0.0,0.0
2035-04-04,16,0,reserve,system,2781.874435,0.0,0.0,2781.874435,0.0,0.0
2035-04-04,17,0,reserve,system,2850.542798,0.0,0.0,2850.542798,0.0,0.0
2035-04-04,18,0,reserve,system,2899.272558,0.0,0.0,2899.272558,0.0,0.0
2035-04-04,19,0,reserve,system,2926.133692,0.0,0.0,2926.133692,0.0,0.0
2035-04-04,20,0,reserve,system,2837.028367,0.0,0.0,2837.028367,0.0,0.0
2035-04-04,21,0,reserve,system,2668.334618,0.0,0.0,2668.334618,0.0,0.0
2035-04-04,22,0,reserve,system,2508.237699,0.0,0.0,2508.237699,0.0,0.0
2035-04-04,23,0,reserve,system,2412.457332,0.0,0.0,2412.457332,0.0,0.0
2035-04-05,0,0,reserve,system,2335.685485,0.0,0.0,2335.685485,0.0,0.0
2035-04-05,1,0,reserve,system,2285.18454,0.0,0.0,2285.18454,0.0,0.0
2035-04-05,2,0,reserve,system,2271.747566,0.0,0.0,2271.747566,0.0,0.0
2035-04-05,3,0,reserve,system,2306.989012,0.0,0.0,2306.989012,0.0,0.0
2035-04-05,4,0,reserve,system,2421.861716,0.0,0.0,2421.861716,0.0,0.0
2035-04-05,5,0,reserve,system,2610.892637,0.0,0.0,2610.892637,0.0,0.0
2035-04-05,6,0,reserve,system,2641.942241,0.0,0.0,2641.942241,0.0,0.0
2035-04-05,7,0,reserve,system,2600.412827,0.0,0.0,2600.412827,0.0,0.0
2035-04-05,8,0,reserve,system,2588.405364,0.0,0.0,2588.405364,0.0,0.0
2035-04-05,9,0,reserve,system,2583.181414,0.0,0.0,2583.181414,0.0,0.0
2035-04-05,10,0,reserve,system,2594.098239,0.0,0.0,2594.098239,0.0,0.0
2035-04-05,11,0,reserve,system,2608.855201,0.0,0.0,2608.855201,0.0,0.0
2035-04-05,12,0,reserve,system,2644.236358,0.0,0.0,2644.236358,0.0,0.0
2035-04-05,13,0,reserve,system,2705.896192,0.0,0.0,2705.896192,0.0,0.0
2035-04-05,14,0,reserve,system,2763.069165,0.0,0.0,2763.069165,0.0,0.0
2035-04-05,15,0,reserve,system,2807.088668,0.0,0.0,2807.088668,0.0,0.0
2035-04-05,16,0,reserve,system,2829.258048,0.0,0.0,2829.258048,0.0,0.0
2035-04-05,17,0,reserve,system,2823.222415,0.0,0.0,2823.222415,0.0,0.0
2035-04-05,18,0,reserve,system,2812.368005,0.0,0.0,2812.368005,0.0,0.0
2035-04-05,19,0,reserve,system,2801.419177,0.0,0.0,2801.419177,0.0,0.0
2035-04-05,20,0,reserve,system,2745.07072,0.0,0.0,2745.07072,0.0,0.0
2035-04-05,21,0,reserve,system,2675.930241,0.0,0.0,2675.930241,0.0,0.0
2035-04-05,22,0,reserve,system,2593.432658,0.0,0.0,2593.432658,0.0,0.0
2035-04-05,23,0,reserve,system,2487.780573,0.0,0.0,2487.780573,0.0,0.0
2035-04-06,0,0,reserve,system,2413.27396,0.0,0.0,2413.27396,0.0,0.0
2035-04-06,1,0,reserve,system,2379.964807,0.0,0.0,2379.964807,0.0,0.0
2035-04-06,2,0,reserve,system,2348.755157,0.0,0.0,2348.755157,0.0,0.0
2035-04-06,3,0,reserve,system,2351.764994,0.0,0.0,2351.764994,0.0,0.0
2035-04-06,4,0,reserve,system,2392.344878,0.0,0.0,2392.344878,0.0,0.0
2035-04-06,5,0,reserve,system,2443.298167,0.0,0.0,2443.298167,0.0,0.0
2035-04-06,6,0,reserve,system,2501.055134,0.0,0.0,2501.055134,0.0,0.0
2035-04-06,7,0,reserve,system,2568.601622,0.0,0.0,2568.601622,0.0,0.0
2035-04-06,8,0,reserve,system,2607.981662,0.0,0.0,2607.981662,0.0,0.0
2035-04-06,9,0,reserve,system,2638.463205,0.0,0.0,2638.463205,0.0,0.0
2035-04-06,10,0,reserve,system,2605.059978,0.0,0.0,2605.059978,0.0,0.0
2035-04-06,11,0,reserve,system,2548.97572,0.0,0.0,2548.97572,0.0,0.0
2035-04-06,12,0,reserve,system,2501.641347,0.0,0.0,2501.641347,0.0,0.0
2035-04-06,13,0,reserve,system,2487.022828,0.0,0.0,2487.022828,0.0,0.0
2035-04-06,14,0,reserve,system,2480.583881,0.0,0.0,2480.583881,0.0,0.0
2035-04-06,15,0,reserve,system,2481.79556,0.0,0.0,2481.79556,0.0,0.0
2035-04-06,16,0,reserve,system,2482.975751,0.0,0.0,2482.975751,0.0,0.0
2035-04-06,17,0,reserve,system,2489.559902,0.0,0.0,2489.559902,0.0,0.0
2035-04-06,18,0,reserve,system,2507.657666,0.0,0.0,2507.657666,0.0,0.0
2035-04-06,19,0,reserve,system,2509.645842,0.0,0.0,2509.645842,0.0,0.0
2035-04-06,20,0,reserve,system,2482.025783,0.0,0.0,2482.025783,0.0,0.0
2035-04-06,21,0,reserve,system,2473.943202,0.0,0.0,2473.943202,0.0,0.0
2035-04-06,22,0,reserve,system,2459.986288,0.0,0.0,2459.986288,0.0,0.0
2035-04-06,23,0,reserve,system,2396.678382,0.0,0.0,2396.678382,0.0,0.0
2035-04-07,0,0,reserve,system,2347.017823,0.0,0.0,2347.017823,0.0,0.0
2035-04-07,1,0,reserve,system,2314.750293,0.0,0.0,2314.750293,0.0,0.0
2035-04-07,2,0,reserve,system,2291.148523,0.0,0.0,2291.148523,0.0,0.0
2035-04-07,3,0,reserve,system,2279.417501,0.0,0.0,2279.417501,0.0,0.0
2035-04-07,4,0,reserve,system,2238.572182,0.0,0.0,2238.572182,0.0,0.0
2035-04-07,5,0,reserve,system,2154.460473,0.0,0.0,2154.460473,0.0,0.0
2035-04-07,6,0,reserve,system,2135.528001,0.0,0.0,2135.528001,0.0,0.0
2035-04-07,7,0,reserve,system,2227.51503,0.0,0.0,2227.51503,0.0,0.0
2035-04-07,8,0,reserve,system,2288.20762,0.0,0.0,2288.20762,0.0,0.0
2035-04-07,9,0,reserve,system,2307.056536,0.0,0.0,2307.056536,0.0,0.0
2035-04-07,10,0,reserve,system,2285.85376,0.0,0.0,2285.85376,0.0,0.0
2035-04-07,11,0,reserve,system,2274.577375,0.0,0.0,2274.577375,0.0,0.0
2035-04-07,12,0,reserve,system,2241.89577,0.0,0.0,2241.89577,0.0,0.0
2035-04-07,13,0,reserve,system,2198.660536,0.0,0.0,2198.660536,0.0,0.0
2035-04-07,14,0,reserve,system,2183.940831,0.0,0.0,2183.940831,0.0,0.0
2035-04-07,15,0,reserve,system,2186.222524,0.0,0.0,2186.222524,0.0,0.0
2035-04-07,16,0,reserve,system,2217.075044,0.0,0.0,2217.075044,0.0,0.0
2035-04-07,17,0,reserve,system,2258.348846,0.0,0.0,2258.348846,0.0,0.0
2035-04-07,18,0,reserve,system,2305.008826,0.0,0.0,2305.008826,0.0,0.0
2035-04-07,19,0,reserve,system,2343.909653,0.0,0.0,2343.909653,0.0,0.0
2035-04-07,20,0,reserve,system,2308.433704,0.0,0.0,2308.433704,0.0,0.0
2035-04-07,21,0,reserve,system,2232.113942,0.0,0.0,2232.113942,0.0,0.0
2035-04-07,22,0,reserve,system,2156.965158,0.0,0.0,2156.965158,0.0,0.0
2035-04-07,23,0,reserve,system,2114.643747,0.0,0.0,2114.643747,0.0,0.0
2035-04-08,0,0,reserve,system,2067.622221,0.0,0.0,2067.622221,0.0,0.0
2035-04-08,1,0,reserve,system,2050.596202,0.0,0.0,2050.596202,0.0,0.0
2035-04-08,2,0,reserve,system,2050.975861,0.0,0.0,2050.975861,0.0,0.0
2035-04-08,3,0,reserve,system,2089.041515,0.0,0.0,2089.041515,0.0,0.0
2035-04-08,4,0,reserve,system,2184.612044,0.0,0.0,2184.612044,0.0,0.0
2035-04-08,5,0,reserve,system,2313.214359,0.0,0.0,2313.214359,0.0,0.0
2035-04-08,6,0,reserve,system,2356.188047,0.0,0.0,2356.188047,0.0,0.0
2035-04-08,7,0,reserve,system,2376.211098,0.0,0.0,2376.211098,0.0,0.0
2035-04-08,8,0,reserve,system,2383.659431,0.0,0.0,2383.659431,0.0,0.0
2035-04-08,9,0,reserve,system,2390.759265,0.0,0.0,2390.759265,0.0,0.0
2035-04-08,10,0,reserve,system,2392.311575,0.0,0.0,2392.311574,0.0,0.0
2035-04-08,11,0,reserve,system,2412.351181,0.0,0.0,2412.351181,0.0,0.0
2035-04-08,12,0,reserve,system,2448.096209,0.0,0.0,2448.096209,0.0,0.0
2035-04-08,13,0,reserve,system,2486.128667,0.0,0.0,2486.128667,0.0,0.0
2035-04-08,14,0,reserve,system,2526.408841,0.0,0.0,2526.408841,0.0,0.0
2035-04-08,15,0,reserve,system,2575.513597,0.0,0.0,2575.513597,0.0,0.0
2035-04-08,16,0,reserve,system,2651.215131,0.0,0.0,2651.215131,0.0,0.0
2035-04-08,17,0,reserve,system,2702.535721,0.0,0.0,2702.535721,0.0,0.0
2035-04-08,18,0,reserve,system,2706.579623,0.0,0.0,2706.579623,0.0,0.0
2035-04-08,19,0,reserve,system,2693.894453,0.0,0.0,2693.894453,0.0,0.0
2035-04-08,20,0,reserve,system,2602.30865,0.0,0.0,2602.30865,0.0,0.0
2035-04-08,21,0,reserve,system,2472.447232,0.0,0.0,2472.447232,0.0,0.0
2035-04-08,22,0,reserve,system,2352.329945,0.0,0.0,2352.329945,0.0,0.0
2035-04-08,23,0,reserve,system,2261.075288,0.0,0.0,2261.075288,0.0,0.0
2035-04-09,0,0,reserve,system,2192.249885,0.0,0.0,2192.249885,0.0,0.0
2035-04-09,1,0,reserve,system,2150.853012,0.0,0.0,2150.853012,0.0,0.0
2035-04-09,2,0,reserve,system,2140.66876,0.0,0.0,2140.66876,0.0,0.0
2035-04-09,3,0,reserve,system,2149.042956,0.0,0.0,2149.042956,0.0,0.0
2035-04-09,4,0,reserve,system,2222.65575,0.0,0.0,2222.65575,0.0,0.0
2035-04-09,5,0,reserve,system,2328.903849,0.0,0.0,2328.903849,0.0,0.0
2035-04-09,6,0,reserve,system,2346.832572,0.0,0.0,2346.832572,0.0,0.0
2035-04-09,7,0,reserve,system,2381.995987,0.0,0.0,2381.995987,0.0,0.0
2035-04-09,8,0,reserve,system,2424.932874,0.0,0.0,2424.932874,0.0,0.0
2035-04-09,9,0,reserve,system,2470.231553,0.0,0.0,2470.231553,0.0,0.0
2035-04-09,10,0,reserve,system,2558.643933,0.0,0.0,2558.643933,0.0,0.0
2035-04-09,11,0,reserve,system,2644.057293,0.0,0.0,2644.057293,0.0,0.0
2035-04-09,12,0,reserve,system,2752.407399,0.0,0.0,2752.407399,0.0,0.0
2035-04-09,13,0,reserve,system,2847.335684,0.0,0.0,2847.335684,0.0,0.0
2035-04-09,14,0,reserve,system,2956.154064,0.0,0.0,2956.154064,0.0,0.0
2035-04-09,15,0,reserve,system,3059.580128,0.0,0.0,3059.580128,0.0,0.0
2035-04-09,16,0,reserve,system,3122.38486,0.0,0.0,3122.38486,0.0,0.0
2035-04-09,17,0,reserve,system,3124.141714,0.0,0.0,3124.141714,0.0,0.0
2035-04-09,18,0,reserve,system,3038.420007,0.0,0.0,3038.420007,0.0,0.0
2035-04-09,19,0,reserve,system,2967.378498,0.0,0.0,2967.378498,0.0,0.0
2035-04-09,20,0,reserve,system,2846.199515,0.0,0.0,2846.199515,0.0,0.0
2035-04-09,21,0,reserve,system,2703.21922,0.0,0.0,2703.219221,0.0,0.0
2035-04-09,22,0,reserve,system,2533.988949,0.0,0.0,2533.988949,0.0,0.0
2035-04-09,23,0,reserve,system,2412.482025,0.0,0.0,2412.482025,0.0,0.0
2035-04-10,0,0,reserve,system,2330.79863,0.0,0.0,2330.79863,0.0,0.0
2035-04-10,1,0,reserve,system,2285.517453,0.0,0.0,2285.517453,0.0,0.0
2035-04-10,2,0,reserve,system,2282.951975,0.0,0.0,2282.951975,0.0,0.0
2035-04-10,3,0,reserve,system,2335.488492,0.0,0.0,2335.488492,0.0,0.0
2035-04-10,4,0,reserve,system,2419.591274,0.0,0.0,2419.591274,0.0,0.0
2035-04-10,5,0,reserve,system,2509.176524,0.0,0.0,2509.176524,0.0,0.0
2035-04-10,6,0,reserve,system,2513.785771,0.0,0.0,2513.785771,0.0,0.0
2035-04-10,7,0,reserve,system,2544.720629,0.0,0.0,2544.720629,0.0,0.0
2035-04-10,8,0,reserve,system,2575.122271,0.0,0.0,2575.122271,0.0,0.0
2035-04-10,9,0,reserve,system,2601.536238,0.0,0.0,2601.536238,0.0,0.0
2035-04-10,10,0,reserve,system,2641.809196,0.0,0.0,2641.809196,0.0,0.0
2035-04-10,11,0,reserve,system,2690.161398,0.0,0.0,2690.161398,0.0,0.0
2035-04-10,12,0,reserve,system,2756.815172,0.0,0.0,2756.815172,0.0,0.0
2035-04-10,13,0,reserve,system,2812.135099,0.0,0.0,2812.135099,0.0,0.0
2035-04-10,14,0,reserve,system,2874.443291,0.0,0.0,2874.443291,0.0,0.0
2035-04-10,15,0,reserve,system,2953.876079,0.0,0.0,2953.876079,0.0,0.0
2035-04-10,16,0,reserve,system,2998.420869,0.0,0.0,2998.420869,0.0,0.0
2035-04-10,17,0,reserve,system,3037.444942,0.0,0.0,3037.444942,0.0,0.0
2035-04-10,18,0,reserve,system,3017.754628,0.0,0.0,3017.754628,0.0,0.0
2035-04-10,19,0,reserve,system,3004.1509,0.0,0.0,3004.1509,0.0,0.0
2035-04-10,20,0,reserve,system,2907.83968,0.0,0.0,2907.83968,0.0,0.0
2035-04-10,21,0,reserve,system,2779.520812,0.0,0.0,2779.520812,0.0,0.0
2035-04-10,22,0,reserve,system,2621.666988,0.0,0.0,2621.666988,0.0,0.0
2035-04-10,23,0,reserve,system,2507.266262,0.0,0.0,2507.266262,0.0,0.0
2035-04-11,0,0,reserve,system,2415.037952,0.0,0.0,2415.037952,0.0,0.0
2035-04-11,1,0,reserve,system,2367.740194,0.0,0.0,2367.740194,0.0,0.0
2035-04-11,2,0,reserve,system,2347.63455,0.0,0.0,2347.63455,0.0,0.0
2035-04-11,3,0,reserve,system,2363.93651,0.0,0.0,2363.93651,0.0,0.0
2035-04-11,4,0,reserve,system,2432.18543,0.0,0.0,2432.18543,0.0,0.0
2035-04-11,5,0,reserve,system,2526.826732,0.0,0.0,2526.826732,0.0,0.0
2035-04-11,6,0,reserve,system,2530.915656,0.0,0.0,2530.915656,0.0,0.0
2035-04-11,7,0,reserve,system,2541.041787,0.0,0.0,2541.041787,0.0,0.0
2035-04-11,8,0,reserve,system,2547.386179,0.0,0.0,2547.386179,0.0,0.0
2035-04-11,9,0,reserve,system,2526.875482,0.0,0.0,2526.875482,0.0,0.0
2035-04-11,10,0,reserve,system,2491.09951,0.0,0.0,2491.09951,0.0,0.0
2035-04-11,11,0,reserve,system,2454.512908,0.0,0.0,2454.512908,0.0,0.0
2035-04-11,12,0,reserve,system,2428.692084,0.0,0.0,2428.692084,0.0,0.0
2035-04-11,13,0,reserve,system,2405.400248,0.0,0.0,2405.400248,0.0,0.0
2035-04-11,14,0,reserve,system,2421.961383,0.0,0.0,2421.961383,0.0,0.0
2035-04-11,15,0,reserve,system,2474.17245,0.0,0.0,2474.17245,0.0,0.0
2035-04-11,16,0,reserve,system,2527.5932,0.0,0.0,2527.5932,0.0,0.0
2035-04-11,17,0,reserve,system,2579.152597,0.0,0.0,2579.152597,0.0,0.0
2035-04-11,18,0,reserve,system,2629.414707,0.0,0.0,2629.414707,0.0,0.0
2035-04-11,19,0,reserve,system,2694.543064,0.0,0.0,2694.543064,0.0,0.0
2035-04-11,20,0,reserve,system,2648.254004,0.0,0.0,2648.254004,0.0,0.0
2035-04-11,21,0,reserve,system,2513.118546,0.0,0.0,2513.118546,0.0,0.0
2035-04-11,22,0,reserve,system,2395.018603,0.0,0.0,2395.018603,0.0,0.0
2035-04-11,23,0,reserve,system,2293.470267,0.0,0.0,2293.470267,0.0,0.0
2035-04-12,0,0,reserve,system,2249.848124,0.0,0.0,2249.848124,0.0,0.0
2035-04-12,1,0,reserve,system,2237.275513,0.0,0.0,2237.275513,0.0,0.0
2035-04-12,2,0,reserve,system,2242.853217,0.0,0.0,2242.853217,0.0,0.0
2035-04-12,3,0,reserve,system,2297.339373,0.0,0.0,2297.339373,0.0,0.0
2035-04-12,4,0,reserve,system,2437.87741,0.0,0.0,2437.87741,0.0,0.0
2035-04-12,5,0,reserve,system,2668.080097,0.0,0.0,2668.080097,0.0,0.0
2035-04-12,6,0,reserve,system,2722.727136,0.0,0.0,2722.727136,0.0,0.0
2035-04-12,7,0,reserve,system,2645.208546,0.0,0.0,2645.208546,0.0,0.0
2035-04-12,8,0,reserve,system,2584.018926,0.0,0.0,2584.018926,0.0,0.0
2035-04-12,9,0,reserve,system,2522.865422,0.0,0.0,2522.865422,0.0,0.0
2035-04-12,10,0,reserve,system,2487.055373,0.0,0.0,2487.055373,0.0,0.0
2035-04-12,11,0,reserve,system,2440.434531,0.0,0.0,2440.434531,0.0,0.0
2035-04-12,12,0,reserve,system,2439.955225,0.0,0.0,2439.955225,0.0,0.0
2035-04-12,13,0,reserve,system,2443.930335,0.0,0.0,2443.930335,0.0,0.0
2035-04-12,14,0,reserve,system,2470.059128,0.0,0.0,2470.059128,0.0,0.0
2035-04-12,15,0,reserve,system,2528.274329,0.0,0.0,2528.274329,0.0,0.0
2035-04-12,16,0,reserve,system,2557.006017,0.0,0.0,2557.006017,0.0,0.0
2035-04-12,17,0,reserve,system,2597.809566,0.0,0.0,2597.809566,0.0,0.0
2035-04-12,18,0,reserve,system,2654.854199,0.0,0.0,2654.854199,0.0,0.0
2035-04-12,19,0,reserve,system,2694.768058,0.0,0.0,2694.768058,0.0,0.0
2035-04-12,20,0,reserve,system,2670.349478,0.0,0.0,2670.349478,0.0,0.0
2035-04-12,21,0,reserve,system,2613.086588,0.0,0.0,2613.086588,0.0,0.0
2035-04-12,22,0,reserve,system,2533.118795,0.0,0.0,2533.118795,0.0,0.0
2035-04-12,23,0,reserve,system,2444.530712,0.0,0.0,2444.530712,0.0,0.0
2035-04-13,0,0,reserve,system,2369.754611,0.0,0.0,2369.754611,0.0,0.0
2035-04-13,1,0,reserve,system,2336.366913,0.0,0.0,2336.366913,0.0,0.0
2035-04-13,2,0,reserve,system,2317.363601,0.0,0.0,2317.363601,0.0,0.0
2035-04-13,3,0,reserve,system,2330.599968,0.0,0.0,2330.599968,0.0,0.0
2035-04-13,4,0,reserve,system,2364.916103,0.0,0.0,2364.916103,0.0,0.0
2035-04-13,5,0,reserve,system,2413.337442,0.0,0.0,2413.337442,0.0,0.0
2035-04-13,6,0,reserve,system,2478.848395,0.0,0.0,2478.848395,0.0,0.0
2035-04-13,7,0,reserve,system,2555.52146,0.0,0.0,2555.52146,0.0,0.0
2035-04-13,8,0,reserve,system,2646.789689,0.0,0.0,2646.789689,0.0,0.0
2035-04-13,9,0,reserve,system,2711.477805,0.0,0.0,2711.477805,0.0,0.0
2035-04-13,10,0,reserve,system,2716.243426,0.0,0.0,2716.243426,0.0,0.0
2035-04-13,11,0,reserve,system,2676.80882,0.0,0.0,2676.80882,0.0,0.0
2035-04-13,12,0,reserve,system,2645.015672,0.0,0.0,2645.015672,0.0,0.0
2035-04-13,13,0,reserve,system,2588.354314,0.0,0.0,2588.354314,0.0,0.0
2035-04-13,14,0,reserve,system,2501.814964,0.0,0.0,2501.814964,0.0,0.0
2035-04-13,15,0,reserve,system,2494.265119,0.0,0.0,2494.265119,0.0,0.0
2035-04-13,16,0,reserve,system,2549.312624,0.0,0.0,2549.312624,0.0,0.0
2035-04-13,17,0,reserve,system,2560.652295,0.0,0.0,2560.652295,0.0,0.0
2035-04-13,18,0,reserve,system,2559.440714,0.0,0.0,2559.440714,0.0,0.0
2035-04-13,19,0,reserve,system,2553.266744,0.0,0.0,2553.266744,0.0,0.0
2035-04-13,20,0,reserve,system,2513.581967,0.0,0.0,2513.581967,0.0,0.0
2035-04-13,21,0,reserve,system,2489.962337,0.0,0.0,2489.962337,0.0,0.0
2035-04-13,22,0,reserve,system,2479.064808,0.0,0.0,2479.064808,0.0,0.0
2035-04-13,23,0,reserve,system,2431.221904,0.0,0.0,2431.221904,0.0,0.0
2035-04-14,0,0,reserve,system,2397.460966,0.0,0.0,2397.460966,0.0,0.0
2035-04-14,1,0,reserve,system,2374.035525,0.0,0.0,2374.035525,0.0,0.0
2035-04-14,2,0,reserve,system,2353.955383,0.0,0.0,2353.955383,0.0,0.0
2035-04-14,3,0,reserve,system,2342.0681,0.0,0.0,2342.0681,0.0,0.0
2035-04-14,4,0,reserve,system,2313.307922,0.0,0.0,2313.307922,0.0,0.0
2035-04-14,5,0,reserve,system,2246.849078,0.0,0.0,2246.849078,0.0,0.0
2035-04-14,6,0,reserve,system,2271.606952,0.0,0.0,2271.606952,0.0,0.0
2035-04-14,7,0,reserve,system,2374.775317,0.0,0.0,2374.775317,0.0,0.0
2035-04-14,8,0,reserve,system,2396.973227,0.0,0.0,2396.973227,0.0,0.0
2035-04-14,9,0,reserve,system,2344.329065,0.0,0.0,2344.329065,0.0,0.0
2035-04-14,10,0,reserve,system,2236.027893,0.0,0.0,2236.027893,0.0,0.0
2035-04-14,11,0,reserve,system,2167.86176,0.0,0.0,2167.86176,0.0,0.0
2035-04-14,12,0,reserve,system,2114.091033,0.0,0.0,2114.091033,0.0,0.0
2035-04-14,13,0,reserve,system,2066.193719,0.0,0.0,2066.193719,0.0,0.0
2035-04-14,14,0,reserve,system,2057.607274,0.0,0.0,2057.607274,0.0,0.0
2035-04-14,15,0,reserve,system,2111.891814,0.0,0.0,2111.891814,0.0,0.0
2035-04-14,16,0,reserve,system,2197.996297,0.0,0.0,2197.996297,0.0,0.0
2035-04-14,17,0,reserve,system,2288.575592,0.0,0.0,2288.575592,0.0,0.0
2035-04-14,18,0,reserve,system,2366.218299,0.0,0.0,2366.218299,0.0,0.0
2035-04-14,19,0,reserve,system,2420.964059,0.0,0.0,2420.964059,0.0,0.0
2035-04-14,20,0,reserve,system,2429.462932,0.0,0.0,2429.462932,0.0,0.0
2035-04-14,21,0,reserve,system,2383.958347,0.0,0.0,2383.958347,0.0,0.0
2035-04-14,22,0,reserve,system,2311.29368,0.0,0.0,2311.29368,0.0,0.0
2035-04-14,23,0,reserve,system,2231.338022,0.0,0.0,2231.338022,0.0,0.0
2035-04-15,0,0,reserve,system,2182.05814,0.0,0.0,2182.05814,0.0,0.0
2035-04-15,1,0,reserve,system,2167.346208,0.0,0.0,2167.346208,0.0,0.0
2035-04-15,2,0,reserve,system,2168.736823,0.0,0.0,2168.736823,0.0,0.0
2035-04-15,3,0,reserve,system,2204.540126,0.0,0.0,2204.540126,0.0,0.0
2035-04-15,4,0,reserve,system,2310.226821,0.0,0.0,2310.226821,0.0,0.0
2035-04-15,5,0,reserve,system,2437.930591,0.0,0.0,2437.930591,0.0,0.0
2035-04-15,6,0,reserve,system,2470.387031,0.0,0.0,2470.387031,0.0,0.0
2035-04-15,7,0,reserve,system,2486.342347,0.0,0.0,2486.342347,0.0,0.0
2035-04-15,8,0,reserve,system,2447.218608,0.0,0.0,2447.218608,0.0,0.0
2035-04-15,9,0,reserve,system,2394.865424,0.0,0.0,2394.865424,0.0,0.0
2035-04-15,10,0,reserve,system,2351.474664,0.0,0.0,2351.474664,0.0,0.0
2035-04-15,11,0,reserve,system,2325.119529,0.0,0.0,2325.119529,0.0,0.0
2035-04-15,12,0,reserve,system,2333.743545,0.0,0.0,2333.743545,0.0,0.0
2035-04-15,13,0,reserve,system,2358.112577,0.0,0.0,2358.112577,0.0,0.0
2035-04-15,14,0,reserve,system,2405.464517,0.0,0.0,2405.464517,0.0,0.0
2035-04-15,15,0,reserve,system,2481.813376,0.0,0.0,2481.813376,0.0,0.0
2035-04-15,16,0,reserve,system,2564.059833,0.0,0.0,2564.059833,0.0,0.0
2035-04-15,17,0,reserve,system,2634.399016,0.0,0.0,2634.399016,0.0,0.0
2035-04-15,18,0,reserve,system,2672.006462,0.0,0.0,2672.006462,0.0,0.0
2035-04-15,19,0,reserve,system,2698.0948,0.0,0.0,2698.0948,0.0,0.0
2035-04-15,20,0,reserve,system,2653.7229,0.0,0.0,2653.7229,0.0,0.0
2035-04-15,21,0,reserve,system,2552.150735,0.0,0.0,2552.150735,0.0,0.0
2035-04-15,22,0,reserve,system,2448.24343,0.0,0.0,2448.24343,0.0,0.0
2035-04-15,23,0,reserve,system,2349.119965,0.0,0.0,2349.119965,0.0,0.0
2035-04-16,0,0,reserve,system,2284.198456,0.0,0.0,2284.198456,0.0,0.0
2035-04-16,1,0,reserve,system,2248.13321,0.0,0.0,2248.13321,0.0,0.0
2035-04-16,2,0,reserve,system,2240.585411,0.0,0.0,2240.585411,0.0,0.0
2035-04-16,3,0,reserve,system,2256.922271,0.0,0.0,2256.922271,0.0,0.0
2035-04-16,4,0,reserve,system,2335.288482,0.0,0.0,2335.288482,0.0,0.0
2035-04-16,5,0,reserve,system,2454.967083,0.0,0.0,2454.967083,0.0,0.0
2035-04-16,6,0,reserve,system,2483.426799,0.0,0.0,2483.426799,0.0,0.0
2035-04-16,7,0,reserve,system,2508.31376,0.0,0.0,2508.31376,0.0,0.0
2035-04-16,8,0,reserve,system,2503.603574,0.0,0.0,2503.603574,0.0,0.0
2035-04-16,9,0,reserve,system,2485.527066,0.0,0.0,2485.527066,0.0,0.0
2035-04-16,10,0,reserve,system,2492.821713,0.0,0.0,2492.821713,0.0,0.0
2035-04-16,11,0,reserve,system,2473.46668,0.0,0.0,2473.46668,0.0,0.0
2035-04-16,12,0,reserve,system,2487.122204,0.0,0.0,2487.122204,0.0,0.0
2035-04-16,13,0,reserve,system,2499.696143,0.0,0.0,2499.696143,0.0,0.0
2035-04-16,14,0,reserve,system,2509.314663,0.0,0.0,2509.314663,0.0,0.0
2035-04-16,15,0,reserve,system,2545.699957,0.0,0.0,2545.699957,0.0,0.0
2035-04-16,16,0,reserve,system,2576.597218,0.0,0.0,2576.597218,0.0,0.0
2035-04-16,17,0,reserve,system,2624.224165,0.0,0.0,2624.224165,0.0,0.0
2035-04-16,18,0,reserve,system,2698.092877,0.0,0.0,2698.092877,0.0,0.0
2035-04-16,19,0,reserve,system,2746.734577,0.0,0.0,2746.734577,0.0,0.0
2035-04-16,20,0,reserve,system,2705.9767,0.0,0.0,2705.9767,0.0,0.0
2035-04-16,21,0,reserve,system,2626.314301,0.0,0.0,2626.314301,0.0,0.0
2035-04-16,22,0,reserve,system,2534.83221,0.0,0.0,2534.83221,0.0,0.0
2035-04-16,23,0,reserve,system,2454.593301,0.0,0.0,2454.593301,0.0,0.0
2035-04-17,0,0,reserve,system,2393.912712,0.0,0.0,2393.912712,0.0,0.0
2035-04-17,1,0,reserve,system,2378.32292,0.0,0.0,2378.32292,0.0,0.0
2035-04-17,2,0,reserve,system,2364.124934,0.0,0.0,2364.124934,0.0,0.0
2035-04-17,3,0,reserve,system,2404.369465,0.0,0.0,2404.369465,0.0,0.0
2035-04-17,4,0,reserve,system,2499.185971,0.0,0.0,2499.185971,0.0,0.0
2035-04-17,5,0,reserve,system,2615.493869,0.0,0.0,2615.493869,0.0,0.0
2035-04-17,6,0,reserve,system,2645.460635,0.0,0.0,2645.460635,0.0,0.0
2035-04-17,7,0,reserve,system,2656.14838,0.0,0.0,2656.14838,0.0,0.0
2035-04-17,8,0,reserve,system,2643.976783,0.0,0.0,2643.976783,0.0,0.0
2035-04-17,9,0,reserve,system,2596.355273,0.0,0.0,2596.355273,0.0,0.0
2035-04-17,10,0,reserve,system,2548.843638,0.0,0.0,2548.843638,0.0,0.0
2035-04-17,11,0,reserve,system,2521.498632,0.0,0.0,2521.498632,0.0,0.0
2035-04-17,12,0,reserve,system,2522.977179,0.0,0.0,2522.977179,0.0,0.0
2035-04-17,13,0,reserve,system,2534.764512,0.0,0.0,2534.764512,0.0,0.0
2035-04-17,14,0,reserve,system,2578.732732,0.0,0.0,2578.732732,0.0,0.0
2035-04-17,15,0,reserve,system,2648.987107,0.0,0.0,2648.987108,0.0,0.0
2035-04-17,16,0,reserve,system,2738.466445,0.0,0.0,2738.466445,0.0,0.0
2035-04-17,17,0,reserve,system,2806.640586,0.0,0.0,2806.640586,0.0,0.0
2035-04-17,18,0,reserve,system,2860.362312,0.0,0.0,2860.362312,0.0,0.0
2035-04-17,19,0,reserve,system,2879.338709,0.0,0.0,2879.338709,0.0,0.0
2035-04-17,20,0,reserve,system,2830.972434,0.0,0.0,2830.972434,0.0,0.0
2035-04-17,21,0,reserve,system,2750.245295,0.0,0.0,2750.245295,0.0,0.0
2035-04-17,22,0,reserve,system,2635.153923,0.0,0.0,2635.153923,0.0,0.0
2035-04-17,23,0,reserve,system,2483.656932,0.0,0.0,2483.656932,0.0,0.0
2035-04-18,0,0,reserve,system,2369.153892,0.0,0.0,2369.153892,0.0,0.0
2035-04-18,1,0,reserve,system,2326.598238,0.0,0.0,2326.598238,0.0,0.0
2035-04-18,2,0,reserve,system,2305.099979,0.0,0.0,2305.099979,0.0,0.0
2035-04-18,3,0,reserve,system,2310.046982,0.0,0.0,2310.046982,0.0,0.0
2035-04-18,4,0,reserve,system,2371.636039,0.0,0.0,2371.636039,0.0,0.0
2035-04-18,5,0,reserve,system,2477.745715,0.0,0.0,2477.745715,0.0,0.0
2035-04-18,6,0,reserve,system,2499.329055,0.0,0.0,2499.329055,0.0,0.0
2035-04-18,7,0,reserve,system,2525.330608,0.0,0.0,2525.330608,0.0,0.0
2035-04-18,8,0,reserve,system,2524.588098,0.0,0.0,2524.588098,0.0,0.0
2035-04-18,9,0,reserve,system,2490.284423,0.0,0.0,2490.284423,0.0,0.0
2035-04-18,10,0,reserve,system,2489.472939,0.0,0.0,2489.472939,0.0,0.0
2035-04-18,11,0,reserve,system,2466.156564,0.0,0.0,2466.156564,0.0,0.0
2035-04-18,12,0,reserve,system,2435.618585,0.0,0.0,2435.618585,0.0,0.0
2035-04-18,13,0,reserve,system,2424.573041,0.0,0.0,2424.573041,0.0,0.0
2035-04-18,14,0,reserve,system,2438.822377,0.0,0.0,2438.822377,0.0,0.0
2035-04-18,15,0,reserve,system,2481.154911,0.0,0.0,2481.154911,0.0,0.0
2035-04-18,16,0,reserve,system,2511.603611,0.0,0.0,2511.603611,0.0,0.0
2035-04-18,17,0,reserve,system,2530.403189,0.0,0.0,2530.403189,0.0,0.0
2035-04-18,18,0,reserve,system,2546.597352,0.0,0.0,2546.597352,0.0,0.0
2035-04-18,19,0,reserve,system,2587.651297,0.0,0.0,2587.651297,0.0,0.0
2035-04-18,20,0,reserve,system,2549.341268,0.0,0.0,2549.341268,0.0,0.0
2035-04-18,21,0,reserve,system,2453.305607,0.0,0.0,2453.305607,0.0,0.0
2035-04-18,22,0,reserve,system,2352.039489,0.0,0.0,2352.039489,0.0,0.0
2035-04-18,23,0,reserve,system,2251.665951,0.0,0.0,2251.665951,0.0,0.0
2035-04-19,0,0,reserve,system,2198.145712,0.0,0.0,2198.145712,0.0,0.0
2035-04-19,1,0,reserve,system,2186.65877,0.0,0.0,2186.65877,0.0,0.0
2035-04-19,2,0,reserve,system,2181.305034,0.0,0.0,2181.305034,0.0,0.0
2035-04-19,3,0,reserve,system,2222.292818,0.0,0.0,2222.292818,0.0,0.0
2035-04-19,4,0,reserve,system,2302.580911,0.0,0.0,2302.580911,0.0,0.0
2035-04-19,5,0,reserve,system,2394.747907,0.0,0.0,2394.747907,0.0,0.0
2035-04-19,6,0,reserve,system,2431.662479,0.0,0.0,2431.662479,0.0,0.0
2035-04-19,7,0,reserve,system,2456.873472,0.0,0.0,2456.873472,0.0,0.0
2035-04-19,8,0,reserve,system,2445.495777,0.0,0.0,2445.495777,0.0,0.0
2035-04-19,9,0,reserve,system,2392.538733,0.0,0.0,2392.538733,0.0,0.0
2035-04-19,10,0,reserve,system,2335.55536,0.0,0.0,2335.55536,0.0,0.0
2035-04-19,11,0,reserve,system,2290.391993,0.0,0.0,2290.391993,0.0,0.0
2035-04-19,12,0,reserve,system,2249.204289,0.0,0.0,2249.204289,0.0,0.0
2035-04-19,13,0,reserve,system,2227.632725,0.0,0.0,2227.632725,0.0,0.0
2035-04-19,14,0,reserve,system,2212.705664,0.0,0.0,2212.705664,0.0,0.0
2035-04-19,15,0,reserve,system,2235.144792,0.0,0.0,2235.144792,0.0,0.0
2035-04-19,16,0,reserve,system,2271.695621,0.0,0.0,2271.695621,0.0,0.0
2035-04-19,17,0,reserve,system,2307.738397,0.0,0.0,2307.738397,0.0,0.0
2035-04-19,18,0,reserve,system,2351.160444,0.0,0.0,2351.160444,0.0,0.0
2035-04-19,19,0,reserve,system,2394.252527,0.0,0.0,2394.252527,0.0,0.0
2035-04-19,20,0,reserve,system,2371.646843,0.0,0.0,2371.646843,0.0,0.0
2035-04-19,21,0,reserve,system,2317.509392,0.0,0.0,2317.509392,0.0,0.0
2035-04-19,22,0,reserve,system,2251.179108,0.0,0.0,2251.179108,0.0,0.0
2035-04-19,23,0,reserve,system,2183.529553,0.0,0.0,2183.529553,0.0,0.0
2035-04-20,0,0,reserve,system,2144.080638,0.0,0.0,2144.080638,0.0,0.0
2035-04-20,1,0,reserve,system,2145.659278,0.0,0.0,2145.659278,0.0,0.0
2035-04-20,2,0,reserve,system,2152.188963,0.0,0.0,2152.188963,0.0,0.0
2035-04-20,3,0,reserve,system,2183.472325,0.0,0.0,2183.472325,0.0,0.0
2035-04-20,4,0,reserve,system,2242.609466,0.0,0.0,2242.609466,0.0,0.0
2035-04-20,5,0,reserve,system,2310.565147,0.0,0.0,2310.565147,0.0,0.0
2035-04-20,6,0,reserve,system,2370.614645,0.0,0.0,2370.614645,0.0,0.0
2035-04-20,7,0,reserve,system,2418.616459,0.0,0.0,2418.616459,0.0,0.0
2035-04-20,8,0,reserve,system,2406.499866,0.0,0.0,2406.499866,0.0,0.0
2035-04-20,9,0,reserve,system,2350.30694,0.0,0.0,2350.30694,0.0,0.0
2035-04-20,10,0,reserve,system,2296.034688,0.0,0.0,2296.034688,0.0,0.0
2035-04-20,11,0,reserve,system,2270.429241,0.0,0.0,2270.429241,0.0,0.0
2035-04-20,12,0,reserve,system,2279.62864,0.0,0.0,2279.62864,0.0,0.0
2035-04-20,13,0,reserve,system,2300.623306,0.0,0.0,2300.623306,0.0,0.0
2035-04-20,14,0,reserve,system,2341.656155,0.0,0.0,2341.656155,0.0,0.0
2035-04-20,15,0,reserve,system,2415.537856,0.0,0.0,2415.537856,0.0,0.0
2035-04-20,16,0,reserve,system,2485.723681,0.0,0.0,2485.723681,0.0,0.0
2035-04-20,17,0,reserve,system,2528.493264,0.0,0.0,2528.493264,0.0,0.0
2035-04-20,18,0,reserve,system,2512.466302,0.0,0.0,2512.466302,0.0,0.0
2035-04-20,19,0,reserve,system,2487.80341,0.0,0.0,2487.80341,0.0,0.0
2035-04-20,20,0,reserve,system,2452.8687,0.0,0.0,2452.8687,0.0,0.0
2035-04-20,21,0,reserve,system,2414.663679,0.0,0.0,2414.663679,0.0,0.0
2035-04-20,22,0,reserve,system,2341.346007,0.0,0.0,2341.346007,0.0,0.0
2035-04-20,23,0,reserve,system,2259.481686,0.0,0.0,2259.481686,0.0,0.0
2035-04-21,0,0,reserve,system,2179.769308,0.0,0.0,2179.769308,0.0,0.0
2035-04-21,1,0,reserve,system,2140.67695,0.0,0.0,2140.67695,0.0,0.0
2035-04-21,2,0,reserve,system,2104.276732,0.0,0.0,2104.276732,0.0,0.0
2035-04-21,3,0,reserve,system,2087.676269,0.0,0.0,2087.676269,0.0,0.0
2035-04-21,4,0,reserve,system,2064.799152,0.0,0.0,2064.799152,0.0,0.0
2035-04-21,5,0,reserve,system,2014.087423,0.0,0.0,2014.087423,0.0,0.0
2035-04-21,6,0,reserve,system,2008.936443,0.0,0.0,2008.936443,0.0,0.0
2035-04-21,7,0,reserve,system,2123.263043,0.0,0.0,2123.263043,0.0,0.0
2035-04-21,8,0,reserve,system,2198.308864,0.0,0.0,2198.308864,0.0,0.0
2035-04-21,9,0,reserve,system,2227.690825,0.0,0.0,2227.690825,0.0,0.0
2035-04-21,10,0,reserve,system,2247.197452,0.0,0.0,2247.197452,0.0,0.0
2035-04-21,11,0,reserve,system,2288.974052,0.0,0.0,2288.974052,0.0,0.0
2035-04-21,12,0,reserve,system,2320.709901,0.0,0.0,2320.709901,0.0,0.0
2035-04-21,13,0,reserve,system,2353.557296,0.0,0.0,2353.557296,0.0,0.0
2035-04-21,14,0,reserve,system,2383.734658,0.0,0.0,2383.734658,0.0,0.0
2035-04-21,15,0,reserve,system,2414.416083,0.0,0.0,2414.416083,0.0,0.0
2035-04-21,16,0,reserve,system,2450.739134,0.0,0.0,2450.739134,0.0,0.0
2035-04-21,17,0,reserve,system,2467.516329,0.0,0.0,2467.516329,0.0,0.0
2035-04-21,18,0,reserve,system,2453.967394,0.0,0.0,2453.967394,0.0,0.0
2035-04-21,19,0,reserve,system,2461.222976,0.0,0.0,2461.222976,0.0,0.0
2035-04-21,20,0,reserve,system,2451.525891,0.0,0.0,2451.525891,0.0,0.0
2035-04-21,21,0,reserve,system,2379.577244,0.0,0.0,2379.577244,0.0,0.0
2035-04-21,22,0,reserve,system,2289.878309,0.0,0.0,2289.878309,0.0,0.0
2035-04-21,23,0,reserve,system,2216.785433,0.0,0.0,2216.785433,0.0,0.0
2035-04-22,0,0,reserve,system,2162.275663,0.0,0.0,2162.275663,0.0,0.0
2035-04-22,1,0,reserve,system,2136.823815,0.0,0.0,2136.823815,0.0,0.0
2035-04-22,2,0,reserve,system,2129.500784,0.0,0.0,2129.500784,0.0,0.0
2035-04-22,3,0,reserve,system,2142.398862,0.0,0.0,2142.398862,0.0,0.0
2035-04-22,4,0,reserve,system,2205.23653,0.0,0.0,2205.23653,0.0,0.0
2035-04-22,5,0,reserve,system,2285.672046,0.0,0.0,2285.672046,0.0,0.0
2035-04-22,6,0,reserve,system,2319.896292,0.0,0.0,2319.896292,0.0,0.0
2035-04-22,7,0,reserve,system,2371.868776,0.0,0.0,2371.868776,0.0,0.0
2035-04-22,8,0,reserve,system,2403.814646,0.0,0.0,2403.814646,0.0,0.0
2035-04-22,9,0,reserve,system,2418.647391,0.0,0.0,2418.647391,0.0,0.0
2035-04-22,10,0,reserve,system,2418.11633,0.0,0.0,2418.11633,0.0,0.0
2035-04-22,11,0,reserve,system,2409.235416,0.0,0.0,2409.235416,0.0,0.0
2035-04-22,12,0,reserve,system,2396.540091,0.0,0.0,2396.540091,0.0,0.0
2035-04-22,13,0,reserve,system,2377.812225,0.0,0.0,2377.812225,0.0,0.0
2035-04-22,14,0,reserve,system,2378.378389,0.0,0.0,2378.378389,0.0,0.0
2035-04-22,15,0,reserve,system,2398.213783,0.0,0.0,2398.213783,0.0,0.0
2035-04-22,16,0,reserve,system,2428.424933,0.0,0.0,2428.424933,0.0,0.0
2035-04-22,17,0,reserve,system,2439.511566,0.0,0.0,2439.511566,0.0,0.0
2035-04-22,18,0,reserve,system,2480.12473,0.0,0.0,2480.12473,0.0,0.0
2035-04-22,19,0,reserve,system,2549.700336,0.0,0.0,2549.700336,0.0,0.0
2035-04-22,20,0,reserve,system,2516.107791,0.0,0.0,2516.107791,0.0,0.0
2035-04-22,21,0,reserve,system,2424.450288,0.0,0.0,2424.450288,0.0,0.0
2035-04-22,22,0,reserve,system,2310.416172,0.0,0.0,2310.416172,0.0,0.0
2035-04-22,23,0,reserve,system,2255.883126,0.0,0.0,2255.883127,0.0,0.0
2035-04-23,0,0,reserve,system,2206.618728,0.0,0.0,2206.618728,0.0,0.0
2035-04-23,1,0,reserve,system,2179.631093,0.0,0.0,2179.631093,0.0,0.0
2035-04-23,2,0,reserve,system,2166.042754,0.0,0.0,2166.042754,0.0,0.0
2035-04-23,3,0,reserve,system,2187.633847,0.0,0.0,2187.633847,0.0,0.0
2035-04-23,4,0,reserve,system,2260.626263,0.0,0.0,2260.626263,0.0,0.0
2035-04-23,5,0,reserve,system,2359.707115,0.0,0.0,2359.707115,0.0,0.0
2035-04-23,6,0,reserve,system,2403.192221,0.0,0.0,2403.192221,0.0,0.0
2035-04-23,7,0,reserve,system,2409.132303,0.0,0.0,2409.132303,0.0,0.0
2035-04-23,8,0,reserve,system,2410.840348,0.0,0.0,2410.840348,0.0,0.0
2035-04-23,9,0,reserve,system,2391.773617,0.0,0.0,2391.773617,0.0,0.0
2035-04-23,10,0,reserve,system,2395.114084,0.0,0.0,2395.114084,0.0,0.0
2035-04-23,11,0,reserve,system,2360.587984,0.0,0.0,2360.587984,0.0,0.0
2035-04-23,12,0,reserve,system,2340.839202,0.0,0.0,2340.839202,0.0,0.0
2035-04-23,13,0,reserve,system,2318.963823,0.0,0.0,2318.963823,0.0,0.0
2035-04-23,14,0,reserve,system,2317.381955,0.0,0.0,2317.381955,0.0,0.0
2035-04-23,15,0,reserve,system,2323.65583,0.0,0.0,2323.65583,0.0,0.0
2035-04-23,16,0,reserve,system,2350.842744,0.0,0.0,2350.842744,0.0,0.0
2035-04-23,17,0,reserve,system,2400.162503,0.0,0.0,2400.162503,0.0,0.0
2035-04-23,18,0,reserve,system,2470.978784,0.0,0.0,2470.978784,0.0,0.0
2035-04-23,19,0,reserve,system,2541.557097,0.0,0.0,2541.557097,0.0,0.0
2035-04-23,20,0,reserve,system,2505.515561,0.0,0.0,2505.515561,0.0,0.0
2035-04-23,21,0,reserve,system,2396.785342,0.0,0.0,2396.785342,0.0,0.0
2035-04-23,22,0,reserve,system,2304.367862,0.0,0.0,2304.367862,0.0,0.0
2035-04-23,23,0,reserve,system,2223.735599,0.0,0.0,2223.735599,0.0,0.0
2035-04-24,0,0,reserve,system,2185.930771,0.0,0.0,2185.930771,0.0,0.0
2035-04-24,1,0,reserve,system,2186.076901,0.0,0.0,2186.076901,0.0,0.0
2035-04-24,2,0,reserve,system,2186.762006,0.0,0.0,2186.762006,0.0,0.0
2035-04-24,3,0,reserve,system,2224.400726,0.0,0.0,2224.400726,0.0,0.0
2035-04-24,4,0,reserve,system,2313.718594,0.0,0.0,2313.718594,0.0,0.0
2035-04-24,5,0,reserve,system,2423.140019,0.0,0.0,2423.140019,0.0,0.0
2035-04-24,6,0,reserve,system,2453.138125,0.0,0.0,2453.138125,0.0,0.0
2035-04-24,7,0,reserve,system,2456.917439,0.0,0.0,2456.917439,0.0,0.0
2035-04-24,8,0,reserve,system,2421.88285,0.0,0.0,2421.88285,0.0,0.0
2035-04-24,9,0,reserve,system,2374.747779,0.0,0.0,2374.747779,0.0,0.0
2035-04-24,10,0,reserve,system,2314.292626,0.0,0.0,2314.292626,0.0,0.0
2035-04-24,11,0,reserve,system,2261.878727,0.0,0.0,2261.878727,0.0,0.0
2035-04-24,12,0,reserve,system,2224.722344,0.0,0.0,2224.722344,0.0,0.0
2035-04-24,13,0,reserve,system,2197.164146,0.0,0.0,2197.164146,0.0,0.0
2035-04-24,14,0,reserve,system,2192.853595,0.0,0.0,2192.853595,0.0,0.0
2035-04-24,15,0,reserve,system,2209.878638,0.0,0.0,2209.878638,0.0,0.0
2035-04-24,16,0,reserve,system,2246.23824,0.0,0.0,2246.23824,0.0,0.0
2035-04-24,17,0,reserve,system,2316.705121,0.0,0.0,2316.705121,0.0,0.0
2035-04-24,18,0,reserve,system,2383.326424,0.0,0.0,2383.326424,0.0,0.0
2035-04-24,19,0,reserve,system,2427.507821,0.0,0.0,2427.507821,0.0,0.0
2035-04-24,20,0,reserve,system,2402.452369,0.0,0.0,2402.452369,0.0,0.0
2035-04-24,21,0,reserve,system,2296.803875,0.0,0.0,2296.803875,0.0,0.0
2035-04-24,22,0,reserve,system,2186.312563,0.0,0.0,2186.312563,0.0,0.0
2035-04-24,23,0,reserve,system,2128.388969,0.0,0.0,2128.388969,0.0,0.0
2035-04-25,0,0,reserve,system,2093.034127,0.0,0.0,2093.034127,0.0,0.0
2035-04-25,1,0,reserve,system,2079.021062,0.0,0.0,2079.021062,0.0,0.0
2035-04-25,2,0,reserve,system,2083.788084,0.0,0.0,2083.788084,0.0,0.0
2035-04-25,3,0,reserve,system,2117.443276,0.0,0.0,2117.443276,0.0,0.0
2035-04-25,4,0,reserve,system,2206.04975,0.0,0.0,2206.04975,0.0,0.0
2035-04-25,5,0,reserve,system,2334.595865,0.0,0.0,2334.595865,0.0,0.0
2035-04-25,6,0,reserve,system,2352.551112,0.0,0.0,2352.551112,0.0,0.0
2035-04-25,7,0,reserve,system,2357.037315,0.0,0.0,2357.037315,0.0,0.0
2035-04-25,8,0,reserve,system,2360.788694,0.0,0.0,2360.788694,0.0,0.0
2035-04-25,9,0,reserve,system,2358.927867,0.0,0.0,2358.927867,0.0,0.0
2035-04-25,10,0,reserve,system,2384.39447,0.0,0.0,2384.39447,0.0,0.0
2035-04-25,11,0,reserve,system,2397.745667,0.0,0.0,2397.745667,0.0,0.0
2035-04-25,12,0,reserve,system,2443.262503,0.0,0.0,2443.262503,0.0,0.0
2035-04-25,13,0,reserve,system,2534.997502,0.0,0.0,2534.997502,0.0,0.0
2035-04-25,14,0,reserve,system,2613.886066,0.0,0.0,2613.886066,0.0,0.0
2035-04-25,15,0,reserve,system,2726.237083,0.0,0.0,2726.237083,0.0,0.0
2035-04-25,16,0,reserve,system,2804.822533,0.0,0.0,2804.822533,0.0,0.0
2035-04-25,17,0,reserve,system,2851.174579,0.0,0.0,2851.174579,0.0,0.0
2035-04-25,18,0,reserve,system,2829.132861,0.0,0.0,2829.132861,0.0,0.0
2035-04-25,19,0,reserve,system,2804.99963,0.0,0.0,2804.99963,0.0,0.0
2035-04-25,20,0,reserve,system,2725.464091,0.0,0.0,2725.464091,0.0,0.0
2035-04-25,21,0,reserve,system,2595.302381,0.0,0.0,2595.302381,0.0,0.0
2035-04-25,22,0,reserve,system,2449.091377,0.0,0.0,2449.091377,0.0,0.0
2035-04-25,23,0,reserve,system,2357.698405,0.0,0.0,2357.698405,0.0,0.0
2035-04-26,0,0,reserve,system,2286.139678,0.0,0.0,2286.139678,0.0,0.0
2035-04-26,1,0,reserve,system,2259.36677,0.0,0.0,2259.36677,0.0,0.0
2035-04-26,2,0,reserve,system,2250.540724,0.0,0.0,2250.540724,0.0,0.0
2035-04-26,3,0,reserve,system,2297.22465,0.0,0.0,2297.22465,0.0,0.0
2035-04-26,4,0,reserve,system,2414.670226,0.0,0.0,2414.670226,0.0,0.0
2035-04-26,5,0,reserve,system,2592.249651,0.0,0.0,2592.249651,0.0,0.0
2035-04-26,6,0,reserve,system,2630.598243,0.0,0.0,2630.598243,0.0,0.0
2035-04-26,7,0,reserve,system,2622.20672,0.0,0.0,2622.20672,0.0,0.0
2035-04-26,8,0,reserve,system,2603.266834,0.0,0.0,2603.266834,0.0,0.0
2035-04-26,9,0,reserve,system,2575.902722,0.0,0.0,2575.902722,0.0,0.0
2035-04-26,10,0,reserve,system,2569.137865,0.0,0.0,2569.137865,0.0,0.0
2035-04-26,11,0,reserve,system,2573.945591,0.0,0.0,2573.945591,0.0,0.0
2035-04-26,12,0,reserve,system,2610.171949,0.0,0.0,2610.171949,0.0,0.0
2035-04-26,13,0,reserve,system,2641.137439,0.0,0.0,2641.137439,0.0,0.0
2035-04-26,14,0,reserve,system,2676.807954,0.0,0.0,2676.807955,0.0,0.0
2035-04-26,15,0,reserve,system,2744.578658,0.0,0.0,2744.578658,0.0,0.0
2035-04-26,16,0,reserve,system,2784.168986,0.0,0.0,2784.168986,0.0,0.0
2035-04-26,17,0,reserve,system,2806.267385,0.0,0.0,2806.267385,0.0,0.0
2035-04-26,18,0,reserve,system,2792.393644,0.0,0.0,2792.393644,0.0,0.0
2035-04-26,19,0,reserve,system,2769.454448,0.0,0.0,2769.454449,0.0,0.0
2035-04-26,20,0,reserve,system,2717.381118,0.0,0.0,2717.381118,0.0,0.0
2035-04-26,21,0,reserve,system,2615.654367,0.0,0.0,2615.654367,0.0,0.0
2035-04-26,22,0,reserve,system,2502.584122,0.0,0.0,2502.584122,0.0,0.0
2035-04-26,23,0,reserve,system,2402.662162,0.0,0.0,2402.662162,0.0,0.0
2035-04-27,0,0,reserve,system,2324.446042,0.0,0.0,2324.446042,0.0,0.0
2035-04-27,1,0,reserve,system,2286.047687,0.0,0.0,2286.047687,0.0,0.0
2035-04-27,2,0,reserve,system,2262.743234,0.0,0.0,2262.743234,0.0,0.0
2035-04-27,3,0,reserve,system,2274.266987,0.0,0.0,2274.266987,0.0,0.0
2035-04-27,4,0,reserve,system,2324.523008,0.0,0.0,2324.523008,0.0,0.0
2035-04-27,5,0,reserve,system,2375.904684,0.0,0.0,2375.904684,0.0,0.0
2035-04-27,6,0,reserve,system,2410.222219,0.0,0.0,2410.222219,0.0,0.0
2035-04-27,7,0,reserve,system,2504.76652,0.0,0.0,2504.76652,0.0,0.0
2035-04-27,8,0,reserve,system,2542.531795,0.0,0.0,2542.531795,0.0,0.0
2035-04-27,9,0,reserve,system,2544.249961,0.0,0.0,2544.249961,0.0,0.0
2035-04-27,10,0,reserve,system,2550.941227,0.0,0.0,2550.941227,0.0,0.0
2035-04-27,11,0,reserve,system,2583.821117,0.0,0.0,2583.821117,0.0,0.0
2035-04-27,12,0,reserve,system,2641.425106,0.0,0.0,2641.425106,0.0,0.0
2035-04-27,13,0,reserve,system,2716.948446,0.0,0.0,2716.948446,0.0,0.0
2035-04-27,14,0,reserve,system,2819.11349,0.0,0.0,2819.11349,0.0,0.0
2035-04-27,15,0,reserve,system,2946.405967,0.0,0.0,2946.405967,0.0,0.0
2035-04-27,16,0,reserve,system,3051.04787,0.0,0.0,3051.04787,0.0,0.0
2035-04-27,17,0,reserve,system,3078.753232,0.0,0.0,3078.753232,0.0,0.0
2035-04-27,18,0,reserve,system,3032.272732,0.0,0.0,3032.272732,0.0,0.0
2035-04-27,19,0,reserve,system,2962.23443,0.0,0.0,2962.23443,0.0,0.0
2035-04-27,20,0,reserve,system,2869.024912,0.0,0.0,2869.024912,0.0,0.0
2035-04-27,21,0,reserve,system,2786.234059,0.0,0.0,2786.234059,0.0,0.0
2035-04-27,22,0,reserve,system,2704.487506,0.0,0.0,2704.487506,0.0,0.0
2035-04-27,23,0,reserve,system,2580.576911,0.0,0.0,2580.576911,0.0,0.0
2035-04-28,0,0,reserve,system,2479.836952,0.0,0.0,2479.836952,0.0,0.0
2035-04-28,1,0,reserve,system,2412.45417,0.0,0.0,2412.45417,0.0,0.0
2035-04-28,2,0,reserve,system,2350.693968,0.0,0.0,2350.693968,0.0,0.0
2035-04-28,3,0,reserve,system,2308.563946,0.0,0.0,2308.563946,0.0,0.0
2035-04-28,4,0,reserve,system,2243.295794,0.0,0.0,2243.295794,0.0,0.0
2035-04-28,5,0,reserve,system,2149.018858,0.0,0.0,2149.018858,0.0,0.0
2035-04-28,6,0,reserve,system,2141.6669,0.0,0.0,2141.6669,0.0,0.0
2035-04-28,7,0,reserve,system,2276.370276,0.0,0.0,2276.370276,0.0,0.0
2035-04-28,8,0,reserve,system,2398.739622,0.0,0.0,2398.739622,0.0,0.0
2035-04-28,9,0,reserve,system,2467.277181,0.0,0.0,2467.277181,0.0,0.0
2035-04-28,10,0,reserve,system,2511.420591,0.0,0.0,2511.420591,0.0,0.0
2035-04-28,11,0,reserve,system,2587.639206,0.0,0.0,2587.639206,0.0,0.0
2035-04-28,12,0,reserve,system,2666.342176,0.0,0.0,2666.342176,0.0,0.0
2035-04-28,13,0,reserve,system,2746.218096,0.0,0.0,2746.218096,0.0,0.0
2035-04-28,14,0,reserve,system,2814.013067,0.0,0.0,2814.013067,0.0,0.0
2035-04-28,15,0,reserve,system,2880.665925,0.0,0.0,2880.665925,0.0,0.0
2035-04-28,16,0,reserve,system,2928.291358,0.0,0.0,2928.291358,0.0,0.0
2035-04-28,17,0,reserve,system,2950.138678,0.0,0.0,2950.138678,0.0,0.0
2035-04-28,18,0,reserve,system,2949.557206,0.0,0.0,2949.557206,0.0,0.0
2035-04-28,19,0,reserve,system,2920.01423,0.0,0.0,2920.01423,0.0,0.0
2035-04-28,20,0,reserve,system,2873.889756,0.0,0.0,2873.889756,0.0,0.0
2035-04-28,21,0,reserve,system,2801.091261,0.0,0.0,2801.091261,0.0,0.0
2035-04-28,22,0,reserve,system,2694.014522,0.0,0.0,2694.014522,0.0,0.0
2035-04-28,23,0,reserve,system,2567.92297,0.0,0.0,2567.92297,0.0,0.0
2035-04-29,0,0,reserve,system,2482.152997,0.0,0.0,2482.152997,0.0,0.0
2035-04-29,1,0,reserve,system,2428.522878,0.0,0.0,2428.522878,0.0,0.0
2035-04-29,2,0,reserve,system,2400.585126,0.0,0.0,2400.585126,0.0,0.0
2035-04-29,3,0,reserve,system,2414.00499,0.0,0.0,2414.00499,0.0,0.0
2035-04-29,4,0,reserve,system,2480.38017,0.0,0.0,2480.38017,0.0,0.0
2035-04-29,5,0,reserve,system,2587.697381,0.0,0.0,2587.697381,0.0,0.0
2035-04-29,6,0,reserve,system,2638.444611,0.0,0.0,2638.444611,0.0,0.0
2035-04-29,7,0,reserve,system,2683.551151,0.0,0.0,2683.551151,0.0,0.0
2035-04-29,8,0,reserve,system,2705.161954,0.0,0.0,2705.161954,0.0,0.0
2035-04-29,9,0,reserve,system,2712.633162,0.0,0.0,2712.633162,0.0,0.0
2035-04-29,10,0,reserve,system,2717.724864,0.0,0.0,2717.724864,0.0,0.0
2035-04-29,11,0,reserve,system,2727.180542,0.0,0.0,2727.180542,0.0,0.0
2035-04-29,12,0,reserve,system,2768.140621,0.0,0.0,2768.140621,0.0,0.0
2035-04-29,13,0,reserve,system,2799.827157,0.0,0.0,2799.827157,0.0,0.0
2035-04-29,14,0,reserve,system,2813.797504,0.0,0.0,2813.797504,0.0,0.0
2035-04-29,15,0,reserve,system,2860.318567,0.0,0.0,2860.318567,0.0,0.0
2035-04-29,16,0,reserve,system,2902.09472,0.0,0.0,2902.09472,0.0,0.0
2035-04-29,17,0,reserve,system,2933.936239,0.0,0.0,2933.936239,0.0,0.0
2035-04-29,18,0,reserve,system,2960.201621,0.0,0.0,2960.201621,0.0,0.0
2035-04-29,19,0,reserve,system,2997.588062,0.0,0.0,2997.588062,0.0,0.0
2035-04-29,20,0,reserve,system,2941.442014,0.0,0.0,2941.442014,0.0,0.0
2035-04-29,21,0,reserve,system,2873.723509,0.0,0.0,2873.723509,0.0,0.0
2035-04-29,22,0,reserve,system,2765.122784,0.0,0.0,2765.122784,0.0,0.0
2035-04-29,23,0,reserve,system,2679.736643,0.0,0.0,2679.736643,0.0,0.0
2035-04-30,0,0,reserve,system,2625.835073,0.0,0.0,2625.835073,0.0,0.0
2035-04-30,1,0,reserve,system,2587.448146,0.0,0.0,2587.448146,0.0,0.0
2035-04-30,2,0,reserve,system,2572.187567,0.0,0.0,2572.187567,0.0,0.0
2035-04-30,3,0,reserve,system,2590.686427,0.0,0.0,2590.686427,0.0,0.0
2035-04-30,4,0,reserve,system,2656.459656,0.0,0.0,2656.459656,0.0,0.0
2035-04-30,5,0,reserve,system,2773.434599,0.0,0.0,2773.434599,0.0,0.0
2035-04-30,6,0,reserve,system,2826.005653,0.0,0.0,2826.005653,0.0,0.0
2035-04-30,7,0,reserve,system,2842.628901,0.0,0.0,2842.628901,0.0,0.0
2035-04-30,8,0,reserve,system,2838.786781,0.0,0.0,2838.786781,0.0,0.0
2035-04-30,9,0,reserve,system,2825.69006,0.0,0.0,2825.69006,0.0,0.0
2035-04-30,10,0,reserve,system,2845.176326,0.0,0.0,2845.176326,0.0,0.0
2035-04-30,11,0,reserve,system,2841.642035,0.0,0.0,2841.642035,0.0,0.0
2035-04-30,12,0,reserve,system,2860.8621,0.0,0.0,2860.8621,0.0,0.0
2035-04-30,13,0,reserve,system,2865.809812,0.0,0.0,2865.809812,0.0,0.0
2035-04-30,14,0,reserve,system,2826.677571,0.0,0.0,2826.677571,0.0,0.0
2035-04-30,15,0,reserve,system,2836.305252,0.0,0.0,2836.305252,0.0,0.0
2035-04-30,16,0,reserve,system,2836.342685,0.0,0.0,2836.342685,0.0,0.0
2035-04-30,17,0,reserve,system,2844.632797,0.0,0.0,2844.632797,0.0,0.0
2035-04-30,18,0,reserve,system,2885.512331,0.0,0.0,2885.512331,0.0,0.0
2035-04-30,19,0,reserve,system,2917.530239,0.0,0.0,2917.530239,0.0,0.0
2035-04-30,20,0,reserve,system,2859.852625,0.0,0.0,2859.852625,0.0,0.0
2035-04-30,21,0,reserve,system,2766.669201,0.0,0.0,2766.669201,0.0,0.0
2035-04-30,22,0,reserve,system,2690.321546,0.0,0.0,2690.321546,0.0,0.0
2035-04-30,23,0,reserve,system,2678.079202,0.0,0.0,2678.079202,0.0,0.0
2035-05-01,0,0,reserve,system,2613.575005,0.0,0.0,2613.575005,0.0,0.0
2035-05-01,1,0,reserve,system,2589.327747,0.0,0.0,2589.327747,0.0,0.0
2035-05-01,2,0,reserve,system,2572.170504,0.0,0.0,2572.170504,0.0,0.0
2035-05-01,3,0,reserve,system,2602.003361,0.0,0.0,2602.003361,0.0,0.0
2035-05-01,4,0,reserve,system,2683.043335,0.0,0.0,2683.043335,0.0,0.0
2035-05-01,5,0,reserve,system,2779.192121,0.0,0.0,2779.192121,0.0,0.0
2035-05-01,6,0,reserve,system,2786.815086,0.0,0.0,2786.815086,0.0,0.0
2035-05-01,7,0,reserve,system,2815.033363,0.0,0.0,2815.033363,0.0,0.0
2035-05-01,8,0,reserve,system,2838.047568,0.0,0.0,2838.047568,0.0,0.0
2035-05-01,9,0,reserve,system,2870.739115,0.0,0.0,2870.739115,0.0,0.0
2035-05-01,10,0,reserve,system,2893.36275,0.0,0.0,2893.36275,0.0,0.0
2035-05-01,11,0,reserve,system,2909.489562,0.0,0.0,2909.489562,0.0,0.0
2035-05-01,12,0,reserve,system,2920.114194,0.0,0.0,2920.114194,0.0,0.0
2035-05-01,13,0,reserve,system,2904.35419,0.0,0.0,2904.35419,0.0,0.0
2035-05-01,14,0,reserve,system,2868.045542,0.0,0.0,2868.045542,0.0,0.0
2035-05-01,15,0,reserve,system,2851.932249,0.0,0.0,2851.932249,0.0,0.0
2035-05-01,16,0,reserve,system,2839.61937,0.0,0.0,2839.61937,0.0,0.0
2035-05-01,17,0,reserve,system,2852.470639,0.0,0.0,2852.470639,0.0,0.0
2035-05-01,18,0,reserve,system,2871.938146,0.0,0.0,2871.938146,0.0,0.0
2035-05-01,19,0,reserve,system,2864.763566,0.0,0.0,2864.763567,0.0,0.0
2035-05-01,20,0,reserve,system,2785.11921,0.0,0.0,2785.11921,0.0,0.0
2035-05-01,21,0,reserve,system,2683.083002,0.0,0.0,2683.083002,0.0,0.0
2035-05-01,22,0,reserve,system,2598.663756,0.0,0.0,2598.663756,0.0,0.0
2035-05-01,23,0,reserve,system,2501.870016,0.0,0.0,2501.870016,0.0,0.0
2035-05-02,0,0,reserve,system,2439.527304,0.0,0.0,2439.527304,0.0,0.0
2035-05-02,1,0,reserve,system,2409.618617,0.0,0.0,2409.618617,0.0,0.0
2035-05-02,2,0,reserve,system,2391.397661,0.0,0.0,2391.397661,0.0,0.0
2035-05-02,3,0,reserve,system,2412.761696,0.0,0.0,2412.761696,0.0,0.0
2035-05-02,4,0,reserve,system,2496.05139,0.0,0.0,2496.05139,0.0,0.0
2035-05-02,5,0,reserve,system,2614.894397,0.0,0.0,2614.894397,0.0,0.0
2035-05-02,6,0,reserve,system,2640.691484,0.0,0.0,2640.691484,0.0,0.0
2035-05-02,7,0,reserve,system,2637.448038,0.0,0.0,2637.448038,0.0,0.0
2035-05-02,8,0,reserve,system,2642.32499,0.0,0.0,2642.32499,0.0,0.0
2035-05-02,9,0,reserve,system,2649.549578,0.0,0.0,2649.549578,0.0,0.0
2035-05-02,10,0,reserve,system,2657.504212,0.0,0.0,2657.504212,0.0,0.0
2035-05-02,11,0,reserve,system,2664.997441,0.0,0.0,2664.997441,0.0,0.0
2035-05-02,12,0,reserve,system,2668.351322,0.0,0.0,2668.351322,0.0,0.0
2035-05-02,13,0,reserve,system,2646.058652,0.0,0.0,2646.058652,0.0,0.0
2035-05-02,14,0,reserve,system,2624.281851,0.0,0.0,2624.281851,0.0,0.0
2035-05-02,15,0,reserve,system,2607.698428,0.0,0.0,2607.698428,0.0,0.0
2035-05-02,16,0,reserve,system,2581.736146,0.0,0.0,2581.736146,0.0,0.0
2035-05-02,17,0,reserve,system,2585.880896,0.0,0.0,2585.880896,0.0,0.0
2035-05-02,18,0,reserve,system,2620.20519,0.0,0.0,2620.20519,0.0,0.0
2035-05-02,19,0,reserve,system,2659.485589,0.0,0.0,2659.485589,0.0,0.0
2035-05-02,20,0,reserve,system,2620.077373,0.0,0.0,2620.077373,0.0,0.0
2035-05-02,21,0,reserve,system,2531.044866,0.0,0.0,2531.044866,0.0,0.0
2035-05-02,22,0,reserve,system,2415.963303,0.0,0.0,2415.963303,0.0,0.0
2035-05-02,23,0,reserve,system,2320.332401,0.0,0.0,2320.332401,0.0,0.0
2035-05-03,0,0,reserve,system,2288.196201,0.0,0.0,2288.196201,0.0,0.0
2035-05-03,1,0,reserve,system,2286.822113,0.0,0.0,2286.822113,0.0,0.0
2035-05-03,2,0,reserve,system,2301.766269,0.0,0.0,2301.766269,0.0,0.0
2035-05-03,3,0,reserve,system,2357.485408,0.0,0.0,2357.485408,0.0,0.0
2035-05-03,4,0,reserve,system,2503.250284,0.0,0.0,2503.250284,0.0,0.0
2035-05-03,5,0,reserve,system,2695.800347,0.0,0.0,2695.800347,0.0,0.0
2035-05-03,6,0,reserve,system,2764.10195,0.0,0.0,2764.10195,0.0,0.0
2035-05-03,7,0,reserve,system,2726.497411,0.0,0.0,2726.497411,0.0,0.0
2035-05-03,8,0,reserve,system,2710.949833,0.0,0.0,2710.949833,0.0,0.0
2035-05-03,9,0,reserve,system,2719.005877,0.0,0.0,2719.005877,0.0,0.0
2035-05-03,10,0,reserve,system,2755.693725,0.0,0.0,2755.693725,0.0,0.0
2035-05-03,11,0,reserve,system,2777.691371,0.0,0.0,2777.691371,0.0,0.0
2035-05-03,12,0,reserve,system,2818.880839,0.0,0.0,2818.880839,0.0,0.0
2035-05-03,13,0,reserve,system,2813.770682,0.0,0.0,2813.770682,0.0,0.0
2035-05-03,14,0,reserve,system,2769.069028,0.0,0.0,2769.069028,0.0,0.0
2035-05-03,15,0,reserve,system,2741.927784,0.0,0.0,2741.927784,0.0,0.0
2035-05-03,16,0,reserve,system,2727.807699,0.0,0.0,2727.807699,0.0,0.0
2035-05-03,17,0,reserve,system,2725.891651,0.0,0.0,2725.891651,0.0,0.0
2035-05-03,18,0,reserve,system,2756.391332,0.0,0.0,2756.391332,0.0,0.0
2035-05-03,19,0,reserve,system,2771.684188,0.0,0.0,2771.684188,0.0,0.0
2035-05-03,20,0,reserve,system,2719.227347,0.0,0.0,2719.227347,0.0,0.0
2035-05-03,21,0,reserve,system,2652.883946,0.0,0.0,2652.883946,0.0,0.0
2035-05-03,22,0,reserve,system,2542.034304,0.0,0.0,2542.034304,0.0,0.0
2035-05-03,23,0,reserve,system,2443.296327,0.0,0.0,2443.296327,0.0,0.0
2035-05-04,0,0,reserve,system,2382.92022,0.0,0.0,2382.92022,0.0,0.0
2035-05-04,1,0,reserve,system,2323.345504,0.0,0.0,2323.345504,0.0,0.0
2035-05-04,2,0,reserve,system,2277.920338,0.0,0.0,2277.920338,0.0,0.0
2035-05-04,3,0,reserve,system,2300.236919,0.0,0.0,2300.236919,0.0,0.0
2035-05-04,4,0,reserve,system,2343.899563,0.0,0.0,2343.899563,0.0,0.0
2035-05-04,5,0,reserve,system,2405.870718,0.0,0.0,2405.870718,0.0,0.0
2035-05-04,6,0,reserve,system,2435.850964,0.0,0.0,2435.850964,0.0,0.0
2035-05-04,7,0,reserve,system,2528.814389,0.0,0.0,2528.814389,0.0,0.0
2035-05-04,8,0,reserve,system,2613.202696,0.0,0.0,2613.202696,0.0,0.0
2035-05-04,9,0,reserve,system,2677.779955,0.0,0.0,2677.779955,0.0,0.0
2035-05-04,10,0,reserve,system,2754.658654,0.0,0.0,2754.658654,0.0,0.0
2035-05-04,11,0,reserve,system,2803.179554,0.0,0.0,2803.179554,0.0,0.0
2035-05-04,12,0,reserve,system,2834.941101,0.0,0.0,2834.941101,0.0,0.0
2035-05-04,13,0,reserve,system,2850.435438,0.0,0.0,2850.435438,0.0,0.0
2035-05-04,14,0,reserve,system,2859.953338,0.0,0.0,2859.953338,0.0,0.0
2035-05-04,15,0,reserve,system,2874.367273,0.0,0.0,2874.367273,0.0,0.0
2035-05-04,16,0,reserve,system,2894.52982,0.0,0.0,2894.52982,0.0,0.0
2035-05-04,17,0,reserve,system,2870.512735,0.0,0.0,2870.512735,0.0,0.0
2035-05-04,18,0,reserve,system,2796.247183,0.0,0.0,2796.247183,0.0,0.0
2035-05-04,19,0,reserve,system,2731.656348,0.0,0.0,2731.656348,0.0,0.0
2035-05-04,20,0,reserve,system,2663.794977,0.0,0.0,2663.794977,0.0,0.0
2035-05-04,21,0,reserve,system,2594.970709,0.0,0.0,2594.970709,0.0,0.0
2035-05-04,22,0,reserve,system,2508.968303,0.0,0.0,2508.968303,0.0,0.0
2035-05-04,23,0,reserve,system,2402.822569,0.0,0.0,2402.822569,0.0,0.0
2035-05-05,0,0,reserve,system,2320.409952,0.0,0.0,2320.409952,0.0,0.0
2035-05-05,1,0,reserve,system,2271.738272,0.0,0.0,2271.738272,0.0,0.0
2035-05-05,2,0,reserve,system,2223.418071,0.0,0.0,2223.418071,0.0,0.0
2035-05-05,3,0,reserve,system,2194.823509,0.0,0.0,2194.823509,0.0,0.0
2035-05-05,4,0,reserve,system,2162.736365,0.0,0.0,2162.736365,0.0,0.0
2035-05-05,5,0,reserve,system,2101.844511,0.0,0.0,2101.844511,0.0,0.0
2035-05-05,6,0,reserve,system,2102.148998,0.0,0.0,2102.148998,0.0,0.0
2035-05-05,7,0,reserve,system,2230.764962,0.0,0.0,2230.764962,0.0,0.0
2035-05-05,8,0,reserve,system,2337.709794,0.0,0.0,2337.709794,0.0,0.0
2035-05-05,9,0,reserve,system,2415.792594,0.0,0.0,2415.792594,0.0,0.0
2035-05-05,10,0,reserve,system,2452.181668,0.0,0.0,2452.181668,0.0,0.0
2035-05-05,11,0,reserve,system,2507.295392,0.0,0.0,2507.295392,0.0,0.0
2035-05-05,12,0,reserve,system,2583.184686,0.0,0.0,2583.184686,0.0,0.0
2035-05-05,13,0,reserve,system,2665.717919,0.0,0.0,2665.717919,0.0,0.0
2035-05-05,14,0,reserve,system,2750.017824,0.0,0.0,2750.017824,0.0,0.0
2035-05-05,15,0,reserve,system,2838.883143,0.0,0.0,2838.883143,0.0,0.0
2035-05-05,16,0,reserve,system,2914.551137,0.0,0.0,2914.551137,0.0,0.0
2035-05-05,17,0,reserve,system,2946.045756,0.0,0.0,2946.045756,0.0,0.0
2035-05-05,18,0,reserve,system,2943.146374,0.0,0.0,2943.146374,0.0,0.0
2035-05-05,19,0,reserve,system,2905.045924,0.0,0.0,2905.045924,0.0,0.0
2035-05-05,20,0,reserve,system,2859.377069,0.0,0.0,2859.377069,0.0,0.0
2035-05-05,21,0,reserve,system,2760.113765,0.0,0.0,2760.113765,0.0,0.0
2035-05-05,22,0,reserve,system,2614.167764,0.0,0.0,2614.167764,0.0,0.0
2035-05-05,23,0,reserve,system,2488.993611,0.0,0.0,2488.993611,0.0,0.0
2035-05-06,0,0,reserve,system,2396.259014,0.0,0.0,2396.259014,0.0,0.0
2035-05-06,1,0,reserve,system,2348.44262,0.0,0.0,2348.44262,0.0,0.0
2035-05-06,2,0,reserve,system,2320.731868,0.0,0.0,2320.731868,0.0,0.0
2035-05-06,3,0,reserve,system,2336.441698,0.0,0.0,2336.441698,0.0,0.0
2035-05-06,4,0,reserve,system,2414.402639,0.0,0.0,2414.402639,0.0,0.0
2035-05-06,5,0,reserve,system,2530.845536,0.0,0.0,2530.845536,0.0,0.0
2035-05-06,6,0,reserve,system,2568.898017,0.0,0.0,2568.898017,0.0,0.0
2035-05-06,7,0,reserve,system,2602.193896,0.0,0.0,2602.193896,0.0,0.0
2035-05-06,8,0,reserve,system,2623.130574,0.0,0.0,2623.130574,0.0,0.0
2035-05-06,9,0,reserve,system,2632.207006,0.0,0.0,2632.207006,0.0,0.0
2035-05-06,10,0,reserve,system,2627.151212,0.0,0.0,2627.151212,0.0,0.0
2035-05-06,11,0,reserve,system,2619.707489,0.0,0.0,2619.707489,0.0,0.0
2035-05-06,12,0,reserve,system,2632.694858,0.0,0.0,2632.694858,0.0,0.0
2035-05-06,13,0,reserve,system,2648.052392,0.0,0.0,2648.052392,0.0,0.0
2035-05-06,14,0,reserve,system,2672.016199,0.0,0.0,2672.016199,0.0,0.0
2035-05-06,15,0,reserve,system,2717.801192,0.0,0.0,2717.801192,0.0,0.0
2035-05-06,16,0,reserve,system,2752.359716,0.0,0.0,2752.359716,0.0,0.0
2035-05-06,17,0,reserve,system,2792.076514,0.0,0.0,2792.076514,0.0,0.0
2035-05-06,18,0,reserve,system,2823.104674,0.0,0.0,2823.104674,0.0,0.0
2035-05-06,19,0,reserve,system,2857.615738,0.0,0.0,2857.615738,0.0,0.0
2035-05-06,20,0,reserve,system,2808.19965,0.0,0.0,2808.19965,0.0,0.0
2035-05-06,21,0,reserve,system,2697.455936,0.0,0.0,2697.455936,0.0,0.0
2035-05-06,22,0,reserve,system,2586.806819,0.0,0.0,2586.806819,0.0,0.0
2035-05-06,23,0,reserve,system,2484.625966,0.0,0.0,2484.625966,0.0,0.0
2035-05-07,0,0,reserve,system,2405.603076,0.0,0.0,2405.603076,0.0,0.0
2035-05-07,1,0,reserve,system,2358.886169,0.0,0.0,2358.886169,0.0,0.0
2035-05-07,2,0,reserve,system,2336.097862,0.0,0.0,2336.097862,0.0,0.0
2035-05-07,3,0,reserve,system,2363.690841,0.0,0.0,2363.690841,0.0,0.0
2035-05-07,4,0,reserve,system,2445.38747,0.0,0.0,2445.38747,0.0,0.0
2035-05-07,5,0,reserve,system,2575.721257,0.0,0.0,2575.721257,0.0,0.0
2035-05-07,6,0,reserve,system,2605.210625,0.0,0.0,2605.210625,0.0,0.0
2035-05-07,7,0,reserve,system,2630.481357,0.0,0.0,2630.481357,0.0,0.0
2035-05-07,8,0,reserve,system,2642.152986,0.0,0.0,2642.152986,0.0,0.0
2035-05-07,9,0,reserve,system,2654.01349,0.0,0.0,2654.01349,0.0,0.0
2035-05-07,10,0,reserve,system,2699.513962,0.0,0.0,2699.513962,0.0,0.0
2035-05-07,11,0,reserve,system,2696.348222,0.0,0.0,2696.348222,0.0,0.0
2035-05-07,12,0,reserve,system,2705.20475,0.0,0.0,2705.20475,0.0,0.0
2035-05-07,13,0,reserve,system,2731.013872,0.0,0.0,2731.013872,0.0,0.0
2035-05-07,14,0,reserve,system,2764.554797,0.0,0.0,2764.554797,0.0,0.0
2035-05-07,15,0,reserve,system,2811.070411,0.0,0.0,2811.070411,0.0,0.0
2035-05-07,16,0,reserve,system,2850.716587,0.0,0.0,2850.716587,0.0,0.0
2035-05-07,17,0,reserve,system,2867.492276,0.0,0.0,2867.492276,0.0,0.0
2035-05-07,18,0,reserve,system,2864.863949,0.0,0.0,2864.863949,0.0,0.0
2035-05-07,19,0,reserve,system,2884.033882,0.0,0.0,2884.033882,0.0,0.0
2035-05-07,20,0,reserve,system,2823.578273,0.0,0.0,2823.578273,0.0,0.0
2035-05-07,21,0,reserve,system,2733.982186,0.0,0.0,2733.982186,0.0,0.0
2035-05-07,22,0,reserve,system,2634.983413,0.0,0.0,2634.983413,0.0,0.0
2035-05-07,23,0,reserve,system,2544.320973,0.0,0.0,2544.320973,0.0,0.0
2035-05-08,0,0,reserve,system,2474.825887,0.0,0.0,2474.825887,0.0,0.0
2035-05-08,1,0,reserve,system,2453.806638,0.0,0.0,2453.806638,0.0,0.0
2035-05-08,2,0,reserve,system,2434.598029,0.0,0.0,2434.598029,0.0,0.0
2035-05-08,3,0,reserve,system,2452.559975,0.0,0.0,2452.559975,0.0,0.0
2035-05-08,4,0,reserve,system,2528.007987,0.0,0.0,2528.007987,0.0,0.0
2035-05-08,5,0,reserve,system,2640.2423,0.0,0.0,2640.2423,0.0,0.0
2035-05-08,6,0,reserve,system,2682.836892,0.0,0.0,2682.836892,0.0,0.0
2035-05-08,7,0,reserve,system,2686.203583,0.0,0.0,2686.203583,0.0,0.0
2035-05-08,8,0,reserve,system,2658.118289,0.0,0.0,2658.118289,0.0,0.0
2035-05-08,9,0,reserve,system,2601.754604,0.0,0.0,2601.754604,0.0,0.0
2035-05-08,10,0,reserve,system,2546.434739,0.0,0.0,2546.434739,0.0,0.0
2035-05-08,11,0,reserve,system,2487.218834,0.0,0.0,2487.218834,0.0,0.0
2035-05-08,12,0,reserve,system,2429.742029,0.0,0.0,2429.742029,0.0,0.0
2035-05-08,13,0,reserve,system,2374.69126,0.0,0.0,2374.69126,0.0,0.0
2035-05-08,14,0,reserve,system,2370.565333,0.0,0.0,2370.565333,0.0,0.0
2035-05-08,15,0,reserve,system,2426.073867,0.0,0.0,2426.073867,0.0,0.0
2035-05-08,16,0,reserve,system,2487.03112,0.0,0.0,2487.03112,0.0,0.0
2035-05-08,17,0,reserve,system,2545.305565,0.0,0.0,2545.305565,0.0,0.0
2035-05-08,18,0,reserve,system,2612.258327,0.0,0.0,2612.258327,0.0,0.0
2035-05-08,19,0,reserve,system,2672.399888,0.0,0.0,2672.399888,0.0,0.0
2035-05-08,20,0,reserve,system,2646.121018,0.0,0.0,2646.121018,0.0,0.0
2035-05-08,21,0,reserve,system,2550.722575,0.0,0.0,2550.722575,0.0,0.0
2035-05-08,22,0,reserve,system,2487.782862,0.0,0.0,2487.782862,0.0,0.0
2035-05-08,23,0,reserve,system,2421.263609,0.0,0.0,2421.263609,0.0,0.0
2035-05-09,0,0,reserve,system,2387.435568,0.0,0.0,2387.435568,0.0,0.0
2035-05-09,1,0,reserve,system,2374.817791,0.0,0.0,2374.817791,0.0,0.0
2035-05-09,2,0,reserve,system,2365.818116,0.0,0.0,2365.818116,0.0,0.0
2035-05-09,3,0,reserve,system,2420.571452,0.0,0.0,2420.571452,0.0,0.0
2035-05-09,4,0,reserve,system,2521.153707,0.0,0.0,2521.153707,0.0,0.0
2035-05-09,5,0,reserve,system,2651.281607,0.0,0.0,2651.281607,0.0,0.0
2035-05-09,6,0,reserve,system,2664.490725,0.0,0.0,2664.490725,0.0,0.0
2035-05-09,7,0,reserve,system,2655.991183,0.0,0.0,2655.991183,0.0,0.0
2035-05-09,8,0,reserve,system,2633.274601,0.0,0.0,2633.274601,0.0,0.0
2035-05-09,9,0,reserve,system,2590.170701,0.0,0.0,2590.170701,0.0,0.0
2035-05-09,10,0,reserve,system,2578.214883,0.0,0.0,2578.214883,0.0,0.0
2035-05-09,11,0,reserve,system,2578.128478,0.0,0.0,2578.128478,0.0,0.0
2035-05-09,12,0,reserve,system,2574.043829,0.0,0.0,2574.043829,0.0,0.0
2035-05-09,13,0,reserve,system,2556.17585,0.0,0.0,2556.17585,0.0,0.0
2035-05-09,14,0,reserve,system,2513.722386,0.0,0.0,2513.722386,0.0,0.0
2035-05-09,15,0,reserve,system,2509.626879,0.0,0.0,2509.626879,0.0,0.0
2035-05-09,16,0,reserve,system,2495.007037,0.0,0.0,2495.007037,0.0,0.0
2035-05-09,17,0,reserve,system,2498.634903,0.0,0.0,2498.634903,0.0,0.0
2035-05-09,18,0,reserve,system,2534.080606,0.0,0.0,2534.080606,0.0,0.0
2035-05-09,19,0,reserve,system,2572.372469,0.0,0.0,2572.372469,0.0,0.0
2035-05-09,20,0,reserve,system,2517.07374,0.0,0.0,2517.07374,0.0,0.0
2035-05-09,21,0,reserve,system,2374.528676,0.0,0.0,2374.528676,0.0,0.0
2035-05-09,22,0,reserve,system,2243.433401,0.0,0.0,2243.433401,0.0,0.0
2035-05-09,23,0,reserve,system,2155.728183,0.0,0.0,2155.728183,0.0,0.0
2035-05-10,0,0,reserve,system,2113.59406,0.0,0.0,2113.59406,0.0,0.0
2035-05-10,1,0,reserve,system,2109.093388,0.0,0.0,2109.093388,0.0,0.0
2035-05-10,2,0,reserve,system,2118.91292,0.0,0.0,2118.91292,0.0,0.0
2035-05-10,3,0,reserve,system,2164.406305,0.0,0.0,2164.406305,0.0,0.0
2035-05-10,4,0,reserve,system,2279.033013,0.0,0.0,2279.033013,0.0,0.0
2035-05-10,5,0,reserve,system,2467.398259,0.0,0.0,2467.398259,0.0,0.0
2035-05-10,6,0,reserve,system,2531.269032,0.0,0.0,2531.269032,0.0,0.0
2035-05-10,7,0,reserve,system,2480.618843,0.0,0.0,2480.618843,0.0,0.0
2035-05-10,8,0,reserve,system,2409.110577,0.0,0.0,2409.110577,0.0,0.0
2035-05-10,9,0,reserve,system,2308.371903,0.0,0.0,2308.371903,0.0,0.0
2035-05-10,10,0,reserve,system,2216.882497,0.0,0.0,2216.882497,0.0,0.0
2035-05-10,11,0,reserve,system,2125.614937,0.0,0.0,2125.614937,0.0,0.0
2035-05-10,12,0,reserve,system,2074.520619,0.0,0.0,2074.520619,0.0,0.0
2035-05-10,13,0,reserve,system,2025.919608,0.0,0.0,2025.919608,0.0,0.0
2035-05-10,14,0,reserve,system,1993.578696,0.0,0.0,1993.578696,0.0,0.0
2035-05-10,15,0,reserve,system,2002.448945,0.0,0.0,2002.448945,0.0,0.0
2035-05-10,16,0,reserve,system,2030.344023,0.0,0.0,2030.344023,0.0,0.0
2035-05-10,17,0,reserve,system,2077.853982,0.0,0.0,2077.853982,0.0,0.0
2035-05-10,18,0,reserve,system,2134.283227,0.0,0.0,2134.283227,0.0,0.0
2035-05-10,19,0,reserve,system,2212.929634,0.0,0.0,2212.929634,0.0,0.0
2035-05-10,20,0,reserve,system,2214.487303,0.0,0.0,2214.487303,0.0,0.0
2035-05-10,21,0,reserve,system,2171.472247,0.0,0.0,2171.472247,0.0,0.0
2035-05-10,22,0,reserve,system,2122.680356,0.0,0.0,2122.680356,0.0,0.0
2035-05-10,23,0,reserve,system,2096.185122,0.0,0.0,2096.185122,0.0,0.0
2035-05-11,0,0,reserve,system,2075.843826,0.0,0.0,2075.843826,0.0,0.0
2035-05-11,1,0,reserve,system,2084.806447,0.0,0.0,2084.806447,0.0,0.0
2035-05-11,2,0,reserve,system,2101.457049,0.0,0.0,2101.457049,0.0,0.0
2035-05-11,3,0,reserve,system,2153.279861,0.0,0.0,2153.279861,0.0,0.0
2035-05-11,4,0,reserve,system,2220.357763,0.0,0.0,2220.357763,0.0,0.0
2035-05-11,5,0,reserve,system,2309.482845,0.0,0.0,2309.482845,0.0,0.0
2035-05-11,6,0,reserve,system,2377.787208,0.0,0.0,2377.787208,0.0,0.0
2035-05-11,7,0,reserve,system,2425.308544,0.0,0.0,2425.308544,0.0,0.0
2035-05-11,8,0,reserve,system,2449.675589,0.0,0.0,2449.675589,0.0,0.0
2035-05-11,9,0,reserve,system,2413.112572,0.0,0.0,2413.112572,0.0,0.0
2035-05-11,10,0,reserve,system,2363.289405,0.0,0.0,2363.289405,0.0,0.0
2035-05-11,11,0,reserve,system,2288.301746,0.0,0.0,2288.301745,0.0,0.0
2035-05-11,12,0,reserve,system,2220.78026,0.0,0.0,2220.78026,0.0,0.0
2035-05-11,13,0,reserve,system,2157.357879,0.0,0.0,2157.357879,0.0,0.0
2035-05-11,14,0,reserve,system,2118.629741,0.0,0.0,2118.629741,0.0,0.0
2035-05-11,15,0,reserve,system,2124.186117,0.0,0.0,2124.186117,0.0,0.0
2035-05-11,16,0,reserve,system,2152.476776,0.0,0.0,2152.476776,0.0,0.0
2035-05-11,17,0,reserve,system,2209.85434,0.0,0.0,2209.85434,0.0,0.0
2035-05-11,18,0,reserve,system,2280.9355,0.0,0.0,2280.9355,0.0,0.0
2035-05-11,19,0,reserve,system,2355.907261,0.0,0.0,2355.907261,0.0,0.0
2035-05-11,20,0,reserve,system,2354.918314,0.0,0.0,2354.918314,0.0,0.0
2035-05-11,21,0,reserve,system,2338.479149,0.0,0.0,2338.479149,0.0,0.0
2035-05-11,22,0,reserve,system,2315.704909,0.0,0.0,2315.704909,0.0,0.0
2035-05-11,23,0,reserve,system,2262.756601,0.0,0.0,2262.756601,0.0,0.0
2035-05-12,0,0,reserve,system,2215.711732,0.0,0.0,2215.711732,0.0,0.0
2035-05-12,1,0,reserve,system,2188.934948,0.0,0.0,2188.934948,0.0,0.0
2035-05-12,2,0,reserve,system,2168.47279,0.0,0.0,2168.47279,0.0,0.0
2035-05-12,3,0,reserve,system,2166.375922,0.0,0.0,2166.375922,0.0,0.0
2035-05-12,4,0,reserve,system,2139.713242,0.0,0.0,2139.713242,0.0,0.0
2035-05-12,5,0,reserve,system,2084.583917,0.0,0.0,2084.583917,0.0,0.0
2035-05-12,6,0,reserve,system,2093.21667,0.0,0.0,2093.21667,0.0,0.0
2035-05-12,7,0,reserve,system,2186.802902,0.0,0.0,2186.802902,0.0,0.0
2035-05-12,8,0,reserve,system,2247.360937,0.0,0.0,2247.360937,0.0,0.0
2035-05-12,9,0,reserve,system,2230.294465,0.0,0.0,2230.294465,0.0,0.0
2035-05-12,10,0,reserve,system,2186.420818,0.0,0.0,2186.420818,0.0,0.0
2035-05-12,11,0,reserve,system,2170.335345,0.0,0.0,2170.335345,0.0,0.0
2035-05-12,12,0,reserve,system,2165.631974,0.0,0.0,2165.631974,0.0,0.0
2035-05-12,13,0,reserve,system,2195.449741,0.0,0.0,2195.449741,0.0,0.0
2035-05-12,14,0,reserve,system,2251.187641,0.0,0.0,2251.187641,0.0,0.0
2035-05-12,15,0,reserve,system,2324.93113,0.0,0.0,2324.93113,0.0,0.0
2035-05-12,16,0,reserve,system,2395.638973,0.0,0.0,2395.638973,0.0,0.0
2035-05-12,17,0,reserve,system,2458.792273,0.0,0.0,2458.792273,0.0,0.0
2035-05-12,18,0,reserve,system,2494.85286,0.0,0.0,2494.85286,0.0,0.0
2035-05-12,19,0,reserve,system,2488.86977,0.0,0.0,2488.86977,0.0,0.0
2035-05-12,20,0,reserve,system,2470.610714,0.0,0.0,2470.610714,0.0,0.0
2035-05-12,21,0,reserve,system,2405.913775,0.0,0.0,2405.913775,0.0,0.0
2035-05-12,22,0,reserve,system,2291.941651,0.0,0.0,2291.941651,0.0,0.0
2035-05-12,23,0,reserve,system,2195.433173,0.0,0.0,2195.433173,0.0,0.0
2035-05-13,0,0,reserve,system,2125.59832,0.0,0.0,2125.59832,0.0,0.0
2035-05-13,1,0,reserve,system,2083.755376,0.0,0.0,2083.755376,0.0,0.0
2035-05-13,2,0,reserve,system,2065.113559,0.0,0.0,2065.113559,0.0,0.0
2035-05-13,3,0,reserve,system,2078.506724,0.0,0.0,2078.506724,0.0,0.0
2035-05-13,4,0,reserve,system,2154.29322,0.0,0.0,2154.29322,0.0,0.0
2035-05-13,5,0,reserve,system,2264.896866,0.0,0.0,2264.896866,0.0,0.0
2035-05-13,6,0,reserve,system,2295.981397,0.0,0.0,2295.981397,0.0,0.0
2035-05-13,7,0,reserve,system,2317.874368,0.0,0.0,2317.874368,0.0,0.0
2035-05-13,8,0,reserve,system,2343.884907,0.0,0.0,2343.884907,0.0,0.0
2035-05-13,9,0,reserve,system,2369.882237,0.0,0.0,2369.882237,0.0,0.0
2035-05-13,10,0,reserve,system,2382.008568,0.0,0.0,2382.008568,0.0,0.0
2035-05-13,11,0,reserve,system,2399.090587,0.0,0.0,2399.090587,0.0,0.0
2035-05-13,12,0,reserve,system,2428.768676,0.0,0.0,2428.768676,0.0,0.0
2035-05-13,13,0,reserve,system,2470.219853,0.0,0.0,2470.219853,0.0,0.0
2035-05-13,14,0,reserve,system,2522.386564,0.0,0.0,2522.386564,0.0,0.0
2035-05-13,15,0,reserve,system,2583.447315,0.0,0.0,2583.447315,0.0,0.0
2035-05-13,16,0,reserve,system,2632.766242,0.0,0.0,2632.766242,0.0,0.0
2035-05-13,17,0,reserve,system,2668.331664,0.0,0.0,2668.331664,0.0,0.0
2035-05-13,18,0,reserve,system,2663.413682,0.0,0.0,2663.413682,0.0,0.0
2035-05-13,19,0,reserve,system,2660.220115,0.0,0.0,2660.220115,0.0,0.0
2035-05-13,20,0,reserve,system,2598.607348,0.0,0.0,2598.607348,0.0,0.0
2035-05-13,21,0,reserve,system,2458.419545,0.0,0.0,2458.419545,0.0,0.0
2035-05-13,22,0,reserve,system,2324.539168,0.0,0.0,2324.539168,0.0,0.0
2035-05-13,23,0,reserve,system,2251.04387,0.0,0.0,2251.04387,0.0,0.0
2035-05-14,0,0,reserve,system,2187.570194,0.0,0.0,2187.570194,0.0,0.0
2035-05-14,1,0,reserve,system,2142.017084,0.0,0.0,2142.017084,0.0,0.0
2035-05-14,2,0,reserve,system,2128.807321,0.0,0.0,2128.807321,0.0,0.0
2035-05-14,3,0,reserve,system,2145.325487,0.0,0.0,2145.325487,0.0,0.0
2035-05-14,4,0,reserve,system,2223.861281,0.0,0.0,2223.861281,0.0,0.0
2035-05-14,5,0,reserve,system,2336.705654,0.0,0.0,2336.705654,0.0,0.0
2035-05-14,6,0,reserve,system,2371.578494,0.0,0.0,2371.578494,0.0,0.0
2035-05-14,7,0,reserve,system,2429.647766,0.0,0.0,2429.647766,0.0,0.0
2035-05-14,8,0,reserve,system,2476.081105,0.0,0.0,2476.081105,0.0,0.0
2035-05-14,9,0,reserve,system,2520.121282,0.0,0.0,2520.121282,0.0,0.0
2035-05-14,10,0,reserve,system,2586.157289,0.0,0.0,2586.157289,0.0,0.0
2035-05-14,11,0,reserve,system,2614.1118,0.0,0.0,2614.1118,0.0,0.0
2035-05-14,12,0,reserve,system,2634.353256,0.0,0.0,2634.353256,0.0,0.0
2035-05-14,13,0,reserve,system,2667.789366,0.0,0.0,2667.789366,0.0,0.0
2035-05-14,14,0,reserve,system,2708.104496,0.0,0.0,2708.104496,0.0,0.0
2035-05-14,15,0,reserve,system,2763.498187,0.0,0.0,2763.498187,0.0,0.0
2035-05-14,16,0,reserve,system,2814.744872,0.0,0.0,2814.744872,0.0,0.0
2035-05-14,17,0,reserve,system,2842.400782,0.0,0.0,2842.400782,0.0,0.0
2035-05-14,18,0,reserve,system,2844.992664,0.0,0.0,2844.992664,0.0,0.0
2035-05-14,19,0,reserve,system,2836.130694,0.0,0.0,2836.130694,0.0,0.0
2035-05-14,20,0,reserve,system,2767.290934,0.0,0.0,2767.290934,0.0,0.0
2035-05-14,21,0,reserve,system,2636.211605,0.0,0.0,2636.211605,0.0,0.0
2035-05-14,22,0,reserve,system,2517.73318,0.0,0.0,2517.73318,0.0,0.0
2035-05-14,23,0,reserve,system,2411.771992,0.0,0.0,2411.771992,0.0,0.0
2035-05-15,0,0,reserve,system,2337.047242,0.0,0.0,2337.047242,0.0,0.0
2035-05-15,1,0,reserve,system,2306.084157,0.0,0.0,2306.084157,0.0,0.0
2035-05-15,2,0,reserve,system,2297.48882,0.0,0.0,2297.48882,0.0,0.0
2035-05-15,3,0,reserve,system,2322.702202,0.0,0.0,2322.702202,0.0,0.0
2035-05-15,4,0,reserve,system,2408.799008,0.0,0.0,2408.799008,0.0,0.0
2035-05-15,5,0,reserve,system,2510.222968,0.0,0.0,2510.222968,0.0,0.0
2035-05-15,6,0,reserve,system,2559.901969,0.0,0.0,2559.901969,0.0,0.0
2035-05-15,7,0,reserve,system,2620.206012,0.0,0.0,2620.206012,0.0,0.0
2035-05-15,8,0,reserve,system,2681.998787,0.0,0.0,2681.998787,0.0,0.0
2035-05-15,9,0,reserve,system,2744.192237,0.0,0.0,2744.192237,0.0,0.0
2035-05-15,10,0,reserve,system,2786.141534,0.0,0.0,2786.141534,0.0,0.0
2035-05-15,11,0,reserve,system,2815.161588,0.0,0.0,2815.161588,0.0,0.0
2035-05-15,12,0,reserve,system,2885.22512,0.0,0.0,2885.22512,0.0,0.0
2035-05-15,13,0,reserve,system,2903.888257,0.0,0.0,2903.888257,0.0,0.0
2035-05-15,14,0,reserve,system,2963.901109,0.0,0.0,2963.901109,0.0,0.0
2035-05-15,15,0,reserve,system,3067.306041,0.0,0.0,3067.306041,0.0,0.0
2035-05-15,16,0,reserve,system,3180.55747,0.0,0.0,3180.55747,0.0,0.0
2035-05-15,17,0,reserve,system,3222.219983,0.0,0.0,3222.219983,0.0,0.0
2035-05-15,18,0,reserve,system,3179.144906,0.0,0.0,3179.144906,0.0,0.0
2035-05-15,19,0,reserve,system,3110.845116,0.0,0.0,3110.845116,0.0,0.0
2035-05-15,20,0,reserve,system,3025.553918,0.0,0.0,3025.553918,0.0,0.0
2035-05-15,21,0,reserve,system,2880.056101,0.0,0.0,2880.056101,0.0,0.0
2035-05-15,22,0,reserve,system,2725.751919,0.0,0.0,2725.751919,0.0,0.0
2035-05-15,23,0,reserve,system,2579.721281,0.0,0.0,2579.721281,0.0,0.0
2035-05-16,0,0,reserve,system,2476.21242,0.0,0.0,2476.21242,0.0,0.0
2035-05-16,1,0,reserve,system,2431.366652,0.0,0.0,2431.366652,0.0,0.0
2035-05-16,2,0,reserve,system,2401.175652,0.0,0.0,2401.175651,0.0,0.0
2035-05-16,3,0,reserve,system,2424.423946,0.0,0.0,2424.423946,0.0,0.0
2035-05-16,4,0,reserve,system,2509.459713,0.0,0.0,2509.459713,0.0,0.0
2035-05-16,5,0,reserve,system,2620.80757,0.0,0.0,2620.80757,0.0,0.0
2035-05-16,6,0,reserve,system,2671.077305,0.0,0.0,2671.077305,0.0,0.0
2035-05-16,7,0,reserve,system,2741.836755,0.0,0.0,2741.836755,0.0,0.0
2035-05-16,8,0,reserve,system,2799.359464,0.0,0.0,2799.359464,0.0,0.0
2035-05-16,9,0,reserve,system,2851.691306,0.0,0.0,2851.691306,0.0,0.0
2035-05-16,10,0,reserve,system,2907.183778,0.0,0.0,2907.183778,0.0,0.0
2035-05-16,11,0,reserve,system,2956.731028,0.0,0.0,2956.731028,0.0,0.0
2035-05-16,12,0,reserve,system,2979.421673,0.0,0.0,2979.421673,0.0,0.0
2035-05-16,13,0,reserve,system,3020.273805,0.0,0.0,3020.273805,0.0,0.0
2035-05-16,14,0,reserve,system,3066.22462,0.0,0.0,3066.22462,0.0,0.0
2035-05-16,15,0,reserve,system,3139.045032,0.0,0.0,3139.045032,0.0,0.0
2035-05-16,16,0,reserve,system,3205.179212,0.0,0.0,3205.179212,0.0,0.0
2035-05-16,17,0,reserve,system,3251.99008,0.0,0.0,3251.99008,0.0,0.0
2035-05-16,18,0,reserve,system,3268.072961,0.0,0.0,3268.072961,0.0,0.0
2035-05-16,19,0,reserve,system,3243.443925,0.0,0.0,3243.443925,0.0,0.0
2035-05-16,20,0,reserve,system,3176.234782,0.0,0.0,3176.234782,0.0,0.0
2035-05-16,21,0,reserve,system,3029.822117,0.0,0.0,3029.822117,0.0,0.0
2035-05-16,22,0,reserve,system,2864.534689,0.0,0.0,2864.534689,0.0,0.0
2035-05-16,23,0,reserve,system,2727.120144,0.0,0.0,2727.120145,0.0,0.0
2035-05-17,0,0,reserve,system,2646.751803,0.0,0.0,2646.751803,0.0,0.0
2035-05-17,1,0,reserve,system,2607.362889,0.0,0.0,2607.362889,0.0,0.0
2035-05-17,2,0,reserve,system,2588.708013,0.0,0.0,2588.708013,0.0,0.0
2035-05-17,3,0,reserve,system,2630.301359,0.0,0.0,2630.301359,0.0,0.0
2035-05-17,4,0,reserve,system,2742.029062,0.0,0.0,2742.029062,0.0,0.0
2035-05-17,5,0,reserve,system,2933.208829,0.0,0.0,2933.208829,0.0,0.0
2035-05-17,6,0,reserve,system,2987.185919,0.0,0.0,2987.185919,0.0,0.0
2035-05-17,7,0,reserve,system,2967.673577,0.0,0.0,2967.673577,0.0,0.0
2035-05-17,8,0,reserve,system,2962.897775,0.0,0.0,2962.897775,0.0,0.0
2035-05-17,9,0,reserve,system,2968.256681,0.0,0.0,2968.256681,0.0,0.0
2035-05-17,10,0,reserve,system,2987.56314,0.0,0.0,2987.56314,0.0,0.0
2035-05-17,11,0,reserve,system,2995.377777,0.0,0.0,2995.377777,0.0,0.0
2035-05-17,12,0,reserve,system,3049.688591,0.0,0.0,3049.688591,0.0,0.0
2035-05-17,13,0,reserve,system,3116.314086,0.0,0.0,3116.314086,0.0,0.0
2035-05-17,14,0,reserve,system,3178.151671,0.0,0.0,3178.151671,0.0,0.0
2035-05-17,15,0,reserve,system,3260.002702,0.0,0.0,3260.002701,0.0,0.0
2035-05-17,16,0,reserve,system,3308.166539,0.0,0.0,3308.166539,0.0,0.0
2035-05-17,17,0,reserve,system,3318.203049,0.0,0.0,3318.203049,0.0,0.0
2035-05-17,18,0,reserve,system,3314.413404,0.0,0.0,3314.413404,0.0,0.0
2035-05-17,19,0,reserve,system,3303.690438,0.0,0.0,3303.690438,0.0,0.0
2035-05-17,20,0,reserve,system,3250.650242,0.0,0.0,3250.650242,0.0,0.0
2035-05-17,21,0,reserve,system,3186.256256,0.0,0.0,3186.256256,0.0,0.0
2035-05-17,22,0,reserve,system,3078.643336,0.0,0.0,3078.643336,0.0,0.0
2035-05-17,23,0,reserve,system,2959.702382,0.0,0.0,2959.702382,0.0,0.0
2035-05-18,0,0,reserve,system,2876.435357,0.0,0.0,2876.435357,0.0,0.0
2035-05-18,1,0,reserve,system,2842.316577,0.0,0.0,2842.316577,0.0,0.0
2035-05-18,2,0,reserve,system,2807.259767,0.0,0.0,2807.259767,0.0,0.0
2035-05-18,3,0,reserve,system,2811.031314,0.0,0.0,2811.031314,0.0,0.0
2035-05-18,4,0,reserve,system,2839.250094,0.0,0.0,2839.250094,0.0,0.0
2035-05-18,5,0,reserve,system,2870.042875,0.0,0.0,2870.042875,0.0,0.0
2035-05-18,6,0,reserve,system,2909.38796,0.0,0.0,2909.38796,0.0,0.0
2035-05-18,7,0,reserve,system,2930.356284,0.0,0.0,2930.356284,0.0,0.0
2035-05-18,8,0,reserve,system,2939.012364,0.0,0.0,2939.012364,0.0,0.0
2035-05-18,9,0,reserve,system,2900.166195,0.0,0.0,2900.166195,0.0,0.0
2035-05-18,10,0,reserve,system,2834.76533,0.0,0.0,2834.76533,0.0,0.0
2035-05-18,11,0,reserve,system,2728.935146,0.0,0.0,2728.935146,0.0,0.0
2035-05-18,12,0,reserve,system,2639.264839,0.0,0.0,2639.264839,0.0,0.0
2035-05-18,13,0,reserve,system,2564.35304,0.0,0.0,2564.35304,0.0,0.0
2035-05-18,14,0,reserve,system,2536.52469,0.0,0.0,2536.52469,0.0,0.0
2035-05-18,15,0,reserve,system,2550.66819,0.0,0.0,2550.66819,0.0,0.0
2035-05-18,16,0,reserve,system,2564.256592,0.0,0.0,2564.256592,0.0,0.0
2035-05-18,17,0,reserve,system,2614.221985,0.0,0.0,2614.221985,0.0,0.0
2035-05-18,18,0,reserve,system,2660.631954,0.0,0.0,2660.631954,0.0,0.0
2035-05-18,19,0,reserve,system,2723.062661,0.0,0.0,2723.062661,0.0,0.0
2035-05-18,20,0,reserve,system,2729.869857,0.0,0.0,2729.869857,0.0,0.0
2035-05-18,21,0,reserve,system,2703.015156,0.0,0.0,2703.015156,0.0,0.0
2035-05-18,22,0,reserve,system,2719.950667,0.0,0.0,2719.950667,0.0,0.0
2035-05-18,23,0,reserve,system,2658.847269,0.0,0.0,2658.847269,0.0,0.0
2035-05-19,0,0,reserve,system,2608.445562,0.0,0.0,2608.445562,0.0,0.0
2035-05-19,1,0,reserve,system,2582.279772,0.0,0.0,2582.279772,0.0,0.0
2035-05-19,2,0,reserve,system,2560.172743,0.0,0.0,2560.172743,0.0,0.0
2035-05-19,3,0,reserve,system,2552.751885,0.0,0.0,2552.751885,0.0,0.0
2035-05-19,4,0,reserve,system,2506.383365,0.0,0.0,2506.383365,0.0,0.0
2035-05-19,5,0,reserve,system,2423.420241,0.0,0.0,2423.420241,0.0,0.0
2035-05-19,6,0,reserve,system,2420.354256,0.0,0.0,2420.354256,0.0,0.0
2035-05-19,7,0,reserve,system,2515.881061,0.0,0.0,2515.881061,0.0,0.0
2035-05-19,8,0,reserve,system,2578.943535,0.0,0.0,2578.943535,0.0,0.0
2035-05-19,9,0,reserve,system,2613.705903,0.0,0.0,2613.705903,0.0,0.0
2035-05-19,10,0,reserve,system,2620.873205,0.0,0.0,2620.873205,0.0,0.0
2035-05-19,11,0,reserve,system,2655.862715,0.0,0.0,2655.862715,0.0,0.0
2035-05-19,12,0,reserve,system,2697.921976,0.0,0.0,2697.921976,0.0,0.0
2035-05-19,13,0,reserve,system,2746.121494,0.0,0.0,2746.121494,0.0,0.0
2035-05-19,14,0,reserve,system,2789.530072,0.0,0.0,2789.530072,0.0,0.0
2035-05-19,15,0,reserve,system,2841.668512,0.0,0.0,2841.668512,0.0,0.0
2035-05-19,16,0,reserve,system,2893.401105,0.0,0.0,2893.401105,0.0,0.0
2035-05-19,17,0,reserve,system,2930.282217,0.0,0.0,2930.282217,0.0,0.0
2035-05-19,18,0,reserve,system,2946.492586,0.0,0.0,2946.492586,0.0,0.0
2035-05-19,19,0,reserve,system,2957.00825,0.0,0.0,2957.00825,0.0,0.0
2035-05-19,20,0,reserve,system,2929.170813,0.0,0.0,2929.170813,0.0,0.0
2035-05-19,21,0,reserve,system,2828.600403,0.0,0.0,2828.600403,0.0,0.0
2035-05-19,22,0,reserve,system,2724.377141,0.0,0.0,2724.377141,0.0,0.0
2035-05-19,23,0,reserve,system,2655.028203,0.0,0.0,2655.028203,0.0,0.0
2035-05-20,0,0,reserve,system,2598.64539,0.0,0.0,2598.64539,0.0,0.0
2035-05-20,1,0,reserve,system,2575.293308,0.0,0.0,2575.293308,0.0,0.0
2035-05-20,2,0,reserve,system,2569.306941,0.0,0.0,2569.306941,0.0,0.0
2035-05-20,3,0,reserve,system,2608.553044,0.0,0.0,2608.553044,0.0,0.0
2035-05-20,4,0,reserve,system,2710.222084,0.0,0.0,2710.222084,0.0,0.0
2035-05-20,5,0,reserve,system,2834.379731,0.0,0.0,2834.379731,0.0,0.0
2035-05-20,6,0,reserve,system,2863.179957,0.0,0.0,2863.179957,0.0,0.0
2035-05-20,7,0,reserve,system,2863.261061,0.0,0.0,2863.261061,0.0,0.0
2035-05-20,8,0,reserve,system,2904.724124,0.0,0.0,2904.724124,0.0,0.0
2035-05-20,9,0,reserve,system,2937.701279,0.0,0.0,2937.701279,0.0,0.0
2035-05-20,10,0,reserve,system,2963.623143,0.0,0.0,2963.623143,0.0,0.0
2035-05-20,11,0,reserve,system,2990.857718,0.0,0.0,2990.857718,0.0,0.0
2035-05-20,12,0,reserve,system,3016.240225,0.0,0.0,3016.240225,0.0,0.0
2035-05-20,13,0,reserve,system,3027.940681,0.0,0.0,3027.940681,0.0,0.0
2035-05-20,14,0,reserve,system,3018.661358,0.0,0.0,3018.661358,0.0,0.0
2035-05-20,15,0,reserve,system,3041.090955,0.0,0.0,3041.090955,0.0,0.0
2035-05-20,16,0,reserve,system,3047.362676,0.0,0.0,3047.362676,0.0,0.0
2035-05-20,17,0,reserve,system,3038.337064,0.0,0.0,3038.337064,0.0,0.0
2035-05-20,18,0,reserve,system,3024.439859,0.0,0.0,3024.439859,0.0,0.0
2035-05-20,19,0,reserve,system,3038.524291,0.0,0.0,3038.524291,0.0,0.0
2035-05-20,20,0,reserve,system,2991.016103,0.0,0.0,2991.016103,0.0,0.0
2035-05-20,21,0,reserve,system,2873.65895,0.0,0.0,2873.65895,0.0,0.0
2035-05-20,22,0,reserve,system,2765.894989,0.0,0.0,2765.894989,0.0,0.0
2035-05-20,23,0,reserve,system,2698.58907,0.0,0.0,2698.58907,0.0,0.0
2035-05-21,0,0,reserve,system,2652.635411,0.0,0.0,2652.635411,0.0,0.0
2035-05-21,1,0,reserve,system,2632.560784,0.0,0.0,2632.560784,0.0,0.0
2035-05-21,2,0,reserve,system,2614.0703,0.0,0.0,2614.0703,0.0,0.0
2035-05-21,3,0,reserve,system,2628.258651,0.0,0.0,2628.258651,0.0,0.0
2035-05-21,4,0,reserve,system,2681.539141,0.0,0.0,2681.539141,0.0,0.0
2035-05-21,5,0,reserve,system,2756.287065,0.0,0.0,2756.287065,0.0,0.0
2035-05-21,6,0,reserve,system,2736.204516,0.0,0.0,2736.204516,0.0,0.0
2035-05-21,7,0,reserve,system,2703.579495,0.0,0.0,2703.579495,0.0,0.0
2035-05-21,8,0,reserve,system,2661.835357,0.0,0.0,2661.835357,0.0,0.0
2035-05-21,9,0,reserve,system,2611.989062,0.0,0.0,2611.989062,0.0,0.0
2035-05-21,10,0,reserve,system,2594.450127,0.0,0.0,2594.450127,0.0,0.0
2035-05-21,11,0,reserve,system,2596.511942,0.0,0.0,2596.511942,0.0,0.0
2035-05-21,12,0,reserve,system,2635.507986,0.0,0.0,2635.507986,0.0,0.0
2035-05-21,13,0,reserve,system,2667.82185,0.0,0.0,2667.82185,0.0,0.0
2035-05-21,14,0,reserve,system,2716.859291,0.0,0.0,2716.859291,0.0,0.0
2035-05-21,15,0,reserve,system,2792.306298,0.0,0.0,2792.306298,0.0,0.0
2035-05-21,16,0,reserve,system,2851.587428,0.0,0.0,2851.587428,0.0,0.0
2035-05-21,17,0,reserve,system,2882.280982,0.0,0.0,2882.280982,0.0,0.0
2035-05-21,18,0,reserve,system,2863.084626,0.0,0.0,2863.084626,0.0,0.0
2035-05-21,19,0,reserve,system,2832.017136,0.0,0.0,2832.017136,0.0,0.0
2035-05-21,20,0,reserve,system,2783.466619,0.0,0.0,2783.466619,0.0,0.0
2035-05-21,21,0,reserve,system,2657.134954,0.0,0.0,2657.134954,0.0,0.0
2035-05-21,22,0,reserve,system,2519.589196,0.0,0.0,2519.589196,0.0,0.0
2035-05-21,23,0,reserve,system,2434.740276,0.0,0.0,2434.740276,0.0,0.0
2035-05-22,0,0,reserve,system,2391.658829,0.0,0.0,2391.658829,0.0,0.0
2035-05-22,1,0,reserve,system,2383.801761,0.0,0.0,2383.801761,0.0,0.0
2035-05-22,2,0,reserve,system,2388.508395,0.0,0.0,2388.508395,0.0,0.0
2035-05-22,3,0,reserve,system,2442.771698,0.0,0.0,2442.771698,0.0,0.0
2035-05-22,4,0,reserve,system,2537.944049,0.0,0.0,2537.944049,0.0,0.0
2035-05-22,5,0,reserve,system,2630.210772,0.0,0.0,2630.210772,0.0,0.0
2035-05-22,6,0,reserve,system,2672.459232,0.0,0.0,2672.459232,0.0,0.0
2035-05-22,7,0,reserve,system,2712.602331,0.0,0.0,2712.602331,0.0,0.0
2035-05-22,8,0,reserve,system,2768.651783,0.0,0.0,2768.651783,0.0,0.0
2035-05-22,9,0,reserve,system,2829.808452,0.0,0.0,2829.808452,0.0,0.0
2035-05-22,10,0,reserve,system,2896.21526,0.0,0.0,2896.21526,0.0,0.0
2035-05-22,11,0,reserve,system,2949.102058,0.0,0.0,2949.102058,0.0,0.0
2035-05-22,12,0,reserve,system,3000.16905,0.0,0.0,3000.16905,0.0,0.0
2035-05-22,13,0,reserve,system,3027.007702,0.0,0.0,3027.007702,0.0,0.0
2035-05-22,14,0,reserve,system,3051.332401,0.0,0.0,3051.332401,0.0,0.0
2035-05-22,15,0,reserve,system,3091.486954,0.0,0.0,3091.486954,0.0,0.0
2035-05-22,16,0,reserve,system,3114.444528,0.0,0.0,3114.444528,0.0,0.0
2035-05-22,17,0,reserve,system,3141.20112,0.0,0.0,3141.20112,0.0,0.0
2035-05-22,18,0,reserve,system,3143.617988,0.0,0.0,3143.617988,0.0,0.0
2035-05-22,19,0,reserve,system,3138.051323,0.0,0.0,3138.051323,0.0,0.0
2035-05-22,20,0,reserve,system,3104.551199,0.0,0.0,3104.551199,0.0,0.0
2035-05-22,21,0,reserve,system,2982.06413,0.0,0.0,2982.06413,0.0,0.0
2035-05-22,22,0,reserve,system,2843.607801,0.0,0.0,2843.607801,0.0,0.0
2035-05-22,23,0,reserve,system,2745.43178,0.0,0.0,2745.43178,0.0,0.0
2035-05-23,0,0,reserve,system,2685.262216,0.0,0.0,2685.262216,0.0,0.0
2035-05-23,1,0,reserve,system,2660.3999,0.0,0.0,2660.3999,0.0,0.0
2035-05-23,2,0,reserve,system,2647.132619,0.0,0.0,2647.132619,0.0,0.0
2035-05-23,3,0,reserve,system,2670.855518,0.0,0.0,2670.855518,0.0,0.0
2035-05-23,4,0,reserve,system,2719.591789,0.0,0.0,2719.591789,0.0,0.0
2035-05-23,5,0,reserve,system,2788.470922,0.0,0.0,2788.470922,0.0,0.0
2035-05-23,6,0,reserve,system,2808.496602,0.0,0.0,2808.496602,0.0,0.0
2035-05-23,7,0,reserve,system,2837.096133,0.0,0.0,2837.096133,0.0,0.0
2035-05-23,8,0,reserve,system,2878.488837,0.0,0.0,2878.488837,0.0,0.0
2035-05-23,9,0,reserve,system,2911.762715,0.0,0.0,2911.762715,0.0,0.0
2035-05-23,10,0,reserve,system,2942.088111,0.0,0.0,2942.088111,0.0,0.0
2035-05-23,11,0,reserve,system,2973.783681,0.0,0.0,2973.783681,0.0,0.0
2035-05-23,12,0,reserve,system,2987.97759,0.0,0.0,2987.97759,0.0,0.0
2035-05-23,13,0,reserve,system,3010.705375,0.0,0.0,3010.705375,0.0,0.0
2035-05-23,14,0,reserve,system,3025.641009,0.0,0.0,3025.641009,0.0,0.0
2035-05-23,15,0,reserve,system,3062.775178,0.0,0.0,3062.775178,0.0,0.0
2035-05-23,16,0,reserve,system,3070.621908,0.0,0.0,3070.621908,0.0,0.0
2035-05-23,17,0,reserve,system,3090.620954,0.0,0.0,3090.620954,0.0,0.0
2035-05-23,18,0,reserve,system,3113.676549,0.0,0.0,3113.676549,0.0,0.0
2035-05-23,19,0,reserve,system,3132.235988,0.0,0.0,3132.235988,0.0,0.0
2035-05-23,20,0,reserve,system,3118.242244,0.0,0.0,3118.242244,0.0,0.0
2035-05-23,21,0,reserve,system,3009.47518,0.0,0.0,3009.47518,0.0,0.0
2035-05-23,22,0,reserve,system,2863.877247,0.0,0.0,2863.877247,0.0,0.0
2035-05-23,23,0,reserve,system,2754.625475,0.0,0.0,2754.625475,0.0,0.0
2035-05-24,0,0,reserve,system,2682.566036,0.0,0.0,2682.566036,0.0,0.0
2035-05-24,1,0,reserve,system,2662.789592,0.0,0.0,2662.789592,0.0,0.0
2035-05-24,2,0,reserve,system,2656.732658,0.0,0.0,2656.732658,0.0,0.0
2035-05-24,3,0,reserve,system,2682.016487,0.0,0.0,2682.016487,0.0,0.0
2035-05-24,4,0,reserve,system,2783.505381,0.0,0.0,2783.505381,0.0,0.0
2035-05-24,5,0,reserve,system,2931.334013,0.0,0.0,2931.334013,0.0,0.0
2035-05-24,6,0,reserve,system,2973.395553,0.0,0.0,2973.395553,0.0,0.0
2035-05-24,7,0,reserve,system,2966.769079,0.0,0.0,2966.769079,0.0,0.0
2035-05-24,8,0,reserve,system,2976.731249,0.0,0.0,2976.731249,0.0,0.0
2035-05-24,9,0,reserve,system,2988.56416,0.0,0.0,2988.56416,0.0,0.0
2035-05-24,10,0,reserve,system,3006.605618,0.0,0.0,3006.605618,0.0,0.0
2035-05-24,11,0,reserve,system,3020.539093,0.0,0.0,3020.539093,0.0,0.0
2035-05-24,12,0,reserve,system,3041.531944,0.0,0.0,3041.531944,0.0,0.0
2035-05-24,13,0,reserve,system,3050.229392,0.0,0.0,3050.229392,0.0,0.0
2035-05-24,14,0,reserve,system,3066.700792,0.0,0.0,3066.700792,0.0,0.0
2035-05-24,15,0,reserve,system,3097.535661,0.0,0.0,3097.535661,0.0,0.0
2035-05-24,16,0,reserve,system,3085.662484,0.0,0.0,3085.662484,0.0,0.0
2035-05-24,17,0,reserve,system,3063.167221,0.0,0.0,3063.167221,0.0,0.0
2035-05-24,18,0,reserve,system,3033.969063,0.0,0.0,3033.969063,0.0,0.0
2035-05-24,19,0,reserve,system,3016.117339,0.0,0.0,3016.117339,0.0,0.0
2035-05-24,20,0,reserve,system,2972.816547,0.0,0.0,2972.816547,0.0,0.0
2035-05-24,21,0,reserve,system,2871.517884,0.0,0.0,2871.517884,0.0,0.0
2035-05-24,22,0,reserve,system,2764.281549,0.0,0.0,2764.281549,0.0,0.0
2035-05-24,23,0,reserve,system,2656.047583,0.0,0.0,2656.047583,0.0,0.0
2035-05-25,0,0,reserve,system,2596.57875,0.0,0.0,2596.57875,0.0,0.0
2035-05-25,1,0,reserve,system,2573.540941,0.0,0.0,2573.540941,0.0,0.0
2035-05-25,2,0,reserve,system,2564.383179,0.0,0.0,2564.383179,0.0,0.0
2035-05-25,3,0,reserve,system,2565.858591,0.0,0.0,2565.858591,0.0,0.0
2035-05-25,4,0,reserve,system,2600.663933,0.0,0.0,2600.663933,0.0,0.0
2035-05-25,5,0,reserve,system,2628.450542,0.0,0.0,2628.450542,0.0,0.0
2035-05-25,6,0,reserve,system,2671.653435,0.0,0.0,2671.653434,0.0,0.0
2035-05-25,7,0,reserve,system,2755.21605,0.0,0.0,2755.21605,0.0,0.0
2035-05-25,8,0,reserve,system,2781.934184,0.0,0.0,2781.934184,0.0,0.0
2035-05-25,9,0,reserve,system,2806.302767,0.0,0.0,2806.302767,0.0,0.0
2035-05-25,10,0,reserve,system,2833.773153,0.0,0.0,2833.773153,0.0,0.0
2035-05-25,11,0,reserve,system,2876.676867,0.0,0.0,2876.676867,0.0,0.0
2035-05-25,12,0,reserve,system,2931.543987,0.0,0.0,2931.543987,0.0,0.0
2035-05-25,13,0,reserve,system,2982.66562,0.0,0.0,2982.66562,0.0,0.0
2035-05-25,14,0,reserve,system,3011.649042,0.0,0.0,3011.649042,0.0,0.0
2035-05-25,15,0,reserve,system,2996.927124,0.0,0.0,2996.927124,0.0,0.0
2035-05-25,16,0,reserve,system,3021.745663,0.0,0.0,3021.745663,0.0,0.0
2035-05-25,17,0,reserve,system,3037.478099,0.0,0.0,3037.478099,0.0,0.0
2035-05-25,18,0,reserve,system,3015.031475,0.0,0.0,3015.031475,0.0,0.0
2035-05-25,19,0,reserve,system,2981.580635,0.0,0.0,2981.580635,0.0,0.0
2035-05-25,20,0,reserve,system,2929.661488,0.0,0.0,2929.661488,0.0,0.0
2035-05-25,21,0,reserve,system,2832.616338,0.0,0.0,2832.616338,0.0,0.0
2035-05-25,22,0,reserve,system,2728.516705,0.0,0.0,2728.516705,0.0,0.0
2035-05-25,23,0,reserve,system,2624.232548,0.0,0.0,2624.232548,0.0,0.0
2035-05-26,0,0,reserve,system,2539.215991,0.0,0.0,2539.215991,0.0,0.0
2035-05-26,1,0,reserve,system,2494.970477,0.0,0.0,2494.970477,0.0,0.0
2035-05-26,2,0,reserve,system,2457.054423,0.0,0.0,2457.054423,0.0,0.0
2035-05-26,3,0,reserve,system,2443.798099,0.0,0.0,2443.798099,0.0,0.0
2035-05-26,4,0,reserve,system,2442.069828,0.0,0.0,2442.069828,0.0,0.0
2035-05-26,5,0,reserve,system,2431.246688,0.0,0.0,2431.246688,0.0,0.0
2035-05-26,6,0,reserve,system,2454.29405,0.0,0.0,2454.29405,0.0,0.0
2035-05-26,7,0,reserve,system,2535.552061,0.0,0.0,2535.552061,0.0,0.0
2035-05-26,8,0,reserve,system,2592.731437,0.0,0.0,2592.731437,0.0,0.0
2035-05-26,9,0,reserve,system,2624.620692,0.0,0.0,2624.620692,0.0,0.0
2035-05-26,10,0,reserve,system,2642.819631,0.0,0.0,2642.819631,0.0,0.0
2035-05-26,11,0,reserve,system,2693.7867,0.0,0.0,2693.7867,0.0,0.0
2035-05-26,12,0,reserve,system,2737.942301,0.0,0.0,2737.942301,0.0,0.0
2035-05-26,13,0,reserve,system,2783.44539,0.0,0.0,2783.44539,0.0,0.0
2035-05-26,14,0,reserve,system,2817.038544,0.0,0.0,2817.038544,0.0,0.0
2035-05-26,15,0,reserve,system,2844.920721,0.0,0.0,2844.920721,0.0,0.0
2035-05-26,16,0,reserve,system,2874.637874,0.0,0.0,2874.637874,0.0,0.0
2035-05-26,17,0,reserve,system,2890.123503,0.0,0.0,2890.123503,0.0,0.0
2035-05-26,18,0,reserve,system,2878.714516,0.0,0.0,2878.714516,0.0,0.0
2035-05-26,19,0,reserve,system,2857.142645,0.0,0.0,2857.142645,0.0,0.0
2035-05-26,20,0,reserve,system,2824.353012,0.0,0.0,2824.353012,0.0,0.0
2035-05-26,21,0,reserve,system,2744.72542,0.0,0.0,2744.72542,0.0,0.0
2035-05-26,22,0,reserve,system,2662.311313,0.0,0.0,2662.311313,0.0,0.0
2035-05-26,23,0,reserve,system,2582.941893,0.0,0.0,2582.941893,0.0,0.0
2035-05-27,0,0,reserve,system,2518.05592,0.0,0.0,2518.05592,0.0,0.0
2035-05-27,1,0,reserve,system,2471.484434,0.0,0.0,2471.484434,0.0,0.0
2035-05-27,2,0,reserve,system,2431.277832,0.0,0.0,2431.277832,0.0,0.0
2035-05-27,3,0,reserve,system,2405.597035,0.0,0.0,2405.597035,0.0,0.0
2035-05-27,4,0,reserve,system,2374.798906,0.0,0.0,2374.798906,0.0,0.0
2035-05-27,5,0,reserve,system,2312.618071,0.0,0.0,2312.618071,0.0,0.0
2035-05-27,6,0,reserve,system,2303.312356,0.0,0.0,2303.312356,0.0,0.0
2035-05-27,7,0,reserve,system,2394.827637,0.0,0.0,2394.827637,0.0,0.0
2035-05-27,8,0,reserve,system,2519.167495,0.0,0.0,2519.167495,0.0,0.0
2035-05-27,9,0,reserve,system,2621.07675,0.0,0.0,2621.07675,0.0,0.0
2035-05-27,10,0,reserve,system,2694.44092,0.0,0.0,2694.44092,0.0,0.0
2035-05-27,11,0,reserve,system,2769.310637,0.0,0.0,2769.310637,0.0,0.0
2035-05-27,12,0,reserve,system,2844.301845,0.0,0.0,2844.301845,0.0,0.0
2035-05-27,13,0,reserve,system,2912.059868,0.0,0.0,2912.059867,0.0,0.0
2035-05-27,14,0,reserve,system,2971.753298,0.0,0.0,2971.753298,0.0,0.0
2035-05-27,15,0,reserve,system,3037.690117,0.0,0.0,3037.690117,0.0,0.0
2035-05-27,16,0,reserve,system,3081.633724,0.0,0.0,3081.633724,0.0,0.0
2035-05-27,17,0,reserve,system,3115.199423,0.0,0.0,3115.199423,0.0,0.0
2035-05-27,18,0,reserve,system,3125.149765,0.0,0.0,3125.149765,0.0,0.0
2035-05-27,19,0,reserve,system,3113.637884,0.0,0.0,3113.637884,0.0,0.0
2035-05-27,20,0,reserve,system,3086.654299,0.0,0.0,3086.654299,0.0,0.0
2035-05-27,21,0,reserve,system,2979.503795,0.0,0.0,2979.503795,0.0,0.0
2035-05-27,22,0,reserve,system,2873.868239,0.0,0.0,2873.868239,0.0,0.0
2035-05-27,23,0,reserve,system,2774.900918,0.0,0.0,2774.900918,0.0,0.0
2035-05-28,0,0,reserve,system,2693.661821,0.0,0.0,2693.661821,0.0,0.0
2035-05-28,1,0,reserve,system,2630.686474,0.0,0.0,2630.686474,0.0,0.0
2035-05-28,2,0,reserve,system,2598.453283,0.0,0.0,2598.453283,0.0,0.0
2035-05-28,3,0,reserve,system,2614.022712,0.0,0.0,2614.022712,0.0,0.0
2035-05-28,4,0,reserve,system,2668.867442,0.0,0.0,2668.867442,0.0,0.0
2035-05-28,5,0,reserve,system,2748.767235,0.0,0.0,2748.767235,0.0,0.0
2035-05-28,6,0,reserve,system,2776.34405,0.0,0.0,2776.34405,0.0,0.0
2035-05-28,7,0,reserve,system,2805.888112,0.0,0.0,2805.888112,0.0,0.0
2035-05-28,8,0,reserve,system,2840.431784,0.0,0.0,2840.431784,0.0,0.0
2035-05-28,9,0,reserve,system,2863.59961,0.0,0.0,2863.59961,0.0,0.0
2035-05-28,10,0,reserve,system,2919.046799,0.0,0.0,2919.046799,0.0,0.0
2035-05-28,11,0,reserve,system,2934.279242,0.0,0.0,2934.279242,0.0,0.0
2035-05-28,12,0,reserve,system,2936.872575,0.0,0.0,2936.872575,0.0,0.0
2035-05-28,13,0,reserve,system,2919.49425,0.0,0.0,2919.49425,0.0,0.0
2035-05-28,14,0,reserve,system,2906.233454,0.0,0.0,2906.233454,0.0,0.0
2035-05-28,15,0,reserve,system,2923.551836,0.0,0.0,2923.551836,0.0,0.0
2035-05-28,16,0,reserve,system,2956.715231,0.0,0.0,2956.715231,0.0,0.0
2035-05-28,17,0,reserve,system,3002.575115,0.0,0.0,3002.575115,0.0,0.0
2035-05-28,18,0,reserve,system,3053.304115,0.0,0.0,3053.304115,0.0,0.0
2035-05-28,19,0,reserve,system,3075.467619,0.0,0.0,3075.467619,0.0,0.0
2035-05-28,20,0,reserve,system,3055.285106,0.0,0.0,3055.285106,0.0,0.0
2035-05-28,21,0,reserve,system,2961.395584,0.0,0.0,2961.395584,0.0,0.0
2035-05-28,22,0,reserve,system,2846.706062,0.0,0.0,2846.706062,0.0,0.0
2035-05-28,23,0,reserve,system,2766.925466,0.0,0.0,2766.925466,0.0,0.0
2035-05-29,0,0,reserve,system,2726.363698,0.0,0.0,2726.363698,0.0,0.0
2035-05-29,1,0,reserve,system,2710.072714,0.0,0.0,2710.072714,0.0,0.0
2035-05-29,2,0,reserve,system,2697.047943,0.0,0.0,2697.047943,0.0,0.0
2035-05-29,3,0,reserve,system,2741.333308,0.0,0.0,2741.333308,0.0,0.0
2035-05-29,4,0,reserve,system,2828.303483,0.0,0.0,2828.303483,0.0,0.0
2035-05-29,5,0,reserve,system,2860.421213,0.0,0.0,2860.421213,0.0,0.0
2035-05-29,6,0,reserve,system,2887.12351,0.0,0.0,2887.12351,0.0,0.0
2035-05-29,7,0,reserve,system,2896.552337,0.0,0.0,2896.552337,0.0,0.0
2035-05-29,8,0,reserve,system,2897.527616,0.0,0.0,2897.527616,0.0,0.0
2035-05-29,9,0,reserve,system,2895.19628,0.0,0.0,2895.19628,0.0,0.0
2035-05-29,10,0,reserve,system,2877.589248,0.0,0.0,2877.589248,0.0,0.0
2035-05-29,11,0,reserve,system,2871.021796,0.0,0.0,2871.021796,0.0,0.0
2035-05-29,12,0,reserve,system,2871.265507,0.0,0.0,2871.265507,0.0,0.0
2035-05-29,13,0,reserve,system,2838.01634,0.0,0.0,2838.01634,0.0,0.0
2035-05-29,14,0,reserve,system,2818.806603,0.0,0.0,2818.806603,0.0,0.0
2035-05-29,15,0,reserve,system,2830.217709,0.0,0.0,2830.217709,0.0,0.0
2035-05-29,16,0,reserve,system,2856.681617,0.0,0.0,2856.681617,0.0,0.0
2035-05-29,17,0,reserve,system,2874.529077,0.0,0.0,2874.529077,0.0,0.0
2035-05-29,18,0,reserve,system,2902.631072,0.0,0.0,2902.631072,0.0,0.0
2035-05-29,19,0,reserve,system,2911.960786,0.0,0.0,2911.960786,0.0,0.0
2035-05-29,20,0,reserve,system,2887.695605,0.0,0.0,2887.695605,0.0,0.0
2035-05-29,21,0,reserve,system,2769.018096,0.0,0.0,2769.018096,0.0,0.0
2035-05-29,22,0,reserve,system,2658.856094,0.0,0.0,2658.856094,0.0,0.0
2035-05-29,23,0,reserve,system,2570.213411,0.0,0.0,2570.213411,0.0,0.0
2035-05-30,0,0,reserve,system,2524.325044,0.0,0.0,2524.325044,0.0,0.0
2035-05-30,1,0,reserve,system,2506.277248,0.0,0.0,2506.277248,0.0,0.0
2035-05-30,2,0,reserve,system,2491.660253,0.0,0.0,2491.660253,0.0,0.0
2035-05-30,3,0,reserve,system,2529.491226,0.0,0.0,2529.491226,0.0,0.0
2035-05-30,4,0,reserve,system,2610.477782,0.0,0.0,2610.477782,0.0,0.0
2035-05-30,5,0,reserve,system,2680.457466,0.0,0.0,2680.457466,0.0,0.0
2035-05-30,6,0,reserve,system,2695.407197,0.0,0.0,2695.407197,0.0,0.0
2035-05-30,7,0,reserve,system,2695.908295,0.0,0.0,2695.908295,0.0,0.0
2035-05-30,8,0,reserve,system,2678.118024,0.0,0.0,2678.118024,0.0,0.0
2035-05-30,9,0,reserve,system,2694.122186,0.0,0.0,2694.122186,0.0,0.0
2035-05-30,10,0,reserve,system,2739.71684,0.0,0.0,2739.71684,0.0,0.0
2035-05-30,11,0,reserve,system,2782.249295,0.0,0.0,2782.249295,0.0,0.0
2035-05-30,12,0,reserve,system,2806.820756,0.0,0.0,2806.820756,0.0,0.0
2035-05-30,13,0,reserve,system,2829.405636,0.0,0.0,2829.405636,0.0,0.0
2035-05-30,14,0,reserve,system,2845.424332,0.0,0.0,2845.424332,0.0,0.0
2035-05-30,15,0,reserve,system,2881.125246,0.0,0.0,2881.125246,0.0,0.0
2035-05-30,16,0,reserve,system,2921.61839,0.0,0.0,2921.61839,0.0,0.0
2035-05-30,17,0,reserve,system,2958.261964,0.0,0.0,2958.261964,0.0,0.0
2035-05-30,18,0,reserve,system,2985.618908,0.0,0.0,2985.618908,0.0,0.0
2035-05-30,19,0,reserve,system,3000.74255,0.0,0.0,3000.74255,0.0,0.0
2035-05-30,20,0,reserve,system,2945.769647,0.0,0.0,2945.769647,0.0,0.0
2035-05-30,21,0,reserve,system,2808.63376,0.0,0.0,2808.63376,0.0,0.0
2035-05-30,22,0,reserve,system,2663.002563,0.0,0.0,2663.002563,0.0,0.0
2035-05-30,23,0,reserve,system,2551.198546,0.0,0.0,2551.198546,0.0,0.0
2035-05-31,0,0,reserve,system,2488.92549,0.0,0.0,2488.92549,0.0,0.0
2035-05-31,1,0,reserve,system,2450.191519,0.0,0.0,2450.191519,0.0,0.0
2035-05-31,2,0,reserve,system,2424.563019,0.0,0.0,2424.563019,0.0,0.0
2035-05-31,3,0,reserve,system,2468.041726,0.0,0.0,2468.041726,0.0,0.0
2035-05-31,4,0,reserve,system,2577.203684,0.0,0.0,2577.203684,0.0,0.0
2035-05-31,5,0,reserve,system,2721.264465,0.0,0.0,2721.264465,0.0,0.0
2035-05-31,6,0,reserve,system,2790.950119,0.0,0.0,2790.950119,0.0,0.0
2035-05-31,7,0,reserve,system,2762.35728,0.0,0.0,2762.35728,0.0,0.0
2035-05-31,8,0,reserve,system,2733.707019,0.0,0.0,2733.707019,0.0,0.0
2035-05-31,9,0,reserve,system,2723.017838,0.0,0.0,2723.017838,0.0,0.0
2035-05-31,10,0,reserve,system,2743.948129,0.0,0.0,2743.948129,0.0,0.0
2035-05-31,11,0,reserve,system,2772.010175,0.0,0.0,2772.010175,0.0,0.0
2035-05-31,12,0,reserve,system,2808.445178,0.0,0.0,2808.445178,0.0,0.0
2035-05-31,13,0,reserve,system,2850.225299,0.0,0.0,2850.225299,0.0,0.0
2035-05-31,14,0,reserve,system,2890.968521,0.0,0.0,2890.968521,0.0,0.0
2035-05-31,15,0,reserve,system,2930.530766,0.0,0.0,2930.530766,0.0,0.0
2035-05-31,16,0,reserve,system,2961.741216,0.0,0.0,2961.741216,0.0,0.0
2035-05-31,17,0,reserve,system,2990.439324,0.0,0.0,2990.439324,0.0,0.0
2035-05-31,18,0,reserve,system,2987.301962,0.0,0.0,2987.301962,0.0,0.0
2035-05-31,19,0,reserve,system,2965.995133,0.0,0.0,2965.995133,0.0,0.0
2035-05-31,20,0,reserve,system,2911.269664,0.0,0.0,2911.269664,0.0,0.0
2035-05-31,21,0,reserve,system,2805.75167,0.0,0.0,2805.75167,0.0,0.0
2035-05-31,22,0,reserve,system,2688.472187,0.0,0.0,2688.472187,0.0,0.0
2035-05-31,23,0,reserve,system,2577.843182,0.0,0.0,2577.843182,0.0,0.0
2035-06-01,0,0,reserve,system,2502.066419,0.0,0.0,2502.066419,0.0,0.0
2035-06-01,1,0,reserve,system,2473.016397,0.0,0.0,2473.016397,0.0,0.0
2035-06-01,2,0,reserve,system,2470.15269,0.0,0.0,2470.15269,0.0,0.0
2035-06-01,3,0,reserve,system,2495.956433,0.0,0.0,2495.956433,0.0,0.0
2035-06-01,4,0,reserve,system,2537.508043,0.0,0.0,2537.508043,0.0,0.0
2035-06-01,5,0,reserve,system,2584.319038,0.0,0.0,2584.319038,0.0,0.0
2035-06-01,6,0,reserve,system,2620.938905,0.0,0.0,2620.938905,0.0,0.0
2035-06-01,7,0,reserve,system,2660.052265,0.0,0.0,2660.052265,0.0,0.0
2035-06-01,8,0,reserve,system,2735.485808,0.0,0.0,2735.485808,0.0,0.0
2035-06-01,9,0,reserve,system,2818.382614,0.0,0.0,2818.382614,0.0,0.0
2035-06-01,10,0,reserve,system,2910.675408,0.0,0.0,2910.675408,0.0,0.0
2035-06-01,11,0,reserve,system,2957.022038,0.0,0.0,2957.022038,0.0,0.0
2035-06-01,12,0,reserve,system,2919.270166,0.0,0.0,2919.270166,0.0,0.0
2035-06-01,13,0,reserve,system,2893.497862,0.0,0.0,2893.497862,0.0,0.0
2035-06-01,14,0,reserve,system,2897.17554,0.0,0.0,2897.17554,0.0,0.0
2035-06-01,15,0,reserve,system,2914.271329,0.0,0.0,2914.271329,0.0,0.0
2035-06-01,16,0,reserve,system,2840.882228,0.0,0.0,2840.882228,0.0,0.0
2035-06-01,17,0,reserve,system,2812.046105,0.0,0.0,2812.046105,0.0,0.0
2035-06-01,18,0,reserve,system,2784.813072,0.0,0.0,2784.813072,0.0,0.0
2035-06-01,19,0,reserve,system,2773.889536,0.0,0.0,2773.889536,0.0,0.0
2035-06-01,20,0,reserve,system,2780.187387,0.0,0.0,2780.187387,0.0,0.0
2035-06-01,21,0,reserve,system,2772.003869,0.0,0.0,2772.003869,0.0,0.0
2035-06-01,22,0,reserve,system,2728.773385,0.0,0.0,2728.773385,0.0,0.0
2035-06-01,23,0,reserve,system,2635.47442,0.0,0.0,2635.47442,0.0,0.0
2035-06-02,0,0,reserve,system,2563.503059,0.0,0.0,2563.503059,0.0,0.0
2035-06-02,1,0,reserve,system,2519.535225,0.0,0.0,2519.535225,0.0,0.0
2035-06-02,2,0,reserve,system,2480.915741,0.0,0.0,2480.915741,0.0,0.0
2035-06-02,3,0,reserve,system,2465.357393,0.0,0.0,2465.357393,0.0,0.0
2035-06-02,4,0,reserve,system,2410.256306,0.0,0.0,2410.256306,0.0,0.0
2035-06-02,5,0,reserve,system,2333.799537,0.0,0.0,2333.799537,0.0,0.0
2035-06-02,6,0,reserve,system,2329.418546,0.0,0.0,2329.418546,0.0,0.0
2035-06-02,7,0,reserve,system,2407.716488,0.0,0.0,2407.716488,0.0,0.0
2035-06-02,8,0,reserve,system,2487.32814,0.0,0.0,2487.32814,0.0,0.0
2035-06-02,9,0,reserve,system,2545.284656,0.0,0.0,2545.284656,0.0,0.0
2035-06-02,10,0,reserve,system,2560.881942,0.0,0.0,2560.881942,0.0,0.0
2035-06-02,11,0,reserve,system,2607.474448,0.0,0.0,2607.474448,0.0,0.0
2035-06-02,12,0,reserve,system,2591.469777,0.0,0.0,2591.469777,0.0,0.0
2035-06-02,13,0,reserve,system,2598.677579,0.0,0.0,2598.677579,0.0,0.0
2035-06-02,14,0,reserve,system,2653.035529,0.0,0.0,2653.035529,0.0,0.0
2035-06-02,15,0,reserve,system,2701.021364,0.0,0.0,2701.021364,0.0,0.0
2035-06-02,16,0,reserve,system,2699.871735,0.0,0.0,2699.871735,0.0,0.0
2035-06-02,17,0,reserve,system,2751.178287,0.0,0.0,2751.178287,0.0,0.0
2035-06-02,18,0,reserve,system,2779.505686,0.0,0.0,2779.505686,0.0,0.0
2035-06-02,19,0,reserve,system,2791.036057,0.0,0.0,2791.036057,0.0,0.0
2035-06-02,20,0,reserve,system,2828.815579,0.0,0.0,2828.815579,0.0,0.0
2035-06-02,21,0,reserve,system,2824.155609,0.0,0.0,2824.155608,0.0,0.0
2035-06-02,22,0,reserve,system,2754.281634,0.0,0.0,2754.281634,0.0,0.0
2035-06-02,23,0,reserve,system,2650.798077,0.0,0.0,2650.798077,0.0,0.0
2035-06-03,0,0,reserve,system,2569.164891,0.0,0.0,2569.164891,0.0,0.0
2035-06-03,1,0,reserve,system,2531.021213,0.0,0.0,2531.021213,0.0,0.0
2035-06-03,2,0,reserve,system,2504.586937,0.0,0.0,2504.586937,0.0,0.0
2035-06-03,3,0,reserve,system,2517.08827,0.0,0.0,2517.08827,0.0,0.0
2035-06-03,4,0,reserve,system,2552.879451,0.0,0.0,2552.879451,0.0,0.0
2035-06-03,5,0,reserve,system,2611.999223,0.0,0.0,2611.999223,0.0,0.0
2035-06-03,6,0,reserve,system,2680.563779,0.0,0.0,2680.563779,0.0,0.0
2035-06-03,7,0,reserve,system,2761.295085,0.0,0.0,2761.295085,0.0,0.0
2035-06-03,8,0,reserve,system,2829.785364,0.0,0.0,2829.785364,0.0,0.0
2035-06-03,9,0,reserve,system,2904.268037,0.0,0.0,2904.268037,0.0,0.0
2035-06-03,10,0,reserve,system,2951.992189,0.0,0.0,2951.992189,0.0,0.0
2035-06-03,11,0,reserve,system,2985.589316,0.0,0.0,2985.589316,0.0,0.0
2035-06-03,12,0,reserve,system,2945.900037,0.0,0.0,2945.900037,0.0,0.0
2035-06-03,13,0,reserve,system,2932.124379,0.0,0.0,2932.124379,0.0,0.0
2035-06-03,14,0,reserve,system,2947.77462,0.0,0.0,2947.77462,0.0,0.0
2035-06-03,15,0,reserve,system,2960.080018,0.0,0.0,2960.080018,0.0,0.0
2035-06-03,16,0,reserve,system,2916.442848,0.0,0.0,2916.442848,0.0,0.0
2035-06-03,17,0,reserve,system,2916.262247,0.0,0.0,2916.262247,0.0,0.0
2035-06-03,18,0,reserve,system,2912.925277,0.0,0.0,2912.925277,0.0,0.0
2035-06-03,19,0,reserve,system,2914.434177,0.0,0.0,2914.434177,0.0,0.0
2035-06-03,20,0,reserve,system,2939.442801,0.0,0.0,2939.442801,0.0,0.0
2035-06-03,21,0,reserve,system,2911.740149,0.0,0.0,2911.740149,0.0,0.0
2035-06-03,22,0,reserve,system,2816.660349,0.0,0.0,2816.660349,0.0,0.0
2035-06-03,23,0,reserve,system,2714.48982,0.0,0.0,2714.48982,0.0,0.0
2035-06-04,0,0,reserve,system,2620.447771,0.0,0.0,2620.447771,0.0,0.0
2035-06-04,1,0,reserve,system,2560.976061,0.0,0.0,2560.976061,0.0,0.0
2035-06-04,2,0,reserve,system,2531.706763,0.0,0.0,2531.706763,0.0,0.0
2035-06-04,3,0,reserve,system,2532.126887,0.0,0.0,2532.126887,0.0,0.0
2035-06-04,4,0,reserve,system,2563.549972,0.0,0.0,2563.549972,0.0,0.0
2035-06-04,5,0,reserve,system,2624.126133,0.0,0.0,2624.126133,0.0,0.0
2035-06-04,6,0,reserve,system,2687.100343,0.0,0.0,2687.100343,0.0,0.0
2035-06-04,7,0,reserve,system,2760.318723,0.0,0.0,2760.318723,0.0,0.0
2035-06-04,8,0,reserve,system,2828.457342,0.0,0.0,2828.457342,0.0,0.0
2035-06-04,9,0,reserve,system,2881.42219,0.0,0.0,2881.42219,0.0,0.0
2035-06-04,10,0,reserve,system,2944.280674,0.0,0.0,2944.280674,0.0,0.0
2035-06-04,11,0,reserve,system,2958.194626,0.0,0.0,2958.194626,0.0,0.0
2035-06-04,12,0,reserve,system,2873.052513,0.0,0.0,2873.052513,0.0,0.0
2035-06-04,13,0,reserve,system,2793.347355,0.0,0.0,2793.347355,0.0,0.0
2035-06-04,14,0,reserve,system,2740.452615,0.0,0.0,2740.452615,0.0,0.0
2035-06-04,15,0,reserve,system,2680.441482,0.0,0.0,2680.441482,0.0,0.0
2035-06-04,16,0,reserve,system,2589.813059,0.0,0.0,2589.813059,0.0,0.0
2035-06-04,17,0,reserve,system,2589.617498,0.0,0.0,2589.617498,0.0,0.0
2035-06-04,18,0,reserve,system,2600.673226,0.0,0.0,2600.673226,0.0,0.0
2035-06-04,19,0,reserve,system,2619.025137,0.0,0.0,2619.025137,0.0,0.0
2035-06-04,20,0,reserve,system,2660.380728,0.0,0.0,2660.380728,0.0,0.0
2035-06-04,21,0,reserve,system,2649.436053,0.0,0.0,2649.436053,0.0,0.0
2035-06-04,22,0,reserve,system,2587.263338,0.0,0.0,2587.263338,0.0,0.0
2035-06-04,23,0,reserve,system,2501.847488,0.0,0.0,2501.847488,0.0,0.0
2035-06-05,0,0,reserve,system,2450.120503,0.0,0.0,2450.120503,0.0,0.0
2035-06-05,1,0,reserve,system,2437.222923,0.0,0.0,2437.222923,0.0,0.0
2035-06-05,2,0,reserve,system,2426.340102,0.0,0.0,2426.340102,0.0,0.0
2035-06-05,3,0,reserve,system,2456.789563,0.0,0.0,2456.789563,0.0,0.0
2035-06-05,4,0,reserve,system,2530.44411,0.0,0.0,2530.44411,0.0,0.0
2035-06-05,5,0,reserve,system,2603.465154,0.0,0.0,2603.465154,0.0,0.0
2035-06-05,6,0,reserve,system,2641.687878,0.0,0.0,2641.687878,0.0,0.0
2035-06-05,7,0,reserve,system,2685.327383,0.0,0.0,2685.327383,0.0,0.0
2035-06-05,8,0,reserve,system,2698.655153,0.0,0.0,2698.655153,0.0,0.0
2035-06-05,9,0,reserve,system,2712.442719,0.0,0.0,2712.442719,0.0,0.0
2035-06-05,10,0,reserve,system,2693.109157,0.0,0.0,2693.109157,0.0,0.0
2035-06-05,11,0,reserve,system,2689.292032,0.0,0.0,2689.292032,0.0,0.0
2035-06-05,12,0,reserve,system,2645.927442,0.0,0.0,2645.927442,0.0,0.0
2035-06-05,13,0,reserve,system,2637.192817,0.0,0.0,2637.192817,0.0,0.0
2035-06-05,14,0,reserve,system,2654.975762,0.0,0.0,2654.975762,0.0,0.0
2035-06-05,15,0,reserve,system,2695.284663,0.0,0.0,2695.284663,0.0,0.0
2035-06-05,16,0,reserve,system,2670.914993,0.0,0.0,2670.914993,0.0,0.0
2035-06-05,17,0,reserve,system,2703.470241,0.0,0.0,2703.470241,0.0,0.0
2035-06-05,18,0,reserve,system,2734.444215,0.0,0.0,2734.444215,0.0,0.0
2035-06-05,19,0,reserve,system,2732.597497,0.0,0.0,2732.597497,0.0,0.0
2035-06-05,20,0,reserve,system,2745.922567,0.0,0.0,2745.922567,0.0,0.0
2035-06-05,21,0,reserve,system,2715.15111,0.0,0.0,2715.15111,0.0,0.0
2035-06-05,22,0,reserve,system,2626.83872,0.0,0.0,2626.83872,0.0,0.0
2035-06-05,23,0,reserve,system,2512.222631,0.0,0.0,2512.222631,0.0,0.0
2035-06-06,0,0,reserve,system,2437.823332,0.0,0.0,2437.823332,0.0,0.0
2035-06-06,1,0,reserve,system,2405.045271,0.0,0.0,2405.045271,0.0,0.0
2035-06-06,2,0,reserve,system,2365.797611,0.0,0.0,2365.797611,0.0,0.0
2035-06-06,3,0,reserve,system,2369.935718,0.0,0.0,2369.935718,0.0,0.0
2035-06-06,4,0,reserve,system,2423.23851,0.0,0.0,2423.23851,0.0,0.0
2035-06-06,5,0,reserve,system,2484.409434,0.0,0.0,2484.409434,0.0,0.0
2035-06-06,6,0,reserve,system,2525.555761,0.0,0.0,2525.555761,0.0,0.0
2035-06-06,7,0,reserve,system,2589.720988,0.0,0.0,2589.720988,0.0,0.0
2035-06-06,8,0,reserve,system,2656.529813,0.0,0.0,2656.529813,0.0,0.0
2035-06-06,9,0,reserve,system,2724.464385,0.0,0.0,2724.464385,0.0,0.0
2035-06-06,10,0,reserve,system,2798.933059,0.0,0.0,2798.933059,0.0,0.0
2035-06-06,11,0,reserve,system,2884.916473,0.0,0.0,2884.916473,0.0,0.0
2035-06-06,12,0,reserve,system,2912.974983,0.0,0.0,2912.974983,0.0,0.0
2035-06-06,13,0,reserve,system,2931.554485,0.0,0.0,2931.554485,0.0,0.0
2035-06-06,14,0,reserve,system,2964.074816,0.0,0.0,2964.074816,0.0,0.0
2035-06-06,15,0,reserve,system,2989.039692,0.0,0.0,2989.039692,0.0,0.0
2035-06-06,16,0,reserve,system,2900.298598,0.0,0.0,2900.298598,0.0,0.0
2035-06-06,17,0,reserve,system,2870.244098,0.0,0.0,2870.244098,0.0,0.0
2035-06-06,18,0,reserve,system,2857.84242,0.0,0.0,2857.84242,0.0,0.0
2035-06-06,19,0,reserve,system,2819.47436,0.0,0.0,2819.47436,0.0,0.0
2035-06-06,20,0,reserve,system,2812.73531,0.0,0.0,2812.73531,0.0,0.0
2035-06-06,21,0,reserve,system,2739.956266,0.0,0.0,2739.956266,0.0,0.0
2035-06-06,22,0,reserve,system,2608.296866,0.0,0.0,2608.296866,0.0,0.0
2035-06-06,23,0,reserve,system,2472.506078,0.0,0.0,2472.506078,0.0,0.0
2035-06-07,0,0,reserve,system,2386.154251,0.0,0.0,2386.154251,0.0,0.0
2035-06-07,1,0,reserve,system,2346.676906,0.0,0.0,2346.676906,0.0,0.0
2035-06-07,2,0,reserve,system,2330.890823,0.0,0.0,2330.890823,0.0,0.0
2035-06-07,3,0,reserve,system,2375.708725,0.0,0.0,2375.708725,0.0,0.0
2035-06-07,4,0,reserve,system,2475.186329,0.0,0.0,2475.186329,0.0,0.0
2035-06-07,5,0,reserve,system,2570.355585,0.0,0.0,2570.355585,0.0,0.0
2035-06-07,6,0,reserve,system,2642.503992,0.0,0.0,2642.503992,0.0,0.0
2035-06-07,7,0,reserve,system,2724.151914,0.0,0.0,2724.151914,0.0,0.0
2035-06-07,8,0,reserve,system,2796.665587,0.0,0.0,2796.665587,0.0,0.0
2035-06-07,9,0,reserve,system,2863.730288,0.0,0.0,2863.730288,0.0,0.0
2035-06-07,10,0,reserve,system,2928.563485,0.0,0.0,2928.563485,0.0,0.0
2035-06-07,11,0,reserve,system,2988.986446,0.0,0.0,2988.986446,0.0,0.0
2035-06-07,12,0,reserve,system,2974.745002,0.0,0.0,2974.745002,0.0,0.0
2035-06-07,13,0,reserve,system,2969.02856,0.0,0.0,2969.02856,0.0,0.0
2035-06-07,14,0,reserve,system,2997.954465,0.0,0.0,2997.954465,0.0,0.0
2035-06-07,15,0,reserve,system,3047.766924,0.0,0.0,3047.766924,0.0,0.0
2035-06-07,16,0,reserve,system,3034.906801,0.0,0.0,3034.906801,0.0,0.0
2035-06-07,17,0,reserve,system,3086.208539,0.0,0.0,3086.208539,0.0,0.0
2035-06-07,18,0,reserve,system,3079.03744,0.0,0.0,3079.03744,0.0,0.0
2035-06-07,19,0,reserve,system,3011.989837,0.0,0.0,3011.989837,0.0,0.0
2035-06-07,20,0,reserve,system,3002.47449,0.0,0.0,3002.47449,0.0,0.0
2035-06-07,21,0,reserve,system,2929.219072,0.0,0.0,2929.219072,0.0,0.0
2035-06-07,22,0,reserve,system,2818.568835,0.0,0.0,2818.568835,0.0,0.0
2035-06-07,23,0,reserve,system,2670.990129,0.0,0.0,2670.990129,0.0,0.0
2035-06-08,0,0,reserve,system,2561.627742,0.0,0.0,2561.627742,0.0,0.0
2035-06-08,1,0,reserve,system,2494.171248,0.0,0.0,2494.171248,0.0,0.0
2035-06-08,2,0,reserve,system,2446.985823,0.0,0.0,2446.985823,0.0,0.0
2035-06-08,3,0,reserve,system,2424.878499,0.0,0.0,2424.878499,0.0,0.0
2035-06-08,4,0,reserve,system,2445.363204,0.0,0.0,2445.363204,0.0,0.0
2035-06-08,5,0,reserve,system,2481.214659,0.0,0.0,2481.214659,0.0,0.0
2035-06-08,6,0,reserve,system,2536.593286,0.0,0.0,2536.593286,0.0,0.0
2035-06-08,7,0,reserve,system,2649.304407,0.0,0.0,2649.304407,0.0,0.0
2035-06-08,8,0,reserve,system,2770.514496,0.0,0.0,2770.514496,0.0,0.0
2035-06-08,9,0,reserve,system,2882.61673,0.0,0.0,2882.61673,0.0,0.0
2035-06-08,10,0,reserve,system,2970.406084,0.0,0.0,2970.406084,0.0,0.0
2035-06-08,11,0,reserve,system,3021.244511,0.0,0.0,3021.244511,0.0,0.0
2035-06-08,12,0,reserve,system,3006.846915,0.0,0.0,3006.846915,0.0,0.0
2035-06-08,13,0,reserve,system,3014.854209,0.0,0.0,3014.854209,0.0,0.0
2035-06-08,14,0,reserve,system,3058.018629,0.0,0.0,3058.018629,0.0,0.0
2035-06-08,15,0,reserve,system,3119.066402,0.0,0.0,3119.066402,0.0,0.0
2035-06-08,16,0,reserve,system,3092.470573,0.0,0.0,3092.470573,0.0,0.0
2035-06-08,17,0,reserve,system,3124.801541,0.0,0.0,3124.801541,0.0,0.0
2035-06-08,18,0,reserve,system,3127.809608,0.0,0.0,3127.809608,0.0,0.0
2035-06-08,19,0,reserve,system,3073.600707,0.0,0.0,3073.600707,0.0,0.0
2035-06-08,20,0,reserve,system,3060.233716,0.0,0.0,3060.233716,0.0,0.0
2035-06-08,21,0,reserve,system,3023.589821,0.0,0.0,3023.589821,0.0,0.0
2035-06-08,22,0,reserve,system,2937.913193,0.0,0.0,2937.913193,0.0,0.0
2035-06-08,23,0,reserve,system,2803.768342,0.0,0.0,2803.768342,0.0,0.0
2035-06-09,0,0,reserve,system,2689.603335,0.0,0.0,2689.603335,0.0,0.0
2035-06-09,1,0,reserve,system,2619.608278,0.0,0.0,2619.608278,0.0,0.0
2035-06-09,2,0,reserve,system,2554.71016,0.0,0.0,2554.71016,0.0,0.0
2035-06-09,3,0,reserve,system,2521.075484,0.0,0.0,2521.075484,0.0,0.0
2035-06-09,4,0,reserve,system,2476.783506,0.0,0.0,2476.783506,0.0,0.0
2035-06-09,5,0,reserve,system,2418.343854,0.0,0.0,2418.343854,0.0,0.0
2035-06-09,6,0,reserve,system,2444.901885,0.0,0.0,2444.901885,0.0,0.0
2035-06-09,7,0,reserve,system,2594.550295,0.0,0.0,2594.550295,0.0,0.0
2035-06-09,8,0,reserve,system,2745.461429,0.0,0.0,2745.461429,0.0,0.0
2035-06-09,9,0,reserve,system,2863.782584,0.0,0.0,2863.782584,0.0,0.0
2035-06-09,10,0,reserve,system,2917.845448,0.0,0.0,2917.845448,0.0,0.0
2035-06-09,11,0,reserve,system,2979.698015,0.0,0.0,2979.698015,0.0,0.0
2035-06-09,12,0,reserve,system,2906.741506,0.0,0.0,2906.741506,0.0,0.0
2035-06-09,13,0,reserve,system,2796.761625,0.0,0.0,2796.761625,0.0,0.0
2035-06-09,14,0,reserve,system,2818.027505,0.0,0.0,2818.027505,0.0,0.0
2035-06-09,15,0,reserve,system,2894.87504,0.0,0.0,2894.87504,0.0,0.0
2035-06-09,16,0,reserve,system,2897.512052,0.0,0.0,2897.512052,0.0,0.0
2035-06-09,17,0,reserve,system,2921.906421,0.0,0.0,2921.906421,0.0,0.0
2035-06-09,18,0,reserve,system,2921.360794,0.0,0.0,2921.360794,0.0,0.0
2035-06-09,19,0,reserve,system,2890.4202,0.0,0.0,2890.4202,0.0,0.0
2035-06-09,20,0,reserve,system,2898.395428,0.0,0.0,2898.395428,0.0,0.0
2035-06-09,21,0,reserve,system,2879.860924,0.0,0.0,2879.860924,0.0,0.0
2035-06-09,22,0,reserve,system,2811.973732,0.0,0.0,2811.973732,0.0,0.0
2035-06-09,23,0,reserve,system,2707.726383,0.0,0.0,2707.726383,0.0,0.0
2035-06-10,0,0,reserve,system,2652.867847,0.0,0.0,2652.867847,0.0,0.0
2035-06-10,1,0,reserve,system,2610.144968,0.0,0.0,2610.144968,0.0,0.0
2035-06-10,2,0,reserve,system,2589.214473,0.0,0.0,2589.214473,0.0,0.0
2035-06-10,3,0,reserve,system,2585.040391,0.0,0.0,2585.040391,0.0,0.0
2035-06-10,4,0,reserve,system,2602.92302,0.0,0.0,2602.92302,0.0,0.0
2035-06-10,5,0,reserve,system,2632.788326,0.0,0.0,2632.788326,0.0,0.0
2035-06-10,6,0,reserve,system,2651.937211,0.0,0.0,2651.937211,0.0,0.0
2035-06-10,7,0,reserve,system,2675.329452,0.0,0.0,2675.329452,0.0,0.0
2035-06-10,8,0,reserve,system,2710.380111,0.0,0.0,2710.380111,0.0,0.0
2035-06-10,9,0,reserve,system,2710.652972,0.0,0.0,2710.652972,0.0,0.0
2035-06-10,10,0,reserve,system,2688.378895,0.0,0.0,2688.378895,0.0,0.0
2035-06-10,11,0,reserve,system,2667.022869,0.0,0.0,2667.022869,0.0,0.0
2035-06-10,12,0,reserve,system,2634.067879,0.0,0.0,2634.067879,0.0,0.0
2035-06-10,13,0,reserve,system,2622.310959,0.0,0.0,2622.310959,0.0,0.0
2035-06-10,14,0,reserve,system,2654.010479,0.0,0.0,2654.010479,0.0,0.0
2035-06-10,15,0,reserve,system,2659.237498,0.0,0.0,2659.237498,0.0,0.0
2035-06-10,16,0,reserve,system,2605.886109,0.0,0.0,2605.886109,0.0,0.0
2035-06-10,17,0,reserve,system,2603.151163,0.0,0.0,2603.151163,0.0,0.0
2035-06-10,18,0,reserve,system,2603.580122,0.0,0.0,2603.580122,0.0,0.0
2035-06-10,19,0,reserve,system,2629.712644,0.0,0.0,2629.712644,0.0,0.0
2035-06-10,20,0,reserve,system,2672.767612,0.0,0.0,2672.767612,0.0,0.0
2035-06-10,21,0,reserve,system,2634.251827,0.0,0.0,2634.251827,0.0,0.0
2035-06-10,22,0,reserve,system,2556.460589,0.0,0.0,2556.460589,0.0,0.0
2035-06-10,23,0,reserve,system,2459.126375,0.0,0.0,2459.126375,0.0,0.0
2035-06-11,0,0,reserve,system,2388.725687,0.0,0.0,2388.725687,0.0,0.0
2035-06-11,1,0,reserve,system,2345.340816,0.0,0.0,2345.340816,0.0,0.0
2035-06-11,2,0,reserve,system,2334.898529,0.0,0.0,2334.898529,0.0,0.0
2035-06-11,3,0,reserve,system,2339.618502,0.0,0.0,2339.618502,0.0,0.0
2035-06-11,4,0,reserve,system,2371.247183,0.0,0.0,2371.247183,0.0,0.0
2035-06-11,5,0,reserve,system,2436.123883,0.0,0.0,2436.123883,0.0,0.0
2035-06-11,6,0,reserve,system,2465.917933,0.0,0.0,2465.917933,0.0,0.0
2035-06-11,7,0,reserve,system,2459.77321,0.0,0.0,2459.77321,0.0,0.0
2035-06-11,8,0,reserve,system,2466.545514,0.0,0.0,2466.545514,0.0,0.0
2035-06-11,9,0,reserve,system,2487.292919,0.0,0.0,2487.292919,0.0,0.0
2035-06-11,10,0,reserve,system,2521.426005,0.0,0.0,2521.426005,0.0,0.0
2035-06-11,11,0,reserve,system,2519.865439,0.0,0.0,2519.865439,0.0,0.0
2035-06-11,12,0,reserve,system,2462.289861,0.0,0.0,2462.289861,0.0,0.0
2035-06-11,13,0,reserve,system,2417.054901,0.0,0.0,2417.054901,0.0,0.0
2035-06-11,14,0,reserve,system,2390.025683,0.0,0.0,2390.025683,0.0,0.0
2035-06-11,15,0,reserve,system,2381.283224,0.0,0.0,2381.283224,0.0,0.0
2035-06-11,16,0,reserve,system,2333.462364,0.0,0.0,2333.462364,0.0,0.0
2035-06-11,17,0,reserve,system,2364.176112,0.0,0.0,2364.176112,0.0,0.0
2035-06-11,18,0,reserve,system,2400.570977,0.0,0.0,2400.570977,0.0,0.0
2035-06-11,19,0,reserve,system,2443.718219,0.0,0.0,2443.718219,0.0,0.0
2035-06-11,20,0,reserve,system,2498.582112,0.0,0.0,2498.582112,0.0,0.0
2035-06-11,21,0,reserve,system,2474.005261,0.0,0.0,2474.005261,0.0,0.0
2035-06-11,22,0,reserve,system,2397.510297,0.0,0.0,2397.510297,0.0,0.0
2035-06-11,23,0,reserve,system,2291.792789,0.0,0.0,2291.792789,0.0,0.0
2035-06-12,0,0,reserve,system,2227.160647,0.0,0.0,2227.160647,0.0,0.0
2035-06-12,1,0,reserve,system,2212.646998,0.0,0.0,2212.646998,0.0,0.0
2035-06-12,2,0,reserve,system,2214.544338,0.0,0.0,2214.544338,0.0,0.0
2035-06-12,3,0,reserve,system,2262.067415,0.0,0.0,2262.067416,0.0,0.0
2035-06-12,4,0,reserve,system,2327.62635,0.0,0.0,2327.62635,0.0,0.0
2035-06-12,5,0,reserve,system,2404.657791,0.0,0.0,2404.657791,0.0,0.0
2035-06-12,6,0,reserve,system,2438.647367,0.0,0.0,2438.647367,0.0,0.0
2035-06-12,7,0,reserve,system,2473.477263,0.0,0.0,2473.477263,0.0,0.0
2035-06-12,8,0,reserve,system,2509.724567,0.0,0.0,2509.724567,0.0,0.0
2035-06-12,9,0,reserve,system,2543.69906,0.0,0.0,2543.69906,0.0,0.0
2035-06-12,10,0,reserve,system,2574.311978,0.0,0.0,2574.311978,0.0,0.0
2035-06-12,11,0,reserve,system,2611.563667,0.0,0.0,2611.563667,0.0,0.0
2035-06-12,12,0,reserve,system,2611.6389,0.0,0.0,2611.6389,0.0,0.0
2035-06-12,13,0,reserve,system,2624.408094,0.0,0.0,2624.408094,0.0,0.0
2035-06-12,14,0,reserve,system,2674.614487,0.0,0.0,2674.614487,0.0,0.0
2035-06-12,15,0,reserve,system,2737.693207,0.0,0.0,2737.693207,0.0,0.0
2035-06-12,16,0,reserve,system,2731.571911,0.0,0.0,2731.571911,0.0,0.0
2035-06-12,17,0,reserve,system,2765.257488,0.0,0.0,2765.257488,0.0,0.0
2035-06-12,18,0,reserve,system,2769.276143,0.0,0.0,2769.276143,0.0,0.0
2035-06-12,19,0,reserve,system,2735.315529,0.0,0.0,2735.315528,0.0,0.0
2035-06-12,20,0,reserve,system,2740.130588,0.0,0.0,2740.130588,0.0,0.0
2035-06-12,21,0,reserve,system,2685.217271,0.0,0.0,2685.217271,0.0,0.0
2035-06-12,22,0,reserve,system,2577.834519,0.0,0.0,2577.834519,0.0,0.0
2035-06-12,23,0,reserve,system,2438.189536,0.0,0.0,2438.189536,0.0,0.0
2035-06-13,0,0,reserve,system,2355.522126,0.0,0.0,2355.522126,0.0,0.0
2035-06-13,1,0,reserve,system,2304.785733,0.0,0.0,2304.785733,0.0,0.0
2035-06-13,2,0,reserve,system,2276.211078,0.0,0.0,2276.211078,0.0,0.0
2035-06-13,3,0,reserve,system,2307.160925,0.0,0.0,2307.160925,0.0,0.0
2035-06-13,4,0,reserve,system,2370.462199,0.0,0.0,2370.462199,0.0,0.0
2035-06-13,5,0,reserve,system,2433.222451,0.0,0.0,2433.222451,0.0,0.0
2035-06-13,6,0,reserve,system,2490.824793,0.0,0.0,2490.824793,0.0,0.0
2035-06-13,7,0,reserve,system,2565.303995,0.0,0.0,2565.303995,0.0,0.0
2035-06-13,8,0,reserve,system,2644.995842,0.0,0.0,2644.995842,0.0,0.0
2035-06-13,9,0,reserve,system,2704.132705,0.0,0.0,2704.132705,0.0,0.0
2035-06-13,10,0,reserve,system,2739.867611,0.0,0.0,2739.867611,0.0,0.0
2035-06-13,11,0,reserve,system,2769.731121,0.0,0.0,2769.731121,0.0,0.0
2035-06-13,12,0,reserve,system,2752.398668,0.0,0.0,2752.398668,0.0,0.0
2035-06-13,13,0,reserve,system,2749.039712,0.0,0.0,2749.039712,0.0,0.0
2035-06-13,14,0,reserve,system,2784.756857,0.0,0.0,2784.756857,0.0,0.0
2035-06-13,15,0,reserve,system,2836.062277,0.0,0.0,2836.062277,0.0,0.0
2035-06-13,16,0,reserve,system,2827.171205,0.0,0.0,2827.171205,0.0,0.0
2035-06-13,17,0,reserve,system,2864.349749,0.0,0.0,2864.349749,0.0,0.0
2035-06-13,18,0,reserve,system,2860.226464,0.0,0.0,2860.226464,0.0,0.0
2035-06-13,19,0,reserve,system,2829.129808,0.0,0.0,2829.129808,0.0,0.0
2035-06-13,20,0,reserve,system,2832.341042,0.0,0.0,2832.341042,0.0,0.0
2035-06-13,21,0,reserve,system,2770.387615,0.0,0.0,2770.387615,0.0,0.0
2035-06-13,22,0,reserve,system,2676.235804,0.0,0.0,2676.235804,0.0,0.0
2035-06-13,23,0,reserve,system,2531.117464,0.0,0.0,2531.117464,0.0,0.0
2035-06-14,0,0,reserve,system,2446.383613,0.0,0.0,2446.383613,0.0,0.0
2035-06-14,1,0,reserve,system,2408.786895,0.0,0.0,2408.786895,0.0,0.0
2035-06-14,2,0,reserve,system,2401.514975,0.0,0.0,2401.514975,0.0,0.0
2035-06-14,3,0,reserve,system,2453.571092,0.0,0.0,2453.571092,0.0,0.0
2035-06-14,4,0,reserve,system,2550.358722,0.0,0.0,2550.358722,0.0,0.0
2035-06-14,5,0,reserve,system,2650.9918,0.0,0.0,2650.9918,0.0,0.0
2035-06-14,6,0,reserve,system,2694.709749,0.0,0.0,2694.709749,0.0,0.0
2035-06-14,7,0,reserve,system,2731.765513,0.0,0.0,2731.765513,0.0,0.0
2035-06-14,8,0,reserve,system,2792.195027,0.0,0.0,2792.195027,0.0,0.0
2035-06-14,9,0,reserve,system,2843.891958,0.0,0.0,2843.891958,0.0,0.0
2035-06-14,10,0,reserve,system,2893.15459,0.0,0.0,2893.15459,0.0,0.0
2035-06-14,11,0,reserve,system,2944.982061,0.0,0.0,2944.982061,0.0,0.0
2035-06-14,12,0,reserve,system,2948.301882,0.0,0.0,2948.301882,0.0,0.0
2035-06-14,13,0,reserve,system,2959.7891,0.0,0.0,2959.7891,0.0,0.0
2035-06-14,14,0,reserve,system,3005.458706,0.0,0.0,3005.458706,0.0,0.0
2035-06-14,15,0,reserve,system,3056.309433,0.0,0.0,3056.309433,0.0,0.0
2035-06-14,16,0,reserve,system,2997.480435,0.0,0.0,2997.480435,0.0,0.0
2035-06-14,17,0,reserve,system,2988.473787,0.0,0.0,2988.473787,0.0,0.0
2035-06-14,18,0,reserve,system,2978.815976,0.0,0.0,2978.815976,0.0,0.0
2035-06-14,19,0,reserve,system,2950.863118,0.0,0.0,2950.863118,0.0,0.0
2035-06-14,20,0,reserve,system,2982.814067,0.0,0.0,2982.814067,0.0,0.0
2035-06-14,21,0,reserve,system,2961.381683,0.0,0.0,2961.381683,0.0,0.0
2035-06-14,22,0,reserve,system,2891.151791,0.0,0.0,2891.151791,0.0,0.0
2035-06-14,23,0,reserve,system,2787.504065,0.0,0.0,2787.504065,0.0,0.0
2035-06-15,0,0,reserve,system,2727.847943,0.0,0.0,2727.847943,0.0,0.0
2035-06-15,1,0,reserve,system,2714.277366,0.0,0.0,2714.277366,0.0,0.0
2035-06-15,2,0,reserve,system,2713.175042,0.0,0.0,2713.175042,0.0,0.0
2035-06-15,3,0,reserve,system,2741.473411,0.0,0.0,2741.473411,0.0,0.0
2035-06-15,4,0,reserve,system,2786.884128,0.0,0.0,2786.884128,0.0,0.0
2035-06-15,5,0,reserve,system,2831.654162,0.0,0.0,2831.654162,0.0,0.0
2035-06-15,6,0,reserve,system,2845.129105,0.0,0.0,2845.129105,0.0,0.0
2035-06-15,7,0,reserve,system,2857.858872,0.0,0.0,2857.858872,0.0,0.0
2035-06-15,8,0,reserve,system,2914.815071,0.0,0.0,2914.815071,0.0,0.0
2035-06-15,9,0,reserve,system,2945.900401,0.0,0.0,2945.900401,0.0,0.0
2035-06-15,10,0,reserve,system,2988.825899,0.0,0.0,2988.825899,0.0,0.0
2035-06-15,11,0,reserve,system,3016.710429,0.0,0.0,3016.710429,0.0,0.0
2035-06-15,12,0,reserve,system,2966.657936,0.0,0.0,2966.657936,0.0,0.0
2035-06-15,13,0,reserve,system,2933.10219,0.0,0.0,2933.10219,0.0,0.0
2035-06-15,14,0,reserve,system,2936.444124,0.0,0.0,2936.444124,0.0,0.0
2035-06-15,15,0,reserve,system,2977.475743,0.0,0.0,2977.475743,0.0,0.0
2035-06-15,16,0,reserve,system,2953.634319,0.0,0.0,2953.634319,0.0,0.0
2035-06-15,17,0,reserve,system,2984.503961,0.0,0.0,2984.503961,0.0,0.0
2035-06-15,18,0,reserve,system,2988.118031,0.0,0.0,2988.118031,0.0,0.0
2035-06-15,19,0,reserve,system,2973.180806,0.0,0.0,2973.180806,0.0,0.0
2035-06-15,20,0,reserve,system,3005.554182,0.0,0.0,3005.554182,0.0,0.0
2035-06-15,21,0,reserve,system,2998.072418,0.0,0.0,2998.072418,0.0,0.0
2035-06-15,22,0,reserve,system,2963.948794,0.0,0.0,2963.948794,0.0,0.0
2035-06-15,23,0,reserve,system,2861.051374,0.0,0.0,2861.051374,0.0,0.0
2035-06-16,0,0,reserve,system,2791.198088,0.0,0.0,2791.198088,0.0,0.0
2035-06-16,1,0,reserve,system,2742.680864,0.0,0.0,2742.680864,0.0,0.0
2035-06-16,2,0,reserve,system,2663.23527,0.0,0.0,2663.23527,0.0,0.0
2035-06-16,3,0,reserve,system,2620.225462,0.0,0.0,2620.225462,0.0,0.0
2035-06-16,4,0,reserve,system,2563.88313,0.0,0.0,2563.88313,0.0,0.0
2035-06-16,5,0,reserve,system,2510.507633,0.0,0.0,2510.507633,0.0,0.0
2035-06-16,6,0,reserve,system,2488.624528,0.0,0.0,2488.624528,0.0,0.0
2035-06-16,7,0,reserve,system,2547.829897,0.0,0.0,2547.829897,0.0,0.0
2035-06-16,8,0,reserve,system,2598.916177,0.0,0.0,2598.916177,0.0,0.0
2035-06-16,9,0,reserve,system,2595.305912,0.0,0.0,2595.305912,0.0,0.0
2035-06-16,10,0,reserve,system,2556.313488,0.0,0.0,2556.313488,0.0,0.0
2035-06-16,11,0,reserve,system,2548.806731,0.0,0.0,2548.806731,0.0,0.0
2035-06-16,12,0,reserve,system,2508.544008,0.0,0.0,2508.544008,0.0,0.0
2035-06-16,13,0,reserve,system,2475.848299,0.0,0.0,2475.848299,0.0,0.0
2035-06-16,14,0,reserve,system,2458.564532,0.0,0.0,2458.564532,0.0,0.0
2035-06-16,15,0,reserve,system,2429.163382,0.0,0.0,2429.163382,0.0,0.0
2035-06-16,16,0,reserve,system,2391.260516,0.0,0.0,2391.260516,0.0,0.0
2035-06-16,17,0,reserve,system,2418.521641,0.0,0.0,2418.521641,0.0,0.0
2035-06-16,18,0,reserve,system,2448.804853,0.0,0.0,2448.804853,0.0,0.0
2035-06-16,19,0,reserve,system,2476.845163,0.0,0.0,2476.845163,0.0,0.0
2035-06-16,20,0,reserve,system,2532.016391,0.0,0.0,2532.016391,0.0,0.0
2035-06-16,21,0,reserve,system,2539.545305,0.0,0.0,2539.545305,0.0,0.0
2035-06-16,22,0,reserve,system,2483.02039,0.0,0.0,2483.02039,0.0,0.0
2035-06-16,23,0,reserve,system,2375.63964,0.0,0.0,2375.63964,0.0,0.0
2035-06-17,0,0,reserve,system,2268.510619,0.0,0.0,2268.510619,0.0,0.0
2035-06-17,1,0,reserve,system,2219.679752,0.0,0.0,2219.679752,0.0,0.0
2035-06-17,2,0,reserve,system,2209.227512,0.0,0.0,2209.227512,0.0,0.0
2035-06-17,3,0,reserve,system,2244.928983,0.0,0.0,2244.928983,0.0,0.0
2035-06-17,4,0,reserve,system,2309.080081,0.0,0.0,2309.080081,0.0,0.0
2035-06-17,5,0,reserve,system,2398.040726,0.0,0.0,2398.040726,0.0,0.0
2035-06-17,6,0,reserve,system,2445.185201,0.0,0.0,2445.185201,0.0,0.0
2035-06-17,7,0,reserve,system,2468.786854,0.0,0.0,2468.786854,0.0,0.0
2035-06-17,8,0,reserve,system,2481.474162,0.0,0.0,2481.474162,0.0,0.0
2035-06-17,9,0,reserve,system,2486.127451,0.0,0.0,2486.127451,0.0,0.0
2035-06-17,10,0,reserve,system,2516.878236,0.0,0.0,2516.878236,0.0,0.0
2035-06-17,11,0,reserve,system,2577.395653,0.0,0.0,2577.395653,0.0,0.0
2035-06-17,12,0,reserve,system,2600.530925,0.0,0.0,2600.530925,0.0,0.0
2035-06-17,13,0,reserve,system,2661.317274,0.0,0.0,2661.317274,0.0,0.0
2035-06-17,14,0,reserve,system,2765.81478,0.0,0.0,2765.81478,0.0,0.0
2035-06-17,15,0,reserve,system,2843.608905,0.0,0.0,2843.608905,0.0,0.0
2035-06-17,16,0,reserve,system,2865.77815,0.0,0.0,2865.77815,0.0,0.0
2035-06-17,17,0,reserve,system,2921.374046,0.0,0.0,2921.374046,0.0,0.0
2035-06-17,18,0,reserve,system,2930.864899,0.0,0.0,2930.864899,0.0,0.0
2035-06-17,19,0,reserve,system,2893.604825,0.0,0.0,2893.604825,0.0,0.0
2035-06-17,20,0,reserve,system,2922.211845,0.0,0.0,2922.211845,0.0,0.0
2035-06-17,21,0,reserve,system,2867.56109,0.0,0.0,2867.56109,0.0,0.0
2035-06-17,22,0,reserve,system,2777.76211,0.0,0.0,2777.76211,0.0,0.0
2035-06-17,23,0,reserve,system,2672.652984,0.0,0.0,2672.652984,0.0,0.0
2035-06-18,0,0,reserve,system,2603.904361,0.0,0.0,2603.904361,0.0,0.0
2035-06-18,1,0,reserve,system,2554.592071,0.0,0.0,2554.592071,0.0,0.0
2035-06-18,2,0,reserve,system,2518.245635,0.0,0.0,2518.245635,0.0,0.0
2035-06-18,3,0,reserve,system,2513.429434,0.0,0.0,2513.429434,0.0,0.0
2035-06-18,4,0,reserve,system,2558.588957,0.0,0.0,2558.588957,0.0,0.0
2035-06-18,5,0,reserve,system,2601.720884,0.0,0.0,2601.720884,0.0,0.0
2035-06-18,6,0,reserve,system,2670.316368,0.0,0.0,2670.316368,0.0,0.0
2035-06-18,7,0,reserve,system,2750.763735,0.0,0.0,2750.763735,0.0,0.0
2035-06-18,8,0,reserve,system,2828.514986,0.0,0.0,2828.514986,0.0,0.0
2035-06-18,9,0,reserve,system,2889.745513,0.0,0.0,2889.745513,0.0,0.0
2035-06-18,10,0,reserve,system,2968.096217,0.0,0.0,2968.096217,0.0,0.0
2035-06-18,11,0,reserve,system,3013.398648,0.0,0.0,3013.398648,0.0,0.0
2035-06-18,12,0,reserve,system,2999.32251,0.0,0.0,2999.32251,0.0,0.0
2035-06-18,13,0,reserve,system,2993.048414,0.0,0.0,2993.048414,0.0,0.0
2035-06-18,14,0,reserve,system,3038.646887,0.0,0.0,3038.646887,0.0,0.0
2035-06-18,15,0,reserve,system,3073.662834,0.0,0.0,3073.662834,0.0,0.0
2035-06-18,16,0,reserve,system,3049.809692,0.0,0.0,3049.809692,0.0,0.0
2035-06-18,17,0,reserve,system,3079.624602,0.0,0.0,3079.624602,0.0,0.0
2035-06-18,18,0,reserve,system,3070.119828,0.0,0.0,3070.119828,0.0,0.0
2035-06-18,19,0,reserve,system,3054.92957,0.0,0.0,3054.92957,0.0,0.0
2035-06-18,20,0,reserve,system,3095.043382,0.0,0.0,3095.043382,0.0,0.0
2035-06-18,21,0,reserve,system,3061.390432,0.0,0.0,3061.390432,0.0,0.0
2035-06-18,22,0,reserve,system,2983.088919,0.0,0.0,2983.088919,0.0,0.0
2035-06-18,23,0,reserve,system,2845.504426,0.0,0.0,2845.504426,0.0,0.0
2035-06-19,0,0,reserve,system,2760.115386,0.0,0.0,2760.115386,0.0,0.0
2035-06-19,1,0,reserve,system,2736.718792,0.0,0.0,2736.718792,0.0,0.0
2035-06-19,2,0,reserve,system,2702.392279,0.0,0.0,2702.392279,0.0,0.0
2035-06-19,3,0,reserve,system,2707.625731,0.0,0.0,2707.625731,0.0,0.0
2035-06-19,4,0,reserve,system,2754.602623,0.0,0.0,2754.602623,0.0,0.0
2035-06-19,5,0,reserve,system,2782.654952,0.0,0.0,2782.654952,0.0,0.0
2035-06-19,6,0,reserve,system,2814.238169,0.0,0.0,2814.238169,0.0,0.0
2035-06-19,7,0,reserve,system,2905.10279,0.0,0.0,2905.10279,0.0,0.0
2035-06-19,8,0,reserve,system,3025.845423,0.0,0.0,3025.845423,0.0,0.0
2035-06-19,9,0,reserve,system,3149.458685,0.0,0.0,3149.458685,0.0,0.0
2035-06-19,10,0,reserve,system,3248.039208,0.0,0.0,3248.039208,0.0,0.0
2035-06-19,11,0,reserve,system,3329.723867,0.0,0.0,3329.723867,0.0,0.0
2035-06-19,12,0,reserve,system,3323.841659,0.0,0.0,3323.841659,0.0,0.0
2035-06-19,13,0,reserve,system,3330.722432,0.0,0.0,3330.722432,0.0,0.0
2035-06-19,14,0,reserve,system,3352.305779,0.0,0.0,3352.305779,0.0,0.0
2035-06-19,15,0,reserve,system,3376.368161,0.0,0.0,3376.368161,0.0,0.0
2035-06-19,16,0,reserve,system,3330.916479,0.0,0.0,3330.916479,0.0,0.0
2035-06-19,17,0,reserve,system,3347.350032,0.0,0.0,3347.350032,0.0,0.0
2035-06-19,18,0,reserve,system,3322.449269,0.0,0.0,3322.449269,0.0,0.0
2035-06-19,19,0,reserve,system,3280.722977,0.0,0.0,3280.722977,0.0,0.0
2035-06-19,20,0,reserve,system,3297.034685,0.0,0.0,3297.034685,0.0,0.0
2035-06-19,21,0,reserve,system,3243.126789,0.0,0.0,3243.126789,0.0,0.0
2035-06-19,22,0,reserve,system,3134.689918,0.0,0.0,3134.689918,0.0,0.0
2035-06-19,23,0,reserve,system,3000.445963,0.0,0.0,3000.445963,0.0,0.0
2035-06-20,0,0,reserve,system,2916.038423,0.0,0.0,2916.038423,0.0,0.0
2035-06-20,1,0,reserve,system,2861.85001,0.0,0.0,2861.85001,0.0,0.0
2035-06-20,2,0,reserve,system,2842.631541,0.0,0.0,2842.631541,0.0,0.0
2035-06-20,3,0,reserve,system,2852.458483,0.0,0.0,2852.458483,0.0,0.0
2035-06-20,4,0,reserve,system,2899.431063,0.0,0.0,2899.431063,0.0,0.0
2035-06-20,5,0,reserve,system,2934.37773,0.0,0.0,2934.377729,0.0,0.0
2035-06-20,6,0,reserve,system,2967.555948,0.0,0.0,2967.555948,0.0,0.0
2035-06-20,7,0,reserve,system,3044.548771,0.0,0.0,3044.548771,0.0,0.0
2035-06-20,8,0,reserve,system,3153.667431,0.0,0.0,3153.667431,0.0,0.0
2035-06-20,9,0,reserve,system,3243.134761,0.0,0.0,3243.134761,0.0,0.0
2035-06-20,10,0,reserve,system,3321.876382,0.0,0.0,3321.876382,0.0,0.0
2035-06-20,11,0,reserve,system,3378.315985,0.0,0.0,3378.315985,0.0,0.0
2035-06-20,12,0,reserve,system,3380.482249,0.0,0.0,3380.482249,0.0,0.0
2035-06-20,13,0,reserve,system,3379.630819,0.0,0.0,3379.630819,0.0,0.0
2035-06-20,14,0,reserve,system,3372.435408,0.0,0.0,3372.435408,0.0,0.0
2035-06-20,15,0,reserve,system,3383.672405,0.0,0.0,3383.672405,0.0,0.0
2035-06-20,16,0,reserve,system,3353.968814,0.0,0.0,3353.968814,0.0,0.0
2035-06-20,17,0,reserve,system,3398.775148,0.0,0.0,3398.775148,0.0,0.0
2035-06-20,18,0,reserve,system,3418.052405,0.0,0.0,3418.052405,0.0,0.0
2035-06-20,19,0,reserve,system,3400.432519,0.0,0.0,3400.432519,0.0,0.0
2035-06-20,20,0,reserve,system,3440.071582,0.0,0.0,3440.071582,0.0,0.0
2035-06-20,21,0,reserve,system,3402.724598,0.0,0.0,3402.724598,0.0,0.0
2035-06-20,22,0,reserve,system,3326.765336,0.0,0.0,3326.765336,0.0,0.0
2035-06-20,23,0,reserve,system,3196.912808,0.0,0.0,3196.912808,0.0,0.0
2035-06-21,0,0,reserve,system,3124.222611,0.0,0.0,3124.222611,0.0,0.0
2035-06-21,1,0,reserve,system,3117.97152,0.0,0.0,3117.97152,0.0,0.0
2035-06-21,2,0,reserve,system,3112.110347,0.0,0.0,3112.110347,0.0,0.0
2035-06-21,3,0,reserve,system,3163.34171,0.0,0.0,3163.34171,0.0,0.0
2035-06-21,4,0,reserve,system,3270.076167,0.0,0.0,3270.076167,0.0,0.0
2035-06-21,5,0,reserve,system,3359.973989,0.0,0.0,3359.973989,0.0,0.0
2035-06-21,6,0,reserve,system,3358.57888,0.0,0.0,3358.57888,0.0,0.0
2035-06-21,7,0,reserve,system,3313.997259,0.0,0.0,3313.997259,0.0,0.0
2035-06-21,8,0,reserve,system,3323.914776,0.0,0.0,3323.914776,0.0,0.0
2035-06-21,9,0,reserve,system,3350.772116,0.0,0.0,3350.772116,0.0,0.0
2035-06-21,10,0,reserve,system,3378.07177,0.0,0.0,3378.07177,0.0,0.0
2035-06-21,11,0,reserve,system,3425.359671,0.0,0.0,3425.359671,0.0,0.0
2035-06-21,12,0,reserve,system,3410.979121,0.0,0.0,3410.979121,0.0,0.0
2035-06-21,13,0,reserve,system,3395.475673,0.0,0.0,3395.475673,0.0,0.0
2035-06-21,14,0,reserve,system,3386.23239,0.0,0.0,3386.23239,0.0,0.0
2035-06-21,15,0,reserve,system,3392.262556,0.0,0.0,3392.262556,0.0,0.0
2035-06-21,16,0,reserve,system,3361.373401,0.0,0.0,3361.373401,0.0,0.0
2035-06-21,17,0,reserve,system,3408.088636,0.0,0.0,3408.088636,0.0,0.0
2035-06-21,18,0,reserve,system,3417.057468,0.0,0.0,3417.057468,0.0,0.0
2035-06-21,19,0,reserve,system,3396.057826,0.0,0.0,3396.057826,0.0,0.0
2035-06-21,20,0,reserve,system,3433.841856,0.0,0.0,3433.841856,0.0,0.0
2035-06-21,21,0,reserve,system,3420.43067,0.0,0.0,3420.43067,0.0,0.0
2035-06-21,22,0,reserve,system,3367.386582,0.0,0.0,3367.386582,0.0,0.0
2035-06-21,23,0,reserve,system,3283.348245,0.0,0.0,3283.348245,0.0,0.0
2035-06-22,0,0,reserve,system,3251.161295,0.0,0.0,3251.161295,0.0,0.0
2035-06-22,1,0,reserve,system,3216.230177,0.0,0.0,3216.230177,0.0,0.0
2035-06-22,2,0,reserve,system,3173.049149,0.0,0.0,3173.049149,0.0,0.0
2035-06-22,3,0,reserve,system,3162.371976,0.0,0.0,3162.371976,0.0,0.0
2035-06-22,4,0,reserve,system,3192.849356,0.0,0.0,3192.849356,0.0,0.0
2035-06-22,5,0,reserve,system,3207.768962,0.0,0.0,3207.768962,0.0,0.0
2035-06-22,6,0,reserve,system,3217.361904,0.0,0.0,3217.361904,0.0,0.0
2035-06-22,7,0,reserve,system,3216.093454,0.0,0.0,3216.093454,0.0,0.0
2035-06-22,8,0,reserve,system,3180.946814,0.0,0.0,3180.946814,0.0,0.0
2035-06-22,9,0,reserve,system,3161.66713,0.0,0.0,3161.66713,0.0,0.0
2035-06-22,10,0,reserve,system,3190.301496,0.0,0.0,3190.301496,0.0,0.0
2035-06-22,11,0,reserve,system,3166.835805,0.0,0.0,3166.835805,0.0,0.0
2035-06-22,12,0,reserve,system,3083.962575,0.0,0.0,3083.962575,0.0,0.0
2035-06-22,13,0,reserve,system,2997.656154,0.0,0.0,2997.656154,0.0,0.0
2035-06-22,14,0,reserve,system,2951.604436,0.0,0.0,2951.604436,0.0,0.0
2035-06-22,15,0,reserve,system,2945.030898,0.0,0.0,2945.030898,0.0,0.0
2035-06-22,16,0,reserve,system,2906.837896,0.0,0.0,2906.837896,0.0,0.0
2035-06-22,17,0,reserve,system,2957.960703,0.0,0.0,2957.960703,0.0,0.0
2035-06-22,18,0,reserve,system,3010.210962,0.0,0.0,3010.210962,0.0,0.0
2035-06-22,19,0,reserve,system,3050.616925,0.0,0.0,3050.616925,0.0,0.0
2035-06-22,20,0,reserve,system,3133.695681,0.0,0.0,3133.695681,0.0,0.0
2035-06-22,21,0,reserve,system,3160.277012,0.0,0.0,3160.277012,0.0,0.0
2035-06-22,22,0,reserve,system,3161.496171,0.0,0.0,3161.496171,0.0,0.0
2035-06-22,23,0,reserve,system,3122.232222,0.0,0.0,3122.232222,0.0,0.0
2035-06-23,0,0,reserve,system,3098.977816,0.0,0.0,3098.977816,0.0,0.0
2035-06-23,1,0,reserve,system,3117.409904,0.0,0.0,3117.409904,0.0,0.0
2035-06-23,2,0,reserve,system,3108.600758,0.0,0.0,3108.600758,0.0,0.0
2035-06-23,3,0,reserve,system,3118.55944,0.0,0.0,3118.55944,0.0,0.0
2035-06-23,4,0,reserve,system,3070.444762,0.0,0.0,3070.444762,0.0,0.0
2035-06-23,5,0,reserve,system,2971.053653,0.0,0.0,2971.053653,0.0,0.0
2035-06-23,6,0,reserve,system,2929.97303,0.0,0.0,2929.97303,0.0,0.0
2035-06-23,7,0,reserve,system,2969.262857,0.0,0.0,2969.262857,0.0,0.0
2035-06-23,8,0,reserve,system,3031.908431,0.0,0.0,3031.908431,0.0,0.0
2035-06-23,9,0,reserve,system,3009.297404,0.0,0.0,3009.297404,0.0,0.0
2035-06-23,10,0,reserve,system,2941.550883,0.0,0.0,2941.550883,0.0,0.0
2035-06-23,11,0,reserve,system,2920.029516,0.0,0.0,2920.029516,0.0,0.0
2035-06-23,12,0,reserve,system,2864.150629,0.0,0.0,2864.150629,0.0,0.0
2035-06-23,13,0,reserve,system,2843.852369,0.0,0.0,2843.852369,0.0,0.0
2035-06-23,14,0,reserve,system,2889.84729,0.0,0.0,2889.84729,0.0,0.0
2035-06-23,15,0,reserve,system,2960.194456,0.0,0.0,2960.194456,0.0,0.0
2035-06-23,16,0,reserve,system,2979.981267,0.0,0.0,2979.981267,0.0,0.0
2035-06-23,17,0,reserve,system,3027.456583,0.0,0.0,3027.456583,0.0,0.0
2035-06-23,18,0,reserve,system,3039.919971,0.0,0.0,3039.919971,0.0,0.0
2035-06-23,19,0,reserve,system,3047.316395,0.0,0.0,3047.316395,0.0,0.0
2035-06-23,20,0,reserve,system,3025.749727,0.0,0.0,3025.749727,0.0,0.0
2035-06-23,21,0,reserve,system,2992.829028,0.0,0.0,2992.829028,0.0,0.0
2035-06-23,22,0,reserve,system,2940.943448,0.0,0.0,2940.943448,0.0,0.0
2035-06-23,23,0,reserve,system,2844.213212,0.0,0.0,2844.213212,0.0,0.0
2035-06-24,0,0,reserve,system,2774.553342,0.0,0.0,2774.553342,0.0,0.0
2035-06-24,1,0,reserve,system,2738.234249,0.0,0.0,2738.234249,0.0,0.0
2035-06-24,2,0,reserve,system,2742.150474,0.0,0.0,2742.150474,0.0,0.0
2035-06-24,3,0,reserve,system,2739.302193,0.0,0.0,2739.302193,0.0,0.0
2035-06-24,4,0,reserve,system,2723.117731,0.0,0.0,2723.117731,0.0,0.0
2035-06-24,5,0,reserve,system,2720.768404,0.0,0.0,2720.768404,0.0,0.0
2035-06-24,6,0,reserve,system,2734.347625,0.0,0.0,2734.347625,0.0,0.0
2035-06-24,7,0,reserve,system,2722.95378,0.0,0.0,2722.95378,0.0,0.0
2035-06-24,8,0,reserve,system,2713.415699,0.0,0.0,2713.415699,0.0,0.0
2035-06-24,9,0,reserve,system,2686.245211,0.0,0.0,2686.245211,0.0,0.0
2035-06-24,10,0,reserve,system,2664.664727,0.0,0.0,2664.664727,0.0,0.0
2035-06-24,11,0,reserve,system,2665.280336,0.0,0.0,2665.280336,0.0,0.0
2035-06-24,12,0,reserve,system,2620.624789,0.0,0.0,2620.624789,0.0,0.0
2035-06-24,13,0,reserve,system,2583.808922,0.0,0.0,2583.808922,0.0,0.0
2035-06-24,14,0,reserve,system,2589.657223,0.0,0.0,2589.657223,0.0,0.0
2035-06-24,15,0,reserve,system,2602.667157,0.0,0.0,2602.667157,0.0,0.0
2035-06-24,16,0,reserve,system,2591.487996,0.0,0.0,2591.487996,0.0,0.0
2035-06-24,17,0,reserve,system,2630.326286,0.0,0.0,2630.326286,0.0,0.0
2035-06-24,18,0,reserve,system,2645.407987,0.0,0.0,2645.407987,0.0,0.0
2035-06-24,19,0,reserve,system,2654.113274,0.0,0.0,2654.113274,0.0,0.0
2035-06-24,20,0,reserve,system,2696.316326,0.0,0.0,2696.316326,0.0,0.0
2035-06-24,21,0,reserve,system,2663.961097,0.0,0.0,2663.961097,0.0,0.0
2035-06-24,22,0,reserve,system,2582.618199,0.0,0.0,2582.618199,0.0,0.0
2035-06-24,23,0,reserve,system,2488.905432,0.0,0.0,2488.905432,0.0,0.0
2035-06-25,0,0,reserve,system,2426.876015,0.0,0.0,2426.876015,0.0,0.0
2035-06-25,1,0,reserve,system,2394.830957,0.0,0.0,2394.830957,0.0,0.0
2035-06-25,2,0,reserve,system,2391.087875,0.0,0.0,2391.087875,0.0,0.0
2035-06-25,3,0,reserve,system,2415.962762,0.0,0.0,2415.962762,0.0,0.0
2035-06-25,4,0,reserve,system,2458.458799,0.0,0.0,2458.458799,0.0,0.0
2035-06-25,5,0,reserve,system,2529.899963,0.0,0.0,2529.899963,0.0,0.0
2035-06-25,6,0,reserve,system,2580.96081,0.0,0.0,2580.96081,0.0,0.0
2035-06-25,7,0,reserve,system,2633.505398,0.0,0.0,2633.505398,0.0,0.0
2035-06-25,8,0,reserve,system,2669.87631,0.0,0.0,2669.87631,0.0,0.0
2035-06-25,9,0,reserve,system,2712.060997,0.0,0.0,2712.060997,0.0,0.0
2035-06-25,10,0,reserve,system,2792.865819,0.0,0.0,2792.865818,0.0,0.0
2035-06-25,11,0,reserve,system,2835.658227,0.0,0.0,2835.658227,0.0,0.0
2035-06-25,12,0,reserve,system,2808.468341,0.0,0.0,2808.468341,0.0,0.0
2035-06-25,13,0,reserve,system,2791.853116,0.0,0.0,2791.853116,0.0,0.0
2035-06-25,14,0,reserve,system,2812.230745,0.0,0.0,2812.230745,0.0,0.0
2035-06-25,15,0,reserve,system,2825.037871,0.0,0.0,2825.037871,0.0,0.0
2035-06-25,16,0,reserve,system,2765.156218,0.0,0.0,2765.156218,0.0,0.0
2035-06-25,17,0,reserve,system,2779.684596,0.0,0.0,2779.684596,0.0,0.0
2035-06-25,18,0,reserve,system,2787.498981,0.0,0.0,2787.498981,0.0,0.0
2035-06-25,19,0,reserve,system,2775.620386,0.0,0.0,2775.620386,0.0,0.0
2035-06-25,20,0,reserve,system,2823.793562,0.0,0.0,2823.793562,0.0,0.0
2035-06-25,21,0,reserve,system,2797.218892,0.0,0.0,2797.218892,0.0,0.0
2035-06-25,22,0,reserve,system,2724.435483,0.0,0.0,2724.435483,0.0,0.0
2035-06-25,23,0,reserve,system,2597.166785,0.0,0.0,2597.166785,0.0,0.0
2035-06-26,0,0,reserve,system,2522.430086,0.0,0.0,2522.430086,0.0,0.0
2035-06-26,1,0,reserve,system,2482.840262,0.0,0.0,2482.840262,0.0,0.0
2035-06-26,2,0,reserve,system,2475.178379,0.0,0.0,2475.178379,0.0,0.0
2035-06-26,3,0,reserve,system,2511.670008,0.0,0.0,2511.670008,0.0,0.0
2035-06-26,4,0,reserve,system,2579.205496,0.0,0.0,2579.205496,0.0,0.0
2035-06-26,5,0,reserve,system,2651.335116,0.0,0.0,2651.335116,0.0,0.0
2035-06-26,6,0,reserve,system,2692.871135,0.0,0.0,2692.871135,0.0,0.0
2035-06-26,7,0,reserve,system,2730.03832,0.0,0.0,2730.03832,0.0,0.0
2035-06-26,8,0,reserve,system,2777.078326,0.0,0.0,2777.078326,0.0,0.0
2035-06-26,9,0,reserve,system,2815.161575,0.0,0.0,2815.161576,0.0,0.0
2035-06-26,10,0,reserve,system,2866.355057,0.0,0.0,2866.355057,0.0,0.0
2035-06-26,11,0,reserve,system,2910.03406,0.0,0.0,2910.03406,0.0,0.0
2035-06-26,12,0,reserve,system,2886.130961,0.0,0.0,2886.130961,0.0,0.0
2035-06-26,13,0,reserve,system,2861.462494,0.0,0.0,2861.462494,0.0,0.0
2035-06-26,14,0,reserve,system,2875.887817,0.0,0.0,2875.887817,0.0,0.0
2035-06-26,15,0,reserve,system,2897.772125,0.0,0.0,2897.772125,0.0,0.0
2035-06-26,16,0,reserve,system,2842.374217,0.0,0.0,2842.374217,0.0,0.0
2035-06-26,17,0,reserve,system,2876.318048,0.0,0.0,2876.318048,0.0,0.0
2035-06-26,18,0,reserve,system,2889.586334,0.0,0.0,2889.586334,0.0,0.0
2035-06-26,19,0,reserve,system,2888.585395,0.0,0.0,2888.585395,0.0,0.0
2035-06-26,20,0,reserve,system,2911.375223,0.0,0.0,2911.375223,0.0,0.0
2035-06-26,21,0,reserve,system,2889.407174,0.0,0.0,2889.407174,0.0,0.0
2035-06-26,22,0,reserve,system,2801.951331,0.0,0.0,2801.951331,0.0,0.0
2035-06-26,23,0,reserve,system,2684.475266,0.0,0.0,2684.475266,0.0,0.0
2035-06-27,0,0,reserve,system,2612.012236,0.0,0.0,2612.012236,0.0,0.0
2035-06-27,1,0,reserve,system,2578.091588,0.0,0.0,2578.091588,0.0,0.0
2035-06-27,2,0,reserve,system,2571.101662,0.0,0.0,2571.101662,0.0,0.0
2035-06-27,3,0,reserve,system,2599.834593,0.0,0.0,2599.834593,0.0,0.0
2035-06-27,4,0,reserve,system,2666.830394,0.0,0.0,2666.830394,0.0,0.0
2035-06-27,5,0,reserve,system,2747.818688,0.0,0.0,2747.818688,0.0,0.0
2035-06-27,6,0,reserve,system,2786.81644,0.0,0.0,2786.81644,0.0,0.0
2035-06-27,7,0,reserve,system,2821.807531,0.0,0.0,2821.807531,0.0,0.0
2035-06-27,8,0,reserve,system,2870.282202,0.0,0.0,2870.282202,0.0,0.0
2035-06-27,9,0,reserve,system,2914.763811,0.0,0.0,2914.763811,0.0,0.0
2035-06-27,10,0,reserve,system,2968.68744,0.0,0.0,2968.68744,0.0,0.0
2035-06-27,11,0,reserve,system,2999.246181,0.0,0.0,2999.246181,0.0,0.0
2035-06-27,12,0,reserve,system,2940.067248,0.0,0.0,2940.067248,0.0,0.0
2035-06-27,13,0,reserve,system,2871.354201,0.0,0.0,2871.354201,0.0,0.0
2035-06-27,14,0,reserve,system,2840.222632,0.0,0.0,2840.222632,0.0,0.0
2035-06-27,15,0,reserve,system,2851.209058,0.0,0.0,2851.209058,0.0,0.0
2035-06-27,16,0,reserve,system,2804.642496,0.0,0.0,2804.642496,0.0,0.0
2035-06-27,17,0,reserve,system,2812.620965,0.0,0.0,2812.620965,0.0,0.0
2035-06-27,18,0,reserve,system,2848.96552,0.0,0.0,2848.96552,0.0,0.0
2035-06-27,19,0,reserve,system,2864.95866,0.0,0.0,2864.95866,0.0,0.0
2035-06-27,20,0,reserve,system,2905.359164,0.0,0.0,2905.359164,0.0,0.0
2035-06-27,21,0,reserve,system,2861.128869,0.0,0.0,2861.128869,0.0,0.0
2035-06-27,22,0,reserve,system,2763.33659,0.0,0.0,2763.33659,0.0,0.0
2035-06-27,23,0,reserve,system,2627.802866,0.0,0.0,2627.802866,0.0,0.0
2035-06-28,0,0,reserve,system,2541.925863,0.0,0.0,2541.925863,0.0,0.0
2035-06-28,1,0,reserve,system,2515.851241,0.0,0.0,2515.851241,0.0,0.0
2035-06-28,2,0,reserve,system,2507.95565,0.0,0.0,2507.95565,0.0,0.0
2035-06-28,3,0,reserve,system,2550.592638,0.0,0.0,2550.592638,0.0,0.0
2035-06-28,4,0,reserve,system,2654.143829,0.0,0.0,2654.143829,0.0,0.0
2035-06-28,5,0,reserve,system,2759.793625,0.0,0.0,2759.793625,0.0,0.0
2035-06-28,6,0,reserve,system,2812.711829,0.0,0.0,2812.711829,0.0,0.0
2035-06-28,7,0,reserve,system,2863.811598,0.0,0.0,2863.811598,0.0,0.0
2035-06-28,8,0,reserve,system,2935.111254,0.0,0.0,2935.111254,0.0,0.0
2035-06-28,9,0,reserve,system,2985.026755,0.0,0.0,2985.026755,0.0,0.0
2035-06-28,10,0,reserve,system,3027.138985,0.0,0.0,3027.138985,0.0,0.0
2035-06-28,11,0,reserve,system,3071.557209,0.0,0.0,3071.557209,0.0,0.0
2035-06-28,12,0,reserve,system,3060.992767,0.0,0.0,3060.992767,0.0,0.0
2035-06-28,13,0,reserve,system,3057.809833,0.0,0.0,3057.809833,0.0,0.0
2035-06-28,14,0,reserve,system,3079.339404,0.0,0.0,3079.339404,0.0,0.0
2035-06-28,15,0,reserve,system,3094.663881,0.0,0.0,3094.663881,0.0,0.0
2035-06-28,16,0,reserve,system,3029.625578,0.0,0.0,3029.625578,0.0,0.0
2035-06-28,17,0,reserve,system,3070.839162,0.0,0.0,3070.839162,0.0,0.0
2035-06-28,18,0,reserve,system,3096.13808,0.0,0.0,3096.13808,0.0,0.0
2035-06-28,19,0,reserve,system,3064.953814,0.0,0.0,3064.953814,0.0,0.0
2035-06-28,20,0,reserve,system,3100.151572,0.0,0.0,3100.151572,0.0,0.0
2035-06-28,21,0,reserve,system,3056.547732,0.0,0.0,3056.547732,0.0,0.0
2035-06-28,22,0,reserve,system,2974.458749,0.0,0.0,2974.458749,0.0,0.0
2035-06-28,23,0,reserve,system,2831.643666,0.0,0.0,2831.643666,0.0,0.0
2035-06-29,0,0,reserve,system,2750.370566,0.0,0.0,2750.370566,0.0,0.0
2035-06-29,1,0,reserve,system,2709.502813,0.0,0.0,2709.502813,0.0,0.0
2035-06-29,2,0,reserve,system,2687.576153,0.0,0.0,2687.576153,0.0,0.0
2035-06-29,3,0,reserve,system,2703.159396,0.0,0.0,2703.159396,0.0,0.0
2035-06-29,4,0,reserve,system,2741.927199,0.0,0.0,2741.927199,0.0,0.0
2035-06-29,5,0,reserve,system,2756.988799,0.0,0.0,2756.988799,0.0,0.0
2035-06-29,6,0,reserve,system,2799.031632,0.0,0.0,2799.031632,0.0,0.0
2035-06-29,7,0,reserve,system,2876.157834,0.0,0.0,2876.157834,0.0,0.0
2035-06-29,8,0,reserve,system,2972.818108,0.0,0.0,2972.818108,0.0,0.0
2035-06-29,9,0,reserve,system,3056.285073,0.0,0.0,3056.285073,0.0,0.0
2035-06-29,10,0,reserve,system,3129.745659,0.0,0.0,3129.745659,0.0,0.0
2035-06-29,11,0,reserve,system,3180.727008,0.0,0.0,3180.727008,0.0,0.0
2035-06-29,12,0,reserve,system,3128.25904,0.0,0.0,3128.25904,0.0,0.0
2035-06-29,13,0,reserve,system,3048.793717,0.0,0.0,3048.793717,0.0,0.0
2035-06-29,14,0,reserve,system,3020.428719,0.0,0.0,3020.428719,0.0,0.0
2035-06-29,15,0,reserve,system,3049.625488,0.0,0.0,3049.625488,0.0,0.0
2035-06-29,16,0,reserve,system,3011.421815,0.0,0.0,3011.421815,0.0,0.0
2035-06-29,17,0,reserve,system,3001.950889,0.0,0.0,3001.950889,0.0,0.0
2035-06-29,18,0,reserve,system,2970.709344,0.0,0.0,2970.709344,0.0,0.0
2035-06-29,19,0,reserve,system,2926.966394,0.0,0.0,2926.966394,0.0,0.0
2035-06-29,20,0,reserve,system,2926.612088,0.0,0.0,2926.612088,0.0,0.0
2035-06-29,21,0,reserve,system,2887.360677,0.0,0.0,2887.360677,0.0,0.0
2035-06-29,22,0,reserve,system,2836.277053,0.0,0.0,2836.277053,0.0,0.0
2035-06-29,23,0,reserve,system,2751.28579,0.0,0.0,2751.28579,0.0,0.0
2035-06-30,0,0,reserve,system,2678.899439,0.0,0.0,2678.899439,0.0,0.0
2035-06-30,1,0,reserve,system,2626.903513,0.0,0.0,2626.903513,0.0,0.0
2035-06-30,2,0,reserve,system,2563.588157,0.0,0.0,2563.588157,0.0,0.0
2035-06-30,3,0,reserve,system,2528.624885,0.0,0.0,2528.624885,0.0,0.0
2035-06-30,4,0,reserve,system,2476.33577,0.0,0.0,2476.33577,0.0,0.0
2035-06-30,5,0,reserve,system,2409.397117,0.0,0.0,2409.397117,0.0,0.0
2035-06-30,6,0,reserve,system,2396.737617,0.0,0.0,2396.737617,0.0,0.0
2035-06-30,7,0,reserve,system,2458.590905,0.0,0.0,2458.590905,0.0,0.0
2035-06-30,8,0,reserve,system,2524.23598,0.0,0.0,2524.23598,0.0,0.0
2035-06-30,9,0,reserve,system,2557.674346,0.0,0.0,2557.674346,0.0,0.0
2035-06-30,10,0,reserve,system,2554.751979,0.0,0.0,2554.751979,0.0,0.0
2035-06-30,11,0,reserve,system,2597.008161,0.0,0.0,2597.008161,0.0,0.0
2035-06-30,12,0,reserve,system,2575.047831,0.0,0.0,2575.047831,0.0,0.0
2035-06-30,13,0,reserve,system,2574.340905,0.0,0.0,2574.340905,0.0,0.0
2035-06-30,14,0,reserve,system,2628.552199,0.0,0.0,2628.552199,0.0,0.0
2035-06-30,15,0,reserve,system,2692.935651,0.0,0.0,2692.935651,0.0,0.0
2035-06-30,16,0,reserve,system,2711.634474,0.0,0.0,2711.634474,0.0,0.0
2035-06-30,17,0,reserve,system,2769.497719,0.0,0.0,2769.497719,0.0,0.0
2035-06-30,18,0,reserve,system,2810.760225,0.0,0.0,2810.760225,0.0,0.0
2035-06-30,19,0,reserve,system,2815.871062,0.0,0.0,2815.871062,0.0,0.0
2035-06-30,20,0,reserve,system,2873.663594,0.0,0.0,2873.663594,0.0,0.0
2035-06-30,21,0,reserve,system,2853.946263,0.0,0.0,2853.946263,0.0,0.0
2035-06-30,22,0,reserve,system,2778.076223,0.0,0.0,2778.076223,0.0,0.0
2035-06-30,23,0,reserve,system,2605.20903,0.0,0.0,2605.20903,0.0,0.0
2035-07-01,0,0,reserve,system,2536.885027,0.0,0.0,2536.885027,0.0,0.0
2035-07-01,1,0,reserve,system,2493.782902,0.0,0.0,2493.782902,0.0,0.0
2035-07-01,2,0,reserve,system,2481.357828,0.0,0.0,2481.357828,0.0,0.0
2035-07-01,3,0,reserve,system,2498.218536,0.0,0.0,2498.218536,0.0,0.0
2035-07-01,4,0,reserve,system,2542.787476,0.0,0.0,2542.787476,0.0,0.0
2035-07-01,5,0,reserve,system,2602.393483,0.0,0.0,2602.393483,0.0,0.0
2035-07-01,6,0,reserve,system,2655.091426,0.0,0.0,2655.091426,0.0,0.0
2035-07-01,7,0,reserve,system,2729.087631,0.0,0.0,2729.087631,0.0,0.0
2035-07-01,8,0,reserve,system,2808.336337,0.0,0.0,2808.336337,0.0,0.0
2035-07-01,9,0,reserve,system,2873.647764,0.0,0.0,2873.647764,0.0,0.0
2035-07-01,10,0,reserve,system,2928.056664,0.0,0.0,2928.056664,0.0,0.0
2035-07-01,11,0,reserve,system,2958.958366,0.0,0.0,2958.958366,0.0,0.0
2035-07-01,12,0,reserve,system,2935.309769,0.0,0.0,2935.309769,0.0,0.0
2035-07-01,13,0,reserve,system,2935.231238,0.0,0.0,2935.231238,0.0,0.0
2035-07-01,14,0,reserve,system,2989.657741,0.0,0.0,2989.657741,0.0,0.0
2035-07-01,15,0,reserve,system,3038.834676,0.0,0.0,3038.834676,0.0,0.0
2035-07-01,16,0,reserve,system,2997.530896,0.0,0.0,2997.530896,0.0,0.0
2035-07-01,17,0,reserve,system,3009.729232,0.0,0.0,3009.729232,0.0,0.0
2035-07-01,18,0,reserve,system,2998.438433,0.0,0.0,2998.438433,0.0,0.0
2035-07-01,19,0,reserve,system,2975.159022,0.0,0.0,2975.159022,0.0,0.0
2035-07-01,20,0,reserve,system,3014.659348,0.0,0.0,3014.659348,0.0,0.0
2035-07-01,21,0,reserve,system,2968.119721,0.0,0.0,2968.119721,0.0,0.0
2035-07-01,22,0,reserve,system,2899.977987,0.0,0.0,2899.977987,0.0,0.0
2035-07-01,23,0,reserve,system,2799.237543,0.0,0.0,2799.237543,0.0,0.0
2035-07-02,0,0,reserve,system,2727.364116,0.0,0.0,2727.364116,0.0,0.0
2035-07-02,1,0,reserve,system,2681.759021,0.0,0.0,2681.759021,0.0,0.0
2035-07-02,2,0,reserve,system,2662.236462,0.0,0.0,2662.236462,0.0,0.0
2035-07-02,3,0,reserve,system,2666.147233,0.0,0.0,2666.147233,0.0,0.0
2035-07-02,4,0,reserve,system,2715.699,0.0,0.0,2715.699,0.0,0.0
2035-07-02,5,0,reserve,system,2757.421122,0.0,0.0,2757.421122,0.0,0.0
2035-07-02,6,0,reserve,system,2789.707941,0.0,0.0,2789.707941,0.0,0.0
2035-07-02,7,0,reserve,system,2840.867577,0.0,0.0,2840.867577,0.0,0.0
2035-07-02,8,0,reserve,system,2901.831145,0.0,0.0,2901.831145,0.0,0.0
2035-07-02,9,0,reserve,system,2951.650351,0.0,0.0,2951.650351,0.0,0.0
2035-07-02,10,0,reserve,system,3033.4838,0.0,0.0,3033.4838,0.0,0.0
2035-07-02,11,0,reserve,system,3052.393326,0.0,0.0,3052.393326,0.0,0.0
2035-07-02,12,0,reserve,system,3008.747108,0.0,0.0,3008.747108,0.0,0.0
2035-07-02,13,0,reserve,system,2994.360592,0.0,0.0,2994.360592,0.0,0.0
2035-07-02,14,0,reserve,system,3019.631573,0.0,0.0,3019.631573,0.0,0.0
2035-07-02,15,0,reserve,system,3051.293117,0.0,0.0,3051.293117,0.0,0.0
2035-07-02,16,0,reserve,system,3001.270783,0.0,0.0,3001.270783,0.0,0.0
2035-07-02,17,0,reserve,system,3009.624648,0.0,0.0,3009.624648,0.0,0.0
2035-07-02,18,0,reserve,system,3003.920197,0.0,0.0,3003.920197,0.0,0.0
2035-07-02,19,0,reserve,system,2977.044714,0.0,0.0,2977.044714,0.0,0.0
2035-07-02,20,0,reserve,system,2990.652153,0.0,0.0,2990.652153,0.0,0.0
2035-07-02,21,0,reserve,system,2935.610508,0.0,0.0,2935.610508,0.0,0.0
2035-07-02,22,0,reserve,system,2853.877357,0.0,0.0,2853.877357,0.0,0.0
2035-07-02,23,0,reserve,system,2753.980836,0.0,0.0,2753.980836,0.0,0.0
2035-07-03,0,0,reserve,system,2691.822229,0.0,0.0,2691.822229,0.0,0.0
2035-07-03,1,0,reserve,system,2663.337977,0.0,0.0,2663.337977,0.0,0.0
2035-07-03,2,0,reserve,system,2633.827247,0.0,0.0,2633.827247,0.0,0.0
2035-07-03,3,0,reserve,system,2665.20509,0.0,0.0,2665.20509,0.0,0.0
2035-07-03,4,0,reserve,system,2718.180086,0.0,0.0,2718.180086,0.0,0.0
2035-07-03,5,0,reserve,system,2764.20387,0.0,0.0,2764.20387,0.0,0.0
2035-07-03,6,0,reserve,system,2790.795908,0.0,0.0,2790.795908,0.0,0.0
2035-07-03,7,0,reserve,system,2832.808731,0.0,0.0,2832.808731,0.0,0.0
2035-07-03,8,0,reserve,system,2876.837272,0.0,0.0,2876.837272,0.0,0.0
2035-07-03,9,0,reserve,system,2883.531784,0.0,0.0,2883.531784,0.0,0.0
2035-07-03,10,0,reserve,system,2884.781578,0.0,0.0,2884.781578,0.0,0.0
2035-07-03,11,0,reserve,system,2883.312072,0.0,0.0,2883.312072,0.0,0.0
2035-07-03,12,0,reserve,system,2847.224372,0.0,0.0,2847.224372,0.0,0.0
2035-07-03,13,0,reserve,system,2847.964298,0.0,0.0,2847.964298,0.0,0.0
2035-07-03,14,0,reserve,system,2904.422674,0.0,0.0,2904.422674,0.0,0.0
2035-07-03,15,0,reserve,system,2942.241092,0.0,0.0,2942.241092,0.0,0.0
2035-07-03,16,0,reserve,system,2892.522055,0.0,0.0,2892.522055,0.0,0.0
2035-07-03,17,0,reserve,system,2891.378366,0.0,0.0,2891.378366,0.0,0.0
2035-07-03,18,0,reserve,system,2895.118096,0.0,0.0,2895.118096,0.0,0.0
2035-07-03,19,0,reserve,system,2880.074994,0.0,0.0,2880.074994,0.0,0.0
2035-07-03,20,0,reserve,system,2916.445105,0.0,0.0,2916.445105,0.0,0.0
2035-07-03,21,0,reserve,system,2890.219357,0.0,0.0,2890.219357,0.0,0.0
2035-07-03,22,0,reserve,system,2826.00112,0.0,0.0,2826.00112,0.0,0.0
2035-07-03,23,0,reserve,system,2720.5444,0.0,0.0,2720.5444,0.0,0.0
2035-07-04,0,0,reserve,system,2662.411891,0.0,0.0,2662.411891,0.0,0.0
2035-07-04,1,0,reserve,system,2649.139002,0.0,0.0,2649.139002,0.0,0.0
2035-07-04,2,0,reserve,system,2638.251277,0.0,0.0,2638.251277,0.0,0.0
2035-07-04,3,0,reserve,system,2658.421451,0.0,0.0,2658.421451,0.0,0.0
2035-07-04,4,0,reserve,system,2698.568332,0.0,0.0,2698.568332,0.0,0.0
2035-07-04,5,0,reserve,system,2726.673128,0.0,0.0,2726.673128,0.0,0.0
2035-07-04,6,0,reserve,system,2724.159961,0.0,0.0,2724.159961,0.0,0.0
2035-07-04,7,0,reserve,system,2750.583806,0.0,0.0,2750.583806,0.0,0.0
2035-07-04,8,0,reserve,system,2821.922765,0.0,0.0,2821.922765,0.0,0.0
2035-07-04,9,0,reserve,system,2894.615079,0.0,0.0,2894.615079,0.0,0.0
2035-07-04,10,0,reserve,system,2957.831965,0.0,0.0,2957.831965,0.0,0.0
2035-07-04,11,0,reserve,system,3031.392265,0.0,0.0,3031.392265,0.0,0.0
2035-07-04,12,0,reserve,system,3066.634794,0.0,0.0,3066.634794,0.0,0.0
2035-07-04,13,0,reserve,system,3106.324605,0.0,0.0,3106.324605,0.0,0.0
2035-07-04,14,0,reserve,system,3153.377653,0.0,0.0,3153.377653,0.0,0.0
2035-07-04,15,0,reserve,system,3170.093983,0.0,0.0,3170.093983,0.0,0.0
2035-07-04,16,0,reserve,system,3106.286836,0.0,0.0,3106.286836,0.0,0.0
2035-07-04,17,0,reserve,system,3095.030781,0.0,0.0,3095.030781,0.0,0.0
2035-07-04,18,0,reserve,system,3071.073771,0.0,0.0,3071.073771,0.0,0.0
2035-07-04,19,0,reserve,system,3021.908426,0.0,0.0,3021.908426,0.0,0.0
2035-07-04,20,0,reserve,system,3033.16808,0.0,0.0,3033.16808,0.0,0.0
2035-07-04,21,0,reserve,system,3026.064871,0.0,0.0,3026.064871,0.0,0.0
2035-07-04,22,0,reserve,system,2989.900807,0.0,0.0,2989.900807,0.0,0.0
2035-07-04,23,0,reserve,system,2893.235453,0.0,0.0,2893.235453,0.0,0.0
2035-07-05,0,0,reserve,system,2820.712236,0.0,0.0,2820.712236,0.0,0.0
2035-07-05,1,0,reserve,system,2790.374195,0.0,0.0,2790.374195,0.0,0.0
2035-07-05,2,0,reserve,system,2775.169854,0.0,0.0,2775.169854,0.0,0.0
2035-07-05,3,0,reserve,system,2805.074204,0.0,0.0,2805.074204,0.0,0.0
2035-07-05,4,0,reserve,system,2888.059334,0.0,0.0,2888.059334,0.0,0.0
2035-07-05,5,0,reserve,system,2958.4689,0.0,0.0,2958.4689,0.0,0.0
2035-07-05,6,0,reserve,system,2975.179602,0.0,0.0,2975.179602,0.0,0.0
2035-07-05,7,0,reserve,system,3029.925188,0.0,0.0,3029.925188,0.0,0.0
2035-07-05,8,0,reserve,system,3090.006687,0.0,0.0,3090.006687,0.0,0.0
2035-07-05,9,0,reserve,system,3122.684621,0.0,0.0,3122.684621,0.0,0.0
2035-07-05,10,0,reserve,system,3156.498131,0.0,0.0,3156.498131,0.0,0.0
2035-07-05,11,0,reserve,system,3197.83669,0.0,0.0,3197.83669,0.0,0.0
2035-07-05,12,0,reserve,system,3180.705295,0.0,0.0,3180.705295,0.0,0.0
2035-07-05,13,0,reserve,system,3193.306172,0.0,0.0,3193.306172,0.0,0.0
2035-07-05,14,0,reserve,system,3265.781649,0.0,0.0,3265.781649,0.0,0.0
2035-07-05,15,0,reserve,system,3309.891161,0.0,0.0,3309.891161,0.0,0.0
2035-07-05,16,0,reserve,system,3270.395822,0.0,0.0,3270.395822,0.0,0.0
2035-07-05,17,0,reserve,system,3272.178948,0.0,0.0,3272.178948,0.0,0.0
2035-07-05,18,0,reserve,system,3258.246164,0.0,0.0,3258.246164,0.0,0.0
2035-07-05,19,0,reserve,system,3205.146242,0.0,0.0,3205.146242,0.0,0.0
2035-07-05,20,0,reserve,system,3204.098026,0.0,0.0,3204.098026,0.0,0.0
2035-07-05,21,0,reserve,system,3163.477887,0.0,0.0,3163.477887,0.0,0.0
2035-07-05,22,0,reserve,system,3089.368911,0.0,0.0,3089.368911,0.0,0.0
2035-07-05,23,0,reserve,system,2968.354104,0.0,0.0,2968.354104,0.0,0.0
2035-07-06,0,0,reserve,system,2891.025556,0.0,0.0,2891.025556,0.0,0.0
2035-07-06,1,0,reserve,system,2849.493385,0.0,0.0,2849.493385,0.0,0.0
2035-07-06,2,0,reserve,system,2814.639454,0.0,0.0,2814.639454,0.0,0.0
2035-07-06,3,0,reserve,system,2812.398258,0.0,0.0,2812.398258,0.0,0.0
2035-07-06,4,0,reserve,system,2833.628779,0.0,0.0,2833.628779,0.0,0.0
2035-07-06,5,0,reserve,system,2822.362408,0.0,0.0,2822.362408,0.0,0.0
2035-07-06,6,0,reserve,system,2835.147361,0.0,0.0,2835.147361,0.0,0.0
2035-07-06,7,0,reserve,system,2908.915538,0.0,0.0,2908.915538,0.0,0.0
2035-07-06,8,0,reserve,system,2987.045671,0.0,0.0,2987.045671,0.0,0.0
2035-07-06,9,0,reserve,system,3061.502333,0.0,0.0,3061.502333,0.0,0.0
2035-07-06,10,0,reserve,system,3132.36741,0.0,0.0,3132.36741,0.0,0.0
2035-07-06,11,0,reserve,system,3199.154142,0.0,0.0,3199.154142,0.0,0.0
2035-07-06,12,0,reserve,system,3187.573531,0.0,0.0,3187.573531,0.0,0.0
2035-07-06,13,0,reserve,system,3179.133223,0.0,0.0,3179.133223,0.0,0.0
2035-07-06,14,0,reserve,system,3215.231515,0.0,0.0,3215.231515,0.0,0.0
2035-07-06,15,0,reserve,system,3250.099384,0.0,0.0,3250.099384,0.0,0.0
2035-07-06,16,0,reserve,system,3181.624295,0.0,0.0,3181.624295,0.0,0.0
2035-07-06,17,0,reserve,system,3115.898148,0.0,0.0,3115.898148,0.0,0.0
2035-07-06,18,0,reserve,system,3024.939915,0.0,0.0,3024.939915,0.0,0.0
2035-07-06,19,0,reserve,system,2978.89698,0.0,0.0,2978.89698,0.0,0.0
2035-07-06,20,0,reserve,system,2964.95341,0.0,0.0,2964.95341,0.0,0.0
2035-07-06,21,0,reserve,system,2927.143623,0.0,0.0,2927.143623,0.0,0.0
2035-07-06,22,0,reserve,system,2882.178504,0.0,0.0,2882.178504,0.0,0.0
2035-07-06,23,0,reserve,system,2788.886211,0.0,0.0,2788.886211,0.0,0.0
2035-07-07,0,0,reserve,system,2713.955646,0.0,0.0,2713.955646,0.0,0.0
2035-07-07,1,0,reserve,system,2671.04826,0.0,0.0,2671.04826,0.0,0.0
2035-07-07,2,0,reserve,system,2627.370509,0.0,0.0,2627.370509,0.0,0.0
2035-07-07,3,0,reserve,system,2609.966941,0.0,0.0,2609.966941,0.0,0.0
2035-07-07,4,0,reserve,system,2580.783335,0.0,0.0,2580.783335,0.0,0.0
2035-07-07,5,0,reserve,system,2522.820481,0.0,0.0,2522.820481,0.0,0.0
2035-07-07,6,0,reserve,system,2511.39812,0.0,0.0,2511.39812,0.0,0.0
2035-07-07,7,0,reserve,system,2613.57036,0.0,0.0,2613.57036,0.0,0.0
2035-07-07,8,0,reserve,system,2734.291554,0.0,0.0,2734.291554,0.0,0.0
2035-07-07,9,0,reserve,system,2820.332438,0.0,0.0,2820.332438,0.0,0.0
2035-07-07,10,0,reserve,system,2868.841954,0.0,0.0,2868.841954,0.0,0.0
2035-07-07,11,0,reserve,system,2947.530533,0.0,0.0,2947.530533,0.0,0.0
2035-07-07,12,0,reserve,system,2981.389401,0.0,0.0,2981.389401,0.0,0.0
2035-07-07,13,0,reserve,system,3022.065817,0.0,0.0,3022.065817,0.0,0.0
2035-07-07,14,0,reserve,system,3101.132374,0.0,0.0,3101.132374,0.0,0.0
2035-07-07,15,0,reserve,system,3184.399133,0.0,0.0,3184.399133,0.0,0.0
2035-07-07,16,0,reserve,system,3180.158824,0.0,0.0,3180.158824,0.0,0.0
2035-07-07,17,0,reserve,system,3210.972944,0.0,0.0,3210.972944,0.0,0.0
2035-07-07,18,0,reserve,system,3207.532868,0.0,0.0,3207.532868,0.0,0.0
2035-07-07,19,0,reserve,system,3160.935013,0.0,0.0,3160.935013,0.0,0.0
2035-07-07,20,0,reserve,system,3172.298826,0.0,0.0,3172.298826,0.0,0.0
2035-07-07,21,0,reserve,system,3130.034609,0.0,0.0,3130.03461,0.0,0.0
2035-07-07,22,0,reserve,system,3067.81677,0.0,0.0,3067.81677,0.0,0.0
2035-07-07,23,0,reserve,system,2936.544579,0.0,0.0,2936.544579,0.0,0.0
2035-07-08,0,0,reserve,system,2841.926034,0.0,0.0,2841.926034,0.0,0.0
2035-07-08,1,0,reserve,system,2771.217904,0.0,0.0,2771.217904,0.0,0.0
2035-07-08,2,0,reserve,system,2726.642352,0.0,0.0,2726.642352,0.0,0.0
2035-07-08,3,0,reserve,system,2722.256314,0.0,0.0,2722.256314,0.0,0.0
2035-07-08,4,0,reserve,system,2745.680664,0.0,0.0,2745.680664,0.0,0.0
2035-07-08,5,0,reserve,system,2782.377902,0.0,0.0,2782.377902,0.0,0.0
2035-07-08,6,0,reserve,system,2824.843875,0.0,0.0,2824.843875,0.0,0.0
2035-07-08,7,0,reserve,system,2906.772088,0.0,0.0,2906.772088,0.0,0.0
2035-07-08,8,0,reserve,system,2988.384698,0.0,0.0,2988.384698,0.0,0.0
2035-07-08,9,0,reserve,system,3076.597991,0.0,0.0,3076.597991,0.0,0.0
2035-07-08,10,0,reserve,system,3159.35714,0.0,0.0,3159.35714,0.0,0.0
2035-07-08,11,0,reserve,system,3245.688728,0.0,0.0,3245.688728,0.0,0.0
2035-07-08,12,0,reserve,system,3268.052698,0.0,0.0,3268.052698,0.0,0.0
2035-07-08,13,0,reserve,system,3307.330395,0.0,0.0,3307.330395,0.0,0.0
2035-07-08,14,0,reserve,system,3348.452403,0.0,0.0,3348.452403,0.0,0.0
2035-07-08,15,0,reserve,system,3336.96673,0.0,0.0,3336.96673,0.0,0.0
2035-07-08,16,0,reserve,system,3232.022551,0.0,0.0,3232.022551,0.0,0.0
2035-07-08,17,0,reserve,system,3162.099594,0.0,0.0,3162.099594,0.0,0.0
2035-07-08,18,0,reserve,system,3125.172846,0.0,0.0,3125.172846,0.0,0.0
2035-07-08,19,0,reserve,system,3094.209399,0.0,0.0,3094.209399,0.0,0.0
2035-07-08,20,0,reserve,system,3113.576374,0.0,0.0,3113.576374,0.0,0.0
2035-07-08,21,0,reserve,system,3071.184282,0.0,0.0,3071.184282,0.0,0.0
2035-07-08,22,0,reserve,system,3003.012578,0.0,0.0,3003.012578,0.0,0.0
2035-07-08,23,0,reserve,system,2896.717724,0.0,0.0,2896.717724,0.0,0.0
2035-07-09,0,0,reserve,system,2825.877527,0.0,0.0,2825.877527,0.0,0.0
2035-07-09,1,0,reserve,system,2770.41876,0.0,0.0,2770.41876,0.0,0.0
2035-07-09,2,0,reserve,system,2749.021321,0.0,0.0,2749.021321,0.0,0.0
2035-07-09,3,0,reserve,system,2753.829434,0.0,0.0,2753.829434,0.0,0.0
2035-07-09,4,0,reserve,system,2789.847115,0.0,0.0,2789.847115,0.0,0.0
2035-07-09,5,0,reserve,system,2833.941216,0.0,0.0,2833.941216,0.0,0.0
2035-07-09,6,0,reserve,system,2865.654775,0.0,0.0,2865.654775,0.0,0.0
2035-07-09,7,0,reserve,system,2923.988206,0.0,0.0,2923.988206,0.0,0.0
2035-07-09,8,0,reserve,system,2991.01192,0.0,0.0,2991.01192,0.0,0.0
2035-07-09,9,0,reserve,system,3054.008899,0.0,0.0,3054.008899,0.0,0.0
2035-07-09,10,0,reserve,system,3172.628536,0.0,0.0,3172.628536,0.0,0.0
2035-07-09,11,0,reserve,system,3227.773098,0.0,0.0,3227.773098,0.0,0.0
2035-07-09,12,0,reserve,system,3246.53891,0.0,0.0,3246.53891,0.0,0.0
2035-07-09,13,0,reserve,system,3293.00063,0.0,0.0,3293.00063,0.0,0.0
2035-07-09,14,0,reserve,system,3346.826654,0.0,0.0,3346.826654,0.0,0.0
2035-07-09,15,0,reserve,system,3378.196601,0.0,0.0,3378.196601,0.0,0.0
2035-07-09,16,0,reserve,system,3316.002743,0.0,0.0,3316.002743,0.0,0.0
2035-07-09,17,0,reserve,system,3342.174273,0.0,0.0,3342.174273,0.0,0.0
2035-07-09,18,0,reserve,system,3342.643471,0.0,0.0,3342.643471,0.0,0.0
2035-07-09,19,0,reserve,system,3298.918566,0.0,0.0,3298.918566,0.0,0.0
2035-07-09,20,0,reserve,system,3302.771132,0.0,0.0,3302.771132,0.0,0.0
2035-07-09,21,0,reserve,system,3246.136583,0.0,0.0,3246.136583,0.0,0.0
2035-07-09,22,0,reserve,system,3167.71353,0.0,0.0,3167.71353,0.0,0.0
2035-07-09,23,0,reserve,system,3041.600886,0.0,0.0,3041.600886,0.0,0.0
2035-07-10,0,0,reserve,system,2949.785231,0.0,0.0,2949.785231,0.0,0.0
2035-07-10,1,0,reserve,system,2895.69064,0.0,0.0,2895.69064,0.0,0.0
2035-07-10,2,0,reserve,system,2852.31543,0.0,0.0,2852.31543,0.0,0.0
2035-07-10,3,0,reserve,system,2858.803762,0.0,0.0,2858.803762,0.0,0.0
2035-07-10,4,0,reserve,system,2905.669104,0.0,0.0,2905.669104,0.0,0.0
2035-07-10,5,0,reserve,system,2920.923924,0.0,0.0,2920.923924,0.0,0.0
2035-07-10,6,0,reserve,system,2938.210581,0.0,0.0,2938.210581,0.0,0.0
2035-07-10,7,0,reserve,system,3024.386227,0.0,0.0,3024.386227,0.0,0.0
2035-07-10,8,0,reserve,system,3120.53259,0.0,0.0,3120.53259,0.0,0.0
2035-07-10,9,0,reserve,system,3190.936878,0.0,0.0,3190.936878,0.0,0.0
2035-07-10,10,0,reserve,system,3279.657473,0.0,0.0,3279.657473,0.0,0.0
2035-07-10,11,0,reserve,system,3362.072676,0.0,0.0,3362.072676,0.0,0.0
2035-07-10,12,0,reserve,system,3364.233845,0.0,0.0,3364.233845,0.0,0.0
2035-07-10,13,0,reserve,system,3356.339188,0.0,0.0,3356.339188,0.0,0.0
2035-07-10,14,0,reserve,system,3389.351231,0.0,0.0,3389.351231,0.0,0.0
2035-07-10,15,0,reserve,system,3415.136689,0.0,0.0,3415.136689,0.0,0.0
2035-07-10,16,0,reserve,system,3360.066757,0.0,0.0,3360.066757,0.0,0.0
2035-07-10,17,0,reserve,system,3288.206265,0.0,0.0,3288.206265,0.0,0.0
2035-07-10,18,0,reserve,system,3203.191125,0.0,0.0,3203.191125,0.0,0.0
2035-07-10,19,0,reserve,system,3143.573014,0.0,0.0,3143.573014,0.0,0.0
2035-07-10,20,0,reserve,system,3124.534941,0.0,0.0,3124.534941,0.0,0.0
2035-07-10,21,0,reserve,system,3049.62096,0.0,0.0,3049.62096,0.0,0.0
2035-07-10,22,0,reserve,system,2950.893089,0.0,0.0,2950.893089,0.0,0.0
2035-07-10,23,0,reserve,system,2818.252816,0.0,0.0,2818.252816,0.0,0.0
2035-07-11,0,0,reserve,system,2722.542489,0.0,0.0,2722.542489,0.0,0.0
2035-07-11,1,0,reserve,system,2666.375471,0.0,0.0,2666.375471,0.0,0.0
2035-07-11,2,0,reserve,system,2631.034181,0.0,0.0,2631.034181,0.0,0.0
2035-07-11,3,0,reserve,system,2638.062586,0.0,0.0,2638.062587,0.0,0.0
2035-07-11,4,0,reserve,system,2692.231467,0.0,0.0,2692.231467,0.0,0.0
2035-07-11,5,0,reserve,system,2739.34849,0.0,0.0,2739.34849,0.0,0.0
2035-07-11,6,0,reserve,system,2755.748106,0.0,0.0,2755.748106,0.0,0.0
2035-07-11,7,0,reserve,system,2800.889365,0.0,0.0,2800.889365,0.0,0.0
2035-07-11,8,0,reserve,system,2856.424115,0.0,0.0,2856.424115,0.0,0.0
2035-07-11,9,0,reserve,system,2944.01492,0.0,0.0,2944.01492,0.0,0.0
2035-07-11,10,0,reserve,system,3036.005896,0.0,0.0,3036.005896,0.0,0.0
2035-07-11,11,0,reserve,system,3124.600458,0.0,0.0,3124.600458,0.0,0.0
2035-07-11,12,0,reserve,system,3139.482342,0.0,0.0,3139.482342,0.0,0.0
2035-07-11,13,0,reserve,system,3147.11994,0.0,0.0,3147.11994,0.0,0.0
2035-07-11,14,0,reserve,system,3192.05172,0.0,0.0,3192.05172,0.0,0.0
2035-07-11,15,0,reserve,system,3235.589511,0.0,0.0,3235.589511,0.0,0.0
2035-07-11,16,0,reserve,system,3191.617272,0.0,0.0,3191.617272,0.0,0.0
2035-07-11,17,0,reserve,system,3218.906921,0.0,0.0,3218.906921,0.0,0.0
2035-07-11,18,0,reserve,system,3222.631274,0.0,0.0,3222.631274,0.0,0.0
2035-07-11,19,0,reserve,system,3181.559171,0.0,0.0,3181.559171,0.0,0.0
2035-07-11,20,0,reserve,system,3190.760053,0.0,0.0,3190.760053,0.0,0.0
2035-07-11,21,0,reserve,system,3116.437515,0.0,0.0,3116.437515,0.0,0.0
2035-07-11,22,0,reserve,system,3007.333303,0.0,0.0,3007.333303,0.0,0.0
2035-07-11,23,0,reserve,system,2869.173159,0.0,0.0,2869.173159,0.0,0.0
2035-07-12,0,0,reserve,system,2768.386716,0.0,0.0,2768.386716,0.0,0.0
2035-07-12,1,0,reserve,system,2710.857452,0.0,0.0,2710.857452,0.0,0.0
2035-07-12,2,0,reserve,system,2669.841862,0.0,0.0,2669.841862,0.0,0.0
2035-07-12,3,0,reserve,system,2685.981216,0.0,0.0,2685.981216,0.0,0.0
2035-07-12,4,0,reserve,system,2761.634413,0.0,0.0,2761.634413,0.0,0.0
2035-07-12,5,0,reserve,system,2838.229478,0.0,0.0,2838.229478,0.0,0.0
2035-07-12,6,0,reserve,system,2878.815227,0.0,0.0,2878.815227,0.0,0.0
2035-07-12,7,0,reserve,system,2944.927278,0.0,0.0,2944.927278,0.0,0.0
2035-07-12,8,0,reserve,system,3024.029089,0.0,0.0,3024.029089,0.0,0.0
2035-07-12,9,0,reserve,system,3084.032855,0.0,0.0,3084.032855,0.0,0.0
2035-07-12,10,0,reserve,system,3133.528531,0.0,0.0,3133.528531,0.0,0.0
2035-07-12,11,0,reserve,system,3161.721113,0.0,0.0,3161.721113,0.0,0.0
2035-07-12,12,0,reserve,system,3151.684916,0.0,0.0,3151.684916,0.0,0.0
2035-07-12,13,0,reserve,system,3141.556139,0.0,0.0,3141.556139,0.0,0.0
2035-07-12,14,0,reserve,system,3160.957925,0.0,0.0,3160.957925,0.0,0.0
2035-07-12,15,0,reserve,system,3199.180556,0.0,0.0,3199.180556,0.0,0.0
2035-07-12,16,0,reserve,system,3159.490078,0.0,0.0,3159.490078,0.0,0.0
2035-07-12,17,0,reserve,system,3152.253588,0.0,0.0,3152.253588,0.0,0.0
2035-07-12,18,0,reserve,system,3115.843476,0.0,0.0,3115.843476,0.0,0.0
2035-07-12,19,0,reserve,system,3049.282298,0.0,0.0,3049.282298,0.0,0.0
2035-07-12,20,0,reserve,system,3041.939895,0.0,0.0,3041.939895,0.0,0.0
2035-07-12,21,0,reserve,system,2989.456874,0.0,0.0,2989.456874,0.0,0.0
2035-07-12,22,0,reserve,system,2898.427316,0.0,0.0,2898.427316,0.0,0.0
2035-07-12,23,0,reserve,system,2772.787867,0.0,0.0,2772.787867,0.0,0.0
2035-07-13,0,0,reserve,system,2674.397405,0.0,0.0,2674.397405,0.0,0.0
2035-07-13,1,0,reserve,system,2615.201085,0.0,0.0,2615.201085,0.0,0.0
2035-07-13,2,0,reserve,system,2569.071792,0.0,0.0,2569.071792,0.0,0.0
2035-07-13,3,0,reserve,system,2564.841142,0.0,0.0,2564.841142,0.0,0.0
2035-07-13,4,0,reserve,system,2601.701025,0.0,0.0,2601.701025,0.0,0.0
2035-07-13,5,0,reserve,system,2627.742037,0.0,0.0,2627.742037,0.0,0.0
2035-07-13,6,0,reserve,system,2666.516757,0.0,0.0,2666.516757,0.0,0.0
2035-07-13,7,0,reserve,system,2776.440871,0.0,0.0,2776.440871,0.0,0.0
2035-07-13,8,0,reserve,system,2886.173777,0.0,0.0,2886.173777,0.0,0.0
2035-07-13,9,0,reserve,system,2949.371666,0.0,0.0,2949.371666,0.0,0.0
2035-07-13,10,0,reserve,system,3005.968347,0.0,0.0,3005.968347,0.0,0.0
2035-07-13,11,0,reserve,system,3031.591471,0.0,0.0,3031.591471,0.0,0.0
2035-07-13,12,0,reserve,system,2968.769879,0.0,0.0,2968.769879,0.0,0.0
2035-07-13,13,0,reserve,system,2937.411468,0.0,0.0,2937.411468,0.0,0.0
2035-07-13,14,0,reserve,system,2963.199001,0.0,0.0,2963.199001,0.0,0.0
2035-07-13,15,0,reserve,system,3006.733746,0.0,0.0,3006.733746,0.0,0.0
2035-07-13,16,0,reserve,system,2970.727613,0.0,0.0,2970.727613,0.0,0.0
2035-07-13,17,0,reserve,system,2989.254115,0.0,0.0,2989.254115,0.0,0.0
2035-07-13,18,0,reserve,system,2998.611919,0.0,0.0,2998.611919,0.0,0.0
2035-07-13,19,0,reserve,system,2973.311778,0.0,0.0,2973.311778,0.0,0.0
2035-07-13,20,0,reserve,system,2994.043248,0.0,0.0,2994.043248,0.0,0.0
2035-07-13,21,0,reserve,system,2966.854346,0.0,0.0,2966.854346,0.0,0.0
2035-07-13,22,0,reserve,system,2925.545926,0.0,0.0,2925.545926,0.0,0.0
2035-07-13,23,0,reserve,system,2823.17664,0.0,0.0,2823.17664,0.0,0.0
2035-07-14,0,0,reserve,system,2739.065569,0.0,0.0,2739.065569,0.0,0.0
2035-07-14,1,0,reserve,system,2693.856294,0.0,0.0,2693.856294,0.0,0.0
2035-07-14,2,0,reserve,system,2646.445772,0.0,0.0,2646.445772,0.0,0.0
2035-07-14,3,0,reserve,system,2619.902608,0.0,0.0,2619.902607,0.0,0.0
2035-07-14,4,0,reserve,system,2590.924943,0.0,0.0,2590.924943,0.0,0.0
2035-07-14,5,0,reserve,system,2535.444269,0.0,0.0,2535.444269,0.0,0.0
2035-07-14,6,0,reserve,system,2522.192524,0.0,0.0,2522.192524,0.0,0.0
2035-07-14,7,0,reserve,system,2595.958371,0.0,0.0,2595.958371,0.0,0.0
2035-07-14,8,0,reserve,system,2683.304914,0.0,0.0,2683.304914,0.0,0.0
2035-07-14,9,0,reserve,system,2730.742812,0.0,0.0,2730.742812,0.0,0.0
2035-07-14,10,0,reserve,system,2729.739018,0.0,0.0,2729.739018,0.0,0.0
2035-07-14,11,0,reserve,system,2761.202994,0.0,0.0,2761.202994,0.0,0.0
2035-07-14,12,0,reserve,system,2743.638289,0.0,0.0,2743.638289,0.0,0.0
2035-07-14,13,0,reserve,system,2752.992053,0.0,0.0,2752.992053,0.0,0.0
2035-07-14,14,0,reserve,system,2795.956163,0.0,0.0,2795.956163,0.0,0.0
2035-07-14,15,0,reserve,system,2845.949288,0.0,0.0,2845.949288,0.0,0.0
2035-07-14,16,0,reserve,system,2849.7662,0.0,0.0,2849.7662,0.0,0.0
2035-07-14,17,0,reserve,system,2897.526033,0.0,0.0,2897.526033,0.0,0.0
2035-07-14,18,0,reserve,system,2911.489926,0.0,0.0,2911.489926,0.0,0.0
2035-07-14,19,0,reserve,system,2889.589754,0.0,0.0,2889.589754,0.0,0.0
2035-07-14,20,0,reserve,system,2923.334763,0.0,0.0,2923.334763,0.0,0.0
2035-07-14,21,0,reserve,system,2888.977966,0.0,0.0,2888.977966,0.0,0.0
2035-07-14,22,0,reserve,system,2809.791412,0.0,0.0,2809.791412,0.0,0.0
2035-07-14,23,0,reserve,system,2715.23432,0.0,0.0,2715.23432,0.0,0.0
2035-07-15,0,0,reserve,system,2642.971103,0.0,0.0,2642.971103,0.0,0.0
2035-07-15,1,0,reserve,system,2597.552594,0.0,0.0,2597.552594,0.0,0.0
2035-07-15,2,0,reserve,system,2576.669781,0.0,0.0,2576.669781,0.0,0.0
2035-07-15,3,0,reserve,system,2582.267087,0.0,0.0,2582.267087,0.0,0.0
2035-07-15,4,0,reserve,system,2628.572746,0.0,0.0,2628.572746,0.0,0.0
2035-07-15,5,0,reserve,system,2683.577394,0.0,0.0,2683.577394,0.0,0.0
2035-07-15,6,0,reserve,system,2730.536963,0.0,0.0,2730.536963,0.0,0.0
2035-07-15,7,0,reserve,system,2818.549882,0.0,0.0,2818.549882,0.0,0.0
2035-07-15,8,0,reserve,system,2903.222545,0.0,0.0,2903.222545,0.0,0.0
2035-07-15,9,0,reserve,system,2981.714603,0.0,0.0,2981.714603,0.0,0.0
2035-07-15,10,0,reserve,system,3050.84456,0.0,0.0,3050.84456,0.0,0.0
2035-07-15,11,0,reserve,system,3091.323424,0.0,0.0,3091.323424,0.0,0.0
2035-07-15,12,0,reserve,system,3072.048871,0.0,0.0,3072.048871,0.0,0.0
2035-07-15,13,0,reserve,system,3082.018433,0.0,0.0,3082.018433,0.0,0.0
2035-07-15,14,0,reserve,system,3134.033032,0.0,0.0,3134.033032,0.0,0.0
2035-07-15,15,0,reserve,system,3182.548114,0.0,0.0,3182.548114,0.0,0.0
2035-07-15,16,0,reserve,system,3143.602861,0.0,0.0,3143.602861,0.0,0.0
2035-07-15,17,0,reserve,system,3194.088948,0.0,0.0,3194.088948,0.0,0.0
2035-07-15,18,0,reserve,system,3226.928035,0.0,0.0,3226.928035,0.0,0.0
2035-07-15,19,0,reserve,system,3196.252246,0.0,0.0,3196.252246,0.0,0.0
2035-07-15,20,0,reserve,system,3224.199939,0.0,0.0,3224.199939,0.0,0.0
2035-07-15,21,0,reserve,system,3174.740535,0.0,0.0,3174.740535,0.0,0.0
2035-07-15,22,0,reserve,system,3106.989705,0.0,0.0,3106.989705,0.0,0.0
2035-07-15,23,0,reserve,system,3010.833751,0.0,0.0,3010.833751,0.0,0.0
2035-07-16,0,0,reserve,system,2937.854221,0.0,0.0,2937.854221,0.0,0.0
2035-07-16,1,0,reserve,system,2876.284124,0.0,0.0,2876.284124,0.0,0.0
2035-07-16,2,0,reserve,system,2841.348838,0.0,0.0,2841.348838,0.0,0.0
2035-07-16,3,0,reserve,system,2837.542205,0.0,0.0,2837.542205,0.0,0.0
2035-07-16,4,0,reserve,system,2886.213433,0.0,0.0,2886.213433,0.0,0.0
2035-07-16,5,0,reserve,system,2930.931714,0.0,0.0,2930.931714,0.0,0.0
2035-07-16,6,0,reserve,system,2960.642172,0.0,0.0,2960.642172,0.0,0.0
2035-07-16,7,0,reserve,system,3035.148163,0.0,0.0,3035.148163,0.0,0.0
2035-07-16,8,0,reserve,system,3124.599782,0.0,0.0,3124.599782,0.0,0.0
2035-07-16,9,0,reserve,system,3192.382624,0.0,0.0,3192.382624,0.0,0.0
2035-07-16,10,0,reserve,system,3291.10996,0.0,0.0,3291.10996,0.0,0.0
2035-07-16,11,0,reserve,system,3331.193428,0.0,0.0,3331.193428,0.0,0.0
2035-07-16,12,0,reserve,system,3305.94486,0.0,0.0,3305.94486,0.0,0.0
2035-07-16,13,0,reserve,system,3295.092158,0.0,0.0,3295.092158,0.0,0.0
2035-07-16,14,0,reserve,system,3310.729368,0.0,0.0,3310.729368,0.0,0.0
2035-07-16,15,0,reserve,system,3322.62302,0.0,0.0,3322.62302,0.0,0.0
2035-07-16,16,0,reserve,system,3270.532726,0.0,0.0,3270.532726,0.0,0.0
2035-07-16,17,0,reserve,system,3301.635126,0.0,0.0,3301.635126,0.0,0.0
2035-07-16,18,0,reserve,system,3319.045237,0.0,0.0,3319.045237,0.0,0.0
2035-07-16,19,0,reserve,system,3277.473792,0.0,0.0,3277.473792,0.0,0.0
2035-07-16,20,0,reserve,system,3291.974042,0.0,0.0,3291.974042,0.0,0.0
2035-07-16,21,0,reserve,system,3245.261403,0.0,0.0,3245.261403,0.0,0.0
2035-07-16,22,0,reserve,system,3166.80063,0.0,0.0,3166.80063,0.0,0.0
2035-07-16,23,0,reserve,system,3049.22858,0.0,0.0,3049.22858,0.0,0.0
2035-07-17,0,0,reserve,system,2985.369573,0.0,0.0,2985.369573,0.0,0.0
2035-07-17,1,0,reserve,system,2957.979947,0.0,0.0,2957.979947,0.0,0.0
2035-07-17,2,0,reserve,system,2939.042736,0.0,0.0,2939.042736,0.0,0.0
2035-07-17,3,0,reserve,system,2959.618265,0.0,0.0,2959.618265,0.0,0.0
2035-07-17,4,0,reserve,system,3004.869597,0.0,0.0,3004.869597,0.0,0.0
2035-07-17,5,0,reserve,system,3027.267545,0.0,0.0,3027.267545,0.0,0.0
2035-07-17,6,0,reserve,system,3029.724197,0.0,0.0,3029.724197,0.0,0.0
2035-07-17,7,0,reserve,system,3078.354154,0.0,0.0,3078.354154,0.0,0.0
2035-07-17,8,0,reserve,system,3139.750265,0.0,0.0,3139.750265,0.0,0.0
2035-07-17,9,0,reserve,system,3166.905528,0.0,0.0,3166.905528,0.0,0.0
2035-07-17,10,0,reserve,system,3193.437841,0.0,0.0,3193.437841,0.0,0.0
2035-07-17,11,0,reserve,system,3222.307551,0.0,0.0,3222.307551,0.0,0.0
2035-07-17,12,0,reserve,system,3199.404656,0.0,0.0,3199.404656,0.0,0.0
2035-07-17,13,0,reserve,system,3177.392951,0.0,0.0,3177.392951,0.0,0.0
2035-07-17,14,0,reserve,system,3205.813824,0.0,0.0,3205.813824,0.0,0.0
2035-07-17,15,0,reserve,system,3250.272882,0.0,0.0,3250.272882,0.0,0.0
2035-07-17,16,0,reserve,system,3219.284587,0.0,0.0,3219.284587,0.0,0.0
2035-07-17,17,0,reserve,system,3247.960159,0.0,0.0,3247.960159,0.0,0.0
2035-07-17,18,0,reserve,system,3261.420252,0.0,0.0,3261.420252,0.0,0.0
2035-07-17,19,0,reserve,system,3226.650579,0.0,0.0,3226.650579,0.0,0.0
2035-07-17,20,0,reserve,system,3243.63247,0.0,0.0,3243.63247,0.0,0.0
2035-07-17,21,0,reserve,system,3205.414265,0.0,0.0,3205.414265,0.0,0.0
2035-07-17,22,0,reserve,system,3135.997441,0.0,0.0,3135.997441,0.0,0.0
2035-07-17,23,0,reserve,system,3021.148841,0.0,0.0,3021.148841,0.0,0.0
2035-07-18,0,0,reserve,system,2957.84801,0.0,0.0,2957.84801,0.0,0.0
2035-07-18,1,0,reserve,system,2925.341407,0.0,0.0,2925.341407,0.0,0.0
2035-07-18,2,0,reserve,system,2898.964092,0.0,0.0,2898.964092,0.0,0.0
2035-07-18,3,0,reserve,system,2921.971002,0.0,0.0,2921.971002,0.0,0.0
2035-07-18,4,0,reserve,system,2973.331288,0.0,0.0,2973.331288,0.0,0.0
2035-07-18,5,0,reserve,system,3002.707139,0.0,0.0,3002.707139,0.0,0.0
2035-07-18,6,0,reserve,system,3013.447391,0.0,0.0,3013.447391,0.0,0.0
2035-07-18,7,0,reserve,system,3070.616777,0.0,0.0,3070.616777,0.0,0.0
2035-07-18,8,0,reserve,system,3130.690301,0.0,0.0,3130.690301,0.0,0.0
2035-07-18,9,0,reserve,system,3155.471985,0.0,0.0,3155.471985,0.0,0.0
2035-07-18,10,0,reserve,system,3182.371415,0.0,0.0,3182.371415,0.0,0.0
2035-07-18,11,0,reserve,system,3213.228127,0.0,0.0,3213.228127,0.0,0.0
2035-07-18,12,0,reserve,system,3196.896476,0.0,0.0,3196.896476,0.0,0.0
2035-07-18,13,0,reserve,system,3202.841142,0.0,0.0,3202.841142,0.0,0.0
2035-07-18,14,0,reserve,system,3247.238388,0.0,0.0,3247.238388,0.0,0.0
2035-07-18,15,0,reserve,system,3282.160727,0.0,0.0,3282.160727,0.0,0.0
2035-07-18,16,0,reserve,system,3247.844984,0.0,0.0,3247.844984,0.0,0.0
2035-07-18,17,0,reserve,system,3287.143126,0.0,0.0,3287.143126,0.0,0.0
2035-07-18,18,0,reserve,system,3308.640278,0.0,0.0,3308.640279,0.0,0.0
2035-07-18,19,0,reserve,system,3271.717041,0.0,0.0,3271.717041,0.0,0.0
2035-07-18,20,0,reserve,system,3299.913306,0.0,0.0,3299.913306,0.0,0.0
2035-07-18,21,0,reserve,system,3253.254986,0.0,0.0,3253.254986,0.0,0.0
2035-07-18,22,0,reserve,system,3162.056052,0.0,0.0,3162.056052,0.0,0.0
2035-07-18,23,0,reserve,system,3041.57314,0.0,0.0,3041.57314,0.0,0.0
2035-07-19,0,0,reserve,system,2964.898759,0.0,0.0,2964.898759,0.0,0.0
2035-07-19,1,0,reserve,system,2926.312479,0.0,0.0,2926.312479,0.0,0.0
2035-07-19,2,0,reserve,system,2898.025223,0.0,0.0,2898.025223,0.0,0.0
2035-07-19,3,0,reserve,system,2923.455082,0.0,0.0,2923.455082,0.0,0.0
2035-07-19,4,0,reserve,system,2994.861825,0.0,0.0,2994.861825,0.0,0.0
2035-07-19,5,0,reserve,system,3054.813246,0.0,0.0,3054.813246,0.0,0.0
2035-07-19,6,0,reserve,system,3089.963989,0.0,0.0,3089.963989,0.0,0.0
2035-07-19,7,0,reserve,system,3137.862769,0.0,0.0,3137.862769,0.0,0.0
2035-07-19,8,0,reserve,system,3179.676628,0.0,0.0,3179.676628,0.0,0.0
2035-07-19,9,0,reserve,system,3198.502452,0.0,0.0,3198.502453,0.0,0.0
2035-07-19,10,0,reserve,system,3226.555926,0.0,0.0,3226.555926,0.0,0.0
2035-07-19,11,0,reserve,system,3261.031319,0.0,0.0,3261.031319,0.0,0.0
2035-07-19,12,0,reserve,system,3240.043085,0.0,0.0,3240.043085,0.0,0.0
2035-07-19,13,0,reserve,system,3243.49149,0.0,0.0,3243.49149,0.0,0.0
2035-07-19,14,0,reserve,system,3278.844642,0.0,0.0,3278.844642,0.0,0.0
2035-07-19,15,0,reserve,system,3315.861215,0.0,0.0,3315.861215,0.0,0.0
2035-07-19,16,0,reserve,system,3275.804217,0.0,0.0,3275.804217,0.0,0.0
2035-07-19,17,0,reserve,system,3302.800455,0.0,0.0,3302.800455,0.0,0.0
2035-07-19,18,0,reserve,system,3297.596411,0.0,0.0,3297.596411,0.0,0.0
2035-07-19,19,0,reserve,system,3248.167909,0.0,0.0,3248.167909,0.0,0.0
2035-07-19,20,0,reserve,system,3269.793718,0.0,0.0,3269.793718,0.0,0.0
2035-07-19,21,0,reserve,system,3235.099643,0.0,0.0,3235.099643,0.0,0.0
2035-07-19,22,0,reserve,system,3165.026698,0.0,0.0,3165.026698,0.0,0.0
2035-07-19,23,0,reserve,system,3052.676474,0.0,0.0,3052.676473,0.0,0.0
2035-07-20,0,0,reserve,system,2972.740711,0.0,0.0,2972.740711,0.0,0.0
2035-07-20,1,0,reserve,system,2935.55172,0.0,0.0,2935.55172,0.0,0.0
2035-07-20,2,0,reserve,system,2905.198883,0.0,0.0,2905.198883,0.0,0.0
2035-07-20,3,0,reserve,system,2910.566486,0.0,0.0,2910.566486,0.0,0.0
2035-07-20,4,0,reserve,system,2927.756686,0.0,0.0,2927.756686,0.0,0.0
2035-07-20,5,0,reserve,system,2939.046024,0.0,0.0,2939.046024,0.0,0.0
2035-07-20,6,0,reserve,system,2948.860477,0.0,0.0,2948.860477,0.0,0.0
2035-07-20,7,0,reserve,system,3010.687695,0.0,0.0,3010.687695,0.0,0.0
2035-07-20,8,0,reserve,system,3079.477525,0.0,0.0,3079.477525,0.0,0.0
2035-07-20,9,0,reserve,system,3129.136286,0.0,0.0,3129.136286,0.0,0.0
2035-07-20,10,0,reserve,system,3160.41254,0.0,0.0,3160.41254,0.0,0.0
2035-07-20,11,0,reserve,system,3192.968376,0.0,0.0,3192.968376,0.0,0.0
2035-07-20,12,0,reserve,system,3151.756367,0.0,0.0,3151.756367,0.0,0.0
2035-07-20,13,0,reserve,system,3140.318096,0.0,0.0,3140.318096,0.0,0.0
2035-07-20,14,0,reserve,system,3164.618907,0.0,0.0,3164.618907,0.0,0.0
2035-07-20,15,0,reserve,system,3198.188384,0.0,0.0,3198.188384,0.0,0.0
2035-07-20,16,0,reserve,system,3151.792823,0.0,0.0,3151.792823,0.0,0.0
2035-07-20,17,0,reserve,system,3172.266788,0.0,0.0,3172.266788,0.0,0.0
2035-07-20,18,0,reserve,system,3174.272099,0.0,0.0,3174.272099,0.0,0.0
2035-07-20,19,0,reserve,system,3123.492915,0.0,0.0,3123.492915,0.0,0.0
2035-07-20,20,0,reserve,system,3137.513666,0.0,0.0,3137.513666,0.0,0.0
2035-07-20,21,0,reserve,system,3104.808757,0.0,0.0,3104.808757,0.0,0.0
2035-07-20,22,0,reserve,system,3063.604371,0.0,0.0,3063.604371,0.0,0.0
2035-07-20,23,0,reserve,system,2969.143088,0.0,0.0,2969.143088,0.0,0.0
2035-07-21,0,0,reserve,system,2887.919089,0.0,0.0,2887.919089,0.0,0.0
2035-07-21,1,0,reserve,system,2833.715344,0.0,0.0,2833.715344,0.0,0.0
2035-07-21,2,0,reserve,system,2775.583325,0.0,0.0,2775.583325,0.0,0.0
2035-07-21,3,0,reserve,system,2736.345784,0.0,0.0,2736.345784,0.0,0.0
2035-07-21,4,0,reserve,system,2685.966051,0.0,0.0,2685.966051,0.0,0.0
2035-07-21,5,0,reserve,system,2615.190647,0.0,0.0,2615.190647,0.0,0.0
2035-07-21,6,0,reserve,system,2600.808971,0.0,0.0,2600.808971,0.0,0.0
2035-07-21,7,0,reserve,system,2695.786257,0.0,0.0,2695.786257,0.0,0.0
2035-07-21,8,0,reserve,system,2797.94112,0.0,0.0,2797.94112,0.0,0.0
2035-07-21,9,0,reserve,system,2868.383655,0.0,0.0,2868.383655,0.0,0.0
2035-07-21,10,0,reserve,system,2883.548064,0.0,0.0,2883.548064,0.0,0.0
2035-07-21,11,0,reserve,system,2941.068233,0.0,0.0,2941.068233,0.0,0.0
2035-07-21,12,0,reserve,system,2943.434226,0.0,0.0,2943.434226,0.0,0.0
2035-07-21,13,0,reserve,system,2946.714895,0.0,0.0,2946.714895,0.0,0.0
2035-07-21,14,0,reserve,system,2994.964005,0.0,0.0,2994.964005,0.0,0.0
2035-07-21,15,0,reserve,system,3039.68596,0.0,0.0,3039.68596,0.0,0.0
2035-07-21,16,0,reserve,system,3020.066477,0.0,0.0,3020.066477,0.0,0.0
2035-07-21,17,0,reserve,system,3044.229935,0.0,0.0,3044.229935,0.0,0.0
2035-07-21,18,0,reserve,system,3044.008993,0.0,0.0,3044.008993,0.0,0.0
2035-07-21,19,0,reserve,system,3026.004116,0.0,0.0,3026.004116,0.0,0.0
2035-07-21,20,0,reserve,system,3064.379533,0.0,0.0,3064.379533,0.0,0.0
2035-07-21,21,0,reserve,system,3039.37304,0.0,0.0,3039.37304,0.0,0.0
2035-07-21,22,0,reserve,system,2975.552842,0.0,0.0,2975.552842,0.0,0.0
2035-07-21,23,0,reserve,system,2875.877973,0.0,0.0,2875.877973,0.0,0.0
2035-07-22,0,0,reserve,system,2800.847518,0.0,0.0,2800.847518,0.0,0.0
2035-07-22,1,0,reserve,system,2754.753151,0.0,0.0,2754.753151,0.0,0.0
2035-07-22,2,0,reserve,system,2724.102318,0.0,0.0,2724.102318,0.0,0.0
2035-07-22,3,0,reserve,system,2722.069361,0.0,0.0,2722.069361,0.0,0.0
2035-07-22,4,0,reserve,system,2763.840734,0.0,0.0,2763.840734,0.0,0.0
2035-07-22,5,0,reserve,system,2822.972722,0.0,0.0,2822.972722,0.0,0.0
2035-07-22,6,0,reserve,system,2862.899114,0.0,0.0,2862.899114,0.0,0.0
2035-07-22,7,0,reserve,system,2908.154731,0.0,0.0,2908.154731,0.0,0.0
2035-07-22,8,0,reserve,system,2956.927083,0.0,0.0,2956.927083,0.0,0.0
2035-07-22,9,0,reserve,system,2982.03228,0.0,0.0,2982.03228,0.0,0.0
2035-07-22,10,0,reserve,system,3009.436409,0.0,0.0,3009.436409,0.0,0.0
2035-07-22,11,0,reserve,system,3040.933127,0.0,0.0,3040.933127,0.0,0.0
2035-07-22,12,0,reserve,system,3010.317165,0.0,0.0,3010.317165,0.0,0.0
2035-07-22,13,0,reserve,system,2998.322142,0.0,0.0,2998.322142,0.0,0.0
2035-07-22,14,0,reserve,system,3021.76725,0.0,0.0,3021.76725,0.0,0.0
2035-07-22,15,0,reserve,system,3038.086261,0.0,0.0,3038.086261,0.0,0.0
2035-07-22,16,0,reserve,system,2993.726959,0.0,0.0,2993.726959,0.0,0.0
2035-07-22,17,0,reserve,system,3006.608769,0.0,0.0,3006.608769,0.0,0.0
2035-07-22,18,0,reserve,system,2987.110543,0.0,0.0,2987.110543,0.0,0.0
2035-07-22,19,0,reserve,system,2958.109048,0.0,0.0,2958.109048,0.0,0.0
2035-07-22,20,0,reserve,system,2972.784773,0.0,0.0,2972.784773,0.0,0.0
2035-07-22,21,0,reserve,system,2916.738392,0.0,0.0,2916.738392,0.0,0.0
2035-07-22,22,0,reserve,system,2835.500357,0.0,0.0,2835.500357,0.0,0.0
2035-07-22,23,0,reserve,system,2739.035746,0.0,0.0,2739.035746,0.0,0.0
2035-07-23,0,0,reserve,system,2665.031578,0.0,0.0,2665.031578,0.0,0.0
2035-07-23,1,0,reserve,system,2612.447466,0.0,0.0,2612.447466,0.0,0.0
2035-07-23,2,0,reserve,system,2578.859784,0.0,0.0,2578.859784,0.0,0.0
2035-07-23,3,0,reserve,system,2576.948411,0.0,0.0,2576.948411,0.0,0.0
2035-07-23,4,0,reserve,system,2621.572778,0.0,0.0,2621.572778,0.0,0.0
2035-07-23,5,0,reserve,system,2679.32927,0.0,0.0,2679.329269,0.0,0.0
2035-07-23,6,0,reserve,system,2715.772077,0.0,0.0,2715.772077,0.0,0.0
2035-07-23,7,0,reserve,system,2761.197672,0.0,0.0,2761.197672,0.0,0.0
2035-07-23,8,0,reserve,system,2792.538325,0.0,0.0,2792.538325,0.0,0.0
2035-07-23,9,0,reserve,system,2813.167549,0.0,0.0,2813.167549,0.0,0.0
2035-07-23,10,0,reserve,system,2862.813197,0.0,0.0,2862.813197,0.0,0.0
2035-07-23,11,0,reserve,system,2877.78254,0.0,0.0,2877.78254,0.0,0.0
2035-07-23,12,0,reserve,system,2833.534222,0.0,0.0,2833.534222,0.0,0.0
2035-07-23,13,0,reserve,system,2826.560186,0.0,0.0,2826.560186,0.0,0.0
2035-07-23,14,0,reserve,system,2862.296555,0.0,0.0,2862.296555,0.0,0.0
2035-07-23,15,0,reserve,system,2921.019227,0.0,0.0,2921.019227,0.0,0.0
2035-07-23,16,0,reserve,system,2917.87464,0.0,0.0,2917.87464,0.0,0.0
2035-07-23,17,0,reserve,system,2954.767544,0.0,0.0,2954.767544,0.0,0.0
2035-07-23,18,0,reserve,system,2940.479396,0.0,0.0,2940.479396,0.0,0.0
2035-07-23,19,0,reserve,system,2888.858165,0.0,0.0,2888.858165,0.0,0.0
2035-07-23,20,0,reserve,system,2896.114992,0.0,0.0,2896.114992,0.0,0.0
2035-07-23,21,0,reserve,system,2827.300489,0.0,0.0,2827.300489,0.0,0.0
2035-07-23,22,0,reserve,system,2729.198816,0.0,0.0,2729.198816,0.0,0.0
2035-07-23,23,0,reserve,system,2594.348143,0.0,0.0,2594.348143,0.0,0.0
2035-07-24,0,0,reserve,system,2510.552375,0.0,0.0,2510.552375,0.0,0.0
2035-07-24,1,0,reserve,system,2464.56323,0.0,0.0,2464.56323,0.0,0.0
2035-07-24,2,0,reserve,system,2430.548752,0.0,0.0,2430.548752,0.0,0.0
2035-07-24,3,0,reserve,system,2447.306441,0.0,0.0,2447.306441,0.0,0.0
2035-07-24,4,0,reserve,system,2501.489332,0.0,0.0,2501.489332,0.0,0.0
2035-07-24,5,0,reserve,system,2551.271333,0.0,0.0,2551.271333,0.0,0.0
2035-07-24,6,0,reserve,system,2570.659616,0.0,0.0,2570.659616,0.0,0.0
2035-07-24,7,0,reserve,system,2647.069046,0.0,0.0,2647.069046,0.0,0.0
2035-07-24,8,0,reserve,system,2720.11507,0.0,0.0,2720.11507,0.0,0.0
2035-07-24,9,0,reserve,system,2786.596197,0.0,0.0,2786.596197,0.0,0.0
2035-07-24,10,0,reserve,system,2840.971464,0.0,0.0,2840.971464,0.0,0.0
2035-07-24,11,0,reserve,system,2894.442957,0.0,0.0,2894.442957,0.0,0.0
2035-07-24,12,0,reserve,system,2873.622669,0.0,0.0,2873.622669,0.0,0.0
2035-07-24,13,0,reserve,system,2879.2049,0.0,0.0,2879.2049,0.0,0.0
2035-07-24,14,0,reserve,system,2940.802178,0.0,0.0,2940.802178,0.0,0.0
2035-07-24,15,0,reserve,system,3021.278248,0.0,0.0,3021.278248,0.0,0.0
2035-07-24,16,0,reserve,system,3010.061799,0.0,0.0,3010.061799,0.0,0.0
2035-07-24,17,0,reserve,system,3039.205017,0.0,0.0,3039.205017,0.0,0.0
2035-07-24,18,0,reserve,system,3014.328904,0.0,0.0,3014.328904,0.0,0.0
2035-07-24,19,0,reserve,system,2917.8372,0.0,0.0,2917.8372,0.0,0.0
2035-07-24,20,0,reserve,system,2879.848076,0.0,0.0,2879.848076,0.0,0.0
2035-07-24,21,0,reserve,system,2786.143191,0.0,0.0,2786.143191,0.0,0.0
2035-07-24,22,0,reserve,system,2662.5091,0.0,0.0,2662.5091,0.0,0.0
2035-07-24,23,0,reserve,system,2514.035644,0.0,0.0,2514.035644,0.0,0.0
2035-07-25,0,0,reserve,system,2407.235864,0.0,0.0,2407.235864,0.0,0.0
2035-07-25,1,0,reserve,system,2349.202861,0.0,0.0,2349.202861,0.0,0.0
2035-07-25,2,0,reserve,system,2307.882529,0.0,0.0,2307.882529,0.0,0.0
2035-07-25,3,0,reserve,system,2315.954604,0.0,0.0,2315.954604,0.0,0.0
2035-07-25,4,0,reserve,system,2375.508423,0.0,0.0,2375.508423,0.0,0.0
2035-07-25,5,0,reserve,system,2429.654437,0.0,0.0,2429.654437,0.0,0.0
2035-07-25,6,0,reserve,system,2462.819573,0.0,0.0,2462.819573,0.0,0.0
2035-07-25,7,0,reserve,system,2535.045205,0.0,0.0,2535.045205,0.0,0.0
2035-07-25,8,0,reserve,system,2600.314536,0.0,0.0,2600.314536,0.0,0.0
2035-07-25,9,0,reserve,system,2636.130858,0.0,0.0,2636.130858,0.0,0.0
2035-07-25,10,0,reserve,system,2667.228925,0.0,0.0,2667.228925,0.0,0.0
2035-07-25,11,0,reserve,system,2713.569714,0.0,0.0,2713.569714,0.0,0.0
2035-07-25,12,0,reserve,system,2724.932757,0.0,0.0,2724.932757,0.0,0.0
2035-07-25,13,0,reserve,system,2752.168584,0.0,0.0,2752.168584,0.0,0.0
2035-07-25,14,0,reserve,system,2815.278861,0.0,0.0,2815.278861,0.0,0.0
2035-07-25,15,0,reserve,system,2876.478417,0.0,0.0,2876.478417,0.0,0.0
2035-07-25,16,0,reserve,system,2864.090815,0.0,0.0,2864.090815,0.0,0.0
2035-07-25,17,0,reserve,system,2885.176696,0.0,0.0,2885.176696,0.0,0.0
2035-07-25,18,0,reserve,system,2873.272843,0.0,0.0,2873.272843,0.0,0.0
2035-07-25,19,0,reserve,system,2831.169106,0.0,0.0,2831.169106,0.0,0.0
2035-07-25,20,0,reserve,system,2831.159805,0.0,0.0,2831.159805,0.0,0.0
2035-07-25,21,0,reserve,system,2759.115969,0.0,0.0,2759.115969,0.0,0.0
2035-07-25,22,0,reserve,system,2653.443654,0.0,0.0,2653.443654,0.0,0.0
2035-07-25,23,0,reserve,system,2521.218861,0.0,0.0,2521.218861,0.0,0.0
2035-07-26,0,0,reserve,system,2426.600377,0.0,0.0,2426.600377,0.0,0.0
2035-07-26,1,0,reserve,system,2387.137983,0.0,0.0,2387.137983,0.0,0.0
2035-07-26,2,0,reserve,system,2359.165529,0.0,0.0,2359.165529,0.0,0.0
2035-07-26,3,0,reserve,system,2380.054152,0.0,0.0,2380.054152,0.0,0.0
2035-07-26,4,0,reserve,system,2453.060833,0.0,0.0,2453.060833,0.0,0.0
2035-07-26,5,0,reserve,system,2538.287334,0.0,0.0,2538.287334,0.0,0.0
2035-07-26,6,0,reserve,system,2587.235524,0.0,0.0,2587.235524,0.0,0.0
2035-07-26,7,0,reserve,system,2656.837408,0.0,0.0,2656.837408,0.0,0.0
2035-07-26,8,0,reserve,system,2718.962411,0.0,0.0,2718.962411,0.0,0.0
2035-07-26,9,0,reserve,system,2773.091254,0.0,0.0,2773.091255,0.0,0.0
2035-07-26,10,0,reserve,system,2830.824322,0.0,0.0,2830.824322,0.0,0.0
2035-07-26,11,0,reserve,system,2856.024979,0.0,0.0,2856.024979,0.0,0.0
2035-07-26,12,0,reserve,system,2844.85498,0.0,0.0,2844.85498,0.0,0.0
2035-07-26,13,0,reserve,system,2858.241825,0.0,0.0,2858.241825,0.0,0.0
2035-07-26,14,0,reserve,system,2903.440301,0.0,0.0,2903.440301,0.0,0.0
2035-07-26,15,0,reserve,system,2949.323926,0.0,0.0,2949.323926,0.0,0.0
2035-07-26,16,0,reserve,system,2908.549916,0.0,0.0,2908.549916,0.0,0.0
2035-07-26,17,0,reserve,system,2906.240298,0.0,0.0,2906.240298,0.0,0.0
2035-07-26,18,0,reserve,system,2896.108332,0.0,0.0,2896.108332,0.0,0.0
2035-07-26,19,0,reserve,system,2858.40256,0.0,0.0,2858.40256,0.0,0.0
2035-07-26,20,0,reserve,system,2859.520544,0.0,0.0,2859.520544,0.0,0.0
2035-07-26,21,0,reserve,system,2820.036401,0.0,0.0,2820.036401,0.0,0.0
2035-07-26,22,0,reserve,system,2747.30132,0.0,0.0,2747.30132,0.0,0.0
2035-07-26,23,0,reserve,system,2636.472139,0.0,0.0,2636.472139,0.0,0.0
2035-07-27,0,0,reserve,system,2552.253437,0.0,0.0,2552.253437,0.0,0.0
2035-07-27,1,0,reserve,system,2511.261701,0.0,0.0,2511.261701,0.0,0.0
2035-07-27,2,0,reserve,system,2472.456574,0.0,0.0,2472.456574,0.0,0.0
2035-07-27,3,0,reserve,system,2476.306221,0.0,0.0,2476.306221,0.0,0.0
2035-07-27,4,0,reserve,system,2519.783118,0.0,0.0,2519.783118,0.0,0.0
2035-07-27,5,0,reserve,system,2554.188173,0.0,0.0,2554.188173,0.0,0.0
2035-07-27,6,0,reserve,system,2592.048807,0.0,0.0,2592.048807,0.0,0.0
2035-07-27,7,0,reserve,system,2694.241867,0.0,0.0,2694.241867,0.0,0.0
2035-07-27,8,0,reserve,system,2815.057076,0.0,0.0,2815.057076,0.0,0.0
2035-07-27,9,0,reserve,system,2914.947322,0.0,0.0,2914.947322,0.0,0.0
2035-07-27,10,0,reserve,system,2984.676345,0.0,0.0,2984.676345,0.0,0.0
2035-07-27,11,0,reserve,system,3027.033276,0.0,0.0,3027.033276,0.0,0.0
2035-07-27,12,0,reserve,system,2992.06299,0.0,0.0,2992.06299,0.0,0.0
2035-07-27,13,0,reserve,system,2973.53177,0.0,0.0,2973.53177,0.0,0.0
2035-07-27,14,0,reserve,system,3009.488208,0.0,0.0,3009.488208,0.0,0.0
2035-07-27,15,0,reserve,system,3044.475496,0.0,0.0,3044.475496,0.0,0.0
2035-07-27,16,0,reserve,system,3016.346175,0.0,0.0,3016.346175,0.0,0.0
2035-07-27,17,0,reserve,system,3042.650391,0.0,0.0,3042.650391,0.0,0.0
2035-07-27,18,0,reserve,system,3035.024771,0.0,0.0,3035.024771,0.0,0.0
2035-07-27,19,0,reserve,system,2980.99411,0.0,0.0,2980.99411,0.0,0.0
2035-07-27,20,0,reserve,system,2987.118495,0.0,0.0,2987.118495,0.0,0.0
2035-07-27,21,0,reserve,system,2964.410521,0.0,0.0,2964.410521,0.0,0.0
2035-07-27,22,0,reserve,system,2925.632344,0.0,0.0,2925.632344,0.0,0.0
2035-07-27,23,0,reserve,system,2837.09696,0.0,0.0,2837.09696,0.0,0.0
2035-07-28,0,0,reserve,system,2752.06523,0.0,0.0,2752.06523,0.0,0.0
2035-07-28,1,0,reserve,system,2702.858816,0.0,0.0,2702.858816,0.0,0.0
2035-07-28,2,0,reserve,system,2656.925187,0.0,0.0,2656.925187,0.0,0.0
2035-07-28,3,0,reserve,system,2634.722629,0.0,0.0,2634.722629,0.0,0.0
2035-07-28,4,0,reserve,system,2616.239818,0.0,0.0,2616.239818,0.0,0.0
2035-07-28,5,0,reserve,system,2577.054258,0.0,0.0,2577.054258,0.0,0.0
2035-07-28,6,0,reserve,system,2568.148068,0.0,0.0,2568.148068,0.0,0.0
2035-07-28,7,0,reserve,system,2675.954517,0.0,0.0,2675.954517,0.0,0.0
2035-07-28,8,0,reserve,system,2806.88661,0.0,0.0,2806.88661,0.0,0.0
2035-07-28,9,0,reserve,system,2877.835429,0.0,0.0,2877.835429,0.0,0.0
2035-07-28,10,0,reserve,system,2881.805823,0.0,0.0,2881.805823,0.0,0.0
2035-07-28,11,0,reserve,system,2894.754718,0.0,0.0,2894.754718,0.0,0.0
2035-07-28,12,0,reserve,system,2850.392046,0.0,0.0,2850.392046,0.0,0.0
2035-07-28,13,0,reserve,system,2820.575338,0.0,0.0,2820.575338,0.0,0.0
2035-07-28,14,0,reserve,system,2873.760062,0.0,0.0,2873.760062,0.0,0.0
2035-07-28,15,0,reserve,system,2938.413041,0.0,0.0,2938.413041,0.0,0.0
2035-07-28,16,0,reserve,system,2937.006245,0.0,0.0,2937.006245,0.0,0.0
2035-07-28,17,0,reserve,system,2975.487323,0.0,0.0,2975.487323,0.0,0.0
2035-07-28,18,0,reserve,system,2983.222847,0.0,0.0,2983.222847,0.0,0.0
2035-07-28,19,0,reserve,system,2960.807439,0.0,0.0,2960.807439,0.0,0.0
2035-07-28,20,0,reserve,system,3008.590355,0.0,0.0,3008.590355,0.0,0.0
2035-07-28,21,0,reserve,system,2986.476864,0.0,0.0,2986.476864,0.0,0.0
2035-07-28,22,0,reserve,system,2928.030931,0.0,0.0,2928.030931,0.0,0.0
2035-07-28,23,0,reserve,system,2831.149022,0.0,0.0,2831.149022,0.0,0.0
2035-07-29,0,0,reserve,system,2757.216082,0.0,0.0,2757.216082,0.0,0.0
2035-07-29,1,0,reserve,system,2702.88277,0.0,0.0,2702.88277,0.0,0.0
2035-07-29,2,0,reserve,system,2672.930501,0.0,0.0,2672.930501,0.0,0.0
2035-07-29,3,0,reserve,system,2676.544512,0.0,0.0,2676.544512,0.0,0.0
2035-07-29,4,0,reserve,system,2727.939001,0.0,0.0,2727.939001,0.0,0.0
2035-07-29,5,0,reserve,system,2785.452291,0.0,0.0,2785.452291,0.0,0.0
2035-07-29,6,0,reserve,system,2820.581801,0.0,0.0,2820.581801,0.0,0.0
2035-07-29,7,0,reserve,system,2899.782986,0.0,0.0,2899.782986,0.0,0.0
2035-07-29,8,0,reserve,system,2982.173839,0.0,0.0,2982.173839,0.0,0.0
2035-07-29,9,0,reserve,system,3033.286162,0.0,0.0,3033.286162,0.0,0.0
2035-07-29,10,0,reserve,system,3054.41024,0.0,0.0,3054.41024,0.0,0.0
2035-07-29,11,0,reserve,system,3091.669819,0.0,0.0,3091.669819,0.0,0.0
2035-07-29,12,0,reserve,system,3065.647978,0.0,0.0,3065.647978,0.0,0.0
2035-07-29,13,0,reserve,system,3033.993487,0.0,0.0,3033.993487,0.0,0.0
2035-07-29,14,0,reserve,system,3047.225679,0.0,0.0,3047.225679,0.0,0.0
2035-07-29,15,0,reserve,system,3072.767079,0.0,0.0,3072.767079,0.0,0.0
2035-07-29,16,0,reserve,system,3026.47138,0.0,0.0,3026.47138,0.0,0.0
2035-07-29,17,0,reserve,system,3048.204114,0.0,0.0,3048.204114,0.0,0.0
2035-07-29,18,0,reserve,system,3056.038033,0.0,0.0,3056.038033,0.0,0.0
2035-07-29,19,0,reserve,system,3052.092421,0.0,0.0,3052.092421,0.0,0.0
2035-07-29,20,0,reserve,system,3078.267455,0.0,0.0,3078.267455,0.0,0.0
2035-07-29,21,0,reserve,system,3031.951273,0.0,0.0,3031.951273,0.0,0.0
2035-07-29,22,0,reserve,system,2958.181066,0.0,0.0,2958.181066,0.0,0.0
2035-07-29,23,0,reserve,system,2856.083152,0.0,0.0,2856.083152,0.0,0.0
2035-07-30,0,0,reserve,system,2766.288588,0.0,0.0,2766.288588,0.0,0.0
2035-07-30,1,0,reserve,system,2707.189286,0.0,0.0,2707.189286,0.0,0.0
2035-07-30,2,0,reserve,system,2664.184534,0.0,0.0,2664.184534,0.0,0.0
2035-07-30,3,0,reserve,system,2659.498608,0.0,0.0,2659.498608,0.0,0.0
2035-07-30,4,0,reserve,system,2700.999201,0.0,0.0,2700.999201,0.0,0.0
2035-07-30,5,0,reserve,system,2761.274525,0.0,0.0,2761.274525,0.0,0.0
2035-07-30,6,0,reserve,system,2799.517914,0.0,0.0,2799.517914,0.0,0.0
2035-07-30,7,0,reserve,system,2891.962991,0.0,0.0,2891.962991,0.0,0.0
2035-07-30,8,0,reserve,system,3030.121515,0.0,0.0,3030.121515,0.0,0.0
2035-07-30,9,0,reserve,system,3167.506871,0.0,0.0,3167.506871,0.0,0.0
2035-07-30,10,0,reserve,system,3318.248669,0.0,0.0,3318.248669,0.0,0.0
2035-07-30,11,0,reserve,system,3392.037847,0.0,0.0,3392.037847,0.0,0.0
2035-07-30,12,0,reserve,system,3374.376091,0.0,0.0,3374.376091,0.0,0.0
2035-07-30,13,0,reserve,system,3341.899368,0.0,0.0,3341.899368,0.0,0.0
2035-07-30,14,0,reserve,system,3310.191396,0.0,0.0,3310.191396,0.0,0.0
2035-07-30,15,0,reserve,system,3304.635891,0.0,0.0,3304.635891,0.0,0.0
2035-07-30,16,0,reserve,system,3231.489209,0.0,0.0,3231.489209,0.0,0.0
2035-07-30,17,0,reserve,system,3244.257153,0.0,0.0,3244.257153,0.0,0.0
2035-07-30,18,0,reserve,system,3240.216638,0.0,0.0,3240.216638,0.0,0.0
2035-07-30,19,0,reserve,system,3205.207027,0.0,0.0,3205.207027,0.0,0.0
2035-07-30,20,0,reserve,system,3206.728433,0.0,0.0,3206.728433,0.0,0.0
2035-07-30,21,0,reserve,system,3140.686233,0.0,0.0,3140.686233,0.0,0.0
2035-07-30,22,0,reserve,system,3041.43674,0.0,0.0,3041.43674,0.0,0.0
2035-07-30,23,0,reserve,system,2895.830162,0.0,0.0,2895.830162,0.0,0.0
2035-07-31,0,0,reserve,system,2793.070484,0.0,0.0,2793.070484,0.0,0.0
2035-07-31,1,0,reserve,system,2742.016051,0.0,0.0,2742.016051,0.0,0.0
2035-07-31,2,0,reserve,system,2689.892226,0.0,0.0,2689.892226,0.0,0.0
2035-07-31,3,0,reserve,system,2682.539803,0.0,0.0,2682.539803,0.0,0.0
2035-07-31,4,0,reserve,system,2723.06986,0.0,0.0,2723.06986,0.0,0.0
2035-07-31,5,0,reserve,system,2758.455209,0.0,0.0,2758.455209,0.0,0.0
2035-07-31,6,0,reserve,system,2781.797545,0.0,0.0,2781.797545,0.0,0.0
2035-07-31,7,0,reserve,system,2855.132135,0.0,0.0,2855.132135,0.0,0.0
2035-07-31,8,0,reserve,system,2947.552185,0.0,0.0,2947.552186,0.0,0.0
2035-07-31,9,0,reserve,system,3048.789817,0.0,0.0,3048.789817,0.0,0.0
2035-07-31,10,0,reserve,system,3143.336788,0.0,0.0,3143.336788,0.0,0.0
2035-07-31,11,0,reserve,system,3227.609735,0.0,0.0,3227.609735,0.0,0.0
2035-07-31,12,0,reserve,system,3249.863246,0.0,0.0,3249.863246,0.0,0.0
2035-07-31,13,0,reserve,system,3261.215192,0.0,0.0,3261.215192,0.0,0.0
2035-07-31,14,0,reserve,system,3272.170492,0.0,0.0,3272.170492,0.0,0.0
2035-07-31,15,0,reserve,system,3291.694471,0.0,0.0,3291.694471,0.0,0.0
2035-07-31,16,0,reserve,system,3242.577487,0.0,0.0,3242.577487,0.0,0.0
2035-07-31,17,0,reserve,system,3266.890418,0.0,0.0,3266.890418,0.0,0.0
2035-07-31,18,0,reserve,system,3243.569824,0.0,0.0,3243.569824,0.0,0.0
2035-07-31,19,0,reserve,system,3196.144782,0.0,0.0,3196.144782,0.0,0.0
2035-07-31,20,0,reserve,system,3195.19381,0.0,0.0,3195.19381,0.0,0.0
2035-07-31,21,0,reserve,system,3128.001659,0.0,0.0,3128.001659,0.0,0.0
2035-07-31,22,0,reserve,system,3036.007314,0.0,0.0,3036.007314,0.0,0.0
2035-07-31,23,0,reserve,system,2844.396438,0.0,0.0,2844.396438,0.0,0.0
2035-08-01,0,0,reserve,system,2762.573526,0.0,0.0,2762.573526,0.0,0.0
2035-08-01,1,0,reserve,system,2715.915286,0.0,0.0,2715.915286,0.0,0.0
2035-08-01,2,0,reserve,system,2677.860875,0.0,0.0,2677.860875,0.0,0.0
2035-08-01,3,0,reserve,system,2678.265231,0.0,0.0,2678.265231,0.0,0.0
2035-08-01,4,0,reserve,system,2725.589285,0.0,0.0,2725.589285,0.0,0.0
2035-08-01,5,0,reserve,system,2765.333069,0.0,0.0,2765.333069,0.0,0.0
2035-08-01,6,0,reserve,system,2768.846634,0.0,0.0,2768.846634,0.0,0.0
2035-08-01,7,0,reserve,system,2824.052211,0.0,0.0,2824.052211,0.0,0.0
2035-08-01,8,0,reserve,system,2902.24515,0.0,0.0,2902.24515,0.0,0.0
2035-08-01,9,0,reserve,system,2964.445283,0.0,0.0,2964.445283,0.0,0.0
2035-08-01,10,0,reserve,system,3031.200749,0.0,0.0,3031.200749,0.0,0.0
2035-08-01,11,0,reserve,system,3095.237289,0.0,0.0,3095.237289,0.0,0.0
2035-08-01,12,0,reserve,system,3101.740448,0.0,0.0,3101.740448,0.0,0.0
2035-08-01,13,0,reserve,system,3112.824396,0.0,0.0,3112.824396,0.0,0.0
2035-08-01,14,0,reserve,system,3141.205001,0.0,0.0,3141.205001,0.0,0.0
2035-08-01,15,0,reserve,system,3173.092901,0.0,0.0,3173.092901,0.0,0.0
2035-08-01,16,0,reserve,system,3132.497633,0.0,0.0,3132.497633,0.0,0.0
2035-08-01,17,0,reserve,system,3157.284744,0.0,0.0,3157.284744,0.0,0.0
2035-08-01,18,0,reserve,system,3163.295803,0.0,0.0,3163.295803,0.0,0.0
2035-08-01,19,0,reserve,system,3129.476509,0.0,0.0,3129.476509,0.0,0.0
2035-08-01,20,0,reserve,system,3129.888366,0.0,0.0,3129.888366,0.0,0.0
2035-08-01,21,0,reserve,system,3055.339849,0.0,0.0,3055.339849,0.0,0.0
2035-08-01,22,0,reserve,system,2958.538337,0.0,0.0,2958.538337,0.0,0.0
2035-08-01,23,0,reserve,system,2844.076602,0.0,0.0,2844.076602,0.0,0.0
2035-08-02,0,0,reserve,system,2757.420755,0.0,0.0,2757.420755,0.0,0.0
2035-08-02,1,0,reserve,system,2732.532481,0.0,0.0,2732.532481,0.0,0.0
2035-08-02,2,0,reserve,system,2698.555568,0.0,0.0,2698.555568,0.0,0.0
2035-08-02,3,0,reserve,system,2715.662669,0.0,0.0,2715.662669,0.0,0.0
2035-08-02,4,0,reserve,system,2793.822779,0.0,0.0,2793.822779,0.0,0.0
2035-08-02,5,0,reserve,system,2881.668594,0.0,0.0,2881.668594,0.0,0.0
2035-08-02,6,0,reserve,system,2914.038023,0.0,0.0,2914.038023,0.0,0.0
2035-08-02,7,0,reserve,system,2970.495892,0.0,0.0,2970.495892,0.0,0.0
2035-08-02,8,0,reserve,system,3007.122576,0.0,0.0,3007.122576,0.0,0.0
2035-08-02,9,0,reserve,system,3050.182913,0.0,0.0,3050.182913,0.0,0.0
2035-08-02,10,0,reserve,system,3107.846127,0.0,0.0,3107.846127,0.0,0.0
2035-08-02,11,0,reserve,system,3164.888535,0.0,0.0,3164.888535,0.0,0.0
2035-08-02,12,0,reserve,system,3154.86135,0.0,0.0,3154.86135,0.0,0.0
2035-08-02,13,0,reserve,system,3157.555366,0.0,0.0,3157.555366,0.0,0.0
2035-08-02,14,0,reserve,system,3186.116519,0.0,0.0,3186.116519,0.0,0.0
2035-08-02,15,0,reserve,system,3210.780802,0.0,0.0,3210.780802,0.0,0.0
2035-08-02,16,0,reserve,system,3164.761326,0.0,0.0,3164.761326,0.0,0.0
2035-08-02,17,0,reserve,system,3175.621194,0.0,0.0,3175.621194,0.0,0.0
2035-08-02,18,0,reserve,system,3150.432224,0.0,0.0,3150.432224,0.0,0.0
2035-08-02,19,0,reserve,system,3118.123407,0.0,0.0,3118.123407,0.0,0.0
2035-08-02,20,0,reserve,system,3124.98878,0.0,0.0,3124.98878,0.0,0.0
2035-08-02,21,0,reserve,system,3077.690883,0.0,0.0,3077.690883,0.0,0.0
2035-08-02,22,0,reserve,system,3009.647212,0.0,0.0,3009.647212,0.0,0.0
2035-08-02,23,0,reserve,system,2912.99258,0.0,0.0,2912.99258,0.0,0.0
2035-08-03,0,0,reserve,system,2856.765463,0.0,0.0,2856.765463,0.0,0.0
2035-08-03,1,0,reserve,system,2824.666034,0.0,0.0,2824.666034,0.0,0.0
2035-08-03,2,0,reserve,system,2786.185732,0.0,0.0,2786.185732,0.0,0.0
2035-08-03,3,0,reserve,system,2774.126015,0.0,0.0,2774.126015,0.0,0.0
2035-08-03,4,0,reserve,system,2807.784026,0.0,0.0,2807.784026,0.0,0.0
2035-08-03,5,0,reserve,system,2824.54269,0.0,0.0,2824.54269,0.0,0.0
2035-08-03,6,0,reserve,system,2823.478423,0.0,0.0,2823.478423,0.0,0.0
2035-08-03,7,0,reserve,system,2852.534911,0.0,0.0,2852.534911,0.0,0.0
2035-08-03,8,0,reserve,system,2822.684459,0.0,0.0,2822.684459,0.0,0.0
2035-08-03,9,0,reserve,system,2787.165408,0.0,0.0,2787.165408,0.0,0.0
2035-08-03,10,0,reserve,system,2785.657836,0.0,0.0,2785.657836,0.0,0.0
2035-08-03,11,0,reserve,system,2801.008987,0.0,0.0,2801.008987,0.0,0.0
2035-08-03,12,0,reserve,system,2764.942613,0.0,0.0,2764.942613,0.0,0.0
2035-08-03,13,0,reserve,system,2754.54806,0.0,0.0,2754.54806,0.0,0.0
2035-08-03,14,0,reserve,system,2788.870662,0.0,0.0,2788.870662,0.0,0.0
2035-08-03,15,0,reserve,system,2834.506145,0.0,0.0,2834.506145,0.0,0.0
2035-08-03,16,0,reserve,system,2813.288522,0.0,0.0,2813.288522,0.0,0.0
2035-08-03,17,0,reserve,system,2833.006316,0.0,0.0,2833.006316,0.0,0.0
2035-08-03,18,0,reserve,system,2838.6997,0.0,0.0,2838.6997,0.0,0.0
2035-08-03,19,0,reserve,system,2838.820569,0.0,0.0,2838.820569,0.0,0.0
2035-08-03,20,0,reserve,system,2859.844555,0.0,0.0,2859.844555,0.0,0.0
2035-08-03,21,0,reserve,system,2859.074991,0.0,0.0,2859.074991,0.0,0.0
2035-08-03,22,0,reserve,system,2830.897353,0.0,0.0,2830.897353,0.0,0.0
2035-08-03,23,0,reserve,system,2778.008648,0.0,0.0,2778.008648,0.0,0.0
2035-08-04,0,0,reserve,system,2742.098332,0.0,0.0,2742.098332,0.0,0.0
2035-08-04,1,0,reserve,system,2715.65207,0.0,0.0,2715.65207,0.0,0.0
2035-08-04,2,0,reserve,system,2678.636413,0.0,0.0,2678.636413,0.0,0.0
2035-08-04,3,0,reserve,system,2667.746936,0.0,0.0,2667.746936,0.0,0.0
2035-08-04,4,0,reserve,system,2645.854105,0.0,0.0,2645.854105,0.0,0.0
2035-08-04,5,0,reserve,system,2604.897377,0.0,0.0,2604.897377,0.0,0.0
2035-08-04,6,0,reserve,system,2567.739769,0.0,0.0,2567.739769,0.0,0.0
2035-08-04,7,0,reserve,system,2594.603437,0.0,0.0,2594.603437,0.0,0.0
2035-08-04,8,0,reserve,system,2617.742709,0.0,0.0,2617.742709,0.0,0.0
2035-08-04,9,0,reserve,system,2619.757725,0.0,0.0,2619.757725,0.0,0.0
2035-08-04,10,0,reserve,system,2611.611612,0.0,0.0,2611.611612,0.0,0.0
2035-08-04,11,0,reserve,system,2655.242091,0.0,0.0,2655.242091,0.0,0.0
2035-08-04,12,0,reserve,system,2665.843293,0.0,0.0,2665.843293,0.0,0.0
2035-08-04,13,0,reserve,system,2706.715264,0.0,0.0,2706.715264,0.0,0.0
2035-08-04,14,0,reserve,system,2774.473582,0.0,0.0,2774.473582,0.0,0.0
2035-08-04,15,0,reserve,system,2827.119902,0.0,0.0,2827.119902,0.0,0.0
2035-08-04,16,0,reserve,system,2862.557237,0.0,0.0,2862.557237,0.0,0.0
2035-08-04,17,0,reserve,system,2896.021207,0.0,0.0,2896.021207,0.0,0.0
2035-08-04,18,0,reserve,system,2890.408707,0.0,0.0,2890.408707,0.0,0.0
2035-08-04,19,0,reserve,system,2871.414911,0.0,0.0,2871.414911,0.0,0.0
2035-08-04,20,0,reserve,system,2897.395303,0.0,0.0,2897.395303,0.0,0.0
2035-08-04,21,0,reserve,system,2857.57159,0.0,0.0,2857.57159,0.0,0.0
2035-08-04,22,0,reserve,system,2799.158196,0.0,0.0,2799.158196,0.0,0.0
2035-08-04,23,0,reserve,system,2702.301009,0.0,0.0,2702.301009,0.0,0.0
2035-08-05,0,0,reserve,system,2642.126854,0.0,0.0,2642.126854,0.0,0.0
2035-08-05,1,0,reserve,system,2609.104022,0.0,0.0,2609.104022,0.0,0.0
2035-08-05,2,0,reserve,system,2595.376283,0.0,0.0,2595.376283,0.0,0.0
2035-08-05,3,0,reserve,system,2611.105803,0.0,0.0,2611.105803,0.0,0.0
2035-08-05,4,0,reserve,system,2663.929867,0.0,0.0,2663.929867,0.0,0.0
2035-08-05,5,0,reserve,system,2722.185846,0.0,0.0,2722.185846,0.0,0.0
2035-08-05,6,0,reserve,system,2760.170596,0.0,0.0,2760.170596,0.0,0.0
2035-08-05,7,0,reserve,system,2854.908899,0.0,0.0,2854.908899,0.0,0.0
2035-08-05,8,0,reserve,system,2948.280752,0.0,0.0,2948.280752,0.0,0.0
2035-08-05,9,0,reserve,system,3028.52058,0.0,0.0,3028.52058,0.0,0.0
2035-08-05,10,0,reserve,system,3101.650359,0.0,0.0,3101.650359,0.0,0.0
2035-08-05,11,0,reserve,system,3178.466923,0.0,0.0,3178.466923,0.0,0.0
2035-08-05,12,0,reserve,system,3185.719612,0.0,0.0,3185.719612,0.0,0.0
2035-08-05,13,0,reserve,system,3215.23795,0.0,0.0,3215.23795,0.0,0.0
2035-08-05,14,0,reserve,system,3271.894284,0.0,0.0,3271.894284,0.0,0.0
2035-08-05,15,0,reserve,system,3302.171795,0.0,0.0,3302.171795,0.0,0.0
2035-08-05,16,0,reserve,system,3279.237477,0.0,0.0,3279.237477,0.0,0.0
2035-08-05,17,0,reserve,system,3325.378698,0.0,0.0,3325.378698,0.0,0.0
2035-08-05,18,0,reserve,system,3315.252548,0.0,0.0,3315.252548,0.0,0.0
2035-08-05,19,0,reserve,system,3284.957446,0.0,0.0,3284.957446,0.0,0.0
2035-08-05,20,0,reserve,system,3292.133651,0.0,0.0,3292.133651,0.0,0.0
2035-08-05,21,0,reserve,system,3219.801915,0.0,0.0,3219.801915,0.0,0.0
2035-08-05,22,0,reserve,system,3135.959157,0.0,0.0,3135.959157,0.0,0.0
2035-08-05,23,0,reserve,system,3039.587744,0.0,0.0,3039.587745,0.0,0.0
2035-08-06,0,0,reserve,system,2945.676886,0.0,0.0,2945.676886,0.0,0.0
2035-08-06,1,0,reserve,system,2871.887905,0.0,0.0,2871.887905,0.0,0.0
2035-08-06,2,0,reserve,system,2812.587299,0.0,0.0,2812.587299,0.0,0.0
2035-08-06,3,0,reserve,system,2794.720738,0.0,0.0,2794.720738,0.0,0.0
2035-08-06,4,0,reserve,system,2821.761657,0.0,0.0,2821.761657,0.0,0.0
2035-08-06,5,0,reserve,system,2869.236403,0.0,0.0,2869.236403,0.0,0.0
2035-08-06,6,0,reserve,system,2884.473875,0.0,0.0,2884.473875,0.0,0.0
2035-08-06,7,0,reserve,system,2971.016514,0.0,0.0,2971.016514,0.0,0.0
2035-08-06,8,0,reserve,system,3061.306424,0.0,0.0,3061.306424,0.0,0.0
2035-08-06,9,0,reserve,system,3162.38942,0.0,0.0,3162.38942,0.0,0.0
2035-08-06,10,0,reserve,system,3308.364414,0.0,0.0,3308.364414,0.0,0.0
2035-08-06,11,0,reserve,system,3409.630349,0.0,0.0,3409.630349,0.0,0.0
2035-08-06,12,0,reserve,system,3391.777947,0.0,0.0,3391.777947,0.0,0.0
2035-08-06,13,0,reserve,system,3383.308451,0.0,0.0,3383.308451,0.0,0.0
2035-08-06,14,0,reserve,system,3388.784609,0.0,0.0,3388.784609,0.0,0.0
2035-08-06,15,0,reserve,system,3392.765194,0.0,0.0,3392.765194,0.0,0.0
2035-08-06,16,0,reserve,system,3353.703795,0.0,0.0,3353.703795,0.0,0.0
2035-08-06,17,0,reserve,system,3385.756571,0.0,0.0,3385.756571,0.0,0.0
2035-08-06,18,0,reserve,system,3374.447999,0.0,0.0,3374.447999,0.0,0.0
2035-08-06,19,0,reserve,system,3335.179669,0.0,0.0,3335.179669,0.0,0.0
2035-08-06,20,0,reserve,system,3327.751933,0.0,0.0,3327.751933,0.0,0.0
2035-08-06,21,0,reserve,system,3258.939528,0.0,0.0,3258.939528,0.0,0.0
2035-08-06,22,0,reserve,system,3174.323738,0.0,0.0,3174.323738,0.0,0.0
2035-08-06,23,0,reserve,system,3066.222423,0.0,0.0,3066.222423,0.0,0.0
2035-08-07,0,0,reserve,system,2986.386047,0.0,0.0,2986.386047,0.0,0.0
2035-08-07,1,0,reserve,system,2945.986611,0.0,0.0,2945.986611,0.0,0.0
2035-08-07,2,0,reserve,system,2908.472582,0.0,0.0,2908.472582,0.0,0.0
2035-08-07,3,0,reserve,system,2926.386382,0.0,0.0,2926.386382,0.0,0.0
2035-08-07,4,0,reserve,system,2968.452683,0.0,0.0,2968.452683,0.0,0.0
2035-08-07,5,0,reserve,system,3008.129301,0.0,0.0,3008.129301,0.0,0.0
2035-08-07,6,0,reserve,system,2998.950817,0.0,0.0,2998.950817,0.0,0.0
2035-08-07,7,0,reserve,system,3029.33845,0.0,0.0,3029.33845,0.0,0.0
2035-08-07,8,0,reserve,system,3099.750128,0.0,0.0,3099.750128,0.0,0.0
2035-08-07,9,0,reserve,system,3175.056986,0.0,0.0,3175.056986,0.0,0.0
2035-08-07,10,0,reserve,system,3257.274972,0.0,0.0,3257.274972,0.0,0.0
2035-08-07,11,0,reserve,system,3315.492427,0.0,0.0,3315.492427,0.0,0.0
2035-08-07,12,0,reserve,system,3324.90004,0.0,0.0,3324.90004,0.0,0.0
2035-08-07,13,0,reserve,system,3332.033555,0.0,0.0,3332.033555,0.0,0.0
2035-08-07,14,0,reserve,system,3351.527837,0.0,0.0,3351.527837,0.0,0.0
2035-08-07,15,0,reserve,system,3371.164498,0.0,0.0,3371.164498,0.0,0.0
2035-08-07,16,0,reserve,system,3348.563501,0.0,0.0,3348.563501,0.0,0.0
2035-08-07,17,0,reserve,system,3390.541685,0.0,0.0,3390.541685,0.0,0.0
2035-08-07,18,0,reserve,system,3375.532675,0.0,0.0,3375.532675,0.0,0.0
2035-08-07,19,0,reserve,system,3337.49663,0.0,0.0,3337.49663,0.0,0.0
2035-08-07,20,0,reserve,system,3329.987019,0.0,0.0,3329.987018,0.0,0.0
2035-08-07,21,0,reserve,system,3260.361423,0.0,0.0,3260.361423,0.0,0.0
2035-08-07,22,0,reserve,system,3177.591744,0.0,0.0,3177.591744,0.0,0.0
2035-08-07,23,0,reserve,system,3064.189892,0.0,0.0,3064.189892,0.0,0.0
2035-08-08,0,0,reserve,system,3002.175698,0.0,0.0,3002.175698,0.0,0.0
2035-08-08,1,0,reserve,system,2964.550097,0.0,0.0,2964.550097,0.0,0.0
2035-08-08,2,0,reserve,system,2935.593376,0.0,0.0,2935.593376,0.0,0.0
2035-08-08,3,0,reserve,system,2948.881345,0.0,0.0,2948.881345,0.0,0.0
2035-08-08,4,0,reserve,system,2999.103169,0.0,0.0,2999.103169,0.0,0.0
2035-08-08,5,0,reserve,system,3033.628068,0.0,0.0,3033.628068,0.0,0.0
2035-08-08,6,0,reserve,system,3028.470211,0.0,0.0,3028.470211,0.0,0.0
2035-08-08,7,0,reserve,system,3072.876313,0.0,0.0,3072.876313,0.0,0.0
2035-08-08,8,0,reserve,system,3130.036277,0.0,0.0,3130.036277,0.0,0.0
2035-08-08,9,0,reserve,system,3190.051358,0.0,0.0,3190.051358,0.0,0.0
2035-08-08,10,0,reserve,system,3255.816321,0.0,0.0,3255.816321,0.0,0.0
2035-08-08,11,0,reserve,system,3341.848041,0.0,0.0,3341.848041,0.0,0.0
2035-08-08,12,0,reserve,system,3368.456217,0.0,0.0,3368.456217,0.0,0.0
2035-08-08,13,0,reserve,system,3374.643064,0.0,0.0,3374.643064,0.0,0.0
2035-08-08,14,0,reserve,system,3383.254746,0.0,0.0,3383.254746,0.0,0.0
2035-08-08,15,0,reserve,system,3403.370475,0.0,0.0,3403.370475,0.0,0.0
2035-08-08,16,0,reserve,system,3339.630841,0.0,0.0,3339.630841,0.0,0.0
2035-08-08,17,0,reserve,system,3349.869714,0.0,0.0,3349.869714,0.0,0.0
2035-08-08,18,0,reserve,system,3341.831713,0.0,0.0,3341.831713,0.0,0.0
2035-08-08,19,0,reserve,system,3317.382556,0.0,0.0,3317.382556,0.0,0.0
2035-08-08,20,0,reserve,system,3328.763902,0.0,0.0,3328.763902,0.0,0.0
2035-08-08,21,0,reserve,system,3266.465717,0.0,0.0,3266.465717,0.0,0.0
2035-08-08,22,0,reserve,system,3176.716405,0.0,0.0,3176.716405,0.0,0.0
2035-08-08,23,0,reserve,system,3076.336125,0.0,0.0,3076.336125,0.0,0.0
2035-08-09,0,0,reserve,system,3007.458512,0.0,0.0,3007.458512,0.0,0.0
2035-08-09,1,0,reserve,system,2979.210254,0.0,0.0,2979.210254,0.0,0.0
2035-08-09,2,0,reserve,system,2959.764742,0.0,0.0,2959.764742,0.0,0.0
2035-08-09,3,0,reserve,system,2993.480248,0.0,0.0,2993.480248,0.0,0.0
2035-08-09,4,0,reserve,system,3087.733357,0.0,0.0,3087.733357,0.0,0.0
2035-08-09,5,0,reserve,system,3177.753512,0.0,0.0,3177.753512,0.0,0.0
2035-08-09,6,0,reserve,system,3193.312501,0.0,0.0,3193.312501,0.0,0.0
2035-08-09,7,0,reserve,system,3222.250734,0.0,0.0,3222.250734,0.0,0.0
2035-08-09,8,0,reserve,system,3239.549936,0.0,0.0,3239.549936,0.0,0.0
2035-08-09,9,0,reserve,system,3272.09359,0.0,0.0,3272.09359,0.0,0.0
2035-08-09,10,0,reserve,system,3327.699605,0.0,0.0,3327.699605,0.0,0.0
2035-08-09,11,0,reserve,system,3376.034842,0.0,0.0,3376.034842,0.0,0.0
2035-08-09,12,0,reserve,system,3361.5569,0.0,0.0,3361.5569,0.0,0.0
2035-08-09,13,0,reserve,system,3366.597846,0.0,0.0,3366.597846,0.0,0.0
2035-08-09,14,0,reserve,system,3394.032247,0.0,0.0,3394.032247,0.0,0.0
2035-08-09,15,0,reserve,system,3414.352372,0.0,0.0,3414.352372,0.0,0.0
2035-08-09,16,0,reserve,system,3391.389108,0.0,0.0,3391.389108,0.0,0.0
2035-08-09,17,0,reserve,system,3406.071858,0.0,0.0,3406.071858,0.0,0.0
2035-08-09,18,0,reserve,system,3363.119969,0.0,0.0,3363.119969,0.0,0.0
2035-08-09,19,0,reserve,system,3291.437817,0.0,0.0,3291.437817,0.0,0.0
2035-08-09,20,0,reserve,system,3281.804567,0.0,0.0,3281.804567,0.0,0.0
2035-08-09,21,0,reserve,system,3227.723005,0.0,0.0,3227.723005,0.0,0.0
2035-08-09,22,0,reserve,system,3148.846929,0.0,0.0,3148.846929,0.0,0.0
2035-08-09,23,0,reserve,system,3046.993174,0.0,0.0,3046.993174,0.0,0.0
2035-08-10,0,0,reserve,system,2976.759247,0.0,0.0,2976.759247,0.0,0.0
2035-08-10,1,0,reserve,system,2942.242727,0.0,0.0,2942.242727,0.0,0.0
2035-08-10,2,0,reserve,system,2890.606542,0.0,0.0,2890.606542,0.0,0.0
2035-08-10,3,0,reserve,system,2877.670642,0.0,0.0,2877.670642,0.0,0.0
2035-08-10,4,0,reserve,system,2897.870409,0.0,0.0,2897.870409,0.0,0.0
2035-08-10,5,0,reserve,system,2913.215043,0.0,0.0,2913.215043,0.0,0.0
2035-08-10,6,0,reserve,system,2919.434702,0.0,0.0,2919.434702,0.0,0.0
2035-08-10,7,0,reserve,system,3010.453668,0.0,0.0,3010.453668,0.0,0.0
2035-08-10,8,0,reserve,system,3091.944936,0.0,0.0,3091.944936,0.0,0.0
2035-08-10,9,0,reserve,system,3166.53044,0.0,0.0,3166.53044,0.0,0.0
2035-08-10,10,0,reserve,system,3263.268376,0.0,0.0,3263.268376,0.0,0.0
2035-08-10,11,0,reserve,system,3350.563281,0.0,0.0,3350.563281,0.0,0.0
2035-08-10,12,0,reserve,system,3339.227942,0.0,0.0,3339.227942,0.0,0.0
2035-08-10,13,0,reserve,system,3335.770711,0.0,0.0,3335.770711,0.0,0.0
2035-08-10,14,0,reserve,system,3361.863093,0.0,0.0,3361.863093,0.0,0.0
2035-08-10,15,0,reserve,system,3370.240845,0.0,0.0,3370.240845,0.0,0.0
2035-08-10,16,0,reserve,system,3313.70479,0.0,0.0,3313.70479,0.0,0.0
2035-08-10,17,0,reserve,system,3331.390852,0.0,0.0,3331.390852,0.0,0.0
2035-08-10,18,0,reserve,system,3317.788654,0.0,0.0,3317.788654,0.0,0.0
2035-08-10,19,0,reserve,system,3254.003709,0.0,0.0,3254.003709,0.0,0.0
2035-08-10,20,0,reserve,system,3240.189678,0.0,0.0,3240.189678,0.0,0.0
2035-08-10,21,0,reserve,system,3204.83582,0.0,0.0,3204.83582,0.0,0.0
2035-08-10,22,0,reserve,system,3135.944687,0.0,0.0,3135.944687,0.0,0.0
2035-08-10,23,0,reserve,system,3037.514392,0.0,0.0,3037.514392,0.0,0.0
2035-08-11,0,0,reserve,system,2957.794665,0.0,0.0,2957.794665,0.0,0.0
2035-08-11,1,0,reserve,system,2916.766087,0.0,0.0,2916.766087,0.0,0.0
2035-08-11,2,0,reserve,system,2855.326265,0.0,0.0,2855.326265,0.0,0.0
2035-08-11,3,0,reserve,system,2821.280347,0.0,0.0,2821.280347,0.0,0.0
2035-08-11,4,0,reserve,system,2774.515258,0.0,0.0,2774.515258,0.0,0.0
2035-08-11,5,0,reserve,system,2693.349234,0.0,0.0,2693.349234,0.0,0.0
2035-08-11,6,0,reserve,system,2657.656457,0.0,0.0,2657.656457,0.0,0.0
2035-08-11,7,0,reserve,system,2780.388879,0.0,0.0,2780.388879,0.0,0.0
2035-08-11,8,0,reserve,system,2932.197442,0.0,0.0,2932.197442,0.0,0.0
2035-08-11,9,0,reserve,system,3065.433704,0.0,0.0,3065.433704,0.0,0.0
2035-08-11,10,0,reserve,system,3143.280787,0.0,0.0,3143.280787,0.0,0.0
2035-08-11,11,0,reserve,system,3258.216361,0.0,0.0,3258.216361,0.0,0.0
2035-08-11,12,0,reserve,system,3281.827249,0.0,0.0,3281.827249,0.0,0.0
2035-08-11,13,0,reserve,system,3328.078373,0.0,0.0,3328.078373,0.0,0.0
2035-08-11,14,0,reserve,system,3404.776995,0.0,0.0,3404.776995,0.0,0.0
2035-08-11,15,0,reserve,system,3467.671825,0.0,0.0,3467.671825,0.0,0.0
2035-08-11,16,0,reserve,system,3444.257291,0.0,0.0,3444.257291,0.0,0.0
2035-08-11,17,0,reserve,system,3450.339689,0.0,0.0,3450.339689,0.0,0.0
2035-08-11,18,0,reserve,system,3428.888734,0.0,0.0,3428.888734,0.0,0.0
2035-08-11,19,0,reserve,system,3354.729261,0.0,0.0,3354.729261,0.0,0.0
2035-08-11,20,0,reserve,system,3361.783946,0.0,0.0,3361.783946,0.0,0.0
2035-08-11,21,0,reserve,system,3313.650755,0.0,0.0,3313.650755,0.0,0.0
2035-08-11,22,0,reserve,system,3229.245006,0.0,0.0,3229.245006,0.0,0.0
2035-08-11,23,0,reserve,system,3121.81523,0.0,0.0,3121.81523,0.0,0.0
2035-08-12,0,0,reserve,system,3032.117855,0.0,0.0,3032.117855,0.0,0.0
2035-08-12,1,0,reserve,system,2957.613761,0.0,0.0,2957.613761,0.0,0.0
2035-08-12,2,0,reserve,system,2907.797344,0.0,0.0,2907.797344,0.0,0.0
2035-08-12,3,0,reserve,system,2889.842735,0.0,0.0,2889.842735,0.0,0.0
2035-08-12,4,0,reserve,system,2917.683122,0.0,0.0,2917.683122,0.0,0.0
2035-08-12,5,0,reserve,system,2957.207841,0.0,0.0,2957.207841,0.0,0.0
2035-08-12,6,0,reserve,system,2967.561924,0.0,0.0,2967.561924,0.0,0.0
2035-08-12,7,0,reserve,system,3066.197299,0.0,0.0,3066.197299,0.0,0.0
2035-08-12,8,0,reserve,system,3204.846137,0.0,0.0,3204.846137,0.0,0.0
2035-08-12,9,0,reserve,system,3347.260922,0.0,0.0,3347.260922,0.0,0.0
2035-08-12,10,0,reserve,system,3492.682635,0.0,0.0,3492.682635,0.0,0.0
2035-08-12,11,0,reserve,system,3603.203509,0.0,0.0,3603.203509,0.0,0.0
2035-08-12,12,0,reserve,system,3654.757271,0.0,0.0,3654.757271,0.0,0.0
2035-08-12,13,0,reserve,system,3667.13746,0.0,0.0,3667.13746,0.0,0.0
2035-08-12,14,0,reserve,system,3657.296466,0.0,0.0,3657.296466,0.0,0.0
2035-08-12,15,0,reserve,system,3667.176801,0.0,0.0,3667.176801,0.0,0.0
2035-08-12,16,0,reserve,system,3593.704185,0.0,0.0,3593.704185,0.0,0.0
2035-08-12,17,0,reserve,system,3633.112239,0.0,0.0,3633.112239,0.0,0.0
2035-08-12,18,0,reserve,system,3632.480065,0.0,0.0,3632.480065,0.0,0.0
2035-08-12,19,0,reserve,system,3564.264196,0.0,0.0,3564.264196,0.0,0.0
2035-08-12,20,0,reserve,system,3545.454005,0.0,0.0,3545.454005,0.0,0.0
2035-08-12,21,0,reserve,system,3487.576025,0.0,0.0,3487.576025,0.0,0.0
2035-08-12,22,0,reserve,system,3423.218858,0.0,0.0,3423.218858,0.0,0.0
2035-08-12,23,0,reserve,system,3325.283733,0.0,0.0,3325.283733,0.0,0.0
2035-08-13,0,0,reserve,system,3214.588798,0.0,0.0,3214.588798,0.0,0.0
2035-08-13,1,0,reserve,system,3123.485297,0.0,0.0,3123.485297,0.0,0.0
2035-08-13,2,0,reserve,system,3061.381969,0.0,0.0,3061.381969,0.0,0.0
2035-08-13,3,0,reserve,system,3024.177641,0.0,0.0,3024.177641,0.0,0.0
2035-08-13,4,0,reserve,system,3036.552582,0.0,0.0,3036.552582,0.0,0.0
2035-08-13,5,0,reserve,system,3067.370653,0.0,0.0,3067.370653,0.0,0.0
2035-08-13,6,0,reserve,system,3068.036922,0.0,0.0,3068.036922,0.0,0.0
2035-08-13,7,0,reserve,system,3136.389247,0.0,0.0,3136.389247,0.0,0.0
2035-08-13,8,0,reserve,system,3201.164239,0.0,0.0,3201.164239,0.0,0.0
2035-08-13,9,0,reserve,system,3284.343246,0.0,0.0,3284.343246,0.0,0.0
2035-08-13,10,0,reserve,system,3397.676351,0.0,0.0,3397.676351,0.0,0.0
2035-08-13,11,0,reserve,system,3456.245698,0.0,0.0,3456.245698,0.0,0.0
2035-08-13,12,0,reserve,system,3460.511,0.0,0.0,3460.511,0.0,0.0
2035-08-13,13,0,reserve,system,3496.729248,0.0,0.0,3496.729248,0.0,0.0
2035-08-13,14,0,reserve,system,3523.425012,0.0,0.0,3523.425012,0.0,0.0
2035-08-13,15,0,reserve,system,3515.806339,0.0,0.0,3515.806339,0.0,0.0
2035-08-13,16,0,reserve,system,3462.370504,0.0,0.0,3462.370504,0.0,0.0
2035-08-13,17,0,reserve,system,3482.247979,0.0,0.0,3482.247979,0.0,0.0
2035-08-13,18,0,reserve,system,3469.7131,0.0,0.0,3469.7131,0.0,0.0
2035-08-13,19,0,reserve,system,3458.2022,0.0,0.0,3458.2022,0.0,0.0
2035-08-13,20,0,reserve,system,3450.762639,0.0,0.0,3450.762639,0.0,0.0
2035-08-13,21,0,reserve,system,3378.876347,0.0,0.0,3378.876347,0.0,0.0
2035-08-13,22,0,reserve,system,3299.090039,0.0,0.0,3299.090039,0.0,0.0
2035-08-13,23,0,reserve,system,3201.606286,0.0,0.0,3201.606286,0.0,0.0
2035-08-14,0,0,reserve,system,3135.669381,0.0,0.0,3135.669381,0.0,0.0
2035-08-14,1,0,reserve,system,3087.446472,0.0,0.0,3087.446472,0.0,0.0
2035-08-14,2,0,reserve,system,3052.964709,0.0,0.0,3052.964709,0.0,0.0
2035-08-14,3,0,reserve,system,3052.761608,0.0,0.0,3052.761608,0.0,0.0
2035-08-14,4,0,reserve,system,3084.303621,0.0,0.0,3084.303621,0.0,0.0
2035-08-14,5,0,reserve,system,3105.954658,0.0,0.0,3105.954658,0.0,0.0
2035-08-14,6,0,reserve,system,3078.784759,0.0,0.0,3078.784759,0.0,0.0
2035-08-14,7,0,reserve,system,3072.157444,0.0,0.0,3072.157444,0.0,0.0
2035-08-14,8,0,reserve,system,3104.641675,0.0,0.0,3104.641675,0.0,0.0
2035-08-14,9,0,reserve,system,3149.843694,0.0,0.0,3149.843694,0.0,0.0
2035-08-14,10,0,reserve,system,3219.276937,0.0,0.0,3219.276937,0.0,0.0
2035-08-14,11,0,reserve,system,3252.566032,0.0,0.0,3252.566032,0.0,0.0
2035-08-14,12,0,reserve,system,3233.050616,0.0,0.0,3233.050616,0.0,0.0
2035-08-14,13,0,reserve,system,3250.657242,0.0,0.0,3250.657242,0.0,0.0
2035-08-14,14,0,reserve,system,3285.278073,0.0,0.0,3285.278073,0.0,0.0
2035-08-14,15,0,reserve,system,3340.139285,0.0,0.0,3340.139285,0.0,0.0
2035-08-14,16,0,reserve,system,3324.259018,0.0,0.0,3324.259018,0.0,0.0
2035-08-14,17,0,reserve,system,3327.957006,0.0,0.0,3327.957006,0.0,0.0
2035-08-14,18,0,reserve,system,3275.571773,0.0,0.0,3275.571773,0.0,0.0
2035-08-14,19,0,reserve,system,3225.138253,0.0,0.0,3225.138253,0.0,0.0
2035-08-14,20,0,reserve,system,3186.423684,0.0,0.0,3186.423684,0.0,0.0
2035-08-14,21,0,reserve,system,3103.3426,0.0,0.0,3103.3426,0.0,0.0
2035-08-14,22,0,reserve,system,3012.290792,0.0,0.0,3012.290792,0.0,0.0
2035-08-14,23,0,reserve,system,2914.816746,0.0,0.0,2914.816746,0.0,0.0
2035-08-15,0,0,reserve,system,2839.491593,0.0,0.0,2839.491593,0.0,0.0
2035-08-15,1,0,reserve,system,2802.258677,0.0,0.0,2802.258677,0.0,0.0
2035-08-15,2,0,reserve,system,2787.667221,0.0,0.0,2787.667221,0.0,0.0
2035-08-15,3,0,reserve,system,2809.238397,0.0,0.0,2809.238397,0.0,0.0
2035-08-15,4,0,reserve,system,2871.592187,0.0,0.0,2871.592187,0.0,0.0
2035-08-15,5,0,reserve,system,2937.26876,0.0,0.0,2937.26876,0.0,0.0
2035-08-15,6,0,reserve,system,2925.623384,0.0,0.0,2925.623384,0.0,0.0
2035-08-15,7,0,reserve,system,3011.590296,0.0,0.0,3011.590296,0.0,0.0
2035-08-15,8,0,reserve,system,3124.949085,0.0,0.0,3124.949085,0.0,0.0
2035-08-15,9,0,reserve,system,3209.907528,0.0,0.0,3209.907528,0.0,0.0
2035-08-15,10,0,reserve,system,3302.445444,0.0,0.0,3302.445444,0.0,0.0
2035-08-15,11,0,reserve,system,3393.371536,0.0,0.0,3393.371536,0.0,0.0
2035-08-15,12,0,reserve,system,3387.771272,0.0,0.0,3387.771272,0.0,0.0
2035-08-15,13,0,reserve,system,3360.592841,0.0,0.0,3360.592841,0.0,0.0
2035-08-15,14,0,reserve,system,3358.725669,0.0,0.0,3358.725669,0.0,0.0
2035-08-15,15,0,reserve,system,3369.695061,0.0,0.0,3369.695061,0.0,0.0
2035-08-15,16,0,reserve,system,3328.28078,0.0,0.0,3328.28078,0.0,0.0
2035-08-15,17,0,reserve,system,3380.339103,0.0,0.0,3380.339103,0.0,0.0
2035-08-15,18,0,reserve,system,3395.788166,0.0,0.0,3395.788166,0.0,0.0
2035-08-15,19,0,reserve,system,3382.858893,0.0,0.0,3382.858893,0.0,0.0
2035-08-15,20,0,reserve,system,3368.064598,0.0,0.0,3368.064598,0.0,0.0
2035-08-15,21,0,reserve,system,3282.620796,0.0,0.0,3282.620796,0.0,0.0
2035-08-15,22,0,reserve,system,3206.713954,0.0,0.0,3206.713954,0.0,0.0
2035-08-15,23,0,reserve,system,3102.530609,0.0,0.0,3102.530609,0.0,0.0
2035-08-16,0,0,reserve,system,3036.250383,0.0,0.0,3036.250383,0.0,0.0
2035-08-16,1,0,reserve,system,2996.242367,0.0,0.0,2996.242367,0.0,0.0
2035-08-16,2,0,reserve,system,2964.085858,0.0,0.0,2964.085858,0.0,0.0
2035-08-16,3,0,reserve,system,2992.012738,0.0,0.0,2992.012738,0.0,0.0
2035-08-16,4,0,reserve,system,3080.663811,0.0,0.0,3080.663811,0.0,0.0
2035-08-16,5,0,reserve,system,3177.09401,0.0,0.0,3177.09401,0.0,0.0
2035-08-16,6,0,reserve,system,3186.772899,0.0,0.0,3186.772899,0.0,0.0
2035-08-16,7,0,reserve,system,3241.151513,0.0,0.0,3241.151513,0.0,0.0
2035-08-16,8,0,reserve,system,3338.931176,0.0,0.0,3338.931176,0.0,0.0
2035-08-16,9,0,reserve,system,3421.711891,0.0,0.0,3421.711891,0.0,0.0
2035-08-16,10,0,reserve,system,3503.629868,0.0,0.0,3503.629868,0.0,0.0
2035-08-16,11,0,reserve,system,3574.2868,0.0,0.0,3574.2868,0.0,0.0
2035-08-16,12,0,reserve,system,3587.071478,0.0,0.0,3587.071478,0.0,0.0
2035-08-16,13,0,reserve,system,3592.896993,0.0,0.0,3592.896993,0.0,0.0
2035-08-16,14,0,reserve,system,3632.180927,0.0,0.0,3632.180927,0.0,0.0
2035-08-16,15,0,reserve,system,3691.014579,0.0,0.0,3691.014579,0.0,0.0
2035-08-16,16,0,reserve,system,3680.300871,0.0,0.0,3680.300871,0.0,0.0
2035-08-16,17,0,reserve,system,3736.650081,0.0,0.0,3736.650081,0.0,0.0
2035-08-16,18,0,reserve,system,3724.653193,0.0,0.0,3724.653193,0.0,0.0
2035-08-16,19,0,reserve,system,3640.594001,0.0,0.0,3640.594001,0.0,0.0
2035-08-16,20,0,reserve,system,3631.149049,0.0,0.0,3631.149049,0.0,0.0
2035-08-16,21,0,reserve,system,3568.196131,0.0,0.0,3568.196131,0.0,0.0
2035-08-16,22,0,reserve,system,3490.373515,0.0,0.0,3490.373515,0.0,0.0
2035-08-16,23,0,reserve,system,3379.26031,0.0,0.0,3379.26031,0.0,0.0
2035-08-17,0,0,reserve,system,3282.573451,0.0,0.0,3282.573451,0.0,0.0
2035-08-17,1,0,reserve,system,3219.720582,0.0,0.0,3219.720582,0.0,0.0
2035-08-17,2,0,reserve,system,3167.040584,0.0,0.0,3167.040584,0.0,0.0
2035-08-17,3,0,reserve,system,3166.434008,0.0,0.0,3166.434008,0.0,0.0
2035-08-17,4,0,reserve,system,3203.402328,0.0,0.0,3203.402328,0.0,0.0
2035-08-17,5,0,reserve,system,3183.844849,0.0,0.0,3183.844849,0.0,0.0
2035-08-17,6,0,reserve,system,3174.915651,0.0,0.0,3174.915651,0.0,0.0
2035-08-17,7,0,reserve,system,3271.962177,0.0,0.0,3271.962177,0.0,0.0
2035-08-17,8,0,reserve,system,3382.592514,0.0,0.0,3382.592514,0.0,0.0
2035-08-17,9,0,reserve,system,3475.768731,0.0,0.0,3475.768731,0.0,0.0
2035-08-17,10,0,reserve,system,3558.941566,0.0,0.0,3558.941566,0.0,0.0
2035-08-17,11,0,reserve,system,3592.378228,0.0,0.0,3592.378228,0.0,0.0
2035-08-17,12,0,reserve,system,3515.682333,0.0,0.0,3515.682333,0.0,0.0
2035-08-17,13,0,reserve,system,3475.866888,0.0,0.0,3475.866888,0.0,0.0
2035-08-17,14,0,reserve,system,3515.478106,0.0,0.0,3515.478106,0.0,0.0
2035-08-17,15,0,reserve,system,3584.062443,0.0,0.0,3584.062443,0.0,0.0
2035-08-17,16,0,reserve,system,3576.456006,0.0,0.0,3576.456006,0.0,0.0
2035-08-17,17,0,reserve,system,3617.92206,0.0,0.0,3617.92206,0.0,0.0
2035-08-17,18,0,reserve,system,3613.767733,0.0,0.0,3613.767733,0.0,0.0
2035-08-17,19,0,reserve,system,3541.964006,0.0,0.0,3541.964006,0.0,0.0
2035-08-17,20,0,reserve,system,3529.413411,0.0,0.0,3529.413411,0.0,0.0
2035-08-17,21,0,reserve,system,3509.516096,0.0,0.0,3509.516096,0.0,0.0
2035-08-17,22,0,reserve,system,3460.302113,0.0,0.0,3460.302113,0.0,0.0
2035-08-17,23,0,reserve,system,3350.613122,0.0,0.0,3350.613123,0.0,0.0
2035-08-18,0,0,reserve,system,3257.681793,0.0,0.0,3257.681793,0.0,0.0
2035-08-18,1,0,reserve,system,3184.383786,0.0,0.0,3184.383786,0.0,0.0
2035-08-18,2,0,reserve,system,3122.259128,0.0,0.0,3122.259128,0.0,0.0
2035-08-18,3,0,reserve,system,3066.005441,0.0,0.0,3066.005441,0.0,0.0
2035-08-18,4,0,reserve,system,3006.900581,0.0,0.0,3006.900581,0.0,0.0
2035-08-18,5,0,reserve,system,2922.815356,0.0,0.0,2922.815356,0.0,0.0
2035-08-18,6,0,reserve,system,2866.31464,0.0,0.0,2866.31464,0.0,0.0
2035-08-18,7,0,reserve,system,2987.101224,0.0,0.0,2987.101224,0.0,0.0
2035-08-18,8,0,reserve,system,3147.997629,0.0,0.0,3147.997629,0.0,0.0
2035-08-18,9,0,reserve,system,3246.707031,0.0,0.0,3246.707031,0.0,0.0
2035-08-18,10,0,reserve,system,3299.883143,0.0,0.0,3299.883143,0.0,0.0
2035-08-18,11,0,reserve,system,3396.581478,0.0,0.0,3396.581478,0.0,0.0
2035-08-18,12,0,reserve,system,3447.729084,0.0,0.0,3447.729084,0.0,0.0
2035-08-18,13,0,reserve,system,3521.366514,0.0,0.0,3521.366514,0.0,0.0
2035-08-18,14,0,reserve,system,3622.353685,0.0,0.0,3622.353685,0.0,0.0
2035-08-18,15,0,reserve,system,3718.918466,0.0,0.0,3718.918466,0.0,0.0
2035-08-18,16,0,reserve,system,3727.71708,0.0,0.0,3727.71708,0.0,0.0
2035-08-18,17,0,reserve,system,3792.491042,0.0,0.0,3792.491042,0.0,0.0
2035-08-18,18,0,reserve,system,3780.533619,0.0,0.0,3780.533619,0.0,0.0
2035-08-18,19,0,reserve,system,3679.795096,0.0,0.0,3679.795096,0.0,0.0
2035-08-18,20,0,reserve,system,3667.38702,0.0,0.0,3667.38702,0.0,0.0
2035-08-18,21,0,reserve,system,3608.536681,0.0,0.0,3608.536681,0.0,0.0
2035-08-18,22,0,reserve,system,3509.242615,0.0,0.0,3509.242615,0.0,0.0
2035-08-18,23,0,reserve,system,3399.349426,0.0,0.0,3399.349426,0.0,0.0
2035-08-19,0,0,reserve,system,3298.424543,0.0,0.0,3298.424543,0.0,0.0
2035-08-19,1,0,reserve,system,3227.059959,0.0,0.0,3227.059959,0.0,0.0
2035-08-19,2,0,reserve,system,3194.147248,0.0,0.0,3194.147248,0.0,0.0
2035-08-19,3,0,reserve,system,3162.009595,0.0,0.0,3162.009595,0.0,0.0
2035-08-19,4,0,reserve,system,3161.192046,0.0,0.0,3161.192046,0.0,0.0
2035-08-19,5,0,reserve,system,3197.58543,0.0,0.0,3197.58543,0.0,0.0
2035-08-19,6,0,reserve,system,3179.526498,0.0,0.0,3179.526498,0.0,0.0
2035-08-19,7,0,reserve,system,3272.786932,0.0,0.0,3272.786932,0.0,0.0
2035-08-19,8,0,reserve,system,3397.336113,0.0,0.0,3397.336113,0.0,0.0
2035-08-19,9,0,reserve,system,3497.698021,0.0,0.0,3497.698021,0.0,0.0
2035-08-19,10,0,reserve,system,3583.586213,0.0,0.0,3583.586213,0.0,0.0
2035-08-19,11,0,reserve,system,3665.277182,0.0,0.0,3665.277182,0.0,0.0
2035-08-19,12,0,reserve,system,3669.303475,0.0,0.0,3669.303475,0.0,0.0
2035-08-19,13,0,reserve,system,3689.552022,0.0,0.0,3689.552022,0.0,0.0
2035-08-19,14,0,reserve,system,3713.33578,0.0,0.0,3713.33578,0.0,0.0
2035-08-19,15,0,reserve,system,3737.574413,0.0,0.0,3737.574413,0.0,0.0
2035-08-19,16,0,reserve,system,3717.470991,0.0,0.0,3717.470991,0.0,0.0
2035-08-19,17,0,reserve,system,3759.923893,0.0,0.0,3759.923893,0.0,0.0
2035-08-19,18,0,reserve,system,3769.23973,0.0,0.0,3769.23973,0.0,0.0
2035-08-19,19,0,reserve,system,3726.823328,0.0,0.0,3726.823328,0.0,0.0
2035-08-19,20,0,reserve,system,3712.572045,0.0,0.0,3712.572045,0.0,0.0
2035-08-19,21,0,reserve,system,3633.514501,0.0,0.0,3633.514501,0.0,0.0
2035-08-19,22,0,reserve,system,3541.58646,0.0,0.0,3541.58646,0.0,0.0
2035-08-19,23,0,reserve,system,3425.600581,0.0,0.0,3425.600581,0.0,0.0
2035-08-20,0,0,reserve,system,3319.48969,0.0,0.0,3319.48969,0.0,0.0
2035-08-20,1,0,reserve,system,3243.134947,0.0,0.0,3243.134947,0.0,0.0
2035-08-20,2,0,reserve,system,3219.836115,0.0,0.0,3219.836115,0.0,0.0
2035-08-20,3,0,reserve,system,3187.410063,0.0,0.0,3187.410063,0.0,0.0
2035-08-20,4,0,reserve,system,3142.314534,0.0,0.0,3142.314534,0.0,0.0
2035-08-20,5,0,reserve,system,3180.041694,0.0,0.0,3180.041694,0.0,0.0
2035-08-20,6,0,reserve,system,3149.476338,0.0,0.0,3149.476338,0.0,0.0
2035-08-20,7,0,reserve,system,3215.237138,0.0,0.0,3215.237138,0.0,0.0
2035-08-20,8,0,reserve,system,3335.527166,0.0,0.0,3335.527166,0.0,0.0
2035-08-20,9,0,reserve,system,3416.448094,0.0,0.0,3416.448094,0.0,0.0
2035-08-20,10,0,reserve,system,3511.860551,0.0,0.0,3511.860551,0.0,0.0
2035-08-20,11,0,reserve,system,3537.641901,0.0,0.0,3537.641901,0.0,0.0
2035-08-20,12,0,reserve,system,3474.120819,0.0,0.0,3474.120819,0.0,0.0
2035-08-20,13,0,reserve,system,3446.175402,0.0,0.0,3446.175402,0.0,0.0
2035-08-20,14,0,reserve,system,3485.803433,0.0,0.0,3485.803433,0.0,0.0
2035-08-20,15,0,reserve,system,3543.02846,0.0,0.0,3543.02846,0.0,0.0
2035-08-20,16,0,reserve,system,3527.297365,0.0,0.0,3527.297365,0.0,0.0
2035-08-20,17,0,reserve,system,3561.108797,0.0,0.0,3561.108797,0.0,0.0
2035-08-20,18,0,reserve,system,3569.14808,0.0,0.0,3569.14808,0.0,0.0
2035-08-20,19,0,reserve,system,3531.819254,0.0,0.0,3531.819254,0.0,0.0
2035-08-20,20,0,reserve,system,3499.758948,0.0,0.0,3499.758948,0.0,0.0
2035-08-20,21,0,reserve,system,3432.540642,0.0,0.0,3432.540642,0.0,0.0
2035-08-20,22,0,reserve,system,3348.357948,0.0,0.0,3348.357948,0.0,0.0
2035-08-20,23,0,reserve,system,3236.868072,0.0,0.0,3236.868072,0.0,0.0
2035-08-21,0,0,reserve,system,3136.140542,0.0,0.0,3136.140542,0.0,0.0
2035-08-21,1,0,reserve,system,3083.136605,0.0,0.0,3083.136605,0.0,0.0
2035-08-21,2,0,reserve,system,3046.488255,0.0,0.0,3046.488255,0.0,0.0
2035-08-21,3,0,reserve,system,3040.251239,0.0,0.0,3040.251239,0.0,0.0
2035-08-21,4,0,reserve,system,3084.160295,0.0,0.0,3084.160295,0.0,0.0
2035-08-21,5,0,reserve,system,3132.004529,0.0,0.0,3132.004529,0.0,0.0
2035-08-21,6,0,reserve,system,3090.597025,0.0,0.0,3090.597025,0.0,0.0
2035-08-21,7,0,reserve,system,3156.025849,0.0,0.0,3156.025849,0.0,0.0
2035-08-21,8,0,reserve,system,3245.780418,0.0,0.0,3245.780418,0.0,0.0
2035-08-21,9,0,reserve,system,3293.670762,0.0,0.0,3293.670762,0.0,0.0
2035-08-21,10,0,reserve,system,3324.433149,0.0,0.0,3324.433149,0.0,0.0
2035-08-21,11,0,reserve,system,3365.506586,0.0,0.0,3365.506586,0.0,0.0
2035-08-21,12,0,reserve,system,3338.541911,0.0,0.0,3338.541911,0.0,0.0
2035-08-21,13,0,reserve,system,3330.992124,0.0,0.0,3330.992124,0.0,0.0
2035-08-21,14,0,reserve,system,3357.487951,0.0,0.0,3357.487951,0.0,0.0
2035-08-21,15,0,reserve,system,3421.14879,0.0,0.0,3421.14879,0.0,0.0
2035-08-21,16,0,reserve,system,3402.820774,0.0,0.0,3402.820774,0.0,0.0
2035-08-21,17,0,reserve,system,3436.318938,0.0,0.0,3436.318938,0.0,0.0
2035-08-21,18,0,reserve,system,3432.688873,0.0,0.0,3432.688873,0.0,0.0
2035-08-21,19,0,reserve,system,3396.788232,0.0,0.0,3396.788232,0.0,0.0
2035-08-21,20,0,reserve,system,3366.845261,0.0,0.0,3366.845261,0.0,0.0
2035-08-21,21,0,reserve,system,3287.138383,0.0,0.0,3287.138383,0.0,0.0
2035-08-21,22,0,reserve,system,3220.286559,0.0,0.0,3220.286559,0.0,0.0
2035-08-21,23,0,reserve,system,3109.19958,0.0,0.0,3109.19958,0.0,0.0
2035-08-22,0,0,reserve,system,3029.630335,0.0,0.0,3029.630335,0.0,0.0
2035-08-22,1,0,reserve,system,2970.425185,0.0,0.0,2970.425185,0.0,0.0
2035-08-22,2,0,reserve,system,2933.260795,0.0,0.0,2933.260795,0.0,0.0
2035-08-22,3,0,reserve,system,2924.131345,0.0,0.0,2924.131345,0.0,0.0
2035-08-22,4,0,reserve,system,2976.200586,0.0,0.0,2976.200586,0.0,0.0
2035-08-22,5,0,reserve,system,3028.31831,0.0,0.0,3028.31831,0.0,0.0
2035-08-22,6,0,reserve,system,3006.594944,0.0,0.0,3006.594944,0.0,0.0
2035-08-22,7,0,reserve,system,3039.677978,0.0,0.0,3039.677978,0.0,0.0
2035-08-22,8,0,reserve,system,3093.199428,0.0,0.0,3093.199428,0.0,0.0
2035-08-22,9,0,reserve,system,3126.729109,0.0,0.0,3126.729109,0.0,0.0
2035-08-22,10,0,reserve,system,3179.151019,0.0,0.0,3179.151019,0.0,0.0
2035-08-22,11,0,reserve,system,3230.513505,0.0,0.0,3230.513505,0.0,0.0
2035-08-22,12,0,reserve,system,3229.628589,0.0,0.0,3229.628589,0.0,0.0
2035-08-22,13,0,reserve,system,3238.018294,0.0,0.0,3238.018294,0.0,0.0
2035-08-22,14,0,reserve,system,3286.930277,0.0,0.0,3286.930277,0.0,0.0
2035-08-22,15,0,reserve,system,3371.225601,0.0,0.0,3371.225601,0.0,0.0
2035-08-22,16,0,reserve,system,3376.203878,0.0,0.0,3376.203878,0.0,0.0
2035-08-22,17,0,reserve,system,3424.820301,0.0,0.0,3424.820301,0.0,0.0
2035-08-22,18,0,reserve,system,3420.497046,0.0,0.0,3420.497046,0.0,0.0
2035-08-22,19,0,reserve,system,3384.829538,0.0,0.0,3384.829538,0.0,0.0
2035-08-22,20,0,reserve,system,3364.914608,0.0,0.0,3364.914608,0.0,0.0
2035-08-22,21,0,reserve,system,3286.270178,0.0,0.0,3286.270178,0.0,0.0
2035-08-22,22,0,reserve,system,3189.781489,0.0,0.0,3189.781489,0.0,0.0
2035-08-22,23,0,reserve,system,3090.741722,0.0,0.0,3090.741722,0.0,0.0
2035-08-23,0,0,reserve,system,3016.759041,0.0,0.0,3016.759041,0.0,0.0
2035-08-23,1,0,reserve,system,2983.161725,0.0,0.0,2983.161725,0.0,0.0
2035-08-23,2,0,reserve,system,2960.970825,0.0,0.0,2960.970825,0.0,0.0
2035-08-23,3,0,reserve,system,2997.944945,0.0,0.0,2997.944945,0.0,0.0
2035-08-23,4,0,reserve,system,3091.378112,0.0,0.0,3091.378112,0.0,0.0
2035-08-23,5,0,reserve,system,3200.861747,0.0,0.0,3200.861747,0.0,0.0
2035-08-23,6,0,reserve,system,3192.346757,0.0,0.0,3192.346757,0.0,0.0
2035-08-23,7,0,reserve,system,3217.17402,0.0,0.0,3217.17402,0.0,0.0
2035-08-23,8,0,reserve,system,3248.257366,0.0,0.0,3248.257366,0.0,0.0
2035-08-23,9,0,reserve,system,3224.244212,0.0,0.0,3224.244212,0.0,0.0
2035-08-23,10,0,reserve,system,3242.387616,0.0,0.0,3242.387616,0.0,0.0
2035-08-23,11,0,reserve,system,3274.453024,0.0,0.0,3274.453024,0.0,0.0
2035-08-23,12,0,reserve,system,3226.422772,0.0,0.0,3226.422772,0.0,0.0
2035-08-23,13,0,reserve,system,3182.362305,0.0,0.0,3182.362305,0.0,0.0
2035-08-23,14,0,reserve,system,3194.556557,0.0,0.0,3194.556557,0.0,0.0
2035-08-23,15,0,reserve,system,3216.871464,0.0,0.0,3216.871464,0.0,0.0
2035-08-23,16,0,reserve,system,3148.810846,0.0,0.0,3148.810846,0.0,0.0
2035-08-23,17,0,reserve,system,3138.762573,0.0,0.0,3138.762573,0.0,0.0
2035-08-23,18,0,reserve,system,3129.569938,0.0,0.0,3129.569938,0.0,0.0
2035-08-23,19,0,reserve,system,3111.506301,0.0,0.0,3111.506301,0.0,0.0
2035-08-23,20,0,reserve,system,3120.005756,0.0,0.0,3120.005756,0.0,0.0
2035-08-23,21,0,reserve,system,3092.412665,0.0,0.0,3092.412665,0.0,0.0
2035-08-23,22,0,reserve,system,3052.054106,0.0,0.0,3052.054106,0.0,0.0
2035-08-23,23,0,reserve,system,2953.980137,0.0,0.0,2953.980137,0.0,0.0
2035-08-24,0,0,reserve,system,2882.485322,0.0,0.0,2882.485322,0.0,0.0
2035-08-24,1,0,reserve,system,2850.758577,0.0,0.0,2850.758577,0.0,0.0
2035-08-24,2,0,reserve,system,2830.113048,0.0,0.0,2830.113048,0.0,0.0
2035-08-24,3,0,reserve,system,2856.155024,0.0,0.0,2856.155024,0.0,0.0
2035-08-24,4,0,reserve,system,2898.409905,0.0,0.0,2898.409905,0.0,0.0
2035-08-24,5,0,reserve,system,2919.054628,0.0,0.0,2919.054628,0.0,0.0
2035-08-24,6,0,reserve,system,2923.91777,0.0,0.0,2923.91777,0.0,0.0
2035-08-24,7,0,reserve,system,2971.393128,0.0,0.0,2971.393128,0.0,0.0
2035-08-24,8,0,reserve,system,3022.95808,0.0,0.0,3022.95808,0.0,0.0
2035-08-24,9,0,reserve,system,3029.24458,0.0,0.0,3029.24458,0.0,0.0
2035-08-24,10,0,reserve,system,3051.846744,0.0,0.0,3051.846744,0.0,0.0
2035-08-24,11,0,reserve,system,3084.582662,0.0,0.0,3084.582662,0.0,0.0
2035-08-24,12,0,reserve,system,3076.50067,0.0,0.0,3076.50067,0.0,0.0
2035-08-24,13,0,reserve,system,3081.431151,0.0,0.0,3081.431151,0.0,0.0
2035-08-24,14,0,reserve,system,3118.211149,0.0,0.0,3118.211149,0.0,0.0
2035-08-24,15,0,reserve,system,3133.472104,0.0,0.0,3133.472104,0.0,0.0
2035-08-24,16,0,reserve,system,3053.139179,0.0,0.0,3053.139179,0.0,0.0
2035-08-24,17,0,reserve,system,3038.849193,0.0,0.0,3038.849193,0.0,0.0
2035-08-24,18,0,reserve,system,3019.358663,0.0,0.0,3019.358663,0.0,0.0
2035-08-24,19,0,reserve,system,3005.009687,0.0,0.0,3005.009687,0.0,0.0
2035-08-24,20,0,reserve,system,3017.212805,0.0,0.0,3017.212805,0.0,0.0
2035-08-24,21,0,reserve,system,3019.066168,0.0,0.0,3019.066168,0.0,0.0
2035-08-24,22,0,reserve,system,3017.653313,0.0,0.0,3017.653313,0.0,0.0
2035-08-24,23,0,reserve,system,2942.289043,0.0,0.0,2942.289043,0.0,0.0
2035-08-25,0,0,reserve,system,2864.412619,0.0,0.0,2864.412619,0.0,0.0
2035-08-25,1,0,reserve,system,2827.054085,0.0,0.0,2827.054085,0.0,0.0
2035-08-25,2,0,reserve,system,2786.286866,0.0,0.0,2786.286866,0.0,0.0
2035-08-25,3,0,reserve,system,2757.752855,0.0,0.0,2757.752855,0.0,0.0
2035-08-25,4,0,reserve,system,2705.942187,0.0,0.0,2705.942187,0.0,0.0
2035-08-25,5,0,reserve,system,2628.718109,0.0,0.0,2628.718109,0.0,0.0
2035-08-25,6,0,reserve,system,2616.987706,0.0,0.0,2616.987706,0.0,0.0
2035-08-25,7,0,reserve,system,2725.092454,0.0,0.0,2725.092454,0.0,0.0
2035-08-25,8,0,reserve,system,2814.095948,0.0,0.0,2814.095948,0.0,0.0
2035-08-25,9,0,reserve,system,2890.469279,0.0,0.0,2890.469279,0.0,0.0
2035-08-25,10,0,reserve,system,2949.728056,0.0,0.0,2949.728056,0.0,0.0
2035-08-25,11,0,reserve,system,3030.276082,0.0,0.0,3030.276082,0.0,0.0
2035-08-25,12,0,reserve,system,3007.369842,0.0,0.0,3007.369842,0.0,0.0
2035-08-25,13,0,reserve,system,3007.482826,0.0,0.0,3007.482826,0.0,0.0
2035-08-25,14,0,reserve,system,3061.534859,0.0,0.0,3061.534859,0.0,0.0
2035-08-25,15,0,reserve,system,3131.055356,0.0,0.0,3131.055356,0.0,0.0
2035-08-25,16,0,reserve,system,3130.68538,0.0,0.0,3130.68538,0.0,0.0
2035-08-25,17,0,reserve,system,3191.607633,0.0,0.0,3191.607633,0.0,0.0
2035-08-25,18,0,reserve,system,3212.383095,0.0,0.0,3212.383095,0.0,0.0
2035-08-25,19,0,reserve,system,3211.592086,0.0,0.0,3211.592086,0.0,0.0
2035-08-25,20,0,reserve,system,3234.91984,0.0,0.0,3234.91984,0.0,0.0
2035-08-25,21,0,reserve,system,3216.107458,0.0,0.0,3216.107458,0.0,0.0
2035-08-25,22,0,reserve,system,3197.337658,0.0,0.0,3197.337658,0.0,0.0
2035-08-25,23,0,reserve,system,3122.930138,0.0,0.0,3122.930138,0.0,0.0
2035-08-26,0,0,reserve,system,3054.048462,0.0,0.0,3054.048462,0.0,0.0
2035-08-26,1,0,reserve,system,3004.318582,0.0,0.0,3004.318582,0.0,0.0
2035-08-26,2,0,reserve,system,2983.058177,0.0,0.0,2983.058177,0.0,0.0
2035-08-26,3,0,reserve,system,2981.689314,0.0,0.0,2981.689314,0.0,0.0
2035-08-26,4,0,reserve,system,3019.61124,0.0,0.0,3019.61124,0.0,0.0
2035-08-26,5,0,reserve,system,3089.851656,0.0,0.0,3089.851656,0.0,0.0
2035-08-26,6,0,reserve,system,3082.296068,0.0,0.0,3082.296068,0.0,0.0
2035-08-26,7,0,reserve,system,3126.282778,0.0,0.0,3126.282778,0.0,0.0
2035-08-26,8,0,reserve,system,3172.508514,0.0,0.0,3172.508514,0.0,0.0
2035-08-26,9,0,reserve,system,3218.348338,0.0,0.0,3218.348338,0.0,0.0
2035-08-26,10,0,reserve,system,3291.828962,0.0,0.0,3291.828962,0.0,0.0
2035-08-26,11,0,reserve,system,3363.692252,0.0,0.0,3363.692252,0.0,0.0
2035-08-26,12,0,reserve,system,3375.399741,0.0,0.0,3375.399741,0.0,0.0
2035-08-26,13,0,reserve,system,3408.452783,0.0,0.0,3408.452783,0.0,0.0
2035-08-26,14,0,reserve,system,3452.790218,0.0,0.0,3452.790218,0.0,0.0
2035-08-26,15,0,reserve,system,3502.985821,0.0,0.0,3502.985821,0.0,0.0
2035-08-26,16,0,reserve,system,3481.005785,0.0,0.0,3481.005785,0.0,0.0
2035-08-26,17,0,reserve,system,3540.553145,0.0,0.0,3540.553145,0.0,0.0
2035-08-26,18,0,reserve,system,3533.972422,0.0,0.0,3533.972422,0.0,0.0
2035-08-26,19,0,reserve,system,3505.62687,0.0,0.0,3505.62687,0.0,0.0
2035-08-26,20,0,reserve,system,3502.062826,0.0,0.0,3502.062826,0.0,0.0
2035-08-26,21,0,reserve,system,3456.683618,0.0,0.0,3456.683618,0.0,0.0
2035-08-26,22,0,reserve,system,3421.769475,0.0,0.0,3421.769475,0.0,0.0
2035-08-26,23,0,reserve,system,3350.999096,0.0,0.0,3350.999096,0.0,0.0
2035-08-27,0,0,reserve,system,3262.344661,0.0,0.0,3262.344661,0.0,0.0
2035-08-27,1,0,reserve,system,3186.099719,0.0,0.0,3186.099719,0.0,0.0
2035-08-27,2,0,reserve,system,3127.910334,0.0,0.0,3127.910334,0.0,0.0
2035-08-27,3,0,reserve,system,3097.203285,0.0,0.0,3097.203285,0.0,0.0
2035-08-27,4,0,reserve,system,3108.307441,0.0,0.0,3108.307441,0.0,0.0
2035-08-27,5,0,reserve,system,3107.163506,0.0,0.0,3107.163506,0.0,0.0
2035-08-27,6,0,reserve,system,3065.775877,0.0,0.0,3065.775877,0.0,0.0
2035-08-27,7,0,reserve,system,3029.445527,0.0,0.0,3029.445527,0.0,0.0
2035-08-27,8,0,reserve,system,2988.397225,0.0,0.0,2988.397225,0.0,0.0
2035-08-27,9,0,reserve,system,2948.526213,0.0,0.0,2948.526213,0.0,0.0
2035-08-27,10,0,reserve,system,2948.80768,0.0,0.0,2948.80768,0.0,0.0
2035-08-27,11,0,reserve,system,2948.306995,0.0,0.0,2948.306995,0.0,0.0
2035-08-27,12,0,reserve,system,2917.104795,0.0,0.0,2917.104795,0.0,0.0
2035-08-27,13,0,reserve,system,2878.186598,0.0,0.0,2878.186598,0.0,0.0
2035-08-27,14,0,reserve,system,2855.078077,0.0,0.0,2855.078077,0.0,0.0
2035-08-27,15,0,reserve,system,2868.588923,0.0,0.0,2868.588923,0.0,0.0
2035-08-27,16,0,reserve,system,2844.760155,0.0,0.0,2844.760155,0.0,0.0
2035-08-27,17,0,reserve,system,2881.599424,0.0,0.0,2881.599424,0.0,0.0
2035-08-27,18,0,reserve,system,2919.272681,0.0,0.0,2919.272681,0.0,0.0
2035-08-27,19,0,reserve,system,2935.862293,0.0,0.0,2935.862293,0.0,0.0
2035-08-27,20,0,reserve,system,2939.228228,0.0,0.0,2939.228228,0.0,0.0
2035-08-27,21,0,reserve,system,2889.841673,0.0,0.0,2889.841673,0.0,0.0
2035-08-27,22,0,reserve,system,2846.685784,0.0,0.0,2846.685784,0.0,0.0
2035-08-27,23,0,reserve,system,2774.425353,0.0,0.0,2774.425353,0.0,0.0
2035-08-28,0,0,reserve,system,2719.236173,0.0,0.0,2719.236173,0.0,0.0
2035-08-28,1,0,reserve,system,2684.82762,0.0,0.0,2684.82762,0.0,0.0
2035-08-28,2,0,reserve,system,2673.689199,0.0,0.0,2673.689199,0.0,0.0
2035-08-28,3,0,reserve,system,2696.251697,0.0,0.0,2696.251697,0.0,0.0
2035-08-28,4,0,reserve,system,2769.542223,0.0,0.0,2769.542223,0.0,0.0
2035-08-28,5,0,reserve,system,2836.39038,0.0,0.0,2836.39038,0.0,0.0
2035-08-28,6,0,reserve,system,2837.352646,0.0,0.0,2837.352646,0.0,0.0
2035-08-28,7,0,reserve,system,2885.993396,0.0,0.0,2885.993396,0.0,0.0
2035-08-28,8,0,reserve,system,2912.345235,0.0,0.0,2912.345235,0.0,0.0
2035-08-28,9,0,reserve,system,2943.138514,0.0,0.0,2943.138514,0.0,0.0
2035-08-28,10,0,reserve,system,2985.526395,0.0,0.0,2985.526395,0.0,0.0
2035-08-28,11,0,reserve,system,3037.56109,0.0,0.0,3037.56109,0.0,0.0
2035-08-28,12,0,reserve,system,3026.624134,0.0,0.0,3026.624134,0.0,0.0
2035-08-28,13,0,reserve,system,3040.327802,0.0,0.0,3040.327802,0.0,0.0
2035-08-28,14,0,reserve,system,3095.653731,0.0,0.0,3095.653731,0.0,0.0
2035-08-28,15,0,reserve,system,3150.896997,0.0,0.0,3150.896997,0.0,0.0
2035-08-28,16,0,reserve,system,3097.959135,0.0,0.0,3097.959135,0.0,0.0
2035-08-28,17,0,reserve,system,3091.941812,0.0,0.0,3091.941812,0.0,0.0
2035-08-28,18,0,reserve,system,3089.601354,0.0,0.0,3089.601354,0.0,0.0
2035-08-28,19,0,reserve,system,3066.6825,0.0,0.0,3066.6825,0.0,0.0
2035-08-28,20,0,reserve,system,3047.823634,0.0,0.0,3047.823634,0.0,0.0
2035-08-28,21,0,reserve,system,2976.827048,0.0,0.0,2976.827048,0.0,0.0
2035-08-28,22,0,reserve,system,2909.707784,0.0,0.0,2909.707784,0.0,0.0
2035-08-28,23,0,reserve,system,2823.973066,0.0,0.0,2823.973066,0.0,0.0
2035-08-29,0,0,reserve,system,2766.996352,0.0,0.0,2766.996352,0.0,0.0
2035-08-29,1,0,reserve,system,2734.731843,0.0,0.0,2734.731843,0.0,0.0
2035-08-29,2,0,reserve,system,2715.33625,0.0,0.0,2715.33625,0.0,0.0
2035-08-29,3,0,reserve,system,2736.704137,0.0,0.0,2736.704137,0.0,0.0
2035-08-29,4,0,reserve,system,2795.980336,0.0,0.0,2795.980336,0.0,0.0
2035-08-29,5,0,reserve,system,2855.807144,0.0,0.0,2855.807144,0.0,0.0
2035-08-29,6,0,reserve,system,2848.031267,0.0,0.0,2848.031267,0.0,0.0
2035-08-29,7,0,reserve,system,2893.773396,0.0,0.0,2893.773396,0.0,0.0
2035-08-29,8,0,reserve,system,2961.648366,0.0,0.0,2961.648366,0.0,0.0
2035-08-29,9,0,reserve,system,3034.456751,0.0,0.0,3034.456751,0.0,0.0
2035-08-29,10,0,reserve,system,3129.091153,0.0,0.0,3129.091154,0.0,0.0
2035-08-29,11,0,reserve,system,3234.146198,0.0,0.0,3234.146198,0.0,0.0
2035-08-29,12,0,reserve,system,3268.429709,0.0,0.0,3268.429709,0.0,0.0
2035-08-29,13,0,reserve,system,3305.629153,0.0,0.0,3305.629153,0.0,0.0
2035-08-29,14,0,reserve,system,3368.545399,0.0,0.0,3368.545399,0.0,0.0
2035-08-29,15,0,reserve,system,3435.273184,0.0,0.0,3435.273184,0.0,0.0
2035-08-29,16,0,reserve,system,3401.821614,0.0,0.0,3401.821614,0.0,0.0
2035-08-29,17,0,reserve,system,3426.906755,0.0,0.0,3426.906755,0.0,0.0
2035-08-29,18,0,reserve,system,3408.225313,0.0,0.0,3408.225313,0.0,0.0
2035-08-29,19,0,reserve,system,3377.977618,0.0,0.0,3377.977618,0.0,0.0
2035-08-29,20,0,reserve,system,3351.254354,0.0,0.0,3351.254354,0.0,0.0
2035-08-29,21,0,reserve,system,3274.71524,0.0,0.0,3274.71524,0.0,0.0
2035-08-29,22,0,reserve,system,3201.186111,0.0,0.0,3201.186111,0.0,0.0
2035-08-29,23,0,reserve,system,3085.640326,0.0,0.0,3085.640326,0.0,0.0
2035-08-30,0,0,reserve,system,2993.65164,0.0,0.0,2993.65164,0.0,0.0
2035-08-30,1,0,reserve,system,2938.952626,0.0,0.0,2938.952626,0.0,0.0
2035-08-30,2,0,reserve,system,2899.55173,0.0,0.0,2899.55173,0.0,0.0
2035-08-30,3,0,reserve,system,2929.754723,0.0,0.0,2929.754723,0.0,0.0
2035-08-30,4,0,reserve,system,3036.449129,0.0,0.0,3036.449129,0.0,0.0
2035-08-30,5,0,reserve,system,3162.924844,0.0,0.0,3162.924844,0.0,0.0
2035-08-30,6,0,reserve,system,3150.814409,0.0,0.0,3150.814409,0.0,0.0
2035-08-30,7,0,reserve,system,3161.705856,0.0,0.0,3161.705856,0.0,0.0
2035-08-30,8,0,reserve,system,3174.100089,0.0,0.0,3174.100089,0.0,0.0
2035-08-30,9,0,reserve,system,3158.069464,0.0,0.0,3158.069464,0.0,0.0
2035-08-30,10,0,reserve,system,3190.232052,0.0,0.0,3190.232052,0.0,0.0
2035-08-30,11,0,reserve,system,3229.9524,0.0,0.0,3229.9524,0.0,0.0
2035-08-30,12,0,reserve,system,3208.285701,0.0,0.0,3208.285701,0.0,0.0
2035-08-30,13,0,reserve,system,3119.681003,0.0,0.0,3119.681003,0.0,0.0
2035-08-30,14,0,reserve,system,3059.043557,0.0,0.0,3059.043557,0.0,0.0
2035-08-30,15,0,reserve,system,3042.313267,0.0,0.0,3042.313267,0.0,0.0
2035-08-30,16,0,reserve,system,2974.490124,0.0,0.0,2974.490124,0.0,0.0
2035-08-30,17,0,reserve,system,2973.348321,0.0,0.0,2973.348321,0.0,0.0
2035-08-30,18,0,reserve,system,2950.696463,0.0,0.0,2950.696463,0.0,0.0
2035-08-30,19,0,reserve,system,2933.205886,0.0,0.0,2933.205886,0.0,0.0
2035-08-30,20,0,reserve,system,2936.133377,0.0,0.0,2936.133377,0.0,0.0
2035-08-30,21,0,reserve,system,2918.830884,0.0,0.0,2918.830884,0.0,0.0
2035-08-30,22,0,reserve,system,2880.575684,0.0,0.0,2880.575684,0.0,0.0
2035-08-30,23,0,reserve,system,2791.207335,0.0,0.0,2791.207335,0.0,0.0
2035-08-31,0,0,reserve,system,2715.116792,0.0,0.0,2715.116792,0.0,0.0
2035-08-31,1,0,reserve,system,2667.400327,0.0,0.0,2667.400327,0.0,0.0
2035-08-31,2,0,reserve,system,2631.001414,0.0,0.0,2631.001414,0.0,0.0
2035-08-31,3,0,reserve,system,2638.151066,0.0,0.0,2638.151066,0.0,0.0
2035-08-31,4,0,reserve,system,2669.542074,0.0,0.0,2669.542074,0.0,0.0
2035-08-31,5,0,reserve,system,2686.492286,0.0,0.0,2686.492286,0.0,0.0
2035-08-31,6,0,reserve,system,2697.875704,0.0,0.0,2697.875705,0.0,0.0
2035-08-31,7,0,reserve,system,2766.915959,0.0,0.0,2766.915959,0.0,0.0
2035-08-31,8,0,reserve,system,2825.248703,0.0,0.0,2825.248703,0.0,0.0
2035-08-31,9,0,reserve,system,2829.407864,0.0,0.0,2829.407864,0.0,0.0
2035-08-31,10,0,reserve,system,2851.261558,0.0,0.0,2851.261558,0.0,0.0
2035-08-31,11,0,reserve,system,2895.723523,0.0,0.0,2895.723523,0.0,0.0
2035-08-31,12,0,reserve,system,2883.246134,0.0,0.0,2883.246134,0.0,0.0
2035-08-31,13,0,reserve,system,2879.19511,0.0,0.0,2879.19511,0.0,0.0
2035-08-31,14,0,reserve,system,2905.983144,0.0,0.0,2905.983144,0.0,0.0
2035-08-31,15,0,reserve,system,2946.936183,0.0,0.0,2946.936183,0.0,0.0
2035-08-31,16,0,reserve,system,2917.898504,0.0,0.0,2917.898504,0.0,0.0
2035-08-31,17,0,reserve,system,2947.047068,0.0,0.0,2947.047068,0.0,0.0
2035-08-31,18,0,reserve,system,2933.456934,0.0,0.0,2933.456934,0.0,0.0
2035-08-31,19,0,reserve,system,2907.709545,0.0,0.0,2907.709545,0.0,0.0
2035-08-31,20,0,reserve,system,2899.70732,0.0,0.0,2899.70732,0.0,0.0
2035-08-31,21,0,reserve,system,2865.852749,0.0,0.0,2865.852749,0.0,0.0
2035-08-31,22,0,reserve,system,2843.271035,0.0,0.0,2843.271035,0.0,0.0
2035-08-31,23,0,reserve,system,2762.578591,0.0,0.0,2762.578591,0.0,0.0
2035-09-01,0,0,reserve,system,2687.349196,0.0,0.0,2687.349196,0.0,0.0
2035-09-01,1,0,reserve,system,2634.345326,0.0,0.0,2634.345326,0.0,0.0
2035-09-01,2,0,reserve,system,2588.731496,0.0,0.0,2588.731496,0.0,0.0
2035-09-01,3,0,reserve,system,2575.073061,0.0,0.0,2575.073061,0.0,0.0
2035-09-01,4,0,reserve,system,2568.932506,0.0,0.0,2568.932506,0.0,0.0
2035-09-01,5,0,reserve,system,2559.384629,0.0,0.0,2559.384629,0.0,0.0
2035-09-01,6,0,reserve,system,2562.645807,0.0,0.0,2562.645807,0.0,0.0
2035-09-01,7,0,reserve,system,2684.074196,0.0,0.0,2684.074196,0.0,0.0
2035-09-01,8,0,reserve,system,2791.824774,0.0,0.0,2791.824774,0.0,0.0
2035-09-01,9,0,reserve,system,2853.240593,0.0,0.0,2853.240593,0.0,0.0
2035-09-01,10,0,reserve,system,2858.316005,0.0,0.0,2858.316005,0.0,0.0
2035-09-01,11,0,reserve,system,2938.851502,0.0,0.0,2938.851502,0.0,0.0
2035-09-01,12,0,reserve,system,2957.704776,0.0,0.0,2957.704776,0.0,0.0
2035-09-01,13,0,reserve,system,2982.415884,0.0,0.0,2982.415884,0.0,0.0
2035-09-01,14,0,reserve,system,3016.903443,0.0,0.0,3016.903443,0.0,0.0
2035-09-01,15,0,reserve,system,3056.316755,0.0,0.0,3056.316755,0.0,0.0
2035-09-01,16,0,reserve,system,3002.036931,0.0,0.0,3002.036931,0.0,0.0
2035-09-01,17,0,reserve,system,3008.685425,0.0,0.0,3008.685425,0.0,0.0
2035-09-01,18,0,reserve,system,2971.180297,0.0,0.0,2971.180297,0.0,0.0
2035-09-01,19,0,reserve,system,2926.33972,0.0,0.0,2926.33972,0.0,0.0
2035-09-01,20,0,reserve,system,2909.764177,0.0,0.0,2909.764177,0.0,0.0
2035-09-01,21,0,reserve,system,2890.865733,0.0,0.0,2890.865733,0.0,0.0
2035-09-01,22,0,reserve,system,2860.875871,0.0,0.0,2860.875871,0.0,0.0
2035-09-01,23,0,reserve,system,2802.540789,0.0,0.0,2802.540789,0.0,0.0
2035-09-02,0,0,reserve,system,2712.48104,0.0,0.0,2712.48104,0.0,0.0
2035-09-02,1,0,reserve,system,2640.998422,0.0,0.0,2640.998422,0.0,0.0
2035-09-02,2,0,reserve,system,2585.467651,0.0,0.0,2585.467651,0.0,0.0
2035-09-02,3,0,reserve,system,2548.73319,0.0,0.0,2548.73319,0.0,0.0
2035-09-02,4,0,reserve,system,2509.087094,0.0,0.0,2509.087094,0.0,0.0
2035-09-02,5,0,reserve,system,2438.042085,0.0,0.0,2438.042085,0.0,0.0
2035-09-02,6,0,reserve,system,2397.470226,0.0,0.0,2397.470226,0.0,0.0
2035-09-02,7,0,reserve,system,2509.738247,0.0,0.0,2509.738247,0.0,0.0
2035-09-02,8,0,reserve,system,2660.624947,0.0,0.0,2660.624947,0.0,0.0
2035-09-02,9,0,reserve,system,2819.026809,0.0,0.0,2819.026809,0.0,0.0
2035-09-02,10,0,reserve,system,2947.39844,0.0,0.0,2947.39844,0.0,0.0
2035-09-02,11,0,reserve,system,3060.781925,0.0,0.0,3060.781925,0.0,0.0
2035-09-02,12,0,reserve,system,3057.362645,0.0,0.0,3057.362645,0.0,0.0
2035-09-02,13,0,reserve,system,3062.726294,0.0,0.0,3062.726294,0.0,0.0
2035-09-02,14,0,reserve,system,3099.695637,0.0,0.0,3099.695637,0.0,0.0
2035-09-02,15,0,reserve,system,3144.47448,0.0,0.0,3144.47448,0.0,0.0
2035-09-02,16,0,reserve,system,3112.383987,0.0,0.0,3112.383987,0.0,0.0
2035-09-02,17,0,reserve,system,3117.748974,0.0,0.0,3117.748974,0.0,0.0
2035-09-02,18,0,reserve,system,3075.325464,0.0,0.0,3075.325464,0.0,0.0
2035-09-02,19,0,reserve,system,3029.830825,0.0,0.0,3029.830825,0.0,0.0
2035-09-02,20,0,reserve,system,2994.210987,0.0,0.0,2994.210987,0.0,0.0
2035-09-02,21,0,reserve,system,2913.495244,0.0,0.0,2913.495244,0.0,0.0
2035-09-02,22,0,reserve,system,2821.539006,0.0,0.0,2821.539006,0.0,0.0
2035-09-02,23,0,reserve,system,2715.807855,0.0,0.0,2715.807855,0.0,0.0
2035-09-03,0,0,reserve,system,2627.359426,0.0,0.0,2627.359426,0.0,0.0
2035-09-03,1,0,reserve,system,2567.559499,0.0,0.0,2567.559499,0.0,0.0
2035-09-03,2,0,reserve,system,2535.419418,0.0,0.0,2535.419418,0.0,0.0
2035-09-03,3,0,reserve,system,2539.974145,0.0,0.0,2539.974145,0.0,0.0
2035-09-03,4,0,reserve,system,2587.44864,0.0,0.0,2587.44864,0.0,0.0
2035-09-03,5,0,reserve,system,2668.109352,0.0,0.0,2668.109352,0.0,0.0
2035-09-03,6,0,reserve,system,2676.517407,0.0,0.0,2676.517407,0.0,0.0
2035-09-03,7,0,reserve,system,2779.55493,0.0,0.0,2779.55493,0.0,0.0
2035-09-03,8,0,reserve,system,2926.496393,0.0,0.0,2926.496393,0.0,0.0
2035-09-03,9,0,reserve,system,3097.463473,0.0,0.0,3097.463473,0.0,0.0
2035-09-03,10,0,reserve,system,3283.321289,0.0,0.0,3283.321289,0.0,0.0
2035-09-03,11,0,reserve,system,3392.523912,0.0,0.0,3392.523912,0.0,0.0
2035-09-03,12,0,reserve,system,3436.817392,0.0,0.0,3436.817392,0.0,0.0
2035-09-03,13,0,reserve,system,3448.656258,0.0,0.0,3448.656258,0.0,0.0
2035-09-03,14,0,reserve,system,3470.14402,0.0,0.0,3470.14402,0.0,0.0
2035-09-03,15,0,reserve,system,3496.972838,0.0,0.0,3496.972838,0.0,0.0
2035-09-03,16,0,reserve,system,3431.154567,0.0,0.0,3431.154567,0.0,0.0
2035-09-03,17,0,reserve,system,3433.535908,0.0,0.0,3433.535908,0.0,0.0
2035-09-03,18,0,reserve,system,3404.491126,0.0,0.0,3404.491126,0.0,0.0
2035-09-03,19,0,reserve,system,3321.785878,0.0,0.0,3321.785878,0.0,0.0
2035-09-03,20,0,reserve,system,3278.288931,0.0,0.0,3278.288931,0.0,0.0
2035-09-03,21,0,reserve,system,3193.15271,0.0,0.0,3193.15271,0.0,0.0
2035-09-03,22,0,reserve,system,3092.247735,0.0,0.0,3092.247735,0.0,0.0
2035-09-03,23,0,reserve,system,2947.016456,0.0,0.0,2947.016456,0.0,0.0
2035-09-04,0,0,reserve,system,2866.798756,0.0,0.0,2866.798755,0.0,0.0
2035-09-04,1,0,reserve,system,2809.218651,0.0,0.0,2809.218651,0.0,0.0
2035-09-04,2,0,reserve,system,2775.389122,0.0,0.0,2775.389122,0.0,0.0
2035-09-04,3,0,reserve,system,2785.30778,0.0,0.0,2785.30778,0.0,0.0
2035-09-04,4,0,reserve,system,2854.498437,0.0,0.0,2854.498437,0.0,0.0
2035-09-04,5,0,reserve,system,2903.802628,0.0,0.0,2903.802628,0.0,0.0
2035-09-04,6,0,reserve,system,2913.314109,0.0,0.0,2913.314109,0.0,0.0
2035-09-04,7,0,reserve,system,2996.452351,0.0,0.0,2996.452351,0.0,0.0
2035-09-04,8,0,reserve,system,3139.538363,0.0,0.0,3139.538363,0.0,0.0
2035-09-04,9,0,reserve,system,3233.315216,0.0,0.0,3233.315216,0.0,0.0
2035-09-04,10,0,reserve,system,3309.63103,0.0,0.0,3309.63103,0.0,0.0
2035-09-04,11,0,reserve,system,3361.622726,0.0,0.0,3361.622726,0.0,0.0
2035-09-04,12,0,reserve,system,3324.462518,0.0,0.0,3324.462518,0.0,0.0
2035-09-04,13,0,reserve,system,3305.413197,0.0,0.0,3305.413197,0.0,0.0
2035-09-04,14,0,reserve,system,3318.603442,0.0,0.0,3318.603442,0.0,0.0
2035-09-04,15,0,reserve,system,3339.704895,0.0,0.0,3339.704895,0.0,0.0
2035-09-04,16,0,reserve,system,3289.539609,0.0,0.0,3289.539609,0.0,0.0
2035-09-04,17,0,reserve,system,3293.53613,0.0,0.0,3293.53613,0.0,0.0
2035-09-04,18,0,reserve,system,3278.921086,0.0,0.0,3278.921086,0.0,0.0
2035-09-04,19,0,reserve,system,3218.659889,0.0,0.0,3218.659889,0.0,0.0
2035-09-04,20,0,reserve,system,3168.131806,0.0,0.0,3168.131806,0.0,0.0
2035-09-04,21,0,reserve,system,3098.127164,0.0,0.0,3098.127164,0.0,0.0
2035-09-04,22,0,reserve,system,3022.567688,0.0,0.0,3022.567688,0.0,0.0
2035-09-04,23,0,reserve,system,2905.301374,0.0,0.0,2905.301374,0.0,0.0
2035-09-05,0,0,reserve,system,2814.364414,0.0,0.0,2814.364414,0.0,0.0
2035-09-05,1,0,reserve,system,2760.776236,0.0,0.0,2760.776236,0.0,0.0
2035-09-05,2,0,reserve,system,2719.006924,0.0,0.0,2719.006924,0.0,0.0
2035-09-05,3,0,reserve,system,2719.607137,0.0,0.0,2719.607137,0.0,0.0
2035-09-05,4,0,reserve,system,2782.705145,0.0,0.0,2782.705145,0.0,0.0
2035-09-05,5,0,reserve,system,2849.599799,0.0,0.0,2849.599799,0.0,0.0
2035-09-05,6,0,reserve,system,2840.378316,0.0,0.0,2840.378316,0.0,0.0
2035-09-05,7,0,reserve,system,2900.955216,0.0,0.0,2900.955216,0.0,0.0
2035-09-05,8,0,reserve,system,3011.90665,0.0,0.0,3011.90665,0.0,0.0
2035-09-05,9,0,reserve,system,3089.578316,0.0,0.0,3089.578316,0.0,0.0
2035-09-05,10,0,reserve,system,3196.210238,0.0,0.0,3196.210238,0.0,0.0
2035-09-05,11,0,reserve,system,3277.370276,0.0,0.0,3277.370276,0.0,0.0
2035-09-05,12,0,reserve,system,3271.552239,0.0,0.0,3271.552239,0.0,0.0
2035-09-05,13,0,reserve,system,3265.520522,0.0,0.0,3265.520522,0.0,0.0
2035-09-05,14,0,reserve,system,3267.756826,0.0,0.0,3267.756826,0.0,0.0
2035-09-05,15,0,reserve,system,3283.649324,0.0,0.0,3283.649324,0.0,0.0
2035-09-05,16,0,reserve,system,3247.519693,0.0,0.0,3247.519693,0.0,0.0
2035-09-05,17,0,reserve,system,3271.115467,0.0,0.0,3271.115467,0.0,0.0
2035-09-05,18,0,reserve,system,3267.423489,0.0,0.0,3267.423489,0.0,0.0
2035-09-05,19,0,reserve,system,3226.912868,0.0,0.0,3226.912869,0.0,0.0
2035-09-05,20,0,reserve,system,3188.413469,0.0,0.0,3188.413469,0.0,0.0
2035-09-05,21,0,reserve,system,3098.98198,0.0,0.0,3098.98198,0.0,0.0
2035-09-05,22,0,reserve,system,3017.741357,0.0,0.0,3017.741357,0.0,0.0
2035-09-05,23,0,reserve,system,2900.044552,0.0,0.0,2900.044552,0.0,0.0
2035-09-06,0,0,reserve,system,2820.115008,0.0,0.0,2820.115008,0.0,0.0
2035-09-06,1,0,reserve,system,2772.899895,0.0,0.0,2772.899895,0.0,0.0
2035-09-06,2,0,reserve,system,2744.534472,0.0,0.0,2744.534472,0.0,0.0
2035-09-06,3,0,reserve,system,2769.08115,0.0,0.0,2769.08115,0.0,0.0
2035-09-06,4,0,reserve,system,2874.120854,0.0,0.0,2874.120854,0.0,0.0
2035-09-06,5,0,reserve,system,3025.478811,0.0,0.0,3025.478811,0.0,0.0
2035-09-06,6,0,reserve,system,3037.814792,0.0,0.0,3037.814792,0.0,0.0
2035-09-06,7,0,reserve,system,3073.243342,0.0,0.0,3073.243342,0.0,0.0
2035-09-06,8,0,reserve,system,3165.975644,0.0,0.0,3165.975644,0.0,0.0
2035-09-06,9,0,reserve,system,3253.838655,0.0,0.0,3253.838655,0.0,0.0
2035-09-06,10,0,reserve,system,3325.707904,0.0,0.0,3325.707904,0.0,0.0
2035-09-06,11,0,reserve,system,3407.841143,0.0,0.0,3407.841143,0.0,0.0
2035-09-06,12,0,reserve,system,3413.675676,0.0,0.0,3413.675676,0.0,0.0
2035-09-06,13,0,reserve,system,3414.531988,0.0,0.0,3414.531988,0.0,0.0
2035-09-06,14,0,reserve,system,3433.610095,0.0,0.0,3433.610095,0.0,0.0
2035-09-06,15,0,reserve,system,3460.669986,0.0,0.0,3460.669986,0.0,0.0
2035-09-06,16,0,reserve,system,3398.789303,0.0,0.0,3398.789303,0.0,0.0
2035-09-06,17,0,reserve,system,3403.033113,0.0,0.0,3403.033113,0.0,0.0
2035-09-06,18,0,reserve,system,3345.055081,0.0,0.0,3345.055081,0.0,0.0
2035-09-06,19,0,reserve,system,3261.276089,0.0,0.0,3261.276089,0.0,0.0
2035-09-06,20,0,reserve,system,3219.854654,0.0,0.0,3219.854654,0.0,0.0
2035-09-06,21,0,reserve,system,3169.986318,0.0,0.0,3169.986318,0.0,0.0
2035-09-06,22,0,reserve,system,3123.721497,0.0,0.0,3123.721497,0.0,0.0
2035-09-06,23,0,reserve,system,3024.240388,0.0,0.0,3024.240388,0.0,0.0
2035-09-07,0,0,reserve,system,2928.257457,0.0,0.0,2928.257457,0.0,0.0
2035-09-07,1,0,reserve,system,2868.66647,0.0,0.0,2868.66647,0.0,0.0
2035-09-07,2,0,reserve,system,2812.98141,0.0,0.0,2812.981411,0.0,0.0
2035-09-07,3,0,reserve,system,2792.459633,0.0,0.0,2792.459633,0.0,0.0
2035-09-07,4,0,reserve,system,2814.552893,0.0,0.0,2814.552893,0.0,0.0
2035-09-07,5,0,reserve,system,2835.974872,0.0,0.0,2835.974872,0.0,0.0
2035-09-07,6,0,reserve,system,2838.698492,0.0,0.0,2838.698492,0.0,0.0
2035-09-07,7,0,reserve,system,2943.612933,0.0,0.0,2943.612933,0.0,0.0
2035-09-07,8,0,reserve,system,3082.196712,0.0,0.0,3082.196712,0.0,0.0
2035-09-07,9,0,reserve,system,3189.363367,0.0,0.0,3189.363367,0.0,0.0
2035-09-07,10,0,reserve,system,3271.479042,0.0,0.0,3271.479042,0.0,0.0
2035-09-07,11,0,reserve,system,3320.917463,0.0,0.0,3320.917463,0.0,0.0
2035-09-07,12,0,reserve,system,3303.833542,0.0,0.0,3303.833542,0.0,0.0
2035-09-07,13,0,reserve,system,3297.272839,0.0,0.0,3297.272839,0.0,0.0
2035-09-07,14,0,reserve,system,3324.725035,0.0,0.0,3324.725035,0.0,0.0
2035-09-07,15,0,reserve,system,3347.43052,0.0,0.0,3347.43052,0.0,0.0
2035-09-07,16,0,reserve,system,3303.859127,0.0,0.0,3303.859127,0.0,0.0
2035-09-07,17,0,reserve,system,3322.344115,0.0,0.0,3322.344115,0.0,0.0
2035-09-07,18,0,reserve,system,3271.514504,0.0,0.0,3271.514504,0.0,0.0
2035-09-07,19,0,reserve,system,3180.660556,0.0,0.0,3180.660556,0.0,0.0
2035-09-07,20,0,reserve,system,3140.238215,0.0,0.0,3140.238215,0.0,0.0
2035-09-07,21,0,reserve,system,3106.15888,0.0,0.0,3106.15888,0.0,0.0
2035-09-07,22,0,reserve,system,3085.013234,0.0,0.0,3085.013234,0.0,0.0
2035-09-07,23,0,reserve,system,2970.722079,0.0,0.0,2970.722079,0.0,0.0
2035-09-08,0,0,reserve,system,2866.891081,0.0,0.0,2866.891081,0.0,0.0
2035-09-08,1,0,reserve,system,2785.314888,0.0,0.0,2785.314888,0.0,0.0
2035-09-08,2,0,reserve,system,2715.314277,0.0,0.0,2715.314277,0.0,0.0
2035-09-08,3,0,reserve,system,2673.591119,0.0,0.0,2673.591119,0.0,0.0
2035-09-08,4,0,reserve,system,2613.109023,0.0,0.0,2613.109023,0.0,0.0
2035-09-08,5,0,reserve,system,2510.312778,0.0,0.0,2510.312778,0.0,0.0
2035-09-08,6,0,reserve,system,2485.719842,0.0,0.0,2485.719842,0.0,0.0
2035-09-08,7,0,reserve,system,2619.673141,0.0,0.0,2619.673141,0.0,0.0
2035-09-08,8,0,reserve,system,2769.227393,0.0,0.0,2769.227393,0.0,0.0
2035-09-08,9,0,reserve,system,2909.314533,0.0,0.0,2909.314533,0.0,0.0
2035-09-08,10,0,reserve,system,3020.574485,0.0,0.0,3020.574485,0.0,0.0
2035-09-08,11,0,reserve,system,3148.438643,0.0,0.0,3148.438643,0.0,0.0
2035-09-08,12,0,reserve,system,3208.315624,0.0,0.0,3208.315624,0.0,0.0
2035-09-08,13,0,reserve,system,3237.635436,0.0,0.0,3237.635436,0.0,0.0
2035-09-08,14,0,reserve,system,3285.569346,0.0,0.0,3285.569346,0.0,0.0
2035-09-08,15,0,reserve,system,3350.650287,0.0,0.0,3350.650287,0.0,0.0
2035-09-08,16,0,reserve,system,3312.890206,0.0,0.0,3312.890206,0.0,0.0
2035-09-08,17,0,reserve,system,3307.72194,0.0,0.0,3307.72194,0.0,0.0
2035-09-08,18,0,reserve,system,3260.607173,0.0,0.0,3260.607173,0.0,0.0
2035-09-08,19,0,reserve,system,3192.916153,0.0,0.0,3192.916153,0.0,0.0
2035-09-08,20,0,reserve,system,3166.915219,0.0,0.0,3166.915219,0.0,0.0
2035-09-08,21,0,reserve,system,3107.266096,0.0,0.0,3107.266096,0.0,0.0
2035-09-08,22,0,reserve,system,3030.311014,0.0,0.0,3030.311014,0.0,0.0
2035-09-08,23,0,reserve,system,2920.602873,0.0,0.0,2920.602873,0.0,0.0
2035-09-09,0,0,reserve,system,2840.228003,0.0,0.0,2840.228003,0.0,0.0
2035-09-09,1,0,reserve,system,2774.963116,0.0,0.0,2774.963116,0.0,0.0
2035-09-09,2,0,reserve,system,2737.389239,0.0,0.0,2737.389239,0.0,0.0
2035-09-09,3,0,reserve,system,2738.539935,0.0,0.0,2738.539935,0.0,0.0
2035-09-09,4,0,reserve,system,2783.298085,0.0,0.0,2783.298085,0.0,0.0
2035-09-09,5,0,reserve,system,2839.834486,0.0,0.0,2839.834486,0.0,0.0
2035-09-09,6,0,reserve,system,2832.400195,0.0,0.0,2832.400195,0.0,0.0
2035-09-09,7,0,reserve,system,2885.452743,0.0,0.0,2885.452743,0.0,0.0
2035-09-09,8,0,reserve,system,2989.441317,0.0,0.0,2989.441317,0.0,0.0
2035-09-09,9,0,reserve,system,3108.271164,0.0,0.0,3108.271164,0.0,0.0
2035-09-09,10,0,reserve,system,3224.014759,0.0,0.0,3224.014759,0.0,0.0
2035-09-09,11,0,reserve,system,3348.907937,0.0,0.0,3348.907937,0.0,0.0
2035-09-09,12,0,reserve,system,3401.589302,0.0,0.0,3401.589302,0.0,0.0
2035-09-09,13,0,reserve,system,3448.698056,0.0,0.0,3448.698056,0.0,0.0
2035-09-09,14,0,reserve,system,3500.942113,0.0,0.0,3500.942113,0.0,0.0
2035-09-09,15,0,reserve,system,3545.555099,0.0,0.0,3545.555099,0.0,0.0
2035-09-09,16,0,reserve,system,3434.025641,0.0,0.0,3434.025641,0.0,0.0
2035-09-09,17,0,reserve,system,3390.344551,0.0,0.0,3390.344551,0.0,0.0
2035-09-09,18,0,reserve,system,3312.445207,0.0,0.0,3312.445207,0.0,0.0
2035-09-09,19,0,reserve,system,3235.031834,0.0,0.0,3235.031834,0.0,0.0
2035-09-09,20,0,reserve,system,3192.04989,0.0,0.0,3192.04989,0.0,0.0
2035-09-09,21,0,reserve,system,3130.562813,0.0,0.0,3130.562813,0.0,0.0
2035-09-09,22,0,reserve,system,3038.44694,0.0,0.0,3038.44694,0.0,0.0
2035-09-09,23,0,reserve,system,2935.107952,0.0,0.0,2935.107952,0.0,0.0
2035-09-10,0,0,reserve,system,2842.369805,0.0,0.0,2842.369805,0.0,0.0
2035-09-10,1,0,reserve,system,2777.867481,0.0,0.0,2777.867481,0.0,0.0
2035-09-10,2,0,reserve,system,2735.844814,0.0,0.0,2735.844814,0.0,0.0
2035-09-10,3,0,reserve,system,2726.464793,0.0,0.0,2726.464793,0.0,0.0
2035-09-10,4,0,reserve,system,2772.968199,0.0,0.0,2772.968199,0.0,0.0
2035-09-10,5,0,reserve,system,2823.02415,0.0,0.0,2823.02415,0.0,0.0
2035-09-10,6,0,reserve,system,2819.801609,0.0,0.0,2819.801609,0.0,0.0
2035-09-10,7,0,reserve,system,2880.166962,0.0,0.0,2880.166962,0.0,0.0
2035-09-10,8,0,reserve,system,3002.580655,0.0,0.0,3002.580655,0.0,0.0
2035-09-10,9,0,reserve,system,3119.32895,0.0,0.0,3119.32895,0.0,0.0
2035-09-10,10,0,reserve,system,3265.669635,0.0,0.0,3265.669635,0.0,0.0
2035-09-10,11,0,reserve,system,3371.873435,0.0,0.0,3371.873435,0.0,0.0
2035-09-10,12,0,reserve,system,3386.819851,0.0,0.0,3386.819851,0.0,0.0
2035-09-10,13,0,reserve,system,3359.34772,0.0,0.0,3359.34772,0.0,0.0
2035-09-10,14,0,reserve,system,3357.218303,0.0,0.0,3357.218303,0.0,0.0
2035-09-10,15,0,reserve,system,3356.294249,0.0,0.0,3356.294249,0.0,0.0
2035-09-10,16,0,reserve,system,3234.343959,0.0,0.0,3234.343959,0.0,0.0
2035-09-10,17,0,reserve,system,3172.939243,0.0,0.0,3172.939243,0.0,0.0
2035-09-10,18,0,reserve,system,3103.592283,0.0,0.0,3103.592283,0.0,0.0
2035-09-10,19,0,reserve,system,3050.166995,0.0,0.0,3050.166995,0.0,0.0
2035-09-10,20,0,reserve,system,3015.729339,0.0,0.0,3015.729339,0.0,0.0
2035-09-10,21,0,reserve,system,2947.874994,0.0,0.0,2947.874994,0.0,0.0
2035-09-10,22,0,reserve,system,2880.093739,0.0,0.0,2880.093739,0.0,0.0
2035-09-10,23,0,reserve,system,2769.350076,0.0,0.0,2769.350076,0.0,0.0
2035-09-11,0,0,reserve,system,2697.644704,0.0,0.0,2697.644704,0.0,0.0
2035-09-11,1,0,reserve,system,2654.150476,0.0,0.0,2654.150476,0.0,0.0
2035-09-11,2,0,reserve,system,2625.015005,0.0,0.0,2625.015005,0.0,0.0
2035-09-11,3,0,reserve,system,2644.569004,0.0,0.0,2644.569004,0.0,0.0
2035-09-11,4,0,reserve,system,2722.814215,0.0,0.0,2722.814215,0.0,0.0
2035-09-11,5,0,reserve,system,2793.574119,0.0,0.0,2793.574119,0.0,0.0
2035-09-11,6,0,reserve,system,2778.043129,0.0,0.0,2778.043129,0.0,0.0
2035-09-11,7,0,reserve,system,2793.760662,0.0,0.0,2793.760662,0.0,0.0
2035-09-11,8,0,reserve,system,2837.919255,0.0,0.0,2837.919255,0.0,0.0
2035-09-11,9,0,reserve,system,2900.888479,0.0,0.0,2900.888479,0.0,0.0
2035-09-11,10,0,reserve,system,2993.728168,0.0,0.0,2993.728168,0.0,0.0
2035-09-11,11,0,reserve,system,3107.749878,0.0,0.0,3107.749878,0.0,0.0
2035-09-11,12,0,reserve,system,3144.296085,0.0,0.0,3144.296085,0.0,0.0
2035-09-11,13,0,reserve,system,3140.846563,0.0,0.0,3140.846563,0.0,0.0
2035-09-11,14,0,reserve,system,3113.472601,0.0,0.0,3113.472601,0.0,0.0
2035-09-11,15,0,reserve,system,3101.881943,0.0,0.0,3101.881943,0.0,0.0
2035-09-11,16,0,reserve,system,3011.670112,0.0,0.0,3011.670112,0.0,0.0
2035-09-11,17,0,reserve,system,2990.93377,0.0,0.0,2990.93377,0.0,0.0
2035-09-11,18,0,reserve,system,2955.677684,0.0,0.0,2955.677684,0.0,0.0
2035-09-11,19,0,reserve,system,2926.633651,0.0,0.0,2926.633651,0.0,0.0
2035-09-11,20,0,reserve,system,2892.006069,0.0,0.0,2892.006069,0.0,0.0
2035-09-11,21,0,reserve,system,2816.546447,0.0,0.0,2816.546447,0.0,0.0
2035-09-11,22,0,reserve,system,2745.672156,0.0,0.0,2745.672156,0.0,0.0
2035-09-11,23,0,reserve,system,2652.988246,0.0,0.0,2652.988246,0.0,0.0
2035-09-12,0,0,reserve,system,2583.436368,0.0,0.0,2583.436368,0.0,0.0
2035-09-12,1,0,reserve,system,2543.473912,0.0,0.0,2543.473912,0.0,0.0
2035-09-12,2,0,reserve,system,2524.030731,0.0,0.0,2524.030731,0.0,0.0
2035-09-12,3,0,reserve,system,2548.084484,0.0,0.0,2548.084484,0.0,0.0
2035-09-12,4,0,reserve,system,2638.424482,0.0,0.0,2638.424482,0.0,0.0
2035-09-12,5,0,reserve,system,2739.087136,0.0,0.0,2739.087136,0.0,0.0
2035-09-12,6,0,reserve,system,2738.926303,0.0,0.0,2738.926303,0.0,0.0
2035-09-12,7,0,reserve,system,2781.406589,0.0,0.0,2781.406589,0.0,0.0
2035-09-12,8,0,reserve,system,2863.032123,0.0,0.0,2863.032123,0.0,0.0
2035-09-12,9,0,reserve,system,2951.834756,0.0,0.0,2951.834756,0.0,0.0
2035-09-12,10,0,reserve,system,3020.953745,0.0,0.0,3020.953745,0.0,0.0
2035-09-12,11,0,reserve,system,3089.888943,0.0,0.0,3089.888943,0.0,0.0
2035-09-12,12,0,reserve,system,3101.183976,0.0,0.0,3101.183976,0.0,0.0
2035-09-12,13,0,reserve,system,3103.177764,0.0,0.0,3103.177764,0.0,0.0
2035-09-12,14,0,reserve,system,3130.90421,0.0,0.0,3130.90421,0.0,0.0
2035-09-12,15,0,reserve,system,3194.408065,0.0,0.0,3194.408065,0.0,0.0
2035-09-12,16,0,reserve,system,3150.675927,0.0,0.0,3150.675927,0.0,0.0
2035-09-12,17,0,reserve,system,3163.677386,0.0,0.0,3163.677386,0.0,0.0
2035-09-12,18,0,reserve,system,3150.944352,0.0,0.0,3150.944352,0.0,0.0
2035-09-12,19,0,reserve,system,3124.759087,0.0,0.0,3124.759087,0.0,0.0
2035-09-12,20,0,reserve,system,3091.150802,0.0,0.0,3091.150802,0.0,0.0
2035-09-12,21,0,reserve,system,3006.822966,0.0,0.0,3006.822966,0.0,0.0
2035-09-12,22,0,reserve,system,2926.591378,0.0,0.0,2926.591378,0.0,0.0
2035-09-12,23,0,reserve,system,2741.933184,0.0,0.0,2741.933184,0.0,0.0
2035-09-13,0,0,reserve,system,2666.036372,0.0,0.0,2666.036372,0.0,0.0
2035-09-13,1,0,reserve,system,2662.944844,0.0,0.0,2662.944844,0.0,0.0
2035-09-13,2,0,reserve,system,2648.156418,0.0,0.0,2648.156418,0.0,0.0
2035-09-13,3,0,reserve,system,2683.195267,0.0,0.0,2683.195267,0.0,0.0
2035-09-13,4,0,reserve,system,2790.24837,0.0,0.0,2790.24837,0.0,0.0
2035-09-13,5,0,reserve,system,2951.229734,0.0,0.0,2951.229734,0.0,0.0
2035-09-13,6,0,reserve,system,2956.791772,0.0,0.0,2956.791772,0.0,0.0
2035-09-13,7,0,reserve,system,2988.168024,0.0,0.0,2988.168024,0.0,0.0
2035-09-13,8,0,reserve,system,3073.727086,0.0,0.0,3073.727086,0.0,0.0
2035-09-13,9,0,reserve,system,3164.075586,0.0,0.0,3164.075586,0.0,0.0
2035-09-13,10,0,reserve,system,3247.131381,0.0,0.0,3247.131381,0.0,0.0
2035-09-13,11,0,reserve,system,3352.351167,0.0,0.0,3352.351167,0.0,0.0
2035-09-13,12,0,reserve,system,3371.406627,0.0,0.0,3371.406627,0.0,0.0
2035-09-13,13,0,reserve,system,3393.935164,0.0,0.0,3393.935164,0.0,0.0
2035-09-13,14,0,reserve,system,3435.982713,0.0,0.0,3435.982713,0.0,0.0
2035-09-13,15,0,reserve,system,3447.131586,0.0,0.0,3447.131586,0.0,0.0
2035-09-13,16,0,reserve,system,3312.948299,0.0,0.0,3312.948299,0.0,0.0
2035-09-13,17,0,reserve,system,3247.341876,0.0,0.0,3247.341876,0.0,0.0
2035-09-13,18,0,reserve,system,3191.370444,0.0,0.0,3191.370444,0.0,0.0
2035-09-13,19,0,reserve,system,3120.466645,0.0,0.0,3120.466646,0.0,0.0
2035-09-13,20,0,reserve,system,3086.200496,0.0,0.0,3086.200496,0.0,0.0
2035-09-13,21,0,reserve,system,3020.019752,0.0,0.0,3020.019752,0.0,0.0
2035-09-13,22,0,reserve,system,2941.709831,0.0,0.0,2941.709831,0.0,0.0
2035-09-13,23,0,reserve,system,2820.41008,0.0,0.0,2820.41008,0.0,0.0
2035-09-14,0,0,reserve,system,2729.134874,0.0,0.0,2729.134874,0.0,0.0
2035-09-14,1,0,reserve,system,2672.962681,0.0,0.0,2672.962681,0.0,0.0
2035-09-14,2,0,reserve,system,2628.715817,0.0,0.0,2628.715817,0.0,0.0
2035-09-14,3,0,reserve,system,2628.677715,0.0,0.0,2628.677715,0.0,0.0
2035-09-14,4,0,reserve,system,2664.882161,0.0,0.0,2664.882161,0.0,0.0
2035-09-14,5,0,reserve,system,2699.637417,0.0,0.0,2699.637417,0.0,0.0
2035-09-14,6,0,reserve,system,2714.168875,0.0,0.0,2714.168875,0.0,0.0
2035-09-14,7,0,reserve,system,2803.752567,0.0,0.0,2803.752567,0.0,0.0
2035-09-14,8,0,reserve,system,2966.531687,0.0,0.0,2966.531687,0.0,0.0
2035-09-14,9,0,reserve,system,3141.897621,0.0,0.0,3141.897621,0.0,0.0
2035-09-14,10,0,reserve,system,3311.357879,0.0,0.0,3311.357879,0.0,0.0
2035-09-14,11,0,reserve,system,3452.295808,0.0,0.0,3452.295808,0.0,0.0
2035-09-14,12,0,reserve,system,3452.177253,0.0,0.0,3452.177253,0.0,0.0
2035-09-14,13,0,reserve,system,3422.986398,0.0,0.0,3422.986398,0.0,0.0
2035-09-14,14,0,reserve,system,3440.469605,0.0,0.0,3440.469605,0.0,0.0
2035-09-14,15,0,reserve,system,3471.272819,0.0,0.0,3471.272819,0.0,0.0
2035-09-14,16,0,reserve,system,3401.738616,0.0,0.0,3401.738616,0.0,0.0
2035-09-14,17,0,reserve,system,3371.859912,0.0,0.0,3371.859912,0.0,0.0
2035-09-14,18,0,reserve,system,3295.83632,0.0,0.0,3295.83632,0.0,0.0
2035-09-14,19,0,reserve,system,3188.385909,0.0,0.0,3188.385909,0.0,0.0
2035-09-14,20,0,reserve,system,3161.356481,0.0,0.0,3161.356481,0.0,0.0
2035-09-14,21,0,reserve,system,3130.541648,0.0,0.0,3130.541648,0.0,0.0
2035-09-14,22,0,reserve,system,3079.16372,0.0,0.0,3079.16372,0.0,0.0
2035-09-14,23,0,reserve,system,2974.526486,0.0,0.0,2974.526486,0.0,0.0
2035-09-15,0,0,reserve,system,2887.150252,0.0,0.0,2887.150252,0.0,0.0
2035-09-15,1,0,reserve,system,2832.831796,0.0,0.0,2832.831796,0.0,0.0
2035-09-15,2,0,reserve,system,2771.376359,0.0,0.0,2771.376359,0.0,0.0
2035-09-15,3,0,reserve,system,2725.129105,0.0,0.0,2725.129105,0.0,0.0
2035-09-15,4,0,reserve,system,2644.966506,0.0,0.0,2644.966506,0.0,0.0
2035-09-15,5,0,reserve,system,2557.679379,0.0,0.0,2557.679379,0.0,0.0
2035-09-15,6,0,reserve,system,2530.291156,0.0,0.0,2530.291156,0.0,0.0
2035-09-15,7,0,reserve,system,2676.550025,0.0,0.0,2676.550025,0.0,0.0
2035-09-15,8,0,reserve,system,2882.363549,0.0,0.0,2882.363549,0.0,0.0
2035-09-15,9,0,reserve,system,3091.479913,0.0,0.0,3091.479913,0.0,0.0
2035-09-15,10,0,reserve,system,3227.82376,0.0,0.0,3227.82376,0.0,0.0
2035-09-15,11,0,reserve,system,3358.700641,0.0,0.0,3358.700641,0.0,0.0
2035-09-15,12,0,reserve,system,3422.620634,0.0,0.0,3422.620633,0.0,0.0
2035-09-15,13,0,reserve,system,3455.38309,0.0,0.0,3455.38309,0.0,0.0
2035-09-15,14,0,reserve,system,3512.00826,0.0,0.0,3512.00826,0.0,0.0
2035-09-15,15,0,reserve,system,3574.057007,0.0,0.0,3574.057007,0.0,0.0
2035-09-15,16,0,reserve,system,3557.294198,0.0,0.0,3557.294198,0.0,0.0
2035-09-15,17,0,reserve,system,3585.740521,0.0,0.0,3585.740521,0.0,0.0
2035-09-15,18,0,reserve,system,3527.194779,0.0,0.0,3527.194779,0.0,0.0
2035-09-15,19,0,reserve,system,3435.641998,0.0,0.0,3435.641998,0.0,0.0
2035-09-15,20,0,reserve,system,3393.155807,0.0,0.0,3393.155807,0.0,0.0
2035-09-15,21,0,reserve,system,3319.502415,0.0,0.0,3319.502415,0.0,0.0
2035-09-15,22,0,reserve,system,3206.090717,0.0,0.0,3206.090717,0.0,0.0
2035-09-15,23,0,reserve,system,3077.337401,0.0,0.0,3077.337401,0.0,0.0
2035-09-16,0,0,reserve,system,3000.549709,0.0,0.0,3000.549709,0.0,0.0
2035-09-16,1,0,reserve,system,2952.859679,0.0,0.0,2952.859679,0.0,0.0
2035-09-16,2,0,reserve,system,2925.742411,0.0,0.0,2925.742411,0.0,0.0
2035-09-16,3,0,reserve,system,2905.296139,0.0,0.0,2905.296139,0.0,0.0
2035-09-16,4,0,reserve,system,2917.731329,0.0,0.0,2917.731329,0.0,0.0
2035-09-16,5,0,reserve,system,2987.316877,0.0,0.0,2987.316877,0.0,0.0
2035-09-16,6,0,reserve,system,2992.36268,0.0,0.0,2992.36268,0.0,0.0
2035-09-16,7,0,reserve,system,3072.425081,0.0,0.0,3072.425081,0.0,0.0
2035-09-16,8,0,reserve,system,3215.275235,0.0,0.0,3215.275235,0.0,0.0
2035-09-16,9,0,reserve,system,3345.016789,0.0,0.0,3345.016789,0.0,0.0
2035-09-16,10,0,reserve,system,3456.826885,0.0,0.0,3456.826885,0.0,0.0
2035-09-16,11,0,reserve,system,3531.978977,0.0,0.0,3531.978978,0.0,0.0
2035-09-16,12,0,reserve,system,3522.711452,0.0,0.0,3522.711452,0.0,0.0
2035-09-16,13,0,reserve,system,3512.503257,0.0,0.0,3512.503257,0.0,0.0
2035-09-16,14,0,reserve,system,3543.088975,0.0,0.0,3543.088975,0.0,0.0
2035-09-16,15,0,reserve,system,3560.036814,0.0,0.0,3560.036814,0.0,0.0
2035-09-16,16,0,reserve,system,3487.721405,0.0,0.0,3487.721405,0.0,0.0
2035-09-16,17,0,reserve,system,3498.724925,0.0,0.0,3498.724925,0.0,0.0
2035-09-16,18,0,reserve,system,3491.845757,0.0,0.0,3491.845757,0.0,0.0
2035-09-16,19,0,reserve,system,3422.246185,0.0,0.0,3422.246185,0.0,0.0
2035-09-16,20,0,reserve,system,3381.239738,0.0,0.0,3381.239738,0.0,0.0
2035-09-16,21,0,reserve,system,3310.212391,0.0,0.0,3310.212391,0.0,0.0
2035-09-16,22,0,reserve,system,3207.203348,0.0,0.0,3207.203348,0.0,0.0
2035-09-16,23,0,reserve,system,3078.679359,0.0,0.0,3078.679359,0.0,0.0
2035-09-17,0,0,reserve,system,3004.760625,0.0,0.0,3004.760625,0.0,0.0
2035-09-17,1,0,reserve,system,2945.714089,0.0,0.0,2945.714089,0.0,0.0
2035-09-17,2,0,reserve,system,2912.541216,0.0,0.0,2912.541216,0.0,0.0
2035-09-17,3,0,reserve,system,2884.673913,0.0,0.0,2884.673913,0.0,0.0
2035-09-17,4,0,reserve,system,2881.302093,0.0,0.0,2881.302093,0.0,0.0
2035-09-17,5,0,reserve,system,2951.173629,0.0,0.0,2951.173629,0.0,0.0
2035-09-17,6,0,reserve,system,2957.884983,0.0,0.0,2957.884983,0.0,0.0
2035-09-17,7,0,reserve,system,3004.086732,0.0,0.0,3004.086732,0.0,0.0
2035-09-17,8,0,reserve,system,3075.688695,0.0,0.0,3075.688695,0.0,0.0
2035-09-17,9,0,reserve,system,3156.155176,0.0,0.0,3156.155176,0.0,0.0
2035-09-17,10,0,reserve,system,3258.966984,0.0,0.0,3258.966984,0.0,0.0
2035-09-17,11,0,reserve,system,3324.726553,0.0,0.0,3324.726553,0.0,0.0
2035-09-17,12,0,reserve,system,3293.156688,0.0,0.0,3293.156688,0.0,0.0
2035-09-17,13,0,reserve,system,3263.631795,0.0,0.0,3263.631795,0.0,0.0
2035-09-17,14,0,reserve,system,3281.41444,0.0,0.0,3281.41444,0.0,0.0
2035-09-17,15,0,reserve,system,3316.270799,0.0,0.0,3316.270799,0.0,0.0
2035-09-17,16,0,reserve,system,3271.499492,0.0,0.0,3271.499492,0.0,0.0
2035-09-17,17,0,reserve,system,3294.980075,0.0,0.0,3294.980075,0.0,0.0
2035-09-17,18,0,reserve,system,3310.586633,0.0,0.0,3310.586633,0.0,0.0
2035-09-17,19,0,reserve,system,3272.67907,0.0,0.0,3272.67907,0.0,0.0
2035-09-17,20,0,reserve,system,3262.302726,0.0,0.0,3262.302726,0.0,0.0
2035-09-17,21,0,reserve,system,3206.216162,0.0,0.0,3206.216162,0.0,0.0
2035-09-17,22,0,reserve,system,3126.470454,0.0,0.0,3126.470454,0.0,0.0
2035-09-17,23,0,reserve,system,2998.903373,0.0,0.0,2998.903373,0.0,0.0
2035-09-18,0,0,reserve,system,2910.962913,0.0,0.0,2910.962913,0.0,0.0
2035-09-18,1,0,reserve,system,2872.503011,0.0,0.0,2872.503011,0.0,0.0
2035-09-18,2,0,reserve,system,2833.240004,0.0,0.0,2833.240004,0.0,0.0
2035-09-18,3,0,reserve,system,2843.937062,0.0,0.0,2843.937062,0.0,0.0
2035-09-18,4,0,reserve,system,2885.589343,0.0,0.0,2885.589343,0.0,0.0
2035-09-18,5,0,reserve,system,2965.108284,0.0,0.0,2965.108284,0.0,0.0
2035-09-18,6,0,reserve,system,2959.016255,0.0,0.0,2959.016255,0.0,0.0
2035-09-18,7,0,reserve,system,3008.956608,0.0,0.0,3008.956608,0.0,0.0
2035-09-18,8,0,reserve,system,3087.996789,0.0,0.0,3087.996789,0.0,0.0
2035-09-18,9,0,reserve,system,3159.539229,0.0,0.0,3159.539229,0.0,0.0
2035-09-18,10,0,reserve,system,3235.364345,0.0,0.0,3235.364345,0.0,0.0
2035-09-18,11,0,reserve,system,3325.803619,0.0,0.0,3325.803619,0.0,0.0
2035-09-18,12,0,reserve,system,3340.410509,0.0,0.0,3340.410509,0.0,0.0
2035-09-18,13,0,reserve,system,3364.624884,0.0,0.0,3364.624884,0.0,0.0
2035-09-18,14,0,reserve,system,3399.178139,0.0,0.0,3399.178139,0.0,0.0
2035-09-18,15,0,reserve,system,3463.017785,0.0,0.0,3463.017785,0.0,0.0
2035-09-18,16,0,reserve,system,3442.02886,0.0,0.0,3442.02886,0.0,0.0
2035-09-18,17,0,reserve,system,3464.819008,0.0,0.0,3464.819008,0.0,0.0
2035-09-18,18,0,reserve,system,3444.017485,0.0,0.0,3444.017485,0.0,0.0
2035-09-18,19,0,reserve,system,3362.520436,0.0,0.0,3362.520436,0.0,0.0
2035-09-18,20,0,reserve,system,3343.586727,0.0,0.0,3343.586727,0.0,0.0
2035-09-18,21,0,reserve,system,3280.437238,0.0,0.0,3280.437238,0.0,0.0
2035-09-18,22,0,reserve,system,3195.580084,0.0,0.0,3195.580084,0.0,0.0
2035-09-18,23,0,reserve,system,3083.388559,0.0,0.0,3083.388559,0.0,0.0
2035-09-19,0,0,reserve,system,3004.418247,0.0,0.0,3004.418247,0.0,0.0
2035-09-19,1,0,reserve,system,2970.166789,0.0,0.0,2970.166789,0.0,0.0
2035-09-19,2,0,reserve,system,2938.813822,0.0,0.0,2938.813822,0.0,0.0
2035-09-19,3,0,reserve,system,2961.090506,0.0,0.0,2961.090506,0.0,0.0
2035-09-19,4,0,reserve,system,3013.783869,0.0,0.0,3013.783869,0.0,0.0
2035-09-19,5,0,reserve,system,3104.257765,0.0,0.0,3104.257765,0.0,0.0
2035-09-19,6,0,reserve,system,3119.953829,0.0,0.0,3119.953829,0.0,0.0
2035-09-19,7,0,reserve,system,3133.381519,0.0,0.0,3133.381519,0.0,0.0
2035-09-19,8,0,reserve,system,3157.644774,0.0,0.0,3157.644774,0.0,0.0
2035-09-19,9,0,reserve,system,3139.457298,0.0,0.0,3139.457298,0.0,0.0
2035-09-19,10,0,reserve,system,3115.222379,0.0,0.0,3115.222379,0.0,0.0
2035-09-19,11,0,reserve,system,3112.17277,0.0,0.0,3112.17277,0.0,0.0
2035-09-19,12,0,reserve,system,3046.888067,0.0,0.0,3046.888067,0.0,0.0
2035-09-19,13,0,reserve,system,3004.607545,0.0,0.0,3004.607545,0.0,0.0
2035-09-19,14,0,reserve,system,2983.888989,0.0,0.0,2983.888989,0.0,0.0
2035-09-19,15,0,reserve,system,2973.712421,0.0,0.0,2973.712421,0.0,0.0
2035-09-19,16,0,reserve,system,2934.569248,0.0,0.0,2934.569248,0.0,0.0
2035-09-19,17,0,reserve,system,2970.976845,0.0,0.0,2970.976845,0.0,0.0
2035-09-19,18,0,reserve,system,3023.948521,0.0,0.0,3023.948521,0.0,0.0
2035-09-19,19,0,reserve,system,3031.507411,0.0,0.0,3031.507411,0.0,0.0
2035-09-19,20,0,reserve,system,3037.253106,0.0,0.0,3037.253106,0.0,0.0
2035-09-19,21,0,reserve,system,2993.490352,0.0,0.0,2993.490352,0.0,0.0
2035-09-19,22,0,reserve,system,2935.020644,0.0,0.0,2935.020644,0.0,0.0
2035-09-19,23,0,reserve,system,2858.701774,0.0,0.0,2858.701774,0.0,0.0
2035-09-20,0,0,reserve,system,2818.891106,0.0,0.0,2818.891106,0.0,0.0
2035-09-20,1,0,reserve,system,2823.797732,0.0,0.0,2823.797732,0.0,0.0
2035-09-20,2,0,reserve,system,2834.961327,0.0,0.0,2834.961327,0.0,0.0
2035-09-20,3,0,reserve,system,2894.460043,0.0,0.0,2894.460043,0.0,0.0
2035-09-20,4,0,reserve,system,3019.322684,0.0,0.0,3019.322684,0.0,0.0
2035-09-20,5,0,reserve,system,3161.515089,0.0,0.0,3161.515089,0.0,0.0
2035-09-20,6,0,reserve,system,3195.803271,0.0,0.0,3195.803271,0.0,0.0
2035-09-20,7,0,reserve,system,3209.945715,0.0,0.0,3209.945715,0.0,0.0
2035-09-20,8,0,reserve,system,3252.866969,0.0,0.0,3252.866969,0.0,0.0
2035-09-20,9,0,reserve,system,3290.220802,0.0,0.0,3290.220802,0.0,0.0
2035-09-20,10,0,reserve,system,3294.134304,0.0,0.0,3294.134304,0.0,0.0
2035-09-20,11,0,reserve,system,3311.442078,0.0,0.0,3311.442078,0.0,0.0
2035-09-20,12,0,reserve,system,3282.868484,0.0,0.0,3282.868484,0.0,0.0
2035-09-20,13,0,reserve,system,3278.639867,0.0,0.0,3278.639867,0.0,0.0
2035-09-20,14,0,reserve,system,3275.738843,0.0,0.0,3275.738843,0.0,0.0
2035-09-20,15,0,reserve,system,3246.126753,0.0,0.0,3246.126753,0.0,0.0
2035-09-20,16,0,reserve,system,3167.933155,0.0,0.0,3167.933155,0.0,0.0
2035-09-20,17,0,reserve,system,3146.996661,0.0,0.0,3146.996661,0.0,0.0
2035-09-20,18,0,reserve,system,3115.066548,0.0,0.0,3115.066548,0.0,0.0
2035-09-20,19,0,reserve,system,3075.785575,0.0,0.0,3075.785575,0.0,0.0
2035-09-20,20,0,reserve,system,3102.859825,0.0,0.0,3102.859825,0.0,0.0
2035-09-20,21,0,reserve,system,3116.817226,0.0,0.0,3116.817226,0.0,0.0
2035-09-20,22,0,reserve,system,3079.610311,0.0,0.0,3079.610311,0.0,0.0
2035-09-20,23,0,reserve,system,2986.173009,0.0,0.0,2986.173009,0.0,0.0
2035-09-21,0,0,reserve,system,2912.009685,0.0,0.0,2912.009685,0.0,0.0
2035-09-21,1,0,reserve,system,2874.101273,0.0,0.0,2874.101273,0.0,0.0
2035-09-21,2,0,reserve,system,2850.851166,0.0,0.0,2850.851166,0.0,0.0
2035-09-21,3,0,reserve,system,2864.123037,0.0,0.0,2864.123037,0.0,0.0
2035-09-21,4,0,reserve,system,2901.170847,0.0,0.0,2901.170847,0.0,0.0
2035-09-21,5,0,reserve,system,2919.029522,0.0,0.0,2919.029522,0.0,0.0
2035-09-21,6,0,reserve,system,2931.659672,0.0,0.0,2931.659672,0.0,0.0
2035-09-21,7,0,reserve,system,3005.087914,0.0,0.0,3005.087914,0.0,0.0
2035-09-21,8,0,reserve,system,3105.80059,0.0,0.0,3105.80059,0.0,0.0
2035-09-21,9,0,reserve,system,3162.99303,0.0,0.0,3162.99303,0.0,0.0
2035-09-21,10,0,reserve,system,3201.90067,0.0,0.0,3201.90067,0.0,0.0
2035-09-21,11,0,reserve,system,3214.641453,0.0,0.0,3214.641453,0.0,0.0
2035-09-21,12,0,reserve,system,3157.165616,0.0,0.0,3157.165616,0.0,0.0
2035-09-21,13,0,reserve,system,3127.67629,0.0,0.0,3127.67629,0.0,0.0
2035-09-21,14,0,reserve,system,3160.935203,0.0,0.0,3160.935203,0.0,0.0
2035-09-21,15,0,reserve,system,3201.196813,0.0,0.0,3201.196813,0.0,0.0
2035-09-21,16,0,reserve,system,3126.246549,0.0,0.0,3126.246549,0.0,0.0
2035-09-21,17,0,reserve,system,3086.246415,0.0,0.0,3086.246415,0.0,0.0
2035-09-21,18,0,reserve,system,3033.250179,0.0,0.0,3033.250179,0.0,0.0
2035-09-21,19,0,reserve,system,2977.807806,0.0,0.0,2977.807806,0.0,0.0
2035-09-21,20,0,reserve,system,2991.243322,0.0,0.0,2991.243322,0.0,0.0
2035-09-21,21,0,reserve,system,3018.079274,0.0,0.0,3018.079274,0.0,0.0
2035-09-21,22,0,reserve,system,3011.972766,0.0,0.0,3011.972766,0.0,0.0
2035-09-21,23,0,reserve,system,2941.724002,0.0,0.0,2941.724002,0.0,0.0
2035-09-22,0,0,reserve,system,2862.659811,0.0,0.0,2862.659811,0.0,0.0
2035-09-22,1,0,reserve,system,2807.970489,0.0,0.0,2807.970489,0.0,0.0
2035-09-22,2,0,reserve,system,2753.382172,0.0,0.0,2753.382172,0.0,0.0
2035-09-22,3,0,reserve,system,2710.831644,0.0,0.0,2710.831644,0.0,0.0
2035-09-22,4,0,reserve,system,2676.127278,0.0,0.0,2676.127278,0.0,0.0
2035-09-22,5,0,reserve,system,2592.509962,0.0,0.0,2592.509962,0.0,0.0
2035-09-22,6,0,reserve,system,2562.707791,0.0,0.0,2562.707791,0.0,0.0
2035-09-22,7,0,reserve,system,2682.045497,0.0,0.0,2682.045497,0.0,0.0
2035-09-22,8,0,reserve,system,2834.292331,0.0,0.0,2834.292331,0.0,0.0
2035-09-22,9,0,reserve,system,2928.677935,0.0,0.0,2928.677935,0.0,0.0
2035-09-22,10,0,reserve,system,2985.276158,0.0,0.0,2985.276158,0.0,0.0
2035-09-22,11,0,reserve,system,3060.257978,0.0,0.0,3060.257978,0.0,0.0
2035-09-22,12,0,reserve,system,3060.522999,0.0,0.0,3060.522999,0.0,0.0
2035-09-22,13,0,reserve,system,3087.787389,0.0,0.0,3087.787389,0.0,0.0
2035-09-22,14,0,reserve,system,3125.850882,0.0,0.0,3125.850882,0.0,0.0
2035-09-22,15,0,reserve,system,3150.695397,0.0,0.0,3150.695397,0.0,0.0
2035-09-22,16,0,reserve,system,3108.73698,0.0,0.0,3108.73698,0.0,0.0
2035-09-22,17,0,reserve,system,3112.307953,0.0,0.0,3112.307953,0.0,0.0
2035-09-22,18,0,reserve,system,3082.090119,0.0,0.0,3082.090119,0.0,0.0
2035-09-22,19,0,reserve,system,3041.740429,0.0,0.0,3041.740429,0.0,0.0
2035-09-22,20,0,reserve,system,3038.976753,0.0,0.0,3038.976753,0.0,0.0
2035-09-22,21,0,reserve,system,3012.592497,0.0,0.0,3012.592497,0.0,0.0
2035-09-22,22,0,reserve,system,2978.655753,0.0,0.0,2978.655753,0.0,0.0
2035-09-22,23,0,reserve,system,2897.423056,0.0,0.0,2897.423056,0.0,0.0
2035-09-23,0,0,reserve,system,2827.25982,0.0,0.0,2827.25982,0.0,0.0
2035-09-23,1,0,reserve,system,2787.68123,0.0,0.0,2787.68123,0.0,0.0
2035-09-23,2,0,reserve,system,2762.525661,0.0,0.0,2762.525661,0.0,0.0
2035-09-23,3,0,reserve,system,2772.556067,0.0,0.0,2772.556067,0.0,0.0
2035-09-23,4,0,reserve,system,2839.639819,0.0,0.0,2839.639819,0.0,0.0
2035-09-23,5,0,reserve,system,2916.97755,0.0,0.0,2916.97755,0.0,0.0
2035-09-23,6,0,reserve,system,2926.173689,0.0,0.0,2926.173689,0.0,0.0
2035-09-23,7,0,reserve,system,2970.382612,0.0,0.0,2970.382612,0.0,0.0
2035-09-23,8,0,reserve,system,3038.699449,0.0,0.0,3038.699449,0.0,0.0
2035-09-23,9,0,reserve,system,3096.645098,0.0,0.0,3096.645098,0.0,0.0
2035-09-23,10,0,reserve,system,3185.446481,0.0,0.0,3185.446481,0.0,0.0
2035-09-23,11,0,reserve,system,3263.697282,0.0,0.0,3263.697282,0.0,0.0
2035-09-23,12,0,reserve,system,3261.32074,0.0,0.0,3261.32074,0.0,0.0
2035-09-23,13,0,reserve,system,3246.545601,0.0,0.0,3246.545601,0.0,0.0
2035-09-23,14,0,reserve,system,3254.903527,0.0,0.0,3254.903527,0.0,0.0
2035-09-23,15,0,reserve,system,3275.161206,0.0,0.0,3275.161206,0.0,0.0
2035-09-23,16,0,reserve,system,3247.861341,0.0,0.0,3247.861341,0.0,0.0
2035-09-23,17,0,reserve,system,3256.500579,0.0,0.0,3256.500579,0.0,0.0
2035-09-23,18,0,reserve,system,3220.621678,0.0,0.0,3220.621678,0.0,0.0
2035-09-23,19,0,reserve,system,3155.122507,0.0,0.0,3155.122507,0.0,0.0
2035-09-23,20,0,reserve,system,3134.620995,0.0,0.0,3134.620995,0.0,0.0
2035-09-23,21,0,reserve,system,3081.675277,0.0,0.0,3081.675277,0.0,0.0
2035-09-23,22,0,reserve,system,3050.23148,0.0,0.0,3050.23148,0.0,0.0
2035-09-23,23,0,reserve,system,2954.553441,0.0,0.0,2954.553441,0.0,0.0
2035-09-24,0,0,reserve,system,2871.246338,0.0,0.0,2871.246338,0.0,0.0
2035-09-24,1,0,reserve,system,2815.123378,0.0,0.0,2815.123378,0.0,0.0
2035-09-24,2,0,reserve,system,2778.735939,0.0,0.0,2778.735939,0.0,0.0
2035-09-24,3,0,reserve,system,2772.480568,0.0,0.0,2772.480568,0.0,0.0
2035-09-24,4,0,reserve,system,2823.929521,0.0,0.0,2823.929521,0.0,0.0
2035-09-24,5,0,reserve,system,2904.795513,0.0,0.0,2904.795513,0.0,0.0
2035-09-24,6,0,reserve,system,2905.203499,0.0,0.0,2905.203499,0.0,0.0
2035-09-24,7,0,reserve,system,2948.388757,0.0,0.0,2948.388757,0.0,0.0
2035-09-24,8,0,reserve,system,3007.167823,0.0,0.0,3007.167823,0.0,0.0
2035-09-24,9,0,reserve,system,3054.765776,0.0,0.0,3054.765776,0.0,0.0
2035-09-24,10,0,reserve,system,3143.26525,0.0,0.0,3143.26525,0.0,0.0
2035-09-24,11,0,reserve,system,3234.49411,0.0,0.0,3234.49411,0.0,0.0
2035-09-24,12,0,reserve,system,3255.238547,0.0,0.0,3255.238547,0.0,0.0
2035-09-24,13,0,reserve,system,3259.054173,0.0,0.0,3259.054173,0.0,0.0
2035-09-24,14,0,reserve,system,3292.572214,0.0,0.0,3292.572214,0.0,0.0
2035-09-24,15,0,reserve,system,3327.549459,0.0,0.0,3327.549459,0.0,0.0
2035-09-24,16,0,reserve,system,3283.93248,0.0,0.0,3283.93248,0.0,0.0
2035-09-24,17,0,reserve,system,3261.965332,0.0,0.0,3261.965332,0.0,0.0
2035-09-24,18,0,reserve,system,3219.479593,0.0,0.0,3219.479593,0.0,0.0
2035-09-24,19,0,reserve,system,3177.315491,0.0,0.0,3177.315491,0.0,0.0
2035-09-24,20,0,reserve,system,3149.80363,0.0,0.0,3149.80363,0.0,0.0
2035-09-24,21,0,reserve,system,3110.855594,0.0,0.0,3110.855594,0.0,0.0
2035-09-24,22,0,reserve,system,3050.999367,0.0,0.0,3050.999367,0.0,0.0
2035-09-24,23,0,reserve,system,2949.226567,0.0,0.0,2949.226567,0.0,0.0
2035-09-25,0,0,reserve,system,2861.951967,0.0,0.0,2861.951967,0.0,0.0
2035-09-25,1,0,reserve,system,2816.25712,0.0,0.0,2816.25712,0.0,0.0
2035-09-25,2,0,reserve,system,2782.858936,0.0,0.0,2782.858936,0.0,0.0
2035-09-25,3,0,reserve,system,2799.451233,0.0,0.0,2799.451233,0.0,0.0
2035-09-25,4,0,reserve,system,2869.944878,0.0,0.0,2869.944878,0.0,0.0
2035-09-25,5,0,reserve,system,2935.047711,0.0,0.0,2935.047711,0.0,0.0
2035-09-25,6,0,reserve,system,2930.976566,0.0,0.0,2930.976566,0.0,0.0
2035-09-25,7,0,reserve,system,2977.732376,0.0,0.0,2977.732376,0.0,0.0
2035-09-25,8,0,reserve,system,3063.201044,0.0,0.0,3063.201044,0.0,0.0
2035-09-25,9,0,reserve,system,3121.323833,0.0,0.0,3121.323833,0.0,0.0
2035-09-25,10,0,reserve,system,3162.898448,0.0,0.0,3162.898448,0.0,0.0
2035-09-25,11,0,reserve,system,3231.206756,0.0,0.0,3231.206756,0.0,0.0
2035-09-25,12,0,reserve,system,3253.493736,0.0,0.0,3253.493736,0.0,0.0
2035-09-25,13,0,reserve,system,3286.917615,0.0,0.0,3286.917615,0.0,0.0
2035-09-25,14,0,reserve,system,3339.272886,0.0,0.0,3339.272886,0.0,0.0
2035-09-25,15,0,reserve,system,3394.499834,0.0,0.0,3394.499834,0.0,0.0
2035-09-25,16,0,reserve,system,3374.137018,0.0,0.0,3374.137018,0.0,0.0
2035-09-25,17,0,reserve,system,3379.80557,0.0,0.0,3379.80557,0.0,0.0
2035-09-25,18,0,reserve,system,3353.49097,0.0,0.0,3353.49097,0.0,0.0
2035-09-25,19,0,reserve,system,3289.875591,0.0,0.0,3289.875591,0.0,0.0
2035-09-25,20,0,reserve,system,3263.180606,0.0,0.0,3263.180606,0.0,0.0
2035-09-25,21,0,reserve,system,3233.190173,0.0,0.0,3233.190173,0.0,0.0
2035-09-25,22,0,reserve,system,3161.734096,0.0,0.0,3161.734096,0.0,0.0
2035-09-25,23,0,reserve,system,3046.557359,0.0,0.0,3046.557359,0.0,0.0
2035-09-26,0,0,reserve,system,2942.93624,0.0,0.0,2942.93624,0.0,0.0
2035-09-26,1,0,reserve,system,2890.085178,0.0,0.0,2890.085178,0.0,0.0
2035-09-26,2,0,reserve,system,2865.054895,0.0,0.0,2865.054895,0.0,0.0
2035-09-26,3,0,reserve,system,2854.274221,0.0,0.0,2854.274221,0.0,0.0
2035-09-26,4,0,reserve,system,2897.689644,0.0,0.0,2897.689644,0.0,0.0
2035-09-26,5,0,reserve,system,2977.692763,0.0,0.0,2977.692763,0.0,0.0
2035-09-26,6,0,reserve,system,2962.209954,0.0,0.0,2962.209954,0.0,0.0
2035-09-26,7,0,reserve,system,3013.829251,0.0,0.0,3013.829251,0.0,0.0
2035-09-26,8,0,reserve,system,3115.670033,0.0,0.0,3115.670033,0.0,0.0
2035-09-26,9,0,reserve,system,3200.909154,0.0,0.0,3200.909154,0.0,0.0
2035-09-26,10,0,reserve,system,3257.358536,0.0,0.0,3257.358536,0.0,0.0
2035-09-26,11,0,reserve,system,3343.810734,0.0,0.0,3343.810734,0.0,0.0
2035-09-26,12,0,reserve,system,3389.5857,0.0,0.0,3389.5857,0.0,0.0
2035-09-26,13,0,reserve,system,3429.661399,0.0,0.0,3429.661399,0.0,0.0
2035-09-26,14,0,reserve,system,3436.345704,0.0,0.0,3436.345704,0.0,0.0
2035-09-26,15,0,reserve,system,3432.661234,0.0,0.0,3432.661234,0.0,0.0
2035-09-26,16,0,reserve,system,3384.111298,0.0,0.0,3384.111298,0.0,0.0
2035-09-26,17,0,reserve,system,3381.691454,0.0,0.0,3381.691454,0.0,0.0
2035-09-26,18,0,reserve,system,3359.05641,0.0,0.0,3359.05641,0.0,0.0
2035-09-26,19,0,reserve,system,3301.050001,0.0,0.0,3301.050001,0.0,0.0
2035-09-26,20,0,reserve,system,3292.22326,0.0,0.0,3292.22326,0.0,0.0
2035-09-26,21,0,reserve,system,3218.217529,0.0,0.0,3218.217529,0.0,0.0
2035-09-26,22,0,reserve,system,3118.624599,0.0,0.0,3118.624599,0.0,0.0
2035-09-26,23,0,reserve,system,2995.892647,0.0,0.0,2995.892647,0.0,0.0
2035-09-27,0,0,reserve,system,2905.318518,0.0,0.0,2905.318518,0.0,0.0
2035-09-27,1,0,reserve,system,2866.533228,0.0,0.0,2866.533228,0.0,0.0
2035-09-27,2,0,reserve,system,2852.901603,0.0,0.0,2852.901603,0.0,0.0
2035-09-27,3,0,reserve,system,2903.740277,0.0,0.0,2903.740277,0.0,0.0
2035-09-27,4,0,reserve,system,3003.262714,0.0,0.0,3003.262714,0.0,0.0
2035-09-27,5,0,reserve,system,3128.022329,0.0,0.0,3128.022329,0.0,0.0
2035-09-27,6,0,reserve,system,3129.430959,0.0,0.0,3129.430959,0.0,0.0
2035-09-27,7,0,reserve,system,3136.380727,0.0,0.0,3136.380727,0.0,0.0
2035-09-27,8,0,reserve,system,3200.722921,0.0,0.0,3200.722921,0.0,0.0
2035-09-27,9,0,reserve,system,3250.335257,0.0,0.0,3250.335257,0.0,0.0
2035-09-27,10,0,reserve,system,3291.651458,0.0,0.0,3291.651458,0.0,0.0
2035-09-27,11,0,reserve,system,3308.60088,0.0,0.0,3308.60088,0.0,0.0
2035-09-27,12,0,reserve,system,3278.544806,0.0,0.0,3278.544806,0.0,0.0
2035-09-27,13,0,reserve,system,3252.223855,0.0,0.0,3252.223855,0.0,0.0
2035-09-27,14,0,reserve,system,3296.640434,0.0,0.0,3296.640434,0.0,0.0
2035-09-27,15,0,reserve,system,3336.252915,0.0,0.0,3336.252915,0.0,0.0
2035-09-27,16,0,reserve,system,3275.10546,0.0,0.0,3275.10546,0.0,0.0
2035-09-27,17,0,reserve,system,3273.272991,0.0,0.0,3273.272991,0.0,0.0
2035-09-27,18,0,reserve,system,3250.431113,0.0,0.0,3250.431113,0.0,0.0
2035-09-27,19,0,reserve,system,3213.102559,0.0,0.0,3213.102559,0.0,0.0
2035-09-27,20,0,reserve,system,3260.881794,0.0,0.0,3260.881794,0.0,0.0
2035-09-27,21,0,reserve,system,3265.988218,0.0,0.0,3265.988218,0.0,0.0
2035-09-27,22,0,reserve,system,3225.00964,0.0,0.0,3225.00964,0.0,0.0
2035-09-27,23,0,reserve,system,3136.846353,0.0,0.0,3136.846353,0.0,0.0
2035-09-28,0,0,reserve,system,3060.083576,0.0,0.0,3060.083576,0.0,0.0
2035-09-28,1,0,reserve,system,3044.648978,0.0,0.0,3044.648978,0.0,0.0
2035-09-28,2,0,reserve,system,3032.646137,0.0,0.0,3032.646137,0.0,0.0
2035-09-28,3,0,reserve,system,3056.887525,0.0,0.0,3056.887525,0.0,0.0
2035-09-28,4,0,reserve,system,3089.517872,0.0,0.0,3089.517872,0.0,0.0
2035-09-28,5,0,reserve,system,3087.478242,0.0,0.0,3087.478242,0.0,0.0
2035-09-28,6,0,reserve,system,3087.992238,0.0,0.0,3087.992238,0.0,0.0
2035-09-28,7,0,reserve,system,3118.666701,0.0,0.0,3118.666701,0.0,0.0
2035-09-28,8,0,reserve,system,3240.286052,0.0,0.0,3240.286052,0.0,0.0
2035-09-28,9,0,reserve,system,3314.555554,0.0,0.0,3314.555554,0.0,0.0
2035-09-28,10,0,reserve,system,3374.90757,0.0,0.0,3374.907571,0.0,0.0
2035-09-28,11,0,reserve,system,3411.956345,0.0,0.0,3411.956345,0.0,0.0
2035-09-28,12,0,reserve,system,3340.354664,0.0,0.0,3340.354664,0.0,0.0
2035-09-28,13,0,reserve,system,3288.346317,0.0,0.0,3288.346317,0.0,0.0
2035-09-28,14,0,reserve,system,3266.52631,0.0,0.0,3266.52631,0.0,0.0
2035-09-28,15,0,reserve,system,3246.121954,0.0,0.0,3246.121954,0.0,0.0
2035-09-28,16,0,reserve,system,3165.729164,0.0,0.0,3165.729164,0.0,0.0
2035-09-28,17,0,reserve,system,3146.967628,0.0,0.0,3146.967628,0.0,0.0
2035-09-28,18,0,reserve,system,3135.933755,0.0,0.0,3135.933755,0.0,0.0
2035-09-28,19,0,reserve,system,3102.424894,0.0,0.0,3102.424894,0.0,0.0
2035-09-28,20,0,reserve,system,3157.153856,0.0,0.0,3157.153856,0.0,0.0
2035-09-28,21,0,reserve,system,3198.979183,0.0,0.0,3198.979183,0.0,0.0
2035-09-28,22,0,reserve,system,3206.591836,0.0,0.0,3206.591836,0.0,0.0
2035-09-28,23,0,reserve,system,3181.485002,0.0,0.0,3181.485002,0.0,0.0
2035-09-29,0,0,reserve,system,3129.804815,0.0,0.0,3129.804815,0.0,0.0
2035-09-29,1,0,reserve,system,3123.218772,0.0,0.0,3123.218772,0.0,0.0
2035-09-29,2,0,reserve,system,3086.754193,0.0,0.0,3086.754193,0.0,0.0
2035-09-29,3,0,reserve,system,3038.488151,0.0,0.0,3038.488151,0.0,0.0
2035-09-29,4,0,reserve,system,2939.533073,0.0,0.0,2939.533073,0.0,0.0
2035-09-29,5,0,reserve,system,2836.096144,0.0,0.0,2836.096144,0.0,0.0
2035-09-29,6,0,reserve,system,2812.694745,0.0,0.0,2812.694745,0.0,0.0
2035-09-29,7,0,reserve,system,2925.74039,0.0,0.0,2925.74039,0.0,0.0
2035-09-29,8,0,reserve,system,3090.273751,0.0,0.0,3090.273751,0.0,0.0
2035-09-29,9,0,reserve,system,3208.64813,0.0,0.0,3208.64813,0.0,0.0
2035-09-29,10,0,reserve,system,3240.847816,0.0,0.0,3240.847816,0.0,0.0
2035-09-29,11,0,reserve,system,3293.531694,0.0,0.0,3293.531694,0.0,0.0
2035-09-29,12,0,reserve,system,3289.357089,0.0,0.0,3289.357089,0.0,0.0
2035-09-29,13,0,reserve,system,3261.856983,0.0,0.0,3261.856983,0.0,0.0
2035-09-29,14,0,reserve,system,3266.185869,0.0,0.0,3266.185869,0.0,0.0
2035-09-29,15,0,reserve,system,3258.887062,0.0,0.0,3258.887062,0.0,0.0
2035-09-29,16,0,reserve,system,3183.711988,0.0,0.0,3183.711988,0.0,0.0
2035-09-29,17,0,reserve,system,3175.5817,0.0,0.0,3175.5817,0.0,0.0
2035-09-29,18,0,reserve,system,3167.135844,0.0,0.0,3167.135844,0.0,0.0
2035-09-29,19,0,reserve,system,3127.615727,0.0,0.0,3127.615727,0.0,0.0
2035-09-29,20,0,reserve,system,3147.424264,0.0,0.0,3147.424264,0.0,0.0
2035-09-29,21,0,reserve,system,3167.158374,0.0,0.0,3167.158374,0.0,0.0
2035-09-29,22,0,reserve,system,3126.331913,0.0,0.0,3126.331913,0.0,0.0
2035-09-29,23,0,reserve,system,3034.458289,0.0,0.0,3034.458289,0.0,0.0
2035-09-30,0,0,reserve,system,2952.997411,0.0,0.0,2952.997411,0.0,0.0
2035-09-30,1,0,reserve,system,2942.299766,0.0,0.0,2942.299766,0.0,0.0
2035-09-30,2,0,reserve,system,2942.785882,0.0,0.0,2942.785882,0.0,0.0
2035-09-30,3,0,reserve,system,2950.594704,0.0,0.0,2950.594704,0.0,0.0
2035-09-30,4,0,reserve,system,2964.303106,0.0,0.0,2964.303106,0.0,0.0
2035-09-30,5,0,reserve,system,3054.529333,0.0,0.0,3054.529333,0.0,0.0
2035-09-30,6,0,reserve,system,3088.425853,0.0,0.0,3088.425853,0.0,0.0
2035-09-30,7,0,reserve,system,3137.851912,0.0,0.0,3137.851912,0.0,0.0
2035-09-30,8,0,reserve,system,3215.401832,0.0,0.0,3215.401832,0.0,0.0
2035-09-30,9,0,reserve,system,3279.466079,0.0,0.0,3279.466079,0.0,0.0
2035-09-30,10,0,reserve,system,3325.047871,0.0,0.0,3325.047871,0.0,0.0
2035-09-30,11,0,reserve,system,3370.225141,0.0,0.0,3370.225141,0.0,0.0
2035-09-30,12,0,reserve,system,3336.50832,0.0,0.0,3336.50832,0.0,0.0
2035-09-30,13,0,reserve,system,3296.19698,0.0,0.0,3296.19698,0.0,0.0
2035-09-30,14,0,reserve,system,3290.24484,0.0,0.0,3290.24484,0.0,0.0
2035-09-30,15,0,reserve,system,3313.502027,0.0,0.0,3313.502027,0.0,0.0
2035-09-30,16,0,reserve,system,3278.137073,0.0,0.0,3278.137073,0.0,0.0
2035-09-30,17,0,reserve,system,3286.351204,0.0,0.0,3286.351204,0.0,0.0
2035-09-30,18,0,reserve,system,3306.338293,0.0,0.0,3306.338293,0.0,0.0
2035-09-30,19,0,reserve,system,3278.48431,0.0,0.0,3278.48431,0.0,0.0
2035-09-30,20,0,reserve,system,3305.782828,0.0,0.0,3305.782828,0.0,0.0
2035-09-30,21,0,reserve,system,3280.771843,0.0,0.0,3280.771843,0.0,0.0
2035-09-30,22,0,reserve,system,3229.53438,0.0,0.0,3229.53438,0.0,0.0
2035-09-30,23,0,reserve,system,3181.126457,0.0,0.0,3181.126457,0.0,0.0
2035-10-01,0,0,reserve,system,3124.535607,0.0,0.0,3124.535607,0.0,0.0
2035-10-01,1,0,reserve,system,3089.959186,0.0,0.0,3089.959186,0.0,0.0
2035-10-01,2,0,reserve,system,3056.827692,0.0,0.0,3056.827692,0.0,0.0
2035-10-01,3,0,reserve,system,3051.437474,0.0,0.0,3051.437474,0.0,0.0
2035-10-01,4,0,reserve,system,3067.397399,0.0,0.0,3067.397399,0.0,0.0
2035-10-01,5,0,reserve,system,3104.455498,0.0,0.0,3104.455498,0.0,0.0
2035-10-01,6,0,reserve,system,3077.5591,0.0,0.0,3077.5591,0.0,0.0
2035-10-01,7,0,reserve,system,3113.706843,0.0,0.0,3113.706843,0.0,0.0
2035-10-01,8,0,reserve,system,3192.861105,0.0,0.0,3192.861105,0.0,0.0
2035-10-01,9,0,reserve,system,3258.999387,0.0,0.0,3258.999387,0.0,0.0
2035-10-01,10,0,reserve,system,3348.354633,0.0,0.0,3348.354633,0.0,0.0
2035-10-01,11,0,reserve,system,3383.348117,0.0,0.0,3383.348117,0.0,0.0
2035-10-01,12,0,reserve,system,3386.871767,0.0,0.0,3386.871767,0.0,0.0
2035-10-01,13,0,reserve,system,3382.573766,0.0,0.0,3382.573766,0.0,0.0
2035-10-01,14,0,reserve,system,3382.362632,0.0,0.0,3382.362632,0.0,0.0
2035-10-01,15,0,reserve,system,3393.067121,0.0,0.0,3393.067121,0.0,0.0
2035-10-01,16,0,reserve,system,3394.816084,0.0,0.0,3394.816084,0.0,0.0
2035-10-01,17,0,reserve,system,3396.704174,0.0,0.0,3396.704174,0.0,0.0
2035-10-01,18,0,reserve,system,3395.625811,0.0,0.0,3395.625811,0.0,0.0
2035-10-01,19,0,reserve,system,3389.149347,0.0,0.0,3389.149347,0.0,0.0
2035-10-01,20,0,reserve,system,3341.683535,0.0,0.0,3341.683536,0.0,0.0
2035-10-01,21,0,reserve,system,3256.420187,0.0,0.0,3256.420187,0.0,0.0
2035-10-01,22,0,reserve,system,3190.771766,0.0,0.0,3190.771766,0.0,0.0
2035-10-01,23,0,reserve,system,3110.150553,0.0,0.0,3110.150553,0.0,0.0
2035-10-02,0,0,reserve,system,3039.877851,0.0,0.0,3039.877851,0.0,0.0
2035-10-02,1,0,reserve,system,3015.077827,0.0,0.0,3015.077827,0.0,0.0
2035-10-02,2,0,reserve,system,2980.359586,0.0,0.0,2980.359586,0.0,0.0
2035-10-02,3,0,reserve,system,2994.523386,0.0,0.0,2994.523386,0.0,0.0
2035-10-02,4,0,reserve,system,3030.263542,0.0,0.0,3030.263542,0.0,0.0
2035-10-02,5,0,reserve,system,3081.498982,0.0,0.0,3081.498982,0.0,0.0
2035-10-02,6,0,reserve,system,3044.787667,0.0,0.0,3044.787667,0.0,0.0
2035-10-02,7,0,reserve,system,3081.959787,0.0,0.0,3081.959787,0.0,0.0
2035-10-02,8,0,reserve,system,3154.768041,0.0,0.0,3154.768041,0.0,0.0
2035-10-02,9,0,reserve,system,3233.932494,0.0,0.0,3233.932494,0.0,0.0
2035-10-02,10,0,reserve,system,3290.557974,0.0,0.0,3290.557974,0.0,0.0
2035-10-02,11,0,reserve,system,3325.703818,0.0,0.0,3325.703818,0.0,0.0
2035-10-02,12,0,reserve,system,3348.127963,0.0,0.0,3348.127963,0.0,0.0
2035-10-02,13,0,reserve,system,3389.090707,0.0,0.0,3389.090707,0.0,0.0
2035-10-02,14,0,reserve,system,3397.853601,0.0,0.0,3397.853601,0.0,0.0
2035-10-02,15,0,reserve,system,3439.027023,0.0,0.0,3439.027023,0.0,0.0
2035-10-02,16,0,reserve,system,3450.300513,0.0,0.0,3450.300513,0.0,0.0
2035-10-02,17,0,reserve,system,3440.977463,0.0,0.0,3440.977463,0.0,0.0
2035-10-02,18,0,reserve,system,3423.35877,0.0,0.0,3423.35877,0.0,0.0
2035-10-02,19,0,reserve,system,3374.67329,0.0,0.0,3374.67329,0.0,0.0
2035-10-02,20,0,reserve,system,3299.893064,0.0,0.0,3299.893064,0.0,0.0
2035-10-02,21,0,reserve,system,3188.709094,0.0,0.0,3188.709094,0.0,0.0
2035-10-02,22,0,reserve,system,3107.632658,0.0,0.0,3107.632658,0.0,0.0
2035-10-02,23,0,reserve,system,3011.945936,0.0,0.0,3011.945936,0.0,0.0
2035-10-03,0,0,reserve,system,2933.639526,0.0,0.0,2933.639526,0.0,0.0
2035-10-03,1,0,reserve,system,2899.944722,0.0,0.0,2899.944722,0.0,0.0
2035-10-03,2,0,reserve,system,2869.623998,0.0,0.0,2869.623998,0.0,0.0
2035-10-03,3,0,reserve,system,2881.767957,0.0,0.0,2881.767957,0.0,0.0
2035-10-03,4,0,reserve,system,2933.445448,0.0,0.0,2933.445448,0.0,0.0
2035-10-03,5,0,reserve,system,2983.80764,0.0,0.0,2983.80764,0.0,0.0
2035-10-03,6,0,reserve,system,2951.059138,0.0,0.0,2951.059138,0.0,0.0
2035-10-03,7,0,reserve,system,2992.343887,0.0,0.0,2992.343887,0.0,0.0
2035-10-03,8,0,reserve,system,3084.923365,0.0,0.0,3084.923365,0.0,0.0
2035-10-03,9,0,reserve,system,3144.580286,0.0,0.0,3144.580286,0.0,0.0
2035-10-03,10,0,reserve,system,3195.581483,0.0,0.0,3195.581483,0.0,0.0
2035-10-03,11,0,reserve,system,3234.002476,0.0,0.0,3234.002476,0.0,0.0
2035-10-03,12,0,reserve,system,3244.474507,0.0,0.0,3244.474507,0.0,0.0
2035-10-03,13,0,reserve,system,3275.399104,0.0,0.0,3275.399104,0.0,0.0
2035-10-03,14,0,reserve,system,3280.082402,0.0,0.0,3280.082402,0.0,0.0
2035-10-03,15,0,reserve,system,3291.074446,0.0,0.0,3291.074446,0.0,0.0
2035-10-03,16,0,reserve,system,3304.142161,0.0,0.0,3304.142161,0.0,0.0
2035-10-03,17,0,reserve,system,3329.249576,0.0,0.0,3329.249576,0.0,0.0
2035-10-03,18,0,reserve,system,3329.898803,0.0,0.0,3329.898803,0.0,0.0
2035-10-03,19,0,reserve,system,3283.538954,0.0,0.0,3283.538954,0.0,0.0
2035-10-03,20,0,reserve,system,3219.497947,0.0,0.0,3219.497947,0.0,0.0
2035-10-03,21,0,reserve,system,3084.492895,0.0,0.0,3084.492895,0.0,0.0
2035-10-03,22,0,reserve,system,2944.556434,0.0,0.0,2944.556434,0.0,0.0
2035-10-03,23,0,reserve,system,2837.042786,0.0,0.0,2837.042786,0.0,0.0
2035-10-04,0,0,reserve,system,2774.938774,0.0,0.0,2774.938774,0.0,0.0
2035-10-04,1,0,reserve,system,2724.529902,0.0,0.0,2724.529902,0.0,0.0
2035-10-04,2,0,reserve,system,2698.084382,0.0,0.0,2698.084382,0.0,0.0
2035-10-04,3,0,reserve,system,2729.5201,0.0,0.0,2729.5201,0.0,0.0
2035-10-04,4,0,reserve,system,2844.903267,0.0,0.0,2844.903267,0.0,0.0
2035-10-04,5,0,reserve,system,3010.196586,0.0,0.0,3010.196586,0.0,0.0
2035-10-04,6,0,reserve,system,3029.974001,0.0,0.0,3029.974001,0.0,0.0
2035-10-04,7,0,reserve,system,3016.444142,0.0,0.0,3016.444142,0.0,0.0
2035-10-04,8,0,reserve,system,2981.726938,0.0,0.0,2981.726938,0.0,0.0
2035-10-04,9,0,reserve,system,2974.86461,0.0,0.0,2974.86461,0.0,0.0
2035-10-04,10,0,reserve,system,2990.752523,0.0,0.0,2990.752523,0.0,0.0
2035-10-04,11,0,reserve,system,3038.969672,0.0,0.0,3038.969672,0.0,0.0
2035-10-04,12,0,reserve,system,3114.338193,0.0,0.0,3114.338193,0.0,0.0
2035-10-04,13,0,reserve,system,3177.605936,0.0,0.0,3177.605936,0.0,0.0
2035-10-04,14,0,reserve,system,3232.309655,0.0,0.0,3232.309655,0.0,0.0
2035-10-04,15,0,reserve,system,3280.324554,0.0,0.0,3280.324554,0.0,0.0
2035-10-04,16,0,reserve,system,3306.991952,0.0,0.0,3306.991952,0.0,0.0
2035-10-04,17,0,reserve,system,3304.546298,0.0,0.0,3304.546298,0.0,0.0
2035-10-04,18,0,reserve,system,3256.087707,0.0,0.0,3256.087707,0.0,0.0
2035-10-04,19,0,reserve,system,3201.238923,0.0,0.0,3201.238923,0.0,0.0
2035-10-04,20,0,reserve,system,3141.466578,0.0,0.0,3141.466578,0.0,0.0
2035-10-04,21,0,reserve,system,3050.339315,0.0,0.0,3050.339315,0.0,0.0
2035-10-04,22,0,reserve,system,2956.984115,0.0,0.0,2956.984115,0.0,0.0
2035-10-04,23,0,reserve,system,2874.561034,0.0,0.0,2874.561034,0.0,0.0
2035-10-05,0,0,reserve,system,2790.783155,0.0,0.0,2790.783155,0.0,0.0
2035-10-05,1,0,reserve,system,2742.704554,0.0,0.0,2742.704554,0.0,0.0
2035-10-05,2,0,reserve,system,2694.666179,0.0,0.0,2694.666179,0.0,0.0
2035-10-05,3,0,reserve,system,2689.983263,0.0,0.0,2689.983263,0.0,0.0
2035-10-05,4,0,reserve,system,2718.722752,0.0,0.0,2718.722752,0.0,0.0
2035-10-05,5,0,reserve,system,2746.763291,0.0,0.0,2746.763291,0.0,0.0
2035-10-05,6,0,reserve,system,2745.681635,0.0,0.0,2745.681635,0.0,0.0
2035-10-05,7,0,reserve,system,2823.037145,0.0,0.0,2823.037145,0.0,0.0
2035-10-05,8,0,reserve,system,2918.965955,0.0,0.0,2918.965955,0.0,0.0
2035-10-05,9,0,reserve,system,2981.612613,0.0,0.0,2981.612613,0.0,0.0
2035-10-05,10,0,reserve,system,3064.746959,0.0,0.0,3064.746959,0.0,0.0
2035-10-05,11,0,reserve,system,3150.318474,0.0,0.0,3150.318474,0.0,0.0
2035-10-05,12,0,reserve,system,3213.544274,0.0,0.0,3213.544274,0.0,0.0
2035-10-05,13,0,reserve,system,3265.55382,0.0,0.0,3265.55382,0.0,0.0
2035-10-05,14,0,reserve,system,3286.579271,0.0,0.0,3286.579271,0.0,0.0
2035-10-05,15,0,reserve,system,3343.828759,0.0,0.0,3343.828759,0.0,0.0
2035-10-05,16,0,reserve,system,3388.852659,0.0,0.0,3388.852659,0.0,0.0
2035-10-05,17,0,reserve,system,3394.532364,0.0,0.0,3394.532364,0.0,0.0
2035-10-05,18,0,reserve,system,3315.712651,0.0,0.0,3315.712651,0.0,0.0
2035-10-05,19,0,reserve,system,3211.752334,0.0,0.0,3211.752334,0.0,0.0
2035-10-05,20,0,reserve,system,3117.817256,0.0,0.0,3117.817256,0.0,0.0
2035-10-05,21,0,reserve,system,3039.222844,0.0,0.0,3039.222843,0.0,0.0
2035-10-05,22,0,reserve,system,2970.674926,0.0,0.0,2970.674927,0.0,0.0
2035-10-05,23,0,reserve,system,2869.954477,0.0,0.0,2869.954477,0.0,0.0
2035-10-06,0,0,reserve,system,2779.27446,0.0,0.0,2779.27446,0.0,0.0
2035-10-06,1,0,reserve,system,2711.817975,0.0,0.0,2711.817975,0.0,0.0
2035-10-06,2,0,reserve,system,2642.15863,0.0,0.0,2642.15863,0.0,0.0
2035-10-06,3,0,reserve,system,2598.230959,0.0,0.0,2598.230959,0.0,0.0
2035-10-06,4,0,reserve,system,2542.579908,0.0,0.0,2542.579908,0.0,0.0
2035-10-06,5,0,reserve,system,2415.282468,0.0,0.0,2415.282468,0.0,0.0
2035-10-06,6,0,reserve,system,2365.598641,0.0,0.0,2365.598641,0.0,0.0
2035-10-06,7,0,reserve,system,2491.517544,0.0,0.0,2491.517544,0.0,0.0
2035-10-06,8,0,reserve,system,2676.577417,0.0,0.0,2676.577417,0.0,0.0
2035-10-06,9,0,reserve,system,2823.719635,0.0,0.0,2823.719635,0.0,0.0
2035-10-06,10,0,reserve,system,2924.76138,0.0,0.0,2924.76138,0.0,0.0
2035-10-06,11,0,reserve,system,3071.39543,0.0,0.0,3071.39543,0.0,0.0
2035-10-06,12,0,reserve,system,3188.231672,0.0,0.0,3188.231672,0.0,0.0
2035-10-06,13,0,reserve,system,3285.095072,0.0,0.0,3285.095072,0.0,0.0
2035-10-06,14,0,reserve,system,3343.101051,0.0,0.0,3343.101051,0.0,0.0
2035-10-06,15,0,reserve,system,3382.739922,0.0,0.0,3382.739922,0.0,0.0
2035-10-06,16,0,reserve,system,3372.910494,0.0,0.0,3372.910494,0.0,0.0
2035-10-06,17,0,reserve,system,3338.196564,0.0,0.0,3338.196564,0.0,0.0
2035-10-06,18,0,reserve,system,3291.399668,0.0,0.0,3291.399668,0.0,0.0
2035-10-06,19,0,reserve,system,3191.090406,0.0,0.0,3191.090406,0.0,0.0
2035-10-06,20,0,reserve,system,3075.360681,0.0,0.0,3075.360681,0.0,0.0
2035-10-06,21,0,reserve,system,2953.49696,0.0,0.0,2953.49696,0.0,0.0
2035-10-06,22,0,reserve,system,2822.280649,0.0,0.0,2822.280649,0.0,0.0
2035-10-06,23,0,reserve,system,2671.898433,0.0,0.0,2671.898433,0.0,0.0
2035-10-07,0,0,reserve,system,2596.215668,0.0,0.0,2596.215668,0.0,0.0
2035-10-07,1,0,reserve,system,2545.218449,0.0,0.0,2545.218449,0.0,0.0
2035-10-07,2,0,reserve,system,2507.689945,0.0,0.0,2507.689945,0.0,0.0
2035-10-07,3,0,reserve,system,2497.418968,0.0,0.0,2497.418968,0.0,0.0
2035-10-07,4,0,reserve,system,2544.616726,0.0,0.0,2544.616726,0.0,0.0
2035-10-07,5,0,reserve,system,2609.978121,0.0,0.0,2609.978121,0.0,0.0
2035-10-07,6,0,reserve,system,2602.476535,0.0,0.0,2602.476535,0.0,0.0
2035-10-07,7,0,reserve,system,2620.638487,0.0,0.0,2620.638487,0.0,0.0
2035-10-07,8,0,reserve,system,2659.514539,0.0,0.0,2659.514539,0.0,0.0
2035-10-07,9,0,reserve,system,2668.511259,0.0,0.0,2668.511259,0.0,0.0
2035-10-07,10,0,reserve,system,2665.590336,0.0,0.0,2665.590336,0.0,0.0
2035-10-07,11,0,reserve,system,2659.813497,0.0,0.0,2659.813497,0.0,0.0
2035-10-07,12,0,reserve,system,2700.720661,0.0,0.0,2700.720661,0.0,0.0
2035-10-07,13,0,reserve,system,2732.934985,0.0,0.0,2732.934985,0.0,0.0
2035-10-07,14,0,reserve,system,2783.285948,0.0,0.0,2783.285948,0.0,0.0
2035-10-07,15,0,reserve,system,2842.46784,0.0,0.0,2842.46784,0.0,0.0
2035-10-07,16,0,reserve,system,2890.401156,0.0,0.0,2890.401156,0.0,0.0
2035-10-07,17,0,reserve,system,2911.010359,0.0,0.0,2911.010359,0.0,0.0
2035-10-07,18,0,reserve,system,2927.00899,0.0,0.0,2927.00899,0.0,0.0
2035-10-07,19,0,reserve,system,2887.86438,0.0,0.0,2887.86438,0.0,0.0
2035-10-07,20,0,reserve,system,2810.983577,0.0,0.0,2810.983577,0.0,0.0
2035-10-07,21,0,reserve,system,2705.881518,0.0,0.0,2705.881518,0.0,0.0
2035-10-07,22,0,reserve,system,2599.794332,0.0,0.0,2599.794332,0.0,0.0
2035-10-07,23,0,reserve,system,2501.195924,0.0,0.0,2501.195924,0.0,0.0
2035-10-08,0,0,reserve,system,2437.441808,0.0,0.0,2437.441808,0.0,0.0
2035-10-08,1,0,reserve,system,2401.165996,0.0,0.0,2401.165996,0.0,0.0
2035-10-08,2,0,reserve,system,2382.625772,0.0,0.0,2382.625772,0.0,0.0
2035-10-08,3,0,reserve,system,2390.663575,0.0,0.0,2390.663575,0.0,0.0
2035-10-08,4,0,reserve,system,2443.595367,0.0,0.0,2443.595367,0.0,0.0
2035-10-08,5,0,reserve,system,2524.299965,0.0,0.0,2524.299965,0.0,0.0
2035-10-08,6,0,reserve,system,2541.699321,0.0,0.0,2541.699321,0.0,0.0
2035-10-08,7,0,reserve,system,2562.03406,0.0,0.0,2562.03406,0.0,0.0
2035-10-08,8,0,reserve,system,2586.090839,0.0,0.0,2586.090839,0.0,0.0
2035-10-08,9,0,reserve,system,2602.602298,0.0,0.0,2602.602298,0.0,0.0
2035-10-08,10,0,reserve,system,2660.38647,0.0,0.0,2660.38647,0.0,0.0
2035-10-08,11,0,reserve,system,2679.20499,0.0,0.0,2679.20499,0.0,0.0
2035-10-08,12,0,reserve,system,2740.663207,0.0,0.0,2740.663207,0.0,0.0
2035-10-08,13,0,reserve,system,2791.566792,0.0,0.0,2791.566792,0.0,0.0
2035-10-08,14,0,reserve,system,2849.178253,0.0,0.0,2849.178253,0.0,0.0
2035-10-08,15,0,reserve,system,2912.302705,0.0,0.0,2912.302705,0.0,0.0
2035-10-08,16,0,reserve,system,2946.23483,0.0,0.0,2946.23483,0.0,0.0
2035-10-08,17,0,reserve,system,2930.160082,0.0,0.0,2930.160082,0.0,0.0
2035-10-08,18,0,reserve,system,2938.372233,0.0,0.0,2938.372233,0.0,0.0
2035-10-08,19,0,reserve,system,2892.411248,0.0,0.0,2892.411248,0.0,0.0
2035-10-08,20,0,reserve,system,2799.396958,0.0,0.0,2799.396958,0.0,0.0
2035-10-08,21,0,reserve,system,2711.534769,0.0,0.0,2711.534769,0.0,0.0
2035-10-08,22,0,reserve,system,2621.104627,0.0,0.0,2621.104627,0.0,0.0
2035-10-08,23,0,reserve,system,2536.839281,0.0,0.0,2536.839281,0.0,0.0
2035-10-09,0,0,reserve,system,2491.46225,0.0,0.0,2491.46225,0.0,0.0
2035-10-09,1,0,reserve,system,2481.118626,0.0,0.0,2481.118626,0.0,0.0
2035-10-09,2,0,reserve,system,2484.888873,0.0,0.0,2484.888873,0.0,0.0
2035-10-09,3,0,reserve,system,2524.759228,0.0,0.0,2524.759228,0.0,0.0
2035-10-09,4,0,reserve,system,2604.116793,0.0,0.0,2604.116793,0.0,0.0
2035-10-09,5,0,reserve,system,2696.22694,0.0,0.0,2696.22694,0.0,0.0
2035-10-09,6,0,reserve,system,2723.248964,0.0,0.0,2723.248964,0.0,0.0
2035-10-09,7,0,reserve,system,2758.802193,0.0,0.0,2758.802193,0.0,0.0
2035-10-09,8,0,reserve,system,2813.236433,0.0,0.0,2813.236433,0.0,0.0
2035-10-09,9,0,reserve,system,2882.771297,0.0,0.0,2882.771297,0.0,0.0
2035-10-09,10,0,reserve,system,2945.105022,0.0,0.0,2945.105022,0.0,0.0
2035-10-09,11,0,reserve,system,3042.359862,0.0,0.0,3042.359862,0.0,0.0
2035-10-09,12,0,reserve,system,3142.602483,0.0,0.0,3142.602483,0.0,0.0
2035-10-09,13,0,reserve,system,3217.29072,0.0,0.0,3217.29072,0.0,0.0
2035-10-09,14,0,reserve,system,3269.856419,0.0,0.0,3269.856419,0.0,0.0
2035-10-09,15,0,reserve,system,3307.646201,0.0,0.0,3307.646201,0.0,0.0
2035-10-09,16,0,reserve,system,3331.076738,0.0,0.0,3331.076738,0.0,0.0
2035-10-09,17,0,reserve,system,3344.663925,0.0,0.0,3344.663925,0.0,0.0
2035-10-09,18,0,reserve,system,3354.050829,0.0,0.0,3354.050829,0.0,0.0
2035-10-09,19,0,reserve,system,3319.502155,0.0,0.0,3319.502155,0.0,0.0
2035-10-09,20,0,reserve,system,3236.33813,0.0,0.0,3236.33813,0.0,0.0
2035-10-09,21,0,reserve,system,3154.163376,0.0,0.0,3154.163376,0.0,0.0
2035-10-09,22,0,reserve,system,3094.354209,0.0,0.0,3094.354209,0.0,0.0
2035-10-09,23,0,reserve,system,2997.580911,0.0,0.0,2997.580911,467.839452,5.0
2035-10-10,0,0,reserve,system,2953.366154,0.0,0.0,2953.366154,0.0,0.0
2035-10-10,1,0,reserve,system,2944.564304,0.0,0.0,2944.564304,0.0,0.0
2035-10-10,2,0,reserve,system,2931.241798,0.0,0.0,2931.241798,0.0,0.0
2035-10-10,3,0,reserve,system,2971.332395,0.0,0.0,2971.332395,0.0,0.0
2035-10-10,4,0,reserve,system,3046.469985,0.0,0.0,3046.469985,0.0,0.0
2035-10-10,5,0,reserve,system,3124.975198,0.0,0.0,3124.975198,0.0,0.0
2035-10-10,6,0,reserve,system,3122.200705,0.0,0.0,3122.200706,0.0,0.0
2035-10-10,7,0,reserve,system,3135.690327,0.0,0.0,3135.690327,0.0,0.0
2035-10-10,8,0,reserve,system,3173.885476,0.0,0.0,3173.885476,0.0,0.0
2035-10-10,9,0,reserve,system,3181.773651,0.0,0.0,3181.773651,0.0,0.0
2035-10-10,10,0,reserve,system,3196.235011,0.0,0.0,3196.235011,0.0,0.0
2035-10-10,11,0,reserve,system,3219.235213,0.0,0.0,3219.235213,0.0,0.0
2035-10-10,12,0,reserve,system,3244.25073,0.0,0.0,3244.25073,0.0,0.0
2035-10-10,13,0,reserve,system,3272.401524,0.0,0.0,3272.401524,0.0,0.0
2035-10-10,14,0,reserve,system,3303.476341,0.0,0.0,3303.476341,0.0,0.0
2035-10-10,15,0,reserve,system,3355.110229,0.0,0.0,3355.110229,0.0,0.0
2035-10-10,16,0,reserve,system,3404.555525,0.0,0.0,3404.555525,0.0,0.0
2035-10-10,17,0,reserve,system,3461.978018,0.0,0.0,3461.978018,0.0,0.0
2035-10-10,18,0,reserve,system,3484.494688,0.0,0.0,3484.494688,0.0,0.0
2035-10-10,19,0,reserve,system,3419.106855,0.0,0.0,3419.106855,0.0,0.0
2035-10-10,20,0,reserve,system,3259.112173,0.0,0.0,3259.112174,0.0,0.0
2035-10-10,21,0,reserve,system,3073.238446,0.0,0.0,3073.238446,0.0,0.0
2035-10-10,22,0,reserve,system,2932.197742,0.0,0.0,2932.197742,0.0,0.0
2035-10-10,23,0,reserve,system,2812.433546,0.0,0.0,2812.433546,0.0,0.0
2035-10-11,0,0,reserve,system,2723.114263,0.0,0.0,2723.114263,0.0,0.0
2035-10-11,1,0,reserve,system,2679.956478,0.0,0.0,2679.956478,0.0,0.0
2035-10-11,2,0,reserve,system,2640.611695,0.0,0.0,2640.611695,0.0,0.0
2035-10-11,3,0,reserve,system,2638.420973,0.0,0.0,2638.420973,0.0,0.0
2035-10-11,4,0,reserve,system,2695.791776,0.0,0.0,2695.791776,0.0,0.0
2035-10-11,5,0,reserve,system,2791.482474,0.0,0.0,2791.482474,0.0,0.0
2035-10-11,6,0,reserve,system,2794.301312,0.0,0.0,2794.301312,0.0,0.0
2035-10-11,7,0,reserve,system,2764.916997,0.0,0.0,2764.916997,0.0,0.0
2035-10-11,8,0,reserve,system,2676.408478,0.0,0.0,2676.408478,0.0,0.0
2035-10-11,9,0,reserve,system,2544.585697,0.0,0.0,2544.585697,0.0,0.0
2035-10-11,10,0,reserve,system,2404.281091,0.0,0.0,2404.281091,0.0,0.0
2035-10-11,11,0,reserve,system,2281.280871,0.0,0.0,2281.280871,0.0,0.0
2035-10-11,12,0,reserve,system,2210.076923,0.0,0.0,2210.076923,0.0,0.0
2035-10-11,13,0,reserve,system,2143.716762,0.0,0.0,2143.716762,0.0,0.0
2035-10-11,14,0,reserve,system,2084.980458,0.0,0.0,2084.980458,0.0,0.0
2035-10-11,15,0,reserve,system,2064.349578,0.0,0.0,2064.349578,0.0,0.0
2035-10-11,16,0,reserve,system,2084.593641,0.0,0.0,2084.593641,0.0,0.0
2035-10-11,17,0,reserve,system,2153.559617,0.0,0.0,2153.559617,0.0,0.0
2035-10-11,18,0,reserve,system,2232.697161,0.0,0.0,2232.697161,0.0,0.0
2035-10-11,19,0,reserve,system,2251.773673,0.0,0.0,2251.773673,0.0,0.0
2035-10-11,20,0,reserve,system,2227.890028,0.0,0.0,2227.890028,0.0,0.0
2035-10-11,21,0,reserve,system,2206.912545,0.0,0.0,2206.912545,0.0,0.0
2035-10-11,22,0,reserve,system,2170.510564,0.0,0.0,2170.510564,0.0,0.0
2035-10-11,23,0,reserve,system,2137.461003,0.0,0.0,2137.461003,0.0,0.0
2035-10-12,0,0,reserve,system,2123.851637,0.0,0.0,2123.851637,0.0,0.0
2035-10-12,1,0,reserve,system,2137.928211,0.0,0.0,2137.928211,0.0,0.0
2035-10-12,2,0,reserve,system,2160.10359,0.0,0.0,2160.10359,0.0,0.0
2035-10-12,3,0,reserve,system,2204.621996,0.0,0.0,2204.621996,0.0,0.0
2035-10-12,4,0,reserve,system,2275.021916,0.0,0.0,2275.021917,0.0,0.0
2035-10-12,5,0,reserve,system,2355.336421,0.0,0.0,2355.336421,0.0,0.0
2035-10-12,6,0,reserve,system,2422.47505,0.0,0.0,2422.47505,0.0,0.0
2035-10-12,7,0,reserve,system,2466.245836,0.0,0.0,2466.245836,0.0,0.0
2035-10-12,8,0,reserve,system,2427.485554,0.0,0.0,2427.485554,0.0,0.0
2035-10-12,9,0,reserve,system,2334.004161,0.0,0.0,2334.004161,0.0,0.0
2035-10-12,10,0,reserve,system,2219.868922,0.0,0.0,2219.868922,0.0,0.0
2035-10-12,11,0,reserve,system,2115.357368,0.0,0.0,2115.357368,0.0,0.0
2035-10-12,12,0,reserve,system,2035.190423,0.0,0.0,2035.190423,0.0,0.0
2035-10-12,13,0,reserve,system,1984.338856,0.0,0.0,1984.338856,0.0,0.0
2035-10-12,14,0,reserve,system,1982.350884,0.0,0.0,1982.350884,0.0,0.0
2035-10-12,15,0,reserve,system,1998.675152,0.0,0.0,1998.675152,0.0,0.0
2035-10-12,16,0,reserve,system,2045.800026,0.0,0.0,2045.800026,0.0,0.0
2035-10-12,17,0,reserve,system,2096.278434,0.0,0.0,2096.278434,0.0,0.0
2035-10-12,18,0,reserve,system,2149.855203,0.0,0.0,2149.855202,0.0,0.0
2035-10-12,19,0,reserve,system,2161.178971,0.0,0.0,2161.178971,0.0,0.0
2035-10-12,20,0,reserve,system,2149.908055,0.0,0.0,2149.908055,0.0,0.0
2035-10-12,21,0,reserve,system,2138.137972,0.0,0.0,2138.137972,0.0,0.0
2035-10-12,22,0,reserve,system,2128.090192,0.0,0.0,2128.090192,0.0,0.0
2035-10-12,23,0,reserve,system,2090.557298,0.0,0.0,2090.557298,0.0,0.0
2035-10-13,0,0,reserve,system,2068.303986,0.0,0.0,2068.303986,0.0,0.0
2035-10-13,1,0,reserve,system,2057.679898,0.0,0.0,2057.679898,0.0,0.0
2035-10-13,2,0,reserve,system,2047.599438,0.0,0.0,2047.599438,0.0,0.0
2035-10-13,3,0,reserve,system,2048.967674,0.0,0.0,2048.967674,0.0,0.0
2035-10-13,4,0,reserve,system,2049.724833,0.0,0.0,2049.724833,0.0,0.0
2035-10-13,5,0,reserve,system,2009.922279,0.0,0.0,2009.922279,0.0,0.0
2035-10-13,6,0,reserve,system,2006.485066,0.0,0.0,2006.485066,0.0,0.0
2035-10-13,7,0,reserve,system,2062.430092,0.0,0.0,2062.430092,0.0,0.0
2035-10-13,8,0,reserve,system,2099.738853,0.0,0.0,2099.738853,0.0,0.0
2035-10-13,9,0,reserve,system,2100.094039,0.0,0.0,2100.094039,0.0,0.0
2035-10-13,10,0,reserve,system,2059.139847,0.0,0.0,2059.139847,0.0,0.0
2035-10-13,11,0,reserve,system,2052.072876,0.0,0.0,2052.072876,0.0,0.0
2035-10-13,12,0,reserve,system,2048.275774,0.0,0.0,2048.275774,0.0,0.0
2035-10-13,13,0,reserve,system,2076.605096,0.0,0.0,2076.605096,0.0,0.0
2035-10-13,14,0,reserve,system,2135.51402,0.0,0.0,2135.51402,0.0,0.0
2035-10-13,15,0,reserve,system,2191.845234,0.0,0.0,2191.845234,0.0,0.0
2035-10-13,16,0,reserve,system,2252.232435,0.0,0.0,2252.232435,0.0,0.0
2035-10-13,17,0,reserve,system,2315.256067,0.0,0.0,2315.256067,0.0,0.0
2035-10-13,18,0,reserve,system,2370.2837,0.0,0.0,2370.2837,0.0,0.0
2035-10-13,19,0,reserve,system,2373.328959,0.0,0.0,2373.328959,0.0,0.0
2035-10-13,20,0,reserve,system,2364.839954,0.0,0.0,2364.839954,0.0,0.0
2035-10-13,21,0,reserve,system,2329.248147,0.0,0.0,2329.248147,0.0,0.0
2035-10-13,22,0,reserve,system,2293.046909,0.0,0.0,2293.046909,0.0,0.0
2035-10-13,23,0,reserve,system,2250.675008,0.0,0.0,2250.675008,0.0,0.0
2035-10-14,0,0,reserve,system,2207.025045,0.0,0.0,2207.025045,0.0,0.0
2035-10-14,1,0,reserve,system,2186.217078,0.0,0.0,2186.217078,0.0,0.0
2035-10-14,2,0,reserve,system,2183.443161,0.0,0.0,2183.443161,0.0,0.0
2035-10-14,3,0,reserve,system,2204.376327,0.0,0.0,2204.376327,0.0,0.0
2035-10-14,4,0,reserve,system,2264.566184,0.0,0.0,2264.566184,0.0,0.0
2035-10-14,5,0,reserve,system,2305.228832,0.0,0.0,2305.228832,0.0,0.0
2035-10-14,6,0,reserve,system,2354.160479,0.0,0.0,2354.160479,0.0,0.0
2035-10-14,7,0,reserve,system,2413.063379,0.0,0.0,2413.063379,0.0,0.0
2035-10-14,8,0,reserve,system,2469.639405,0.0,0.0,2469.639405,0.0,0.0
2035-10-14,9,0,reserve,system,2508.036125,0.0,0.0,2508.036125,0.0,0.0
2035-10-14,10,0,reserve,system,2544.104707,0.0,0.0,2544.104707,0.0,0.0
2035-10-14,11,0,reserve,system,2575.250862,0.0,0.0,2575.250862,0.0,0.0
2035-10-14,12,0,reserve,system,2599.011421,0.0,0.0,2599.011421,0.0,0.0
2035-10-14,13,0,reserve,system,2629.103126,0.0,0.0,2629.103126,0.0,0.0
2035-10-14,14,0,reserve,system,2649.536272,0.0,0.0,2649.536272,0.0,0.0
2035-10-14,15,0,reserve,system,2706.56126,0.0,0.0,2706.56126,0.0,0.0
2035-10-14,16,0,reserve,system,2782.740248,0.0,0.0,2782.740248,0.0,0.0
2035-10-14,17,0,reserve,system,2857.2473,0.0,0.0,2857.2473,0.0,0.0
2035-10-14,18,0,reserve,system,2885.240325,0.0,0.0,2885.240325,0.0,0.0
2035-10-14,19,0,reserve,system,2852.829232,0.0,0.0,2852.829232,0.0,0.0
2035-10-14,20,0,reserve,system,2801.208342,0.0,0.0,2801.208342,0.0,0.0
2035-10-14,21,0,reserve,system,2717.4848,0.0,0.0,2717.4848,0.0,0.0
2035-10-14,22,0,reserve,system,2661.805858,0.0,0.0,2661.805858,0.0,0.0
2035-10-14,23,0,reserve,system,2609.227254,0.0,0.0,2609.227254,0.0,0.0
2035-10-15,0,0,reserve,system,2560.668605,0.0,0.0,2560.668606,0.0,0.0
2035-10-15,1,0,reserve,system,2536.530438,0.0,0.0,2536.530438,0.0,0.0
2035-10-15,2,0,reserve,system,2522.681548,0.0,0.0,2522.681548,0.0,0.0
2035-10-15,3,0,reserve,system,2544.201742,0.0,0.0,2544.201742,0.0,0.0
2035-10-15,4,0,reserve,system,2617.788776,0.0,0.0,2617.788776,0.0,0.0
2035-10-15,5,0,reserve,system,2702.397936,0.0,0.0,2702.397936,0.0,0.0
2035-10-15,6,0,reserve,system,2709.630455,0.0,0.0,2709.630455,0.0,0.0
2035-10-15,7,0,reserve,system,2742.260236,0.0,0.0,2742.260236,0.0,0.0
2035-10-15,8,0,reserve,system,2797.150911,0.0,0.0,2797.150911,0.0,0.0
2035-10-15,9,0,reserve,system,2889.404292,0.0,0.0,2889.404292,0.0,0.0
2035-10-15,10,0,reserve,system,3024.028488,0.0,0.0,3024.028488,0.0,0.0
2035-10-15,11,0,reserve,system,3132.420882,0.0,0.0,3132.420882,0.0,0.0
2035-10-15,12,0,reserve,system,3219.381035,0.0,0.0,3219.381035,0.0,0.0
2035-10-15,13,0,reserve,system,3293.190082,0.0,0.0,3293.190082,0.0,0.0
2035-10-15,14,0,reserve,system,3398.168977,0.0,0.0,3398.168977,0.0,0.0
2035-10-15,15,0,reserve,system,3496.926594,0.0,0.0,3496.926594,0.0,0.0
2035-10-15,16,0,reserve,system,3501.605989,0.0,0.0,3501.605989,0.0,0.0
2035-10-15,17,0,reserve,system,3413.08905,0.0,0.0,3413.08905,0.0,0.0
2035-10-15,18,0,reserve,system,3312.856778,0.0,0.0,3312.856778,0.0,0.0
2035-10-15,19,0,reserve,system,3228.463462,0.0,0.0,3228.463462,0.0,0.0
2035-10-15,20,0,reserve,system,3113.476327,0.0,0.0,3113.476327,0.0,0.0
2035-10-15,21,0,reserve,system,2981.439446,0.0,0.0,2981.439446,0.0,0.0
2035-10-15,22,0,reserve,system,2857.386327,0.0,0.0,2857.386327,0.0,0.0
2035-10-15,23,0,reserve,system,2695.450036,0.0,0.0,2695.450036,0.0,0.0
2035-10-16,0,0,reserve,system,2612.272331,0.0,0.0,2612.272331,0.0,0.0
2035-10-16,1,0,reserve,system,2562.221799,0.0,0.0,2562.221799,0.0,0.0
2035-10-16,2,0,reserve,system,2533.310474,0.0,0.0,2533.310474,0.0,0.0
2035-10-16,3,0,reserve,system,2541.390771,0.0,0.0,2541.390771,0.0,0.0
2035-10-16,4,0,reserve,system,2588.248446,0.0,0.0,2588.248446,0.0,0.0
2035-10-16,5,0,reserve,system,2647.364265,0.0,0.0,2647.364265,0.0,0.0
2035-10-16,6,0,reserve,system,2633.361318,0.0,0.0,2633.361318,0.0,0.0
2035-10-16,7,0,reserve,system,2645.19079,0.0,0.0,2645.19079,0.0,0.0
2035-10-16,8,0,reserve,system,2657.625675,0.0,0.0,2657.625675,0.0,0.0
2035-10-16,9,0,reserve,system,2656.173892,0.0,0.0,2656.173892,0.0,0.0
2035-10-16,10,0,reserve,system,2648.325055,0.0,0.0,2648.325055,0.0,0.0
2035-10-16,11,0,reserve,system,2630.341332,0.0,0.0,2630.341332,0.0,0.0
2035-10-16,12,0,reserve,system,2608.415932,0.0,0.0,2608.415932,0.0,0.0
2035-10-16,13,0,reserve,system,2580.415892,0.0,0.0,2580.415892,0.0,0.0
2035-10-16,14,0,reserve,system,2564.03556,0.0,0.0,2564.03556,0.0,0.0
2035-10-16,15,0,reserve,system,2577.941762,0.0,0.0,2577.941762,0.0,0.0
2035-10-16,16,0,reserve,system,2586.32576,0.0,0.0,2586.32576,0.0,0.0
2035-10-16,17,0,reserve,system,2591.533187,0.0,0.0,2591.533187,0.0,0.0
2035-10-16,18,0,reserve,system,2610.76796,0.0,0.0,2610.76796,0.0,0.0
2035-10-16,19,0,reserve,system,2584.481742,0.0,0.0,2584.481742,0.0,0.0
2035-10-16,20,0,reserve,system,2528.516633,0.0,0.0,2528.516633,0.0,0.0
2035-10-16,21,0,reserve,system,2436.55042,0.0,0.0,2436.55042,0.0,0.0
2035-10-16,22,0,reserve,system,2348.313928,0.0,0.0,2348.313928,0.0,0.0
2035-10-16,23,0,reserve,system,2249.525942,0.0,0.0,2249.525942,0.0,0.0
2035-10-17,0,0,reserve,system,2215.515168,0.0,0.0,2215.515168,0.0,0.0
2035-10-17,1,0,reserve,system,2205.483688,0.0,0.0,2205.483688,0.0,0.0
2035-10-17,2,0,reserve,system,2210.058331,0.0,0.0,2210.058331,0.0,0.0
2035-10-17,3,0,reserve,system,2250.319059,0.0,0.0,2250.319059,0.0,0.0
2035-10-17,4,0,reserve,system,2338.405014,0.0,0.0,2338.405014,0.0,0.0
2035-10-17,5,0,reserve,system,2456.082212,0.0,0.0,2456.082212,0.0,0.0
2035-10-17,6,0,reserve,system,2495.090099,0.0,0.0,2495.090099,0.0,0.0
2035-10-17,7,0,reserve,system,2504.413146,0.0,0.0,2504.413146,0.0,0.0
2035-10-17,8,0,reserve,system,2496.856901,0.0,0.0,2496.856901,0.0,0.0
2035-10-17,9,0,reserve,system,2458.85719,0.0,0.0,2458.85719,0.0,0.0
2035-10-17,10,0,reserve,system,2417.653661,0.0,0.0,2417.653661,0.0,0.0
2035-10-17,11,0,reserve,system,2397.45822,0.0,0.0,2397.45822,0.0,0.0
2035-10-17,12,0,reserve,system,2389.563323,0.0,0.0,2389.563323,0.0,0.0
2035-10-17,13,0,reserve,system,2396.572372,0.0,0.0,2396.572372,0.0,0.0
2035-10-17,14,0,reserve,system,2413.828526,0.0,0.0,2413.828526,0.0,0.0
2035-10-17,15,0,reserve,system,2446.971328,0.0,0.0,2446.971328,0.0,0.0
2035-10-17,16,0,reserve,system,2482.651214,0.0,0.0,2482.651214,0.0,0.0
2035-10-17,17,0,reserve,system,2527.036318,0.0,0.0,2527.036318,0.0,0.0
2035-10-17,18,0,reserve,system,2578.007374,0.0,0.0,2578.007374,0.0,0.0
2035-10-17,19,0,reserve,system,2586.544494,0.0,0.0,2586.544494,0.0,0.0
2035-10-17,20,0,reserve,system,2531.744425,0.0,0.0,2531.744425,0.0,0.0
2035-10-17,21,0,reserve,system,2443.584025,0.0,0.0,2443.584025,0.0,0.0
2035-10-17,22,0,reserve,system,2338.406983,0.0,0.0,2338.406983,0.0,0.0
2035-10-17,23,0,reserve,system,2284.442508,0.0,0.0,2284.442508,0.0,0.0
2035-10-18,0,0,reserve,system,2259.14628,0.0,0.0,2259.14628,0.0,0.0
2035-10-18,1,0,reserve,system,2257.654279,0.0,0.0,2257.654279,0.0,0.0
2035-10-18,2,0,reserve,system,2268.932325,0.0,0.0,2268.932325,0.0,0.0
2035-10-18,3,0,reserve,system,2335.628389,0.0,0.0,2335.628389,0.0,0.0
2035-10-18,4,0,reserve,system,2472.017665,0.0,0.0,2472.017665,0.0,0.0
2035-10-18,5,0,reserve,system,2657.308971,0.0,0.0,2657.308971,0.0,0.0
2035-10-18,6,0,reserve,system,2716.349706,0.0,0.0,2716.349706,0.0,0.0
2035-10-18,7,0,reserve,system,2659.212067,0.0,0.0,2659.212067,0.0,0.0
2035-10-18,8,0,reserve,system,2627.115364,0.0,0.0,2627.115364,0.0,0.0
2035-10-18,9,0,reserve,system,2612.838157,0.0,0.0,2612.838157,0.0,0.0
2035-10-18,10,0,reserve,system,2601.087501,0.0,0.0,2601.087501,0.0,0.0
2035-10-18,11,0,reserve,system,2603.825437,0.0,0.0,2603.825437,0.0,0.0
2035-10-18,12,0,reserve,system,2658.648175,0.0,0.0,2658.648175,0.0,0.0
2035-10-18,13,0,reserve,system,2698.6282,0.0,0.0,2698.6282,0.0,0.0
2035-10-18,14,0,reserve,system,2747.902642,0.0,0.0,2747.902642,0.0,0.0
2035-10-18,15,0,reserve,system,2813.395811,0.0,0.0,2813.395811,0.0,0.0
2035-10-18,16,0,reserve,system,2842.116579,0.0,0.0,2842.116579,0.0,0.0
2035-10-18,17,0,reserve,system,2828.385705,0.0,0.0,2828.385705,0.0,0.0
2035-10-18,18,0,reserve,system,2796.242804,0.0,0.0,2796.242804,0.0,0.0
2035-10-18,19,0,reserve,system,2762.044864,0.0,0.0,2762.044864,0.0,0.0
2035-10-18,20,0,reserve,system,2709.414155,0.0,0.0,2709.414155,0.0,0.0
2035-10-18,21,0,reserve,system,2641.081227,0.0,0.0,2641.081227,0.0,0.0
2035-10-18,22,0,reserve,system,2564.750129,0.0,0.0,2564.750129,0.0,0.0
2035-10-18,23,0,reserve,system,2492.616804,0.0,0.0,2492.616804,0.0,0.0
2035-10-19,0,0,reserve,system,2444.528184,0.0,0.0,2444.528184,0.0,0.0
2035-10-19,1,0,reserve,system,2428.042161,0.0,0.0,2428.042161,0.0,0.0
2035-10-19,2,0,reserve,system,2414.718525,0.0,0.0,2414.718525,0.0,0.0
2035-10-19,3,0,reserve,system,2439.966827,0.0,0.0,2439.966827,0.0,0.0
2035-10-19,4,0,reserve,system,2491.74821,0.0,0.0,2491.74821,0.0,0.0
2035-10-19,5,0,reserve,system,2552.834864,0.0,0.0,2552.834864,0.0,0.0
2035-10-19,6,0,reserve,system,2608.959456,0.0,0.0,2608.959456,0.0,0.0
2035-10-19,7,0,reserve,system,2656.435079,0.0,0.0,2656.435079,0.0,0.0
2035-10-19,8,0,reserve,system,2718.889118,0.0,0.0,2718.889118,0.0,0.0
2035-10-19,9,0,reserve,system,2813.416724,0.0,0.0,2813.416724,0.0,0.0
2035-10-19,10,0,reserve,system,2890.707059,0.0,0.0,2890.707059,0.0,0.0
2035-10-19,11,0,reserve,system,2989.226644,0.0,0.0,2989.226644,0.0,0.0
2035-10-19,12,0,reserve,system,3078.111395,0.0,0.0,3078.111395,0.0,0.0
2035-10-19,13,0,reserve,system,3130.744158,0.0,0.0,3130.744158,0.0,0.0
2035-10-19,14,0,reserve,system,3186.098938,0.0,0.0,3186.098938,0.0,0.0
2035-10-19,15,0,reserve,system,3219.443392,0.0,0.0,3219.443392,0.0,0.0
2035-10-19,16,0,reserve,system,3201.49564,0.0,0.0,3201.49564,0.0,0.0
2035-10-19,17,0,reserve,system,3131.756673,0.0,0.0,3131.756673,0.0,0.0
2035-10-19,18,0,reserve,system,3020.644295,0.0,0.0,3020.644295,0.0,0.0
2035-10-19,19,0,reserve,system,2919.328027,0.0,0.0,2919.328027,0.0,0.0
2035-10-19,20,0,reserve,system,2850.294727,0.0,0.0,2850.294727,0.0,0.0
2035-10-19,21,0,reserve,system,2798.83163,0.0,0.0,2798.83163,0.0,0.0
2035-10-19,22,0,reserve,system,2746.608493,0.0,0.0,2746.608493,0.0,0.0
2035-10-19,23,0,reserve,system,2673.139681,0.0,0.0,2673.139681,0.0,0.0
2035-10-20,0,0,reserve,system,2598.512403,0.0,0.0,2598.512403,0.0,0.0
2035-10-20,1,0,reserve,system,2554.412267,0.0,0.0,2554.412267,0.0,0.0
2035-10-20,2,0,reserve,system,2510.29592,0.0,0.0,2510.29592,0.0,0.0
2035-10-20,3,0,reserve,system,2488.194915,0.0,0.0,2488.194915,0.0,0.0
2035-10-20,4,0,reserve,system,2436.820909,0.0,0.0,2436.820909,0.0,0.0
2035-10-20,5,0,reserve,system,2346.082418,0.0,0.0,2346.082418,0.0,0.0
2035-10-20,6,0,reserve,system,2349.221565,0.0,0.0,2349.221565,0.0,0.0
2035-10-20,7,0,reserve,system,2447.266268,0.0,0.0,2447.266268,0.0,0.0
2035-10-20,8,0,reserve,system,2538.97427,0.0,0.0,2538.97427,0.0,0.0
2035-10-20,9,0,reserve,system,2611.033781,0.0,0.0,2611.033781,0.0,0.0
2035-10-20,10,0,reserve,system,2648.894266,0.0,0.0,2648.894266,0.0,0.0
2035-10-20,11,0,reserve,system,2717.239618,0.0,0.0,2717.239618,0.0,0.0
2035-10-20,12,0,reserve,system,2783.421529,0.0,0.0,2783.421529,0.0,0.0
2035-10-20,13,0,reserve,system,2853.239673,0.0,0.0,2853.239673,0.0,0.0
2035-10-20,14,0,reserve,system,2930.537684,0.0,0.0,2930.537684,0.0,0.0
2035-10-20,15,0,reserve,system,3002.570959,0.0,0.0,3002.570959,0.0,0.0
2035-10-20,16,0,reserve,system,3049.546619,0.0,0.0,3049.546619,0.0,0.0
2035-10-20,17,0,reserve,system,3089.231449,0.0,0.0,3089.231449,0.0,0.0
2035-10-20,18,0,reserve,system,3127.075119,0.0,0.0,3127.075119,0.0,0.0
2035-10-20,19,0,reserve,system,3086.055346,0.0,0.0,3086.055346,0.0,0.0
2035-10-20,20,0,reserve,system,2986.612534,0.0,0.0,2986.612534,0.0,0.0
2035-10-20,21,0,reserve,system,2942.559421,0.0,0.0,2942.559421,0.0,0.0
2035-10-20,22,0,reserve,system,2902.801902,0.0,0.0,2902.801902,0.0,0.0
2035-10-20,23,0,reserve,system,2832.575495,0.0,0.0,2832.575495,0.0,0.0
2035-10-21,0,0,reserve,system,2744.640852,0.0,0.0,2744.640852,0.0,0.0
2035-10-21,1,0,reserve,system,2684.017805,0.0,0.0,2684.017805,0.0,0.0
2035-10-21,2,0,reserve,system,2613.471151,0.0,0.0,2613.471151,0.0,0.0
2035-10-21,3,0,reserve,system,2558.193818,0.0,0.0,2558.193818,0.0,0.0
2035-10-21,4,0,reserve,system,2557.383255,0.0,0.0,2557.383255,0.0,0.0
2035-10-21,5,0,reserve,system,2619.201063,0.0,0.0,2619.201063,0.0,0.0
2035-10-21,6,0,reserve,system,2605.690567,0.0,0.0,2605.690567,0.0,0.0
2035-10-21,7,0,reserve,system,2603.450592,0.0,0.0,2603.450592,0.0,0.0
2035-10-21,8,0,reserve,system,2567.553269,0.0,0.0,2567.553269,0.0,0.0
2035-10-21,9,0,reserve,system,2511.268517,0.0,0.0,2511.268517,0.0,0.0
2035-10-21,10,0,reserve,system,2456.191983,0.0,0.0,2456.191983,0.0,0.0
2035-10-21,11,0,reserve,system,2424.188911,0.0,0.0,2424.188911,0.0,0.0
2035-10-21,12,0,reserve,system,2446.058054,0.0,0.0,2446.058054,0.0,0.0
2035-10-21,13,0,reserve,system,2470.229106,0.0,0.0,2470.229106,0.0,0.0
2035-10-21,14,0,reserve,system,2514.220645,0.0,0.0,2514.220645,0.0,0.0
2035-10-21,15,0,reserve,system,2567.553794,0.0,0.0,2567.553794,0.0,0.0
2035-10-21,16,0,reserve,system,2604.463831,0.0,0.0,2604.463831,0.0,0.0
2035-10-21,17,0,reserve,system,2626.213764,0.0,0.0,2626.213764,0.0,0.0
2035-10-21,18,0,reserve,system,2623.78812,0.0,0.0,2623.78812,0.0,0.0
2035-10-21,19,0,reserve,system,2570.386363,0.0,0.0,2570.386363,0.0,0.0
2035-10-21,20,0,reserve,system,2479.006533,0.0,0.0,2479.006533,0.0,0.0
2035-10-21,21,0,reserve,system,2396.580783,0.0,0.0,2396.580783,0.0,0.0
2035-10-21,22,0,reserve,system,2303.062516,0.0,0.0,2303.062516,0.0,0.0
2035-10-21,23,0,reserve,system,2221.613642,0.0,0.0,2221.613642,0.0,0.0
2035-10-22,0,0,reserve,system,2178.483629,0.0,0.0,2178.483629,0.0,0.0
2035-10-22,1,0,reserve,system,2157.675553,0.0,0.0,2157.675553,0.0,0.0
2035-10-22,2,0,reserve,system,2152.597567,0.0,0.0,2152.597567,0.0,0.0
2035-10-22,3,0,reserve,system,2184.158981,0.0,0.0,2184.158981,0.0,0.0
2035-10-22,4,0,reserve,system,2246.820092,0.0,0.0,2246.820092,0.0,0.0
2035-10-22,5,0,reserve,system,2378.744084,0.0,0.0,2378.744084,0.0,0.0
2035-10-22,6,0,reserve,system,2409.445115,0.0,0.0,2409.445115,0.0,0.0
2035-10-22,7,0,reserve,system,2403.103507,0.0,0.0,2403.103507,0.0,0.0
2035-10-22,8,0,reserve,system,2381.794939,0.0,0.0,2381.794939,0.0,0.0
2035-10-22,9,0,reserve,system,2352.642503,0.0,0.0,2352.642503,0.0,0.0
2035-10-22,10,0,reserve,system,2342.825772,0.0,0.0,2342.825772,0.0,0.0
2035-10-22,11,0,reserve,system,2337.08732,0.0,0.0,2337.08732,0.0,0.0
2035-10-22,12,0,reserve,system,2365.787062,0.0,0.0,2365.787062,0.0,0.0
2035-10-22,13,0,reserve,system,2406.048165,0.0,0.0,2406.048165,0.0,0.0
2035-10-22,14,0,reserve,system,2462.724324,0.0,0.0,2462.724324,0.0,0.0
2035-10-22,15,0,reserve,system,2557.751502,0.0,0.0,2557.751502,0.0,0.0
2035-10-22,16,0,reserve,system,2633.584144,0.0,0.0,2633.584144,0.0,0.0
2035-10-22,17,0,reserve,system,2636.220776,0.0,0.0,2636.220776,0.0,0.0
2035-10-22,18,0,reserve,system,2638.86848,0.0,0.0,2638.86848,0.0,0.0
2035-10-22,19,0,reserve,system,2603.319696,0.0,0.0,2603.319696,0.0,0.0
2035-10-22,20,0,reserve,system,2539.05209,0.0,0.0,2539.05209,0.0,0.0
2035-10-22,21,0,reserve,system,2458.496142,0.0,0.0,2458.496142,0.0,0.0
2035-10-22,22,0,reserve,system,2379.479095,0.0,0.0,2379.479095,0.0,0.0
2035-10-22,23,0,reserve,system,2288.180352,0.0,0.0,2288.180352,0.0,0.0
2035-10-23,0,0,reserve,system,2245.987548,0.0,0.0,2245.987548,0.0,0.0
2035-10-23,1,0,reserve,system,2223.474132,0.0,0.0,2223.474132,0.0,0.0
2035-10-23,2,0,reserve,system,2226.662127,0.0,0.0,2226.662127,0.0,0.0
2035-10-23,3,0,reserve,system,2269.301594,0.0,0.0,2269.301594,0.0,0.0
2035-10-23,4,0,reserve,system,2348.781583,0.0,0.0,2348.781583,0.0,0.0
2035-10-23,5,0,reserve,system,2461.121651,0.0,0.0,2461.121651,0.0,0.0
2035-10-23,6,0,reserve,system,2464.709822,0.0,0.0,2464.709822,0.0,0.0
2035-10-23,7,0,reserve,system,2490.514215,0.0,0.0,2490.514215,0.0,0.0
2035-10-23,8,0,reserve,system,2528.514058,0.0,0.0,2528.514058,0.0,0.0
2035-10-23,9,0,reserve,system,2564.280281,0.0,0.0,2564.280281,0.0,0.0
2035-10-23,10,0,reserve,system,2590.291132,0.0,0.0,2590.291132,0.0,0.0
2035-10-23,11,0,reserve,system,2627.504222,0.0,0.0,2627.504222,0.0,0.0
2035-10-23,12,0,reserve,system,2665.474682,0.0,0.0,2665.474682,0.0,0.0
2035-10-23,13,0,reserve,system,2706.015597,0.0,0.0,2706.015597,0.0,0.0
2035-10-23,14,0,reserve,system,2779.873764,0.0,0.0,2779.873764,0.0,0.0
2035-10-23,15,0,reserve,system,2884.134479,0.0,0.0,2884.134479,0.0,0.0
2035-10-23,16,0,reserve,system,2938.043272,0.0,0.0,2938.043272,0.0,0.0
2035-10-23,17,0,reserve,system,2940.751681,0.0,0.0,2940.751681,0.0,0.0
2035-10-23,18,0,reserve,system,2920.18874,0.0,0.0,2920.18874,0.0,0.0
2035-10-23,19,0,reserve,system,2873.623384,0.0,0.0,2873.623384,0.0,0.0
2035-10-23,20,0,reserve,system,2799.38986,0.0,0.0,2799.38986,0.0,0.0
2035-10-23,21,0,reserve,system,2705.486577,0.0,0.0,2705.486577,0.0,0.0
2035-10-23,22,0,reserve,system,2593.918867,0.0,0.0,2593.918867,0.0,0.0
2035-10-23,23,0,reserve,system,2504.688247,0.0,0.0,2504.688247,0.0,0.0
2035-10-24,0,0,reserve,system,2424.537119,0.0,0.0,2424.537119,0.0,0.0
2035-10-24,1,0,reserve,system,2394.790162,0.0,0.0,2394.790162,0.0,0.0
2035-10-24,2,0,reserve,system,2373.920413,0.0,0.0,2373.920413,0.0,0.0
2035-10-24,3,0,reserve,system,2391.247329,0.0,0.0,2391.247329,0.0,0.0
2035-10-24,4,0,reserve,system,2454.381479,0.0,0.0,2454.381479,0.0,0.0
2035-10-24,5,0,reserve,system,2538.196864,0.0,0.0,2538.196864,0.0,0.0
2035-10-24,6,0,reserve,system,2547.969812,0.0,0.0,2547.969812,0.0,0.0
2035-10-24,7,0,reserve,system,2595.435024,0.0,0.0,2595.435024,0.0,0.0
2035-10-24,8,0,reserve,system,2668.995164,0.0,0.0,2668.995164,0.0,0.0
2035-10-24,9,0,reserve,system,2742.963132,0.0,0.0,2742.963132,0.0,0.0
2035-10-24,10,0,reserve,system,2837.656953,0.0,0.0,2837.656953,0.0,0.0
2035-10-24,11,0,reserve,system,2898.333007,0.0,0.0,2898.333007,0.0,0.0
2035-10-24,12,0,reserve,system,2941.165112,0.0,0.0,2941.165112,0.0,0.0
2035-10-24,13,0,reserve,system,2956.896943,0.0,0.0,2956.896943,0.0,0.0
2035-10-24,14,0,reserve,system,2951.333859,0.0,0.0,2951.333859,0.0,0.0
2035-10-24,15,0,reserve,system,2971.132996,0.0,0.0,2971.132996,0.0,0.0
2035-10-24,16,0,reserve,system,2971.582075,0.0,0.0,2971.582075,0.0,0.0
2035-10-24,17,0,reserve,system,2979.884334,0.0,0.0,2979.884334,0.0,0.0
2035-10-24,18,0,reserve,system,2947.215654,0.0,0.0,2947.215654,0.0,0.0
2035-10-24,19,0,reserve,system,2881.299886,0.0,0.0,2881.299886,0.0,0.0
2035-10-24,20,0,reserve,system,2780.044696,0.0,0.0,2780.044696,0.0,0.0
2035-10-24,21,0,reserve,system,2634.886247,0.0,0.0,2634.886247,0.0,0.0
2035-10-24,22,0,reserve,system,2501.71993,0.0,0.0,2501.71993,0.0,0.0
2035-10-24,23,0,reserve,system,2450.591038,0.0,0.0,2450.591038,0.0,0.0
2035-10-25,0,0,reserve,system,2403.007018,0.0,0.0,2403.007018,0.0,0.0
2035-10-25,1,0,reserve,system,2382.404435,0.0,0.0,2382.404435,0.0,0.0
2035-10-25,2,0,reserve,system,2372.860639,0.0,0.0,2372.860639,0.0,0.0
2035-10-25,3,0,reserve,system,2418.024367,0.0,0.0,2418.024367,0.0,0.0
2035-10-25,4,0,reserve,system,2566.725283,0.0,0.0,2566.725283,0.0,0.0
2035-10-25,5,0,reserve,system,2781.783729,0.0,0.0,2781.783729,0.0,0.0
2035-10-25,6,0,reserve,system,2858.856762,0.0,0.0,2858.856762,0.0,0.0
2035-10-25,7,0,reserve,system,2830.879321,0.0,0.0,2830.879321,0.0,0.0
2035-10-25,8,0,reserve,system,2793.022478,0.0,0.0,2793.022478,0.0,0.0
2035-10-25,9,0,reserve,system,2749.864965,0.0,0.0,2749.864965,0.0,0.0
2035-10-25,10,0,reserve,system,2691.149063,0.0,0.0,2691.149063,0.0,0.0
2035-10-25,11,0,reserve,system,2623.272434,0.0,0.0,2623.272434,0.0,0.0
2035-10-25,12,0,reserve,system,2557.786161,0.0,0.0,2557.786161,0.0,0.0
2035-10-25,13,0,reserve,system,2486.128545,0.0,0.0,2486.128545,0.0,0.0
2035-10-25,14,0,reserve,system,2419.607403,0.0,0.0,2419.607403,0.0,0.0
2035-10-25,15,0,reserve,system,2402.296436,0.0,0.0,2402.296436,0.0,0.0
2035-10-25,16,0,reserve,system,2428.002899,0.0,0.0,2428.002899,0.0,0.0
2035-10-25,17,0,reserve,system,2516.084539,0.0,0.0,2516.084539,0.0,0.0
2035-10-25,18,0,reserve,system,2573.667431,0.0,0.0,2573.667431,0.0,0.0
2035-10-25,19,0,reserve,system,2577.877781,0.0,0.0,2577.877781,0.0,0.0
2035-10-25,20,0,reserve,system,2563.452153,0.0,0.0,2563.452153,0.0,0.0
2035-10-25,21,0,reserve,system,2533.508046,0.0,0.0,2533.508046,0.0,0.0
2035-10-25,22,0,reserve,system,2491.939769,0.0,0.0,2491.939769,0.0,0.0
2035-10-25,23,0,reserve,system,2426.702576,0.0,0.0,2426.702576,0.0,0.0
2035-10-26,0,0,reserve,system,2410.441303,0.0,0.0,2410.441303,0.0,0.0
2035-10-26,1,0,reserve,system,2413.99981,0.0,0.0,2413.99981,0.0,0.0
2035-10-26,2,0,reserve,system,2436.133655,0.0,0.0,2436.133655,0.0,0.0
2035-10-26,3,0,reserve,system,2484.891864,0.0,0.0,2484.891864,0.0,0.0
2035-10-26,4,0,reserve,system,2558.081872,0.0,0.0,2558.081872,0.0,0.0
2035-10-26,5,0,reserve,system,2646.492402,0.0,0.0,2646.492402,0.0,0.0
2035-10-26,6,0,reserve,system,2722.549912,0.0,0.0,2722.549912,0.0,0.0
2035-10-26,7,0,reserve,system,2740.658076,0.0,0.0,2740.658076,0.0,0.0
2035-10-26,8,0,reserve,system,2653.036487,0.0,0.0,2653.036487,0.0,0.0
2035-10-26,9,0,reserve,system,2524.647876,0.0,0.0,2524.647876,0.0,0.0
2035-10-26,10,0,reserve,system,2343.30693,0.0,0.0,2343.30693,0.0,0.0
2035-10-26,11,0,reserve,system,2197.964106,0.0,0.0,2197.964106,0.0,0.0
2035-10-26,12,0,reserve,system,2094.739859,0.0,0.0,2094.739859,0.0,0.0
2035-10-26,13,0,reserve,system,2024.807021,0.0,0.0,2024.807021,0.0,0.0
2035-10-26,14,0,reserve,system,1997.791535,0.0,0.0,1997.791535,0.0,0.0
2035-10-26,15,0,reserve,system,2019.975914,0.0,0.0,2019.975914,0.0,0.0
2035-10-26,16,0,reserve,system,2063.874196,0.0,0.0,2063.874196,0.0,0.0
2035-10-26,17,0,reserve,system,2142.049314,0.0,0.0,2142.049314,0.0,0.0
2035-10-26,18,0,reserve,system,2223.581119,0.0,0.0,2223.581119,0.0,0.0
2035-10-26,19,0,reserve,system,2235.745267,0.0,0.0,2235.745267,0.0,0.0
2035-10-26,20,0,reserve,system,2239.302761,0.0,0.0,2239.302761,0.0,0.0
2035-10-26,21,0,reserve,system,2254.701131,0.0,0.0,2254.701131,0.0,0.0
2035-10-26,22,0,reserve,system,2254.5328,0.0,0.0,2254.5328,0.0,0.0
2035-10-26,23,0,reserve,system,2252.291765,0.0,0.0,2252.291765,0.0,0.0
2035-10-27,0,0,reserve,system,2242.822789,0.0,0.0,2242.822789,0.0,0.0
2035-10-27,1,0,reserve,system,2256.997945,0.0,0.0,2256.997945,0.0,0.0
2035-10-27,2,0,reserve,system,2261.578289,0.0,0.0,2261.578289,0.0,0.0
2035-10-27,3,0,reserve,system,2278.657267,0.0,0.0,2278.657267,0.0,0.0
2035-10-27,4,0,reserve,system,2267.375947,0.0,0.0,2267.375947,0.0,0.0
2035-10-27,5,0,reserve,system,2235.167426,0.0,0.0,2235.167426,0.0,0.0
2035-10-27,6,0,reserve,system,2258.885848,0.0,0.0,2258.885848,0.0,0.0
2035-10-27,7,0,reserve,system,2358.366673,0.0,0.0,2358.366673,0.0,0.0
2035-10-27,8,0,reserve,system,2359.30946,0.0,0.0,2359.30946,0.0,0.0
2035-10-27,9,0,reserve,system,2276.515165,0.0,0.0,2276.515165,0.0,0.0
2035-10-27,10,0,reserve,system,2174.124002,0.0,0.0,2174.124002,0.0,0.0
2035-10-27,11,0,reserve,system,2130.95189,0.0,0.0,2130.95189,0.0,0.0
2035-10-27,12,0,reserve,system,2123.989975,0.0,0.0,2123.989975,0.0,0.0
2035-10-27,13,0,reserve,system,2150.12941,0.0,0.0,2150.12941,0.0,0.0
2035-10-27,14,0,reserve,system,2202.465231,0.0,0.0,2202.465231,0.0,0.0
2035-10-27,15,0,reserve,system,2276.665111,0.0,0.0,2276.665111,0.0,0.0
2035-10-27,16,0,reserve,system,2369.428758,0.0,0.0,2369.428758,0.0,0.0
2035-10-27,17,0,reserve,system,2430.732986,0.0,0.0,2430.732986,0.0,0.0
2035-10-27,18,0,reserve,system,2482.402794,0.0,0.0,2482.402794,0.0,0.0
2035-10-27,19,0,reserve,system,2462.392092,0.0,0.0,2462.392092,0.0,0.0
2035-10-27,20,0,reserve,system,2426.278605,0.0,0.0,2426.278605,0.0,0.0
2035-10-27,21,0,reserve,system,2381.637429,0.0,0.0,2381.637429,0.0,0.0
2035-10-27,22,0,reserve,system,2296.88446,0.0,0.0,2296.88446,0.0,0.0
2035-10-27,23,0,reserve,system,2227.451013,0.0,0.0,2227.451013,0.0,0.0
2035-10-28,0,0,reserve,system,2173.298548,0.0,0.0,2173.298548,0.0,0.0
2035-10-28,1,0,reserve,system,2148.540134,0.0,0.0,2148.540134,0.0,0.0
2035-10-28,2,0,reserve,system,2146.975253,0.0,0.0,2146.975253,0.0,0.0
2035-10-28,3,0,reserve,system,2165.001351,0.0,0.0,2165.001351,0.0,0.0
2035-10-28,4,0,reserve,system,2231.425415,0.0,0.0,2231.425415,0.0,0.0
2035-10-28,5,0,reserve,system,2330.028083,0.0,0.0,2330.028083,0.0,0.0
2035-10-28,6,0,reserve,system,2373.120431,0.0,0.0,2373.120431,0.0,0.0
2035-10-28,7,0,reserve,system,2406.273694,0.0,0.0,2406.273694,0.0,0.0
2035-10-28,8,0,reserve,system,2436.519743,0.0,0.0,2436.519743,0.0,0.0
2035-10-28,9,0,reserve,system,2448.194084,0.0,0.0,2448.194084,0.0,0.0
2035-10-28,10,0,reserve,system,2427.250373,0.0,0.0,2427.250373,0.0,0.0
2035-10-28,11,0,reserve,system,2420.618709,0.0,0.0,2420.618709,0.0,0.0
2035-10-28,12,0,reserve,system,2434.423223,0.0,0.0,2434.423223,0.0,0.0
2035-10-28,13,0,reserve,system,2461.319866,0.0,0.0,2461.319866,0.0,0.0
2035-10-28,14,0,reserve,system,2496.318156,0.0,0.0,2496.318156,0.0,0.0
2035-10-28,15,0,reserve,system,2563.414522,0.0,0.0,2563.414522,0.0,0.0
2035-10-28,16,0,reserve,system,2647.928858,0.0,0.0,2647.928858,0.0,0.0
2035-10-28,17,0,reserve,system,2730.709546,0.0,0.0,2730.709546,0.0,0.0
2035-10-28,18,0,reserve,system,2748.047364,0.0,0.0,2748.047364,0.0,0.0
2035-10-28,19,0,reserve,system,2718.799238,0.0,0.0,2718.799238,0.0,0.0
2035-10-28,20,0,reserve,system,2677.539822,0.0,0.0,2677.539822,0.0,0.0
2035-10-28,21,0,reserve,system,2604.053583,0.0,0.0,2604.053583,0.0,0.0
2035-10-28,22,0,reserve,system,2505.966513,0.0,0.0,2505.966513,0.0,0.0
2035-10-28,23,0,reserve,system,2442.590501,0.0,0.0,2442.590501,0.0,0.0
2035-10-29,0,0,reserve,system,2401.793482,0.0,0.0,2401.793482,0.0,0.0
2035-10-29,1,0,reserve,system,2374.390581,0.0,0.0,2374.390581,0.0,0.0
2035-10-29,2,0,reserve,system,2357.667212,0.0,0.0,2357.667212,0.0,0.0
2035-10-29,3,0,reserve,system,2374.742283,0.0,0.0,2374.742283,0.0,0.0
2035-10-29,4,0,reserve,system,2425.796752,0.0,0.0,2425.796752,0.0,0.0
2035-10-29,5,0,reserve,system,2519.734005,0.0,0.0,2519.734005,0.0,0.0
2035-10-29,6,0,reserve,system,2553.630889,0.0,0.0,2553.630889,0.0,0.0
2035-10-29,7,0,reserve,system,2603.714783,0.0,0.0,2603.714783,0.0,0.0
2035-10-29,8,0,reserve,system,2634.418025,0.0,0.0,2634.418025,0.0,0.0
2035-10-29,9,0,reserve,system,2630.191456,0.0,0.0,2630.191456,0.0,0.0
2035-10-29,10,0,reserve,system,2621.756338,0.0,0.0,2621.756338,0.0,0.0
2035-10-29,11,0,reserve,system,2585.162727,0.0,0.0,2585.162727,0.0,0.0
2035-10-29,12,0,reserve,system,2547.973038,0.0,0.0,2547.973038,0.0,0.0
2035-10-29,13,0,reserve,system,2516.241635,0.0,0.0,2516.241635,0.0,0.0
2035-10-29,14,0,reserve,system,2511.310845,0.0,0.0,2511.310845,0.0,0.0
2035-10-29,15,0,reserve,system,2567.408328,0.0,0.0,2567.408328,0.0,0.0
2035-10-29,16,0,reserve,system,2660.884769,0.0,0.0,2660.884769,0.0,0.0
2035-10-29,17,0,reserve,system,2786.747891,0.0,0.0,2786.747891,0.0,0.0
2035-10-29,18,0,reserve,system,2827.992009,0.0,0.0,2827.992009,0.0,0.0
2035-10-29,19,0,reserve,system,2813.984201,0.0,0.0,2813.984201,0.0,0.0
2035-10-29,20,0,reserve,system,2770.691393,0.0,0.0,2770.691393,0.0,0.0
2035-10-29,21,0,reserve,system,2712.409146,0.0,0.0,2712.409146,0.0,0.0
2035-10-29,22,0,reserve,system,2653.735409,0.0,0.0,2653.735409,0.0,0.0
2035-10-29,23,0,reserve,system,2610.936039,0.0,0.0,2610.936039,0.0,0.0
2035-10-30,0,0,reserve,system,2587.554209,0.0,0.0,2587.554209,0.0,0.0
2035-10-30,1,0,reserve,system,2595.39047,0.0,0.0,2595.39047,0.0,0.0
2035-10-30,2,0,reserve,system,2606.746117,0.0,0.0,2606.746117,0.0,0.0
2035-10-30,3,0,reserve,system,2658.640852,0.0,0.0,2658.640852,0.0,0.0
2035-10-30,4,0,reserve,system,2747.046625,0.0,0.0,2747.046625,0.0,0.0
2035-10-30,5,0,reserve,system,2838.337236,0.0,0.0,2838.337236,0.0,0.0
2035-10-30,6,0,reserve,system,2851.08164,0.0,0.0,2851.08164,0.0,0.0
2035-10-30,7,0,reserve,system,2914.250706,0.0,0.0,2914.250706,0.0,0.0
2035-10-30,8,0,reserve,system,2921.781114,0.0,0.0,2921.781114,0.0,0.0
2035-10-30,9,0,reserve,system,2869.697607,0.0,0.0,2869.697607,0.0,0.0
2035-10-30,10,0,reserve,system,2802.60519,0.0,0.0,2802.60519,0.0,0.0
2035-10-30,11,0,reserve,system,2741.647629,0.0,0.0,2741.647629,0.0,0.0
2035-10-30,12,0,reserve,system,2676.442843,0.0,0.0,2676.442843,0.0,0.0
2035-10-30,13,0,reserve,system,2613.88404,0.0,0.0,2613.88404,0.0,0.0
2035-10-30,14,0,reserve,system,2610.565877,0.0,0.0,2610.565877,0.0,0.0
2035-10-30,15,0,reserve,system,2682.122193,0.0,0.0,2682.122193,0.0,0.0
2035-10-30,16,0,reserve,system,2776.288425,0.0,0.0,2776.288425,0.0,0.0
2035-10-30,17,0,reserve,system,2931.862096,0.0,0.0,2931.862096,0.0,0.0
2035-10-30,18,0,reserve,system,2967.195365,0.0,0.0,2967.195365,0.0,0.0
2035-10-30,19,0,reserve,system,2966.197005,0.0,0.0,2966.197005,0.0,0.0
2035-10-30,20,0,reserve,system,2953.569502,0.0,0.0,2953.569502,0.0,0.0
2035-10-30,21,0,reserve,system,2937.87816,0.0,0.0,2937.87816,0.0,0.0
2035-10-30,22,0,reserve,system,2912.586661,0.0,0.0,2912.586661,0.0,0.0
2035-10-30,23,0,reserve,system,2900.253079,0.0,0.0,2900.253079,0.0,0.0
2035-10-31,0,0,reserve,system,2938.247708,0.0,0.0,2938.247708,0.0,0.0
2035-10-31,1,0,reserve,system,3006.310482,0.0,0.0,3006.310482,0.0,0.0
2035-10-31,2,0,reserve,system,3080.545001,0.0,0.0,3080.545001,0.0,0.0
2035-10-31,3,0,reserve,system,3188.843007,0.0,0.0,3188.843007,0.0,0.0
2035-10-31,4,0,reserve,system,3344.231101,0.0,0.0,3344.231101,0.0,0.0
2035-10-31,5,0,reserve,system,3478.913855,0.0,0.0,3478.913855,0.0,0.0
2035-10-31,6,0,reserve,system,3495.135082,0.0,0.0,3495.135082,0.0,0.0
2035-10-31,7,0,reserve,system,3455.415152,0.0,0.0,3455.415152,0.0,0.0
2035-10-31,8,0,reserve,system,3311.811204,0.0,0.0,3311.811204,0.0,0.0
2035-10-31,9,0,reserve,system,3128.618211,0.0,0.0,3128.618211,0.0,0.0
2035-10-31,10,0,reserve,system,2950.821413,0.0,0.0,2950.821413,0.0,0.0
2035-10-31,11,0,reserve,system,2767.605065,0.0,0.0,2767.605065,0.0,0.0
2035-10-31,12,0,reserve,system,2612.121879,0.0,0.0,2612.121879,0.0,0.0
2035-10-31,13,0,reserve,system,2484.890379,0.0,0.0,2484.890379,0.0,0.0
2035-10-31,14,0,reserve,system,2393.039695,0.0,0.0,2393.039695,0.0,0.0
2035-10-31,15,0,reserve,system,2380.700331,0.0,0.0,2380.700331,0.0,0.0
2035-10-31,16,0,reserve,system,2413.082459,0.0,0.0,2413.082459,0.0,0.0
2035-10-31,17,0,reserve,system,2532.412194,0.0,0.0,2532.412194,0.0,0.0
2035-10-31,18,0,reserve,system,2688.85456,0.0,0.0,2688.85456,0.0,0.0
2035-10-31,19,0,reserve,system,2824.396048,0.0,0.0,2824.396048,0.0,0.0
2035-10-31,20,0,reserve,system,2908.051499,0.0,0.0,2908.051499,0.0,0.0
2035-10-31,21,0,reserve,system,2918.286262,0.0,0.0,2918.286262,0.0,0.0
2035-10-31,22,0,reserve,system,2896.124252,0.0,0.0,2896.124252,0.0,0.0
2035-10-31,23,0,reserve,system,2907.333028,0.0,0.0,2907.333028,0.0,0.0
2035-11-01,0,0,reserve,system,2978.691152,0.0,0.0,2978.691152,0.0,0.0
2035-11-01,1,0,reserve,system,3073.4311,0.0,0.0,3073.4311,0.0,0.0
2035-11-01,2,0,reserve,system,3158.687594,0.0,0.0,3158.687594,0.0,0.0
2035-11-01,3,0,reserve,system,3290.474369,0.0,0.0,3290.474369,0.0,0.0
2035-11-01,4,0,reserve,system,3502.946344,0.0,0.0,3502.946344,0.0,0.0
2035-11-01,5,0,reserve,system,3753.887435,0.0,0.0,3753.887435,0.0,0.0
2035-11-01,6,0,reserve,system,3783.436506,0.0,0.0,3783.436506,0.0,0.0
2035-11-01,7,0,reserve,system,3609.760319,0.0,0.0,3609.760319,0.0,0.0
2035-11-01,8,0,reserve,system,3338.554414,0.0,0.0,3338.554414,0.0,0.0
2035-11-01,9,0,reserve,system,3070.213391,0.0,0.0,3070.213391,0.0,0.0
2035-11-01,10,0,reserve,system,2833.933757,0.0,0.0,2833.933757,0.0,0.0
2035-11-01,11,0,reserve,system,2616.569096,0.0,0.0,2616.569096,0.0,0.0
2035-11-01,12,0,reserve,system,2471.624836,0.0,0.0,2471.624836,0.0,0.0
2035-11-01,13,0,reserve,system,2367.410737,0.0,0.0,2367.410737,0.0,0.0
2035-11-01,14,0,reserve,system,2282.238974,0.0,0.0,2282.238974,0.0,0.0
2035-11-01,15,0,reserve,system,2274.246653,0.0,0.0,2274.246653,0.0,0.0
2035-11-01,16,0,reserve,system,2319.601033,0.0,0.0,2319.601033,0.0,0.0
2035-11-01,17,0,reserve,system,2421.397037,0.0,0.0,2421.397037,0.0,0.0
2035-11-01,18,0,reserve,system,2509.752388,0.0,0.0,2509.752388,0.0,0.0
2035-11-01,19,0,reserve,system,2564.541268,0.0,0.0,2564.541268,0.0,0.0
2035-11-01,20,0,reserve,system,2578.63412,0.0,0.0,2578.63412,0.0,0.0
2035-11-01,21,0,reserve,system,2577.281087,0.0,0.0,2577.281087,0.0,0.0
2035-11-01,22,0,reserve,system,2556.813074,0.0,0.0,2556.813074,0.0,0.0
2035-11-01,23,0,reserve,system,2565.66818,0.0,0.0,2565.66818,0.0,0.0
2035-11-02,0,0,reserve,system,2600.263916,0.0,0.0,2600.263916,0.0,0.0
2035-11-02,1,0,reserve,system,2687.542728,0.0,0.0,2687.542728,0.0,0.0
2035-11-02,2,0,reserve,system,2732.684795,0.0,0.0,2732.684795,0.0,0.0
2035-11-02,3,0,reserve,system,2808.096171,0.0,0.0,2808.096171,0.0,0.0
2035-11-02,4,0,reserve,system,2909.701319,0.0,0.0,2909.701319,0.0,0.0
2035-11-02,5,0,reserve,system,3027.438195,0.0,0.0,3027.438195,0.0,0.0
2035-11-02,6,0,reserve,system,3109.031498,0.0,0.0,3109.031498,0.0,0.0
2035-11-02,7,0,reserve,system,3051.697822,0.0,0.0,3051.697822,0.0,0.0
2035-11-02,8,0,reserve,system,2872.039994,0.0,0.0,2872.039994,0.0,0.0
2035-11-02,9,0,reserve,system,2643.45305,0.0,0.0,2643.45305,0.0,0.0
2035-11-02,10,0,reserve,system,2437.162716,0.0,0.0,2437.162716,0.0,0.0
2035-11-02,11,0,reserve,system,2258.249386,0.0,0.0,2258.249386,0.0,0.0
2035-11-02,12,0,reserve,system,2137.593995,0.0,0.0,2137.593995,0.0,0.0
2035-11-02,13,0,reserve,system,2068.962143,0.0,0.0,2068.962143,0.0,0.0
2035-11-02,14,0,reserve,system,2062.029609,0.0,0.0,2062.029609,0.0,0.0
2035-11-02,15,0,reserve,system,2105.942198,0.0,0.0,2105.942198,0.0,0.0
2035-11-02,16,0,reserve,system,2172.146804,0.0,0.0,2172.146804,0.0,0.0
2035-11-02,17,0,reserve,system,2209.968204,0.0,0.0,2209.968204,0.0,0.0
2035-11-02,18,0,reserve,system,2336.882094,0.0,0.0,2336.882094,0.0,0.0
2035-11-02,19,0,reserve,system,2387.374019,0.0,0.0,2387.374019,0.0,0.0
2035-11-02,20,0,reserve,system,2425.434201,0.0,0.0,2425.434201,0.0,0.0
2035-11-02,21,0,reserve,system,2451.469869,0.0,0.0,2451.469869,0.0,0.0
2035-11-02,22,0,reserve,system,2473.067537,0.0,0.0,2473.067537,0.0,0.0
2035-11-02,23,0,reserve,system,2489.399042,0.0,0.0,2489.399042,0.0,0.0
2035-11-03,0,0,reserve,system,2518.021777,0.0,0.0,2518.021777,0.0,0.0
2035-11-03,1,0,reserve,system,2561.987616,0.0,0.0,2561.987616,0.0,0.0
2035-11-03,2,0,reserve,system,2594.286377,0.0,0.0,2594.286377,0.0,0.0
2035-11-03,3,0,reserve,system,2619.517363,0.0,0.0,2619.517363,0.0,0.0
2035-11-03,4,0,reserve,system,2604.96586,0.0,0.0,2604.965861,0.0,0.0
2035-11-03,5,0,reserve,system,2566.771914,0.0,0.0,2566.771914,0.0,0.0
2035-11-03,6,0,reserve,system,2632.968776,0.0,0.0,2632.968776,0.0,0.0
2035-11-03,7,0,reserve,system,2698.247534,0.0,0.0,2698.247534,0.0,0.0
2035-11-03,8,0,reserve,system,2602.661191,0.0,0.0,2602.661191,0.0,0.0
2035-11-03,9,0,reserve,system,2421.571158,0.0,0.0,2421.571158,0.0,0.0
2035-11-03,10,0,reserve,system,2223.191313,0.0,0.0,2223.191313,0.0,0.0
2035-11-03,11,0,reserve,system,2102.614129,0.0,0.0,2102.614129,0.0,0.0
2035-11-03,12,0,reserve,system,2023.635859,0.0,0.0,2023.635859,0.0,0.0
2035-11-03,13,0,reserve,system,1994.273698,0.0,0.0,1994.273698,0.0,0.0
2035-11-03,14,0,reserve,system,2003.312018,0.0,0.0,2003.312018,0.0,0.0
2035-11-03,15,0,reserve,system,2059.410212,0.0,0.0,2059.410212,0.0,0.0
2035-11-03,16,0,reserve,system,2142.474771,0.0,0.0,2142.474771,0.0,0.0
2035-11-03,17,0,reserve,system,2220.825408,0.0,0.0,2220.825408,0.0,0.0
2035-11-03,18,0,reserve,system,2364.119876,0.0,0.0,2364.119876,0.0,0.0
2035-11-03,19,0,reserve,system,2412.627648,0.0,0.0,2412.627648,0.0,0.0
2035-11-03,20,0,reserve,system,2444.274302,0.0,0.0,2444.274302,0.0,0.0
2035-11-03,21,0,reserve,system,2453.143023,0.0,0.0,2453.143023,0.0,0.0
2035-11-03,22,0,reserve,system,2397.747904,0.0,0.0,2397.747904,0.0,0.0
2035-11-03,23,0,reserve,system,2330.908422,0.0,0.0,2330.908422,0.0,0.0
2035-11-04,0,0,reserve,system,2275.664615,0.0,0.0,2275.664615,0.0,0.0
2035-11-04,1,0,reserve,system,2236.179183,0.0,0.0,2236.179183,0.0,0.0
2035-11-04,2,0,reserve,system,2239.397826,0.0,0.0,2239.397826,0.0,0.0
2035-11-04,3,0,reserve,system,2269.309496,0.0,0.0,2269.309496,0.0,0.0
2035-11-04,4,0,reserve,system,2323.06748,0.0,0.0,2323.06748,0.0,0.0
2035-11-04,5,0,reserve,system,2431.724061,0.0,0.0,2431.724061,0.0,0.0
2035-11-04,6,0,reserve,system,2572.342712,0.0,0.0,2572.342712,0.0,0.0
2035-11-04,7,0,reserve,system,2594.719764,0.0,0.0,2594.719764,0.0,0.0
2035-11-04,8,0,reserve,system,2503.045511,0.0,0.0,2503.045511,0.0,0.0
2035-11-04,9,0,reserve,system,2389.539321,0.0,0.0,2389.539321,0.0,0.0
2035-11-04,10,0,reserve,system,2306.171729,0.0,0.0,2306.171729,0.0,0.0
2035-11-04,11,0,reserve,system,2259.509751,0.0,0.0,2259.509751,0.0,0.0
2035-11-04,12,0,reserve,system,2250.302327,0.0,0.0,2250.302327,0.0,0.0
2035-11-04,13,0,reserve,system,2265.029558,0.0,0.0,2265.029558,0.0,0.0
2035-11-04,14,0,reserve,system,2300.619355,0.0,0.0,2300.619355,0.0,0.0
2035-11-04,15,0,reserve,system,2350.229835,0.0,0.0,2350.229835,0.0,0.0
2035-11-04,16,0,reserve,system,2430.22522,0.0,0.0,2430.22522,0.0,0.0
2035-11-04,17,0,reserve,system,2510.800558,0.0,0.0,2510.800558,0.0,0.0
2035-11-04,18,0,reserve,system,2525.205492,0.0,0.0,2525.205492,0.0,0.0
2035-11-04,19,0,reserve,system,2509.872891,0.0,0.0,2509.872891,0.0,0.0
2035-11-04,20,0,reserve,system,2495.744353,0.0,0.0,2495.744353,0.0,0.0
2035-11-04,21,0,reserve,system,2458.228756,0.0,0.0,2458.228756,0.0,0.0
2035-11-04,22,0,reserve,system,2389.038383,0.0,0.0,2389.038383,0.0,0.0
2035-11-04,23,0,reserve,system,2291.485927,0.0,0.0,2291.485927,0.0,0.0
2035-11-05,0,0,reserve,system,2218.688231,0.0,0.0,2218.688231,0.0,0.0
2035-11-05,1,0,reserve,system,2190.493558,0.0,0.0,2190.493558,0.0,0.0
2035-11-05,2,0,reserve,system,2181.111165,0.0,0.0,2181.111165,0.0,0.0
2035-11-05,3,0,reserve,system,2191.762248,0.0,0.0,2191.762248,0.0,0.0
2035-11-05,4,0,reserve,system,2211.807813,0.0,0.0,2211.807813,0.0,0.0
2035-11-05,5,0,reserve,system,2290.000242,0.0,0.0,2290.000242,0.0,0.0
2035-11-05,6,0,reserve,system,2436.543803,0.0,0.0,2436.543803,0.0,0.0
2035-11-05,7,0,reserve,system,2466.067892,0.0,0.0,2466.067892,0.0,0.0
2035-11-05,8,0,reserve,system,2456.512104,0.0,0.0,2456.512104,0.0,0.0
2035-11-05,9,0,reserve,system,2433.924666,0.0,0.0,2433.924666,0.0,0.0
2035-11-05,10,0,reserve,system,2407.092314,0.0,0.0,2407.092314,0.0,0.0
2035-11-05,11,0,reserve,system,2434.055718,0.0,0.0,2434.055718,0.0,0.0
2035-11-05,12,0,reserve,system,2436.448681,0.0,0.0,2436.448681,0.0,0.0
2035-11-05,13,0,reserve,system,2448.35932,0.0,0.0,2448.35932,0.0,0.0
2035-11-05,14,0,reserve,system,2470.773902,0.0,0.0,2470.773902,0.0,0.0
2035-11-05,15,0,reserve,system,2481.626457,0.0,0.0,2481.626457,0.0,0.0
2035-11-05,16,0,reserve,system,2528.935155,0.0,0.0,2528.935155,0.0,0.0
2035-11-05,17,0,reserve,system,2574.572382,0.0,0.0,2574.572382,0.0,0.0
2035-11-05,18,0,reserve,system,2583.506277,0.0,0.0,2583.506277,0.0,0.0
2035-11-05,19,0,reserve,system,2577.275149,0.0,0.0,2577.275149,0.0,0.0
2035-11-05,20,0,reserve,system,2550.612163,0.0,0.0,2550.612163,0.0,0.0
2035-11-05,21,0,reserve,system,2508.879984,0.0,0.0,2508.879984,0.0,0.0
2035-11-05,22,0,reserve,system,2455.097179,0.0,0.0,2455.097179,0.0,0.0
2035-11-05,23,0,reserve,system,2368.892181,0.0,0.0,2368.892181,0.0,0.0
2035-11-06,0,0,reserve,system,2299.626042,0.0,0.0,2299.626042,0.0,0.0
2035-11-06,1,0,reserve,system,2268.458555,0.0,0.0,2268.458555,0.0,0.0
2035-11-06,2,0,reserve,system,2276.753216,0.0,0.0,2276.753216,0.0,0.0
2035-11-06,3,0,reserve,system,2285.149025,0.0,0.0,2285.149025,0.0,0.0
2035-11-06,4,0,reserve,system,2332.130668,0.0,0.0,2332.130668,0.0,0.0
2035-11-06,5,0,reserve,system,2427.930764,0.0,0.0,2427.930764,0.0,0.0
2035-11-06,6,0,reserve,system,2544.616317,0.0,0.0,2544.616317,0.0,0.0
2035-11-06,7,0,reserve,system,2591.983137,0.0,0.0,2591.983137,0.0,0.0
2035-11-06,8,0,reserve,system,2616.02763,0.0,0.0,2616.02763,0.0,0.0
2035-11-06,9,0,reserve,system,2630.681905,0.0,0.0,2630.681905,0.0,0.0
2035-11-06,10,0,reserve,system,2623.877912,0.0,0.0,2623.877912,0.0,0.0
2035-11-06,11,0,reserve,system,2640.866777,0.0,0.0,2640.866777,0.0,0.0
2035-11-06,12,0,reserve,system,2659.150133,0.0,0.0,2659.150133,0.0,0.0
2035-11-06,13,0,reserve,system,2669.334953,0.0,0.0,2669.334953,0.0,0.0
2035-11-06,14,0,reserve,system,2659.968419,0.0,0.0,2659.968419,0.0,0.0
2035-11-06,15,0,reserve,system,2673.419899,0.0,0.0,2673.419899,0.0,0.0
2035-11-06,16,0,reserve,system,2713.65291,0.0,0.0,2713.652911,0.0,0.0
2035-11-06,17,0,reserve,system,2762.383034,0.0,0.0,2762.383034,0.0,0.0
2035-11-06,18,0,reserve,system,2770.925525,0.0,0.0,2770.925525,0.0,0.0
2035-11-06,19,0,reserve,system,2733.959442,0.0,0.0,2733.959442,0.0,0.0
2035-11-06,20,0,reserve,system,2703.097657,0.0,0.0,2703.097657,0.0,0.0
2035-11-06,21,0,reserve,system,2638.501937,0.0,0.0,2638.501937,0.0,0.0
2035-11-06,22,0,reserve,system,2537.131568,0.0,0.0,2537.131568,0.0,0.0
2035-11-06,23,0,reserve,system,2437.536187,0.0,0.0,2437.536187,0.0,0.0
2035-11-07,0,0,reserve,system,2353.982358,0.0,0.0,2353.982358,0.0,0.0
2035-11-07,1,0,reserve,system,2311.724975,0.0,0.0,2311.724975,0.0,0.0
2035-11-07,2,0,reserve,system,2308.548832,0.0,0.0,2308.548832,0.0,0.0
2035-11-07,3,0,reserve,system,2301.728073,0.0,0.0,2301.728073,0.0,0.0
2035-11-07,4,0,reserve,system,2334.584699,0.0,0.0,2334.584699,0.0,0.0
2035-11-07,5,0,reserve,system,2417.384913,0.0,0.0,2417.384913,0.0,0.0
2035-11-07,6,0,reserve,system,2542.978143,0.0,0.0,2542.978143,0.0,0.0
2035-11-07,7,0,reserve,system,2590.20893,0.0,0.0,2590.20893,0.0,0.0
2035-11-07,8,0,reserve,system,2601.59539,0.0,0.0,2601.59539,0.0,0.0
2035-11-07,9,0,reserve,system,2600.56766,0.0,0.0,2600.56766,0.0,0.0
2035-11-07,10,0,reserve,system,2592.963785,0.0,0.0,2592.963785,0.0,0.0
2035-11-07,11,0,reserve,system,2593.297275,0.0,0.0,2593.297275,0.0,0.0
2035-11-07,12,0,reserve,system,2589.249741,0.0,0.0,2589.249741,0.0,0.0
2035-11-07,13,0,reserve,system,2586.586045,0.0,0.0,2586.586045,0.0,0.0
2035-11-07,14,0,reserve,system,2604.038098,0.0,0.0,2604.038098,0.0,0.0
2035-11-07,15,0,reserve,system,2647.848689,0.0,0.0,2647.848689,0.0,0.0
2035-11-07,16,0,reserve,system,2761.614062,0.0,0.0,2761.614062,0.0,0.0
2035-11-07,17,0,reserve,system,2913.046374,0.0,0.0,2913.046374,0.0,0.0
2035-11-07,18,0,reserve,system,2952.377686,0.0,0.0,2952.377686,0.0,0.0
2035-11-07,19,0,reserve,system,2955.760532,0.0,0.0,2955.760532,0.0,0.0
2035-11-07,20,0,reserve,system,2940.431397,0.0,0.0,2940.431397,0.0,0.0
2035-11-07,21,0,reserve,system,2864.164057,0.0,0.0,2864.164057,0.0,0.0
2035-11-07,22,0,reserve,system,2751.088286,0.0,0.0,2751.088286,0.0,0.0
2035-11-07,23,0,reserve,system,2657.487067,0.0,0.0,2657.487067,0.0,0.0
2035-11-08,0,0,reserve,system,2616.826203,0.0,0.0,2616.826203,0.0,0.0
2035-11-08,1,0,reserve,system,2598.759465,0.0,0.0,2598.759465,0.0,0.0
2035-11-08,2,0,reserve,system,2610.89036,0.0,0.0,2610.89036,0.0,0.0
2035-11-08,3,0,reserve,system,2629.135228,0.0,0.0,2629.135228,0.0,0.0
2035-11-08,4,0,reserve,system,2702.529852,0.0,0.0,2702.529852,0.0,0.0
2035-11-08,5,0,reserve,system,2872.12913,0.0,0.0,2872.12913,0.0,0.0
2035-11-08,6,0,reserve,system,3083.507987,0.0,0.0,3083.507987,0.0,0.0
2035-11-08,7,0,reserve,system,3109.084896,0.0,0.0,3109.084896,0.0,0.0
2035-11-08,8,0,reserve,system,3041.888678,0.0,0.0,3041.888678,0.0,0.0
2035-11-08,9,0,reserve,system,2980.093029,0.0,0.0,2980.093029,0.0,0.0
2035-11-08,10,0,reserve,system,2892.172232,0.0,0.0,2892.172232,0.0,0.0
2035-11-08,11,0,reserve,system,2797.146846,0.0,0.0,2797.146846,0.0,0.0
2035-11-08,12,0,reserve,system,2719.262083,0.0,0.0,2719.262083,0.0,0.0
2035-11-08,13,0,reserve,system,2679.08662,0.0,0.0,2679.08662,0.0,0.0
2035-11-08,14,0,reserve,system,2664.791052,0.0,0.0,2664.791052,0.0,0.0
2035-11-08,15,0,reserve,system,2663.950988,0.0,0.0,2663.950988,0.0,0.0
2035-11-08,16,0,reserve,system,2714.405814,0.0,0.0,2714.405814,0.0,0.0
2035-11-08,17,0,reserve,system,2806.791294,0.0,0.0,2806.791294,0.0,0.0
2035-11-08,18,0,reserve,system,2841.078796,0.0,0.0,2841.078796,0.0,0.0
2035-11-08,19,0,reserve,system,2844.871993,0.0,0.0,2844.871993,0.0,0.0
2035-11-08,20,0,reserve,system,2843.405027,0.0,0.0,2843.405027,0.0,0.0
2035-11-08,21,0,reserve,system,2816.426003,0.0,0.0,2816.426003,0.0,0.0
2035-11-08,22,0,reserve,system,2769.951068,0.0,0.0,2769.951068,0.0,0.0
2035-11-08,23,0,reserve,system,2720.181063,0.0,0.0,2720.181063,0.0,0.0
2035-11-09,0,0,reserve,system,2699.539469,0.0,0.0,2699.539469,0.0,0.0
2035-11-09,1,0,reserve,system,2685.702577,0.0,0.0,2685.702577,0.0,0.0
2035-11-09,2,0,reserve,system,2710.042169,0.0,0.0,2710.042169,0.0,0.0
2035-11-09,3,0,reserve,system,2729.379154,0.0,0.0,2729.379154,0.0,0.0
2035-11-09,4,0,reserve,system,2787.01565,0.0,0.0,2787.01565,0.0,0.0
2035-11-09,5,0,reserve,system,2870.887123,0.0,0.0,2870.887123,0.0,0.0
2035-11-09,6,0,reserve,system,2938.581972,0.0,0.0,2938.581972,0.0,0.0
2035-11-09,7,0,reserve,system,2960.515444,0.0,0.0,2960.515444,0.0,0.0
2035-11-09,8,0,reserve,system,2888.442023,0.0,0.0,2888.442023,0.0,0.0
2035-11-09,9,0,reserve,system,2758.581731,0.0,0.0,2758.581731,0.0,0.0
2035-11-09,10,0,reserve,system,2619.818229,0.0,0.0,2619.818229,0.0,0.0
2035-11-09,11,0,reserve,system,2493.087619,0.0,0.0,2493.087619,0.0,0.0
2035-11-09,12,0,reserve,system,2392.973486,0.0,0.0,2392.973486,0.0,0.0
2035-11-09,13,0,reserve,system,2321.425618,0.0,0.0,2321.425618,0.0,0.0
2035-11-09,14,0,reserve,system,2301.8046,0.0,0.0,2301.8046,0.0,0.0
2035-11-09,15,0,reserve,system,2313.949755,0.0,0.0,2313.949755,0.0,0.0
2035-11-09,16,0,reserve,system,2349.89409,0.0,0.0,2349.89409,0.0,0.0
2035-11-09,17,0,reserve,system,2393.393879,0.0,0.0,2393.393879,0.0,0.0
2035-11-09,18,0,reserve,system,2411.687125,0.0,0.0,2411.687125,0.0,0.0
2035-11-09,19,0,reserve,system,2407.162613,0.0,0.0,2407.162613,0.0,0.0
2035-11-09,20,0,reserve,system,2407.776061,0.0,0.0,2407.776061,0.0,0.0
2035-11-09,21,0,reserve,system,2403.683672,0.0,0.0,2403.683672,0.0,0.0
2035-11-09,22,0,reserve,system,2386.536209,0.0,0.0,2386.536209,0.0,0.0
2035-11-09,23,0,reserve,system,2374.670438,0.0,0.0,2374.670438,0.0,0.0
2035-11-10,0,0,reserve,system,2357.231072,0.0,0.0,2357.231072,0.0,0.0
2035-11-10,1,0,reserve,system,2346.029149,0.0,0.0,2346.029149,0.0,0.0
2035-11-10,2,0,reserve,system,2359.10027,0.0,0.0,2359.10027,0.0,0.0
2035-11-10,3,0,reserve,system,2362.556324,0.0,0.0,2362.556324,0.0,0.0
2035-11-10,4,0,reserve,system,2386.299448,0.0,0.0,2386.299448,0.0,0.0
2035-11-10,5,0,reserve,system,2376.543603,0.0,0.0,2376.543603,0.0,0.0
2035-11-10,6,0,reserve,system,2357.84798,0.0,0.0,2357.847981,0.0,0.0
2035-11-10,7,0,reserve,system,2373.479257,0.0,0.0,2373.479257,0.0,0.0
2035-11-10,8,0,reserve,system,2356.862638,0.0,0.0,2356.862638,0.0,0.0
2035-11-10,9,0,reserve,system,2287.143861,0.0,0.0,2287.143861,0.0,0.0
2035-11-10,10,0,reserve,system,2220.924213,0.0,0.0,2220.924213,0.0,0.0
2035-11-10,11,0,reserve,system,2152.705665,0.0,0.0,2152.705665,0.0,0.0
2035-11-10,12,0,reserve,system,2146.206863,0.0,0.0,2146.206863,0.0,0.0
2035-11-10,13,0,reserve,system,2168.707305,0.0,0.0,2168.707305,0.0,0.0
2035-11-10,14,0,reserve,system,2192.33645,0.0,0.0,2192.33645,0.0,0.0
2035-11-10,15,0,reserve,system,2214.523252,0.0,0.0,2214.523252,0.0,0.0
2035-11-10,16,0,reserve,system,2259.739354,0.0,0.0,2259.739354,0.0,0.0
2035-11-10,17,0,reserve,system,2326.542257,0.0,0.0,2326.542257,0.0,0.0
2035-11-10,18,0,reserve,system,2371.718425,0.0,0.0,2371.718425,0.0,0.0
2035-11-10,19,0,reserve,system,2378.118801,0.0,0.0,2378.118801,0.0,0.0
2035-11-10,20,0,reserve,system,2369.195311,0.0,0.0,2369.195311,0.0,0.0
2035-11-10,21,0,reserve,system,2357.758783,0.0,0.0,2357.758783,0.0,0.0
2035-11-10,22,0,reserve,system,2315.817433,0.0,0.0,2315.817433,0.0,0.0
2035-11-10,23,0,reserve,system,2245.800899,0.0,0.0,2245.800899,0.0,0.0
2035-11-11,0,0,reserve,system,2200.343415,0.0,0.0,2200.343415,0.0,0.0
2035-11-11,1,0,reserve,system,2165.985544,0.0,0.0,2165.985544,0.0,0.0
2035-11-11,2,0,reserve,system,2154.761976,0.0,0.0,2154.761976,0.0,0.0
2035-11-11,3,0,reserve,system,2153.891166,0.0,0.0,2153.891166,0.0,0.0
2035-11-11,4,0,reserve,system,2186.308668,0.0,0.0,2186.308668,0.0,0.0
2035-11-11,5,0,reserve,system,2261.010091,0.0,0.0,2261.010091,0.0,0.0
2035-11-11,6,0,reserve,system,2391.69729,0.0,0.0,2391.69729,0.0,0.0
2035-11-11,7,0,reserve,system,2452.930785,0.0,0.0,2452.930785,0.0,0.0
2035-11-11,8,0,reserve,system,2477.913588,0.0,0.0,2477.913588,0.0,0.0
2035-11-11,9,0,reserve,system,2502.818091,0.0,0.0,2502.818091,0.0,0.0
2035-11-11,10,0,reserve,system,2538.521882,0.0,0.0,2538.521882,0.0,0.0
2035-11-11,11,0,reserve,system,2576.745524,0.0,0.0,2576.745524,0.0,0.0
2035-11-11,12,0,reserve,system,2617.153812,0.0,0.0,2617.153812,0.0,0.0
2035-11-11,13,0,reserve,system,2651.815888,0.0,0.0,2651.815888,0.0,0.0
2035-11-11,14,0,reserve,system,2686.741151,0.0,0.0,2686.741151,0.0,0.0
2035-11-11,15,0,reserve,system,2757.305571,0.0,0.0,2757.305571,0.0,0.0
2035-11-11,16,0,reserve,system,2890.119849,0.0,0.0,2890.119849,0.0,0.0
2035-11-11,17,0,reserve,system,3046.144046,0.0,0.0,3046.144046,0.0,0.0
2035-11-11,18,0,reserve,system,3100.520495,0.0,0.0,3100.520495,0.0,0.0
2035-11-11,19,0,reserve,system,3166.667965,0.0,0.0,3166.667965,0.0,0.0
2035-11-11,20,0,reserve,system,3226.105212,0.0,0.0,3226.105212,0.0,0.0
2035-11-11,21,0,reserve,system,3256.424384,0.0,0.0,3256.424384,0.0,0.0
2035-11-11,22,0,reserve,system,3246.467359,0.0,0.0,3246.467359,0.0,0.0
2035-11-11,23,0,reserve,system,3266.160976,0.0,0.0,3266.160976,0.0,0.0
2035-11-12,0,0,reserve,system,3331.479543,0.0,0.0,3331.479543,0.0,0.0
2035-11-12,1,0,reserve,system,3384.725837,0.0,0.0,3384.725837,0.0,0.0
2035-11-12,2,0,reserve,system,3458.134853,0.0,0.0,3458.134853,0.0,0.0
2035-11-12,3,0,reserve,system,3533.705923,0.0,0.0,3533.705923,0.0,0.0
2035-11-12,4,0,reserve,system,3639.585542,0.0,0.0,3639.585542,0.0,0.0
2035-11-12,5,0,reserve,system,3751.942466,0.0,0.0,3751.942466,0.0,0.0
2035-11-12,6,0,reserve,system,3881.528463,0.0,0.0,3881.528463,0.0,0.0
2035-11-12,7,0,reserve,system,3915.074907,0.0,0.0,3915.074907,0.0,0.0
2035-11-12,8,0,reserve,system,3867.085084,0.0,0.0,3867.085084,0.0,0.0
2035-11-12,9,0,reserve,system,3757.302011,0.0,0.0,3757.302011,0.0,0.0
2035-11-12,10,0,reserve,system,3617.699043,0.0,0.0,3617.699043,0.0,0.0
2035-11-12,11,0,reserve,system,3523.010455,0.0,0.0,3523.010455,0.0,0.0
2035-11-12,12,0,reserve,system,3365.862714,0.0,0.0,3365.862714,0.0,0.0
2035-11-12,13,0,reserve,system,3217.283905,0.0,0.0,3217.283905,0.0,0.0
2035-11-12,14,0,reserve,system,3107.63717,0.0,0.0,3107.63717,0.0,0.0
2035-11-12,15,0,reserve,system,3082.586425,0.0,0.0,3082.586425,0.0,0.0
2035-11-12,16,0,reserve,system,3183.317729,0.0,0.0,3183.317729,0.0,0.0
2035-11-12,17,0,reserve,system,3366.309631,0.0,0.0,3366.309631,0.0,0.0
2035-11-12,18,0,reserve,system,3457.855419,0.0,0.0,3457.855419,0.0,0.0
2035-11-12,19,0,reserve,system,3547.849764,0.0,0.0,3547.849764,0.0,0.0
2035-11-12,20,0,reserve,system,3600.450175,0.0,0.0,3600.450175,0.0,0.0
2035-11-12,21,0,reserve,system,3578.921509,0.0,0.0,3578.921509,0.0,0.0
2035-11-12,22,0,reserve,system,3538.014287,0.0,0.0,3538.014287,0.0,0.0
2035-11-12,23,0,reserve,system,3531.108833,0.0,0.0,3531.108833,0.0,0.0
2035-11-13,0,0,reserve,system,3569.464435,0.0,0.0,3569.464435,0.0,0.0
2035-11-13,1,0,reserve,system,3616.586702,0.0,0.0,3616.586702,0.0,0.0
2035-11-13,2,0,reserve,system,3693.766567,0.0,0.0,3693.766567,0.0,0.0
2035-11-13,3,0,reserve,system,3746.431095,0.0,0.0,3746.431095,0.0,0.0
2035-11-13,4,0,reserve,system,3832.330362,0.0,0.0,3832.330362,0.0,0.0
2035-11-13,5,0,reserve,system,3919.537725,0.0,0.0,3919.537725,0.0,0.0
2035-11-13,6,0,reserve,system,3981.853401,0.0,0.0,3981.853401,0.0,0.0
2035-11-13,7,0,reserve,system,3912.090918,0.0,0.0,3912.090918,0.0,0.0
2035-11-13,8,0,reserve,system,3780.096068,0.0,0.0,3780.096068,0.0,0.0
2035-11-13,9,0,reserve,system,3598.90584,0.0,0.0,3598.90584,0.0,0.0
2035-11-13,10,0,reserve,system,3408.389645,0.0,0.0,3408.389645,0.0,0.0
2035-11-13,11,0,reserve,system,3245.041833,0.0,0.0,3245.041833,0.0,0.0
2035-11-13,12,0,reserve,system,3084.670501,0.0,0.0,3084.670501,0.0,0.0
2035-11-13,13,0,reserve,system,2978.807831,0.0,0.0,2978.807831,0.0,0.0
2035-11-13,14,0,reserve,system,2938.73588,0.0,0.0,2938.73588,0.0,0.0
2035-11-13,15,0,reserve,system,2990.703953,0.0,0.0,2990.703953,0.0,0.0
2035-11-13,16,0,reserve,system,3121.912149,0.0,0.0,3121.912149,0.0,0.0
2035-11-13,17,0,reserve,system,3281.801086,0.0,0.0,3281.801086,0.0,0.0
2035-11-13,18,0,reserve,system,3291.076388,0.0,0.0,3291.076388,0.0,0.0
2035-11-13,19,0,reserve,system,3302.517567,0.0,0.0,3302.517567,0.0,0.0
2035-11-13,20,0,reserve,system,3291.501984,0.0,0.0,3291.501984,0.0,0.0
2035-11-13,21,0,reserve,system,3232.322366,0.0,0.0,3232.322366,0.0,0.0
2035-11-13,22,0,reserve,system,3139.724661,0.0,0.0,3139.724661,0.0,0.0
2035-11-13,23,0,reserve,system,3070.158837,0.0,0.0,3070.158837,0.0,0.0
2035-11-14,0,0,reserve,system,3023.908502,0.0,0.0,3023.908502,0.0,0.0
2035-11-14,1,0,reserve,system,3018.366533,0.0,0.0,3018.366533,0.0,0.0
2035-11-14,2,0,reserve,system,3052.477241,0.0,0.0,3052.477241,0.0,0.0
2035-11-14,3,0,reserve,system,3093.493546,0.0,0.0,3093.493546,0.0,0.0
2035-11-14,4,0,reserve,system,3174.329894,0.0,0.0,3174.329894,0.0,0.0
2035-11-14,5,0,reserve,system,3286.824587,0.0,0.0,3286.824587,0.0,0.0
2035-11-14,6,0,reserve,system,3399.709606,0.0,0.0,3399.709606,0.0,0.0
2035-11-14,7,0,reserve,system,3361.706044,0.0,0.0,3361.706044,0.0,0.0
2035-11-14,8,0,reserve,system,3199.002834,0.0,0.0,3199.002834,0.0,0.0
2035-11-14,9,0,reserve,system,3022.383164,0.0,0.0,3022.383164,0.0,0.0
2035-11-14,10,0,reserve,system,2858.794209,0.0,0.0,2858.794209,0.0,0.0
2035-11-14,11,0,reserve,system,2746.048512,0.0,0.0,2746.048512,0.0,0.0
2035-11-14,12,0,reserve,system,2656.932419,0.0,0.0,2656.932419,0.0,0.0
2035-11-14,13,0,reserve,system,2596.870795,0.0,0.0,2596.870795,0.0,0.0
2035-11-14,14,0,reserve,system,2574.747097,0.0,0.0,2574.747097,0.0,0.0
2035-11-14,15,0,reserve,system,2600.447018,0.0,0.0,2600.447018,0.0,0.0
2035-11-14,16,0,reserve,system,2718.655627,0.0,0.0,2718.655627,0.0,0.0
2035-11-14,17,0,reserve,system,2902.627802,0.0,0.0,2902.627802,0.0,0.0
2035-11-14,18,0,reserve,system,2984.859271,0.0,0.0,2984.859271,0.0,0.0
2035-11-14,19,0,reserve,system,3054.295085,0.0,0.0,3054.295085,0.0,0.0
2035-11-14,20,0,reserve,system,3082.311145,0.0,0.0,3082.311145,0.0,0.0
2035-11-14,21,0,reserve,system,3065.613915,0.0,0.0,3065.613915,0.0,0.0
2035-11-14,22,0,reserve,system,3003.985797,0.0,0.0,3003.985797,0.0,0.0
2035-11-14,23,0,reserve,system,2961.942133,0.0,0.0,2961.942133,0.0,0.0
2035-11-15,0,0,reserve,system,2967.218726,0.0,0.0,2967.218726,0.0,0.0
2035-11-15,1,0,reserve,system,3014.213204,0.0,0.0,3014.213204,0.0,0.0
2035-11-15,2,0,reserve,system,3083.377943,0.0,0.0,3083.377943,0.0,0.0
2035-11-15,3,0,reserve,system,3160.765809,0.0,0.0,3160.765809,0.0,0.0
2035-11-15,4,0,reserve,system,3283.136138,0.0,0.0,3283.136138,0.0,0.0
2035-11-15,5,0,reserve,system,3497.770445,0.0,0.0,3497.770445,0.0,0.0
2035-11-15,6,0,reserve,system,3723.555164,0.0,0.0,3723.555164,0.0,0.0
2035-11-15,7,0,reserve,system,3614.772521,0.0,0.0,3614.772521,0.0,0.0
2035-11-15,8,0,reserve,system,3264.992273,0.0,0.0,3264.992273,0.0,0.0
2035-11-15,9,0,reserve,system,2950.52115,0.0,0.0,2950.52115,0.0,0.0
2035-11-15,10,0,reserve,system,2722.931962,0.0,0.0,2722.931962,0.0,0.0
2035-11-15,11,0,reserve,system,2565.392578,0.0,0.0,2565.392578,0.0,0.0
2035-11-15,12,0,reserve,system,2473.985487,0.0,0.0,2473.985487,0.0,0.0
2035-11-15,13,0,reserve,system,2434.935975,0.0,0.0,2434.935975,0.0,0.0
2035-11-15,14,0,reserve,system,2426.820011,0.0,0.0,2426.820011,0.0,0.0
2035-11-15,15,0,reserve,system,2437.863328,0.0,0.0,2437.863328,0.0,0.0
2035-11-15,16,0,reserve,system,2508.689784,0.0,0.0,2508.689784,0.0,0.0
2035-11-15,17,0,reserve,system,2608.643319,0.0,0.0,2608.643319,0.0,0.0
2035-11-15,18,0,reserve,system,2651.087454,0.0,0.0,2651.087454,0.0,0.0
2035-11-15,19,0,reserve,system,2675.731354,0.0,0.0,2675.731354,0.0,0.0
2035-11-15,20,0,reserve,system,2711.873364,0.0,0.0,2711.873364,0.0,0.0
2035-11-15,21,0,reserve,system,2732.907359,0.0,0.0,2732.907359,0.0,0.0
2035-11-15,22,0,reserve,system,2749.799053,0.0,0.0,2749.799053,0.0,0.0
2035-11-15,23,0,reserve,system,2731.140793,0.0,0.0,2731.140793,0.0,0.0
2035-11-16,0,0,reserve,system,2709.540949,0.0,0.0,2709.54095,0.0,0.0
2035-11-16,1,0,reserve,system,2722.652387,0.0,0.0,2722.652387,0.0,0.0
2035-11-16,2,0,reserve,system,2764.225147,0.0,0.0,2764.225147,0.0,0.0
2035-11-16,3,0,reserve,system,2809.349686,0.0,0.0,2809.349686,0.0,0.0
2035-11-16,4,0,reserve,system,2887.536705,0.0,0.0,2887.536705,0.0,0.0
2035-11-16,5,0,reserve,system,3001.728888,0.0,0.0,3001.728888,0.0,0.0
2035-11-16,6,0,reserve,system,3099.672888,0.0,0.0,3099.672888,0.0,0.0
2035-11-16,7,0,reserve,system,3108.478877,0.0,0.0,3108.478877,0.0,0.0
2035-11-16,8,0,reserve,system,2944.373136,0.0,0.0,2944.373136,0.0,0.0
2035-11-16,9,0,reserve,system,2759.495699,0.0,0.0,2759.495699,0.0,0.0
2035-11-16,10,0,reserve,system,2593.253835,0.0,0.0,2593.253835,0.0,0.0
2035-11-16,11,0,reserve,system,2465.457685,0.0,0.0,2465.457685,0.0,0.0
2035-11-16,12,0,reserve,system,2375.421408,0.0,0.0,2375.421408,0.0,0.0
2035-11-16,13,0,reserve,system,2316.927435,0.0,0.0,2316.927435,0.0,0.0
2035-11-16,14,0,reserve,system,2314.427025,0.0,0.0,2314.427025,0.0,0.0
2035-11-16,15,0,reserve,system,2347.55978,0.0,0.0,2347.55978,0.0,0.0
2035-11-16,16,0,reserve,system,2423.242424,0.0,0.0,2423.242424,0.0,0.0
2035-11-16,17,0,reserve,system,2518.695951,0.0,0.0,2518.695951,0.0,0.0
2035-11-16,18,0,reserve,system,2543.721498,0.0,0.0,2543.721498,0.0,0.0
2035-11-16,19,0,reserve,system,2547.466808,0.0,0.0,2547.466808,0.0,0.0
2035-11-16,20,0,reserve,system,2563.690751,0.0,0.0,2563.690751,0.0,0.0
2035-11-16,21,0,reserve,system,2566.362996,0.0,0.0,2566.362996,0.0,0.0
2035-11-16,22,0,reserve,system,2561.990655,0.0,0.0,2561.990655,0.0,0.0
2035-11-16,23,0,reserve,system,2545.488917,0.0,0.0,2545.488917,0.0,0.0
2035-11-17,0,0,reserve,system,2520.684552,0.0,0.0,2520.684552,0.0,0.0
2035-11-17,1,0,reserve,system,2513.023069,0.0,0.0,2513.023069,0.0,0.0
2035-11-17,2,0,reserve,system,2527.691787,0.0,0.0,2527.691787,0.0,0.0
2035-11-17,3,0,reserve,system,2527.288394,0.0,0.0,2527.288394,0.0,0.0
2035-11-17,4,0,reserve,system,2544.128356,0.0,0.0,2544.128356,0.0,0.0
2035-11-17,5,0,reserve,system,2559.274582,0.0,0.0,2559.274582,0.0,0.0
2035-11-17,6,0,reserve,system,2490.737813,0.0,0.0,2490.737813,0.0,0.0
2035-11-17,7,0,reserve,system,2500.506734,0.0,0.0,2500.506734,0.0,0.0
2035-11-17,8,0,reserve,system,2541.589729,0.0,0.0,2541.589729,0.0,0.0
2035-11-17,9,0,reserve,system,2495.386012,0.0,0.0,2495.386012,0.0,0.0
2035-11-17,10,0,reserve,system,2380.575248,0.0,0.0,2380.575248,0.0,0.0
2035-11-17,11,0,reserve,system,2270.230528,0.0,0.0,2270.230528,0.0,0.0
2035-11-17,12,0,reserve,system,2221.769374,0.0,0.0,2221.769374,0.0,0.0
2035-11-17,13,0,reserve,system,2207.907549,0.0,0.0,2207.907549,0.0,0.0
2035-11-17,14,0,reserve,system,2210.291183,0.0,0.0,2210.291183,0.0,0.0
2035-11-17,15,0,reserve,system,2251.007071,0.0,0.0,2251.007071,0.0,0.0
2035-11-17,16,0,reserve,system,2324.786173,0.0,0.0,2324.786173,0.0,0.0
2035-11-17,17,0,reserve,system,2432.642706,0.0,0.0,2432.642706,0.0,0.0
2035-11-17,18,0,reserve,system,2467.320193,0.0,0.0,2467.320193,0.0,0.0
2035-11-17,19,0,reserve,system,2487.698666,0.0,0.0,2487.698666,0.0,0.0
2035-11-17,20,0,reserve,system,2490.204828,0.0,0.0,2490.204828,0.0,0.0
2035-11-17,21,0,reserve,system,2481.910155,0.0,0.0,2481.910155,0.0,0.0
2035-11-17,22,0,reserve,system,2428.023229,0.0,0.0,2428.023229,0.0,0.0
2035-11-17,23,0,reserve,system,2376.13492,0.0,0.0,2376.13492,0.0,0.0
2035-11-18,0,0,reserve,system,2357.545895,0.0,0.0,2357.545895,0.0,0.0
2035-11-18,1,0,reserve,system,2356.051008,0.0,0.0,2356.051008,0.0,0.0
2035-11-18,2,0,reserve,system,2366.157884,0.0,0.0,2366.157884,0.0,0.0
2035-11-18,3,0,reserve,system,2397.057559,0.0,0.0,2397.057559,0.0,0.0
2035-11-18,4,0,reserve,system,2459.325569,0.0,0.0,2459.325569,0.0,0.0
2035-11-18,5,0,reserve,system,2586.137585,0.0,0.0,2586.137585,0.0,0.0
2035-11-18,6,0,reserve,system,2722.893403,0.0,0.0,2722.893403,0.0,0.0
2035-11-18,7,0,reserve,system,2732.006478,0.0,0.0,2732.006478,0.0,0.0
2035-11-18,8,0,reserve,system,2674.276623,0.0,0.0,2674.276623,0.0,0.0
2035-11-18,9,0,reserve,system,2594.841667,0.0,0.0,2594.841667,0.0,0.0
2035-11-18,10,0,reserve,system,2526.306483,0.0,0.0,2526.306483,0.0,0.0
2035-11-18,11,0,reserve,system,2485.965536,0.0,0.0,2485.965536,0.0,0.0
2035-11-18,12,0,reserve,system,2473.844026,0.0,0.0,2473.844026,0.0,0.0
2035-11-18,13,0,reserve,system,2483.643483,0.0,0.0,2483.643483,0.0,0.0
2035-11-18,14,0,reserve,system,2482.957265,0.0,0.0,2482.957265,0.0,0.0
2035-11-18,15,0,reserve,system,2501.414134,0.0,0.0,2501.414134,0.0,0.0
2035-11-18,16,0,reserve,system,2538.739913,0.0,0.0,2538.739913,0.0,0.0
2035-11-18,17,0,reserve,system,2563.590858,0.0,0.0,2563.590858,0.0,0.0
2035-11-18,18,0,reserve,system,2565.779967,0.0,0.0,2565.779967,0.0,0.0
2035-11-18,19,0,reserve,system,2555.925751,0.0,0.0,2555.925751,0.0,0.0
2035-11-18,20,0,reserve,system,2527.432358,0.0,0.0,2527.432358,0.0,0.0
2035-11-18,21,0,reserve,system,2481.77967,0.0,0.0,2481.77967,0.0,0.0
2035-11-18,22,0,reserve,system,2407.898687,0.0,0.0,2407.898687,0.0,0.0
2035-11-18,23,0,reserve,system,2330.158093,0.0,0.0,2330.158093,0.0,0.0
2035-11-19,0,0,reserve,system,2285.758565,0.0,0.0,2285.758565,0.0,0.0
2035-11-19,1,0,reserve,system,2273.863637,0.0,0.0,2273.863637,0.0,0.0
2035-11-19,2,0,reserve,system,2273.60536,0.0,0.0,2273.60536,0.0,0.0
2035-11-19,3,0,reserve,system,2291.78723,0.0,0.0,2291.78723,0.0,0.0
2035-11-19,4,0,reserve,system,2337.043344,0.0,0.0,2337.043344,0.0,0.0
2035-11-19,5,0,reserve,system,2456.378026,0.0,0.0,2456.378026,0.0,0.0
2035-11-19,6,0,reserve,system,2576.453236,0.0,0.0,2576.453236,0.0,0.0
2035-11-19,7,0,reserve,system,2591.464797,0.0,0.0,2591.464797,0.0,0.0
2035-11-19,8,0,reserve,system,2560.763498,0.0,0.0,2560.763498,0.0,0.0
2035-11-19,9,0,reserve,system,2507.512342,0.0,0.0,2507.512342,0.0,0.0
2035-11-19,10,0,reserve,system,2453.979675,0.0,0.0,2453.979675,0.0,0.0
2035-11-19,11,0,reserve,system,2446.573071,0.0,0.0,2446.573071,0.0,0.0
2035-11-19,12,0,reserve,system,2459.39841,0.0,0.0,2459.39841,0.0,0.0
2035-11-19,13,0,reserve,system,2484.842238,0.0,0.0,2484.842238,0.0,0.0
2035-11-19,14,0,reserve,system,2502.621084,0.0,0.0,2502.621084,0.0,0.0
2035-11-19,15,0,reserve,system,2525.227077,0.0,0.0,2525.227077,0.0,0.0
2035-11-19,16,0,reserve,system,2567.584016,0.0,0.0,2567.584016,0.0,0.0
2035-11-19,17,0,reserve,system,2593.443411,0.0,0.0,2593.443411,0.0,0.0
2035-11-19,18,0,reserve,system,2600.282002,0.0,0.0,2600.282002,0.0,0.0
2035-11-19,19,0,reserve,system,2591.211784,0.0,0.0,2591.211784,0.0,0.0
2035-11-19,20,0,reserve,system,2575.514505,0.0,0.0,2575.514505,0.0,0.0
2035-11-19,21,0,reserve,system,2531.134169,0.0,0.0,2531.134169,0.0,0.0
2035-11-19,22,0,reserve,system,2437.369712,0.0,0.0,2437.369712,0.0,0.0
2035-11-19,23,0,reserve,system,2348.996384,0.0,0.0,2348.996384,0.0,0.0
2035-11-20,0,0,reserve,system,2290.681532,0.0,0.0,2290.681532,0.0,0.0
2035-11-20,1,0,reserve,system,2253.846205,0.0,0.0,2253.846205,0.0,0.0
2035-11-20,2,0,reserve,system,2248.475974,0.0,0.0,2248.475974,0.0,0.0
2035-11-20,3,0,reserve,system,2250.959799,0.0,0.0,2250.959799,0.0,0.0
2035-11-20,4,0,reserve,system,2287.691977,0.0,0.0,2287.691977,0.0,0.0
2035-11-20,5,0,reserve,system,2359.775954,0.0,0.0,2359.775954,0.0,0.0
2035-11-20,6,0,reserve,system,2474.366794,0.0,0.0,2474.366794,0.0,0.0
2035-11-20,7,0,reserve,system,2490.873331,0.0,0.0,2490.873331,0.0,0.0
2035-11-20,8,0,reserve,system,2489.267026,0.0,0.0,2489.267026,0.0,0.0
2035-11-20,9,0,reserve,system,2477.497483,0.0,0.0,2477.497483,0.0,0.0
2035-11-20,10,0,reserve,system,2462.946391,0.0,0.0,2462.946391,0.0,0.0
2035-11-20,11,0,reserve,system,2456.604021,0.0,0.0,2456.604021,0.0,0.0
2035-11-20,12,0,reserve,system,2468.751933,0.0,0.0,2468.751933,0.0,0.0
2035-11-20,13,0,reserve,system,2501.260203,0.0,0.0,2501.260203,0.0,0.0
2035-11-20,14,0,reserve,system,2536.661858,0.0,0.0,2536.661858,0.0,0.0
2035-11-20,15,0,reserve,system,2590.22024,0.0,0.0,2590.22024,0.0,0.0
2035-11-20,16,0,reserve,system,2648.104251,0.0,0.0,2648.104251,0.0,0.0
2035-11-20,17,0,reserve,system,2673.625868,0.0,0.0,2673.625868,0.0,0.0
2035-11-20,18,0,reserve,system,2664.195192,0.0,0.0,2664.195192,0.0,0.0
2035-11-20,19,0,reserve,system,2642.613088,0.0,0.0,2642.613088,0.0,0.0
2035-11-20,20,0,reserve,system,2616.071703,0.0,0.0,2616.071703,0.0,0.0
2035-11-20,21,0,reserve,system,2568.042094,0.0,0.0,2568.042094,0.0,0.0
2035-11-20,22,0,reserve,system,2496.158476,0.0,0.0,2496.158476,0.0,0.0
2035-11-20,23,0,reserve,system,2394.586142,0.0,0.0,2394.586142,0.0,0.0
2035-11-21,0,0,reserve,system,2313.822938,0.0,0.0,2313.822938,0.0,0.0
2035-11-21,1,0,reserve,system,2248.278093,0.0,0.0,2248.278093,0.0,0.0
2035-11-21,2,0,reserve,system,2220.017504,0.0,0.0,2220.017504,0.0,0.0
2035-11-21,3,0,reserve,system,2199.846424,0.0,0.0,2199.846424,0.0,0.0
2035-11-21,4,0,reserve,system,2222.960952,0.0,0.0,2222.960952,0.0,0.0
2035-11-21,5,0,reserve,system,2276.396227,0.0,0.0,2276.396227,0.0,0.0
2035-11-21,6,0,reserve,system,2367.430886,0.0,0.0,2367.430886,0.0,0.0
2035-11-21,7,0,reserve,system,2400.935141,0.0,0.0,2400.935141,0.0,0.0
2035-11-21,8,0,reserve,system,2407.492932,0.0,0.0,2407.492932,0.0,0.0
2035-11-21,9,0,reserve,system,2437.468374,0.0,0.0,2437.468374,0.0,0.0
2035-11-21,10,0,reserve,system,2469.951029,0.0,0.0,2469.951029,0.0,0.0
2035-11-21,11,0,reserve,system,2522.637404,0.0,0.0,2522.637404,0.0,0.0
2035-11-21,12,0,reserve,system,2592.80792,0.0,0.0,2592.80792,0.0,0.0
2035-11-21,13,0,reserve,system,2661.20213,0.0,0.0,2661.20213,0.0,0.0
2035-11-21,14,0,reserve,system,2703.012717,0.0,0.0,2703.012717,0.0,0.0
2035-11-21,15,0,reserve,system,2734.1315,0.0,0.0,2734.1315,0.0,0.0
2035-11-21,16,0,reserve,system,2753.626192,0.0,0.0,2753.626192,0.0,0.0
2035-11-21,17,0,reserve,system,2720.831509,0.0,0.0,2720.831509,0.0,0.0
2035-11-21,18,0,reserve,system,2677.44314,0.0,0.0,2677.44314,0.0,0.0
2035-11-21,19,0,reserve,system,2650.392439,0.0,0.0,2650.392439,0.0,0.0
2035-11-21,20,0,reserve,system,2604.913264,0.0,0.0,2604.913264,0.0,0.0
2035-11-21,21,0,reserve,system,2538.730327,0.0,0.0,2538.730327,0.0,0.0
2035-11-21,22,0,reserve,system,2448.68461,0.0,0.0,2448.68461,0.0,0.0
2035-11-21,23,0,reserve,system,2352.914172,0.0,0.0,2352.914172,0.0,0.0
2035-11-22,0,0,reserve,system,2262.186648,0.0,0.0,2262.186648,0.0,0.0
2035-11-22,1,0,reserve,system,2209.666499,0.0,0.0,2209.666499,0.0,0.0
2035-11-22,2,0,reserve,system,2187.1374,0.0,0.0,2187.1374,0.0,0.0
2035-11-22,3,0,reserve,system,2186.259523,0.0,0.0,2186.259523,0.0,0.0
2035-11-22,4,0,reserve,system,2237.860224,0.0,0.0,2237.860224,0.0,0.0
2035-11-22,5,0,reserve,system,2373.32366,0.0,0.0,2373.32366,0.0,0.0
2035-11-22,6,0,reserve,system,2566.120612,0.0,0.0,2566.120612,0.0,0.0
2035-11-22,7,0,reserve,system,2611.186496,0.0,0.0,2611.186496,0.0,0.0
2035-11-22,8,0,reserve,system,2569.309981,0.0,0.0,2569.309981,0.0,0.0
2035-11-22,9,0,reserve,system,2561.827866,0.0,0.0,2561.827866,0.0,0.0
2035-11-22,10,0,reserve,system,2567.122344,0.0,0.0,2567.122344,0.0,0.0
2035-11-22,11,0,reserve,system,2576.97701,0.0,0.0,2576.97701,0.0,0.0
2035-11-22,12,0,reserve,system,2577.364934,0.0,0.0,2577.364934,0.0,0.0
2035-11-22,13,0,reserve,system,2604.764224,0.0,0.0,2604.764224,0.0,0.0
2035-11-22,14,0,reserve,system,2626.834801,0.0,0.0,2626.834801,0.0,0.0
2035-11-22,15,0,reserve,system,2659.361811,0.0,0.0,2659.361811,0.0,0.0
2035-11-22,16,0,reserve,system,2718.741801,0.0,0.0,2718.741801,0.0,0.0
2035-11-22,17,0,reserve,system,2753.34729,0.0,0.0,2753.34729,0.0,0.0
2035-11-22,18,0,reserve,system,2739.945013,0.0,0.0,2739.945013,0.0,0.0
2035-11-22,19,0,reserve,system,2727.648852,0.0,0.0,2727.648852,0.0,0.0
2035-11-22,20,0,reserve,system,2720.577802,0.0,0.0,2720.577802,0.0,0.0
2035-11-22,21,0,reserve,system,2705.358399,0.0,0.0,2705.358399,0.0,0.0
2035-11-22,22,0,reserve,system,2647.202359,0.0,0.0,2647.202359,0.0,0.0
2035-11-22,23,0,reserve,system,2596.229758,0.0,0.0,2596.229758,0.0,0.0
2035-11-23,0,0,reserve,system,2564.917519,0.0,0.0,2564.917519,0.0,0.0
2035-11-23,1,0,reserve,system,2568.984288,0.0,0.0,2568.984288,0.0,0.0
2035-11-23,2,0,reserve,system,2595.593609,0.0,0.0,2595.593609,0.0,0.0
2035-11-23,3,0,reserve,system,2617.588583,0.0,0.0,2617.588583,0.0,0.0
2035-11-23,4,0,reserve,system,2685.240316,0.0,0.0,2685.240316,0.0,0.0
2035-11-23,5,0,reserve,system,2785.466438,0.0,0.0,2785.466438,0.0,0.0
2035-11-23,6,0,reserve,system,2878.141072,0.0,0.0,2878.141072,0.0,0.0
2035-11-23,7,0,reserve,system,2946.291849,0.0,0.0,2946.291849,0.0,0.0
2035-11-23,8,0,reserve,system,2914.021974,0.0,0.0,2914.021974,0.0,0.0
2035-11-23,9,0,reserve,system,2818.89998,0.0,0.0,2818.89998,0.0,0.0
2035-11-23,10,0,reserve,system,2673.579498,0.0,0.0,2673.579498,0.0,0.0
2035-11-23,11,0,reserve,system,2544.490079,0.0,0.0,2544.490079,0.0,0.0
2035-11-23,12,0,reserve,system,2441.554173,0.0,0.0,2441.554173,0.0,0.0
2035-11-23,13,0,reserve,system,2377.29932,0.0,0.0,2377.29932,0.0,0.0
2035-11-23,14,0,reserve,system,2353.005688,0.0,0.0,2353.005688,0.0,0.0
2035-11-23,15,0,reserve,system,2362.530645,0.0,0.0,2362.530645,0.0,0.0
2035-11-23,16,0,reserve,system,2429.944971,0.0,0.0,2429.944971,0.0,0.0
2035-11-23,17,0,reserve,system,2504.214363,0.0,0.0,2504.214363,0.0,0.0
2035-11-23,18,0,reserve,system,2532.144836,0.0,0.0,2532.144836,0.0,0.0
2035-11-23,19,0,reserve,system,2542.017916,0.0,0.0,2542.017916,0.0,0.0
2035-11-23,20,0,reserve,system,2559.39216,0.0,0.0,2559.39216,0.0,0.0
2035-11-23,21,0,reserve,system,2561.14195,0.0,0.0,2561.14195,0.0,0.0
2035-11-23,22,0,reserve,system,2563.904413,0.0,0.0,2563.904413,0.0,0.0
2035-11-23,23,0,reserve,system,2571.755336,0.0,0.0,2571.755336,0.0,0.0
2035-11-24,0,0,reserve,system,2588.590469,0.0,0.0,2588.590469,0.0,0.0
2035-11-24,1,0,reserve,system,2600.711559,0.0,0.0,2600.711559,0.0,0.0
2035-11-24,2,0,reserve,system,2634.171207,0.0,0.0,2634.171207,0.0,0.0
2035-11-24,3,0,reserve,system,2655.205739,0.0,0.0,2655.205739,0.0,0.0
2035-11-24,4,0,reserve,system,2694.616741,0.0,0.0,2694.616741,0.0,0.0
2035-11-24,5,0,reserve,system,2699.899209,0.0,0.0,2699.899209,0.0,0.0
2035-11-24,6,0,reserve,system,2689.867197,0.0,0.0,2689.867197,0.0,0.0
2035-11-24,7,0,reserve,system,2708.266288,0.0,0.0,2708.266288,0.0,0.0
2035-11-24,8,0,reserve,system,2667.54033,0.0,0.0,2667.54033,0.0,0.0
2035-11-24,9,0,reserve,system,2538.098948,0.0,0.0,2538.098948,0.0,0.0
2035-11-24,10,0,reserve,system,2399.021231,0.0,0.0,2399.021231,0.0,0.0
2035-11-24,11,0,reserve,system,2275.055912,0.0,0.0,2275.055912,0.0,0.0
2035-11-24,12,0,reserve,system,2230.75528,0.0,0.0,2230.75528,0.0,0.0
2035-11-24,13,0,reserve,system,2223.209405,0.0,0.0,2223.209405,0.0,0.0
2035-11-24,14,0,reserve,system,2237.08883,0.0,0.0,2237.08883,0.0,0.0
2035-11-24,15,0,reserve,system,2270.524123,0.0,0.0,2270.524123,0.0,0.0
2035-11-24,16,0,reserve,system,2327.78208,0.0,0.0,2327.78208,0.0,0.0
2035-11-24,17,0,reserve,system,2391.731639,0.0,0.0,2391.731639,0.0,0.0
2035-11-24,18,0,reserve,system,2393.701352,0.0,0.0,2393.701352,0.0,0.0
2035-11-24,19,0,reserve,system,2403.51775,0.0,0.0,2403.51775,0.0,0.0
2035-11-24,20,0,reserve,system,2394.24305,0.0,0.0,2394.24305,0.0,0.0
2035-11-24,21,0,reserve,system,2388.573106,0.0,0.0,2388.573106,0.0,0.0
2035-11-24,22,0,reserve,system,2366.368467,0.0,0.0,2366.368467,0.0,0.0
2035-11-24,23,0,reserve,system,2305.454412,0.0,0.0,2305.454412,0.0,0.0
2035-11-25,0,0,reserve,system,2266.349723,0.0,0.0,2266.349723,0.0,0.0
2035-11-25,1,0,reserve,system,2242.487311,0.0,0.0,2242.487311,0.0,0.0
2035-11-25,2,0,reserve,system,2233.614744,0.0,0.0,2233.614744,0.0,0.0
2035-11-25,3,0,reserve,system,2239.383715,0.0,0.0,2239.383715,0.0,0.0
2035-11-25,4,0,reserve,system,2274.854107,0.0,0.0,2274.854107,0.0,0.0
2035-11-25,5,0,reserve,system,2337.056784,0.0,0.0,2337.056784,0.0,0.0
2035-11-25,6,0,reserve,system,2383.005068,0.0,0.0,2383.005068,0.0,0.0
2035-11-25,7,0,reserve,system,2431.822507,0.0,0.0,2431.822507,0.0,0.0
2035-11-25,8,0,reserve,system,2442.01135,0.0,0.0,2442.01135,0.0,0.0
2035-11-25,9,0,reserve,system,2436.354437,0.0,0.0,2436.354437,0.0,0.0
2035-11-25,10,0,reserve,system,2442.808495,0.0,0.0,2442.808495,0.0,0.0
2035-11-25,11,0,reserve,system,2440.671215,0.0,0.0,2440.671215,0.0,0.0
2035-11-25,12,0,reserve,system,2451.31793,0.0,0.0,2451.31793,0.0,0.0
2035-11-25,13,0,reserve,system,2496.510955,0.0,0.0,2496.510955,0.0,0.0
2035-11-25,14,0,reserve,system,2555.756233,0.0,0.0,2555.756233,0.0,0.0
2035-11-25,15,0,reserve,system,2617.862779,0.0,0.0,2617.862779,0.0,0.0
2035-11-25,16,0,reserve,system,2657.002291,0.0,0.0,2657.002291,0.0,0.0
2035-11-25,17,0,reserve,system,2689.798329,0.0,0.0,2689.798329,0.0,0.0
2035-11-25,18,0,reserve,system,2667.030014,0.0,0.0,2667.030014,0.0,0.0
2035-11-25,19,0,reserve,system,2637.636061,0.0,0.0,2637.636061,0.0,0.0
2035-11-25,20,0,reserve,system,2594.888837,0.0,0.0,2594.888837,0.0,0.0
2035-11-25,21,0,reserve,system,2567.558036,0.0,0.0,2567.558036,0.0,0.0
2035-11-25,22,0,reserve,system,2490.732495,0.0,0.0,2490.732495,0.0,0.0
2035-11-25,23,0,reserve,system,2407.227331,0.0,0.0,2407.227331,0.0,0.0
2035-11-26,0,0,reserve,system,2337.2251,0.0,0.0,2337.2251,0.0,0.0
2035-11-26,1,0,reserve,system,2306.062646,0.0,0.0,2306.062646,0.0,0.0
2035-11-26,2,0,reserve,system,2278.48435,0.0,0.0,2278.48435,0.0,0.0
2035-11-26,3,0,reserve,system,2267.513552,0.0,0.0,2267.513552,0.0,0.0
2035-11-26,4,0,reserve,system,2271.621605,0.0,0.0,2271.621605,0.0,0.0
2035-11-26,5,0,reserve,system,2324.081566,0.0,0.0,2324.081566,0.0,0.0
2035-11-26,6,0,reserve,system,2415.063454,0.0,0.0,2415.063454,0.0,0.0
2035-11-26,7,0,reserve,system,2437.555037,0.0,0.0,2437.555037,0.0,0.0
2035-11-26,8,0,reserve,system,2441.441307,0.0,0.0,2441.441307,0.0,0.0
2035-11-26,9,0,reserve,system,2434.602269,0.0,0.0,2434.602269,0.0,0.0
2035-11-26,10,0,reserve,system,2443.362583,0.0,0.0,2443.362583,0.0,0.0
2035-11-26,11,0,reserve,system,2478.535989,0.0,0.0,2478.535989,0.0,0.0
2035-11-26,12,0,reserve,system,2485.797108,0.0,0.0,2485.797108,0.0,0.0
2035-11-26,13,0,reserve,system,2510.730595,0.0,0.0,2510.730595,0.0,0.0
2035-11-26,14,0,reserve,system,2552.877229,0.0,0.0,2552.877229,0.0,0.0
2035-11-26,15,0,reserve,system,2615.132844,0.0,0.0,2615.132844,0.0,0.0
2035-11-26,16,0,reserve,system,2689.238146,0.0,0.0,2689.238146,0.0,0.0
2035-11-26,17,0,reserve,system,2756.598628,0.0,0.0,2756.598628,0.0,0.0
2035-11-26,18,0,reserve,system,2741.804774,0.0,0.0,2741.804774,0.0,0.0
2035-11-26,19,0,reserve,system,2728.369809,0.0,0.0,2728.369809,0.0,0.0
2035-11-26,20,0,reserve,system,2694.439896,0.0,0.0,2694.439896,0.0,0.0
2035-11-26,21,0,reserve,system,2649.166327,0.0,0.0,2649.166327,0.0,0.0
2035-11-26,22,0,reserve,system,2572.927493,0.0,0.0,2572.927493,0.0,0.0
2035-11-26,23,0,reserve,system,2485.732362,0.0,0.0,2485.732362,0.0,0.0
2035-11-27,0,0,reserve,system,2422.205933,0.0,0.0,2422.205933,0.0,0.0
2035-11-27,1,0,reserve,system,2397.329221,0.0,0.0,2397.329221,0.0,0.0
2035-11-27,2,0,reserve,system,2415.140827,0.0,0.0,2415.140827,0.0,0.0
2035-11-27,3,0,reserve,system,2410.403229,0.0,0.0,2410.403229,0.0,0.0
2035-11-27,4,0,reserve,system,2451.619752,0.0,0.0,2451.619752,0.0,0.0
2035-11-27,5,0,reserve,system,2564.793195,0.0,0.0,2564.793195,0.0,0.0
2035-11-27,6,0,reserve,system,2711.223655,0.0,0.0,2711.223655,0.0,0.0
2035-11-27,7,0,reserve,system,2778.241196,0.0,0.0,2778.241196,0.0,0.0
2035-11-27,8,0,reserve,system,2743.379699,0.0,0.0,2743.379699,0.0,0.0
2035-11-27,9,0,reserve,system,2680.376047,0.0,0.0,2680.376047,0.0,0.0
2035-11-27,10,0,reserve,system,2593.676912,0.0,0.0,2593.676912,0.0,0.0
2035-11-27,11,0,reserve,system,2530.023544,0.0,0.0,2530.023544,0.0,0.0
2035-11-27,12,0,reserve,system,2505.825342,0.0,0.0,2505.825342,0.0,0.0
2035-11-27,13,0,reserve,system,2530.430638,0.0,0.0,2530.430638,0.0,0.0
2035-11-27,14,0,reserve,system,2576.213639,0.0,0.0,2576.213639,0.0,0.0
2035-11-27,15,0,reserve,system,2663.906549,0.0,0.0,2663.906549,0.0,0.0
2035-11-27,16,0,reserve,system,2808.609436,0.0,0.0,2808.609436,0.0,0.0
2035-11-27,17,0,reserve,system,2907.420257,0.0,0.0,2907.420257,0.0,0.0
2035-11-27,18,0,reserve,system,2910.434963,0.0,0.0,2910.434963,0.0,0.0
2035-11-27,19,0,reserve,system,2890.051712,0.0,0.0,2890.051712,0.0,0.0
2035-11-27,20,0,reserve,system,2868.225349,0.0,0.0,2868.225349,0.0,0.0
2035-11-27,21,0,reserve,system,2815.244351,0.0,0.0,2815.244351,0.0,0.0
2035-11-27,22,0,reserve,system,2740.311341,0.0,0.0,2740.311341,0.0,0.0
2035-11-27,23,0,reserve,system,2669.89311,0.0,0.0,2669.89311,0.0,0.0
2035-11-28,0,0,reserve,system,2599.579453,0.0,0.0,2599.579453,0.0,0.0
2035-11-28,1,0,reserve,system,2551.33304,0.0,0.0,2551.33304,0.0,0.0
2035-11-28,2,0,reserve,system,2547.182185,0.0,0.0,2547.182185,0.0,0.0
2035-11-28,3,0,reserve,system,2543.618284,0.0,0.0,2543.618284,0.0,0.0
2035-11-28,4,0,reserve,system,2567.977198,0.0,0.0,2567.977198,0.0,0.0
2035-11-28,5,0,reserve,system,2622.209516,0.0,0.0,2622.209516,0.0,0.0
2035-11-28,6,0,reserve,system,2670.731792,0.0,0.0,2670.731792,0.0,0.0
2035-11-28,7,0,reserve,system,2706.739507,0.0,0.0,2706.739507,0.0,0.0
2035-11-28,8,0,reserve,system,2755.490398,0.0,0.0,2755.490398,0.0,0.0
2035-11-28,9,0,reserve,system,2780.846635,0.0,0.0,2780.846635,0.0,0.0
2035-11-28,10,0,reserve,system,2752.083105,0.0,0.0,2752.083105,0.0,0.0
2035-11-28,11,0,reserve,system,2708.996477,0.0,0.0,2708.996477,0.0,0.0
2035-11-28,12,0,reserve,system,2624.029331,0.0,0.0,2624.029331,0.0,0.0
2035-11-28,13,0,reserve,system,2545.185114,0.0,0.0,2545.185114,0.0,0.0
2035-11-28,14,0,reserve,system,2502.167005,0.0,0.0,2502.167005,0.0,0.0
2035-11-28,15,0,reserve,system,2490.020382,0.0,0.0,2490.020382,0.0,0.0
2035-11-28,16,0,reserve,system,2509.053341,0.0,0.0,2509.053341,0.0,0.0
2035-11-28,17,0,reserve,system,2557.775761,0.0,0.0,2557.775761,0.0,0.0
2035-11-28,18,0,reserve,system,2527.374403,0.0,0.0,2527.374403,0.0,0.0
2035-11-28,19,0,reserve,system,2539.333197,0.0,0.0,2539.333197,0.0,0.0
2035-11-28,20,0,reserve,system,2548.73976,0.0,0.0,2548.73976,0.0,0.0
2035-11-28,21,0,reserve,system,2545.902042,0.0,0.0,2545.902042,0.0,0.0
2035-11-28,22,0,reserve,system,2524.678714,0.0,0.0,2524.678714,0.0,0.0
2035-11-28,23,0,reserve,system,2493.21629,0.0,0.0,2493.21629,0.0,0.0
2035-11-29,0,0,reserve,system,2474.489754,0.0,0.0,2474.489754,0.0,0.0
2035-11-29,1,0,reserve,system,2456.497788,0.0,0.0,2456.497788,0.0,0.0
2035-11-29,2,0,reserve,system,2459.607907,0.0,0.0,2459.607907,0.0,0.0
2035-11-29,3,0,reserve,system,2458.798262,0.0,0.0,2458.798262,0.0,0.0
2035-11-29,4,0,reserve,system,2503.057909,0.0,0.0,2503.057909,0.0,0.0
2035-11-29,5,0,reserve,system,2566.466714,0.0,0.0,2566.466714,0.0,0.0
2035-11-29,6,0,reserve,system,2612.968342,0.0,0.0,2612.968342,0.0,0.0
2035-11-29,7,0,reserve,system,2636.575959,0.0,0.0,2636.575959,0.0,0.0
2035-11-29,8,0,reserve,system,2616.892728,0.0,0.0,2616.892728,0.0,0.0
2035-11-29,9,0,reserve,system,2601.024828,0.0,0.0,2601.024828,0.0,0.0
2035-11-29,10,0,reserve,system,2590.07113,0.0,0.0,2590.07113,0.0,0.0
2035-11-29,11,0,reserve,system,2594.900928,0.0,0.0,2594.900928,0.0,0.0
2035-11-29,12,0,reserve,system,2597.386074,0.0,0.0,2597.386074,0.0,0.0
2035-11-29,13,0,reserve,system,2602.735874,0.0,0.0,2602.735874,0.0,0.0
2035-11-29,14,0,reserve,system,2600.595063,0.0,0.0,2600.595063,0.0,0.0
2035-11-29,15,0,reserve,system,2617.597711,0.0,0.0,2617.597711,0.0,0.0
2035-11-29,16,0,reserve,system,2665.731016,0.0,0.0,2665.731016,0.0,0.0
2035-11-29,17,0,reserve,system,2707.76587,0.0,0.0,2707.76587,0.0,0.0
2035-11-29,18,0,reserve,system,2651.08895,0.0,0.0,2651.08895,0.0,0.0
2035-11-29,19,0,reserve,system,2609.757877,0.0,0.0,2609.757877,0.0,0.0
2035-11-29,20,0,reserve,system,2575.189858,0.0,0.0,2575.189858,0.0,0.0
2035-11-29,21,0,reserve,system,2538.311229,0.0,0.0,2538.311229,0.0,0.0
2035-11-29,22,0,reserve,system,2496.690828,0.0,0.0,2496.690828,0.0,0.0
2035-11-29,23,0,reserve,system,2437.537526,0.0,0.0,2437.537526,0.0,0.0
2035-11-30,0,0,reserve,system,2365.987715,0.0,0.0,2365.987715,0.0,0.0
2035-11-30,1,0,reserve,system,2322.62156,0.0,0.0,2322.62156,0.0,0.0
2035-11-30,2,0,reserve,system,2298.091125,0.0,0.0,2298.091125,0.0,0.0
2035-11-30,3,0,reserve,system,2284.708841,0.0,0.0,2284.708841,0.0,0.0
2035-11-30,4,0,reserve,system,2288.740269,0.0,0.0,2288.740269,0.0,0.0
2035-11-30,5,0,reserve,system,2319.743121,0.0,0.0,2319.743121,0.0,0.0
2035-11-30,6,0,reserve,system,2350.45688,0.0,0.0,2350.45688,0.0,0.0
2035-11-30,7,0,reserve,system,2391.962391,0.0,0.0,2391.962391,0.0,0.0
2035-11-30,8,0,reserve,system,2452.683824,0.0,0.0,2452.683824,0.0,0.0
2035-11-30,9,0,reserve,system,2512.010165,0.0,0.0,2512.010165,0.0,0.0
2035-11-30,10,0,reserve,system,2574.042833,0.0,0.0,2574.042833,0.0,0.0
2035-11-30,11,0,reserve,system,2624.86172,0.0,0.0,2624.86172,0.0,0.0
2035-11-30,12,0,reserve,system,2666.32584,0.0,0.0,2666.32584,0.0,0.0
2035-11-30,13,0,reserve,system,2712.982453,0.0,0.0,2712.982453,0.0,0.0
2035-11-30,14,0,reserve,system,2727.973619,0.0,0.0,2727.973619,0.0,0.0
2035-11-30,15,0,reserve,system,2752.285343,0.0,0.0,2752.285343,0.0,0.0
2035-11-30,16,0,reserve,system,2766.97069,0.0,0.0,2766.97069,0.0,0.0
2035-11-30,17,0,reserve,system,2721.519713,0.0,0.0,2721.519713,0.0,0.0
2035-11-30,18,0,reserve,system,2653.813246,0.0,0.0,2653.813246,0.0,0.0
2035-11-30,19,0,reserve,system,2587.366127,0.0,0.0,2587.366127,0.0,0.0
2035-11-30,20,0,reserve,system,2541.795111,0.0,0.0,2541.795111,0.0,0.0
2035-11-30,21,0,reserve,system,2506.375624,0.0,0.0,2506.375624,0.0,0.0
2035-11-30,22,0,reserve,system,2483.654436,0.0,0.0,2483.654436,0.0,0.0
2035-11-30,23,0,reserve,system,2426.429787,0.0,0.0,2426.429787,0.0,0.0
2035-12-01,0,0,reserve,system,2329.699926,0.0,0.0,2329.699926,0.0,0.0
2035-12-01,1,0,reserve,system,2279.635325,0.0,0.0,2279.635325,0.0,0.0
2035-12-01,2,0,reserve,system,2252.673727,0.0,0.0,2252.673727,0.0,0.0
2035-12-01,3,0,reserve,system,2233.217556,0.0,0.0,2233.217556,0.0,0.0
2035-12-01,4,0,reserve,system,2235.90955,0.0,0.0,2235.90955,0.0,0.0
2035-12-01,5,0,reserve,system,2228.013902,0.0,0.0,2228.013902,0.0,0.0
2035-12-01,6,0,reserve,system,2216.832226,0.0,0.0,2216.832226,0.0,0.0
2035-12-01,7,0,reserve,system,2271.687184,0.0,0.0,2271.687184,0.0,0.0
2035-12-01,8,0,reserve,system,2361.668081,0.0,0.0,2361.668081,0.0,0.0
2035-12-01,9,0,reserve,system,2386.016917,0.0,0.0,2386.016917,0.0,0.0
2035-12-01,10,0,reserve,system,2373.374323,0.0,0.0,2373.374323,0.0,0.0
2035-12-01,11,0,reserve,system,2318.541782,0.0,0.0,2318.541782,0.0,0.0
2035-12-01,12,0,reserve,system,2309.450335,0.0,0.0,2309.450335,0.0,0.0
2035-12-01,13,0,reserve,system,2308.846793,0.0,0.0,2308.846793,0.0,0.0
2035-12-01,14,0,reserve,system,2292.560377,0.0,0.0,2292.560377,0.0,0.0
2035-12-01,15,0,reserve,system,2314.102551,0.0,0.0,2314.102551,0.0,0.0
2035-12-01,16,0,reserve,system,2354.978681,0.0,0.0,2354.978681,0.0,0.0
2035-12-01,17,0,reserve,system,2442.977769,0.0,0.0,2442.977769,0.0,0.0
2035-12-01,18,0,reserve,system,2536.238694,0.0,0.0,2536.238694,0.0,0.0
2035-12-01,19,0,reserve,system,2556.724831,0.0,0.0,2556.724831,0.0,0.0
2035-12-01,20,0,reserve,system,2545.066745,0.0,0.0,2545.066745,0.0,0.0
2035-12-01,21,0,reserve,system,2519.057429,0.0,0.0,2519.057429,0.0,0.0
2035-12-01,22,0,reserve,system,2460.516368,0.0,0.0,2460.516368,0.0,0.0
2035-12-01,23,0,reserve,system,2405.293789,0.0,0.0,2405.293789,0.0,0.0
2035-12-02,0,0,reserve,system,2362.310313,0.0,0.0,2362.310313,0.0,0.0
2035-12-02,1,0,reserve,system,2350.399634,0.0,0.0,2350.399634,0.0,0.0
2035-12-02,2,0,reserve,system,2353.807061,0.0,0.0,2353.807061,0.0,0.0
2035-12-02,3,0,reserve,system,2382.338279,0.0,0.0,2382.338279,0.0,0.0
2035-12-02,4,0,reserve,system,2449.67237,0.0,0.0,2449.67237,0.0,0.0
2035-12-02,5,0,reserve,system,2593.326189,0.0,0.0,2593.326189,0.0,0.0
2035-12-02,6,0,reserve,system,2792.547743,0.0,0.0,2792.547743,0.0,0.0
2035-12-02,7,0,reserve,system,2871.312521,0.0,0.0,2871.312521,0.0,0.0
2035-12-02,8,0,reserve,system,2798.978673,0.0,0.0,2798.978673,0.0,0.0
2035-12-02,9,0,reserve,system,2669.053109,0.0,0.0,2669.053109,0.0,0.0
2035-12-02,10,0,reserve,system,2546.946505,0.0,0.0,2546.946505,0.0,0.0
2035-12-02,11,0,reserve,system,2439.012612,0.0,0.0,2439.012612,0.0,0.0
2035-12-02,12,0,reserve,system,2371.419268,0.0,0.0,2371.419268,0.0,0.0
2035-12-02,13,0,reserve,system,2349.801886,0.0,0.0,2349.801886,0.0,0.0
2035-12-02,14,0,reserve,system,2355.107451,0.0,0.0,2355.107451,0.0,0.0
2035-12-02,15,0,reserve,system,2381.690911,0.0,0.0,2381.690911,0.0,0.0
2035-12-02,16,0,reserve,system,2464.935575,0.0,0.0,2464.935575,0.0,0.0
2035-12-02,17,0,reserve,system,2605.138023,0.0,0.0,2605.138023,0.0,0.0
2035-12-02,18,0,reserve,system,2705.697963,0.0,0.0,2705.697963,0.0,0.0
2035-12-02,19,0,reserve,system,2734.293442,0.0,0.0,2734.293442,0.0,0.0
2035-12-02,20,0,reserve,system,2759.41441,0.0,0.0,2759.41441,0.0,0.0
2035-12-02,21,0,reserve,system,2752.66825,0.0,0.0,2752.66825,0.0,0.0
2035-12-02,22,0,reserve,system,2703.324606,0.0,0.0,2703.324606,0.0,0.0
2035-12-02,23,0,reserve,system,2673.761645,0.0,0.0,2673.761645,0.0,0.0
2035-12-03,0,0,reserve,system,2654.574972,0.0,0.0,2654.574972,0.0,0.0
2035-12-03,1,0,reserve,system,2653.244686,0.0,0.0,2653.244686,0.0,0.0
2035-12-03,2,0,reserve,system,2678.539863,0.0,0.0,2678.539863,0.0,0.0
2035-12-03,3,0,reserve,system,2721.586027,0.0,0.0,2721.586027,0.0,0.0
2035-12-03,4,0,reserve,system,2795.891072,0.0,0.0,2795.891072,0.0,0.0
2035-12-03,5,0,reserve,system,2931.841392,0.0,0.0,2931.841392,0.0,0.0
2035-12-03,6,0,reserve,system,3097.357702,0.0,0.0,3097.357702,0.0,0.0
2035-12-03,7,0,reserve,system,3124.805336,0.0,0.0,3124.805336,0.0,0.0
2035-12-03,8,0,reserve,system,2965.288862,0.0,0.0,2965.288862,0.0,0.0
2035-12-03,9,0,reserve,system,2743.107877,0.0,0.0,2743.107877,0.0,0.0
2035-12-03,10,0,reserve,system,2561.239106,0.0,0.0,2561.239106,0.0,0.0
2035-12-03,11,0,reserve,system,2455.92004,0.0,0.0,2455.92004,0.0,0.0
2035-12-03,12,0,reserve,system,2377.968436,0.0,0.0,2377.968436,0.0,0.0
2035-12-03,13,0,reserve,system,2353.832219,0.0,0.0,2353.832219,0.0,0.0
2035-12-03,14,0,reserve,system,2354.597143,0.0,0.0,2354.597143,0.0,0.0
2035-12-03,15,0,reserve,system,2385.364644,0.0,0.0,2385.364644,0.0,0.0
2035-12-03,16,0,reserve,system,2456.633804,0.0,0.0,2456.633804,0.0,0.0
2035-12-03,17,0,reserve,system,2559.228127,0.0,0.0,2559.228127,0.0,0.0
2035-12-03,18,0,reserve,system,2613.62662,0.0,0.0,2613.62662,0.0,0.0
2035-12-03,19,0,reserve,system,2621.380087,0.0,0.0,2621.380087,0.0,0.0
2035-12-03,20,0,reserve,system,2611.922907,0.0,0.0,2611.922907,0.0,0.0
2035-12-03,21,0,reserve,system,2561.851628,0.0,0.0,2561.851628,0.0,0.0
2035-12-03,22,0,reserve,system,2478.014055,0.0,0.0,2478.014055,0.0,0.0
2035-12-03,23,0,reserve,system,2405.638436,0.0,0.0,2405.638436,0.0,0.0
2035-12-04,0,0,reserve,system,2340.15783,0.0,0.0,2340.15783,0.0,0.0
2035-12-04,1,0,reserve,system,2314.794808,0.0,0.0,2314.794808,0.0,0.0
2035-12-04,2,0,reserve,system,2324.352077,0.0,0.0,2324.352077,0.0,0.0
2035-12-04,3,0,reserve,system,2347.582216,0.0,0.0,2347.582216,0.0,0.0
2035-12-04,4,0,reserve,system,2407.943679,0.0,0.0,2407.943679,0.0,0.0
2035-12-04,5,0,reserve,system,2533.839856,0.0,0.0,2533.839856,0.0,0.0
2035-12-04,6,0,reserve,system,2685.599889,0.0,0.0,2685.599889,0.0,0.0
2035-12-04,7,0,reserve,system,2717.795964,0.0,0.0,2717.795964,0.0,0.0
2035-12-04,8,0,reserve,system,2626.189909,0.0,0.0,2626.189909,0.0,0.0
2035-12-04,9,0,reserve,system,2508.193852,0.0,0.0,2508.193852,0.0,0.0
2035-12-04,10,0,reserve,system,2407.503427,0.0,0.0,2407.503427,0.0,0.0
2035-12-04,11,0,reserve,system,2335.271012,0.0,0.0,2335.271012,0.0,0.0
2035-12-04,12,0,reserve,system,2309.976831,0.0,0.0,2309.976831,0.0,0.0
2035-12-04,13,0,reserve,system,2327.76499,0.0,0.0,2327.76499,0.0,0.0
2035-12-04,14,0,reserve,system,2348.766763,0.0,0.0,2348.766763,0.0,0.0
2035-12-04,15,0,reserve,system,2385.988823,0.0,0.0,2385.988823,0.0,0.0
2035-12-04,16,0,reserve,system,2443.870106,0.0,0.0,2443.870106,0.0,0.0
2035-12-04,17,0,reserve,system,2525.056237,0.0,0.0,2525.056237,0.0,0.0
2035-12-04,18,0,reserve,system,2558.729444,0.0,0.0,2558.729444,0.0,0.0
2035-12-04,19,0,reserve,system,2536.4494,0.0,0.0,2536.4494,0.0,0.0
2035-12-04,20,0,reserve,system,2509.544017,0.0,0.0,2509.544017,0.0,0.0
2035-12-04,21,0,reserve,system,2452.741846,0.0,0.0,2452.741846,0.0,0.0
2035-12-04,22,0,reserve,system,2357.116793,0.0,0.0,2357.116793,0.0,0.0
2035-12-04,23,0,reserve,system,2250.740081,0.0,0.0,2250.740081,0.0,0.0
2035-12-05,0,0,reserve,system,2171.754287,0.0,0.0,2171.754287,0.0,0.0
2035-12-05,1,0,reserve,system,2138.166502,0.0,0.0,2138.166502,0.0,0.0
2035-12-05,2,0,reserve,system,2134.155859,0.0,0.0,2134.155859,0.0,0.0
2035-12-05,3,0,reserve,system,2143.509318,0.0,0.0,2143.509318,0.0,0.0
2035-12-05,4,0,reserve,system,2194.634152,0.0,0.0,2194.634152,0.0,0.0
2035-12-05,5,0,reserve,system,2319.973631,0.0,0.0,2319.973631,0.0,0.0
2035-12-05,6,0,reserve,system,2456.110805,0.0,0.0,2456.110805,0.0,0.0
2035-12-05,7,0,reserve,system,2490.258383,0.0,0.0,2490.258383,0.0,0.0
2035-12-05,8,0,reserve,system,2447.199448,0.0,0.0,2447.199448,0.0,0.0
2035-12-05,9,0,reserve,system,2392.043349,0.0,0.0,2392.043349,0.0,0.0
2035-12-05,10,0,reserve,system,2341.488013,0.0,0.0,2341.488013,0.0,0.0
2035-12-05,11,0,reserve,system,2321.878236,0.0,0.0,2321.878236,0.0,0.0
2035-12-05,12,0,reserve,system,2328.602299,0.0,0.0,2328.602299,0.0,0.0
2035-12-05,13,0,reserve,system,2362.131196,0.0,0.0,2362.131196,0.0,0.0
2035-12-05,14,0,reserve,system,2400.209086,0.0,0.0,2400.209086,0.0,0.0
2035-12-05,15,0,reserve,system,2435.584,0.0,0.0,2435.584,0.0,0.0
2035-12-05,16,0,reserve,system,2478.565128,0.0,0.0,2478.565128,0.0,0.0
2035-12-05,17,0,reserve,system,2521.023626,0.0,0.0,2521.023626,0.0,0.0
2035-12-05,18,0,reserve,system,2560.548153,0.0,0.0,2560.548153,0.0,0.0
2035-12-05,19,0,reserve,system,2548.059355,0.0,0.0,2548.059355,0.0,0.0
2035-12-05,20,0,reserve,system,2513.338063,0.0,0.0,2513.338063,0.0,0.0
2035-12-05,21,0,reserve,system,2445.331245,0.0,0.0,2445.331245,0.0,0.0
2035-12-05,22,0,reserve,system,2334.308383,0.0,0.0,2334.308383,0.0,0.0
2035-12-05,23,0,reserve,system,2205.389445,0.0,0.0,2205.389445,0.0,0.0
2035-12-06,0,0,reserve,system,2104.677684,0.0,0.0,2104.677684,0.0,0.0
2035-12-06,1,0,reserve,system,2050.518067,0.0,0.0,2050.518067,0.0,0.0
2035-12-06,2,0,reserve,system,2040.443678,0.0,0.0,2040.443678,0.0,0.0
2035-12-06,3,0,reserve,system,2037.535141,0.0,0.0,2037.535141,0.0,0.0
2035-12-06,4,0,reserve,system,2095.560368,0.0,0.0,2095.560368,0.0,0.0
2035-12-06,5,0,reserve,system,2228.983673,0.0,0.0,2228.983673,0.0,0.0
2035-12-06,6,0,reserve,system,2434.947268,0.0,0.0,2434.947268,0.0,0.0
2035-12-06,7,0,reserve,system,2493.786598,0.0,0.0,2493.786598,0.0,0.0
2035-12-06,8,0,reserve,system,2481.249052,0.0,0.0,2481.249052,0.0,0.0
2035-12-06,9,0,reserve,system,2499.577457,0.0,0.0,2499.577457,0.0,0.0
2035-12-06,10,0,reserve,system,2504.679396,0.0,0.0,2504.679396,0.0,0.0
2035-12-06,11,0,reserve,system,2521.2003,0.0,0.0,2521.2003,0.0,0.0
2035-12-06,12,0,reserve,system,2557.413059,0.0,0.0,2557.413059,0.0,0.0
2035-12-06,13,0,reserve,system,2593.707482,0.0,0.0,2593.707482,0.0,0.0
2035-12-06,14,0,reserve,system,2621.571324,0.0,0.0,2621.571324,0.0,0.0
2035-12-06,15,0,reserve,system,2626.278607,0.0,0.0,2626.278607,0.0,0.0
2035-12-06,16,0,reserve,system,2630.451203,0.0,0.0,2630.451203,0.0,0.0
2035-12-06,17,0,reserve,system,2631.47952,0.0,0.0,2631.47952,0.0,0.0
2035-12-06,18,0,reserve,system,2628.312687,0.0,0.0,2628.312687,0.0,0.0
2035-12-06,19,0,reserve,system,2591.349264,0.0,0.0,2591.349264,0.0,0.0
2035-12-06,20,0,reserve,system,2559.952514,0.0,0.0,2559.952514,0.0,0.0
2035-12-06,21,0,reserve,system,2517.026405,0.0,0.0,2517.026405,0.0,0.0
2035-12-06,22,0,reserve,system,2455.96453,0.0,0.0,2455.96453,0.0,0.0
2035-12-06,23,0,reserve,system,2385.277825,0.0,0.0,2385.277825,0.0,0.0
2035-12-07,0,0,reserve,system,2318.263719,0.0,0.0,2318.263719,0.0,0.0
2035-12-07,1,0,reserve,system,2285.855239,0.0,0.0,2285.855239,0.0,0.0
2035-12-07,2,0,reserve,system,2282.478075,0.0,0.0,2282.478075,0.0,0.0
2035-12-07,3,0,reserve,system,2290.399736,0.0,0.0,2290.399736,0.0,0.0
2035-12-07,4,0,reserve,system,2335.818875,0.0,0.0,2335.818875,0.0,0.0
2035-12-07,5,0,reserve,system,2413.519964,0.0,0.0,2413.519964,0.0,0.0
2035-12-07,6,0,reserve,system,2509.772214,0.0,0.0,2509.772214,0.0,0.0
2035-12-07,7,0,reserve,system,2591.970614,0.0,0.0,2591.970614,0.0,0.0
2035-12-07,8,0,reserve,system,2636.77123,0.0,0.0,2636.77123,0.0,0.0
2035-12-07,9,0,reserve,system,2616.206537,0.0,0.0,2616.206537,0.0,0.0
2035-12-07,10,0,reserve,system,2567.745925,0.0,0.0,2567.745925,0.0,0.0
2035-12-07,11,0,reserve,system,2526.368118,0.0,0.0,2526.368118,0.0,0.0
2035-12-07,12,0,reserve,system,2487.914274,0.0,0.0,2487.914274,0.0,0.0
2035-12-07,13,0,reserve,system,2447.336957,0.0,0.0,2447.336957,0.0,0.0
2035-12-07,14,0,reserve,system,2411.025264,0.0,0.0,2411.025264,0.0,0.0
2035-12-07,15,0,reserve,system,2414.422145,0.0,0.0,2414.422145,0.0,0.0
2035-12-07,16,0,reserve,system,2464.164128,0.0,0.0,2464.164128,0.0,0.0
2035-12-07,17,0,reserve,system,2512.142836,0.0,0.0,2512.142836,0.0,0.0
2035-12-07,18,0,reserve,system,2528.426993,0.0,0.0,2528.426993,0.0,0.0
2035-12-07,19,0,reserve,system,2510.029571,0.0,0.0,2510.029571,0.0,0.0
2035-12-07,20,0,reserve,system,2508.735302,0.0,0.0,2508.735302,0.0,0.0
2035-12-07,21,0,reserve,system,2502.690517,0.0,0.0,2502.690517,0.0,0.0
2035-12-07,22,0,reserve,system,2490.362303,0.0,0.0,2490.362303,0.0,0.0
2035-12-07,23,0,reserve,system,2477.397576,0.0,0.0,2477.397576,0.0,0.0
2035-12-08,0,0,reserve,system,2424.756422,0.0,0.0,2424.756422,0.0,0.0
2035-12-08,1,0,reserve,system,2388.335304,0.0,0.0,2388.335304,0.0,0.0
2035-12-08,2,0,reserve,system,2389.00469,0.0,0.0,2389.00469,0.0,0.0
2035-12-08,3,0,reserve,system,2383.655136,0.0,0.0,2383.655136,0.0,0.0
2035-12-08,4,0,reserve,system,2385.967673,0.0,0.0,2385.967673,0.0,0.0
2035-12-08,5,0,reserve,system,2378.48267,0.0,0.0,2378.48267,0.0,0.0
2035-12-08,6,0,reserve,system,2355.132019,0.0,0.0,2355.132019,0.0,0.0
2035-12-08,7,0,reserve,system,2390.056915,0.0,0.0,2390.056915,0.0,0.0
2035-12-08,8,0,reserve,system,2449.800489,0.0,0.0,2449.800489,0.0,0.0
2035-12-08,9,0,reserve,system,2425.242376,0.0,0.0,2425.242376,0.0,0.0
2035-12-08,10,0,reserve,system,2355.659858,0.0,0.0,2355.659858,0.0,0.0
2035-12-08,11,0,reserve,system,2274.551379,0.0,0.0,2274.551379,0.0,0.0
2035-12-08,12,0,reserve,system,2249.775793,0.0,0.0,2249.775793,0.0,0.0
2035-12-08,13,0,reserve,system,2249.236338,0.0,0.0,2249.236338,0.0,0.0
2035-12-08,14,0,reserve,system,2270.948484,0.0,0.0,2270.948484,0.0,0.0
2035-12-08,15,0,reserve,system,2312.875664,0.0,0.0,2312.875664,0.0,0.0
2035-12-08,16,0,reserve,system,2384.678806,0.0,0.0,2384.678806,0.0,0.0
2035-12-08,17,0,reserve,system,2511.122482,0.0,0.0,2511.122482,0.0,0.0
2035-12-08,18,0,reserve,system,2591.853279,0.0,0.0,2591.853279,0.0,0.0
2035-12-08,19,0,reserve,system,2586.021565,0.0,0.0,2586.021566,0.0,0.0
2035-12-08,20,0,reserve,system,2562.269431,0.0,0.0,2562.269431,0.0,0.0
2035-12-08,21,0,reserve,system,2520.48813,0.0,0.0,2520.48813,0.0,0.0
2035-12-08,22,0,reserve,system,2436.961064,0.0,0.0,2436.961064,0.0,0.0
2035-12-08,23,0,reserve,system,2361.542653,0.0,0.0,2361.542653,0.0,0.0
2035-12-09,0,0,reserve,system,2284.615546,0.0,0.0,2284.615546,0.0,0.0
2035-12-09,1,0,reserve,system,2239.365864,0.0,0.0,2239.365864,0.0,0.0
2035-12-09,2,0,reserve,system,2222.929693,0.0,0.0,2222.929693,0.0,0.0
2035-12-09,3,0,reserve,system,2224.376338,0.0,0.0,2224.376338,0.0,0.0
2035-12-09,4,0,reserve,system,2261.472556,0.0,0.0,2261.472556,0.0,0.0
2035-12-09,5,0,reserve,system,2351.159567,0.0,0.0,2351.159567,0.0,0.0
2035-12-09,6,0,reserve,system,2486.004651,0.0,0.0,2486.004651,0.0,0.0
2035-12-09,7,0,reserve,system,2525.061364,0.0,0.0,2525.061364,0.0,0.0
2035-12-09,8,0,reserve,system,2494.696503,0.0,0.0,2494.696503,0.0,0.0
2035-12-09,9,0,reserve,system,2447.326245,0.0,0.0,2447.326245,0.0,0.0
2035-12-09,10,0,reserve,system,2415.389905,0.0,0.0,2415.389905,0.0,0.0
2035-12-09,11,0,reserve,system,2402.608836,0.0,0.0,2402.608836,0.0,0.0
2035-12-09,12,0,reserve,system,2404.961832,0.0,0.0,2404.961832,0.0,0.0
2035-12-09,13,0,reserve,system,2436.201662,0.0,0.0,2436.201662,0.0,0.0
2035-12-09,14,0,reserve,system,2466.941925,0.0,0.0,2466.941925,0.0,0.0
2035-12-09,15,0,reserve,system,2509.322613,0.0,0.0,2509.322613,0.0,0.0
2035-12-09,16,0,reserve,system,2580.053314,0.0,0.0,2580.053314,0.0,0.0
2035-12-09,17,0,reserve,system,2688.943232,0.0,0.0,2688.943232,0.0,0.0
2035-12-09,18,0,reserve,system,2744.306823,0.0,0.0,2744.306823,0.0,0.0
2035-12-09,19,0,reserve,system,2717.172202,0.0,0.0,2717.172202,0.0,0.0
2035-12-09,20,0,reserve,system,2679.462236,0.0,0.0,2679.462236,0.0,0.0
2035-12-09,21,0,reserve,system,2619.270146,0.0,0.0,2619.270146,0.0,0.0
2035-12-09,22,0,reserve,system,2512.700326,0.0,0.0,2512.700326,0.0,0.0
2035-12-09,23,0,reserve,system,2411.480067,0.0,0.0,2411.480067,0.0,0.0
2035-12-10,0,0,reserve,system,2341.391049,0.0,0.0,2341.391049,0.0,0.0
2035-12-10,1,0,reserve,system,2294.463928,0.0,0.0,2294.463928,0.0,0.0
2035-12-10,2,0,reserve,system,2270.772059,0.0,0.0,2270.772059,0.0,0.0
2035-12-10,3,0,reserve,system,2263.085943,0.0,0.0,2263.085944,0.0,0.0
2035-12-10,4,0,reserve,system,2308.130622,0.0,0.0,2308.130622,0.0,0.0
2035-12-10,5,0,reserve,system,2414.02121,0.0,0.0,2414.02121,0.0,0.0
2035-12-10,6,0,reserve,system,2564.544097,0.0,0.0,2564.544097,0.0,0.0
2035-12-10,7,0,reserve,system,2636.259533,0.0,0.0,2636.259533,0.0,0.0
2035-12-10,8,0,reserve,system,2625.708309,0.0,0.0,2625.708309,0.0,0.0
2035-12-10,9,0,reserve,system,2606.296964,0.0,0.0,2606.296964,0.0,0.0
2035-12-10,10,0,reserve,system,2588.018009,0.0,0.0,2588.018009,0.0,0.0
2035-12-10,11,0,reserve,system,2605.467647,0.0,0.0,2605.467647,0.0,0.0
2035-12-10,12,0,reserve,system,2590.477986,0.0,0.0,2590.477986,0.0,0.0
2035-12-10,13,0,reserve,system,2588.677817,0.0,0.0,2588.677817,0.0,0.0
2035-12-10,14,0,reserve,system,2578.057885,0.0,0.0,2578.057885,0.0,0.0
2035-12-10,15,0,reserve,system,2623.328132,0.0,0.0,2623.328132,0.0,0.0
2035-12-10,16,0,reserve,system,2711.011683,0.0,0.0,2711.011683,0.0,0.0
2035-12-10,17,0,reserve,system,2835.210945,0.0,0.0,2835.210945,0.0,0.0
2035-12-10,18,0,reserve,system,2894.405429,0.0,0.0,2894.405429,0.0,0.0
2035-12-10,19,0,reserve,system,2889.224407,0.0,0.0,2889.224407,0.0,0.0
2035-12-10,20,0,reserve,system,2873.144698,0.0,0.0,2873.144698,0.0,0.0
2035-12-10,21,0,reserve,system,2835.424199,0.0,0.0,2835.424199,0.0,0.0
2035-12-10,22,0,reserve,system,2751.062112,0.0,0.0,2751.062112,0.0,0.0
2035-12-10,23,0,reserve,system,2675.917536,0.0,0.0,2675.917536,0.0,0.0
2035-12-11,0,0,reserve,system,2621.791689,0.0,0.0,2621.791689,0.0,0.0
2035-12-11,1,0,reserve,system,2607.973963,0.0,0.0,2607.973963,0.0,0.0
2035-12-11,2,0,reserve,system,2623.578334,0.0,0.0,2623.578334,0.0,0.0
2035-12-11,3,0,reserve,system,2651.797651,0.0,0.0,2651.797651,0.0,0.0
2035-12-11,4,0,reserve,system,2721.78232,0.0,0.0,2721.78232,0.0,0.0
2035-12-11,5,0,reserve,system,2850.924934,0.0,0.0,2850.924934,0.0,0.0
2035-12-11,6,0,reserve,system,2960.384242,0.0,0.0,2960.384242,0.0,0.0
2035-12-11,7,0,reserve,system,2986.334309,0.0,0.0,2986.334309,0.0,0.0
2035-12-11,8,0,reserve,system,2964.476987,0.0,0.0,2964.476987,0.0,0.0
2035-12-11,9,0,reserve,system,2878.191144,0.0,0.0,2878.191144,0.0,0.0
2035-12-11,10,0,reserve,system,2772.595403,0.0,0.0,2772.595403,0.0,0.0
2035-12-11,11,0,reserve,system,2660.069743,0.0,0.0,2660.069743,0.0,0.0
2035-12-11,12,0,reserve,system,2584.980012,0.0,0.0,2584.980012,0.0,0.0
2035-12-11,13,0,reserve,system,2560.603697,0.0,0.0,2560.603697,0.0,0.0
2035-12-11,14,0,reserve,system,2551.786968,0.0,0.0,2551.786968,0.0,0.0
2035-12-11,15,0,reserve,system,2573.314454,0.0,0.0,2573.314454,0.0,0.0
2035-12-11,16,0,reserve,system,2662.365474,0.0,0.0,2662.365474,0.0,0.0
2035-12-11,17,0,reserve,system,2782.59744,0.0,0.0,2782.59744,0.0,0.0
2035-12-11,18,0,reserve,system,2908.198629,0.0,0.0,2908.198629,0.0,0.0
2035-12-11,19,0,reserve,system,2959.800115,0.0,0.0,2959.800115,0.0,0.0
2035-12-11,20,0,reserve,system,2976.807533,0.0,0.0,2976.807533,0.0,0.0
2035-12-11,21,0,reserve,system,2951.913214,0.0,0.0,2951.913214,0.0,0.0
2035-12-11,22,0,reserve,system,2870.69483,0.0,0.0,2870.69483,0.0,0.0
2035-12-11,23,0,reserve,system,2801.8737,0.0,0.0,2801.8737,0.0,0.0
2035-12-12,0,0,reserve,system,2745.998363,0.0,0.0,2745.998363,0.0,0.0
2035-12-12,1,0,reserve,system,2730.493688,0.0,0.0,2730.493688,0.0,0.0
2035-12-12,2,0,reserve,system,2738.553969,0.0,0.0,2738.553969,0.0,0.0
2035-12-12,3,0,reserve,system,2753.510619,0.0,0.0,2753.510619,0.0,0.0
2035-12-12,4,0,reserve,system,2816.372802,0.0,0.0,2816.372802,0.0,0.0
2035-12-12,5,0,reserve,system,2964.961618,0.0,0.0,2964.961618,0.0,0.0
2035-12-12,6,0,reserve,system,3118.333645,0.0,0.0,3118.333645,0.0,0.0
2035-12-12,7,0,reserve,system,3131.17859,0.0,0.0,3131.17859,0.0,0.0
2035-12-12,8,0,reserve,system,3076.233991,0.0,0.0,3076.233991,0.0,0.0
2035-12-12,9,0,reserve,system,2974.901005,0.0,0.0,2974.901005,0.0,0.0
2035-12-12,10,0,reserve,system,2845.198416,0.0,0.0,2845.198416,0.0,0.0
2035-12-12,11,0,reserve,system,2728.274591,0.0,0.0,2728.274591,0.0,0.0
2035-12-12,12,0,reserve,system,2641.638642,0.0,0.0,2641.638642,0.0,0.0
2035-12-12,13,0,reserve,system,2573.789329,0.0,0.0,2573.789329,0.0,0.0
2035-12-12,14,0,reserve,system,2528.160159,0.0,0.0,2528.160159,0.0,0.0
2035-12-12,15,0,reserve,system,2525.410504,0.0,0.0,2525.410504,0.0,0.0
2035-12-12,16,0,reserve,system,2587.311062,0.0,0.0,2587.311062,0.0,0.0
2035-12-12,17,0,reserve,system,2683.911735,0.0,0.0,2683.911735,0.0,0.0
2035-12-12,18,0,reserve,system,2762.817739,0.0,0.0,2762.817739,0.0,0.0
2035-12-12,19,0,reserve,system,2791.832045,0.0,0.0,2791.832045,0.0,0.0
2035-12-12,20,0,reserve,system,2793.858998,0.0,0.0,2793.858998,0.0,0.0
2035-12-12,21,0,reserve,system,2755.690241,0.0,0.0,2755.690241,0.0,0.0
2035-12-12,22,0,reserve,system,2668.991513,0.0,0.0,2668.991513,0.0,0.0
2035-12-12,23,0,reserve,system,2590.387417,0.0,0.0,2590.387417,0.0,0.0
2035-12-13,0,0,reserve,system,2535.846231,0.0,0.0,2535.846231,0.0,0.0
2035-12-13,1,0,reserve,system,2515.601202,0.0,0.0,2515.601202,0.0,0.0
2035-12-13,2,0,reserve,system,2537.476828,0.0,0.0,2537.476828,0.0,0.0
2035-12-13,3,0,reserve,system,2568.303482,0.0,0.0,2568.303482,0.0,0.0
2035-12-13,4,0,reserve,system,2663.135311,0.0,0.0,2663.135311,0.0,0.0
2035-12-13,5,0,reserve,system,2836.849463,0.0,0.0,2836.849463,0.0,0.0
2035-12-13,6,0,reserve,system,3060.932783,0.0,0.0,3060.932783,0.0,0.0
2035-12-13,7,0,reserve,system,3073.786078,0.0,0.0,3073.786078,0.0,0.0
2035-12-13,8,0,reserve,system,2926.317087,0.0,0.0,2926.317087,0.0,0.0
2035-12-13,9,0,reserve,system,2744.433662,0.0,0.0,2744.433662,0.0,0.0
2035-12-13,10,0,reserve,system,2623.708938,0.0,0.0,2623.708938,0.0,0.0
2035-12-13,11,0,reserve,system,2556.878238,0.0,0.0,2556.878238,0.0,0.0
2035-12-13,12,0,reserve,system,2525.242387,0.0,0.0,2525.242387,0.0,0.0
2035-12-13,13,0,reserve,system,2522.019573,0.0,0.0,2522.019573,0.0,0.0
2035-12-13,14,0,reserve,system,2526.623311,0.0,0.0,2526.623311,0.0,0.0
2035-12-13,15,0,reserve,system,2556.201896,0.0,0.0,2556.201896,0.0,0.0
2035-12-13,16,0,reserve,system,2596.562129,0.0,0.0,2596.562129,0.0,0.0
2035-12-13,17,0,reserve,system,2640.734331,0.0,0.0,2640.734331,0.0,0.0
2035-12-13,18,0,reserve,system,2670.077783,0.0,0.0,2670.077783,0.0,0.0
2035-12-13,19,0,reserve,system,2655.26074,0.0,0.0,2655.26074,0.0,0.0
2035-12-13,20,0,reserve,system,2644.233956,0.0,0.0,2644.233956,0.0,0.0
2035-12-13,21,0,reserve,system,2619.392275,0.0,0.0,2619.392275,0.0,0.0
2035-12-13,22,0,reserve,system,2588.473343,0.0,0.0,2588.473343,0.0,0.0
2035-12-13,23,0,reserve,system,2555.12635,0.0,0.0,2555.12635,0.0,0.0
2035-12-14,0,0,reserve,system,2507.446089,0.0,0.0,2507.446089,0.0,0.0
2035-12-14,1,0,reserve,system,2514.157565,0.0,0.0,2514.157565,0.0,0.0
2035-12-14,2,0,reserve,system,2541.381252,0.0,0.0,2541.381252,0.0,0.0
2035-12-14,3,0,reserve,system,2584.461556,0.0,0.0,2584.461556,0.0,0.0
2035-12-14,4,0,reserve,system,2675.833015,0.0,0.0,2675.833015,0.0,0.0
2035-12-14,5,0,reserve,system,2778.086053,0.0,0.0,2778.086053,0.0,0.0
2035-12-14,6,0,reserve,system,2899.840233,0.0,0.0,2899.840233,0.0,0.0
2035-12-14,7,0,reserve,system,2981.407883,0.0,0.0,2981.407883,0.0,0.0
2035-12-14,8,0,reserve,system,2956.649847,0.0,0.0,2956.649847,0.0,0.0
2035-12-14,9,0,reserve,system,2823.113675,0.0,0.0,2823.113675,0.0,0.0
2035-12-14,10,0,reserve,system,2693.026161,0.0,0.0,2693.026161,0.0,0.0
2035-12-14,11,0,reserve,system,2589.958649,0.0,0.0,2589.958649,0.0,0.0
2035-12-14,12,0,reserve,system,2520.649295,0.0,0.0,2520.649295,0.0,0.0
2035-12-14,13,0,reserve,system,2478.361184,0.0,0.0,2478.361184,0.0,0.0
2035-12-14,14,0,reserve,system,2466.63937,0.0,0.0,2466.63937,0.0,0.0
2035-12-14,15,0,reserve,system,2486.360189,0.0,0.0,2486.360189,0.0,0.0
2035-12-14,16,0,reserve,system,2518.768,0.0,0.0,2518.768,0.0,0.0
2035-12-14,17,0,reserve,system,2549.758875,0.0,0.0,2549.758875,0.0,0.0
2035-12-14,18,0,reserve,system,2565.131371,0.0,0.0,2565.131371,0.0,0.0
2035-12-14,19,0,reserve,system,2540.142112,0.0,0.0,2540.142112,0.0,0.0
2035-12-14,20,0,reserve,system,2522.932157,0.0,0.0,2522.932157,0.0,0.0
2035-12-14,21,0,reserve,system,2510.680112,0.0,0.0,2510.680112,0.0,0.0
2035-12-14,22,0,reserve,system,2497.27718,0.0,0.0,2497.27718,0.0,0.0
2035-12-14,23,0,reserve,system,2483.466808,0.0,0.0,2483.466808,0.0,0.0
2035-12-15,0,0,reserve,system,2422.764576,0.0,0.0,2422.764576,0.0,0.0
2035-12-15,1,0,reserve,system,2387.646689,0.0,0.0,2387.64669,0.0,0.0
2035-12-15,2,0,reserve,system,2368.830528,0.0,0.0,2368.830528,0.0,0.0
2035-12-15,3,0,reserve,system,2344.144239,0.0,0.0,2344.144239,0.0,0.0
2035-12-15,4,0,reserve,system,2326.373339,0.0,0.0,2326.373339,0.0,0.0
2035-12-15,5,0,reserve,system,2289.399383,0.0,0.0,2289.399383,0.0,0.0
2035-12-15,6,0,reserve,system,2255.293155,0.0,0.0,2255.293155,0.0,0.0
2035-12-15,7,0,reserve,system,2263.951673,0.0,0.0,2263.951673,0.0,0.0
2035-12-15,8,0,reserve,system,2285.856171,0.0,0.0,2285.856171,0.0,0.0
2035-12-15,9,0,reserve,system,2261.694942,0.0,0.0,2261.694942,0.0,0.0
2035-12-15,10,0,reserve,system,2191.875906,0.0,0.0,2191.875906,0.0,0.0
2035-12-15,11,0,reserve,system,2137.551811,0.0,0.0,2137.551811,0.0,0.0
2035-12-15,12,0,reserve,system,2143.143411,0.0,0.0,2143.143411,0.0,0.0
2035-12-15,13,0,reserve,system,2172.796572,0.0,0.0,2172.796572,0.0,0.0
2035-12-15,14,0,reserve,system,2224.411399,0.0,0.0,2224.411399,0.0,0.0
2035-12-15,15,0,reserve,system,2279.164767,0.0,0.0,2279.164767,0.0,0.0
2035-12-15,16,0,reserve,system,2319.063067,0.0,0.0,2319.063067,0.0,0.0
2035-12-15,17,0,reserve,system,2368.835168,0.0,0.0,2368.835168,0.0,0.0
2035-12-15,18,0,reserve,system,2418.008241,0.0,0.0,2418.008241,0.0,0.0
2035-12-15,19,0,reserve,system,2393.002712,0.0,0.0,2393.002712,0.0,0.0
2035-12-15,20,0,reserve,system,2376.98313,0.0,0.0,2376.98313,0.0,0.0
2035-12-15,21,0,reserve,system,2341.728574,0.0,0.0,2341.728574,0.0,0.0
2035-12-15,22,0,reserve,system,2290.554554,0.0,0.0,2290.554554,0.0,0.0
2035-12-15,23,0,reserve,system,2225.108202,0.0,0.0,2225.108202,0.0,0.0
2035-12-16,0,0,reserve,system,2138.768433,0.0,0.0,2138.768433,0.0,0.0
2035-12-16,1,0,reserve,system,2099.67506,0.0,0.0,2099.67506,0.0,0.0
2035-12-16,2,0,reserve,system,2091.481332,0.0,0.0,2091.481332,0.0,0.0
2035-12-16,3,0,reserve,system,2099.515606,0.0,0.0,2099.515606,0.0,0.0
2035-12-16,4,0,reserve,system,2147.033265,0.0,0.0,2147.033265,0.0,0.0
2035-12-16,5,0,reserve,system,2263.428748,0.0,0.0,2263.428748,0.0,0.0
2035-12-16,6,0,reserve,system,2405.881382,0.0,0.0,2405.881382,0.0,0.0
2035-12-16,7,0,reserve,system,2491.315904,0.0,0.0,2491.315904,0.0,0.0
2035-12-16,8,0,reserve,system,2491.052256,0.0,0.0,2491.052256,0.0,0.0
2035-12-16,9,0,reserve,system,2501.338622,0.0,0.0,2501.338622,0.0,0.0
2035-12-16,10,0,reserve,system,2514.279069,0.0,0.0,2514.279069,0.0,0.0
2035-12-16,11,0,reserve,system,2512.490746,0.0,0.0,2512.490746,0.0,0.0
2035-12-16,12,0,reserve,system,2507.021821,0.0,0.0,2507.021821,0.0,0.0
2035-12-16,13,0,reserve,system,2501.15978,0.0,0.0,2501.15978,0.0,0.0
2035-12-16,14,0,reserve,system,2527.126082,0.0,0.0,2527.126082,0.0,0.0
2035-12-16,15,0,reserve,system,2570.378683,0.0,0.0,2570.378683,0.0,0.0
2035-12-16,16,0,reserve,system,2655.656506,0.0,0.0,2655.656506,0.0,0.0
2035-12-16,17,0,reserve,system,2724.693575,0.0,0.0,2724.693575,0.0,0.0
2035-12-16,18,0,reserve,system,2790.264172,0.0,0.0,2790.264172,0.0,0.0
2035-12-16,19,0,reserve,system,2815.022985,0.0,0.0,2815.022985,0.0,0.0
2035-12-16,20,0,reserve,system,2841.447382,0.0,0.0,2841.447382,0.0,0.0
2035-12-16,21,0,reserve,system,2839.915789,0.0,0.0,2839.915789,0.0,0.0
2035-12-16,22,0,reserve,system,2789.09983,0.0,0.0,2789.09983,0.0,0.0
2035-12-16,23,0,reserve,system,2734.379067,0.0,0.0,2734.379067,0.0,0.0
2035-12-17,0,0,reserve,system,2703.120069,0.0,0.0,2703.120069,0.0,0.0
2035-12-17,1,0,reserve,system,2691.017088,0.0,0.0,2691.017088,0.0,0.0
2035-12-17,2,0,reserve,system,2707.333777,0.0,0.0,2707.333777,0.0,0.0
2035-12-17,3,0,reserve,system,2747.310384,0.0,0.0,2747.310384,0.0,0.0
2035-12-17,4,0,reserve,system,2834.422544,0.0,0.0,2834.422544,0.0,0.0
2035-12-17,5,0,reserve,system,2988.66517,0.0,0.0,2988.66517,0.0,0.0
2035-12-17,6,0,reserve,system,3191.874373,0.0,0.0,3191.874373,0.0,0.0
2035-12-17,7,0,reserve,system,3278.530573,0.0,0.0,3278.530573,0.0,0.0
2035-12-17,8,0,reserve,system,3235.939426,0.0,0.0,3235.939426,0.0,0.0
2035-12-17,9,0,reserve,system,3110.347779,0.0,0.0,3110.347779,0.0,0.0
2035-12-17,10,0,reserve,system,2962.54147,0.0,0.0,2962.54147,0.0,0.0
2035-12-17,11,0,reserve,system,2857.810493,0.0,0.0,2857.810493,0.0,0.0
2035-12-17,12,0,reserve,system,2743.390974,0.0,0.0,2743.390974,0.0,0.0
2035-12-17,13,0,reserve,system,2664.051987,0.0,0.0,2664.051987,0.0,0.0
2035-12-17,14,0,reserve,system,2608.219661,0.0,0.0,2608.219661,0.0,0.0
2035-12-17,15,0,reserve,system,2589.249406,0.0,0.0,2589.249406,0.0,0.0
2035-12-17,16,0,reserve,system,2676.312631,0.0,0.0,2676.312631,0.0,0.0
2035-12-17,17,0,reserve,system,2846.413332,0.0,0.0,2846.413332,0.0,0.0
2035-12-17,18,0,reserve,system,3005.144815,0.0,0.0,3005.144815,0.0,0.0
2035-12-17,19,0,reserve,system,3093.110054,0.0,0.0,3093.110054,0.0,0.0
2035-12-17,20,0,reserve,system,3154.738828,0.0,0.0,3154.738828,0.0,0.0
2035-12-17,21,0,reserve,system,3168.307955,0.0,0.0,3168.307955,0.0,0.0
2035-12-17,22,0,reserve,system,3132.616931,0.0,0.0,3132.616931,0.0,0.0
2035-12-17,23,0,reserve,system,3117.349269,0.0,0.0,3117.349269,0.0,0.0
2035-12-18,0,0,reserve,system,3125.410303,0.0,0.0,3125.410303,0.0,0.0
2035-12-18,1,0,reserve,system,3154.870241,0.0,0.0,3154.870241,0.0,0.0
2035-12-18,2,0,reserve,system,3224.705808,0.0,0.0,3224.705808,0.0,0.0
2035-12-18,3,0,reserve,system,3296.121462,0.0,0.0,3296.121462,0.0,0.0
2035-12-18,4,0,reserve,system,3417.304728,0.0,0.0,3417.304728,0.0,0.0
2035-12-18,5,0,reserve,system,3587.176674,0.0,0.0,3587.176674,0.0,0.0
2035-12-18,6,0,reserve,system,3749.874858,0.0,0.0,3749.874858,0.0,0.0
2035-12-18,7,0,reserve,system,3767.402342,0.0,0.0,3767.402342,0.0,0.0
2035-12-18,8,0,reserve,system,3588.862635,0.0,0.0,3588.862635,0.0,0.0
2035-12-18,9,0,reserve,system,3294.236576,0.0,0.0,3294.236576,0.0,0.0
2035-12-18,10,0,reserve,system,3028.592138,0.0,0.0,3028.592138,0.0,0.0
2035-12-18,11,0,reserve,system,2818.561316,0.0,0.0,2818.561316,0.0,0.0
2035-12-18,12,0,reserve,system,2638.665824,0.0,0.0,2638.665824,0.0,0.0
2035-12-18,13,0,reserve,system,2550.394626,0.0,0.0,2550.394626,0.0,0.0
2035-12-18,14,0,reserve,system,2494.985536,0.0,0.0,2494.985536,0.0,0.0
2035-12-18,15,0,reserve,system,2491.195427,0.0,0.0,2491.195428,0.0,0.0
2035-12-18,16,0,reserve,system,2574.691355,0.0,0.0,2574.691355,0.0,0.0
2035-12-18,17,0,reserve,system,2737.458284,0.0,0.0,2737.458284,0.0,0.0
2035-12-18,18,0,reserve,system,2928.693671,0.0,0.0,2928.693671,0.0,0.0
2035-12-18,19,0,reserve,system,3021.029071,0.0,0.0,3021.029071,0.0,0.0
2035-12-18,20,0,reserve,system,3100.583408,0.0,0.0,3100.583408,0.0,0.0
2035-12-18,21,0,reserve,system,3137.383475,0.0,0.0,3137.383475,0.0,0.0
2035-12-18,22,0,reserve,system,3125.62624,0.0,0.0,3125.62624,0.0,0.0
2035-12-18,23,0,reserve,system,3141.850001,0.0,0.0,3141.850001,0.0,0.0
2035-12-19,0,0,reserve,system,3156.569785,0.0,0.0,3156.569785,0.0,0.0
2035-12-19,1,0,reserve,system,3208.493381,0.0,0.0,3208.493381,0.0,0.0
2035-12-19,2,0,reserve,system,3292.632794,0.0,0.0,3292.632794,0.0,0.0
2035-12-19,3,0,reserve,system,3374.818777,0.0,0.0,3374.818777,0.0,0.0
2035-12-19,4,0,reserve,system,3500.495228,0.0,0.0,3500.495228,0.0,0.0
2035-12-19,5,0,reserve,system,3687.535808,0.0,0.0,3687.535808,0.0,0.0
2035-12-19,6,0,reserve,system,3834.746789,0.0,0.0,3834.746789,0.0,0.0
2035-12-19,7,0,reserve,system,3823.444222,0.0,0.0,3823.444222,0.0,0.0
2035-12-19,8,0,reserve,system,3657.47004,0.0,0.0,3657.47004,0.0,0.0
2035-12-19,9,0,reserve,system,3375.417232,0.0,0.0,3375.417232,0.0,0.0
2035-12-19,10,0,reserve,system,3103.757658,0.0,0.0,3103.757658,0.0,0.0
2035-12-19,11,0,reserve,system,2893.106419,0.0,0.0,2893.106419,0.0,0.0
2035-12-19,12,0,reserve,system,2738.147176,0.0,0.0,2738.147176,0.0,0.0
2035-12-19,13,0,reserve,system,2643.40772,0.0,0.0,2643.40772,0.0,0.0
2035-12-19,14,0,reserve,system,2595.116411,0.0,0.0,2595.116411,0.0,0.0
2035-12-19,15,0,reserve,system,2592.359343,0.0,0.0,2592.359343,0.0,0.0
2035-12-19,16,0,reserve,system,2667.349284,0.0,0.0,2667.349284,0.0,0.0
2035-12-19,17,0,reserve,system,2826.721942,0.0,0.0,2826.721942,0.0,0.0
2035-12-19,18,0,reserve,system,2943.752873,0.0,0.0,2943.752873,0.0,0.0
2035-12-19,19,0,reserve,system,3011.283883,0.0,0.0,3011.283883,0.0,0.0
2035-12-19,20,0,reserve,system,3049.859182,0.0,0.0,3049.859182,0.0,0.0
2035-12-19,21,0,reserve,system,3028.161386,0.0,0.0,3028.161386,0.0,0.0
2035-12-19,22,0,reserve,system,2948.069035,0.0,0.0,2948.069035,0.0,0.0
2035-12-19,23,0,reserve,system,2868.3441,0.0,0.0,2868.3441,0.0,0.0
2035-12-20,0,0,reserve,system,2819.944115,0.0,0.0,2819.944115,0.0,0.0
2035-12-20,1,0,reserve,system,2807.921368,0.0,0.0,2807.921368,0.0,0.0
2035-12-20,2,0,reserve,system,2829.582847,0.0,0.0,2829.582847,0.0,0.0
2035-12-20,3,0,reserve,system,2854.318167,0.0,0.0,2854.318167,0.0,0.0
2035-12-20,4,0,reserve,system,2925.118599,0.0,0.0,2925.118599,0.0,0.0
2035-12-20,5,0,reserve,system,3078.71814,0.0,0.0,3078.71814,0.0,0.0
2035-12-20,6,0,reserve,system,3263.983459,0.0,0.0,3263.983459,0.0,0.0
2035-12-20,7,0,reserve,system,3300.451602,0.0,0.0,3300.451602,0.0,0.0
2035-12-20,8,0,reserve,system,3157.720799,0.0,0.0,3157.720799,0.0,0.0
2035-12-20,9,0,reserve,system,3007.369159,0.0,0.0,3007.369159,0.0,0.0
2035-12-20,10,0,reserve,system,2880.851361,0.0,0.0,2880.851361,0.0,0.0
2035-12-20,11,0,reserve,system,2791.611772,0.0,0.0,2791.611772,0.0,0.0
2035-12-20,12,0,reserve,system,2729.968239,0.0,0.0,2729.968239,0.0,0.0
2035-12-20,13,0,reserve,system,2721.462845,0.0,0.0,2721.462845,0.0,0.0
2035-12-20,14,0,reserve,system,2733.718641,0.0,0.0,2733.718641,0.0,0.0
2035-12-20,15,0,reserve,system,2780.057377,0.0,0.0,2780.057377,0.0,0.0
2035-12-20,16,0,reserve,system,2871.636283,0.0,0.0,2871.636283,0.0,0.0
2035-12-20,17,0,reserve,system,2956.413297,0.0,0.0,2956.413297,0.0,0.0
2035-12-20,18,0,reserve,system,2942.309447,0.0,0.0,2942.309447,0.0,0.0
2035-12-20,19,0,reserve,system,2910.424228,0.0,0.0,2910.424228,0.0,0.0
2035-12-20,20,0,reserve,system,2881.197938,0.0,0.0,2881.197938,0.0,0.0
2035-12-20,21,0,reserve,system,2816.846341,0.0,0.0,2816.846341,0.0,0.0
2035-12-20,22,0,reserve,system,2748.195322,0.0,0.0,2748.195322,0.0,0.0
2035-12-20,23,0,reserve,system,2666.64473,0.0,0.0,2666.64473,0.0,0.0
2035-12-21,0,0,reserve,system,2562.3786,0.0,0.0,2562.3786,0.0,0.0
2035-12-21,1,0,reserve,system,2523.795429,0.0,0.0,2523.795429,0.0,0.0
2035-12-21,2,0,reserve,system,2513.779619,0.0,0.0,2513.779619,0.0,0.0
2035-12-21,3,0,reserve,system,2502.907063,0.0,0.0,2502.907063,0.0,0.0
2035-12-21,4,0,reserve,system,2533.683105,0.0,0.0,2533.683105,0.0,0.0
2035-12-21,5,0,reserve,system,2588.696451,0.0,0.0,2588.696451,0.0,0.0
2035-12-21,6,0,reserve,system,2661.434449,0.0,0.0,2661.434449,0.0,0.0
2035-12-21,7,0,reserve,system,2714.869984,0.0,0.0,2714.869984,0.0,0.0
2035-12-21,8,0,reserve,system,2687.686799,0.0,0.0,2687.686799,0.0,0.0
2035-12-21,9,0,reserve,system,2613.177276,0.0,0.0,2613.177276,0.0,0.0
2035-12-21,10,0,reserve,system,2528.83313,0.0,0.0,2528.83313,0.0,0.0
2035-12-21,11,0,reserve,system,2443.744424,0.0,0.0,2443.744424,0.0,0.0
2035-12-21,12,0,reserve,system,2365.771885,0.0,0.0,2365.771885,0.0,0.0
2035-12-21,13,0,reserve,system,2314.474243,0.0,0.0,2314.474243,0.0,0.0
2035-12-21,14,0,reserve,system,2298.886279,0.0,0.0,2298.886279,0.0,0.0
2035-12-21,15,0,reserve,system,2323.562853,0.0,0.0,2323.562853,0.0,0.0
2035-12-21,16,0,reserve,system,2394.234353,0.0,0.0,2394.234353,0.0,0.0
2035-12-21,17,0,reserve,system,2481.93449,0.0,0.0,2481.93449,0.0,0.0
2035-12-21,18,0,reserve,system,2525.095156,0.0,0.0,2525.095156,0.0,0.0
2035-12-21,19,0,reserve,system,2514.275596,0.0,0.0,2514.275596,0.0,0.0
2035-12-21,20,0,reserve,system,2511.935071,0.0,0.0,2511.935071,0.0,0.0
2035-12-21,21,0,reserve,system,2512.714699,0.0,0.0,2512.714699,0.0,0.0
2035-12-21,22,0,reserve,system,2515.172636,0.0,0.0,2515.172636,0.0,0.0
2035-12-21,23,0,reserve,system,2497.028848,0.0,0.0,2497.028848,0.0,0.0
2035-12-22,0,0,reserve,system,2478.059069,0.0,0.0,2478.059069,0.0,0.0
2035-12-22,1,0,reserve,system,2465.755741,0.0,0.0,2465.755741,0.0,0.0
2035-12-22,2,0,reserve,system,2484.291722,0.0,0.0,2484.291722,0.0,0.0
2035-12-22,3,0,reserve,system,2505.34388,0.0,0.0,2505.34388,0.0,0.0
2035-12-22,4,0,reserve,system,2549.087425,0.0,0.0,2549.087425,0.0,0.0
2035-12-22,5,0,reserve,system,2592.081974,0.0,0.0,2592.081974,0.0,0.0
2035-12-22,6,0,reserve,system,2626.710209,0.0,0.0,2626.710209,0.0,0.0
2035-12-22,7,0,reserve,system,2682.027311,0.0,0.0,2682.027311,0.0,0.0
2035-12-22,8,0,reserve,system,2644.259441,0.0,0.0,2644.259441,0.0,0.0
2035-12-22,9,0,reserve,system,2513.085325,0.0,0.0,2513.085325,0.0,0.0
2035-12-22,10,0,reserve,system,2378.183116,0.0,0.0,2378.183116,0.0,0.0
2035-12-22,11,0,reserve,system,2239.119591,0.0,0.0,2239.119591,0.0,0.0
2035-12-22,12,0,reserve,system,2157.798785,0.0,0.0,2157.798785,0.0,0.0
2035-12-22,13,0,reserve,system,2092.339815,0.0,0.0,2092.339815,0.0,0.0
2035-12-22,14,0,reserve,system,2067.54081,0.0,0.0,2067.54081,0.0,0.0
2035-12-22,15,0,reserve,system,2080.622887,0.0,0.0,2080.622887,0.0,0.0
2035-12-22,16,0,reserve,system,2131.192201,0.0,0.0,2131.192201,0.0,0.0
2035-12-22,17,0,reserve,system,2235.403008,0.0,0.0,2235.403008,0.0,0.0
2035-12-22,18,0,reserve,system,2323.97044,0.0,0.0,2323.97044,0.0,0.0
2035-12-22,19,0,reserve,system,2377.307582,0.0,0.0,2377.307582,0.0,0.0
2035-12-22,20,0,reserve,system,2420.351013,0.0,0.0,2420.351013,0.0,0.0
2035-12-22,21,0,reserve,system,2461.480752,0.0,0.0,2461.480752,0.0,0.0
2035-12-22,22,0,reserve,system,2481.717739,0.0,0.0,2481.717739,0.0,0.0
2035-12-22,23,0,reserve,system,2469.095078,0.0,0.0,2469.095078,0.0,0.0
2035-12-23,0,0,reserve,system,2468.152521,0.0,0.0,2468.152521,0.0,0.0
2035-12-23,1,0,reserve,system,2477.512067,0.0,0.0,2477.512067,0.0,0.0
2035-12-23,2,0,reserve,system,2512.744274,0.0,0.0,2512.744274,0.0,0.0
2035-12-23,3,0,reserve,system,2560.394711,0.0,0.0,2560.394711,0.0,0.0
2035-12-23,4,0,reserve,system,2645.091415,0.0,0.0,2645.091415,0.0,0.0
2035-12-23,5,0,reserve,system,2768.425031,0.0,0.0,2768.425031,0.0,0.0
2035-12-23,6,0,reserve,system,2912.435664,0.0,0.0,2912.435664,0.0,0.0
2035-12-23,7,0,reserve,system,2977.201497,0.0,0.0,2977.201497,0.0,0.0
2035-12-23,8,0,reserve,system,2903.577005,0.0,0.0,2903.577005,0.0,0.0
2035-12-23,9,0,reserve,system,2704.659617,0.0,0.0,2704.659617,0.0,0.0
2035-12-23,10,0,reserve,system,2501.141846,0.0,0.0,2501.141846,0.0,0.0
2035-12-23,11,0,reserve,system,2352.190019,0.0,0.0,2352.190019,0.0,0.0
2035-12-23,12,0,reserve,system,2245.322453,0.0,0.0,2245.322453,0.0,0.0
2035-12-23,13,0,reserve,system,2208.301935,0.0,0.0,2208.301935,0.0,0.0
2035-12-23,14,0,reserve,system,2213.008362,0.0,0.0,2213.008362,0.0,0.0
2035-12-23,15,0,reserve,system,2250.334136,0.0,0.0,2250.334136,0.0,0.0
2035-12-23,16,0,reserve,system,2315.86147,0.0,0.0,2315.86147,0.0,0.0
2035-12-23,17,0,reserve,system,2406.668599,0.0,0.0,2406.668599,0.0,0.0
2035-12-23,18,0,reserve,system,2486.487464,0.0,0.0,2486.487464,0.0,0.0
2035-12-23,19,0,reserve,system,2512.848199,0.0,0.0,2512.848199,0.0,0.0
2035-12-23,20,0,reserve,system,2540.769133,0.0,0.0,2540.769133,0.0,0.0
2035-12-23,21,0,reserve,system,2563.034029,0.0,0.0,2563.034029,0.0,0.0
2035-12-23,22,0,reserve,system,2548.657212,0.0,0.0,2548.657212,0.0,0.0
2035-12-23,23,0,reserve,system,2539.170947,0.0,0.0,2539.170947,0.0,0.0
2035-12-24,0,0,reserve,system,2553.579978,0.0,0.0,2553.579978,0.0,0.0
2035-12-24,1,0,reserve,system,2567.740974,0.0,0.0,2567.740974,0.0,0.0
2035-12-24,2,0,reserve,system,2605.826012,0.0,0.0,2605.826012,0.0,0.0
2035-12-24,3,0,reserve,system,2646.925249,0.0,0.0,2646.925249,0.0,0.0
2035-12-24,4,0,reserve,system,2708.314518,0.0,0.0,2708.314518,0.0,0.0
2035-12-24,5,0,reserve,system,2802.369868,0.0,0.0,2802.369868,0.0,0.0
2035-12-24,6,0,reserve,system,2906.732322,0.0,0.0,2906.732322,0.0,0.0
2035-12-24,7,0,reserve,system,2965.220882,0.0,0.0,2965.220882,0.0,0.0
2035-12-24,8,0,reserve,system,2896.783758,0.0,0.0,2896.783758,0.0,0.0
2035-12-24,9,0,reserve,system,2710.275182,0.0,0.0,2710.275182,0.0,0.0
2035-12-24,10,0,reserve,system,2527.815603,0.0,0.0,2527.815603,0.0,0.0
2035-12-24,11,0,reserve,system,2437.056604,0.0,0.0,2437.056604,0.0,0.0
2035-12-24,12,0,reserve,system,2380.987906,0.0,0.0,2380.987906,0.0,0.0
2035-12-24,13,0,reserve,system,2370.497489,0.0,0.0,2370.497489,0.0,0.0
2035-12-24,14,0,reserve,system,2392.548963,0.0,0.0,2392.548963,0.0,0.0
2035-12-24,15,0,reserve,system,2399.296908,0.0,0.0,2399.296908,0.0,0.0
2035-12-24,16,0,reserve,system,2429.130434,0.0,0.0,2429.130434,0.0,0.0
2035-12-24,17,0,reserve,system,2484.94549,0.0,0.0,2484.94549,0.0,0.0
2035-12-24,18,0,reserve,system,2510.124455,0.0,0.0,2510.124455,0.0,0.0
2035-12-24,19,0,reserve,system,2488.579885,0.0,0.0,2488.579885,0.0,0.0
2035-12-24,20,0,reserve,system,2464.520052,0.0,0.0,2464.520052,0.0,0.0
2035-12-24,21,0,reserve,system,2436.067778,0.0,0.0,2436.067778,0.0,0.0
2035-12-24,22,0,reserve,system,2406.208688,0.0,0.0,2406.208688,0.0,0.0
2035-12-24,23,0,reserve,system,2369.684848,0.0,0.0,2369.684848,0.0,0.0
2035-12-25,0,0,reserve,system,2338.907901,0.0,0.0,2338.907901,0.0,0.0
2035-12-25,1,0,reserve,system,2320.271028,0.0,0.0,2320.271028,0.0,0.0
2035-12-25,2,0,reserve,system,2331.280629,0.0,0.0,2331.280629,0.0,0.0
2035-12-25,3,0,reserve,system,2342.590837,0.0,0.0,2342.590837,0.0,0.0
2035-12-25,4,0,reserve,system,2382.032663,0.0,0.0,2382.032663,0.0,0.0
2035-12-25,5,0,reserve,system,2441.002567,0.0,0.0,2441.002567,0.0,0.0
2035-12-25,6,0,reserve,system,2499.740326,0.0,0.0,2499.740326,0.0,0.0
2035-12-25,7,0,reserve,system,2530.85925,0.0,0.0,2530.85925,0.0,0.0
2035-12-25,8,0,reserve,system,2541.548664,0.0,0.0,2541.548664,0.0,0.0
2035-12-25,9,0,reserve,system,2501.134886,0.0,0.0,2501.134886,0.0,0.0
2035-12-25,10,0,reserve,system,2446.291231,0.0,0.0,2446.291231,0.0,0.0
2035-12-25,11,0,reserve,system,2404.264533,0.0,0.0,2404.264533,0.0,0.0
2035-12-25,12,0,reserve,system,2377.835881,0.0,0.0,2377.835881,0.0,0.0
2035-12-25,13,0,reserve,system,2369.465718,0.0,0.0,2369.465718,0.0,0.0
2035-12-25,14,0,reserve,system,2357.238194,0.0,0.0,2357.238194,0.0,0.0
2035-12-25,15,0,reserve,system,2353.850734,0.0,0.0,2353.850734,0.0,0.0
2035-12-25,16,0,reserve,system,2374.908005,0.0,0.0,2374.908005,0.0,0.0
2035-12-25,17,0,reserve,system,2411.66145,0.0,0.0,2411.66145,0.0,0.0
2035-12-25,18,0,reserve,system,2442.685863,0.0,0.0,2442.685863,0.0,0.0
2035-12-25,19,0,reserve,system,2435.968117,0.0,0.0,2435.968117,0.0,0.0
2035-12-25,20,0,reserve,system,2424.865581,0.0,0.0,2424.865581,0.0,0.0
2035-12-25,21,0,reserve,system,2405.486552,0.0,0.0,2405.486552,0.0,0.0
2035-12-25,22,0,reserve,system,2363.684358,0.0,0.0,2363.684358,0.0,0.0
2035-12-25,23,0,reserve,system,2295.959347,0.0,0.0,2295.959347,0.0,0.0
2035-12-26,0,0,reserve,system,2278.664974,0.0,0.0,2278.664974,0.0,0.0
2035-12-26,1,0,reserve,system,2248.735205,0.0,0.0,2248.735205,0.0,0.0
2035-12-26,2,0,reserve,system,2258.279594,0.0,0.0,2258.279594,0.0,0.0
2035-12-26,3,0,reserve,system,2280.614392,0.0,0.0,2280.614392,0.0,0.0
2035-12-26,4,0,reserve,system,2341.558525,0.0,0.0,2341.558525,0.0,0.0
2035-12-26,5,0,reserve,system,2454.866824,0.0,0.0,2454.866824,0.0,0.0
2035-12-26,6,0,reserve,system,2569.139819,0.0,0.0,2569.139819,0.0,0.0
2035-12-26,7,0,reserve,system,2633.743163,0.0,0.0,2633.743163,0.0,0.0
2035-12-26,8,0,reserve,system,2652.328306,0.0,0.0,2652.328306,0.0,0.0
2035-12-26,9,0,reserve,system,2635.447745,0.0,0.0,2635.447745,0.0,0.0
2035-12-26,10,0,reserve,system,2612.671452,0.0,0.0,2612.671452,0.0,0.0
2035-12-26,11,0,reserve,system,2576.320303,0.0,0.0,2576.320303,0.0,0.0
2035-12-26,12,0,reserve,system,2564.913931,0.0,0.0,2564.913931,0.0,0.0
2035-12-26,13,0,reserve,system,2545.433131,0.0,0.0,2545.433131,0.0,0.0
2035-12-26,14,0,reserve,system,2514.159352,0.0,0.0,2514.159352,0.0,0.0
2035-12-26,15,0,reserve,system,2490.695499,0.0,0.0,2490.695499,0.0,0.0
2035-12-26,16,0,reserve,system,2496.014329,0.0,0.0,2496.014329,0.0,0.0
2035-12-26,17,0,reserve,system,2553.09348,0.0,0.0,2553.09348,0.0,0.0
2035-12-26,18,0,reserve,system,2589.897217,0.0,0.0,2589.897217,0.0,0.0
2035-12-26,19,0,reserve,system,2565.954692,0.0,0.0,2565.954692,0.0,0.0
2035-12-26,20,0,reserve,system,2533.697135,0.0,0.0,2533.697135,0.0,0.0
2035-12-26,21,0,reserve,system,2489.029276,0.0,0.0,2489.029276,0.0,0.0
2035-12-26,22,0,reserve,system,2416.810475,0.0,0.0,2416.810474,0.0,0.0
2035-12-26,23,0,reserve,system,2339.021579,0.0,0.0,2339.021579,0.0,0.0
2035-12-27,0,0,reserve,system,2273.702705,0.0,0.0,2273.702705,0.0,0.0
2035-12-27,1,0,reserve,system,2241.887257,0.0,0.0,2241.887257,0.0,0.0
2035-12-27,2,0,reserve,system,2238.877637,0.0,0.0,2238.877637,0.0,0.0
2035-12-27,3,0,reserve,system,2252.43564,0.0,0.0,2252.43564,0.0,0.0
2035-12-27,4,0,reserve,system,2311.328089,0.0,0.0,2311.328089,0.0,0.0
2035-12-27,5,0,reserve,system,2412.638606,0.0,0.0,2412.638606,0.0,0.0
2035-12-27,6,0,reserve,system,2539.961644,0.0,0.0,2539.961644,0.0,0.0
2035-12-27,7,0,reserve,system,2604.747318,0.0,0.0,2604.747318,0.0,0.0
2035-12-27,8,0,reserve,system,2596.26461,0.0,0.0,2596.26461,0.0,0.0
2035-12-27,9,0,reserve,system,2529.867426,0.0,0.0,2529.867426,0.0,0.0
2035-12-27,10,0,reserve,system,2442.573347,0.0,0.0,2442.573347,0.0,0.0
2035-12-27,11,0,reserve,system,2389.125082,0.0,0.0,2389.125082,0.0,0.0
2035-12-27,12,0,reserve,system,2364.475317,0.0,0.0,2364.475317,0.0,0.0
2035-12-27,13,0,reserve,system,2378.484154,0.0,0.0,2378.484154,0.0,0.0
2035-12-27,14,0,reserve,system,2406.264235,0.0,0.0,2406.264235,0.0,0.0
2035-12-27,15,0,reserve,system,2459.797906,0.0,0.0,2459.797906,0.0,0.0
2035-12-27,16,0,reserve,system,2527.31863,0.0,0.0,2527.31863,0.0,0.0
2035-12-27,17,0,reserve,system,2605.909004,0.0,0.0,2605.909004,0.0,0.0
2035-12-27,18,0,reserve,system,2616.421083,0.0,0.0,2616.421083,0.0,0.0
2035-12-27,19,0,reserve,system,2584.57198,0.0,0.0,2584.57198,0.0,0.0
2035-12-27,20,0,reserve,system,2548.370189,0.0,0.0,2548.370189,0.0,0.0
2035-12-27,21,0,reserve,system,2496.569157,0.0,0.0,2496.569157,0.0,0.0
2035-12-27,22,0,reserve,system,2432.078033,0.0,0.0,2432.078033,0.0,0.0
2035-12-27,23,0,reserve,system,2347.270314,0.0,0.0,2347.270314,0.0,0.0
2035-12-28,0,0,reserve,system,2248.71991,0.0,0.0,2248.71991,0.0,0.0
2035-12-28,1,0,reserve,system,2183.525341,0.0,0.0,2183.525341,0.0,0.0
2035-12-28,2,0,reserve,system,2148.541611,0.0,0.0,2148.541611,0.0,0.0
2035-12-28,3,0,reserve,system,2129.383475,0.0,0.0,2129.383475,0.0,0.0
2035-12-28,4,0,reserve,system,2133.382129,0.0,0.0,2133.382129,0.0,0.0
2035-12-28,5,0,reserve,system,2161.863113,0.0,0.0,2161.863113,0.0,0.0
2035-12-28,6,0,reserve,system,2203.423907,0.0,0.0,2203.423907,0.0,0.0
2035-12-28,7,0,reserve,system,2234.082324,0.0,0.0,2234.082324,0.0,0.0
2035-12-28,8,0,reserve,system,2260.472455,0.0,0.0,2260.472455,0.0,0.0
2035-12-28,9,0,reserve,system,2286.547032,0.0,0.0,2286.547032,0.0,0.0
2035-12-28,10,0,reserve,system,2319.495637,0.0,0.0,2319.495637,0.0,0.0
2035-12-28,11,0,reserve,system,2343.47613,0.0,0.0,2343.47613,0.0,0.0
2035-12-28,12,0,reserve,system,2362.583862,0.0,0.0,2362.583862,0.0,0.0
2035-12-28,13,0,reserve,system,2390.297463,0.0,0.0,2390.297463,0.0,0.0
2035-12-28,14,0,reserve,system,2440.780713,0.0,0.0,2440.780713,0.0,0.0
2035-12-28,15,0,reserve,system,2484.279297,0.0,0.0,2484.279297,0.0,0.0
2035-12-28,16,0,reserve,system,2526.613896,0.0,0.0,2526.613896,0.0,0.0
2035-12-28,17,0,reserve,system,2560.722272,0.0,0.0,2560.722272,0.0,0.0
2035-12-28,18,0,reserve,system,2542.098244,0.0,0.0,2542.098244,0.0,0.0
2035-12-28,19,0,reserve,system,2512.779533,0.0,0.0,2512.779533,0.0,0.0
2035-12-28,20,0,reserve,system,2478.875895,0.0,0.0,2478.875895,0.0,0.0
2035-12-28,21,0,reserve,system,2440.588595,0.0,0.0,2440.588595,0.0,0.0
2035-12-28,22,0,reserve,system,2384.682467,0.0,0.0,2384.682467,0.0,0.0
2035-12-28,23,0,reserve,system,2342.982994,0.0,0.0,2342.982994,0.0,0.0
2035-12-29,0,0,reserve,system,2276.016886,0.0,0.0,2276.016886,0.0,0.0
2035-12-29,1,0,reserve,system,2220.626794,0.0,0.0,2220.626794,0.0,0.0
2035-12-29,2,0,reserve,system,2195.832208,0.0,0.0,2195.832208,0.0,0.0
2035-12-29,3,0,reserve,system,2180.253883,0.0,0.0,2180.253883,0.0,0.0
2035-12-29,4,0,reserve,system,2174.548671,0.0,0.0,2174.548671,0.0,0.0
2035-12-29,5,0,reserve,system,2174.714793,0.0,0.0,2174.714793,0.0,0.0
2035-12-29,6,0,reserve,system,2185.644636,0.0,0.0,2185.644636,0.0,0.0
2035-12-29,7,0,reserve,system,2230.721186,0.0,0.0,2230.721186,0.0,0.0
2035-12-29,8,0,reserve,system,2321.320016,0.0,0.0,2321.320016,0.0,0.0
2035-12-29,9,0,reserve,system,2414.129642,0.0,0.0,2414.129642,0.0,0.0
2035-12-29,10,0,reserve,system,2451.937507,0.0,0.0,2451.937507,0.0,0.0
2035-12-29,11,0,reserve,system,2452.950164,0.0,0.0,2452.950164,0.0,0.0
2035-12-29,12,0,reserve,system,2450.114481,0.0,0.0,2450.114481,0.0,0.0
2035-12-29,13,0,reserve,system,2433.889086,0.0,0.0,2433.889086,0.0,0.0
2035-12-29,14,0,reserve,system,2416.816459,0.0,0.0,2416.816459,0.0,0.0
2035-12-29,15,0,reserve,system,2421.488171,0.0,0.0,2421.488171,0.0,0.0
2035-12-29,16,0,reserve,system,2458.611141,0.0,0.0,2458.611141,0.0,0.0
2035-12-29,17,0,reserve,system,2551.236945,0.0,0.0,2551.236945,0.0,0.0
2035-12-29,18,0,reserve,system,2627.757643,0.0,0.0,2627.757643,0.0,0.0
2035-12-29,19,0,reserve,system,2658.304975,0.0,0.0,2658.304975,0.0,0.0
2035-12-29,20,0,reserve,system,2654.090915,0.0,0.0,2654.090915,0.0,0.0
2035-12-29,21,0,reserve,system,2658.198866,0.0,0.0,2658.198866,0.0,0.0
2035-12-29,22,0,reserve,system,2625.137828,0.0,0.0,2625.137828,0.0,0.0
2035-12-29,23,0,reserve,system,2594.113167,0.0,0.0,2594.113167,0.0,0.0
2035-12-30,0,0,reserve,system,2582.763391,0.0,0.0,2582.763391,0.0,0.0
2035-12-30,1,0,reserve,system,2577.144704,0.0,0.0,2577.144704,0.0,0.0
2035-12-30,2,0,reserve,system,2595.078944,0.0,0.0,2595.078944,0.0,0.0
2035-12-30,3,0,reserve,system,2615.472842,0.0,0.0,2615.472842,0.0,0.0
2035-12-30,4,0,reserve,system,2672.377851,0.0,0.0,2672.377851,0.0,0.0
2035-12-30,5,0,reserve,system,2776.697748,0.0,0.0,2776.697748,0.0,0.0
2035-12-30,6,0,reserve,system,2902.362535,0.0,0.0,2902.362535,0.0,0.0
2035-12-30,7,0,reserve,system,3005.049894,0.0,0.0,3005.049894,0.0,0.0
2035-12-30,8,0,reserve,system,2987.94465,0.0,0.0,2987.94465,0.0,0.0
2035-12-30,9,0,reserve,system,2904.416869,0.0,0.0,2904.416869,0.0,0.0
2035-12-30,10,0,reserve,system,2822.880892,0.0,0.0,2822.880892,0.0,0.0
2035-12-30,11,0,reserve,system,2734.968171,0.0,0.0,2734.968171,0.0,0.0
2035-12-30,12,0,reserve,system,2651.771497,0.0,0.0,2651.771497,0.0,0.0
2035-12-30,13,0,reserve,system,2603.362324,0.0,0.0,2603.362324,0.0,0.0
2035-12-30,14,0,reserve,system,2560.175698,0.0,0.0,2560.175698,0.0,0.0
2035-12-30,15,0,reserve,system,2549.853496,0.0,0.0,2549.853496,0.0,0.0
2035-12-30,16,0,reserve,system,2584.9144,0.0,0.0,2584.9144,0.0,0.0
2035-12-30,17,0,reserve,system,2677.634643,0.0,0.0,2677.634643,0.0,0.0
2035-12-30,18,0,reserve,system,2786.323456,0.0,0.0,2786.323456,0.0,0.0
2035-12-30,19,0,reserve,system,2830.936467,0.0,0.0,2830.936467,0.0,0.0
2035-12-30,20,0,reserve,system,2863.013581,0.0,0.0,2863.013581,0.0,0.0
2035-12-30,21,0,reserve,system,2873.472551,0.0,0.0,2873.472551,0.0,0.0
2035-12-30,22,0,reserve,system,2856.936804,0.0,0.0,2856.936804,0.0,0.0
2035-12-30,23,0,reserve,system,2844.868587,0.0,0.0,2844.868587,0.0,0.0
2035-12-31,0,0,reserve,system,2833.853186,0.0,0.0,2833.853186,0.0,0.0
2035-12-31,1,0,reserve,system,2836.417549,0.0,0.0,2836.417549,0.0,0.0
2035-12-31,2,0,reserve,system,2866.004703,0.0,0.0,2866.004703,0.0,0.0
2035-12-31,3,0,reserve,system,2899.013851,0.0,0.0,2899.013851,0.0,0.0
2035-12-31,4,0,reserve,system,2965.216328,0.0,0.0,2965.216328,0.0,0.0
2035-12-31,5,0,reserve,system,3062.437866,0.0,0.0,3062.437866,0.0,0.0
2035-12-31,6,0,reserve,system,3165.070656,0.0,0.0,3165.070656,0.0,0.0
2035-12-31,7,0,reserve,system,3216.489065,0.0,0.0,3216.489065,0.0,0.0
2035-12-31,8,0,reserve,system,3143.975492,0.0,0.0,3143.975492,0.0,0.0
2035-12-31,9,0,reserve,system,2962.66157,0.0,0.0,2962.66157,0.0,0.0
2035-12-31,10,0,reserve,system,2763.58022,0.0,0.0,2763.58022,0.0,0.0
2035-12-31,11,0,reserve,system,2655.05335,0.0,0.0,2655.05335,0.0,0.0
2035-12-31,12,0,reserve,system,2546.768186,0.0,0.0,2546.768186,0.0,0.0
2035-12-31,13,0,reserve,system,2481.447895,0.0,0.0,2481.447895,0.0,0.0
2035-12-31,14,0,reserve,system,2462.300107,0.0,0.0,2462.300107,0.0,0.0
2035-12-31,15,0,reserve,system,2478.482879,0.0,0.0,2478.482879,0.0,0.0
2035-12-31,16,0,reserve,system,2555.433117,0.0,0.0,2555.433117,0.0,0.0
2035-12-31,17,0,reserve,system,2683.494027,0.0,0.0,2683.494027,0.0,0.0
2035-12-31,18,0,reserve,system,2719.498359,0.0,0.0,2719.498359,0.0,0.0
2035-12-31,19,0,reserve,system,2692.235078,0.0,0.0,2692.235078,0.0,0.0
2035-12-31,20,0,reserve,system,2653.311313,0.0,0.0,2653.311313,0.0,0.0
2035-12-31,21,0,reserve,system,2628.726461,0.0,0.0,2628.726461,0.0,0.0
2035-12-31,22,0,reserve,system,2598.468609,0.0,0.0,2598.468609,0.0,0.0
2035-12-31,23,0,reserve,system,2566.730751,0.0,0.0,2566.730751,0.0,0.0
