Date,Hour,TotalCosts,FixedCosts,VariableCosts,LoadShedding,OverGeneration,ReserveShortfall,RenewablesUsed,RenewablesCurtailment,Demand,Price
2019-01-01,0,2918885.17175,2770697.925324,148187.246426,0.0,1608.981306,0.0,10269.45,42.0,37081.44,78.715529
2019-01-01,1,2893643.643157,2754258.273407,139385.36975,0.0,1515.608005,0.0,11091.37,42.0,37258.98,77.662986
2019-01-01,2,2878176.856136,2735918.793215,142258.06292,0.0,1553.382323,0.0,11514.2,42.0,37300.18,77.162546
2019-01-01,3,2873498.032501,2735918.793215,137579.239286,0.0,1516.191205,0.0,11781.05,42.0,37423.51,76.783232
2019-01-01,4,2883927.818183,2747775.874015,136151.944169,0.0,1443.789672,0.0,12033.75,42.0,37895.27,76.10258
2019-01-01,5,2890553.131788,2751228.573535,139324.558253,0.0,1523.995212,0.0,12647.7,42.0,38825.08,74.450668
2019-01-01,6,2898687.67766,2751225.283535,147462.394125,0.0,1558.447364,0.0,13045.07,42.0,39910.68,72.629373
2019-01-01,7,2904379.863341,2758415.060352,145964.802989,0.0,1440.201166,0.0,13335.03,42.0,40436.58,71.825557
2019-01-01,8,2918397.724821,2756121.790744,162275.934077,0.0,1265.806311,0.0,12685.41,42.0,40950.22,71.266961
2019-01-01,9,2927130.20985,2761528.510743,165601.699107,0.0,1167.328264,0.0,12584.81,42.0,41763.45,70.088324
2019-01-01,10,2924538.217614,2768246.512934,156291.704679,0.0,171.291421,0.0,13397.91,42.0,42249.97,69.219889
2019-01-01,11,2912122.055501,2736897.910561,175224.14494,0.0,818.889204,0.0,14374.31,42.0,42296.69,68.849881
2019-01-01,12,2917679.356572,2745792.496912,171886.85966,0.0,884.37536,0.0,15044.27,262.3,41879.17,69.668987
2019-01-01,13,2917794.45423,2724725.992133,193068.462097,0.0,566.611043,0.0,15542.75,255.5,41376.35,70.518411
2019-01-01,14,2910208.471228,2721392.445543,188816.025685,0.0,858.845946,0.0,15779.29,255.5,40991.32,70.995725
2019-01-01,15,2904803.526273,2727228.373991,177575.152281,0.0,709.397586,0.0,15365.3,130.5,41015.88,70.821436
2019-01-01,16,2874556.108525,2711705.624223,162850.484301,0.0,0.0,35.735,14409.31,0.0,41842.15,68.70001
2019-01-01,17,2955777.244664,2763842.910837,191934.333827,0.0,246.649754,0.0,13248.28,100.0,44058.7,67.087255
2019-01-01,18,2954043.442333,2791882.657413,162160.78492,0.0,0.0,0.0,11725.52,0.0,45400.64,65.066119
2019-01-01,19,587965.264315,379407.686369,208557.577946,0.0,0.0,144.445,9917.58,0.0,45246.05,12.994842
2019-01-01,20,568135.514013,379391.236369,188744.277643,0.0,0.0,0.0,9669.79,0.0,44844.33,12.66906
2019-01-01,21,579234.237148,396276.309491,182957.927657,0.0,0.0,0.0,8734.66,0.0,43901.75,13.193876
2019-01-01,22,562859.213441,396273.019491,166586.19395,0.0,0.0,0.0,7793.79,0.0,42206.58,13.335817
2019-01-01,23,499238.572144,339272.609692,159965.962453,0.0,0.0,0.0,7515.39,0.0,40494.84,12.328449
2019-01-02,0,482758.267808,332554.6075,150203.660308,0.0,0.0,0.0,6986.39,0.0,39246.69,12.300611
2019-01-02,1,449909.116081,302733.587597,147175.528484,0.0,0.0,0.0,7033.83,0.0,38577.95,11.662339
2019-01-02,2,458111.016544,306935.917596,151175.098948,0.0,0.0,0.0,6546.8,0.0,38434.15,11.919374
2019-01-02,3,470496.355398,314651.197595,155845.157802,0.0,0.0,0.0,6531.14,0.0,38830.97,12.116523
2019-01-02,4,528416.404299,374315.79977,154100.604529,0.0,0.0,0.0,6674.71,0.0,40072.12,13.186635
2019-01-02,5,612259.277301,429604.705519,182654.571783,0.0,0.0,0.0,6773.41,0.0,42485.81,14.410912
2019-01-02,6,706529.768772,502195.540915,204334.227857,0.0,0.0,0.0,7036.76,0.0,45299.73,15.596777
2019-01-02,7,742171.751863,523270.294036,218901.457828,0.0,0.0,0.0,7286.15,0.0,47420.65,15.650814
2019-01-02,8,948503.28609,717356.908547,231146.377543,0.0,0.0,0.0,5943.97,0.0,48547.97,19.537445
2019-01-02,9,966842.665748,717350.838547,249491.827201,0.0,0.0,0.0,5236.19,0.0,49679.19,19.461724
2019-01-02,10,989241.532997,735693.608739,253547.924258,0.0,0.0,0.0,5765.92,0.0,50682.64,19.518351
2019-01-02,11,1026676.571233,735690.318739,290986.252494,0.0,0.0,0.0,4303.74,0.0,51256.53,20.030161
2019-01-02,12,1036626.80906,735690.318739,300936.490321,0.0,0.0,0.0,4269.36,0.0,51414.29,20.162231
2019-01-02,13,1025818.047414,735690.318739,290127.728675,0.0,0.0,0.0,5601.13,0.0,51455.22,19.936132
2019-01-02,14,1003556.19076,714609.495618,288946.695141,0.0,0.0,0.0,5730.56,0.0,51263.49,19.576431
2019-01-02,15,997279.18902,714609.495618,282669.693401,0.0,0.0,0.0,5660.97,0.0,51149.19,19.497458
2019-01-02,16,1006728.826188,743104.618739,263624.207449,0.0,0.0,0.0,6036.47,0.0,51381.54,19.593201
2019-01-02,17,1199117.891382,905701.205748,293416.685634,0.0,0.0,0.0,4678.76,0.0,52717.56,22.746081
2019-01-02,18,1213345.649791,905695.135748,307650.514043,0.0,0.0,0.0,3706.35,0.0,53277.15,22.774222
2019-01-02,19,1199070.008219,905695.135748,293374.872472,0.0,0.0,0.0,3513.13,0.0,52309.18,22.922745
2019-01-02,20,1157770.733116,890649.197827,267121.535289,0.0,0.0,0.0,3761.36,0.0,51043.85,22.681885
2019-01-02,21,986484.159171,738168.550914,248315.608257,0.0,0.0,0.0,4196.71,0.0,49194.05,20.052916
2019-01-02,22,918499.971965,717087.727793,201412.244172,0.0,0.0,0.0,4748.96,0.0,46628.21,19.698375
2019-01-02,23,855802.21311,642070.139778,213732.073332,0.0,0.0,0.0,2917.13,0.0,44287.41,19.323826
2019-01-03,0,805233.977646,589048.146931,216185.830715,0.0,0.0,0.0,2194.72,0.0,42470.6,18.959798
2019-01-03,1,789671.263207,600596.238028,189075.02518,0.0,0.0,0.0,2269.63,0.0,41445.47,19.053259
2019-01-03,2,749518.164787,556393.634828,193124.52996,0.0,0.0,0.0,2087.1,0.0,41061.86,18.25339
2019-01-03,3,747315.905986,556393.634828,190922.271158,0.0,0.0,0.0,2359.84,0.0,41019.88,18.218384
2019-01-03,4,782532.340722,594564.642828,187967.697894,0.0,0.0,6.452,2990.28,0.0,41999.32,18.632024
2019-01-03,5,870947.316784,646125.139148,224822.177636,0.0,0.0,122.788,2229.95,0.0,44024.88,19.783071
2019-01-03,6,932195.002447,661404.855837,270790.146611,0.0,0.0,47.465,2431.97,0.0,46572.45,20.016018
2019-01-03,7,992034.624912,736422.443852,255612.18106,0.0,0.0,0.0,3711.45,0.0,48255.79,20.557836
2019-01-03,8,980743.781845,728703.363852,252040.417993,0.0,0.0,0.0,4107.43,0.0,48684.84,20.144747
2019-01-03,9,942745.445271,703895.511236,238849.934035,0.0,0.0,0.0,5047.08,0.0,48896.65,19.280369
2019-01-03,10,892883.465266,685556.031044,207327.434222,0.0,0.0,0.0,7777.65,0.0,49026.08,18.212418
2019-01-03,11,1082079.586184,918741.992449,163337.593735,0.0,0.0,0.0,10458.98,0.0,48540.95,22.292097
2019-01-03,12,1137938.855062,888853.83307,249085.021992,0.0,54.958762,0.0,12241.12,213.5,47492.49,23.960396
2019-01-03,13,1082359.720852,872860.774205,209498.946646,0.0,693.053406,0.0,14350.039598,161.700402,46312.89,23.370593
2019-01-03,14,955991.415264,742237.639956,213753.775309,0.0,691.022323,0.0,14333.63,213.5,45216.14,21.142703
2019-01-03,15,941604.340519,740314.076838,201290.263682,0.0,510.215498,0.0,14161.32,88.5,44530.4,21.145203
2019-01-03,16,955926.36295,755162.234836,200764.128114,0.0,53.950837,0.0,13387.898616,113.551384,44772.64,21.350681
2019-01-03,17,847559.640984,661119.718409,186439.922574,0.0,0.0,0.0,10160.47,0.0,46512.85,18.222053
2019-01-03,18,917680.432531,698792.904568,218887.527963,0.0,0.0,0.0,6189.8,0.0,48596.56,18.88365
2019-01-03,19,977191.011265,698789.614568,278401.396697,0.0,0.0,0.0,2855.18,0.0,48814.73,20.018364
2019-01-03,20,975962.711516,716029.740495,259932.971022,0.0,0.0,0.0,3013.91,0.0,48647.15,20.062074
2019-01-03,21,906053.399869,664387.662371,241665.737498,0.0,0.0,105.748,3539.04,0.0,47765.28,18.96887
2019-01-03,22,823881.402641,611365.669523,212515.733118,0.0,0.0,0.0,4265.75,0.0,46021.02,17.902285
2019-01-03,23,660201.851609,460785.561932,199416.289676,0.0,0.0,48.935,4074.3,0.0,44191.85,14.939448
2019-01-04,0,609635.683371,416586.248732,193049.434638,0.0,0.0,0.0,3968.55,0.0,43062.39,14.157033
2019-01-04,1,598789.807125,416586.248732,182203.558392,0.0,0.0,0.0,4186.2,0.0,42515.88,14.08391
2019-01-04,2,581699.948972,395505.425612,186194.52336,0.0,0.0,0.0,4443.98,0.0,42367.44,13.729882
2019-01-04,3,577082.11011,395505.425612,181576.684499,0.0,0.0,0.0,5010.21,0.0,42732.01,13.50468
2019-01-04,4,613327.880339,439708.028812,173619.851527,0.0,0.0,0.0,5671.86,0.0,43704.85,14.033405
2019-01-04,5,691657.507545,492730.021659,198927.485886,0.0,0.0,0.0,5423.4,0.0,46019.04,15.029812
2019-01-04,6,761076.404669,513810.84478,247265.559889,0.0,0.0,0.0,5368.57,0.0,48824.83,15.587897
2019-01-04,7,776473.036788,513807.55478,262665.482009,0.0,0.0,0.0,5610.39,0.0,50161.97,15.479317
2019-01-04,8,765388.952023,513807.55478,251581.397244,0.0,0.0,0.0,5319.59,0.0,49292.12,15.527613
2019-01-04,9,725262.009351,513807.55478,211454.454572,0.0,0.0,0.0,5428.86,0.0,47111.0,15.394749
2019-01-04,10,635166.12638,458546.19849,176619.927891,0.0,0.0,0.0,6827.09,0.0,45046.31,14.100292
2019-01-04,11,565035.84954,405524.205642,159511.643897,0.0,0.0,0.0,8404.83,0.0,42861.69,13.182771
2019-01-04,12,547355.724161,395867.075036,151488.649124,0.0,0.0,0.0,10251.0,0.0,40740.4,13.435207
2019-01-04,13,570718.133598,389289.861726,181428.271872,0.0,201.552015,0.0,11547.9,88.5,39193.19,14.561666
2019-01-04,14,564402.499227,382160.020126,182242.479101,0.0,157.424078,0.0,10512.13,88.5,37952.51,14.871283
2019-01-04,15,486381.635119,388887.564446,97494.070672,0.0,0.0,0.0,9197.55,0.0,37056.17,13.125524
2019-01-04,16,391333.41225,279040.977741,112292.434509,0.0,0.0,0.0,7446.66,0.0,36750.0,10.648528
2019-01-04,17,461421.323577,324592.934682,136828.388895,0.0,0.0,0.0,5272.19,0.0,37954.17,12.157329
2019-01-04,18,565043.24402,389859.911003,175183.333017,0.0,0.0,0.0,3435.36,0.0,40150.89,14.072994
2019-01-04,19,596115.688532,389853.331003,206262.357529,0.0,0.0,0.0,1961.07,0.0,40524.82,14.709891
2019-01-04,20,593473.384997,389853.331003,203620.053994,0.0,0.0,0.0,2294.63,0.0,40718.68,14.574966
2019-01-04,21,573367.645447,389853.331003,183514.314444,0.0,0.0,0.0,3137.75,0.0,40572.63,14.131883
2019-01-04,22,511718.316501,345654.017803,166064.298698,0.0,0.0,0.0,4399.83,0.0,39777.38,12.864556
2019-01-04,23,522849.304972,391543.595803,131305.709169,0.0,0.0,0.0,4697.24,0.0,38636.97,13.532358
2019-01-05,0,480988.882827,356818.365079,124170.517748,0.0,0.0,0.0,4975.78,0.0,37802.65,12.723682
2019-01-05,1,417459.758693,280976.166709,136483.591984,0.0,0.0,0.0,5347.09,0.0,37500.89,11.131996
2019-01-05,2,424682.849145,289719.653492,134963.195653,0.0,0.0,0.0,5333.18,0.0,37567.42,11.304552
2019-01-05,3,429962.951029,289365.363493,140597.587536,0.0,0.0,0.0,5479.79,0.0,38055.25,11.298387
2019-01-05,4,451070.95282,305808.30541,145262.64741,0.0,0.0,0.0,5575.32,0.0,38925.97,11.587918
2019-01-05,5,502744.445761,339940.362603,162804.083158,0.0,0.0,0.0,5302.06,0.0,40399.27,12.444394
2019-01-05,6,571136.172794,391540.815803,179595.356991,0.0,0.0,0.0,4969.91,0.0,42314.34,13.497461
2019-01-05,7,616669.007173,409877.005995,206792.001178,0.0,0.0,0.0,4725.55,0.0,43898.22,14.0477
2019-01-05,8,629584.023935,409873.715995,219710.30794,0.0,0.0,0.0,3953.96,0.0,43861.57,14.353887
2019-01-05,9,599483.682638,409873.715995,189609.966643,0.0,0.0,0.0,3843.14,0.0,42010.02,14.270017
2019-01-05,10,518778.981905,369080.577882,149698.404023,0.0,0.0,0.0,4775.5,0.0,39824.32,13.026688
2019-01-05,11,437208.239576,291567.813834,145640.425743,0.0,0.0,0.0,6156.76,0.0,37778.83,11.572837
2019-01-05,12,392044.740102,264744.494483,127300.245618,0.0,0.0,0.0,7409.92,0.0,36191.29,10.832572
2019-01-05,13,342946.754061,240312.912876,102633.841185,0.0,0.0,0.0,8279.84,0.0,35090.54,9.773197
2019-01-05,14,338584.305573,225710.455567,112873.850006,0.0,0.0,0.0,9154.81,0.0,34369.4,9.85133
2019-01-05,15,335046.358769,217172.850268,117873.508501,0.0,0.0,0.0,9466.17,0.0,33968.39,9.863475
2019-01-05,16,322666.297629,212794.761385,109871.536244,0.0,0.0,0.0,9273.2,0.0,33894.0,9.519865
2019-01-05,17,373023.63968,253402.21611,119621.42357,0.0,0.0,0.0,8040.24,0.0,34818.73,10.713304
2019-01-05,18,388428.008106,259652.723018,128775.285088,0.0,0.0,0.0,6810.46,0.0,36655.34,10.596765
2019-01-05,19,388758.779185,259642.853018,129115.926167,0.0,0.0,0.0,5916.1,0.0,36685.04,10.597202
2019-01-05,20,375358.366033,259642.853018,115715.513015,0.0,0.0,0.0,6716.44,0.0,36293.15,10.342403
2019-01-05,21,358465.683504,243203.201101,115262.482403,0.0,0.0,0.0,7764.38,0.0,36061.74,9.940332
2019-01-05,22,341101.95026,233990.1966,107111.75366,0.0,0.0,0.0,8507.68,0.0,35333.25,9.653852
2019-01-05,23,340771.849886,248952.000534,91819.849352,0.0,0.0,0.0,8528.71,0.0,34516.58,9.8727
2019-01-06,0,375672.008912,300336.084233,75335.924679,0.0,0.0,0.0,8565.74,0.0,33497.97,11.214769
2019-01-06,1,347900.889711,274125.819382,73775.07033,0.0,0.0,0.0,8636.51,0.0,32912.25,10.570559
2019-01-06,2,346306.346681,274373.943806,71932.402874,0.0,0.0,0.0,8412.97,0.0,32696.53,10.591532
2019-01-06,3,285190.404247,207571.729766,77618.674481,0.0,0.0,0.0,8239.94,0.0,32846.38,8.682552
2019-01-06,4,638339.023388,571201.298534,67137.724855,0.0,0.0,0.0,8090.98,0.0,33369.41,19.129467
2019-01-06,5,640972.103797,571192.448534,69779.655263,0.0,0.0,0.0,8994.11,0.0,34294.1,18.690448
2019-01-06,6,698101.672373,630745.881276,67355.791097,0.0,0.0,0.0,9826.77,0.0,35666.48,19.573047
2019-01-06,7,751078.020574,678912.584285,72165.436289,0.0,0.0,0.0,10201.22,0.0,36737.76,20.444306
2019-01-06,8,794088.75224,665185.086453,128903.665787,0.0,89.735081,0.0,10750.97,42.0,37361.9,21.253971
2019-01-06,9,776563.832911,645173.364452,131390.468459,0.0,821.741763,0.0,11309.62,42.0,36988.65,20.994652
2019-01-06,10,756178.854782,645173.364452,111005.490329,0.0,356.900127,0.0,11864.53,42.0,36089.82,20.952691
2019-01-06,11,734093.140486,614503.952637,119589.187849,0.0,1254.878488,0.0,13205.7,100.0,35467.06,20.697885
2019-01-06,12,726733.306089,623247.439421,103485.866668,0.0,1515.12076,0.0,14278.78,387.3,34979.29,20.776102
2019-01-06,13,725652.374633,627061.513991,98590.860642,0.0,551.798347,0.0,15060.84,387.3,34661.28,20.935533
2019-01-06,14,720292.853269,619484.393375,100808.459894,0.0,1170.367768,0.0,15708.19,417.8,34290.94,21.00534
2019-01-06,15,709968.823185,619498.417744,90470.405441,0.0,1255.05034,0.0,15767.31,387.3,34185.23,20.768292
2019-01-06,16,703079.485012,615801.955776,87277.529237,0.0,787.741253,0.0,15331.32,387.3,34396.09,20.44068
2019-01-06,17,719774.55842,619781.655037,99992.903383,0.0,1314.519745,0.0,14412.71,100.0,35477.13,20.28841
2019-01-06,18,749652.341101,632880.042937,116772.298164,0.0,1030.023374,0.0,13140.75,42.0,37288.04,20.104364
2019-01-06,19,775351.996958,632873.462937,142478.534021,0.0,361.698744,0.0,10737.31,42.0,37262.28,20.807959
2019-01-06,20,745792.283905,632873.462937,112918.820968,0.0,974.714875,0.0,13229.36,42.0,36578.82,20.388637
2019-01-06,21,699466.887428,609397.111022,90069.776406,0.0,1636.247424,0.0,16128.05,42.0,35402.99,19.757283
2019-01-06,22,660652.096618,596838.49854,63813.598078,0.0,1710.57823,0.0,17768.21,42.0,33530.23,19.703178
2019-01-06,23,628064.69259,571367.747485,56696.945105,0.0,1734.294345,0.0,17522.65,42.0,31444.91,19.973493
2019-01-07,0,476510.488232,419814.943545,56695.544688,0.0,1740.53777,0.0,17164.65,42.0,29951.43,15.90944
2019-01-07,1,467890.029076,414975.411223,52914.617854,0.0,1657.354288,0.0,16624.19,42.0,28888.18,16.196591
2019-01-07,2,470489.408708,416338.585122,54150.823586,0.0,1698.6199,0.0,15863.05,42.0,28509.2,16.503073
2019-01-07,3,480033.001742,421786.214245,58246.787497,0.0,1666.294306,0.0,14926.34,42.0,28448.78,16.873588
2019-01-07,4,497274.006232,430144.253845,67129.752387,0.0,1582.622681,0.0,14085.55,42.0,29234.03,17.010108
2019-01-07,5,534802.687118,457247.559037,77555.128081,0.0,1654.806147,0.0,13725.09,42.0,31171.07,17.157021
2019-01-07,6,599399.720504,502108.539173,97291.181331,0.0,1596.789914,0.0,12962.89,42.0,34165.58,17.543964
2019-01-07,7,620377.313339,505735.600997,114641.712342,0.0,1111.510554,0.0,11614.46,42.0,35608.36,17.422238
2019-01-07,8,643554.631231,517863.613188,125691.018043,0.0,738.25652,0.0,9945.55,42.0,35841.33,17.955657
2019-01-07,9,519902.7304,370305.8741,149596.856301,0.0,378.17154,0.0,8920.62,42.0,36212.97,14.35681
2019-01-07,10,481334.17333,370305.8741,111028.299231,0.0,0.0,0.0,8908.61,0.0,36721.64,13.107644
2019-01-07,11,570537.497479,425736.080652,144801.416828,0.0,170.537523,0.0,10198.52,262.3,36958.68,15.437172
2019-01-07,12,792883.017881,649969.081928,142913.935953,0.0,681.49433,0.0,11778.63,130.5,37129.58,21.354484
2019-01-07,13,768014.955849,622217.282626,145797.673223,0.0,527.20139,0.0,12752.150061,367.839939,37400.76,20.534742
2019-01-07,14,764810.852092,613357.863107,151452.988985,0.0,1146.532729,0.0,13285.29,255.5,37415.0,20.44129
2019-01-07,15,764663.093751,613120.549081,151542.54467,0.0,1206.700592,0.0,13158.32,130.5,37256.01,20.524557
2019-01-07,16,758096.685165,622033.778817,136062.906348,0.0,488.57671,0.0,12623.17,42.0,37040.13,20.466901
2019-01-07,17,697271.54656,559297.517855,137974.028705,0.0,307.595157,0.0,10566.52,42.0,37675.49,18.507299
2019-01-07,18,706281.562087,588218.082771,118063.479316,0.0,0.0,0.0,7939.3,0.0,39334.72,17.955678
2019-01-07,19,616461.064485,489236.187048,127224.877436,0.0,0.0,0.0,5613.47,0.0,39036.9,15.791753
2019-01-07,20,557423.332951,445027.003848,112396.329103,0.0,0.0,0.0,6447.63,0.0,38102.82,14.629451
2019-01-07,21,515661.548013,418713.317906,96948.230107,0.0,0.0,0.0,7595.15,0.0,36691.14,14.054116
2019-01-07,22,466227.74753,389472.56939,76755.17814,0.0,0.0,0.0,8696.16,0.0,34494.74,13.515908
2019-01-07,23,421555.155544,351091.278891,70463.876652,0.0,0.0,0.0,7919.29,0.0,32188.17,13.096587
2019-01-08,0,200838.366654,127895.167612,72943.199042,0.0,0.0,0.0,7435.58,0.0,30517.67,6.581052
2019-01-08,1,193418.539902,127107.86926,66310.670642,0.0,0.0,0.0,7211.02,0.0,29651.77,6.523001
2019-01-08,2,198532.113019,129902.528612,68629.584407,0.0,0.0,0.0,6533.59,0.0,29322.61,6.770615
2019-01-08,3,207878.902942,136579.133645,71299.769297,0.0,0.0,0.0,6018.03,0.0,29433.26,7.062721
2019-01-08,4,231897.274801,152929.695946,78967.578856,0.0,0.0,0.0,5609.5,0.0,30256.93,7.66427
2019-01-08,5,388972.343247,308289.419003,80682.924243,0.0,0.0,0.0,5211.0,0.0,32662.36,11.908887
2019-01-08,6,451075.311529,331233.893361,119841.418168,0.0,0.0,0.0,4904.69,0.0,36377.0,12.400014
2019-01-08,7,522307.113579,388933.328393,133373.785186,0.0,0.0,0.0,4748.97,0.0,37915.4,13.775593
2019-01-08,8,722722.569213,596945.955252,125776.613961,0.0,0.0,0.0,3214.21,0.0,37526.8,19.258838
2019-01-08,9,646829.279819,513179.320454,133649.959365,0.0,0.0,0.0,2757.01,0.0,37426.38,17.28271
2019-01-08,10,596660.892617,460157.327607,136503.565011,0.0,0.0,0.0,3883.88,0.0,37546.53,15.891239
2019-01-08,11,621136.8935,503567.395566,117569.497934,0.0,0.0,0.0,5118.82,0.0,37579.85,16.528456
2019-01-08,12,819180.711387,718798.669836,100382.041552,0.0,0.0,0.0,7370.73,0.0,37548.28,21.816731
2019-01-08,13,806141.324127,674224.918243,131916.405884,0.0,166.428041,0.0,9506.43,42.0,37543.63,21.47212
2019-01-08,14,778310.699054,637306.0499,141004.649154,0.0,925.933646,0.0,10709.07,42.0,37387.02,20.817671
2019-01-08,15,767623.309924,642560.722299,125062.587625,0.0,1207.776258,0.0,11536.6,42.0,37056.94,20.714698
2019-01-08,16,750603.131887,630394.217933,120208.913954,0.0,865.791098,0.0,11752.63,42.0,36954.54,20.311527
2019-01-08,17,778909.681901,638733.008333,140176.673568,0.0,1132.766108,0.0,10972.43,42.0,37892.48,20.555785
2019-01-08,18,857636.500101,707891.767735,149744.732366,0.0,471.809168,0.0,9493.17,42.0,39711.75,21.596543
2019-01-08,19,851877.814955,723798.691859,128079.123096,0.0,0.0,0.0,6593.81,0.0,39624.39,21.498825
2019-01-08,20,536086.028593,408833.808547,127252.220046,0.0,0.0,0.0,7631.49,0.0,38957.55,13.760774
2019-01-08,21,482150.091078,375741.453006,106408.638072,0.0,0.0,0.0,9380.37,0.0,37528.89,12.847438
2019-01-08,22,423748.587204,341938.864164,81809.723039,0.0,0.0,0.0,10835.39,0.0,35294.83,12.005968
2019-01-08,23,379136.056348,309748.227355,69387.828993,0.0,0.0,0.0,10826.67,0.0,33093.63,11.456466
2019-01-09,0,362755.856232,303701.369458,59054.486774,0.0,0.0,0.0,10635.95,0.0,31703.3,11.442211
2019-01-09,1,183090.052761,105107.140647,77982.912114,0.0,0.0,0.0,10563.136,4.034,31022.76,5.901798
2019-01-09,2,244585.014927,180128.018662,64456.996265,0.0,0.0,0.0,10249.28,0.0,30920.24,7.910191
2019-01-09,3,252029.716482,183580.718182,68448.9983,0.0,0.0,0.0,10093.07,0.0,31153.66,8.089891
2019-01-09,4,275040.001386,199789.498478,75250.502908,0.0,0.0,0.0,9842.85,0.0,32103.95,8.56717
2019-01-09,5,365974.150316,273453.320553,92520.829763,0.0,0.0,0.0,9050.81,0.0,34663.82,10.557814
2019-01-09,6,449389.862296,306958.799654,142431.062642,0.0,0.0,0.0,8493.06,0.0,38875.84,11.559618
2019-01-09,7,483397.74788,306948.929654,176448.818226,0.0,0.0,0.0,7830.7,0.0,40521.49,11.929417
2019-01-09,8,488393.982092,311151.259653,177242.722439,0.0,0.0,0.0,7058.62,0.0,40183.38,12.154129
2019-01-09,9,484492.687662,311147.969653,173344.718009,0.0,0.0,0.0,6511.73,0.0,39893.05,12.144789
2019-01-09,10,461484.391538,311147.969653,150336.421885,0.0,0.0,0.0,7222.43,0.0,39415.93,11.708068
2019-01-09,11,438739.93249,302407.77287,136332.15962,0.0,0.0,0.0,7181.65,0.0,38633.87,11.356355
2019-01-09,12,381909.697281,258208.45967,123701.237611,0.0,0.0,0.0,8115.62,0.0,37742.69,10.118773
2019-01-09,13,397026.16094,293407.595877,103618.565064,0.0,0.0,0.0,9159.15,0.0,37179.91,10.678513
2019-01-09,14,318146.74081,218387.227862,99759.512949,0.0,0.0,0.0,9580.84,0.0,36672.13,8.675437
2019-01-09,15,307416.479922,208544.476226,98872.003696,0.0,0.0,0.0,9927.36,0.0,36349.96,8.457134
2019-01-09,16,320941.674206,217070.064735,103871.609472,0.0,0.0,0.0,10119.07,0.0,36610.22,8.76645
2019-01-09,17,409339.506942,303967.361758,105372.145184,0.0,0.0,0.0,8720.13,0.0,38087.19,10.747433
2019-01-09,18,460937.623909,313773.176143,147164.447766,0.0,0.0,0.0,7378.36,0.0,40519.8,11.375614
2019-01-09,19,507664.345809,332106.076335,175558.269475,0.0,0.0,0.0,6244.45,0.0,40951.2,12.396812
2019-01-09,20,500207.373358,327903.746336,172303.627023,0.0,0.0,0.0,6154.84,0.0,40787.51,12.263739
2019-01-09,21,483873.135125,327903.746336,155969.388789,0.0,0.0,0.0,6278.26,0.0,39841.12,12.145069
2019-01-09,22,436830.466088,311442.851978,125387.61411,0.0,0.0,0.0,6558.75,0.0,37757.96,11.569228
2019-01-09,23,362773.582922,240163.861803,122609.721119,0.0,0.0,0.0,5480.73,0.0,35753.96,10.146389
2019-01-10,0,363782.755547,251641.14891,112141.606637,0.0,0.0,0.0,4594.16,0.0,34566.11,10.524261
2019-01-10,1,353332.436515,242098.546887,111233.889628,0.0,0.0,0.0,4037.9,0.0,34022.02,10.385404
2019-01-10,2,355987.79903,242098.546887,113889.252143,0.0,0.0,0.0,3646.09,0.0,33842.55,10.518941
2019-01-10,3,370376.116724,250842.03367,119534.083054,0.0,0.0,0.0,3369.67,0.0,34153.78,10.844367
2019-01-10,4,466470.097223,353200.059455,113270.037768,0.0,0.0,0.0,3215.23,0.0,35209.48,13.248423
2019-01-10,5,554391.798255,426424.288902,127967.509353,0.0,0.0,0.0,3301.55,0.0,37864.62,14.64142
2019-01-10,6,657066.44136,474587.701911,182478.739449,0.0,0.0,0.0,3469.86,0.0,41955.08,15.661189
2019-01-10,7,665391.484931,474584.921911,190806.56302,0.0,0.0,0.0,3673.48,0.0,43286.57,15.371777
2019-01-10,8,638329.931806,474584.921911,163745.009895,0.0,0.0,0.0,4878.18,0.0,42544.97,15.003652
2019-01-10,9,588965.522493,434534.871463,154430.65103,0.0,0.0,0.0,6653.03,0.0,41963.28,14.035259
2019-01-10,10,2964996.648491,2851974.980185,113021.668306,0.0,0.0,0.0,9622.34,0.0,41345.34,71.712958
2019-01-10,11,2964108.527832,2812239.970333,151868.5575,0.0,576.998609,0.0,11240.57,42.0,40512.83,73.164687
2019-01-10,12,2931489.008615,2781445.725916,150043.282698,0.0,1478.688809,0.0,12864.75,100.0,39630.87,73.969837
2019-01-10,13,2925824.404615,2777724.976449,148099.428167,0.0,494.723429,0.0,12963.36,387.3,38939.94,75.136849
2019-01-10,14,2911000.228435,2768586.319872,142413.908564,0.0,1091.53861,0.0,13569.54,387.3,38381.15,75.844529
2019-01-10,15,2897780.297625,2768923.826752,128856.470873,0.0,1147.908761,0.0,13693.084197,105.095803,38146.24,75.965031
2019-01-10,16,2906951.721637,2768670.949317,138280.77232,0.0,675.663932,0.0,12848.54,387.3,38548.97,75.409323
2019-01-10,17,2919741.165323,2773204.169317,146536.996006,0.0,1159.074995,0.0,12636.03,100.0,39768.88,73.417737
2019-01-10,18,2951790.46511,2794459.115383,157331.349728,0.0,839.716463,0.0,12134.89,42.0,41670.68,70.836148
2019-01-10,19,2956741.975544,2794449.245383,162292.730161,0.0,616.037896,0.0,11399.89,42.0,41831.12,70.682831
2019-01-10,20,2936744.267167,2788656.351318,148087.915849,0.0,499.665577,0.0,12439.31,42.0,41438.99,70.869108
2019-01-10,21,2903659.015047,2779916.154535,123742.860512,0.0,339.400192,0.0,13422.17,42.0,40204.8,72.2217
2019-01-10,22,2842739.954796,2774098.518071,68641.436726,0.0,0.0,0.0,13549.8,0.0,37945.33,74.916728
2019-01-10,23,2455043.319046,2385859.176385,69184.142661,0.0,0.0,0.0,12670.08,0.0,35824.74,68.529271
2019-01-11,0,2395377.696564,2317551.27383,77826.422735,0.0,0.0,0.0,11547.92,0.0,34400.09,69.63289
2019-01-11,1,2394468.771283,2319598.287203,74870.484079,0.0,0.0,0.0,10398.53,0.0,33634.16,71.191573
2019-01-11,2,2405444.628639,2330971.252601,74473.376038,0.0,0.0,0.0,8912.77,0.0,33293.68,72.249287
2019-01-11,3,2433941.860633,2355621.972952,78319.887681,0.0,0.0,0.0,7481.35,0.0,33377.6,72.921416
2019-01-11,4,2447910.610771,2355608.812952,92301.797819,0.0,0.0,0.0,6469.54,0.0,34307.87,71.351285
2019-01-11,5,2499955.618799,2400000.773561,99954.845238,0.0,0.0,0.0,7174.43,0.0,36691.05,68.135298
2019-01-11,6,2543888.260084,2412788.71016,131099.549923,0.0,0.0,0.0,8164.64,0.0,40406.15,62.957947
2019-01-11,7,2590050.274496,2456358.276225,133691.998271,0.0,0.0,0.0,8960.78,0.0,41803.92,61.957115
2019-01-11,8,2590765.980574,2456137.087951,134628.892624,0.0,0.0,0.0,10613.32,0.0,41400.42,62.578254
2019-01-11,9,2597769.185353,2426911.203962,170857.981392,0.0,4.300463,0.0,11429.05,0.0,41381.06,62.776768
2019-01-11,10,2538663.213497,2398210.256586,140452.956911,0.0,0.0,0.0,11783.84,0.0,41303.18,61.46411
2019-01-11,11,2943247.605944,2786640.88847,156606.717474,0.0,135.484978,0.0,12308.53,58.0,40753.17,72.221317
2019-01-11,12,2901281.276894,2760825.152405,140456.124489,0.0,390.368489,0.0,12865.68,42.0,40033.85,72.470704
2019-01-11,13,2860171.902047,2751629.957187,108541.94486,0.0,0.0,0.0,14194.21,58.0,39524.29,72.364915
2019-01-11,14,2891214.417649,2756061.806814,135152.610835,0.0,385.56483,0.0,14077.945721,382.634279,39219.45,73.718892
2019-01-11,15,2886031.886911,2756058.516814,129973.370097,0.0,407.82088,0.0,14067.72,100.0,38943.29,74.108579
2019-01-11,16,2880598.856382,2743257.420215,137341.436168,0.0,30.140178,0.0,13993.85,387.3,39166.91,73.546748
2019-01-11,17,2911234.373834,2767401.354136,143833.019699,0.0,337.465057,0.0,13016.29,100.0,40109.08,72.582926
2019-01-11,18,2897007.241425,2779996.977814,117010.263611,0.0,0.0,0.0,11003.12,0.0,40789.79,71.022853
2019-01-11,19,2786588.899261,2660747.176599,125841.722662,0.0,0.0,0.0,9098.93,0.0,40061.61,69.557586
2019-01-11,20,2890699.161549,2798313.428006,92385.733543,0.0,0.0,0.0,10380.22,0.0,39218.6,73.707352
2019-01-11,21,2898931.498627,2774815.190937,124116.30769,0.0,639.530579,0.0,12214.7,42.0,37958.41,76.371257
2019-01-11,22,2864083.935415,2755472.987028,108610.948387,0.0,909.437195,0.0,13039.96,42.0,36158.8,79.20849
2019-01-11,23,2839614.548387,2737224.628331,102389.920055,0.0,249.111742,0.0,12173.06,42.0,34269.34,82.861664
2019-01-12,0,2786777.863757,2724553.008502,62224.855254,0.0,0.0,0.0,10547.25,0.0,32779.52,85.015823
2019-01-12,1,2673028.563612,2605299.917287,67728.646324,0.0,0.0,0.0,9068.54,0.0,31759.3,84.165223
2019-01-12,2,2686790.395511,2614912.257285,71878.138226,0.0,0.0,0.0,7442.58,0.0,31156.64,86.234921
2019-01-12,3,2810705.715468,2745986.2393,64719.476168,0.0,0.0,0.0,6637.11,0.0,31059.99,90.492808
2019-01-12,4,2861414.669367,2754665.456215,106749.213152,0.0,246.455795,0.0,7970.17,42.0,31547.34,90.702248
2019-01-12,5,2862499.794067,2755238.86853,107260.925537,0.0,1322.850602,0.0,10260.04,42.0,32826.25,87.201547
2019-01-12,6,2857349.316936,2755839.737323,101509.579613,0.0,1566.197794,0.0,12948.82,42.0,34625.33,82.521937
2019-01-12,7,2851362.468059,2730929.054,120433.41406,0.0,1427.06025,0.0,12915.29,42.0,36352.78,78.435885
2019-01-12,8,2905523.428149,2773294.448553,132228.979595,0.0,1271.342858,0.0,11794.28,42.0,37526.47,77.425972
2019-01-12,9,2917247.933938,2773274.708553,143973.225385,0.0,1212.877753,0.0,11324.32,42.0,38354.45,76.060221
2019-01-12,10,2909276.216402,2778684.718552,130591.49785,0.0,260.357098,0.0,11755.58,42.0,38884.2,74.818981
2019-01-12,11,3000228.555656,2858445.245538,141783.310118,0.0,1156.615595,0.0,12869.74,292.8,39122.68,76.687705
2019-01-12,12,3032997.702689,2892417.029732,140580.672957,0.0,1429.328703,0.0,14011.69,417.8,38914.71,77.93962
2019-01-12,13,2999878.552522,2859343.556138,140534.996384,0.0,867.293649,0.0,15822.733902,347.516098,38534.18,77.849809
2019-01-12,14,3004294.849002,2865475.471216,138819.377786,0.0,1291.917282,0.0,15703.69,417.8,38147.49,78.754719
2019-01-12,15,2952707.724329,2830338.802999,122368.92133,0.0,1171.741114,0.0,15171.188932,284.481068,38075.85,77.548045
2019-01-12,16,2911660.681633,2788339.981793,123320.69984,0.0,759.6655,0.0,13822.6,387.3,38174.33,76.272738
2019-01-12,17,2915829.122891,2770985.263418,144843.859473,0.0,1180.026618,0.0,12173.88,42.0,38969.68,74.823019
2019-01-12,18,3010385.083212,2850379.409217,160005.673995,0.0,604.392274,0.0,9564.44,42.0,40463.28,74.39795
2019-01-12,19,2997122.376373,2863304.879108,133817.497265,0.0,0.0,0.0,6044.15,0.0,40356.86,74.2655
2019-01-12,20,684854.764197,545677.51473,139177.249466,0.0,0.0,0.0,5535.71,0.0,39964.66,17.136509
2019-01-12,21,670697.724185,545667.64473,125030.079455,0.0,0.0,0.0,5571.88,0.0,39392.48,17.026035
2019-01-12,22,656270.611054,545667.64473,110602.966323,0.0,0.0,0.0,6230.19,0.0,38569.47,17.015287
2019-01-12,23,625446.855013,514141.298858,111305.556154,0.0,0.0,0.0,5755.2,0.0,37439.31,16.705619
2019-01-13,0,508438.523812,386184.20086,122254.322953,0.0,0.0,0.0,5598.62,0.0,36459.35,13.945353
2019-01-13,1,432649.36528,309454.879788,123194.485492,0.0,0.0,0.0,5239.42,0.0,35978.77,12.025129
2019-01-13,2,430465.34374,302733.587597,127731.756143,0.0,0.0,0.0,5077.14,0.0,35871.1,12.000339
2019-01-13,3,436321.583204,302733.587597,133587.995608,0.0,0.0,0.0,4915.32,0.0,36085.92,12.091186
2019-01-13,4,448593.12087,309454.879788,139138.241083,0.0,0.0,0.0,4977.36,0.0,36680.52,12.229737
2019-01-13,5,490930.117483,340075.014932,150855.102551,0.0,0.0,0.0,4767.6,0.0,37811.28,12.983695
2019-01-13,6,528706.011644,361616.308315,167089.703329,0.0,0.0,0.0,4713.94,0.0,39486.15,13.389657
2019-01-13,7,585462.639209,405812.331515,179650.307694,0.0,0.0,0.0,4778.5,0.0,41155.45,14.225641
2019-01-13,8,613892.974957,410011.371514,203881.603443,0.0,0.0,0.0,4821.3,0.0,42409.26,14.475447
2019-01-13,9,618293.624757,410008.081514,208285.543243,0.0,0.0,0.0,5087.73,0.0,42990.13,14.382223
2019-01-13,10,590786.20248,410008.081514,180778.120966,0.0,0.0,0.0,6770.93,0.0,42659.58,13.848852
2019-01-13,11,537357.378437,366590.13977,170767.238667,0.0,0.0,0.0,7407.68,0.0,41765.24,12.866139
2019-01-13,12,511194.556238,363699.851545,147494.704693,0.0,0.0,0.0,8646.97,0.0,40746.2,12.545822
2019-01-13,13,484399.177104,339988.53252,144410.644585,0.0,0.0,0.0,8735.41,0.0,39927.15,12.132075
2019-01-13,14,469443.56247,331248.335737,138195.226734,0.0,0.0,0.0,8777.07,0.0,39288.94,11.948491
2019-01-13,15,478885.685234,339241.868121,139643.817113,0.0,0.0,0.0,8460.49,0.0,39188.87,12.219941
2019-01-13,16,511545.612339,363709.721545,147835.890794,0.0,0.0,0.0,7671.82,0.0,39710.55,12.881857
2019-01-13,17,568196.904965,392736.269043,175460.635922,0.0,0.0,0.0,6737.55,0.0,41576.89,13.666171
2019-01-13,18,650798.345183,444954.378955,205843.966228,0.0,0.0,0.0,5942.23,0.0,44064.74,14.769141
2019-01-13,19,663702.849584,444944.508955,218758.34063,0.0,0.0,0.0,5404.03,0.0,44875.96,14.789719
2019-01-13,20,671951.374246,444944.508955,227006.865291,0.0,0.0,0.0,4667.91,0.0,44655.04,15.047604
2019-01-13,21,663971.008836,444944.508955,219026.499881,0.0,0.0,0.0,4136.56,0.0,43649.93,15.211273
2019-01-13,22,623818.791124,428347.561705,195471.229419,0.0,0.0,0.0,3774.93,0.0,41581.77,15.002218
2019-01-13,23,555761.495844,367375.962097,188385.533747,0.0,0.0,0.0,3753.92,0.0,39683.7,14.00478
2019-01-14,0,555405.548104,390056.923805,165348.624299,0.0,0.0,0.0,3651.57,0.0,38501.54,14.425541
2019-01-14,1,501350.602232,336316.028582,165034.573651,0.0,0.0,0.0,3723.31,0.0,38018.2,13.187121
2019-01-14,2,500122.835023,332116.988583,168005.846441,0.0,0.0,0.0,3773.09,0.0,38041.8,13.146666
2019-01-14,3,639133.140581,473181.610247,165951.530335,0.0,0.0,0.0,3917.83,0.0,38517.64,16.593258
2019-01-14,4,675300.419778,498932.610438,176367.809339,0.0,0.0,0.0,4039.3,0.0,39905.67,16.922418
2019-01-14,5,816970.796377,627690.132358,189280.664018,0.0,0.0,0.0,3823.26,0.0,43103.13,18.953862
2019-01-14,6,938966.804263,679312.470482,259654.333781,0.0,0.0,0.0,3677.77,0.0,47531.78,19.754505
2019-01-14,7,961175.908017,679309.690482,281866.217535,0.0,0.0,0.0,3622.45,0.0,49085.69,19.581591
2019-01-14,8,949465.672153,683512.020481,265953.651672,0.0,0.0,0.0,3644.86,0.0,48518.66,19.569083
2019-01-14,9,937297.533065,683508.730481,253788.802584,0.0,0.0,0.0,3854.2,0.0,48252.28,19.424938
2019-01-14,10,884613.363745,662427.90736,222185.456384,0.0,0.0,0.0,5383.66,0.0,47533.0,18.61051
2019-01-14,11,814419.00733,609405.914513,205013.092817,0.0,0.0,0.0,6347.32,0.0,46295.37,17.591803
2019-01-14,12,741354.252335,575259.177203,166095.075132,0.0,0.0,0.0,7757.33,0.0,44655.03,16.601808
2019-01-14,13,628901.284066,469101.012397,159800.271669,0.0,0.0,0.0,8986.06,0.0,43093.29,14.593949
2019-01-14,14,602252.998443,459610.861214,142642.137228,0.0,0.0,0.0,8879.53,0.0,41827.37,14.398539
2019-01-14,15,462859.925974,318770.207825,144089.718149,0.0,0.0,0.0,8261.57,0.0,41189.4,11.237355
2019-01-14,16,491036.60014,341704.362742,149332.237398,0.0,0.0,0.0,7616.39,0.0,41852.4,11.732579
2019-01-14,17,667654.538498,490818.186725,176836.351773,0.0,0.0,0.0,6052.57,0.0,44140.2,15.125771
2019-01-14,18,737557.155893,509151.086917,228406.068976,0.0,0.0,0.0,4705.13,0.0,46759.91,15.77328
2019-01-14,19,761000.801664,500407.600134,260593.201531,0.0,0.0,0.0,3858.38,0.0,47023.85,16.183294
2019-01-14,20,756410.135138,509151.086917,247259.048221,0.0,0.0,0.0,3746.29,0.0,46633.05,16.220473
2019-01-14,21,721559.870254,509147.796917,212412.073337,0.0,0.0,0.0,3907.58,0.0,45134.45,15.986898
2019-01-14,22,634837.573591,456125.80407,178711.769522,0.0,0.0,0.0,4160.69,0.0,42485.54,14.942439
2019-01-14,23,528143.334465,362768.735863,165374.598602,0.0,0.0,0.0,4338.42,0.0,40329.33,13.095763
2019-01-15,0,493355.187398,341227.44248,152127.744918,0.0,0.0,0.0,4504.35,0.0,38974.46,12.658423
2019-01-15,1,454597.855589,310610.597336,143987.258253,0.0,0.0,0.0,4643.76,0.0,38135.91,11.920467
2019-01-15,2,458106.333272,310610.597336,147495.735936,0.0,0.0,0.0,4156.7,0.0,37884.75,12.092104
2019-01-15,3,482710.864697,331694.710456,151016.154241,0.0,0.0,0.0,3688.87,0.0,37986.06,12.707579
2019-01-15,4,646339.344336,492049.746144,154289.598192,0.0,0.0,0.0,3306.48,0.0,38887.12,16.620911
2019-01-15,5,831172.646725,662813.191864,168359.454861,0.0,0.0,0.0,3471.11,0.0,41544.46,20.006823
2019-01-15,6,919091.920616,715825.824711,203266.095905,0.0,0.0,0.0,3726.15,0.0,45408.43,20.240557
2019-01-15,7,939922.125155,715822.534711,224099.590444,0.0,0.0,0.0,4026.34,0.0,46653.47,20.146886
2019-01-15,8,922572.354078,715822.534711,206749.819367,0.0,0.0,0.0,4006.57,0.0,45776.48,20.153851
2019-01-15,9,895088.575716,694741.71159,200346.864126,0.0,0.0,0.0,4316.11,0.0,45243.4,19.783849
2019-01-15,10,864354.487136,694741.71159,169612.775546,0.0,0.0,0.0,5706.14,0.0,44847.4,19.273235
2019-01-15,11,913388.1654,743111.407085,170276.758316,0.0,0.0,0.0,7737.45,0.0,44126.83,20.699157
2019-01-15,12,910363.729617,725527.163616,184836.566,0.0,191.058908,0.0,9996.56,0.0,43134.86,21.105058
2019-01-15,13,838779.613287,669232.856573,169546.756714,0.0,0.0,0.0,11819.89,0.0,42320.15,19.819864
2019-01-15,14,845343.985001,666303.411756,179040.573245,0.0,140.943233,0.0,11516.18,0.0,41731.27,20.256848
2019-01-15,15,873396.74559,723367.551004,150029.194587,0.0,0.0,0.0,10468.16,0.0,41506.87,21.042221
2019-01-15,16,662278.032364,509955.215982,152322.816382,0.0,0.0,0.0,9248.53,0.0,42222.7,15.685355
2019-01-15,17,610716.224299,433077.884214,177638.340085,0.0,0.0,0.0,7252.45,0.0,43944.85,13.897333
2019-01-15,18,675801.047711,470754.604717,205046.442994,0.0,0.0,0.0,5354.65,0.0,45563.69,14.832009
2019-01-15,19,702727.062485,470738.154717,231988.907768,0.0,0.0,0.0,3550.37,0.0,45353.06,15.49459
2019-01-15,20,666787.076295,470738.154717,196048.921579,0.0,0.0,0.0,4348.3,0.0,44610.98,14.946703
2019-01-15,21,581780.672371,417716.161869,164064.510502,0.0,0.0,0.0,5736.59,0.0,42792.56,13.59537
2019-01-15,22,503503.885695,377226.947045,126276.93865,0.0,0.0,0.0,7113.05,0.0,40163.53,12.536345
2019-01-15,23,404013.770389,290297.429593,113716.340796,0.0,0.0,385.783199,7385.95,0.0,37725.86,10.7092
2019-01-16,0,337245.471604,230639.917419,106605.554185,0.0,0.0,0.0,7643.2,0.0,36132.0,9.333706
2019-01-16,1,314727.964083,213734.900169,100993.063913,0.0,0.0,0.0,7950.01,0.0,35324.77,8.909555
2019-01-16,2,315406.856868,213734.900169,101671.956698,0.0,0.0,0.0,7453.19,0.0,34989.48,9.014334
2019-01-16,3,319025.737247,213734.900169,105290.837078,0.0,0.0,0.0,7184.29,0.0,35106.91,9.087263
2019-01-16,4,345668.701052,236899.134278,108769.566775,0.0,0.0,167.615,7113.46,0.0,36022.65,9.595871
2019-01-16,5,449034.404954,328466.925968,120567.478986,0.0,0.0,0.0,6985.18,0.0,38479.88,11.66933
2019-01-16,6,525274.190977,353035.725912,172238.465065,0.0,0.0,0.0,6881.65,0.0,42209.67,12.444404
2019-01-16,7,806607.385373,641647.706664,164959.678709,0.0,0.0,0.0,6701.1,0.0,43149.84,18.693172
2019-01-16,8,787896.117946,641642.146664,146253.971282,0.0,0.0,0.0,6444.68,0.0,42362.28,18.599002
2019-01-16,9,763146.84344,611854.194111,151292.649329,0.0,0.0,0.0,6953.99,0.0,42088.07,18.132142
2019-01-16,10,811720.648309,686875.072126,124845.576183,0.0,0.0,0.0,8307.83,0.0,41630.18,19.49837
2019-01-16,11,865240.563523,709368.821589,155871.741934,0.0,371.888532,0.0,10686.64,0.0,40837.55,21.187377
2019-01-16,12,836085.395952,684791.169777,151294.226175,0.0,1079.203866,0.0,12321.58,42.0,40049.2,20.876457
2019-01-16,13,820446.960137,672838.311315,147608.648823,0.0,166.88469,0.0,12747.4,345.3,39286.6,20.883634
2019-01-16,14,896007.881701,753639.915208,142367.966493,0.0,1004.301734,0.0,13695.802777,263.087223,38425.22,23.318224
2019-01-16,15,888208.958137,749965.600808,138243.357329,0.0,1283.761434,0.0,13879.016963,214.193037,38063.76,23.334767
2019-01-16,16,813974.979776,686803.094334,127171.885442,0.0,855.402646,0.0,13802.561126,113.838874,38403.16,21.195521
2019-01-16,17,2951467.742677,2824396.203794,127071.538883,0.0,1177.698801,0.0,12417.09,42.0,39670.61,74.399354
2019-01-16,18,3000943.070502,2879375.836155,121567.234348,0.0,0.0,0.0,9002.4,0.0,41265.7,72.722456
2019-01-16,19,2755596.311384,2616405.932461,139190.378923,0.0,0.0,0.0,5539.74,0.0,41086.02,67.068952
2019-01-16,20,2699964.963933,2572190.169261,127774.794672,0.0,0.0,0.0,6430.68,0.0,40344.51,66.922735
2019-01-16,21,2517222.660254,2405698.722243,111523.938011,0.0,0.0,0.0,7660.29,0.0,38878.18,64.746412
2019-01-16,22,2460028.976709,2367776.823727,92252.152981,0.0,0.0,0.0,8481.7,0.0,36339.66,67.695432
2019-01-16,23,2383046.931141,2305876.495585,77170.435556,0.0,0.0,0.0,8387.11,0.0,33930.27,70.233657
2019-01-17,0,2359969.669535,2289873.637272,70096.032264,0.0,0.0,0.0,8371.96,0.0,32288.36,73.090416
2019-01-17,1,2316919.151101,2233832.918634,83086.232466,0.0,0.0,0.0,8622.24,0.0,31344.35,73.918239
2019-01-17,2,2319290.816745,2242596.919309,76693.897436,0.0,0.0,0.0,7655.95,0.0,30958.06,74.917189
2019-01-17,3,2321414.98017,2242587.049309,78827.930861,0.0,0.0,0.0,7251.82,0.0,30978.47,74.936399
2019-01-17,4,2331851.571026,2247954.493786,83897.07724,0.0,0.0,0.0,7256.46,0.0,31776.98,73.381787
2019-01-17,5,2401610.06793,2302415.392485,99194.675445,0.0,0.0,0.0,6905.6,0.0,34167.39,70.289538
2019-01-17,6,2518807.248115,2392462.468421,126344.779694,0.0,0.0,0.0,6744.66,0.0,37956.74,66.359947
2019-01-17,7,2548684.959748,2406988.118795,141696.840953,0.0,0.0,0.0,6743.35,0.0,39399.08,64.688946
2019-01-17,8,2558561.814956,2408378.542792,150183.272164,0.0,0.0,0.0,4778.27,0.0,38974.65,65.64682
2019-01-17,9,2573665.867182,2417896.808718,155769.058464,0.0,0.0,0.0,4013.3,0.0,38808.95,66.316297
2019-01-17,10,2551501.183036,2408357.496695,143143.686341,0.0,0.0,0.0,5000.63,0.0,38526.48,66.227207
2019-01-17,11,2535901.543759,2402658.089381,133243.454378,0.0,0.0,0.0,5582.31,0.0,37970.25,66.786538
2019-01-17,12,2504560.505812,2389850.412782,114710.093031,0.0,0.0,0.0,6942.96,0.0,37259.72,67.218984
2019-01-17,13,2409774.693677,2291690.606012,118084.087665,0.0,0.0,0.0,8784.88,58.0,36723.73,65.619007
2019-01-17,14,2403643.128382,2288561.09822,115082.030161,0.0,0.0,0.0,7993.65,0.0,36273.49,66.264457
2019-01-17,15,2406570.447786,2291451.386445,115119.061341,0.0,0.0,0.0,7231.01,0.0,35906.94,67.022432
2019-01-17,16,2423391.188575,2307201.186846,116190.00173,0.0,0.0,0.0,6550.86,0.0,36068.42,67.188726
2019-01-17,17,2528649.010213,2407850.944027,120798.066186,0.0,0.0,0.0,4942.51,0.0,36939.98,68.452907
2019-01-17,18,2573122.615,2415559.644027,157562.970973,0.0,0.0,0.0,4041.63,0.0,39053.19,65.887642
2019-01-17,19,2577795.95531,2415556.864027,162239.091283,0.0,0.0,0.0,4036.91,0.0,39415.92,65.399868
2019-01-17,20,2562554.167599,2415556.864027,146997.303572,0.0,0.0,0.0,4670.25,0.0,39229.85,65.321539
2019-01-17,21,2529458.206246,2401567.194727,127891.011519,0.0,0.0,0.0,5857.62,0.0,38223.8,66.174954
2019-01-17,22,2476300.328548,2375587.315561,100713.012987,0.0,0.0,0.0,7497.18,0.0,36330.07,68.161177
2019-01-17,23,2442330.0839,2337294.747991,105035.335908,0.0,0.0,0.0,7367.69,0.0,34390.21,71.018179
2019-01-18,0,2579714.171486,2495586.719354,84127.452132,0.0,0.0,0.0,7582.95,0.0,33161.87,77.791577
2019-01-18,1,2570302.150628,2495580.649354,74721.501274,0.0,0.0,0.0,8107.73,0.0,32694.33,78.616144
2019-01-18,2,2577213.010441,2503866.726939,73346.283502,0.0,0.0,0.0,8358.55,0.0,32476.95,79.355143
2019-01-18,3,2708822.261293,2639651.185754,69171.075539,0.0,0.0,0.0,8821.71,0.0,32648.7,82.968763
2019-01-18,4,2838691.371055,2762842.566778,75848.804277,0.0,0.0,0.0,9136.29,0.0,33575.65,84.546133
2019-01-18,5,2871267.142564,2750716.162844,120550.97972,0.0,293.30425,0.0,10811.35,42.0,35925.85,79.922038
2019-01-18,6,2906503.745106,2764225.942261,142277.802846,0.0,734.185373,0.0,12388.2,42.0,39626.2,73.348031
2019-01-18,7,2919244.519311,2764219.362261,155025.157051,0.0,1115.542803,0.0,13170.47,42.0,41157.13,70.929254
2019-01-18,8,2923558.980031,2764219.362261,159339.61777,0.0,1343.800965,0.0,12727.23,42.0,40718.06,71.800056
2019-01-18,9,2920873.484002,2764219.362261,156654.121741,0.0,1318.956656,0.0,12287.86,42.0,40332.03,72.420691
2019-01-18,10,2924143.975649,2792488.527834,131655.447814,0.0,422.015352,0.0,12670.38,42.0,39815.46,73.442426
2019-01-18,11,3014630.71599,2895101.920968,119528.795022,0.0,1329.99856,0.0,14197.66,100.0,39150.7,77.000685
2019-01-18,12,3012725.735117,2886801.765207,125923.969909,0.0,1672.539516,0.0,15291.89159,339.92841,38544.97,78.16132
2019-01-18,13,2982082.803296,2862744.224549,119338.578747,0.0,1289.858314,0.0,16039.33,417.8,38145.31,78.176919
2019-01-18,14,2961693.246618,2846780.018146,114913.228471,0.0,1943.641359,0.0,17446.035131,306.024869,37548.1,78.877313
2019-01-18,15,2919433.647224,2810959.092315,108474.55491,0.0,1830.777342,0.0,17346.55,255.5,37072.75,78.748775
2019-01-18,16,2921847.015094,2820796.363464,101050.65163,0.0,979.714515,0.0,16550.27,255.5,36990.87,78.988329
2019-01-18,17,817944.790792,712587.519404,105357.271388,0.0,985.013433,0.0,15419.8,100.0,37512.88,21.804372
2019-01-18,18,782645.475896,672029.042768,110616.433128,0.0,616.004792,0.0,14096.63,100.0,38526.42,20.314513
2019-01-18,19,760064.558315,631651.354137,128413.204178,0.0,473.954636,0.0,12542.28,42.0,38106.47,19.945814
2019-01-18,20,743556.212457,631651.354137,111904.85832,0.0,1180.842413,0.0,14294.22,42.0,37353.23,19.906075
2019-01-18,21,707965.939488,609584.633326,98381.306162,0.0,1605.424023,0.0,15924.72,42.0,36292.33,19.507316
2019-01-18,22,681155.169604,599549.843604,81605.326,0.0,758.689137,0.0,16096.22,42.0,34858.02,19.540845
2019-01-18,23,648270.834891,584091.079742,64179.755149,0.0,846.548156,0.0,16728.75,42.0,33078.26,19.598094
2019-01-19,0,622472.666109,564356.01399,58116.652119,0.0,852.17985,0.0,16678.57,42.0,31626.15,19.682214
2019-01-19,1,619214.820128,578279.542369,40935.27776,0.0,0.0,0.0,13175.72,0.0,30862.28,20.063807
2019-01-19,2,508058.143405,459033.031154,49025.112251,0.0,0.0,0.0,12829.5,0.0,30797.76,16.496594
2019-01-19,3,570355.159776,516631.722807,53723.436969,0.0,0.0,0.0,11748.94,0.0,31371.98,18.1804
2019-01-19,4,717581.921159,635815.724022,81766.197137,0.0,0.0,0.0,6369.38,0.0,32567.48,22.033695
2019-01-19,5,752445.314616,631562.180744,120883.133872,0.0,246.742276,0.0,11535.43,100.0,34680.37,21.696577
2019-01-19,6,781956.746221,641560.694808,140396.051414,0.0,963.079693,0.0,11571.49,42.0,37325.71,20.949548
2019-01-19,7,838205.378993,666970.031542,171235.347451,0.0,1412.716346,0.0,12106.17,0.0,40072.32,20.917316
2019-01-19,8,864411.750084,673678.163734,190733.58635,0.0,1256.451172,0.0,12162.9,0.0,42575.89,20.302846
2019-01-19,9,904125.259478,708939.498253,195185.761225,0.0,1233.453428,0.0,11992.31,0.0,44134.03,20.485899
2019-01-19,10,925378.946154,724222.504942,201156.441212,0.0,327.103657,0.0,11071.35,0.0,44598.78,20.748974
2019-01-19,11,1004284.579322,803130.10349,201154.475832,0.0,1298.688198,0.0,12019.24,345.3,44150.49,22.74685
2019-01-19,12,1044183.50936,842353.497407,201830.011953,0.0,1521.499884,0.0,13100.0,345.3,43223.22,24.15793
2019-01-19,13,1021763.619441,807879.92902,213883.690421,0.0,1200.91584,0.0,13498.26,375.8,42057.23,24.294601
2019-01-19,14,1024060.047707,841744.872896,182315.174811,0.0,1834.889289,0.0,14428.372732,271.637268,41085.19,24.925284
2019-01-19,15,955091.459647,781627.498053,173463.961594,0.0,1705.007198,0.0,14508.46,213.5,40481.5,23.593282
2019-01-19,16,879858.612603,714127.148399,165731.464204,0.0,674.822683,0.0,13409.998189,186.461811,40650.08,21.644696
2019-01-19,17,855705.588365,686371.350782,169334.237583,0.0,1071.533706,0.0,14414.5,345.3,42072.62,20.338776
2019-01-19,18,930102.990078,748788.78649,181314.203587,0.0,467.980931,0.0,12554.24,58.0,44941.32,20.695943
2019-01-19,19,943595.360986,774106.702889,169488.658097,0.0,0.0,0.0,7969.81,0.0,45497.74,20.73939
2019-01-19,20,756884.543246,581375.953101,175508.590146,0.0,0.0,0.0,8121.7,0.0,45698.93,16.562413
2019-01-19,21,750726.599115,581375.953101,169350.646014,0.0,0.0,0.0,8681.93,0.0,45458.99,16.51437
2019-01-19,22,726676.660903,557156.051252,169520.609651,0.0,0.0,0.0,8671.86,0.0,44662.81,16.270285
2019-01-19,23,727703.331492,557156.051252,170547.28024,0.0,0.0,0.0,7318.14,0.0,43760.0,16.629418
2019-01-20,0,776166.372552,610980.879752,165185.4928,0.0,0.0,0.0,6110.94,0.0,43105.65,18.00614
2019-01-20,1,719621.916935,535954.441736,183667.475199,0.0,0.0,0.0,5399.69,0.0,42934.34,16.760987
2019-01-20,2,845494.266104,686545.70279,158948.563314,0.0,0.0,0.0,4822.37,0.0,42968.77,19.676948
2019-01-20,3,851123.602219,686532.54279,164591.059429,0.0,0.0,0.0,4568.02,0.0,43310.24,19.651787
2019-01-20,4,868344.356578,697954.638039,170389.718539,0.0,0.0,0.0,4864.26,0.0,44147.09,19.669345
2019-01-20,5,917550.321362,713244.224728,204306.096634,0.0,0.0,0.0,3597.02,0.0,45461.11,20.183192
2019-01-20,6,954234.201645,713240.934728,240993.266918,0.0,0.0,0.0,3234.75,0.0,47269.7,20.187016
2019-01-20,7,992245.873937,713240.934728,279004.939209,0.0,0.0,0.0,3645.45,0.0,48930.53,20.278666
2019-01-20,8,1157806.857396,905944.344516,251862.51288,0.0,0.0,0.0,3790.08,0.0,49352.02,23.460172
2019-01-20,9,1111325.276632,905938.784516,205386.492116,0.0,0.0,0.0,4279.07,0.0,48258.44,23.02862
2019-01-20,10,1024711.010207,869568.374706,155142.6355,0.0,0.0,0.0,6388.65,0.0,45954.68,22.298295
2019-01-20,11,942183.31129,785940.451008,156242.860282,0.0,0.0,0.0,8353.49,0.0,43536.39,21.641282
2019-01-20,12,880119.171918,714077.14005,166042.031868,0.0,107.997327,0.0,10857.52,58.0,41259.63,21.331242
2019-01-20,13,818996.973698,670443.538459,148553.435239,0.0,310.934022,0.0,12792.18,387.3,39360.88,20.807385
2019-01-20,14,783940.393233,641358.30989,142582.083344,0.0,939.446153,0.0,13620.67,387.3,37870.06,20.700796
2019-01-20,15,765057.530661,641570.05477,123487.475891,0.0,1340.168166,0.0,14181.49,262.3,37021.7,20.665111
2019-01-20,16,762822.169968,650775.055293,112047.114675,0.0,890.07496,0.0,14003.11,262.3,36908.1,20.668151
2019-01-20,17,834159.86614,696192.04909,137967.817049,0.0,975.090461,0.0,11527.89,42.0,38623.14,21.597412
2019-01-20,18,965956.779477,824458.365125,141498.414352,0.0,0.0,0.0,7938.87,0.0,41764.05,23.128906
2019-01-20,19,765274.200823,602701.073432,162573.127391,0.0,0.0,0.0,4512.42,0.0,42989.14,17.80157
2019-01-20,20,629685.09845,461629.361768,168055.736681,0.0,0.0,0.0,5659.09,0.0,43149.9,14.592968
2019-01-20,21,570235.663321,408607.368921,161628.2944,0.0,0.0,0.0,7681.62,0.0,43278.11,13.176076
2019-01-20,22,510973.09837,372361.769303,138611.329068,0.0,0.0,0.0,9931.41,0.0,42117.85,12.131984
2019-01-20,23,532546.827657,421360.185953,111186.641704,0.0,0.0,0.0,10654.02,0.0,40672.63,13.093494
2019-01-21,0,505180.50871,404271.513469,100908.995241,0.0,0.0,0.0,11151.66,0.0,39769.55,12.702696
2019-01-21,1,434263.29612,328966.177055,105297.119065,0.0,0.0,0.0,11328.4,0.0,39392.77,11.023934
2019-01-21,2,435071.360474,328684.139919,106387.220555,0.0,0.0,0.0,11513.39,0.0,39492.73,11.016492
2019-01-21,3,446162.599393,328037.947021,118124.652372,0.0,0.0,0.0,11909.13,0.0,40131.48,11.117522
2019-01-21,4,2654856.237992,2528290.252736,126565.985256,0.0,0.0,0.0,11886.22,0.0,41480.82,64.002019
2019-01-21,5,2702670.060003,2538935.200238,163734.859764,0.0,220.856756,0.0,12880.99,42.0,44062.23,61.337569
2019-01-21,6,2744421.797605,2553471.581086,190950.216519,0.0,572.802094,0.0,13585.63,0.0,47294.87,58.027896
2019-01-21,7,2905434.527099,2701018.940174,204415.586925,0.0,765.320847,0.0,13767.31,0.0,48973.12,59.327127
2019-01-21,8,3050961.179459,2842080.781838,208880.39762,0.0,1255.786689,0.0,13181.531571,11.738429,48555.62,62.834357
2019-01-21,9,3048412.940896,2841157.281967,207255.658929,0.0,1276.199626,0.0,12437.83,42.0,47276.3,64.480785
2019-01-21,10,3015864.391351,2835364.387903,180500.003448,0.0,419.159226,0.0,12712.96,42.0,45876.77,65.738377
2019-01-21,11,2993971.889494,2822850.562546,171121.326948,0.0,1362.260777,0.0,13973.722807,234.767193,43851.36,68.275463
2019-01-21,12,3048012.900775,2903382.947086,144629.953689,0.0,1686.04924,0.0,15367.88,130.5,41660.56,73.163032
2019-01-21,13,3009847.610575,2876548.982492,133298.628082,0.0,845.539498,0.0,16335.71758,282.50242,40059.48,75.134465
2019-01-21,14,2983055.412833,2860001.49849,123053.914344,0.0,1639.187936,0.0,17546.823749,106.106251,38776.97,76.928533
2019-01-21,15,2978477.914279,2854594.778491,123883.135789,0.0,1676.742477,0.0,17388.4692,376.4308,38099.44,78.176422
2019-01-21,16,2986564.179869,2856821.661959,129742.51791,0.0,1044.842445,0.0,16108.50448,414.30552,38210.64,78.160538
2019-01-21,17,3010395.540973,2887068.880651,123326.660321,0.0,1401.19327,0.0,15791.030786,112.619214,39391.63,76.422213
2019-01-21,18,2926831.506221,2791777.667518,135053.838703,0.0,1114.40291,0.0,14646.71,42.0,41701.84,70.184709
2019-01-21,19,2921196.51128,2771562.270919,149634.240362,0.0,869.70742,0.0,13141.92,42.0,41813.39,69.862705
2019-01-21,20,2898229.346593,2766155.55092,132073.795673,0.0,1139.028913,0.0,14971.72,42.0,41171.8,70.393554
2019-01-21,21,2847847.957624,2743580.670345,104267.28728,0.0,1568.787362,0.0,17056.09,42.0,39776.21,71.596765
2019-01-21,22,2806347.7812,2723972.377927,82375.403273,0.0,1590.67591,0.0,18226.15,42.0,37287.92,75.26158
2019-01-21,23,2785481.71157,2719662.63615,65819.07542,0.0,1619.733626,0.0,18253.88,42.0,34785.4,80.076173
2019-01-22,0,2771032.23143,2712299.226825,58733.004605,0.0,1641.921411,0.0,17930.88,42.0,33150.43,83.589632
2019-01-22,1,2758831.122805,2699111.070061,59720.052743,0.0,1559.966358,0.0,17456.21,100.0,32192.33,85.698398
2019-01-22,2,2743591.266057,2687257.279262,56333.986795,0.0,1608.328267,0.0,17411.73,42.0,31703.04,86.540321
2019-01-22,3,2745089.624813,2687257.279262,57832.345551,0.0,1572.21188,0.0,17178.5,42.0,31687.39,86.630348
2019-01-22,4,2759782.316868,2695120.870717,64661.446151,0.0,1498.967444,0.0,16843.56,42.0,32456.75,85.029534
2019-01-22,5,2799097.881244,2718737.445528,80360.435716,0.0,1510.429511,0.0,16563.05,42.0,34693.99,80.679619
2019-01-22,6,2835368.268546,2727431.657447,107936.611098,0.0,1238.456582,0.0,16095.99,42.0,38275.89,74.077135
2019-01-22,7,2848519.150541,2727425.077447,121094.073093,0.0,947.672833,0.0,15332.12,42.0,39264.5,72.546936
2019-01-22,8,2860051.733704,2737192.682447,122859.051257,0.0,609.306249,0.0,13982.66,42.0,38572.2,74.148006
2019-01-22,9,2865659.231414,2737186.102447,128473.128967,0.0,775.792164,0.0,13305.02,42.0,38427.65,74.572846
2019-01-22,10,2861428.781495,2743907.394639,117521.386856,0.0,280.501337,0.0,13667.66,42.0,38336.72,74.639374
2019-01-22,11,2895371.029684,2772159.995527,123211.034157,0.0,155.375242,0.0,13171.26,262.3,38194.55,75.805868
2019-01-22,12,2946382.493251,2838768.171732,107614.321518,0.0,152.106054,0.0,14029.02,387.3,38047.39,77.439806
2019-01-22,13,3020164.957287,2895033.99586,125130.961426,0.0,682.444483,0.0,14727.21,255.5,37928.8,79.627221
2019-01-22,14,3008749.489527,2878446.935564,130302.553962,0.0,666.34778,0.0,14717.198681,301.661319,37764.87,79.67059
2019-01-22,15,2981420.336888,2856407.697271,125012.639617,0.0,750.999721,0.0,15217.31,417.8,37721.42,79.037861
2019-01-22,16,2993226.878205,2878895.757955,114331.12025,0.0,99.45234,0.0,14389.0,130.5,38197.9,78.361032
2019-01-22,17,2963064.845473,2837249.456071,125815.389402,0.0,366.821418,0.0,13634.93,262.3,39549.44,74.920526
2019-01-22,18,2945003.658248,2802028.418235,142975.240013,0.0,984.3249,0.0,13459.27,42.0,41482.82,70.993333
2019-01-22,19,2956682.862947,2789224.031636,167458.831312,0.0,806.909273,0.0,11941.73,42.0,41948.56,70.483537
2019-01-22,20,2941093.26354,2789224.031636,151869.231904,0.0,1067.311584,0.0,13912.06,42.0,42046.29,69.948936
2019-01-22,21,2877458.258466,2743580.670345,133877.588122,0.0,1503.704565,0.0,16502.19,42.0,41182.99,69.870067
2019-01-22,22,2850398.640915,2733819.645344,116578.99557,0.0,1499.89509,0.0,17323.28,42.0,39508.01,72.147361
2019-01-22,23,2838150.074408,2728568.262945,109581.811463,0.0,1479.756121,0.0,15633.49,42.0,37858.36,74.967592
2019-01-23,0,2837089.198345,2730370.235824,106718.96252,0.0,1476.962533,0.0,14967.09,42.0,36874.0,76.940099
2019-01-23,1,2871174.210675,2726726.724,144447.486675,0.0,1257.126782,0.0,11813.17,42.0,36896.58,77.816811
2019-01-23,2,2873199.991832,2734695.876593,138504.115239,0.0,1225.607036,0.0,12569.5,42.0,37340.84,76.945243
2019-01-23,3,2909659.452312,2761905.460744,147753.991567,0.0,393.072479,0.0,12093.53,42.0,38581.72,75.415493
2019-01-23,4,2893248.094104,2783708.964022,109539.130082,0.0,0.0,0.0,11208.19,0.0,40620.56,71.226199
2019-01-23,5,2678476.884476,2532055.460401,146421.424075,0.0,0.0,0.0,11570.22,0.0,44170.9,60.638947
2019-01-23,6,2882509.313741,2682128.092148,200381.221593,0.0,0.0,0.0,9514.82,0.0,49254.31,58.522986
2019-01-23,7,2923539.278045,2682108.352148,241430.925897,0.0,0.0,0.0,8005.76,0.0,51796.1,56.443232
2019-01-23,8,2919701.807115,2682108.352148,237593.454967,0.0,0.0,0.0,7180.61,0.0,51379.74,56.825936
2019-01-23,9,2895718.34426,2682108.352148,213609.992112,0.0,0.0,0.0,7884.54,0.0,50589.1,57.239966
2019-01-23,10,762487.55144,538004.871956,224482.679484,0.0,0.0,0.0,8812.85,0.0,49544.31,15.390013
2019-01-23,11,724963.926481,538004.871956,186959.054524,0.0,0.0,0.0,10232.19,0.0,48035.87,15.092137
2019-01-23,12,708900.258745,529135.605039,179764.653706,0.0,0.0,0.0,12346.26,0.0,46272.73,15.320044
2019-01-23,13,676704.718812,477776.423854,198928.294957,0.0,283.05661,0.0,14070.20761,269.31239,44752.21,15.121146
2019-01-23,14,657972.060477,459338.005997,198634.054481,0.0,540.846413,0.0,13888.156995,294.543005,43121.43,15.258586
2019-01-23,15,646964.339441,455551.930363,191412.409078,0.0,634.500799,0.0,13514.76,88.5,41972.03,15.414178
2019-01-23,16,674235.572197,475012.847272,199222.724926,0.0,414.382637,0.0,12383.128497,170.261503,42017.47,16.046553
2019-01-23,17,636020.936863,492338.689808,143682.247055,0.0,0.0,0.0,9839.4,0.0,43479.13,14.628189
2019-01-23,18,765632.599816,583798.983095,181833.616721,0.0,0.0,0.0,6896.08,0.0,46781.57,16.366116
2019-01-23,19,821305.094082,583783.043095,237522.050986,0.0,0.0,0.0,4197.62,0.0,48121.09,17.067467
2019-01-23,20,836782.332566,583783.043095,252999.289471,0.0,0.0,0.0,3555.08,0.0,48589.25,17.221553
2019-01-23,21,816974.059797,583783.043095,233191.016702,0.0,0.0,0.0,3649.93,0.0,47987.46,17.024741
2019-01-23,22,772299.548423,583783.043095,188516.505328,0.0,0.0,0.0,4618.47,0.0,46144.05,16.736709
2019-01-23,23,714238.330453,544362.739783,169875.59067,0.0,0.0,0.0,4582.6,0.0,44401.89,16.085764
2019-01-24,0,659453.890688,491340.746936,168113.143752,0.0,0.0,0.0,4990.04,0.0,43536.71,15.147077
2019-01-24,1,584936.640853,416323.15892,168613.481932,0.0,0.0,0.0,5827.93,0.0,43331.08,13.49924
2019-01-24,2,643806.824198,469348.441768,174458.38243,0.0,0.0,0.0,4928.48,0.0,43556.02,14.781122
2019-01-24,3,679238.435746,490429.264888,188809.170857,0.0,0.0,0.0,4435.32,0.0,44178.62,15.374822
2019-01-24,4,765459.749915,565446.852904,200012.897012,0.0,0.0,0.0,4048.15,0.0,45683.05,16.755881
2019-01-24,5,1005756.872161,775145.773037,230611.099123,0.0,0.0,0.0,3780.61,0.0,49021.05,20.516837
2019-01-24,6,1307182.7933,1015350.470361,291832.322939,0.0,0.0,0.0,3484.91,0.0,53643.76,24.367844
2019-01-24,7,1323782.926402,1015337.820361,308445.106041,0.0,0.0,0.0,3235.31,0.0,54669.49,24.214291
2019-01-24,8,1275324.620896,1015337.820361,259986.800534,0.0,0.0,0.0,2711.91,0.0,51857.4,24.592915
2019-01-24,9,1164588.227809,958787.040362,205801.187447,0.0,0.0,0.0,3075.53,0.0,48510.5,24.006931
2019-01-24,10,1031895.196287,883769.452347,148125.74394,0.0,0.0,0.0,5424.57,0.0,45580.32,22.639051
2019-01-24,11,1010171.833799,902135.971123,108035.862675,0.0,0.0,0.0,6991.91,0.0,42871.2,23.562947
2019-01-24,12,999941.185002,816419.040523,183522.144479,0.0,71.742429,0.0,9808.14,88.5,40657.35,24.594352
2019-01-24,13,939425.490273,769706.788928,169718.701346,0.0,1097.868535,0.0,12420.92,130.5,39133.0,24.005967
2019-01-24,14,921908.915396,768664.520529,153244.394867,0.0,1851.961754,0.0,13524.07,130.5,37937.13,24.300966
2019-01-24,15,900258.573126,764738.895036,135519.67809,0.0,1850.953048,0.0,14336.43,130.5,37398.83,24.071838
2019-01-24,16,876425.9806,754720.951009,121705.029591,0.0,1076.383208,0.0,14837.36,130.5,37622.28,23.295398
2019-01-24,17,869706.475662,740442.14897,129264.326691,0.0,1241.267261,0.0,13251.97,42.0,38843.86,22.389806
2019-01-24,18,900000.097479,738222.781857,161777.315623,0.0,895.425321,0.0,11267.48,42.0,41673.85,21.596279
2019-01-24,19,905215.688252,744336.334337,160879.353915,0.0,0.0,0.0,8498.42,0.0,42862.65,21.118986
2019-01-24,20,760919.476819,608812.955269,152106.521549,0.0,0.0,0.0,7972.67,0.0,43318.39,17.565738
2019-01-24,21,674367.858148,533996.815529,140371.042619,0.0,0.0,0.0,7590.35,0.0,42613.88,15.825075
2019-01-24,22,622638.359619,490430.539464,132207.820154,0.0,0.0,0.0,6958.09,0.0,40928.54,15.212816
2019-01-24,23,663472.617353,557394.360585,106078.256769,0.0,0.0,0.0,6471.53,0.0,39360.33,16.856378
2019-01-25,0,627838.612347,515951.12767,111887.484677,0.0,0.0,0.0,6041.38,0.0,38608.92,16.261491
2019-01-25,1,576327.276987,448928.916618,127398.36037,0.0,0.0,0.0,5808.82,0.0,38644.37,14.913616
2019-01-25,2,584680.186464,448925.626618,135754.559847,0.0,0.0,0.0,5603.44,0.0,39025.4,14.982042
2019-01-25,3,600266.391216,455646.918809,144619.472407,0.0,0.0,0.0,5624.88,0.0,39806.26,15.079698
2019-01-25,4,657491.157243,505073.584407,152417.572837,0.0,0.0,0.0,5781.95,0.0,41435.44,15.867845
2019-01-25,5,878332.114586,698393.30159,179938.812996,0.0,0.0,0.0,4098.31,0.0,44648.23,19.672272
2019-01-25,6,952646.595694,698380.14159,254266.454104,0.0,0.0,0.0,3789.42,0.0,49074.58,19.412221
2019-01-25,7,963596.562205,698380.14159,265216.420615,0.0,0.0,0.0,4634.21,0.0,50406.28,19.116597
2019-01-25,8,954676.209679,698380.14159,256296.06809,0.0,0.0,0.0,3385.74,0.0,48816.58,19.556393
2019-01-25,9,799949.041509,557318.299926,242630.741584,0.0,0.0,0.0,3115.12,0.0,46875.83,17.065277
2019-01-25,10,704368.267555,505682.291802,198685.975754,0.0,0.0,0.0,4731.48,0.0,44799.98,15.722513
2019-01-25,11,582235.056669,413239.995642,168995.061027,0.0,0.0,0.0,5988.92,0.0,42650.18,13.651409
2019-01-25,12,492371.859601,352135.665193,140236.194408,0.0,0.0,0.0,8053.0,0.0,40734.49,12.087346
2019-01-25,13,493243.216217,383607.42495,109635.791267,0.0,0.0,0.0,10560.17,58.0,39344.61,12.536488
2019-01-25,14,539047.37866,360224.656144,178822.722516,0.0,0.0,0.0,9906.22,345.3,38202.48,14.110272
2019-01-25,15,469780.039208,375271.924549,94508.114659,0.0,0.0,0.0,9604.11,0.0,37591.34,12.497028
2019-01-25,16,382265.054405,260245.977246,122019.077159,0.0,0.0,0.0,8953.09,0.0,37812.07,10.109604
2019-01-25,17,464136.828605,331177.498786,132959.32982,0.0,0.0,0.0,6903.8,0.0,38772.65,11.970728
2019-01-25,18,547555.304216,361440.969156,186114.33506,0.0,0.0,0.0,5453.69,0.0,40973.41,13.363674
2019-01-25,19,567914.574139,361434.389156,206480.184983,0.0,0.0,0.0,4605.44,0.0,41315.59,13.745769
2019-01-25,20,561161.716299,361434.389156,199727.327144,0.0,0.0,0.0,5050.48,0.0,41286.15,13.592009
2019-01-25,21,525981.99262,354026.669156,171955.323464,0.0,0.0,0.0,6338.15,0.0,40874.96,12.868074
2019-01-25,22,462165.316166,317038.616595,145126.699571,0.0,0.0,0.0,8260.12,0.0,39724.31,11.63432
2019-01-25,23,436752.742861,292725.780769,144026.962093,0.0,0.0,173.599,7389.22,0.0,38343.09,11.390651
2019-01-26,0,442497.443863,307149.818094,135347.625769,0.0,0.0,0.0,6354.16,0.0,37355.91,11.845447
2019-01-26,1,445473.164911,307748.044894,137725.120017,0.0,0.0,0.0,5448.04,0.0,36777.14,12.112773
2019-01-26,2,413803.129471,263545.441694,150257.687777,0.0,0.0,0.0,5191.19,0.0,36532.54,11.326974
2019-01-26,3,421577.248427,267747.771693,153829.476733,0.0,0.0,0.0,4766.81,0.0,36588.77,11.522039
2019-01-26,4,451757.977241,296103.551922,155654.425318,0.0,0.0,0.0,4517.9,0.0,37097.2,12.177684
2019-01-26,5,509086.327038,349043.061906,160043.265132,0.0,0.0,0.0,3954.13,0.0,38260.57,13.30577
2019-01-26,6,571519.233769,378444.395754,193074.838015,0.0,0.0,0.0,3555.48,0.0,40148.12,14.235268
2019-01-26,7,622665.384689,396777.295946,225888.088743,0.0,0.0,0.0,3315.99,0.0,41852.89,14.877476
2019-01-26,8,678161.30786,448412.79407,229748.51379,0.0,0.0,0.0,3068.07,0.0,42579.34,15.927004
2019-01-26,9,648641.732294,448410.01407,200231.718224,0.0,0.0,0.0,3302.08,0.0,42093.68,15.40948
2019-01-26,10,582887.77007,430070.533878,152817.236192,0.0,0.0,0.0,4963.54,0.0,40660.89,14.335342
2019-01-26,11,465603.257708,316118.879991,149484.377717,0.0,0.0,0.0,5479.12,0.0,39039.63,11.926426
2019-01-26,12,411078.632457,295038.05687,116040.575587,0.0,0.0,0.0,6846.12,0.0,37520.87,10.955999
2019-01-26,13,350399.783333,246919.75391,103480.029423,0.0,0.0,0.0,8513.49,0.0,36242.42,9.668223
2019-01-26,14,317188.821457,222021.942346,95166.879111,0.0,0.0,0.0,8646.54,0.0,35288.78,8.988376
2019-01-26,15,304193.822386,214746.985238,89446.837148,0.0,0.0,0.0,8484.95,0.0,34739.23,8.756493
2019-01-26,16,307937.173736,218393.807862,89543.365875,0.0,0.0,0.0,8077.14,0.0,34863.7,8.832602
2019-01-26,17,388928.319562,286307.730087,102620.589475,0.0,0.0,0.0,6386.22,0.0,36079.37,10.779798
2019-01-26,18,456183.519445,316125.459991,140058.059455,0.0,0.0,0.0,4948.64,0.0,38021.36,11.998085
2019-01-26,19,486706.129244,316118.879991,170587.249253,0.0,0.0,0.0,3846.52,0.0,38343.54,12.693302
2019-01-26,20,489118.983048,316118.879991,173000.103058,0.0,0.0,0.0,3770.7,0.0,38250.07,12.787401
2019-01-26,21,467929.518892,316118.879991,151810.638902,0.0,0.0,0.0,4117.28,0.0,37830.27,12.369183
2019-01-26,22,438416.321732,307378.683207,131037.638525,0.0,0.0,0.0,4820.75,0.0,37064.94,11.828329
2019-01-26,23,449535.463331,315097.253207,134438.210124,0.0,0.0,0.0,3433.84,0.0,36040.13,12.473192
2019-01-27,0,470558.413183,345916.038022,124642.375161,0.0,0.0,0.0,2931.52,0.0,35064.49,13.419799
2019-01-27,1,445047.852899,324831.924902,120215.927998,0.0,0.0,0.0,3343.48,0.0,34728.96,12.814891
2019-01-27,2,412741.481709,273195.916778,139545.564931,0.0,0.0,0.0,2860.83,0.0,34628.95,11.918972
2019-01-27,3,417080.990511,273195.916778,143885.073733,0.0,0.0,0.0,2962.58,0.0,34985.06,11.921689
2019-01-27,4,415097.858297,273195.916778,141901.941519,0.0,0.0,0.0,3490.82,0.0,35522.54,11.685478
2019-01-27,5,454077.979168,303936.30741,150141.671758,0.0,0.0,0.0,3560.05,0.0,36574.47,12.415162
2019-01-27,6,502063.763707,348129.04061,153934.723098,0.0,0.0,0.0,3984.19,0.0,38194.77,13.14483
2019-01-27,7,515649.296276,348125.75061,167523.545666,0.0,0.0,0.0,4921.51,0.0,39753.86,12.97105
2019-01-27,8,546862.951491,355536.76061,191326.190882,0.0,0.0,0.0,4149.29,0.0,40424.05,13.528158
2019-01-27,9,526528.360236,355533.47061,170994.889626,0.0,0.0,0.0,4229.07,0.0,39681.48,13.268869
2019-01-27,10,447439.282233,311334.15741,136105.124824,0.0,0.0,0.0,5875.92,0.0,38157.72,11.726049
2019-01-27,11,395309.864762,270717.821135,124592.043627,0.0,0.0,0.0,6635.76,0.0,36835.59,10.731737
2019-01-27,12,404150.866247,297291.545726,106859.320521,0.0,0.0,0.0,7868.33,0.0,35691.67,11.323395
2019-01-27,13,445794.049875,298085.549771,147708.500104,0.0,0.0,0.0,8930.56,58.0,34818.67,12.803305
2019-01-27,14,441250.955374,274602.928272,166648.027102,0.0,138.968646,0.0,9830.1,88.5,34189.75,12.905943
2019-01-27,15,436877.857642,269467.463374,167410.394268,0.0,10.729426,0.0,10011.17,88.5,33866.03,12.900179
2019-01-27,16,418294.369961,280225.17198,138069.19798,0.0,0.0,0.0,9651.52,0.0,33943.06,12.323414
2019-01-27,17,433840.07119,302339.665211,131500.405979,0.0,0.0,0.0,7679.62,0.0,34891.3,12.434047
2019-01-27,18,484739.064828,342292.053985,142447.010842,0.0,0.0,0.0,5729.01,0.0,37539.35,12.912825
2019-01-27,19,512232.470554,347252.072336,164980.398218,0.0,0.0,0.0,3511.57,0.0,38610.24,13.266752
2019-01-27,20,508640.131503,347248.782336,161391.349167,0.0,0.0,0.0,4136.32,0.0,38919.37,13.069074
2019-01-27,21,489282.843151,346970.0352,142312.807951,0.0,0.0,0.0,5776.4,0.0,38441.85,12.727869
2019-01-27,22,412062.98479,285273.395784,126789.589006,0.0,0.0,0.0,8706.01,0.0,37020.9,11.13055
2019-01-27,23,354871.933868,228357.399541,126514.534326,0.0,0.0,495.134,9144.82,0.0,35538.04,9.985692
2019-01-28,0,378184.69132,265278.893796,112905.797524,0.0,0.0,0.0,9415.54,0.0,34442.81,10.980077
2019-01-28,1,370987.140971,264265.741693,106721.399278,0.0,0.0,0.0,9715.12,0.0,33945.89,10.928779
2019-01-28,2,368127.679674,280907.172968,87220.506706,0.0,0.0,0.0,8933.83,0.0,34072.4,10.804278
2019-01-28,3,374576.881893,292408.592651,82168.289242,0.0,0.0,0.0,8288.75,0.0,34561.03,10.838128
2019-01-28,4,400927.467548,309692.599978,91234.86757,0.0,0.0,0.0,7885.09,0.0,36027.0,11.128528
2019-01-28,5,464991.676392,350060.41861,114931.257782,0.0,0.0,0.0,8023.14,0.0,39003.56,11.921775
2019-01-28,6,557122.821896,398220.541618,158902.280277,0.0,0.0,0.0,8797.98,0.0,43325.03,12.859145
2019-01-28,7,574633.91669,407406.073642,167227.843047,0.0,0.0,0.0,9868.72,0.0,44474.47,12.920534
2019-01-28,8,566526.160078,407757.073642,158769.086436,0.0,0.0,0.0,7502.67,0.0,42969.55,13.184363
2019-01-28,9,549273.930534,407753.783642,141520.146892,0.0,0.0,0.0,7093.93,0.0,41406.95,13.265259
2019-01-28,10,841146.886618,740252.412518,100894.4741,0.0,0.0,0.0,8946.48,0.0,39850.32,21.107657
2019-01-28,11,864824.969037,721513.639708,143311.329329,0.0,679.771409,0.0,10742.59,42.0,38725.87,22.33197
2019-01-28,12,2976307.005308,2867895.259738,108411.74557,0.0,1175.978699,0.0,15233.138511,246.911489,37842.19,78.650496
2019-01-28,13,3025081.798585,2861277.028392,163804.770193,0.0,797.845792,0.0,12951.38,417.8,37421.64,80.837767
2019-01-28,14,3022758.24412,2881055.717066,141702.527054,0.0,830.846484,0.0,12363.74,255.5,36970.75,81.760804
2019-01-28,15,3033678.904113,2900728.973677,132949.930436,0.0,606.228634,0.0,11620.93,255.5,36787.85,82.464153
2019-01-28,16,3039037.790671,2914654.34912,124383.441551,0.0,231.067441,0.0,11675.04,130.5,37254.01,81.576125
2019-01-28,17,3042515.208338,2909387.057898,133128.15044,0.0,1015.957857,0.0,12797.57,387.3,38404.4,79.223089
2019-01-28,18,2983576.257169,2852026.371772,131549.885396,0.0,1080.288199,0.0,13032.05,100.0,40909.35,72.931402
2019-01-28,19,2979952.037818,2823693.283899,156258.753919,0.0,833.327455,0.0,10709.88,42.0,41635.91,71.57168
2019-01-28,20,2968517.919792,2823689.993899,144827.925893,0.0,1037.880544,0.0,11974.03,42.0,41519.59,71.496802
2019-01-28,21,2935389.823511,2810888.8973,124500.926211,0.0,1393.052252,0.0,13466.59,42.0,40498.24,72.481911
2019-01-28,22,2766584.610921,2635059.136965,131525.473956,0.0,334.451156,0.0,13078.3,42.0,38796.28,71.310564
2019-01-28,23,2701150.525997,2631439.664591,69710.861406,0.0,0.0,0.0,12396.92,0.0,37200.29,72.611007
2019-01-29,0,2597410.460091,2514220.61455,83189.845541,0.0,0.0,0.0,11128.91,0.0,36608.24,70.951525
2019-01-29,1,2454303.056786,2355834.002799,98469.053988,0.0,0.0,0.0,10660.02,0.0,36776.55,66.735544
2019-01-29,2,2463814.928709,2356478.999422,107335.929287,0.0,0.0,0.0,10354.04,0.0,37327.61,66.005162
2019-01-29,3,2521327.632791,2406531.092412,114796.540379,0.0,0.0,0.0,10154.47,0.0,38497.83,65.492721
2019-01-29,4,2592001.043168,2448171.27657,143829.766599,0.0,0.0,0.0,7822.14,0.0,40641.3,63.777513
2019-01-29,5,2742364.566719,2567726.41124,174638.155479,0.0,0.0,0.0,6685.33,0.0,44595.11,61.494737
2019-01-29,6,2887937.117223,2635165.757051,252771.360172,0.0,0.0,0.0,5933.64,0.0,49811.39,57.977445
2019-01-29,7,2920880.670502,2635149.307051,285731.363451,0.0,0.0,0.0,5338.2,0.0,51758.51,56.432858
2019-01-29,8,2905578.454716,2635149.307051,270429.147665,0.0,0.0,0.0,4369.35,0.0,50303.02,57.761511
2019-01-29,9,2836587.180305,2616809.826859,219777.353446,0.0,0.0,0.0,5453.76,0.0,48546.69,58.430084
2019-01-29,10,2731607.611295,2542340.463289,189267.148006,0.0,0.0,0.0,6937.17,0.0,46756.84,58.421562
2019-01-29,11,2695915.628575,2533521.073642,162394.554933,0.0,0.0,0.0,8389.22,0.0,44927.47,60.005952
2019-01-29,12,2662302.687461,2495275.659042,167027.028418,0.0,0.0,0.0,10727.86,0.0,43119.94,61.741799
2019-01-29,13,2867648.157339,2728127.657619,139520.499721,0.0,0.0,0.0,12027.53,0.0,41645.5,68.858536
2019-01-29,14,2880544.3543,2716592.151786,163952.202514,0.0,22.657688,0.0,12256.65,100.0,40371.83,71.350354
2019-01-29,15,2870265.923479,2708671.082889,161594.84059,0.0,98.282233,0.0,12201.57,42.0,39732.22,72.240261
2019-01-29,16,2866855.261578,2732062.412504,134792.849074,0.0,0.0,0.0,12634.97,0.0,40438.08,70.89494
2019-01-29,17,2848473.389142,2675336.229314,173137.159828,0.0,0.0,0.0,11142.68,0.0,42743.54,66.641027
2019-01-29,18,2891737.217215,2722859.75854,168877.458675,0.0,0.0,0.0,9142.26,0.0,46096.01,62.732918
2019-01-29,19,2879254.798225,2688503.391267,190751.406959,0.0,0.0,0.0,7278.64,0.0,46889.54,61.405055
2019-01-29,20,2884291.447738,2688496.811267,195794.636472,0.0,0.0,0.0,6700.7,0.0,46855.68,61.556922
2019-01-29,21,2870195.450103,2688496.811267,181698.638837,0.0,0.0,0.0,6572.16,0.0,45618.1,62.917909
2019-01-29,22,2829141.066818,2663932.607419,165208.459399,0.0,0.0,0.0,6202.14,0.0,43337.9,65.280991
2019-01-29,23,2787528.00466,2638248.668613,149279.336047,0.0,0.0,0.0,5923.1,0.0,41274.16,67.53688
2019-01-30,0,2777311.657405,2634548.433363,142763.224042,0.0,0.0,0.0,5542.93,0.0,40105.03,69.250956
2019-01-30,1,2566484.081255,2420953.530626,145530.550629,0.0,0.0,0.0,5164.39,0.0,39667.2,64.700409
2019-01-30,2,2579674.484657,2420950.240626,158724.244031,0.0,0.0,0.0,4181.63,0.0,39697.92,64.982611
2019-01-30,3,2605509.22336,2437104.737409,168404.48595,0.0,0.0,0.0,3725.61,0.0,40162.85,64.873614
2019-01-30,4,2655797.857996,2479143.677803,176654.180193,0.0,0.0,0.0,3747.15,0.0,41549.86,63.918335
2019-01-30,5,2774556.354899,2576361.69385,198194.661049,0.0,0.0,0.0,3431.6,0.0,44728.57,62.030965
2019-01-30,6,2877466.126686,2604219.439969,273246.686717,0.0,0.0,0.0,3345.29,0.0,48909.17,58.832855
2019-01-30,7,2892717.370417,2604212.859969,288504.510449,0.0,0.0,0.0,3444.33,0.0,49940.27,57.923543
2019-01-30,8,2902676.352609,2652386.142977,250290.209631,0.0,0.0,0.0,3519.1,0.0,48738.48,59.556153
2019-01-30,9,2852332.295869,2624525.616859,227806.67901,0.0,0.0,0.0,3712.48,0.0,47776.43,59.701662
2019-01-30,10,2782048.643099,2580326.303659,201722.33944,0.0,0.0,0.0,5169.54,0.0,46696.04,59.577828
2019-01-30,11,2719316.033498,2550426.090891,168889.942607,0.0,0.0,0.0,6749.38,0.0,45102.52,60.291887
2019-01-30,12,568901.196685,413239.995642,155661.201043,0.0,0.0,0.0,9264.92,0.0,43519.81,13.072235
2019-01-30,13,799239.980209,654809.840361,144430.139847,0.0,0.0,0.0,12100.99,0.0,42592.93,18.764616
2019-01-30,14,800655.356908,623423.637758,177231.71915,0.0,473.93207,0.0,14019.75,387.3,41598.2,19.247356
2019-01-30,15,747918.103256,587175.617974,160742.485282,0.0,1349.07892,0.0,15534.88,100.0,40855.65,18.306357
2019-01-30,16,755657.68692,605731.419568,149926.267352,0.0,935.400778,0.0,15293.920264,87.909736,41365.42,18.26786
2019-01-30,17,799697.136828,621521.413458,178175.72337,0.0,1292.405513,0.0,14030.42,42.0,42938.9,18.624071
2019-01-30,18,900227.844745,702449.418435,197778.42631,0.0,0.0,0.0,11576.4,0.0,45708.01,19.695188
2019-01-30,19,872981.524882,705579.041643,167402.483239,0.0,0.0,0.0,8526.42,0.0,46323.2,18.845449
2019-01-30,20,758189.095459,582367.920619,175821.174839,0.0,0.0,0.0,9478.8,0.0,46099.9,16.446654
2019-01-30,21,716148.799302,560912.242711,155236.556591,0.0,0.0,0.0,10861.73,0.0,44781.21,15.992172
2019-01-30,22,645979.09525,506302.693388,139676.401862,0.0,0.0,0.0,11167.78,0.0,42286.2,15.276357
2019-01-30,23,604933.450931,480878.010263,124055.440668,0.0,0.0,0.0,10296.65,0.0,39918.88,15.154069
2019-01-31,0,599461.603001,482003.638787,117457.964214,0.0,0.0,0.0,9375.94,0.0,38492.0,15.573667
2019-01-31,1,575469.278307,450301.799921,125167.478386,0.0,0.0,77.9,8659.09,0.0,37710.0,15.260389
2019-01-31,2,573165.901051,450298.509921,122867.39113,0.0,0.0,39.028,8134.71,0.0,37313.58,15.360786
2019-01-31,3,586822.141295,466741.451838,120080.689457,0.0,0.0,0.0,7736.51,0.0,37279.96,15.740954
2019-01-31,4,598927.965349,467374.488973,131553.476376,0.0,0.0,0.0,7339.95,0.0,38084.5,15.726292
2019-01-31,5,693855.158445,552268.781022,141586.377423,0.0,0.0,101.502,8330.47,0.0,40553.02,17.109827
2019-01-31,6,760278.280319,596455.444222,163822.836098,0.0,0.0,0.0,9222.16,0.0,44186.38,17.206168
2019-01-31,7,768532.058316,596452.154222,172079.904094,0.0,0.0,0.0,9805.59,0.0,45158.28,17.01863
2019-01-31,8,864187.316904,713592.677226,150594.639677,0.0,0.0,0.0,10240.79,0.0,44281.41,19.515804
2019-01-31,9,878352.703529,688645.995976,189706.707553,0.0,15.072705,0.0,10868.02,0.0,43755.47,20.074123
2019-01-31,10,824904.481117,656372.978515,168531.502601,0.0,0.0,0.0,11986.05,0.0,43191.0,19.09899
2019-01-31,11,851299.176943,675030.563673,176268.61327,0.0,854.078508,0.0,12771.48,58.0,42327.35,20.112272
2019-01-31,12,854732.087119,695632.46238,159099.62474,0.0,1102.422287,0.0,13262.28,0.0,41372.84,20.659256
2019-01-31,13,861512.601464,698966.120918,162546.480546,0.0,166.572483,0.0,13556.93,88.5,40710.56,21.161895
2019-01-31,14,853645.201798,692126.241042,161518.960756,0.0,642.305448,0.0,13837.400527,228.609473,40060.99,21.30864
2019-01-31,15,821613.836784,678836.256064,142777.580719,0.0,107.551013,0.0,13118.92,100.0,39635.95,20.729006
2019-01-31,16,641843.81788,542738.559386,99105.258494,0.0,0.0,0.0,12160.56,0.0,39945.59,16.067952
2019-01-31,17,469866.159447,335375.538502,134490.620946,0.0,0.0,95.731,9756.16,0.0,40869.71,11.496684
2019-01-31,18,522489.130433,372735.811595,149753.318839,0.0,0.0,60.344,7230.2,0.0,42142.14,12.398258
2019-01-31,19,556601.792528,372725.941595,183875.850933,0.0,0.0,30.16,4852.91,0.0,42038.7,13.240224
2019-01-31,20,528142.771391,372725.941595,155416.829796,0.0,0.0,0.0,5738.52,0.0,41242.69,12.80573
2019-01-31,21,455252.771842,331580.05382,123672.718022,0.0,0.0,0.0,7854.14,0.0,39495.61,11.526668
2019-01-31,22,346699.682283,250509.004536,96190.677747,0.0,0.0,0.0,10079.63,0.0,36999.33,9.370431
2019-01-31,23,320068.45945,241768.807753,78299.651697,0.0,0.0,0.0,9281.44,0.0,34578.04,9.256408
2019-02-01,0,297969.620811,227934.123961,70035.49685,0.0,0.0,0.0,8667.72,0.0,32980.12,9.034825
2019-02-01,1,274865.886319,199462.16971,75403.716609,0.0,0.0,0.0,8099.65,0.0,31998.36,8.589999
2019-02-01,2,298630.184667,224868.344602,73761.840065,0.0,0.0,0.0,6757.27,0.0,31605.7,9.448618
2019-02-01,3,307178.514582,224855.184602,82323.32998,0.0,0.0,0.0,5756.01,0.0,31663.49,9.701347
2019-02-01,4,337521.849285,244060.716511,93461.132774,0.0,0.0,0.0,4877.66,0.0,32348.19,10.434026
2019-02-01,5,440719.164565,340429.70061,100289.463955,0.0,0.0,0.0,4262.86,0.0,34543.87,12.758245
2019-02-01,6,547504.770923,408999.070757,138505.700166,0.0,0.0,0.0,3904.35,0.0,38069.17,14.381842
2019-02-01,7,730475.282761,603079.615269,127395.667492,0.0,0.0,0.0,3749.01,0.0,39356.12,18.560653
2019-02-01,8,625011.152289,475116.447271,149894.705019,0.0,0.0,0.0,3285.28,0.0,39043.26,16.00817
2019-02-01,9,671573.987563,531670.517269,139903.470293,0.0,0.0,0.0,3566.03,0.0,38968.94,17.233571
2019-02-01,10,603764.198836,469109.212399,134654.986437,0.0,0.0,0.0,5287.07,0.0,38684.72,15.607304
2019-02-01,11,562637.141683,444134.768159,118502.373524,0.0,0.0,0.0,6776.89,0.0,38163.72,14.742723
2019-02-01,12,536743.708556,428473.817837,108269.890719,0.0,0.0,0.0,8590.92,0.0,37494.38,14.315311
2019-02-01,13,684313.785926,592310.399858,92003.386069,0.0,0.0,0.0,10338.43,0.0,37163.65,18.413525
2019-02-01,14,744463.395165,646680.75696,97782.638205,0.0,0.0,0.0,11221.84,0.0,36738.49,20.263854
2019-02-01,15,769280.439089,634451.979357,134828.459732,0.0,150.164565,0.0,11505.03,100.0,36438.11,21.111974
2019-02-01,16,764086.413555,638655.676905,125430.73665,0.0,217.149654,0.0,11521.48,42.0,36339.88,21.026113
2019-02-01,17,777654.18312,674308.827221,103345.355899,0.0,0.0,0.0,9783.55,0.0,36855.23,21.10024
2019-02-01,18,688738.235683,577410.59542,111327.640263,0.0,0.0,0.0,8155.06,0.0,37992.78,18.128135
2019-02-01,19,560003.931859,436673.433756,123330.498104,0.0,0.0,0.0,6563.64,0.0,37890.07,14.779702
2019-02-01,20,543656.490451,437823.498984,105832.991467,0.0,0.0,0.0,7185.91,0.0,37315.05,14.569363
2019-02-01,21,523066.037379,431425.641087,91640.396292,0.0,0.0,0.0,8094.52,0.0,36492.65,14.333463
2019-02-01,22,500165.576956,423615.931409,76549.645546,0.0,0.0,0.0,8432.87,0.0,35003.67,14.288947
2019-02-01,23,419593.66163,341935.189366,77658.472265,0.0,0.0,0.0,8333.62,0.0,33192.49,12.641223
2019-02-02,0,405137.696064,343771.492757,61366.203307,0.0,0.0,0.0,8292.86,0.0,31680.63,12.788183
2019-02-02,1,382617.768815,321715.500998,60902.267817,0.0,0.0,0.0,8312.06,0.0,30813.43,12.41724
2019-02-02,2,382378.924376,315320.933101,67057.991275,0.0,0.0,0.0,7325.91,0.0,30320.54,12.611217
2019-02-02,3,389253.271093,321718.790998,67534.480095,0.0,0.0,0.0,6623.14,0.0,30036.31,12.959424
2019-02-02,4,401797.828272,328835.472599,72962.355674,0.0,0.0,0.0,6022.62,0.0,30296.82,13.262046
2019-02-02,5,413563.965233,337174.262999,76389.702234,0.0,0.0,0.0,6223.39,0.0,31127.26,13.286231
2019-02-02,6,445306.721977,365470.995715,79835.726261,0.0,0.0,0.0,6431.01,0.0,32490.01,13.705958
2019-02-02,7,610180.495161,529268.773462,80911.721698,0.0,0.0,0.0,6506.69,0.0,33885.31,18.007228
2019-02-02,8,630834.732641,529256.123462,101578.609179,0.0,0.0,0.0,5715.88,0.0,35211.11,17.915787
2019-02-02,9,643327.732351,529256.123462,114071.608889,0.0,0.0,0.0,5880.5,0.0,36306.49,17.719359
2019-02-02,10,740721.978912,648479.604677,92242.374235,0.0,0.0,0.0,7309.83,0.0,36819.78,20.117501
2019-02-02,11,826381.996326,705203.731008,121178.265319,0.0,40.372313,0.0,9779.75,0.0,36774.95,22.471329
2019-02-02,12,895940.368564,776016.813256,119923.555308,0.0,1341.531723,0.0,12413.63,292.8,36229.18,24.7298
2019-02-02,13,717467.668672,589753.986457,127713.682215,0.0,859.480882,0.0,14067.679148,396.810852,35556.0,20.178526
2019-02-02,14,702677.847764,581344.93048,121332.917284,0.0,1602.420817,0.0,14917.88,387.3,34945.37,20.107895
2019-02-02,15,701802.39689,582203.818864,119598.578026,0.0,1650.822011,0.0,15007.49,255.5,34705.58,20.221601
2019-02-02,16,708871.265713,600794.424,108076.841713,0.0,873.234859,0.0,13969.37,262.3,34667.72,20.447588
2019-02-02,17,646466.511395,530866.040348,115600.471047,0.0,457.169473,0.0,11442.14,100.0,35220.13,18.355029
2019-02-02,18,649704.261447,561299.908062,88404.353385,0.0,0.0,0.0,9004.51,0.0,36456.52,17.821346
2019-02-02,19,549050.899464,442683.143982,106367.755482,0.0,0.0,0.0,6085.66,0.0,36340.25,15.108616
2019-02-02,20,539677.352044,442676.563982,97000.788062,0.0,0.0,0.0,6968.18,0.0,35839.9,15.058004
2019-02-02,21,612080.713506,537032.508408,75048.205098,0.0,0.0,0.0,8785.95,0.0,35099.54,17.438426
2019-02-02,22,488153.718872,377125.750619,111027.968253,0.0,367.957942,0.0,10597.22,42.0,33841.98,14.424502
2019-02-02,23,434605.891467,332988.415165,101617.476303,0.0,924.876379,0.0,11901.07,42.0,32364.13,13.428629
2019-02-03,0,396769.101264,310154.195351,86614.905913,0.0,1465.075325,0.0,13121.84,42.0,30890.76,12.844265
2019-02-03,1,371878.449607,295589.059487,76289.39012,0.0,1466.783971,0.0,13428.52,42.0,29801.23,12.478628
2019-02-03,2,369988.897928,290169.445111,79819.452817,0.0,1479.967586,0.0,13138.54,42.0,29237.78,12.65448
2019-02-03,3,373205.303148,292368.263009,80837.040139,0.0,920.753531,0.0,12272.34,42.0,28875.82,12.924492
2019-02-03,4,378945.014775,297787.877385,81157.13739,0.0,427.91749,0.0,11400.44,42.0,28859.93,13.13049
2019-02-03,5,379993.575309,297784.587385,82208.987925,0.0,560.100029,0.0,11787.24,42.0,29274.15,12.980516
2019-02-03,6,388602.760636,297784.587385,90818.173252,0.0,693.657684,0.0,12143.02,42.0,30157.8,12.885647
2019-02-03,7,422860.698517,326084.610101,96776.088416,0.0,739.276691,0.0,12118.3,42.0,31277.85,13.519494
2019-02-03,8,453423.965059,346287.154009,107136.811049,0.0,1211.840545,0.0,11771.62,42.0,32673.13,13.87758
2019-02-03,9,464396.448319,346270.704009,118125.744309,0.0,1413.30569,0.0,11450.91,42.0,33971.01,13.670375
2019-02-03,10,481933.041864,379322.497083,102610.544782,0.0,542.870874,0.0,11734.78,42.0,34743.37,13.871223
2019-02-03,11,540014.477796,433592.990265,106421.48753,0.0,1469.774071,0.0,13585.15,345.3,35236.32,15.325507
2019-02-03,12,579139.844193,452512.705125,126627.139068,0.0,1905.467,0.0,15213.32,255.5,35320.23,16.396831
2019-02-03,13,572017.775088,447951.616863,124066.158225,0.0,1184.223666,0.0,15437.46,417.8,35448.82,16.136441
2019-02-03,14,571871.794231,447918.63002,123953.164211,0.0,1834.622648,0.0,16121.57,417.8,35503.04,16.107685
2019-02-03,15,575740.114283,450181.270595,125558.843688,0.0,1795.753482,0.0,16063.883242,298.516758,35651.65,16.149045
2019-02-03,16,576731.196136,464549.216797,112181.979339,0.0,1002.121178,0.0,15483.700505,76.829495,35930.43,16.05133
2019-02-03,17,466878.779304,354598.996942,112279.782362,0.0,1501.609795,0.0,14707.87,220.3,36016.56,12.962892
2019-02-03,18,465788.414528,344267.042184,121521.372343,0.0,1239.391199,0.0,13921.35,58.0,36883.84,12.628523
2019-02-03,19,473954.583635,344260.462184,129694.121451,0.0,974.280208,0.0,12372.94,0.0,36885.6,12.849312
2019-02-03,20,467557.440285,344260.462184,123296.978101,0.0,1209.96151,0.0,13242.8,42.0,36355.98,12.860537
2019-02-03,21,451444.529947,333902.238169,117542.291778,0.0,1651.894432,0.0,14511.19,42.0,35889.86,12.578609
2019-02-03,22,428874.617059,322048.44737,106826.169689,0.0,1703.933738,0.0,14834.48,42.0,34302.83,12.502602
2019-02-03,23,406706.019005,315884.402785,90821.61622,0.0,1695.855404,0.0,13964.11,42.0,31883.38,12.756051
2019-02-04,0,377954.222379,285970.405112,91983.817267,0.0,1644.561977,0.0,13076.44,42.0,30092.26,12.559848
2019-02-04,1,373183.305356,285970.405112,87212.900244,0.0,1505.171762,0.0,12271.88,42.0,28995.53,12.870374
2019-02-04,2,382622.024574,296570.593008,86051.431566,0.0,1279.688699,0.0,11260.43,42.0,28443.89,13.451818
2019-02-04,3,388686.724871,301986.917384,86699.807487,0.0,802.412428,0.0,10165.31,42.0,28439.73,13.667033
2019-02-04,4,428269.469163,338625.730501,89643.738662,0.0,281.189606,0.0,9083.59,42.0,28979.11,14.778558
2019-02-04,5,475121.764338,383486.090488,91635.67385,0.0,0.0,0.0,8371.51,42.0,31021.99,15.315644
2019-02-04,6,414217.815841,322570.622626,91647.193215,0.0,0.0,0.0,7679.74,0.0,34580.92,11.978219
2019-02-04,7,427765.820383,322550.882626,105214.937757,0.0,0.0,0.0,6948.63,0.0,36102.55,11.848632
2019-02-04,8,436145.735624,322550.882626,113594.852998,0.0,0.0,0.0,6814.98,0.0,36217.88,12.042277
2019-02-04,9,592108.508888,462011.120393,130097.388495,0.0,0.0,0.0,7538.3,0.0,36834.13,16.074996
2019-02-04,10,776749.210457,684583.157496,92166.052961,0.0,0.0,0.0,8726.43,0.0,37382.85,20.778223
2019-02-04,11,835016.173107,707188.907756,127827.265352,0.0,190.616907,0.0,10427.52,100.0,37779.17,22.102555
2019-02-04,12,899828.535596,779460.19628,120368.339316,0.0,267.913926,0.0,11607.35,262.3,38223.23,23.541405
2019-02-04,13,920443.119488,787334.789668,133108.32982,0.0,446.383415,0.0,12416.16,130.5,38618.09,23.834507
2019-02-04,14,884115.709659,741462.065609,142653.64405,0.0,283.677698,0.0,11712.69,130.5,38791.33,22.79158
2019-02-04,15,823468.096266,718503.604269,104964.491997,0.0,0.0,0.0,10754.36,58.0,38791.88,21.227847
2019-02-04,16,783297.07629,701297.775345,81999.300945,0.0,0.0,0.0,9932.37,0.0,38893.01,20.139791
2019-02-04,17,743704.186158,642644.60917,101059.576987,0.0,0.0,0.0,8054.56,0.0,39089.7,19.025579
2019-02-04,18,816921.935502,705196.044041,111725.891461,0.0,0.0,0.0,6525.77,0.0,40486.01,20.177882
2019-02-04,19,833143.207357,705189.464041,127953.743316,0.0,0.0,0.0,4848.51,0.0,40607.16,20.51715
2019-02-04,20,816366.481099,705189.464041,111177.017058,0.0,0.0,0.0,5383.96,0.0,39694.42,20.566278
2019-02-04,21,736285.189687,633340.945945,102944.243742,0.0,0.0,0.0,6481.82,0.0,38101.7,19.324208
2019-02-04,22,403701.4501,322390.82657,81310.62353,0.0,0.0,0.0,7832.39,0.0,35586.11,11.344355
2019-02-04,23,346808.094502,274882.51817,71925.576332,0.0,0.0,0.0,7735.06,0.0,32883.06,10.54671
2019-02-05,0,252192.081671,182995.994162,69196.087509,0.0,0.0,0.0,7715.02,0.0,31016.64,8.130864
2019-02-05,1,228644.522926,163456.623488,65187.899439,0.0,0.0,0.0,7736.16,0.0,29884.43,7.650958
2019-02-05,2,228710.38498,163456.623488,65253.761493,0.0,0.0,0.0,7140.61,0.0,29341.2,7.794855
2019-02-05,3,229685.291807,163456.623488,66228.668319,0.0,0.0,0.0,6787.16,0.0,29094.67,7.894411
2019-02-05,4,239728.766554,169854.481385,69874.285169,0.0,0.0,0.0,6619.96,0.0,29601.55,8.098521
2019-02-05,5,285584.848595,211166.573485,74418.27511,0.0,0.0,0.0,7044.57,0.0,31559.7,9.049036
2019-02-05,6,377128.024171,279231.853526,97896.170645,0.0,0.0,0.0,7548.12,0.0,35193.8,10.715752
2019-02-05,7,394920.278411,287969.270309,106951.008102,0.0,0.0,0.0,7979.49,0.0,36740.62,10.748874
2019-02-05,8,395740.178142,287965.980309,107774.197833,0.0,0.0,0.0,7773.33,0.0,36716.91,10.778145
2019-02-05,9,402202.439374,287965.980309,114236.459065,0.0,0.0,0.0,8365.16,0.0,37231.37,10.802784
2019-02-05,10,707332.009615,620787.144261,86544.865354,0.0,0.0,0.0,9668.2,0.0,37940.18,18.643349
2019-02-05,11,766238.11482,670968.804726,95269.310093,0.0,0.0,0.0,11655.04,0.0,38400.65,19.95378
2019-02-05,12,781482.917287,642030.159318,139452.757968,0.0,250.124277,0.0,12985.0,387.3,38670.84,20.208584
2019-02-05,13,746955.955413,635316.770422,111639.184991,0.0,0.0,0.0,13789.05,0.0,39089.57,19.10883
2019-02-05,14,764184.451141,632426.482197,131757.968944,0.0,633.922594,0.0,14622.82,262.3,39181.34,19.503786
2019-02-05,15,758757.567784,632426.482197,126331.085587,0.0,938.583813,0.0,15100.57,262.3,39194.66,19.358698
2019-02-05,16,747465.680196,623686.285414,123779.394782,0.0,506.465394,0.0,14752.9,100.0,39119.34,19.107318
2019-02-05,17,799451.750125,674982.529388,124469.220737,0.0,416.706226,0.0,13711.56,100.0,39211.5,20.388196
2019-02-05,18,815722.88726,728586.000134,87136.887127,0.0,0.0,0.0,11169.9,0.0,40563.97,20.109543
2019-02-05,19,688100.087121,561795.443045,126304.644076,0.0,0.0,0.0,7818.58,0.0,40634.58,16.933855
2019-02-05,20,675238.313742,561788.863045,113449.450697,0.0,0.0,0.0,7986.97,0.0,39733.31,16.994263
2019-02-05,21,641320.983388,544788.726447,96532.256941,0.0,0.0,0.0,8494.65,0.0,38239.17,16.77131
2019-02-05,22,483986.296993,403726.884783,80259.412211,0.0,0.0,0.0,8334.15,0.0,35936.63,13.467771
2019-02-05,23,237122.247439,162552.179739,74570.067701,0.0,0.0,0.0,8692.42,0.0,33261.3,7.129073
2019-02-06,0,206789.14819,142829.19309,63959.955099,0.0,0.0,0.0,8847.22,0.0,31459.06,6.573278
2019-02-06,1,175677.905226,112010.381,63667.524226,0.0,0.0,0.0,9085.96,0.0,30294.03,5.799093
2019-02-06,2,169101.8431,106749.946364,62351.896737,0.0,0.0,0.0,8863.74,0.0,29669.03,5.699608
2019-02-06,3,169086.101376,106532.048089,62554.053287,0.0,0.0,0.0,8809.92,0.0,29522.53,5.727358
2019-02-06,4,179784.48852,116299.653089,63484.835431,0.0,0.0,0.0,9147.09,0.0,29999.35,5.992946
2019-02-06,5,291529.57757,230023.860153,61505.717418,0.0,0.0,0.0,8969.51,0.0,31909.5,9.136137
2019-02-06,6,342790.813617,261300.826779,81489.986838,0.0,0.0,0.0,9067.68,0.0,35397.23,9.684114
2019-02-06,7,364399.737485,270024.573562,94375.163922,0.0,0.0,0.0,9250.13,0.0,36912.87,9.871889
2019-02-06,8,391590.640866,294439.010161,97151.630705,0.0,0.0,0.0,8422.14,0.0,36932.27,10.60294
2019-02-06,9,444155.919821,342602.423169,101553.496652,0.0,0.0,0.0,8051.75,0.0,37673.4,11.789643
2019-02-06,10,617591.43543,527866.868033,89724.567396,0.0,0.0,0.0,8714.13,0.0,38504.64,16.039403
2019-02-06,11,701190.285782,576173.34275,125016.943031,0.0,0.0,0.0,11915.243684,192.696316,39121.97,17.923184
2019-02-06,12,665450.805957,516399.861308,149050.944649,0.0,1047.612105,0.0,14338.87,262.3,39640.7,16.78706
2019-02-06,13,666061.510297,515238.473184,150823.037114,0.0,669.37456,0.0,15435.76,387.3,40205.86,16.566279
2019-02-06,14,655642.776736,504855.989903,150786.786833,0.0,1284.620843,0.0,16164.07,387.3,40214.15,16.303783
2019-02-06,15,646116.542222,505064.444783,141052.097438,0.0,1364.89667,0.0,16421.08,262.3,40331.67,16.020079
2019-02-06,16,660554.430787,515582.560065,144971.870722,0.0,896.447932,0.0,16195.08,387.3,40385.06,16.356406
2019-02-06,17,662597.833593,524340.670204,138257.163388,0.0,1419.678646,0.0,15393.79,262.3,40556.09,16.337813
2019-02-06,18,684006.00412,535556.58883,148449.41529,0.0,1179.88853,0.0,14416.73,42.0,41660.08,16.41874
2019-02-06,19,686720.705065,522748.912231,163971.792835,0.0,822.119583,0.0,12711.88,42.0,41660.22,16.483847
2019-02-06,20,667936.480767,522748.912231,145187.568537,0.0,1016.715527,0.0,13845.36,42.0,40883.89,16.3374
2019-02-06,21,619213.144335,490277.233258,128935.911076,0.0,1432.320163,0.0,15479.1,42.0,39323.19,15.746768
2019-02-06,22,447681.499991,337542.459993,110139.039998,0.0,1398.040279,0.0,16343.38,42.0,36738.67,12.185566
2019-02-06,23,401212.805967,310936.842852,90275.963114,0.0,986.37854,0.0,16618.74,42.0,34116.43,11.760105
2019-02-07,0,367516.936077,289663.152478,77853.783598,0.0,813.149672,0.0,16614.37,100.0,32142.35,11.434041
2019-02-07,1,350455.999703,272207.72839,78248.271313,0.0,692.027433,0.0,16245.19,100.0,31007.24,11.302393
2019-02-07,2,345913.775318,271541.11189,74372.663428,0.0,494.804496,0.0,15609.12,42.0,30408.5,11.375562
2019-02-07,3,348514.441437,274434.690115,74079.751322,0.0,947.171102,0.0,15696.62,42.0,30169.49,11.551884
2019-02-07,4,357988.16592,277541.347316,80446.818604,0.0,1317.325778,0.0,15790.05,42.0,30598.87,11.699392
2019-02-07,5,397667.777936,312600.151294,85067.626642,0.0,1637.766269,0.0,15552.79,42.0,32268.6,12.323676
2019-02-07,6,585261.14533,476764.188681,108496.956649,0.0,1603.74584,0.0,14444.26,42.0,35643.03,16.420073
2019-02-07,7,615334.736836,507039.03439,108295.702447,0.0,1421.749897,0.0,13787.45,42.0,37230.74,16.527599
2019-02-07,8,631354.419371,512439.174389,118915.244983,0.0,1270.913543,0.0,13093.7,42.0,37830.32,16.689111
2019-02-07,9,2759643.283321,2638201.694738,121441.588583,0.0,1079.471031,0.0,12962.59,42.0,38883.34,70.972383
2019-02-07,10,2956087.756267,2838565.494044,117522.262222,0.0,405.199867,0.0,13289.438933,337.571067,39998.67,73.904651
2019-02-07,11,3060099.846129,2914515.502076,145584.344053,0.0,1375.613581,0.0,14697.09,417.8,40557.63,75.450657
2019-02-07,12,3043498.853296,2898242.644199,145256.209097,0.0,1941.737236,0.0,15842.17,417.8,40368.73,75.392485
2019-02-07,13,3032692.945773,2896730.87635,135962.069423,0.0,1825.683969,0.0,16954.709893,257.630107,40140.28,75.552362
2019-02-07,14,3016147.018427,2880277.1412,135869.877227,0.0,2592.399579,0.0,17661.540387,367.909613,39689.98,75.992657
2019-02-07,15,3016085.709176,2885195.474696,130890.23448,0.0,2459.87458,0.0,17315.26,417.8,39397.1,76.556034
2019-02-07,16,3037743.624559,2900807.659606,136935.964953,0.0,1506.827817,0.0,16114.7,417.8,39784.03,76.355855
2019-02-07,17,3055104.780272,2913260.234968,141844.545304,0.0,1224.464496,0.0,14392.568651,67.521349,41078.32,74.372681
2019-02-07,18,3004926.840508,2826908.5439,178018.296608,0.0,702.07894,0.0,12495.23332,23.87668,43866.32,68.501913
2019-02-07,19,3029630.1824,2825032.627492,204597.554908,0.0,234.067566,0.0,10640.73,0.0,45020.72,67.29413
2019-02-07,20,3035165.598312,2825029.337492,210136.26082,0.0,46.871372,0.0,10614.45,0.0,45361.47,66.910653
2019-02-07,21,3019031.616205,2818311.335301,200720.280904,0.0,248.647411,0.0,11887.34,42.0,44699.57,67.540507
2019-02-07,22,2978903.575457,2788465.091029,190438.484428,0.0,473.929617,0.0,11728.06,42.0,43102.69,69.111779
2019-02-07,23,2950844.232019,2788465.091029,162379.14099,0.0,325.012981,0.0,12254.91,42.0,41556.16,71.008588
2019-02-08,0,2877147.607601,2767181.039812,109966.567789,0.0,0.0,0.0,12731.86,0.0,40658.73,70.763342
2019-02-08,1,2626026.468203,2498751.794807,127274.673396,0.0,0.0,0.0,12462.8,0.0,40525.59,64.799216
2019-02-08,2,2629472.648986,2498748.504807,130724.144179,0.0,0.0,0.0,12935.11,0.0,40948.53,64.214091
2019-02-08,3,2651013.158971,2516798.308599,134214.850373,0.0,0.0,0.0,13112.37,0.0,41797.9,63.424554
2019-02-08,4,2701074.772754,2561345.331799,139729.440955,0.0,0.0,0.0,13066.62,0.0,43456.23,62.156215
2019-02-08,5,2844550.583141,2687872.677089,156677.906052,0.0,0.0,0.0,14022.12,0.0,46785.77,60.799482
2019-02-08,6,2983903.594364,2765098.121785,218805.472579,0.0,0.0,0.0,11999.18,0.0,51649.12,57.772593
2019-02-08,7,3060063.897157,2802615.306822,257448.590334,0.0,0.0,0.0,9354.28,0.0,53731.32,56.951214
2019-02-08,8,3054757.419363,2802608.726822,252148.69254,0.0,0.0,0.0,9069.18,0.0,53581.51,57.01141
2019-02-08,9,2943497.033112,2676170.984983,267326.048129,0.0,0.0,0.0,9174.35,0.0,53723.47,54.789779
2019-02-08,10,2910874.23114,2676161.624983,234712.606157,0.0,0.0,0.0,9930.63,0.0,53044.37,54.876215
2019-02-08,11,2844253.59145,2603444.793738,240808.797712,0.0,0.0,0.0,9033.23,0.0,52413.24,54.265937
2019-02-08,12,2821498.15497,2596526.697748,224971.457222,0.0,0.0,0.0,9015.58,0.0,51610.59,54.668977
2019-02-08,13,2816559.424336,2596523.407748,220036.016588,0.0,0.0,0.0,8635.85,0.0,51186.36,55.025585
2019-02-08,14,2770513.768438,2552324.094548,218189.67389,0.0,0.0,0.0,9262.7,0.0,50763.61,54.576768
2019-02-08,15,2758944.735375,2542527.081486,216417.653889,0.0,0.0,0.0,9982.54,0.0,50701.55,54.415392
2019-02-08,16,2804051.141676,2601702.578078,202348.563598,0.0,0.0,0.0,10692.86,0.0,51346.71,54.610142
2019-02-08,17,2834597.268667,2602603.728328,231993.540339,0.0,0.0,0.0,9929.88,0.0,52476.55,54.016456
2019-02-08,18,2873341.806366,2620939.91852,252401.887846,0.0,0.0,0.0,9063.56,0.0,53645.54,53.561616
2019-02-08,19,2879928.087236,2621794.14393,258133.943306,0.0,0.0,0.0,8282.2,0.0,53314.38,54.017848
2019-02-08,20,2865228.767104,2621784.27393,243444.493174,0.0,0.0,0.0,7697.74,0.0,52495.33,54.580641
2019-02-08,21,2813015.885247,2577584.96073,235430.924517,0.0,0.0,0.0,7636.91,0.0,51199.2,54.942575
2019-02-08,22,2781399.622608,2577584.96073,203814.661878,0.0,0.0,0.0,7640.59,0.0,49300.48,56.417293
2019-02-08,23,2710002.91838,2524562.967883,185439.950497,0.0,0.0,0.0,8291.11,0.0,47318.89,57.271059
2019-02-09,0,2658539.168286,2493284.250908,165254.917378,0.0,0.0,0.0,8755.91,0.0,45830.48,58.008102
2019-02-09,1,2599518.26599,2437706.0279,161812.23809,0.0,0.0,0.0,9272.95,0.0,44937.75,57.847094
2019-02-09,2,2591671.398377,2428170.005876,163501.392501,0.0,0.0,0.0,8647.56,0.0,44317.85,58.479177
2019-02-09,3,2600395.601132,2436913.492659,163482.108473,0.0,0.0,0.0,8133.97,0.0,44142.8,58.908714
2019-02-09,4,2620771.513981,2453860.524683,166910.989298,0.0,0.0,0.0,7817.31,0.0,44493.66,58.902134
2019-02-09,5,2642375.890629,2458056.274682,184319.615947,0.0,0.0,0.0,7404.13,0.0,45484.93,58.093436
2019-02-09,6,2737847.279807,2555280.870729,182566.409078,0.0,0.0,0.0,7052.82,0.0,47073.41,58.161227
2019-02-09,7,2770396.839018,2555274.290729,215122.548289,0.0,0.0,0.0,6846.6,0.0,48714.48,56.87009
2019-02-09,8,2795987.18336,2555274.290729,240712.892631,0.0,0.0,0.0,6884.49,0.0,50051.31,55.862418
2019-02-09,9,2800525.879894,2555274.290729,245251.589164,0.0,0.0,0.0,7398.6,0.0,50938.86,54.978181
2019-02-09,10,2926685.875963,2702828.229817,223857.646146,0.0,0.0,0.0,8653.04,0.0,51300.05,57.050351
2019-02-09,11,3055059.004879,2843042.426072,212016.578807,0.0,0.0,0.0,10078.38,0.0,50760.65,60.185577
2019-02-09,12,3035469.884267,2787539.055227,247930.82904,0.0,0.049625,0.0,11641.81,58.0,49789.36,60.966236
2019-02-09,13,3066873.225335,2857680.301728,209192.923607,0.0,0.0,0.0,12649.41,0.0,48915.69,62.697127
2019-02-09,14,3058224.966331,2831975.579539,226249.386792,0.0,107.013566,0.0,12479.83,100.0,48315.67,63.296752
2019-02-09,15,3049781.554723,2838351.381586,211430.173137,0.0,0.0,0.0,11935.56,0.0,48124.88,63.372242
2019-02-09,16,3049155.030238,2876012.559048,173142.47119,0.0,0.0,0.0,11800.38,0.0,48328.69,63.092027
2019-02-09,17,984663.571406,774173.22093,210490.350476,0.0,0.0,0.0,10880.66,0.0,49113.53,20.048723
2019-02-09,18,989614.085171,777996.923753,211617.161418,0.0,0.0,0.0,9975.81,0.0,50378.84,19.643447
2019-02-09,19,997820.609981,788634.238205,209186.371777,0.0,0.0,0.0,8826.19,0.0,50181.55,19.884213
2019-02-09,20,994143.296961,789199.846479,204943.450482,0.0,0.0,0.0,8048.84,0.0,49491.73,20.087059
2019-02-09,21,912283.311316,714175.678464,198107.632852,0.0,0.0,0.0,7971.58,0.0,48387.39,18.853741
2019-02-09,22,740988.109275,557106.253449,183881.855826,0.0,0.0,0.0,7977.25,0.0,46541.29,15.921091
2019-02-09,23,586524.979156,415475.513511,171049.465645,0.0,0.0,0.0,8533.63,0.0,44765.35,13.102209
2019-02-10,0,629123.491172,479841.320978,149282.170194,0.0,0.0,0.0,9171.43,0.0,43315.15,14.524329
2019-02-10,1,615833.760989,463432.543584,152401.217405,0.0,0.0,0.0,9995.02,0.0,42340.9,14.544654
2019-02-10,2,597045.13931,465050.087482,131995.051828,0.0,0.0,0.0,8376.38,0.0,41678.3,14.325084
2019-02-10,3,550460.869577,414278.423458,136182.44612,0.0,0.0,0.0,7108.95,0.0,41310.08,13.325098
2019-02-10,4,566219.994659,424671.960891,141548.033768,0.0,0.0,0.0,6202.2,0.0,41389.1,13.680413
2019-02-10,5,639955.65466,496026.85393,143928.80073,0.0,0.0,0.0,5095.48,0.0,41951.83,15.254535
2019-02-10,6,675475.933168,511069.501851,164406.431317,0.0,0.0,0.0,4377.46,0.0,42943.66,15.729352
2019-02-10,7,700351.710521,511066.211851,189285.49867,0.0,0.0,0.0,3883.58,0.0,43974.36,15.926365
2019-02-10,8,717658.934318,511066.211851,206592.722467,0.0,0.0,0.0,3960.7,0.0,44936.31,15.97058
2019-02-10,9,718305.668629,511066.211851,207239.456778,0.0,0.0,0.0,4698.62,0.0,45465.64,15.798869
2019-02-10,10,698382.298197,511066.211851,187316.086346,0.0,0.0,0.0,5904.75,0.0,45135.66,15.472961
2019-02-10,11,679989.997073,492096.984524,187893.012549,0.0,0.0,0.0,6430.29,0.0,44401.11,15.314707
2019-02-10,12,630338.248946,437738.044877,192600.204069,0.0,0.0,0.0,7344.03,0.0,43467.41,14.501399
2019-02-10,13,588181.97478,416783.217605,171398.757176,0.0,0.0,0.0,7830.89,0.0,42574.63,13.815316
2019-02-10,14,567709.442763,401737.279684,165972.163079,0.0,0.0,0.0,7541.82,0.0,41755.54,13.596027
2019-02-10,15,555127.892268,393874.587001,161253.305268,0.0,0.0,0.0,7523.55,0.0,41388.46,13.412625
2019-02-10,16,558626.228782,402614.783784,156011.444998,0.0,0.0,0.0,7045.78,0.0,41479.61,13.46749
2019-02-10,17,641662.927603,483766.983271,157895.944331,0.0,0.0,0.0,6434.45,0.0,42318.58,15.162676
2019-02-10,18,660106.829415,484611.338681,175495.490733,0.0,0.0,0.0,5766.19,0.0,43784.98,15.076102
2019-02-10,19,668634.819527,484601.468681,184033.350845,0.0,0.0,0.0,5020.04,0.0,43970.89,15.206306
2019-02-10,20,651167.871035,484601.468681,166566.402354,0.0,0.0,0.0,5415.73,0.0,43204.33,15.07182
2019-02-10,21,609948.064264,465632.241354,144315.82291,0.0,0.0,0.0,6543.57,0.0,41800.16,14.592003
2019-02-10,22,843804.135874,726516.729835,117287.406039,0.0,0.0,0.0,7509.27,0.0,39449.36,21.389552
2019-02-10,23,858081.218264,721932.743369,136148.474896,0.0,222.883019,0.0,8749.76,42.0,37030.78,23.172108
2019-02-11,0,791885.112051,664191.948333,127693.163718,0.0,1195.529711,0.0,10287.96,42.0,35369.3,22.389052
2019-02-11,1,751797.891253,629940.206317,121857.684936,0.0,1391.883885,0.0,10874.38,42.0,34506.91,21.78688
2019-02-11,2,748491.751045,629940.206317,118551.544727,0.0,1500.039473,0.0,11091.28,42.0,34072.44,21.967659
2019-02-11,3,747853.590137,629715.555332,118138.034805,0.0,786.459557,0.0,10458.69,42.0,34089.03,21.938248
2019-02-11,4,770164.005084,646810.602662,123353.402422,0.0,109.253051,0.0,9746.29,42.0,35045.54,21.976092
2019-02-11,5,799552.648946,690683.211904,108869.437042,0.0,0.0,0.0,9211.85,0.0,37511.6,21.314811
2019-02-11,6,785615.289085,645886.324822,139728.964263,0.0,0.0,0.0,8795.78,0.0,41026.16,19.14913
2019-02-11,7,867140.963637,720894.042837,146246.9208,0.0,0.0,0.0,8511.5,0.0,42184.56,20.555885
2019-02-11,8,895686.326245,719786.572767,175899.753478,0.0,887.926734,0.0,10098.12,0.0,41585.13,21.53862
2019-02-11,9,876860.696985,701995.847817,174864.849168,0.0,1255.401565,0.0,10639.68,0.0,41427.28,21.166263
2019-02-11,10,841975.900168,683656.367625,158319.532542,0.0,399.229504,0.0,10926.19,0.0,41126.66,20.472752
2019-02-11,11,834507.0171,676539.686024,157967.331076,0.0,1277.816391,0.0,11882.0,42.0,40826.73,20.440212
2019-02-11,12,826859.174341,676539.686024,150319.488317,0.0,1522.117206,0.0,12319.54,42.0,40568.46,20.381823
2019-02-11,13,779727.314043,676539.686024,103187.628018,0.0,0.0,0.0,12166.33,0.0,40116.31,19.436666
2019-02-11,14,816720.784346,682132.71001,134588.074336,0.0,1217.528461,0.0,13868.49,387.3,39779.94,20.530971
2019-02-11,15,873936.922499,756250.732931,117686.189568,0.0,1305.883603,0.0,14241.251478,80.568522,39586.06,22.076886
2019-02-11,16,881779.364871,741827.080485,139952.284387,0.0,1364.634027,0.0,15059.47,130.5,39737.02,22.190375
2019-02-11,17,895206.628697,756068.610197,139138.0185,0.0,1470.926395,0.0,13956.5,42.0,40422.19,22.146416
2019-02-11,18,871384.949794,720263.338928,151121.610865,0.0,1190.763758,0.0,12485.193127,30.276873,41618.72,20.937332
2019-02-11,19,880927.177351,705197.661008,175729.516343,0.0,767.582881,0.0,9643.35,42.0,41684.73,21.133091
2019-02-11,20,855022.566765,705197.661008,149824.905758,0.0,1123.52176,0.0,11019.84,42.0,40889.27,20.910683
2019-02-11,21,807871.745613,674478.948154,133392.79746,0.0,1476.932812,0.0,12334.47,42.0,39260.65,20.577136
2019-02-11,22,755508.132735,646794.152662,108713.980074,0.0,1000.011503,0.0,12652.07,42.0,36924.78,20.460735
2019-02-11,23,717912.163307,617236.372845,100675.790462,0.0,460.772388,0.0,12000.39,42.0,34541.12,20.784276
2019-02-12,0,549884.772829,460541.717913,89343.054916,0.0,1549.483913,0.0,14250.55,42.0,32946.94,16.69001
2019-02-12,1,479953.837803,385089.940319,94863.897484,0.0,1445.931359,0.0,14303.12,42.0,32106.17,14.94896
2019-02-12,2,493514.886314,380887.61032,112627.275994,22.493557,1468.080648,0.0,13672.6,204.3,32067.36,15.389944
2019-02-12,3,499772.485552,392744.69112,107027.794432,0.0,1320.714986,0.0,13772.82,42.0,32252.9,15.495428
2019-02-12,4,517181.792343,408278.034213,108903.758131,0.0,1097.964126,0.0,13234.92,42.0,33301.6,15.530239
2019-02-12,5,2666339.461943,2534030.684563,132308.777381,0.0,1116.350818,210.451818,13359.96,42.0,36278.51,73.496388
2019-02-12,6,2764456.346385,2610247.682542,154208.663843,0.0,236.937087,124.489439,12959.979648,26.840352,40757.42,67.827069
2019-02-12,7,2765722.098599,2635745.738859,129976.35974,0.0,0.0,0.0,10040.62,0.0,42441.65,65.165282
2019-02-12,8,2548234.087365,2395785.283562,152448.803803,0.0,0.0,0.0,8115.14,0.0,41659.61,61.167978
2019-02-12,9,2546598.089536,2395785.283562,150812.805974,0.0,0.0,0.0,7434.24,0.0,40868.51,62.311988
2019-02-12,10,2530002.594775,2395785.283562,134217.311213,0.0,0.0,0.0,8146.94,0.0,40049.24,63.1723
2019-02-12,11,2511996.349507,2394070.868385,117925.481122,0.0,0.0,0.0,8736.05,0.0,39071.29,64.292639
2019-02-12,12,2541158.9726,2453611.421956,87547.550644,0.0,0.0,0.0,10053.58,0.0,38123.42,66.656113
2019-02-12,13,2606911.945273,2429832.57552,177079.369754,0.0,52.379668,0.0,11089.84,130.5,37448.93,69.612455
2019-02-12,14,2577321.79409,2401785.168248,175536.625842,0.0,261.557935,0.0,10926.9,88.5,36810.32,70.016283
2019-02-12,15,2594183.14216,2421047.076718,173136.065441,0.0,161.664935,0.0,10260.5,88.5,36392.52,71.283416
2019-02-12,16,2539370.936845,2448602.796529,90768.140316,0.0,0.0,0.0,9467.72,0.0,36509.13,69.554408
2019-02-12,17,2503793.538353,2398273.198384,105520.339969,0.0,0.0,0.0,7295.56,0.0,37114.83,67.46073
2019-02-12,18,2596253.526115,2460015.662554,136237.863561,0.0,0.0,0.0,5292.56,0.0,39494.52,65.737057
2019-02-12,19,2639865.955297,2459999.212554,179866.742743,0.0,0.0,0.0,3177.6,0.0,40967.72,64.437707
2019-02-12,20,2649187.275315,2459999.212554,189188.062761,0.0,0.0,0.0,3093.43,0.0,41457.25,63.901664
2019-02-12,21,2623660.867813,2459999.212554,163661.655259,0.0,0.0,0.0,4454.38,0.0,41051.07,63.912119
2019-02-12,22,2565979.348622,2429031.36741,136947.981212,0.0,0.0,0.0,6850.73,0.0,39554.66,64.871733
2019-02-12,23,2516783.473513,2381307.099016,135476.374497,0.0,0.0,0.0,7278.38,0.0,37946.6,66.324347
2019-02-13,0,2681790.846516,2573063.641304,108727.205212,0.0,0.0,0.0,7773.34,0.0,37060.04,72.363409
2019-02-13,1,2663844.257385,2553033.082782,110811.174603,0.0,0.0,0.0,8502.67,0.0,37034.93,71.927887
2019-02-13,2,2815468.026713,2710540.646363,104927.38035,0.0,0.0,0.0,8422.33,0.0,37393.1,75.293785
2019-02-13,3,2833511.662305,2723338.962962,110172.699343,0.0,0.0,0.0,8519.77,0.0,38290.71,73.999977
2019-02-13,4,2903202.162213,2785890.357729,117311.804484,0.0,0.0,0.0,8733.8,0.0,39957.92,72.656489
2019-02-13,5,3029932.564633,2897450.858477,132481.706156,0.0,0.0,0.0,8414.98,0.0,43480.25,69.685261
2019-02-13,6,3099866.585817,2915764.018669,184102.567148,0.0,0.0,0.0,8205.25,0.0,48392.38,64.056915
2019-02-13,7,3161520.579271,2967399.516792,194121.062478,0.0,0.0,0.0,8028.07,0.0,49543.92,63.812484
2019-02-13,8,3166429.840737,2959323.573385,207106.267352,0.0,532.193851,0.0,9791.21,42.0,47227.91,67.045733
2019-02-13,9,3033341.379726,2850915.967135,182425.412591,0.0,1376.311406,0.0,11474.85,42.0,44492.68,68.176189
2019-02-13,10,2972925.299946,2832576.486943,140348.813003,0.0,550.782359,0.0,12527.06,42.0,42265.09,70.339973
2019-02-13,11,2961611.336955,2825893.107421,135718.229535,0.0,1509.824032,0.0,14318.17,262.3,40390.26,73.324889
2019-02-13,12,3026153.482896,2899566.832796,126586.6501,0.0,1841.505351,0.0,15426.65,417.8,38900.48,77.792189
2019-02-13,13,3001867.464001,2884227.80275,117639.661251,0.0,1354.982313,0.0,15989.540295,267.449705,38179.08,78.625977
2019-02-13,14,2985239.91696,2869137.890664,116102.026296,0.0,1916.834187,0.0,16630.410266,416.909734,37629.21,79.333048
2019-02-13,15,2972563.12318,2856568.472942,115994.650238,0.0,1940.278742,0.0,16904.58,417.8,37457.83,79.35759
2019-02-13,16,2973255.341403,2852460.256136,120795.085266,0.0,654.235355,0.0,15980.245171,409.124829,37813.36,78.629758
2019-02-13,17,2994424.923306,2870135.640512,124289.282794,0.0,671.234107,0.0,15275.127173,212.052827,38611.19,77.553293
2019-02-13,18,2925545.18754,2799973.602606,125571.584934,0.0,1237.827752,0.0,15166.05,100.0,40761.91,71.771543
2019-02-13,19,2914896.51134,2771853.309318,143043.202022,0.0,940.598966,0.0,13605.3,42.0,41514.58,70.213802
2019-02-13,20,2901323.883925,2766446.589319,134877.294606,0.0,1145.32142,0.0,14799.59,42.0,41213.26,70.397825
2019-02-13,21,2853514.422348,2743580.670345,109933.752003,0.0,1589.220497,0.0,16655.8,42.0,40119.38,71.125586
2019-02-13,22,2813237.889707,2723972.377927,89265.511779,0.0,1647.10375,0.0,17681.99,42.0,37940.14,74.149381
2019-02-13,23,2789011.146372,2712566.424806,76444.721566,0.0,1670.171127,0.0,17580.56,42.0,35674.42,78.179579
2019-02-14,0,2772394.917958,2700712.634007,71682.283951,0.0,1684.679627,0.0,16906.28,42.0,34228.47,80.996753
2019-02-14,1,2769929.575967,2700712.634007,69216.94196,0.0,1597.059471,0.0,16126.58,42.0,33391.06,82.954227
2019-02-14,2,2770089.452184,2700712.634007,69376.818177,0.0,1638.590973,0.0,15585.65,42.0,33045.27,83.827109
2019-02-14,3,2775870.401279,2703230.272905,72640.128375,0.0,1605.351973,0.0,15163.96,42.0,33094.72,83.876534
2019-02-14,4,2667066.735726,2571530.684112,95536.051614,0.0,1519.857458,0.0,14617.13,42.0,34039.96,78.351054
2019-02-14,5,2729813.649907,2628367.454773,101446.195133,0.0,1593.84201,0.0,14710.99,42.0,36592.53,74.600298
2019-02-14,6,2770315.512988,2640858.611029,129456.901959,0.0,1611.493434,0.0,14659.77,42.0,40444.42,68.496854
2019-02-14,7,2781730.264717,2640852.031029,140878.233688,0.0,1507.531393,0.0,14267.42,42.0,41212.5,67.497246
2019-02-14,8,2781546.846222,2646262.041028,135284.805194,0.0,1385.95407,0.0,13348.31,42.0,40109.99,69.347982
2019-02-14,9,2770444.339855,2640465.856964,129978.482891,0.0,1431.440488,0.0,13206.03,42.0,39245.73,70.592249
2019-02-14,10,661450.678599,542270.31635,119180.362249,0.0,560.497509,0.0,13706.37,100.0,38350.95,17.247309
2019-02-14,11,691539.94275,556227.811229,135312.131521,0.0,1294.89612,0.0,15133.67,417.8,37559.27,18.411964
2019-02-14,12,678826.444563,541867.887503,136958.55706,0.0,1822.236547,0.0,16598.17,255.5,36914.09,18.389359
2019-02-14,13,656998.11709,525239.492982,131758.624107,0.0,1455.548479,0.0,17437.18,255.5,36799.45,17.853477
2019-02-14,14,665873.887779,534496.374456,131377.513323,0.0,2005.44701,0.0,17644.96,255.5,36642.89,18.171981
2019-02-14,15,670819.127466,541371.600453,129447.527013,0.0,1853.973696,0.0,17034.28,255.5,36521.68,18.367696
2019-02-14,16,669522.16475,541374.474822,128147.689929,0.0,915.663423,0.0,15788.983764,245.806236,36490.28,18.347959
2019-02-14,17,699973.949103,575720.041484,124253.907619,0.0,381.492338,0.0,13758.05,387.3,36504.82,19.174836
2019-02-14,18,650433.880308,578913.119022,71520.761285,0.0,0.0,0.0,10613.94,0.0,37769.23,17.221264
2019-02-14,19,635665.622302,531332.883148,104332.739153,0.0,0.0,0.0,6448.41,0.0,38078.23,16.693676
2019-02-14,20,631393.350041,531326.303148,100067.046892,0.0,0.0,0.0,6028.83,0.0,37442.0,16.863238
2019-02-14,21,600796.154317,518525.206549,82270.947768,0.0,0.0,0.0,6934.05,0.0,36206.24,16.593718
2019-02-14,22,512716.458209,450906.309458,61810.148752,0.0,0.0,0.0,8471.25,0.0,34052.03,15.056854
2019-02-14,23,466114.237988,414420.236598,51694.001389,0.0,0.0,0.0,8768.45,0.0,31814.01,14.651226
2019-02-15,0,232813.482329,176304.894928,56508.587401,0.0,0.0,0.0,8977.29,0.0,30317.74,7.679117
2019-02-15,1,164762.574003,102176.99089,62585.583113,0.0,0.0,0.0,9304.37,0.0,29575.06,5.570997
2019-02-15,2,169137.020664,102173.70089,66963.319774,0.0,0.0,0.0,8061.13,0.0,29174.21,5.797484
2019-02-15,3,177246.425956,107158.67839,70087.747566,0.0,0.0,536.99,7333.43,0.0,29236.2,6.062567
2019-02-15,4,204020.821451,129658.175387,74362.646064,0.0,0.0,259.712,7014.94,0.0,30024.92,6.79505
2019-02-15,5,264181.219073,173008.410695,91172.808378,0.0,0.0,0.0,6689.88,0.0,32274.81,8.185369
2019-02-15,6,364318.490759,248016.12871,116302.362049,0.0,0.0,70.407,6829.21,0.0,35888.87,10.151295
2019-02-15,7,379473.636619,248012.83871,131460.797909,0.0,0.0,0.0,7469.89,0.0,37320.96,10.167842
2019-02-15,8,379345.738597,248012.83871,131332.899887,0.0,0.0,0.0,7550.15,0.0,37305.23,10.168701
2019-02-15,9,376945.466638,248012.83871,128932.627928,0.0,0.0,0.0,8421.76,0.0,37341.25,10.094613
2019-02-15,10,372606.539048,254105.240091,118501.298957,0.0,0.0,0.0,10513.59,0.0,37516.85,9.931712
2019-02-15,11,439910.78176,342966.411357,96944.370403,0.0,0.0,0.0,10951.38,0.0,37668.19,11.678575
2019-02-15,12,534664.214856,365295.561756,169368.6531,0.0,250.554013,0.0,11840.920956,104.389044,37859.88,14.122185
2019-02-15,13,521296.745484,355604.860879,165691.884605,0.0,783.995473,0.0,13983.56,225.0,38415.76,13.569867
2019-02-15,14,570644.492522,408245.068804,162399.423718,0.0,835.798264,0.0,14442.49,225.0,38671.34,14.756264
2019-02-15,15,676764.413913,526086.16843,150678.245483,0.0,732.811615,0.0,14965.579707,376.310293,38725.99,17.475716
2019-02-15,16,672773.421599,525322.256012,147451.165586,0.0,819.767401,0.0,15763.19,255.5,38665.23,17.399959
2019-02-15,17,663064.192567,515599.950156,147464.242411,0.0,21.262518,0.0,13535.74,255.5,38457.78,17.241354
2019-02-15,18,652458.543732,517406.5271,135052.016632,0.0,0.0,0.0,12170.022866,127.177134,39208.43,16.640772
2019-02-15,19,679074.783608,503668.26063,175406.522978,0.0,283.066173,26.971173,9053.45,42.0,39281.05,17.287592
2019-02-15,20,673661.682905,503668.26063,169993.422275,0.0,229.723767,394.648525,8833.5,42.0,38604.24,17.450458
2019-02-15,21,653171.983511,488210.061656,164961.921856,0.0,289.566592,873.038656,8958.65,42.0,37741.17,17.306617
2019-02-15,22,636080.774201,482803.341657,153277.432544,0.0,347.084814,0.0,9294.075631,0.394369,36394.59,17.477344
2019-02-15,23,624780.63906,474464.551256,150316.087804,0.0,31.802947,0.0,8233.26,42.0,34904.17,17.899885
2019-02-16,0,614698.933827,516330.574038,98368.359789,0.0,0.0,0.0,7299.25,0.0,33643.36,18.271033
2019-02-16,1,496624.22975,397080.772823,99543.456927,0.0,0.0,0.0,6485.84,0.0,32966.77,15.064388
2019-02-16,2,489599.622097,375281.336875,114318.285222,0.0,0.0,231.959,5978.39,0.0,32709.59,14.968076
2019-02-16,3,591599.947894,494504.81809,97095.129804,0.0,0.0,0.0,6377.61,0.0,32726.2,18.077258
2019-02-16,4,787152.306837,629931.843244,157220.463593,0.0,77.26456,0.0,7332.61,42.0,33230.41,23.68771
2019-02-16,5,757610.463911,657162.489687,100447.974224,0.0,0.0,0.0,6117.77,0.0,34262.96,22.111647
2019-02-16,6,688042.540352,566971.215847,121071.324505,0.0,0.0,0.0,5097.31,0.0,36061.66,19.079614
2019-02-16,7,745485.346228,607847.51403,137637.832198,0.0,0.0,0.0,4375.24,0.0,38057.68,19.588302
2019-02-16,8,790525.819119,617023.58128,173502.237839,0.0,0.0,0.0,3368.08,0.0,40008.3,19.759045
2019-02-16,9,838040.915166,661222.89448,176818.020687,0.0,0.0,0.0,3721.01,0.0,41281.91,20.300439
2019-02-16,10,834966.340995,676268.8324,158697.508595,0.0,0.0,0.0,5523.97,0.0,41946.21,19.905644
2019-02-16,11,913920.969113,777467.789265,136453.179848,0.0,0.0,0.0,6933.59,0.0,41894.99,21.814565
2019-02-16,12,957468.281189,744571.648523,212896.632666,0.0,310.744096,0.0,9322.99,88.5,41342.6,23.159363
2019-02-16,13,913627.32884,717598.128169,196029.200672,0.0,957.029548,0.0,11710.27,88.5,40598.83,22.503785
2019-02-16,14,908467.286788,720868.104906,187599.181882,0.0,1012.050689,0.0,12635.99,88.5,39931.82,22.75046
2019-02-16,15,893421.062872,715733.504364,177687.558508,0.0,931.0869,0.0,13513.73,213.5,39452.76,22.645337
2019-02-16,16,900898.577243,743824.459657,157074.117585,0.0,572.22065,0.0,13357.383128,328.876872,39346.87,22.896321
2019-02-16,17,868329.621721,725380.952185,142948.669536,0.0,0.0,0.0,12253.4,58.0,39809.97,21.811863
2019-02-16,18,561803.644453,413742.707424,148060.937028,0.0,0.0,0.0,10498.11,0.0,40864.29,13.748034
2019-02-16,19,486671.545669,315290.605802,171380.939867,0.0,0.0,0.0,7905.97,0.0,41032.65,11.860593
2019-02-16,20,477551.138432,315280.735802,162270.40263,0.0,0.0,0.0,8337.77,0.0,40348.28,11.835725
2019-02-16,21,449191.825883,298854.071883,150337.754,0.0,0.0,0.0,10116.5,0.0,39428.5,11.392567
2019-02-16,22,401962.510201,265866.83559,136095.67461,0.0,0.0,0.0,10762.81,0.0,37861.56,10.616639
2019-02-16,23,369056.051183,252734.681701,116321.369482,0.0,0.0,0.0,10118.68,0.0,36091.08,10.225686
2019-02-17,0,353224.973315,253450.215404,99774.75791,0.0,0.0,0.0,9842.63,0.0,34561.94,10.220056
2019-02-17,1,367251.541744,257392.753994,109858.78775,0.0,0.0,0.0,9923.02,0.0,33433.29,10.984607
2019-02-17,2,371375.751853,283080.357101,88295.394751,0.0,0.0,0.0,7695.52,0.0,32840.94,11.308317
2019-02-17,3,373411.978652,283044.167101,90367.811551,0.0,0.0,0.0,5873.98,0.0,32604.2,11.45288
2019-02-17,4,392749.024688,309689.309978,83059.71471,0.0,0.0,0.0,5520.17,0.0,32736.48,11.997289
2019-02-17,5,403613.79925,309679.439978,93934.359272,0.0,0.0,0.0,4720.25,0.0,33357.39,12.099682
2019-02-17,6,696828.19935,598298.00073,98530.19862,0.0,0.0,0.0,4384.54,0.0,34478.11,20.210742
2019-02-17,7,815380.58398,719652.385245,95728.198734,0.0,0.0,0.0,4709.84,0.0,35853.09,22.742268
2019-02-17,8,836452.239902,719640.245245,116811.994657,0.0,0.0,0.0,4066.34,0.0,37465.15,22.326141
2019-02-17,9,837040.052586,719640.245245,117399.807341,0.0,0.0,0.0,5296.11,0.0,38693.17,21.63276
2019-02-17,10,816159.712159,719640.245245,96519.466914,0.0,0.0,0.0,7807.72,0.0,38756.42,21.058697
2019-02-17,11,823493.931653,713423.713614,110070.218039,0.0,0.0,0.0,10568.56,58.0,37887.59,21.735189
2019-02-17,12,862231.275772,733106.920502,129124.35527,0.0,1169.659291,0.0,13905.16,292.8,37030.5,23.284354
2019-02-17,13,832551.384966,719155.757942,113395.627024,0.0,854.035609,0.0,15146.22,417.8,36244.67,22.970312
2019-02-17,14,826648.294721,712953.108111,113695.186611,0.0,1421.16001,0.0,15586.12,417.8,35456.29,23.314574
2019-02-17,15,776857.98806,661761.502674,115096.485386,0.0,825.595941,0.0,15014.14,130.5,35014.35,22.186846
2019-02-17,16,771005.077413,685808.085869,85196.991544,0.0,0.0,0.0,13518.3,88.5,35301.2,21.840761
2019-02-17,17,680030.539851,599841.761525,80188.778326,0.0,0.0,0.0,11927.31,0.0,36193.54,18.788727
2019-02-17,18,442731.657792,338178.32447,104553.333322,0.0,0.0,0.0,10338.09,0.0,38357.17,11.542344
2019-02-17,19,454353.937991,338161.87447,116192.063522,0.0,0.0,0.0,9258.64,0.0,39525.2,11.495298
2019-02-17,20,516482.978774,413685.977895,102797.000879,0.0,0.0,0.0,9880.58,0.0,39544.08,13.060943
2019-02-17,21,466017.408486,365859.894886,100157.5136,0.0,0.0,0.0,11395.78,0.0,39136.16,11.907592
2019-02-17,22,413300.918356,318489.132507,94811.785849,0.0,0.0,0.0,12226.12,0.0,37825.65,10.926472
2019-02-17,23,388388.596396,315890.260149,72498.336247,0.0,0.0,0.0,13055.14,0.0,36211.33,10.72561
2019-02-18,0,2488753.945345,2420758.245126,67995.700219,0.0,0.0,0.0,13955.47,58.0,35150.08,70.80365
2019-02-18,1,2492417.554409,2385083.96624,107333.588169,0.0,226.18223,0.0,14934.262925,235.917075,34657.9,71.914846
2019-02-18,2,2491742.432283,2385083.96624,106658.466043,0.0,284.537867,0.0,15090.840717,47.829283,34823.79,71.552879
2019-02-18,3,2504253.180687,2395993.522639,108259.658048,0.0,243.36312,0.0,14975.67,42.0,35406.3,70.729028
2019-02-18,4,2518591.526677,2398501.291537,120090.23514,0.0,161.576803,0.0,14743.69,42.0,36806.45,68.427994
2019-02-18,5,2568174.703162,2430610.172119,137564.531043,0.0,383.838081,0.0,14924.79,42.0,39592.69,64.86487
2019-02-18,6,2879376.281836,2719208.992871,160167.288966,0.0,635.274377,0.0,15190.85,0.0,43356.19,66.412115
2019-02-18,7,2913640.382039,2734668.211845,178972.170194,0.0,807.903041,0.0,15456.91,0.0,45517.56,64.011348
2019-02-18,8,2936579.755728,2741151.921974,195427.833754,0.0,1272.222079,0.0,15432.96,0.0,46090.05,63.713963
2019-02-18,9,2980678.438591,2789321.914983,191356.523609,0.0,1355.998371,0.0,15353.52,0.0,46084.68,64.678293
2019-02-18,10,3004557.241426,2832465.626192,172091.615234,0.0,512.422806,0.0,15659.13,262.3,45388.99,66.195728
2019-02-18,11,3037162.257715,2861067.607918,176094.649797,0.0,1482.237259,0.0,16795.47,417.8,44254.12,68.630045
2019-02-18,12,3016903.35473,2841408.512128,175494.842602,0.0,2265.763716,0.0,18140.45898,190.18102,42996.21,70.166728
2019-02-18,13,3000188.509061,2833057.510232,167130.998829,0.0,1828.43612,0.0,18276.93,255.5,42013.12,71.410752
2019-02-18,14,2987759.452837,2828501.260232,159258.192605,0.0,2529.977538,0.0,18813.94,255.5,41243.73,72.441543
2019-02-18,15,3023624.827035,2875349.18023,148275.646805,0.0,2438.327286,0.0,18485.94,417.8,40995.6,73.754862
2019-02-18,16,3026367.875231,2876139.87858,150227.996651,0.0,1472.650776,0.0,17540.93,255.5,41424.97,73.05661
2019-02-18,17,3032441.832426,2873986.991833,158454.840593,0.0,1513.21127,0.0,16718.32,100.0,42629.11,71.135471
2019-02-18,18,3009694.216334,2837187.153921,172507.062413,0.0,1206.45435,0.0,15501.81,100.0,45045.91,66.813929
2019-02-18,19,2991350.02767,2797657.925383,193692.102286,0.0,909.263498,0.0,13938.52,0.0,45995.37,65.035894
2019-02-18,20,2979646.393335,2797657.925383,181988.467952,0.0,1064.964416,0.0,14837.83,42.0,45579.21,65.372928
2019-02-18,21,2931466.100133,2777739.309128,153726.791005,0.0,1478.713118,0.0,16599.29,42.0,44270.19,66.217608
2019-02-18,22,2882625.920133,2743580.670345,139045.249788,0.0,1287.998014,0.0,17068.33,42.0,42016.16,68.607553
2019-02-18,23,2860236.044507,2738801.332845,121434.711662,0.0,1069.682886,0.0,16893.43,42.0,39860.7,71.755791
2019-02-19,0,2837679.721344,2716206.64663,121473.074714,0.0,759.230434,0.0,16080.96,42.0,38513.48,73.680169
2019-02-19,1,2839803.724339,2716206.64663,123597.077709,0.0,411.340786,0.0,15207.28,100.0,37876.11,74.976119
2019-02-19,2,2837069.089401,2716206.64663,120862.442771,0.0,457.954255,0.0,14964.5,42.0,37547.43,75.559608
2019-02-19,3,2839779.993076,2716206.64663,123573.346445,0.0,460.340228,0.0,14774.9,42.0,37654.79,75.416169
2019-02-19,4,2856238.321909,2722180.275048,134058.046861,0.0,427.20086,0.0,14598.51,42.0,38640.94,73.917413
2019-02-19,5,2913587.761825,2770094.964553,143492.797273,0.0,374.20018,0.0,14385.26,42.0,41346.33,70.467869
2019-02-19,6,2977713.841765,2794850.37687,182863.464895,0.0,331.166761,0.0,13884.42,42.0,45506.07,65.435531
2019-02-19,7,3029808.195575,2832433.535184,197374.660391,0.0,320.212714,0.0,13304.75,42.0,47055.48,64.387999
2019-02-19,8,3032498.683316,2860217.573135,172281.110181,0.0,0.0,0.0,11363.42,0.0,46857.87,64.716955
2019-02-19,9,2895906.329289,2714180.241045,181726.088244,0.0,0.0,0.0,10443.17,0.0,47269.7,61.26348
2019-02-19,10,2883967.229934,2714803.40818,169163.821753,0.0,0.0,0.0,10317.33,0.0,47749.86,60.397397
2019-02-19,11,2966623.449411,2812050.392499,154573.056913,0.0,0.0,0.0,10182.32,0.0,47743.32,62.136932
2019-02-19,12,3091005.890086,2865669.97312,225335.916966,0.0,26.340244,0.0,10329.74,88.5,47489.34,65.088415
2019-02-19,13,3066341.269534,2827446.818201,238894.451334,0.0,351.678203,0.0,11239.1,88.5,47213.55,64.946213
2019-02-19,14,3054325.484853,2829586.806826,224738.678028,0.0,103.724452,0.0,9924.7,88.5,46792.25,65.274174
2019-02-19,15,3036603.274238,2871288.199294,165315.074943,0.0,0.0,0.0,8701.21,0.0,46665.81,65.071265
2019-02-19,16,2804573.561952,2619851.943832,184721.61812,0.0,0.0,0.0,7847.01,0.0,47218.19,59.396041
2019-02-19,17,2871875.01649,2672873.936679,199001.079811,0.0,0.0,0.0,5712.18,0.0,48180.98,59.60599
2019-02-19,18,2924229.940167,2691213.416871,233016.523296,0.0,0.0,0.0,4084.83,0.0,49447.77,59.137752
2019-02-19,19,2945273.142579,2691210.126871,254063.015708,0.0,0.0,0.0,2626.67,0.0,49358.23,59.671369
2019-02-19,20,2950760.324262,2691210.126871,259550.197391,0.0,0.0,0.0,1374.16,0.0,48376.16,60.996167
2019-02-19,21,2922125.77448,2691210.126871,230915.647609,0.0,0.0,0.0,1192.73,0.0,46574.5,62.740894
2019-02-19,22,2872901.642194,2691210.126871,181691.515323,0.0,0.0,0.0,1642.08,0.0,43748.25,65.66895
2019-02-19,23,2816517.480377,2656005.186918,160512.293459,0.0,0.0,0.0,1523.89,0.0,41307.09,68.184844
2019-02-20,0,2701943.426979,2540444.400679,161499.0263,0.0,0.0,0.0,2482.69,0.0,39829.8,67.837233
2019-02-20,1,2629128.183333,2465057.756527,164070.426805,0.13224,0.0,0.0,3472.88,0.0,39134.1,67.182539
2019-02-20,2,2628316.069689,2465057.756527,163258.313162,0.0,0.0,0.0,3150.59,0.0,38958.83,67.463937
2019-02-20,3,2643984.21252,2469260.086527,174724.125993,0.0,0.0,0.0,2995.17,0.0,39456.66,67.009833
2019-02-20,4,2684803.976989,2513157.322634,171646.654355,0.0,0.0,0.0,3302.76,0.0,40836.48,65.745235
2019-02-20,5,2893371.35788,2713723.384569,179647.973311,0.0,0.0,0.0,3607.77,0.0,43714.74,66.187546
2019-02-20,6,3011481.977235,2779764.348218,231717.629017,0.0,0.0,0.0,4453.56,0.0,47886.52,62.887885
2019-02-20,7,3047326.632911,2823613.171418,223713.461493,0.0,0.0,0.0,6087.52,0.0,48944.84,62.260427
2019-02-20,8,3117333.040487,2921023.185832,196309.854655,0.0,0.0,0.0,7617.89,0.0,47487.9,65.644786
2019-02-20,9,3059405.504641,2851961.335152,207444.169489,0.0,699.592046,0.0,10232.58,42.0,45648.52,67.020913
2019-02-20,10,2960691.842508,2799986.895669,160704.946839,0.0,380.710157,0.0,13028.05,42.0,43653.06,67.823237
2019-02-20,11,2931629.813475,2779307.394645,152322.41883,0.0,1033.364292,0.0,13904.82,100.0,41538.55,70.576123
2019-02-20,12,823857.477703,663914.80087,159942.676833,0.0,1267.021322,0.0,14381.62,130.5,39705.71,20.749093
2019-02-20,13,831190.852373,677731.254599,153459.597774,0.0,930.855175,0.0,14333.67,255.5,38440.55,21.622762
2019-02-20,14,824511.462863,669362.908416,155148.554447,0.0,1099.519649,0.0,13959.890875,272.439125,37400.67,22.045366
2019-02-20,15,814356.927703,676052.913162,138304.014542,0.0,905.714742,0.0,13252.4,130.5,36870.38,22.087023
2019-02-20,16,787447.274802,651338.672103,136108.6027,0.0,447.290491,0.0,11877.34,88.5,36929.07,21.323236
2019-02-20,17,582552.193867,457491.185834,125061.008033,0.0,0.0,0.0,8683.61,0.0,37626.39,15.482543
2019-02-20,18,498725.241248,355072.685863,143652.555385,0.0,0.0,0.0,6047.72,0.0,39811.13,12.527282
2019-02-20,19,540976.854205,355052.945863,185923.908342,0.0,0.0,0.0,3850.82,0.0,41089.42,13.165843
2019-02-20,20,549651.507005,355052.945863,194598.561142,0.0,0.0,300.696,3465.09,0.0,41081.26,13.379617
2019-02-20,21,513881.569792,355052.945863,158828.623929,0.0,0.0,0.0,4545.66,0.0,40234.79,12.77207
2019-02-20,22,438524.000142,317375.175493,121148.824649,0.0,0.0,0.0,6386.24,0.0,38438.12,11.40857
2019-02-20,23,402249.531995,299098.956686,103150.575308,0.0,0.0,0.0,6707.65,0.0,36575.5,10.997786
2019-02-21,0,340565.815014,238459.991569,102105.823445,0.0,0.0,0.0,6926.82,0.0,35306.73,9.645918
2019-02-21,1,320033.279492,218940.892779,101092.386713,0.0,0.0,0.0,7130.83,0.0,34809.37,9.193883
2019-02-21,2,334994.025156,235383.834696,99610.190461,0.0,0.0,0.0,6766.26,0.0,34727.92,9.646245
2019-02-21,3,341022.578188,235380.544696,105642.033492,0.0,0.0,0.0,6534.17,0.0,34977.25,9.74984
2019-02-21,4,446570.114342,347282.109695,99288.004647,0.0,0.0,0.0,6300.85,0.0,35961.65,12.417954
2019-02-21,5,512955.803843,393577.881,119377.922843,0.0,0.0,0.0,6012.03,0.0,38582.5,13.295038
2019-02-21,6,614391.408418,461635.941768,152755.46665,0.0,0.0,0.0,5780.21,0.0,42484.45,14.46156
2019-02-21,7,631792.234813,461629.361768,170162.873044,0.0,0.0,0.0,5586.06,0.0,43500.19,14.523896
2019-02-21,8,682245.287812,536650.239783,145595.048029,0.0,0.0,0.0,7082.75,0.0,43023.68,15.857437
2019-02-21,9,646555.65517,470762.691505,175792.963664,0.0,0.0,0.0,9517.77,0.0,42987.17,15.040666
2019-02-21,10,893895.453861,736863.65,157031.803861,0.0,0.0,0.0,11353.98,0.0,42989.98,20.793112
2019-02-21,11,969493.903744,802658.015384,166835.88836,0.0,1322.851187,0.0,13412.78,220.3,42733.42,22.687019
2019-02-21,12,962162.147754,787689.561272,174472.586482,0.0,1721.274467,0.0,14729.04,88.5,42136.66,22.834324
2019-02-21,13,942658.88943,785979.636008,156679.253422,0.0,1848.141069,0.0,15893.06,213.5,41758.69,22.573957
2019-02-21,14,926836.365219,777640.845608,149195.519612,0.0,2418.95859,0.0,16595.05,255.5,41012.32,22.598974
2019-02-21,15,918439.593234,769411.70155,149027.891684,0.0,2212.614524,0.0,16651.29,417.8,40613.96,22.613889
2019-02-21,16,916629.1653,769389.820105,147239.345195,0.0,1206.160515,0.0,16606.059265,309.680735,41110.97,22.296462
2019-02-21,17,934608.043952,795230.662714,139377.381238,0.0,1549.382109,0.0,15672.11,0.0,41990.28,22.257724
2019-02-21,18,885323.808648,730941.244748,154382.5639,0.0,1259.287661,0.0,14357.63475,31.47525,43541.72,20.332771
2019-02-21,19,865747.658452,690114.525651,175633.132801,0.0,926.799857,0.0,12399.32,0.0,43862.68,19.737683
2019-02-21,20,857451.783164,690114.525651,167337.257513,0.0,1082.53142,0.0,12475.05,0.0,43171.49,19.861529
2019-02-21,21,841049.375904,690114.525651,150934.850253,0.0,768.518473,0.0,12239.617627,12.492373,41601.62,20.216746
2019-02-21,22,628435.767353,528417.143989,100018.623364,0.0,0.0,0.0,10584.8,0.0,39168.3,16.044499
2019-02-21,23,507410.102134,409187.082774,98223.01936,0.0,0.0,0.0,10843.16,0.0,36932.23,13.738951
2019-02-22,0,575074.367346,487272.109485,87802.25786,0.0,0.0,0.0,11232.59,0.0,35337.98,16.27355
2019-02-22,1,571659.151742,461966.34621,109692.805532,0.0,0.0,0.0,11560.28,42.0,34495.11,16.572179
2019-02-22,2,558946.547418,456984.658709,101961.888708,0.0,0.0,0.0,10860.51,0.0,34194.78,16.345961
2019-02-22,3,563608.597276,456984.658709,106623.938566,0.0,0.0,0.0,10522.51,0.0,34263.78,16.449107
2019-02-22,4,636140.779067,500632.595737,135508.183329,0.0,28.052929,0.0,10353.56,42.0,35193.42,18.07556
2019-02-22,5,654113.13717,559337.339558,94775.797612,0.0,0.0,0.0,8021.87,0.0,37668.04,17.365202
2019-02-22,6,633424.356744,480901.097441,152523.259303,0.0,0.0,288.516,6119.53,0.0,41213.36,15.369394
2019-02-22,7,677586.486812,508770.019656,168816.467156,0.0,0.0,82.257,4904.58,0.0,42367.87,15.992933
2019-02-22,8,705378.603914,508763.439656,196615.164258,0.0,0.0,147.505,2988.21,0.0,42000.65,16.794469
2019-02-22,9,700442.253221,508763.439656,191678.813565,0.0,0.0,0.0,3100.74,0.0,41851.12,16.736523
2019-02-22,10,673237.481248,508763.439656,164474.041592,0.0,0.0,0.0,4688.48,0.0,41697.96,16.145574
2019-02-22,11,625057.954048,473480.217441,151577.736608,0.0,0.0,0.0,6462.84,0.0,41298.05,15.13529
2019-02-22,12,803348.223714,678224.592015,125123.631698,0.0,0.0,0.0,8552.19,0.0,40797.83,19.690955
2019-02-22,13,863657.435831,685972.364107,177685.071724,0.0,200.250009,0.0,10862.96,88.5,40350.17,21.404059
2019-02-22,14,813839.39807,632434.657238,181404.740832,0.0,401.533715,0.0,11809.36,88.5,39961.33,20.365673
2019-02-22,15,860600.426429,687073.352566,173527.073863,0.0,366.399989,0.0,12469.8,130.5,39651.43,21.704146
2019-02-22,16,857004.620554,684435.674387,172568.946167,0.0,190.837563,0.0,12860.15,88.5,39640.65,21.619338
2019-02-22,17,838805.742187,670706.61723,168099.124957,0.0,580.873943,0.0,12082.322151,253.277849,39981.34,20.979931
2019-02-22,18,825331.559763,661474.619981,163856.939782,0.0,551.768707,0.0,11867.54,0.0,40629.97,20.313369
2019-02-22,19,799873.650688,615991.983967,183881.666721,0.0,519.012666,0.0,10425.67771,3.22229,40585.86,19.708185
2019-02-22,20,766398.887339,626220.751512,140178.135826,0.0,0.0,0.0,9442.35,0.0,39866.7,19.224036
2019-02-22,21,492439.337284,362175.557099,130263.780185,0.0,0.0,555.245,9430.16,0.0,38796.65,12.692831
2019-02-22,22,443709.397317,317972.953899,125736.443419,0.0,0.0,0.0,9271.53,58.0,37178.19,11.934669
2019-02-22,23,407240.992934,309205.868875,98035.124059,0.0,0.0,0.0,11100.35,58.0,35463.63,11.483342
2019-02-23,0,2586946.860417,2511954.994829,74991.865587,0.0,294.80924,0.0,12252.44,0.0,33919.65,76.266909
2019-02-23,1,2594560.458241,2495893.014788,98667.443452,0.0,1014.640115,0.0,13275.08,42.0,32999.59,78.624021
2019-02-23,2,2573773.282254,2471698.07201,102075.210245,0.0,660.384001,0.0,13301.12,42.0,32414.85,79.401055
2019-02-23,3,2585856.640368,2490070.571203,95786.069165,0.0,982.032399,0.0,13160.8,42.0,32095.98,80.566371
2019-02-23,4,2594502.311324,2490057.411203,104444.900121,0.0,1333.359011,0.0,12623.06,42.0,32276.92,80.382586
2019-02-23,5,2615681.689461,2498498.378224,117183.311237,0.0,1484.886424,0.0,12460.21,42.0,33127.45,78.958136
2019-02-23,6,2640286.264788,2513341.504111,126944.760677,0.0,1124.477863,0.0,11316.52,42.0,34535.04,76.452388
2019-02-23,7,2675433.782754,2529793.773211,145640.009543,0.0,287.248233,0.0,9529.47,42.0,35690.56,74.961945
2019-02-23,8,2739280.26429,2588143.983526,151136.280764,0.0,403.517243,0.0,9161.56,42.0,36936.93,74.161016
2019-02-23,9,2919144.837394,2777375.818199,141769.019195,0.0,470.680992,0.0,9289.05,42.0,37744.67,77.33926
2019-02-23,10,2906875.728993,2781646.831477,125228.897516,0.0,27.565449,0.0,8751.68,80.0,38013.66,76.469241
2019-02-23,11,2606862.82235,2514849.161174,92013.661177,0.0,0.0,0.0,9948.47,0.0,37625.04,69.285317
2019-02-23,12,2666326.208775,2600007.892746,66318.316029,0.0,30.685566,0.0,10965.57,0.0,36845.24,72.365554
2019-02-23,13,2820183.947902,2705595.366264,114588.581638,0.0,133.275566,0.0,11632.0,417.8,36251.74,77.794444
2019-02-23,14,2838960.294268,2683721.963081,155238.331187,0.0,355.51598,0.0,12150.98,417.8,35676.75,79.574521
2019-02-23,15,2813309.623293,2668368.511423,144941.11187,0.0,493.615675,0.0,12280.405021,233.784979,35336.47,79.614903
2019-02-23,16,2844288.325388,2698146.098485,146142.226903,0.0,810.279361,0.0,12592.08,417.8,35163.71,80.887037
2019-02-23,17,2861344.688243,2759484.976888,101859.711355,0.0,76.016508,0.0,11480.86,88.5,35221.45,81.238697
2019-02-23,18,2859091.694453,2766076.411109,93015.283344,0.0,784.35646,0.0,14472.72,417.8,36217.35,78.942598
2019-02-23,19,2734214.269887,2615758.900898,118455.368989,0.0,419.643774,0.0,11914.42,42.0,36828.91,74.240977
2019-02-23,20,2712347.45553,2596239.802108,116107.653422,0.0,1075.208727,0.0,12866.49,42.0,36477.69,74.356338
2019-02-23,21,2600175.779895,2500627.45186,99548.328034,0.0,1347.218328,0.0,13939.96,42.0,35934.44,72.358879
2019-02-23,22,2589800.796773,2515454.152066,74346.644707,0.0,0.0,0.0,8199.69,0.0,35000.2,73.993886
2019-02-23,23,2380932.233187,2297037.456854,83894.776333,0.0,0.0,0.0,7078.43,0.0,33958.68,70.112626
2019-02-24,0,2368657.402543,2280591.224937,88066.177606,0.0,0.0,0.0,6125.53,0.0,33071.37,71.622597
2019-02-24,1,2360255.332496,2261620.752537,98634.579959,0.0,0.0,0.0,5467.77,0.0,32550.77,72.509969
2019-02-24,2,2384082.693496,2276015.681246,108067.01225,0.0,0.0,188.461,4224.05,0.0,32500.21,73.355917
2019-02-24,3,2391084.028377,2276009.101246,115074.927131,0.0,0.0,0.0,3865.89,0.0,32849.34,72.789409
2019-02-24,4,2408396.195709,2293075.464655,115320.731055,0.0,0.0,0.0,4284.76,0.0,33559.58,71.76479
2019-02-24,5,2488565.382028,2368089.76267,120475.619358,0.0,0.0,0.0,4181.89,0.0,34890.52,71.324973
2019-02-24,6,2505966.263902,2368086.47267,137879.791232,0.0,0.0,0.0,4889.0,0.0,36699.65,68.283111
2019-02-24,7,2523667.659518,2383551.251644,140116.407874,0.0,0.0,0.0,6335.4,0.0,38146.43,66.157375
2019-02-24,8,2540933.617825,2383544.671644,157388.946181,0.0,0.0,0.0,5526.84,0.0,38787.59,65.508933
2019-02-24,9,2529502.565391,2383544.671644,145957.893747,0.0,0.0,0.0,5836.88,0.0,38637.39,65.467739
2019-02-24,10,2632696.796586,2524609.293308,108087.503278,0.0,0.0,0.0,7643.92,0.0,37687.31,69.85632
2019-02-24,11,2646165.406784,2562545.072567,83620.334217,0.0,0.0,0.0,9057.35,0.0,36543.0,72.412375
2019-02-24,12,2680097.116806,2538412.96533,141684.151476,0.0,102.741165,0.0,11657.62,130.5,35517.45,75.458602
2019-02-24,13,2643951.662898,2522630.795541,121320.867357,0.0,888.160024,0.0,14800.64,387.3,34664.81,76.271921
2019-02-24,14,2693432.555222,2574947.732021,118484.823202,0.0,1130.523497,0.0,15307.14,255.5,33968.01,79.29321
2019-02-24,15,2704461.099577,2571056.591298,133404.508279,0.0,1187.867383,0.0,15591.123922,362.766078,33643.66,80.38546
2019-02-24,16,2760061.684444,2627924.890553,132136.793891,0.0,928.868532,0.0,15467.62,417.8,33824.92,81.598469
2019-02-24,17,2770900.518421,2631904.993023,138995.525397,0.0,322.122014,0.0,14203.988539,239.851461,34562.92,80.169746
2019-02-24,18,2773605.814018,2659880.796061,113725.017957,0.0,0.0,0.0,12687.638663,200.471337,36595.53,75.790836
2019-02-24,19,2683132.458799,2570881.135598,112251.323201,0.0,0.0,0.0,10637.6,0.0,38392.1,69.887619
2019-02-24,20,2631664.906578,2499051.073447,132613.833131,0.0,0.0,0.0,10366.06,0.0,38708.61,67.986551
2019-02-24,21,2616258.808021,2499295.907872,116962.900149,0.0,0.0,0.0,10318.96,0.0,38116.48,68.638521
2019-02-24,22,2536311.662226,2441249.129924,95062.532302,0.0,0.0,0.0,9400.78,0.0,36685.8,69.13606
2019-02-24,23,2478998.771282,2389603.2518,89395.519482,0.0,0.0,0.0,8552.36,0.0,35093.0,70.640834
2019-02-25,0,2486226.736981,2403159.438826,83067.298155,0.0,0.0,0.0,7623.02,0.0,34185.46,72.727608
2019-02-25,1,2631897.016549,2550985.545049,80911.471499,0.0,0.0,0.0,6903.66,0.0,33921.49,77.587895
2019-02-25,2,2634596.504985,2551333.765049,83262.739936,0.0,0.0,0.0,6589.66,0.0,34058.78,77.3544
2019-02-25,3,2656813.098799,2572982.699575,83830.399224,0.0,0.0,0.0,6383.99,0.0,34693.58,76.579387
2019-02-25,4,2679825.792306,2586972.368875,92853.423431,0.0,0.0,0.0,6225.25,0.0,36086.05,74.262098
2019-02-25,5,2859111.107196,2764390.595947,94720.511249,0.0,0.0,0.0,5850.27,0.0,39157.53,73.015614
2019-02-25,6,2921986.506538,2782703.756139,139282.750399,0.0,0.0,0.0,5534.31,0.0,43556.78,67.084539
2019-02-25,7,2936053.320051,2782700.466139,153352.853912,0.0,0.0,0.0,5294.9,0.0,44628.79,65.788325
2019-02-25,8,2911418.409034,2782700.466139,128717.942895,0.0,0.0,0.0,6591.5,0.0,43345.0,67.168495
2019-02-25,9,2806011.825218,2689628.422844,116383.402375,0.0,0.0,0.0,9108.77,0.0,42241.82,66.427342
2019-02-25,10,2883883.774594,2788014.800684,95868.97391,0.0,0.0,0.0,12128.95,0.0,41140.82,70.097868
2019-02-25,11,3011039.370242,2888713.976379,122325.393864,0.0,1070.108699,0.0,14720.19,262.3,39898.63,75.467237
2019-02-25,12,2983825.33039,2867113.582895,116711.747495,0.0,1942.336697,0.0,17026.99,255.5,38737.5,77.026791
2019-02-25,13,2962991.653912,2854413.336043,108578.317869,0.0,1949.87958,0.0,18163.26,255.5,37960.99,78.053593
2019-02-25,14,2912521.96695,2801452.693834,111069.273115,0.0,2792.165607,0.0,18942.35,255.5,37300.35,78.082966
2019-02-25,15,2901512.245305,2791512.204694,110000.040611,0.0,2833.670111,0.0,18813.438789,352.811211,36792.95,78.860549
2019-02-25,16,2907907.181429,2799911.046442,107996.134987,0.0,1932.850834,0.0,17810.347116,308.542884,36952.97,78.69211
2019-02-25,17,2919978.213662,2806873.240674,113104.972988,0.0,1733.938673,0.0,16783.87,255.5,37547.91,77.766731
2019-02-25,18,2950194.377296,2843336.872235,106857.505061,0.0,1362.941691,0.0,15362.356119,259.963881,39224.6,75.212861
2019-02-25,19,2924381.653283,2795970.127517,128411.525766,0.0,990.456161,0.0,13288.19,42.0,40412.51,72.363277
2019-02-25,20,2898191.094135,2769043.308727,129147.785408,0.0,713.133891,0.0,12710.65,42.0,40043.53,72.376014
2019-02-25,21,2885956.646252,2763636.588728,122320.057525,0.0,741.905224,0.0,12614.74,42.0,38671.15,74.628157
2019-02-25,22,2872519.62997,2754896.391944,117623.238026,0.0,406.200965,0.0,11192.27,42.0,36357.76,79.007057
2019-02-25,23,2842463.788494,2744139.48852,98324.299974,0.0,217.418229,0.0,11059.19,42.0,34081.33,83.402373
2019-02-26,0,694392.670077,595224.22111,99168.448968,0.0,73.619216,0.0,10989.49,42.0,32580.27,21.313288
2019-02-26,1,528466.352862,447949.475156,80516.877706,0.0,0.0,0.0,10942.09,0.0,31856.81,16.588803
2019-02-26,2,441262.121758,372269.242135,68992.879622,0.0,0.0,0.0,10937.4,0.0,31539.63,13.99072
2019-02-26,3,398272.150678,323997.92581,74274.224868,0.0,0.0,0.0,11043.14,0.0,31567.1,12.616685
2019-02-26,4,409904.415494,336780.394177,73124.021318,0.0,0.0,0.0,11021.33,0.0,32361.27,12.666512
2019-02-26,5,471883.05272,389887.913974,81995.138747,0.0,0.0,0.0,10139.72,0.0,34638.75,13.622982
2019-02-26,6,521771.870473,404357.778683,117414.09179,0.0,0.0,0.0,9119.66,0.0,38158.87,13.673672
2019-02-26,7,551399.119954,420787.5606,130611.559354,0.0,0.0,282.977,8095.17,0.0,39124.97,14.093279
2019-02-26,8,554583.111742,420784.2706,133798.841142,0.0,0.0,0.0,7421.94,0.0,38832.26,14.281505
2019-02-26,9,557552.120969,420505.523465,137046.597505,0.0,0.0,0.0,8194.41,0.0,38580.17,14.45178
2019-02-26,10,633633.675989,525340.655971,108293.020018,0.0,0.0,0.0,9043.35,0.0,38538.81,16.441444
2019-02-26,11,678015.771974,520181.452419,157834.319555,0.0,591.894547,0.0,10391.29,42.0,38253.79,17.724146
2019-02-26,12,693510.585981,552668.044188,140842.541793,0.0,1316.390298,0.0,11833.94,42.0,37855.27,18.320054
2019-02-26,13,693219.714596,546939.312232,146280.402365,0.0,796.636803,0.0,13714.95,130.5,37618.22,18.427765
2019-02-26,14,695416.708032,542325.371041,153091.336992,0.0,1490.724225,0.0,14088.39,130.5,37331.8,18.627998
2019-02-26,15,684866.836731,532670.307715,152196.529016,0.0,1446.589173,0.0,13991.65,130.5,37196.81,18.411978
2019-02-26,16,654485.771439,523640.331374,130845.440065,0.0,757.981984,0.0,14003.99,100.0,37547.25,17.430991
2019-02-26,17,630028.912323,485924.120008,144104.792315,0.0,967.870214,0.0,13237.3,42.0,38212.34,16.487577
2019-02-26,18,670421.927986,522635.889339,147786.038647,0.0,378.027816,0.0,11878.45,42.0,39372.27,17.027769
2019-02-26,19,670309.531101,535943.515522,134366.015578,0.0,0.0,0.0,9573.15,0.0,39742.21,16.866438
2019-02-26,20,447792.702932,319841.055843,127951.647089,0.0,0.0,0.0,9112.17,0.0,39055.17,11.465645
2019-02-26,21,377530.642258,271670.552834,105860.089424,0.0,0.0,0.0,9819.98,0.0,37501.73,10.067019
2019-02-26,22,256856.055431,162506.812759,94349.242672,0.0,0.0,0.0,10179.26,0.0,35157.74,7.305818
2019-02-26,23,221803.983515,139776.946676,82027.036838,0.0,0.0,0.0,10104.79,0.0,32798.42,6.762642
2019-02-27,0,238633.937695,171781.558083,66852.379613,0.0,0.0,0.0,9710.91,0.0,31189.41,7.651121
2019-02-27,1,242221.495948,159679.898981,82541.596966,0.0,0.0,0.0,9757.56,0.0,30245.3,8.008566
2019-02-27,2,226785.446407,161049.318454,65736.127953,0.0,0.0,0.0,8768.71,0.0,29788.12,7.613285
2019-02-27,3,195147.757482,122073.23718,73074.520303,0.0,0.0,34.734,7877.78,0.0,29730.24,6.563948
2019-02-27,4,215995.882144,140885.509051,75110.373093,0.0,0.0,213.933,6957.59,0.0,30422.63,7.099843
2019-02-27,5,288281.828291,203293.245362,84988.582928,0.0,0.0,0.0,5891.15,0.0,32615.09,8.838909
2019-02-27,6,398278.776295,278284.513377,119994.262917,0.0,0.0,0.0,5166.09,0.0,36235.87,10.991285
2019-02-27,7,428392.614508,296564.022184,131828.592324,0.0,0.0,0.0,4821.85,0.0,37249.9,11.500504
2019-02-27,8,451707.172961,296557.442184,155149.730777,0.0,0.0,0.0,3205.7,0.0,37209.4,12.139598
2019-02-27,9,449007.869676,296557.442184,152450.427492,0.0,0.0,0.0,3572.74,0.0,37490.24,11.97666
2019-02-27,10,428596.899876,296557.442184,132039.457692,0.0,0.0,0.0,5160.54,0.0,37639.0,11.387043
2019-02-27,11,397863.001661,265480.126778,132382.874883,0.0,0.0,0.0,6614.37,0.0,37732.85,10.544208
2019-02-27,12,418900.721016,264850.379643,154050.341373,0.0,64.607279,247.950279,8063.47,58.0,37727.23,11.103405
2019-02-27,13,503475.067373,386585.061165,116890.006208,0.0,0.0,0.0,8951.52,0.0,37914.68,13.279159
2019-02-27,14,501755.398834,386582.281165,115173.117669,0.0,0.0,0.0,9449.49,0.0,38257.67,13.115158
2019-02-27,15,511594.803165,385490.168791,126104.634375,0.0,0.0,0.0,9614.29,0.0,38677.6,13.22716
2019-02-27,16,524458.863188,401933.110708,122525.75248,0.0,0.0,0.0,9710.18,0.0,39552.67,13.259759
2019-02-27,17,573285.544304,426371.272315,146914.271988,0.0,0.0,0.0,9332.36,0.0,40551.61,14.137183
2019-02-27,18,689125.668497,517132.904627,171992.763871,0.0,0.0,0.0,8915.48,58.0,42099.78,16.368866
2019-02-27,19,910349.916711,716319.561838,194030.354872,0.0,0.0,0.0,8384.4,0.0,43077.27,21.132953
2019-02-27,20,906605.421902,697386.192759,209219.229143,0.0,128.792763,0.0,7955.34,58.0,42908.96,21.128581
2019-02-27,21,879348.022862,683656.367625,195691.655237,0.0,282.596242,0.0,8644.85,0.0,41908.58,20.98253
2019-02-27,22,860304.691625,669821.683833,190483.007792,0.0,704.755235,0.0,10401.59,0.0,39882.58,21.570939
2019-02-27,23,812067.166275,642983.16183,169084.004445,0.0,690.544976,0.0,10104.21,0.0,37735.03,21.520247
2019-02-28,0,797706.379913,642983.16183,154723.218083,0.0,708.361659,0.0,10060.95,0.0,36495.36,21.857748
2019-02-28,1,775709.690299,617379.971751,158329.718548,0.0,697.332265,5.661265,10112.76,0.0,35912.99,21.599697
2019-02-28,2,785941.470136,622789.98175,163151.488386,0.0,585.18507,0.0,9503.13,0.0,35797.98,21.954911
2019-02-28,3,795260.677344,626173.872105,169086.805238,0.0,459.823954,0.0,9008.06,0.0,36039.15,22.066577
2019-02-28,4,2924279.944347,2751936.392455,172343.551892,0.0,338.439397,0.0,8653.23,42.0,37041.02,78.947069
2019-02-28,5,2988766.85888,2793682.599896,195084.258984,0.0,305.777816,0.0,8414.42,42.0,39677.13,75.327194
2019-02-28,6,3060780.523985,2831260.496585,229520.027399,0.0,218.919749,116.054749,8386.15,0.0,43784.95,69.904854
2019-02-28,7,3102640.976469,2898640.573175,204000.403294,0.0,0.0,0.0,7908.59,0.0,45429.83,68.295236
2019-02-28,8,2802222.274735,2594366.049015,207856.22572,0.0,0.0,0.0,6091.28,0.0,45680.42,61.344057
2019-02-28,9,2768652.075766,2550143.705815,218508.369952,2.818578,0.0,0.0,6044.96,0.0,46117.76,60.034401
2019-02-28,10,2757430.379352,2550143.705815,207286.673537,0.0,0.0,0.0,7119.38,0.0,46445.14,59.369621
2019-02-28,11,2784872.35752,2596430.174063,188442.183457,0.0,0.0,0.0,7370.64,0.0,46346.22,60.088446
2019-02-28,12,2818227.20415,2655970.727634,162256.476517,0.0,0.0,0.0,8274.68,0.0,45813.37,61.515387
2019-02-28,13,2896410.502747,2628986.053044,267424.449703,0.0,110.488159,0.0,8960.16,88.5,45394.82,63.804868
2019-02-28,14,2874091.701699,2634394.34538,239697.356319,0.0,319.297003,0.0,9734.67,88.5,44763.4,64.206287
2019-02-28,15,2823358.258918,2594088.057397,229270.201521,0.0,209.691033,0.0,10374.03,88.5,44201.87,63.874181
2019-02-28,16,2763655.327117,2595786.056409,167869.270709,0.0,0.0,0.0,11006.66,58.0,44428.85,62.204071
2019-02-28,17,2657511.300383,2476897.62334,180613.677042,0.0,0.0,0.0,9804.51,0.0,45267.78,58.706464
2019-02-28,18,2717085.284052,2512895.728074,204189.555978,0.0,0.0,0.0,8534.93,0.0,47054.6,57.743245
2019-02-28,19,2744359.062624,2512875.988074,231483.07455,0.0,0.0,0.0,6925.09,0.0,47824.91,57.383465
2019-02-28,20,2764031.530251,2528168.864763,235862.665488,0.0,0.0,10.623,6144.08,0.0,47383.33,58.333417
2019-02-28,21,2739182.22395,2528165.574763,211016.649188,0.0,0.0,0.0,6343.91,0.0,45943.79,59.620293
2019-02-28,22,2657788.125466,2473928.475384,183859.650082,0.0,0.0,0.0,6597.24,0.0,43477.68,61.129944
2019-02-28,23,2590446.067937,2420193.14016,170252.927777,0.0,0.0,0.0,6083.82,0.0,41161.22,62.934142
2019-03-01,0,2560591.512481,2411452.943377,149138.569104,0.0,0.0,0.0,6226.8,0.0,39570.88,64.708986
2019-03-01,1,2534589.182203,2398651.846778,135937.335425,0.0,0.0,0.0,6904.87,0.0,38698.98,65.494987
2019-03-01,2,2535690.412834,2398651.846778,137038.566056,0.0,0.0,0.0,6089.49,0.0,38302.01,66.202542
2019-03-01,3,2546575.809832,2407395.333561,139180.476271,0.0,0.0,0.0,5642.04,0.0,38401.44,66.314592
2019-03-01,4,2605244.523787,2464399.03336,140845.490427,0.0,0.0,0.0,5280.26,0.0,39297.87,66.294802
2019-03-01,5,2808087.76986,2668467.844983,139619.924877,0.0,0.0,0.0,5163.63,0.0,41722.65,67.303677
2019-03-01,6,2872047.400222,2701747.706883,170299.693339,0.0,0.0,0.0,5058.71,0.0,45320.89,63.371381
2019-03-01,7,2882405.678418,2701744.926883,180660.751535,0.0,0.0,0.0,5032.57,0.0,46218.5,62.36476
2019-03-01,8,2881968.876613,2701744.926883,180223.94973,0.0,0.0,0.0,4535.73,0.0,45807.13,62.91529
2019-03-01,9,2865457.673844,2701744.926883,163712.746962,0.0,0.0,0.0,5800.43,0.0,45491.72,62.988554
2019-03-01,10,2815516.164483,2663772.161956,151744.002527,0.0,0.0,0.0,7714.94,0.0,44896.05,62.71189
2019-03-01,11,2936829.152894,2723843.783412,212985.369482,0.0,37.917745,0.0,9146.51,375.8,43911.88,66.88006
2019-03-01,12,2898835.751215,2696786.640013,202049.111203,0.0,609.743888,0.0,11069.59,213.5,42402.09,68.365398
2019-03-01,13,2848113.154681,2661275.784875,186837.369806,0.0,1269.315418,0.0,12998.19,255.5,41332.77,68.906903
2019-03-01,14,2841690.05039,2654675.742461,187014.307928,0.0,1333.411519,0.0,12988.59,255.5,40650.9,69.904727
2019-03-01,15,2825938.519585,2638229.926176,187708.593409,0.0,1201.841169,0.0,12779.54,255.5,40381.49,69.981036
2019-03-01,16,2830918.601133,2646556.343854,184362.25728,0.0,719.369385,0.0,12317.18,255.5,40558.97,69.797596
2019-03-01,17,2885349.940421,2699317.508178,186032.432244,0.0,61.186877,0.0,9898.58,130.5,40974.27,70.418581
2019-03-01,18,2846642.042522,2731151.640521,115490.402002,0.0,0.0,0.0,7229.63,0.0,41811.74,68.082363
2019-03-01,19,2792854.90948,2654232.849933,138622.059547,0.0,0.0,0.0,4878.73,0.0,41912.84,66.634829
2019-03-01,20,2784046.897241,2639186.912012,144859.985229,0.0,0.0,0.0,3941.69,0.0,41288.11,67.429749
2019-03-01,21,2764106.03594,2639186.912012,124919.123928,0.0,0.0,0.0,4706.04,0.0,40289.9,68.605433
2019-03-01,22,2661598.056573,2553298.743193,108299.313381,0.0,0.0,0.0,6585.9,0.0,38656.98,68.851681
2019-03-01,23,2596420.266582,2497828.610775,98591.655807,0.0,0.0,0.0,6761.38,0.0,36848.48,70.462072
2019-03-02,0,2884564.776517,2801097.552722,83467.223795,0.0,0.0,0.0,7481.04,0.0,35346.37,81.608515
2019-03-02,1,2882510.574752,2749723.932847,132786.641905,0.0,93.120498,0.0,8485.01,42.0,34403.56,83.785241
2019-03-02,2,2882856.454022,2756135.632034,126720.821988,0.0,370.555522,0.0,8660.81,42.0,33953.48,84.906067
2019-03-02,3,2881347.288327,2759675.317027,121671.9713,0.0,567.953464,0.0,9358.72,42.0,33914.1,84.960158
2019-03-02,4,743766.82591,610789.209336,132977.616574,0.0,579.380098,0.0,10057.19,42.0,34287.48,21.692082
2019-03-02,5,787474.276006,649325.419454,138148.856553,0.0,144.311307,0.0,9398.11,42.0,35346.4,22.278769
2019-03-02,6,780549.917387,670645.643576,109904.273811,0.0,0.0,0.0,8230.65,0.0,36956.82,21.120592
2019-03-02,7,786644.368549,669374.769102,117269.599446,0.0,0.0,0.0,6653.87,0.0,38443.15,20.462537
2019-03-02,8,817553.7549,674567.601712,142986.153188,0.0,0.0,0.0,5631.24,0.0,40065.5,20.40543
2019-03-02,9,837805.586319,674564.311712,163241.274608,0.0,0.0,0.0,6394.07,0.0,41130.65,20.369374
2019-03-02,10,814494.144116,674785.499986,139708.64413,0.0,0.0,0.0,7150.2,0.0,41549.13,19.603158
2019-03-02,11,816388.172299,675064.247122,141323.925177,0.0,0.0,0.0,7467.68,0.0,41504.19,19.670018
2019-03-02,12,799683.356374,672524.958897,127158.397477,0.0,0.0,0.0,8218.81,0.0,41055.92,19.477906
2019-03-02,13,800505.802999,671960.137491,128545.665508,0.0,0.0,0.0,9392.34,58.0,40743.18,19.647602
2019-03-02,14,792840.402653,662868.102691,129972.299962,0.0,0.0,0.0,10057.57,58.0,40506.65,19.573092
2019-03-02,15,783510.351865,660353.753794,123156.598071,0.0,0.0,0.0,10537.821215,40.648785,40450.82,19.369455
2019-03-02,16,757563.880516,641160.822435,116403.058081,0.0,0.0,0.0,11580.05,0.0,40554.13,18.680314
2019-03-02,17,780667.234533,648198.067587,132469.166946,0.0,0.0,0.0,10945.11,0.0,41048.06,19.018371
2019-03-02,18,779977.968678,651085.065812,128892.902866,0.0,0.0,0.0,10596.2,0.0,41847.71,18.638486
2019-03-02,19,778452.580847,651081.775812,127370.805035,0.0,0.0,0.0,10495.24,0.0,41963.46,18.550724
2019-03-02,20,822271.651935,685078.720714,137192.931222,0.0,0.0,0.0,11576.48,0.0,41202.5,19.956839
2019-03-02,21,806246.126322,669235.723711,137010.402612,0.0,761.223689,0.0,14377.01,0.0,40157.5,20.0771
2019-03-02,22,759757.721156,640483.568593,119274.152562,0.0,1281.915575,0.0,15670.97,42.0,38749.28,19.607015
2019-03-02,23,748741.122564,616351.194337,132389.928227,0.0,901.307701,0.0,13033.035017,25.804983,37165.85,20.145944
2019-03-03,0,759161.506451,624475.839401,134685.66705,0.0,613.454453,0.0,10819.98,42.0,35921.88,21.13368
2019-03-03,1,763586.360491,624469.259401,139117.10109,0.0,424.805037,0.0,9322.87,42.0,35026.79,21.800067
2019-03-03,2,757782.581928,624469.259401,133313.322527,0.0,519.244534,0.0,9522.61,42.0,34653.48,21.867431
2019-03-03,3,742884.005151,614283.201902,128600.803249,0.0,894.126331,0.0,10646.86,42.0,34579.21,21.483545
2019-03-03,4,733953.206233,613503.8444,120449.361833,0.0,1268.30097,0.0,12139.9,42.0,34989.99,20.976091
2019-03-03,5,775371.492435,642624.486157,132747.006278,0.0,1424.361542,0.0,11347.65,42.0,35840.63,21.633869
2019-03-03,6,822787.084998,674571.132202,148215.952796,0.0,1525.732205,0.0,10947.209928,6.340072,37307.53,22.054183
2019-03-03,7,851810.687068,683611.494025,168199.193043,0.0,1433.050532,0.0,10294.96,0.0,38917.05,21.887853
2019-03-03,8,888285.654085,699069.692999,189215.961086,0.0,1295.81427,0.0,10132.18,0.0,40903.52,21.716607
2019-03-03,9,888430.888847,699063.112999,189367.775848,0.0,1407.042056,0.0,11544.37,0.0,42728.21,20.792607
2019-03-03,10,1023801.249079,860847.023163,162954.225915,0.0,531.916942,0.0,13210.41,58.0,43930.58,23.304979
2019-03-03,11,1057308.587633,864684.949693,192623.63794,0.0,1540.207335,0.0,14836.78,375.8,44393.06,23.816979
2019-03-03,12,1044082.570441,850079.338614,194003.231827,0.0,2471.680964,0.0,16061.65,213.5,44366.11,23.533336
2019-03-03,13,1023166.16259,839867.864694,183298.297896,0.0,2166.241403,0.0,16686.02,213.5,44006.08,23.250564
2019-03-03,14,931274.648275,745493.499156,185781.149119,0.0,2855.357721,0.0,18068.470849,227.999151,43569.67,21.374379
2019-03-03,15,904441.763541,725953.560153,178488.203388,0.0,2797.026733,0.0,19199.87,213.5,43732.7,20.681133
2019-03-03,16,934648.736631,761832.196185,172816.540445,0.0,1772.594313,0.0,18494.35,88.5,44396.43,21.05234
2019-03-03,17,973073.528138,772460.702937,200612.825201,0.0,1656.29045,0.0,17372.06,213.5,45885.63,21.206498
2019-03-03,18,1039367.897131,827300.51214,212067.384991,0.0,1276.200327,0.0,15837.32,220.3,48375.87,21.485255
2019-03-03,19,1060743.171894,809311.828817,251431.343077,0.0,1014.543794,0.0,11991.96,58.0,50346.13,21.069011
2019-03-03,20,1036770.052516,809308.538817,227461.513699,0.0,1147.390619,0.0,13095.78,0.0,50668.77,20.461717
2019-03-03,21,954832.924682,759349.339217,195483.585465,0.0,1517.875917,0.0,17238.75,0.0,50037.65,19.08229
2019-03-03,22,869897.944521,685915.485651,183982.45887,0.0,1531.144518,0.0,18571.95,0.0,48255.6,18.026881
2019-03-03,23,828456.593682,654017.63476,174438.958922,0.0,1487.87824,0.0,18519.02,0.0,46630.73,17.766323
2019-03-04,0,809644.284383,637960.645958,171683.638425,0.0,1409.272279,0.0,18131.37,0.0,45657.96,17.732818
2019-03-04,1,813845.327214,638565.452759,175279.874455,0.0,1214.616333,0.0,17421.09,0.0,45390.28,17.929947
2019-03-04,2,824852.324169,646280.732759,178571.59141,0.0,1242.965541,0.0,17368.06,0.0,45706.17,18.046848
2019-03-04,3,854965.919463,671151.617368,183814.302095,0.0,1226.801959,0.0,17172.67,0.0,46607.19,18.344078
2019-03-04,4,2991342.644703,2796904.267718,194438.376986,0.0,1180.708705,0.0,16975.64,0.0,48553.33,61.609423
2019-03-04,5,3075866.653966,2859352.843861,216513.810105,0.0,1101.337099,0.0,17006.33,0.0,52097.48,59.040603
2019-03-04,6,3157580.522336,2902404.66428,255175.858055,0.0,966.056889,0.0,16761.5,0.0,56990.99,55.404907
2019-03-04,7,3184281.708205,2911913.060207,272368.647998,0.0,746.680305,0.0,16197.35,0.0,58672.65,54.271994
2019-03-04,8,3231090.984151,2948019.108444,283071.875707,0.0,569.301721,0.0,14673.1,58.0,58462.99,55.267289
2019-03-04,9,3269615.640024,2988785.790795,280829.849229,0.0,576.268262,0.0,14311.37,58.0,58358.23,56.026642
2019-03-04,10,3211856.052684,2971742.501523,240113.551161,0.0,0.0,0.0,14158.51,0.0,57873.81,55.497574
2019-03-04,11,3252270.874319,2950741.887111,301528.987208,0.0,332.14501,0.0,14604.93,58.0,56797.23,57.261083
2019-03-04,12,3225199.822584,2967184.829028,258014.993556,0.0,518.252775,0.0,14492.38,58.0,55516.77,58.094155
2019-03-04,13,3219157.983686,3015141.352971,204016.630715,0.0,0.0,0.0,14229.25,0.0,54516.71,59.049014
2019-03-04,14,3259116.302177,3000066.177974,259050.124203,0.0,257.684938,0.0,14829.15,88.5,53543.64,60.868411
2019-03-04,15,3207242.29563,2961855.967778,245386.327852,0.0,237.362971,0.0,14772.37,88.5,52650.68,60.915496
2019-03-04,16,3152208.127547,2908147.408158,244060.719389,0.0,214.218244,0.0,15381.3,88.5,53125.36,59.33528
2019-03-04,17,3213812.241705,2980373.29294,233438.948765,0.0,0.0,0.0,13945.42,0.0,54539.72,58.926086
2019-03-04,18,3089768.577197,2826330.400128,263438.177068,0.0,0.0,0.0,12129.09,0.0,57094.28,54.116955
2019-03-04,19,3164352.102632,2866866.461965,297485.640666,0.0,0.0,0.0,10235.1,0.0,58542.01,54.052673
2019-03-04,20,3173130.254439,2867710.817375,305419.437064,0.0,0.0,0.0,7962.02,0.0,58047.54,54.664336
2019-03-04,21,3161922.442891,2867700.947375,294221.495515,0.0,0.0,0.0,6793.55,0.0,56648.7,55.816328
2019-03-04,22,3135064.777993,2867700.947375,267363.830617,0.0,0.0,0.0,5906.26,0.0,54045.48,58.0079
2019-03-04,23,3052551.897041,2798937.430328,253614.466713,0.0,0.0,0.0,5576.26,0.0,51891.94,58.825164
2019-03-05,0,3159791.228121,2930986.568628,228804.659493,0.0,0.0,0.0,5254.1,0.0,50762.08,62.247079
2019-03-05,1,3141173.795508,2915691.421939,225482.373569,0.0,0.0,0.0,5097.51,0.0,50603.38,62.074387
2019-03-05,2,3196478.599859,2977134.151066,219344.448794,0.0,0.0,0.0,4881.56,0.0,50883.54,62.819501
2019-03-05,3,3206049.149667,2977124.791066,228924.358601,0.0,0.0,0.0,4731.96,0.0,51568.39,62.170821
2019-03-05,4,3435682.037629,3192975.395786,242706.641843,0.0,0.0,0.0,4875.16,0.0,53192.04,64.590154
2019-03-05,5,3591350.070423,3305589.534825,285760.535598,0.0,0.0,0.0,4263.97,0.0,56343.49,63.740284
2019-03-05,6,3817511.014727,3453133.603913,364377.410814,0.0,0.0,0.0,4036.4,0.0,60300.15,63.308483
2019-03-05,7,3802491.13191,3453130.823913,349360.307997,0.0,0.0,0.0,4131.02,0.0,60652.16,62.693417
2019-03-05,8,3753268.989977,3453130.823913,300138.166065,0.0,0.0,0.0,4169.75,0.0,58408.99,64.258413
2019-03-05,9,3516639.580656,3255518.20225,261121.378406,0.0,0.0,0.0,5353.29,0.0,56155.33,62.623434
2019-03-05,10,3458300.235735,3255518.20225,202782.033486,0.0,0.0,0.0,7205.36,0.0,53896.48,64.165605
2019-03-05,11,3466791.866007,3255518.20225,211273.663758,0.0,10.545566,0.0,8711.51,58.0,51507.31,67.306793
2019-03-05,12,3323910.299715,3080130.514884,243779.784831,0.0,171.832274,0.0,10580.29,88.5,49001.03,67.833478
2019-03-05,13,3260359.671638,3055372.513855,204987.157783,0.0,854.359446,0.0,12287.53,88.5,46847.27,69.595511
2019-03-05,14,3185548.496297,2985739.786654,199808.709643,0.0,1183.831241,0.0,12426.26,130.5,44804.15,71.099407
2019-03-05,15,3128017.11947,2935423.935952,192593.183518,0.0,1183.339469,0.0,12438.31,130.5,43676.72,71.617491
2019-03-05,16,2960181.176997,2775398.601504,184782.575493,0.0,648.335955,0.0,12292.17,130.5,43649.14,67.817629
2019-03-05,17,3009033.642415,2809997.033565,199036.60885,0.0,158.876414,0.0,11058.48,130.5,44900.7,67.015295
2019-03-05,18,3032770.50875,2889624.806356,143145.702394,0.0,0.0,0.0,9850.35,0.0,47921.07,63.286786
2019-03-05,19,3049909.779563,2878287.130735,171622.648828,0.0,0.0,0.0,8808.49,0.0,50424.78,60.484345
2019-03-05,20,3040280.794065,2840567.051886,199713.742178,0.0,0.0,0.0,7029.9,0.0,50845.72,59.794232
2019-03-05,21,3048523.78818,2840563.761886,207960.026294,0.0,0.0,0.0,5583.84,0.0,50117.11,60.828004
2019-03-05,22,3042141.020677,2840563.761886,201577.25879,0.0,0.0,0.0,4088.13,0.0,48201.27,63.113296
2019-03-05,23,3026373.446371,2840563.761886,185809.684484,0.0,0.0,0.0,3609.75,0.0,46677.61,64.835656
2019-03-06,0,2914928.775689,2721346.860671,193581.915018,0.0,0.0,0.0,3620.93,0.0,45938.87,63.45234
2019-03-06,1,2876825.221372,2688047.768771,188777.4526,0.0,0.0,0.0,4272.46,0.0,45881.88,62.700683
2019-03-06,2,2950135.167261,2763068.646786,187066.520475,0.0,0.0,0.0,4104.65,0.0,46290.07,63.731491
2019-03-06,3,2997631.636705,2807267.959986,190363.676719,0.0,0.0,0.0,4085.33,0.0,47112.52,63.627071
2019-03-06,4,3066973.702154,2858903.45811,208070.244044,0.0,0.0,0.0,4227.69,0.0,48750.38,62.911791
2019-03-06,5,3174779.44486,2935783.278698,238996.166162,0.0,0.0,0.0,4424.05,0.0,51976.59,61.080949
2019-03-06,6,3255368.766834,2935773.408698,319595.358135,0.0,0.0,0.0,4806.31,0.0,56213.68,57.910615
2019-03-06,7,3240468.566798,2935773.408698,304695.1581,0.0,0.0,0.0,5254.95,0.0,55956.27,57.910732
2019-03-06,8,3143863.773414,2914960.23715,228903.536264,0.0,0.0,0.0,5934.6,0.0,52391.89,60.006688
2019-03-06,9,3039736.599548,2852261.796269,187474.80328,0.0,0.0,0.0,8180.49,0.0,49472.96,61.442384
2019-03-06,10,3068150.545592,2911572.464867,156578.080725,0.0,0.0,0.0,10577.24,0.0,47089.4,65.155864
2019-03-06,11,3093836.271274,2929499.310441,164336.960833,0.0,1511.407749,0.0,14262.78,262.3,44867.08,68.955597
2019-03-06,12,3048393.083409,2888752.495687,159640.587722,0.0,1941.493012,0.0,15873.67,130.5,42779.07,71.258984
2019-03-06,13,3024392.158226,2886041.150622,138351.007605,0.0,1668.025732,0.0,16070.01895,284.76105,41392.52,73.066152
2019-03-06,14,3013200.331112,2878876.985358,134323.345754,0.0,2340.89631,0.0,16521.93,417.8,40076.89,75.185483
2019-03-06,15,3003884.841575,2874784.555357,129100.286218,0.0,2307.325655,0.0,16452.7,255.5,39451.46,76.141285
2019-03-06,16,3014949.953276,2875051.394857,139898.558419,0.0,1275.149673,0.0,15514.09,387.3,39763.21,75.8226
2019-03-06,17,3044171.514247,2905139.715607,139031.79864,0.0,1842.70294,0.0,15283.848854,210.311146,40766.97,74.672499
2019-03-06,18,3078426.252076,2938039.146349,140387.105727,0.0,1313.209445,0.0,13903.22,42.0,42977.63,71.628572
2019-03-06,19,3019616.660479,2840505.743263,179110.917216,0.0,979.638809,0.0,11511.56,42.0,44420.64,67.977784
2019-03-06,20,2982745.743261,2805250.988743,177494.754518,0.0,1118.175998,0.0,12154.3,42.0,44381.25,67.20734
2019-03-06,21,2958343.854116,2799844.268744,158499.585372,0.0,1556.067136,0.0,13546.53,42.0,43203.38,68.474824
2019-03-06,22,2909902.130085,2776047.279369,133854.850716,0.0,729.94767,0.0,13184.62,42.0,40753.98,71.401668
2019-03-06,23,2902046.09982,2796718.61398,105327.48584,0.0,905.765058,0.0,13610.11,42.0,38479.09,75.418782
2019-03-07,0,760314.030293,657731.01946,102583.010834,0.0,1050.312916,0.0,13616.15,42.0,36939.97,20.582421
2019-03-07,1,734237.954534,631818.17245,102419.782084,0.0,1117.073148,0.0,13560.42,42.0,36172.13,20.298444
2019-03-07,2,734522.402444,631818.17245,102704.229994,0.0,1207.99812,0.0,13340.47,42.0,35771.97,20.533462
2019-03-07,3,741557.29658,640528.834369,101028.462211,0.0,1228.837999,0.0,13200.13,42.0,35764.88,20.734231
2019-03-07,4,618219.862562,492971.095281,125248.767281,0.0,1137.28552,0.0,12702.2,42.0,36580.19,16.900401
2019-03-07,5,662652.548598,523996.936347,138655.612251,0.0,886.917292,0.0,12570.15,42.0,38917.54,17.027092
2019-03-07,6,714969.350784,539445.265321,175524.085463,0.0,657.144453,0.0,12265.54,0.0,42477.4,16.831759
2019-03-07,7,723453.17631,544848.69532,178604.480989,0.0,434.654448,0.0,11748.09,0.0,42930.32,16.8518
2019-03-07,8,723593.064967,544845.40532,178747.659647,0.0,435.604753,0.0,10986.23,42.0,41916.76,17.262619
2019-03-07,9,708028.528721,544845.40532,163183.1234,0.0,878.384491,0.0,11753.4,42.0,41039.55,17.252346
2019-03-07,10,698589.929224,557382.890731,141207.038494,0.0,2.93938,0.0,11986.04,42.0,39976.52,17.475006
2019-03-07,11,799753.667539,640030.37713,159723.290409,0.0,904.853611,0.0,13353.256298,305.313702,38771.61,20.627301
2019-03-07,12,765214.734789,615575.000711,149639.734077,0.0,993.579423,0.0,13909.79,255.5,37744.39,20.273602
2019-03-07,13,752784.637863,605414.967786,147369.670077,0.0,517.098851,0.0,13690.53,255.5,37085.23,20.298772
2019-03-07,14,741705.078652,602257.500584,139447.578068,0.0,1113.052471,0.0,14423.823171,396.516829,36774.36,20.169082
2019-03-07,15,741082.230351,603031.662091,138050.56826,0.0,1459.422006,0.0,14854.45,417.8,36682.33,20.202703
2019-03-07,16,742083.000971,605930.255498,136152.745473,0.0,1003.093575,0.0,14777.27,417.8,36824.0,20.152156
2019-03-07,17,755330.31802,614279.10174,141051.21628,0.0,909.395479,0.0,13940.31,417.8,37235.97,20.284964
2019-03-07,18,706167.986581,580881.850205,125286.136376,0.0,335.460848,0.0,12798.609358,150.140642,38506.02,18.339158
2019-03-07,19,659627.883153,526293.523747,133334.359406,0.0,0.0,0.0,11265.31,0.0,39364.7,16.756838
2019-03-07,20,663615.874364,520886.803748,142729.070616,0.0,601.100342,0.0,12129.93,42.0,38861.97,17.076228
2019-03-07,21,628625.31836,506761.081557,121864.236803,0.0,1015.519666,0.0,13548.45,42.0,37492.19,16.766834
2019-03-07,22,577624.483171,474271.074874,103353.408297,0.0,1020.307873,0.0,14025.22,42.0,35276.47,16.374214
2019-03-07,23,558421.70062,486128.155674,72293.544947,0.0,983.071293,0.0,14136.23,42.0,32933.62,16.955977
2019-03-08,0,337145.046862,254952.917391,82192.12947,0.0,955.745346,0.0,14044.94,42.0,31299.51,10.771576
2019-03-08,1,320328.285812,239458.904768,80869.381044,0.0,873.673058,0.0,13800.49,42.0,30300.24,10.571807
2019-03-08,2,313825.685634,235259.864769,78565.820865,0.0,863.449335,0.0,13659.61,42.0,29877.9,10.503606
2019-03-08,3,316486.463277,235259.864769,81226.598508,0.0,835.36,0.0,13570.25,42.0,29660.78,10.6702
2019-03-08,4,329484.262963,245937.441543,83546.82142,0.0,810.542141,0.0,13359.05,42.0,30154.42,10.926566
2019-03-08,5,363143.270772,261516.02694,101627.243831,0.0,807.121008,0.0,13206.21,42.0,32170.55,11.288065
2019-03-08,6,434569.110341,311987.15252,122581.957822,0.0,5.350656,0.0,11929.34,0.0,35516.93,12.235548
2019-03-08,7,424467.984598,341177.813251,83290.171347,0.0,0.0,0.0,10267.52,0.0,36783.54,11.539618
2019-03-08,8,352958.017249,229332.442035,123625.575214,0.0,0.0,0.0,8361.76,0.0,37094.82,9.515022
2019-03-08,9,381860.291327,273531.755235,108328.536092,0.0,0.0,0.0,8652.47,0.0,37532.35,10.174164
2019-03-08,10,376046.186094,273528.465235,102517.720859,0.0,0.0,0.0,9546.72,0.0,37952.08,9.908447
2019-03-08,11,363214.621813,265189.674835,98024.946979,0.0,0.0,0.0,10562.65,0.0,38197.35,9.508896
2019-03-08,12,554101.801169,444116.766028,109985.035141,0.0,76.97034,0.0,11275.57,375.8,38386.41,14.434843
2019-03-08,13,629370.651227,519183.58719,110187.064037,0.0,0.0,0.0,12970.81,345.3,39012.31,16.132617
2019-03-08,14,633795.489691,495950.495078,137844.994613,0.0,155.554977,0.0,13733.87,255.5,39429.45,16.074165
2019-03-08,15,752036.414969,637393.782583,114642.632386,0.0,232.940142,0.0,14734.31,88.5,39516.76,19.030822
2019-03-08,16,813182.299423,695691.636467,117490.662956,0.0,14.303124,0.0,15364.24,130.5,39380.91,20.64915
2019-03-08,17,812277.168486,680254.866768,132022.301718,0.0,135.317523,0.0,14359.16,100.0,39227.27,20.706951
2019-03-08,18,804249.69512,669180.862768,135068.832352,0.0,185.606046,0.0,13317.8197,252.8003,39711.25,20.25244
2019-03-08,19,779520.169628,641617.614136,137902.555492,0.0,319.202267,0.0,12604.27,42.0,40078.03,19.450062
2019-03-08,20,763316.643804,641614.324136,121702.319668,0.0,233.493956,0.0,13329.73,42.0,39362.05,19.392197
2019-03-08,21,723705.437963,618920.220825,104785.217138,0.0,583.413131,0.0,15245.9,42.0,38237.22,18.926727
2019-03-08,22,680488.968749,591336.274629,89152.69412,0.0,543.999882,0.0,16321.39,42.0,36467.1,18.660353
2019-03-08,23,652483.333121,574948.634007,77534.699114,0.0,1190.969075,0.0,17144.92,42.0,34527.5,18.897497
2019-03-09,0,502494.664272,433886.792343,68607.871929,0.0,1324.056525,0.0,16950.25,42.0,32696.87,15.36828
2019-03-09,1,495305.504364,430780.135142,64525.369222,0.0,1241.428172,0.0,16159.37,42.0,31531.91,15.708072
2019-03-09,2,488114.097115,425360.520767,62753.576348,0.0,1261.109344,0.0,16139.66,42.0,30676.28,15.911776
2019-03-09,3,325671.194126,292676.233125,32994.961001,0.0,0.0,0.0,14553.21,0.0,30239.52,10.769721
2019-03-09,4,341326.608611,292663.073125,48663.535486,0.0,0.0,0.0,12132.94,0.0,30215.12,11.29655
2019-03-09,5,352515.755366,286335.633255,66180.122111,0.0,1248.276507,0.0,16092.179959,66.020041,30644.71,11.503315
2019-03-09,6,363672.658885,294107.944552,69564.714333,0.0,1173.747133,0.0,16177.46,42.0,31797.82,11.437031
2019-03-09,7,399763.603519,314586.934676,85176.668842,0.0,418.225763,0.0,14268.59,42.0,32794.45,12.189977
2019-03-09,8,437626.968369,340893.051194,96733.917175,0.0,316.472495,0.0,13634.36,42.0,34674.81,12.62089
2019-03-09,9,446052.580406,369163.755134,76888.825272,0.0,0.0,0.0,11579.26,0.0,36501.28,12.22019
2019-03-09,10,624420.468144,569683.002506,54737.465638,0.0,0.0,0.0,12310.34,0.0,37990.4,16.43627
2019-03-09,11,650770.15726,546515.159239,104254.998021,0.0,220.885555,0.0,13195.39,213.5,38702.02,16.814889
2019-03-09,12,801445.220981,681263.447126,120181.773855,0.0,3041.120284,0.0,17560.22,255.5,39020.25,20.539213
2019-03-09,13,742768.448047,619450.572726,123317.875321,0.0,2688.742486,0.0,18071.43,255.5,39302.26,18.898874
2019-03-09,14,667715.330904,531613.224069,136102.106835,0.0,3394.341103,0.0,18577.06,255.5,39447.8,16.926554
2019-03-09,15,704910.621723,572552.1713,132358.450423,0.0,3256.859777,0.0,17756.35,262.3,39782.67,17.719038
2019-03-09,16,737596.633735,599131.379832,138465.253903,0.0,2216.68871,0.0,16405.25,130.5,39841.02,18.513498
2019-03-09,17,769267.810125,621006.512392,148261.297732,0.0,1999.18491,0.0,14828.17,130.5,39277.47,19.585473
2019-03-09,18,757462.290941,668557.515066,88904.775875,0.0,0.0,0.0,9658.94,0.0,38921.56,19.461252
2019-03-09,19,681395.831948,563553.613377,117842.218571,0.0,0.0,0.0,5497.11,0.0,38946.1,17.495868
2019-03-09,20,674999.612009,548497.805456,126501.806553,0.0,0.0,0.0,3442.26,0.0,37676.26,17.915781
2019-03-09,21,662670.731297,548497.805456,114172.925842,0.0,0.0,0.0,3240.54,0.0,36345.99,18.232293
2019-03-09,22,559806.841735,461626.426641,98180.415094,0.0,0.0,0.0,4034.0,0.0,34700.61,16.132478
2019-03-09,23,511015.119753,412759.098569,98256.021183,0.0,0.0,0.0,3871.38,0.0,32867.37,15.547795
2019-03-10,0,482753.435113,396319.446652,86433.988461,0.0,0.0,0.0,4104.87,0.0,31364.61,15.391661
2019-03-10,1,442326.98648,356282.91892,86044.06756,0.0,0.0,0.0,4791.74,0.0,30301.32,14.597614
2019-03-10,2,434753.720854,356282.91892,78470.801934,0.0,0.0,0.0,4771.06,0.0,29634.87,14.670343
2019-03-10,3,430478.032903,356282.91892,74195.113983,0.0,0.0,0.0,5030.33,0.0,29392.29,14.645951
2019-03-10,4,427570.885276,349888.351023,77682.534253,0.0,0.0,0.0,5658.85,0.0,29669.75,14.411004
2019-03-10,5,446642.465106,365101.517509,81540.947597,0.0,0.0,0.0,5645.66,0.0,30427.04,14.67913
2019-03-10,6,571214.087361,496175.499524,75038.587837,0.0,0.0,0.0,6013.96,0.0,31454.55,18.159983
2019-03-10,7,625195.900101,487359.591657,137836.308444,0.0,14.904629,0.0,6845.26,42.0,32531.85,19.217963
2019-03-10,8,663513.093001,516332.515173,147180.577827,0.0,387.529744,0.0,6873.79,42.0,34058.83,19.481382
2019-03-10,9,667649.544979,516322.645173,151326.899806,0.0,698.021742,0.0,7982.72,42.0,35440.2,18.838763
2019-03-10,10,648747.719272,510915.925174,137831.794097,0.0,104.397709,0.0,9508.79,42.0,36393.89,17.825732
2019-03-10,11,627689.643892,501197.565448,126492.078443,0.0,1308.433006,0.0,12564.48,42.0,36998.96,16.965062
2019-03-10,12,633830.173356,514403.358431,119426.814926,0.0,1482.925565,0.0,14171.65,100.0,37415.59,16.940269
2019-03-10,13,730770.140138,611596.110666,119174.029472,0.0,632.118792,0.0,15318.22,417.8,37575.29,19.448157
2019-03-10,14,726152.060901,603665.501163,122486.559738,0.0,1248.450473,0.0,16268.58,417.8,37700.17,19.261241
2019-03-10,15,732797.431788,603340.117861,129457.313927,0.0,1455.48475,0.0,16392.19,417.8,37970.57,19.29909
2019-03-10,16,735504.890429,604348.713626,131156.176803,0.0,998.071698,0.0,16195.32,417.8,38124.58,19.292144
2019-03-10,17,686893.304177,560272.950674,126620.353503,0.0,875.124985,0.0,15550.68,100.0,38176.9,17.99238
2019-03-10,18,656406.723055,523327.554782,133079.168273,0.0,250.299388,0.0,14023.593125,146.556875,39048.99,16.809826
2019-03-10,19,636999.135646,527712.941638,109286.194008,0.0,0.0,0.0,12606.2,0.0,39609.39,16.082023
2019-03-10,20,419458.407478,337165.245984,82293.161494,0.0,0.0,0.0,12337.38,0.0,38698.6,10.839111
2019-03-10,21,314886.050153,231974.593176,82911.456977,0.0,0.0,0.0,11898.85,0.0,36942.52,8.523675
2019-03-10,22,300331.732811,223234.396392,77097.336419,0.0,0.0,0.0,10003.47,0.0,34738.33,8.645543
2019-03-10,23,220403.41779,148216.808377,72186.609412,0.0,0.0,0.0,9171.78,0.0,32806.53,6.718279
2019-03-11,0,205994.883454,132318.078686,73676.804767,0.0,0.0,0.0,8146.99,0.0,31564.58,6.52614
2019-03-11,1,198630.782573,120464.287887,78166.494686,0.0,0.0,0.0,7418.82,0.0,30821.74,6.444503
2019-03-11,2,204337.764995,125449.265388,78888.499607,0.0,0.0,0.0,6880.37,0.0,30638.38,6.66934
2019-03-11,3,216182.649715,132167.267579,84015.382136,0.0,0.0,0.0,6731.62,0.0,31176.18,6.934225
2019-03-11,4,322548.665977,236795.629402,85753.036575,0.0,0.0,0.0,6686.33,0.0,32725.92,9.856061
2019-03-11,5,375609.089823,265489.996778,110119.093045,0.0,0.0,0.0,5518.77,0.0,35184.81,10.67532
2019-03-11,6,423830.499135,287028.000161,136802.498974,0.0,0.0,0.0,4594.93,0.0,37011.54,11.451307
2019-03-11,7,440975.807618,287021.420161,153954.387457,0.0,0.0,0.0,3913.11,0.0,37534.85,11.748437
2019-03-11,8,439137.394226,287021.420161,152115.974065,0.0,0.0,0.0,4662.15,0.0,38222.4,11.489006
2019-03-11,9,425788.16821,287021.420161,138766.74805,0.0,0.0,0.0,6915.74,0.0,39188.12,10.865236
2019-03-11,10,582479.11091,464802.09859,117677.01232,0.0,0.0,0.0,9642.48,0.0,39778.57,14.643038
2019-03-11,11,548667.3086,429650.516202,119016.792398,0.0,0.0,0.0,10682.36,0.0,40152.15,13.664706
2019-03-11,12,619646.248316,512073.155227,107573.093089,0.0,0.0,0.0,12414.75,0.0,40453.67,15.31743
2019-03-11,13,736825.143888,598434.171653,138390.972235,0.0,296.262568,0.0,13438.34,130.5,40315.1,18.276654
2019-03-11,14,726537.50762,577595.718755,148941.788864,0.0,736.619155,0.0,15447.18,255.5,40175.45,18.084116
2019-03-11,15,703243.583273,546349.31387,156894.269404,0.0,813.668459,0.0,16311.242479,336.487521,40067.06,17.551664
2019-03-11,16,696751.923118,548010.651549,148741.271569,0.0,491.304727,0.0,16264.42,255.5,39861.4,17.479364
2019-03-11,17,670218.799846,526346.27493,143872.524916,0.0,893.621325,0.0,15691.499133,340.090867,39699.81,16.882166
2019-03-11,18,662487.20917,523705.539329,138781.669841,0.0,1006.706852,0.0,15025.741098,243.918902,40183.66,16.486483
2019-03-11,19,631708.644974,481539.763448,150168.881526,0.0,979.762618,0.0,14103.51,42.0,40247.44,15.695623
2019-03-11,20,619215.990793,481539.763448,137676.227345,0.0,194.853764,0.0,13384.2,42.0,38966.4,15.891024
2019-03-11,21,564790.788233,492771.839088,72018.949145,0.0,0.0,0.0,13150.41,0.0,36971.33,15.276453
2019-03-11,22,254554.507342,182565.787594,71988.719748,0.0,0.0,0.0,11475.24,0.0,34459.83,7.386993
2019-03-11,23,189957.441177,117546.646285,72410.794892,0.0,0.0,0.0,10736.74,0.0,32511.36,5.842802
2019-03-12,0,177059.294667,110801.078389,66258.216278,0.0,0.0,0.0,10078.09,0.0,31284.24,5.659696
2019-03-12,1,167044.546431,105742.993753,61301.552678,0.0,0.0,0.0,9865.72,0.0,30461.43,5.483805
2019-03-12,2,164803.740245,102180.28089,62623.459355,0.0,0.0,0.0,9480.06,0.0,30139.52,5.468028
2019-03-12,3,173358.69085,107158.67839,66200.01246,0.0,0.0,0.0,9435.78,0.0,30596.51,5.665963
2019-03-12,4,262603.050998,193356.751802,69246.299196,0.0,0.0,0.0,9517.27,0.0,32134.21,8.172071
2019-03-12,5,311616.13822,220668.741576,90947.396644,0.0,0.0,0.0,9285.5,0.0,34474.96,9.038912
2019-03-12,6,331273.600326,220658.871576,110614.72875,0.0,0.0,0.0,9460.44,0.0,36380.93,9.105694
2019-03-12,7,340415.566879,220089.973302,120325.593577,0.0,0.0,0.0,10303.03,0.0,36937.82,9.215908
2019-03-12,8,531128.868144,411601.681165,119527.186979,0.0,0.0,0.0,11080.5,0.0,37596.85,14.126951
2019-03-12,9,555609.272688,415573.390586,140035.882102,0.0,362.903585,0.0,13529.47,0.0,38528.64,14.420682
2019-03-12,10,711907.264104,583697.960899,128209.303205,0.0,176.331402,0.0,14925.245708,70.724292,39129.01,18.193848
2019-03-12,11,787011.52402,638721.671229,148289.852791,0.0,885.970431,0.0,16161.55,375.8,39446.99,19.951117
2019-03-12,12,803703.92631,650832.771343,152871.154967,0.0,1692.757742,0.0,17266.548454,296.091546,39708.71,20.239991
2019-03-12,13,785243.389985,642154.201017,143089.188968,0.0,1275.231427,0.0,15769.89,130.5,39647.47,19.805637
2019-03-12,14,794128.569923,634009.948039,160118.621884,0.0,2119.998001,0.0,15586.62,130.5,39586.01,20.060839
2019-03-12,15,799647.677771,652213.369849,147434.307922,0.0,1943.877151,0.0,15108.85,130.5,39520.51,20.233739
2019-03-12,16,774577.944255,617403.973563,157173.970692,0.0,585.448282,0.0,11572.692272,8.887728,39408.27,19.655213
2019-03-12,17,755283.45198,604461.34337,150822.10861,0.0,1091.61097,0.0,12068.93,42.0,39208.26,19.263376
2019-03-12,18,777433.6353,616561.597946,160872.037353,0.0,653.034719,0.0,10555.71,42.0,39635.7,19.61448
2019-03-12,19,784246.814692,616551.727946,167695.086746,0.0,133.058871,0.0,9663.2,42.0,39816.3,19.696627
2019-03-12,20,806314.729024,655450.137552,150864.591472,0.0,308.228968,0.0,9169.94,0.0,38713.11,20.82795
2019-03-12,21,755666.44019,641374.070638,114292.369552,0.0,0.0,0.0,6234.76,0.0,36649.32,20.618839
2019-03-12,22,324710.536138,233514.558671,91195.977468,0.0,0.0,0.0,6637.21,0.0,34211.38,9.491302
2019-03-12,23,232159.461722,147643.799663,84515.662059,0.0,0.0,0.0,6826.32,0.0,32257.76,7.197011
2019-03-13,0,444746.646935,377065.169103,67681.477832,0.0,1046.142049,0.0,9830.892271,272.747729,31203.66,14.253028
2019-03-13,1,439227.883795,339606.503591,99621.380204,0.0,579.285091,0.0,10159.37,42.0,30488.89,14.406162
2019-03-13,2,336872.314308,264789.169487,72083.144821,0.0,1734.588303,0.0,14137.74,42.0,30140.1,11.176881
2019-03-13,3,320979.287904,245496.224669,75483.063235,0.0,1632.903761,0.0,14994.06,42.0,30342.2,10.578643
2019-03-13,4,372075.123449,288781.175033,83293.948416,0.0,1443.231526,0.0,14044.38,42.0,31436.12,11.835911
2019-03-13,5,411797.013673,306417.989897,105379.023776,0.0,1509.433156,0.0,13692.62,42.0,33706.15,12.217266
2019-03-13,6,465816.913706,373634.364563,92182.549144,0.0,732.241547,0.0,13825.05,0.0,35486.29,13.126673
2019-03-13,7,483743.349916,391913.129678,91830.220239,0.0,0.0,0.0,7888.61,0.0,36148.72,13.382033
2019-03-13,8,413858.078018,316866.441663,96991.636356,0.0,0.0,0.0,7708.24,0.0,37016.76,11.180289
2019-03-13,9,410273.93264,316866.441663,93407.490978,0.0,0.0,0.0,9561.16,0.0,37663.57,10.893124
2019-03-13,10,432052.323553,345228.987494,86823.336059,0.0,0.0,0.0,10371.72,0.0,38011.54,11.366346
2019-03-13,11,647062.496259,508466.107154,138596.389105,0.0,155.512749,0.0,9697.64,375.8,38109.07,16.979226
2019-03-13,12,657168.457881,483870.102271,173298.355609,0.0,3.675567,0.0,9229.48,88.5,38442.9,17.094664
2019-03-13,13,650360.33274,478837.265593,171523.067146,0.0,467.672292,0.0,10354.74,88.5,38675.17,16.815966
2019-03-13,14,635954.132077,449489.388491,186464.743585,0.0,677.804163,0.0,10319.79,88.5,38934.51,16.333945
2019-03-13,15,654138.213363,454740.770891,199397.442472,0.0,565.074163,0.0,9598.45,88.5,39084.96,16.736315
2019-03-13,16,671209.191982,474545.218528,196663.973454,0.0,65.758495,0.0,8694.12,88.5,39252.59,17.099743
2019-03-13,17,597703.190154,480341.116924,117362.07323,0.0,0.0,0.0,6990.31,0.0,39258.2,15.224926
2019-03-13,18,474282.277298,349539.934612,124742.342687,0.0,0.0,0.0,5425.49,0.0,39404.4,12.036277
2019-03-13,19,498838.363805,349536.644612,149301.719193,0.0,0.0,0.0,4057.12,0.0,39889.47,12.505515
2019-03-13,20,472323.766587,349536.644612,122787.121975,0.0,0.0,0.0,5353.22,0.0,38919.33,12.135969
2019-03-13,21,489826.81309,416162.413385,73664.399706,0.0,0.0,0.0,8766.64,0.0,37046.24,13.222039
2019-03-13,22,435396.073269,339150.86857,96245.204699,0.0,316.988011,0.0,12459.97,0.0,34793.28,12.513798
2019-03-13,23,366030.716989,269160.907741,96869.809249,0.0,1183.498372,0.0,13312.54,42.0,32965.06,11.103596
2019-03-14,0,399693.909834,317334.190749,82359.719085,0.0,1192.371575,0.0,13216.46,42.0,31662.96,12.623391
2019-03-14,1,401222.621596,310936.842852,90285.778744,0.0,473.175954,0.0,11124.76,42.0,30768.81,13.039914
2019-03-14,2,364156.562632,310936.842852,53219.71978,0.0,1613.781951,0.0,15177.4,42.0,30243.39,12.040865
2019-03-14,3,358602.607715,289828.225675,68774.38204,0.0,1536.477372,0.0,14708.02,42.0,30412.66,11.791228
2019-03-14,4,531426.646877,461758.361281,69668.285596,0.0,1429.654335,0.0,14615.62,42.0,31814.04,16.704155
2019-03-14,5,557142.1363,470929.728781,86212.407519,0.0,1481.609631,0.0,14629.48,42.0,34115.02,16.331286
2019-03-14,6,575673.813178,470923.148781,104750.664397,0.0,1509.762776,0.0,14346.69,42.0,35690.04,16.129817
2019-03-14,7,613416.15125,511244.654389,102171.496861,0.0,429.578119,0.0,12550.42,42.0,36070.15,17.006199
2019-03-14,8,745000.09638,664423.029987,80577.066393,0.0,0.0,0.0,10846.43,0.0,36654.14,20.325128
2019-03-14,9,727219.596092,654015.515773,73204.080318,0.0,0.0,0.0,11405.85,0.0,37280.56,19.50667
2019-03-14,10,816736.847535,765125.992025,51610.85551,0.0,0.0,0.0,13110.14,0.0,37560.03,21.74484
2019-03-14,11,894577.080407,780352.891546,114224.188861,0.0,1025.810478,0.0,15683.995874,270.274126,37578.63,23.805473
2019-03-14,12,877077.999687,763900.495261,113177.504426,0.0,3103.41434,0.0,18680.51,255.5,37717.88,23.25364
2019-03-14,13,809196.525193,708394.826231,100801.698962,0.0,2209.804306,0.0,18805.49,255.5,37530.33,21.561135
2019-03-14,14,798779.68348,695984.31788,102795.3656,0.0,3167.872609,0.0,19549.65,255.5,37427.59,21.342002
2019-03-14,15,849318.680626,737564.728581,111753.952044,0.0,2337.542112,0.0,17666.71,417.8,37350.44,22.739188
2019-03-14,16,865507.820333,750616.247149,114891.573184,0.0,703.7151,0.0,15030.26,255.5,37075.22,23.344644
2019-03-14,17,891807.394309,761940.640123,129866.754186,0.0,421.318524,0.0,13231.41,329.3,36617.47,24.354697
2019-03-14,18,630751.4527,553291.842307,77459.610393,0.0,0.0,0.0,11152.59,0.0,36826.41,17.127693
2019-03-14,19,598292.929599,508147.885516,90145.044083,0.0,0.0,0.0,9045.73,0.0,37716.4,15.862938
2019-03-14,20,552599.667482,463935.412316,88664.255166,0.0,0.0,0.0,8587.16,0.0,36980.8,14.94288
2019-03-14,21,395752.741441,322873.570652,72879.170789,0.0,0.0,0.0,9205.14,0.0,35348.46,11.195756
2019-03-14,22,273346.66875,201341.16265,72005.5061,0.0,0.0,0.0,9438.62,0.0,33344.86,8.197565
2019-03-14,23,211394.671415,146651.031737,64743.639678,0.0,0.0,0.0,9509.63,0.0,31851.03,6.636981
2019-03-15,0,196024.954646,135263.545489,60761.409157,0.0,0.0,0.0,9584.83,0.0,30874.22,6.349147
2019-03-15,1,179892.953397,111833.58728,68059.366118,0.0,0.0,0.0,9770.23,0.0,30434.16,5.910889
2019-03-15,2,214140.310145,156036.19048,58104.119665,0.0,0.0,0.0,10788.95,0.0,30443.82,7.03395
2019-03-15,3,301653.597301,220615.840777,81037.756524,0.0,0.0,0.0,12175.59,0.0,31164.48,9.679404
2019-03-15,4,347430.350615,234308.190197,113122.160418,0.0,14.713348,0.0,12654.37,0.0,33101.35,10.495957
2019-03-15,5,338285.288647,242249.153281,96036.135366,0.0,0.0,0.0,12794.26,0.0,35920.21,9.417687
2019-03-15,6,495453.164238,379845.890663,115607.273576,0.0,0.0,0.0,12838.48,0.0,38191.02,12.973028
2019-03-15,7,544880.64048,431139.365463,113741.275017,0.0,0.0,0.0,10552.78,0.0,39053.16,13.95228
2019-03-15,8,496721.923198,356115.197448,140606.725749,0.0,0.0,0.0,9896.11,0.0,39623.41,12.536072
2019-03-15,9,484836.115967,356115.197448,128720.918519,0.0,0.0,0.0,10982.99,0.0,39582.06,12.248885
2019-03-15,10,477444.992701,369025.957697,108419.035004,0.0,0.0,0.0,12447.74,0.0,39071.35,12.219823
2019-03-15,11,514043.273289,380827.317393,133215.955896,0.0,0.0,0.0,13107.44,375.8,38279.39,13.428722
2019-03-15,12,589713.037625,452871.386662,136841.650963,0.0,343.117669,0.0,14735.19,213.5,37605.31,15.681643
2019-03-15,13,571828.830433,441736.152472,130092.677962,0.0,509.917,0.0,15172.888841,173.481159,36778.78,15.547792
2019-03-15,14,545991.533209,412851.309206,133140.224003,0.0,700.551365,0.0,14785.8,213.5,36173.12,15.093847
2019-03-15,15,486942.400288,359564.960879,127377.439409,0.0,667.171147,0.0,13892.19,88.5,35834.0,13.588837
2019-03-15,16,493549.859632,365488.917582,128060.94205,0.0,280.715597,0.0,12447.68,88.5,35764.94,13.799824
2019-03-15,17,465645.919041,381980.810354,83665.108687,0.0,0.0,0.0,11035.7,0.0,35886.25,12.975608
2019-03-15,18,346725.456656,252020.555346,94704.90131,0.0,0.0,0.0,9164.86,0.0,36747.67,9.435305
2019-03-15,19,424290.687022,314223.886762,110066.80026,0.0,0.0,0.0,7326.21,0.0,37747.83,11.240135
2019-03-15,20,401837.021536,269354.667063,132482.354473,0.0,0.0,0.0,6263.4,0.0,37401.49,10.743877
2019-03-15,21,382354.544359,261284.376779,121070.16758,0.0,0.0,0.0,6336.06,0.0,36422.72,10.497693
2019-03-15,22,358536.654408,244841.434862,113695.219546,0.0,0.0,0.0,6169.19,0.0,35119.18,10.209141
2019-03-15,23,353232.513995,249043.764861,104188.749134,0.0,0.0,0.0,5281.51,0.0,34000.83,10.388938
2019-03-16,0,438238.858046,359729.016481,78509.841565,0.0,0.0,0.0,4746.85,0.0,33291.98,13.163496
2019-03-16,1,426065.731786,338231.599548,87834.132238,0.0,0.0,0.0,4358.93,0.0,33012.87,12.906049
2019-03-16,2,430487.808064,338231.599548,92256.208516,0.0,0.0,0.0,4092.56,0.0,33131.29,12.993391
2019-03-16,3,437139.436244,338231.599548,98907.836696,0.0,0.0,0.0,4051.01,0.0,33647.43,12.991763
2019-03-16,4,450070.146826,338231.599548,111838.547278,0.0,0.0,0.0,4170.61,0.0,34731.48,12.958565
2019-03-16,5,467234.763221,338231.599548,129003.163672,0.0,0.0,0.0,4769.42,0.0,36390.78,12.839372
2019-03-16,6,487240.011772,338231.599548,149008.412224,0.0,0.0,0.0,5542.4,0.0,38294.91,12.723362
2019-03-16,7,493840.74097,338231.599548,155609.141422,0.0,0.0,0.0,6306.77,0.0,39340.89,12.552861
2019-03-16,8,521433.186141,338231.599548,183201.586593,0.0,0.0,661.776,5064.56,0.0,39538.76,13.187899
2019-03-16,9,494621.479987,338231.599548,156389.880438,0.0,0.0,0.0,5635.64,0.0,39042.52,12.66879
2019-03-16,10,457789.712288,338231.599548,119558.11274,0.0,0.0,0.0,7067.53,0.0,38059.94,12.028125
2019-03-16,11,426502.158492,328035.978588,98466.179903,0.0,0.0,0.0,8244.9,0.0,36771.83,11.598611
2019-03-16,12,479885.205867,309510.703178,170374.502689,0.0,362.263512,0.0,9965.2,88.5,35715.96,13.436156
2019-03-16,13,449142.183459,291655.706715,157486.476744,0.0,1096.177891,0.0,11466.19,88.5,34682.96,12.949938
2019-03-16,14,443066.586031,283942.242639,159124.343391,0.0,1498.105337,0.0,11542.02,88.5,34022.85,13.022618
2019-03-16,15,444736.158521,283512.82859,161223.329931,0.0,1541.734918,0.0,11174.2,88.5,33764.85,13.171572
2019-03-16,16,454773.253918,289745.276704,165027.977215,0.0,966.583318,0.0,10193.92,88.5,33816.31,13.448341
2019-03-16,17,476224.063851,316667.134779,159556.929072,0.0,302.04213,0.0,8611.72,88.5,34072.62,13.976737
2019-03-16,18,448042.552168,348517.717122,99524.835045,0.0,0.0,0.0,6705.92,0.0,35123.74,12.756117
2019-03-16,19,467224.439947,353680.939731,113543.500216,0.0,0.0,0.0,4555.95,0.0,36170.36,12.917329
2019-03-16,20,475102.095514,353677.649731,121424.445782,0.0,0.0,0.0,3514.29,0.0,35928.1,13.223691
2019-03-16,21,464715.144164,353677.649731,111037.494433,0.0,0.0,0.0,3519.02,0.0,35078.25,13.247957
2019-03-16,22,453107.766301,353677.649731,99430.11657,0.0,0.0,0.0,3460.67,0.0,33977.34,13.335587
2019-03-16,23,446272.47688,353677.649731,92594.827148,0.0,0.0,0.0,3155.47,0.0,33021.32,13.514677
2019-03-17,0,398357.943085,300058.344307,98299.598779,0.0,0.0,0.0,2863.64,0.0,32444.86,12.277999
2019-03-17,1,386405.055506,287250.667707,99154.387798,0.0,0.0,0.0,2722.59,0.0,32173.61,12.01
2019-03-17,2,390835.581128,287250.667707,103584.91342,0.0,0.0,0.0,2461.24,0.0,32268.67,12.111921
2019-03-17,3,398174.016907,287250.667707,110923.3492,0.0,0.0,0.0,2486.5,0.0,32631.18,12.202256
2019-03-17,4,423994.038347,305593.437899,118400.600448,0.0,0.0,0.0,2821.03,0.0,33558.45,12.634494
2019-03-17,5,592482.183728,459865.379178,132616.804549,0.0,0.0,0.0,2658.78,0.0,35070.82,16.893879
2019-03-17,6,612478.21094,459859.309178,152618.901762,0.0,0.0,0.0,2603.68,0.0,36727.13,16.676452
2019-03-17,7,636157.994819,481407.182561,154750.812258,0.0,0.0,0.0,2801.83,0.0,37662.7,16.890929
2019-03-17,8,641000.583873,481400.602561,159599.981312,0.0,0.0,0.0,2133.43,0.0,37619.8,17.038915
2019-03-17,9,613139.533937,481400.602561,131738.931376,0.0,0.0,0.0,2991.03,0.0,36764.06,16.677688
2019-03-17,10,549909.692146,436990.670898,112919.021248,0.0,0.0,0.0,4404.94,0.0,35831.11,15.347269
2019-03-17,11,574059.198553,489954.713009,84104.485544,0.0,0.0,0.0,6252.43,0.0,34937.98,16.430807
2019-03-17,12,606066.790982,458104.130666,147962.660316,0.0,68.446363,0.0,8061.91,88.5,34118.6,17.76353
2019-03-17,13,586364.173673,436605.469036,149758.704637,0.0,468.930586,0.0,9456.75,130.5,33549.74,17.477458
2019-03-17,14,574045.615603,422362.586573,151683.029031,0.0,639.441273,0.0,9513.099938,88.580062,33183.25,17.299258
2019-03-17,15,583833.850652,429207.619036,154626.231616,0.0,519.711611,0.0,8960.53,130.5,33204.75,17.582841
2019-03-17,16,584802.202114,446173.060666,138629.141448,0.0,79.322919,0.0,8056.14,88.5,33550.58,17.430465
2019-03-17,17,417412.429653,327010.402413,90402.02724,0.0,0.0,0.0,7345.77,0.0,33886.98,12.317782
2019-03-17,18,373217.003897,274553.630443,98663.373453,0.0,0.0,0.0,6515.67,0.0,34948.24,10.679136
2019-03-17,19,402560.920221,287028.000161,115532.92006,0.0,0.0,0.0,6035.38,0.0,36624.95,10.991439
2019-03-17,20,402126.637133,287021.420161,115105.216973,0.0,0.0,0.0,5080.87,0.0,36154.21,11.12254
2019-03-17,21,383145.97017,287021.420161,96124.55001,0.0,0.0,0.0,5312.72,0.0,34713.64,11.037332
2019-03-17,22,347666.336606,265480.126778,82186.209828,0.0,0.0,0.0,5214.19,0.0,32664.53,10.643543
2019-03-17,23,264137.330694,183744.536572,80392.794122,0.0,0.0,0.0,5042.77,0.0,31496.58,8.386223
2019-03-18,0,245288.901401,160910.316758,84378.584643,0.0,0.0,0.0,5003.03,0.0,30925.0,7.931735
2019-03-18,1,246446.066841,167308.174655,79137.892186,0.0,0.0,0.0,5195.66,0.0,30962.14,7.959594
2019-03-18,2,271555.143946,183747.826572,87807.317375,0.0,0.0,0.0,4074.58,0.0,31391.48,8.6506
2019-03-18,3,382929.551288,287034.580161,95894.971127,0.0,0.0,0.0,3272.99,0.0,32668.67,11.721614
2019-03-18,4,540176.942208,430095.617846,110081.324362,0.0,0.0,0.0,2682.14,0.0,35471.63,15.228422
2019-03-18,5,680083.289117,531271.663702,148811.625415,0.0,0.0,0.0,1989.45,0.0,39578.55,17.183128
2019-03-18,6,710561.771403,531265.593702,179296.1777,0.0,0.0,0.0,1732.77,0.0,41722.7,17.03058
2019-03-18,7,700351.681317,531265.593702,169086.087615,0.0,0.0,0.0,2035.49,0.0,41399.51,16.916908
2019-03-18,8,688191.156053,531265.593702,156925.562351,0.0,0.0,0.0,1847.41,0.0,40543.25,16.974247
2019-03-18,9,653928.892406,531265.593702,122663.298704,0.0,0.0,0.0,3243.06,0.0,39346.17,16.619887
2019-03-18,10,533805.503874,415704.807463,118100.696411,0.0,0.0,0.0,4766.77,0.0,38133.09,13.998485
2019-03-18,11,477126.433738,372610.302601,104516.131137,0.0,0.0,0.0,6379.89,0.0,37127.42,12.851053
2019-03-18,12,609420.943442,491606.826245,117814.117197,0.0,0.0,0.0,7795.842668,268.957332,36730.82,16.591542
2019-03-18,13,622643.652574,468869.620836,153774.031737,0.0,19.445972,0.0,8995.210669,110.139331,36275.46,17.164321
2019-03-18,14,602562.33203,446002.827973,156559.504057,0.0,239.59216,0.0,9633.56,130.5,35869.61,16.798686
2019-03-18,15,572399.048616,416859.196883,155539.851734,0.0,201.266925,0.0,10191.35,130.5,35851.94,15.965637
2019-03-18,16,545568.261852,430744.034372,114824.227479,0.0,0.0,0.0,10408.95,0.0,36056.72,15.130834
2019-03-18,17,421633.243969,310685.779384,110947.464585,0.0,0.0,0.0,10072.75,0.0,36193.96,11.649271
2019-03-18,18,427653.921373,299039.196578,128614.724795,0.0,0.0,0.0,9705.78,0.0,36873.11,11.597989
2019-03-18,19,463357.397669,313666.435427,149690.962241,0.0,0.0,0.0,9520.65,0.0,38079.24,12.168242
2019-03-18,20,428355.347848,316151.613424,112203.734423,0.0,0.0,0.0,7913.07,0.0,37066.07,11.556535
2019-03-18,21,362338.679007,271935.850224,90402.828783,0.0,0.0,0.0,7238.78,0.0,34812.58,10.408268
2019-03-18,22,323433.106012,243490.062252,79943.043759,0.0,0.0,0.0,6347.0,0.0,32481.64,9.957413
2019-03-18,23,233932.521687,156612.103438,77320.418249,0.0,0.0,0.0,5988.86,0.0,30887.98,7.573578
2019-03-19,0,219382.006256,142343.687003,77038.319253,0.0,0.0,0.0,5819.8,0.0,30196.92,7.265046
2019-03-19,1,214256.047968,135009.107127,79246.940841,0.0,0.0,0.0,5837.3,0.0,30016.66,7.137904
2019-03-19,2,220807.784133,135866.622537,84941.161596,0.0,0.0,0.0,5483.59,0.0,30345.87,7.27637
2019-03-19,3,253476.045621,162108.762046,91367.283575,0.0,0.0,180.389,5173.85,0.0,31350.69,8.085182
2019-03-19,4,312232.962788,212020.282146,100212.680642,0.0,0.0,0.0,4961.72,0.0,33779.87,9.243167
2019-03-19,5,441908.576012,305756.539434,136152.036578,0.0,0.0,0.0,4915.28,0.0,37730.08,11.712368
2019-03-19,6,469168.806974,305746.669434,163422.137541,0.0,0.0,0.0,4923.88,0.0,39696.01,11.819042
2019-03-19,7,460531.785071,305746.669434,154785.115638,0.0,0.0,0.0,4923.24,0.0,39199.67,11.748359
2019-03-19,8,448603.623182,305746.669434,142856.953748,0.0,0.0,0.0,5105.32,0.0,38484.74,11.656662
2019-03-19,9,557574.202975,429523.993771,128050.209205,0.0,0.0,0.0,6767.63,0.0,37940.83,14.695888
2019-03-19,10,643353.267561,546532.578012,96820.689549,0.0,0.0,0.0,8331.8,0.0,37339.52,17.229822
2019-03-19,11,676569.333529,532117.812704,144451.520825,0.0,499.416979,0.0,11345.14,262.3,36775.23,18.39742
2019-03-19,12,680792.645449,538936.186036,141856.459413,0.0,2228.907595,0.0,14908.92,130.5,36459.06,18.672798
2019-03-19,13,666443.47264,532263.606822,134179.865818,0.0,1974.53898,0.0,15694.94,255.5,36146.47,18.437304
2019-03-19,14,703528.945052,573573.212264,129955.732788,0.0,2394.909404,0.0,16173.84,255.5,36039.43,19.52109
2019-03-19,15,723926.011212,595596.06003,128329.951182,0.0,2159.389349,0.0,15954.42,255.5,36025.4,20.094878
2019-03-19,16,649244.714111,519449.766378,129794.947733,0.0,1075.507189,0.0,15239.39,255.5,36043.52,18.0128
2019-03-19,17,630008.871584,504343.255888,125665.615696,0.0,1008.779318,0.0,14339.859946,204.200054,36030.7,17.485335
2019-03-19,18,622746.804048,498541.256831,124205.547217,0.0,600.668451,0.0,13077.43,262.3,36593.55,17.017939
2019-03-19,19,619584.828486,476983.513448,142601.315037,0.0,282.991717,0.0,11765.89,42.0,37701.88,16.433791
2019-03-19,20,628980.68966,501207.435448,127773.254211,0.0,188.921992,0.0,11249.68,42.0,36737.21,17.121079
2019-03-19,21,446687.279291,375260.911126,71426.368165,0.0,0.0,0.0,9356.85,0.0,34452.82,12.965188
2019-03-19,22,238169.357924,156558.888778,81610.469146,0.0,0.0,0.0,6772.83,0.0,32194.42,7.397846
2019-03-19,23,204762.113876,137983.805787,66778.308089,0.0,0.0,0.0,7516.81,0.0,30571.52,6.697806
2019-03-20,0,176480.167697,116133.765889,60346.401808,0.0,0.0,0.0,8392.51,0.0,29684.6,5.945176
2019-03-20,1,162066.615264,106372.740889,55693.874376,0.0,0.0,0.0,9468.17,0.0,29405.09,5.511516
2019-03-20,2,187794.572728,124476.868478,63317.704251,0.0,0.0,0.0,7416.27,0.0,29499.83,6.365954
2019-03-20,3,227869.007542,147793.907338,80075.100204,0.0,0.0,0.0,5802.98,0.0,30384.86,7.499426
2019-03-20,4,332271.951963,236581.957262,95689.994701,0.0,0.0,0.0,4585.27,0.0,32712.01,10.157491
2019-03-20,5,468296.158695,337726.44455,130569.714145,0.0,0.0,0.0,3442.35,0.0,36437.52,12.852032
2019-03-20,6,500936.30843,337713.28455,163223.023879,0.0,0.0,0.0,2814.43,0.0,38199.83,13.113574
2019-03-20,7,500607.660188,337713.28455,162894.375638,0.0,0.0,0.0,2411.36,0.0,37723.59,13.270414
2019-03-20,8,501900.529265,337713.28455,164187.244715,0.0,0.0,0.0,1997.22,0.0,37364.18,13.432665
2019-03-20,9,474375.759625,337713.28455,136662.475075,0.0,0.0,0.0,3315.62,0.0,37039.34,12.807349
2019-03-20,10,442102.075255,322532.400601,119569.674654,0.0,0.0,0.0,4962.24,0.0,36687.52,12.050476
2019-03-20,11,491833.919391,392163.128251,99670.791139,0.0,0.0,0.0,6468.74,0.0,36477.05,13.48338
2019-03-20,12,550174.236388,368330.877416,181843.358972,0.0,141.693259,0.0,8017.28,88.5,36472.29,15.084719
2019-03-20,13,530391.994073,350468.060875,179923.933198,0.0,564.699305,0.0,9153.37,88.5,36389.96,14.575229
2019-03-20,14,521305.475589,345405.252832,175900.222758,0.0,839.398161,0.0,9818.59,88.5,36317.78,14.354002
2019-03-20,15,520069.427681,344365.380031,175704.04765,0.0,816.139604,0.0,10245.69,88.5,36595.15,14.21143
2019-03-20,16,495791.65698,332282.533866,163509.123115,0.0,422.245301,0.0,10739.92,88.5,36814.76,13.467198
2019-03-20,17,422801.440847,317214.856668,105586.584179,0.0,0.0,0.0,8580.2,0.0,36723.18,11.513203
2019-03-20,18,406847.037626,288952.140302,117894.897324,0.0,0.0,0.0,6361.48,0.0,37142.66,10.953632
2019-03-20,19,470091.156234,317030.398958,153060.757275,0.0,0.0,0.0,4093.9,0.0,38197.11,12.306982
2019-03-20,20,477104.689864,317023.818958,160080.870906,0.0,0.0,0.0,2794.4,0.0,37264.93,12.803048
2019-03-20,21,422934.255924,296210.64741,126723.608514,0.0,0.0,0.0,2853.07,0.0,34961.42,12.09717
2019-03-20,22,315769.210498,208391.962796,107377.247703,0.0,0.0,0.0,2853.85,0.0,32474.95,9.72347
2019-03-20,23,281598.449541,183212.114095,98386.335446,0.0,0.0,0.0,2652.22,0.0,30780.12,9.148712
2019-03-21,0,265674.116198,178222.485745,87451.630453,0.0,0.0,0.0,2947.04,0.0,29886.27,8.889504
2019-03-21,1,231112.934348,146918.490512,84194.443836,0.0,0.0,0.0,4162.55,0.0,29567.77,7.81638
2019-03-21,2,247913.606605,157186.047696,90727.558909,0.0,0.0,0.0,3048.65,0.0,29627.63,8.367649
2019-03-21,3,275447.79202,174029.466846,101418.325174,0.0,0.0,0.0,2619.94,0.0,30416.43,9.055888
2019-03-21,4,381147.786592,272845.007519,108302.779074,0.0,0.0,0.0,2643.96,0.0,32770.53,11.630809
2019-03-21,5,497843.625359,356458.554031,141385.071328,0.0,0.0,0.0,2286.16,0.0,36604.16,13.600739
2019-03-21,6,529340.287538,356448.684031,172891.603506,0.0,0.0,0.0,2085.98,0.0,38456.63,13.764604
2019-03-21,7,516174.171351,356448.684031,159725.487319,0.0,0.0,0.0,2052.63,0.0,37817.81,13.64897
2019-03-21,8,478803.327871,312249.370831,166553.95704,0.0,0.0,0.0,1637.9,0.0,37234.12,12.859263
2019-03-21,9,452276.409437,312249.370831,140027.038605,0.0,0.0,0.0,2972.45,0.0,36859.58,12.270254
2019-03-21,10,402326.637409,272829.067519,129497.56989,0.0,0.0,0.0,4247.53,0.0,36624.36,10.98522
2019-03-21,11,440745.95245,331389.051176,109356.901274,0.0,0.0,0.0,5748.38,0.0,36520.37,12.068496
2019-03-21,12,424993.25219,316389.163,108604.08919,0.0,0.0,0.0,7175.92,0.0,36755.1,11.562838
2019-03-21,13,455195.917856,342611.165802,112584.752054,0.0,0.0,0.0,7495.89,0.0,37107.08,12.267091
2019-03-21,14,535875.378504,404654.366275,131221.012229,0.0,0.0,0.0,7779.69,58.0,37532.74,14.277545
2019-03-21,15,608862.048957,421491.484709,187370.564247,0.0,5.048597,0.0,7933.27,88.5,38035.7,16.007647
2019-03-21,16,567100.292983,436778.506822,130321.786161,0.0,279.195566,0.0,8216.71,58.0,38113.74,14.879156
2019-03-21,17,451854.240311,309613.226017,142241.014294,0.0,0.0,0.0,7375.82,58.0,37596.55,12.018503
2019-03-21,18,426649.151511,302725.316682,123923.834829,0.0,0.0,0.0,6312.63,0.0,37548.54,11.362603
2019-03-21,19,445753.452629,302708.866682,143044.585947,0.0,0.0,0.0,5203.02,0.0,38335.8,11.627603
2019-03-21,20,437355.413207,302708.866682,134646.546525,0.0,0.0,0.0,4346.34,0.0,36944.37,11.838215
2019-03-21,21,367376.612963,267502.32137,99874.291593,0.0,0.0,0.0,5158.07,0.0,34412.4,10.675704
2019-03-21,22,244663.599189,171055.453087,73608.146102,0.0,0.0,0.0,6565.1,0.0,31744.49,7.707278
2019-03-21,23,202113.62265,128611.425607,73502.197043,0.0,0.0,0.0,6358.16,0.0,29930.89,6.752677
2019-03-22,0,194779.947907,128611.425607,66168.522301,0.0,0.0,0.0,6142.55,0.0,28954.37,6.727135
2019-03-22,1,186608.459551,121339.758498,65268.701053,0.0,0.0,0.0,5956.4,0.0,28426.1,6.564687
2019-03-22,2,192538.139029,127737.616395,64800.522634,0.0,0.0,0.0,5524.62,0.0,28400.15,6.779476
2019-03-22,3,212461.993508,143196.378396,69265.615111,0.0,0.0,0.0,5277.32,0.0,29166.16,7.284538
2019-03-22,4,658768.837734,595570.418348,63198.419386,0.0,0.0,0.0,5108.2,0.0,31315.78,21.036322
2019-03-22,5,717330.223166,623814.793922,93515.429245,0.0,0.0,0.0,4692.61,0.0,34991.8,20.499952
2019-03-22,6,794651.037105,682854.722045,111796.31506,0.0,0.0,0.0,4366.28,0.0,36876.75,21.548836
2019-03-22,7,793113.378806,682848.652045,110264.726761,0.0,0.0,0.0,4075.32,0.0,36672.37,21.627001
2019-03-22,8,790447.869573,682848.652045,107599.217527,0.0,0.0,0.0,4262.95,0.0,36634.41,21.576651
2019-03-22,9,772046.742584,682848.652045,89198.090539,0.0,0.0,0.0,6214.12,0.0,36706.72,21.032845
2019-03-22,10,796515.473323,724605.26678,71910.206542,0.0,0.0,0.0,8244.5,0.0,36838.12,21.622045
2019-03-22,11,909612.170038,788098.76461,121513.405429,0.0,94.403473,0.0,12753.45,417.8,36988.87,24.59151
2019-03-22,12,874422.845188,750112.612364,124310.232824,0.0,2138.194157,0.0,16756.62,417.8,37500.97,23.317339
2019-03-22,13,855757.95294,749161.508582,106596.444358,0.0,2406.403913,0.0,18806.539222,256.270778,37854.99,22.606213
2019-03-22,14,860467.715917,749151.638582,111316.077335,0.0,3034.551665,0.0,19260.87,255.5,38192.73,22.529621
2019-03-22,15,865108.353047,748513.303661,116595.049387,0.0,2885.04609,0.0,18964.44327,322.26673,38441.0,22.504835
2019-03-22,16,862553.292239,754107.258416,108446.033823,0.0,1900.254385,0.0,18000.705136,300.524864,38217.64,22.569507
2019-03-22,17,870331.716597,754437.820088,115893.896509,0.0,1778.267376,0.0,16911.31,417.8,37449.03,23.240434
2019-03-22,18,831487.531559,734593.954526,96893.577033,0.0,1123.900057,0.0,15451.77,417.8,37080.85,22.423637
2019-03-22,19,758890.041584,662738.52587,96151.515714,0.0,854.378584,0.0,14200.63,42.0,37350.67,20.317977
2019-03-22,20,715133.539489,629489.601946,85643.937544,0.0,1225.388794,0.0,14976.47,42.0,36219.82,19.74426
2019-03-22,21,680720.777906,613037.332845,67683.445061,0.0,1635.956385,0.0,16832.77,42.0,34560.95,19.69624
2019-03-22,22,634702.941133,580003.02024,54699.920893,0.0,1654.342107,0.0,17805.73,42.0,32521.67,19.516308
2019-03-22,23,611196.176561,563433.784212,47762.392349,0.0,1668.732504,0.0,17682.34,42.0,30607.57,19.968791
2019-03-23,0,351746.651603,293611.086132,58135.565471,0.0,1670.389286,0.0,17323.55,42.0,29284.74,12.011261
2019-03-23,1,411391.820074,360674.74671,50717.073364,0.0,1534.006432,0.0,16728.68,42.0,28395.3,14.488025
2019-03-23,2,414056.031388,362707.827108,51348.20428,0.0,1364.861377,0.0,15912.3,42.0,28093.69,14.7384
2019-03-23,3,354539.724232,290201.297991,64338.426241,0.0,1158.973571,0.0,14975.7,42.0,28125.47,12.605646
2019-03-23,4,435240.009556,370252.693218,64987.316338,0.0,999.109449,29.224449,14124.32,42.0,28667.85,15.182164
2019-03-23,5,457184.006628,381548.2613,75635.745328,0.0,929.924902,0.0,13731.8,42.0,29846.91,15.317633
2019-03-23,6,345241.531507,249224.272996,96017.258511,0.0,304.625733,0.0,12819.51,42.0,31110.99,11.097092
2019-03-23,7,327610.202775,264887.581923,62722.620852,0.0,0.0,0.0,11660.11,0.0,32275.82,10.150329
2019-03-23,8,356291.652633,276731.502722,79560.149911,0.0,0.0,0.0,11896.3,0.0,33643.7,10.590145
2019-03-23,9,384269.051621,273293.143954,110975.907667,0.0,294.759351,0.0,13545.91,0.0,34667.66,11.084367
2019-03-23,10,416412.097339,313721.249223,102690.848115,0.0,59.637345,0.0,14540.75,58.0,35256.91,11.810794
2019-03-23,11,472759.257889,345848.291288,126910.966601,0.0,105.640116,0.0,14636.29,375.8,35431.3,13.342984
2019-03-23,12,644596.532983,524445.561026,120150.971957,0.0,821.506752,0.0,15584.639255,137.280745,35359.48,18.229808
2019-03-23,13,620431.848763,489699.164686,130732.684077,0.0,1599.884969,0.0,17161.07,255.5,35165.95,17.642971
2019-03-23,14,628136.912262,501754.229961,126382.682301,0.0,2015.455403,0.0,17645.95,255.5,35183.03,17.853406
2019-03-23,15,632128.721814,509363.430689,122765.291125,0.0,2024.331382,0.0,17587.93,255.5,35267.5,17.923831
2019-03-23,16,611050.980342,489863.737121,121187.243221,0.0,1341.815128,0.0,16845.422074,190.877926,35173.94,17.372264
2019-03-23,17,647448.019544,521552.315167,125895.704377,0.0,306.108713,0.0,14327.2681,220.2619,35139.66,18.424994
2019-03-23,18,549190.007738,478650.980863,70539.026875,0.0,0.0,0.0,11548.27,0.0,35366.33,15.528612
2019-03-23,19,440242.626587,345486.801971,94755.824617,0.0,0.0,0.0,8941.99,0.0,35862.21,12.275948
2019-03-23,20,427187.375618,323942.218588,103245.15703,0.0,0.0,0.0,8024.61,0.0,35199.3,12.136246
2019-03-23,21,404410.164819,323942.218588,80467.946231,0.0,0.0,0.0,8924.72,0.0,33786.94,11.969423
2019-03-23,22,360940.843796,294707.559999,66233.283797,0.0,0.0,0.0,9828.46,0.0,31989.61,11.283065
2019-03-23,23,336698.918729,280390.284999,56308.63373,0.0,0.0,0.0,9861.57,0.0,30270.98,11.122828
2019-03-24,0,327965.506552,281060.191498,46905.315053,0.0,0.0,0.0,9719.22,0.0,29166.87,11.244453
2019-03-24,1,136307.033726,86573.174426,49733.8593,0.0,0.0,0.0,9701.55,0.0,28393.03,4.800722
2019-03-24,2,133637.355735,86573.174426,47064.181309,0.0,0.0,0.0,9447.31,0.0,27895.66,4.790615
2019-03-24,3,131276.510276,83030.199433,48246.310843,0.0,0.0,0.0,9325.68,0.0,27741.15,4.732194
2019-03-24,4,139947.282801,91831.136825,48116.145976,0.0,0.0,0.0,9156.11,0.0,28032.22,4.992372
2019-03-24,5,154159.451242,96809.534326,57349.916915,0.0,0.0,0.0,8437.74,0.0,28663.16,5.378313
2019-03-24,6,179909.979371,113782.913787,66127.065584,0.0,0.0,253.652,7789.39,0.0,29577.62,6.082639
2019-03-24,7,205444.623229,124696.665977,80747.957251,0.0,0.0,338.675,7236.44,0.0,30919.85,6.644425
2019-03-24,8,225575.135761,136547.166777,89027.968985,0.0,0.0,276.938,8192.13,0.0,32664.88,6.905739
2019-03-24,9,237811.77437,134676.956054,103134.818316,9.007172,0.0,293.310828,10435.7,58.0,33991.58,6.996197
2019-03-24,10,273079.678269,175989.271029,97090.40724,0.0,0.0,380.147741,12147.09,0.0,35002.04,7.801822
2019-03-24,11,356792.43153,279751.300589,77041.130941,0.0,0.0,0.0,13366.17,0.0,35846.82,9.953252
2019-03-24,12,427906.466898,294320.382898,133586.084,0.0,655.516759,0.0,14496.778744,105.621256,36687.26,11.663626
2019-03-24,13,496043.03851,346502.207045,149540.831464,0.0,1447.002678,0.0,15885.0,255.5,37586.22,13.197471
2019-03-24,14,518210.308268,356609.986312,161600.321956,0.0,1452.774794,0.0,15501.63,255.5,38572.47,13.434719
2019-03-24,15,550254.129534,375862.174149,174391.955385,0.0,1279.389846,0.0,14561.56,225.0,39332.91,13.989662
2019-03-24,16,552796.118257,371948.840206,180847.278052,0.0,756.955021,0.0,13697.203021,120.466979,39994.88,13.821672
2019-03-24,17,556125.413634,374201.870979,181923.542655,0.0,169.374578,0.0,11852.66,88.5,40017.01,13.897226
2019-03-24,18,505795.566297,395633.884613,110161.681684,0.0,0.0,0.0,10075.68,0.0,39742.51,12.726815
2019-03-24,19,477880.378581,342575.563752,135304.81483,0.0,0.0,0.0,8105.12,0.0,40715.67,11.737014
2019-03-24,20,502161.212629,373970.490352,128190.722276,0.0,0.0,0.0,6721.35,0.0,39565.27,12.69197
2019-03-24,21,403542.331211,298949.612337,104592.718873,0.0,0.0,0.0,6885.71,0.0,36968.96,10.915707
2019-03-24,22,292116.779952,210722.682747,81394.097204,0.0,0.0,0.0,8198.72,0.0,33838.48,8.63268
2019-03-24,23,243019.210356,167757.86746,75261.342896,0.0,0.0,0.0,7889.28,0.0,31412.87,7.736294
2019-03-25,0,230954.968621,162768.23911,68186.729511,0.0,0.0,0.0,7317.98,0.0,29948.58,7.711717
2019-03-25,1,221855.76023,155300.557509,66555.202721,0.0,0.0,0.0,7114.59,0.0,29025.77,7.643407
2019-03-25,2,234112.222186,166255.035405,67857.18678,0.0,0.0,0.0,5753.15,0.0,28696.66,8.15817
2019-03-25,3,242582.385115,166245.165405,76337.21971,0.0,0.0,0.0,5169.83,0.0,29199.82,8.307667
2019-03-25,4,295270.511751,220080.988781,75189.52297,0.0,0.0,0.0,5444.88,0.0,31128.76,9.485457
2019-03-25,5,364325.373428,260187.495154,104137.878273,0.0,0.0,0.0,4838.06,0.0,34591.0,10.532375
2019-03-25,6,380811.203984,260174.335154,120636.86883,0.0,0.0,0.0,4747.28,0.0,36237.37,10.508798
2019-03-25,7,378723.795051,260174.335154,118549.459897,0.0,0.0,0.0,4989.32,0.0,36263.99,10.443522
2019-03-25,8,662620.369303,572101.226157,90519.143145,0.0,0.0,0.0,6132.37,0.0,36318.85,18.244531
2019-03-25,9,692373.022147,556642.508816,135730.513331,0.0,37.560214,0.0,9103.92,42.0,37129.91,18.647312
2019-03-25,10,662627.430239,550319.737069,112307.69317,0.0,0.0,0.0,11197.67,0.0,37885.01,17.490491
2019-03-25,11,770039.179547,623353.665983,146685.513564,0.0,657.717692,0.0,12918.87,417.8,38743.97,19.875072
2019-03-25,12,761021.409812,604132.515207,156888.894605,0.0,1273.197421,0.0,14273.55,255.5,39722.96,19.158225
2019-03-25,13,767639.929766,609889.312908,157750.616858,0.0,1178.838512,0.0,15197.01,255.5,40655.23,18.881702
2019-03-25,14,769559.297654,610975.231309,158584.066345,0.0,1761.835763,0.0,16013.373196,370.896804,41492.3,18.547039
2019-03-25,15,781993.43951,612257.898364,169735.541146,0.0,1752.36385,0.0,15952.8,387.3,42323.08,18.476761
2019-03-25,16,774944.798971,612344.985208,162599.813762,0.0,1019.70313,0.0,15504.858159,408.081841,42466.13,18.248538
2019-03-25,17,780605.053989,617684.654924,162920.399065,0.0,529.903846,0.0,14656.06,255.5,41968.77,18.599665
2019-03-25,18,753072.442378,656835.071964,96237.370414,0.0,0.0,0.0,13494.66,58.0,41151.99,18.299782
2019-03-25,19,635386.670444,538615.610519,96771.059925,0.0,0.0,0.0,11443.76,0.0,41385.25,15.352974
2019-03-25,20,532875.724089,434441.997356,98433.726733,0.0,0.0,0.0,10140.75,0.0,39597.11,13.45744
2019-03-25,21,509334.186656,434432.127356,74902.059299,0.0,0.0,0.0,9074.85,0.0,36638.56,13.901589
2019-03-25,22,245596.08103,170285.423912,75310.657119,0.0,0.0,0.0,7939.72,0.0,33326.64,7.369362
2019-03-25,23,203025.626805,134634.643737,68390.983068,0.0,0.0,0.0,7589.04,0.0,31061.73,6.536198
2019-03-26,0,187037.209905,123250.44749,63786.762415,0.0,0.0,0.0,7104.71,0.0,29561.36,6.327084
2019-03-26,1,174084.634936,111152.078388,62932.556547,0.0,0.0,0.0,6882.2,0.0,28672.17,6.071554
2019-03-26,2,172141.503853,111152.078388,60989.425465,0.0,0.0,0.0,6783.26,0.0,28377.25,6.06618
2019-03-26,3,173397.671862,111152.078388,62245.593474,0.0,0.0,0.0,7184.34,0.0,28843.07,6.011762
2019-03-26,4,209964.12025,142989.884138,66974.236112,0.0,0.0,0.0,7609.55,0.0,30585.59,6.864805
2019-03-26,5,327860.624542,229851.392952,98009.231589,0.0,0.0,473.68,6684.07,0.0,33854.9,9.684289
2019-03-26,6,346000.618569,229844.812952,116155.805617,0.0,0.0,613.088,6254.23,0.0,35243.38,9.817464
2019-03-26,7,352017.314384,245309.591927,106707.722457,0.0,0.0,0.0,6380.29,0.0,35073.83,10.036466
2019-03-26,8,353945.408513,245303.011927,108642.396586,0.0,0.0,56.327,6545.49,0.0,35327.87,10.018872
2019-03-26,9,325589.459221,221924.212036,103665.247185,0.0,0.0,0.0,7858.74,0.0,35639.98,9.135512
2019-03-26,10,474654.178218,398849.866499,75804.311719,0.0,0.0,0.0,9900.78,0.0,36083.84,13.154204
2019-03-26,11,540954.987464,447711.833463,93243.154001,0.0,0.0,0.0,11516.75,220.3,36390.31,14.865358
2019-03-26,12,704900.647035,569389.133335,135511.5137,0.0,321.530823,0.0,13426.994677,166.245323,36971.49,19.06606
2019-03-26,13,698539.469895,551559.450717,146980.019178,0.0,1614.532118,0.0,15951.71,255.5,37641.98,18.557458
2019-03-26,14,696916.67015,541040.811975,155875.858175,0.0,1641.149788,0.0,16460.66,255.5,38319.73,18.186889
2019-03-26,15,738532.557743,582248.564325,156283.993418,0.0,1717.631997,0.0,16516.815683,403.994317,39171.13,18.854002
2019-03-26,16,711839.673021,554377.714142,157461.958879,0.0,1314.041933,0.0,16459.83,255.5,39482.21,18.029378
2019-03-26,17,713847.626792,559892.315868,153955.310923,0.0,1334.136553,0.0,15863.57,130.5,39062.12,18.274677
2019-03-26,18,662746.916371,517944.604679,144802.311692,0.0,1228.064455,0.0,14835.42127,235.54873,38675.65,17.136025
2019-03-26,19,646567.640074,500170.930405,146396.709669,0.0,1132.534074,0.0,13684.87,42.0,39336.2,16.436962
2019-03-26,20,609163.191876,478626.347023,130536.844854,0.0,1010.003638,0.0,13894.09,42.0,37829.6,16.102819
2019-03-26,21,566089.809178,454109.918359,111979.890819,0.0,822.354792,0.0,13908.99,42.0,35196.36,16.08376
2019-03-26,22,398143.208836,294101.364552,104041.844284,0.0,305.196068,0.0,12711.28,42.0,32631.15,12.201323
2019-03-26,23,377866.171581,286138.637088,91727.534493,0.0,361.13327,0.0,12620.51,42.0,30543.41,12.371447
2019-03-27,0,360220.017143,270625.574422,89594.442721,0.0,419.112769,0.0,12476.3,42.0,29352.35,12.272272
2019-03-27,1,355004.577744,267518.917221,87485.660523,0.0,452.960201,0.0,12388.75,42.0,28714.88,12.363088
2019-03-27,2,370233.126111,282440.590119,87792.535992,0.0,218.286664,0.0,11359.29,42.0,28521.72,12.980743
2019-03-27,3,368843.913757,313340.93983,55502.973927,0.0,0.0,0.0,9949.73,0.0,29063.5,12.690967
2019-03-27,4,302119.012125,228640.071109,73478.941016,0.0,0.0,205.187,8272.61,0.0,31125.67,9.706426
2019-03-27,5,349238.536003,248803.042309,100435.493694,0.0,0.0,107.335,8134.84,0.0,34653.25,10.078089
2019-03-27,6,361420.843596,254010.568935,107410.274661,0.0,0.0,139.224,8024.93,0.0,35845.74,10.082672
2019-03-27,7,465983.121845,373227.47015,92755.651696,0.0,0.0,0.0,7910.22,0.0,35585.38,13.094791
2019-03-27,8,489287.585682,358404.059944,130883.525738,0.0,42.792767,0.0,11380.25,0.0,35959.58,13.606599
2019-03-27,9,470159.642162,353060.890073,117098.752088,0.0,1370.332076,0.0,15256.14,42.0,36428.73,12.906287
2019-03-27,10,619501.229758,517693.386682,101807.843075,0.0,752.132395,0.0,16024.2,387.3,36662.48,16.897417
2019-03-27,11,644427.82268,504487.395659,139940.427021,0.0,1829.092419,0.0,17842.861385,168.108615,36862.67,17.481854
2019-03-27,12,652746.342449,514111.178957,138635.163492,0.0,2787.465724,0.0,18870.621461,264.908539,37304.76,17.497669
2019-03-27,13,642721.541692,514962.073056,127759.468636,0.0,2437.697358,0.0,19210.05,255.5,37920.38,16.949238
2019-03-27,14,643516.82614,507570.387425,135946.438716,0.0,3076.620533,0.0,19685.77,255.5,38483.93,16.721702
2019-03-27,15,654872.201978,509493.276902,145378.925077,0.0,2917.416996,0.0,19355.473971,327.896029,39130.3,16.735681
2019-03-27,16,662136.861147,515063.728382,147073.132764,0.0,1968.974847,0.0,18344.53,255.5,39370.68,16.818019
2019-03-27,17,662588.812343,516799.558015,145789.254328,0.0,1922.053479,0.0,17437.36,255.5,38906.9,17.030111
2019-03-27,18,639690.957747,514216.065456,125474.892292,0.0,1396.713411,0.0,16121.22,100.0,38501.69,16.61462
2019-03-27,19,629148.305968,492843.681832,136304.624136,0.0,1105.571641,0.0,14367.34,42.0,39270.64,16.020831
2019-03-27,20,596017.05986,477382.192858,118634.867003,0.0,1213.936105,0.0,15058.46,42.0,38013.73,15.678994
2019-03-27,21,546989.513064,459091.60586,87897.907204,0.0,1678.277111,0.0,17093.48,42.0,35314.06,15.489284
2019-03-27,22,315011.055046,237968.13408,77042.920966,0.0,1729.207566,0.0,18309.49,42.0,32506.62,9.690674
2019-03-27,23,288102.847188,220653.335025,67449.512163,0.0,1752.645853,0.0,18297.73,42.0,30349.86,9.492724
2019-03-28,0,419792.362244,365802.101815,53990.26043,0.0,1763.972302,0.0,17912.18,100.0,29140.28,14.405914
2019-03-28,1,420631.551025,366970.701427,53660.849598,0.0,1671.472948,0.0,17322.383968,154.686032,28501.57,14.758189
2019-03-28,2,423709.866946,369658.010807,54051.856139,0.0,1704.516264,0.0,16765.595944,177.544056,28221.21,15.01388
2019-03-28,3,433245.162863,374501.702694,58743.460169,0.0,1310.28986,0.0,16012.705546,104.704454,28783.66,15.051775
2019-03-28,4,471883.103741,408364.401699,63518.702042,0.0,906.253765,0.0,15188.0,100.0,30659.27,15.391205
2019-03-28,5,511550.291364,429614.332237,81935.959127,0.0,779.31191,0.0,14999.68,42.0,33863.7,15.106155
2019-03-28,6,524121.227626,429597.882237,94523.345389,0.0,622.640625,0.0,14605.19,0.0,35429.99,14.793152
2019-03-28,7,527254.610567,429597.882237,97656.72833,0.0,362.108326,0.0,13858.35,0.0,35325.96,14.925415
2019-03-28,8,535305.650901,435007.892236,100297.758665,0.0,843.40722,0.0,14038.48,0.0,35889.45,14.915404
2019-03-28,9,548593.086657,450469.38121,98123.705447,0.0,1591.575088,0.0,15273.6,58.0,36294.19,15.115176
2019-03-28,10,740455.512714,647111.715883,93343.796831,0.0,649.832596,0.0,15122.6,387.3,36626.52,20.216376
2019-03-28,11,803054.814072,697586.86452,105467.949552,0.0,1565.207126,0.0,16271.16,417.8,36983.96,21.713597
2019-03-28,12,823149.593818,721342.308871,101807.284947,0.0,1785.349463,0.0,17194.224588,243.685412,37688.44,21.840904
2019-03-28,13,836003.310431,720490.344643,115512.965788,0.0,1031.444146,0.0,17339.79,255.5,38197.73,21.886204
2019-03-28,14,839350.069954,720487.054643,118863.015311,0.0,1487.891698,0.0,17544.73,255.5,38729.59,21.672062
2019-03-28,15,807322.480244,695502.689917,111819.790328,0.0,1307.072932,0.0,17214.275644,141.144356,39323.81,20.530119
2019-03-28,16,775038.849754,666780.950369,108257.899385,0.0,799.226259,0.0,15750.63468,358.56532,39378.23,19.681912
2019-03-28,17,609750.626325,478848.81265,130901.813676,0.0,1310.453765,0.0,15319.39,42.0,38776.57,15.724718
2019-03-28,18,612485.733169,484103.485049,128382.24812,0.0,1021.256637,0.0,14388.86,42.0,38596.67,15.868875
2019-03-28,19,627686.431694,484100.195049,143586.236645,0.0,776.910913,0.0,13609.38,42.0,39438.95,15.915394
2019-03-28,20,608978.326268,484100.195049,124878.13122,0.0,797.765832,0.0,14289.26,42.0,38315.49,15.893789
2019-03-28,21,563827.480375,465486.173757,98341.306618,0.0,1056.750357,0.0,16080.33,42.0,35947.85,15.684595
2019-03-28,22,381371.375956,303243.810287,78127.565669,0.0,1016.575322,0.0,17100.72,42.0,33084.74,11.527108
2019-03-28,23,343881.297223,277133.740634,66747.556589,0.0,1037.157038,0.0,17131.86,42.0,31042.83,11.07764
2019-03-29,0,330635.126747,267460.664135,63174.462612,0.0,1041.062772,0.0,16880.16,42.0,29737.03,11.118633
2019-03-29,1,324817.683607,263864.05741,60953.626196,0.0,956.752592,0.0,16489.37323,55.95677,28943.91,11.222315
2019-03-29,2,327267.449048,266757.635635,60509.813413,0.0,874.253672,0.0,15892.64,100.0,28711.77,11.398372
2019-03-29,3,336721.998669,266754.345635,69967.653034,0.0,760.932024,0.0,15380.77,42.0,29196.59,11.532922
2019-03-29,4,382744.127651,303272.376998,79471.750653,0.0,371.573198,0.0,14566.74,42.0,30876.41,12.396005
2019-03-29,5,389723.405194,335263.76078,54459.644413,0.0,0.0,0.0,13762.8,0.0,34125.23,11.420389
2019-03-29,6,448317.81373,377573.144807,70744.668923,0.0,0.0,0.0,12715.27,0.0,35754.98,12.538612
2019-03-29,7,454698.229383,377540.754807,77157.474576,0.0,0.0,0.0,11389.89,0.0,35823.85,12.692612
2019-03-29,8,560873.338676,496134.488887,64738.849789,0.0,0.0,0.0,12907.95,0.0,36527.97,15.354627
2019-03-29,9,600624.297243,499957.388639,100666.908604,0.0,768.015885,0.0,14565.15,42.0,37344.43,16.08337
2019-03-29,10,760113.832297,687878.589958,72235.242339,0.0,0.0,0.0,14927.44,58.0,37809.42,20.103822
2019-03-29,11,836644.370789,716717.502059,119926.86873,0.0,865.583709,0.0,16158.69,417.8,38163.2,21.922804
2019-03-29,12,830619.555113,707948.28788,122671.267232,0.0,2024.77672,0.0,17957.84,255.5,38786.31,21.415277
2019-03-29,13,825295.105533,707948.28788,117346.817653,0.0,1774.266462,0.0,18571.13,255.5,39264.94,21.018626
2019-03-29,14,828949.478588,708844.464556,120105.014031,0.0,1700.331672,0.0,18304.73,255.5,39506.81,20.982445
2019-03-29,15,848589.040521,726865.262247,121723.778274,0.0,1393.889599,0.0,16439.6,255.5,39766.27,21.339418
2019-03-29,16,880115.240186,748301.805536,131813.43465,0.0,945.781249,0.0,14512.75,130.5,39677.95,22.18147
2019-03-29,17,868148.628627,731955.79826,136192.830366,0.0,322.397255,0.0,13178.26,130.5,39091.41,22.208169
2019-03-29,18,577183.420995,496692.638528,80490.782467,0.0,0.0,0.0,11823.74,0.0,38574.53,14.962811
2019-03-29,19,515061.483679,419509.361408,95552.122271,0.0,0.0,0.0,10209.94,0.0,38882.2,13.246717
2019-03-29,20,488004.012035,388778.840776,99225.171259,0.0,0.0,0.0,9867.57,0.0,37889.37,12.879708
2019-03-29,21,555576.08745,500594.601991,54981.485459,0.0,0.0,0.0,12406.41,0.0,36251.12,15.325763
2019-03-29,22,416309.448258,329022.810394,87286.637863,0.0,299.652823,0.0,15702.59,42.0,34048.43,12.226979
2019-03-29,23,356159.332563,282754.746733,73404.58583,0.0,533.133244,0.0,16217.2,42.0,31902.64,11.163945
2019-03-30,0,340180.787383,275971.958458,64208.828925,0.0,1537.33063,0.0,17013.49,42.0,30330.03,11.215973
2019-03-30,1,328656.119559,263877.987142,64778.132417,0.0,1614.239728,0.0,16722.82,42.0,29324.99,11.207374
2019-03-30,2,340673.670145,281021.773068,59651.897076,0.0,10.647783,0.0,14041.47,42.0,28894.27,11.790354
2019-03-30,3,320473.243805,289561.552756,30911.691049,0.0,0.0,0.0,12584.28,0.0,28833.43,11.114642
2019-03-30,4,248398.634348,216549.025372,31849.608976,0.0,0.0,0.0,12067.71,0.0,29270.23,8.486392
2019-03-30,5,399369.543775,335314.601963,64054.941811,0.0,0.0,0.0,8126.82,0.0,30503.66,13.092512
2019-03-30,6,438708.926414,333763.209593,104945.716821,0.0,1071.651324,0.0,10898.44,42.0,31727.93,13.827216
2019-03-30,7,420578.460259,356362.658535,64215.801724,0.0,0.0,0.0,9661.37,0.0,33218.8,12.660857
2019-03-30,8,331780.291395,245448.35772,86331.933674,0.0,0.0,0.0,9134.97,0.0,34980.33,9.484767
2019-03-30,9,379702.83157,299349.69246,80353.139109,0.0,0.0,0.0,9652.27,0.0,36317.32,10.455145
2019-03-30,10,599415.529138,518087.168909,81328.360229,0.0,0.0,0.0,8658.85,0.0,37074.45,16.167887
2019-03-30,11,744882.154529,595386.853062,149495.301466,0.0,375.698642,0.0,10046.52,130.5,37201.08,20.023133
2019-03-30,12,716694.049601,590274.053184,126419.996416,0.0,1125.579813,0.0,12323.21,130.5,37074.6,19.331134
2019-03-30,13,727126.288283,590270.763184,136855.525099,0.0,1799.6802,0.0,12777.76,130.5,36965.59,19.670355
2019-03-30,14,692244.058144,536375.930405,155868.127739,0.0,3023.109257,0.0,15590.296603,147.503397,36652.1,18.886887
2019-03-30,15,674761.932578,536372.640405,138389.292173,0.0,3023.001815,0.0,15822.58,130.5,36088.14,18.697609
2019-03-30,16,692770.290889,545407.862322,147362.428567,0.0,2034.0621,0.0,13874.91,130.5,35663.76,19.425049
2019-03-30,17,672045.377892,532051.03511,139994.342782,0.0,2136.025491,0.0,14874.457506,286.962494,35424.68,18.971107
2019-03-30,18,629006.051421,497912.826663,131093.224758,0.0,1439.284583,0.0,14373.55,130.5,36083.16,17.432122
2019-03-30,19,614001.450433,488677.539414,125323.911019,0.0,1066.60815,0.0,13582.81,42.0,36912.72,16.633872
2019-03-30,20,573504.966748,460418.24384,113086.722908,0.0,1101.611964,0.0,14919.99,42.0,36322.13,15.789409
2019-03-30,21,543571.86585,450657.21884,92914.64701,0.0,1514.515409,0.0,16992.79,42.0,35085.7,15.49269
2019-03-30,22,406520.643294,303243.810287,103276.833007,0.0,1458.660928,0.0,14844.82,42.0,33543.14,12.119338
2019-03-30,23,402226.653489,303243.810287,98982.843202,0.0,484.316246,0.0,13521.08,42.0,32246.35,12.473556
2019-03-31,0,378517.133261,328540.714037,49976.419224,0.0,0.0,0.0,11153.72,0.0,31311.72,12.088673
2019-03-31,1,227611.933064,157641.744698,69970.188366,0.0,0.0,0.0,8692.8,0.0,30902.71,7.365436
2019-03-31,2,214641.5395,145787.953898,68853.585602,0.0,0.0,0.0,9167.68,0.0,30832.71,6.961488
2019-03-31,3,212432.397721,145787.953898,66644.443823,0.0,0.0,0.0,10037.22,0.0,31209.95,6.80656
2019-03-31,4,220260.17657,150772.931399,69487.245171,0.0,0.0,0.0,10886.25,0.0,31933.91,6.897376
2019-03-31,5,308997.912065,230350.059414,78647.852651,0.0,0.0,0.0,10538.35,0.0,33369.49,9.259893
2019-03-31,6,359097.993903,264703.34721,94394.646693,0.0,0.0,0.0,9997.7,0.0,35242.21,10.189429
2019-03-31,7,393654.680101,280151.676184,113503.003917,0.0,0.0,0.0,9142.71,0.0,37116.85,10.605821
2019-03-31,8,406316.520282,280145.096184,126171.424098,0.0,0.0,0.0,9474.39,0.0,38572.06,10.53396
2019-03-31,9,408880.331215,292949.482784,115930.848431,0.0,0.0,0.0,11322.73,0.0,39045.53,10.471886
2019-03-31,10,479191.910507,394098.598573,85093.311934,0.0,0.0,0.0,13753.34,58.0,38789.07,12.353787
2019-03-31,11,542068.256776,382989.234746,159079.02203,0.0,205.669206,0.0,14459.21,255.5,38079.5,14.235173
2019-03-31,12,490329.202088,340285.212565,150043.989524,0.0,815.968086,0.0,15098.76,255.5,37010.26,13.248467
2019-03-31,13,509998.479782,375336.182287,134662.297496,0.0,1201.009671,0.0,15055.97,255.5,36119.64,14.1197
2019-03-31,14,501161.092427,363921.785691,137239.306736,0.0,1608.730846,0.0,16411.16,255.5,35329.52,14.185335
2019-03-31,15,514119.076476,380192.291339,133926.785137,0.0,2021.979441,0.0,16790.61,255.5,34996.37,14.69064
2019-03-31,16,643592.467985,516843.733254,126748.734731,0.0,1344.956969,0.0,16176.81,255.5,35076.7,18.348148
2019-03-31,17,643281.263901,508246.571708,135034.692193,0.0,1197.769974,0.0,15535.86,255.5,35479.33,18.131156
2019-03-31,18,652247.761525,526249.377648,125998.383877,0.0,600.15074,0.0,14523.863437,254.036563,36591.94,17.824902
2019-03-31,19,654225.899296,517492.43554,136733.463756,0.0,603.535589,0.0,13340.21,42.0,38831.05,16.84801
2019-03-31,20,628516.62716,530960.467172,97556.159988,0.0,0.0,0.0,11047.6,0.0,38746.23,16.221362
2019-03-31,21,484147.159986,370487.755067,113659.404919,0.0,0.0,0.0,7588.12,0.0,37142.51,13.034853
2019-03-31,22,484362.20776,358617.514267,125744.693493,0.0,0.0,407.599,4571.2,0.0,35231.09,13.748147
2019-03-31,23,474004.103136,358617.514267,115386.588869,0.0,0.0,146.281,4061.9,0.0,33933.51,13.968614
