Date,Hour,TotalCosts,FixedCosts,VariableCosts,LoadShedding,OverGeneration,ReserveShortfall,RenewablesUsed,RenewablesCurtailment,Demand,Price
2019-01-01,0,2922443.949534,2774240.900317,148203.049217,0.0,1607.301608,0.0,10269.45,42.0,37081.44,78.811501
2019-01-01,1,2895770.997627,2757801.2484,137969.749227,0.0,1513.814926,0.0,11091.37,42.0,37258.98,77.720082
2019-01-01,2,2880890.085744,2739461.768209,141428.317536,0.0,1555.602422,0.0,11514.2,42.0,37300.18,77.235286
2019-01-01,3,2885091.975517,2751318.849008,133773.126509,0.0,1513.963921,0.0,11781.05,42.0,37423.51,77.093035
2019-01-01,4,2884574.016691,2751315.559008,133258.457683,0.0,1440.899581,0.0,12033.75,42.0,37895.27,76.119632
2019-01-01,5,2892319.877587,2754771.548528,137548.329059,0.0,1520.947493,0.0,12647.7,42.0,38825.08,74.496173
2019-01-01,6,2901023.46951,2754768.258528,146255.210982,0.0,1554.860085,0.0,13045.07,42.0,39910.68,72.687899
2019-01-01,7,2904376.573341,2758411.770352,145964.802989,0.0,1440.201166,0.0,13335.03,42.0,40436.58,71.825475
2019-01-01,8,2920408.819033,2763393.457853,157015.361181,0.0,1265.806311,0.0,12685.41,42.0,40950.22,71.316072
2019-01-01,9,2931164.582266,2768800.177852,162364.404415,0.0,1167.328264,0.0,12584.81,42.0,41763.45,70.184924
2019-01-01,10,2930091.843346,2775518.180043,154573.663304,0.0,171.291421,0.0,13397.91,42.0,42249.97,69.351335
2019-01-01,11,2949170.745035,2784157.209294,165013.535741,0.0,818.447966,0.0,14374.31,42.0,42296.69,69.725805
2019-01-01,12,2961086.05317,2802247.602895,158838.450276,0.0,884.005504,0.0,15044.27,262.3,41879.17,70.705462
2019-01-01,13,2964181.585115,2782558.486504,181623.098611,0.0,566.592504,0.0,15542.75,255.5,41376.35,71.639514
2019-01-01,14,2962019.224697,2788354.670568,173664.554128,0.0,860.199566,0.0,15779.29,255.5,40991.32,72.259669
2019-01-01,15,859911.80666,679030.322486,180881.484175,0.0,714.386065,0.0,15328.651719,167.148281,41015.88,20.965338
2019-01-01,16,843958.761934,683719.560955,160239.200979,0.0,0.0,0.0,14409.31,0.0,41842.15,20.170062
2019-01-01,17,896534.739946,698231.286334,198303.453612,0.0,301.068544,0.0,13087.858403,260.421597,44058.7,20.348643
2019-01-01,18,890763.123458,717513.121112,173250.002346,0.0,0.0,0.0,11725.52,0.0,45400.64,19.620057
2019-01-01,19,622458.28019,431046.984493,191411.295697,0.0,0.0,0.0,9917.58,0.0,45246.05,13.757185
2019-01-01,20,568135.514013,379391.236369,188744.277643,0.0,0.0,0.0,9669.79,0.0,44844.33,12.66906
2019-01-01,21,566301.650504,379391.236369,186910.414134,0.0,0.0,0.0,8734.66,0.0,43901.75,12.899296
2019-01-01,22,553199.754879,379391.236369,173808.518509,0.0,0.0,0.0,7793.79,0.0,42206.58,13.106955
2019-01-01,23,527328.645488,379391.236369,147937.409118,0.0,0.0,0.0,7515.39,0.0,40494.84,13.022119
2019-01-02,0,465993.939724,313650.629787,152343.309937,0.0,0.0,0.0,6986.39,0.0,39246.69,11.873458
2019-01-02,1,451351.779038,306932.627596,144419.151442,0.0,0.0,0.0,7033.83,0.0,38577.95,11.699735
2019-01-02,2,456018.587323,306932.627596,149085.959727,0.0,0.0,0.0,6546.8,0.0,38434.15,11.864932
2019-01-02,3,468958.88499,313653.919787,155304.965203,0.0,0.0,0.0,6531.14,0.0,38830.97,12.076929
2019-01-02,4,527914.070872,370657.619586,157256.451286,0.0,0.0,0.0,6674.71,0.0,40072.12,13.174099
2019-01-02,5,630114.54812,451038.393413,179076.154706,0.0,0.0,0.0,6773.41,0.0,42485.81,14.831177
2019-01-02,6,680509.900702,471637.575912,208872.324791,0.0,0.0,0.0,7036.76,0.0,45299.73,15.022383
2019-01-02,7,966994.697816,746579.743543,220414.954272,0.0,0.0,0.0,7286.15,0.0,47420.65,20.391848
2019-01-02,8,1022389.652301,799596.176391,222793.475911,0.0,0.0,0.0,5943.97,0.0,48547.97,21.05937
2019-01-02,9,1058599.996307,799592.886391,259007.109917,0.0,0.0,0.0,5236.19,0.0,49679.19,21.308721
2019-01-02,10,1072359.693118,817935.656582,254424.036535,0.0,0.0,0.0,5765.92,0.0,50682.64,21.158324
2019-01-02,11,1120417.11672,832981.594503,287435.522216,0.0,0.0,0.0,4303.74,0.0,51256.53,21.859012
2019-01-02,12,1120062.086984,832978.304503,287083.782481,0.0,0.0,0.0,4269.36,0.0,51414.29,21.785035
2019-01-02,13,1101609.340211,824238.10772,277371.232491,0.0,0.0,0.0,5601.13,0.0,51455.22,21.409088
2019-01-02,14,1092425.644551,821347.819495,271077.825056,0.0,0.0,0.0,5730.56,0.0,51263.49,21.310013
2019-01-02,15,1089017.993006,824241.39772,264776.595286,0.0,0.0,0.0,5660.97,0.0,51149.19,21.291012
2019-01-02,16,1098197.297925,845322.220841,252875.077084,0.0,0.0,0.0,6036.47,0.0,51381.54,21.373382
2019-01-02,17,1156930.916294,863583.973551,293346.942743,0.0,0.0,0.0,4678.76,0.0,52717.56,21.945836
2019-01-02,18,1232215.476603,915216.181674,316999.294929,0.0,0.0,0.0,3706.35,0.0,53277.15,23.128405
2019-01-02,19,1205086.993382,915213.401674,289873.591708,0.0,0.0,0.0,3513.13,0.0,52309.18,23.037773
2019-01-02,20,1039944.100814,758143.97666,281800.124155,0.0,0.0,0.0,3761.36,0.0,51043.85,20.373544
2019-01-02,21,962738.017386,709798.946839,252939.070548,0.0,0.0,0.0,4196.71,0.0,49194.05,19.570213
2019-01-02,22,907837.004536,709798.946839,198038.057697,0.0,0.0,0.0,4748.96,0.0,46628.21,19.469695
2019-01-02,23,809061.836168,581759.365976,227302.470192,0.0,0.0,0.0,2917.13,0.0,44287.41,18.268439
2019-01-03,0,785695.17638,572223.343953,213471.832427,0.0,0.0,0.0,2194.72,0.0,42470.6,18.499743
2019-01-03,1,766272.905309,572223.343953,194049.561356,0.0,0.0,0.0,2269.63,0.0,41445.47,18.488701
2019-01-03,2,759820.125765,572223.343953,187596.781812,0.0,0.0,0.0,2087.1,0.0,41061.86,18.504279
2019-01-03,3,753095.44837,572223.343953,180872.104417,0.0,0.0,0.0,2359.84,0.0,41019.88,18.35928
2019-01-03,4,803705.913034,640297.854721,163408.058313,0.0,0.0,0.0,2990.28,0.0,41999.32,19.136165
2019-01-03,5,918954.40896,724851.46476,194102.9442,0.0,0.0,0.0,2229.95,0.0,44024.88,20.873524
2019-01-03,6,957723.388034,724844.88476,232878.503275,0.0,0.0,0.0,2431.97,0.0,46572.45,20.564162
2019-01-03,7,963987.653827,724844.88476,239142.769067,0.0,0.0,0.0,3711.45,0.0,48255.79,19.976622
2019-01-03,8,963103.217192,724844.88476,238258.332432,0.0,0.0,0.0,4107.43,0.0,48684.84,19.782405
2019-01-03,9,950949.237233,724844.88476,226104.352473,0.0,0.0,0.0,5047.08,0.0,48896.65,19.448147
2019-01-03,10,982380.340978,794011.695348,188368.64563,0.0,0.0,0.0,7777.65,0.0,49026.08,20.037913
2019-01-03,11,1160432.314228,1013072.226143,147360.088085,0.0,0.0,0.0,10458.98,0.0,48540.95,23.906255
2019-01-03,12,1144238.441128,908999.371004,235239.070124,0.0,54.93604,0.0,12241.12,213.5,47492.49,24.09304
2019-01-03,13,1096194.668986,890038.640179,206156.028807,0.0,693.07434,0.0,14298.24,213.5,46312.89,23.669321
2019-01-03,14,1053290.13415,843258.816869,210031.317281,0.0,691.040363,0.0,14333.63,213.5,45216.14,23.294561
2019-01-03,15,1005731.063537,801200.675402,204530.388134,0.0,510.534474,0.0,14036.32,213.5,44530.4,22.585269
2019-01-03,16,1029095.558288,824827.843525,204267.714763,0.0,54.153703,0.0,13287.95,213.5,44772.64,22.98492
2019-01-03,17,1073469.755829,915815.003793,157654.752036,0.0,0.0,0.0,10102.47,58.0,46512.85,23.078993
2019-01-03,18,941532.808483,720574.372649,220958.435834,0.0,0.0,0.0,6189.8,0.0,48596.56,19.374474
2019-01-03,19,986567.292412,720571.082649,265996.209764,0.0,0.0,0.0,2855.18,0.0,48814.73,20.210442
2019-01-03,20,975876.274022,720571.082649,255305.191374,0.0,0.0,0.0,3013.91,0.0,48647.15,20.060297
2019-01-03,21,948132.769728,720571.082649,227561.687079,0.0,0.0,0.0,3539.04,0.0,47765.28,19.849832
2019-01-03,22,899789.46556,713000.06596,186789.3996,0.0,0.0,0.0,4265.75,0.0,46021.02,19.551706
2019-01-03,23,738476.515358,565446.126872,173030.388487,0.0,0.0,0.0,4074.3,0.0,44191.85,16.710695
2019-01-04,0,637690.113548,449885.340632,187804.772915,0.0,0.0,0.0,3968.55,0.0,43062.39,14.808517
2019-01-04,1,592184.246856,395505.425612,196678.821244,0.0,0.0,0.0,4186.2,0.0,42515.88,13.928543
2019-01-04,2,581699.948972,395505.425612,186194.52336,0.0,0.0,0.0,4443.98,0.0,42367.44,13.729882
2019-01-04,3,577082.11011,395505.425612,181576.684499,0.0,0.0,0.0,5010.21,0.0,42732.01,13.50468
2019-01-04,4,613327.880339,439708.028812,173619.851527,0.0,0.0,0.0,5671.86,0.0,43704.85,14.033405
2019-01-04,5,691657.507545,492730.021659,198927.485886,0.0,0.0,0.0,5423.4,0.0,46019.04,15.029812
2019-01-04,6,761076.404669,513810.84478,247265.559889,0.0,0.0,0.0,5368.57,0.0,48824.83,15.587897
2019-01-04,7,776473.036788,513807.55478,262665.482009,0.0,0.0,0.0,5610.39,0.0,50161.97,15.479317
2019-01-04,8,765388.952023,513807.55478,251581.397244,0.0,0.0,0.0,5319.59,0.0,49292.12,15.527613
2019-01-04,9,725262.009351,513807.55478,211454.454572,0.0,0.0,0.0,5428.86,0.0,47111.0,15.394749
2019-01-04,10,634717.017454,460785.561932,173931.455522,0.0,0.0,0.0,6827.09,0.0,45046.31,14.090322
2019-01-04,11,603663.022683,447626.971743,156036.050941,0.0,0.0,0.0,8404.83,0.0,42861.69,14.083976
2019-01-04,12,604348.849169,468374.836241,135974.012928,0.0,0.0,0.0,10251.0,0.0,40740.4,14.834141
2019-01-04,13,607236.656279,425970.104661,181266.551618,0.0,201.489713,0.0,11505.9,130.5,39193.19,15.493423
2019-01-04,14,615386.910328,431405.782197,183981.12813,0.0,157.37015,0.0,10470.13,130.5,37952.51,16.214656
2019-01-04,15,570290.567314,468162.153469,102128.413845,0.0,0.0,0.0,9197.55,0.0,37056.17,15.389895
2019-01-04,16,373462.557398,265088.493835,108374.063563,0.0,0.0,0.0,7446.66,0.0,36750.0,10.162246
2019-01-04,17,459152.56047,333988.572742,125163.987727,0.0,0.0,0.0,5272.19,0.0,37954.17,12.097552
2019-01-04,18,560067.011883,384821.101304,175245.910579,0.0,0.0,0.0,3435.36,0.0,40150.89,13.949056
2019-01-04,19,584531.299957,384811.231304,199720.068653,0.0,0.0,0.0,1961.07,0.0,40524.82,14.424032
2019-01-04,20,584486.884956,384811.231304,199675.653652,0.0,0.0,0.0,2294.63,0.0,40718.68,14.354269
2019-01-04,21,567749.540353,384811.231304,182938.309049,0.0,0.0,0.0,3137.75,0.0,40572.63,13.993412
2019-01-04,22,512757.97852,356935.729088,155822.249432,0.0,0.0,0.0,4399.83,0.0,39777.38,12.890693
2019-01-04,23,504190.422322,374193.611112,129996.81121,0.0,0.0,0.0,4697.24,0.0,38636.97,13.04943
2019-01-05,0,459432.776102,337648.519017,121784.257086,0.0,0.0,0.0,4975.78,0.0,37802.65,12.153454
2019-01-05,1,402660.617763,272494.378544,130166.239219,0.0,0.0,0.0,5347.09,0.0,37500.89,10.737362
2019-01-05,2,403544.088303,272494.378544,131049.709759,0.0,0.0,0.0,5333.18,0.0,37567.42,10.741863
2019-01-05,3,442551.459264,316696.981744,125854.47752,0.0,0.0,0.0,5479.79,0.0,38055.25,11.629183
2019-01-05,4,452747.779414,316693.691744,136054.08767,0.0,0.0,0.0,5575.32,0.0,38925.97,11.630995
2019-01-05,5,505333.071432,353119.877991,152213.193441,0.0,0.0,0.0,5302.06,0.0,40399.27,12.50847
2019-01-05,6,611194.703854,443176.823927,168017.879927,0.0,0.0,0.0,4969.91,0.0,42314.34,14.444151
2019-01-05,7,616669.007173,409877.005995,206792.001178,0.0,0.0,0.0,4725.55,0.0,43898.22,14.0477
2019-01-05,8,629584.023935,409873.715995,219710.30794,0.0,0.0,0.0,3953.96,0.0,43861.57,14.353887
2019-01-05,9,599483.682638,409873.715995,189609.966643,0.0,0.0,0.0,3843.14,0.0,42010.02,14.270017
2019-01-05,10,516051.236963,366952.275859,149098.961105,0.0,0.0,0.0,4775.5,0.0,39824.32,12.958193
2019-01-05,11,441402.777872,302144.93016,139257.847711,0.0,0.0,0.0,6156.76,0.0,37778.83,11.683866
2019-01-05,12,389526.699264,260993.926051,128532.773213,0.0,0.0,0.0,7409.92,0.0,36191.29,10.762996
2019-01-05,13,343102.865935,240312.912876,102789.953059,0.0,0.0,0.0,8279.84,0.0,35090.54,9.777646
2019-01-05,14,340180.259676,224857.440875,115322.818801,0.0,0.0,0.0,9154.81,0.0,34369.4,9.897765
2019-01-05,15,335348.337601,215107.175769,120241.161832,0.0,0.0,0.0,9466.17,0.0,33968.39,9.872365
2019-01-05,16,323620.331021,212981.511584,110638.819437,0.0,0.0,0.0,9273.2,0.0,33894.0,9.548012
2019-01-05,17,371780.886716,251210.498634,120570.388082,0.0,0.0,0.0,8040.24,0.0,34818.73,10.677612
2019-01-05,18,388471.697798,259436.358759,129035.339039,0.0,0.0,0.0,6810.46,0.0,36655.34,10.597956
2019-01-05,19,388803.315606,259426.488759,129376.826847,0.0,0.0,0.0,5916.1,0.0,36685.04,10.598416
2019-01-05,20,375515.300482,259426.488759,116088.811723,0.0,0.0,0.0,6716.44,0.0,36293.15,10.346727
2019-01-05,21,358646.352853,242986.836842,115659.516011,0.0,0.0,0.0,7764.38,0.0,36061.74,9.945342
2019-01-05,22,343167.170938,236878.159967,106289.010971,0.0,0.0,0.0,8507.68,0.0,35333.25,9.712301
2019-01-05,23,339683.682742,246499.15085,93184.531892,0.0,0.0,0.0,8528.71,0.0,34516.58,9.841174
2019-01-06,0,327958.985887,246492.57085,81466.415037,0.0,0.0,0.0,8565.74,0.0,33497.97,9.790414
2019-01-06,1,304916.792981,222489.811258,82426.981723,0.0,0.0,0.0,8636.51,0.0,32912.25,9.264538
2019-01-06,2,348912.595053,274376.723806,74535.871246,0.0,0.0,0.0,8412.97,0.0,32696.53,10.671242
2019-01-06,3,285190.404247,207571.729766,77618.674481,0.0,0.0,0.0,8239.94,0.0,32846.38,8.682552
2019-01-06,4,494256.110085,423647.359446,70608.750639,0.0,0.0,0.0,8090.98,0.0,33369.41,14.811653
2019-01-06,5,497849.044367,423641.289446,74207.754922,0.0,0.0,0.0,8994.11,0.0,34294.1,14.517046
2019-01-06,6,554857.85902,483194.722188,71663.136831,0.0,0.0,0.0,9826.77,0.0,35666.48,15.556844
2019-01-06,7,608863.030924,531361.425197,77501.605727,0.0,0.0,0.0,10201.22,0.0,36737.76,16.573221
2019-01-06,8,659772.331446,517633.927365,142138.40408,0.0,94.164772,0.0,10750.97,42.0,37361.9,17.658961
2019-01-06,9,641944.539589,497622.205364,144322.334225,0.0,825.687633,0.0,11309.62,42.0,36988.65,17.355176
2019-01-06,10,621866.256704,497622.205364,124244.05134,0.0,357.846366,0.0,11864.53,42.0,36089.82,17.231071
2019-01-06,11,601475.289472,466952.793549,134522.495923,0.0,1254.878488,0.0,13205.7,100.0,35467.06,16.958702
2019-01-06,12,593025.032261,475696.280333,117328.751928,0.0,1515.12076,0.0,14278.78,387.3,34979.29,16.953604
2019-01-06,13,591644.686657,479510.354903,112134.331754,0.0,551.798347,0.0,15060.84,387.3,34661.28,17.069326
2019-01-06,14,585959.476647,471933.234287,114026.24236,0.0,1170.367768,0.0,15708.19,417.8,34290.94,17.08788
2019-01-06,15,575645.016749,471947.258656,103697.758093,0.0,1255.05034,0.0,15767.31,387.3,34185.23,16.838998
2019-01-06,16,569019.220069,468250.796688,100768.423381,0.0,787.741253,0.0,15331.32,387.3,34396.09,16.543137
2019-01-06,17,586170.144235,472230.495949,113939.648286,0.0,1314.519745,0.0,14412.71,100.0,35477.13,16.522479
2019-01-06,18,616801.352195,485328.883849,131472.468347,0.0,1030.023374,0.0,13140.75,42.0,37288.04,16.541533
2019-01-06,19,642447.213915,485322.303849,157124.910067,0.0,361.698744,0.0,10737.31,42.0,37262.28,17.241221
2019-01-06,20,612756.617272,485322.303849,127434.313423,0.0,974.714875,0.0,13229.36,42.0,36578.82,16.751678
2019-01-06,21,566613.399678,461845.951934,104767.447745,0.0,1636.247424,0.0,16128.05,42.0,35402.99,16.004676
2019-01-06,22,523749.186239,449287.339452,74461.846787,0.0,1710.57823,0.0,17768.21,42.0,33530.23,15.620209
2019-01-06,23,487882.90778,423816.588397,64066.319383,0.0,1734.294345,0.0,17522.65,42.0,31444.91,15.515481
2019-01-07,0,338372.347852,272263.784457,66108.563395,0.0,1740.53777,0.0,17164.65,42.0,29951.43,11.297369
2019-01-07,1,327424.835504,267424.252135,60000.58337,0.0,1657.354288,0.0,16624.19,42.0,28888.18,11.334215
2019-01-07,2,328490.261867,268787.426034,59702.835833,0.0,1698.6199,0.0,15863.05,42.0,28509.2,11.522255
2019-01-07,3,338457.286874,274235.055157,64222.231718,0.0,1666.294306,0.0,14926.34,42.0,28448.78,11.897076
2019-01-07,4,360334.092067,282593.094757,77740.99731,0.0,1582.622681,0.0,14085.55,42.0,29234.03,12.325844
2019-01-07,5,399700.935986,309696.399949,90004.536036,0.0,1654.806147,0.0,13725.09,42.0,31171.07,12.822817
2019-01-07,6,605871.324395,502111.319173,103760.005221,0.0,1596.789914,0.0,12962.89,42.0,34165.58,17.733383
2019-01-07,7,620377.313339,505735.600997,114641.712342,0.0,1111.510554,0.0,11614.46,42.0,35608.36,17.422238
2019-01-07,8,643554.631231,517863.613188,125691.018043,0.0,738.25652,0.0,9945.55,42.0,35841.33,17.955657
2019-01-07,9,652142.004398,517857.033188,134284.97121,0.0,378.17154,0.0,8920.62,42.0,36212.97,18.00852
2019-01-07,10,622239.153812,517857.033188,104382.120625,0.0,0.0,0.0,8908.61,0.0,36721.64,16.944754
2019-01-07,11,705161.580336,575068.746989,130092.833347,0.0,170.537523,0.0,10198.52,262.3,36958.68,19.079729
2019-01-07,12,876407.196759,748032.844362,128374.352397,0.0,677.252525,0.0,11778.63,130.5,37129.58,23.604016
2019-01-07,13,861808.14328,722143.289448,139664.853831,0.0,522.124617,0.0,12864.49,255.5,37400.76,23.04253
2019-01-07,14,885278.241072,737840.741015,147437.500057,0.0,1141.429375,0.0,13315.79,225.0,37415.0,23.661051
2019-01-07,15,879321.028564,738197.002722,141124.025842,0.0,1200.959526,0.0,13158.32,130.5,37256.01,23.602126
2019-01-07,16,870122.056776,753282.199113,116839.857663,0.0,482.587566,0.0,12623.17,42.0,37040.13,23.491334
2019-01-07,17,826127.006,699437.666943,126689.339056,0.0,307.241836,0.0,10566.52,42.0,37675.49,21.927439
2019-01-07,18,840535.880319,728361.521859,112174.35846,0.0,0.0,0.0,7939.3,0.0,39334.72,21.368803
2019-01-07,19,612140.845701,481828.467048,130312.378652,0.0,0.0,0.0,5613.47,0.0,39036.9,15.681082
2019-01-07,20,552912.298086,437619.283848,115293.014238,0.0,0.0,0.0,6447.63,0.0,38102.82,14.51106
2019-01-07,21,515661.548013,418713.317906,96948.230107,0.0,0.0,0.0,7595.15,0.0,36691.14,14.054116
2019-01-07,22,466227.74753,389472.56939,76755.17814,0.0,0.0,0.0,8696.16,0.0,34494.74,13.515908
2019-01-07,23,421555.155544,351091.278891,70463.876652,0.0,0.0,0.0,7919.29,0.0,32188.17,13.096587
2019-01-08,0,200838.366654,127895.167612,72943.199042,0.0,0.0,0.0,7435.58,0.0,30517.67,6.581052
2019-01-08,1,190356.223895,122905.539261,67450.684634,0.0,0.0,0.0,7211.02,0.0,29651.77,6.419725
2019-01-08,2,196116.701413,127744.196395,68372.505018,0.0,0.0,0.0,6533.59,0.0,29322.61,6.688242
2019-01-08,3,200769.953389,127734.326395,73035.626993,0.0,0.0,0.0,6018.03,0.0,29433.26,6.821193
2019-01-08,4,233319.839444,155053.459196,78266.380248,0.0,0.0,0.0,5609.5,0.0,30256.93,7.711286
2019-01-08,5,399204.368796,322503.566577,76700.802219,0.0,0.0,0.0,5211.0,0.0,32662.36,12.222153
2019-01-08,6,449298.930367,331224.023361,118074.907006,0.0,0.0,0.0,4904.69,0.0,36377.0,12.351182
2019-01-08,7,522307.113579,388933.328393,133373.785186,0.0,0.0,0.0,4748.97,0.0,37915.4,13.775593
2019-01-08,8,758326.941668,641145.268452,117181.673216,0.0,0.0,0.0,3214.21,0.0,37526.8,20.20761
2019-01-08,9,690363.787059,566118.830437,124244.956622,0.0,0.0,0.0,2757.01,0.0,37426.38,18.445914
2019-01-08,10,678330.169951,566118.830437,112211.339514,0.0,0.0,0.0,3883.88,0.0,37546.53,18.066388
2019-01-08,11,621130.3135,503560.815566,117569.497934,0.0,0.0,0.0,5118.82,0.0,37579.85,16.528281
2019-01-08,12,819180.711387,718798.669836,100382.041552,0.0,0.0,0.0,7370.73,0.0,37548.28,21.816731
2019-01-08,13,806140.169681,674224.918243,131915.251438,0.0,166.428041,0.0,9506.43,42.0,37543.63,21.472089
2019-01-08,14,782202.53891,646010.131819,136192.40709,0.0,925.933646,0.0,10709.07,42.0,37387.02,20.921767
2019-01-08,15,770119.133679,648903.710044,121215.423635,0.0,1207.776258,0.0,11536.6,42.0,37056.94,20.782049
2019-01-08,16,763275.790019,649302.389454,113973.400566,0.0,865.791098,0.0,11752.63,42.0,36954.54,20.654452
2019-01-08,17,783034.876423,654709.109453,128325.76697,0.0,1135.164612,0.0,10972.43,42.0,37892.48,20.664651
2019-01-08,18,866316.397661,719159.439927,147156.957735,0.0,471.809168,0.0,9493.17,42.0,39711.75,21.815115
2019-01-08,19,853700.382928,728351.651859,125348.731068,0.0,0.0,0.0,6593.81,0.0,39624.39,21.544821
2019-01-08,20,538470.708461,413390.058547,125080.649914,0.0,0.0,0.0,7631.49,0.0,38957.55,13.821986
2019-01-08,21,491630.161922,389907.847131,101722.314791,0.0,0.0,0.0,9380.37,0.0,37528.89,13.100045
2019-01-08,22,433383.263963,355677.470264,77705.793699,0.0,0.0,0.0,10835.39,0.0,35294.83,12.278945
2019-01-08,23,380533.52642,313200.926875,67332.599545,0.0,0.0,0.0,10826.67,0.0,33093.63,11.498694
2019-01-09,0,362725.946742,302172.381477,60553.565265,0.0,0.0,0.0,10635.95,0.0,31703.3,11.441268
2019-01-09,1,214718.831535,152403.167894,62315.663642,0.0,0.0,0.0,10567.17,0.0,31022.76,6.921332
2019-01-09,2,220760.86001,155859.157413,64901.702597,0.0,0.0,0.0,10249.28,0.0,30920.24,7.139688
2019-01-09,3,229120.660407,160415.407414,68705.252993,0.0,0.0,0.0,10093.07,0.0,31153.66,7.354534
2019-01-09,4,250307.846791,177049.625211,73258.22158,0.0,0.0,0.0,9842.85,0.0,32103.95,7.796793
2019-01-09,5,346746.257331,255891.56887,90854.688461,0.0,0.0,0.0,9050.81,0.0,34663.82,10.003117
2019-01-09,6,487861.662836,356075.845586,131785.817251,0.0,0.0,0.0,8493.06,0.0,38875.84,12.549225
2019-01-09,7,519493.993633,363476.985585,156017.008047,0.0,0.0,0.0,7830.7,0.0,40521.49,12.82021
2019-01-09,8,524062.79405,370194.987777,153867.806274,0.0,0.0,0.0,7058.62,0.0,40183.38,13.04178
2019-01-09,9,521134.138634,370191.697777,150942.440857,0.0,0.0,0.0,6511.73,0.0,39893.05,13.063281
2019-01-09,10,448153.432837,295174.109762,152979.323076,0.0,0.0,0.0,7222.43,0.0,39415.93,11.369856
2019-01-09,11,423354.04769,288456.10757,134897.94012,0.0,0.0,0.0,7181.65,0.0,38633.87,10.958106
2019-01-09,12,391005.981544,279029.482978,111976.498565,0.0,0.0,0.0,8115.62,0.0,37742.69,10.35978
2019-01-09,13,338456.825496,234826.879779,103629.945718,0.0,0.0,0.0,9159.15,0.0,37179.91,9.103218
2019-01-09,14,312193.010742,210048.437461,102144.573281,0.0,0.0,0.0,9580.84,0.0,36672.13,8.513086
2019-01-09,15,307416.479922,208544.476226,98872.003696,0.0,0.0,0.0,9927.36,0.0,36349.96,8.457134
2019-01-09,16,320491.985494,216423.823927,104068.161567,0.0,0.0,0.0,10119.07,0.0,36610.22,8.754167
2019-01-09,17,410546.385974,304324.941758,106221.444216,0.0,0.0,0.0,8720.13,0.0,38087.19,10.77912
2019-01-09,18,458020.703502,311988.378893,146032.324609,0.0,0.0,0.0,7378.36,0.0,40519.8,11.303627
2019-01-09,19,510636.294538,330324.569085,180311.725452,0.0,0.0,0.0,6244.45,0.0,40951.2,12.469385
2019-01-09,20,505672.986477,330321.279085,175351.707392,0.0,0.0,0.0,6154.84,0.0,40787.51,12.397741
2019-01-09,21,482596.366006,326122.239086,156474.12692,0.0,0.0,0.0,6278.26,0.0,39841.12,12.113022
2019-01-09,22,435009.400489,310110.375195,124899.025295,0.0,0.0,0.0,6558.75,0.0,37757.96,11.520998
2019-01-09,23,367539.805794,247571.581803,119968.223991,0.0,0.0,0.0,5480.73,0.0,35753.96,10.279695
2019-01-10,0,363878.159595,251641.14891,112237.010685,0.0,0.0,0.0,4594.16,0.0,34566.11,10.527021
2019-01-10,1,353332.436515,242098.546887,111233.889628,0.0,0.0,0.0,4037.9,0.0,34022.02,10.385404
2019-01-10,2,355987.79903,242098.546887,113889.252143,0.0,0.0,0.0,3646.09,0.0,33842.55,10.518941
2019-01-10,3,370376.116724,250842.03367,119534.083054,0.0,0.0,0.0,3369.67,0.0,34153.78,10.844367
2019-01-10,4,466470.097223,353200.059455,113270.037768,0.0,0.0,0.0,3215.23,0.0,35209.48,13.248423
2019-01-10,5,554391.798255,426424.288902,127967.509353,0.0,0.0,0.0,3301.55,0.0,37864.62,14.64142
2019-01-10,6,657066.44136,474587.701911,182478.739449,0.0,0.0,0.0,3469.86,0.0,41955.08,15.661189
2019-01-10,7,665391.484931,474584.921911,190806.56302,0.0,0.0,0.0,3673.48,0.0,43286.57,15.371777
2019-01-10,8,638329.931806,474584.921911,163745.009895,0.0,0.0,0.0,4878.18,0.0,42544.97,15.003652
2019-01-10,9,588965.522493,434534.871463,154430.65103,0.0,0.0,0.0,6653.03,0.0,41963.28,14.035259
2019-01-10,10,2964996.648491,2851974.980185,113021.668306,0.0,0.0,0.0,9622.34,0.0,41345.34,71.712958
2019-01-10,11,2961689.088625,2806447.076268,155242.012357,0.0,575.431778,0.0,11240.57,42.0,40512.83,73.104967
2019-01-10,12,2931489.008615,2781445.725916,150043.282698,0.0,1478.688809,0.0,12864.75,100.0,39630.87,73.969837
2019-01-10,13,2925824.404615,2777724.976449,148099.428167,0.0,494.723429,0.0,12963.36,387.3,38939.94,75.136849
2019-01-10,14,2911000.228435,2768586.319872,142413.908564,0.0,1091.53861,0.0,13569.54,387.3,38381.15,75.844529
2019-01-10,15,2897780.297625,2768923.826752,128856.470873,0.0,1147.908761,0.0,13693.084197,105.095803,38146.24,75.965031
2019-01-10,16,2900891.900367,2763416.276918,137475.62345,0.0,675.663932,0.0,12848.54,387.3,38548.97,75.252125
2019-01-10,17,2919744.455323,2773207.459317,146536.996006,0.0,1159.074995,0.0,12636.03,100.0,39768.88,73.41782
2019-01-10,18,2949210.853568,2788662.931318,160547.92225,0.0,838.149632,0.0,12134.89,42.0,41670.68,70.774244
2019-01-10,19,2955053.25891,2788656.351318,166396.907592,0.0,614.471065,0.0,11399.89,42.0,41831.12,70.642461
2019-01-10,20,2936744.267167,2788656.351318,148087.915849,0.0,499.665577,0.0,12439.31,42.0,41438.99,70.869108
2019-01-10,21,2903659.015047,2779916.154535,123742.860512,0.0,339.400192,0.0,13422.17,42.0,40204.8,72.2217
2019-01-10,22,2842739.954796,2774098.518071,68641.436726,0.0,0.0,0.0,13549.8,0.0,37945.33,74.916728
2019-01-10,23,2455008.408676,2385859.176385,69149.232291,0.0,0.0,0.0,12670.08,0.0,35824.74,68.528297
2019-01-11,0,2400406.118648,2324667.955431,75738.163218,0.0,0.0,0.0,11547.92,0.0,34400.09,69.779065
2019-01-11,1,2394468.771283,2319598.287203,74870.484079,0.0,0.0,0.0,10398.53,0.0,33634.16,71.191573
2019-01-11,2,2405444.628639,2330971.252601,74473.376038,0.0,0.0,0.0,8912.77,0.0,33293.68,72.249287
2019-01-11,3,2433941.860633,2355621.972952,78319.887681,0.0,0.0,0.0,7481.35,0.0,33377.6,72.921416
2019-01-11,4,2447910.610771,2355608.812952,92301.797819,0.0,0.0,0.0,6469.54,0.0,34307.87,71.351285
2019-01-11,5,2499955.618799,2400000.773561,99954.845238,0.0,0.0,0.0,7174.43,0.0,36691.05,68.135298
2019-01-11,6,2543888.260084,2412788.71016,131099.549923,0.0,0.0,0.0,8164.64,0.0,40406.15,62.957947
2019-01-11,7,2590050.274496,2456358.276225,133691.998271,0.0,0.0,0.0,8960.78,0.0,41803.92,61.957115
2019-01-11,8,2590765.980574,2456137.087951,134628.892624,0.0,0.0,0.0,10613.32,0.0,41400.42,62.578254
2019-01-11,9,2597769.185353,2426911.203962,170857.981392,0.0,4.300463,0.0,11429.05,0.0,41381.06,62.776768
2019-01-11,10,2538663.213497,2398210.256586,140452.956911,0.0,0.0,0.0,11783.84,0.0,41303.18,61.46411
2019-01-11,11,2943247.605944,2786640.88847,156606.717474,0.0,135.484978,0.0,12308.53,58.0,40753.17,72.221317
2019-01-11,12,2901281.276894,2760825.152405,140456.124489,0.0,390.368489,0.0,12865.68,42.0,40033.85,72.470704
2019-01-11,13,2860171.902047,2751629.957187,108541.94486,0.0,0.0,0.0,14194.21,58.0,39524.29,72.364915
2019-01-11,14,2891214.417649,2756061.806814,135152.610835,0.0,385.56483,0.0,14077.945721,382.634279,39219.45,73.718892
2019-01-11,15,2886031.886911,2756058.516814,129973.370097,0.0,407.82088,0.0,14067.72,100.0,38943.29,74.108579
2019-01-11,16,2880598.856382,2743257.420215,137341.436168,0.0,30.140178,0.0,13993.85,387.3,39166.91,73.546748
2019-01-11,17,2911234.373834,2767401.354136,143833.019699,0.0,337.465057,0.0,13016.29,100.0,40109.08,72.582926
2019-01-11,18,2897007.241425,2779996.977814,117010.263611,0.0,0.0,0.0,11003.12,0.0,40789.79,71.022853
2019-01-11,19,2786588.899261,2660747.176599,125841.722662,0.0,0.0,0.0,9098.93,0.0,40061.61,69.557586
2019-01-11,20,2890699.161549,2798313.428006,92385.733543,0.0,0.0,0.0,10380.22,0.0,39218.6,73.707352
2019-01-11,21,2898931.498627,2774815.190937,124116.30769,0.0,639.530579,0.0,12214.7,42.0,37958.41,76.371257
2019-01-11,22,2864083.935415,2755472.987028,108610.948387,0.0,909.437195,0.0,13039.96,42.0,36158.8,79.20849
2019-01-11,23,2839614.548387,2737224.628331,102389.920055,0.0,249.111742,0.0,12173.06,42.0,34269.34,82.861664
2019-01-12,0,2786777.863757,2724553.008502,62224.855254,0.0,0.0,0.0,10547.25,0.0,32779.52,85.015823
2019-01-12,1,2673028.563612,2605299.917287,67728.646324,0.0,0.0,0.0,9068.54,0.0,31759.3,84.165223
2019-01-12,2,2686790.395511,2614912.257285,71878.138226,0.0,0.0,0.0,7442.58,0.0,31156.64,86.234921
2019-01-12,3,2810705.715468,2745986.2393,64719.476168,0.0,0.0,0.0,6637.11,0.0,31059.99,90.492808
2019-01-12,4,2861414.669367,2754665.456215,106749.213152,0.0,246.455795,0.0,7970.17,42.0,31547.34,90.702248
2019-01-12,5,2862499.794067,2755238.86853,107260.925537,0.0,1322.850602,0.0,10260.04,42.0,32826.25,87.201547
2019-01-12,6,2857349.316936,2755839.737323,101509.579613,0.0,1566.197794,0.0,12948.82,42.0,34625.33,82.521937
2019-01-12,7,2851362.468059,2730929.054,120433.41406,0.0,1427.06025,0.0,12915.29,42.0,36352.78,78.435885
2019-01-12,8,2905523.428149,2773294.448553,132228.979595,0.0,1271.342858,0.0,11794.28,42.0,37526.47,77.425972
2019-01-12,9,2917247.933938,2773274.708553,143973.225385,0.0,1212.877753,0.0,11324.32,42.0,38354.45,76.060221
2019-01-12,10,2909276.216402,2778684.718552,130591.49785,0.0,260.357098,0.0,11755.58,42.0,38884.2,74.818981
2019-01-12,11,3001050.774452,2867637.762788,133413.011665,0.0,1156.605471,0.0,12943.158588,219.381412,39122.68,76.708722
2019-01-12,12,3037064.676996,2902557.64578,134507.031216,0.0,1429.345942,0.0,14042.19,387.3,38914.71,78.04413
2019-01-12,13,3011555.634594,2868189.615631,143366.018963,0.0,861.91915,0.0,15752.45,417.8,38534.18,78.152841
2019-01-12,14,3007651.988011,2867120.040816,140531.947195,0.0,1290.272568,0.0,15703.69,417.8,38147.49,78.842723
2019-01-12,15,2955185.054665,2832417.928648,122767.126017,0.0,1171.741114,0.0,15205.442129,250.227871,38075.85,77.613108
2019-01-12,16,2914970.337326,2792642.105441,122328.231885,0.0,759.6655,0.0,13822.6,387.3,38174.33,76.359437
2019-01-12,17,2910167.733408,2763868.581818,146299.151591,0.0,1180.026618,0.0,12173.88,42.0,38969.68,74.677743
2019-01-12,18,2999784.098715,2835393.997903,164390.100813,0.0,602.874228,0.0,9564.44,42.0,40463.28,74.13596
2019-01-12,19,2994640.626525,2854118.941859,140521.684666,0.0,0.0,0.0,6044.15,0.0,40356.86,74.204005
2019-01-12,20,680521.370333,536488.287481,144033.082852,0.0,0.0,0.0,5535.71,0.0,39964.66,17.028079
2019-01-12,21,665918.132584,536478.417481,129439.715103,0.0,0.0,0.0,5571.88,0.0,39392.48,16.904702
2019-01-12,22,649640.682039,536478.417481,113162.264558,0.0,0.0,0.0,6230.19,0.0,38569.47,16.843391
2019-01-12,23,625446.855013,514141.298858,111305.556154,0.0,0.0,0.0,5755.2,0.0,37439.31,16.705619
2019-01-13,0,508438.523812,386184.20086,122254.322953,0.0,0.0,0.0,5598.62,0.0,36459.35,13.945353
2019-01-13,1,432649.36528,309454.879788,123194.485492,0.0,0.0,0.0,5239.42,0.0,35978.77,12.025129
2019-01-13,2,433613.279054,309451.589788,124161.689266,0.0,0.0,0.0,5077.14,0.0,35871.1,12.088095
2019-01-13,3,435426.860224,303057.021891,132369.838333,0.0,0.0,0.0,4915.32,0.0,36085.92,12.066392
2019-01-13,4,447612.358454,309454.879788,138157.478666,0.0,0.0,0.0,4977.36,0.0,36680.52,12.202999
2019-01-13,5,489596.970213,339279.189692,150317.780521,0.0,0.0,0.0,4767.6,0.0,37811.28,12.948437
2019-01-13,6,528750.441385,361616.308315,167134.13307,0.0,0.0,0.0,4713.94,0.0,39486.15,13.390782
2019-01-13,7,585462.639209,405812.331515,179650.307694,0.0,0.0,0.0,4778.5,0.0,41155.45,14.225641
2019-01-13,8,613892.974957,410011.371514,203881.603443,0.0,0.0,0.0,4821.3,0.0,42409.26,14.475447
2019-01-13,9,618293.624757,410008.081514,208285.543243,0.0,0.0,0.0,5087.73,0.0,42990.13,14.382223
2019-01-13,10,590786.20248,410008.081514,180778.120966,0.0,0.0,0.0,6770.93,0.0,42659.58,13.848852
2019-01-13,11,537357.378437,366590.13977,170767.238667,0.0,0.0,0.0,7407.68,0.0,41765.24,12.866139
2019-01-13,12,511194.556238,363699.851545,147494.704693,0.0,0.0,0.0,8646.97,0.0,40746.2,12.545822
2019-01-13,13,484399.177104,339988.53252,144410.644585,0.0,0.0,0.0,8735.41,0.0,39927.15,12.132075
2019-01-13,14,469443.56247,331248.335737,138195.226734,0.0,0.0,0.0,8777.07,0.0,39288.94,11.948491
2019-01-13,15,478885.685234,339241.868121,139643.817113,0.0,0.0,0.0,8460.49,0.0,39188.87,12.219941
2019-01-13,16,508707.1184,358946.425477,149760.692922,0.0,0.0,0.0,7671.82,0.0,39710.55,12.810377
2019-01-13,17,579242.082348,405848.215642,173393.866705,0.0,0.0,0.0,6737.55,0.0,41576.89,13.931828
2019-01-13,18,647483.275118,445259.158955,202224.116164,0.0,0.0,0.0,5942.23,0.0,44064.74,14.693909
2019-01-13,19,663076.823718,445252.578955,217824.244763,0.0,0.0,0.0,5404.03,0.0,44875.96,14.775769
2019-01-13,20,670809.944985,445252.578955,225557.36603,0.0,0.0,0.0,4667.91,0.0,44655.04,15.022043
2019-01-13,21,663431.125826,445252.578955,218178.546871,0.0,0.0,0.0,4136.56,0.0,43649.93,15.198905
2019-01-13,22,669740.136319,484090.270479,185649.86584,0.0,0.0,0.0,3774.93,0.0,41581.77,16.106581
2019-01-13,23,565488.75272,399880.675215,165608.077505,0.0,0.0,0.0,3753.92,0.0,39683.7,14.2499
2019-01-14,0,554333.519241,405307.044899,149026.474342,0.0,0.0,0.0,3651.57,0.0,38501.54,14.397697
2019-01-14,1,509085.875949,361104.951699,147980.92425,0.0,0.0,0.0,3723.31,0.0,38018.2,13.390583
2019-01-14,2,507677.882931,356905.9117,150771.971231,0.0,0.0,0.0,3773.09,0.0,38041.8,13.345264
2019-01-14,3,521524.786622,366098.42895,155426.357672,0.0,0.0,0.0,3917.83,0.0,38517.64,13.539895
2019-01-14,4,580428.56685,417708.752149,162719.814701,0.0,0.0,0.0,4039.3,0.0,39905.67,14.545015
2019-01-14,5,760265.457295,586434.801827,173830.655468,0.0,0.0,0.0,3823.26,0.0,43103.13,17.638289
2019-01-14,6,839633.657497,597840.447076,241793.210421,0.0,0.0,0.0,3677.77,0.0,47531.78,17.664679
2019-01-14,7,876441.548826,602039.487075,274402.061751,0.0,0.0,0.0,3622.45,0.0,49085.69,17.855337
2019-01-14,8,859973.674348,602036.197075,257937.477273,0.0,0.0,0.0,3644.86,0.0,48518.66,17.724597
2019-01-14,9,842658.367318,593296.000292,249362.367027,0.0,0.0,0.0,3854.2,0.0,48252.28,17.463597
2019-01-14,10,797240.695139,580958.663954,216282.031185,0.0,0.0,0.0,5383.66,0.0,47533.0,16.772362
2019-01-14,11,726133.409412,527933.381107,198200.028305,0.0,0.0,0.0,6347.32,0.0,46295.37,15.684795
2019-01-14,12,600534.698904,419265.701192,181268.997712,0.0,0.0,0.0,7757.33,0.0,44655.03,13.44831
2019-01-14,13,535537.462392,379474.748317,156062.714075,0.0,0.0,0.0,8986.06,0.0,43093.29,12.427398
2019-01-14,14,475608.287443,321142.289975,154465.997467,0.0,0.0,0.0,8879.53,0.0,41827.37,11.370743
2019-01-14,15,463019.007933,321363.47825,141655.529683,0.0,0.0,0.0,8261.57,0.0,41189.4,11.241218
2019-01-14,16,492290.813723,341704.362742,150586.450982,0.0,0.0,0.0,7616.39,0.0,41852.4,11.762547
2019-01-14,17,667654.538498,490818.186725,176836.351773,0.0,0.0,0.0,6052.57,0.0,44140.2,15.125771
2019-01-14,18,737557.155893,509151.086917,228406.068976,0.0,0.0,0.0,4705.13,0.0,46759.91,15.77328
2019-01-14,19,761000.801664,500407.600134,260593.201531,0.0,0.0,0.0,3858.38,0.0,47023.85,16.183294
2019-01-14,20,756410.135138,509151.086917,247259.048221,0.0,0.0,0.0,3746.29,0.0,46633.05,16.220473
2019-01-14,21,721559.870254,509147.796917,212412.073337,0.0,0.0,0.0,3907.58,0.0,45134.45,15.986898
2019-01-14,22,634837.573591,456125.80407,178711.769522,0.0,0.0,0.0,4160.69,0.0,42485.54,14.942439
2019-01-14,23,528143.334465,362768.735863,165374.598602,0.0,0.0,0.0,4338.42,0.0,40329.33,13.095763
2019-01-15,0,493637.264245,344492.517056,149144.747189,0.0,0.0,0.0,4504.35,0.0,38974.46,12.66566
2019-01-15,1,478342.599309,344492.517056,133850.082253,0.0,0.0,0.0,4643.76,0.0,38135.91,12.543102
2019-01-15,2,485604.056088,353236.003839,132368.052249,0.0,0.0,0.0,4156.7,0.0,37884.75,12.81793
2019-01-15,3,533976.423692,401405.996848,132570.426844,0.0,0.0,0.0,3688.87,0.0,37986.06,14.057168
2019-01-15,4,554118.250091,410942.528871,143175.721219,0.0,0.0,0.0,3306.48,0.0,38887.12,14.249403
2019-01-15,5,834400.826187,691472.116647,142928.70954,0.0,0.0,0.0,3471.11,0.0,41544.46,20.084527
2019-01-15,6,893249.989002,709802.236839,183447.752163,0.0,0.0,0.0,3726.15,0.0,45408.43,19.671457
2019-01-15,7,1048687.66168,857352.885927,191334.775753,0.0,0.0,0.0,4026.34,0.0,46653.47,22.478235
2019-01-15,8,1031947.920362,857350.105927,174597.814436,0.0,0.0,0.0,4006.57,0.0,45776.48,22.543191
2019-01-15,9,956462.619079,782332.517912,174130.101167,0.0,0.0,0.0,4316.11,0.0,45243.4,21.140379
2019-01-15,10,901824.277331,742912.214599,158912.062732,0.0,0.0,0.0,5706.14,0.0,44847.4,20.10873
2019-01-15,11,3037638.393921,2890047.162981,147591.23094,0.0,0.0,0.0,7737.45,0.0,44126.83,68.838808
2019-01-15,12,3029777.595244,2850487.897902,179289.697342,0.0,167.515904,0.0,9954.56,42.0,43134.86,70.239653
2019-01-15,13,2951926.40163,2796611.682509,155314.719121,0.0,0.0,0.0,11802.003569,17.886431,42320.15,69.752267
2019-01-15,14,2969764.349028,2801721.753788,168042.59524,0.0,138.272027,0.0,11474.18,42.0,41731.27,71.164006
2019-01-15,15,2972370.123962,2832691.899087,139678.224875,0.0,0.0,0.0,10468.16,0.0,41506.87,71.611522
2019-01-15,16,2947492.693494,2824913.951885,122578.741609,0.0,0.0,0.0,9248.53,0.0,42222.7,69.808248
2019-01-15,17,2994118.7978,2858323.222267,135795.575533,0.0,0.0,0.0,7252.45,0.0,43944.85,68.133554
2019-01-15,18,3052130.602053,2898366.692715,153763.909338,0.0,0.0,0.0,5354.65,0.0,45563.69,66.986028
2019-01-15,19,3069370.077531,2898353.532715,171016.544816,0.0,0.0,0.0,3550.37,0.0,45353.06,67.677243
2019-01-15,20,3049852.879132,2898353.532715,151499.346418,0.0,0.0,0.0,4348.3,0.0,44610.98,68.365521
2019-01-15,21,3016810.48289,2898353.532715,118456.950175,0.0,0.0,0.0,5736.59,0.0,42792.56,70.498481
2019-01-15,22,2854361.825397,2746665.985434,107695.839963,0.0,0.0,0.0,7113.05,0.0,40163.53,71.0685
2019-01-15,23,2522866.466754,2420501.21016,102365.256594,0.0,0.0,0.0,7385.95,0.0,37725.86,66.873663
2019-01-16,0,2480214.570386,2388603.359269,91611.211117,0.0,0.0,0.0,7643.2,0.0,36132.0,68.643158
2019-01-16,1,2446633.065953,2355980.162718,90652.903234,0.0,0.0,0.0,7950.01,0.0,35324.77,69.261118
2019-01-16,2,2447753.291587,2355980.162718,91773.128869,0.0,0.0,0.0,7453.19,0.0,34989.48,69.956835
2019-01-16,3,2467744.042318,2379543.076236,88200.966082,0.0,0.0,0.0,7184.29,0.0,35106.91,70.29226
2019-01-16,4,2529251.270749,2436168.20271,93083.068039,0.0,0.0,0.0,7113.46,0.0,36022.65,70.212804
2019-01-16,5,2582954.00372,2473623.815534,109330.188186,0.0,0.0,0.0,6985.18,0.0,38479.88,67.124794
2019-01-16,6,2674248.995688,2536175.250405,138073.745283,0.0,0.0,0.0,6881.65,0.0,42209.67,63.356311
2019-01-16,7,2729301.141785,2584341.953413,144959.188372,0.0,0.0,0.0,6701.1,0.0,43149.84,63.251709
2019-01-16,8,2654907.471632,2509321.585398,145585.886234,0.0,0.0,0.0,6444.68,0.0,42362.28,62.671496
2019-01-16,9,2607098.760125,2446763.570527,160335.189598,0.0,0.0,0.0,6953.99,0.0,42088.07,61.94389
2019-01-16,10,2688790.85706,2565987.051742,122803.805318,0.0,0.0,0.0,8307.83,0.0,41630.18,64.587539
2019-01-16,11,2990796.928782,2839353.182543,151443.746239,0.0,368.246341,0.0,10644.64,42.0,40837.55,73.236444
2019-01-16,12,2959880.464536,2811465.730605,148414.73393,0.0,1078.255433,0.0,12263.58,100.0,40049.2,73.906107
2019-01-16,13,2993229.764702,2860017.555581,133212.209121,0.0,168.641673,0.0,12705.4,387.3,39286.6,76.189585
2019-01-16,14,2977155.72831,2839390.937451,137764.790858,0.0,1005.432278,0.0,13703.39,255.5,38425.22,77.479211
2019-01-16,15,2970172.232388,2832643.467986,137528.764402,0.0,1284.72242,0.0,13962.71,130.5,38063.76,78.031499
2019-01-16,16,2966132.613229,2850050.572764,116082.040466,0.0,859.208655,0.0,13795.279744,121.120256,38403.16,77.236681
2019-01-16,17,2967461.962773,2834840.884865,132621.077908,0.0,1175.30346,0.0,12359.09,100.0,39670.61,74.802529
2019-01-16,18,2966911.629176,2838254.588701,128657.040475,0.0,0.0,0.0,9002.4,0.0,41265.7,71.897766
2019-01-16,19,2871008.410409,2713561.106497,157447.303912,0.0,0.0,0.0,5539.74,0.0,41086.02,69.877988
2019-01-16,20,2808444.339423,2669345.343297,139098.996126,0.0,0.0,0.0,6430.68,0.0,40344.51,69.611562
2019-01-16,21,2729018.613913,2611804.89637,117213.717543,0.0,0.0,0.0,7660.29,0.0,38878.18,70.194094
2019-01-16,22,2680729.953421,2588429.343987,92300.609434,0.0,0.0,0.0,8481.7,0.0,36339.66,73.768713
2019-01-16,23,2366213.298518,2282025.618285,84187.680233,0.0,0.0,0.0,8387.11,0.0,33930.27,69.737532
2019-01-17,0,2347614.545584,2274756.836288,72857.709296,0.0,0.0,0.0,8371.96,0.0,32288.36,72.707767
2019-01-17,1,2316490.775678,2232729.368154,83761.407524,0.0,0.0,0.0,8622.24,0.0,31344.35,73.904572
2019-01-17,2,2315418.391935,2236500.450479,78917.941457,0.0,0.0,0.0,7655.95,0.0,30958.06,74.792102
2019-01-17,3,2317689.184709,2236715.058753,80974.125955,0.0,0.0,0.0,7251.82,0.0,30978.47,74.816128
2019-01-17,4,2333999.261186,2248955.236395,85044.024791,0.0,0.0,0.0,7256.46,0.0,31776.98,73.449373
2019-01-17,5,2405513.275487,2305893.011254,99620.264233,0.0,0.0,0.0,6905.6,0.0,34167.39,70.403776
2019-01-17,6,2508658.693517,2380890.859269,127767.834248,0.0,0.0,0.0,6744.66,0.0,37956.74,66.092575
2019-01-17,7,2538483.951096,2397330.511186,141153.43991,0.0,0.0,0.0,6743.35,0.0,39399.08,64.430031
2019-01-17,8,2554821.901695,2404048.513377,150773.388318,0.0,0.0,0.0,4778.27,0.0,38974.65,65.550862
2019-01-17,9,2567551.475018,2412788.71016,154762.764858,0.0,0.0,0.0,4013.3,0.0,38808.95,66.158746
2019-01-17,10,2551333.410062,2412785.42016,138547.989901,0.0,0.0,0.0,5000.63,0.0,38526.48,66.222853
2019-01-17,11,423230.415532,274220.323561,149010.091971,0.0,0.0,0.0,5582.31,0.0,37970.25,11.146369
2019-01-17,12,397747.41208,274220.323561,123527.088519,0.0,0.0,0.0,6942.96,0.0,37259.72,10.674997
2019-01-17,13,360134.730721,254890.38342,105244.347302,0.0,0.0,0.0,8842.88,0.0,36723.73,9.806595
2019-01-17,14,355466.881862,246150.186636,109316.695226,0.0,0.0,0.0,7993.65,0.0,36273.49,9.799633
2019-01-17,15,356391.159135,246150.186636,110240.972499,0.0,0.0,0.0,7231.01,0.0,35906.94,9.925412
2019-01-17,16,371564.976916,257787.251644,113777.725272,0.0,0.0,0.0,6550.86,0.0,36068.42,10.30167
2019-01-17,17,432674.160475,303978.322184,128695.838291,0.0,0.0,0.0,4942.51,0.0,36939.98,11.712896
2019-01-17,18,495876.639857,325049.275305,170827.364552,0.0,0.0,0.0,4041.63,0.0,39053.19,12.697468
2019-01-17,19,503194.928882,325045.985305,178148.943577,0.0,0.0,0.0,4036.91,0.0,39415.92,12.766287
2019-01-17,20,490059.754893,325045.985305,165013.769589,0.0,0.0,0.0,4670.25,0.0,39229.85,12.492012
2019-01-17,21,435217.652664,291164.065585,144053.58708,0.0,0.0,0.0,5857.62,0.0,38223.8,11.386038
2019-01-17,22,377283.113928,265129.126779,112153.98715,0.0,0.0,0.0,7497.18,0.0,36330.07,10.384872
2019-01-17,23,343805.595459,235931.533992,107874.061467,0.0,0.0,0.0,7367.69,0.0,34390.21,9.997194
2019-01-18,0,363683.703949,278297.245819,85386.45813,0.0,0.0,0.0,7582.95,0.0,33161.87,10.966924
2019-01-18,1,352587.52004,265971.281609,86616.238431,0.0,0.0,0.0,8107.73,0.0,32694.33,10.784363
2019-01-18,2,346929.177735,257632.491208,89296.686527,0.0,0.0,0.0,8358.55,0.0,32476.95,10.68232
2019-01-18,3,527138.835455,442976.192181,84162.643274,0.0,0.0,0.0,8821.71,0.0,32648.7,16.145783
2019-01-18,4,580486.766597,491143.91519,89342.851407,0.0,0.0,0.0,9136.29,0.0,33575.65,17.288921
2019-01-18,5,638398.143254,501256.637237,137141.506017,0.0,296.965508,0.0,10811.35,42.0,35925.85,17.769883
2019-01-18,6,667634.201232,508373.318838,159260.882394,0.0,745.143807,0.0,12422.669274,7.530726,39626.2,16.848302
2019-01-18,7,675084.226106,508370.028838,166714.197268,0.0,1145.548791,0.0,13212.47,0.0,41157.13,16.402607
2019-01-18,8,678153.261014,513780.038837,164373.222177,0.0,1369.163156,0.0,12769.23,0.0,40718.06,16.654852
2019-01-18,9,684233.137202,513776.748837,170456.388365,0.0,1334.562858,0.0,12287.86,42.0,40332.03,16.965006
2019-01-18,10,693880.172499,552896.102332,140984.070167,0.0,429.400091,0.0,12670.38,42.0,39815.46,17.427406
2019-01-18,11,770427.042123,636445.59073,133981.451393,0.0,1330.857053,0.0,14197.66,100.0,39150.7,19.6785
2019-01-18,12,766526.078964,618125.701042,148400.377922,0.0,1670.15053,0.0,15376.32,255.5,38544.97,19.88654
2019-01-18,13,739906.074687,594771.694374,145134.380314,0.0,1284.387494,0.0,16039.33,417.8,38145.31,19.397039
2019-01-18,14,726958.73913,588042.062701,138916.676429,0.0,1932.691832,0.0,17465.416831,286.643169,37548.1,19.360733
2019-01-18,15,719673.69114,589168.771143,130504.919997,0.0,1832.087511,0.0,17254.315571,347.734429,37072.75,19.412471
2019-01-18,16,716613.373787,584194.87725,132418.496536,0.0,981.170562,0.0,16416.567313,389.202687,36990.87,19.372709
2019-01-18,17,719041.11198,592564.931996,126476.179984,0.0,987.820084,0.0,15419.8,100.0,37512.88,19.167846
2019-01-18,18,653498.942389,526259.39093,127239.551459,0.0,616.004792,0.0,14096.63,100.0,38526.42,16.962358
2019-01-18,19,621915.109743,477382.192858,144532.916885,0.0,473.954636,0.0,12542.28,42.0,38106.47,16.32046
2019-01-18,20,604680.002612,477382.192858,127297.809754,0.0,1180.842413,0.0,14294.22,42.0,37353.23,16.188158
2019-01-18,21,575309.9862,462033.474238,113276.511962,0.0,1605.424023,0.0,15924.72,42.0,36292.33,15.852109
2019-01-18,22,548509.405005,451998.684516,96510.720488,0.0,758.689137,0.0,16096.22,42.0,34858.02,15.73553
2019-01-18,23,512835.123082,436539.920654,76295.202428,0.0,846.548156,0.0,16728.75,42.0,33078.26,15.503691
2019-01-19,0,488167.573005,420789.016203,67378.556803,0.0,884.608286,0.0,16678.57,42.0,31626.15,15.435567
2019-01-19,1,477977.061513,433831.750482,44145.311032,0.0,0.0,0.0,13175.72,0.0,30862.28,15.487419
2019-01-19,2,368448.927202,314588.529266,53860.397936,0.0,0.0,0.0,12829.5,0.0,30797.76,11.963498
2019-01-19,3,428404.016032,367855.164919,60548.851113,0.0,0.0,0.0,11748.94,0.0,31371.98,13.655626
2019-01-19,4,717654.970557,634596.395223,83058.575335,0.0,0.0,0.0,6369.38,0.0,32567.48,22.035938
2019-01-19,5,750623.834622,630340.071945,120283.762677,0.0,246.742276,0.0,11593.43,42.0,34680.37,21.644055
2019-01-19,6,782581.910627,641563.984808,141017.925819,0.0,963.079693,0.0,11571.49,42.0,37325.71,20.966297
2019-01-19,7,833930.41316,661977.113192,171953.299968,0.0,1412.716346,0.0,12106.17,0.0,40072.32,20.810635
2019-01-19,8,860361.297625,668688.535383,191672.762242,0.0,1256.451172,0.0,12162.9,0.0,42575.89,20.207711
2019-01-19,9,904630.781503,707960.955152,196669.826351,0.0,1233.453428,0.0,11992.31,0.0,44134.03,20.497353
2019-01-19,10,925263.565595,723243.961841,202019.603754,0.0,327.103657,0.0,11071.35,0.0,44598.78,20.746387
2019-01-19,11,3076966.003778,2886889.456317,190076.547461,0.0,1258.446291,0.0,12306.54,58.0,44150.49,69.692681
2019-01-19,12,3102481.302146,2906040.195466,196441.10668,0.0,1474.662166,0.0,13352.103306,93.196694,43223.22,71.778116
2019-01-19,13,3080731.121848,2884107.559322,196623.562525,0.0,1127.358604,0.0,13618.56,255.5,42057.23,73.250928
2019-01-19,14,3068183.27579,2884564.509142,183618.766648,0.0,1798.483787,0.0,14444.51,255.5,41085.19,74.678571
2019-01-19,15,3062599.455276,2891255.435249,171344.020027,0.0,1690.373763,0.0,14466.46,255.5,40481.5,75.654298
2019-01-19,16,3051275.681334,2898370.666521,152905.014813,0.0,668.962363,0.0,13456.144563,140.315437,40650.08,75.061985
2019-01-19,17,2968066.456557,2806807.466815,161258.989742,0.0,1041.599165,0.0,14659.8,100.0,42072.62,70.546271
2019-01-19,18,3049836.771195,2874549.49649,175287.274705,0.0,399.459388,0.0,12577.086965,35.153035,44941.32,67.862643
2019-01-19,19,3077161.052537,2931811.872615,145349.179921,0.0,0.0,0.0,7969.81,0.0,45497.74,67.633273
2019-01-19,20,2715346.97162,2543359.460731,171987.510889,0.0,0.0,0.0,8121.7,0.0,45698.93,59.418174
2019-01-19,21,2709163.621033,2543359.460731,165804.160302,0.0,0.0,0.0,8681.93,0.0,45458.99,59.595772
2019-01-19,22,2651090.901384,2477536.371284,173554.5301,0.0,0.0,0.0,8671.86,0.0,44662.81,59.357907
2019-01-19,23,2652172.929128,2477536.371284,174636.557844,0.0,0.0,0.0,7318.14,0.0,43760.0,60.607242
2019-01-20,0,2716847.047177,2552445.312903,164401.734274,0.0,0.0,0.0,6110.94,0.0,43105.65,63.027632
2019-01-20,1,2716479.235946,2552433.172903,164046.063043,0.0,0.0,0.0,5399.69,0.0,42934.34,63.270548
2019-01-20,2,2728663.556216,2556635.502903,172028.053313,0.0,0.0,0.0,4822.37,0.0,42968.77,63.503413
2019-01-20,3,2736611.982685,2556632.212903,179979.769783,0.0,0.0,0.0,4568.02,0.0,43310.24,63.186258
2019-01-20,4,2799073.506572,2628000.265942,171073.24063,0.0,0.0,0.0,4864.26,0.0,44147.09,63.403352
2019-01-20,5,2835156.950412,2627993.685942,207163.264471,0.0,0.0,0.0,3597.02,0.0,45461.11,62.364446
2019-01-20,6,2871919.677157,2627993.685942,243925.991215,0.0,0.0,0.0,3234.75,0.0,47269.7,60.756038
2019-01-20,7,2898891.709713,2627993.685942,270898.023771,0.0,0.0,0.0,3645.45,0.0,48930.53,59.24505
2019-01-20,8,3252160.404599,3016424.317827,235736.086773,0.0,0.0,0.0,3790.08,0.0,49352.02,65.89721
2019-01-20,9,3205582.06839,3016413.197827,189168.870564,0.0,0.0,0.0,4279.07,0.0,48258.44,66.425315
2019-01-20,10,3122321.13303,2976992.894514,145328.238516,0.0,0.0,0.0,6388.65,0.0,45954.68,67.943485
2019-01-20,11,3053053.093486,2911922.349282,141130.744203,0.0,0.0,0.0,8353.49,0.0,43536.39,70.126464
2019-01-20,12,2994583.108033,2834048.245985,160534.862047,0.0,100.723713,0.0,10815.52,100.0,41259.63,72.57901
2019-01-20,13,2914820.90973,2768469.094497,146351.815233,0.0,310.200149,0.0,12917.18,262.3,39360.88,74.053754
2019-01-20,14,2902614.58836,2760368.240475,142246.347885,0.0,940.42786,0.0,13620.67,387.3,37870.06,76.646686
2019-01-20,15,2879662.157975,2757127.285836,122534.872139,0.0,1341.619681,0.0,14181.49,262.3,37021.7,77.783088
2019-01-20,16,2868588.632893,2756859.556612,111729.076281,0.0,891.526732,0.0,14003.11,262.3,36908.1,77.722468
2019-01-20,17,2939677.807362,2807429.538243,132248.269119,0.0,974.057793,0.0,11527.89,42.0,38623.14,76.111828
2019-01-20,18,3077195.076071,2950228.945125,126966.130946,0.0,0.0,0.0,7938.87,0.0,41764.05,73.680476
2019-01-20,19,2980565.917466,2831462.62932,149103.288146,0.0,0.0,0.0,4512.42,0.0,42989.14,69.332997
2019-01-20,20,2793323.127345,2635734.387224,157588.740122,0.0,0.0,0.0,5659.09,0.0,43149.9,64.735333
2019-01-20,21,2842993.153072,2710510.430814,132482.722258,0.0,0.0,0.0,7681.62,0.0,43278.11,65.69125
2019-01-20,22,2743622.757899,2621732.507198,121890.250701,0.0,0.0,0.0,9931.41,0.0,42117.85,65.141567
2019-01-20,23,2605059.835144,2499595.389567,105464.445577,0.0,0.0,0.0,10654.02,0.0,40672.63,64.049456
2019-01-21,0,2507531.557051,2400843.379742,106688.177309,0.0,0.0,0.0,11151.66,0.0,39769.55,63.051545
2019-01-21,1,2451989.080005,2336084.249943,115904.830062,0.0,0.0,0.0,11328.4,0.0,39392.77,62.244647
2019-01-21,2,2470568.562864,2359429.265186,111139.297678,0.0,0.0,0.0,11513.39,0.0,39492.73,62.557553
2019-01-21,3,2515605.660079,2403380.453961,112225.206118,0.0,0.0,0.0,11909.13,0.0,40131.48,62.684099
2019-01-21,4,2611283.97555,2477038.492503,134245.483046,0.0,0.0,0.0,11886.22,0.0,41480.82,62.9516
2019-01-21,5,2654369.889361,2483756.494695,170613.394666,0.0,231.001885,0.0,12922.99,0.0,44062.23,60.241388
2019-01-21,6,2706031.439655,2505301.078077,200730.361578,0.0,583.914779,0.0,13585.63,0.0,47294.87,57.216172
2019-01-21,7,2721625.442881,2505294.498077,216330.944804,0.0,803.981047,0.0,13767.31,0.0,48973.12,55.573863
2019-01-21,8,2916509.430282,2701021.720174,215487.710108,0.0,1280.772455,0.0,13193.27,0.0,48555.62,60.065332
2019-01-21,9,2907544.624019,2701016.160174,206528.463845,0.0,1286.896276,0.0,12479.83,0.0,47276.3,61.501104
2019-01-21,10,2870777.725912,2683655.788386,187121.937526,0.0,429.594824,0.0,12742.878345,12.081655,45876.77,62.575847
2019-01-21,11,3007072.251556,2838841.85757,168230.393985,0.0,1369.876357,0.0,13919.696455,288.793545,43851.36,68.574207
2019-01-21,12,3056698.780521,2910084.970697,146613.809823,0.0,1685.967416,0.0,15297.234214,201.145786,41660.56,73.371524
2019-01-21,13,3018610.854157,2887605.356408,131005.497749,0.0,844.277116,0.0,16332.93341,285.28659,40059.48,75.353221
2019-01-21,14,2987498.751765,2864991.12684,122507.624924,0.0,1639.187936,0.0,17546.823749,106.106251,38776.97,77.04312
2019-01-21,15,2986414.639355,2862701.377339,123713.262015,0.0,1676.589557,0.0,17347.1,417.8,38099.44,78.384738
2019-01-21,16,2996126.667867,2865744.644687,130382.02318,0.0,1044.477878,0.0,16105.01,417.8,38210.64,78.410795
2019-01-21,17,3017337.601189,2896258.107901,121079.493288,0.0,1401.19327,0.0,15861.65,42.0,39391.63,76.598445
2019-01-21,18,2926831.506221,2791777.667518,135053.838703,0.0,1114.40291,0.0,14646.71,42.0,41701.84,70.184709
2019-01-21,19,2921327.544357,2771562.270919,149765.273439,0.0,869.699839,0.0,13141.92,42.0,41813.39,69.865838
2019-01-21,20,2897220.56487,2771562.270919,125658.293951,0.0,1141.427416,0.0,14971.72,42.0,41171.8,70.369053
2019-01-21,21,2847847.957624,2743580.670345,104267.28728,0.0,1568.787362,0.0,17056.09,42.0,39776.21,71.596765
2019-01-21,22,2806347.7812,2723972.377927,82375.403273,0.0,1590.67591,0.0,18226.15,42.0,37287.92,75.26158
2019-01-21,23,2787781.442858,2722176.985048,65604.45781,0.0,1619.733626,0.0,18206.154393,89.725607,34785.4,80.142285
2019-01-22,0,2771032.23143,2712299.226825,58733.004605,0.0,1641.921411,0.0,17930.88,42.0,33150.43,83.589632
2019-01-22,1,2749871.509369,2687257.279262,62614.230107,0.0,1556.453789,0.0,17456.21,100.0,32192.33,85.420083
2019-01-22,2,2743591.266057,2687257.279262,56333.986795,0.0,1608.328267,0.0,17411.73,42.0,31703.04,86.540321
2019-01-22,3,2748939.124569,2690150.857487,58788.267082,0.0,1572.21188,0.0,17120.5,100.0,31687.39,86.751832
2019-01-22,4,2760025.820761,2694901.211741,65124.60902,0.0,1498.967444,0.0,16785.56,100.0,32456.75,85.037036
2019-01-22,5,2803601.455378,2725333.583604,78267.871774,0.0,1510.429511,0.0,16563.05,42.0,34693.99,80.809427
2019-01-22,6,2843372.871477,2738811.202845,104561.668632,0.0,1238.456582,0.0,16095.99,42.0,38275.89,74.286264
2019-01-22,7,2856623.388315,2738801.332845,117822.05547,0.0,947.672833,0.0,15332.12,42.0,39264.5,72.753337
2019-01-22,8,2864985.787156,2743583.960345,121401.826811,0.0,609.306249,0.0,13982.66,42.0,38572.2,74.275924
2019-01-22,9,2869573.685562,2743580.670345,125993.015217,0.0,775.792164,0.0,13305.02,42.0,38427.65,74.674712
2019-01-22,10,2871706.361941,2759045.449319,112660.912622,0.0,280.501337,0.0,13667.66,42.0,38336.72,74.907461
2019-01-22,11,2898599.186966,2777253.265917,121345.921049,0.0,155.375242,0.0,13046.26,387.3,38194.55,75.890387
2019-01-22,12,2942008.918202,2831156.003207,110852.914995,0.0,152.106054,0.0,14029.02,387.3,38047.39,77.324855
2019-01-22,13,3020944.096757,2895442.858877,125501.23788,0.0,682.33538,0.0,14727.21,255.5,37928.8,79.647764
2019-01-22,14,3016808.113508,2887204.798983,129603.314525,0.0,666.291289,0.0,14692.308561,326.551439,37764.87,79.88398
2019-01-22,15,2993009.537731,2870108.492479,122901.045252,0.0,750.017156,0.0,15252.24462,382.86538,37721.42,79.345092
2019-01-22,16,3020624.105841,2895253.01053,125371.095311,0.0,99.349872,0.0,14264.0,255.5,38197.9,79.078277
2019-01-22,17,2965517.509745,2842208.360798,123309.148947,0.0,366.821418,0.0,13797.23,100.0,39549.44,74.982541
2019-01-22,18,2953291.593707,2814941.2839,138350.309807,0.0,986.154652,0.0,13459.27,42.0,41482.82,71.193125
2019-01-22,19,2963728.496442,2802133.6073,161594.889142,0.0,808.476104,0.0,11941.73,42.0,41948.56,70.651495
2019-01-22,20,2948918.472422,2802133.6073,146784.865122,0.0,1068.866944,0.0,13912.06,42.0,42046.29,70.135046
2019-01-22,21,2905883.12229,2786675.408326,119207.713964,0.0,1508.38776,0.0,16502.19,42.0,41182.99,70.560276
2019-01-22,22,2855870.13493,2740954.005085,114916.129845,0.0,1502.204413,0.0,17323.28,42.0,39508.01,72.285851
2019-01-22,23,2846621.538257,2740954.005085,105667.533171,0.0,1482.119194,0.0,15633.49,42.0,37858.36,75.191359
2019-01-23,0,727588.627673,612757.503921,114831.123752,0.0,1476.093928,0.0,15009.09,0.0,36874.0,19.731752
2019-01-23,1,761116.473052,618550.397985,142566.075067,0.0,1255.674581,0.0,11813.17,42.0,36896.58,20.628375
2019-01-23,2,761777.007607,618547.107985,143229.899622,0.0,1224.899733,0.0,12611.5,0.0,37340.84,20.400639
2019-01-23,3,804080.462218,648847.01902,155233.443198,0.0,394.570838,0.0,12135.53,0.0,38581.72,20.84097
2019-01-23,4,772740.289454,657877.535161,114862.754292,0.0,0.0,0.0,11208.19,0.0,40620.56,19.023379
2019-01-23,5,798964.635352,661602.589254,137362.046098,0.0,0.0,0.0,11570.22,0.0,44170.9,18.088032
2019-01-23,6,992583.854269,790593.88788,201989.966389,0.0,0.0,0.0,9514.82,0.0,49254.31,20.152223
2019-01-23,7,1058168.020395,811661.551,246506.469394,0.0,0.0,0.0,8005.76,0.0,51796.1,20.429492
2019-01-23,8,1056819.154399,811658.261,245160.893398,0.0,0.0,0.0,7180.61,0.0,51379.74,20.568791
2019-01-23,9,1031376.057019,811658.261,219717.796019,0.0,0.0,0.0,7884.54,0.0,50589.1,20.387318
2019-01-23,10,968823.792268,772237.957688,196585.83458,0.0,0.0,0.0,8812.85,0.0,49544.31,19.554693
2019-01-23,11,867759.917386,697220.369673,170539.547714,0.0,0.0,0.0,10232.19,0.0,48035.87,18.064832
2019-01-23,12,929357.909096,790430.846831,138927.062265,0.0,0.0,0.0,12346.26,0.0,46272.73,20.084354
2019-01-23,13,943070.724182,760808.818054,182261.906128,0.0,269.01457,0.0,14251.02,88.5,44752.21,21.073165
2019-01-23,14,904377.220313,727499.775573,176877.44474,0.0,540.438726,0.0,14094.2,88.5,43121.43,20.972802
2019-01-23,15,902443.761084,727496.485573,174947.275511,0.0,634.440303,0.0,13472.76,130.5,41972.03,21.501075
2019-01-23,16,934450.865278,756183.349703,178267.515575,0.0,414.200805,0.0,12425.254541,128.135459,42017.47,22.23958
2019-01-23,17,920802.612453,791258.228898,129544.383554,0.0,0.0,0.0,9839.4,0.0,43479.13,21.178037
2019-01-23,18,898322.813071,731353.432183,166969.380887,0.0,0.0,0.0,6896.08,0.0,46781.57,19.202494
2019-01-23,19,950098.330952,731334.202183,218764.128769,0.0,0.0,0.0,4197.62,0.0,48121.09,19.743907
2019-01-23,20,964948.187701,731334.202183,233613.985518,0.0,0.0,0.0,3555.08,0.0,48589.25,19.859294
2019-01-23,21,946774.418061,731334.202183,215440.215878,0.0,0.0,0.0,3649.93,0.0,47987.46,19.729621
2019-01-23,22,906859.290737,731334.202183,175525.088554,0.0,0.0,0.0,4618.47,0.0,46144.05,19.652789
2019-01-23,23,785760.890963,616896.310856,168864.580107,0.0,0.0,0.0,4582.6,0.0,44401.89,17.696564
2019-01-24,0,764320.84452,597176.189908,167144.654612,0.0,0.0,0.0,4990.04,0.0,43536.71,17.555779
2019-01-24,1,752730.062517,597173.409908,155556.652608,0.0,0.0,0.0,5827.93,0.0,43331.08,17.371597
2019-01-24,2,802144.7522,650198.692756,151946.059444,0.0,0.0,0.0,4928.48,0.0,43556.02,18.416392
2019-01-24,3,813545.30857,650195.402756,163349.905815,0.0,0.0,0.0,4435.32,0.0,44178.62,18.41491
2019-01-24,4,920034.188851,746300.393892,173733.79496,0.0,0.0,0.0,4048.15,0.0,45683.05,20.139509
2019-01-24,5,1027780.120944,814931.402361,212848.718583,0.0,0.0,0.0,3780.61,0.0,49021.05,20.966098
2019-01-24,6,1287351.412839,992095.492262,295255.920577,0.0,0.0,0.0,3484.91,0.0,53643.76,23.998158
2019-01-24,7,1305973.272535,992086.132262,313887.140273,0.0,0.0,0.0,3235.31,0.0,54669.49,23.888521
2019-01-24,8,1252067.981179,992086.132262,259981.848917,0.0,0.0,0.0,2711.91,0.0,51857.4,24.144442
2019-01-24,9,1190101.663161,992086.132262,198015.530899,0.0,0.0,0.0,3075.53,0.0,48510.5,24.532867
2019-01-24,10,1045562.357133,898729.064055,146833.293077,0.0,0.0,0.0,5424.57,0.0,45580.32,22.938899
2019-01-24,11,1048949.386672,935435.063023,113514.323648,0.0,0.0,0.0,6991.91,0.0,42871.2,24.46746
2019-01-24,12,999292.48917,813312.383322,185980.105848,0.0,71.733073,0.0,9808.14,88.5,40657.35,24.578397
2019-01-24,13,939534.301581,769706.788928,169827.512653,0.0,1097.86851,0.0,12420.92,130.5,39133.0,24.008747
2019-01-24,14,921908.915396,768664.520529,153244.394867,0.0,1851.961754,0.0,13524.07,130.5,37937.13,24.300966
2019-01-24,15,900258.573126,764738.895036,135519.67809,0.0,1850.953048,0.0,14336.43,130.5,37398.83,24.071838
2019-01-24,16,876425.9806,754720.951009,121705.029591,0.0,1076.383208,0.0,14837.36,130.5,37622.28,23.295398
2019-01-24,17,869706.475662,740442.14897,129264.326691,0.0,1241.267261,0.0,13251.97,42.0,38843.86,22.389806
2019-01-24,18,900000.097479,738222.781857,161777.315623,0.0,895.425321,0.0,11267.48,42.0,41673.85,21.596279
2019-01-24,19,914236.346871,754520.642984,159715.703888,0.0,0.0,0.0,8498.42,0.0,42862.65,21.329441
2019-01-24,20,897287.421574,756357.534357,140929.887217,0.0,0.0,0.0,7972.67,0.0,43318.39,20.713776
2019-01-24,21,814906.578725,681830.011752,133076.566972,0.0,0.0,0.0,7590.35,0.0,42613.88,19.123032
2019-01-24,22,754981.128296,628442.386529,126538.741768,0.0,0.0,0.0,6958.09,0.0,40928.54,18.446324
2019-01-24,23,806154.610363,704948.809673,101205.80069,0.0,0.0,0.0,6471.53,0.0,39360.33,20.481399
2019-01-25,0,636640.344688,524859.785516,111780.559172,0.0,0.0,0.0,6041.38,0.0,38608.92,16.489463
2019-01-25,1,586014.968245,458847.765689,127167.202556,0.0,0.0,0.0,5808.82,0.0,38644.37,15.164304
2019-01-25,2,593423.566556,458841.185689,134582.380867,0.0,0.0,0.0,5603.44,0.0,39025.4,15.206085
2019-01-25,3,610234.008295,467584.672472,142649.335822,0.0,0.0,0.0,5624.88,0.0,39806.26,15.330102
2019-01-25,4,665396.242254,514300.954759,151095.287494,0.0,0.0,0.0,5781.95,0.0,41435.44,16.058626
2019-01-25,5,879457.9135,704882.619014,174575.294486,0.0,0.0,0.0,4098.31,0.0,44648.23,19.697487
2019-01-25,6,961932.501602,704869.459014,257063.042588,0.0,0.0,0.0,3789.42,0.0,49074.58,19.601441
2019-01-25,7,971711.593292,704869.459014,266842.134279,0.0,0.0,0.0,4634.21,0.0,50406.28,19.27759
2019-01-25,8,963683.498662,704869.459014,258814.039648,0.0,0.0,0.0,3385.74,0.0,48816.58,19.740906
2019-01-25,9,799949.041509,557318.299926,242630.741584,0.0,0.0,0.0,3115.12,0.0,46875.83,17.065277
2019-01-25,10,704368.267555,505682.291802,198685.975754,0.0,0.0,0.0,4731.48,0.0,44799.98,15.722513
2019-01-25,11,582235.056669,413239.995642,168995.061027,0.0,0.0,0.0,5988.92,0.0,42650.18,13.651409
2019-01-25,12,492371.859601,352135.665193,140236.194408,0.0,0.0,0.0,8053.0,0.0,40734.49,12.087346
2019-01-25,13,495739.091917,387806.464949,107932.626968,0.0,0.0,0.0,10560.17,58.0,39344.61,12.599924
2019-01-25,14,536813.922481,355553.848793,181260.073687,0.0,0.0,0.0,9906.22,345.3,38202.48,14.051808
2019-01-25,15,465747.896039,372199.29744,93548.598599,0.0,0.0,0.0,9604.11,0.0,37591.34,12.389766
2019-01-25,16,379248.247799,257173.350137,122074.897662,0.0,0.0,0.0,8953.09,0.0,37812.07,10.02982
2019-01-25,17,465865.793737,335379.828785,130485.964953,0.0,0.0,0.0,6903.8,0.0,38772.65,12.01532
2019-01-25,18,537226.750877,353706.148977,183520.601901,0.0,0.0,0.0,5453.69,0.0,40973.41,13.111595
2019-01-25,19,574855.381342,353702.858977,221152.522365,0.0,0.0,0.0,4605.44,0.0,41315.59,13.913764
2019-01-25,20,567213.506309,353702.858977,213510.647332,0.0,0.0,0.0,5050.48,0.0,41286.15,13.73859
2019-01-25,21,527505.846024,348837.202478,178668.643546,0.0,0.0,0.0,6338.15,0.0,40874.96,12.905354
2019-01-25,22,464338.822258,322232.347715,142106.474542,0.0,0.0,0.0,8260.12,0.0,39724.31,11.689034
2019-01-25,23,429226.352152,289180.090954,140046.261199,142.241113,0.0,0.0,7389.22,0.0,38343.09,11.19436
2019-01-26,0,440333.153517,305018.22607,135314.927447,0.0,0.0,0.0,6354.16,0.0,37355.91,11.78751
2019-01-26,1,443631.026596,305619.742871,138011.283726,0.0,0.0,0.0,5448.04,0.0,36777.14,12.062684
2019-01-26,2,416008.667149,268692.096779,147316.57037,0.0,0.0,0.0,5191.19,0.0,36532.54,11.387346
2019-01-26,3,421657.462899,272891.136778,148766.326122,0.0,0.0,0.0,4766.81,0.0,36588.77,11.524232
2019-01-26,4,448859.21047,293971.959899,154887.250572,0.0,0.0,0.0,4517.9,0.0,37097.2,12.099544
2019-01-26,5,513309.164734,356107.277131,157201.887603,0.0,0.0,0.0,3954.13,0.0,38260.57,13.41614
2019-01-26,6,579858.482951,396783.875946,183074.607005,0.0,0.0,0.0,3555.48,0.0,40148.12,14.44298
2019-01-26,7,615066.051671,396774.005946,218292.045725,0.0,0.0,0.0,3315.99,0.0,41852.89,14.695904
2019-01-26,8,678161.30786,448412.79407,229748.51379,0.0,0.0,0.0,3068.07,0.0,42579.34,15.927004
2019-01-26,9,648641.732294,448410.01407,200231.718224,0.0,0.0,0.0,3302.08,0.0,42093.68,15.40948
2019-01-26,10,589303.90584,435608.91747,153694.98837,0.0,0.0,0.0,4963.54,0.0,40660.89,14.493138
2019-01-26,11,458249.482229,304574.078894,153675.403335,0.0,0.0,0.0,5479.12,0.0,39039.63,11.738059
2019-01-26,12,411078.632457,295038.05687,116040.575587,0.0,0.0,0.0,6846.12,0.0,37520.87,10.955999
2019-01-26,13,351665.02845,247198.501046,104466.527404,0.0,0.0,0.0,8513.49,0.0,36242.42,9.703133
2019-01-26,14,317185.531457,222018.652346,95166.879111,0.0,0.0,0.0,8646.54,0.0,35288.78,8.988283
2019-01-26,15,304193.822386,214746.985238,89446.837148,0.0,0.0,0.0,8484.95,0.0,34739.23,8.756493
2019-01-26,16,307937.173736,218393.807862,89543.365875,0.0,0.0,0.0,8077.14,0.0,34863.7,8.832602
2019-01-26,17,376983.352959,271932.726791,105050.626169,0.0,0.0,0.0,6386.22,0.0,36079.37,10.448723
2019-01-26,18,452946.487,316122.169991,136824.317009,0.0,0.0,0.0,4948.64,0.0,38021.36,11.912948
2019-01-26,19,486706.129244,316118.879991,170587.249253,0.0,0.0,0.0,3846.52,0.0,38343.54,12.693302
2019-01-26,20,489118.983048,316118.879991,173000.103058,0.0,0.0,0.0,3770.7,0.0,38250.07,12.787401
2019-01-26,21,467929.518892,316118.879991,151810.638902,0.0,0.0,0.0,4117.28,0.0,37830.27,12.369183
2019-01-26,22,438429.37698,307378.683207,131050.693773,0.0,0.0,0.0,4820.75,0.0,37064.94,11.828682
2019-01-26,23,450977.936399,316815.177799,134162.7586,0.0,0.0,0.0,3433.84,0.0,36040.13,12.513216
2019-01-27,0,443946.390615,316808.597799,127137.792816,0.0,0.0,0.0,2931.52,0.0,35064.49,12.660854
2019-01-27,1,435181.316616,316808.597799,118372.718817,0.0,0.0,0.0,3343.48,0.0,34728.96,12.53079
2019-01-27,2,510850.969409,398550.768006,112300.201403,0.0,0.0,0.0,2860.83,0.0,34628.95,14.752136
2019-01-27,3,514789.365976,398544.188006,116245.17797,0.0,0.0,0.0,2962.58,0.0,34985.06,14.714549
2019-01-27,4,523289.63914,411348.574605,111941.064535,0.0,0.0,0.0,3490.82,0.0,35522.54,14.7312
2019-01-27,5,575906.099561,459518.567614,116387.531947,0.0,0.0,0.0,3560.05,0.0,36574.47,15.746123
2019-01-27,6,590301.901592,459515.787614,130786.113978,0.0,0.0,0.0,3984.19,0.0,38194.77,15.455045
2019-01-27,7,631396.657551,496590.387079,134806.270472,0.0,0.0,0.0,4921.51,0.0,39753.86,15.88265
2019-01-27,8,644650.70881,496580.517079,148070.191731,0.0,0.0,0.0,4149.29,0.0,40424.05,15.947207
2019-01-27,9,631536.712024,496580.517079,134956.194945,0.0,0.0,0.0,4229.07,0.0,39681.48,15.91515
2019-01-27,10,582778.38425,478241.036887,104537.347363,0.0,0.0,0.0,5875.92,0.0,38157.72,15.272883
2019-01-27,11,528675.101733,435146.532025,93528.569708,0.0,0.0,0.0,6635.76,0.0,36835.59,14.352291
2019-01-27,12,530684.350411,448350.72857,82333.621841,0.0,0.0,0.0,7868.33,0.0,35691.67,14.868577
2019-01-27,13,579385.602946,489748.545172,89637.057774,0.0,0.0,0.0,8930.56,58.0,34818.67,16.640084
2019-01-27,14,614733.664441,466216.057284,148517.607157,0.0,138.906222,0.0,9788.1,130.5,34189.75,17.980057
2019-01-27,15,583685.982873,436624.961602,147061.021271,0.0,10.679416,0.0,9969.17,130.5,33866.03,17.235146
2019-01-27,16,529677.012993,422530.996246,107146.016747,0.0,0.0,0.0,9651.52,0.0,33943.06,15.604869
2019-01-27,17,449379.847462,328561.714115,120818.133348,0.0,0.0,0.0,7679.62,0.0,34891.3,12.879424
2019-01-27,18,506830.734516,372078.250555,134752.483961,0.0,0.0,0.0,5729.01,0.0,37539.35,13.501319
2019-01-27,19,523942.309883,372048.640555,151893.669328,0.0,0.0,0.0,3511.57,0.0,38610.24,13.570035
2019-01-27,20,523605.391604,372048.640555,151556.751049,0.0,0.0,0.0,4136.32,0.0,38919.37,13.453594
2019-01-27,21,506802.331217,371551.995144,135250.336073,0.0,0.0,0.0,5776.4,0.0,38441.85,13.183609
2019-01-27,22,446305.792909,336906.593851,109399.199058,0.0,0.0,0.0,8706.01,0.0,37020.9,12.055509
2019-01-27,23,389550.21598,280391.237191,109158.978789,0.0,0.0,0.0,9144.82,0.0,35538.04,10.9615
2019-01-28,0,376317.902111,273617.684196,102700.217914,0.0,0.0,0.0,9415.54,0.0,34442.81,10.925877
2019-01-28,1,377299.172187,272604.532094,104694.640093,0.0,0.0,0.0,9715.12,0.0,33945.89,11.114723
2019-01-28,2,368569.629817,281090.633167,87478.99665,0.0,0.0,0.0,8933.83,0.0,34072.4,10.817249
2019-01-28,3,374549.961695,292405.302651,82144.659044,0.0,0.0,0.0,8288.75,0.0,34561.03,10.83735
2019-01-28,4,400927.467548,309692.599978,91234.86757,0.0,0.0,0.0,7885.09,0.0,36027.0,11.128528
2019-01-28,5,464991.676392,350060.41861,114931.257782,0.0,0.0,0.0,8023.14,0.0,39003.56,11.921775
2019-01-28,6,557122.821896,398220.541618,158902.280277,0.0,0.0,0.0,8797.98,0.0,43325.03,12.859145
2019-01-28,7,574633.91669,407406.073642,167227.843047,0.0,0.0,0.0,9868.72,0.0,44474.47,12.920534
2019-01-28,8,566526.160078,407757.073642,158769.086436,0.0,0.0,0.0,7502.67,0.0,42969.55,13.184363
2019-01-28,9,549273.930534,407753.783642,141520.146892,0.0,0.0,0.0,7093.93,0.0,41406.95,13.265259
2019-01-28,10,700224.164479,592698.47343,107525.691049,0.0,0.0,0.0,8946.48,0.0,39850.32,17.571356
2019-01-28,11,751189.475308,598931.899464,152257.575844,0.0,692.345711,0.0,10784.59,0.0,38725.87,19.397614
2019-01-28,12,2846609.407843,2721164.269405,125445.138438,0.0,1179.802468,0.0,15224.55,255.5,37842.19,75.223168
2019-01-28,13,2883899.539317,2701427.115513,182472.423804,0.0,797.461408,0.0,12951.38,417.8,37421.64,77.065023
2019-01-28,14,2930218.169554,2774266.575064,155951.59449,0.0,831.885121,0.0,12271.124674,348.115326,36970.75,79.257742
2019-01-28,15,2901589.844055,2757273.483041,144316.361014,0.0,606.19574,0.0,11620.93,255.5,36787.85,78.873591
2019-01-28,16,2903383.010095,2765556.334875,137826.67522,0.0,231.018114,0.0,11675.04,130.5,37254.01,77.934778
2019-01-28,17,2908526.367365,2759856.246232,148670.121133,0.0,1015.957857,0.0,12797.57,387.3,38404.4,75.734196
2019-01-28,18,2851464.045966,2705000.039005,146464.006961,0.0,1085.219615,0.0,13032.05,100.0,40909.35,69.702013
2019-01-28,19,2827624.20073,2650428.162547,177196.038183,0.0,838.198036,0.0,10709.88,42.0,41635.91,67.913112
2019-01-28,20,2814479.544332,2650428.162547,164051.381785,0.0,1043.716483,0.0,11974.03,42.0,41519.59,67.786786
2019-01-28,21,2793359.551064,2650428.162547,142931.388517,0.0,1396.613259,0.0,13466.59,42.0,40498.24,68.974838
2019-01-28,22,2760724.88022,2627942.455364,132782.424856,0.0,334.451156,0.0,13078.3,42.0,38796.28,71.159526
2019-01-28,23,2695802.710001,2624322.98299,71479.72701,0.0,0.0,0.0,12396.92,0.0,37200.29,72.46725
2019-01-29,0,2592300.831811,2507103.93295,85196.898862,0.0,0.0,0.0,11128.91,0.0,36608.24,70.811949
2019-01-29,1,2450193.256996,2349362.317822,100830.939175,0.0,0.0,0.0,10660.02,0.0,36776.55,66.623793
2019-01-29,2,2463165.887937,2354568.310431,108597.577507,0.0,0.0,0.0,10354.04,0.0,37327.61,65.987774
2019-01-29,3,2560724.3728,2454817.938485,105906.434315,0.0,0.0,0.0,10154.47,0.0,38497.83,66.51607
2019-01-29,4,2639813.697176,2503015.964694,136797.732482,0.0,0.0,0.0,7822.14,0.0,40641.3,64.953968
2019-01-29,5,2771601.138913,2603308.14451,168292.994403,0.0,0.0,0.0,6685.33,0.0,44595.11,62.150338
2019-01-29,6,2915507.710325,2686798.475175,228709.23515,0.0,0.0,0.0,5933.64,0.0,49811.39,58.530945
2019-01-29,7,2963436.401729,2702078.191864,261358.209866,0.0,0.0,0.0,5338.2,0.0,51758.51,57.255056
2019-01-29,8,2947808.290016,2702074.901864,245733.388152,0.0,0.0,0.0,4369.35,0.0,50303.02,58.60102
2019-01-29,9,2834973.36797,2610617.661931,224355.706038,0.0,0.0,0.0,5453.76,0.0,48546.69,58.396842
2019-01-29,10,2766460.315876,2592278.18174,174182.134136,0.0,0.0,0.0,6937.17,0.0,46756.84,59.166965
2019-01-29,11,2673582.940476,2508986.138522,164596.801953,0.0,0.0,0.0,8389.22,0.0,44927.47,59.508869
2019-01-29,12,2641071.952824,2475566.258724,165505.6941,0.0,0.0,0.0,10727.86,0.0,43119.94,61.249435
2019-01-29,13,2782697.243745,2653324.785129,129372.458616,0.0,0.0,0.0,12027.53,0.0,41645.5,66.818678
2019-01-29,14,2925664.848306,2766466.545411,159198.302895,0.0,22.657688,0.0,12256.65,100.0,40371.83,72.467977
2019-01-29,15,2905066.365733,2757759.683492,147306.682241,0.0,98.766788,0.0,12201.57,42.0,39732.22,73.116135
2019-01-29,16,2864986.996906,2726951.960173,138035.036733,0.0,0.0,0.0,12634.97,0.0,40438.08,70.84874
2019-01-29,17,2910931.016198,2751976.465621,158954.550577,0.0,0.0,0.0,11142.68,0.0,42743.54,68.102245
2019-01-29,18,2926417.087114,2750661.126783,175755.960331,0.0,0.0,0.0,9142.26,0.0,46096.01,63.485258
2019-01-29,19,2886611.474027,2693947.33896,192664.135067,0.0,0.0,0.0,7278.64,0.0,46889.54,61.561949
2019-01-29,20,2891507.204455,2693944.04896,197563.155495,0.0,0.0,0.0,6700.7,0.0,46855.68,61.710922
2019-01-29,21,2883295.461615,2703136.566209,180158.895406,0.0,0.0,0.0,6572.16,0.0,45618.1,63.205076
2019-01-29,22,2833749.881888,2675275.530091,158474.351797,0.0,0.0,0.0,6202.14,0.0,43337.9,65.387337
2019-01-29,23,2855522.23248,2711190.046561,144332.185919,0.0,0.0,0.0,5923.1,0.0,41274.16,69.18426
2019-01-30,0,2844148.458244,2709566.531378,134581.926866,0.0,0.0,0.0,5542.93,0.0,40105.03,70.9175
2019-01-30,1,2646779.760424,2503023.123723,143756.636702,0.0,0.0,0.0,5164.39,0.0,39667.2,66.724643
2019-01-30,2,2735878.851811,2594195.208521,141683.64329,0.0,0.0,0.0,4181.63,0.0,39697.92,68.917436
2019-01-30,3,2763634.15976,2615269.451642,148364.708118,0.0,0.0,0.0,3725.61,0.0,40162.85,68.810708
2019-01-30,4,2838949.486674,2687314.198989,151635.287685,0.0,0.0,0.0,3747.15,0.0,41549.86,68.326331
2019-01-30,5,2918838.053714,2733515.426347,185322.627368,0.0,0.0,0.0,3431.6,0.0,44728.57,65.256682
2019-01-30,6,3042698.296987,2806249.623203,236448.673784,0.0,0.0,0.0,3345.29,0.0,48909.17,62.211203
2019-01-30,7,3055208.767447,2814983.749986,240225.017461,0.0,0.0,0.0,3444.33,0.0,49940.27,61.177258
2019-01-30,8,3003981.210071,2761958.467139,242022.742932,0.0,0.0,0.0,3519.1,0.0,48738.48,61.634692
2019-01-30,9,2974081.933656,2752440.201212,221641.732444,0.0,0.0,0.0,3712.48,0.0,47776.43,62.249983
2019-01-30,10,2944768.242079,2761266.170859,183502.07122,0.0,0.0,0.0,5169.54,0.0,46696.04,63.062483
2019-01-30,11,2910850.730026,2758435.42775,152415.302276,0.0,0.0,0.0,6749.38,0.0,45102.52,64.538539
2019-01-30,12,2830110.874056,2705410.654903,124700.219153,0.0,0.0,0.0,9264.92,0.0,43519.81,65.030405
2019-01-30,13,2946405.046394,2833829.368621,112575.677773,0.0,0.0,0.0,12100.99,0.0,42592.93,69.175918
2019-01-30,14,2942702.777386,2782524.599918,160178.177469,0.0,472.241224,0.0,14091.588283,315.461717,41598.2,70.741108
2019-01-30,15,2909464.634064,2776769.263597,132695.370467,0.0,1352.824354,0.0,15372.58,262.3,40855.65,71.213275
2019-01-30,16,2906164.006974,2771134.26851,135029.738464,0.0,936.777661,0.0,15281.83,100.0,41365.42,70.255881
2019-01-30,17,2946742.033069,2791401.382118,155340.650951,0.0,1291.090672,0.0,14030.42,42.0,42938.9,68.626398
2019-01-30,18,3051600.009936,2880982.079147,170617.930789,0.0,0.0,0.0,11576.4,0.0,45708.01,66.762916
2019-01-30,19,930021.342077,772270.857688,157750.484389,0.0,0.0,0.0,8526.42,0.0,46323.2,20.076794
2019-01-30,20,773601.661652,624686.7986,148914.863052,0.0,0.0,0.0,9478.8,0.0,46099.9,16.780984
2019-01-30,21,722281.468655,587528.866946,134752.601709,0.0,0.0,0.0,10861.73,0.0,44781.21,16.129119
2019-01-30,22,676609.195991,564662.376559,111946.819432,0.0,0.0,0.0,11167.78,0.0,42286.2,16.000709
2019-01-30,23,539320.836499,419010.930116,120309.906383,0.0,0.0,0.0,10296.65,0.0,39918.88,13.51042
2019-01-31,0,534791.775259,420354.456916,114437.318343,0.0,0.0,0.0,9375.94,0.0,38492.0,13.893582
2019-01-31,1,515796.663089,394497.108701,121299.554388,0.0,0.0,0.0,8659.09,0.0,37710.0,13.677981
2019-01-31,2,513392.177624,394493.818701,118898.358923,0.0,0.0,0.0,8134.71,0.0,37313.58,13.758856
2019-01-31,3,521706.359296,403190.189101,118516.170195,0.0,0.0,0.0,7736.51,0.0,37279.96,13.994284
2019-01-31,4,547221.603756,423641.306426,123580.29733,0.0,0.0,0.0,7339.95,0.0,38084.5,14.368617
2019-01-31,5,588677.354912,452878.764942,135798.58997,0.0,0.0,0.0,8330.47,0.0,40553.02,14.51624
2019-01-31,6,665911.388945,497074.788142,168836.600803,0.0,0.0,0.0,9222.16,0.0,44186.38,15.070512
2019-01-31,7,686021.485893,496826.663717,189194.822176,0.0,0.0,0.0,9805.59,0.0,45158.28,15.191488
2019-01-31,8,865369.700906,713347.842801,152021.858105,0.0,0.0,0.0,10240.79,0.0,44281.41,19.542506
2019-01-31,9,883484.498832,694175.425467,189309.073365,0.0,15.072705,0.0,10868.02,0.0,43755.47,20.191407
2019-01-31,10,826590.345707,664407.354799,162182.990909,0.0,0.0,0.0,11986.05,0.0,43191.0,19.138023
2019-01-31,11,853546.285032,678278.061899,175268.223133,0.0,854.078508,0.0,12771.48,58.0,42327.35,20.165361
2019-01-31,12,832037.207169,659784.965297,172252.241872,0.0,1095.987481,0.0,13130.305913,131.974087,41372.84,20.11071
2019-01-31,13,858317.555678,678109.635098,180207.92058,0.0,164.035751,0.0,13404.07219,241.35781,40710.56,21.083413
2019-01-31,14,841615.874063,665056.29667,176559.577393,0.0,642.27303,0.0,13884.174178,181.835822,40060.99,21.008364
2019-01-31,15,801139.554187,645146.506209,155993.047978,0.0,107.551013,0.0,13033.067632,185.852368,39635.95,20.212447
2019-01-31,16,740648.453008,636943.306026,103705.146982,0.0,0.0,0.0,12160.56,0.0,39945.59,18.541432
2019-01-31,17,562892.708818,427099.463866,135793.244952,0.0,0.0,0.0,9756.16,0.0,40869.71,13.772858
2019-01-31,18,644840.326634,491327.667569,153512.659065,0.0,0.0,0.0,7230.2,0.0,42142.14,15.301556
2019-01-31,19,666156.096008,491304.637569,174851.458439,0.0,0.0,0.0,4852.91,0.0,42038.7,15.846258
2019-01-31,20,509166.092109,343753.478481,165412.613628,0.0,0.0,0.0,5738.52,0.0,41242.69,12.345608
2019-01-31,21,432097.260367,303965.162184,128132.098183,0.0,0.0,0.0,7854.14,0.0,39495.61,10.940387
2019-01-31,22,354602.321657,260754.288293,93848.033364,0.0,0.0,0.0,10079.63,0.0,36999.33,9.58402
2019-01-31,23,315378.555671,214418.07177,100960.483901,0.0,0.0,0.0,9061.14,220.3,34578.04,9.120776
2019-02-01,0,278652.216088,205838.605643,72813.610445,0.0,0.0,0.0,8667.72,0.0,32980.12,8.449096
2019-02-01,1,216466.974096,141505.386186,74961.58791,0.0,0.0,0.0,8099.65,0.0,31998.36,6.76494
2019-02-01,2,225190.164949,141498.806186,83691.358762,0.0,0.0,0.0,6757.27,0.0,31605.7,7.124986
2019-02-01,3,293253.337608,206472.593061,86780.744547,0.0,0.0,0.0,5756.01,0.0,31663.49,9.261561
2019-02-01,4,314128.746845,218947.472779,95181.274067,0.0,0.0,0.0,4877.66,0.0,32348.19,9.71086
2019-02-01,5,424128.717649,321018.800528,103109.917121,0.0,0.0,0.0,4262.86,0.0,34543.87,12.277973
2019-02-01,6,475043.32444,330538.882551,144504.441889,0.0,0.0,0.0,3904.35,0.0,38069.17,12.478426
2019-02-01,7,629161.62442,471600.214215,157561.410205,0.0,0.0,0.0,3749.01,0.0,39356.12,15.986373
2019-02-01,8,629722.486115,471597.434215,158125.0519,0.0,0.0,0.0,3285.28,0.0,39043.26,16.12884
2019-02-01,9,624922.482962,471597.434215,153325.048746,0.0,0.0,0.0,3566.03,0.0,38968.94,16.036425
2019-02-01,10,601716.141546,471597.434215,130118.707331,0.0,0.0,0.0,5287.07,0.0,38684.72,15.554362
2019-02-01,11,560970.25492,444131.988159,116838.266761,0.0,0.0,0.0,6776.89,0.0,38163.72,14.699045
2019-02-01,12,522129.042294,409685.247034,112443.79526,0.0,0.0,0.0,8590.92,0.0,37494.38,13.925528
2019-02-01,13,548563.948267,451583.700267,96980.248,0.0,0.0,0.0,10338.43,0.0,37163.65,14.760766
2019-02-01,14,618448.366138,513566.475523,104881.890615,0.0,0.0,0.0,11221.84,0.0,36738.49,16.833799
2019-02-01,15,626491.571663,477048.246635,149443.325029,0.0,150.577377,0.0,11490.544147,114.485853,36438.11,17.193306
2019-02-01,16,620872.768763,478725.500905,142147.267859,0.0,217.484128,0.0,11510.647797,52.832203,36339.88,17.085163
2019-02-01,17,639847.302925,526466.875724,113380.427201,0.0,0.0,0.0,9783.55,0.0,36855.23,17.361099
2019-02-01,18,579692.42332,475559.81476,104132.60856,0.0,0.0,0.0,8155.06,0.0,37992.78,15.257963
2019-02-01,19,418279.060143,299012.536679,119266.523464,0.0,0.0,0.0,6563.64,0.0,37890.07,11.039279
2019-02-01,20,406326.167292,299009.246679,107316.920613,0.0,0.0,0.0,7185.91,0.0,37315.05,10.889069
2019-02-01,21,372485.89934,273829.397979,98656.501362,0.0,0.0,0.0,8094.52,0.0,36492.65,10.207149
2019-02-01,22,301371.571334,211390.478535,89981.092799,0.0,0.0,0.0,8432.87,0.0,35003.67,8.609714
2019-02-01,23,278294.234284,203051.688134,75242.54615,0.0,0.0,0.0,8333.62,0.0,33192.49,8.384253
2019-02-02,0,254151.294223,184616.483163,69534.81106,0.0,0.0,0.0,8292.86,0.0,31680.63,8.022293
2019-02-02,1,235393.248666,167769.774013,67623.474654,0.0,0.0,0.0,8312.06,0.0,30813.43,7.639307
2019-02-02,2,238729.084986,167769.774013,70959.310974,0.0,0.0,0.0,7325.91,0.0,30320.54,7.87351
2019-02-02,3,245615.240895,174167.63191,71447.608985,0.0,0.0,0.0,6623.14,0.0,30036.31,8.177277
2019-02-02,4,253927.488572,174164.34191,79763.146662,0.0,0.0,0.0,6022.62,0.0,30296.82,8.381325
2019-02-02,5,271132.141285,189626.393911,81505.747374,0.0,0.0,0.0,6223.39,0.0,31127.26,8.71044
2019-02-02,6,303525.673781,217919.836627,85605.837153,0.0,0.0,0.0,6431.01,0.0,32490.01,9.342123
2019-02-02,7,466707.969449,381717.614374,84990.355075,0.0,0.0,0.0,6506.69,0.0,33885.31,13.773165
2019-02-02,8,631208.549635,529258.903462,101949.646172,0.0,0.0,0.0,5715.88,0.0,35211.11,17.926403
2019-02-02,9,643327.732351,529256.123462,114071.608889,0.0,0.0,0.0,5880.5,0.0,36306.49,17.719359
2019-02-02,10,785005.196804,696652.887686,88352.309118,0.0,0.0,0.0,7309.83,0.0,36819.78,21.320203
2019-02-02,11,836281.410164,714457.284864,121824.1253,0.0,36.304004,0.0,9737.75,42.0,36774.95,22.740518
2019-02-02,12,903113.284608,775805.109322,127308.175286,0.0,1336.683852,0.0,12413.63,292.8,36229.18,24.927787
2019-02-02,13,856547.702455,743223.938998,113323.763457,0.0,859.195811,0.0,14087.937219,376.552781,35556.0,24.090103
2019-02-02,14,847861.930564,738277.801826,109584.128738,0.0,1597.708145,0.0,14887.38,417.8,34945.37,24.262497
2019-02-02,15,844981.038848,739644.265725,105336.773123,0.0,1650.799532,0.0,15007.49,255.5,34705.58,24.347123
2019-02-02,16,839376.547914,742502.032416,96874.515498,0.0,873.265065,0.0,13844.37,387.3,34667.72,24.212049
2019-02-02,17,780550.507989,678417.199436,102133.308553,0.0,457.169473,0.0,11442.14,100.0,35220.13,22.162056
2019-02-02,18,779652.347443,696049.970551,83602.376892,0.0,0.0,0.0,9004.51,0.0,36456.52,21.385814
2019-02-02,19,683333.403009,577433.206471,105900.196538,0.0,0.0,0.0,6085.66,0.0,36340.25,18.803762
2019-02-02,20,572587.847965,480567.388007,92020.459958,0.0,0.0,0.0,6968.18,0.0,35839.9,15.976268
2019-02-02,21,464300.797942,380169.43145,84131.366491,0.0,0.0,0.0,8785.95,0.0,35099.54,13.228116
2019-02-02,22,475910.005023,360686.098702,115223.906321,0.0,367.957942,0.0,10597.22,42.0,33841.98,14.062712
2019-02-02,23,426265.538723,321530.450749,104735.087974,0.0,924.876379,0.0,11901.07,42.0,32364.13,13.170925
2019-02-03,0,400594.184195,316548.763248,84045.420948,0.0,1465.075325,0.0,13121.84,42.0,30890.76,12.968091
2019-02-03,1,375946.035633,301983.627384,73962.40825,0.0,1466.783971,0.0,13428.52,42.0,29801.23,12.615118
2019-02-03,2,374181.761206,296564.013008,77617.748198,0.0,1479.967586,0.0,13138.54,42.0,29237.78,12.797886
2019-02-03,3,372505.575506,297787.877385,74717.698122,0.0,925.1207,0.0,12272.34,42.0,28875.82,12.90026
2019-02-03,4,378941.724775,297784.587385,81157.13739,0.0,427.91749,0.0,11400.44,42.0,28859.93,13.130376
2019-02-03,5,379993.575309,297784.587385,82208.987925,0.0,560.100029,0.0,11787.24,42.0,29274.15,12.980516
2019-02-03,6,388602.760636,297784.587385,90818.173252,0.0,693.657684,0.0,12143.02,42.0,30157.8,12.885647
2019-02-03,7,425036.516781,328799.245166,96237.271616,0.0,739.276691,0.0,12118.3,42.0,31277.85,13.589058
2019-02-03,8,450208.16699,340873.85401,109334.31298,0.0,1207.305845,0.0,11771.62,42.0,32673.13,13.779156
2019-02-03,9,463480.938413,340863.98401,122616.954403,0.0,1409.654948,0.0,11450.91,42.0,33971.01,13.643425
2019-02-03,10,482173.950489,373915.777084,108258.173405,0.0,539.530099,0.0,11734.78,42.0,34743.37,13.878157
2019-02-03,11,599980.661292,483558.769866,116421.891426,0.0,1470.865236,0.0,13679.65,250.8,35236.32,17.027336
2019-02-03,12,584475.562112,458898.289377,125577.272735,0.0,1905.477315,0.0,15213.32,255.5,35320.23,16.547898
2019-02-03,13,579854.750834,457188.364113,122666.386721,0.0,1186.935662,0.0,15437.46,417.8,35448.82,16.357519
2019-02-03,14,581334.119852,456303.99892,125030.120932,0.0,1829.401829,0.0,16189.092944,350.277056,35503.04,16.374207
2019-02-03,15,580346.439185,455108.390308,125238.048877,0.0,1795.68328,0.0,16106.9,255.5,35651.65,16.278249
2019-02-03,16,573260.483832,458712.246126,114548.237707,0.0,1002.121178,0.0,15460.53,100.0,35930.43,15.954735
2019-02-03,17,466789.878538,354598.996942,112190.881596,0.0,1501.609795,0.0,14707.87,220.3,36016.56,12.960424
2019-02-03,18,465788.414528,344267.042184,121521.372343,0.0,1239.391199,0.0,13921.35,58.0,36883.84,12.628523
2019-02-03,19,473954.583635,344260.462184,129694.121451,0.0,974.280208,0.0,12372.94,0.0,36885.6,12.849312
2019-02-03,20,467557.440285,344260.462184,123296.978101,0.0,1209.96151,0.0,13242.8,42.0,36355.98,12.860537
2019-02-03,21,451444.529947,333902.238169,117542.291778,0.0,1651.894432,0.0,14511.19,42.0,35889.86,12.578609
2019-02-03,22,428874.617059,322048.44737,106826.169689,0.0,1703.933738,0.0,14834.48,42.0,34302.83,12.502602
2019-02-03,23,406706.019005,315884.402785,90821.61622,0.0,1695.855404,0.0,13964.11,42.0,31883.38,12.756051
2019-02-04,0,377954.222379,285970.405112,91983.817267,0.0,1644.561977,0.0,13076.44,42.0,30092.26,12.559848
2019-02-04,1,373183.305356,285970.405112,87212.900244,0.0,1505.171762,0.0,12271.88,42.0,28995.53,12.870374
2019-02-04,2,382622.024574,296570.593008,86051.431566,0.0,1279.688699,0.0,11260.43,42.0,28443.89,13.451818
2019-02-04,3,388686.724871,301986.917384,86699.807487,0.0,802.412428,0.0,10165.31,42.0,28439.73,13.667033
2019-02-04,4,428269.469163,338625.730501,89643.738662,0.0,281.189606,0.0,9083.59,42.0,28979.11,14.778558
2019-02-04,5,615087.638562,524550.712153,90536.926409,0.0,0.0,0.0,8371.51,42.0,31021.99,19.827472
2019-02-04,6,549097.527599,463632.46429,85465.063309,0.0,0.0,0.0,7679.74,0.0,34580.92,15.878627
2019-02-04,7,564061.567521,463612.72429,100448.843231,0.0,0.0,0.0,6948.63,0.0,36102.55,15.623871
2019-02-04,8,570059.739531,463612.72429,106447.015241,0.0,0.0,0.0,6814.98,0.0,36217.88,15.739732
2019-02-04,9,589566.778117,462008.340393,127558.437724,0.0,0.0,0.0,7538.3,0.0,36834.13,16.005992
2019-02-04,10,776749.210457,684583.157496,92166.052961,0.0,0.0,0.0,8726.43,0.0,37382.85,20.778223
2019-02-04,11,835016.173107,707188.907756,127827.265352,0.0,190.616907,0.0,10427.52,100.0,37779.17,22.102555
2019-02-04,12,900398.68983,781241.703529,119156.986301,0.0,267.913926,0.0,11607.35,262.3,38223.23,23.556321
2019-02-04,13,934306.616405,783732.46024,150574.156165,0.0,446.349668,0.0,12416.16,130.5,38618.09,24.193496
2019-02-04,14,893225.42148,732066.842116,161158.579363,0.0,283.637337,0.0,11712.69,130.5,38791.33,23.026419
2019-02-04,15,866700.262166,761078.113869,105622.148297,0.0,0.0,0.0,10754.36,58.0,38791.88,22.342311
2019-02-04,16,785933.077037,703079.282594,82853.794443,0.0,0.0,0.0,9932.37,0.0,38893.01,20.207566
2019-02-04,17,742298.832747,639216.833811,103081.998936,0.0,0.0,0.0,8054.56,0.0,39089.7,18.989627
2019-02-04,18,784789.766332,661366.568443,123423.197889,0.0,0.0,0.0,6525.77,0.0,40486.01,19.384221
2019-02-04,19,799629.832272,661356.698443,138273.133829,0.0,0.0,0.0,4848.51,0.0,40607.16,19.691843
2019-02-04,20,782272.66575,661356.698443,120915.967307,0.0,0.0,0.0,5383.96,0.0,39694.42,19.707371
2019-02-04,21,736311.388893,633340.945945,102970.442948,0.0,0.0,0.0,6481.82,0.0,38101.7,19.324896
2019-02-04,22,403701.4501,322390.82657,81310.62353,0.0,0.0,0.0,7832.39,0.0,35586.11,11.344355
2019-02-04,23,346808.094502,274882.51817,71925.576332,0.0,0.0,0.0,7735.06,0.0,32883.06,10.54671
2019-02-05,0,252192.081671,182995.994162,69196.087509,0.0,0.0,0.0,7715.02,0.0,31016.64,8.130864
2019-02-05,1,228644.522926,163456.623488,65187.899439,0.0,0.0,0.0,7736.16,0.0,29884.43,7.650958
2019-02-05,2,228710.38498,163456.623488,65253.761493,0.0,0.0,0.0,7140.61,0.0,29341.2,7.794855
2019-02-05,3,229685.291807,163456.623488,66228.668319,0.0,0.0,0.0,6787.16,0.0,29094.67,7.894411
2019-02-05,4,239728.766554,169854.481385,69874.285169,0.0,0.0,0.0,6619.96,0.0,29601.55,8.098521
2019-02-05,5,285584.848595,211166.573485,74418.27511,0.0,0.0,0.0,7044.57,0.0,31559.7,9.049036
2019-02-05,6,377128.024171,279231.853526,97896.170645,0.0,0.0,0.0,7548.12,0.0,35193.8,10.715752
2019-02-05,7,394920.278411,287969.270309,106951.008102,0.0,0.0,0.0,7979.49,0.0,36740.62,10.748874
2019-02-05,8,395740.178142,287965.980309,107774.197833,0.0,0.0,0.0,7773.33,0.0,36716.91,10.778145
2019-02-05,9,402202.439374,287965.980309,114236.459065,0.0,0.0,0.0,8365.16,0.0,37231.37,10.802784
2019-02-05,10,707332.009615,620787.144261,86544.865354,0.0,0.0,0.0,9668.2,0.0,37940.18,18.643349
2019-02-05,11,766238.11482,670968.804726,95269.310093,0.0,0.0,0.0,11655.04,0.0,38400.65,19.95378
2019-02-05,12,781482.917287,642030.159318,139452.757968,0.0,250.124277,0.0,12985.0,387.3,38670.84,20.208584
2019-02-05,13,746955.955413,635316.770422,111639.184991,0.0,0.0,0.0,13789.05,0.0,39089.57,19.10883
2019-02-05,14,764184.451141,632426.482197,131757.968944,0.0,633.922594,0.0,14622.82,262.3,39181.34,19.503786
2019-02-05,15,758757.567784,632426.482197,126331.085587,0.0,938.583813,0.0,15100.57,262.3,39194.66,19.358698
2019-02-05,16,747465.680196,623686.285414,123779.394782,0.0,506.465394,0.0,14752.9,100.0,39119.34,19.107318
2019-02-05,17,799451.750125,674982.529388,124469.220737,0.0,416.706226,0.0,13711.56,100.0,39211.5,20.388196
2019-02-05,18,815722.88726,728586.000134,87136.887127,0.0,0.0,0.0,11169.9,0.0,40563.97,20.109543
2019-02-05,19,688100.087121,561795.443045,126304.644076,0.0,0.0,0.0,7818.58,0.0,40634.58,16.933855
2019-02-05,20,675238.313742,561788.863045,113449.450697,0.0,0.0,0.0,7986.97,0.0,39733.31,16.994263
2019-02-05,21,641320.983388,544788.726447,96532.256941,0.0,0.0,0.0,8494.65,0.0,38239.17,16.77131
2019-02-05,22,483986.296993,403726.884783,80259.412211,0.0,0.0,0.0,8334.15,0.0,35936.63,13.467771
2019-02-05,23,237122.247439,162552.179739,74570.067701,0.0,0.0,0.0,8692.42,0.0,33261.3,7.129073
2019-02-06,0,206789.14819,142829.19309,63959.955099,0.0,0.0,0.0,8847.22,0.0,31459.06,6.573278
2019-02-06,1,175677.905226,112010.381,63667.524226,0.0,0.0,0.0,9085.96,0.0,30294.03,5.799093
2019-02-06,2,169101.8431,106749.946364,62351.896737,0.0,0.0,0.0,8863.74,0.0,29669.03,5.699608
2019-02-06,3,169086.101376,106532.048089,62554.053287,0.0,0.0,0.0,8809.92,0.0,29522.53,5.727358
2019-02-06,4,179784.48852,116299.653089,63484.835431,0.0,0.0,0.0,9147.09,0.0,29999.35,5.992946
2019-02-06,5,291529.57757,230023.860153,61505.717418,0.0,0.0,0.0,8969.51,0.0,31909.5,9.136137
2019-02-06,6,342790.813617,261300.826779,81489.986838,0.0,0.0,0.0,9067.68,0.0,35397.23,9.684114
2019-02-06,7,364399.737485,270024.573562,94375.163922,0.0,0.0,0.0,9250.13,0.0,36912.87,9.871889
2019-02-06,8,391590.640866,294439.010161,97151.630705,0.0,0.0,0.0,8422.14,0.0,36932.27,10.60294
2019-02-06,9,444155.919821,342602.423169,101553.496652,0.0,0.0,0.0,8051.75,0.0,37673.4,11.789643
2019-02-06,10,617591.43543,527866.868033,89724.567396,0.0,0.0,0.0,8714.13,0.0,38504.64,16.039403
2019-02-06,11,701190.285782,576173.34275,125016.943031,0.0,0.0,0.0,11915.243684,192.696316,39121.97,17.923184
2019-02-06,12,665450.805957,516399.861308,149050.944649,0.0,1047.612105,0.0,14338.87,262.3,39640.7,16.78706
2019-02-06,13,666061.510297,515238.473184,150823.037114,0.0,669.37456,0.0,15435.76,387.3,40205.86,16.566279
2019-02-06,14,655642.776736,504855.989903,150786.786833,0.0,1284.620843,0.0,16164.07,387.3,40214.15,16.303783
2019-02-06,15,646116.542222,505064.444783,141052.097438,0.0,1364.89667,0.0,16421.08,262.3,40331.67,16.020079
2019-02-06,16,660554.430787,515582.560065,144971.870722,0.0,896.447932,0.0,16195.08,387.3,40385.06,16.356406
2019-02-06,17,662597.833593,524340.670204,138257.163388,0.0,1419.678646,0.0,15393.79,262.3,40556.09,16.337813
2019-02-06,18,684006.00412,535556.58883,148449.41529,0.0,1179.88853,0.0,14416.73,42.0,41660.08,16.41874
2019-02-06,19,686720.705065,522748.912231,163971.792835,0.0,822.119583,0.0,12711.88,42.0,41660.22,16.483847
2019-02-06,20,667936.480767,522748.912231,145187.568537,0.0,1016.715527,0.0,13845.36,42.0,40883.89,16.3374
2019-02-06,21,619213.144335,490277.233258,128935.911076,0.0,1432.320163,0.0,15479.1,42.0,39323.19,15.746768
2019-02-06,22,447681.499991,337542.459993,110139.039998,0.0,1398.040279,0.0,16343.38,42.0,36738.67,12.185566
2019-02-06,23,401212.805967,310936.842852,90275.963114,0.0,986.37854,0.0,16618.74,42.0,34116.43,11.760105
2019-02-07,0,367516.936077,289663.152478,77853.783598,0.0,813.149672,0.0,16614.37,100.0,32142.35,11.434041
2019-02-07,1,350455.999703,272207.72839,78248.271313,0.0,692.027433,0.0,16245.19,100.0,31007.24,11.302393
2019-02-07,2,345913.775318,271541.11189,74372.663428,0.0,494.804496,0.0,15609.12,42.0,30408.5,11.375562
2019-02-07,3,348514.441437,274434.690115,74079.751322,0.0,947.171102,0.0,15696.62,42.0,30169.49,11.551884
2019-02-07,4,357988.16592,277541.347316,80446.818604,0.0,1317.325778,0.0,15790.05,42.0,30598.87,11.699392
2019-02-07,5,397667.777936,312600.151294,85067.626642,0.0,1637.766269,0.0,15552.79,42.0,32268.6,12.323676
2019-02-07,6,585261.14533,476764.188681,108496.956649,0.0,1603.74584,0.0,14444.26,42.0,35643.03,16.420073
2019-02-07,7,609535.747859,500317.742198,109218.005661,0.0,1421.749897,0.0,13787.45,42.0,37230.74,16.371841
2019-02-07,8,625824.458134,505721.172197,120103.285936,0.0,1270.913543,0.0,13093.7,42.0,37830.32,16.542933
2019-02-07,9,2759646.573321,2638204.984738,121441.588583,0.0,1079.471031,0.0,12962.59,42.0,38883.34,70.972467
2019-02-07,10,2956087.756267,2838565.494044,117522.262222,0.0,405.199867,0.0,13289.438933,337.571067,39998.67,73.904651
2019-02-07,11,3051553.307437,2909264.119677,142289.18776,0.0,1375.368332,0.0,14697.09,417.8,40557.63,75.239932
2019-02-07,12,3042403.677432,2893865.07192,148538.605512,0.0,1941.832676,0.0,15982.558951,277.411049,40368.73,75.365355
2019-02-07,13,3032706.105773,2896744.03635,135962.069423,0.0,1825.683969,0.0,16954.709893,257.630107,40140.28,75.552689
2019-02-07,14,3018824.371367,2884420.381202,134403.990165,0.0,2592.885056,0.0,17713.758088,315.691912,39689.98,76.060113
2019-02-07,15,3018616.500633,2884672.746364,133943.754269,0.0,2457.44546,0.0,17345.76,387.3,39397.1,76.620272
2019-02-07,16,3033733.786483,2896707.867881,137025.918603,0.0,1506.625651,0.0,16205.494333,327.005667,39784.03,76.255065
2019-02-07,17,3065471.697855,2922469.202217,143002.495638,0.0,1224.464496,0.0,14360.09,100.0,41078.32,74.62505
2019-02-07,18,3021547.037784,2847516.576398,174030.461386,0.0,702.07894,0.0,12495.23332,23.87668,43866.32,68.880796
2019-02-07,19,3029630.1824,2825032.627492,204597.554908,0.0,234.067566,0.0,10640.73,0.0,45020.72,67.29413
2019-02-07,20,3035165.598312,2825029.337492,210136.26082,0.0,46.871372,0.0,10614.45,0.0,45361.47,66.910653
2019-02-07,21,3019031.616205,2818311.335301,200720.280904,0.0,248.647411,0.0,11887.34,42.0,44699.57,67.540507
2019-02-07,22,2978903.575457,2788465.091029,190438.484428,0.0,473.929617,0.0,11728.06,42.0,43102.69,69.111779
2019-02-07,23,2950844.232019,2788465.091029,162379.14099,0.0,325.012981,0.0,12254.91,42.0,41556.16,71.008588
2019-02-08,0,2874953.351651,2763404.426263,111548.925388,0.0,0.0,0.0,12731.86,0.0,40658.73,70.709374
2019-02-08,1,2622293.521743,2492265.767383,130027.75436,0.0,0.0,0.0,12462.8,0.0,40525.59,64.707103
2019-02-08,2,2624490.846172,2492259.187383,132231.65879,0.0,0.0,0.0,12935.11,0.0,40948.53,64.092431
2019-02-08,3,2649175.149535,2510659.991175,138515.15836,0.0,0.0,0.0,13112.37,0.0,41797.9,63.38058
2019-02-08,4,2705143.926454,2554852.724375,150291.202079,0.0,0.0,0.0,13066.62,0.0,43456.23,62.249853
2019-02-08,5,2838980.385063,2680252.469158,158727.915905,0.0,0.0,0.0,14022.12,0.0,46785.77,60.680425
2019-02-08,6,2978762.575244,2760025.4638,218737.111444,0.0,0.0,0.0,11999.18,0.0,51649.12,57.673056
2019-02-08,7,3062204.47034,2813027.716648,249176.753692,0.0,0.0,0.0,9354.28,0.0,53731.32,56.991052
2019-02-08,8,3060028.999334,2817226.756647,242802.242688,0.0,0.0,0.0,9069.18,0.0,53581.51,57.109794
2019-02-08,9,2936225.54637,2673271.336758,262954.209613,0.0,0.0,0.0,9174.35,0.0,53723.47,54.654428
2019-02-08,10,2910877.52114,2676164.914983,234712.606157,0.0,0.0,0.0,9930.63,0.0,53044.37,54.876277
2019-02-08,11,2844253.59145,2603444.793738,240808.797712,0.0,0.0,0.0,9033.23,0.0,52413.24,54.265937
2019-02-08,12,2825341.231898,2603444.793738,221896.43816,0.0,0.0,0.0,9015.58,0.0,51610.59,54.74344
2019-02-08,13,2819888.218481,2603444.793738,216443.424742,0.0,0.0,0.0,8635.85,0.0,51186.36,55.090618
2019-02-08,14,2793779.052763,2587005.141821,206773.910942,0.0,0.0,0.0,9262.7,0.0,50763.61,55.035074
2019-02-08,15,2802207.002219,2603448.083738,198758.918481,0.0,0.0,0.0,9982.54,0.0,50701.55,55.268665
2019-02-08,16,2805340.244795,2602570.212178,202770.032617,0.0,0.0,0.0,10692.86,0.0,51346.71,54.635248
2019-02-08,17,2834593.978667,2602600.438328,231993.540339,0.0,0.0,0.0,9929.88,0.0,52476.55,54.016394
2019-02-08,18,2873341.806366,2620939.91852,252401.887846,0.0,0.0,0.0,9063.56,0.0,53645.54,53.561616
2019-02-08,19,2887621.456862,2631315.699857,256305.757005,0.0,0.0,0.0,8282.2,0.0,53314.38,54.16215
2019-02-08,20,2872272.187835,2631302.539857,240969.647978,0.0,0.0,0.0,7697.74,0.0,52495.33,54.714813
2019-02-08,21,2819623.821053,2587103.226657,232520.594396,0.0,0.0,0.0,7636.91,0.0,51199.2,55.071638
2019-02-08,22,2783637.449662,2579387.436657,204250.013005,0.0,0.0,0.0,7640.59,0.0,49300.48,56.462685
2019-02-08,23,2712154.220051,2526365.44381,185788.776241,0.0,0.0,0.0,8291.11,0.0,47318.89,57.316522
2019-02-09,0,2656720.383408,2489767.500908,166952.8825,0.0,0.0,0.0,8755.91,0.0,45830.48,57.968417
2019-02-09,1,2594298.059535,2430178.19265,164119.866885,0.0,0.0,0.0,9272.95,0.0,44937.75,57.730929
2019-02-09,2,2586719.805834,2420642.170626,166077.635207,0.0,0.0,0.0,8647.56,0.0,44317.85,58.367448
2019-02-09,3,2595824.812197,2429385.65741,166439.154787,0.0,0.0,0.0,8133.97,0.0,44142.8,58.805169
2019-02-09,4,2619364.553108,2450343.774682,169020.778426,0.0,0.0,0.0,7817.31,0.0,44493.66,58.870512
2019-02-09,5,2647613.886737,2465386.422603,182227.464134,0.0,0.0,0.0,7404.13,0.0,45484.93,58.208595
2019-02-09,6,2713369.384022,2518408.41545,194960.968572,0.0,0.0,0.0,7052.82,0.0,47073.41,57.641233
2019-02-09,7,2778860.50348,2562607.72865,216252.77483,0.0,0.0,0.0,6846.6,0.0,48714.48,57.04383
2019-02-09,8,2804105.62846,2562604.43865,241501.189809,0.0,0.0,0.0,6884.49,0.0,50051.31,56.02462
2019-02-09,9,2807376.679713,2562604.43865,244772.241062,0.0,0.0,0.0,7398.6,0.0,50938.86,55.112672
2019-02-09,10,2924249.664176,2703669.060314,220580.603861,0.0,0.0,0.0,8653.04,0.0,51300.05,57.002862
2019-02-09,11,3063843.869494,2850372.573993,213471.295501,0.0,0.0,0.0,10078.38,0.0,50760.65,60.358641
2019-02-09,12,3071040.563615,2836971.969248,234068.594367,0.0,0.0,0.0,11641.81,58.0,49789.36,61.68066
2019-02-09,13,3052632.215639,2850424.848291,202207.367348,0.0,0.0,0.0,12649.41,0.0,48915.69,62.405993
2019-02-09,14,3057796.956124,2837178.67421,220618.281914,0.0,107.013566,0.0,12537.83,42.0,48315.67,63.287893
2019-02-09,15,3056769.688903,2847541.650066,209228.038837,0.0,0.0,0.0,11935.56,0.0,48124.88,63.517451
2019-02-09,16,3046303.755929,2872316.802384,173986.953545,0.0,0.0,0.0,11800.38,0.0,48328.69,63.03303
2019-02-09,17,981067.402733,768924.874281,212142.528452,0.0,0.0,0.0,10880.66,0.0,49113.53,19.975502
2019-02-09,18,1005265.59803,789749.53247,215516.06556,0.0,0.0,0.0,9975.81,0.0,50378.84,19.954124
2019-02-09,19,942153.424171,714994.24159,227159.182581,0.0,0.0,0.0,8826.19,0.0,50181.55,18.774897
2019-02-09,20,933621.050779,715212.139865,218408.910913,0.0,0.0,0.0,8048.84,0.0,49491.73,18.864183
2019-02-09,21,914521.989863,715563.139865,198958.849999,0.0,0.0,0.0,7971.58,0.0,48387.39,18.900007
2019-02-09,22,756484.993699,574498.008201,181986.985498,0.0,0.0,0.0,7977.25,0.0,46541.29,16.254062
2019-02-09,23,580488.662407,393561.431,186927.231407,0.0,0.0,0.0,8533.63,0.0,44765.35,12.967366
2019-02-10,0,607661.87312,448339.396274,159322.476847,0.0,0.0,0.0,9171.43,0.0,43315.15,14.028853
2019-02-10,1,604644.59786,446976.556801,157668.041058,0.0,0.0,0.0,9995.02,0.0,42340.9,14.280391
2019-02-10,2,593164.338714,457337.587482,135826.751233,0.0,0.0,0.0,8376.38,0.0,41678.3,14.231971
2019-02-10,3,547317.702096,406562.633458,140755.068638,0.0,0.0,0.0,7108.95,0.0,41310.08,13.249011
2019-02-10,4,569197.15188,424674.740891,144522.410989,0.0,0.0,0.0,6202.2,0.0,41389.1,13.752344
2019-02-10,5,639955.65466,496026.85393,143928.80073,0.0,0.0,0.0,5095.48,0.0,41951.83,15.254535
2019-02-10,6,675475.933168,511069.501851,164406.431317,0.0,0.0,0.0,4377.46,0.0,42943.66,15.729352
2019-02-10,7,700351.710521,511066.211851,189285.49867,0.0,0.0,0.0,3883.58,0.0,43974.36,15.926365
2019-02-10,8,717658.934318,511066.211851,206592.722467,0.0,0.0,0.0,3960.7,0.0,44936.31,15.97058
2019-02-10,9,718305.668629,511066.211851,207239.456778,0.0,0.0,0.0,4698.62,0.0,45465.64,15.798869
2019-02-10,10,698382.298197,511066.211851,187316.086346,0.0,0.0,0.0,5904.75,0.0,45135.66,15.472961
2019-02-10,11,679989.997073,492096.984524,187893.012549,0.0,0.0,0.0,6430.29,0.0,44401.11,15.314707
2019-02-10,12,630338.248946,437738.044877,192600.204069,0.0,0.0,0.0,7344.03,0.0,43467.41,14.501399
2019-02-10,13,588181.97478,416783.217605,171398.757176,0.0,0.0,0.0,7830.89,0.0,42574.63,13.815316
2019-02-10,14,567709.442763,401737.279684,165972.163079,0.0,0.0,0.0,7541.82,0.0,41755.54,13.596027
2019-02-10,15,561239.603507,402614.783784,158624.819723,0.0,0.0,0.0,7523.55,0.0,41388.46,13.560292
2019-02-10,16,558622.938782,402611.493784,156011.444998,0.0,0.0,0.0,7045.78,0.0,41479.61,13.467411
2019-02-10,17,641662.927603,483766.983271,157895.944331,0.0,0.0,0.0,6434.45,0.0,42318.58,15.162676
2019-02-10,18,660106.829415,484611.338681,175495.490733,0.0,0.0,0.0,5766.19,0.0,43784.98,15.076102
2019-02-10,19,668634.819527,484601.468681,184033.350845,0.0,0.0,0.0,5020.04,0.0,43970.89,15.206306
2019-02-10,20,651167.871035,484601.468681,166566.402354,0.0,0.0,0.0,5415.73,0.0,43204.33,15.07182
2019-02-10,21,609948.064264,465632.241354,144315.82291,0.0,0.0,0.0,6543.57,0.0,41800.16,14.592003
2019-02-10,22,843804.135874,726516.729835,117287.406039,0.0,0.0,0.0,7509.27,0.0,39449.36,21.389552
2019-02-10,23,858081.218264,721932.743369,136148.474896,0.0,222.883019,0.0,8749.76,42.0,37030.78,23.172108
2019-02-11,0,791885.112051,664191.948333,127693.163718,0.0,1195.529711,0.0,10287.96,42.0,35369.3,22.389052
2019-02-11,1,751797.891253,629940.206317,121857.684936,0.0,1391.883885,0.0,10874.38,42.0,34506.91,21.78688
2019-02-11,2,748491.751045,629940.206317,118551.544727,0.0,1500.039473,0.0,11091.28,42.0,34072.44,21.967659
2019-02-11,3,747853.590137,629715.555332,118138.034805,0.0,786.459557,0.0,10458.69,42.0,34089.03,21.938248
2019-02-11,4,770164.005084,646810.602662,123353.402422,0.0,109.253051,0.0,9746.29,42.0,35045.54,21.976092
2019-02-11,5,799552.648946,690683.211904,108869.437042,0.0,0.0,0.0,9211.85,0.0,37511.6,21.314811
2019-02-11,6,785615.289085,645886.324822,139728.964263,0.0,0.0,0.0,8795.78,0.0,41026.16,19.14913
2019-02-11,7,867140.963637,720894.042837,146246.9208,0.0,0.0,0.0,8511.5,0.0,42184.56,20.555885
2019-02-11,8,895686.326245,719786.572767,175899.753478,0.0,887.926734,0.0,10098.12,0.0,41585.13,21.53862
2019-02-11,9,876860.696985,701995.847817,174864.849168,0.0,1255.401565,0.0,10639.68,0.0,41427.28,21.166263
2019-02-11,10,841975.900168,683656.367625,158319.532542,0.0,399.229504,0.0,10926.19,0.0,41126.66,20.472752
2019-02-11,11,834507.0171,676539.686024,157967.331076,0.0,1277.816391,0.0,11882.0,42.0,40826.73,20.440212
2019-02-11,12,826859.174341,676539.686024,150319.488317,0.0,1522.117206,0.0,12319.54,42.0,40568.46,20.381823
2019-02-11,13,779727.314043,676539.686024,103187.628018,0.0,0.0,0.0,12166.33,0.0,40116.31,19.436666
2019-02-11,14,834794.501731,707854.07878,126940.422951,0.0,1217.528461,0.0,14138.177597,117.612403,39779.94,20.985313
2019-02-11,15,891641.100997,776108.811031,115532.289966,0.0,1305.883603,0.0,14279.82,42.0,39586.06,22.524118
2019-02-11,16,894611.466029,757405.566305,137205.899724,0.0,1364.558572,0.0,15059.47,130.5,39737.02,22.5133
2019-02-11,17,923832.991621,786485.688702,137347.302919,0.0,1470.926395,0.0,13956.5,42.0,40422.19,22.8546
2019-02-11,18,879317.780779,731675.564177,147642.216601,0.0,1190.763758,0.0,12485.193127,30.276873,41618.72,21.127939
2019-02-11,19,880927.177351,705197.661008,175729.516343,0.0,767.582881,0.0,9643.35,42.0,41684.73,21.133091
2019-02-11,20,855022.566765,705197.661008,149824.905758,0.0,1123.52176,0.0,11019.84,42.0,40889.27,20.910683
2019-02-11,21,807871.745613,674478.948154,133392.79746,0.0,1476.932812,0.0,12334.47,42.0,39260.65,20.577136
2019-02-11,22,755508.132735,646794.152662,108713.980074,0.0,1000.011503,0.0,12652.07,42.0,36924.78,20.460735
2019-02-11,23,717912.163307,617236.372845,100675.790462,0.0,460.772388,0.0,12000.39,42.0,34541.12,20.784276
2019-02-12,0,552323.152643,467740.14416,84583.008484,0.0,1549.483913,0.0,14250.55,42.0,32946.94,16.76402
2019-02-12,1,518942.012658,437570.015176,81371.997483,0.0,1445.931359,0.0,14303.12,42.0,32106.17,16.163311
2019-02-12,2,524788.516444,437570.015176,87218.501269,0.0,1468.080648,0.0,13834.9,42.0,32067.36,16.365192
2019-02-12,3,535783.677904,449427.095975,86356.581929,0.0,1320.714986,0.0,13772.82,42.0,32252.9,16.611954
2019-02-12,4,551814.116337,454678.478374,97135.637963,0.0,1097.964126,0.0,13234.92,42.0,33301.6,16.570198
2019-02-12,5,2704397.248088,2585851.008723,118546.239365,0.0,1120.534656,0.0,13359.96,42.0,36278.51,74.545433
2019-02-12,6,2799627.073405,2649402.740948,150224.332457,0.0,234.875455,0.0,12944.82,42.0,40757.42,68.689997
2019-02-12,7,2778251.421475,2644084.540689,134166.880786,0.0,0.0,0.0,10040.62,0.0,42441.65,65.460495
2019-02-12,8,2606021.518789,2459702.308401,146319.210388,0.0,0.0,0.0,8115.14,0.0,41659.61,62.555111
2019-02-12,9,2584352.052327,2438885.846853,145466.205474,0.0,0.0,0.0,7434.24,0.0,40868.51,63.235779
2019-02-12,10,2586177.329803,2455748.066836,130429.262967,0.0,0.0,0.0,8146.94,0.0,40049.24,64.574941
2019-02-12,11,2510371.469799,2385363.96607,125007.503729,0.0,0.0,0.0,8736.05,0.0,39071.29,64.251052
2019-02-12,12,2538236.64359,2442780.756391,95455.887199,0.0,0.0,0.0,10053.58,0.0,38123.42,66.579458
2019-02-12,13,2660772.245538,2514493.207199,146279.038339,0.0,52.358938,0.0,11131.84,88.5,37448.93,71.050688
2019-02-12,14,2671352.423948,2505423.722805,165928.701142,0.0,261.568372,0.0,10884.9,130.5,36810.32,72.570747
2019-02-12,15,2697627.947722,2537137.042337,160490.905384,0.0,161.613703,0.0,10218.5,130.5,36392.52,74.12589
2019-02-12,16,2633035.06814,2549576.7618,83458.30634,0.0,0.0,0.0,9467.72,0.0,36509.13,72.119907
2019-02-12,17,2519347.023529,2409196.787464,110150.236065,0.0,0.0,0.0,7295.56,0.0,37114.83,67.879794
2019-02-12,18,2608413.117942,2468041.471334,140371.646608,0.0,0.0,0.0,5292.56,0.0,39494.52,66.044938
2019-02-12,19,2653883.05737,2472220.771333,181662.286037,0.0,0.0,0.0,3177.6,0.0,40967.72,64.779857
2019-02-12,20,2661666.772364,2472217.481333,189449.291031,0.0,0.0,0.0,3093.43,0.0,41457.25,64.202685
2019-02-12,21,2638277.310623,2472217.481333,166059.82929,0.0,0.0,0.0,4454.38,0.0,41051.07,64.268174
2019-02-12,22,2556656.349213,2414708.400415,141947.948798,0.0,0.0,0.0,6850.73,0.0,39554.66,64.636034
2019-02-12,23,2517153.967983,2379909.125274,137244.842709,0.0,0.0,0.0,7278.38,0.0,37946.6,66.334111
2019-02-13,0,2681214.329827,2571665.667562,109548.662265,0.0,0.0,0.0,7773.34,0.0,37060.04,72.347853
2019-02-13,1,2663844.257385,2553033.082782,110811.174603,0.0,0.0,0.0,8502.67,0.0,37034.93,71.927887
2019-02-13,2,2680558.072176,2569476.024699,111082.047477,0.0,0.0,0.0,8422.33,0.0,37393.1,71.685901
2019-02-13,3,2699938.409548,2582277.121298,117661.28825,0.0,0.0,0.0,8519.77,0.0,38290.71,70.511579
2019-02-13,4,2728073.73288,2596547.909082,131525.823798,0.0,0.0,0.0,8733.8,0.0,39957.92,68.273667
2019-02-13,5,2859366.196706,2708218.513804,151147.682903,0.0,0.0,0.0,8414.98,0.0,43480.25,65.762414
2019-02-13,6,2917385.031335,2708188.903804,209196.127531,0.0,0.0,0.0,8205.25,0.0,48392.38,60.286042
2019-02-13,7,3128860.380232,2919235.083784,209625.296449,0.0,0.0,0.0,8028.07,0.0,49543.92,63.153266
2019-02-13,8,3120759.408993,2911153.070376,209606.338617,0.0,547.495313,0.0,9833.21,0.0,47227.91,66.078711
2019-02-13,9,2989394.07094,2802745.464126,186648.606814,0.0,1384.006398,0.0,11516.85,0.0,44492.68,67.188447
2019-02-13,10,2928837.065401,2784405.983934,144431.081467,0.0,556.271182,0.0,12527.06,42.0,42265.09,69.296837
2019-02-13,11,2918220.365174,2777722.604412,140497.760762,0.0,1514.940628,0.0,14214.800006,365.669994,40390.26,72.250596
2019-02-13,12,2982827.259322,2851380.505304,131446.754018,0.0,1843.92486,0.0,15426.65,417.8,38900.48,76.678418
2019-02-13,13,2957280.822917,2836057.299742,121223.523175,0.0,1356.273539,0.0,15995.735542,261.254458,38179.08,77.458148
2019-02-13,14,2938108.518719,2817583.4973,120525.021419,0.0,1917.324441,0.0,16643.870726,403.449274,37629.21,78.080526
2019-02-13,15,2921366.034829,2800231.452078,121134.582751,0.0,1942.031506,0.0,16904.58,417.8,37457.83,77.990798
2019-02-13,16,2935731.808477,2814571.478778,121160.329699,0.0,656.417064,0.0,15991.724118,397.645882,37813.36,77.637423
2019-02-13,17,2958509.427589,2831151.074753,127358.352836,0.0,674.222232,0.0,15227.603139,259.576861,38611.19,76.623109
2019-02-13,18,2881532.264911,2751803.099597,129729.165314,0.0,1242.938892,0.0,15137.797946,128.252054,40761.91,70.691787
2019-02-13,19,2871887.656454,2723682.806309,148204.850145,0.0,946.058458,0.0,13605.3,42.0,41514.58,69.177808
2019-02-13,20,2856419.752087,2718276.08631,138143.665777,0.0,1150.678703,0.0,14799.59,42.0,41213.26,69.30827
2019-02-13,21,2811832.898212,2695410.167336,116422.730876,0.0,1594.323902,0.0,16655.8,42.0,40119.38,70.086649
2019-02-13,22,2770127.554832,2675801.874919,94325.679913,0.0,1649.555517,0.0,17681.99,42.0,37940.14,73.013108
2019-02-13,23,2744322.309088,2664395.921798,79926.38729,0.0,1667.760991,0.0,17580.56,42.0,35674.42,76.926894
2019-02-14,0,2735983.183544,2664395.921798,71587.261746,0.0,1684.912799,0.0,16906.28,42.0,34228.47,79.932968
2019-02-14,1,2726010.451787,2652542.130998,73468.320789,0.0,1592.777197,0.0,16126.58,42.0,33391.06,81.638931
2019-02-14,2,2726314.698719,2652542.130998,73772.567721,0.0,1633.45371,0.0,15585.65,42.0,33045.27,82.502419
2019-02-14,3,2735152.54022,2660314.442295,74838.097925,0.0,1600.350354,0.0,15163.96,42.0,33094.72,82.646191
2019-02-14,4,2666936.710155,2571530.174112,95406.536042,0.0,1519.857458,0.0,14617.13,42.0,34039.96,78.347234
2019-02-14,5,2724050.874477,2621247.483173,102803.391304,0.0,1593.84201,0.0,14710.99,42.0,36592.53,74.442813
2019-02-14,6,2774050.584125,2643809.203748,130241.380377,0.0,1608.952631,0.0,14659.77,42.0,40444.42,68.589204
2019-02-14,7,2784509.485368,2643799.333748,140710.15162,0.0,1505.293316,0.0,14267.42,42.0,41212.5,67.564683
2019-02-14,8,2781794.041953,2643799.333748,137994.708205,0.0,1380.945653,0.0,13348.31,42.0,40109.99,69.354144
2019-02-14,9,2775064.623696,2643799.333748,131265.289949,0.0,1428.775051,0.0,13206.03,42.0,39245.73,70.709976
2019-02-14,10,2793372.888622,2677917.18304,115455.705583,0.0,561.485216,0.0,13703.808098,102.561902,38350.95,72.837124
2019-02-14,11,702205.248043,572367.834767,129837.413276,0.0,1294.89612,0.0,15164.17,387.3,37559.27,18.695924
2019-02-14,12,691776.836483,558130.383042,133646.453441,0.0,1822.223853,0.0,16623.793539,229.876461,36914.09,18.740184
2019-02-14,13,669634.088179,540590.153896,129043.934283,0.0,1455.556995,0.0,17437.18,255.5,36799.45,18.19685
2019-02-14,14,678623.618069,549782.671145,128840.946924,0.0,2005.44701,0.0,17644.96,255.5,36642.89,18.519926
2019-02-14,15,683841.164987,556661.187142,127179.977846,0.0,1853.973468,0.0,17034.28,255.5,36521.68,18.724253
2019-02-14,16,699087.028442,572021.085027,127065.943415,0.0,915.988166,0.0,15779.29,255.5,36490.28,19.158171
2019-02-14,17,714284.052295,580782.68787,133501.364424,0.0,381.492338,0.0,13727.55,417.8,36504.82,19.566842
2019-02-14,18,650430.590308,578909.829022,71520.761285,0.0,0.0,0.0,10613.94,0.0,37769.23,17.221177
2019-02-14,19,635665.622302,531332.883148,104332.739153,0.0,0.0,0.0,6448.41,0.0,38078.23,16.693676
2019-02-14,20,631393.350041,531326.303148,100067.046892,0.0,0.0,0.0,6028.83,0.0,37442.0,16.863238
2019-02-14,21,600796.154317,518525.206549,82270.947768,0.0,0.0,0.0,6934.05,0.0,36206.24,16.593718
2019-02-14,22,512716.458209,450906.309458,61810.148752,0.0,0.0,0.0,8471.25,0.0,34052.03,15.056854
2019-02-14,23,466114.237988,414420.236598,51694.001389,0.0,0.0,0.0,8768.45,0.0,31814.01,14.651226
2019-02-15,0,234346.873979,179847.869921,54499.004059,0.0,0.0,0.0,8977.29,0.0,30317.74,7.729695
2019-02-15,1,164734.893068,102173.70089,62561.192178,0.0,0.0,0.0,9304.37,0.0,29575.06,5.570061
2019-02-15,2,172059.40915,107158.67839,64900.73076,0.0,0.0,0.0,8061.13,0.0,29174.21,5.897654
2019-02-15,3,180579.760832,113553.246288,67026.514544,0.0,0.0,0.0,7333.43,0.0,29236.2,6.176581
2019-02-15,4,204017.531451,129654.885387,74362.646064,0.0,0.0,0.0,7014.94,0.0,30024.92,6.79494
2019-02-15,5,332754.248105,257326.44041,75427.807695,0.0,0.0,0.0,6689.88,0.0,32274.81,10.31003
2019-02-15,6,408986.115286,308230.595802,100755.519484,0.0,0.0,0.0,6829.21,0.0,35888.87,11.395904
2019-02-15,7,422509.127516,308224.015802,114285.111715,0.0,0.0,0.0,7469.89,0.0,37320.96,11.320961
2019-02-15,8,423042.777623,308224.015802,114818.761821,0.0,0.0,0.0,7550.15,0.0,37305.23,11.340039
2019-02-15,9,419879.059899,308224.015802,111655.044097,0.0,0.0,0.0,8421.76,0.0,37341.25,11.244376
2019-02-15,10,442555.982436,347499.725571,95056.256865,0.0,0.0,0.0,10513.59,0.0,37516.85,11.796192
2019-02-15,11,522431.109595,438229.198618,84201.910977,0.0,0.0,0.0,10893.38,58.0,37668.19,13.869292
2019-02-15,12,602676.147248,444460.105764,158216.041485,0.0,250.544179,0.0,11814.81,130.5,37859.88,15.918596
2019-02-15,13,759403.764566,609455.95853,149947.806036,0.0,783.95808,0.0,13953.06,255.5,38415.76,19.768027
2019-02-15,14,747404.692777,596111.446019,151293.246758,0.0,835.783111,0.0,14437.579685,229.910315,38671.34,19.327096
2019-02-15,15,716083.242717,573501.708964,142581.533754,0.0,746.345336,0.0,15086.39,255.5,38725.99,18.491025
2019-02-15,16,713266.976764,571723.091441,141543.885323,0.0,819.562958,0.0,15763.19,255.5,38665.23,18.447245
2019-02-15,17,736793.25375,602695.182485,134098.071266,0.0,21.457332,0.0,13535.74,255.5,38457.78,19.158497
2019-02-15,18,692491.996266,567430.893788,125061.102478,0.0,0.0,0.0,12076.9,220.3,39208.43,17.661814
2019-02-15,19,703215.531669,540025.690747,163189.840922,0.0,283.066173,0.0,9053.45,42.0,39281.05,17.902157
2019-02-15,20,692425.787372,531285.493964,161140.293409,0.0,229.723767,0.0,8833.5,42.0,38604.24,17.936522
2019-02-15,21,668599.465646,511766.395173,156833.070473,0.0,289.566592,0.0,8958.65,42.0,37741.17,17.715388
2019-02-15,22,657077.698714,511766.395173,145311.303541,0.0,348.0671,0.0,9252.47,42.0,36394.59,18.054268
2019-02-15,23,633563.365294,488210.061656,145353.303639,0.0,33.347344,0.0,8233.26,42.0,34904.17,18.151509
2019-02-16,0,603144.971458,499489.795591,103655.175867,0.0,0.0,0.0,7299.25,0.0,33643.36,17.927608
2019-02-16,1,485732.556285,380263.024376,105469.531909,0.0,0.0,0.0,6485.84,0.0,32966.77,14.734005
2019-02-16,2,556513.004758,455283.902391,101229.102367,0.0,0.0,0.0,5978.39,0.0,32709.59,17.013757
2019-02-16,3,594014.719754,499483.215591,94531.504163,0.0,0.0,0.0,6377.61,0.0,32726.2,18.151045
2019-02-16,4,791145.453499,634913.530745,156231.922755,0.0,77.26456,0.0,7332.61,42.0,33230.41,23.807875
2019-02-16,5,760090.345378,661687.765751,98402.579627,0.0,0.0,0.0,6117.77,0.0,34262.96,22.184025
2019-02-16,6,694150.677537,576328.21272,117822.464817,0.0,0.0,0.0,5097.31,0.0,36061.66,19.248994
2019-02-16,7,771047.628412,637534.38829,133513.240122,0.0,0.0,0.0,4375.24,0.0,38057.68,20.259975
2019-02-16,8,831773.298324,672977.368399,158795.929925,0.0,0.0,0.0,3368.08,0.0,40008.3,20.790019
2019-02-16,9,837898.002632,660944.593851,176953.408781,0.0,0.0,0.0,3721.01,0.0,41281.91,20.296978
2019-02-16,10,843432.579191,682911.917762,160520.661429,0.0,0.0,0.0,5523.97,0.0,41946.21,20.10748
2019-02-16,11,925506.738385,790305.683082,135201.055304,0.0,0.0,0.0,6933.59,0.0,41894.99,22.091108
2019-02-16,12,1011474.597724,799535.336195,211939.261529,0.0,311.077006,0.0,9233.420428,178.069572,41342.6,24.465675
2019-02-16,13,967447.008744,775288.904826,192158.103918,0.0,957.113495,0.0,11710.27,88.5,40598.83,23.829431
2019-02-16,14,901764.897008,713961.528789,187803.368219,0.0,1012.035566,0.0,12510.99,213.5,39931.82,22.582614
2019-02-16,15,905770.724273,735495.436203,170275.28807,0.0,931.095343,0.0,13513.73,213.5,39452.76,22.958361
2019-02-16,16,927797.554215,757054.149555,170743.40466,0.0,572.171281,0.0,13357.383128,328.876872,39346.87,23.579958
2019-02-16,17,893140.540769,753353.416158,139787.124612,0.0,0.0,0.0,12253.4,58.0,39809.97,22.435097
2019-02-16,18,558857.902263,410104.152107,148753.750156,0.0,0.0,0.0,10498.11,0.0,40864.29,13.675948
2019-02-16,19,534329.103635,384723.918876,149605.18476,0.0,0.0,0.0,7905.97,0.0,41032.65,13.022047
2019-02-16,20,517450.688696,377435.801767,140014.886929,0.0,0.0,0.0,8337.77,0.0,40348.28,12.824603
2019-02-16,21,479881.003303,341866.859293,138014.14401,0.0,0.0,0.0,10116.5,0.0,39428.5,12.170917
2019-02-16,22,447058.003731,329131.14104,117926.862691,0.0,0.0,0.0,10762.81,0.0,37861.56,11.807702
2019-02-16,23,415541.668351,317184.269851,98357.3985,0.0,0.0,0.0,10118.68,0.0,36091.08,11.513694
2019-02-17,0,391512.27933,303508.164845,88004.114485,0.0,0.0,0.0,9842.63,0.0,34561.94,11.327844
2019-02-17,1,338752.255374,226894.492502,111857.762871,0.0,0.0,0.0,9923.02,0.0,33433.29,10.132184
2019-02-17,2,335530.22432,242511.641368,93018.582952,0.0,0.0,0.0,7695.52,0.0,32840.94,10.216828
2019-02-17,3,307568.392307,205399.399769,102168.992538,0.0,0.0,0.0,5873.98,0.0,32604.2,9.433398
2019-02-17,4,313712.762563,213738.190169,99974.572393,0.0,0.0,0.0,5520.17,0.0,32736.48,9.582972
2019-02-17,5,336988.178663,230177.842086,106810.336576,0.0,0.0,0.0,4720.25,0.0,33357.39,10.102354
2019-02-17,6,524597.842894,415441.776951,109156.065944,0.0,0.0,0.0,4384.54,0.0,34478.11,15.215389
2019-02-17,7,548589.580503,429568.009142,119021.571361,0.0,0.0,0.0,4709.84,0.0,35853.09,15.30104
2019-02-17,8,578216.80992,429561.429142,148655.380778,0.0,0.0,0.0,4066.34,0.0,37465.15,15.433458
2019-02-17,9,587472.570373,438304.915925,149167.654448,0.0,0.0,0.0,5296.11,0.0,38693.17,15.182849
2019-02-17,10,605156.994467,486474.908934,118682.085534,0.0,0.0,0.0,7807.72,0.0,38756.42,15.614368
2019-02-17,11,792670.333306,664949.881676,127720.451631,0.0,0.0,0.0,10626.56,0.0,37887.59,20.921635
2019-02-17,12,775263.191662,656804.662045,118458.529617,0.0,1168.130672,0.0,14097.96,100.0,37030.5,20.935801
2019-02-17,13,781046.930336,658437.222718,122609.707619,0.0,847.058197,0.0,15433.52,130.5,36244.67,21.549291
2019-02-17,14,763809.339261,643770.176351,120039.16291,0.0,1414.319573,0.0,15873.42,130.5,35456.29,21.54228
2019-02-17,15,768709.72086,652095.480998,116614.239863,0.0,825.593896,0.0,15014.14,130.5,35014.35,21.954134
2019-02-17,16,685323.187586,582868.718076,102454.46951,0.0,0.0,0.0,13518.3,88.5,35301.2,19.413595
2019-02-17,17,654822.466819,563444.404091,91378.062727,0.0,0.0,0.0,11927.31,0.0,36193.54,18.092247
2019-02-17,18,566925.475463,460651.97347,106273.501993,0.0,0.0,0.0,10338.09,0.0,38357.17,14.78017
2019-02-17,19,584330.718048,460910.980606,123419.737442,0.0,0.0,0.0,9258.64,0.0,39525.2,14.783751
2019-02-17,20,533500.534155,409271.682482,124228.851673,0.0,0.0,0.0,9880.58,0.0,39544.08,13.491287
2019-02-17,21,543798.78463,432685.527297,111113.257333,0.0,0.0,0.0,11395.78,0.0,39136.16,13.895047
2019-02-17,22,479279.786128,374897.323405,104382.462723,0.0,0.0,0.0,12226.12,0.0,37825.65,12.670761
2019-02-17,23,299802.255064,204200.926795,95601.328269,230.2597,0.0,0.0,13055.14,0.0,36211.33,8.279239
2019-02-18,0,2485039.461104,2410204.017016,74835.444088,0.0,0.0,0.0,13955.47,58.0,35150.08,70.697975
2019-02-18,1,2518949.548854,2406495.785279,112453.763576,0.0,244.005966,0.0,14877.38,292.8,34657.9,72.680386
2019-02-18,2,2446015.600522,2328707.854616,117307.745905,0.0,299.080015,0.0,15023.446448,115.223552,34823.79,70.239787
2019-02-18,3,2453499.355982,2333692.832117,119806.523864,0.0,258.814287,0.0,14917.67,100.0,35406.3,69.295559
2019-02-18,4,2475978.142244,2350869.364598,125108.777646,0.0,183.669041,0.0,14743.69,42.0,36806.45,67.270224
2019-02-18,5,2525420.605445,2378970.873995,146449.73145,0.0,408.834535,0.0,14966.79,0.0,39592.69,63.785022
2019-02-18,6,2716286.586919,2548818.823384,167467.763535,0.0,677.624277,0.0,15190.85,0.0,43356.19,62.650491
2019-02-18,7,2745777.49392,2556213.893384,189563.600536,0.0,857.794483,0.0,15456.91,0.0,45517.56,60.323477
2019-02-18,8,2803416.446104,2607849.391508,195567.054596,0.0,1333.419244,0.0,15432.96,0.0,46090.05,60.824765
2019-02-18,9,2803750.710148,2607846.611508,195904.09864,0.0,1395.730305,0.0,15353.52,0.0,46084.68,60.839106
2019-02-18,10,2870382.066153,2690827.595325,179554.470828,0.0,532.469598,0.0,15576.13,345.3,45388.99,63.239611
2019-02-18,11,3044868.055613,2862362.357789,182505.697824,0.0,1483.049186,0.0,16795.47,417.8,44254.12,68.804171
2019-02-18,12,3013230.964827,2837772.981999,175457.982828,0.0,2266.13551,0.0,18185.308192,145.331808,42996.21,70.081316
2019-02-18,13,2996222.560169,2828501.260232,167721.299937,0.0,1828.435279,0.0,18276.93,255.5,42013.12,71.316355
2019-02-18,14,2981904.149395,2821384.578631,160519.570764,0.0,2529.975928,0.0,18813.94,255.5,41243.73,72.299575
2019-02-18,15,3015787.957269,2868232.498629,147555.458639,0.0,2438.365082,0.0,18485.94,417.8,40995.6,73.563698
2019-02-18,16,3025647.209256,2876143.16858,149504.040676,0.0,1472.652574,0.0,17540.93,255.5,41424.97,73.039213
2019-02-18,17,3034655.77148,2876876.258284,157779.513196,0.0,1513.21127,0.0,16770.873981,47.446019,42629.11,71.187406
2019-02-18,18,3009700.796334,2837193.733921,172507.062413,0.0,1206.45435,0.0,15501.81,100.0,45045.91,66.814075
2019-02-18,19,2991350.02767,2797657.925383,193692.102286,0.0,909.263498,0.0,13938.52,0.0,45995.37,65.035894
2019-02-18,20,2979646.393335,2797657.925383,181988.467952,0.0,1064.964416,0.0,14837.83,42.0,45579.21,65.372928
2019-02-18,21,2931466.100133,2777739.309128,153726.791005,0.0,1478.713118,0.0,16599.29,42.0,44270.19,66.217608
2019-02-18,22,2882625.920133,2743580.670345,139045.249788,0.0,1287.998014,0.0,17068.33,42.0,42016.16,68.607553
2019-02-18,23,2851648.467671,2727425.077447,124223.390224,0.0,1069.682886,0.0,16893.43,42.0,39860.7,71.540351
2019-02-19,0,2839298.104549,2716769.057925,122529.046623,0.0,759.230434,0.0,16080.96,42.0,38513.48,73.72219
2019-02-19,1,2837193.861177,2713316.358405,123877.502772,0.0,411.340786,0.0,15265.28,42.0,37876.11,74.907214
2019-02-19,2,2836415.409415,2713316.358405,123099.05101,0.0,457.954255,0.0,14964.5,42.0,37547.43,75.542198
2019-02-19,3,2839016.892246,2713316.358405,125700.533841,0.0,460.340228,0.0,14774.9,42.0,37654.79,75.395903
2019-02-19,4,2854596.267217,2719665.92615,134930.341067,0.0,427.20086,0.0,14598.51,42.0,38640.94,73.874918
2019-02-19,5,2906454.05981,2760686.641944,145767.417866,0.0,374.20018,0.0,14385.26,42.0,41346.33,70.295334
2019-02-19,6,2964344.881353,2773995.320695,190349.560657,0.0,331.166761,0.0,13884.42,42.0,45506.07,65.141747
2019-02-19,7,3012113.915409,2808630.261911,203483.653498,0.0,320.210491,0.0,13346.75,0.0,47055.48,64.011969
2019-02-19,8,3024850.320462,2840948.725254,183901.595209,0.0,0.0,0.0,11363.42,0.0,46857.87,64.553731
2019-02-19,9,2824343.372277,2619791.031849,204552.340428,0.0,0.0,0.0,10443.17,0.0,47269.7,59.749551
2019-02-19,10,2819713.75302,2621516.181359,198197.571661,0.0,0.0,0.0,10317.33,0.0,47749.86,59.05177
2019-02-19,11,2858263.49467,2681203.22525,177060.26942,0.0,0.0,0.0,10182.32,0.0,47743.32,59.867297
2019-02-19,12,2936348.194371,2774401.478161,161946.71621,0.0,0.0,0.0,10418.24,0.0,47489.34,61.831733
2019-02-19,13,2995908.53818,2738437.467322,257471.070858,0.0,351.687746,0.0,11239.1,88.5,47213.55,63.454422
2019-02-19,14,3003710.832576,2747595.779241,256115.053335,0.0,103.670123,0.0,9924.7,88.5,46792.25,64.192486
2019-02-19,15,2961315.035783,2782156.238161,179158.797623,0.0,0.0,0.0,8701.21,0.0,46665.81,63.457916
2019-02-19,16,2871324.413753,2689783.558286,181540.855467,0.0,0.0,0.0,7847.01,0.0,47218.19,60.809709
2019-02-19,17,2938123.222447,2732097.439824,206025.782623,0.0,0.0,0.0,5712.18,0.0,48180.98,60.980977
2019-02-19,18,3019582.862243,2775594.586744,243988.275499,0.0,0.0,0.0,4084.83,0.0,49447.77,61.066108
2019-02-19,19,3043649.806097,2791216.502111,252433.303987,0.0,0.0,0.0,2626.67,0.0,49358.23,61.664484
2019-02-19,20,3173392.265413,2894227.863625,279164.401788,0.0,0.0,0.0,1374.16,0.0,48376.16,65.598267
2019-02-19,21,3124907.242851,2878935.496936,245971.745915,0.0,0.0,0.0,1192.73,0.0,46574.5,67.09481
2019-02-19,22,3042841.887969,2835544.76784,207297.120129,0.0,0.0,0.0,1642.08,0.0,43748.25,69.553454
2019-02-19,23,2976417.145885,2782522.774992,193894.370893,0.0,0.0,0.0,1523.89,0.0,41307.09,72.055842
2019-02-20,0,2907116.915455,2738323.461792,168793.453663,0.0,0.0,0.0,2482.69,0.0,39829.8,72.988489
2019-02-20,1,2882428.167605,2728787.439769,153640.727836,0.0,0.0,0.0,3472.88,0.0,39134.1,73.655154
2019-02-20,2,2887748.751257,2737979.957018,149768.794238,0.0,0.0,0.0,3150.59,0.0,38958.83,74.123087
2019-02-20,3,2891540.798866,2737976.667018,153564.131848,0.0,0.0,0.0,2995.17,0.0,39456.66,73.283973
2019-02-20,4,3063718.467908,2911224.414913,152494.052995,0.0,0.0,0.0,3302.76,0.0,40836.48,75.024059
2019-02-20,5,3187100.505075,3034910.97413,152189.530945,0.0,0.0,0.0,3607.77,0.0,43714.74,72.90677
2019-02-20,6,3230229.946708,3034897.81413,195332.132578,0.0,0.0,0.0,4453.56,0.0,47886.52,67.455934
2019-02-20,7,3308347.210453,3109918.692145,198428.518308,0.0,0.0,0.0,6087.52,0.0,48944.84,67.593381
2019-02-20,8,3138763.116777,2957020.661025,181742.455752,0.0,0.0,0.0,7617.89,0.0,47487.9,66.096061
2019-02-20,9,3081840.984279,2880631.952424,201209.031855,0.0,699.592046,0.0,10232.58,42.0,45648.52,67.512397
2019-02-20,10,2998996.334937,2850011.262356,148985.072581,0.0,380.710157,0.0,13028.05,42.0,43653.06,68.700713
2019-02-20,11,3045510.743241,2914549.862321,130960.88092,0.0,1033.364292,0.0,13904.82,100.0,41538.55,73.317695
2019-02-20,12,3044379.021993,2902631.12053,141747.901463,0.0,1269.201468,0.0,14269.01941,243.10059,39705.71,76.673582
2019-02-20,13,917951.739784,766076.423564,151875.31622,0.0,931.454048,0.0,14333.67,255.5,38440.55,23.879776
2019-02-20,14,900303.623711,766076.423564,134227.200147,0.0,1104.487327,0.0,13976.83,255.5,37400.67,24.071858
2019-02-20,15,860586.68675,730461.889099,130124.797651,0.0,918.039216,0.0,13167.677251,215.222749,36870.38,23.340868
2019-02-20,16,874085.605334,739288.635056,134796.970278,0.0,447.203968,0.0,11835.34,130.5,36929.07,23.66931
2019-02-20,17,869947.347545,775768.449432,94178.898112,0.0,0.0,0.0,8683.61,0.0,37626.39,23.12067
2019-02-20,18,887830.345588,778292.582888,109537.7627,0.0,0.0,0.0,6047.72,0.0,39811.13,22.301059
2019-02-20,19,972063.438506,849640.895927,122422.542579,0.0,0.0,0.0,3850.82,0.0,41089.42,23.657268
2019-02-20,20,840567.887491,708572.474263,131995.413228,0.0,0.0,0.0,3465.09,0.0,41081.26,20.461103
2019-02-20,21,819404.129932,708572.474263,110831.655669,0.0,0.0,0.0,4545.66,0.0,40234.79,20.365562
2019-02-20,22,702795.334873,604711.372854,98083.962019,0.0,0.0,0.0,6386.24,0.0,38438.12,18.283811
2019-02-20,23,668763.917044,585986.123581,82777.793462,0.0,0.0,0.0,6707.65,0.0,36575.5,18.284478
2019-02-21,0,525033.426629,434871.371475,90162.055154,0.0,0.0,0.0,6926.82,0.0,35306.73,14.870633
2019-02-21,1,499315.540807,407545.873275,91769.667532,0.0,0.0,0.0,7130.83,0.0,34809.37,14.344285
2019-02-21,2,502096.145039,407545.873275,94550.271765,0.0,0.0,0.0,6766.26,0.0,34727.92,14.457996
2019-02-21,3,523249.716359,431108.786792,92140.929567,0.0,0.0,0.0,6534.17,0.0,34977.25,14.959716
2019-02-21,4,732298.421672,631903.583592,100394.83808,0.0,0.0,0.0,6300.85,0.0,35961.65,20.363315
2019-02-21,5,814612.564121,697734.903687,116877.660434,0.0,0.0,0.0,6012.03,0.0,38582.5,21.113525
2019-02-21,6,905024.371476,756963.704808,148060.666669,0.0,0.0,0.0,5780.21,0.0,42484.45,21.302485
2019-02-21,7,918469.273318,756957.124808,161512.14851,0.0,0.0,0.0,5586.06,0.0,43500.19,21.114144
2019-02-21,8,972350.606113,831978.002823,140372.60329,0.0,0.0,0.0,7082.75,0.0,43023.68,22.600359
2019-02-21,9,975607.646843,819112.447392,156495.199451,0.0,0.0,0.0,9517.77,0.0,42987.17,22.695322
2019-02-21,10,1086802.297664,942215.7168,144586.580864,0.0,0.0,0.0,11353.98,0.0,42989.98,25.280363
2019-02-21,11,1152981.620106,986446.446236,166535.17387,0.0,1322.851187,0.0,13412.78,220.3,42733.42,26.980794
2019-02-21,12,1167541.801357,993047.698072,174494.103285,0.0,1721.272328,0.0,14604.04,213.5,42136.66,27.708456
2019-02-21,13,1138111.241663,982995.692407,155115.549256,0.0,1848.126309,0.0,15893.06,213.5,41758.69,27.254477
2019-02-21,14,1123251.695446,974784.114058,148467.581389,0.0,2417.147219,0.0,16595.05,255.5,41012.32,27.388153
2019-02-21,15,1113216.438795,970715.541162,142500.897633,0.0,2213.603825,0.0,16681.79,387.3,40613.96,27.409699
2019-02-21,16,1114759.022494,972201.004149,142558.018345,0.0,1205.608895,0.0,16595.538792,320.201208,41110.97,27.115853
2019-02-21,17,1137720.404137,1000094.59308,137625.811057,0.0,1549.382109,0.0,15614.11,58.0,41990.28,27.094852
2019-02-21,18,1087403.494297,934385.141118,153018.353179,0.0,1259.287661,0.0,14331.11,58.0,43541.72,24.97383
2019-02-21,19,1059377.772814,885923.494099,173454.278715,0.0,926.799857,0.0,12399.32,0.0,43862.68,24.152144
2019-02-21,20,1050763.652417,885923.494099,164840.158318,0.0,1082.53142,0.0,12475.05,0.0,43171.49,24.339296
2019-02-21,21,1034129.657518,885923.494099,148206.163419,0.0,768.518473,0.0,12239.617627,12.492373,41601.62,24.857918
2019-02-21,22,964732.648037,871777.271526,92955.376512,0.0,0.0,0.0,10584.8,0.0,39168.3,24.630445
2019-02-21,23,838869.921816,752547.210311,86322.711506,0.0,0.0,0.0,10843.16,0.0,36932.23,22.713763
2019-02-22,0,725510.743352,632727.631948,92783.111404,0.0,1.132111,0.0,11190.59,42.0,35337.98,20.530623
2019-02-22,1,701693.115372,602581.797318,99111.318054,0.0,0.0,0.0,11602.28,0.0,34495.11,20.341814
2019-02-22,2,558084.895946,453444.973716,104639.922229,0.0,0.0,0.0,10860.51,0.0,34194.78,16.320763
2019-02-22,3,563702.837914,456987.948709,106714.889205,0.0,0.0,0.0,10522.51,0.0,34263.78,16.451858
2019-02-22,4,632762.317165,496430.265738,136332.051427,0.0,28.052929,0.0,10353.56,42.0,35193.42,17.979563
2019-02-22,5,665515.499052,572145.016157,93370.482894,0.0,0.0,0.0,8021.87,0.0,37668.04,17.667909
2019-02-22,6,637379.525867,490437.119464,146942.406403,0.0,0.0,0.0,6119.53,0.0,41213.36,15.465362
2019-02-22,7,692917.351501,526800.949274,166116.402228,0.0,0.0,0.0,4904.58,0.0,42367.87,16.354784
2019-02-22,8,715385.889946,526794.369274,188591.520672,0.0,0.0,0.0,2988.21,0.0,42000.65,17.032734
2019-02-22,9,698880.483725,511504.782585,187375.70114,0.0,0.0,0.0,3100.74,0.0,41851.12,16.699206
2019-02-22,10,676036.648981,511504.782585,164531.866396,0.0,0.0,0.0,4688.48,0.0,41697.96,16.212703
2019-02-22,11,629504.234116,480887.937441,148616.296676,0.0,0.0,0.0,6462.84,0.0,41298.05,15.242953
2019-02-22,12,734876.458631,618305.243551,116571.21508,0.0,0.0,0.0,8552.19,0.0,40797.83,18.012636
2019-02-22,13,807640.146237,607692.077885,199948.068352,0.0,200.165713,0.0,10822.458099,129.001901,40350.17,20.015781
2019-02-22,14,906737.57515,714323.465216,192414.109934,0.0,401.483506,0.0,11809.36,88.5,39961.33,22.690375
2019-02-22,15,874281.163104,692593.692701,181687.470403,0.0,366.345254,0.0,12511.8,88.5,39651.43,22.049171
2019-02-22,16,859007.372162,681102.668421,177904.703741,0.0,190.703424,0.0,12860.15,88.5,39640.65,21.669861
2019-02-22,17,873633.450422,712358.580028,161274.870394,0.0,586.481788,0.0,12335.6,0.0,39981.34,21.85103
2019-02-22,18,869356.720695,718088.964092,151267.756603,0.0,552.858793,0.0,11867.54,0.0,40629.97,21.396932
2019-02-22,19,840849.119361,676397.860517,164451.258844,0.0,517.866676,0.0,10427.971401,0.928599,40585.86,20.717785
2019-02-22,20,807008.110427,678926.254285,128081.856142,0.0,0.0,0.0,9442.35,0.0,39866.7,20.242661
2019-02-22,21,623824.379613,504963.209237,118861.170375,0.0,0.0,0.0,9430.16,0.0,38796.65,16.079336
2019-02-22,22,565857.194452,452421.815637,113435.378816,0.0,0.0,0.0,9329.53,0.0,37178.19,15.220138
2019-02-22,23,590333.768666,511003.041735,79330.726931,0.0,0.0,0.0,11158.35,0.0,35463.63,16.646174
2019-02-23,0,2730573.526878,2652150.591788,78422.93509,0.0,334.106328,0.0,12210.44,42.0,33919.65,80.501229
2019-02-23,1,2724081.664322,2618726.962091,105354.702231,0.0,1009.298821,0.0,13275.08,42.0,32999.59,82.548955
2019-02-23,2,2713627.102296,2615274.262572,98352.839724,0.0,662.585548,0.0,13291.790276,51.329724,32414.85,83.715553
2019-02-23,3,2706002.230918,2607622.801771,98379.429147,0.0,984.233946,0.0,13160.8,42.0,32095.98,84.309693
2019-02-23,4,2723359.809845,2619272.042068,104087.767778,0.0,1335.560559,0.0,12623.06,42.0,32276.92,84.374835
2019-02-23,5,2750562.710092,2636107.520368,114455.189724,0.0,1487.84528,0.0,12460.21,42.0,33127.45,83.029714
2019-02-23,6,2773941.586821,2648610.451711,125331.13511,0.0,1124.228606,0.0,11316.52,42.0,34535.04,80.322524
2019-02-23,7,2805512.043721,2663738.933274,141773.110446,0.0,278.719866,0.0,9529.47,42.0,35690.56,78.606557
2019-02-23,8,2820264.183646,2663729.063274,156535.120372,0.0,394.905083,0.0,9161.56,42.0,36936.93,76.353508
2019-02-23,9,2947523.509488,2796264.263974,151259.245514,0.0,464.632878,0.0,9289.05,42.0,37744.67,78.091119
2019-02-23,10,2895954.223082,2800522.117252,95432.10583,0.0,0.0,0.0,8831.68,0.0,38013.66,76.181936
2019-02-23,11,2677763.799353,2598167.621672,79596.177681,0.0,0.0,0.0,9948.47,0.0,37625.04,71.169726
2019-02-23,12,2726784.106476,2664855.714711,61928.391765,0.0,30.685566,0.0,10965.57,0.0,36845.24,74.006415
2019-02-23,13,2878524.798958,2759232.83786,119291.961099,0.0,133.759265,0.0,11632.0,417.8,36251.74,79.403769
2019-02-23,14,2895164.821563,2735228.14032,159936.681243,0.0,356.2488,0.0,12150.98,417.8,35676.75,81.149904
2019-02-23,15,2863745.708354,2712873.777564,150871.93079,0.0,493.604073,0.0,12258.69,255.5,35336.47,81.042212
2019-02-23,16,2887565.565383,2734936.51961,152629.045773,0.0,810.298645,0.0,12592.08,417.8,35163.71,82.117773
2019-02-23,17,2905859.009044,2796466.907045,109392.101999,0.0,76.026756,0.0,11480.86,88.5,35221.45,82.502538
2019-02-23,18,2897905.326182,2804222.421136,93682.905046,0.0,784.35646,0.0,14472.72,417.8,36217.35,80.014284
2019-02-23,19,2781810.42109,2665130.307797,116680.113293,0.0,419.643774,0.0,11914.42,42.0,36828.91,75.533336
2019-02-23,20,2763331.482654,2649672.108823,113659.373831,0.0,1075.208727,0.0,12866.49,42.0,36477.69,75.754015
2019-02-23,21,2606177.354085,2507902.408969,98274.945116,0.0,1347.218328,0.0,13939.96,42.0,35934.44,72.525893
2019-02-23,22,2595043.595234,2522725.819175,72317.776059,0.0,0.0,0.0,8199.69,0.0,35000.2,74.143679
2019-02-23,23,2433943.220305,2355945.132086,77998.088219,0.0,0.0,0.0,7078.43,0.0,33958.68,71.67367
2019-02-24,0,2407913.602285,2315843.821474,92069.780812,0.0,0.0,0.0,6125.53,0.0,33071.37,72.809612
2019-02-24,1,2410644.596061,2321253.831473,89390.764589,0.0,0.0,0.0,5467.77,0.0,32550.77,74.05799
2019-02-24,2,2426541.575191,2327648.39937,98893.175821,0.0,0.0,0.0,4224.05,0.0,32500.21,74.662335
2019-02-24,3,2435406.639621,2327645.10937,107761.530251,0.0,0.0,0.0,3865.89,0.0,32849.34,74.138678
2019-02-24,4,2451936.15586,2344711.472778,107224.683082,0.0,0.0,0.0,4284.76,0.0,33559.58,73.062182
2019-02-24,5,2480485.378457,2367869.126887,112616.251571,0.0,0.0,0.0,4181.89,0.0,34890.52,71.093391
2019-02-24,6,2496676.822555,2367862.546887,128814.275668,0.0,0.0,0.0,4889.0,0.0,36699.65,68.02999
2019-02-24,7,2510315.078443,2376606.03367,133709.044773,0.0,0.0,0.0,6335.4,0.0,38146.43,65.80734
2019-02-24,8,2526906.447053,2376602.74367,150303.703383,0.0,0.0,0.0,5526.84,0.0,38787.59,65.147292
2019-02-24,9,2516476.479421,2376602.74367,139873.735751,0.0,0.0,0.0,5836.88,0.0,38637.39,65.130602
2019-02-24,10,2689875.733048,2594609.09349,95266.639558,0.0,0.0,0.0,7643.92,0.0,37687.31,71.373514
2019-02-24,11,2711910.738254,2642762.583191,69148.155063,0.0,0.0,0.0,9057.35,0.0,36543.0,74.211497
2019-02-24,12,2744750.612464,2624767.089033,119983.523432,0.0,102.722688,0.0,11657.62,130.5,35517.45,77.278932
2019-02-24,13,2724422.052821,2595874.796211,128547.256609,0.0,887.268132,0.0,14778.966373,408.973627,34664.81,78.593307
2019-02-24,14,2708514.387397,2576487.724708,132026.662688,0.0,1130.946047,0.0,15307.14,255.5,33968.01,79.737211
2019-02-24,15,2703455.059385,2564575.260868,138879.798517,0.0,1188.003595,0.0,15578.755295,375.134705,33643.66,80.355558
2019-02-24,16,2764389.556922,2631708.156376,132681.400546,0.0,942.211507,0.0,15467.62,417.8,33824.92,81.726418
2019-02-24,17,2776293.080182,2638623.478004,137669.602178,0.0,322.35297,0.0,14188.34,255.5,34562.92,80.325768
2019-02-24,18,2769516.085648,2659877.506061,109638.579587,0.0,0.0,0.0,12671.329096,216.780904,36595.53,75.679081
2019-02-24,19,2687283.582714,2577751.182947,109532.399767,0.0,0.0,0.0,10637.6,0.0,38392.1,69.995743
2019-02-24,20,2634999.10598,2505772.365639,129226.740342,0.0,0.0,0.0,10366.06,0.0,38708.61,68.072687
2019-02-24,21,2620262.318851,2506013.910063,114248.408787,0.0,0.0,0.0,10318.96,0.0,38116.48,68.743554
2019-02-24,22,2468926.265096,2365826.282499,103099.982597,0.0,0.0,0.0,9400.78,0.0,36685.8,67.299235
2019-02-24,23,2456952.035475,2365822.992499,91129.042976,0.0,0.0,0.0,8552.36,0.0,35093.0,70.012596
2019-02-25,0,2466230.906326,2381788.269911,84442.636416,0.0,0.0,0.0,7623.02,0.0,34185.46,72.142686
2019-02-25,1,2468072.547754,2381775.109911,86297.437843,0.0,0.0,0.0,6903.66,0.0,33921.49,72.758377
2019-02-25,2,2471330.080223,2382129.39991,89200.680313,0.0,0.0,0.0,6589.66,0.0,34058.78,72.560734
2019-02-25,3,2485949.113266,2392328.31087,93620.802396,0.0,0.0,0.0,6383.99,0.0,34693.58,71.654442
2019-02-25,4,2708994.665923,2617028.655699,91966.010225,0.0,0.0,0.0,6225.25,0.0,36086.05,75.070413
2019-02-25,5,2845633.523976,2741416.039924,104217.484053,0.0,0.0,0.0,5850.27,0.0,39157.53,72.671425
2019-02-25,6,2975444.639377,2834753.36813,140691.271247,0.0,0.0,0.0,5534.31,0.0,43556.78,68.31186
2019-02-25,7,2991474.00572,2834746.78813,156727.217589,0.0,0.0,0.0,5294.9,0.0,44628.79,67.030139
2019-02-25,8,2963747.471968,2834746.78813,129000.683838,0.0,0.0,0.0,6591.5,0.0,43345.0,68.375764
2019-02-25,9,2833563.801606,2719679.149668,113884.651939,0.0,0.0,0.0,9108.77,0.0,42241.82,67.079586
2019-02-25,10,2986856.54718,2904075.230406,82781.316774,0.0,0.0,0.0,12128.95,0.0,41140.82,72.600802
2019-02-25,11,3031899.085145,2912016.998595,119882.086549,0.0,1067.710435,0.0,14595.19,387.3,39898.63,75.990055
2019-02-25,12,5656932.62998,5535796.534769,121136.095211,0.0,1942.671803,0.0,17026.99,255.5,38737.5,146.032465
2019-02-25,13,5615492.774537,5499299.765826,116193.008711,0.0,1947.503463,0.0,18163.26,255.5,37960.99,147.927985
2019-02-25,14,5612401.830826,5501998.002222,110403.828604,0.0,2790.270853,0.0,18942.35,255.5,37300.35,150.465125
2019-02-25,15,5597217.850033,5482294.883354,114922.966679,0.0,2829.920553,0.0,18894.534786,271.715214,36792.95,152.127455
2019-02-25,16,5611896.997115,5501583.452551,110313.544565,0.0,1932.781182,0.0,17863.39,255.5,36952.97,151.865926
2019-02-25,17,5607008.583093,5493447.694378,113560.888715,0.0,1733.878863,0.0,16783.87,255.5,37547.91,149.329446
2019-02-25,18,5612272.341385,5509120.558875,103151.782511,0.0,1362.941691,0.0,15235.02,387.3,39224.6,143.080423
2019-02-25,19,5620465.581895,5499839.211625,120626.37027,0.0,990.456161,0.0,13288.19,42.0,40412.51,139.077369
2019-02-25,20,5575680.44154,5452753.390803,122927.050738,0.0,713.133891,0.0,12710.65,42.0,40043.53,139.240483
2019-02-25,21,5561028.603388,5442364.983303,118663.620085,0.0,741.905224,0.0,12614.74,42.0,38671.15,143.803032
2019-02-25,22,5552754.196033,5437375.354952,115378.841081,0.0,406.200965,0.0,11192.27,42.0,36357.76,152.725421
2019-02-25,23,5525292.202476,5430282.433608,95009.768868,0.0,217.418229,0.0,11059.19,42.0,34081.33,162.120792
2019-02-26,0,3333261.924619,3239912.221497,93349.703122,0.0,73.521119,0.0,10989.49,42.0,32580.27,102.309217
2019-02-26,1,3296619.086323,3221785.227241,74833.859082,0.0,0.0,0.0,10942.09,0.0,31856.81,103.482398
2019-02-26,2,3212528.02361,3150400.191956,62127.831653,0.0,0.0,0.0,10937.4,0.0,31539.63,101.856871
2019-02-26,3,3210510.992304,3157334.878116,53176.114189,0.0,0.0,0.0,11043.14,0.0,31567.1,101.704338
2019-02-26,4,3178917.557231,3113869.048515,65048.508717,0.0,0.0,0.0,11021.33,0.0,32361.27,98.232163
2019-02-26,5,3230044.10376,3153835.267256,76208.836505,0.0,0.0,0.0,10139.72,0.0,34638.75,93.249442
2019-02-26,6,3289428.463051,3178785.54673,110642.916321,0.0,0.0,0.0,9119.66,0.0,38158.87,86.203508
2019-02-26,7,3309071.850715,3185775.716057,123296.134658,0.0,0.0,0.0,8095.17,0.0,39124.97,84.576981
2019-02-26,8,3313208.276271,3185769.136057,127439.140214,0.0,0.0,0.0,7421.94,0.0,38832.26,85.321026
2019-02-26,9,3303757.649657,3178155.809046,125601.840611,0.0,0.0,0.0,8194.41,0.0,38580.17,85.633569
2019-02-26,10,3396000.178848,3297379.290261,98620.888586,0.0,0.0,0.0,9043.35,0.0,38538.81,88.118968
2019-02-26,11,3443893.586243,3303920.813305,139972.772939,0.0,591.37774,0.0,10391.29,42.0,38253.79,90.027513
2019-02-26,12,3518161.57057,3397547.727756,120613.842814,0.0,1316.055825,0.0,11833.94,42.0,37855.27,92.937168
2019-02-26,13,3523548.837831,3384732.384213,138816.453618,0.0,795.923477,0.0,13714.95,130.5,37618.22,93.666017
2019-02-26,14,3498422.798434,3365552.875723,132869.922711,0.0,1489.126464,0.0,14088.39,130.5,37331.8,93.711602
2019-02-26,15,3336293.473605,3184598.414404,151695.059201,0.0,1445.241871,0.0,13991.65,130.5,37196.81,89.693
2019-02-26,16,3320813.266986,3192950.542937,127862.72405,0.0,757.981984,0.0,14061.99,42.0,37547.25,88.443582
2019-02-26,17,3278827.212943,3140355.343079,138471.869864,0.0,967.870214,0.0,13237.3,42.0,38212.34,85.805455
2019-02-26,18,3298616.849404,3151801.902509,146814.946895,0.0,378.027816,0.0,11878.45,42.0,39372.27,83.780205
2019-02-26,19,3296195.767872,3165133.527893,131062.239979,0.0,0.0,0.0,9573.15,0.0,39742.21,82.939418
2019-02-26,20,3102092.480541,2978956.318154,123136.162387,0.0,0.0,0.0,9112.17,0.0,39055.17,79.428472
2019-02-26,21,3018417.485232,2913700.247961,104717.237271,0.0,0.0,0.0,9819.98,0.0,37501.73,80.48742
2019-02-26,22,2977676.90656,2906428.580853,71248.325707,0.0,0.0,0.0,10179.26,0.0,35157.74,84.694776
2019-02-26,23,2843694.751373,2762783.38795,80911.363423,0.0,0.0,0.0,10104.79,0.0,32798.42,86.702187
2019-02-27,0,2864186.824972,2801200.226101,62986.598872,0.0,0.0,0.0,9710.91,0.0,31189.41,91.83203
2019-02-27,1,2869258.345677,2784467.077208,84791.268469,0.0,0.0,0.0,9757.56,0.0,30245.3,94.866255
2019-02-27,2,2855397.225264,2792678.586149,62718.639115,0.0,0.0,0.0,8768.71,0.0,29788.12,95.856913
2019-02-27,3,2822220.359889,2749778.491673,72441.868216,0.0,0.0,0.0,7877.78,0.0,29730.24,94.927601
2019-02-27,4,2844510.245078,2768519.284947,75990.96013,0.0,0.0,0.0,6957.59,0.0,30422.63,93.499814
2019-02-27,5,2964817.589952,2883142.818064,81674.771888,0.0,0.0,0.0,5891.15,0.0,32615.09,90.903247
2019-02-27,6,3019015.981456,2899913.729981,119102.251475,0.0,0.0,0.0,5166.09,0.0,36235.87,83.315675
2019-02-27,7,3102467.387501,2984719.545092,117747.842408,0.0,0.0,0.0,4821.85,0.0,37249.9,83.287939
2019-02-27,8,3125005.557495,2993449.871875,131555.685619,0.0,0.0,0.0,3205.7,0.0,37209.4,83.984304
2019-02-27,9,3089137.604485,2949247.268675,139890.335809,0.0,0.0,0.0,3572.74,0.0,37490.24,82.398448
2019-02-27,10,3106795.086564,2993449.871875,113345.214688,0.0,0.0,0.0,5160.54,0.0,37639.0,82.541914
2019-02-27,11,3201510.878835,3089968.796428,111542.082407,0.0,0.0,0.0,6614.37,0.0,37732.85,84.846781
2019-02-27,12,567309.326204,456751.012327,110558.313877,0.0,0.0,0.0,8121.47,0.0,37727.23,15.037132
2019-02-27,13,702619.904471,601922.965236,100696.939235,0.0,0.0,0.0,8951.52,0.0,37914.68,18.531606
2019-02-27,14,669222.478129,572185.104414,97037.373716,0.0,0.0,0.0,9449.49,0.0,38257.67,17.492505
2019-02-27,15,666060.572662,563156.290495,102904.282167,0.0,0.0,0.0,9614.29,0.0,38677.6,17.220835
2019-02-27,16,722147.323978,592188.651504,129958.672474,0.0,0.0,0.0,9652.18,58.0,39552.67,18.257865
2019-02-27,17,732159.022247,609782.954203,122376.068044,0.0,0.0,0.0,9332.36,0.0,40551.61,18.054993
2019-02-27,18,812845.204531,657701.532787,155143.671744,0.0,0.0,0.0,8973.48,0.0,42099.78,19.307588
2019-02-27,19,897048.28376,709154.080711,187894.203049,0.0,0.0,0.0,8384.4,0.0,43077.27,20.824167
2019-02-27,20,910048.861637,706656.375184,203392.486453,0.0,128.792763,0.0,8013.34,0.0,42908.96,21.208831
2019-02-27,21,910662.099236,724995.855376,185666.24386,0.0,282.596242,0.0,8644.85,0.0,41908.58,21.729729
2019-02-27,22,852750.804644,672915.933127,179834.871517,0.0,704.755235,0.0,10401.59,0.0,39882.58,21.381536
2019-02-27,23,815284.702508,653317.377126,161967.325383,0.0,690.544976,0.0,10104.21,0.0,37735.03,21.605514
2019-02-28,0,794872.240565,642169.062713,152703.177852,0.0,708.361659,0.0,10060.95,0.0,36495.36,21.78009
2019-02-28,1,2896879.402339,2748393.178599,148486.22374,0.0,695.929512,0.0,10070.76,42.0,35912.99,80.663832
2019-02-28,2,2898075.230536,2740159.33123,157915.899307,0.0,582.685086,0.0,9461.13,42.0,35797.98,80.95639
2019-02-28,3,2905556.449667,2745569.341229,159987.108438,0.0,456.920543,0.0,8966.06,42.0,36039.15,80.622225
2019-02-28,4,2927082.874425,2754678.54419,172404.330235,0.0,336.911546,0.0,8653.23,42.0,37041.02,79.02274
2019-02-28,5,2986889.438125,2790236.874999,196652.563126,0.0,306.067506,0.0,8450.160506,6.259494,39677.13,75.279876
2019-02-28,6,3066741.786884,2838849.020575,227892.766309,0.0,218.919749,0.0,8386.15,0.0,43784.95,70.041002
2019-02-28,7,3086582.85792,2881690.251152,204892.606768,0.0,0.0,0.0,7908.59,0.0,45429.83,67.941766
2019-02-28,8,2794287.694272,2584196.989856,210090.704416,0.0,0.0,0.0,6091.28,0.0,45680.42,61.170359
2019-02-28,9,2791852.630546,2584813.576991,207039.053555,0.0,0.0,0.0,6044.96,0.0,46117.76,60.537473
2019-02-28,10,2781097.218155,2584806.996991,196290.221164,0.0,0.0,0.0,7119.38,0.0,46445.14,59.879187
2019-02-28,11,2748090.90243,2545922.750017,202168.152413,0.0,0.0,0.0,7370.64,0.0,46346.22,59.294823
2019-02-28,12,3051454.946519,2895063.604684,156391.341835,0.0,0.0,0.0,8274.68,0.0,45813.37,66.60621
2019-02-28,13,3136996.832745,2876074.388286,260922.444459,0.0,110.286503,0.0,8960.16,88.5,45394.82,69.104731
2019-02-28,14,3095330.820867,2849681.108592,245649.712276,0.0,319.043335,0.0,9734.67,88.5,44763.4,69.148698
2019-02-28,15,3092579.806914,2862410.314518,230169.492396,0.0,209.503948,0.0,10374.03,88.5,44201.87,69.964909
2019-02-28,16,2981623.232299,2805300.228609,176323.003689,0.0,0.0,0.0,11064.66,0.0,44428.85,67.11007
2019-02-28,17,2887537.180285,2691467.065957,196070.114329,0.0,0.0,0.0,9804.51,0.0,45267.78,63.787912
2019-02-28,18,2929151.313033,2716735.195922,212416.117111,0.0,0.0,0.0,8534.93,0.0,47054.6,62.250052
2019-02-28,19,2953358.802982,2717221.971332,236136.83165,0.0,0.0,0.0,6925.09,0.0,47824.91,61.753567
2019-02-28,20,2952661.538702,2717215.391332,235446.14737,0.0,0.0,0.0,6144.08,0.0,47383.33,62.314353
2019-02-28,21,2925019.588616,2717215.391332,207804.197284,0.0,0.0,0.0,6343.91,0.0,45943.79,63.665178
2019-02-28,22,2865529.398409,2685689.04546,179840.352949,0.0,0.0,0.0,6597.24,0.0,43477.68,65.908057
2019-02-28,23,2798724.660512,2632749.535477,165975.125035,0.0,0.0,0.0,6083.82,0.0,41161.22,67.994211
2019-03-01,0,2578805.358715,2431950.938678,146854.420037,0.0,0.0,0.0,6226.8,0.0,39570.88,65.16927
2019-03-01,1,2562927.091639,2431950.938678,130976.152962,0.0,0.0,0.0,6904.87,0.0,38698.98,66.227252
2019-03-01,2,2559184.918117,2425232.936486,133951.98163,0.0,0.0,0.0,6089.49,0.0,38302.01,66.815943
2019-03-01,3,2568376.283909,2431954.228678,136422.055231,0.0,0.0,0.0,5642.04,0.0,38401.44,66.882291
2019-03-01,4,2632507.488669,2497701.41526,134806.073409,0.0,0.0,0.0,5280.26,0.0,39297.87,66.988554
2019-03-01,5,2817560.155718,2680682.823762,136877.331956,0.0,0.0,0.0,5163.63,0.0,41722.65,67.530709
2019-03-01,6,2852401.36798,2680664.103762,171737.264218,0.0,0.0,0.0,5058.71,0.0,45320.89,62.937894
2019-03-01,7,2998611.314913,2821728.725426,176882.589487,0.0,0.0,0.0,5032.57,0.0,46218.5,64.879027
2019-03-01,8,2996945.352824,2821725.945426,175219.407397,0.0,0.0,0.0,4535.73,0.0,45807.13,65.425303
2019-03-01,9,2944340.612543,2777526.632226,166813.980317,0.0,0.0,0.0,5800.43,0.0,45491.72,64.722561
2019-03-01,10,2893950.288542,2739553.8673,154396.421242,0.0,0.0,0.0,7714.94,0.0,44896.05,64.458906
2019-03-01,11,3203778.882521,3019737.811273,184041.071248,0.0,44.057328,0.0,9146.51,375.8,43911.88,72.959274
2019-03-01,12,3161341.2736,2974923.951387,186417.322213,0.0,609.497107,0.0,11152.59,130.5,42402.09,74.556261
2019-03-01,13,3122600.858318,2945404.824653,177196.033666,0.0,1268.32016,0.0,12998.19,255.5,41332.77,75.547825
2019-03-01,14,3118197.913489,2944597.676303,173600.237186,0.0,1332.47088,0.0,12988.59,255.5,40650.9,76.706737
2019-03-01,15,3114617.83093,2944536.602079,170081.228851,0.0,1202.039097,0.0,12779.54,255.5,40381.49,77.129839
2019-03-01,16,3123009.409196,2955473.280317,167536.128879,0.0,719.624109,0.0,12193.722361,378.957639,40558.97,76.999229
2019-03-01,17,3155036.432913,2976026.319788,179010.113125,0.0,60.950927,0.0,9898.58,130.5,40974.27,77.000431
2019-03-01,18,3133757.752048,3019790.961273,113966.790775,0.0,0.0,0.0,7229.63,0.0,41811.74,74.949231
2019-03-01,19,3066138.355728,2939416.509836,126721.845892,0.0,0.0,0.0,4878.73,0.0,41912.84,73.155108
2019-03-01,20,3023482.248422,2883600.599564,139881.648858,0.0,0.0,0.0,3941.69,0.0,41288.11,73.228885
2019-03-01,21,3004685.406828,2883600.599564,121084.807264,0.0,0.0,0.0,4706.04,0.0,40289.9,74.576641
2019-03-01,22,2726231.285912,2613031.217666,113200.068246,0.0,0.0,0.0,6585.9,0.0,38656.98,70.523649
2019-03-01,23,2676373.38122,2584073.792658,92299.588562,0.0,0.0,0.0,6761.38,0.0,36848.48,72.631853
2019-03-02,0,2602407.235887,2511535.689992,90871.545896,0.0,0.0,0.0,7481.04,0.0,35346.37,73.62587
2019-03-02,1,497140.740477,339634.552842,157506.187636,0.0,98.076819,0.0,8485.01,42.0,34403.56,14.45027
2019-03-02,2,489694.163039,335994.331018,153699.832022,0.0,368.6717,0.0,8660.81,42.0,33953.48,14.422503
2019-03-02,3,486477.237996,335994.331018,150482.906979,0.0,566.194851,0.0,9358.72,42.0,33914.1,14.344395
2019-03-02,4,475824.92457,332610.440662,143214.483908,0.0,582.693309,0.0,10057.19,42.0,34287.48,13.877512
2019-03-02,5,510964.993116,359916.596971,151048.396145,0.0,150.597337,0.0,9402.123653,37.986347,35346.4,14.455927
2019-03-02,6,514452.005875,387022.271175,127429.734701,0.0,0.0,0.0,8230.65,0.0,36956.82,13.920354
2019-03-02,7,492685.219716,357376.898459,135308.321257,0.0,0.0,0.0,6653.87,0.0,38443.15,12.815943
2019-03-02,8,587934.832738,432384.616474,155550.216264,0.0,0.0,0.0,5631.24,0.0,40065.5,14.674342
2019-03-02,9,614309.674085,432381.326474,181928.347611,0.0,0.0,0.0,6394.07,0.0,41130.65,14.935569
2019-03-02,10,526603.890003,357866.963869,168736.926134,0.0,0.0,0.0,7150.2,0.0,41549.13,12.674246
2019-03-02,11,529528.800622,357860.383869,171668.416753,0.0,0.0,0.0,7467.68,0.0,41504.19,12.758442
2019-03-02,12,509158.899452,355324.385644,153834.513808,0.0,0.0,0.0,8218.81,0.0,41055.92,12.401595
2019-03-02,13,529777.86012,359965.556848,169812.303273,0.0,0.0,0.0,9230.04,220.3,40743.18,13.00286
2019-03-02,14,516294.919988,345883.893697,170411.02629,0.0,0.0,0.0,9895.27,220.3,40506.65,12.74593
2019-03-02,15,500174.234305,338612.226589,161562.007716,0.0,0.0,0.0,10378.87219,199.59781,40450.82,12.364996
2019-03-02,16,471377.839011,329169.531792,142208.307219,0.0,0.0,0.0,11580.05,0.0,40554.13,11.623424
2019-03-02,17,504058.018985,336203.486944,167854.532042,0.0,0.0,0.0,10891.266,53.844,41048.06,12.279704
2019-03-02,18,493703.165138,339277.235367,154425.929771,0.0,0.0,0.0,10596.2,0.0,41847.71,11.797615
2019-03-02,19,551652.104876,414291.533382,137360.571494,0.0,0.0,0.0,10495.24,0.0,41963.46,13.146011
2019-03-02,20,836648.918906,703424.270905,133224.648,0.0,0.0,0.0,11576.48,0.0,41202.5,20.30578
2019-03-02,21,800527.316205,661960.766602,138566.549603,0.0,761.223689,0.0,14377.01,0.0,40157.5,19.93469
2019-03-02,22,729082.776655,600962.724001,128120.052654,0.0,1286.643084,0.0,15712.97,0.0,38749.28,18.815389
2019-03-02,23,737325.987933,600962.724001,136363.263932,0.0,901.307701,0.0,13033.035017,25.804983,37165.85,19.838803
2019-03-03,0,773539.412684,644381.350837,129158.061847,0.0,613.454453,0.0,10819.98,42.0,35921.88,21.533935
2019-03-03,1,778227.032295,644361.610837,133865.421458,0.0,424.805037,0.0,9322.87,42.0,35026.79,22.218052
2019-03-03,2,756845.892423,623142.621421,133703.271002,0.0,519.244534,0.0,9522.61,42.0,34653.48,21.840401
2019-03-03,3,745598.780037,617735.901422,127862.878615,0.0,894.126331,0.0,10646.86,42.0,34579.21,21.562054
2019-03-03,4,751798.158711,636828.302093,114969.856618,0.0,1268.30097,0.0,12139.9,42.0,34989.99,21.486092
2019-03-03,5,786894.357832,659060.848074,127833.509758,0.0,1424.361542,0.0,11347.65,42.0,35840.63,21.955372
2019-03-03,6,822783.794998,674567.842202,148215.952796,0.0,1525.732205,0.0,10947.209928,6.340072,37307.53,22.054095
2019-03-03,7,851810.687068,683611.494025,168199.193043,0.0,1433.050532,0.0,10294.96,0.0,38917.05,21.887853
2019-03-03,8,894158.330105,706189.6646,187968.665505,0.0,1295.81427,0.0,10132.18,0.0,40903.52,21.86018
2019-03-03,9,893847.248859,706179.7946,187667.454259,0.0,1407.042056,0.0,11544.37,0.0,42728.21,20.91937
2019-03-03,10,1029629.304097,867963.704764,161665.599333,0.0,531.916942,0.0,13210.41,58.0,43930.58,23.437644
2019-03-03,11,1052889.63165,863318.485794,189571.145856,0.0,1540.207335,0.0,14836.78,375.8,44393.06,23.717438
2019-03-03,12,1050047.806431,848716.164715,201331.641716,0.0,2471.67535,0.0,16061.65,213.5,44366.11,23.667791
2019-03-03,13,1027362.103258,841444.497606,185917.605651,0.0,2166.236411,0.0,16686.02,213.5,44006.08,23.345913
2019-03-03,14,1016990.094252,841444.497606,175545.596645,0.0,2853.159572,0.0,18082.97,213.5,43569.67,23.341698
2019-03-03,15,940239.627331,763418.354644,176821.272687,0.0,2796.992752,0.0,19199.87,213.5,43732.7,21.499693
2019-03-03,16,945130.143386,762973.994644,182156.148742,0.0,1772.533617,0.0,18369.35,213.5,44396.43,21.288427
2019-03-03,17,1025849.270292,826110.919722,199738.35057,0.0,1656.295966,0.0,17372.06,213.5,45885.63,22.356657
2019-03-03,18,1090964.340743,883867.742139,207096.598604,0.0,1276.200327,0.0,15822.590646,235.029354,48375.87,22.551829
2019-03-03,19,1075992.712585,830125.000365,245867.71222,0.0,1014.543794,0.0,11991.96,58.0,50346.13,21.371905
2019-03-03,20,1054325.545983,830121.710365,224203.835618,0.0,1147.390619,0.0,13095.78,0.0,50668.77,20.808193
2019-03-03,21,954832.924682,759349.339217,195483.585465,0.0,1517.875917,0.0,17238.75,0.0,50037.65,19.08229
2019-03-03,22,864514.039453,679197.48346,185316.555992,0.0,1531.144518,0.0,18571.95,0.0,48255.6,17.91531
2019-03-03,23,828456.593682,654017.63476,174438.958922,0.0,1487.87824,0.0,18519.02,0.0,46630.73,17.766323
2019-03-04,0,810247.949867,639284.276462,170963.673405,0.0,1409.272279,0.0,18131.37,0.0,45657.96,17.746039
2019-03-04,1,2934060.709503,2770259.369421,163801.340082,0.0,1199.507139,0.0,17421.09,0.0,45390.28,64.640727
2019-03-04,2,2929680.161083,2758147.95912,171532.201963,0.0,1223.992843,0.0,17326.06,42.0,45706.17,64.098133
2019-03-04,3,2949929.986776,2766086.035848,183843.950929,0.0,1199.397216,0.0,17130.67,42.0,46607.19,63.293453
2019-03-04,4,3003156.384195,2805163.079401,197993.304794,0.0,1151.599128,0.0,16975.64,0.0,48553.33,61.852738
2019-03-04,5,3076184.002953,2858853.529112,217330.473842,0.0,1101.337099,0.0,17006.33,0.0,52097.48,59.046695
2019-03-04,6,3165014.825224,2909981.750969,255033.074254,0.0,966.056889,0.0,16761.5,0.0,56990.99,55.535354
2019-03-04,7,3201198.137456,2930781.762517,270416.374938,0.0,746.680305,0.0,16197.35,0.0,58672.65,54.560313
2019-03-04,8,3213904.212346,2930778.472517,283125.739828,0.0,569.301721,0.0,14731.1,0.0,58462.99,54.973312
2019-03-04,9,3258269.24658,2971551.734869,286717.511711,0.0,576.268262,0.0,14311.37,58.0,58358.23,55.832215
2019-03-04,10,3209448.052471,2966342.452259,243105.600212,0.0,0.0,0.0,14158.51,0.0,57873.81,55.455966
2019-03-04,11,3250387.341761,2944741.490492,305645.851269,0.0,332.14501,0.0,14604.93,58.0,56797.23,57.22792
2019-03-04,12,3213196.438663,2949734.408843,263462.02982,0.0,518.252775,0.0,14492.38,58.0,55516.77,57.877943
2019-03-04,13,3214406.170402,3007209.198713,207196.971689,0.0,0.0,0.0,14229.25,0.0,54516.71,58.961852
2019-03-04,14,3262668.873182,3005100.926114,257567.947068,0.0,257.723451,0.0,14829.15,88.5,53543.64,60.93476
2019-03-04,15,3208154.667543,2962285.650389,245869.017153,0.0,237.363028,0.0,14772.37,88.5,52650.68,60.932825
2019-03-04,16,3158471.93942,2906673.914831,251798.024589,0.0,214.186945,0.0,15411.8,58.0,53125.36,59.453187
2019-03-04,17,3219072.421157,2981379.082015,237693.339143,0.0,0.0,0.0,13945.42,0.0,54539.72,59.022533
2019-03-04,18,3231004.058303,2986295.513362,244708.544941,0.0,0.0,0.0,12129.09,0.0,57094.28,56.590679
2019-03-04,19,3233140.979622,2939346.98974,293793.989881,0.0,0.0,0.0,10235.1,0.0,58542.01,55.227707
2019-03-04,20,3262663.4057,2961057.559996,301605.845703,0.0,0.0,0.0,7962.02,0.0,58047.54,56.206747
2019-03-04,21,3249780.894975,2961047.689996,288733.204979,0.0,0.0,0.0,6793.55,0.0,56648.7,57.367263
2019-03-04,22,3196114.239561,2924944.931759,271169.307802,0.0,0.0,0.0,5906.26,0.0,54045.48,59.137494
2019-03-04,23,3145523.632971,2896181.687913,249341.945058,0.0,0.0,0.0,5576.26,0.0,51891.94,60.616805
2019-03-05,0,3131987.047469,2893002.816612,238984.230856,0.0,0.0,0.0,5254.1,0.0,50762.08,61.699344
2019-03-05,1,3123869.594759,2892997.256612,230872.338146,0.0,0.0,0.0,5097.51,0.0,50603.38,61.73243
2019-03-05,2,3177466.101563,2950923.745738,226542.355824,0.0,0.0,0.0,4881.56,0.0,50883.54,62.445854
2019-03-05,3,3382158.876975,3151715.252538,230443.624438,0.0,0.0,0.0,4731.96,0.0,51568.39,65.585892
2019-03-05,4,3448950.69613,3207534.962809,241415.73332,0.0,0.0,0.0,4875.16,0.0,53192.04,64.839602
2019-03-05,5,3604892.25469,3318658.599061,286233.655629,0.0,0.0,0.0,4263.97,0.0,56343.49,63.980635
2019-03-05,6,3693579.519912,3318648.729061,374930.79085,0.0,0.0,0.0,4036.4,0.0,60300.15,61.253239
2019-03-05,7,3698455.958137,3318648.729061,379807.229075,0.0,0.0,0.0,4131.02,0.0,60652.16,60.978141
2019-03-05,8,3638475.117173,3318648.729061,319826.388111,0.0,0.0,0.0,4169.75,0.0,58408.99,62.293067
2019-03-05,9,3312404.085277,3030035.728309,282368.356968,0.0,0.0,0.0,5353.29,0.0,56155.33,58.986459
2019-03-05,10,3245571.345208,3030035.728309,215535.616899,0.0,0.0,0.0,7205.36,0.0,53896.48,60.218614
2019-03-05,11,3248504.092722,3020517.462382,227986.630339,0.0,10.545566,0.0,8711.51,58.0,51507.31,63.068797
2019-03-05,12,3173857.828245,2909857.951049,263999.877196,0.0,171.813283,0.0,10580.29,88.5,49001.03,64.771247
2019-03-05,13,3131772.775771,2905499.404998,226273.370773,0.0,854.322199,0.0,12287.53,88.5,46847.27,66.8507
2019-03-05,14,3088299.519149,2885268.38569,203031.13346,0.0,1183.831158,0.0,12426.26,130.5,44804.15,68.928872
2019-03-05,15,3031107.002776,2832673.622524,198433.380252,0.0,1183.327277,0.0,12438.31,130.5,43676.72,69.398687
2019-03-05,16,3051938.712826,2862877.503755,189061.209071,0.0,648.323838,0.0,12292.17,130.5,43649.14,69.91979
2019-03-05,17,3112444.668509,2904596.260322,207848.408187,0.0,158.78896,0.0,11058.48,130.5,44900.7,69.3184
2019-03-05,18,3143223.758863,2994527.992191,148695.766672,0.0,0.0,0.0,9850.35,0.0,47921.07,65.591686
2019-03-05,19,2963237.873474,2793663.595392,169574.278083,0.0,0.0,0.0,8808.49,0.0,50424.78,58.765509
2019-03-05,20,2923646.540232,2716790.864804,206855.675429,0.0,0.0,0.0,7029.9,0.0,50845.72,57.500347
2019-03-05,21,2932851.506336,2716790.864804,216060.641533,0.0,0.0,0.0,5583.84,0.0,50117.11,58.519965
2019-03-05,22,2926022.142,2716790.864804,209231.277197,0.0,0.0,0.0,4088.13,0.0,48201.27,60.704254
2019-03-05,23,2929947.967618,2744655.190922,185292.776696,0.0,0.0,0.0,3609.75,0.0,46677.61,62.76988
2019-03-06,0,2824478.938018,2633150.279707,191328.658311,0.0,0.0,0.0,3620.93,0.0,45938.87,61.483422
2019-03-06,1,2783195.36195,2599848.407807,183346.954143,0.0,0.0,0.0,4272.46,0.0,45881.88,60.660011
2019-03-06,2,2790789.063884,2599848.407807,190940.656077,0.0,0.0,0.0,4104.65,0.0,46290.07,60.289152
2019-03-06,3,2979340.199142,2791604.950095,187735.249047,0.0,0.0,0.0,4085.33,0.0,47112.52,63.238821
2019-03-06,4,2998330.330062,2791598.880095,206731.449967,0.0,0.0,0.0,4227.69,0.0,48750.38,61.503732
2019-03-06,5,3157610.056497,2922685.89715,234924.159347,0.0,0.0,0.0,4424.05,0.0,51976.59,60.75062
2019-03-06,6,3235027.823524,2922676.02715,312351.796375,0.0,0.0,0.0,4806.31,0.0,56213.68,57.548764
2019-03-06,7,3221520.869958,2922676.02715,298844.842808,0.0,0.0,0.0,5254.95,0.0,55956.27,57.572116
2019-03-06,8,3144595.726383,2922676.02715,221919.699233,0.0,0.0,0.0,5934.6,0.0,52391.89,60.020658
2019-03-06,9,3043828.928846,2859977.586268,183851.342577,0.0,0.0,0.0,8180.49,0.0,49472.96,61.525102
2019-03-06,10,3072670.911824,2919288.254867,153382.656958,0.0,0.0,0.0,10577.24,0.0,47089.4,65.251859
2019-03-06,11,3091624.895855,2924737.429293,166887.466561,0.0,1511.407749,0.0,14253.202187,271.877813,44867.08,68.906309
2019-03-06,12,3041813.354441,2875833.754539,165979.599902,0.0,1941.490603,0.0,15748.67,255.5,42779.07,71.105177
2019-03-06,13,3015908.694375,2875487.003174,140421.6912,0.0,1668.300347,0.0,16091.760278,263.019722,41392.52,72.8612
2019-03-06,14,3003568.41237,2860297.812032,143270.600337,0.0,2341.109095,0.0,16521.93,417.8,40076.89,74.945147
2019-03-06,15,2994434.110246,2855502.597631,138931.512615,0.0,2307.428229,0.0,16466.257098,241.942902,39451.46,75.901731
2019-03-06,16,2989186.071985,2846360.033174,142826.038811,0.0,1264.890281,0.0,15514.09,387.3,39763.21,75.174667
2019-03-06,17,3023557.095647,2873008.60454,150548.491107,0.0,1840.24227,0.0,15363.66,130.5,40766.97,74.166834
2019-03-06,18,3054876.796002,2909824.834801,145051.961201,0.0,1313.209445,0.0,13903.22,42.0,42977.63,71.080625
2019-03-06,19,3013868.450145,2833098.023263,180770.426882,0.0,979.638809,0.0,11511.56,42.0,44420.64,67.84838
2019-03-06,20,2982745.743261,2805250.988743,177494.754518,0.0,1118.175998,0.0,12154.3,42.0,44381.25,67.20734
2019-03-06,21,2958343.854116,2799844.268744,158499.585372,0.0,1556.067136,0.0,13546.53,42.0,43203.38,68.474824
2019-03-06,22,2909902.130085,2776047.279369,133854.850716,0.0,729.94767,0.0,13184.62,42.0,40753.98,71.401668
2019-03-06,23,2902046.09982,2796718.61398,105327.48584,0.0,905.765058,0.0,13610.11,42.0,38479.09,75.418782
2019-03-07,0,2879130.699047,2783495.019459,95635.679587,0.0,1055.652967,0.0,13616.15,42.0,36939.97,77.940797
2019-03-07,1,2853679.128293,2757582.17245,96096.955843,0.0,1122.589292,0.0,13560.42,42.0,36172.13,78.891653
2019-03-07,2,2854359.653541,2757582.17245,96777.481092,0.0,1213.665233,0.0,13340.47,42.0,35771.97,79.793192
2019-03-07,3,2858210.240321,2761038.16197,97172.078351,0.0,1234.448456,0.0,13200.13,42.0,35764.88,79.916674
2019-03-07,4,2737404.281481,2618738.385281,118665.8962,0.0,1142.94568,0.0,12702.2,42.0,36580.19,74.832971
2019-03-07,5,2773644.449064,2643964.752282,129679.696781,0.0,889.344631,0.0,12570.15,42.0,38917.54,71.269778
2019-03-07,6,2829178.01793,2665212.555321,163965.462609,0.0,657.563727,0.0,12223.54,42.0,42477.4,66.604312
2019-03-07,7,2838257.9204,2670612.69532,167645.22508,0.0,434.44051,0.0,11706.09,42.0,42930.32,66.113132
2019-03-07,8,2834149.169278,2670609.40532,163539.763958,0.0,436.085816,0.0,10986.23,42.0,41916.76,67.613746
2019-03-07,9,2817675.636309,2664816.511256,152859.125054,0.0,878.315144,0.0,11753.4,42.0,41039.55,68.657567
2019-03-07,10,2812029.273919,2677059.668267,134969.605652,0.0,3.952524,0.0,11986.04,42.0,39976.52,70.342023
2019-03-07,11,781978.36324,639739.338731,142239.02451,0.0,903.777411,0.0,13396.27,262.3,38771.61,20.168839
2019-03-07,12,760651.060578,611189.171,149461.889578,0.0,989.815053,0.0,13909.79,255.5,37744.39,20.152692
2019-03-07,13,757284.869833,610699.416186,146585.453646,0.0,516.716318,0.0,13690.53,255.5,37085.23,20.420121
2019-03-07,14,740867.748559,602431.664105,138436.084454,0.0,1106.046171,0.0,14564.84,255.5,36774.36,20.146313
2019-03-07,15,736822.217941,598040.05881,138782.159131,0.0,1456.139803,0.0,14854.45,417.8,36682.33,20.086571
2019-03-07,16,742252.460711,604575.721099,137676.739611,0.0,999.483477,0.0,14780.340802,414.729198,36824.0,20.156758
2019-03-07,17,757418.998303,622206.430192,135212.56811,0.0,905.97905,0.0,14095.81,262.3,37235.97,20.341057
2019-03-07,18,700959.865239,573467.550205,127492.315034,0.0,335.460848,0.0,12790.774176,157.975824,38506.02,18.203903
2019-03-07,19,654810.077877,518885.803747,135924.27413,0.0,0.0,0.0,11265.31,0.0,39364.7,16.634449
2019-03-07,20,657365.173633,513479.083748,143886.089885,0.0,601.100342,0.0,12129.93,42.0,38861.97,16.915385
2019-03-07,21,628625.31836,506761.081557,121864.236803,0.0,1015.519666,0.0,13548.45,42.0,37492.19,16.766834
2019-03-07,22,577624.483171,474271.074874,103353.408297,0.0,1020.307873,0.0,14025.22,42.0,35276.47,16.374214
2019-03-07,23,558421.70062,486128.155674,72293.544947,0.0,983.071293,0.0,14136.23,42.0,32933.62,16.955977
2019-03-08,0,378516.45149,294018.231509,84498.219981,0.0,956.9839,0.0,14044.94,42.0,31299.51,12.093367
2019-03-08,1,357049.881195,276009.869988,81040.011207,0.0,874.415443,0.0,13800.49,42.0,30300.24,11.783731
2019-03-08,2,352495.974199,274664.988822,77830.985377,0.0,863.951405,0.0,13659.61,42.0,29877.9,11.797883
2019-03-08,3,355235.721212,274661.698822,80574.02239,0.0,835.810278,0.0,13570.25,42.0,29660.78,11.976614
2019-03-08,4,509905.366723,429987.949207,79917.417516,0.0,808.107263,0.0,13359.05,42.0,30154.42,16.909805
2019-03-08,5,537024.484217,449498.964045,87525.520172,0.0,807.390371,0.0,13206.21,42.0,32170.55,16.693046
2019-03-08,6,603688.83427,493577.130152,110111.704118,0.0,0.0,0.0,11929.34,0.0,35516.93,16.997213
2019-03-08,7,608543.705679,530846.013705,77697.691975,0.0,0.0,0.0,10267.52,0.0,36783.54,16.543914
2019-03-08,8,475171.562091,363415.839481,111755.72261,0.0,0.0,0.0,8361.76,0.0,37094.82,12.809647
2019-03-08,9,477622.421491,363415.839481,114206.58201,0.0,0.0,0.0,8652.47,0.0,37532.35,12.72562
2019-03-08,10,472193.160304,363415.839481,108777.320823,0.0,0.0,0.0,9546.72,0.0,37952.08,12.441826
2019-03-08,11,459469.651861,356144.172372,103325.479488,0.0,0.0,0.0,10562.65,0.0,38197.35,12.028836
2019-03-08,12,705533.3137,590349.124877,115184.188823,0.0,49.756453,0.0,11275.57,375.8,38386.41,18.379768
2019-03-08,13,709364.22094,594996.032091,114368.18885,0.0,0.0,0.0,12940.31,375.8,39012.31,18.183087
2019-03-08,14,727373.809117,577783.28345,149590.525667,0.0,155.554977,0.0,13803.690987,185.679013,39429.45,18.447475
2019-03-08,15,762363.158569,649266.804695,113096.353874,0.0,232.940142,0.0,14710.656167,112.153833,39516.76,19.292147
2019-03-08,16,764857.809426,621723.124948,143134.684478,0.0,14.304529,0.0,15281.24,213.5,39380.91,19.422045
2019-03-08,17,764142.337696,632357.135072,131785.202624,0.0,144.241396,0.0,14350.989734,108.170266,39227.27,19.479876
2019-03-08,18,761364.993153,629729.559472,131635.433681,0.0,195.413368,0.0,13350.32,220.3,39711.25,19.172527
2019-03-08,19,738718.71248,596303.980374,142414.732106,0.0,327.166327,0.0,12646.27,0.0,40078.03,18.432012
2019-03-08,20,764755.840107,639070.543384,125685.296723,0.0,235.171671,0.0,13371.73,0.0,39362.05,19.42876
2019-03-08,21,723265.867837,617816.670345,105449.197492,0.0,583.413131,0.0,15245.9,42.0,38237.22,18.915231
2019-03-08,22,683353.706961,592290.379029,91063.327931,0.0,543.999882,0.0,16321.39,42.0,36467.1,18.73891
2019-03-08,23,652313.07802,574379.264339,77933.813681,0.0,1190.180707,0.0,17144.92,42.0,34527.5,18.892566
2019-03-09,0,504751.527084,436863.687668,67887.839416,0.0,1324.056525,0.0,16950.25,42.0,32696.87,15.437304
2019-03-09,1,357008.486114,282562.359555,74446.12656,0.0,1241.428172,0.0,16159.37,42.0,31531.91,11.322133
2019-03-09,2,349870.625101,277142.74518,72727.879922,0.0,1261.109344,0.0,16139.66,42.0,30676.28,11.405249
2019-03-09,3,325729.776665,292196.366825,33533.409841,0.0,0.0,0.0,14553.21,0.0,30239.52,10.771658
2019-03-09,4,536887.615236,492981.293624,43906.321612,0.0,0.0,0.0,12132.94,0.0,30215.12,17.768839
2019-03-09,5,551717.879878,486467.613555,65250.266323,0.0,1248.276507,0.0,16058.2,100.0,30644.71,18.003691
2019-03-09,6,562427.930732,494909.831351,67518.099381,0.0,1173.747133,0.0,16177.46,42.0,31797.82,17.687625
2019-03-09,7,590964.092479,506757.042151,84207.050328,0.0,418.225763,0.0,14268.59,42.0,32794.45,18.020247
2019-03-09,8,631221.213306,535300.370096,95920.843211,0.0,316.472495,0.0,13634.36,42.0,34674.81,18.204028
2019-03-09,9,639646.951878,563567.784036,76079.167842,0.0,0.0,0.0,11579.26,0.0,36501.28,17.523959
2019-03-09,10,816742.941484,759094.113058,57648.828427,0.0,0.0,0.0,12310.34,0.0,37990.4,21.498667
2019-03-09,11,851286.773702,740599.549467,110687.224235,0.0,220.885555,0.0,13195.39,213.5,38702.02,21.995926
2019-03-09,12,998221.040676,877075.705575,121145.335101,0.0,3041.129478,0.0,17560.22,255.5,39020.25,25.582128
2019-03-09,13,936254.032209,809618.488899,126635.54331,0.0,2690.582283,0.0,17979.899635,347.030365,39302.26,23.821888
2019-03-09,14,867138.332851,732660.353574,134477.979277,0.0,3394.32765,0.0,18577.06,255.5,39447.8,21.981919
2019-03-09,15,906176.847031,774757.309824,131419.537207,0.0,3256.859777,0.0,17674.634748,344.015252,39782.67,22.778181
2019-03-09,16,939467.453808,801248.77972,138218.674087,0.0,2216.682904,0.0,16280.25,255.5,39841.02,23.580407
2019-03-09,17,967011.227331,821808.399191,145202.828139,0.0,1999.185002,0.0,14828.17,130.5,39277.47,24.619998
2019-03-09,18,954275.246555,869356.111865,84919.13469,0.0,0.0,0.0,9658.94,0.0,38921.56,24.517908
2019-03-09,19,871900.078536,760381.020367,111519.058169,0.0,0.0,0.0,5497.11,0.0,38946.1,22.387353
2019-03-09,20,826755.39414,701125.899246,125629.494894,0.0,0.0,0.0,3442.26,0.0,37676.26,21.943669
2019-03-09,21,814357.188042,701125.899246,113231.288795,0.0,0.0,0.0,3240.54,0.0,36345.99,22.405696
2019-03-09,22,776566.529734,680966.897214,95599.63252,0.0,0.0,0.0,4034.0,0.0,34700.61,22.379045
2019-03-09,23,670865.91595,578188.288959,92677.626991,0.0,0.0,0.0,3871.38,0.0,32867.37,20.411305
2019-03-10,0,446509.635804,360950.040243,85559.595561,0.0,0.0,0.0,4104.87,0.0,31364.61,14.236097
2019-03-10,1,406758.527079,324888.761511,81869.765568,0.0,0.0,0.0,4791.74,0.0,30301.32,13.423789
2019-03-10,2,399876.724412,324888.761511,74987.962901,0.0,0.0,0.0,4771.06,0.0,29634.87,13.493453
2019-03-10,3,395930.105605,324888.761511,71041.344094,0.0,0.0,0.0,5030.33,0.0,29392.29,13.470543
2019-03-10,4,391869.537379,318143.193614,73726.343765,0.0,0.0,0.0,5658.85,0.0,29669.75,13.207713
2019-03-10,5,414337.218846,335901.4869,78435.731946,0.0,0.0,0.0,5645.66,0.0,30427.04,13.617401
2019-03-10,6,530643.936269,455118.388116,75525.548154,0.0,0.0,0.0,6013.96,0.0,31454.55,16.870181
2019-03-10,7,631604.350652,494479.053257,137125.297395,0.0,15.057906,0.0,6845.26,42.0,32531.85,19.414953
2019-03-10,8,649340.190352,494476.273257,154863.917095,0.0,385.939101,0.0,6873.79,42.0,34058.83,19.065252
2019-03-10,9,656020.398063,499886.283256,156134.114807,0.0,698.021742,0.0,7982.72,42.0,35440.2,18.510629
2019-03-10,10,633963.856975,495326.743256,138637.113719,0.0,106.79305,0.0,9508.79,42.0,36393.89,17.419513
2019-03-10,11,617792.004096,486140.772857,131651.23124,0.0,1308.433006,0.0,12564.48,42.0,36998.96,16.697551
2019-03-10,12,632980.847838,510207.608431,122773.239406,0.0,1482.925565,0.0,14171.65,100.0,37415.59,16.91757
2019-03-10,13,648350.1014,525863.230529,122486.870871,0.0,627.107344,0.0,15390.72,345.3,37575.29,17.254693
2019-03-10,14,678382.899745,544409.778761,133973.120984,0.0,1231.200023,0.0,16457.0407,229.3393,37700.17,17.99416
2019-03-10,15,682884.178457,549769.887111,133114.291346,0.0,1445.917169,0.0,16569.024213,240.965787,37970.57,17.984565
2019-03-10,16,688575.829405,553947.597995,134628.23141,0.0,987.400747,0.0,16406.646456,206.473544,38124.58,18.061204
2019-03-10,17,667014.168078,533456.37653,133557.791547,0.0,875.124985,0.0,15388.38,262.3,38176.9,17.471669
2019-03-10,18,652899.644606,519115.354783,133784.289823,0.0,250.299388,0.0,14070.15,100.0,39048.99,16.720014
2019-03-10,19,633215.918091,523513.901639,109702.016452,0.0,0.0,0.0,12606.2,0.0,39609.39,15.98651
2019-03-10,20,419461.697478,337168.535984,82293.161494,0.0,0.0,0.0,12337.38,0.0,38698.6,10.839196
2019-03-10,21,314886.050153,231974.593176,82911.456977,0.0,0.0,0.0,11898.85,0.0,36942.52,8.523675
2019-03-10,22,229606.37977,141498.806186,88107.573584,0.0,0.0,0.0,10003.47,0.0,34738.33,6.609598
2019-03-10,23,213107.831169,137299.766187,75808.064982,0.0,0.0,0.0,9171.78,0.0,32806.53,6.495897
2019-03-11,0,205264.235994,130905.19829,74359.037704,0.0,0.0,0.0,8146.99,0.0,31564.58,6.502993
2019-03-11,1,207010.155504,137303.056187,69707.099317,0.0,0.0,0.0,7418.82,0.0,30821.74,6.716368
2019-03-11,2,210046.507087,137299.766187,72746.7409,0.0,0.0,0.0,6880.37,0.0,30638.38,6.855666
2019-03-11,3,219806.005223,141502.096186,78303.909037,0.0,0.0,0.0,6731.62,0.0,31176.18,7.050447
2019-03-11,4,337707.751853,265503.156778,72204.595075,0.0,0.0,0.0,6686.33,0.0,32725.92,10.319275
2019-03-11,5,388480.010325,287028.000161,101452.010164,0.0,0.0,0.0,5518.77,0.0,35184.81,11.041129
2019-03-11,6,485319.036263,369258.458505,116060.577758,0.0,0.0,0.0,4594.93,0.0,37011.54,13.112641
2019-03-11,7,498917.882666,369245.298505,129672.584161,0.0,0.0,0.0,3913.11,0.0,37534.85,13.292124
2019-03-11,8,499373.405164,369245.298505,130128.106659,0.0,0.0,0.0,4662.15,0.0,38222.4,13.064941
2019-03-11,9,671521.548727,561948.708293,109572.840435,0.0,0.0,0.0,6915.74,0.0,39188.12,17.135845
2019-03-11,10,624924.483799,531326.303148,93598.18065,0.0,0.0,0.0,9642.48,0.0,39778.57,15.710079
2019-03-11,11,590287.992538,492004.338425,98283.654113,0.0,0.0,0.0,10682.36,0.0,40152.15,14.70128
2019-03-11,12,697878.249685,606347.99324,91530.256445,0.0,0.0,0.0,12414.75,0.0,40453.67,17.251296
2019-03-11,13,789333.200446,657031.634308,132301.566138,0.0,296.250124,0.0,13438.34,130.5,40315.1,19.579096
2019-03-11,14,768643.358623,626808.597095,141834.761528,0.0,755.273512,0.0,15434.299384,268.380616,40175.45,19.132166
2019-03-11,15,734620.235274,584622.437292,149997.797982,0.0,813.668451,0.0,16310.287141,337.442859,40067.06,18.334768
2019-03-11,16,736560.773508,592568.826147,143991.947361,0.0,491.312656,0.0,16264.42,255.5,39861.4,18.478046
2019-03-11,17,698670.059055,562722.556477,135947.502577,0.0,893.621325,0.0,15797.111288,234.478712,39699.81,17.598826
2019-03-11,18,664974.014525,529037.42368,135936.590845,0.0,1006.706852,0.0,15080.39183,189.26817,40183.66,16.548369
2019-03-11,19,635485.353459,488656.445049,146828.90841,0.0,979.762618,0.0,14103.51,42.0,40247.44,15.78946
2019-03-11,20,624084.280997,488656.445049,135427.835948,0.0,194.853764,0.0,13384.2,42.0,38966.4,16.015959
2019-03-11,21,562200.068361,490906.85319,71293.215171,0.0,0.0,0.0,13150.41,0.0,36971.33,15.206379
2019-03-11,22,435751.544646,373401.941484,62349.603161,0.0,0.0,0.0,11475.24,0.0,34459.83,12.645203
2019-03-11,23,191638.77609,125403.747087,66235.029003,0.0,0.0,0.0,10736.74,0.0,32511.36,5.894517
2019-03-12,0,180994.843508,120422.059586,60572.783922,0.0,0.0,0.0,10078.09,0.0,31284.24,5.785496
2019-03-12,1,175349.231922,119792.312451,55556.919471,0.0,0.0,0.0,9865.72,0.0,30461.43,5.756435
2019-03-12,2,171358.514128,114034.071689,57324.442439,0.0,0.0,0.0,9480.06,0.0,30139.52,5.685509
2019-03-12,3,179430.403581,120425.349586,59005.053995,0.0,0.0,0.0,9435.78,0.0,30596.51,5.864408
2019-03-12,4,416149.740397,359884.45329,56265.287107,0.0,0.0,0.0,9517.27,0.0,32134.21,12.950365
2019-03-12,5,469837.911835,400281.631015,69556.28082,0.0,0.0,0.0,9285.5,0.0,34474.96,13.628382
2019-03-12,6,523051.420072,444464.494215,78586.925857,0.0,0.0,0.0,9460.44,0.0,36380.93,14.377077
2019-03-12,7,525604.718199,443613.558805,81991.159395,0.0,0.0,0.0,10303.03,0.0,36937.82,14.229446
2019-03-12,8,2653039.407504,2568260.32063,84779.086874,0.0,0.0,0.0,11080.5,0.0,37596.85,70.56547
2019-03-12,9,2681125.642342,2552649.822185,128475.820157,0.0,353.696488,0.0,13487.47,42.0,38528.64,69.587861
2019-03-12,10,2784017.391729,2653953.073021,130064.318708,0.0,174.322145,0.0,14703.17,292.8,39129.01,71.149702
2019-03-12,11,2961914.042603,2827039.530942,134874.511661,0.0,901.411263,0.0,16119.55,417.8,39446.99,75.085933
2019-03-12,12,2971257.512071,2844161.412798,127096.099273,0.0,1710.88188,0.0,17144.84,417.8,39708.71,74.826342
2019-03-12,13,2939038.049478,2815694.640854,123343.408623,0.0,1279.135305,0.0,15769.89,130.5,39647.47,74.129271
2019-03-12,14,2922943.577323,2788000.86653,134942.710793,0.0,2124.205491,0.0,15586.62,130.5,39586.01,73.837792
2019-03-12,15,2910934.083626,2771354.569281,139579.514345,0.0,1948.05331,0.0,15108.85,130.5,39520.51,73.656288
2019-03-12,16,2901545.045758,2762200.295305,139344.750453,0.0,588.187487,0.0,11539.58,42.0,39408.27,73.627821
2019-03-12,17,2899073.654594,2767603.725304,131469.929289,0.0,1095.019446,0.0,12068.93,42.0,39208.26,73.94038
2019-03-12,18,2904721.350578,2759417.193438,145304.15714,0.0,656.076932,0.0,10555.71,42.0,39635.7,73.285481
2019-03-12,19,2912184.512927,2759413.903438,152770.609489,0.0,135.276229,0.0,9663.2,42.0,39816.3,73.140511
2019-03-12,20,2915614.811641,2769616.104398,145998.707243,0.0,308.017822,0.0,9127.94,42.0,38713.11,75.313371
2019-03-12,21,2880899.596866,2779682.28174,101217.315126,0.0,0.0,0.0,6234.76,0.0,36649.32,78.607177
2019-03-12,22,2575518.749449,2494541.841245,80976.908204,0.0,0.0,0.0,6637.21,0.0,34211.38,75.282516
2019-03-12,23,2346973.892148,2269744.386748,77229.5054,0.0,0.0,0.0,6826.32,0.0,32257.76,72.756877
2019-03-13,0,2516225.923726,2446069.168989,70156.754737,0.0,967.064227,0.0,10061.64,42.0,31203.66,80.638807
2019-03-13,1,2476529.122708,2384624.709813,91904.412895,0.0,576.522366,0.0,10159.37,42.0,30488.89,81.227264
2019-03-13,2,2443610.316515,2374261.145543,69349.170972,0.0,1740.267212,0.0,14137.74,42.0,30140.1,81.075057
2019-03-13,3,2421422.065757,2354276.395304,67145.670453,0.0,1648.787655,0.0,14994.06,42.0,30342.2,79.803774
2019-03-13,4,2671099.127754,2595839.336994,75259.79076,0.0,1455.67459,0.0,14044.38,42.0,31436.12,84.96911
2019-03-13,5,2708616.196004,2613100.092169,95516.103835,0.0,1518.80191,0.0,13692.62,42.0,33706.15,80.359703
2019-03-13,6,2766594.427063,2675051.157906,91543.269157,0.0,730.441828,0.0,13783.05,42.0,35486.29,77.962346
2019-03-13,7,2760885.551274,2671234.245184,89651.30609,0.0,0.0,0.0,7888.61,0.0,36148.72,76.375749
2019-03-13,8,2653809.050522,2551984.443969,101824.606552,0.0,0.0,0.0,7708.24,0.0,37016.76,71.692094
2019-03-13,9,2649349.533525,2551984.443969,97365.089556,0.0,0.0,0.0,9561.16,0.0,37663.57,70.342496
2019-03-13,10,2712797.33065,2629674.176741,83123.153909,0.0,0.0,0.0,10371.72,0.0,38011.54,71.36773
2019-03-13,11,2924565.48677,2802187.987922,122377.498848,0.0,153.219318,0.0,9697.64,375.8,38109.07,76.74198
2019-03-13,12,2968137.087048,2797049.826727,171087.260321,0.0,3.642727,0.0,9187.48,130.5,38442.9,77.20898
2019-03-13,13,2953945.410918,2785353.052908,168592.35801,0.0,467.6607,0.0,10312.74,130.5,38675.17,76.378343
2019-03-13,14,2965445.137778,2789785.521663,175659.616116,0.0,677.808045,0.0,10277.79,130.5,38934.51,76.164953
2019-03-13,15,2982476.209342,2795033.614062,187442.59528,0.0,565.076799,0.0,9556.45,130.5,39084.96,76.307516
2019-03-13,16,3010099.59477,2814417.389078,195682.205692,0.0,65.707311,0.0,8652.12,130.5,39252.59,76.685375
2019-03-13,17,2970837.410814,2851881.799764,118955.61105,0.0,0.0,0.0,6990.31,0.0,39258.2,75.674315
2019-03-13,18,2775816.68676,2655147.704138,120668.982622,0.0,0.0,0.0,5425.49,0.0,39404.4,70.444333
2019-03-13,19,2785635.91731,2640098.476218,145537.441092,0.0,0.0,0.0,4057.12,0.0,39889.47,69.833866
2019-03-13,20,2757752.022259,2640098.476218,117653.546041,0.0,0.0,0.0,5353.22,0.0,38919.33,70.858158
2019-03-13,21,2790110.046088,2722131.022601,67979.023488,0.0,0.0,0.0,8766.64,0.0,37046.24,75.314257
2019-03-13,22,2732104.599047,2637420.022652,94684.576395,0.0,321.584352,0.0,12417.97,42.0,34793.28,78.523916
2019-03-13,23,2670412.381357,2578888.026239,91524.355118,0.0,1190.772099,0.0,13312.54,42.0,32965.06,81.007357
2019-03-14,0,2662584.275288,2590745.107039,71839.168249,0.0,1205.181528,0.0,13216.46,42.0,31662.96,84.091452
2019-03-14,1,2469885.002887,2375782.921045,94102.081842,0.0,484.7668,0.0,11071.248367,95.511633,30768.81,80.27236
2019-03-14,2,2426800.658899,2371746.796645,55053.862254,0.0,1623.781142,0.0,15177.4,42.0,30243.39,80.242349
2019-03-14,3,2420853.752679,2354473.391471,66380.361208,0.0,1546.476564,0.0,14708.02,42.0,30412.66,79.600198
2019-03-14,4,2628194.060542,2564475.446262,63718.61428,0.0,1454.312572,0.0,14615.62,42.0,31814.04,82.611138
2019-03-14,5,2666730.632068,2582708.374958,84022.25711,0.0,1503.184432,0.0,14629.48,42.0,34115.02,78.168813
2019-03-14,6,2709620.862841,2606647.353274,102973.509567,0.0,1522.222531,0.0,14346.69,42.0,35690.04,75.920925
2019-03-14,7,2738519.690123,2630516.046965,108003.643158,0.0,438.70131,0.0,12550.42,42.0,36070.15,75.922049
2019-03-14,8,604836.677116,516869.090899,87967.586217,0.0,0.0,0.0,10846.43,0.0,36654.14,16.501183
2019-03-14,9,581396.475321,499053.346686,82343.128635,0.0,0.0,0.0,11405.85,0.0,37280.56,15.595165
2019-03-14,10,3310494.842039,3258724.958681,51769.883358,0.0,0.0,0.0,13110.14,0.0,37560.03,88.13877
2019-03-14,11,3346554.036052,3207370.222825,139183.813227,0.0,1015.455197,0.0,15698.77,255.5,37578.63,89.054711
2019-03-14,12,3324263.828368,3190450.840849,133812.987519,0.0,3094.517588,0.0,18680.51,255.5,37717.88,88.13496
2019-03-14,13,3303352.784262,3189597.924187,113754.860075,0.0,2207.973257,0.0,18805.49,255.5,37530.33,88.018218
2019-03-14,14,3292740.628629,3174539.982006,118200.646623,0.0,3165.860342,0.0,19549.65,255.5,37427.59,87.976293
2019-03-14,15,3341137.379135,3215027.894306,126109.484829,0.0,2337.176309,0.0,17666.71,417.8,37350.44,89.453762
2019-03-14,16,3364596.736701,3236510.87099,128085.865711,0.0,703.473273,0.0,14971.862612,313.897388,37075.22,90.750554
2019-03-14,17,3370419.622927,3260999.458605,109420.164322,0.0,337.563456,0.0,13518.71,42.0,36617.47,92.044033
2019-03-14,18,3246132.136239,3170592.151993,75539.984246,0.0,0.0,0.0,11152.59,0.0,36826.41,88.146853
2019-03-14,19,3255087.269913,3171681.590518,83405.679395,0.0,0.0,0.0,9045.73,0.0,37716.4,86.304294
2019-03-14,20,3212123.995423,3127475.697318,84648.298106,0.0,0.0,0.0,8587.16,0.0,36980.8,86.859235
2019-03-14,21,3192496.029351,3127475.697318,65020.332033,0.0,0.0,0.0,9205.14,0.0,35348.46,90.314996
2019-03-14,22,3160442.870951,3105415.022633,55027.848317,0.0,0.0,0.0,9438.62,0.0,33344.86,94.780511
2019-03-14,23,3054953.249361,3000441.44538,54511.803982,0.0,0.0,0.0,9509.63,0.0,31851.03,95.913798
2019-03-15,0,2908366.986583,2850429.908724,57937.07786,0.0,0.0,0.0,9584.83,0.0,30874.22,94.200501
2019-03-15,1,2891140.091594,2831407.24122,59732.850374,0.0,0.0,0.0,9770.23,0.0,30434.16,94.996546
2019-03-15,2,2924993.756397,2875556.804282,49436.952114,0.0,0.0,0.0,10788.95,0.0,30443.82,96.078408
2019-03-15,3,3009408.434929,2936203.262419,73205.172511,0.0,0.0,0.0,12175.59,0.0,31164.48,96.565334
2019-03-15,4,3069574.356644,2959243.63276,110330.723884,0.0,2.088713,0.0,12612.37,42.0,33101.35,92.732603
2019-03-15,5,3041626.27283,2965958.176858,75668.095972,0.0,0.0,0.0,12794.26,0.0,35920.21,84.677297
2019-03-15,6,3038484.988406,2941273.958707,97211.029699,0.0,0.0,0.0,12838.48,0.0,38191.02,79.560195
2019-03-15,7,3105459.741527,2995890.301584,109569.439943,0.0,0.0,0.0,10552.78,0.0,39053.16,79.518783
2019-03-15,8,3129713.777233,3020636.64668,109077.130553,0.0,0.0,0.0,9896.11,0.0,39623.41,78.986482
2019-03-15,9,3113279.633199,3012284.69628,100994.936919,0.0,0.0,0.0,10982.99,0.0,39582.06,78.653805
2019-03-15,10,3104436.371733,3022255.95322,82180.418513,0.0,0.0,0.0,12447.74,0.0,39071.35,79.45557
2019-03-15,11,3120051.287889,3044940.01058,75111.27731,0.0,0.0,0.0,13483.24,0.0,38279.39,81.507341
2019-03-15,12,3193344.41145,3059743.745785,133600.665665,0.0,343.237654,0.0,14818.19,130.5,37605.31,84.91738
2019-03-15,13,3165074.798882,3039261.974221,125812.824661,0.0,510.174487,0.0,15215.87,130.5,36778.78,86.05709
2019-03-15,14,3115927.436284,2976761.108794,139166.32749,0.0,700.70763,0.0,14743.8,255.5,36173.12,86.139306
2019-03-15,15,3125583.045399,2994800.343388,130782.702011,0.0,667.223429,0.0,13850.19,130.5,35834.0,87.223951
2019-03-15,16,3133011.140989,2997806.504558,135204.636432,0.0,280.705364,0.0,12405.68,130.5,35764.94,87.600067
2019-03-15,17,3071349.661458,2988876.279991,82473.381466,0.0,0.0,0.0,11035.7,0.0,35886.25,85.585695
2019-03-15,18,3026759.121951,2945363.592666,81395.529286,0.0,0.0,0.0,9164.86,0.0,36747.67,82.366015
2019-03-15,19,3069168.724098,2967719.408494,101449.315605,0.0,0.0,0.0,7326.21,0.0,37747.83,81.307157
2019-03-15,20,3078156.255867,2964163.273501,113992.982367,0.0,0.0,0.0,6263.4,0.0,37401.49,82.300364
2019-03-15,21,3066167.830202,2967709.538494,98458.291709,0.0,0.0,0.0,6336.06,0.0,36422.72,84.182835
2019-03-15,22,3007568.646022,2907067.283377,100501.362646,0.0,0.0,0.0,6169.19,0.0,35119.18,85.63892
2019-03-15,23,2974241.611,2871996.790957,102244.820043,0.0,0.0,0.0,5281.51,0.0,34000.83,87.475559
2019-03-16,0,2974237.92863,2876199.120956,98038.807674,0.0,0.0,0.0,4746.85,0.0,33291.98,89.337971
2019-03-16,1,2973720.911097,2876195.830956,97525.080142,0.0,0.0,0.0,4358.93,0.0,33012.87,90.077625
2019-03-16,2,3027133.246416,2927834.619079,99298.627337,0.0,0.0,0.0,4092.56,0.0,33131.29,91.367805
2019-03-16,3,3052931.070829,2955637.244391,97293.826437,0.0,0.0,0.0,4051.01,0.0,33647.43,90.732964
2019-03-16,4,3106424.060082,3007108.2247,99315.835382,0.0,0.0,0.0,4170.61,0.0,34731.48,89.441166
2019-03-16,5,3128967.673299,3023544.586617,105423.086683,0.0,0.0,0.0,4769.42,0.0,36390.78,85.982429
2019-03-16,6,3146902.257245,3023541.296617,123360.960628,0.0,0.0,0.0,5542.4,0.0,38294.91,82.175471
2019-03-16,7,3225438.677765,3105016.451525,120422.22624,0.0,0.0,0.0,6306.77,0.0,39340.89,81.986927
2019-03-16,8,3240341.577982,3113754.378309,126587.199673,0.0,0.0,0.0,5064.56,0.0,39538.76,81.953546
2019-03-16,9,3225212.090737,3113751.088309,111461.002429,0.0,0.0,0.0,5635.64,0.0,39042.52,82.607682
2019-03-16,10,585959.994154,494602.966763,91357.027391,0.0,0.0,0.0,7067.53,0.0,38059.94,15.395715
2019-03-16,11,638669.983412,565523.040343,73146.943069,0.0,0.0,0.0,8186.9,58.0,36771.83,17.368458
2019-03-16,12,667677.514149,518801.428971,148876.085178,0.0,362.157031,0.0,9923.2,130.5,35715.96,18.694094
2019-03-16,13,634033.095035,499727.808722,134305.286313,0.0,1096.188378,0.0,11424.19,130.5,34682.96,18.280824
2019-03-16,14,590094.084971,455573.946015,134520.138956,0.0,1498.083842,0.0,11500.02,130.5,34022.85,17.344052
2019-03-16,15,592889.089254,456456.929739,136432.159515,0.0,1541.705302,0.0,11132.2,130.5,33764.85,17.559358
2019-03-16,16,597700.5682,457502.488138,140198.080062,0.0,966.525834,0.0,10151.92,130.5,33816.31,17.67492
2019-03-16,17,676609.717134,533735.730648,142873.986487,0.0,301.974605,0.0,8569.72,130.5,34072.62,19.857872
2019-03-16,18,628972.765575,551036.048053,77936.717522,0.0,0.0,0.0,6705.92,0.0,35123.74,17.90734
2019-03-16,19,507996.136599,402229.860555,105766.276045,0.0,0.0,0.0,4555.95,0.0,36170.36,14.044542
2019-03-16,20,506154.309541,389425.473955,116728.835586,0.0,0.0,0.0,3514.29,0.0,35928.1,14.087979
2019-03-16,21,496714.072344,389425.473955,107288.598389,0.0,0.0,0.0,3519.02,0.0,35078.25,14.160173
2019-03-16,22,462496.851302,359155.423585,103341.427717,0.0,0.0,0.0,3460.67,0.0,33977.34,13.611921
2019-03-16,23,402325.134189,298779.218678,103545.91551,0.0,0.0,0.0,3155.47,0.0,33021.32,12.183799
2019-03-17,0,417162.409007,319863.331799,97299.077208,0.0,0.0,0.0,2863.64,0.0,32444.86,12.857581
2019-03-17,1,415761.454398,319860.041799,95901.412599,0.0,0.0,0.0,2722.59,0.0,32173.61,12.922437
2019-03-17,2,418490.157562,319860.041799,98630.115763,0.0,0.0,0.0,2461.24,0.0,32268.67,12.968931
2019-03-17,3,424161.375435,319860.041799,104301.333636,0.0,0.0,0.0,2486.5,0.0,32631.18,12.998653
2019-03-17,4,485049.825045,382405.415191,102644.409854,0.0,0.0,0.0,2821.03,0.0,33558.45,14.45388
2019-03-17,5,527456.444049,409874.151247,117582.292802,0.0,0.0,0.0,2658.78,0.0,35070.82,15.039752
2019-03-17,6,549247.048586,409864.281247,139382.767339,0.0,0.0,0.0,2603.68,0.0,36727.13,14.954804
2019-03-17,7,567991.933285,422668.667846,145323.265439,0.0,0.0,0.0,2801.83,0.0,37662.7,15.08102
2019-03-17,8,571403.806948,422665.377846,148738.429102,0.0,0.0,0.0,2133.43,0.0,37619.8,15.188911
2019-03-17,9,544430.094413,422665.377846,121764.716567,0.0,0.0,0.0,2991.03,0.0,36764.06,14.808759
2019-03-17,10,459911.100471,350590.562431,109320.53804,0.0,0.0,0.0,4404.94,0.0,35831.11,12.835525
2019-03-17,11,518265.323053,445653.312061,72612.010991,0.0,0.0,0.0,6252.43,0.0,34937.98,14.833866
2019-03-17,12,596738.725912,429201.98636,167536.739552,0.0,68.413985,0.0,8034.507463,115.902537,34118.6,17.490129
2019-03-17,13,557011.911043,401567.263855,155444.647188,0.0,468.95863,0.0,9456.75,130.5,33549.74,16.60257
2019-03-17,14,550275.496539,395764.499791,154510.996748,0.0,639.470234,0.0,9471.18,130.5,33183.25,16.58293
2019-03-17,15,559315.601555,401144.086483,158171.515071,0.0,519.725264,0.0,8960.53,130.5,33204.75,16.844445
2019-03-17,16,586596.419844,425254.624809,161341.795034,0.0,79.279768,0.0,8014.14,130.5,33550.58,17.483943
2019-03-17,17,554437.929854,476988.557226,77449.372629,0.0,0.0,0.0,7345.77,0.0,33886.98,16.361385
2019-03-17,18,433864.685858,342298.806893,91565.878965,0.0,0.0,0.0,6515.67,0.0,34948.24,12.414493
2019-03-17,19,437907.206781,319694.054925,118213.151855,0.0,0.0,0.0,6035.38,0.0,36624.95,11.956527
2019-03-17,20,435228.126473,320327.092061,114901.034412,0.0,0.0,0.0,5080.87,0.0,36154.21,12.038104
2019-03-17,21,415956.340851,320320.512061,95635.82879,0.0,0.0,0.0,5312.72,0.0,34713.64,11.982504
2019-03-17,22,380423.674331,298779.218678,81644.455653,0.0,0.0,0.0,5214.19,0.0,32664.53,11.646384
2019-03-17,23,296915.74754,217043.628472,79872.119068,0.0,0.0,0.0,5042.77,0.0,31496.58,9.42692
2019-03-18,0,245288.901401,160910.316758,84378.584643,0.0,0.0,0.0,5003.03,0.0,30925.0,7.931735
2019-03-18,1,235049.671435,150464.755505,84584.915931,0.0,0.0,0.0,5195.66,0.0,30962.14,7.591519
2019-03-18,2,270631.384156,177783.325279,92848.058877,0.0,0.0,0.0,4074.58,0.0,31391.48,8.621173
2019-03-18,3,306858.900313,199209.315546,107649.584766,0.0,0.0,0.0,3272.99,0.0,32668.67,9.393064
2019-03-18,4,482799.562155,351635.135672,131164.426483,0.0,0.0,0.0,2682.14,0.0,35471.63,13.610865
2019-03-18,5,600042.612722,432994.894312,167047.71841,0.0,0.0,0.0,1989.45,0.0,39578.55,15.160803
2019-03-18,6,638460.201018,432981.734312,205478.466706,0.0,0.0,0.0,1732.77,0.0,41722.7,15.302466
2019-03-18,7,626808.56327,432981.734312,193826.828957,0.0,0.0,0.0,2035.49,0.0,41399.51,15.140483
2019-03-18,8,612370.588349,432981.734312,179388.854037,0.0,0.0,0.0,1847.41,0.0,40543.25,15.104132
2019-03-18,9,537488.01017,388782.421112,148705.589058,0.0,0.0,0.0,3243.06,0.0,39346.17,13.660491
2019-03-18,10,459101.892507,328407.290527,130694.60198,0.0,0.0,0.0,4766.77,0.0,38133.09,12.039462
2019-03-18,11,421967.988995,309029.313468,112938.675527,0.0,0.0,0.0,6379.89,0.0,37127.42,11.3654
2019-03-18,12,540456.085425,460989.541868,79466.543557,0.0,0.0,0.0,8064.8,0.0,36730.82,14.713967
2019-03-18,13,600578.705097,428144.975585,172433.729512,0.0,19.43388,0.0,9013.202189,92.147811,36275.46,16.55606
2019-03-18,14,578508.699369,402783.084779,175725.61459,0.0,239.599987,0.0,9633.56,130.5,35869.61,16.128101
2019-03-18,15,574338.769156,410947.878823,163390.890333,0.0,201.249495,0.0,10191.35,130.5,35851.94,16.01974
2019-03-18,16,489450.789446,380213.962715,109236.826731,0.0,0.0,0.0,10408.95,0.0,36056.72,13.574468
2019-03-18,17,392056.770132,267887.806632,124168.9635,0.0,0.0,0.0,10072.75,0.0,36193.96,10.832105
2019-03-18,18,446427.425583,318126.95233,128300.473254,0.0,0.0,0.0,9705.78,0.0,36873.11,12.107127
2019-03-18,19,496648.500663,357394.852735,139253.647928,0.0,0.0,0.0,9520.65,0.0,38079.24,13.0425
2019-03-18,20,463206.365586,358203.569558,105002.796029,0.0,0.0,0.0,7913.07,0.0,37066.07,12.496776
2019-03-18,21,335956.816698,240326.905142,95629.911556,0.0,0.0,0.0,7238.78,0.0,34812.58,9.650443
2019-03-18,22,283370.679526,192796.228769,90574.450756,0.0,0.0,0.0,6347.0,0.0,32481.64,8.724026
2019-03-18,23,226395.328454,144625.72576,81769.602694,0.0,0.0,0.0,5988.86,0.0,30887.98,7.329561
2019-03-19,0,213930.996117,131313.780755,82617.215363,0.0,0.0,0.0,5819.8,0.0,30196.92,7.08453
2019-03-19,1,218068.284946,137708.348652,80359.936294,0.0,0.0,0.0,5837.3,0.0,30016.66,7.264908
2019-03-19,2,221731.514042,137705.058652,84026.45539,0.0,0.0,0.0,5483.59,0.0,30345.87,7.30681
2019-03-19,3,258055.7169,168551.307101,89504.409799,0.0,0.0,0.0,5173.85,0.0,31350.69,8.231261
2019-03-19,4,312173.074797,212020.282146,100152.792652,0.0,0.0,0.0,4961.72,0.0,33779.87,9.241394
2019-03-19,5,442918.598084,306085.578111,136833.019973,0.0,0.0,0.0,4915.28,0.0,37730.08,11.739138
2019-03-19,6,474460.341373,306075.708111,168384.633262,0.0,0.0,0.0,4923.88,0.0,39696.01,11.952343
2019-03-19,7,464364.974871,306075.708111,158289.26676,0.0,0.0,0.0,4923.24,0.0,39199.67,11.846145
2019-03-19,8,443781.693596,296206.442185,147575.251412,0.0,0.0,0.0,5105.32,0.0,38484.74,11.531368
2019-03-19,9,555474.611227,427238.396415,128236.214812,0.0,0.0,0.0,6767.63,0.0,37940.83,14.64055
2019-03-19,10,696937.856971,593533.974934,103403.882037,0.0,0.0,0.0,8331.8,0.0,37339.52,18.664885
2019-03-19,11,837057.222453,711972.944321,125084.278132,0.0,503.723652,0.0,11412.6309,194.8091,36775.23,22.761441
2019-03-19,12,808364.192052,662838.35634,145525.835712,0.0,2228.852219,0.0,14795.920374,243.499626,36459.06,22.171833
2019-03-19,13,802810.746301,679791.208072,123019.538229,0.0,1974.921825,0.0,15694.94,255.5,36146.47,22.209935
2019-03-19,14,750019.388802,618443.738656,131575.650145,0.0,2395.784306,0.0,16204.34,225.0,36039.43,20.811078
2019-03-19,15,767291.299137,637516.626216,129774.672922,0.0,2159.318891,0.0,15954.42,255.5,36025.4,21.29862
2019-03-19,16,761480.905344,635904.49877,125576.406573,0.0,1075.498977,0.0,15239.39,255.5,36043.52,21.126708
2019-03-19,17,736154.788106,613959.447985,122195.340121,0.0,1008.779318,0.0,14444.06,100.0,36030.7,20.431321
2019-03-19,18,716385.534301,596033.54281,120351.99149,0.0,600.668451,0.0,13296.730654,42.999346,36593.55,19.576825
2019-03-19,19,724077.236848,586109.574436,137967.662412,0.0,282.991717,0.0,11765.89,42.0,37701.88,19.205335
2019-03-19,20,710423.958853,581660.534411,128763.424442,0.0,188.921992,0.0,11249.68,42.0,36737.21,19.337994
2019-03-19,21,675301.399497,604256.693353,71044.706144,0.0,0.0,0.0,9356.85,0.0,34452.82,19.600758
2019-03-19,22,415011.435743,337449.15305,77562.282693,0.0,0.0,0.0,6772.83,0.0,32194.42,12.890788
2019-03-19,23,198950.542769,129645.015387,69305.527382,0.0,0.0,0.0,7516.81,0.0,30571.52,6.507709
2019-03-20,0,176261.592179,115782.765889,60478.826289,0.0,0.0,0.0,8392.51,0.0,29684.6,5.937813
2019-03-20,1,161752.287693,105903.985989,55848.301704,0.0,0.0,0.0,9468.17,0.0,29405.09,5.500826
2019-03-20,2,192194.087529,130880.284187,61313.803342,0.0,0.0,0.0,7416.27,0.0,29499.83,6.515091
2019-03-20,3,228283.641854,150471.335505,77812.306349,0.0,0.0,0.0,5802.98,0.0,30384.86,7.513072
2019-03-20,4,333757.087346,238604.151854,95152.935492,0.0,0.0,0.0,4585.27,0.0,32712.01,10.202891
2019-03-20,5,496947.336382,374069.007284,122878.329098,0.0,0.0,0.0,3442.35,0.0,36437.52,13.638341
2019-03-20,6,531569.760261,374055.847284,157513.912977,0.0,0.0,0.0,2814.43,0.0,38199.83,13.915501
2019-03-20,7,531003.342564,374055.847284,156947.495279,0.0,0.0,0.0,2411.36,0.0,37723.59,14.076161
2019-03-20,8,532245.434132,374055.847284,158189.586848,0.0,0.0,0.0,1997.22,0.0,37364.18,14.244804
2019-03-20,9,470685.00536,329856.534084,140828.471275,0.0,0.0,0.0,3315.62,0.0,37039.34,12.707705
2019-03-20,10,453277.855306,332084.597513,121193.257793,0.0,0.0,0.0,4962.24,0.0,36687.52,12.355097
2019-03-20,11,538187.334761,445069.110267,93118.224494,0.0,0.0,0.0,6468.74,0.0,36477.05,14.754135
2019-03-20,12,601770.77579,410686.673314,191084.102477,0.0,141.648628,0.0,7975.28,130.5,36472.29,16.499397
2019-03-20,13,596111.627464,410275.530891,185836.096573,0.0,564.638919,0.0,9111.37,130.5,36389.96,16.381211
2019-03-20,14,588294.204779,407565.928226,180728.276553,0.0,839.355131,0.0,9776.59,130.5,36317.78,16.198518
2019-03-20,15,573949.964512,392516.700305,181433.264207,0.0,816.100943,0.0,10203.69,130.5,36595.15,15.683771
2019-03-20,16,544572.362399,374024.663164,170547.699235,0.0,422.177611,0.0,10697.92,130.5,36814.76,14.792229
2019-03-20,17,510481.890903,388104.038733,122377.85217,0.0,0.0,0.0,8580.2,0.0,36723.18,13.900808
2019-03-20,18,445993.718435,332204.3991,113789.319335,0.0,0.0,0.0,6361.48,0.0,37142.66,12.007587
2019-03-20,19,498442.997644,348721.049833,149721.947811,0.0,0.0,0.0,4093.9,0.0,38197.11,13.049233
2019-03-20,20,497574.156258,348711.179833,148862.976424,0.0,0.0,0.0,2794.4,0.0,37264.93,13.352344
2019-03-20,21,399612.55852,273693.591818,125918.966702,0.0,0.0,0.0,2853.07,0.0,34961.42,11.430101
2019-03-20,22,348830.643116,242616.276412,106214.366704,0.0,0.0,0.0,2853.85,0.0,32474.95,10.74153
2019-03-20,23,271175.757888,173402.755354,97773.002534,389.948508,0.0,0.0,2652.22,0.0,30780.12,8.810094
2019-03-21,0,248055.425733,150245.101246,97810.324486,0.0,0.0,0.0,2947.04,0.0,29886.27,8.299979
2019-03-21,1,232541.806695,150245.101246,82296.705448,0.0,0.0,0.0,4162.55,0.0,29567.77,7.864706
2019-03-21,2,258203.177593,173409.335354,84793.842239,0.0,0.0,0.0,3048.65,0.0,29627.63,8.714945
2019-03-21,3,281599.663122,185259.836154,96339.826968,0.0,0.0,0.0,2619.94,0.0,30416.43,9.258143
2019-03-21,4,469373.498889,378075.076673,91298.422216,0.0,0.0,0.0,2643.96,0.0,32770.53,14.323037
2019-03-21,5,572731.446856,439226.85682,133504.590035,0.0,0.0,0.0,2286.16,0.0,36604.16,15.646622
2019-03-21,6,629764.135753,472522.65872,157241.477033,0.0,0.0,0.0,2085.98,0.0,38456.63,16.375957
2019-03-21,7,618586.849087,472519.87872,146066.970366,0.0,0.0,0.0,2052.63,0.0,37817.81,16.357025
2019-03-21,8,612100.242033,472519.87872,139580.363313,0.0,0.0,0.0,1637.9,0.0,37234.12,16.439229
2019-03-21,9,589723.031831,472519.87872,117203.153111,0.0,0.0,0.0,2972.45,0.0,36859.58,15.999179
2019-03-21,10,512534.797057,400445.063305,112089.733752,0.0,0.0,0.0,4247.53,0.0,36624.36,13.994369
2019-03-21,11,523863.202852,427537.523193,96325.679659,0.0,0.0,0.0,5748.38,0.0,36520.37,14.344411
2019-03-21,12,442798.596543,344420.874344,98377.722199,0.0,0.0,0.0,7175.92,0.0,36755.1,12.04727
2019-03-21,13,522749.450316,421688.040376,101061.40994,0.0,0.0,0.0,7495.89,0.0,37107.08,14.087593
2019-03-21,14,651119.354145,554605.537666,96513.81648,0.0,0.0,0.0,7779.69,58.0,37532.74,17.348037
2019-03-21,15,721337.27454,533885.410776,187451.863764,0.0,4.947708,0.0,7891.27,130.5,38035.7,18.964743
2019-03-21,16,666544.773382,555060.658993,111484.114389,0.0,279.195566,0.0,8274.71,0.0,38113.74,17.488307
2019-03-21,17,556023.708131,449302.714218,106720.993913,0.0,0.0,0.0,7433.82,0.0,37596.55,14.789222
2019-03-21,18,553395.209413,459920.570663,93474.638751,0.0,0.0,0.0,6312.63,0.0,37548.54,14.738129
2019-03-21,19,512847.58595,394623.984342,118223.601608,0.0,0.0,0.0,5203.02,0.0,38335.8,13.377772
2019-03-21,20,506193.44797,394623.984342,111569.463628,0.0,0.0,0.0,4346.34,0.0,36944.37,13.701504
2019-03-21,21,475155.814825,394623.984342,80531.830483,0.0,0.0,0.0,5158.07,0.0,34412.4,13.807692
2019-03-21,22,291374.544662,222193.389855,69181.154807,0.0,0.0,0.0,6565.1,0.0,31744.49,9.178744
2019-03-21,23,203258.040878,132723.954746,70534.086132,0.0,0.0,0.0,6358.16,0.0,29930.89,6.790912
2019-03-22,0,196330.932363,132723.954746,63606.977617,0.0,0.0,0.0,6142.55,0.0,28954.37,6.780701
2019-03-22,1,186608.459551,121339.758498,65268.701053,0.0,0.0,0.0,5956.4,0.0,28426.1,6.564687
2019-03-22,2,192538.139029,127737.616395,64800.522634,0.0,0.0,0.0,5524.62,0.0,28400.15,6.779476
2019-03-22,3,206892.75438,134854.297996,72038.456384,0.0,0.0,0.0,5277.32,0.0,29166.16,7.093589
2019-03-22,4,339510.952425,267525.35137,71985.601055,0.0,0.0,0.0,5108.2,0.0,31315.78,10.841529
2019-03-22,5,637980.426754,549155.159845,88825.266908,0.0,0.0,0.0,4692.61,0.0,34991.8,18.232284
2019-03-22,6,657328.625618,549133.149845,108195.475772,0.0,0.0,0.0,4366.28,0.0,36876.75,17.825015
2019-03-22,7,658260.146625,549133.149845,109126.996779,0.0,0.0,0.0,4075.32,0.0,36672.37,17.949757
2019-03-22,8,792878.427588,690197.77151,102680.656078,0.0,0.0,0.0,4262.95,0.0,36634.41,21.642997
2019-03-22,9,729117.727295,636459.656286,92658.071009,0.0,0.0,0.0,6214.12,0.0,36706.72,19.863331
2019-03-22,10,758700.23852,686878.362126,71821.876394,0.0,0.0,0.0,8244.5,0.0,36838.12,20.59552
2019-03-22,11,931935.721024,821936.451285,109999.269739,0.0,104.398312,0.0,12753.45,417.8,36988.87,25.195031
2019-03-22,12,3515692.077508,3398643.324513,117048.752995,0.0,2135.840717,0.0,16756.62,417.8,37500.97,93.749364
2019-03-22,13,3485322.083837,3376612.502028,108709.581809,0.0,2397.073842,0.0,18807.31,255.5,37854.99,92.070347
2019-03-22,14,3490660.307621,3377701.710429,112958.597191,0.0,3025.96181,0.0,19260.87,255.5,38192.73,91.395936
2019-03-22,15,3497379.572835,3378112.896477,119266.676358,0.0,2874.360591,0.0,19002.810418,283.899582,38441.0,90.980452
2019-03-22,16,3495227.39593,3382125.226824,113102.169106,0.0,1892.024112,0.0,17883.43,417.8,38217.64,91.455867
2019-03-22,17,3495392.851428,3383622.165482,111770.685946,0.0,1774.428008,0.0,16960.52502,368.58498,37449.03,93.33734
2019-03-22,18,3445164.305452,3351147.163649,94017.141804,0.0,1123.900057,0.0,15451.77,417.8,37080.85,92.909529
2019-03-22,19,3388358.502481,3294337.672913,94020.829568,0.0,854.378584,0.0,14200.63,42.0,37350.67,90.717476
2019-03-22,20,3348814.388173,3266078.37734,82736.010833,0.0,1225.388794,0.0,14976.47,42.0,36219.82,92.458063
2019-03-22,21,3178627.461378,3108138.829075,70488.632304,0.0,1628.888536,0.0,16832.77,42.0,34560.95,91.971646
2019-03-22,22,3133054.471078,3076702.313614,56352.157464,0.0,1646.203962,0.0,17805.73,42.0,32521.67,96.337441
2019-03-22,23,3109792.164082,3060586.977717,49205.186365,0.0,1660.177842,0.0,17682.34,42.0,30607.57,101.60206
2019-03-23,0,3050969.200631,2998028.396397,52940.804234,0.0,1670.389286,0.0,17323.55,42.0,29284.74,104.182902
2019-03-23,1,2907031.532028,2847470.748897,59560.783131,0.0,1534.006432,0.0,16728.68,42.0,28395.3,102.377208
2019-03-23,2,2909549.050205,2851034.233621,58514.816584,0.0,1364.861377,0.0,15912.3,42.0,28093.69,103.565927
2019-03-23,3,2917358.184943,2852394.11752,64964.067423,0.0,1158.973571,0.0,14975.7,42.0,28125.47,103.726558
2019-03-23,4,2931574.633058,2855215.775013,76358.858044,0.0,999.109449,0.0,14124.32,42.0,28667.85,102.26001
2019-03-23,5,2950702.193034,2859408.350615,91293.842419,0.0,929.924902,0.0,13731.8,42.0,29846.91,98.861229
2019-03-23,6,2973656.187447,2874004.238096,99651.949351,0.0,309.940792,0.0,12861.51,0.0,31110.99,95.582178
2019-03-23,7,2970839.019474,2901334.808333,69504.211142,0.0,0.0,0.0,11660.11,0.0,32275.82,92.045346
2019-03-23,8,2982374.215234,2898424.780108,83949.435127,0.0,0.0,0.0,11896.3,0.0,33643.7,88.645845
2019-03-23,9,3145495.603513,3032978.501703,112517.10181,0.0,300.13642,0.0,13545.91,0.0,34667.66,90.73285
2019-03-23,10,3172260.76484,3069301.203776,102959.561064,0.0,59.602243,0.0,14394.17159,204.57841,35256.91,89.975575
2019-03-23,11,3224107.044163,3087410.047121,136696.997043,0.0,106.359641,0.0,14636.29,375.8,35431.3,90.996013
2019-03-23,12,3252241.353569,3120914.695323,131326.658246,0.0,815.915047,0.0,15570.245007,151.674993,35359.48,91.976504
2019-03-23,13,3300071.113698,3167221.180544,132849.933154,0.0,1599.841438,0.0,17161.07,255.5,35165.95,93.842797
2019-03-23,14,3298572.786927,3170100.836767,128471.95016,0.0,2016.783021,0.0,17645.95,255.5,35183.03,93.754654
2019-03-23,15,3390731.03174,3268923.825475,121807.206265,0.0,2024.397182,0.0,17587.93,255.5,35267.5,96.143221
2019-03-23,16,3367869.059711,3244944.154715,122924.904996,0.0,1341.806923,0.0,16822.652269,213.647731,35173.94,95.748985
2019-03-23,17,3398317.330717,3286540.635517,111776.6952,0.0,326.977486,0.0,14417.03,130.5,35139.66,96.708885
2019-03-23,18,3323119.553123,3256972.264951,66147.288172,0.0,0.0,0.0,11548.27,0.0,35366.33,93.962805
2019-03-23,19,3191717.59038,3096396.982442,95320.607937,0.0,0.0,0.0,8941.99,0.0,35862.21,88.999467
2019-03-23,20,3193744.386674,3096393.692442,97350.694232,0.0,0.0,0.0,8024.61,0.0,35199.3,90.733179
2019-03-23,21,3034271.201873,2950552.513278,83718.688595,0.0,0.0,0.0,8924.72,0.0,33786.94,89.806038
2019-03-23,22,3000920.516159,2936374.647281,64545.868878,0.0,0.0,0.0,9828.46,0.0,31989.61,93.809225
2019-03-23,23,2977350.705645,2926141.577381,51209.128264,0.0,0.0,0.0,9861.57,0.0,30270.98,98.356601
2019-03-24,0,2965927.720546,2919798.589637,46129.13091,0.0,0.0,0.0,9719.22,0.0,29166.87,101.688242
2019-03-24,1,2901725.59452,2853163.643929,48561.950591,0.0,0.0,0.0,9701.55,0.0,28393.03,102.198518
2019-03-24,2,2898917.948166,2853833.550429,45084.397737,0.0,0.0,0.0,9447.31,0.0,27895.66,103.920034
2019-03-24,3,2802432.984382,2756343.076092,46089.90829,0.0,0.0,0.0,9325.68,0.0,27741.15,101.020793
2019-03-24,4,2807094.181069,2756343.076092,50751.104977,0.0,0.0,0.0,9156.11,0.0,28032.22,100.138133
2019-03-24,5,2824283.832493,2766238.90883,58044.923663,0.0,0.0,0.0,8437.74,0.0,28663.16,98.533582
2019-03-24,6,2848254.49129,2782264.872794,65989.618495,0.0,0.0,0.0,7789.39,0.0,29577.62,96.297623
2019-03-24,7,2871464.346691,2791917.956793,79546.389898,0.0,0.0,0.0,7236.44,0.0,30919.85,92.867991
2019-03-24,8,2880822.38681,2791914.666793,88907.720017,0.0,0.0,0.0,8192.13,0.0,32664.88,88.193264
2019-03-24,9,2880708.215978,2791284.919658,89423.29632,0.0,0.0,0.0,10493.7,0.0,33991.58,84.7477
2019-03-24,10,2947885.441194,2871360.445591,76524.995603,0.0,0.0,0.0,12147.09,0.0,35002.04,84.220389
2019-03-24,11,3209908.587235,3149350.352744,60558.234491,0.0,0.0,0.0,13366.17,0.0,35846.82,89.545142
2019-03-24,12,658071.324872,521900.633334,136170.691538,0.0,655.372253,0.0,14346.9,255.5,36687.26,17.937326
2019-03-24,13,658971.525207,510413.549857,148557.97535,0.0,1446.288498,0.0,15885.0,255.5,37586.22,17.532264
2019-03-24,14,721377.271618,558761.359678,162615.911941,0.0,1452.407734,0.0,15501.63,255.5,38572.47,18.701869
2019-03-24,15,740304.501252,572802.935088,167501.566164,0.0,1279.253851,0.0,14541.933843,244.626157,39332.91,18.821503
2019-03-24,16,754701.033008,582485.159387,172215.87362,0.0,756.719953,0.0,13687.17,130.5,39994.88,18.869941
2019-03-24,17,777453.554115,593434.889842,184018.664273,0.0,169.167478,0.0,11810.66,130.5,40017.01,19.428077
2019-03-24,18,733743.393814,626160.024219,107583.369595,0.0,0.0,0.0,10075.68,0.0,39742.51,18.462432
2019-03-24,19,590501.276419,452758.207995,137743.068424,0.0,0.0,0.0,8105.12,0.0,40715.67,14.503047
2019-03-24,20,569902.791645,430758.014146,139144.777499,0.0,0.0,0.0,6721.35,0.0,39565.27,14.404117
2019-03-24,21,521575.605899,415712.076226,105863.529674,0.0,0.0,0.0,6885.71,0.0,36968.96,14.108474
2019-03-24,22,460558.169414,380445.89906,80112.270354,0.0,0.0,0.0,8198.72,0.0,33838.48,13.610486
2019-03-24,23,235361.479185,156926.744865,78434.73432,0.0,0.0,0.0,7889.28,0.0,31412.87,7.492518
2019-03-25,0,222219.566354,149810.063264,72409.50309,0.0,0.0,0.0,7317.98,0.0,29948.58,7.420037
2019-03-25,1,218352.02695,149810.063264,68541.963686,0.0,0.0,0.0,7114.59,0.0,29025.77,7.522695
2019-03-25,2,195951.10669,127747.486395,68203.620295,0.0,0.0,0.0,5753.15,0.0,28696.66,6.828359
2019-03-25,3,204025.834587,127734.326395,76291.508191,0.0,0.0,0.0,5169.83,0.0,29199.82,6.987229
2019-03-25,4,255248.147019,178628.487964,76619.659056,0.0,0.0,0.0,5444.88,0.0,31128.76,8.199753
2019-03-25,5,584317.191554,487835.95696,96481.234594,0.0,0.0,0.0,4838.06,0.0,34591.0,16.892174
2019-03-25,6,744323.122222,635373.956048,108949.166174,0.0,0.0,0.0,4747.28,0.0,36237.37,20.540208
2019-03-25,7,741771.486539,635371.176048,106400.310491,0.0,0.0,0.0,4989.32,0.0,36263.99,20.454768
2019-03-25,8,817125.320699,727747.062257,89378.258442,0.0,0.0,0.0,6132.37,0.0,36318.85,22.498656
2019-03-25,9,848688.709315,712294.414915,136394.2944,0.0,37.697803,0.0,9103.92,42.0,37129.91,22.857279
2019-03-25,10,822652.565982,709908.708015,112743.857966,0.0,0.0,0.0,11197.67,0.0,37885.01,21.714461
2019-03-25,11,1014108.429807,892621.782542,121486.647265,0.0,652.118511,0.0,12949.37,387.3,38743.97,26.174613
2019-03-25,12,1057767.591532,910200.353883,147567.237648,0.0,1273.24911,0.0,14429.05,100.0,39722.96,26.62862
2019-03-25,13,1072285.063539,922526.318093,149758.745446,0.0,1178.778366,0.0,15197.01,255.5,40655.23,26.375083
2019-03-25,14,1056509.388107,899996.641281,156512.746826,0.0,1755.33409,0.0,16128.77,255.5,41492.3,25.462782
2019-03-25,15,1068178.847752,900277.186779,167901.660973,0.0,1750.254074,0.0,16115.1,225.0,42323.08,25.238684
2019-03-25,16,1063785.754095,900273.896779,163511.857315,0.0,1019.309335,0.0,15657.44,255.5,42466.13,25.050217
2019-03-25,17,1068665.140798,909415.354336,159249.786462,0.0,529.892489,0.0,14656.06,255.5,41968.77,25.463342
2019-03-25,18,1045698.663151,953365.359529,92333.303623,0.0,0.0,0.0,13494.66,58.0,41151.99,25.410646
2019-03-25,19,971919.376984,883503.151292,88416.225692,0.0,0.0,0.0,11443.76,0.0,41385.25,23.484681
2019-03-25,20,720736.215071,623467.498907,97268.716164,0.0,0.0,0.0,10140.75,0.0,39597.11,18.201738
2019-03-25,21,697887.746607,623815.208906,74072.5377,0.0,0.0,0.0,9074.85,0.0,36638.56,19.047903
2019-03-25,22,577418.915039,507991.526709,69427.388329,0.0,0.0,0.0,7939.72,0.0,33326.64,17.326047
2019-03-25,23,400273.915687,335433.240537,64840.67515,0.0,0.0,0.0,7589.04,0.0,31061.73,12.886401
2019-03-26,0,184228.100162,118268.759989,65959.340174,0.0,0.0,0.0,7104.71,0.0,29561.36,6.232058
2019-03-26,1,178228.478627,118268.759989,59959.718638,0.0,0.0,0.0,6882.2,0.0,28672.17,6.216079
2019-03-26,2,172141.503853,111152.078388,60989.425465,0.0,0.0,0.0,6783.26,0.0,28377.25,6.06618
2019-03-26,3,173397.671862,111152.078388,62245.593474,0.0,0.0,0.0,7184.34,0.0,28843.07,6.011762
2019-03-26,4,286204.905145,229867.842952,56337.062193,0.0,0.0,0.0,7609.55,0.0,30585.59,9.357508
2019-03-26,5,355853.811845,274236.773561,81617.038283,0.0,0.0,0.0,6684.07,0.0,33854.9,10.511146
2019-03-26,6,373835.501297,274220.323561,99615.177735,0.0,0.0,0.0,6254.23,0.0,35243.38,10.607255
2019-03-26,7,370364.94913,274220.323561,96144.625569,0.0,0.0,0.0,6380.29,0.0,35073.83,10.559581
2019-03-26,8,372120.595158,274220.323561,97900.271596,0.0,0.0,0.0,6545.49,0.0,35327.87,10.533344
2019-03-26,9,363827.708788,274220.323561,89607.385227,0.0,0.0,0.0,7858.74,0.0,35639.98,10.208415
2019-03-26,10,418883.501112,346222.734163,72660.766949,0.0,0.0,0.0,9900.78,0.0,36083.84,11.608618
2019-03-26,11,801725.73041,733327.831247,68397.899163,0.0,0.0,0.0,11516.75,220.3,36390.31,22.031297
2019-03-26,12,881534.721425,749019.491722,132515.229702,0.0,319.1499,0.0,13337.74,255.5,36971.49,23.843635
2019-03-26,13,895577.063161,774681.908354,120895.154807,0.0,1676.941418,0.0,15951.71,255.5,37641.98,23.791975
2019-03-26,14,888647.980043,754364.211191,134283.768852,0.0,1650.548336,0.0,16455.300428,260.859572,38319.73,23.190351
2019-03-26,15,893081.721947,750251.399135,142830.322812,0.0,1726.625903,0.0,16581.018945,339.791055,39171.13,22.799488
2019-03-26,16,889733.681685,750072.728804,139660.952882,0.0,1318.418872,0.0,16399.367845,315.962155,39482.21,22.535053
2019-03-26,17,905939.80853,767898.168988,138041.639542,0.0,1337.800501,0.0,15636.05535,358.01465,39062.12,23.192285
2019-03-26,18,917545.737294,796321.010569,121224.726725,0.0,1230.725225,0.0,14808.67,262.3,38675.65,23.724119
2019-03-26,19,795764.265667,670149.53587,125614.729797,0.0,1132.14837,0.0,13684.87,42.0,39336.2,20.229821
2019-03-26,20,753715.157915,641197.232487,112517.925428,0.0,1009.669165,0.0,13894.09,42.0,37829.6,19.923953
2019-03-26,21,705462.279472,612611.895345,92850.384127,0.0,822.354658,0.0,13908.99,42.0,35196.36,20.043615
2019-03-26,22,673201.896889,589108.933201,84092.963688,0.0,307.397616,0.0,12711.28,42.0,32631.15,20.630652
2019-03-26,23,521184.93073,448047.091537,73137.839193,0.0,361.13327,0.0,12620.51,42.0,30543.41,17.063744
2019-03-27,0,501680.238854,433294.48404,68385.754814,0.0,426.68536,0.0,12476.3,42.0,29352.35,17.091655
2019-03-27,1,359853.860361,285743.324952,74110.535409,0.0,461.96326,0.0,12388.75,42.0,28714.88,12.531965
2019-03-27,2,370231.401926,294107.944552,76123.457374,0.0,227.826366,0.0,11359.29,42.0,28521.72,12.980683
2019-03-27,3,369230.002269,317890.60983,51339.392439,0.0,0.0,0.0,9949.73,0.0,29063.5,12.704251
2019-03-27,4,343717.089484,281399.362985,62317.726499,0.0,0.0,0.0,8272.61,0.0,31125.67,11.042882
2019-03-27,5,354097.158544,254010.568935,100086.589609,0.0,0.0,0.0,8134.84,0.0,34653.25,10.218296
2019-03-27,6,378055.110921,279190.417635,98864.693286,0.0,0.0,0.0,8024.93,0.0,35845.74,10.546724
2019-03-27,7,482880.146929,398407.31885,84472.828079,0.0,0.0,0.0,7910.22,0.0,35585.38,13.569622
2019-03-27,8,514577.271445,388990.628643,125586.642802,0.0,42.814232,0.0,11338.25,42.0,35959.58,14.30988
2019-03-27,9,480371.307678,370273.710969,110097.596709,0.0,1373.558413,0.0,15256.14,42.0,36428.73,13.186606
2019-03-27,10,3143438.29101,3044758.727284,98679.563726,0.0,754.486977,0.0,15993.7,417.8,36662.48,85.739925
2019-03-27,11,3295319.044839,3169728.03935,125591.005489,0.0,1814.962613,0.0,17755.47,255.5,36862.67,89.394475
2019-03-27,12,3317375.959517,3194124.18108,123251.778437,0.0,2778.886112,0.0,18880.03,255.5,37304.76,88.926345
2019-03-27,13,3448308.026885,3336912.003417,111396.023468,0.0,2434.872288,0.0,19210.05,255.5,37920.38,90.935482
2019-03-27,14,3464404.263879,3353364.909702,111039.354176,0.0,3085.865346,0.0,19685.77,255.5,38483.93,90.022102
2019-03-27,15,3518231.412795,3401531.987885,116699.42491,0.0,2953.700949,0.0,19265.57,417.8,39130.3,89.910668
2019-03-27,16,3507429.504369,3385353.341191,122076.163177,0.0,1978.979023,0.0,18182.23,417.8,39370.68,89.087349
2019-03-27,17,3521290.259398,3398147.913114,123142.346284,0.0,1930.35723,0.0,17275.06,417.8,38906.9,90.505547
2019-03-27,18,3535803.430338,3430817.025837,104986.404501,0.0,1404.481824,0.0,15803.42,417.8,38501.69,91.835019
2019-03-27,19,3407523.286126,3294337.672913,113185.613213,0.0,1105.571641,0.0,14367.34,42.0,39270.64,86.770251
2019-03-27,20,3360654.303077,3261096.689839,99557.613238,0.0,1213.936105,0.0,15058.46,42.0,38013.73,88.406329
2019-03-27,21,3313933.049878,3242806.102842,71126.947037,0.0,1678.277111,0.0,17093.48,42.0,35314.06,93.841746
2019-03-27,22,3265644.175793,3210477.048859,55167.126933,0.0,1736.265788,0.0,18309.49,42.0,32506.62,100.460896
2019-03-27,23,3111250.512152,3060215.226454,51035.285698,0.0,1756.8424,0.0,18239.454468,100.275532,30349.86,102.512846
2019-03-28,0,3100630.278763,3052680.64645,47949.632313,0.0,1769.918152,0.0,17970.18,42.0,29140.28,106.403586
2019-03-28,1,3098557.45391,3047826.796213,50730.657697,0.0,1678.273538,0.0,17214.77,262.3,28501.57,108.715325
2019-03-28,2,3097568.919931,3047826.796213,49742.123718,0.0,1711.585053,0.0,16900.128356,43.011644,28221.21,109.760316
2019-03-28,3,3105713.960415,3049541.991111,56171.969304,0.0,1316.317866,0.0,16075.41,42.0,28783.66,107.898508
2019-03-28,4,3132371.42783,3066343.267247,66028.160583,0.0,902.252415,0.0,15246.0,42.0,30659.27,102.167189
2019-03-28,5,3171208.32013,3086898.768537,84309.551593,0.0,777.395747,0.0,14999.68,42.0,33863.7,93.646244
2019-03-28,6,3185845.26305,3086885.608537,98959.654513,0.0,618.526124,0.0,14563.19,42.0,35429.99,89.919451
2019-03-28,7,3189386.521184,3086885.608537,102500.912647,0.0,357.817299,0.0,13816.35,42.0,35325.96,90.284497
2019-03-28,8,3202581.249148,3095514.097861,107067.151286,0.0,834.772946,0.0,13996.48,42.0,35889.45,89.234615
2019-03-28,9,3205449.762673,3107638.820051,97810.942621,0.0,1584.868799,0.0,15289.6,42.0,36294.19,88.318537
2019-03-28,10,3085913.851296,2981227.156211,104686.695085,0.0,645.742301,0.0,15409.9,100.0,36626.52,84.253537
2019-03-28,11,3246705.941796,3131563.207777,115142.734019,0.0,1560.362125,0.0,16301.66,387.3,36983.96,87.786866
2019-03-28,12,3342693.228622,3213761.474174,128931.754448,0.0,1795.160605,0.0,17145.11,292.8,37688.44,88.692799
2019-03-28,13,3341653.270001,3204655.620652,136997.649349,0.0,1035.992311,0.0,17177.49,417.8,38197.73,87.483033
2019-03-28,14,3360359.21476,3224570.586458,135788.628302,0.0,1494.712774,0.0,17382.43,417.8,38729.59,86.764647
2019-03-28,15,3372552.332681,3234369.798802,138182.533879,0.0,1311.893022,0.0,16937.62,417.8,39323.81,85.763621
2019-03-28,16,3252526.564448,3128056.781928,124469.78252,0.0,799.226259,0.0,15846.9,262.3,39378.23,82.597074
2019-03-28,17,3234417.419463,3106482.588546,127934.830917,0.0,1310.453765,0.0,15319.39,42.0,38776.57,83.411643
2019-03-28,18,3238396.669657,3111737.260945,126659.408712,0.0,1021.256637,0.0,14388.86,42.0,38596.67,83.903525
2019-03-28,19,3248708.30894,3105015.968754,143692.340186,0.0,776.910913,0.0,13609.38,42.0,39438.95,82.373093
2019-03-28,20,3229406.925393,3105015.968754,124390.956639,0.0,797.765832,0.0,14289.26,42.0,38315.49,84.284631
2019-03-28,21,3186469.312177,3088162.02241,98307.289767,0.0,1056.750357,0.0,16080.33,42.0,35947.85,88.641443
2019-03-28,22,3136932.506676,3062447.264893,74485.241783,0.0,1021.233154,0.0,17100.72,42.0,33084.74,94.815087
2019-03-28,23,2977906.164696,2912761.589292,65144.575404,0.0,1037.157038,0.0,17131.86,42.0,31042.83,95.928953
2019-03-29,0,2964173.936531,2901317.635524,62856.301007,0.0,1041.062772,0.0,16880.16,42.0,29737.03,99.679556
2019-03-29,1,2960464.742583,2900231.717123,60233.02546,0.0,956.752592,0.0,16445.33,100.0,28943.91,102.28282
2019-03-29,2,2961347.552925,2902005.884392,59341.668533,0.0,874.253672,0.0,15950.64,42.0,28711.77,103.140543
2019-03-29,3,2972472.231059,2906262.636516,66209.594543,0.0,760.932024,0.0,15380.77,42.0,29196.59,101.808884
2019-03-29,4,3157001.578672,3090561.51036,66440.068311,0.0,375.053512,0.0,14566.74,42.0,30876.41,102.246394
2019-03-29,5,3159090.339958,3112279.670589,46810.669369,0.0,0.0,0.0,13762.8,0.0,34125.23,92.573452
2019-03-29,6,3069239.237672,2995209.633507,74029.604164,0.0,0.0,0.0,12715.27,0.0,35754.98,85.840888
2019-03-29,7,3078008.752787,2995189.893507,82818.859279,0.0,0.0,0.0,11389.89,0.0,35823.85,85.920658
2019-03-29,8,3183145.646779,3114062.374723,69083.272056,0.0,0.0,0.0,12907.95,0.0,36527.97,87.142692
2019-03-29,9,3212073.055378,3104366.93738,107706.117997,0.0,765.652812,0.0,14565.15,42.0,37344.43,86.012106
2019-03-29,10,3270081.181384,3196590.857315,73490.324068,0.0,0.0,0.0,14927.44,58.0,37809.42,86.488531
2019-03-29,11,3496081.800202,3384436.521882,111645.278319,0.0,882.16484,0.0,16158.69,417.8,38163.2,91.608717
2019-03-29,12,3495494.141899,3375607.63886,119886.503038,0.0,2035.307599,0.0,17795.54,417.8,38786.31,90.121853
2019-03-29,13,3486281.223323,3370267.677705,116013.545618,0.0,1786.069342,0.0,18571.13,255.5,39264.94,88.788655
2019-03-29,14,3506770.818812,3389906.562298,116864.256514,0.0,1712.080518,0.0,18304.73,255.5,39506.81,88.763705
2019-03-29,15,3563598.193158,3442884.915009,120713.278149,0.0,1394.223233,0.0,16439.6,255.5,39766.27,89.613589
2019-03-29,16,938613.2467,809209.808944,129403.437756,0.0,945.838122,0.0,14387.75,255.5,39677.95,23.65579
2019-03-29,17,921544.302289,790096.973072,131447.329216,0.0,322.448718,0.0,13178.26,130.5,39091.41,23.574087
2019-03-29,18,839272.12881,775828.041034,63444.087776,0.0,0.0,0.0,11823.74,0.0,38574.53,21.757158
2019-03-29,19,673462.315699,587511.257662,85951.058036,0.0,0.0,0.0,10209.94,0.0,38882.2,17.320582
2019-03-29,20,644400.261711,554102.128564,90298.133147,0.0,0.0,0.0,9867.57,0.0,37889.37,17.007416
2019-03-29,21,718947.401291,673325.609779,45621.791512,0.0,0.0,0.0,12406.41,0.0,36251.12,19.832419
2019-03-29,22,681036.089615,610519.129546,70516.960069,0.0,304.378094,0.0,15702.59,42.0,34048.43,20.001982
2019-03-29,23,493500.549934,430305.905821,63194.644114,0.0,533.133244,0.0,16217.2,42.0,31902.64,15.468956
2019-03-30,0,480091.096919,423523.117546,56567.979373,0.0,1537.33063,0.0,17013.49,42.0,30330.03,15.828903
2019-03-30,1,328662.205301,267420.962135,61241.243167,0.0,1619.337003,0.0,16722.82,42.0,29324.99,11.207581
2019-03-30,2,344614.648829,287279.383126,57335.265703,0.0,15.908714,0.0,14041.47,42.0,28894.27,11.926747
2019-03-30,3,321077.336895,293101.237749,27976.099146,0.0,0.0,0.0,12584.28,0.0,28833.43,11.135593
2019-03-30,4,291704.912319,265527.676071,26177.236247,0.0,0.0,0.0,12067.71,0.0,29270.23,9.965925
2019-03-30,5,402195.099884,340090.649463,62104.450421,0.0,0.0,0.0,8126.82,0.0,30503.66,13.185142
2019-03-30,6,442040.892218,337962.249592,104078.642626,0.0,1071.651324,0.0,10898.44,42.0,31727.93,13.932232
2019-03-30,7,422616.315025,360561.698534,62054.616491,0.0,0.0,0.0,9661.37,0.0,33218.8,12.722203
2019-03-30,8,327479.87935,241305.317319,86174.562031,0.0,0.0,0.0,9134.97,0.0,34980.33,9.361829
2019-03-30,9,457404.147827,392594.90263,64809.245198,0.0,0.0,0.0,9652.27,0.0,36317.32,12.594656
2019-03-30,10,669116.958418,548159.183654,120957.774764,0.0,119.107686,0.0,8416.55,242.3,37074.45,18.047927
2019-03-30,11,809131.412806,658566.495007,150564.9178,0.0,375.706528,0.0,10046.52,130.5,37201.08,21.750213
2019-03-30,12,785008.628597,648784.632384,136223.996213,0.0,1125.616239,0.0,12323.21,130.5,37074.6,21.173759
2019-03-30,13,787170.336104,648781.342384,138388.99372,0.0,1799.752321,0.0,12777.76,130.5,36965.59,21.294678
2019-03-30,14,755068.519555,611907.190557,143161.328998,0.0,3026.154943,0.0,15482.3,255.5,36652.1,20.600962
2019-03-30,15,744025.952115,610641.675258,133384.276858,0.0,3027.478332,0.0,15697.58,255.5,36088.14,20.61691
2019-03-30,16,710376.214397,569858.542907,140517.671491,0.0,2033.948305,0.0,13874.91,130.5,35663.76,19.918713
2019-03-30,17,703283.712639,572573.177971,130710.534668,0.0,2135.833032,0.0,14905.92,255.5,35424.68,19.852931
2019-03-30,18,708579.250043,590738.717884,117840.532159,0.0,1439.55912,0.0,14248.55,255.5,36083.16,19.637395
2019-03-30,19,631242.586334,511511.759228,119730.827107,0.0,1066.60815,0.0,13582.81,42.0,36912.72,17.10095
2019-03-30,20,578444.396474,466812.811737,111631.584737,0.0,1101.611964,0.0,14919.99,42.0,36322.13,15.925399
2019-03-30,21,547459.544722,455638.90634,91820.638382,0.0,1514.515409,0.0,16992.79,42.0,35085.7,15.603495
2019-03-30,22,548166.926278,450703.509848,97463.41643,0.0,1461.012094,0.0,14844.82,42.0,33543.14,16.342147
2019-03-30,23,542638.677073,450700.219848,91938.457225,0.0,491.908233,0.0,13521.08,42.0,32246.35,16.82791
2019-03-31,0,414734.730532,362324.018059,52410.712473,0.0,0.0,0.0,11153.72,0.0,31311.72,13.245351
2019-03-31,1,226321.978567,157723.027471,68598.951095,0.0,0.0,0.0,8692.8,0.0,30902.71,7.323694
2019-03-31,2,215981.725134,146346.772073,69634.953061,0.0,0.0,0.0,9167.68,0.0,30832.71,7.004954
2019-03-31,3,213919.723291,146346.772073,67572.951218,0.0,0.0,0.0,10037.22,0.0,31209.95,6.854216
2019-03-31,4,229992.704923,162547.12375,67445.581173,0.0,0.0,0.0,10886.25,0.0,31933.91,7.202147
2019-03-31,5,264251.101296,177307.437599,86943.663697,0.0,0.0,0.0,10480.35,58.0,33369.49,7.918943
2019-03-31,6,351991.574809,260147.09721,91844.477599,0.0,0.0,0.0,9997.7,0.0,35242.21,9.987784
2019-03-31,7,395920.925119,280804.708794,115116.216325,0.0,0.0,0.0,9142.71,0.0,37116.85,10.666878
2019-03-31,8,407289.739591,280794.838794,126494.900798,0.0,0.0,0.0,9474.39,0.0,38572.06,10.559191
2019-03-31,9,409836.812645,293599.225393,116237.587252,0.0,0.0,0.0,11322.73,0.0,39045.53,10.496382
2019-03-31,10,441452.678247,357940.266405,83512.411842,0.0,0.0,0.0,13811.34,0.0,38789.07,11.380852
2019-03-31,11,513032.616561,360489.057708,152543.558853,0.0,205.413353,0.0,14501.21,213.5,38079.5,13.472672
2019-03-31,12,502264.646351,365273.260086,136991.386265,0.0,815.828245,0.0,15265.76,88.5,37010.26,13.570957
2019-03-31,13,677104.182979,557970.089874,119134.093105,0.0,1200.983276,0.0,15097.926433,213.543567,36119.64,18.74615
2019-03-31,14,663391.036903,533723.901877,129667.135026,0.0,1603.75028,0.0,16411.16,255.5,35329.52,18.777245
2019-03-31,15,651997.870361,525925.973847,126071.896514,0.0,2021.727834,0.0,16790.61,255.5,34996.37,18.630443
2019-03-31,16,662084.187042,531119.787394,130964.399648,0.0,1344.894216,0.0,16176.81,255.5,35076.7,18.875327
2019-03-31,17,650411.177966,515533.487723,134877.690243,0.0,1197.752754,0.0,15535.86,255.5,35479.33,18.332116
2019-03-31,18,662782.874044,537966.113795,124816.760249,0.0,600.15074,0.0,14498.800735,279.099265,36591.94,18.11281
2019-03-31,19,649160.392446,511436.297231,137724.095215,0.0,603.535589,0.0,13340.21,42.0,38831.05,16.71756
2019-03-31,20,625445.267723,520733.364164,104711.90356,0.0,0.0,0.0,11047.6,0.0,38746.23,16.142094
2019-03-31,21,514709.731424,405940.291483,108769.439941,0.0,0.0,0.0,7588.12,0.0,37142.51,13.857699
2019-03-31,22,527048.098206,410923.339834,116124.758372,0.0,0.0,0.0,4571.2,0.0,35231.09,14.959744
2019-03-31,23,478354.234876,366720.736634,111633.498242,0.0,0.0,0.0,4061.9,0.0,33933.51,14.09681
