Date,Hour,TotalCosts,FixedCosts,VariableCosts,LoadShedding,OverGeneration,ReserveShortfall,RenewablesUsed,RenewablesCurtailment,Demand,Price
2035-01-01,0,443.286017,298.439166,144.846852,0.0,0.0,0.0,6928.19,0.0,25898.575193,0.017116
2035-01-01,1,430.951033,298.439166,132.511868,0.0,0.0,0.0,8056.98,0.0,26123.177155,0.016497
2035-01-01,2,423.903755,298.439166,125.46459,0.0,0.0,0.0,8522.11,0.0,26187.229094,0.016187
2035-01-01,3,418.127674,298.439166,119.688509,0.0,0.0,0.0,8881.82,0.0,26236.06636,0.015937
2035-01-01,4,417.002254,298.439166,118.563088,0.0,0.0,0.0,9140.33,0.0,26387.695771,0.015803
2035-01-01,5,408.14873,298.439166,109.709565,0.0,0.0,0.0,9959.08,0.0,26741.518905,0.015263
2035-01-01,6,407.427927,298.439166,108.988761,0.0,0.0,0.0,10463.62,0.0,27121.491659,0.015022
2035-01-01,7,408.649553,298.439166,110.210387,0.0,0.0,0.0,10920.93,0.0,27295.55141,0.014971
2035-01-01,8,439.214751,298.439166,140.775585,0.0,0.0,0.0,10175.06,0.0,27270.896722,0.016106
2035-01-01,9,338.764906,178.909166,159.85574,0.0,0.0,0.0,9534.93,0.0,27325.528738,0.012397
2035-01-01,10,290.67528,148.909166,141.766114,0.0,0.0,0.0,10678.7,0.0,27593.13559,0.010534
2035-01-01,11,294.333993,148.909166,145.424827,0.0,0.0,0.0,10469.54,0.0,27479.618855,0.010711
2035-01-01,12,299.662856,148.909166,150.75369,0.0,0.0,0.0,10967.37,0.0,27238.749777,0.011001
2035-01-01,13,271.61445,148.909166,122.705284,0.0,0.0,0.0,12212.36,0.0,27244.323422,0.00997
2035-01-01,14,287.816535,148.909166,138.907369,0.0,0.0,0.0,11699.24,0.0,27438.560531,0.010489
2035-01-01,15,356.762039,195.948938,160.813101,0.0,0.0,0.0,11168.56,0.0,27949.786124,0.012764
2035-01-01,16,649.148393,447.068938,202.079455,0.0,0.0,0.0,10305.87,0.0,29035.163083,0.022357
2035-01-01,17,882.184215,639.128482,243.055733,0.0,0.0,0.0,9034.71,0.0,30132.015208,0.029277
2035-01-01,18,836.537052,583.128482,253.40857,0.0,0.0,0.0,8209.53,0.0,29959.624572,0.027922
2035-01-01,19,826.235054,552.35757,273.877484,0.0,0.0,0.0,7053.01,0.0,29601.709752,0.027912
2035-01-01,20,806.926876,552.35757,254.569306,0.0,0.0,0.0,7568.18,0.0,29193.924318,0.02764
2035-01-01,21,806.588138,552.35757,254.230568,0.0,0.0,0.0,6963.47,0.0,28687.701086,0.028116
2035-01-01,22,618.673385,358.23757,260.435814,0.0,0.0,0.0,5860.79,0.0,27969.480211,0.02212
2035-01-01,23,391.364017,143.178026,248.185991,0.0,0.0,0.0,5925.36,0.0,27230.779417,0.014372
2035-01-02,0,383.268313,143.178026,240.090287,0.0,0.0,0.0,5882.55,0.0,26649.081513,0.014382
2035-01-02,1,370.099431,143.178026,226.921405,0.0,0.0,0.0,6228.13,0.0,26423.281205,0.014007
2035-01-02,2,372.281566,143.178026,229.10354,0.0,0.0,0.0,6007.31,0.0,26313.819586,0.014148
2035-01-02,3,625.791075,400.058254,225.732821,0.0,0.0,0.0,6223.09,0.0,26540.758864,0.023578
2035-01-02,4,848.124107,618.428938,229.695169,0.0,0.0,0.0,6421.65,0.0,27208.679577,0.031171
2035-01-02,5,665.045398,415.428938,249.61646,0.0,0.0,0.0,6344.71,0.0,28019.746202,0.023735
2035-01-02,6,823.419181,574.579166,248.840015,0.0,0.0,0.0,6322.34,0.0,28067.187439,0.029337
2035-01-02,7,704.106879,450.579166,253.527713,0.0,0.0,0.0,6461.27,0.0,28413.15139,0.024781
2035-01-02,8,1328.815431,1042.589166,286.226265,0.0,0.0,0.0,5150.85,0.0,29363.888998,0.045253
2035-01-02,9,1142.679037,811.708938,330.970099,0.0,0.0,0.0,4551.7,0.0,30602.011424,0.03734
2035-01-02,10,1225.668723,898.608025,327.060697,0.0,0.0,0.0,5568.18,0.0,31579.42098,0.038812
2035-01-02,11,1343.434991,963.296891,380.1381,0.0,0.0,0.0,4201.43,0.0,32380.90868,0.041488
2035-01-02,12,1224.091313,834.296891,389.794422,0.0,0.0,0.0,4298.52,0.0,32942.180909,0.037159
2035-01-02,13,1222.292645,834.296891,387.995754,0.0,0.0,0.0,4773.11,0.0,33356.54517,0.036643
2035-01-02,14,1221.930999,834.296891,387.634109,0.0,0.0,0.0,5061.71,0.0,33640.456529,0.036323
2035-01-02,15,1226.933991,834.296891,392.637101,0.0,0.0,0.0,5028.38,0.0,33810.270188,0.036289
2035-01-02,16,1607.635752,1215.167346,392.468406,0.0,0.0,0.0,4797.07,0.0,33932.825201,0.047377
2035-01-02,17,1515.887015,1098.167346,417.719669,0.0,0.0,0.0,3651.44,0.0,33901.411361,0.044715
2035-01-02,18,1510.642261,1098.167346,412.474915,0.0,0.0,0.0,2692.13,0.0,32742.05793,0.046138
2035-01-02,19,1503.889464,1105.057346,398.832119,0.0,0.0,0.0,2210.9,0.0,31801.810315,0.047289
2035-01-02,20,1420.852554,1042.807574,378.04498,0.0,0.0,0.0,2372.2,0.0,30906.835972,0.045972
2035-01-02,21,875.538588,501.797574,373.741014,0.0,0.0,0.0,2675.73,0.0,30220.261092,0.028972
2035-01-02,22,845.437706,501.797574,343.640133,0.0,0.0,0.0,2989.68,0.0,29445.569765,0.028712
2035-01-02,23,655.251697,287.73803,367.513667,0.0,0.0,0.0,1709.28,0.0,28720.84181,0.022815
2035-01-03,0,837.902095,477.605974,360.296122,0.0,0.0,0.0,1250.15,0.0,28073.751917,0.029846
2035-01-03,1,684.024476,340.605974,343.418502,0.0,0.0,0.0,1341.41,0.0,27769.781992,0.024632
2035-01-03,2,628.112321,277.695515,350.416806,0.0,0.0,0.0,1230.24,0.0,27613.71069,0.022746
2035-01-03,3,626.56122,277.695515,348.865705,0.0,0.0,0.0,1352.92,0.0,27689.330372,0.022628
2035-01-03,4,929.304173,579.785742,349.51843,0.0,0.0,0.0,1605.04,0.0,28162.468465,0.032998
2035-01-03,5,867.389374,489.785742,377.603631,0.0,0.0,0.0,877.57,0.0,28601.416178,0.030327
2035-01-03,6,856.374395,489.785742,366.588653,0.0,0.0,0.0,1069.14,0.0,28402.692603,0.030151
2035-01-03,7,782.601022,431.008018,351.593004,0.0,0.0,0.0,2253.11,0.0,28783.821096,0.027189
2035-01-03,8,716.531595,369.21779,347.313805,0.0,0.0,0.0,2820.86,0.0,28794.46139,0.024884
2035-01-03,9,679.86647,369.21779,310.64868,0.0,0.0,0.0,3916.18,0.0,28532.356452,0.023828
2035-01-03,10,387.897966,135.277562,252.620404,0.0,0.0,0.0,6625.4,0.0,28467.33651,0.013626
2035-01-03,11,330.703367,135.277562,195.425805,0.0,0.0,0.0,8940.75,0.0,28286.486522,0.011691
2035-01-03,12,287.137747,135.277562,151.860185,0.0,0.0,0.0,10479.88,0.0,27905.266236,0.01029
2035-01-03,13,236.366587,135.277562,101.089025,0.0,0.0,0.0,12385.51,0.0,27579.143488,0.00857
2035-01-03,14,237.809038,135.277562,102.531476,0.0,0.0,0.0,12059.93,0.0,27317.678452,0.008705
2035-01-03,15,513.424078,403.337106,110.086972,0.0,0.0,0.0,11650.5,0.0,27427.429572,0.018719
2035-01-03,16,535.723717,401.277334,134.446383,0.0,0.0,0.0,11193.5,0.0,28109.789094,0.019058
2035-01-03,17,751.614778,540.067562,211.547216,0.0,0.0,0.0,8574.71,0.0,28972.521444,0.025942
2035-01-03,18,874.472265,583.287334,291.184931,0.0,0.0,0.0,5223.63,0.0,29297.264944,0.029848
2035-01-03,19,862.779254,490.287334,372.49192,0.0,0.0,0.0,2087.27,0.0,29403.124311,0.029343
2035-01-03,20,856.523673,490.287334,366.236339,0.0,0.0,0.0,2201.68,0.0,29369.712459,0.029164
2035-01-03,21,844.13368,490.287334,353.846346,0.0,0.0,0.0,2649.58,0.0,29453.049982,0.02866
2035-01-03,22,622.81732,276.22779,346.58953,0.0,0.0,0.0,3049.45,0.0,29228.801696,0.021308
2035-01-03,23,588.78204,249.83779,338.94425,0.0,0.0,0.0,3043.23,0.0,28868.092731,0.020396
2035-01-04,0,573.364975,246.50779,326.857185,0.0,0.0,0.0,3185.48,0.0,28561.432503,0.020075
2035-01-04,1,561.761275,244.528709,317.232566,0.0,0.0,0.0,3631.68,0.0,28643.012346,0.019613
2035-01-04,2,556.635642,244.528709,312.106933,0.0,0.0,0.0,3898.84,0.0,28717.390819,0.019383
2035-01-04,3,599.644664,289.738709,309.905955,0.0,0.0,0.0,4399.07,0.0,29208.779571,0.02053
2035-01-04,4,847.35694,533.618937,313.738003,0.0,0.0,0.0,4866.79,0.0,29813.170426,0.028422
2035-01-04,5,796.818445,456.618937,340.199508,0.0,0.0,0.0,4570.61,0.0,30620.935557,0.026022
2035-01-04,6,807.985561,456.618937,351.366624,0.0,0.0,0.0,4393.15,0.0,30987.926634,0.026074
2035-01-04,7,789.236972,434.768937,354.468036,0.0,0.0,0.0,4511.76,0.0,31137.694192,0.025347
2035-01-04,8,752.977814,405.828709,347.149105,0.0,0.0,0.0,4265.04,0.0,30544.717799,0.024652
2035-01-04,9,652.319426,337.528481,314.790945,0.0,0.0,0.0,4142.87,0.0,28715.56236,0.022717
2035-01-04,10,385.490654,131.558253,253.932401,0.0,0.0,0.0,5376.65,0.0,27240.250123,0.014152
2035-01-04,11,260.209757,42.298937,217.91082,0.0,0.0,0.0,5910.87,0.0,25955.636073,0.010025
2035-01-04,12,208.894958,42.298937,166.59602,0.0,0.0,0.0,7048.34,0.0,24850.00271,0.008406
2035-01-04,13,159.799767,42.298937,117.500829,0.0,0.0,0.0,8563.38,0.0,24194.092646,0.006605
2035-01-04,14,170.820464,42.298937,128.521526,0.0,0.0,0.0,7654.99,0.0,23775.433534,0.007185
2035-01-04,15,192.888663,42.298937,150.589726,0.0,0.0,0.0,6740.89,0.0,23837.11012,0.008092
2035-01-04,16,225.813437,42.298937,183.514499,0.0,0.0,0.0,5623.9,0.0,24177.688275,0.00934
2035-01-04,17,326.412511,87.508937,238.903573,0.0,0.0,0.0,3970.71,0.0,24880.49042,0.013119
2035-01-04,18,611.539758,318.539165,293.000593,0.0,0.0,0.0,2609.41,0.0,25972.214283,0.023546
2035-01-04,19,584.244811,251.199165,333.045646,0.0,0.0,0.0,1344.6,0.0,26503.636094,0.022044
2035-01-04,20,510.255377,179.199165,331.056211,0.0,0.0,0.0,1732.43,0.0,26867.674954,0.018991
2035-01-04,21,500.974042,179.199165,321.774876,0.0,0.0,0.0,2526.85,0.0,27190.192082,0.018425
2035-01-04,22,538.851797,247.758709,291.093088,0.0,0.0,0.0,3469.37,0.0,27192.241208,0.019816
2035-01-04,23,470.16279,190.548709,279.614081,0.0,0.0,0.0,3812.23,0.0,27062.872242,0.017373
2035-01-05,0,468.840466,190.548709,278.291757,0.0,0.0,0.0,4074.83,0.0,27126.716342,0.017283
2035-01-05,1,568.496228,289.528709,278.967519,0.0,0.0,0.0,4369.83,0.0,27510.057609,0.020665
2035-01-05,2,532.971346,244.528709,288.442637,0.0,0.0,0.0,4386.96,0.0,27929.875111,0.019082
2035-01-05,3,1122.48955,835.538709,286.950841,0.0,0.0,0.0,4519.47,0.0,28752.784218,0.039039
2035-01-05,4,1091.592499,785.538709,306.053789,0.0,0.0,0.0,4545.92,0.0,29626.936805,0.036845
2035-01-05,5,1119.089848,785.538709,333.551139,0.0,0.0,0.0,4287.69,0.0,30584.097761,0.036591
2035-01-05,6,1348.261745,986.04962,362.212125,0.0,0.0,0.0,3920.97,0.0,31505.750426,0.042794
2035-01-05,7,1248.611542,861.04962,387.561922,0.0,0.0,0.0,3636.82,0.0,32297.135846,0.03866
2035-01-05,8,1253.381333,861.04962,392.331712,0.0,0.0,0.0,2703.15,0.0,31560.64203,0.039713
2035-01-05,9,1175.470429,832.109392,343.361036,0.0,0.0,0.0,2300.53,0.0,29146.577005,0.04033
2035-01-05,10,491.820563,200.650077,291.170486,0.0,0.0,0.0,3115.61,0.0,26845.820319,0.01832
2035-01-05,11,352.153744,106.440533,245.713211,0.0,0.0,0.0,3701.42,0.0,25027.308374,0.014071
2035-01-05,12,229.844933,25.859622,203.985311,0.0,0.0,0.0,4598.33,0.0,23770.65063,0.009669
2035-01-05,13,191.207654,25.859622,165.348032,0.0,0.0,0.0,5527.26,0.0,23024.920054,0.008304
2035-01-05,14,172.658526,25.859622,146.798903,0.0,0.0,0.0,5984.03,0.0,22660.187802,0.007619
2035-01-05,15,170.084004,25.859622,144.224382,0.0,0.0,0.0,6166.56,0.0,22729.14528,0.007483
2035-01-05,16,181.068675,25.859622,155.209053,0.0,0.0,0.0,6204.84,0.0,23255.767953,0.007786
2035-01-05,17,227.301581,25.859622,201.441959,0.0,0.0,0.0,4947.25,0.0,24024.84251,0.009461
2035-01-05,18,271.645832,25.859622,245.78621,0.0,0.0,0.0,4047.63,0.0,24873.587003,0.010921
2035-01-05,19,293.667118,25.859622,267.807496,0.0,0.0,0.0,3339.05,0.0,24991.026677,0.011751
2035-01-05,20,265.120666,25.859622,239.261044,0.0,0.0,0.0,4239.74,0.0,24897.271042,0.010649
2035-01-05,21,236.068064,25.859622,210.208442,0.0,0.0,0.0,5570.23,0.0,25058.689565,0.009421
2035-01-05,22,214.030243,25.859622,188.170621,0.0,0.0,0.0,6455.81,0.0,24962.810935,0.008574
2035-01-05,23,547.762499,376.149166,171.613333,0.0,0.0,0.0,6699.79,0.0,24868.605031,0.022026
2035-01-06,0,322.280684,159.409853,162.870831,0.0,0.0,0.0,6972.26,0.0,24639.838673,0.01308
2035-01-06,1,317.19416,157.579169,159.614991,0.0,0.0,0.0,7218.54,0.0,24731.513287,0.012826
2035-01-06,2,325.922512,157.579169,168.343343,0.0,0.0,0.0,7039.17,0.0,24933.380466,0.013072
2035-01-06,3,341.942361,157.579169,184.363192,0.0,0.0,0.0,6948.44,0.0,25564.191058,0.013376
2035-01-06,4,358.66904,157.579169,201.089871,0.0,0.0,0.0,6824.42,0.0,26168.726481,0.013706
2035-01-06,5,837.101025,657.479169,179.621856,0.0,0.0,0.0,7926.33,0.0,26590.375866,0.031481
2035-01-06,6,698.947752,526.479169,172.468583,0.0,0.0,0.0,8878.73,0.0,27238.518793,0.02566
2035-01-06,7,703.157957,526.479169,176.678789,0.0,0.0,0.0,9306.86,0.0,27832.780221,0.025264
2035-01-06,8,691.353292,526.479169,164.874124,0.0,0.0,0.0,9499.18,0.0,27523.492478,0.025119
2035-01-06,9,640.882315,491.918941,148.963375,0.0,0.0,0.0,8992.79,0.0,26161.412436,0.024497
2035-01-06,10,508.174129,403.019397,105.154732,0.0,0.0,0.0,9484.35,0.0,24456.533745,0.020779
2035-01-06,11,101.654749,3.919169,97.73558,0.0,0.0,0.0,9224.84,0.0,23491.960037,0.004327
2035-01-06,12,72.4683,3.919169,68.549131,0.0,0.0,0.0,9865.74,0.0,22834.753617,0.003174
2035-01-06,13,29.503063,3.919169,25.583894,0.0,0.0,0.0,11575.98,0.0,22642.646883,0.001303
2035-01-06,14,30.904863,3.919169,26.985694,0.0,0.0,0.0,11488.52,0.0,22619.721825,0.001366
2035-01-06,15,38.199776,3.919169,34.280607,0.0,0.0,0.0,11437.46,0.0,22898.532282,0.001668
2035-01-06,16,60.417238,3.919169,56.498069,0.0,0.0,0.0,11652.27,0.0,23501.190379,0.002571
2035-01-06,17,121.567168,3.919169,117.647999,0.0,0.0,0.0,9703.83,0.0,24194.093149,0.005025
2035-01-06,18,167.145246,3.919169,163.226077,0.0,0.0,0.0,8350.49,0.0,24827.753898,0.006732
2035-01-06,19,225.574355,3.919169,221.655186,0.0,0.0,0.0,6034.39,0.0,24862.972261,0.009073
2035-01-06,20,365.790301,216.419625,149.370677,0.0,0.0,0.0,8646.53,0.0,24648.213918,0.01484
2035-01-06,21,230.053894,122.039625,108.014269,0.0,0.0,0.0,12087.54,0.0,24218.874418,0.009499
2035-01-06,22,159.092929,96.520536,62.572393,0.0,0.0,0.0,13925.02,0.0,23463.40001,0.00678
2035-01-06,23,415.839562,364.58008,51.259481,0.0,0.0,0.0,13776.68,0.0,22551.273653,0.01844
2035-01-07,0,348.713448,309.67008,39.043368,0.0,0.0,0.0,13728.97,0.0,21898.697286,0.015924
2035-01-07,1,342.639851,309.67008,32.969771,0.0,0.0,0.0,13369.82,0.0,21474.814099,0.015955
2035-01-07,2,341.074028,306.509624,34.564404,0.0,0.0,0.0,12774.13,0.0,21345.902236,0.015978
2035-01-07,3,305.314551,261.95008,43.36447,0.0,0.0,0.0,12035.97,0.0,21450.929196,0.014233
2035-01-07,4,326.643309,260.95008,65.693229,0.0,0.0,0.0,11213.93,0.0,21767.57108,0.015006
2035-01-07,5,134.529423,61.60008,72.929343,0.0,0.0,0.0,11017.16,0.0,22668.68593,0.005935
2035-01-07,6,166.4085,47.60008,118.80842,0.0,0.0,0.0,10261.94,0.0,23921.252723,0.006957
2035-01-07,7,180.617341,51.60008,129.017261,0.0,0.0,0.0,9093.13,0.0,24506.395466,0.00737
2035-01-07,8,204.504204,48.60008,155.904124,0.0,0.0,0.0,7625.98,0.0,24517.228465,0.008341
2035-01-07,9,199.416214,22.92008,176.496134,0.0,0.0,0.0,6681.61,0.0,24397.658502,0.008174
2035-01-07,10,165.50839,2.26008,163.24831,0.0,0.0,0.0,7279.7,0.0,24319.99992,0.006805
2035-01-07,11,154.366761,2.26008,152.106681,0.0,0.0,0.0,7582.19,0.0,24133.579119,0.006396
2035-01-07,12,131.076717,2.26008,128.816637,0.0,0.0,0.0,8539.17,0.0,24060.436145,0.005448
2035-01-07,13,91.99481,2.26008,89.73473,0.0,0.0,0.0,10443.3,0.0,24255.225213,0.003793
2035-01-07,14,104.948151,2.26008,102.688071,0.0,0.0,0.0,10001.72,0.0,24383.175919,0.004304
2035-01-07,15,118.612989,2.26008,116.352909,0.0,0.0,0.0,9443.86,0.0,24419.745963,0.004857
2035-01-07,16,126.473336,2.26008,124.213256,0.0,0.0,0.0,9162.6,0.0,24479.041251,0.005167
2035-01-07,17,347.374462,172.17008,175.204382,0.0,0.0,0.0,7006.65,0.0,24775.844824,0.014021
2035-01-07,18,286.113214,45.17008,240.943135,0.0,0.0,0.0,4883.9,0.0,25450.748037,0.011242
2035-01-07,19,332.760316,45.17008,287.590236,0.0,0.0,0.0,3041.18,0.0,25331.330734,0.013136
2035-01-07,20,301.061438,45.17008,255.891358,0.0,0.0,0.0,3807.15,0.0,24972.431064,0.012056
2035-01-07,21,262.449284,45.17008,217.279205,0.0,0.0,0.0,4915.36,0.0,24539.03796,0.010695
2035-01-07,22,223.698882,45.17008,178.528803,0.0,0.0,0.0,5846.56,0.0,23716.907895,0.009432
2035-01-07,23,176.670307,4.869852,171.800455,0.0,0.0,0.0,5509.69,0.0,22904.810353,0.007713
2035-01-08,0,163.528072,4.869852,158.65822,0.0,0.0,0.0,5450.34,0.0,22265.600705,0.007344
2035-01-08,1,155.139368,4.869852,150.269517,0.0,0.0,0.0,5501.53,0.0,21953.295474,0.007067
2035-01-08,2,168.235874,4.869852,163.366022,0.0,0.0,0.0,4963.52,0.0,22002.616144,0.007646
2035-01-08,3,183.896394,4.869852,179.026543,0.0,0.0,0.0,4545.07,0.0,22297.776093,0.008247
2035-01-08,4,295.177454,97.529852,197.647602,0.0,0.0,0.0,4115.94,0.0,22687.316764,0.013011
2035-01-08,5,497.618869,269.379624,228.239245,0.0,0.0,0.0,3919.84,0.0,24035.904516,0.020703
2035-01-08,6,542.790582,271.558937,271.231645,0.0,0.0,0.0,3676.32,0.0,25679.598359,0.021137
2035-01-08,7,521.729495,235.428937,286.300558,0.0,0.0,0.0,3509.43,0.0,26254.837088,0.019872
2035-01-08,8,463.187875,158.428937,304.758938,0.0,0.0,0.0,2103.72,0.0,25680.418976,0.018037
2035-01-08,9,458.737184,158.428937,300.308247,0.0,0.0,0.0,1439.65,0.0,24850.517558,0.01846
2035-01-08,10,408.447736,137.768937,270.678799,0.0,0.0,0.0,2249.38,0.0,24447.765597,0.016707
2035-01-08,11,293.213733,43.079621,250.134111,0.0,0.0,0.0,3013.05,0.0,24011.57721,0.012211
2035-01-08,12,231.642674,21.229621,210.413052,0.0,0.0,0.0,4334.31,0.0,23697.836575,0.009775
2035-01-08,13,191.361201,17.569621,173.79158,0.0,0.0,0.0,5892.53,0.0,23597.26466,0.008109
2035-01-08,14,180.73155,17.569621,163.161929,0.0,0.0,0.0,6419.44,0.0,23660.389717,0.007639
2035-01-08,15,167.760471,17.569621,150.190849,0.0,0.0,0.0,7227.96,0.0,23903.537732,0.007018
2035-01-08,16,159.803783,17.569621,142.234162,0.0,0.0,0.0,8127.02,0.0,24461.101723,0.006533
2035-01-08,17,210.733043,17.569621,193.163422,0.0,0.0,0.0,6786.37,0.0,25359.538391,0.00831
2035-01-08,18,349.207168,110.229621,238.977547,0.0,0.0,0.0,5589.31,0.0,26077.865279,0.013391
2035-01-08,19,319.726046,38.229621,281.496425,0.0,0.0,0.0,4005.25,0.0,26108.068104,0.012246
2035-01-08,20,355.569267,119.909621,235.659646,0.0,0.0,0.0,5461.55,0.0,25837.439297,0.013762
2035-01-08,21,225.19347,62.909621,162.283849,0.0,0.0,0.0,7926.99,0.0,25297.404253,0.008902
2035-01-08,22,170.916788,62.909621,108.007167,0.0,0.0,0.0,9853.6,0.0,24372.333314,0.007013
2035-01-08,23,147.579207,56.089849,91.489357,0.0,0.0,0.0,10179.58,0.0,23512.846413,0.006277
2035-01-09,0,211.396953,132.608938,78.788015,0.0,0.0,0.0,10344.17,0.0,23020.08153,0.009183
2035-01-09,1,127.588375,56.608938,70.979437,0.0,0.0,0.0,10596.67,0.0,22911.187684,0.005569
2035-01-09,2,190.07472,118.208938,71.865782,0.0,0.0,0.0,10593.51,0.0,22903.66288,0.008299
2035-01-09,3,148.096253,73.618938,74.477315,0.0,0.0,0.0,10664.31,0.0,23122.73016,0.006405
2035-01-09,4,159.976114,66.618938,93.357176,0.0,0.0,0.0,10310.5,0.0,23665.623325,0.00676
2035-01-09,5,265.864736,135.178482,130.686254,0.0,0.0,0.0,9456.68,0.0,24625.609878,0.010796
2035-01-09,6,296.796704,111.178482,185.618222,0.0,0.0,0.0,8458.12,0.0,26012.340201,0.01141
2035-01-09,7,383.586693,173.788254,209.798439,0.0,0.0,0.0,7549.95,0.0,26553.33301,0.014446
2035-01-09,8,327.391379,113.788254,213.603125,0.0,0.0,0.0,6748.33,0.0,26509.766298,0.01235
2035-01-09,9,341.504278,112.788254,228.716024,0.0,0.0,0.0,5977.34,0.0,26311.750038,0.012979
2035-01-09,10,272.218651,66.038254,206.180397,0.0,0.0,0.0,6775.19,0.0,25938.482727,0.010495
2035-01-09,11,219.769305,22.47871,197.290595,0.0,0.0,0.0,6651.2,0.0,25332.715544,0.008675
2035-01-09,12,185.699965,22.47871,163.221255,0.0,0.0,0.0,7390.7,0.0,24642.890304,0.007536
2035-01-09,13,153.706745,22.47871,131.228035,0.0,0.0,0.0,8406.39,0.0,24249.71134,0.006338
2035-01-09,14,145.182293,22.47871,122.703583,0.0,0.0,0.0,8575.7,0.0,24041.528588,0.006039
2035-01-09,15,144.114816,22.47871,121.636105,0.0,0.0,0.0,8625.77,0.0,24046.102343,0.005993
2035-01-09,16,173.67224,22.47871,151.19353,0.0,0.0,0.0,7953.89,0.0,24673.572264,0.007039
2035-01-09,17,236.528749,22.47871,214.050039,0.0,0.0,0.0,6468.16,0.0,25822.67234,0.00916
2035-01-09,18,616.752121,349.678938,267.073183,0.0,0.0,0.0,5182.23,0.0,26880.550839,0.022944
2035-01-09,19,394.720068,90.088938,304.63113,0.0,0.0,0.0,3841.07,0.0,27189.52011,0.014517
2035-01-09,20,392.749344,83.088938,309.660405,0.0,0.0,0.0,3600.22,0.0,27182.049269,0.014449
2035-01-09,21,386.760064,83.088938,303.671125,0.0,0.0,0.0,3489.19,0.0,26862.181307,0.014398
2035-01-09,22,362.565762,83.088938,279.476823,0.0,0.0,0.0,3617.48,0.0,26048.558197,0.013919
2035-01-09,23,356.875194,74.488938,282.386255,0.0,0.0,0.0,2876.49,0.0,25360.999646,0.014072
2035-01-10,0,362.988786,74.488938,288.499847,0.0,0.0,0.0,2441.55,0.0,25142.62881,0.014437
2035-01-10,1,430.774908,138.668254,292.106654,0.0,0.0,0.0,2188.27,0.0,25122.077335,0.017147
2035-01-10,2,518.754574,223.268482,295.486092,0.0,0.0,0.0,1923.18,0.0,25127.73291,0.020645
2035-01-10,3,544.699797,238.707569,305.992228,0.0,0.0,0.0,1756.08,0.0,25556.62331,0.021313
2035-01-10,4,635.003974,315.35734,319.646634,0.0,0.0,0.0,1635.72,0.0,26276.659329,0.024166
2035-01-10,5,977.179259,644.536884,332.642375,0.0,0.0,0.0,1703.08,0.0,27330.324164,0.035754
2035-01-10,6,860.30641,499.536884,360.769526,0.0,0.0,0.0,1820.69,0.0,28672.661104,0.030004
2035-01-10,7,926.852079,561.136884,365.715194,0.0,0.0,0.0,1952.12,0.0,29036.480947,0.03192
2035-01-10,8,839.547034,508.136884,331.41015,0.0,0.0,0.0,2943.9,0.0,28807.54491,0.029143
2035-01-10,9,742.994433,450.496884,292.497549,0.0,0.0,0.0,4347.19,0.0,28255.624705,0.026295
2035-01-10,10,656.258374,426.918254,229.34012,0.0,0.0,0.0,6539.47,0.0,27611.042662,0.023768
2035-01-10,11,575.94718,358.618026,217.329154,0.0,0.0,0.0,6561.69,0.0,26906.059054,0.021406
2035-01-10,12,342.409128,144.558482,197.850646,0.0,0.0,0.0,6848.28,0.0,26150.504411,0.013094
2035-01-10,13,303.522033,144.558482,158.963551,0.0,0.0,0.0,8000.02,0.0,25592.477068,0.01186
2035-01-10,14,299.245564,144.558482,154.687082,0.0,0.0,0.0,7792.98,0.0,25194.894292,0.011877
2035-01-10,15,302.683664,144.558482,158.125182,0.0,0.0,0.0,7677.32,0.0,25233.253102,0.011995
2035-01-10,16,311.653802,144.558482,167.09532,0.0,0.0,0.0,7936.36,0.0,25888.552775,0.012038
2035-01-10,17,446.029222,243.538482,202.49074,0.0,0.0,0.0,7228.02,0.0,26843.703151,0.016616
2035-01-10,18,419.605083,198.538482,221.066601,0.0,0.0,0.0,7332.06,0.0,27452.517293,0.015285
2035-01-10,19,454.902179,207.228482,247.673697,0.0,0.0,0.0,7176.28,0.0,27439.885455,0.016578
2035-01-10,20,675.899317,466.768937,209.130379,0.0,0.0,0.0,8926.6,0.0,27168.200056,0.024878
2035-01-10,21,560.593238,407.968709,152.624529,0.0,0.0,0.0,11224.66,0.0,26667.933513,0.021021
2035-01-10,22,495.969554,386.118709,109.850845,0.0,0.0,0.0,12112.5,0.0,25711.386011,0.01929
2035-01-10,23,433.705952,332.138709,101.567243,0.0,0.0,0.0,11706.06,0.0,24815.068653,0.017478
2035-01-11,0,433.022258,330.728709,102.293549,0.0,0.0,0.0,11021.27,0.0,24232.969061,0.017869
2035-01-11,1,442.976842,330.038709,112.938133,0.0,0.0,0.0,10204.14,0.0,23961.371514,0.018487
2035-01-11,2,268.327979,116.979165,151.348814,0.0,0.0,0.0,8169.56,0.0,23727.13605,0.011309
2035-01-11,3,294.207306,118.979165,175.228141,0.0,0.0,0.0,6305.43,0.0,23824.220678,0.012349
2035-01-11,4,322.398326,117.979165,204.419161,0.0,0.0,0.0,4880.63,0.0,24273.499086,0.013282
2035-01-11,5,322.144376,115.979165,206.165211,0.0,0.0,0.0,5553.28,0.0,25054.167287,0.012858
2035-01-11,6,579.819338,372.859393,206.959945,0.0,0.0,0.0,6343.37,0.0,26027.20112,0.022277
2035-01-11,7,498.170423,295.859393,202.31103,0.0,0.0,0.0,6979.43,0.0,26463.784013,0.018825
2035-01-11,8,454.105739,295.859393,158.246346,0.0,0.0,0.0,9040.56,0.0,26570.997332,0.01709
2035-01-11,9,450.690773,295.859393,154.831381,0.0,0.0,0.0,9403.38,0.0,26754.295887,0.016846
2035-01-11,10,428.776664,295.859393,132.917271,0.0,0.0,0.0,10508.28,0.0,26908.356292,0.015935
2035-01-11,11,425.240367,292.530079,132.710288,0.0,0.0,0.0,10311.28,0.0,26647.502487,0.015958
2035-01-11,12,229.74412,112.649852,117.094269,0.0,0.0,0.0,10814.26,0.0,26328.655826,0.008726
2035-01-11,13,191.802784,112.649852,79.152932,0.0,0.0,0.0,12411.4,0.0,26253.139606,0.007306
2035-01-11,14,200.968125,112.649852,88.318274,0.0,0.0,0.0,12007.01,0.0,26241.105695,0.007659
2035-01-11,15,211.234753,112.649852,98.584901,0.0,0.0,0.0,11667.19,0.0,26353.807376,0.008015
2035-01-11,16,225.710347,112.649852,113.060496,0.0,0.0,0.0,11608.75,0.0,26931.753556,0.008381
2035-01-11,17,289.856227,112.649852,177.206376,0.0,0.0,0.0,9493.46,0.0,27590.053635,0.010506
2035-01-11,18,333.778855,112.649852,221.129003,0.0,0.0,0.0,7681.48,0.0,27497.575359,0.012138
2035-01-11,19,369.936606,112.649852,257.286754,0.0,0.0,0.0,5793.46,0.0,27047.493594,0.013677
2035-01-11,20,587.66249,380.709396,206.953095,0.0,0.0,0.0,6953.83,0.0,26556.007875,0.022129
2035-01-11,21,484.624631,326.709396,157.915235,0.0,0.0,0.0,8763.51,0.0,25946.053258,0.018678
2035-01-11,22,434.068226,318.33894,115.729286,0.0,0.0,0.0,9863.88,0.0,24993.664966,0.017367
2035-01-11,23,428.373106,318.33894,110.034166,0.0,0.0,0.0,9272.0,0.0,24112.397526,0.017766
2035-01-12,0,438.874093,318.33894,120.535154,0.0,0.0,0.0,8182.63,0.0,23448.334803,0.018717
2035-01-12,1,462.910021,318.33894,144.571081,0.0,0.0,0.0,6869.45,0.0,23186.965278,0.019964
2035-01-12,2,288.742296,104.279396,184.4629,0.0,0.0,0.0,5196.79,0.0,22916.740774,0.0126
2035-01-12,3,356.467102,156.219624,200.247478,0.0,0.0,0.0,4517.42,0.0,22984.672591,0.015509
2035-01-12,4,572.862508,390.099852,182.762657,0.0,0.0,0.0,5367.1,0.0,23352.438494,0.024531
2035-01-12,5,457.173115,313.099852,144.073263,0.0,0.0,0.0,7501.98,0.0,23922.254847,0.019111
2035-01-12,6,529.99419,431.669849,98.324341,0.0,0.0,0.0,10588.99,0.0,24614.651573,0.021532
2035-01-12,7,441.252297,318.669849,122.582448,0.0,0.0,0.0,10624.73,0.0,25423.002457,0.017356
2035-01-12,8,455.444333,319.669849,135.774484,0.0,0.0,0.0,9625.95,0.0,25501.285199,0.01786
2035-01-12,9,441.634424,289.729621,151.904803,0.0,0.0,0.0,8699.33,0.0,25222.283588,0.01751
2035-01-12,10,246.504416,109.849393,136.655022,0.0,0.0,0.0,9218.96,0.0,24931.620477,0.009887
2035-01-12,11,252.934671,109.849393,143.085278,0.0,0.0,0.0,8822.57,0.0,24805.051961,0.010197
2035-01-12,12,235.431477,109.159393,126.272084,0.0,0.0,0.0,9285.8,0.0,24502.969282,0.009608
2035-01-12,13,176.877109,109.159393,67.717716,0.0,0.0,0.0,11790.02,0.0,24420.252347,0.007243
2035-01-12,14,193.282577,110.159393,83.123183,0.0,0.0,0.0,10947.9,0.0,24556.712178,0.007871
2035-01-12,15,218.647698,109.159393,109.488305,0.0,0.0,0.0,10266.52,0.0,25042.352345,0.008731
2035-01-12,16,469.163874,341.229165,127.934708,0.0,0.0,0.0,10011.05,0.0,25852.351205,0.018148
2035-01-12,17,473.639527,273.259621,200.379906,0.0,0.0,0.0,7550.29,0.0,26688.936765,0.017747
2035-01-12,18,528.326111,264.919621,263.40649,0.0,0.0,0.0,5160.08,0.0,27270.813546,0.019373
2035-01-12,19,541.342389,215.919621,325.422768,0.0,0.0,0.0,2478.05,0.0,27199.895128,0.019902
2035-01-12,20,527.059001,215.919621,311.13938,0.0,0.0,0.0,2754.22,0.0,26989.272095,0.019528
2035-01-12,21,492.087638,212.590308,279.497331,0.0,0.0,0.0,3759.7,0.0,26803.578487,0.018359
2035-01-12,22,431.800913,181.340307,250.460606,0.0,0.0,0.0,4911.61,0.0,26546.476699,0.016266
2035-01-12,23,378.552855,116.309852,262.243003,0.0,0.0,0.0,4441.07,0.0,26137.822174,0.014483
2035-01-13,0,452.461777,192.828941,259.632836,0.0,0.0,0.0,4156.79,0.0,25833.134544,0.017515
2035-01-13,1,387.695776,116.828941,270.866836,0.0,0.0,0.0,3809.31,0.0,25838.644346,0.015004
2035-01-13,2,392.817693,116.828941,275.988752,0.0,0.0,0.0,3634.48,0.0,25860.527965,0.01519
2035-01-13,3,446.842407,162.038941,284.803466,0.0,0.0,0.0,3489.08,0.0,26193.641063,0.017059
2035-01-13,4,522.992145,228.888941,294.103204,0.0,0.0,0.0,3427.29,0.0,26598.639778,0.019662
2035-01-13,5,536.532819,234.288255,302.244563,0.0,0.0,0.0,3441.13,0.0,27093.132014,0.019803
2035-01-13,6,702.608975,392.867569,309.741406,0.0,0.0,0.0,3509.79,0.0,27630.369722,0.025429
2035-01-13,7,595.21738,276.807797,318.409583,0.0,0.0,0.0,3708.5,0.0,28256.953493,0.021064
2035-01-13,8,678.394892,364.817796,313.577096,0.0,0.0,0.0,3738.97,0.0,28308.302198,0.023965
2035-01-13,9,536.260651,227.607796,308.652855,0.0,0.0,0.0,3896.84,0.0,28127.486505,0.019065
2035-01-13,10,455.8986,205.757796,250.140804,0.0,0.0,0.0,5465.58,0.0,27327.29257,0.016683
2035-01-13,11,415.898725,186.358481,229.540243,0.0,0.0,0.0,5829.62,0.0,26723.764053,0.015563
2035-01-13,12,356.304507,161.318709,194.985798,0.0,0.0,0.0,6805.58,0.0,26096.375829,0.013653
2035-01-13,13,326.751803,161.318709,165.433094,0.0,0.0,0.0,7846.5,0.0,25833.337529,0.012648
2035-01-13,14,326.171599,161.318709,164.85289,0.0,0.0,0.0,7891.13,0.0,25850.969863,0.012617
2035-01-13,15,342.127963,161.318709,180.809254,0.0,0.0,0.0,7620.62,0.0,26293.344827,0.013012
2035-01-13,16,744.814353,525.768253,219.046099,0.0,0.0,0.0,6991.52,0.0,27485.182817,0.027099
2035-01-13,17,1051.747337,777.948709,273.798628,0.0,0.0,0.0,5765.42,0.0,28785.776387,0.036537
2035-01-13,18,1063.781174,746.128709,317.652465,0.0,0.0,0.0,4554.28,0.0,29726.603091,0.035785
2035-01-13,19,1026.600981,675.128709,351.472272,0.0,0.0,0.0,3328.6,0.0,29865.505857,0.034374
2035-01-13,20,1031.359806,675.128709,356.231097,0.0,0.0,0.0,3103.41,0.0,29838.567677,0.034565
2035-01-13,21,1020.525064,675.128709,345.396355,0.0,0.0,0.0,2894.38,0.0,29413.971448,0.034695
2035-01-13,22,977.450942,645.498481,331.952461,0.0,0.0,0.0,2669.06,0.0,28569.46391,0.034213
2035-01-13,23,706.78108,373.528937,333.252144,0.0,0.0,0.0,2601.26,0.0,27859.442532,0.02537
2035-01-14,0,735.307779,415.428937,319.878843,0.0,0.0,0.0,2513.48,0.0,27327.904799,0.026907
2035-01-14,1,508.167842,190.548709,317.619133,0.0,0.0,0.0,2538.92,0.0,27070.876738,0.018772
2035-01-14,2,509.015123,190.548709,318.466414,0.0,0.0,0.0,2428.79,0.0,26984.875554,0.018863
2035-01-14,3,512.074012,190.548709,321.525303,0.0,0.0,0.0,2438.29,0.0,27139.0513,0.018869
2035-01-14,4,986.172637,654.7162,331.456437,0.0,0.0,0.0,2437.77,0.0,27712.877379,0.035585
2035-01-14,5,1036.149096,680.005973,356.143123,0.0,0.0,0.0,2191.78,0.0,28905.097093,0.035847
2035-01-14,6,1135.737333,755.447112,380.290221,0.0,0.0,0.0,1997.45,0.0,30133.651584,0.03769
2035-01-14,7,1049.431124,661.447112,387.984012,0.0,0.0,0.0,1876.01,0.0,30449.346808,0.034465
2035-01-14,8,1111.400825,726.978252,384.422573,0.0,0.0,0.0,1778.7,0.0,30253.882305,0.036736
2035-01-14,9,1048.38537,674.978252,373.407118,0.0,0.0,0.0,1912.97,0.0,30032.379434,0.034909
2035-01-14,10,927.75737,595.328481,332.428889,0.0,0.0,0.0,3343.92,0.0,29419.155534,0.031536
2035-01-14,11,541.391334,226.918708,314.472626,0.0,0.0,0.0,4089.12,0.0,28749.049005,0.018832
2035-01-14,12,445.647559,176.417796,269.229762,0.0,0.0,0.0,5154.84,0.0,27863.363419,0.015994
2035-01-14,13,410.650489,176.417796,234.232693,0.0,0.0,0.0,6030.52,0.0,27206.825092,0.015094
2035-01-14,14,404.790574,176.417796,228.372777,0.0,0.0,0.0,5942.14,0.0,26864.56323,0.015068
2035-01-14,15,414.732232,176.417796,238.314436,0.0,0.0,0.0,5551.88,0.0,26919.041084,0.015407
2035-01-14,16,494.338401,221.627796,272.710604,0.0,0.0,0.0,4939.07,0.0,27909.869274,0.017712
2035-01-14,17,1123.076841,790.306428,332.770414,0.0,0.0,0.0,3853.31,0.0,29517.243608,0.038048
2035-01-14,18,1038.913947,664.246199,374.667748,0.0,0.0,0.0,2804.11,0.0,30494.92961,0.034068
2035-01-14,19,961.343482,565.246199,396.097283,0.0,0.0,0.0,1887.26,0.0,30549.267828,0.031469
2035-01-14,20,957.677254,565.246199,392.431055,0.0,0.0,0.0,1873.98,0.0,30421.939467,0.03148
2035-01-14,21,917.564377,546.006658,371.557719,0.0,0.0,0.0,2134.63,0.0,29872.911176,0.030716
2035-01-14,22,845.748823,505.907796,339.841026,0.0,0.0,0.0,2505.46,0.0,28855.532734,0.02931
2035-01-14,23,600.12468,269.929165,330.195515,0.0,0.0,0.0,2705.52,0.0,28128.806883,0.021335
2035-01-15,0,569.992413,254.639165,315.353248,0.0,0.0,0.0,2960.26,0.0,27680.66613,0.020592
2035-01-15,1,550.652582,252.808481,297.844101,0.0,0.0,0.0,3184.74,0.0,27332.804678,0.020146
2035-01-15,2,529.029785,223.868253,305.161531,0.0,0.0,0.0,2744.37,0.0,27138.823509,0.019493
2035-01-15,3,538.493797,223.868253,314.625543,0.0,0.0,0.0,2349.17,0.0,27115.370756,0.019859
2035-01-15,4,600.177882,270.908025,329.269857,0.0,0.0,0.0,2002.14,0.0,27376.081727,0.021923
2035-01-15,5,867.048561,516.96757,350.080992,0.0,0.0,0.0,2022.36,0.0,28380.727953,0.030551
2035-01-15,6,915.447631,542.546431,372.9012,0.0,0.0,0.0,2084.17,0.0,29506.543673,0.031025
2035-01-15,7,849.265394,471.546431,377.718963,0.0,0.0,0.0,2154.37,0.0,29775.301182,0.028522
2035-01-15,8,836.89737,471.546431,365.350938,0.0,0.0,0.0,2089.73,0.0,29248.044491,0.028614
2035-01-15,9,787.382976,435.456204,351.926772,0.0,0.0,0.0,2311.41,0.0,28727.913515,0.027408
2035-01-15,10,725.390653,413.606204,311.784449,0.0,0.0,0.0,3847.18,0.0,28589.808485,0.025372
2035-01-15,11,453.11977,173.846659,279.273111,0.0,0.0,0.0,5087.86,0.0,28131.317296,0.016107
2035-01-15,12,377.652181,148.806887,228.845294,0.0,0.0,0.0,6690.82,0.0,27556.125256,0.013705
2035-01-15,13,320.585423,148.806887,171.778536,0.0,0.0,0.0,8937.44,0.0,27286.655323,0.011749
2035-01-15,14,334.550174,148.806887,185.743286,0.0,0.0,0.0,8216.39,0.0,27185.654831,0.012306
2035-01-15,15,357.966932,148.806887,209.160045,0.0,0.0,0.0,7374.59,0.0,27381.324201,0.013073
2035-01-15,16,497.731223,261.617799,236.113424,0.0,0.0,0.0,6696.18,0.0,28017.70963,0.017765
2035-01-15,17,615.33933,317.918026,297.421304,0.0,0.0,0.0,4759.15,0.0,28745.457218,0.021406
2035-01-15,18,739.013827,398.708254,340.305573,0.0,0.0,0.0,3239.12,0.0,29139.186333,0.025362
2035-01-15,19,690.773344,317.708254,373.06509,0.0,0.0,0.0,1742.06,0.0,29081.334369,0.023753
2035-01-15,20,659.325776,317.708254,341.617522,0.0,0.0,0.0,2595.78,0.0,28763.088727,0.022923
2035-01-15,21,583.973506,292.529849,291.443657,0.0,0.0,0.0,4222.6,0.0,28049.582812,0.020819
2035-01-15,22,480.115399,242.718938,237.396462,0.0,0.0,0.0,5760.07,0.0,27079.37518,0.01773
2035-01-15,23,649.167547,442.478254,206.689293,0.0,0.0,0.0,6190.83,0.0,26132.723646,0.024841
2035-01-16,0,570.762725,388.478254,182.28447,0.0,0.0,0.0,6629.48,0.0,25489.889875,0.022392
2035-01-16,1,534.684164,366.628254,168.05591,0.0,0.0,0.0,7110.88,0.0,25262.384489,0.021165
2035-01-16,2,543.916303,366.628254,177.288049,0.0,0.0,0.0,6601.25,0.0,25170.044627,0.02161
2035-01-16,3,565.102571,366.628254,198.474317,0.0,0.0,0.0,6245.78,0.0,25467.957843,0.022189
2035-01-16,4,585.565594,366.628254,218.93734,0.0,0.0,0.0,5912.54,0.0,26028.067138,0.022497
2035-01-16,5,652.345422,413.668026,238.677395,0.0,0.0,0.0,5954.7,0.0,27042.697847,0.024123
2035-01-16,6,657.82923,391.668026,266.161204,0.0,0.0,0.0,5942.37,0.0,28072.375269,0.023433
2035-01-16,7,662.443643,391.668026,270.775617,0.0,0.0,0.0,5836.1,0.0,28240.767373,0.023457
2035-01-16,8,658.20095,391.668026,266.532924,0.0,0.0,0.0,5571.33,0.0,27908.873042,0.023584
2035-01-16,9,644.596107,391.668026,252.928081,0.0,0.0,0.0,5782.98,0.0,27517.214677,0.023425
2035-01-16,10,348.052165,134.048938,214.003227,0.0,0.0,0.0,7227.09,0.0,26951.973005,0.012914
2035-01-16,11,237.56949,55.698938,181.870551,0.0,0.0,0.0,7973.03,0.0,26360.456032,0.009012
2035-01-16,12,183.097944,34.038938,149.059005,0.0,0.0,0.0,8950.56,0.0,25819.284416,0.007092
2035-01-16,13,137.414096,34.038938,103.375158,0.0,0.0,0.0,10421.75,0.0,25277.272153,0.005436
2035-01-16,14,123.674487,34.038938,89.635548,0.0,0.0,0.0,10462.75,0.0,24714.41992,0.005004
2035-01-16,15,125.060538,34.038938,91.0216,0.0,0.0,0.0,10333.76,0.0,24647.387424,0.005074
2035-01-16,16,188.492564,85.698938,102.793625,0.0,0.0,0.0,10301.37,0.0,25207.479353,0.007478
2035-01-16,17,205.693493,37.698938,167.994555,0.0,0.0,0.0,8216.89,0.0,25983.28871,0.007916
2035-01-16,18,355.198351,117.548938,237.649412,0.0,0.0,0.0,5573.39,0.0,26398.923729,0.013455
2035-01-16,19,359.107575,59.548938,299.558637,0.0,0.0,0.0,3046.14,0.0,26290.940378,0.013659
2035-01-16,20,321.035367,59.548938,261.486429,0.0,0.0,0.0,3973.33,0.0,25877.978721,0.012406
2035-01-16,21,269.492396,59.548938,209.943458,0.0,0.0,0.0,5472.08,0.0,25170.790656,0.010707
2035-01-16,22,218.716849,55.888938,162.827911,0.0,0.0,0.0,6519.79,0.0,24061.975227,0.00909
2035-01-16,23,191.935329,55.888938,136.046391,0.0,0.0,0.0,6630.91,0.0,22986.482867,0.00835
2035-01-17,0,159.310899,42.598941,116.711959,0.0,0.0,0.0,6738.48,0.0,22126.89957,0.0072
2035-01-17,1,114.361572,6.528941,107.832631,0.0,0.0,0.0,6886.2,0.0,21679.148701,0.005275
2035-01-17,2,127.959038,6.528941,121.430097,0.0,0.0,0.0,6007.63,0.0,21389.9006,0.005982
2035-01-17,3,138.089074,6.528941,131.560133,0.0,0.0,0.0,5627.53,0.0,21459.602728,0.006435
2035-01-17,4,149.497663,6.528941,142.968723,0.0,0.0,0.0,5483.02,0.0,21810.653984,0.006854
2035-01-17,5,168.724284,6.528941,162.195343,0.0,0.0,0.0,5446.09,0.0,22642.449141,0.007452
2035-01-17,6,187.634727,6.528941,181.105786,0.0,0.0,0.0,5452.14,0.0,23498.571936,0.007985
2035-01-17,7,189.473341,6.528941,182.9444,0.0,0.0,0.0,5582.67,0.0,23714.570887,0.00799
2035-01-17,8,217.361933,6.528941,210.832992,0.0,0.0,0.0,4189.13,0.0,23434.517635,0.009275
2035-01-17,9,223.386057,6.528941,216.857116,0.0,0.0,0.0,3485.39,0.0,22923.938548,0.009745
2035-01-17,10,191.33587,6.528941,184.806929,0.0,0.0,0.0,4172.6,0.0,22287.531862,0.008585
2035-01-17,11,176.962986,6.528941,170.434046,0.0,0.0,0.0,4321.77,0.0,21829.444816,0.008107
2035-01-17,12,144.957096,6.528941,138.428155,0.0,0.0,0.0,5269.97,0.0,21379.216726,0.00678
2035-01-17,13,107.087756,6.528941,100.558815,0.0,0.0,0.0,6871.87,0.0,21313.871806,0.005024
2035-01-17,14,122.588329,6.528941,116.059388,0.0,0.0,0.0,6124.77,0.0,21249.707506,0.005769
2035-01-17,15,144.954378,6.528941,138.425438,0.0,0.0,0.0,5374.07,0.0,21487.646475,0.006746
2035-01-17,16,207.081566,39.738941,167.342625,0.0,0.0,0.0,4503.37,0.0,21941.480752,0.009438
2035-01-17,17,219.825942,10.738941,209.087001,0.0,0.0,0.0,3151.96,0.0,22275.314031,0.009869
2035-01-17,18,254.446077,10.738941,243.707136,0.0,0.0,0.0,2303.29,0.0,22719.578967,0.011199
2035-01-17,19,265.032279,10.738941,254.293338,0.0,0.0,0.0,2041.31,0.0,22866.25523,0.011591
2035-01-17,20,248.827305,10.738941,238.088365,0.0,0.0,0.0,2604.18,0.0,22883.774417,0.010874
2035-01-17,21,216.834179,10.738941,206.095238,0.0,0.0,0.0,3720.58,0.0,22829.535867,0.009498
2035-01-17,22,167.525803,3.919169,163.606634,0.0,0.0,0.0,5343.1,0.0,22479.562988,0.007452
2035-01-17,23,153.36083,3.919169,149.441661,0.0,0.0,0.0,5335.26,0.0,21860.306006,0.007015
2035-01-18,0,134.748945,3.919169,130.829776,0.0,0.0,0.0,5880.08,0.0,21592.932865,0.00624
2035-01-18,1,114.6737,2.368485,112.305215,0.0,0.0,0.0,6751.68,0.0,21606.017885,0.005307
2035-01-18,2,106.027415,2.368485,103.65893,0.0,0.0,0.0,7087.32,0.0,21565.271294,0.004917
2035-01-18,3,98.188997,2.368485,95.820512,0.0,0.0,0.0,7685.61,0.0,21832.504339,0.004497
2035-01-18,4,512.046919,420.667573,91.379346,0.0,0.0,0.0,8047.57,0.0,22367.672384,0.022892
2035-01-18,5,400.132185,322.598029,77.534156,0.0,0.0,0.0,9497.4,0.0,23216.7474,0.017235
2035-01-18,6,387.947917,288.888485,99.059432,0.0,0.0,0.0,10790.62,0.0,24132.652597,0.016076
2035-01-18,7,375.160019,288.888485,86.271533,0.0,0.0,0.0,11353.17,0.0,24427.782698,0.015358
2035-01-18,8,387.123772,288.888485,98.235286,0.0,0.0,0.0,10534.52,0.0,24258.802268,0.015958
2035-01-18,9,398.727398,288.888485,109.838913,0.0,0.0,0.0,9517.07,0.0,23738.158017,0.016797
2035-01-18,10,94.041418,6.589397,87.45202,0.0,0.0,0.0,10241.79,0.0,23101.90391,0.004071
2035-01-18,11,76.496365,1.428941,75.067424,0.0,0.0,0.0,10374.92,0.0,22628.646337,0.003381
2035-01-18,12,49.117562,1.428941,47.688621,0.0,0.0,0.0,11239.78,0.0,22235.816464,0.002209
2035-01-18,13,16.548819,1.428941,15.119878,0.0,0.0,0.0,12752.43,0.0,22112.653685,0.000748
2035-01-18,14,14.407244,1.428941,12.978302,0.0,0.0,0.0,12950.88,0.0,22020.865833,0.000654
2035-01-18,15,14.750265,2.428941,12.321324,0.0,0.0,0.0,12665.65,0.0,21944.195688,0.000672
2035-01-18,16,20.214122,1.428941,18.785181,0.0,0.0,0.0,12404.25,0.0,22001.696295,0.000919
2035-01-18,17,38.707175,3.428941,35.278234,0.0,0.0,0.0,10896.75,0.0,22161.841929,0.001747
2035-01-18,18,66.402235,1.428941,64.973294,0.0,0.0,0.0,9834.57,0.0,22440.997757,0.002959
2035-01-18,19,106.216809,1.428941,104.787868,0.0,0.0,0.0,8187.85,0.0,22248.470684,0.004774
2035-01-18,20,154.257683,94.088941,60.168741,0.0,0.0,0.0,9840.24,0.0,22038.465223,0.006999
2035-01-18,21,76.32219,22.088941,54.233249,0.0,0.0,0.0,12195.16,0.0,21707.266539,0.003516
2035-01-18,22,163.899362,133.568941,30.330421,0.0,0.0,0.0,13409.09,0.0,21377.963638,0.007667
2035-01-18,23,474.565612,434.708712,39.8569,0.0,0.0,0.0,14090.72,0.0,20716.450173,0.022908
2035-01-19,0,1015.755229,985.768486,29.986744,0.0,0.0,0.0,14058.89,0.0,20111.156889,0.050507
2035-01-19,1,933.782093,890.768486,43.013608,0.0,0.0,0.0,13190.41,0.0,19902.972609,0.046917
2035-01-19,2,925.638321,890.768486,34.869835,0.0,0.0,0.0,12929.58,0.0,19972.43122,0.046346
2035-01-19,3,1982.334106,1935.51803,46.816076,0.0,0.0,0.0,12628.24,0.0,20538.077965,0.09652
2035-01-19,4,1253.644817,1058.51803,195.126787,0.0,0.0,0.0,5728.28,0.0,21314.417447,0.058817
2035-01-19,5,1140.884931,1064.51803,76.366901,0.0,0.0,0.0,9872.42,0.0,22381.197145,0.050975
2035-01-19,6,590.017456,473.618484,116.398971,0.0,0.0,0.0,9143.55,0.0,23305.569834,0.025317
2035-01-19,7,593.571842,477.618484,115.953358,0.0,0.0,0.0,8950.87,0.0,24349.892596,0.024377
2035-01-19,8,607.887761,473.618484,134.269277,0.0,0.0,0.0,8349.71,0.0,25283.472363,0.024043
2035-01-19,9,514.375223,338.309621,176.065602,0.0,0.0,0.0,7878.82,0.0,25989.521583,0.019792
2035-01-19,10,581.621888,390.249849,191.372039,0.0,0.0,0.0,7511.89,0.0,26385.261451,0.022043
2035-01-19,11,363.196787,153.190305,210.006482,0.0,0.0,0.0,7129.82,0.0,26489.578215,0.013711
2035-01-19,12,349.900066,153.190305,196.709761,0.0,0.0,0.0,7279.71,0.0,26199.549788,0.013355
2035-01-19,13,325.441977,153.190305,172.251672,0.0,0.0,0.0,8081.42,0.0,25918.689107,0.012556
2035-01-19,14,325.442319,153.190305,172.252014,0.0,0.0,0.0,7982.71,0.0,25820.205204,0.012604
2035-01-19,15,363.307881,189.280533,174.027348,0.0,0.0,0.0,8032.49,0.0,25954.623378,0.013998
2035-01-19,16,339.927199,155.280533,184.646667,0.0,0.0,0.0,8084.6,0.0,26429.126465,0.012862
2035-01-19,17,590.204179,413.16076,177.043418,0.0,0.0,0.0,8654.1,0.0,27063.644233,0.021808
2035-01-19,18,576.552016,342.05076,234.501256,0.0,0.0,0.0,7152.13,0.0,27826.389078,0.02072
2035-01-19,19,630.004804,337.05076,292.954044,0.0,0.0,0.0,4715.65,0.0,27787.70791,0.022672
2035-01-19,20,612.842491,337.05076,275.79173,0.0,0.0,0.0,5239.06,0.0,27678.840894,0.022141
2035-01-19,21,573.459128,334.960533,238.498595,0.0,0.0,0.0,6331.89,0.0,27479.577402,0.020869
2035-01-19,22,526.676853,297.979393,228.69746,0.0,0.0,0.0,6694.58,0.0,27251.351271,0.019327
2035-01-19,23,562.59593,297.979393,264.616538,0.0,0.0,0.0,5327.99,0.0,27041.513497,0.020805
2035-01-20,0,986.238813,715.188482,271.050332,0.0,0.0,0.0,4284.48,0.0,26908.060284,0.036652
2035-01-20,1,736.077226,454.518482,281.558744,0.0,0.0,0.0,3669.05,0.0,27028.779396,0.027233
2035-01-20,2,824.634799,529.697798,294.937,0.0,0.0,0.0,3340.07,0.0,27094.924521,0.030435
2035-01-20,3,772.487102,475.697798,296.789304,0.0,0.0,0.0,3302.43,0.0,27422.854832,0.028169
2035-01-20,4,938.800683,640.168709,298.631973,0.0,0.0,0.0,3643.27,0.0,27917.094413,0.033628
2035-01-20,5,866.998822,529.168709,337.830113,0.0,0.0,0.0,2423.29,0.0,28278.8687,0.030659
2035-01-20,6,1026.101148,670.319165,355.781982,0.0,0.0,0.0,1881.14,0.0,28587.090309,0.035894
2035-01-20,7,928.842693,564.319165,364.523527,0.0,0.0,0.0,1935.96,0.0,29088.237336,0.031932
2035-01-20,8,915.355087,560.989165,354.365922,0.0,0.0,0.0,1936.75,0.0,28674.500426,0.031922
2035-01-20,9,887.000254,535.949393,351.050861,0.0,0.0,0.0,2112.96,0.0,28669.389059,0.030939
2035-01-20,10,795.162252,499.859166,295.303087,0.0,0.0,0.0,3026.34,0.0,27223.459499,0.029209
2035-01-20,11,413.245409,134.519166,278.726242,0.0,0.0,0.0,3546.15,0.0,26199.290149,0.015773
2035-01-20,12,309.386906,83.728938,225.657968,0.0,0.0,0.0,4586.02,0.0,24980.523387,0.012385
2035-01-20,13,232.698074,83.728938,148.969135,0.0,0.0,0.0,7078.48,0.0,24140.853005,0.009639
2035-01-20,14,221.323633,83.728938,137.594694,0.0,0.0,0.0,7049.18,0.0,23602.043773,0.009377
2035-01-20,15,215.35017,83.728938,131.621232,0.0,0.0,0.0,7289.27,0.0,23577.368017,0.009134
2035-01-20,16,206.931427,83.728938,123.202488,0.0,0.0,0.0,8084.47,0.0,24003.710803,0.008621
2035-01-20,17,452.024068,254.389167,197.634901,0.0,0.0,0.0,5787.79,0.0,25063.452078,0.018035
2035-01-20,18,494.091076,223.479395,270.611681,0.0,0.0,0.0,3867.03,0.0,26329.401012,0.018766
2035-01-20,19,579.874149,254.038939,325.83521,0.0,0.0,0.0,2166.71,0.0,26928.533431,0.021534
2035-01-20,20,570.785137,280.979167,289.805971,0.0,0.0,0.0,3505.6,0.0,27139.140695,0.021032
2035-01-20,21,505.011983,257.979167,247.032817,0.0,0.0,0.0,6251.28,0.0,27443.14536,0.018402
2035-01-20,22,1016.241027,847.579167,168.661861,0.0,0.0,0.0,9006.08,0.0,27252.475724,0.03729
2035-01-20,23,866.400009,723.45871,142.941299,0.0,0.0,0.0,10050.16,0.0,26971.497383,0.032123
2035-01-21,0,817.553107,686.678482,130.874625,0.0,0.0,0.0,10857.78,0.0,26827.64225,0.030474
2035-01-21,1,809.758863,686.678482,123.080381,0.0,0.0,0.0,11185.22,0.0,26810.656577,0.030203
2035-01-21,2,787.64228,657.738254,129.904026,0.0,0.0,0.0,11164.9,0.0,27038.673634,0.02913
2035-01-21,3,795.306384,657.738254,137.56813,0.0,0.0,0.0,11284.75,0.0,27510.092421,0.02891
2035-01-21,4,822.021338,657.738254,164.283084,0.0,0.0,0.0,10909.32,0.0,28311.313271,0.029035
2035-01-21,5,1098.61198,924.569166,174.042815,0.0,0.0,0.0,11753.6,0.0,29479.008634,0.037268
2035-01-21,6,1057.047924,871.569166,185.478758,0.0,0.0,0.0,12040.07,0.0,30743.344298,0.034383
2035-01-21,7,1075.002859,870.569166,204.433693,0.0,0.0,0.0,11833.71,0.0,31372.599435,0.034266
2035-01-21,8,1077.32576,871.569166,205.756594,0.0,0.0,0.0,10748.53,0.0,30636.643439,0.035165
2035-01-21,9,1070.94324,870.569166,200.374074,0.0,0.0,0.0,9460.05,0.0,29093.071876,0.036811
2035-01-21,10,513.347146,329.559166,183.787981,0.0,0.0,0.0,9317.23,0.0,27683.757337,0.018543
2035-01-21,11,282.011723,116.499621,165.512102,0.0,0.0,0.0,8577.34,0.0,26231.943392,0.010751
2035-01-21,12,162.475414,18.000078,144.475337,0.0,0.0,0.0,8588.23,0.0,24996.627725,0.0065
2035-01-21,13,111.012864,18.000078,93.012786,0.0,0.0,0.0,10087.11,0.0,24226.46167,0.004582
2035-01-21,14,95.620968,18.000078,77.62089,0.0,0.0,0.0,10097.45,0.0,23557.605939,0.004059
2035-01-21,15,88.436381,18.000078,70.436303,0.0,0.0,0.0,10261.26,0.0,23405.301984,0.003778
2035-01-21,16,91.087165,18.000078,73.087088,0.0,0.0,0.0,10464.64,0.0,23724.100883,0.003839
2035-01-21,17,130.362246,18.000078,112.362168,0.0,0.0,0.0,9414.01,0.0,24351.267354,0.005353
2035-01-21,18,166.415311,18.000078,148.415233,0.0,0.0,0.0,8969.33,0.0,25476.950713,0.006532
2035-01-21,19,188.54713,18.000078,170.547052,0.0,0.0,0.0,8337.8,0.0,25822.585639,0.007302
2035-01-21,20,492.690142,378.229394,114.460748,0.0,0.0,0.0,10416.7,0.0,25752.056644,0.019132
2035-01-21,21,271.385009,141.229394,130.155615,0.0,0.0,0.0,13103.4,0.0,25416.057403,0.010678
2035-01-21,22,221.388499,141.229394,80.159106,0.0,0.0,0.0,14389.22,0.0,24597.088308,0.009001
2035-01-21,23,464.524711,406.449166,58.075545,0.0,0.0,0.0,14489.1,0.0,23697.515839,0.019602
2035-01-22,0,398.529986,352.449166,46.080821,0.0,0.0,0.0,14410.39,0.0,23010.56701,0.017319
2035-01-22,1,391.910831,352.449166,39.461665,0.0,0.0,0.0,14169.06,0.0,22630.062421,0.017318
2035-01-22,2,388.274391,347.549166,40.725225,0.0,0.0,0.0,14077.22,0.0,22425.232959,0.017314
2035-01-22,3,389.017151,347.549166,41.467985,0.0,0.0,0.0,13917.46,0.0,22429.145488,0.017344
2035-01-22,4,404.591741,348.549166,56.042575,0.0,0.0,0.0,13442.45,0.0,22783.624592,0.017758
2035-01-22,5,216.229699,142.899622,73.330077,0.0,0.0,0.0,13399.22,0.0,23663.679111,0.009138
2035-01-22,6,243.832136,134.899622,108.932514,0.0,0.0,0.0,13226.18,0.0,24944.876021,0.009775
2035-01-22,7,225.430787,139.899622,85.531165,0.0,0.0,0.0,12630.22,0.0,25089.407784,0.008985
2035-01-22,8,141.128728,70.300306,70.828423,0.0,0.0,0.0,11496.99,0.0,24398.517699,0.005784
2035-01-22,9,101.391389,19.909393,81.481996,0.0,0.0,0.0,10158.89,0.0,23698.73682,0.004278
2035-01-22,10,69.524807,7.909393,61.615413,0.0,0.0,0.0,10598.0,0.0,23260.084169,0.002989
2035-01-22,11,76.651525,6.499393,70.152132,0.0,0.0,0.0,9763.13,0.0,22777.207525,0.003365
2035-01-22,12,50.263342,6.499393,43.763949,0.0,0.0,0.0,10583.82,0.0,22433.62861,0.002241
2035-01-22,13,18.761684,6.499393,12.262291,0.0,0.0,0.0,12329.33,0.0,22299.894507,0.000841
2035-01-22,14,25.21623,6.499393,18.716837,0.0,0.0,0.0,11662.92,0.0,22349.73126,0.001128
2035-01-22,15,35.198871,6.499393,28.699477,0.0,0.0,0.0,11465.0,0.0,22660.759173,0.001553
2035-01-22,16,54.002857,6.499393,47.503464,0.0,0.0,0.0,11255.89,0.0,23280.242604,0.00232
2035-01-22,17,108.478502,6.499393,101.979109,0.0,0.0,0.0,9645.93,0.0,24020.216229,0.004516
2035-01-22,18,148.566904,6.499393,142.06751,0.0,0.0,0.0,8518.84,0.0,24634.013914,0.006031
2035-01-22,19,225.50378,44.659849,180.84393,0.0,0.0,0.0,7075.59,0.0,24947.826281,0.009039
2035-01-22,20,576.808778,454.059393,122.749384,0.0,0.0,0.0,9340.81,0.0,25016.087464,0.023058
2035-01-22,21,352.33738,271.059393,81.277987,0.0,0.0,0.0,12666.56,0.0,25059.804367,0.01406
2035-01-22,22,416.810919,338.909394,77.901526,0.0,0.0,0.0,13692.58,0.0,24922.741972,0.016724
2035-01-22,23,410.160504,313.909394,96.25111,0.0,0.0,0.0,13080.28,0.0,24633.324859,0.016651
2035-01-23,0,492.540335,390.428483,102.111852,0.0,0.0,0.0,12784.7,0.0,24746.55419,0.019903
2035-01-23,1,716.456855,523.788482,192.668372,0.0,0.0,0.0,8689.13,0.0,25100.008778,0.028544
2035-01-23,2,595.042955,405.828255,189.214701,0.0,0.0,0.0,9263.62,0.0,25536.557145,0.023302
2035-01-23,3,1183.928398,974.838255,209.090143,0.0,0.0,0.0,8782.59,0.0,26482.352249,0.044706
2035-01-23,4,1161.00432,924.838255,236.166065,0.0,0.0,0.0,8836.34,0.0,27687.701085,0.041932
2035-01-23,5,956.290836,723.188711,233.102125,0.0,0.0,0.0,9372.92,0.0,29088.52324,0.032875
2035-01-23,6,993.056053,726.898254,266.157799,0.0,0.0,0.0,8454.53,0.0,30436.845694,0.032627
2035-01-23,7,995.69793,714.898254,280.799676,0.0,0.0,0.0,7756.55,0.0,31164.023092,0.03195
2035-01-23,8,985.988575,687.858482,298.130093,0.0,0.0,0.0,6752.92,0.0,30887.116187,0.031922
2035-01-23,9,968.245364,687.858482,280.386882,0.0,0.0,0.0,6473.77,0.0,29857.307278,0.032429
2035-01-23,10,412.273686,146.848482,265.425204,0.0,0.0,0.0,6753.29,0.0,28725.450938,0.014352
2035-01-23,11,341.431211,117.908254,223.522957,0.0,0.0,0.0,7267.51,0.0,27607.219465,0.012367
2035-01-23,12,246.025649,74.34871,171.676939,0.0,0.0,0.0,8559.84,0.0,26504.778411,0.009282
2035-01-23,13,194.667814,74.34871,120.319104,0.0,0.0,0.0,10108.13,0.0,25796.038679,0.007546
2035-01-23,14,183.445396,74.34871,109.096686,0.0,0.0,0.0,9961.68,0.0,25151.783447,0.007294
2035-01-23,15,175.457456,74.34871,101.108746,0.0,0.0,0.0,9888.8,0.0,24727.510791,0.007096
2035-01-23,16,190.504527,74.34871,116.155817,0.0,0.0,0.0,9531.22,0.0,25044.098087,0.007607
2035-01-23,17,256.180303,74.34871,181.831593,0.0,0.0,0.0,7380.0,0.0,25732.27985,0.009956
2035-01-23,18,897.840848,631.609849,266.230999,0.0,0.0,0.0,4846.48,0.0,27135.21475,0.033088
2035-01-23,19,815.025288,478.549392,336.475896,0.0,0.0,0.0,2514.02,0.0,28131.559057,0.028972
2035-01-23,20,754.408956,397.108935,357.300021,0.0,0.0,0.0,1960.15,0.0,28740.794895,0.026249
2035-01-23,21,733.378553,372.108935,361.269618,0.0,0.0,0.0,2028.04,0.0,29109.553766,0.025194
2035-01-23,22,715.953401,372.108935,343.844466,0.0,0.0,0.0,2731.59,0.0,29095.234554,0.024607
2035-01-23,23,697.507967,372.108935,325.399031,0.0,0.0,0.0,3005.48,0.0,28730.048256,0.024278
2035-01-24,0,932.860794,628.989163,303.871631,0.0,0.0,0.0,3707.04,0.0,28623.472119,0.032591
2035-01-24,1,833.706497,551.989163,281.717334,0.0,0.0,0.0,4921.33,0.0,28872.633632,0.028875
2035-01-24,2,849.447375,551.989163,297.458212,0.0,0.0,0.0,4463.77,0.0,29112.205683,0.029178
2035-01-24,3,868.930462,551.989163,316.941299,0.0,0.0,0.0,4141.53,0.0,29653.296329,0.029303
2035-01-24,4,1263.265952,923.758935,339.507017,0.0,0.0,0.0,3772.05,0.0,30427.039741,0.041518
2035-01-24,5,1161.590294,786.758935,374.831359,0.0,0.0,0.0,3535.64,0.0,31678.752444,0.036668
2035-01-24,6,1177.800805,786.758935,391.04187,0.0,0.0,0.0,3227.26,0.0,32145.930746,0.036639
2035-01-24,7,1138.052759,754.548935,383.503824,0.0,0.0,0.0,2956.93,0.0,31520.703087,0.036105
2035-01-24,8,874.601859,495.917568,378.684291,0.0,0.0,0.0,2584.58,0.0,30340.642203,0.028826
2035-01-24,9,793.476037,476.518253,316.957784,0.0,0.0,0.0,2680.79,0.0,27988.544907,0.02835
2035-01-24,10,376.896445,122.769165,254.12728,0.0,0.0,0.0,4155.14,0.0,26070.319063,0.014457
2035-01-24,11,261.068455,29.979622,231.088833,0.0,0.0,0.0,4216.7,0.0,24513.647274,0.01065
2035-01-24,12,195.581784,26.319622,169.262162,0.0,0.0,0.0,5599.83,0.0,23291.333552,0.008397
2035-01-24,13,123.434849,26.319622,97.115226,0.0,0.0,0.0,8144.83,0.0,22653.888987,0.005449
2035-01-24,14,113.286232,26.319622,86.96661,0.0,0.0,0.0,8122.21,0.0,22173.966356,0.005109
2035-01-24,15,101.743532,26.319622,75.42391,0.0,0.0,0.0,8587.12,0.0,22124.231846,0.004599
2035-01-24,16,87.073011,26.319622,60.753389,0.0,0.0,0.0,9620.26,0.0,22502.933162,0.003869
2035-01-24,17,149.526797,26.319622,123.207175,0.0,0.0,0.0,7478.9,0.0,23062.789116,0.006483
2035-01-24,18,206.050565,26.319622,179.730943,0.0,0.0,0.0,5973.97,0.0,24032.538375,0.008574
2035-01-24,19,341.26555,107.999622,233.265928,0.0,0.0,0.0,4489.74,0.0,24690.18427,0.013822
2035-01-24,20,388.246617,143.659622,244.586995,0.0,0.0,0.0,4749.77,0.0,25167.261737,0.015427
2035-01-24,21,303.407318,71.659622,231.747696,0.0,0.0,0.0,5322.0,0.0,25271.617862,0.012006
2035-01-24,22,301.503942,71.659622,229.84432,0.0,0.0,0.0,5255.6,0.0,25276.480052,0.011928
2035-01-24,23,745.66476,530.228938,215.435822,0.0,0.0,0.0,5017.33,0.0,24981.20623,0.029849
2035-01-25,0,590.1922,367.538938,222.653262,0.0,0.0,0.0,4847.4,0.0,25137.270665,0.023479
2035-01-25,1,601.369877,367.538938,233.830939,0.0,0.0,0.0,4798.11,0.0,25579.605021,0.02351
2035-01-25,2,613.335686,367.538938,245.796748,0.0,0.0,0.0,4744.62,0.0,26039.260035,0.023554
2035-01-25,3,628.752502,367.538938,261.213564,0.0,0.0,0.0,4874.74,0.0,26735.827763,0.023517
2035-01-25,4,1025.365738,756.929166,268.436572,0.0,0.0,0.0,5030.1,0.0,27715.86425,0.036996
2035-01-25,5,1224.182623,891.148481,333.034142,0.0,0.0,0.0,3219.8,0.0,29019.377026,0.042185
2035-01-25,6,1061.559715,696.148481,365.411234,0.0,0.0,0.0,2672.72,0.0,29946.252968,0.035449
2035-01-25,7,1047.677112,696.148481,351.528631,0.0,0.0,0.0,3179.09,0.0,29961.364158,0.034968
2035-01-25,8,1047.999254,696.148481,351.850773,0.0,0.0,0.0,2153.66,0.0,29020.611998,0.036112
2035-01-25,9,776.930213,453.148709,323.781504,0.0,0.0,0.0,1924.56,0.0,27389.265221,0.028366
2035-01-25,10,446.610602,181.768937,264.841664,0.0,0.0,0.0,3193.5,0.0,25722.794341,0.017362
2035-01-25,11,264.733864,33.468937,231.264926,0.0,0.0,0.0,4047.33,0.0,24424.75388,0.010839
2035-01-25,12,200.969037,33.468937,167.5001,0.0,0.0,0.0,5586.61,0.0,23333.629972,0.008613
2035-01-25,13,133.582723,33.468937,100.113786,0.0,0.0,0.0,7892.65,0.0,22672.421762,0.005892
2035-01-25,14,128.894868,33.468937,95.42593,0.0,0.0,0.0,7639.96,0.0,22209.77678,0.005804
2035-01-25,15,139.054729,33.468937,105.585791,0.0,0.0,0.0,7163.72,0.0,22180.69563,0.006269
2035-01-25,16,161.018235,33.468937,127.549297,0.0,0.0,0.0,6622.61,0.0,22604.639624,0.007123
2035-01-25,17,219.768544,33.468937,186.299607,0.0,0.0,0.0,4701.14,0.0,23219.64684,0.009465
2035-01-25,18,365.857691,123.558937,242.298753,0.0,0.0,0.0,3349.19,0.0,24163.833267,0.015141
2035-01-25,19,337.993297,59.558937,278.434359,0.0,0.0,0.0,2469.09,0.0,24703.446115,0.013682
2035-01-25,20,333.595498,59.558937,274.03656,0.0,0.0,0.0,2883.82,0.0,25005.976625,0.013341
2035-01-25,21,300.744237,53.548938,247.195298,0.0,0.0,0.0,4177.23,0.0,25218.218411,0.011926
2035-01-25,22,246.781438,49.888938,196.8925,0.0,0.0,0.0,6212.98,0.0,25081.357333,0.009839
2035-01-25,23,254.527573,49.888938,204.638634,0.0,0.0,0.0,5536.51,0.0,24741.140509,0.010288
2035-01-26,0,265.950435,49.888938,216.061496,0.0,0.0,0.0,4916.62,0.0,24550.615687,0.010833
2035-01-26,1,283.622212,49.888938,233.733274,0.0,0.0,0.0,4385.75,0.0,24630.868011,0.011515
2035-01-26,2,351.441459,111.488938,239.952521,0.0,0.0,0.0,4186.25,0.0,24693.985061,0.014232
2035-01-26,3,437.859703,187.239166,250.620537,0.0,0.0,0.0,3954.37,0.0,25002.272033,0.017513
2035-01-26,4,468.512268,206.299166,262.213101,0.0,0.0,0.0,3772.4,0.0,25474.803349,0.018391
2035-01-26,5,606.414766,329.238938,277.175829,0.0,0.0,0.0,3248.47,0.0,26006.071287,0.023318
2035-01-26,6,686.497988,393.118025,293.379963,0.0,0.0,0.0,2762.29,0.0,26604.491772,0.025804
2035-01-26,7,588.93467,263.118025,325.816644,0.0,0.0,0.0,2407.62,0.0,27443.573788,0.02146
2035-01-26,8,600.790201,263.118025,337.672176,0.0,0.0,0.0,1859.95,0.0,27411.113708,0.021918
2035-01-26,9,582.578283,263.118025,319.460257,0.0,0.0,0.0,1862.22,0.0,26798.397475,0.021739
2035-01-26,10,460.39436,185.568025,274.826335,0.0,0.0,0.0,3022.59,0.0,25901.562743,0.017775
2035-01-26,11,334.807709,66.688026,268.119683,0.0,0.0,0.0,3318.28,0.0,25298.507922,0.013234
2035-01-26,12,272.758469,41.648254,231.110216,0.0,0.0,0.0,4347.97,0.0,24806.530722,0.010995
2035-01-26,13,222.859871,41.648254,181.211617,0.0,0.0,0.0,5976.26,0.0,24387.974525,0.009138
2035-01-26,14,216.035311,41.648254,174.387057,0.0,0.0,0.0,5950.18,0.0,24047.063894,0.008984
2035-01-26,15,215.006074,41.648254,173.357821,0.0,0.0,0.0,5827.24,0.0,23865.432532,0.009009
2035-01-26,16,226.226656,41.648254,184.578402,0.0,0.0,0.0,5586.57,0.0,24119.429027,0.009379
2035-01-26,17,275.53854,41.648254,233.890286,0.0,0.0,0.0,4230.66,0.0,24809.276782,0.011106
2035-01-26,18,519.21016,239.988482,279.221678,0.0,0.0,0.0,3072.87,0.0,25535.371111,0.020333
2035-01-26,19,417.878122,107.988482,309.88964,0.0,0.0,0.0,1926.97,0.0,25681.163478,0.016272
2035-01-26,20,418.137533,107.988482,310.149051,0.0,0.0,0.0,1872.66,0.0,25679.531272,0.016283
2035-01-26,21,398.316935,107.988482,290.328453,0.0,0.0,0.0,2388.62,0.0,25532.847091,0.0156
2035-01-26,22,358.877512,103.809166,255.068346,0.0,0.0,0.0,3515.16,0.0,25207.387373,0.014237
2035-01-26,23,370.267883,103.809166,266.458717,0.0,0.0,0.0,2708.1,0.0,24860.045401,0.014894
2035-01-27,0,338.930916,71.599166,267.33175,0.0,0.0,0.0,2489.21,0.0,24479.288098,0.013846
2035-01-27,1,327.669954,71.599166,256.070787,0.0,0.0,0.0,2994.88,0.0,24555.276357,0.013344
2035-01-27,2,345.778799,71.599166,274.179633,0.0,0.0,0.0,2416.13,0.0,24624.606105,0.014042
2035-01-27,3,410.518672,123.539394,286.979278,0.0,0.0,0.0,2292.29,0.0,25020.35455,0.016407
2035-01-27,4,647.173835,361.160078,286.013757,0.0,0.0,0.0,2449.76,0.0,25417.391478,0.025462
2035-01-27,5,619.961832,332.569622,287.392211,0.0,0.0,0.0,2387.89,0.0,25886.785603,0.023949
2035-01-27,6,539.406072,249.569622,289.83645,0.0,0.0,0.0,2673.72,0.0,26388.896222,0.020441
2035-01-27,7,548.896771,249.569622,299.327149,0.0,0.0,0.0,3576.85,0.0,27114.561296,0.020244
2035-01-27,8,622.590667,313.748937,308.841729,0.0,0.0,0.0,2879.54,0.0,27067.690864,0.023001
2035-01-27,9,497.50179,206.758481,290.743309,0.0,0.0,0.0,2884.61,0.0,26212.831154,0.018979
2035-01-27,10,333.405703,100.288481,233.117222,0.0,0.0,0.0,4407.5,0.0,24957.214082,0.013359
2035-01-27,11,256.789485,34.878937,221.910548,0.0,0.0,0.0,4609.14,0.0,24394.61181,0.010526
2035-01-27,12,223.683718,34.878937,188.80478,0.0,0.0,0.0,5463.55,0.0,23885.446718,0.009365
2035-01-27,13,189.39535,34.878937,154.516413,0.0,0.0,0.0,6510.56,0.0,23422.165844,0.008086
2035-01-27,14,172.94164,34.878937,138.062702,0.0,0.0,0.0,6832.46,0.0,23019.878337,0.007513
2035-01-27,15,165.479708,35.878937,129.60077,0.0,0.0,0.0,6817.62,0.0,22933.346048,0.007216
2035-01-27,16,179.986685,34.878937,145.107748,0.0,0.0,0.0,6559.69,0.0,23359.495582,0.007705
2035-01-27,17,243.694438,41.768937,201.9255,0.0,0.0,0.0,4724.86,0.0,24033.541752,0.01014
2035-01-27,18,526.727446,265.119165,261.608281,0.0,0.0,0.0,3180.91,0.0,25121.370173,0.020967
2035-01-27,19,417.387527,102.119165,315.268362,0.0,0.0,0.0,1533.84,0.0,25658.751959,0.016267
2035-01-27,20,413.591344,102.119165,311.472179,0.0,0.0,0.0,1950.39,0.0,25943.52643,0.015942
2035-01-27,21,373.520336,98.789852,274.730484,0.0,0.0,0.0,3340.48,0.0,25928.876737,0.014406
2035-01-27,22,297.336564,84.319625,213.016939,0.0,0.0,0.0,5762.9,0.0,25470.650959,0.011674
2035-01-27,23,275.87086,82.429625,193.441236,0.0,0.0,0.0,6370.9,0.0,25220.526139,0.010938
2035-01-28,0,223.378002,46.339397,177.038605,0.0,0.0,0.0,6890.57,0.0,24909.353745,0.008968
2035-01-28,1,216.659491,44.929397,171.730094,0.0,0.0,0.0,7380.08,0.0,24861.270015,0.008715
2035-01-28,2,234.138521,44.929397,189.209124,0.0,0.0,0.0,6786.19,0.0,25040.520099,0.00935
2035-01-28,3,396.516468,195.168941,201.347527,0.0,0.0,0.0,6382.78,0.0,25377.054556,0.015625
2035-01-28,4,594.390052,370.049168,224.340883,0.0,0.0,0.0,6043.67,0.0,26167.928558,0.022714
2035-01-28,5,844.149413,608.148485,236.000928,0.0,0.0,0.0,6632.8,0.0,27559.658398,0.03063
2035-01-28,6,789.575982,532.148485,257.427498,0.0,0.0,0.0,7353.68,0.0,29245.224983,0.026998
2035-01-28,7,780.230574,532.148485,248.08209,0.0,0.0,0.0,8240.94,0.0,29644.223657,0.02632
2035-01-28,8,792.250439,532.148485,260.101954,0.0,0.0,0.0,6496.47,0.0,28507.405482,0.027791
2035-01-28,9,672.590156,435.648941,236.941215,0.0,0.0,0.0,5998.79,0.0,26966.624888,0.024942
2035-01-28,10,429.706656,254.768713,174.937943,0.0,0.0,0.0,7307.01,0.0,25429.238235,0.016898
2035-01-28,11,189.644806,15.669397,173.975409,0.0,0.0,0.0,6630.82,0.0,24434.347174,0.007761
2035-01-28,12,76.18608,15.669397,60.516683,0.0,0.0,0.0,10888.31,0.0,23684.969119,0.003217
2035-01-28,13,69.021521,15.669397,53.352125,0.0,0.0,0.0,10924.14,0.0,23386.857179,0.002951
2035-01-28,14,101.335747,15.669397,85.66635,0.0,0.0,0.0,9448.72,0.0,23325.021268,0.004345
2035-01-28,15,123.659426,15.669397,107.990029,0.0,0.0,0.0,8707.35,0.0,23566.554128,0.005247
2035-01-28,16,215.277215,81.99871,133.278505,0.0,0.0,0.0,8390.0,0.0,24395.938476,0.008824
2035-01-28,17,412.532087,254.93871,157.593377,0.0,0.0,0.0,8284.07,0.0,25538.320199,0.016153
2035-01-28,18,261.240379,72.93871,188.301669,0.0,0.0,0.0,8685.65,0.0,26903.366552,0.00971
2035-01-28,19,890.35493,663.94871,226.40622,0.0,0.0,0.0,6998.59,0.0,27438.246196,0.032449
2035-01-28,20,815.697197,613.94871,201.748487,0.0,0.0,0.0,8740.96,0.0,27641.350992,0.02951
2035-01-28,21,847.852272,690.918254,156.934018,0.0,0.0,0.0,11112.97,0.0,27503.313484,0.030827
2035-01-28,22,806.112009,667.608254,138.503755,0.0,0.0,0.0,11897.06,0.0,27175.53518,0.029663
2035-01-28,23,821.852587,659.089165,162.763422,0.0,0.0,0.0,11905.53,0.0,27083.833125,0.030345
2035-01-29,0,889.548153,704.319165,185.228988,0.0,0.0,0.0,10879.33,0.0,27255.266041,0.032638
2035-01-29,1,985.206441,775.15848,210.04796,0.0,0.0,0.0,10071.0,0.0,27674.38316,0.0356
2035-01-29,2,894.98916,668.15848,226.83068,0.0,0.0,0.0,9653.19,0.0,28291.955722,0.031634
2035-01-29,3,1601.908431,1364.568021,237.34041,0.0,0.0,0.0,9442.91,0.0,29264.959131,0.054738
2035-01-29,4,1665.879078,1377.608251,288.270827,0.0,0.0,0.0,7886.94,0.0,30799.467944,0.054088
2035-01-29,5,2451.459319,2116.677112,334.782207,0.0,0.0,0.0,6831.11,0.0,33229.390901,0.073774
2035-01-29,6,2431.112165,2035.268251,395.843914,0.0,0.0,0.0,6040.03,0.0,35317.679499,0.068836
2035-01-29,7,2385.007935,1977.78734,407.220595,0.0,0.0,0.0,4883.01,0.0,35877.893948,0.066476
2035-01-29,8,2293.675847,1897.78734,395.888506,0.0,0.0,0.0,3729.23,0.0,34230.175208,0.067007
2035-01-29,9,1505.921574,1126.338711,379.582863,0.0,0.0,0.0,3703.01,0.0,32034.102168,0.04701
2035-01-29,10,1204.465863,878.38871,326.077154,0.0,0.0,0.0,4427.87,0.0,30353.071225,0.039682
2035-01-29,11,489.054974,196.958937,292.096037,0.0,0.0,0.0,4982.37,0.0,28621.562619,0.017087
2035-01-29,12,355.258236,123.848937,231.409299,0.0,0.0,0.0,6344.97,0.0,27150.033781,0.013085
2035-01-29,13,286.045448,123.848937,162.196511,0.0,0.0,0.0,8330.76,0.0,26089.75258,0.010964
2035-01-29,14,272.994667,123.848937,149.14573,0.0,0.0,0.0,8197.83,0.0,25378.099986,0.010757
2035-01-29,15,276.049076,123.848937,152.200139,0.0,0.0,0.0,8106.08,0.0,25424.274704,0.010858
2035-01-29,16,291.104483,123.848937,167.255546,0.0,0.0,0.0,8568.64,0.0,26555.991693,0.010962
2035-01-29,17,682.361567,444.799165,237.562402,0.0,0.0,0.0,7265.77,0.0,28570.506221,0.023883
2035-01-29,18,749.040708,451.629165,297.411543,0.0,0.0,0.0,6376.34,0.0,30083.263218,0.024899
2035-01-29,19,657.20665,329.629165,327.577485,0.0,0.0,0.0,5181.56,0.0,30327.69213,0.02167
2035-01-29,20,661.436509,329.629165,331.807344,0.0,0.0,0.0,4966.61,0.0,30315.861857,0.021818
2035-01-29,21,642.204989,329.629165,312.575824,0.0,0.0,0.0,5178.82,0.0,29882.679661,0.021491
2035-01-29,22,630.260453,329.629165,300.631288,0.0,0.0,0.0,4879.28,0.0,29043.69692,0.0217
2035-01-29,23,849.713497,565.478709,284.234788,0.0,0.0,0.0,4704.83,0.0,28244.012381,0.030085
2035-01-30,0,754.325685,470.488709,283.836976,0.0,0.0,0.0,4471.42,0.0,27877.930404,0.027058
2035-01-30,1,756.155524,467.158709,288.996815,0.0,0.0,0.0,4228.12,0.0,27851.763847,0.027149
2035-01-30,2,775.632064,468.158709,307.473355,0.0,0.0,0.0,3201.19,0.0,27929.261312,0.027771
2035-01-30,3,792.563266,467.158709,325.404557,0.0,0.0,0.0,2733.58,0.0,28261.942755,0.028043
2035-01-30,4,862.71268,518.818709,343.893971,0.0,0.0,0.0,2686.34,0.0,28942.973622,0.029807
2035-01-30,5,1021.417791,647.028935,374.388856,0.0,0.0,0.0,2384.46,0.0,29992.426556,0.034056
2035-01-30,6,944.232455,549.788255,394.4442,0.0,0.0,0.0,2188.2,0.0,30721.978749,0.030735
2035-01-30,7,932.608794,541.788255,390.820539,0.0,0.0,0.0,2075.51,0.0,30477.808765,0.0306
2035-01-30,8,918.370168,539.698027,378.67214,0.0,0.0,0.0,2199.67,0.0,30117.974407,0.030492
2035-01-30,9,850.229221,496.138483,354.090738,0.0,0.0,0.0,2441.28,0.0,29268.172535,0.02905
2035-01-30,10,584.482094,278.418939,306.063154,0.0,0.0,0.0,3796.92,0.0,28338.870406,0.020625
2035-01-30,11,380.300636,104.818942,275.481695,0.0,0.0,0.0,4875.88,0.0,27301.283963,0.01393
2035-01-30,12,290.013439,76.409394,213.604045,0.0,0.0,0.0,6604.75,0.0,26389.71398,0.01099
2035-01-30,13,227.515858,76.409394,151.106464,0.0,0.0,0.0,8962.46,0.0,25999.536061,0.008751
2035-01-30,14,191.529573,76.409394,115.120179,0.0,0.0,0.0,10355.22,0.0,25814.013156,0.00742
2035-01-30,15,180.480196,76.409394,104.070802,0.0,0.0,0.0,10832.22,0.0,25810.90351,0.006992
2035-01-30,16,197.937167,83.299394,114.637773,0.0,0.0,0.0,11194.48,0.0,26649.573148,0.007427
2035-01-30,17,330.876953,146.858938,184.018015,0.0,0.0,0.0,9313.03,0.0,27886.861587,0.011865
2035-01-30,18,638.576586,389.918482,248.658104,0.0,0.0,0.0,7957.9,0.0,29119.5745,0.021929
2035-01-30,19,644.517488,335.918482,308.599006,0.0,0.0,0.0,5867.93,0.0,29404.883841,0.021919
2035-01-30,20,873.875633,592.56871,281.306924,0.0,0.0,0.0,6901.36,0.0,29431.68663,0.029692
2035-01-30,21,744.954118,515.56871,229.385408,0.0,0.0,0.0,8473.03,0.0,29083.274762,0.025615
2035-01-30,22,722.678937,513.67871,209.000227,0.0,0.0,0.0,8606.1,0.0,28288.753491,0.025547
2035-01-30,23,710.159223,513.67871,196.480513,0.0,0.0,0.0,8299.07,0.0,27444.768584,0.025876
2035-01-31,0,715.820864,513.67871,202.142154,0.0,0.0,0.0,7929.37,0.0,27036.702542,0.026476
2035-01-31,1,722.584293,513.67871,208.905583,0.0,0.0,0.0,7626.13,0.0,27042.581507,0.02672
2035-01-31,2,662.372046,432.778482,229.593564,0.0,0.0,0.0,7122.09,0.0,27071.144656,0.024468
2035-01-31,3,631.068746,387.778482,243.290264,0.0,0.0,0.0,6737.37,0.0,27337.517795,0.023084
2035-01-31,4,1231.967884,978.788482,253.179402,0.0,0.0,0.0,6284.72,0.0,27891.520467,0.04417
2035-01-31,5,1177.863935,928.788482,249.075453,0.0,0.0,0.0,7442.06,0.0,28889.330574,0.040772
2035-01-31,6,1178.512373,928.788482,249.723891,0.0,0.0,0.0,8433.69,0.0,29926.333302,0.03938
2035-01-31,7,1169.477384,928.788482,240.688902,0.0,0.0,0.0,9029.08,0.0,30128.837384,0.038816
2035-01-31,8,941.000329,714.728938,226.271391,0.0,0.0,0.0,9071.18,0.0,29342.489603,0.03207
2035-01-31,9,924.633657,714.728938,209.904719,0.0,0.0,0.0,8832.56,0.0,28358.5873,0.032605
2035-01-31,10,345.942994,174.718938,171.224056,0.0,0.0,0.0,9746.81,0.0,27320.865084,0.012662
2035-01-31,11,300.948335,150.679166,150.269169,0.0,0.0,0.0,9293.45,0.0,26463.869762,0.011372
2035-01-31,12,165.95908,30.839394,135.119686,0.0,0.0,0.0,9512.14,0.0,25706.227864,0.006456
2035-01-31,13,123.213863,30.839394,92.374469,0.0,0.0,0.0,10900.7,0.0,25220.765824,0.004885
2035-01-31,14,120.677559,30.839394,89.838165,0.0,0.0,0.0,10616.5,0.0,24825.608521,0.004861
2035-01-31,15,130.508418,30.839394,99.669024,0.0,0.0,0.0,10204.65,0.0,24852.036633,0.005251
2035-01-31,16,222.23002,104.929622,117.300399,0.0,0.0,0.0,10012.47,0.0,25562.392972,0.008694
2035-01-31,17,262.877735,66.929622,195.948113,0.0,0.0,0.0,7347.14,0.0,26353.272784,0.009975
2035-01-31,18,318.652832,66.929622,251.72321,0.0,0.0,0.0,5044.05,0.0,26399.29358,0.012071
2035-01-31,19,365.580231,66.929622,298.650609,0.0,0.0,0.0,2860.27,0.0,25959.595157,0.014083
2035-01-31,20,317.692088,66.929622,250.762466,0.0,0.0,0.0,4033.12,0.0,25450.136125,0.012483
2035-01-31,21,234.641338,65.098938,169.5424,0.0,0.0,0.0,6810.68,0.0,24644.894553,0.009521
2035-01-31,22,124.655957,29.00871,95.647247,0.0,0.0,0.0,9198.86,0.0,23643.592954,0.005272
2035-01-31,23,609.781046,539.967798,69.813248,0.0,0.0,0.0,8821.53,0.0,22568.146041,0.02702
2035-02-01,0,361.09716,320.868257,40.228903,0.0,0.0,0.0,8436.25,0.0,20749.707954,0.017403
2035-02-01,1,354.532436,306.648257,47.88418,0.0,0.0,0.0,7777.17,0.0,20303.514101,0.017462
2035-02-01,2,378.515008,306.648257,71.866751,0.0,0.0,0.0,6364.51,0.0,19940.017289,0.018983
2035-02-01,3,402.121184,306.648257,95.472928,0.0,0.0,0.0,5301.75,0.0,19918.788803,0.020188
2035-02-01,4,426.301783,306.648257,119.653526,0.0,0.0,0.0,4338.66,0.0,20016.947487,0.021297
2035-02-01,5,156.376635,3.689169,152.687466,0.0,0.0,0.0,3831.3,0.0,20544.984434,0.007611
2035-02-01,6,192.119197,3.689169,188.430028,0.0,0.0,0.0,3508.8,0.0,21643.088117,0.008877
2035-02-01,7,209.023572,3.689169,205.334403,0.0,0.0,0.0,3398.13,0.0,22172.471266,0.009427
2035-02-01,8,213.207113,3.689169,209.517944,0.0,0.0,0.0,3058.63,0.0,21998.829092,0.009692
2035-02-01,9,205.490598,3.689169,201.801429,0.0,0.0,0.0,3202.78,0.0,21836.067743,0.009411
2035-02-01,10,168.532365,3.689169,164.843196,0.0,0.0,0.0,4628.16,0.0,21775.424541,0.00774
2035-02-01,11,146.615044,3.689169,142.925876,0.0,0.0,0.0,5581.11,0.0,21818.74739,0.00672
2035-02-01,12,122.960777,3.689169,119.271608,0.0,0.0,0.0,6789.71,0.0,22001.547693,0.005589
2035-02-01,13,93.462649,3.689169,89.77348,0.0,0.0,0.0,8407.05,0.0,22319.706946,0.004187
2035-02-01,14,95.746263,3.689169,92.057094,0.0,0.0,0.0,8623.48,0.0,22637.888732,0.004229
2035-02-01,15,104.905558,3.689169,101.21639,0.0,0.0,0.0,8610.49,0.0,23031.557297,0.004555
2035-02-01,16,119.493932,3.689169,115.804763,0.0,0.0,0.0,8440.76,0.0,23511.560846,0.005082
2035-02-01,17,167.352464,3.689169,163.663295,0.0,0.0,0.0,6729.12,0.0,23874.38573,0.00701
2035-02-01,18,185.780248,3.689169,182.091079,0.0,0.0,0.0,5569.35,0.0,23428.241301,0.00793
2035-02-01,19,211.567013,3.689169,207.877844,0.0,0.0,0.0,4238.81,0.0,23047.733821,0.00918
2035-02-01,20,181.246933,3.689169,177.557764,0.0,0.0,0.0,5019.27,0.0,22745.954983,0.007968
2035-02-01,21,147.856471,3.689169,144.167303,0.0,0.0,0.0,6316.86,0.0,22606.424177,0.00654
2035-02-01,22,135.213478,2.138485,133.074993,0.0,0.0,0.0,6750.48,0.0,22477.10671,0.006016
2035-02-01,23,123.919742,2.138485,121.781257,0.0,0.0,0.0,6946.44,0.0,22183.338542,0.005586
2035-02-02,0,103.177815,2.138485,101.03933,0.0,0.0,0.0,7242.56,0.0,21573.93971,0.004783
2035-02-02,1,91.305281,2.138485,89.166796,0.0,0.0,0.0,7545.53,0.0,21363.865055,0.004274
2035-02-02,2,109.240052,2.138485,107.101567,0.0,0.0,0.0,6546.76,0.0,21162.760129,0.005162
2035-02-02,3,125.521056,2.138485,123.382571,0.0,0.0,0.0,5771.13,0.0,21114.60375,0.005945
2035-02-02,4,146.993231,2.138485,144.854746,0.0,0.0,0.0,5003.51,0.0,21292.927966,0.006903
2035-02-02,5,143.675922,2.138485,141.537437,0.0,0.0,0.0,5255.43,0.0,21408.060293,0.006711
2035-02-02,6,138.814322,2.138485,136.675837,0.0,0.0,0.0,5490.62,0.0,21436.175512,0.006476
2035-02-02,7,184.363688,45.689169,138.674519,0.0,0.0,0.0,5597.78,0.0,21695.053334,0.008498
2035-02-02,8,174.380242,3.689169,170.691074,0.0,0.0,0.0,4659.64,0.0,22169.049101,0.007866
2035-02-02,9,195.733761,3.689169,192.044593,0.0,0.0,0.0,4490.94,0.0,22838.754085,0.00857
2035-02-02,10,179.603386,3.689169,175.914217,0.0,0.0,0.0,5667.51,0.0,23337.24077,0.007696
2035-02-02,11,158.928403,3.689169,155.239234,0.0,0.0,0.0,6774.0,0.0,23580.929721,0.00674
2035-02-02,12,116.736807,3.689169,113.047639,0.0,0.0,0.0,8418.92,0.0,23361.359342,0.004997
2035-02-02,13,62.57859,3.689169,58.889421,0.0,0.0,0.0,10592.78,0.0,23147.897589,0.002703
2035-02-02,14,60.188428,3.689169,56.499259,0.0,0.0,0.0,10597.23,0.0,23046.082914,0.002612
2035-02-02,15,65.639396,3.689169,61.950228,0.0,0.0,0.0,10479.46,0.0,23170.18486,0.002833
2035-02-02,16,148.737816,75.059625,73.678191,0.0,0.0,0.0,10301.19,0.0,23635.654752,0.006293
2035-02-02,17,162.752409,13.059625,149.692784,0.0,0.0,0.0,7556.55,0.0,24233.191819,0.006716
2035-02-02,18,221.779186,13.059625,208.719561,0.0,0.0,0.0,5383.93,0.0,24599.627143,0.009016
2035-02-02,19,278.322549,12.149625,266.172924,0.0,0.0,0.0,3053.79,0.0,24384.293669,0.011414
2035-02-02,20,249.872128,12.149625,237.722503,0.0,0.0,0.0,3963.43,0.0,24326.66675,0.010272
2035-02-02,21,193.581488,12.149625,181.431863,0.0,0.0,0.0,6103.04,0.0,24143.198978,0.008018
2035-02-02,22,133.470921,1.228485,132.242436,0.0,0.0,0.0,7968.02,0.0,23659.816565,0.005641
2035-02-02,23,92.476512,1.228485,91.248027,0.0,0.0,0.0,9120.41,0.0,23005.632562,0.00402
2035-02-03,0,65.714059,1.228485,64.485574,0.0,0.0,0.0,10284.91,0.0,22582.882349,0.00291
2035-02-03,1,54.433323,1.228485,53.204838,0.0,0.0,0.0,10749.67,0.0,22375.753452,0.002433
2035-02-03,2,56.330724,1.228485,55.102239,0.0,0.0,0.0,10464.82,0.0,22294.064573,0.002527
2035-02-03,3,144.993151,82.908485,62.084666,0.0,0.0,0.0,10048.92,0.0,22364.099795,0.006483
2035-02-03,4,105.632519,25.908485,79.724034,0.0,0.0,0.0,9410.68,0.0,22555.160513,0.004683
2035-02-03,5,96.347613,25.908485,70.439128,0.0,0.0,0.0,9993.69,0.0,22722.889568,0.00424
2035-02-03,6,132.263123,64.068941,68.194182,0.0,0.0,0.0,10406.79,0.0,22949.406908,0.005763
2035-02-03,7,112.92176,31.068941,81.852819,0.0,0.0,0.0,10368.38,0.0,23435.035495,0.004819
2035-02-03,8,125.332242,32.068941,93.263301,0.0,0.0,0.0,9530.99,0.0,23647.850497,0.0053
2035-02-03,9,127.934957,6.388941,121.546016,0.0,0.0,0.0,8469.93,0.0,23751.426922,0.005386
2035-02-03,10,106.806672,6.388941,100.417731,0.0,0.0,0.0,9107.28,0.0,23449.413122,0.004555
2035-02-03,11,91.88494,6.388941,85.495999,0.0,0.0,0.0,9854.2,0.0,23532.365134,0.003905
2035-02-03,12,60.773441,1.228485,59.544956,0.0,0.0,0.0,10901.1,0.0,23378.832541,0.0026
2035-02-03,13,32.495642,1.228485,31.267157,0.0,0.0,0.0,12499.09,0.0,23556.476642,0.001379
2035-02-03,14,36.425684,1.228485,35.197199,0.0,0.0,0.0,12313.95,0.0,23616.567035,0.001542
2035-02-03,15,42.99925,1.228485,41.770765,0.0,0.0,0.0,11918.27,0.0,23576.133747,0.001824
2035-02-03,16,56.048942,1.228485,54.820457,0.0,0.0,0.0,11707.79,0.0,23958.465313,0.002339
2035-02-03,17,97.680897,1.228485,96.452412,0.0,0.0,0.0,10200.79,0.0,24231.463757,0.004031
2035-02-03,18,124.089788,1.228485,122.861303,0.0,0.0,0.0,9151.01,0.0,24324.194301,0.005101
2035-02-03,19,159.710068,1.228485,158.481583,0.0,0.0,0.0,7381.19,0.0,24126.659026,0.00662
2035-02-03,20,305.260301,175.568485,129.691816,0.0,0.0,0.0,8526.47,0.0,24194.008282,0.012617
2035-02-03,21,146.935462,46.568485,100.366976,0.0,0.0,0.0,10331.11,0.0,24101.301125,0.006097
2035-02-03,22,122.376374,46.568485,75.807889,0.0,0.0,0.0,10860.0,0.0,23553.576147,0.005196
2035-02-03,23,117.69521,46.568485,71.126725,0.0,0.0,0.0,10193.3,0.0,22685.050648,0.005188
2035-02-04,0,114.128818,46.568485,67.560333,0.0,0.0,0.0,9565.18,0.0,21905.127942,0.00521
2035-02-04,1,121.77586,46.568485,75.207375,0.0,0.0,0.0,8878.21,0.0,21557.877645,0.005649
2035-02-04,2,91.536551,1.228485,90.308066,0.0,0.0,0.0,8176.19,0.0,21388.458565,0.00428
2035-02-04,3,107.245371,1.228485,106.016886,0.0,0.0,0.0,7564.33,0.0,21490.281836,0.00499
2035-02-04,4,169.532746,44.779169,124.753577,0.0,0.0,0.0,6871.92,0.0,21681.662738,0.007819
2035-02-04,5,145.400151,4.779169,140.620982,0.0,0.0,0.0,6396.61,0.0,22517.614982,0.006457
2035-02-04,6,187.833852,2.779169,185.054683,0.0,0.0,0.0,5823.87,0.0,23875.178128,0.007867
2035-02-04,7,212.831313,2.779169,210.052144,0.0,0.0,0.0,5270.88,0.0,24270.335119,0.008769
2035-02-04,8,212.29834,2.779169,209.519171,0.0,0.0,0.0,5069.18,0.0,24091.619825,0.008812
2035-02-04,9,199.213224,2.779169,196.434055,0.0,0.0,0.0,5340.29,0.0,23840.216725,0.008356
2035-02-04,10,155.027177,2.779169,152.248008,0.0,0.0,0.0,6698.45,0.0,23343.62255,0.006641
2035-02-04,11,130.929027,2.779169,128.149858,0.0,0.0,0.0,7376.99,0.0,22955.050353,0.005704
2035-02-04,12,103.044899,2.779169,100.265731,0.0,0.0,0.0,8513.02,0.0,22860.111089,0.004508
2035-02-04,13,58.266193,2.779169,55.487024,0.0,0.0,0.0,10486.48,0.0,22858.074236,0.002549
2035-02-04,14,123.866071,54.439169,69.426902,0.0,0.0,0.0,9749.02,0.0,22805.845797,0.005431
2035-02-04,15,97.276879,6.439169,90.83771,0.0,0.0,0.0,8887.8,0.0,22878.260385,0.004252
2035-02-04,16,125.083705,6.439169,118.644536,0.0,0.0,0.0,8099.1,0.0,23311.213492,0.005366
2035-02-04,17,307.691687,138.349169,169.342518,0.0,0.0,0.0,6344.93,0.0,23814.884472,0.01292
2035-02-04,18,224.063666,15.349169,208.714497,0.0,0.0,0.0,4982.84,0.0,24119.078999,0.00929
2035-02-04,19,270.676613,15.349169,255.327444,0.0,0.0,0.0,3206.0,0.0,24134.11712,0.011216
2035-02-04,20,249.778703,11.689169,238.089535,0.0,0.0,0.0,3687.88,0.0,23934.499693,0.010436
2035-02-04,21,217.672822,11.689169,205.983653,0.0,0.0,0.0,4782.74,0.0,23888.494628,0.009112
2035-02-04,22,184.232433,11.689169,172.543265,0.0,0.0,0.0,6049.75,0.0,23656.896301,0.007788
2035-02-04,23,159.859631,5.388941,154.47069,0.0,0.0,0.0,6082.32,0.0,22813.231451,0.007007
2035-02-05,0,143.363631,2.779169,140.584462,0.0,0.0,0.0,6174.47,0.0,22238.284932,0.006447
2035-02-05,1,131.900837,2.779169,129.121668,0.0,0.0,0.0,6240.24,0.0,21801.817048,0.00605
2035-02-05,2,141.494732,2.779169,138.715563,0.0,0.0,0.0,5659.4,0.0,21651.435077,0.006535
2035-02-05,3,227.768859,84.459169,143.30969,0.0,0.0,0.0,5331.55,0.0,21622.236396,0.010534
2035-02-05,4,181.544133,27.459169,154.084964,0.0,0.0,0.0,5133.38,0.0,21900.14558,0.00829
2035-02-05,5,185.692776,27.459169,158.233607,0.0,0.0,0.0,5850.18,0.0,22823.235936,0.008136
2035-02-05,6,200.788736,27.459169,173.329567,0.0,0.0,0.0,6579.92,0.0,24237.404496,0.008284
2035-02-05,7,195.203559,27.459169,167.74439,0.0,0.0,0.0,7212.53,0.0,24530.271818,0.007958
2035-02-05,8,195.00375,27.459169,167.544581,0.0,0.0,0.0,6904.13,0.0,24310.559501,0.008021
2035-02-05,9,162.937406,2.779169,160.158237,0.0,0.0,0.0,6995.31,0.0,23992.439179,0.006791
2035-02-05,10,139.252265,2.779169,136.473097,0.0,0.0,0.0,8308.46,0.0,24263.465432,0.005739
2035-02-05,11,113.671213,2.779169,110.892044,0.0,0.0,0.0,9284.39,0.0,24103.477185,0.004716
2035-02-05,12,81.724036,2.779169,78.944867,0.0,0.0,0.0,10326.72,0.0,23728.016792,0.003444
2035-02-05,13,32.800509,2.779169,30.02134,0.0,0.0,0.0,12580.71,0.0,23628.278996,0.001388
2035-02-05,14,36.042171,2.779169,33.263002,0.0,0.0,0.0,12707.17,0.0,23939.760356,0.001506
2035-02-05,15,41.484802,2.779169,38.705633,0.0,0.0,0.0,12760.61,0.0,24270.589888,0.001709
2035-02-05,16,50.45337,2.779169,47.674201,0.0,0.0,0.0,12724.45,0.0,24641.985185,0.002047
2035-02-05,17,93.263411,2.779169,90.484242,0.0,0.0,0.0,11080.56,0.0,24927.968615,0.003741
2035-02-05,18,137.917848,2.779169,135.138679,0.0,0.0,0.0,9199.85,0.0,24987.265003,0.00552
2035-02-05,19,223.965159,2.779169,221.18599,0.0,0.0,0.0,5643.5,0.0,24935.665048,0.008982
2035-02-05,20,215.530295,2.779169,212.751126,0.0,0.0,0.0,5752.36,0.0,24811.333344,0.008687
2035-02-05,21,195.723744,2.779169,192.944575,0.0,0.0,0.0,6242.11,0.0,24609.665853,0.007953
2035-02-05,22,186.356126,2.779169,183.576957,0.0,0.0,0.0,6172.36,0.0,24092.256679,0.007735
2035-02-05,23,157.842842,2.779169,155.063673,0.0,0.0,0.0,6377.08,0.0,23027.283069,0.006855
2035-02-06,0,210.423097,81.689169,128.733928,0.0,0.0,0.0,6638.07,0.0,22174.33878,0.009489
2035-02-06,1,112.349258,2.138485,110.210773,0.0,0.0,0.0,6949.15,0.0,21609.207008,0.005199
2035-02-06,2,112.791843,2.138485,110.653357,0.0,0.0,0.0,6555.13,0.0,21233.049473,0.005312
2035-02-06,3,113.508268,2.138485,111.369783,0.0,0.0,0.0,6367.09,0.0,21135.671564,0.00537
2035-02-06,4,112.360431,2.138485,110.221946,0.0,0.0,0.0,6429.88,0.0,21122.300294,0.00532
2035-02-06,5,108.73717,2.138485,106.598685,0.0,0.0,0.0,6715.03,0.0,21312.99492,0.005102
2035-02-06,6,107.844376,2.138485,105.705891,0.0,0.0,0.0,7170.71,0.0,21755.655595,0.004957
2035-02-06,7,105.079851,2.138485,102.941366,0.0,0.0,0.0,7694.06,0.0,22163.331634,0.004741
2035-02-06,8,128.585036,2.138485,126.44655,0.0,0.0,0.0,6880.08,0.0,22382.107467,0.005745
2035-02-06,9,152.428979,2.138485,150.290494,0.0,0.0,0.0,6284.14,0.0,22831.72724,0.006676
2035-02-06,10,144.408088,2.138485,142.269603,0.0,0.0,0.0,7230.98,0.0,23425.178938,0.006165
2035-02-06,11,104.005544,2.138485,101.867059,0.0,0.0,0.0,9780.51,0.0,24189.988588,0.0043
2035-02-06,12,81.98577,2.138485,79.847285,0.0,0.0,0.0,11385.61,0.0,24826.681996,0.003302
2035-02-06,13,47.735942,2.138485,45.597457,0.0,0.0,0.0,13593.04,0.0,25534.885216,0.001869
2035-02-06,14,58.111699,2.138485,55.973214,0.0,0.0,0.0,13568.52,0.0,25962.85872,0.002238
2035-02-06,15,68.923405,2.138485,66.78492,0.0,0.0,0.0,13455.58,0.0,26329.273092,0.002618
2035-02-06,16,81.568733,2.138485,79.430248,0.0,0.0,0.0,13190.78,0.0,26618.635971,0.003064
2035-02-06,17,125.490813,2.138485,123.352328,0.0,0.0,0.0,11270.61,0.0,26577.636398,0.004722
2035-02-06,18,140.572116,2.138485,138.433631,0.0,0.0,0.0,9912.81,0.0,25860.696395,0.005436
2035-02-06,19,167.876115,2.138485,165.73763,0.0,0.0,0.0,7944.02,0.0,25098.575929,0.006689
2035-02-06,20,311.271275,201.518485,109.75279,0.0,0.0,0.0,9545.46,0.0,24496.977457,0.012707
2035-02-06,21,154.795921,70.289852,84.506068,0.0,0.0,0.0,11816.71,0.0,23856.278663,0.006489
2035-02-06,22,177.646433,131.889852,45.756581,0.0,0.0,0.0,13004.65,0.0,23159.961013,0.00767
2035-02-06,23,138.688545,78.889852,59.798693,0.0,0.0,0.0,13782.05,0.0,22311.652905,0.006216
2035-02-07,0,731.785282,682.21008,49.575202,0.0,0.0,0.0,14088.67,0.0,21515.936532,0.034011
2035-02-07,1,650.65113,624.21008,26.441049,0.0,0.0,0.0,13918.24,0.0,20994.167453,0.030992
2035-02-07,2,588.43972,554.83008,33.60964,0.0,0.0,0.0,13454.83,0.0,20639.759249,0.02851
2035-02-07,3,590.182252,554.83008,35.352171,0.0,0.0,0.0,13112.31,0.0,20537.001975,0.028738
2035-02-07,4,589.499535,546.23008,43.269454,0.0,0.0,0.0,12633.95,0.0,20556.964813,0.028676
2035-02-07,5,591.6619,561.939624,29.722276,0.0,0.0,0.0,12141.82,0.0,20613.121869,0.028703
2035-02-07,6,76.644567,1.619396,75.025171,0.0,0.0,0.0,11081.61,0.0,21115.925501,0.00363
2035-02-07,7,76.479341,6.619396,69.859945,0.0,0.0,0.0,10652.65,0.0,21870.117245,0.003497
2035-02-07,8,73.92967,5.619396,68.310274,0.0,0.0,0.0,10305.62,0.0,22608.637148,0.00327
2035-02-07,9,86.878519,2.619396,84.259123,0.0,0.0,0.0,10194.45,0.0,23502.825557,0.003697
2035-02-07,10,80.73674,1.619396,79.117344,0.0,0.0,0.0,11189.26,0.0,24268.24193,0.003327
2035-02-07,11,93.711833,1.619396,92.092437,0.0,0.0,0.0,11197.41,0.0,24835.592167,0.003773
2035-02-07,12,84.394754,1.619396,82.775358,0.0,0.0,0.0,11787.24,0.0,25001.300525,0.003376
2035-02-07,13,52.198808,1.619396,50.579412,0.0,0.0,0.0,13392.01,0.0,25181.589074,0.002073
2035-02-07,14,60.233707,1.619396,58.614311,0.0,0.0,0.0,13234.02,0.0,25370.84601,0.002374
2035-02-07,15,171.113394,101.379852,69.733542,0.0,0.0,0.0,12849.75,0.0,25569.271073,0.006692
2035-02-07,16,354.821202,266.480536,88.340666,0.0,0.0,0.0,12324.13,0.0,26120.612217,0.013584
2035-02-07,17,306.183446,135.04008,171.143366,0.0,0.0,0.0,9477.45,0.0,27010.704301,0.011336
2035-02-07,18,354.893084,110.04008,244.853005,0.0,0.0,0.0,7228.14,0.0,27532.829988,0.01289
2035-02-07,19,1244.005121,975.17008,268.835042,0.0,0.0,0.0,5258.08,0.0,27565.249359,0.045129
2035-02-07,20,1103.612122,846.17008,257.442042,0.0,0.0,0.0,5508.33,0.0,27749.556085,0.03977
2035-02-07,21,1060.687391,837.57008,223.117312,0.0,0.0,0.0,7116.39,0.0,27820.222509,0.038126
2035-02-07,22,1040.707682,831.809396,208.898286,0.0,0.0,0.0,7938.6,0.0,27839.19607,0.037383
2035-02-07,23,1017.704892,831.809396,185.895496,0.0,0.0,0.0,9190.9,0.0,27774.348212,0.036642
2035-02-08,0,1765.768295,1626.019624,139.748671,0.0,0.0,0.0,11266.98,0.0,28014.156059,0.063031
2035-02-08,1,1622.081126,1475.019624,147.061502,0.0,0.0,0.0,12110.44,0.0,28338.25248,0.05724
2035-02-08,2,1477.749657,1331.839852,145.909805,0.0,0.0,0.0,12591.65,0.0,28676.866179,0.051531
2035-02-08,3,1474.249053,1317.529852,156.719201,0.0,0.0,0.0,12751.85,0.0,29383.589074,0.050173
2035-02-08,4,1856.421885,1672.839621,183.582264,0.0,0.0,0.0,12410.99,0.0,30185.882341,0.0615
2035-02-08,5,1602.505676,1425.439621,177.066055,0.0,0.0,0.0,13382.66,0.0,30645.637122,0.052291
2035-02-08,6,1969.000596,1752.15803,216.842566,0.0,0.0,0.0,11422.9,0.0,31226.339002,0.063056
2035-02-08,7,1500.072048,1193.097574,306.974474,0.0,0.0,0.0,8483.83,0.0,32145.479709,0.046665
2035-02-08,8,1440.759204,1135.157346,305.601858,0.0,0.0,0.0,8198.54,0.0,32283.870125,0.044628
2035-02-08,9,1260.568263,956.277118,304.291146,0.0,0.0,0.0,8010.85,0.0,32447.932693,0.038849
2035-02-08,10,976.961155,699.887802,277.073353,0.0,0.0,0.0,9387.0,0.0,32370.237665,0.030181
2035-02-08,11,993.64679,700.887802,292.758988,0.0,0.0,0.0,8545.63,0.0,32463.491292,0.030608
2035-02-08,12,973.034823,697.158481,275.876342,0.0,0.0,0.0,8725.39,0.0,32218.156879,0.030201
2035-02-08,13,959.126458,696.158481,262.967977,0.0,0.0,0.0,9189.84,0.0,32117.092244,0.029863
2035-02-08,14,949.302524,696.158481,253.144043,0.0,0.0,0.0,9675.94,0.0,32174.980413,0.029504
2035-02-08,15,951.851325,696.158481,255.692844,0.0,0.0,0.0,10010.42,0.0,32630.47659,0.029171
2035-02-08,16,1205.111446,930.798252,274.313194,0.0,0.0,0.0,10119.02,0.0,33857.421035,0.035594
2035-02-08,17,1424.247156,1082.068708,342.178448,0.0,0.0,0.0,8587.33,0.0,35281.866022,0.040368
2035-02-08,18,1486.084431,1109.10848,376.975951,0.0,0.0,0.0,7196.31,0.0,35541.463579,0.041813
2035-02-08,19,1499.276716,1087.10848,412.168236,0.0,0.0,0.0,5337.0,0.0,35143.64755,0.042661
2035-02-08,20,1502.676565,1087.10848,415.568085,0.0,0.0,0.0,5196.46,0.0,35225.734269,0.042658
2035-02-08,21,1485.595471,1086.41848,399.17699,0.0,0.0,0.0,5446.38,0.0,34953.17286,0.042502
2035-02-08,22,1415.615102,1025.268252,390.34685,0.0,0.0,0.0,5520.96,0.0,34369.053613,0.041189
2035-02-08,23,1144.260031,775.997796,368.262235,0.0,0.0,0.0,6197.68,0.0,33706.458452,0.033948
2035-02-09,0,1097.251173,756.598481,340.652692,0.0,0.0,0.0,6857.45,0.0,33316.107022,0.032935
2035-02-09,1,1055.079735,731.558709,323.521026,0.0,0.0,0.0,7627.35,0.0,33262.937886,0.031719
2035-02-09,2,1069.367912,731.558709,337.809203,0.0,0.0,0.0,6853.44,0.0,33113.260484,0.032294
2035-02-09,3,1085.293219,731.558709,353.73451,0.0,0.0,0.0,6294.49,0.0,33224.65481,0.032665
2035-02-09,4,1107.784219,731.558709,376.22551,0.0,0.0,0.0,5790.94,0.0,33495.558019,0.033073
2035-02-09,5,1236.619111,850.976891,385.64222,0.0,0.0,0.0,5385.93,0.0,33630.743643,0.03677
2035-02-09,6,1178.982873,793.186891,385.795982,0.0,0.0,0.0,4939.74,0.0,33364.232053,0.035337
2035-02-09,7,1183.875499,788.876891,394.998608,0.0,0.0,0.0,4646.23,0.0,33510.497003,0.035328
2035-02-09,8,1185.288313,780.876891,404.411422,0.0,0.0,0.0,4629.01,0.0,33841.694455,0.035024
2035-02-09,9,1171.13993,780.876891,390.263039,0.0,0.0,0.0,5166.22,0.0,33846.996054,0.034601
2035-02-09,10,1106.786218,742.95598,363.830239,0.0,0.0,0.0,7121.0,0.0,34444.177909,0.032133
2035-02-09,11,1035.207286,701.027797,334.179489,0.0,0.0,0.0,8536.2,0.0,34331.095104,0.030154
2035-02-09,12,943.338216,668.817797,274.520419,0.0,0.0,0.0,10149.95,0.0,33416.081217,0.02823
2035-02-09,13,881.953532,668.817797,213.135734,0.0,0.0,0.0,11954.21,0.0,32519.108655,0.027121
2035-02-09,14,882.402433,668.817797,213.584636,0.0,0.0,0.0,11493.41,0.0,32072.387853,0.027513
2035-02-09,15,904.637946,668.817797,235.820148,0.0,0.0,0.0,10716.22,0.0,32270.197054,0.028033
2035-02-09,16,1206.709138,936.877342,269.831797,0.0,0.0,0.0,9849.73,0.0,32899.721045,0.036678
2035-02-09,17,1306.648555,981.857342,324.791214,0.0,0.0,0.0,8522.25,0.0,33840.327551,0.038612
2035-02-09,18,1364.35549,1010.94757,353.40792,0.0,0.0,0.0,7445.67,0.0,34129.080593,0.039976
2035-02-09,19,1440.989374,1052.79757,388.191805,0.0,0.0,0.0,5501.36,0.0,33789.37724,0.042646
2035-02-09,20,1395.228312,994.79757,400.430742,0.0,0.0,0.0,4961.05,0.0,33862.090111,0.041203
2035-02-09,21,1383.536863,994.10757,389.429293,0.0,0.0,0.0,5102.53,0.0,33702.17415,0.041052
2035-02-09,22,1355.292826,989.928254,365.364572,0.0,0.0,0.0,5367.72,0.0,32950.816097,0.041131
2035-02-09,23,1113.961125,775.86871,338.092415,0.0,0.0,0.0,6035.04,0.0,32262.366763,0.034528
2035-02-10,0,1086.659657,775.86871,310.790947,0.0,0.0,0.0,6802.69,0.0,31842.086036,0.034127
2035-02-10,1,1065.95554,775.86871,290.08683,0.0,0.0,0.0,7666.34,0.0,31806.262555,0.033514
2035-02-10,2,1125.386876,805.66871,319.718166,0.0,0.0,0.0,5941.31,0.0,31437.706904,0.035797
2035-02-10,3,1128.059943,780.66871,347.391233,0.0,0.0,0.0,4635.65,0.0,31366.54387,0.035964
2035-02-10,4,1412.271434,1037.748255,374.523178,0.0,0.0,0.0,3633.84,0.0,31535.378839,0.044784
2035-02-10,5,1211.541451,819.748255,391.793196,0.0,0.0,0.0,2951.88,0.0,31654.380438,0.038274
2035-02-10,6,1336.232491,937.827571,398.40492,0.0,0.0,0.0,2507.06,0.0,31672.933661,0.042188
2035-02-10,7,1264.741761,856.827571,407.914191,0.0,0.0,0.0,2202.54,0.0,31812.249458,0.039756
2035-02-10,8,1263.186147,856.827571,406.358576,0.0,0.0,0.0,2295.54,0.0,31840.940228,0.039672
2035-02-10,9,1245.241628,852.027571,393.214057,0.0,0.0,0.0,2887.48,0.0,31872.561016,0.039069
2035-02-10,10,1183.639394,840.478709,343.160685,0.0,0.0,0.0,4385.04,0.0,31152.369058,0.037995
2035-02-10,11,1404.549566,1082.838253,321.711313,0.0,0.0,0.0,4758.12,0.0,30680.754088,0.045779
2035-02-10,12,752.917891,454.928253,297.989637,0.0,0.0,0.0,5729.03,0.0,29902.047509,0.025179
2035-02-10,13,673.292996,418.838026,254.45497,0.0,0.0,0.0,6995.62,0.0,29226.452412,0.023037
2035-02-10,14,667.991574,418.838026,249.153548,0.0,0.0,0.0,6688.01,0.0,28677.651978,0.023293
2035-02-10,15,665.027454,418.838026,246.189429,0.0,0.0,0.0,6648.1,0.0,28508.265467,0.023328
2035-02-10,16,692.098715,437.567346,254.531369,0.0,0.0,0.0,6578.84,0.0,28829.001469,0.024007
2035-02-10,17,722.022603,422.567346,299.455258,0.0,0.0,0.0,5407.47,0.0,29393.907952,0.024564
2035-02-10,18,749.523182,422.567346,326.955836,0.0,0.0,0.0,4453.41,0.0,29510.349228,0.025399
2035-02-10,19,764.48103,422.567346,341.913684,0.0,0.0,0.0,3369.24,0.0,29090.56315,0.026279
2035-02-10,20,753.090587,422.567346,330.523242,0.0,0.0,0.0,3712.84,0.0,29046.652871,0.025927
2035-02-10,21,688.949969,396.53803,292.411939,0.0,0.0,0.0,5047.63,0.0,28766.185782,0.02395
2035-02-10,22,620.883668,362.96871,257.914958,0.0,0.0,0.0,5893.25,0.0,27999.675623,0.022175
2035-02-10,23,955.824036,739.919166,215.90487,0.0,0.0,0.0,6631.3,0.0,27221.939041,0.035112
2035-02-11,0,875.021293,689.919166,185.102127,0.0,0.0,0.0,7543.59,0.0,26777.752827,0.032677
2035-02-11,1,828.721797,659.148254,169.573543,0.0,0.0,0.0,8042.25,0.0,26523.608898,0.031245
2035-02-11,2,815.491012,659.148254,156.342758,0.0,0.0,0.0,8457.82,0.0,26355.811293,0.030942
2035-02-11,3,810.053555,659.148254,150.905301,0.0,0.0,0.0,8694.43,0.0,26357.664772,0.030733
2035-02-11,4,819.008633,659.148254,159.860379,0.0,0.0,0.0,8664.75,0.0,26723.693867,0.030647
2035-02-11,5,850.055149,659.148254,190.906895,0.0,0.0,0.0,8223.9,0.0,27660.136359,0.030732
2035-02-11,6,882.616262,659.148254,223.468008,0.0,0.0,0.0,7726.43,0.0,28608.314796,0.030852
2035-02-11,7,892.643435,659.148254,233.495181,0.0,0.0,0.0,7246.66,0.0,28573.526803,0.03124
2035-02-11,8,828.029372,615.58871,212.440662,0.0,0.0,0.0,7803.56,0.0,28101.231924,0.029466
2035-02-11,9,815.371888,609.96871,205.403178,0.0,0.0,0.0,7729.13,0.0,27630.536932,0.02951
2035-02-11,10,768.349386,609.96871,158.380676,0.0,0.0,0.0,9189.13,0.0,27021.930409,0.028434
2035-02-11,11,229.309049,68.95871,160.350339,0.0,0.0,0.0,9078.65,0.0,26468.887922,0.008663
2035-02-11,12,205.514453,68.95871,136.555743,0.0,0.0,0.0,9413.96,0.0,25757.351667,0.007979
2035-02-11,13,161.144538,68.95871,92.185828,0.0,0.0,0.0,10842.18,0.0,25219.319204,0.00639
2035-02-11,14,160.484424,68.95871,91.525713,0.0,0.0,0.0,10771.33,0.0,25114.427321,0.00639
2035-02-11,15,164.567363,68.95871,95.608652,0.0,0.0,0.0,10594.32,0.0,25114.213557,0.006553
2035-02-11,16,174.992673,68.95871,106.033963,0.0,0.0,0.0,10620.41,0.0,25595.982113,0.006837
2035-02-11,17,224.415354,68.95871,155.456644,0.0,0.0,0.0,9104.71,0.0,26233.929125,0.008554
2035-02-11,18,318.920281,137.518254,181.402027,0.0,0.0,0.0,8001.47,0.0,26316.241753,0.012119
2035-02-11,19,344.3708,112.518254,231.852546,0.0,0.0,0.0,5687.29,0.0,26077.483527,0.013206
2035-02-11,20,294.712061,112.518254,182.193807,0.0,0.0,0.0,7501.85,0.0,25962.430129,0.011351
2035-02-11,21,247.641673,112.518254,135.123419,0.0,0.0,0.0,9675.04,0.0,25911.505304,0.009557
2035-02-11,22,214.365599,112.518254,101.847345,0.0,0.0,0.0,10625.15,0.0,25553.973545,0.008389
2035-02-11,23,729.168013,637.458026,91.709987,0.0,0.0,0.0,10375.43,0.0,24859.252412,0.029332
2035-02-12,0,578.157256,506.458026,71.69923,0.0,0.0,0.0,12074.29,0.0,24455.869017,0.023641
2035-02-12,1,573.685046,506.458026,67.22702,0.0,0.0,0.0,12182.97,0.0,24294.017584,0.023614
2035-02-12,2,582.603164,506.458026,76.145138,0.0,0.0,0.0,11778.23,0.0,24487.069838,0.023792
2035-02-12,3,582.998969,506.458026,76.540943,0.0,0.0,0.0,11819.17,0.0,24601.095738,0.023698
2035-02-12,4,601.534919,506.458026,95.076893,0.0,0.0,0.0,11150.19,0.0,25184.965769,0.023885
2035-02-12,5,633.72058,506.458026,127.262554,0.0,0.0,0.0,11166.01,0.0,26570.318553,0.023851
2035-02-12,6,714.153086,539.668026,174.48506,0.0,0.0,0.0,10296.13,0.0,27978.446938,0.025525
2035-02-12,7,728.092752,511.668026,216.424726,0.0,0.0,0.0,8161.83,0.0,27991.163505,0.026012
2035-02-12,8,310.638069,76.16871,234.469358,0.0,0.0,0.0,6626.85,0.0,27196.816686,0.011422
2035-02-12,9,303.387728,73.16871,230.219018,0.0,0.0,0.0,5730.11,0.0,26219.437811,0.011571
2035-02-12,10,259.719682,43.90871,215.810972,0.0,0.0,0.0,5939.53,0.0,25583.179828,0.010152
2035-02-12,11,214.108293,19.22871,194.879583,0.0,0.0,0.0,5976.89,0.0,24705.247833,0.008667
2035-02-12,12,175.407566,19.22871,156.178855,0.0,0.0,0.0,6700.26,0.0,23741.701306,0.007388
2035-02-12,13,154.880419,19.22871,135.651709,0.0,0.0,0.0,7121.46,0.0,23263.701232,0.006658
2035-02-12,14,153.60755,19.22871,134.378839,0.0,0.0,0.0,6938.55,0.0,23024.741325,0.006671
2035-02-12,15,163.481662,19.22871,144.252952,0.0,0.0,0.0,6548.76,0.0,23068.462442,0.007087
2035-02-12,16,180.007817,19.22871,160.779107,0.0,0.0,0.0,6371.0,0.0,23618.642369,0.007621
2035-02-12,17,363.237157,151.868938,211.368219,0.0,0.0,0.0,4585.75,0.0,24090.511745,0.015078
2035-02-12,18,405.039278,149.128938,255.91034,0.0,0.0,0.0,3115.68,0.0,24584.234567,0.016476
2035-02-12,19,523.962913,226.529166,297.433747,0.0,0.0,0.0,1644.52,0.0,24845.003537,0.021089
2035-02-12,20,405.65173,97.529166,308.122564,0.0,0.0,0.0,1523.02,0.0,25208.58221,0.016092
2035-02-12,21,379.426083,97.529166,281.896917,0.0,0.0,0.0,2623.39,0.0,25429.014933,0.014921
2035-02-12,22,333.415283,97.529166,235.886117,0.0,0.0,0.0,4589.85,0.0,25507.473418,0.013071
2035-02-12,23,291.910693,55.888938,236.021755,0.0,0.0,0.0,4921.52,0.0,25488.826895,0.011452
2035-02-13,0,440.464191,217.108482,223.355709,0.0,0.0,0.0,5536.26,0.0,25670.322879,0.017158
2035-02-13,1,325.044892,120.108482,204.93641,0.0,0.0,0.0,6439.44,0.0,25975.472834,0.012514
2035-02-13,2,306.001722,93.458254,212.543468,0.0,0.0,0.0,6480.03,0.0,26251.091867,0.011657
2035-02-13,3,354.268615,126.097296,228.171319,0.0,0.0,0.0,6722.96,0.0,26800.862896,0.013219
2035-02-13,4,465.162098,227.717524,237.444574,0.0,0.0,0.0,7008.7,0.0,27520.34336,0.016902
2035-02-13,5,668.288095,415.777068,252.511027,0.0,0.0,0.0,6833.63,0.0,28414.274007,0.023519
2035-02-13,6,645.253925,370.467068,274.786857,0.0,0.0,0.0,6643.65,0.0,28983.209419,0.022263
2035-02-13,7,648.904803,362.467068,286.437734,0.0,0.0,0.0,6442.76,0.0,29207.300373,0.022217
2035-02-13,8,591.544062,362.467068,229.076994,0.0,0.0,0.0,7821.35,0.0,28432.747075,0.020805
2035-02-13,9,532.543763,339.758026,192.785737,0.0,0.0,0.0,8283.43,0.0,27207.220694,0.019574
2035-02-13,10,462.900394,296.198482,166.701911,0.0,0.0,0.0,8995.02,0.0,26653.544137,0.017367
2035-02-13,11,207.908368,54.19871,153.709658,0.0,0.0,0.0,8871.54,0.0,26007.47713,0.007994
2035-02-13,12,161.741544,21.698938,140.042606,0.0,0.0,0.0,9025.3,0.0,25351.992336,0.00638
2035-02-13,13,148.261193,21.698938,126.562255,0.0,0.0,0.0,9391.17,0.0,25118.576222,0.005902
2035-02-13,14,141.592635,21.698938,119.893696,0.0,0.0,0.0,9379.84,0.0,24805.167677,0.005708
2035-02-13,15,140.101445,21.698938,118.402506,0.0,0.0,0.0,9572.04,0.0,24923.853421,0.005621
2035-02-13,16,136.254952,21.698938,114.556013,0.0,0.0,0.0,10281.9,0.0,25454.290538,0.005353
2035-02-13,17,169.783499,21.698938,148.084561,0.0,0.0,0.0,9377.96,0.0,25979.645403,0.006535
2035-02-13,18,184.321941,21.698938,162.623003,0.0,0.0,0.0,9106.75,0.0,26272.032342,0.007016
2035-02-13,19,201.538059,21.698938,179.839121,0.0,0.0,0.0,8564.93,0.0,25986.472233,0.007755
2035-02-13,20,408.392935,264.598482,143.794453,0.0,0.0,0.0,10331.01,0.0,25706.661512,0.015887
2035-02-13,21,498.176424,378.658026,119.518398,0.0,0.0,0.0,12855.75,0.0,25546.572358,0.019501
2035-02-13,22,411.103458,324.658026,86.445432,0.0,0.0,0.0,14041.35,0.0,25325.543346,0.016233
2035-02-13,23,402.682772,323.718483,78.96429,0.0,0.0,0.0,14060.82,0.0,24673.23275,0.016321
2035-02-14,0,391.478906,323.718483,67.760424,0.0,0.0,0.0,13742.89,0.0,24041.159088,0.016284
2035-02-14,1,394.340991,323.718483,70.622508,0.0,0.0,0.0,13232.94,0.0,23774.428546,0.016587
2035-02-14,2,406.804409,323.718483,83.085926,0.0,0.0,0.0,12854.26,0.0,23684.992302,0.017176
2035-02-14,3,206.428259,109.658938,96.769321,0.0,0.0,0.0,12589.2,0.0,23896.870142,0.008638
2035-02-14,4,227.594246,110.658938,116.935307,0.0,0.0,0.0,12010.23,0.0,24460.242225,0.009305
2035-02-14,5,387.333799,260.928483,126.405317,0.0,0.0,0.0,12256.99,0.0,25181.780303,0.015382
2035-02-14,6,278.792499,142.409394,136.383105,0.0,0.0,0.0,12217.57,0.0,25332.907501,0.011005
2035-02-14,7,261.43711,146.409394,115.027716,0.0,0.0,0.0,11832.16,0.0,25501.747086,0.010252
2035-02-14,8,218.940133,114.869393,104.070739,0.0,0.0,0.0,10914.35,0.0,25501.564364,0.008585
2035-02-14,9,213.832726,95.54008,118.292646,0.0,0.0,0.0,9883.24,0.0,25189.999116,0.008489
2035-02-14,10,141.724138,42.60008,99.124058,0.0,0.0,0.0,10103.88,0.0,24666.738864,0.005746
2035-02-14,11,102.201809,5.779852,96.421957,0.0,0.0,0.0,9851.79,0.0,24071.959336,0.004246
2035-02-14,12,86.3305,5.779852,80.550648,0.0,0.0,0.0,10095.92,0.0,23607.951943,0.003657
2035-02-14,13,45.784359,5.779852,40.004507,0.0,0.0,0.0,11676.21,0.0,23402.606786,0.001956
2035-02-14,14,54.884431,5.779852,49.10458,0.0,0.0,0.0,11126.02,0.0,23248.738989,0.002361
2035-02-14,15,68.790933,5.779852,63.011081,0.0,0.0,0.0,10612.4,0.0,23346.652413,0.002947
2035-02-14,16,73.641273,5.779852,67.861421,0.0,0.0,0.0,10895.36,0.0,23841.220271,0.003089
2035-02-14,17,119.368283,5.779852,113.588431,0.0,0.0,0.0,9383.12,0.0,24285.821689,0.004915
2035-02-14,18,172.234324,5.779852,166.454472,0.0,0.0,0.0,7327.03,0.0,24526.74174,0.007022
2035-02-14,19,248.829774,5.779852,243.049922,0.0,0.0,0.0,4260.07,0.0,24416.84277,0.010191
2035-02-14,20,237.259439,5.779852,231.479587,0.0,0.0,0.0,4593.13,0.0,24424.612113,0.009714
2035-02-14,21,196.133635,5.779852,190.353783,0.0,0.0,0.0,5941.95,0.0,24258.440421,0.008085
2035-02-14,22,150.31414,5.779852,144.534288,0.0,0.0,0.0,7289.35,0.0,23565.584258,0.006379
2035-02-14,23,148.282012,43.940308,104.341704,0.0,0.0,0.0,8099.28,0.0,22653.092711,0.006546
2035-02-15,0,88.805553,10.940308,77.865245,0.0,0.0,0.0,8787.94,0.0,22174.310129,0.004005
2035-02-15,1,71.882117,10.940308,60.94181,0.0,0.0,0.0,9519.45,0.0,22164.36208,0.003243
2035-02-15,2,102.128178,10.940308,91.18787,0.0,0.0,0.0,8151.29,0.0,22142.849957,0.004612
2035-02-15,3,130.263281,10.940308,119.322973,0.0,0.0,0.0,7151.3,0.0,22409.299878,0.005813
2035-02-15,4,164.658986,10.940308,153.718679,0.0,0.0,0.0,6182.83,0.0,22958.919839,0.007172
2035-02-15,5,186.63806,10.940308,175.697752,0.0,0.0,0.0,6182.56,0.0,23942.152417,0.007795
2035-02-15,6,210.986406,10.940308,200.046098,0.0,0.0,0.0,6512.13,0.0,25111.158711,0.008402
2035-02-15,7,189.404404,10.940308,178.464096,0.0,0.0,0.0,7316.04,0.0,25207.477085,0.007514
2035-02-15,8,174.733592,10.940308,163.793284,0.0,0.0,0.0,7998.65,0.0,24954.848763,0.007002
2035-02-15,9,146.19538,10.940308,135.255072,0.0,0.0,0.0,8416.38,0.0,24129.091813,0.006059
2035-02-15,10,107.794444,5.779852,102.014592,0.0,0.0,0.0,9401.17,0.0,23593.323729,0.004569
2035-02-15,11,112.007621,5.779852,106.22777,0.0,0.0,0.0,8861.64,0.0,23223.763838,0.004823
2035-02-15,12,106.796973,5.779852,101.017121,0.0,0.0,0.0,8819.19,0.0,22938.669595,0.004656
2035-02-15,13,80.751534,5.779852,74.971682,0.0,0.0,0.0,10106.29,0.0,23071.681414,0.0035
2035-02-15,14,82.352273,5.779852,76.572421,0.0,0.0,0.0,10076.56,0.0,23110.253709,0.003563
2035-02-15,15,82.725718,5.779852,76.945866,0.0,0.0,0.0,10142.01,0.0,23185.9098,0.003568
2035-02-15,16,40.204076,6.779852,33.424224,0.0,0.0,0.0,12030.3,0.0,23461.584055,0.001714
2035-02-15,17,80.917392,5.779852,75.13754,0.0,0.0,0.0,10312.02,0.0,23527.868565,0.003439
2035-02-15,18,125.269976,5.779852,119.490124,0.0,0.0,0.0,8472.0,0.0,23644.409856,0.005298
2035-02-15,19,214.866904,5.779852,209.087052,0.0,0.0,0.0,4621.58,0.0,23687.721597,0.009071
2035-02-15,20,220.391112,5.779852,214.61126,0.0,0.0,0.0,4326.09,0.0,23641.548071,0.009322
2035-02-15,21,213.668252,5.779852,207.8884,0.0,0.0,0.0,4492.78,0.0,23588.213875,0.009058
2035-02-15,22,203.443277,5.779852,197.663425,0.0,0.0,0.0,4729.94,0.0,23372.056162,0.008705
2035-02-15,23,213.729523,5.779852,207.949671,0.0,0.0,0.0,3988.16,0.0,22993.642138,0.009295
2035-02-16,0,293.146458,77.150308,215.99615,0.0,0.0,0.0,3453.69,0.0,22806.465766,0.012854
2035-02-16,1,240.470511,15.150308,225.320203,0.0,0.0,0.0,3151.21,0.0,22784.545336,0.010554
2035-02-16,2,469.049161,224.759621,244.28954,0.0,0.0,0.0,2270.91,0.0,22833.171989,0.020542
2035-02-16,3,383.873146,144.419621,239.453525,0.0,0.0,0.0,2527.81,0.0,23081.253851,0.016631
2035-02-16,4,366.257824,140.979165,225.278659,0.0,0.0,0.0,3602.09,0.0,23563.223142,0.015544
2035-02-16,5,402.750046,163.018937,239.731109,0.0,0.0,0.0,3181.1,0.0,23949.016195,0.016817
2035-02-16,6,467.256659,215.109165,252.147495,0.0,0.0,0.0,2896.52,0.0,24391.820783,0.019156
2035-02-16,7,455.13236,177.109165,278.023195,0.0,0.0,0.0,2805.16,0.0,25237.747163,0.018034
2035-02-16,8,473.857425,177.109165,296.74826,0.0,0.0,0.0,2279.94,0.0,25563.494683,0.018536
2035-02-16,9,453.984028,177.109165,276.874863,0.0,0.0,0.0,2762.83,0.0,25292.094992,0.01795
2035-02-16,10,376.600511,133.549621,243.05089,0.0,0.0,0.0,3698.52,0.0,24789.235586,0.015192
2035-02-16,11,290.214644,63.169849,227.044795,0.0,0.0,0.0,4413.87,0.0,24526.416986,0.011833
2035-02-16,12,207.405019,23.750308,183.654711,0.0,0.0,0.0,6167.54,0.0,24277.786863,0.008543
2035-02-16,13,150.644338,23.750308,126.894031,0.0,0.0,0.0,8262.93,0.0,23956.552777,0.006288
2035-02-16,14,135.869257,23.750308,112.118949,0.0,0.0,0.0,8494.27,0.0,23531.995099,0.005774
2035-02-16,15,116.351415,23.750308,92.601107,0.0,0.0,0.0,9116.95,0.0,23295.128219,0.004995
2035-02-16,16,127.016283,23.750308,103.265975,0.0,0.0,0.0,9104.11,0.0,23757.560468,0.005346
2035-02-16,17,162.196787,23.750308,138.446479,0.0,0.0,0.0,8340.31,0.0,24524.291772,0.006614
2035-02-16,18,191.622975,23.750308,167.872667,0.0,0.0,0.0,7352.66,0.0,24725.702093,0.00775
2035-02-16,19,407.830367,198.090308,209.740059,0.0,0.0,0.0,5752.97,0.0,24813.526458,0.016436
2035-02-16,20,309.399777,137.649852,171.749926,0.0,0.0,0.0,6797.55,0.0,24744.562362,0.012504
2035-02-16,21,509.351982,380.709396,128.642586,0.0,0.0,0.0,9026.21,0.0,24646.183937,0.020667
2035-02-16,22,426.502967,322.499396,104.003572,0.0,0.0,0.0,9853.77,0.0,24350.468416,0.017515
2035-02-16,23,417.976445,322.499396,95.477049,0.0,0.0,0.0,9730.67,0.0,23845.758399,0.017528
2035-02-17,0,416.836955,322.499396,94.33756,0.0,0.0,0.0,9506.54,0.0,23563.376447,0.01769
2035-02-17,1,418.203353,322.499396,95.703957,0.0,0.0,0.0,9128.49,0.0,23243.03584,0.017993
2035-02-17,2,439.531394,322.499396,117.031998,0.0,0.0,0.0,8015.01,0.0,23068.27631,0.019053
2035-02-17,3,278.49084,108.439852,170.050988,0.0,0.0,0.0,6042.44,0.0,23192.776402,0.012008
2035-02-17,4,321.560098,108.439852,213.120246,0.0,0.0,0.0,4644.92,0.0,23410.047122,0.013736
2035-02-17,5,382.152452,157.479624,224.672829,0.0,0.0,0.0,3792.32,0.0,23657.507291,0.016154
2035-02-17,6,443.136243,218.629852,224.506392,0.0,0.0,0.0,3488.83,0.0,23789.88246,0.018627
2035-02-17,7,389.024735,166.629852,222.394883,0.0,0.0,0.0,3986.91,0.0,24280.32735,0.016022
2035-02-17,8,432.781226,166.629852,266.151374,0.0,0.0,0.0,3098.09,0.0,25057.898787,0.017271
2035-02-17,9,428.617297,166.629852,261.987445,0.0,0.0,0.0,3918.12,0.0,25553.990612,0.016773
2035-02-17,10,358.023405,166.629852,191.393553,0.0,0.0,0.0,6134.68,0.0,25068.355479,0.014282
2035-02-17,11,231.181027,73.350536,157.830491,0.0,0.0,0.0,7139.55,0.0,24337.952286,0.009499
2035-02-17,12,113.325096,15.150308,98.174788,0.0,0.0,0.0,9200.69,0.0,23602.503616,0.004801
2035-02-17,13,61.688354,15.150308,46.538047,0.0,0.0,0.0,11025.84,0.0,23145.449978,0.002665
2035-02-17,14,70.045678,15.150308,54.895371,0.0,0.0,0.0,10373.21,0.0,22834.829301,0.003067
2035-02-17,15,86.973418,15.150308,71.82311,0.0,0.0,0.0,9701.42,0.0,22909.70596,0.003796
2035-02-17,16,109.758889,15.150308,94.608581,0.0,0.0,0.0,9353.3,0.0,23563.872462,0.004658
2035-02-17,17,164.476499,15.150308,149.326191,0.0,0.0,0.0,7806.26,0.0,24372.145828,0.006749
2035-02-17,18,211.774485,15.150308,196.624177,0.0,0.0,0.0,6703.88,0.0,25045.290632,0.008456
2035-02-17,19,218.137218,15.150308,202.98691,0.0,0.0,0.0,6051.01,0.0,24818.257577,0.008789
2035-02-17,20,364.146779,189.490308,174.656471,0.0,0.0,0.0,7103.25,0.0,24960.299309,0.014589
2035-02-17,21,187.019968,56.280308,130.73966,0.0,0.0,0.0,9296.13,0.0,25170.165647,0.00743
2035-02-17,22,230.778619,122.23008,108.54854,0.0,0.0,0.0,10384.18,0.0,25285.637289,0.009127
2035-02-17,23,200.050711,95.679396,104.371315,0.0,0.0,0.0,10955.78,0.0,25013.484011,0.007998
2035-02-18,0,193.808947,95.679396,98.129552,0.0,0.0,0.0,11689.67,0.0,24743.130928,0.007833
2035-02-18,1,181.041834,94.969852,86.071982,0.0,0.0,0.0,12540.3,0.0,24633.691878,0.007349
2035-02-18,2,459.305871,363.029396,96.276475,0.0,0.0,0.0,12675.06,0.0,24781.736127,0.018534
2035-02-18,3,473.543006,379.039396,94.50361,0.0,0.0,0.0,12864.56,0.0,25102.768563,0.018864
2035-02-18,4,799.305202,689.28871,110.016492,0.0,0.0,0.0,12746.7,0.0,25725.744549,0.03107
2035-02-18,5,641.929772,527.28871,114.641063,0.0,0.0,0.0,12811.15,0.0,26215.734127,0.024486
2035-02-18,6,658.594973,535.97871,122.616263,0.0,0.0,0.0,12686.82,0.0,26485.329805,0.024866
2035-02-18,7,802.373637,656.679622,145.694016,0.0,0.0,0.0,12686.94,0.0,27319.003958,0.029371
2035-02-18,8,728.797413,562.679622,166.117791,0.0,0.0,0.0,12238.2,0.0,27752.026847,0.026261
2035-02-18,9,723.223397,565.269622,157.953775,0.0,0.0,0.0,11348.06,0.0,27852.655847,0.025966
2035-02-18,10,676.753207,537.229849,139.523357,0.0,0.0,0.0,11566.76,0.0,27485.454605,0.024622
2035-02-18,11,494.221139,358.349622,135.871518,0.0,0.0,0.0,10826.0,0.0,27028.768535,0.018285
2035-02-18,12,275.647542,141.600077,134.047465,0.0,0.0,0.0,10812.47,0.0,26727.595599,0.010313
2035-02-18,13,248.319773,141.600077,106.719695,0.0,0.0,0.0,11735.42,0.0,26447.682851,0.009389
2035-02-18,14,254.131211,141.600077,112.531134,0.0,0.0,0.0,11320.06,0.0,26286.685559,0.009668
2035-02-18,15,255.169885,141.600077,113.569808,0.0,0.0,0.0,11160.82,0.0,26176.397265,0.009748
2035-02-18,16,251.405992,141.600077,109.805915,0.0,0.0,0.0,12125.6,0.0,26908.104684,0.009343
2035-02-18,17,877.349943,733.610077,143.739866,0.0,0.0,0.0,10801.79,0.0,27917.625273,0.031426
2035-02-18,18,812.977126,640.859849,172.117277,0.0,0.0,0.0,10062.17,0.0,28239.442677,0.028789
2035-02-18,19,835.008557,639.309166,195.699392,0.0,0.0,0.0,8931.97,0.0,28095.764652,0.02972
2035-02-18,20,1062.067016,907.36871,154.698307,0.0,0.0,0.0,10341.56,0.0,27920.283887,0.038039
2035-02-18,21,962.99746,853.36871,109.62875,0.0,0.0,0.0,12807.63,0.0,27679.324632,0.034791
2035-02-18,22,979.908455,853.36871,126.539746,0.0,0.0,0.0,13652.98,0.0,27562.613933,0.035552
2035-02-18,23,976.131536,853.36871,122.762826,0.0,0.0,0.0,13894.48,0.0,27323.704386,0.035725
2035-02-19,0,966.761992,853.36871,113.393282,0.0,0.0,0.0,13707.48,0.0,26900.636761,0.035938
2035-02-19,1,963.52316,853.36871,110.15445,0.0,0.0,0.0,13427.84,0.0,26557.111996,0.036281
2035-02-19,2,1078.519593,970.418482,108.101111,0.0,0.0,0.0,13201.03,0.0,26341.372086,0.040944
2035-02-19,3,893.569133,780.519394,113.049739,0.0,0.0,0.0,13155.32,0.0,26230.828651,0.034066
2035-02-19,4,882.753393,767.250077,115.503316,0.0,0.0,0.0,12890.21,0.0,26355.178968,0.033494
2035-02-19,5,879.166988,756.700305,122.466683,0.0,0.0,0.0,12891.39,0.0,26486.935051,0.033192
2035-02-19,6,832.271426,696.700305,135.571121,0.0,0.0,0.0,12304.93,0.0,27189.696981,0.03061
2035-02-19,7,839.558583,697.700305,141.858278,0.0,0.0,0.0,11476.88,0.0,27753.575435,0.03025
2035-02-19,8,971.869567,804.709166,167.160401,0.0,0.0,0.0,9621.4,0.0,28080.394757,0.03461
2035-02-19,9,868.79665,669.709166,199.087484,0.0,0.0,0.0,8775.96,0.0,28625.287033,0.030351
2035-02-19,10,900.511664,702.348208,198.163456,0.0,0.0,0.0,9767.01,0.0,29569.593518,0.030454
2035-02-19,11,878.962747,670.348208,208.614539,0.0,0.0,0.0,9579.34,0.0,29827.692143,0.029468
2035-02-19,12,870.404538,670.348208,200.05633,0.0,0.0,0.0,10165.68,0.0,30028.751522,0.028986
2035-02-19,13,848.783001,670.348208,178.434793,0.0,0.0,0.0,11377.12,0.0,30290.240985,0.028022
2035-02-19,14,880.753854,670.348208,210.405646,0.0,0.0,0.0,10051.29,0.0,30378.596307,0.028993
2035-02-19,15,937.885398,689.077528,248.80787,0.0,0.0,0.0,8824.02,0.0,30738.004908,0.030512
2035-02-19,16,1369.547172,1080.346609,289.200563,0.0,0.0,0.0,7522.56,0.0,31499.60996,0.043478
2035-02-19,17,1303.492289,951.44752,352.044769,0.0,0.0,0.0,5257.63,0.0,32059.798322,0.040658
2035-02-19,18,1487.730708,1115.127522,372.603187,0.0,0.0,0.0,3493.35,0.0,31513.295689,0.04721
2035-02-19,19,1568.914822,1172.976379,395.938443,0.0,0.0,0.0,1569.71,0.0,30832.57449,0.050885
2035-02-19,20,1415.081335,1007.176607,407.904728,0.0,0.0,0.0,604.02,0.0,30473.372983,0.046437
2035-02-19,21,1396.753771,994.176607,402.577164,0.0,0.0,0.0,537.33,0.0,30243.959265,0.046183
2035-02-19,22,1346.225328,961.966607,384.258721,0.0,0.0,0.0,1039.26,0.0,29950.626527,0.044948
2035-02-19,23,1285.16682,896.865696,388.301125,0.0,0.0,0.0,611.08,0.0,29299.290985,0.043863
2035-02-20,0,1237.774512,865.455696,372.318817,0.0,0.0,0.0,1081.42,0.0,29037.906656,0.042626
2035-02-20,1,1225.147687,865.455696,359.691991,0.0,0.0,0.0,1598.23,0.0,29044.887856,0.042181
2035-02-20,2,1227.46412,859.255468,368.208653,0.0,0.0,0.0,1384.82,0.0,29158.253242,0.042097
2035-02-20,3,1289.600246,906.29524,383.305006,0.0,0.0,0.0,1368.56,0.0,29823.329271,0.043241
2035-02-20,4,1677.537726,1285.0841,392.453626,0.0,0.0,0.0,1811.2,0.0,30925.711399,0.054244
2035-02-20,5,1533.830369,1120.0841,413.746269,0.0,0.0,0.0,1942.74,0.0,32012.832229,0.047913
2035-02-20,6,1534.062697,1120.0841,413.978597,0.0,0.0,0.0,2403.67,0.0,32533.072851,0.047154
2035-02-20,7,1481.797158,1103.644558,378.1526,0.0,0.0,0.0,3507.51,0.0,32301.637034,0.045874
2035-02-20,8,1332.929483,973.476612,359.45287,0.0,0.0,0.0,4421.57,0.0,31649.390534,0.042115
2035-02-20,9,1256.831911,973.476612,283.355299,0.0,0.0,0.0,6445.78,0.0,30321.107064,0.041451
2035-02-20,10,630.445175,424.627297,205.817878,0.0,0.0,0.0,9815.02,0.0,28957.487673,0.021771
2035-02-20,11,600.368044,424.627297,175.740747,0.0,0.0,0.0,9812.54,0.0,27608.812619,0.021746
2035-02-20,12,224.388799,84.298664,140.090135,0.0,0.0,0.0,10602.23,0.0,26319.151204,0.008526
2035-02-20,13,147.552294,59.258892,88.293402,0.0,0.0,0.0,11915.63,0.0,25281.638,0.005836
2035-02-20,14,142.836912,57.848892,84.98802,0.0,0.0,0.0,11115.33,0.0,24316.402827,0.005874
2035-02-20,15,154.205862,57.848892,96.35697,0.0,0.0,0.0,10233.67,0.0,23934.030532,0.006443
2035-02-20,16,182.858806,57.848892,125.009914,0.0,0.0,0.0,9161.58,0.0,24122.135172,0.007581
2035-02-20,17,252.504746,58.848892,193.655854,0.0,0.0,0.0,6491.66,0.0,24643.372368,0.010246
2035-02-20,18,542.299057,301.48912,240.809937,0.0,0.0,0.0,4521.35,0.0,25386.402981,0.021362
2035-02-20,19,439.213661,141.48912,297.724541,0.0,0.0,0.0,2507.8,0.0,25882.162013,0.01697
2035-02-20,20,533.194286,223.16912,310.025166,0.0,0.0,0.0,2331.96,0.0,26285.193158,0.020285
2035-02-20,21,451.894299,166.16912,285.725179,0.0,0.0,0.0,3401.08,0.0,26576.350411,0.017004
2035-02-20,22,411.166326,166.16912,244.997206,0.0,0.0,0.0,5000.48,0.0,26491.599146,0.015521
2035-02-20,23,818.632112,601.768208,216.863904,0.0,0.0,0.0,5451.58,0.0,26111.328788,0.031352
2035-02-21,0,655.541528,451.429166,204.112363,0.0,0.0,0.0,5806.36,0.0,25825.939273,0.025383
2035-02-21,1,594.935657,389.568026,205.367631,0.0,0.0,0.0,6140.95,0.0,26000.284336,0.022882
2035-02-21,2,610.807783,389.568026,221.239757,0.0,0.0,0.0,5802.87,0.0,26367.583328,0.023165
2035-02-21,3,624.377164,389.568026,234.809138,0.0,0.0,0.0,5608.6,0.0,26787.594985,0.023308
2035-02-21,4,901.75401,646.448254,255.305756,0.0,0.0,0.0,5343.43,0.0,27465.604948,0.032832
2035-02-21,5,852.5436,569.448254,283.095346,0.0,0.0,0.0,5016.47,0.0,28326.69748,0.030097
2035-02-21,6,897.447103,577.858254,319.588849,0.0,0.0,0.0,4723.56,0.0,29149.835678,0.030787
2035-02-21,7,882.041943,570.858254,311.183689,0.0,0.0,0.0,4500.06,0.0,28654.723254,0.030782
2035-02-21,8,627.983925,356.79871,271.185215,0.0,0.0,0.0,6033.12,0.0,28216.710382,0.022256
2035-02-21,9,560.685937,356.79871,203.887227,0.0,0.0,0.0,7964.31,0.0,27490.921413,0.020395
2035-02-21,10,489.150061,331.758938,157.391124,0.0,0.0,0.0,9721.17,0.0,26820.299661,0.018238
2035-02-21,11,262.834924,118.138254,144.69667,0.0,0.0,0.0,10158.68,0.0,26475.469493,0.009927
2035-02-21,12,183.390868,73.16871,110.222158,0.0,0.0,0.0,11124.07,0.0,25795.11277,0.00711
2035-02-21,13,98.163884,27.309621,70.854262,0.0,0.0,0.0,12957.14,0.0,25236.16844,0.00389
2035-02-21,14,77.499281,28.309621,49.18966,0.0,0.0,0.0,12768.66,0.0,24569.198786,0.003154
2035-02-21,15,69.802591,27.309621,42.49297,0.0,0.0,0.0,12637.56,0.0,24232.539016,0.002881
2035-02-21,16,77.167367,27.309621,49.857746,0.0,0.0,0.0,12560.42,0.0,24568.509924,0.003141
2035-02-21,17,127.371082,27.309621,100.061461,0.0,0.0,0.0,10718.94,0.0,24983.550861,0.005098
2035-02-21,18,158.400768,28.309621,130.091146,0.0,0.0,0.0,9645.38,0.0,25522.398109,0.006206
2035-02-21,19,198.971978,27.309621,171.662357,0.0,0.0,0.0,7862.19,0.0,25577.732528,0.007779
2035-02-21,20,202.369491,27.309621,175.05987,0.0,0.0,0.0,8306.22,0.0,25569.696806,0.007914
2035-02-21,21,176.769767,27.309621,149.460145,0.0,0.0,0.0,9226.16,0.0,25420.090732,0.006954
2035-02-21,22,179.016778,27.309621,151.707156,0.0,0.0,0.0,8865.41,0.0,25150.628616,0.007118
2035-02-21,23,398.244033,270.209165,128.034868,0.0,0.0,0.0,9239.39,0.0,24723.020247,0.016108
2035-02-22,0,218.44581,116.209165,102.236645,0.0,0.0,0.0,9823.48,0.0,24169.364893,0.009038
2035-02-22,1,197.270448,107.609165,89.661283,0.0,0.0,0.0,10368.88,0.0,24118.298983,0.008179
2035-02-22,2,219.25008,107.609165,111.640915,0.0,0.0,0.0,9450.61,0.0,24157.936934,0.009076
2035-02-22,3,233.850161,107.609165,126.240996,0.0,0.0,0.0,8915.92,0.0,24279.241819,0.009632
2035-02-22,4,242.09649,109.609165,132.487324,0.0,0.0,0.0,8455.84,0.0,24680.298103,0.009809
2035-02-22,5,293.039848,106.969621,186.070227,0.0,0.0,0.0,6911.12,0.0,25363.33774,0.011554
2035-02-22,6,397.817387,161.269849,236.547538,0.0,0.0,0.0,5367.33,0.0,26204.980165,0.015181
2035-02-22,7,427.743528,161.929849,265.813679,0.0,0.0,0.0,4254.85,0.0,26414.387338,0.016194
2035-02-22,8,424.795298,113.929849,310.865449,0.0,0.0,0.0,2456.03,0.0,26315.852629,0.016142
2035-02-22,9,425.955835,113.929849,312.025986,0.0,0.0,0.0,2253.14,0.0,26098.738759,0.016321
2035-02-22,10,387.180911,113.929849,273.251062,0.0,0.0,0.0,3460.11,0.0,25846.042202,0.01498
2035-02-22,11,324.446072,86.459849,237.986223,0.0,0.0,0.0,4989.74,0.0,25687.951339,0.01263
2035-02-22,12,217.432214,18.159621,199.272593,0.0,0.0,0.0,6859.65,0.0,25616.167974,0.008488
2035-02-22,13,154.983297,14.499621,140.483676,0.0,0.0,0.0,9215.46,0.0,25469.063316,0.006085
2035-02-22,14,221.652977,96.179621,125.473356,0.0,0.0,0.0,9719.23,0.0,25387.100507,0.008731
2035-02-22,15,250.197721,131.839621,118.3581,0.0,0.0,0.0,9984.98,0.0,25410.735014,0.009846
2035-02-22,16,182.916646,59.839621,123.077024,0.0,0.0,0.0,10164.69,0.0,25802.990286,0.007089
2035-02-22,17,222.53462,59.839621,162.694999,0.0,0.0,0.0,8985.5,0.0,26233.549615,0.008483
2035-02-22,18,225.780664,59.839621,165.941042,0.0,0.0,0.0,8421.07,0.0,25954.421384,0.008699
2035-02-22,19,248.054355,59.839621,188.214733,0.0,0.0,0.0,6908.52,0.0,25423.596824,0.009757
2035-02-22,20,209.442699,35.159621,174.283078,0.0,0.0,0.0,7378.53,0.0,25209.520239,0.008308
2035-02-22,21,173.871059,35.159621,138.711438,0.0,0.0,0.0,8654.46,0.0,24917.932708,0.006978
2035-02-22,22,153.503933,35.159621,118.344312,0.0,0.0,0.0,9100.07,0.0,24438.606513,0.006281
2035-02-22,23,109.263222,35.159621,74.103601,0.0,0.0,0.0,10846.69,0.0,23770.957117,0.004597
2035-02-23,0,187.274459,103.719165,83.555294,0.0,0.0,0.0,11480.65,0.0,23175.245606,0.008081
2035-02-23,1,147.532785,75.389852,72.142933,0.0,0.0,0.0,11808.05,0.0,22991.617271,0.006417
2035-02-23,2,144.217581,75.159852,69.057729,0.0,0.0,0.0,12347.48,0.0,22737.636552,0.006343
2035-02-23,3,147.041068,75.159852,71.881216,0.0,0.0,0.0,11781.13,0.0,22616.836572,0.006501
2035-02-23,4,167.624751,54.499852,113.124899,0.0,0.0,0.0,9940.35,0.0,22663.940556,0.007396
2035-02-23,5,177.482538,54.499852,122.982687,0.0,0.0,0.0,9729.24,0.0,22899.140172,0.007751
2035-02-23,6,183.203405,10.940308,172.263097,0.0,0.0,0.0,7923.97,0.0,23153.156136,0.007913
2035-02-23,7,231.99885,11.940308,220.058542,0.0,0.0,0.0,6075.33,0.0,23485.086306,0.009879
2035-02-23,8,201.028458,16.940308,184.08815,0.0,0.0,0.0,6050.82,0.0,23897.686977,0.008412
2035-02-23,9,203.965675,5.779852,198.185823,0.0,0.0,0.0,5816.15,0.0,24197.746253,0.008429
2035-02-23,10,174.165727,6.779852,167.385876,0.0,0.0,0.0,6952.94,0.0,24268.479512,0.007177
2035-02-23,11,156.215021,5.779852,150.435169,0.0,0.0,0.0,7646.43,0.0,24238.496342,0.006445
2035-02-23,12,135.49447,5.779852,129.714618,0.0,0.0,0.0,8239.7,0.0,23902.046757,0.005669
2035-02-23,13,107.567234,5.779852,101.787382,0.0,0.0,0.0,9232.37,0.0,23645.855578,0.004549
2035-02-23,14,105.207981,5.779852,99.428129,0.0,0.0,0.0,9666.95,0.0,23374.968852,0.004501
2035-02-23,15,103.736205,5.779852,97.956353,0.0,0.0,0.0,9645.85,0.0,23290.021873,0.004454
2035-02-23,16,96.33618,5.779852,90.556328,0.0,0.0,0.0,10260.68,0.0,23580.113301,0.004085
2035-02-23,17,130.123078,5.779852,124.343226,0.0,0.0,0.0,9056.0,0.0,23839.134194,0.005458
2035-02-23,18,109.422344,5.779852,103.642492,0.0,0.0,0.0,10471.4,0.0,24363.446454,0.004491
2035-02-23,19,208.136369,52.350308,155.786061,0.0,0.0,0.0,8169.43,0.0,24442.146227,0.008515
2035-02-23,20,292.466457,162.589852,129.876606,0.0,0.0,0.0,9227.58,0.0,24564.608143,0.011906
2035-02-23,21,174.059503,80.589852,93.469651,0.0,0.0,0.0,11287.9,0.0,24677.988813,0.007053
2035-02-23,22,276.222295,82.589852,193.632443,0.0,0.0,0.0,5772.61,0.0,24495.172933,0.011277
2035-02-23,23,285.927687,77.98008,207.947607,0.0,0.0,0.0,5014.07,0.0,24269.448932,0.011781
2035-02-24,0,292.23837,77.98008,214.25829,0.0,0.0,0.0,4547.53,0.0,24021.444209,0.012166
2035-02-24,1,301.49022,77.98008,223.51014,0.0,0.0,0.0,4455.1,0.0,24261.30382,0.012427
2035-02-24,2,498.882902,239.119393,259.763509,0.0,0.0,0.0,3271.61,0.0,24586.540276,0.020291
2035-02-24,3,449.688096,173.969393,275.718703,0.0,0.0,0.0,3076.77,0.0,25173.228388,0.017864
2035-02-24,4,390.475766,115.969393,274.506373,0.0,0.0,0.0,3722.4,0.0,25847.499664,0.015107
2035-02-24,5,665.688904,381.699621,283.989283,0.0,0.0,0.0,3775.2,0.0,26598.468579,0.025027
2035-02-24,6,504.306561,226.699621,277.60694,0.0,0.0,0.0,4596.86,0.0,27445.856458,0.018375
2035-02-24,7,553.563807,289.309393,264.254415,0.0,0.0,0.0,6201.4,0.0,28096.34033,0.019702
2035-02-24,8,503.244319,229.309393,273.934926,0.0,0.0,0.0,5057.92,0.0,27532.807412,0.018278
2035-02-24,9,435.576436,163.899849,271.676587,0.0,0.0,0.0,4705.46,0.0,26671.597861,0.016331
2035-02-24,10,346.341572,129.209849,217.131723,0.0,0.0,0.0,5742.11,0.0,25375.870306,0.013648
2035-02-24,11,198.788882,18.479621,180.309261,0.0,0.0,0.0,6634.35,0.0,24288.675907,0.008184
2035-02-24,12,129.033913,18.479621,110.554292,0.0,0.0,0.0,8617.27,0.0,23235.534551,0.005553
2035-02-24,13,38.637746,18.479621,20.158125,0.0,0.0,0.0,11672.53,0.0,22184.068538,0.001742
2035-02-24,14,35.947846,18.479621,17.468224,0.0,0.0,0.0,11645.21,0.0,21684.013162,0.001658
2035-02-24,15,32.054015,18.479621,13.574394,0.0,0.0,0.0,11849.91,0.0,21576.411342,0.001486
2035-02-24,16,37.483159,18.479621,19.003537,0.0,0.0,0.0,12010.17,0.0,21967.059931,0.001706
2035-02-24,17,79.914764,18.479621,61.435143,0.0,0.0,0.0,10632.5,0.0,22758.557694,0.003511
2035-02-24,18,131.489075,18.479621,113.009454,0.0,0.0,0.0,9521.21,0.0,23916.919389,0.005498
2035-02-24,19,251.234588,80.079621,171.154966,0.0,0.0,0.0,7580.9,0.0,24605.864433,0.01021
2035-02-24,20,375.506801,201.419621,174.08718,0.0,0.0,0.0,7976.71,0.0,25212.26867,0.014894
2035-02-24,21,234.019943,72.419621,161.600322,0.0,0.0,0.0,8758.61,0.0,25571.324829,0.009152
2035-02-24,22,233.430746,74.419621,159.011124,0.0,0.0,0.0,8168.5,0.0,25451.981216,0.009171
2035-02-24,23,242.936181,69.090308,173.845873,0.0,0.0,0.0,7244.21,0.0,25135.9006,0.009665
2035-02-25,0,265.134403,69.090308,196.044095,0.0,0.0,0.0,6237.99,0.0,25038.996285,0.010589
2035-02-25,1,288.183887,69.090308,219.093579,0.0,0.0,0.0,5436.02,0.0,25185.333705,0.011443
2035-02-25,2,409.490957,176.480308,233.010649,0.0,0.0,0.0,5187.04,0.0,25412.281305,0.016114
2035-02-25,3,488.985268,249.540308,239.44496,0.0,0.0,0.0,5073.86,0.0,25866.283582,0.018904
2035-02-25,4,816.287005,566.819396,249.467609,0.0,0.0,0.0,4921.51,0.0,26597.206771,0.030691
2035-02-25,5,723.623583,439.819396,283.804187,0.0,0.0,0.0,4471.59,0.0,27887.195543,0.025948
2035-02-25,6,771.672975,439.819396,331.853579,0.0,0.0,0.0,4010.67,0.0,29167.298774,0.026457
2035-02-25,7,781.920172,439.819396,342.100776,0.0,0.0,0.0,3615.05,0.0,29218.508117,0.026761
2035-02-25,8,724.811413,438.409396,286.402018,0.0,0.0,0.0,4839.5,0.0,28378.400458,0.025541
2035-02-25,9,531.033093,305.689396,225.343697,0.0,0.0,0.0,6833.18,0.0,27319.221788,0.019438
2035-02-25,10,233.515745,87.969852,145.545893,0.0,0.0,0.0,9333.11,0.0,26045.906024,0.008966
2035-02-25,11,143.743677,44.410308,99.333369,0.0,0.0,0.0,9937.56,0.0,24497.464835,0.005868
2035-02-25,12,67.350643,10.940308,56.410335,0.0,0.0,0.0,10902.78,0.0,23385.906426,0.00288
2035-02-25,13,29.580208,10.940308,18.639901,0.0,0.0,0.0,12349.39,0.0,22455.06168,0.001317
2035-02-25,14,23.491453,10.940308,12.551145,0.0,0.0,0.0,12252.32,0.0,21738.175238,0.001081
2035-02-25,15,23.626232,10.940308,12.685924,0.0,0.0,0.0,12221.5,0.0,21428.021143,0.001103
2035-02-25,16,34.515033,10.940308,23.574725,0.0,0.0,0.0,12315.17,0.0,21733.296236,0.001588
2035-02-25,17,70.744272,10.940308,59.803964,0.0,0.0,0.0,10948.47,0.0,22552.015466,0.003137
2035-02-25,18,111.051109,10.940308,100.110801,0.0,0.0,0.0,10082.08,0.0,23444.529991,0.004737
2035-02-25,19,156.231583,10.940308,145.291275,0.0,0.0,0.0,8558.59,0.0,23915.753212,0.006533
2035-02-25,20,509.404497,381.769165,127.635332,0.0,0.0,0.0,9162.17,0.0,24130.777942,0.02111
2035-02-25,21,219.085288,112.769165,106.316123,0.0,0.0,0.0,10271.2,0.0,24216.848609,0.009047
2035-02-25,22,232.852025,112.769165,120.08286,0.0,0.0,0.0,9105.28,0.0,24152.405463,0.009641
2035-02-25,23,265.509382,163.709393,101.799989,0.0,0.0,0.0,9468.43,0.0,23758.738659,0.011175
2035-02-26,0,221.776656,140.709393,81.067263,0.0,0.0,0.0,9929.05,0.0,23307.574352,0.009515
2035-02-26,1,212.503927,140.709393,71.794534,0.0,0.0,0.0,10246.02,0.0,23192.62772,0.009163
2035-02-26,2,168.083912,93.820536,74.263376,0.0,0.0,0.0,10358.01,0.0,23142.970861,0.007263
2035-02-26,3,168.879726,93.820536,75.05919,0.0,0.0,0.0,10548.06,0.0,23159.144222,0.007292
2035-02-26,4,165.730904,94.820536,70.910368,0.0,0.0,0.0,10429.21,0.0,23451.375314,0.007067
2035-02-26,5,203.365519,93.820536,109.544983,0.0,0.0,0.0,9579.39,0.0,24298.676035,0.008369
2035-02-26,6,237.679586,93.820536,143.859051,0.0,0.0,0.0,8434.48,0.0,24768.284361,0.009596
2035-02-26,7,205.386571,41.200308,164.186264,0.0,0.0,0.0,7353.64,0.0,24752.844422,0.008297
2035-02-26,8,221.297503,40.200308,181.097195,0.0,0.0,0.0,6436.11,0.0,24575.132829,0.009005
2035-02-26,9,181.013918,10.940308,170.07361,0.0,0.0,0.0,6625.87,0.0,24154.655099,0.007494
2035-02-26,10,145.393391,5.779852,139.613539,0.0,0.0,0.0,7878.95,0.0,24009.132027,0.006056
2035-02-26,11,131.793258,5.779852,126.013406,0.0,0.0,0.0,7869.47,0.0,23385.814489,0.005636
2035-02-26,12,103.025967,5.779852,97.246115,0.0,0.0,0.0,8741.13,0.0,22982.339743,0.004483
2035-02-26,13,61.076152,5.779852,55.2963,0.0,0.0,0.0,10526.22,0.0,22905.633561,0.002666
2035-02-26,14,80.409663,5.779852,74.629811,0.0,0.0,0.0,9817.76,0.0,23035.817078,0.003491
2035-02-26,15,100.403959,5.779852,94.624108,0.0,0.0,0.0,9299.82,0.0,23391.771445,0.004292
2035-02-26,16,119.732235,5.779852,113.952383,0.0,0.0,0.0,9132.76,0.0,24083.067695,0.004972
2035-02-26,17,160.369978,5.779852,154.590126,0.0,0.0,0.0,7974.33,0.0,24672.373077,0.0065
2035-02-26,18,178.116079,5.779852,172.336227,0.0,0.0,0.0,7066.59,0.0,24542.140185,0.007258
2035-02-26,19,201.194473,5.779852,195.414621,0.0,0.0,0.0,5569.59,0.0,24103.078919,0.008347
2035-02-26,20,187.453398,5.779852,181.673546,0.0,0.0,0.0,5786.73,0.0,23741.604916,0.007896
2035-02-26,21,139.118202,5.779852,133.338351,0.0,0.0,0.0,7318.82,0.0,23159.73054,0.006007
2035-02-26,22,106.89311,5.779852,101.113258,0.0,0.0,0.0,8182.09,0.0,22582.675276,0.004733
2035-02-26,23,92.142326,5.779852,86.362474,0.0,0.0,0.0,7974.74,0.0,21715.708563,0.004243
2035-02-27,0,90.23185,5.779852,84.451998,0.0,0.0,0.0,7474.48,0.0,21120.982121,0.004272
2035-02-27,1,81.426343,5.779852,75.646491,0.0,0.0,0.0,7396.46,0.0,20652.503656,0.003943
2035-02-27,2,96.371431,5.779852,90.591579,0.0,0.0,0.0,6367.58,0.0,20282.405393,0.004751
2035-02-27,3,113.910792,5.779852,108.13094,0.0,0.0,0.0,5477.15,0.0,20184.871502,0.005643
2035-02-27,4,136.872873,5.779852,131.093021,0.0,0.0,0.0,4629.36,0.0,20341.981478,0.006729
2035-02-27,5,157.292071,5.779852,151.512219,0.0,0.0,0.0,4090.44,0.0,20732.284415,0.007587
2035-02-27,6,178.703329,5.779852,172.923477,0.0,0.0,0.0,3763.32,0.0,21357.352902,0.008367
2035-02-27,7,187.701809,5.779852,181.921957,0.0,0.0,0.0,3770.3,0.0,21714.421853,0.008644
2035-02-27,8,228.67389,5.779852,222.894039,0.0,0.0,0.0,2683.9,0.0,22215.610696,0.010293
2035-02-27,9,241.672611,5.779852,235.892759,0.0,0.0,0.0,2753.98,0.0,22754.353449,0.010621
2035-02-27,10,236.882409,5.779852,231.102557,0.0,0.0,0.0,3569.53,0.0,23384.887417,0.01013
2035-02-27,11,234.043656,5.779852,228.263804,0.0,0.0,0.0,4254.01,0.0,23936.147866,0.009778
2035-02-27,12,223.707444,5.779852,217.927592,0.0,0.0,0.0,5204.3,0.0,24482.913626,0.009137
2035-02-27,13,197.520814,5.779852,191.740963,0.0,0.0,0.0,6587.9,0.0,24836.271787,0.007953
2035-02-27,14,201.543505,5.779852,195.763653,0.0,0.0,0.0,6829.2,0.0,25240.642615,0.007985
2035-02-27,15,250.954539,38.989852,211.964688,0.0,0.0,0.0,6818.8,0.0,25951.413201,0.00967
2035-02-27,16,506.181943,266.169621,240.012322,0.0,0.0,0.0,6544.84,0.0,26920.83551,0.018803
2035-02-27,17,530.529328,261.428937,269.100391,0.0,0.0,0.0,6030.45,0.0,27865.881441,0.019039
2035-02-27,18,481.494531,194.369165,287.125366,0.0,0.0,0.0,5487.66,0.0,28162.786961,0.017097
2035-02-27,19,989.181742,696.308937,292.872805,0.0,0.0,0.0,4226.06,0.0,27493.218658,0.035979
2035-02-27,20,879.185086,565.308937,313.876149,0.0,0.0,0.0,2947.43,0.0,27229.2242,0.032288
2035-02-27,21,863.130363,565.308937,297.821426,0.0,0.0,0.0,3416.85,0.0,27168.959706,0.031769
2035-02-27,22,806.597976,565.308937,241.289039,0.0,0.0,0.0,5678.2,0.0,27097.958057,0.029766
2035-02-27,23,797.028153,565.308937,231.719216,0.0,0.0,0.0,5718.28,0.0,26355.376248,0.030242
2035-02-28,0,851.738472,646.109165,205.629307,0.0,0.0,0.0,6144.96,0.0,25735.131522,0.033096
2035-02-28,1,1342.051381,1161.119165,180.932216,0.0,0.0,0.0,6605.3,0.0,25639.841788,0.052342
2035-02-28,2,1129.772463,931.238937,198.533525,0.0,0.0,0.0,6000.01,0.0,25676.5203,0.044
2035-02-28,3,1142.921733,931.238937,211.682795,0.0,0.0,0.0,5538.9,0.0,25809.71885,0.044283
2035-02-28,4,1160.262212,931.238937,229.023274,0.0,0.0,0.0,5208.82,0.0,26235.415555,0.044225
2035-02-28,5,1208.916462,978.069621,230.846841,0.0,0.0,0.0,5246.38,0.0,26401.346141,0.04579
2035-02-28,6,1168.876781,933.069621,235.80716,0.0,0.0,0.0,5414.4,0.0,26804.481734,0.043608
2035-02-28,7,1321.135564,1066.819621,254.315943,0.0,0.0,0.0,5334.29,0.0,27507.932908,0.048027
2035-02-28,8,1297.556205,987.819621,309.736584,0.0,0.0,0.0,3928.97,0.0,28420.88442,0.045655
2035-02-28,9,1304.221284,988.819621,315.401663,0.0,0.0,0.0,3875.21,0.0,29037.631263,0.044915
2035-02-28,10,1290.820068,987.819621,303.000446,0.0,0.0,0.0,4615.57,0.0,29386.683265,0.043925
2035-02-28,11,1097.938764,773.760077,324.178687,0.0,0.0,0.0,4248.79,0.0,29459.947887,0.037269
2035-02-28,12,1062.585516,748.720305,313.865211,0.0,0.0,0.0,4840.38,0.0,29518.474721,0.035997
2035-02-28,13,1001.777353,716.510305,285.267049,0.0,0.0,0.0,5648.05,0.0,29114.283909,0.034408
2035-02-28,14,979.702202,716.510305,263.191897,0.0,0.0,0.0,6133.44,0.0,28770.303207,0.034053
2035-02-28,15,970.409393,716.510305,253.899088,0.0,0.0,0.0,6490.52,0.0,28770.971083,0.033729
2035-02-28,16,960.92874,716.510305,244.418435,0.0,0.0,0.0,7318.9,0.0,29190.621178,0.032919
2035-02-28,17,1114.100904,826.69076,287.410144,0.0,0.0,0.0,6255.55,0.0,29993.033233,0.037145
2035-02-28,18,1079.702557,754.69076,325.011797,0.0,0.0,0.0,5462.88,0.0,30708.980564,0.035159
2035-02-28,19,1096.574282,754.69076,341.883522,0.0,0.0,0.0,4415.47,0.0,30265.385555,0.036232
2035-02-28,20,1098.404234,754.69076,343.713474,0.0,0.0,0.0,4269.65,0.0,30270.241269,0.036287
2035-02-28,21,1066.828919,752.860077,313.968843,0.0,0.0,0.0,5311.72,0.0,30171.240394,0.035359
2035-02-28,22,1017.694572,731.010077,286.684496,0.0,0.0,0.0,6102.86,0.0,29896.889586,0.03404
2035-02-28,23,989.311881,692.139621,297.17226,0.0,0.0,0.0,5650.81,0.0,29364.717866,0.03369
2035-03-01,0,1368.504163,1081.928254,286.575909,0.0,0.0,0.0,5934.89,0.0,29553.359158,0.046306
2035-03-01,1,1198.999373,938.928254,260.071119,0.0,0.0,0.0,6801.71,0.0,29599.101955,0.040508
2035-03-01,2,1230.765017,942.627068,288.137949,0.0,0.0,0.0,5874.58,0.0,29650.157849,0.04151
2035-03-01,3,1949.225253,1644.268208,304.957045,0.0,0.0,0.0,5334.87,0.0,30129.227517,0.064695
2035-03-01,4,2071.094979,1738.107524,332.987455,0.0,0.0,0.0,4824.83,0.0,31073.202259,0.066652
2035-03-01,5,2584.539446,2219.537752,365.001694,0.0,0.0,0.0,4718.8,0.0,32591.377661,0.079301
2035-03-01,6,2510.074758,2099.537752,410.537006,0.0,0.0,0.0,4569.01,0.0,34516.650472,0.072721
2035-03-01,7,2509.577563,2099.537752,410.039811,0.0,0.0,0.0,4481.21,0.0,34451.265215,0.072844
2035-03-01,8,2475.087278,2098.89871,376.188569,0.0,0.0,0.0,4161.47,0.0,32861.087985,0.07532
2035-03-01,9,1697.230725,1355.04757,342.183155,0.0,0.0,0.0,4947.68,0.0,31669.11106,0.053593
2035-03-01,10,1445.709423,1140.988026,304.721397,0.0,0.0,0.0,5345.93,0.0,30343.818625,0.047644
2035-03-01,11,1153.50537,891.71757,261.7878,0.0,0.0,0.0,6097.04,0.0,29047.222613,0.039711
2035-03-01,12,903.992868,696.59757,207.395298,0.0,0.0,0.0,7164.89,0.0,27583.341572,0.032773
2035-03-01,13,311.542754,155.58757,155.955184,0.0,0.0,0.0,8926.1,0.0,26556.326263,0.011731
2035-03-01,14,284.54149,130.547797,153.993693,0.0,0.0,0.0,8382.98,0.0,25846.903382,0.011009
2035-03-01,15,296.900147,130.547797,166.35235,0.0,0.0,0.0,8049.33,0.0,26048.385459,0.011398
2035-03-01,16,310.712707,130.547797,180.164909,0.0,0.0,0.0,8064.74,0.0,26664.275901,0.011653
2035-03-01,17,822.156246,584.628025,237.528221,0.0,0.0,0.0,6185.8,0.0,27533.529678,0.02986
2035-03-01,18,746.947044,443.718253,303.228791,0.0,0.0,0.0,4321.58,0.0,28355.181757,0.026343
2035-03-01,19,739.411981,405.718253,333.693728,0.0,0.0,0.0,2823.31,0.0,28208.78377,0.026212
2035-03-01,20,755.521127,405.718253,349.802874,0.0,0.0,0.0,2007.04,0.0,28041.348307,0.026943
2035-03-01,21,728.75237,405.718253,323.034117,0.0,0.0,0.0,2657.04,0.0,27756.300682,0.026255
2035-03-01,22,666.742946,402.058253,264.684693,0.0,0.0,0.0,4548.63,0.0,27196.661479,0.024516
2035-03-01,23,1197.600958,955.718253,241.882705,0.0,0.0,0.0,4671.96,0.0,26752.906603,0.044765
2035-03-02,0,1120.304832,896.73871,223.566122,0.0,0.0,0.0,5262.84,0.0,26402.964838,0.042431
2035-03-02,1,871.405399,658.918254,212.487145,0.0,0.0,0.0,5996.23,0.0,26336.92399,0.033087
2035-03-02,2,861.420455,658.918254,202.502201,0.0,0.0,0.0,6434.33,0.0,26347.486025,0.032695
2035-03-02,3,1119.762188,932.038254,187.723934,0.0,0.0,0.0,7355.67,0.0,26752.06518,0.041857
2035-03-02,4,1298.464119,1122.097798,176.366321,0.0,0.0,0.0,8303.1,0.0,27363.893081,0.047452
2035-03-02,5,1263.990999,1068.097798,195.893201,0.0,0.0,0.0,8166.55,0.0,28113.357316,0.044961
2035-03-02,6,1308.485267,1068.097798,240.387468,0.0,0.0,0.0,7162.9,0.0,28966.337493,0.045173
2035-03-02,7,1359.532315,1068.097798,291.434517,0.0,0.0,0.0,5532.61,0.0,29619.563126,0.0459
2035-03-02,8,1384.738603,1059.497798,325.240804,0.0,0.0,0.0,4091.51,0.0,29373.3629,0.047143
2035-03-02,9,1172.180608,864.377798,307.80281,0.0,0.0,0.0,4149.75,0.0,28547.266302,0.041061
2035-03-02,10,918.581979,650.318254,268.263725,0.0,0.0,0.0,5208.5,0.0,27822.703372,0.033016
2035-03-02,11,372.608135,109.308254,263.299881,0.0,0.0,0.0,5492.27,0.0,27115.364837,0.013742
2035-03-02,12,321.089316,109.308254,211.781062,0.0,0.0,0.0,6788.85,0.0,26460.568502,0.012135
2035-03-02,13,271.894929,109.308254,162.586675,0.0,0.0,0.0,8608.26,0.0,26157.949039,0.010394
2035-03-02,14,264.148399,109.308254,154.840145,0.0,0.0,0.0,8807.71,0.0,26013.176916,0.010154
2035-03-02,15,315.46858,154.088482,161.380098,0.0,0.0,0.0,8791.72,0.0,26303.506437,0.011993
2035-03-02,16,284.411756,112.088482,172.323274,0.0,0.0,0.0,8858.44,0.0,26845.539185,0.010594
2035-03-02,17,668.116138,446.808482,221.307656,0.0,0.0,0.0,7646.14,0.0,27665.018221,0.02415
2035-03-02,18,576.608353,315.808482,260.799871,0.0,0.0,0.0,6974.19,0.0,28265.514945,0.0204
2035-03-02,19,581.007985,315.808482,265.199503,0.0,0.0,0.0,6522.37,0.0,28072.49873,0.020697
2035-03-02,20,1055.264927,839.338254,215.926674,0.0,0.0,0.0,7673.16,0.0,27732.946252,0.038051
2035-03-02,21,856.086646,705.558026,150.52862,0.0,0.0,0.0,10537.21,0.0,27499.349857,0.031131
2035-03-02,22,818.265072,705.558026,112.707046,0.0,0.0,0.0,11801.6,0.0,27221.896915,0.030059
2035-03-02,23,679.115147,510.438026,168.677121,0.0,0.0,0.0,9294.82,0.0,27135.563353,0.025027
2035-03-03,0,724.532618,510.438026,214.094592,0.0,0.0,0.0,7327.2,0.0,27173.470322,0.026663
2035-03-03,1,804.941387,562.378254,242.563133,0.0,0.0,0.0,5901.78,0.0,27066.717163,0.029739
2035-03-03,2,598.44863,360.498026,237.950604,0.0,0.0,0.0,6158.91,0.0,27079.121149,0.0221
2035-03-03,3,1153.963754,950.508026,203.455728,0.0,0.0,0.0,7163.4,0.0,27312.41459,0.042251
2035-03-03,4,1075.059232,900.508026,174.551206,0.0,0.0,0.0,8645.57,0.0,27510.34356,0.039078
2035-03-03,5,1083.025957,900.508026,182.51793,0.0,0.0,0.0,7946.57,0.0,27192.986515,0.039827
2035-03-03,6,877.572465,686.448482,191.123983,0.0,0.0,0.0,7528.63,0.0,26677.92169,0.032895
2035-03-03,7,904.956375,686.448482,218.507893,0.0,0.0,0.0,6859.03,0.0,27213.880525,0.033253
2035-03-03,8,918.816293,686.448482,232.367811,0.0,0.0,0.0,7022.68,0.0,27988.11722,0.032829
2035-03-03,9,894.033682,686.448482,207.5852,0.0,0.0,0.0,8404.19,0.0,28273.275748,0.031621
2035-03-03,10,833.165095,686.448482,146.716613,0.0,0.0,0.0,10940.81,0.0,27827.760761,0.02994
2035-03-03,11,293.31489,145.438482,147.876408,0.0,0.0,0.0,11298.63,0.0,27710.455569,0.010585
2035-03-03,12,250.518221,116.498254,134.019967,0.0,0.0,0.0,11862.62,0.0,27609.783585,0.009074
2035-03-03,13,211.663949,116.498254,95.165695,0.0,0.0,0.0,13284.37,0.0,27330.317621,0.007745
2035-03-03,14,198.917631,117.498254,81.419377,0.0,0.0,0.0,13527.86,0.0,27262.893976,0.007296
2035-03-03,15,194.917606,116.498254,78.419352,0.0,0.0,0.0,13988.55,0.0,27577.534112,0.007068
2035-03-03,16,217.331805,116.498254,100.833551,0.0,0.0,0.0,13631.26,0.0,28210.155048,0.007704
2035-03-03,17,541.85464,384.557798,157.296842,0.0,0.0,0.0,12044.73,0.0,29242.58729,0.01853
2035-03-03,18,802.78968,595.848026,206.941654,0.0,0.0,0.0,10789.58,0.0,30304.766476,0.026491
2035-03-03,19,797.083706,511.848026,285.23568,0.0,0.0,0.0,7915.39,0.0,30711.600328,0.025954
2035-03-03,20,1337.148935,1102.858026,234.290909,0.0,0.0,0.0,9530.04,0.0,30921.505817,0.043243
2035-03-03,21,1210.764118,1050.248254,160.515864,0.0,0.0,0.0,13257.5,0.0,31195.835702,0.038812
2035-03-03,22,1178.469771,1050.248254,128.221517,0.0,0.0,0.0,14701.54,0.0,31000.141772,0.038015
2035-03-03,23,1221.17175,1049.019621,172.152128,0.0,0.0,0.0,14720.91,0.0,30898.641693,0.039522
2035-03-04,0,1812.619658,1634.500533,178.119125,0.0,0.0,0.0,14619.36,0.0,31110.791071,0.058263
2035-03-04,1,1501.312545,1322.500533,178.812011,0.0,0.0,0.0,14318.08,0.0,31216.529072,0.048094
2035-03-04,2,1512.760277,1322.500533,190.259744,0.0,0.0,0.0,14116.12,0.0,31512.765657,0.048005
2035-03-04,3,1527.292945,1322.500533,204.792412,0.0,0.0,0.0,13978.02,0.0,32079.563036,0.04761
2035-03-04,4,1671.066677,1438.440761,232.625916,0.0,0.0,0.0,13614.66,0.0,33000.499051,0.050638
2035-03-04,5,2312.91008,2065.380533,247.529547,0.0,0.0,0.0,13934.05,0.0,34164.494145,0.067699
2035-03-04,6,2296.580207,2019.610533,276.969674,0.0,0.0,0.0,13883.36,0.0,35706.818993,0.064318
2035-03-04,7,2331.735162,2068.839166,262.895996,0.0,0.0,0.0,13497.11,0.0,36646.00106,0.063629
2035-03-04,8,2277.086531,1976.839166,300.247366,0.0,0.0,0.0,12097.69,0.0,37184.754562,0.061237
2035-03-04,9,2299.167551,1975.839166,323.328386,0.0,0.0,0.0,11317.66,0.0,37410.814715,0.061457
2035-03-04,10,1995.937664,1672.978938,322.958726,0.0,0.0,0.0,11654.36,0.0,37486.722692,0.053244
2035-03-04,11,1943.544112,1605.978938,337.565174,0.0,0.0,0.0,10624.82,0.0,37086.578963,0.052406
2035-03-04,12,1324.339566,981.648938,342.690628,0.0,0.0,0.0,10053.91,0.0,36548.826117,0.036235
2035-03-04,13,1278.590646,980.648938,297.941708,0.0,0.0,0.0,11398.72,0.0,36090.089942,0.035428
2035-03-04,14,1265.420925,980.648938,284.771987,0.0,0.0,0.0,11507.69,0.0,35624.782946,0.035521
2035-03-04,15,1252.054286,980.648938,271.405348,0.0,0.0,0.0,11514.51,0.0,35051.886556,0.03572
2035-03-04,16,1262.943774,980.648938,282.294836,0.0,0.0,0.0,11755.07,0.0,35777.788947,0.0353
2035-03-04,17,1855.789769,1504.908937,350.880833,0.0,0.0,0.0,9750.13,0.0,37079.87289,0.050048
2035-03-04,18,2327.633894,1912.356661,415.277233,0.0,0.0,0.0,7959.28,0.0,38614.747511,0.060278
2035-03-04,19,2292.240299,1835.506198,456.7341,0.0,0.0,0.0,5961.97,0.0,38751.258275,0.059153
2035-03-04,20,2292.687422,1821.845288,470.842134,0.0,0.0,0.0,4845.63,0.0,38525.887654,0.05951
2035-03-04,21,2172.834067,1696.845288,475.988779,0.0,0.0,0.0,4229.83,0.0,38141.50787,0.056968
2035-03-04,22,2171.401653,1696.845288,474.556365,0.0,0.0,0.0,3593.86,0.0,37315.125009,0.058191
2035-03-04,23,2164.73408,1696.845288,467.888792,0.0,0.0,0.0,3391.05,0.0,36879.197042,0.058698
2035-03-05,0,2159.528506,1696.845288,462.683218,0.0,0.0,0.0,3370.72,0.0,36625.970682,0.058962
2035-03-05,1,2160.908697,1696.845288,464.063409,0.0,0.0,0.0,3488.52,0.0,36803.033973,0.058716
2035-03-05,2,2457.340854,1984.406427,472.934427,0.0,0.0,0.0,3226.46,0.0,37052.494148,0.066321
2035-03-05,3,2529.707811,2057.095743,472.612068,0.0,0.0,0.0,3097.63,0.0,37381.567199,0.067673
2035-03-05,4,3514.041704,3033.276199,480.765505,0.0,0.0,0.0,3155.32,0.0,38092.39026,0.09225
2035-03-05,5,3742.854841,3232.126657,510.728184,0.0,0.0,0.0,2642.22,0.0,39117.731281,0.095682
2035-03-05,6,3646.927605,3118.246657,528.680948,0.0,0.0,0.0,2364.27,0.0,39541.049841,0.092231
2035-03-05,7,3557.509327,3030.246657,527.26267,0.0,0.0,0.0,2376.22,0.0,39520.529179,0.090017
2035-03-05,8,3528.08143,3030.246657,497.834773,0.0,0.0,0.0,2599.11,0.0,38563.695433,0.091487
2035-03-05,9,2938.053322,2489.236657,448.816665,0.0,0.0,0.0,3529.5,0.0,36804.842944,0.079828
2035-03-05,10,1431.071382,1029.346884,401.724498,0.0,0.0,0.0,5081.34,0.0,35245.348506,0.040603
2035-03-05,11,1114.694819,769.106199,345.58862,0.0,0.0,0.0,6142.7,0.0,33226.436739,0.033548
2035-03-05,12,517.836653,226.998703,290.83795,0.0,0.0,0.0,7466.67,0.0,31375.074753,0.016505
2035-03-05,13,413.419147,186.008703,227.410444,0.0,0.0,0.0,8835.7,0.0,29837.151454,0.013856
2035-03-05,14,378.113868,186.008703,192.105165,0.0,0.0,0.0,9029.65,0.0,28460.073852,0.013286
2035-03-05,15,365.238958,186.008703,179.230254,0.0,0.0,0.0,9201.06,0.0,28070.424295,0.013012
2035-03-05,16,371.97071,186.008703,185.962006,0.0,0.0,0.0,9518.05,0.0,28681.826726,0.012969
2035-03-05,17,680.520968,442.888931,237.632037,0.0,0.0,0.0,8688.61,0.0,30208.618217,0.022527
2035-03-05,18,1258.209439,956.898931,301.310508,0.0,0.0,0.0,7857.26,0.0,32329.607805,0.038918
2035-03-05,19,1353.190953,1005.878931,347.312021,0.0,0.0,0.0,6781.02,0.0,33622.880998,0.040246
2035-03-05,20,1507.33901,1117.097794,390.241215,0.0,0.0,0.0,5360.0,0.0,34051.087933,0.044267
2035-03-05,21,1794.187791,1386.828707,407.359084,0.0,0.0,0.0,4176.54,0.0,34131.361984,0.052567
2035-03-05,22,1550.932506,1121.828707,429.103799,0.0,0.0,0.0,2801.19,0.0,33757.287274,0.045944
2035-03-05,23,2534.954128,2117.855973,417.098155,0.0,0.0,0.0,2346.68,0.0,33770.80604,0.075063
2035-03-06,0,2021.553035,1597.855973,423.697062,0.0,0.0,0.0,2187.36,0.0,33945.353101,0.059553
2035-03-06,1,2022.826077,1592.715973,430.110104,0.0,0.0,0.0,2442.09,0.0,34470.882645,0.058682
2035-03-06,2,2036.008347,1592.715973,443.292374,0.0,0.0,0.0,2345.08,0.0,34956.602994,0.058244
2035-03-06,3,2084.79867,1625.355015,459.443655,0.0,0.0,0.0,2376.64,0.0,35726.563081,0.058354
2035-03-06,4,2501.668099,2028.774559,472.89354,0.0,0.0,0.0,2473.01,0.0,36882.678423,0.067828
2035-03-06,5,2706.812621,2206.253873,500.558748,0.0,0.0,0.0,2526.82,0.0,38258.291646,0.070751
2035-03-06,6,2591.237078,2079.023873,512.213205,0.0,0.0,0.0,2675.74,0.0,38943.851657,0.066538
2035-03-06,7,2560.594624,2079.023873,481.57075,0.0,0.0,0.0,2912.16,0.0,37900.594187,0.067561
2035-03-06,8,1944.316092,1534.694556,409.621536,0.0,0.0,0.0,3667.61,0.0,34875.537549,0.05575
2035-03-06,9,1096.651852,767.387523,329.264329,0.0,0.0,0.0,5556.44,0.0,31844.829249,0.034437
2035-03-06,10,580.941972,346.627752,234.314221,0.0,0.0,0.0,8337.12,0.0,29415.011193,0.01975
2035-03-06,11,213.185625,61.219122,151.966503,0.0,0.0,0.0,10275.98,0.0,27371.634085,0.007789
2035-03-06,12,125.494513,36.539122,88.955391,0.0,0.0,0.0,11362.47,0.0,25591.557857,0.004904
2035-03-06,13,66.56589,35.829578,30.736312,0.0,0.0,0.0,13009.53,0.0,24460.60653,0.002721
2035-03-06,14,56.903645,35.829578,21.074067,0.0,0.0,0.0,12829.9,0.0,23553.630029,0.002416
2035-03-06,15,56.043777,35.829578,20.214199,0.0,0.0,0.0,12509.47,0.0,23302.021524,0.002405
2035-03-06,16,68.504857,35.829578,32.675279,0.0,0.0,0.0,12273.59,0.0,23740.655313,0.002886
2035-03-06,17,120.118488,35.829578,84.28891,0.0,0.0,0.0,10782.68,0.0,24625.854925,0.004878
2035-03-06,18,269.415132,128.489578,140.925553,0.0,0.0,0.0,9560.37,0.0,25979.356097,0.01037
2035-03-06,19,329.977879,125.049122,204.928757,0.0,0.0,0.0,7622.62,0.0,26740.272607,0.01234
2035-03-06,20,620.891173,449.788666,171.102507,0.0,0.0,0.0,8859.43,0.0,27001.380406,0.022995
2035-03-06,21,466.117554,336.739624,129.37793,0.0,0.0,0.0,11131.18,0.0,26875.525477,0.017344
2035-03-06,22,444.315436,348.449167,95.866268,0.0,0.0,0.0,11759.77,0.0,25996.796984,0.017091
2035-03-06,23,1246.34356,1185.339395,61.004165,0.0,0.0,0.0,12164.81,0.0,25274.073207,0.049313
2035-03-07,0,1099.758953,1048.158026,51.600927,0.0,0.0,0.0,12082.24,0.0,24805.267399,0.044336
2035-03-07,1,1095.312772,1049.158026,46.154746,0.0,0.0,0.0,11876.64,0.0,24637.30952,0.044457
2035-03-07,2,884.852546,834.098482,50.754065,0.0,0.0,0.0,11617.0,0.0,24514.413527,0.036095
2035-03-07,3,890.28694,834.098482,56.188458,0.0,0.0,0.0,11396.25,0.0,24577.413416,0.036224
2035-03-07,4,960.479491,886.03871,74.440781,0.0,0.0,0.0,10743.68,0.0,24905.832104,0.038564
2035-03-07,5,421.216707,322.02871,99.187997,0.0,0.0,0.0,10979.26,0.0,25661.681568,0.016414
2035-03-07,6,455.739994,320.570077,135.169917,0.0,0.0,0.0,10785.16,0.0,26748.275683,0.017038
2035-03-07,7,445.452516,321.570077,123.882439,0.0,0.0,0.0,10382.63,0.0,26349.898674,0.016905
2035-03-07,8,258.942225,128.790077,130.152148,0.0,0.0,0.0,9656.35,0.0,25607.651437,0.010112
2035-03-07,9,200.839648,85.230534,115.609114,0.0,0.0,0.0,9441.1,0.0,24664.473192,0.008143
2035-03-07,10,91.156597,5.78985,85.366747,0.0,0.0,0.0,10086.95,0.0,23714.502227,0.003844
2035-03-07,11,68.846453,5.78985,63.056604,0.0,0.0,0.0,10295.3,0.0,22929.223179,0.003003
2035-03-07,12,48.202436,5.78985,42.412586,0.0,0.0,0.0,10773.22,0.0,22471.338232,0.002145
2035-03-07,13,24.529235,5.78985,18.739385,0.0,0.0,0.0,12078.41,0.0,22318.352589,0.001099
2035-03-07,14,24.119214,5.78985,18.329364,0.0,0.0,0.0,12102.69,0.0,22476.333887,0.001073
2035-03-07,15,32.582589,5.78985,26.792739,0.0,0.0,0.0,12057.51,0.0,22958.897613,0.001419
2035-03-07,16,40.94541,5.78985,35.15556,0.0,0.0,0.0,12391.62,0.0,23694.81683,0.001728
2035-03-07,17,91.01724,5.78985,85.22739,0.0,0.0,0.0,10842.88,0.0,24446.142336,0.003723
2035-03-07,18,137.58053,5.78985,131.79068,0.0,0.0,0.0,9618.56,0.0,25267.00799,0.005445
2035-03-07,19,179.728098,5.78985,173.938248,0.0,0.0,0.0,7769.05,0.0,25265.082016,0.007114
2035-03-07,20,277.608144,136.610306,140.997839,0.0,0.0,0.0,9018.8,0.0,24917.722895,0.011141
2035-03-07,21,133.10749,31.610306,101.497184,0.0,0.0,0.0,11393.67,0.0,24117.316023,0.005519
2035-03-07,22,101.851667,31.610306,70.241362,0.0,0.0,0.0,12170.73,0.0,22874.686506,0.004453
2035-03-07,23,314.592894,276.659849,37.933045,0.0,0.0,0.0,12431.87,0.0,21714.723781,0.014488
2035-03-08,0,136.690209,109.330536,27.359673,0.0,0.0,0.0,12466.28,0.0,20847.301651,0.006557
2035-03-08,1,130.193204,109.330536,20.862668,0.0,0.0,0.0,12252.67,0.0,20375.861667,0.00639
2035-03-08,2,109.136123,88.670536,20.465587,0.0,0.0,0.0,12100.65,0.0,20097.723409,0.00543
2035-03-08,3,109.282339,88.670536,20.611803,0.0,0.0,0.0,11918.14,0.0,20040.395727,0.005453
2035-03-08,4,113.539985,89.670536,23.869449,0.0,0.0,0.0,11404.57,0.0,20294.476064,0.005595
2035-03-08,5,76.000855,33.300992,42.699863,0.0,0.0,0.0,11422.04,0.0,21275.167541,0.003572
2035-03-08,6,124.669677,32.300992,92.368685,0.0,0.0,0.0,10812.53,0.0,22992.864714,0.005422
2035-03-08,7,138.159347,49.010536,89.148811,0.0,0.0,0.0,9873.24,0.0,23485.410316,0.005883
2035-03-08,8,116.62521,10.330536,106.294674,0.0,0.0,0.0,8720.54,0.0,23395.9612,0.004985
2035-03-08,9,123.506725,3.17008,120.336646,0.0,0.0,0.0,8263.48,0.0,23487.19,0.005258
2035-03-08,10,121.320078,3.17008,118.149998,0.0,0.0,0.0,8472.51,0.0,23585.250454,0.005144
2035-03-08,11,118.038345,3.17008,114.868265,0.0,0.0,0.0,9088.37,0.0,24043.81834,0.004909
2035-03-08,12,101.870463,3.17008,98.700383,0.0,0.0,0.0,9931.58,0.0,24165.264579,0.004216
2035-03-08,13,86.03957,3.17008,82.86949,0.0,0.0,0.0,11286.68,0.0,24839.767421,0.003464
2035-03-08,14,91.416562,3.17008,88.246482,0.0,0.0,0.0,11678.38,0.0,25475.065237,0.003588
2035-03-08,15,97.192049,3.17008,94.021969,0.0,0.0,0.0,11958.29,0.0,26013.140402,0.003736
2035-03-08,16,104.247474,3.17008,101.077394,0.0,0.0,0.0,12216.13,0.0,26588.645631,0.003921
2035-03-08,17,142.090295,3.17008,138.920215,0.0,0.0,0.0,10880.32,0.0,26871.191268,0.005288
2035-03-08,18,166.951263,3.17008,163.781183,0.0,0.0,0.0,9988.34,0.0,27052.633037,0.006171
2035-03-08,19,191.96429,3.17008,188.79421,0.0,0.0,0.0,8590.03,0.0,26759.188933,0.007174
2035-03-08,20,358.528406,215.670536,142.85787,0.0,0.0,0.0,9892.53,0.0,26267.008128,0.013649
2035-03-08,21,153.573171,52.960992,100.612178,0.0,0.0,0.0,12418.84,0.0,25714.838906,0.005972
2035-03-08,22,173.020801,121.520536,51.500265,0.0,0.0,0.0,13507.75,0.0,24804.72912,0.006975
2035-03-08,23,171.504972,96.520536,74.984436,0.0,0.0,0.0,13735.28,0.0,23765.349252,0.007217
2035-03-09,0,150.122799,96.520536,53.602263,0.0,0.0,0.0,13737.98,0.0,22735.188001,0.006603
2035-03-09,1,165.956672,96.520536,69.436136,0.0,0.0,0.0,13104.03,0.0,23026.493389,0.007207
2035-03-09,2,109.623326,66.68008,42.943246,0.0,0.0,0.0,13125.36,0.0,21662.810385,0.00506
2035-03-09,3,108.849267,66.68008,42.169187,0.0,0.0,0.0,13012.26,0.0,21596.158938,0.00504
2035-03-09,4,150.380756,66.68008,83.700676,0.0,0.0,0.0,11177.33,0.0,21732.722734,0.00692
2035-03-09,5,107.879481,66.68008,41.199401,0.0,0.0,0.0,13458.06,0.0,21961.192897,0.004912
2035-03-09,6,131.252306,66.68008,64.572226,0.0,0.0,0.0,13294.5,0.0,22439.153166,0.005849
2035-03-09,7,117.036525,76.68008,40.356445,0.0,0.0,0.0,11618.85,0.0,22736.85786,0.005147
2035-03-09,8,66.417975,2.460536,63.957439,0.0,0.0,0.0,11411.6,0.0,23484.154295,0.002828
2035-03-09,9,87.133814,15.17008,71.963734,0.0,0.0,0.0,11036.71,0.0,24148.396366,0.003608
2035-03-09,10,86.483199,3.17008,83.313119,0.0,0.0,0.0,11154.89,0.0,24767.98294,0.003492
2035-03-09,11,91.050461,3.17008,87.880381,0.0,0.0,0.0,11349.48,0.0,25153.6302,0.00362
2035-03-09,12,84.504945,3.17008,81.334865,0.0,0.0,0.0,11897.59,0.0,25404.70453,0.003326
2035-03-09,13,68.891934,3.17008,65.721854,0.0,0.0,0.0,13001.72,0.0,25825.534936,0.002668
2035-03-09,14,87.641219,3.17008,84.471139,0.0,0.0,0.0,12598.28,0.0,26256.993768,0.003338
2035-03-09,15,119.275806,3.17008,116.105726,0.0,0.0,0.0,11946.31,0.0,27007.731753,0.004416
2035-03-09,16,141.266721,3.17008,138.096641,0.0,0.0,0.0,11492.57,0.0,27526.555554,0.005132
2035-03-09,17,247.461644,65.779852,181.681792,0.0,0.0,0.0,9423.46,0.0,27407.944096,0.009029
2035-03-09,18,420.2214,182.430308,237.791092,0.0,0.0,0.0,6611.91,0.0,27129.076286,0.01549
2035-03-09,19,342.796882,52.430308,290.366574,0.0,0.0,0.0,4001.91,0.0,26641.48597,0.012867
2035-03-09,20,347.044846,51.520308,295.524538,0.0,0.0,0.0,2599.03,0.0,25394.307414,0.013666
2035-03-09,21,331.022815,51.520308,279.502507,0.0,0.0,0.0,2386.61,0.0,24594.458076,0.013459
2035-03-09,22,303.375824,51.520308,251.855516,0.0,0.0,0.0,2745.07,0.0,23954.085197,0.012665
2035-03-09,23,299.081645,51.520308,247.561338,0.0,0.0,0.0,2514.1,0.0,23550.579389,0.0127
2035-03-10,0,251.3001,4.869852,246.430248,0.0,0.0,0.0,2666.11,0.0,23132.625394,0.010863
2035-03-10,1,226.249451,4.869852,221.379599,0.0,0.0,0.0,3239.6,0.0,22773.107909,0.009935
2035-03-10,2,215.450143,4.869852,210.580292,0.0,0.0,0.0,3421.65,0.0,22534.326557,0.009561
2035-03-10,3,208.47828,4.869852,203.608429,0.0,0.0,0.0,3720.01,0.0,22572.023758,0.009236
2035-03-10,4,204.282898,4.869852,199.413046,0.0,0.0,0.0,4098.43,0.0,22790.164143,0.008964
2035-03-10,5,214.97247,4.869852,210.102618,0.0,0.0,0.0,3671.97,0.0,22774.059864,0.009439
2035-03-10,6,208.195529,4.869852,203.325677,0.0,0.0,0.0,3439.31,0.0,22263.343627,0.009351
2035-03-10,7,211.270162,4.869852,206.400311,0.0,0.0,0.0,3466.0,0.0,22400.85208,0.009431
2035-03-10,8,238.571316,4.869852,233.701464,0.0,0.0,0.0,3169.33,0.0,23152.777272,0.010304
2035-03-10,9,218.493999,4.869852,213.624147,0.0,0.0,0.0,4379.53,0.0,23583.580027,0.009265
2035-03-10,10,148.432348,2.26008,146.172268,0.0,0.0,0.0,6859.56,0.0,23149.677498,0.006412
2035-03-10,11,91.632119,2.26008,89.372039,0.0,0.0,0.0,9117.37,0.0,22896.81044,0.004002
2035-03-10,12,57.643602,2.26008,55.383522,0.0,0.0,0.0,10641.2,0.0,22915.477365,0.002515
2035-03-10,13,27.317503,2.26008,25.057423,0.0,0.0,0.0,12124.44,0.0,23059.959454,0.001185
2035-03-10,14,28.007649,2.26008,25.747569,0.0,0.0,0.0,12227.61,0.0,23197.39429,0.001207
2035-03-10,15,40.251203,2.26008,37.991123,0.0,0.0,0.0,12222.56,0.0,23739.881224,0.001696
