Date,Hour,TotalCosts,FixedCosts,VariableCosts,LoadShedding,OverGeneration,ReserveShortfall,RenewablesUsed,RenewablesCurtailment,Demand,Price
2019-01-01,0,2933863.302805,2774240.900317,159622.402488,0.0,1607.337501,0.0,9813.65,0.0,37081.44,79.119454
2019-01-01,1,2908976.280867,2770697.925324,138278.355543,0.0,1515.643898,0.0,10635.57,0.0,37258.98,78.074501
2019-01-01,2,2899660.485762,2762789.515901,136870.969861,0.0,1548.809722,0.0,11058.4,0.0,37300.18,77.738512
2019-01-01,3,2886116.830737,2744443.455709,141673.375028,0.0,1514.127943,0.0,11325.25,0.0,37423.51,77.120421
2019-01-01,4,2890621.568385,2752757.561516,137864.006869,0.0,1443.825286,0.0,11577.95,0.0,37895.27,76.279218
2019-01-01,5,2895446.354377,2752754.271516,142692.082861,0.0,1524.031286,0.0,12191.9,0.0,38825.08,74.5767
2019-01-01,6,2907474.509796,2756300.536509,151173.973288,0.0,1554.896159,0.0,12589.27,0.0,39910.68,72.849536
2019-01-01,7,2915663.555474,2769608.254987,146055.300487,0.0,1440.567124,0.0,12879.23,0.0,40436.58,72.104603
2019-01-01,8,2791823.78477,2620342.742216,171481.042554,0.0,1273.972447,76.064447,12229.61,0.0,40950.22,68.176039
2019-01-01,9,2804805.501893,2623882.427209,180923.074683,0.0,1172.869216,0.0,12129.01,0.0,41763.45,67.159334
2019-01-01,10,2793377.565292,2623879.137209,169498.428082,0.0,177.881229,0.0,12942.11,0.0,42249.97,66.115492
2019-01-01,11,2817296.298218,2625771.614076,191524.684142,0.0,831.314427,0.0,13918.51,0.0,42296.69,66.607961
2019-01-01,12,2841963.581955,2673965.840664,167997.741291,0.0,891.52873,0.0,14808.77,0.0,41879.17,67.861029
2019-01-01,13,2858632.99202,2676952.906472,181680.085547,0.0,566.591727,0.0,15300.45,0.0,41376.35,69.088573
2019-01-01,14,2812322.834185,2627812.685255,184510.148931,0.0,860.190596,0.0,15536.99,0.0,40991.32,68.607765
2019-01-01,15,2827141.379593,2644166.59025,182974.789344,0.0,710.82902,0.0,14998.0,0.0,41015.88,68.927971
2019-01-01,16,2810894.6623,2644221.477349,166673.18495,0.0,0.0,0.0,13911.51,0.0,41842.15,67.178543
2019-01-01,17,2864648.285486,2670523.475725,194124.809762,0.0,258.043663,0.0,12850.48,0.0,44058.7,65.018902
2019-01-01,18,2879858.104239,2711788.526623,168069.577616,0.0,0.0,0.0,11227.72,0.0,45400.64,63.432104
2019-01-01,19,600671.671695,395656.923619,205014.748076,0.0,0.0,0.0,9419.78,0.0,45246.05,13.275671
2019-01-01,20,724470.628889,543545.412707,180925.216183,0.0,0.0,0.0,9171.99,0.0,44844.33,16.155234
2019-01-01,21,702399.70518,531932.582708,170467.122473,0.0,0.0,0.0,8236.86,0.0,43901.75,15.999355
2019-01-01,22,660341.362629,487733.269508,172608.093121,0.0,0.0,0.0,7295.99,0.0,42206.58,15.64546
2019-01-01,23,626542.617601,474932.172908,151610.444693,0.0,0.0,0.0,7017.59,0.0,40494.84,15.472159
2019-01-02,0,643988.355169,510394.579325,133593.775844,0.0,0.0,0.0,6488.59,0.0,39246.69,16.40873
2019-01-02,1,564743.037508,426184.474061,138558.563447,0.0,0.0,0.0,6536.03,0.0,38577.95,14.639011
2019-01-02,2,574570.233805,431387.371868,143182.861936,0.0,0.0,0.0,6049.0,0.0,38434.15,14.949472
2019-01-02,3,577678.050052,431381.301868,146296.748184,0.0,0.0,0.0,6033.34,0.0,38830.97,14.876735
2019-01-02,4,617476.706302,459650.467442,157826.23886,0.0,0.0,0.0,6176.91,0.0,40072.12,15.409135
2019-01-02,5,724430.25413,543853.992707,180576.261423,0.0,0.0,0.0,6275.61,0.0,42485.81,17.051111
2019-01-02,6,781388.255156,572219.829979,209168.425177,0.0,0.0,0.0,6538.96,0.0,45299.73,17.249292
2019-01-02,7,958524.301463,734358.694764,224165.6067,0.0,0.0,0.0,6788.35,0.0,47420.65,20.213226
2019-01-02,8,1020226.868535,787377.907611,232848.960923,0.0,0.0,0.0,5446.17,0.0,48547.97,21.01482
2019-01-02,9,1055570.40919,787374.617611,268195.791579,0.0,0.0,0.0,4738.39,0.0,49679.19,21.247738
2019-01-02,10,1074777.852085,805717.387803,269060.464282,0.0,0.0,0.0,5268.12,0.0,50682.64,21.206035
2019-01-02,11,1120036.0228,820763.325724,299272.697076,0.0,0.0,0.0,3805.94,0.0,51256.53,21.851577
2019-01-02,12,1119707.101293,820760.035724,298947.065569,0.0,0.0,0.0,3771.56,0.0,51414.29,21.77813
2019-01-02,13,1098413.874067,811570.808474,286843.065593,0.0,0.0,0.0,5103.33,0.0,51455.22,21.346986
2019-01-02,14,1089251.304022,802830.611691,286420.692331,0.0,0.0,0.0,5232.76,0.0,51263.49,21.248091
2019-01-02,15,1085889.653613,802830.611691,283059.041922,0.0,0.0,0.0,5163.17,0.0,51149.19,21.22985
2019-01-02,16,1128855.405936,863212.886598,265642.519338,0.0,0.0,0.0,5538.67,0.0,51381.54,21.970058
2019-01-02,17,1212197.188385,915222.761674,296974.426711,0.0,0.0,0.0,4180.96,0.0,52717.56,22.994182
2019-01-02,18,1234229.573742,915213.401674,319016.172068,0.0,0.0,0.0,3208.55,0.0,53277.15,23.166209
2019-01-02,19,1219365.714289,915213.401674,304152.312614,0.0,0.0,0.0,3015.33,0.0,52309.18,23.31074
2019-01-02,20,1059962.948174,767662.242586,292300.705588,0.0,0.0,0.0,3263.56,0.0,51043.85,20.765733
2019-01-02,21,1014189.403964,767662.242586,246527.161378,0.0,0.0,0.0,3698.91,0.0,49194.05,20.616099
2019-01-02,22,915823.490233,690076.045891,225747.444341,0.0,0.0,0.0,4251.16,0.0,46628.21,19.640975
2019-01-02,23,846879.523338,607650.737876,239228.785461,0.0,0.0,0.0,2419.33,0.0,44287.41,19.122354
2019-01-03,0,878552.209589,682671.615892,195880.593698,0.0,0.0,0.0,1696.92,0.0,42470.6,20.686127
2019-01-03,1,861962.91138,682668.325892,179294.585488,0.0,0.0,0.0,1771.83,0.0,41445.47,20.797518
2019-01-03,2,795949.899878,607650.737876,188299.162001,0.0,0.0,0.0,1589.3,0.0,41061.86,19.384166
2019-01-03,3,793095.577601,607650.737876,185444.839725,0.0,0.0,0.0,1862.04,0.0,41019.88,19.33442
2019-01-03,4,909867.550509,750746.12666,159121.423849,0.0,0.0,0.0,2492.48,0.0,41999.32,21.663864
2019-01-03,5,956943.066407,758147.26666,198795.799747,0.0,0.0,0.0,1732.15,0.0,44024.88,21.736415
2019-01-03,6,994057.456179,758143.97666,235913.47952,0.0,0.0,0.0,1934.17,0.0,46572.45,21.344324
2019-01-03,7,997207.481373,750428.18666,246779.294713,0.0,0.0,0.0,3213.65,0.0,48255.79,20.665033
2019-01-03,8,994406.041959,750428.18666,243977.855299,0.0,0.0,0.0,3609.63,0.0,48684.84,20.425374
2019-01-03,9,980431.381196,750428.18666,230003.194536,0.0,0.0,0.0,4549.28,0.0,48896.65,20.051095
2019-01-03,10,1012545.369331,827310.787248,185234.582083,0.0,0.0,0.0,7279.85,0.0,49026.08,20.653199
2019-01-03,11,1165226.503976,1013069.446143,152157.057833,0.0,0.0,0.0,9961.18,0.0,48540.95,24.005021
2019-01-03,12,1148643.996238,910709.296268,237934.69997,0.0,55.039063,0.0,11956.82,0.0,47492.49,24.185803
2019-01-03,13,1096108.637943,885918.56597,210190.071973,0.0,693.127829,0.0,14013.94,0.0,46312.89,23.667464
2019-01-03,14,1034725.876415,829367.785971,205358.090443,0.0,691.103777,0.0,14049.33,0.0,45216.14,22.883994
2019-01-03,15,1032503.799102,836345.618804,196158.180298,0.0,510.306665,0.0,13752.02,0.0,44530.4,23.186493
2019-01-03,16,1031109.807591,829847.520203,201262.287388,0.0,54.280441,0.0,13003.65,0.0,44772.64,23.029909
2019-01-03,17,1028691.716527,862773.270945,165918.445582,0.0,0.0,0.0,9662.67,0.0,46512.85,22.116291
2019-01-03,18,999574.676714,793026.842321,206547.834393,0.0,0.0,0.0,5692.0,0.0,48596.56,20.568836
2019-01-03,19,1035699.024604,779925.660772,255773.363832,0.0,0.0,0.0,2357.38,0.0,48814.73,21.216936
2019-01-03,20,1022735.401839,779922.880772,242812.521066,0.0,0.0,0.0,2516.11,0.0,48647.15,21.023542
2019-01-03,21,995316.305655,779922.880772,215393.424882,0.0,0.0,0.0,3041.24,0.0,47765.28,20.837652
2019-01-03,22,944025.909608,764633.294083,179392.615525,0.0,0.0,0.0,3767.95,0.0,46021.02,20.512929
2019-01-03,23,784237.864608,617082.134995,167155.729612,0.0,0.0,0.0,3576.5,0.0,44191.85,17.74621
2019-01-04,0,717324.820334,545720.661956,171604.158378,0.0,0.0,0.0,3470.75,0.0,43062.39,16.657803
2019-01-04,1,615279.422918,437403.982041,177875.440877,0.0,0.0,0.0,3688.4,0.0,42515.88,14.471756
2019-01-04,2,602403.514216,427867.960018,174535.554198,0.0,0.0,0.0,3946.18,0.0,42367.44,14.218549
2019-01-04,3,589526.830815,406787.136897,182739.693918,0.0,0.0,0.0,4512.41,0.0,42732.01,13.795907
2019-01-04,4,599495.10587,416326.44892,183168.656949,0.0,0.0,0.0,5174.06,0.0,43704.85,13.716901
2019-01-04,5,753721.749423,562712.089975,191009.659449,0.0,0.0,0.0,4925.6,0.0,46019.04,16.378476
2019-01-04,6,797094.684788,562702.219975,234392.464813,0.0,0.0,0.0,4870.77,0.0,48824.83,16.325601
2019-01-04,7,820111.618232,562702.219975,257409.398257,0.0,0.0,0.0,5112.59,0.0,50161.97,16.349271
2019-01-04,8,807353.5349,562702.219975,244651.314926,0.0,0.0,0.0,4821.79,0.0,49292.12,16.378957
2019-01-04,9,730100.079446,511066.211851,219033.867595,0.0,0.0,0.0,4931.06,0.0,47111.0,15.497444
2019-01-04,10,639365.556624,458044.219004,181321.33762,0.0,0.0,0.0,6329.29,0.0,45046.31,14.193517
2019-01-04,11,578631.853289,420219.143563,158412.709725,0.0,0.0,0.0,7907.03,0.0,42861.69,13.499978
2019-01-04,12,585030.759121,431258.267242,153772.491879,0.0,0.0,0.0,9753.2,0.0,40740.4,14.359966
2019-01-04,13,586550.609856,406596.623322,179953.986534,0.0,201.63151,0.0,11138.6,0.0,39193.19,14.965626
2019-01-04,14,548073.36735,362320.763437,185752.603914,0.0,157.506349,0.0,10102.83,0.0,37952.51,14.441031
2019-01-04,15,491188.824175,384331.314446,106857.509729,0.0,0.0,0.0,8699.75,0.0,37056.17,13.255251
2019-01-04,16,395844.273045,274484.727741,121359.545304,0.0,0.0,0.0,6948.86,0.0,36750.0,10.771273
2019-01-04,17,478797.161601,334258.242554,144538.919047,0.0,0.0,0.0,4774.39,0.0,37954.17,12.61514
2019-01-04,18,573985.672477,393487.043675,180498.628802,0.0,0.0,0.0,2937.56,0.0,40150.89,14.295715
2019-01-04,19,607401.692029,393480.463675,213921.228354,0.0,0.0,0.0,1463.27,0.0,40524.82,14.988387
2019-01-04,20,605281.3772,393480.463675,211800.913526,0.0,0.0,0.0,1796.83,0.0,40718.68,14.864956
2019-01-04,21,583719.584325,393480.463675,190239.12065,0.0,0.0,0.0,2639.95,0.0,40572.63,14.387029
2019-01-04,22,537803.233139,372399.640554,165403.592585,0.0,0.0,0.0,3902.03,0.0,39777.38,13.520328
2019-01-04,23,533738.688302,394756.785995,138981.902307,0.0,0.0,0.0,4199.44,0.0,38636.97,13.814196
2019-01-05,0,473197.887636,333089.614095,140108.273541,0.0,0.0,0.0,4477.98,0.0,37802.65,12.517585
2019-01-05,1,429333.132656,290165.393959,139167.738697,0.0,0.0,0.0,4849.29,0.0,37500.89,11.448612
2019-01-05,2,430543.83368,290165.393959,140378.439721,0.0,0.0,0.0,4835.38,0.0,37567.42,11.460564
2019-01-05,3,442079.503906,298908.880742,143170.623164,0.0,0.0,0.0,4981.99,0.0,38055.25,11.616781
2019-01-05,4,463614.985551,315348.532659,148266.452892,0.0,0.0,0.0,5077.52,0.0,38925.97,11.910172
2019-01-05,5,527169.9946,366958.855859,160211.138742,0.0,0.0,0.0,4804.26,0.0,40399.27,13.048998
2019-01-05,6,587106.723985,400344.273971,186762.450014,0.0,0.0,0.0,4472.11,0.0,42314.34,13.874888
2019-01-05,7,632661.90036,419398.561922,213263.338438,0.0,0.0,0.0,4227.75,0.0,43898.22,14.412017
2019-01-05,8,647940.180486,419391.981922,228548.198564,0.0,0.0,0.0,3456.16,0.0,43861.57,14.772389
2019-01-05,9,616210.191946,419391.981922,196818.210024,0.0,0.0,0.0,3345.34,0.0,42010.02,14.668172
2019-01-05,10,526665.936991,369080.577882,157585.359108,0.0,0.0,0.0,4277.7,0.0,39824.32,13.224731
2019-01-05,11,449431.161141,303926.43741,145504.723732,0.0,0.0,0.0,5658.96,0.0,37778.83,11.896376
2019-01-05,12,401076.091502,269734.122834,131341.968668,0.0,0.0,0.0,6912.12,0.0,36191.29,11.082116
2019-01-05,13,350889.051044,243602.282625,107286.768419,0.0,0.0,0.0,7782.04,0.0,35090.54,9.999534
2019-01-05,14,348782.957143,233270.028893,115512.92825,0.0,0.0,0.0,8657.01,0.0,34369.4,10.148067
2019-01-05,15,341885.948687,217814.556892,124071.391795,0.0,0.0,0.0,8968.37,0.0,33968.39,10.064826
2019-01-05,16,332735.920691,220066.428493,112669.492198,0.0,0.0,0.0,8775.4,0.0,33894.0,9.816956
2019-01-05,17,384974.705142,262329.163092,122645.542051,0.0,0.0,0.0,7542.44,0.0,34818.73,11.056541
2019-01-05,18,450848.77141,325021.336275,125827.435135,0.0,0.0,0.0,6312.66,0.0,36655.34,12.299675
2019-01-05,19,379640.357297,249991.09826,129649.259036,0.0,0.0,0.0,5418.3,0.0,36685.04,10.348642
2019-01-05,20,367070.288099,249991.09826,117079.189839,0.0,0.0,0.0,6218.64,0.0,36293.15,10.114038
2019-01-05,21,350333.404269,233551.446343,116781.957926,0.0,0.0,0.0,7266.58,0.0,36061.74,9.714823
2019-01-05,22,331661.266752,223110.990959,108550.275793,0.0,0.0,0.0,8009.88,0.0,35333.25,9.386662
2019-01-05,23,326894.018436,231061.860517,95832.157918,0.0,0.0,0.0,8030.91,0.0,34516.58,9.470638
2019-01-06,0,313879.174853,230181.066417,83698.108436,0.0,0.0,0.0,8067.94,0.0,33497.97,9.370095
2019-01-06,1,276892.330893,184296.2732,92596.057693,0.0,0.0,242.565,8138.71,0.0,32912.25,8.413048
2019-01-06,2,273002.374114,184296.2732,88706.100914,0.0,0.0,228.813,7915.17,0.0,32696.53,8.349582
2019-01-06,3,285030.714181,200635.829301,84394.88488,0.0,0.0,0.0,7742.14,0.0,32846.38,8.67769
2019-01-06,4,288914.660284,200625.959301,88288.700984,0.0,0.0,0.0,7593.18,0.0,33369.41,8.658069
2019-01-06,5,295161.170889,200625.959301,94535.211589,0.0,0.0,0.0,8496.31,0.0,34294.1,8.606762
2019-01-06,6,326945.695738,207347.251492,119598.444247,0.0,18.766915,0.0,9328.97,0.0,35666.48,9.16675
2019-01-06,7,604441.728992,515805.34738,88636.381612,0.0,0.0,0.0,9703.42,0.0,36737.76,16.452874
2019-01-06,8,653466.392399,501194.275448,152272.11695,0.0,95.99244,0.0,10295.17,0.0,37361.9,17.490181
2019-01-06,9,635324.38838,481182.553447,154141.834932,0.0,827.515302,0.0,10853.82,0.0,36988.65,17.176198
2019-01-06,10,612455.512407,481182.553447,131272.95896,0.0,359.674035,0.0,11408.73,0.0,36089.82,16.970312
2019-01-06,11,597761.621327,460609.805805,137151.815523,0.0,1254.914058,0.0,12807.9,0.0,35467.06,16.853994
2019-01-06,12,586029.97348,469353.292588,116676.680892,0.0,1515.156298,0.0,14168.28,0.0,34979.29,16.753627
2019-01-06,13,584124.349552,463633.006992,120491.34256,0.0,551.833885,0.0,14950.34,0.0,34661.28,16.852359
2019-01-06,14,581023.21687,455683.322537,125339.894334,0.0,1178.796295,0.0,15628.19,0.0,34290.94,16.943928
2019-01-06,15,566595.390032,455917.741901,110677.64813,0.0,1255.085953,0.0,15656.81,0.0,34185.23,16.574275
2019-01-06,16,571921.107551,468526.010412,103395.097139,0.0,787.776867,0.0,15220.82,0.0,34396.09,16.627504
2019-01-06,17,586138.561488,465502.623757,120635.937731,0.0,1314.555283,0.0,14014.91,0.0,35477.13,16.521589
2019-01-06,18,617207.081865,478610.881657,138596.200208,0.0,1030.058943,0.0,12684.95,0.0,37288.04,16.552414
2019-01-06,19,646887.475809,478604.301657,168283.174152,0.0,362.352719,22.550719,10281.51,0.0,37262.28,17.360384
2019-01-06,20,612082.21897,478604.301657,133477.917312,0.0,974.750489,0.0,12773.56,0.0,36578.82,16.733241
2019-01-06,21,433764.06402,320784.110269,112979.953751,0.0,1634.153701,0.0,15672.25,0.0,35402.99,12.252187
2019-01-06,22,382881.888355,291390.019488,91491.868867,0.0,1701.919763,0.0,17312.41,0.0,33530.23,11.419006
2019-01-06,23,360257.151642,277335.132357,82922.019284,0.0,1721.965456,0.0,17066.85,0.0,31444.91,11.456772
2019-01-07,0,342653.629584,273626.958356,69026.671228,0.0,1740.573633,0.0,16708.85,0.0,29951.43,11.44031
2019-01-07,1,331612.181763,268787.426034,62824.75573,0.0,1657.390151,0.0,16168.39,0.0,28888.18,11.479165
2019-01-07,2,332758.261598,268784.136034,63974.125564,0.0,1698.655763,0.0,15407.25,0.0,28509.2,11.671961
2019-01-07,3,346166.266642,279666.394532,66499.87211,0.0,1666.33017,0.0,14470.54,0.0,28448.78,12.168053
2019-01-07,4,504655.678607,430143.743845,74511.934763,0.0,1582.658544,0.0,13629.75,0.0,29234.03,17.262611
2019-01-07,5,539220.457133,457247.559037,81972.898095,0.0,1654.842914,0.0,13269.29,0.0,31171.07,17.298747
2019-01-07,6,604390.228327,502108.539173,102281.689153,0.0,1596.825808,0.0,12507.09,0.0,34165.58,17.690033
2019-01-07,7,625489.45356,505735.600997,119753.852562,0.0,1111.546628,0.0,11158.66,0.0,35608.36,17.565803
2019-01-07,8,648774.079757,517863.613188,130910.466569,0.0,738.292133,0.0,9489.75,0.0,35841.33,18.101284
2019-01-07,9,795367.453402,658921.654852,136445.798551,0.0,376.334465,0.0,8464.82,0.0,36212.97,21.963607
2019-01-07,10,764463.060382,658918.874852,105544.185531,0.0,0.0,0.0,8410.81,0.0,36721.64,20.817781
2019-01-07,11,832329.252648,697520.266156,134808.986493,0.0,162.653691,0.0,9963.02,0.0,36958.68,22.520535
2019-01-07,12,931274.327796,792114.031017,139160.296778,0.0,676.855068,0.0,11411.33,0.0,37129.58,25.081736
2019-01-07,13,902148.088926,764361.721715,137786.367211,0.0,524.273125,0.0,12622.19,0.0,37400.76,24.121116
2019-01-07,14,899865.332485,760909.022195,138956.31029,0.0,1146.594918,0.0,13042.99,0.0,37415.0,24.050924
2019-01-07,15,899668.872181,760909.022195,138759.849986,0.0,1206.799275,0.0,12791.02,0.0,37256.01,24.148288
2019-01-07,16,895513.180365,769581.647905,125931.53246,0.0,488.610929,0.0,12167.37,0.0,37040.13,24.176837
2019-01-07,17,842934.586967,716037.904193,126896.682775,0.0,307.277406,0.0,10110.72,0.0,37675.49,22.373553
2019-01-07,18,856668.520167,744958.469108,111710.051059,0.0,0.0,0.0,7441.5,0.0,39334.72,21.77894
2019-01-07,19,627593.136609,498425.414298,129167.722311,0.0,0.0,0.0,5115.67,0.0,39036.9,16.07692
2019-01-07,20,569377.311546,454216.231098,115161.080448,0.0,0.0,0.0,5949.83,0.0,38102.82,14.94318
2019-01-07,21,392084.197398,286391.673025,105692.524373,0.0,0.0,0.0,7097.35,0.0,36691.14,10.686073
2019-01-07,22,353450.896238,273590.576426,79860.319812,0.0,0.0,0.0,8198.36,0.0,34494.74,10.246516
2019-01-07,23,302638.847075,230222.018427,72416.828648,0.0,0.0,0.0,7421.49,0.0,32188.17,9.402176
2019-01-08,0,214502.494246,141975.21805,72527.276196,0.0,0.0,0.0,6937.78,0.0,30517.67,7.028797
2019-01-08,1,192625.011648,116789.718499,75835.293148,0.0,0.0,100.927,6713.22,0.0,29651.77,6.49624
2019-01-08,2,197703.588079,117144.008499,80559.57958,0.0,0.0,371.281,6035.79,0.0,29322.61,6.74236
2019-01-08,3,209076.707779,127740.906395,81335.801384,0.0,0.0,447.496,5520.23,0.0,29433.26,7.103417
2019-01-08,4,235732.541287,150471.335505,85261.205782,0.0,0.0,0.0,5111.7,0.0,30256.93,7.791026
2019-01-08,5,356236.59257,258775.284587,97461.307983,0.0,0.0,0.0,4713.2,0.0,32662.36,10.90664
2019-01-08,6,426106.435312,287031.290161,139075.145151,0.0,0.0,0.0,4406.89,0.0,36377.0,11.713622
2019-01-08,7,457577.650311,296560.732184,161016.918127,0.0,0.0,0.0,4251.17,0.0,37915.4,12.068385
2019-01-08,8,514130.448931,344730.725193,169399.723738,0.0,0.0,0.0,2716.41,0.0,37526.8,13.700354
2019-01-08,9,511928.289247,344727.945193,167200.344054,0.0,0.0,0.0,2259.21,0.0,37426.38,13.678274
2019-01-08,10,486256.554582,335191.923169,151064.631413,0.0,0.0,0.0,3386.08,0.0,37546.53,12.950772
2019-01-08,11,601120.584229,467516.34805,133604.236179,0.0,0.0,0.0,4621.02,0.0,37579.85,15.995822
2019-01-08,12,678411.08152,546564.307458,131846.774062,0.0,0.0,0.0,6872.93,0.0,37548.28,18.067701
2019-01-08,13,672262.76214,519557.077555,152705.684586,0.0,166.691626,0.0,9050.63,0.0,37543.63,17.906174
2019-01-08,14,650266.085424,492260.516156,158005.569268,0.0,925.969009,0.0,10253.27,0.0,37387.02,17.39283
2019-01-08,15,635631.763445,493013.760556,142618.002889,0.0,1207.811796,0.0,11080.8,0.0,37056.94,17.15284
2019-01-08,16,629173.574055,494634.548765,134539.02529,0.0,865.826636,0.0,11296.83,0.0,36954.54,17.02561
2019-01-08,17,658119.015029,503374.745548,154744.269481,0.0,1132.801678,0.0,10516.63,0.0,37892.48,17.368064
2019-01-08,18,731019.405373,563783.323107,167236.082265,0.0,475.974021,137.739021,9037.37,0.0,39711.75,18.408139
2019-01-08,19,712871.673919,575594.500162,137277.173757,0.0,0.0,0.0,6096.01,0.0,39624.39,17.990729
2019-01-08,20,541395.814978,408184.065938,133211.74904,0.0,0.0,0.0,7133.69,0.0,38957.55,13.89707
2019-01-08,21,489600.994068,378200.216589,111400.777478,0.0,0.0,0.0,8882.57,0.0,37528.89,13.045976
2019-01-08,22,428356.843005,341687.800965,86669.04204,0.0,0.0,0.0,10337.59,0.0,35294.83,12.136532
2019-01-08,23,253827.633135,176636.385575,77191.24756,0.0,0.0,0.0,10328.87,0.0,33093.63,7.669985
2019-01-09,0,233999.337599,165893.167312,68106.170286,0.0,0.0,0.0,10138.15,0.0,31703.3,7.380914
2019-01-09,1,222405.972462,157654.550293,64751.422169,0.0,0.0,0.0,10069.37,0.0,31022.76,7.169123
2019-01-09,2,226369.894903,157654.550293,68715.34461,0.0,0.0,0.0,9751.48,0.0,30920.24,7.321091
2019-01-09,3,233747.884905,161110.539813,72637.345092,0.0,0.0,0.0,9595.27,0.0,31153.66,7.503063
2019-01-09,4,259495.841038,181832.25271,77663.588328,0.0,0.0,0.0,9345.05,0.0,32103.95,8.082988
2019-01-09,5,355975.55221,262609.571061,93365.981149,0.0,0.0,0.0,8553.01,0.0,34663.82,10.269369
2019-01-09,6,492875.037448,354050.360994,138824.676454,0.0,0.0,0.0,7995.26,0.0,38875.84,12.678184
2019-01-09,7,519737.212636,354043.780994,165693.431642,0.0,0.0,0.0,7332.9,0.0,40521.49,12.826212
2019-01-09,8,542541.148441,382402.851223,160138.297218,0.0,0.0,0.0,6560.82,0.0,40183.38,13.50163
2019-01-09,9,537809.163705,382396.271223,155412.892482,0.0,0.0,0.0,6013.93,0.0,39893.05,13.481275
2019-01-09,10,466531.207196,307378.683207,159152.523989,0.0,0.0,0.0,6724.63,0.0,39415.93,11.836108
2019-01-09,11,430270.615449,286297.860087,143972.755362,0.0,0.0,0.0,6683.85,0.0,38633.87,11.137135
2019-01-09,12,396239.605194,279026.192978,117213.412216,0.0,0.0,0.0,7617.82,0.0,37742.69,10.498446
2019-01-09,13,343651.322248,234826.879779,108824.442469,0.0,0.0,0.0,8661.35,0.0,37179.91,9.24293
2019-01-09,14,320513.924771,213397.599511,107116.32526,0.0,0.0,0.0,9083.04,0.0,36672.13,8.739987
2019-01-09,15,316529.186631,212900.954101,103628.23253,0.0,0.0,0.0,9429.56,0.0,36349.96,8.707828
2019-01-09,16,332665.970367,225412.145135,107253.825232,0.0,0.0,0.0,9621.27,0.0,36610.22,9.086697
2019-01-09,17,409143.684785,294779.049734,114364.63505,0.0,0.0,0.0,8222.33,0.0,38087.19,10.742291
2019-01-09,18,481393.592468,329987.644311,151405.948157,0.0,0.0,0.0,6880.56,0.0,40519.8,11.880453
2019-01-09,19,511171.637218,329974.484311,181197.152907,0.0,0.0,0.0,5746.65,0.0,40951.2,12.482458
2019-01-09,20,509192.056112,325775.444312,183416.6118,0.0,0.0,0.0,5657.04,0.0,40787.51,12.484019
2019-01-09,21,491117.551389,325775.444312,165342.107076,0.0,0.0,0.0,5780.46,0.0,39841.12,12.326901
2019-01-09,22,440836.959819,307846.020279,132990.93954,0.0,0.0,0.0,6060.95,0.0,37757.96,11.675338
2019-01-09,23,380519.164674,256928.704888,123590.459785,0.0,0.0,0.0,4982.93,0.0,35753.96,10.642714
2019-01-10,0,362604.222412,242791.554696,119812.667716,0.0,0.0,0.0,4096.36,0.0,34566.11,10.490166
2019-01-10,1,359991.602132,242788.264696,117203.337436,0.0,0.0,0.0,3540.1,0.0,34022.02,10.581135
2019-01-10,2,363295.483782,242788.264696,120507.219086,0.0,0.0,0.0,3148.29,0.0,33842.55,10.734873
2019-01-10,3,391792.339963,271057.430269,120734.909693,0.0,0.0,0.0,2871.87,0.0,34153.78,11.47142
2019-01-10,4,470697.691246,354677.046782,116020.644465,0.0,0.0,0.0,2717.43,0.0,35209.48,13.368493
2019-01-10,5,601067.226473,474597.571911,126469.654562,0.0,0.0,0.0,2803.75,0.0,37864.62,15.874112
2019-01-10,6,853605.755071,697159.739014,156446.016057,0.0,0.0,0.0,2972.06,0.0,41955.08,20.345707
2019-01-10,7,866185.79838,697153.669014,169032.129366,0.0,0.0,0.0,3175.68,0.0,43286.57,20.010497
2019-01-10,8,843280.622828,697153.669014,146126.953814,0.0,0.0,0.0,4380.38,0.0,42544.97,19.820924
2019-01-10,9,793554.389608,657382.365702,136172.023907,0.0,0.0,0.0,6155.23,0.0,41963.28,18.910685
2019-01-10,10,2979728.707827,2870694.159458,109034.548369,0.0,0.0,0.0,9124.54,0.0,41345.34,72.069276
2019-01-10,11,2973774.6406,2819511.637441,154263.003159,0.0,577.033918,0.0,10784.77,0.0,40512.83,73.403281
2019-01-10,12,2933736.64696,2781445.725916,152290.921044,0.0,1478.724118,0.0,12466.95,0.0,39630.87,74.026552
2019-01-10,13,2928363.78415,2777805.483292,150558.300858,0.0,494.758999,0.0,12852.86,0.0,38939.94,75.202062
2019-01-10,14,2914245.071214,2768997.753596,145247.317618,0.0,1091.57418,0.0,13459.04,0.0,38381.15,75.929071
2019-01-10,15,2900802.353642,2770043.041995,130759.311646,0.0,1147.94433,0.0,13300.38,0.0,38146.24,76.044254
2019-01-10,16,2915211.659828,2781458.885916,133752.773912,0.0,675.699501,0.0,12738.04,0.0,38548.97,75.623594
2019-01-10,17,2933487.35413,2787342.433782,146144.920348,0.0,1160.677135,0.0,12238.23,0.0,39768.88,73.763389
2019-01-10,18,2956200.979935,2794452.535383,161748.444552,0.0,839.751772,0.0,11679.09,0.0,41670.68,70.94199
2019-01-10,19,2962099.067887,2794449.245383,167649.822504,0.0,616.073205,0.0,10944.09,0.0,41831.12,70.810896
2019-01-10,20,2941802.109523,2788656.351318,153145.758204,0.0,499.701146,0.0,11983.51,0.0,41438.99,70.991163
2019-01-10,21,2908662.47719,2779916.154535,128746.322655,0.0,339.436267,0.0,12966.37,0.0,40204.8,72.34615
2019-01-10,22,2846323.820565,2774098.518071,72225.302494,0.0,0.0,0.0,13052.0,0.0,37945.33,75.011176
2019-01-10,23,2782957.370001,2726108.185261,56849.18474,0.0,0.0,0.0,12172.28,0.0,35824.74,77.682556
2019-01-11,0,2652624.127923,2578409.604846,74214.523077,0.0,0.0,0.0,11050.12,0.0,34400.09,77.110965
2019-01-11,1,2645359.705553,2572972.627265,72387.078288,0.0,0.0,0.0,9900.73,0.0,33634.16,78.650982
2019-01-11,2,2655431.933019,2577951.024766,77480.908254,0.0,0.0,0.0,8414.97,0.0,33293.68,79.757838
2019-01-11,3,2682275.69794,2597612.116766,84663.581174,0.0,0.0,0.0,6983.55,0.0,33377.6,80.361551
2019-01-11,4,2704257.165404,2608993.023014,95264.14239,0.0,0.0,0.0,5971.74,0.0,34307.87,78.823231
2019-01-11,5,2743094.797195,2639425.63423,103669.162965,0.0,0.0,0.0,6676.63,0.0,36691.05,74.76196
2019-01-11,6,2785245.466041,2651272.845029,133972.621012,0.0,0.0,0.0,7666.84,0.0,40406.15,68.931226
2019-01-11,7,2795001.665662,2651269.555029,143732.110633,0.0,0.0,0.0,8462.98,0.0,41803.92,66.859798
2019-01-11,8,2886575.934129,2769645.390835,116930.543295,0.0,0.0,0.0,10115.52,0.0,41400.42,69.723349
2019-01-11,9,2886277.853164,2743448.893812,142828.959352,0.0,0.0,0.0,10931.25,0.0,41381.06,69.748766
2019-01-11,10,2854192.267453,2738459.265462,115733.001992,0.0,0.0,0.0,11286.04,0.0,41303.18,69.103451
2019-01-11,11,2932788.378316,2779918.934535,152869.443781,0.0,122.685141,0.0,11868.73,0.0,40753.17,71.964669
2019-01-11,12,2902807.607358,2754653.050135,148154.557224,0.0,390.03574,0.0,12409.88,0.0,40033.85,72.50883
2019-01-11,13,2865729.510145,2751762.76191,113966.748235,0.0,0.0,0.0,13754.41,0.0,39524.29,72.505528
2019-01-11,14,2890589.012925,2747456.460214,143132.552712,0.0,385.75706,0.0,13962.78,0.0,39219.45,73.702946
2019-01-11,15,2881480.548098,2747456.460214,134024.087884,0.0,407.856449,0.0,13669.92,0.0,38943.29,73.991708
2019-01-11,16,2885468.686315,2747456.460214,138012.226101,0.0,30.175747,0.0,13883.35,0.0,39166.91,73.671083
2019-01-11,17,2933056.827028,2792210.349994,140846.477034,0.0,337.500366,0.0,12618.49,0.0,40109.08,73.127003
2019-01-11,18,2924519.300932,2818338.859254,106180.441679,0.0,0.0,0.0,10505.32,0.0,40789.79,71.697337
2019-01-11,19,2676760.552147,2558027.216375,118733.335773,0.0,0.0,0.0,8601.13,0.0,40061.61,66.8161
2019-01-11,20,2783779.882544,2695593.467781,88186.414763,0.0,0.0,0.0,9882.42,0.0,39218.6,70.981113
2019-01-11,21,2787203.045692,2661508.72279,125694.322903,0.0,637.643008,0.0,11758.9,0.0,37958.41,73.427813
2019-01-11,22,2733863.238541,2618610.185363,115253.053179,0.0,907.271541,0.0,12584.16,0.0,36158.8,75.607134
2019-01-11,23,2720408.708425,2614411.145364,105997.563061,0.0,246.946088,0.0,11717.26,0.0,34269.34,79.383166
2019-01-12,0,2665506.565448,2600754.967637,64751.597811,0.0,0.0,0.0,10049.45,0.0,32779.52,81.316217
2019-01-12,1,2542317.288139,2469644.795622,72672.492517,0.0,0.0,0.0,8570.74,0.0,31759.3,80.049538
2019-01-12,2,2558374.548128,2481027.63102,77346.917108,0.0,0.0,0.0,6944.78,0.0,31156.64,82.113301
2019-01-12,3,2682636.16194,2612101.613035,70534.548905,0.0,0.0,0.0,6139.31,0.0,31059.99,86.369511
2019-01-12,4,2723898.753002,2606640.389757,117258.363245,0.0,247.073251,0.0,7514.37,0.0,31547.34,86.343215
2019-01-12,5,2715100.778106,2594221.243587,120879.534519,0.0,1320.979471,0.0,9804.24,0.0,32826.25,82.711269
2019-01-12,6,2713006.392867,2598212.582736,114793.810131,0.0,1564.03214,0.0,12493.02,0.0,34625.33,78.353228
2019-01-12,7,2730363.569807,2606306.864252,124056.705554,0.0,1425.803577,0.0,12459.49,0.0,36352.78,75.107421
2019-01-12,8,2904362.530301,2771355.273861,133007.25644,0.0,1273.472781,0.0,11338.48,0.0,37526.47,77.395037
2019-01-12,9,2920015.724548,2771336.043861,148679.680687,0.0,1212.913117,0.0,10868.52,0.0,38354.45,76.132384
2019-01-12,10,2911708.643002,2776746.05386,134962.589141,0.0,260.392667,0.0,11299.78,0.0,38884.2,74.881537
2019-01-12,11,2987583.265319,2855816.863038,131766.402281,0.0,1156.64078,0.0,12664.74,0.0,39122.68,76.364484
2019-01-12,12,3029817.059648,2891906.461275,137910.598373,0.0,1427.170632,0.0,13931.69,0.0,38914.71,77.857886
2019-01-12,13,2999897.241417,2857649.86458,142247.376837,0.0,862.674262,0.0,15672.45,0.0,38534.18,77.850294
2019-01-12,14,2994600.880681,2852518.568056,142082.312625,0.0,1296.003579,0.0,15623.69,0.0,38147.49,78.500601
2019-01-12,15,2954945.699868,2827432.015004,127513.684864,0.0,1171.776477,0.0,14957.87,0.0,38075.85,77.606822
2019-01-12,16,2906321.200807,2778571.887692,127749.313115,0.0,759.700864,0.0,13712.1,0.0,38174.33,76.132867
2019-01-12,17,2923328.398297,2776989.999718,146338.398579,0.0,1180.061927,0.0,11718.08,0.0,38969.68,75.015458
2019-01-12,18,3015427.255527,2850376.119217,165051.136311,0.0,604.427583,0.0,9108.64,0.0,40463.28,74.522561
2019-01-12,19,3003345.466331,2863304.879108,140040.587223,0.0,0.0,0.0,5546.35,0.0,40356.86,74.419701
2019-01-12,20,691866.158063,545677.51473,146188.643333,0.0,0.0,0.0,5037.91,0.0,39964.66,17.311949
2019-01-12,21,677122.702784,545667.64473,131455.058054,0.0,0.0,0.0,5074.08,0.0,39392.48,17.189136
2019-01-12,22,661394.86746,545667.64473,115727.22273,0.0,0.0,0.0,5732.39,0.0,38569.47,17.148145
2019-01-12,23,640137.122122,526942.395457,113194.726665,0.0,0.0,0.0,5257.4,0.0,37439.31,17.097995
2019-01-13,0,524480.487892,398985.297459,125495.190433,0.0,0.0,0.0,5100.82,0.0,36459.35,14.385349
2019-01-13,1,439616.353904,309454.879788,130161.474117,0.0,0.0,0.0,4741.62,0.0,35978.77,12.218771
2019-01-13,2,440706.48279,309451.589788,131254.893002,0.0,0.0,0.0,4579.34,0.0,35871.1,12.285837
2019-01-13,3,443480.577083,302733.587597,140746.989487,0.0,0.0,0.0,4417.52,0.0,36085.92,12.289574
2019-01-13,4,461465.87027,316865.889788,144599.980482,0.0,0.0,0.0,4479.56,0.0,36680.52,12.58068
2019-01-13,5,504739.328966,350747.809508,153991.519458,0.0,0.0,0.0,4269.8,0.0,37811.28,13.348909
2019-01-13,6,538946.405763,369024.028314,169922.377449,0.0,0.0,0.0,4216.14,0.0,39486.15,13.648999
2019-01-13,7,599471.195699,413220.051514,186251.144185,0.0,0.0,0.0,4280.7,0.0,41155.45,14.566022
2019-01-13,8,629913.62613,417419.091513,212494.534616,0.0,0.0,0.0,4323.5,0.0,42409.26,14.85321
2019-01-13,9,633584.662935,417415.801513,216168.861421,0.0,0.0,0.0,4589.93,0.0,42990.13,14.73791
2019-01-13,10,602263.158869,417415.801513,184847.357356,0.0,0.0,0.0,6273.13,0.0,42659.58,14.117888
2019-01-13,11,548855.307328,373997.85977,174857.447558,0.0,0.0,0.0,6909.88,0.0,41765.24,13.141438
2019-01-13,12,521544.935335,371107.571545,150437.36379,0.0,0.0,0.0,8149.17,0.0,40746.2,12.799842
2019-01-13,13,490769.434073,340678.250329,150091.183745,0.0,0.0,0.0,8237.61,0.0,39927.15,12.291622
2019-01-13,14,481827.040688,340678.250329,141148.790359,0.0,0.0,0.0,8279.27,0.0,39288.94,12.263681
2019-01-13,15,490252.298247,347203.253038,143049.04521,0.0,0.0,0.0,7962.69,0.0,39188.87,12.509988
2019-01-13,16,517700.161391,364396.149354,153304.012037,0.0,0.0,0.0,7174.02,0.0,39710.55,13.036842
2019-01-13,17,583437.155324,405540.655642,177896.499682,0.0,0.0,0.0,6239.75,0.0,41576.89,14.032727
2019-01-13,18,650229.865817,433388.531761,216841.334056,0.0,0.0,0.0,5444.43,0.0,44064.74,14.75624
2019-01-13,19,681992.076134,454466.064882,227526.011252,0.0,0.0,0.0,4906.23,0.0,44875.96,15.19727
2019-01-13,20,689350.704551,454462.774882,234887.929669,0.0,0.0,0.0,4170.11,0.0,44655.04,15.437243
2019-01-13,21,673394.678066,444944.508955,228450.169111,0.0,0.0,0.0,3638.76,0.0,43649.93,15.427165
2019-01-13,22,642693.903019,444944.508955,197749.394065,0.0,0.0,0.0,3277.13,0.0,41581.77,15.456146
2019-01-13,23,567487.657325,374436.887323,193050.770002,0.0,0.0,0.0,3256.12,0.0,39683.7,14.300271
2019-01-14,0,565775.428946,398998.56244,166776.866506,0.0,0.0,0.0,3153.77,0.0,38501.54,14.694878
2019-01-14,1,517940.457914,347388.74924,170551.708673,0.0,0.0,0.0,3225.51,0.0,38018.2,13.623487
2019-01-14,2,650606.677298,488453.370904,162153.306394,0.0,0.0,0.0,3275.29,0.0,38041.8,17.102416
2019-01-14,3,645317.443703,477334.165962,167983.277741,0.0,0.0,0.0,3420.03,0.0,38517.64,16.753816
2019-01-14,4,690088.149031,512931.528177,177156.620853,0.0,0.0,0.0,3541.5,0.0,39905.67,17.292985
2019-01-14,5,815881.801869,617561.064225,198320.737645,0.0,0.0,0.0,3325.46,0.0,43103.13,18.928598
2019-01-14,6,966878.172055,691515.924875,275362.24718,0.0,0.0,0.0,3179.97,0.0,47531.78,20.34172
2019-01-14,7,1025941.352893,691506.564875,334434.788019,0.0,0.0,0.0,3124.65,0.0,49085.69,20.901027
2019-01-14,8,961902.82569,691506.564875,270396.260815,0.0,0.0,0.0,3147.06,0.0,48518.66,19.82542
2019-01-14,9,954649.071869,694934.11573,259714.956139,0.0,0.0,0.0,3356.4,0.0,48252.28,19.784538
2019-01-14,10,900143.315932,673846.712609,226296.603322,0.0,0.0,0.0,4885.86,0.0,47533.0,18.937229
2019-01-14,11,828898.215134,620824.719762,208073.495372,0.0,0.0,0.0,5849.52,0.0,46295.37,17.90456
2019-01-14,12,741044.155493,568556.400535,172487.754958,0.0,0.0,0.0,7259.53,0.0,44655.03,16.594864
2019-01-14,13,636951.395831,472712.881747,164238.514084,0.0,0.0,0.0,8488.26,0.0,43093.29,14.780756
2019-01-14,14,482565.041329,321365.06366,161199.977669,0.0,0.0,0.0,8381.73,0.0,41827.37,11.537064
2019-01-14,15,470343.320963,321586.251935,148757.069028,0.0,0.0,0.0,7763.77,0.0,41189.4,11.419038
2019-01-14,16,507600.757571,350854.615684,156746.141886,0.0,0.0,0.0,7118.59,0.0,41852.4,12.128355
2019-01-14,17,659417.392113,473120.844661,186296.547452,0.0,0.0,0.0,5554.77,0.0,44140.2,14.939157
2019-01-14,18,774873.43266,548132.362676,226741.069984,0.0,0.0,0.0,4207.33,0.0,46759.91,16.57132
2019-01-14,19,795206.299337,548129.072676,247077.226661,0.0,0.0,0.0,3360.58,0.0,47023.85,16.910702
2019-01-14,20,785872.601048,548129.072676,237743.528372,0.0,0.0,0.0,3248.49,0.0,46633.05,16.852267
2019-01-14,21,744832.035273,529789.592484,215042.442788,0.0,0.0,0.0,3409.78,0.0,45134.45,16.502517
2019-01-14,22,633665.33784,454772.004469,178893.333371,0.0,0.0,0.0,3662.89,0.0,42485.54,14.914847
2019-01-14,23,561493.431827,401750.011622,159743.420205,0.0,0.0,0.0,3840.62,0.0,40329.33,13.922707
2019-01-15,0,585947.871321,446444.901554,139502.969767,0.0,0.0,0.0,4006.55,0.0,38974.46,15.03415
2019-01-15,1,514456.83577,371625.96321,142830.87256,0.0,0.0,0.0,4145.96,0.0,38135.91,13.490089
2019-01-15,2,517659.128666,371625.96321,146033.165456,0.0,0.0,0.0,3658.9,0.0,37884.75,13.66405
2019-01-15,3,541744.381227,392710.07633,149034.304897,0.0,0.0,0.0,3191.07,0.0,37986.06,14.261663
2019-01-15,4,565311.685255,402246.098354,163065.586901,0.0,0.0,0.0,2808.68,0.0,38887.12,14.537247
2019-01-15,5,805382.991694,640535.316065,164847.675629,0.0,0.0,0.0,2973.31,0.0,41544.46,19.38605
2019-01-15,6,933580.413186,725068.390007,208512.023179,0.0,0.0,0.0,3228.35,0.0,45408.43,20.559628
2019-01-15,7,917118.280398,680069.961567,237048.318831,0.0,0.0,0.0,3528.54,0.0,46653.47,19.658094
2019-01-15,8,900817.222179,680066.671567,220750.550612,0.0,0.0,0.0,3508.77,0.0,45776.48,19.678604
2019-01-15,9,880229.109414,668525.16047,211703.948944,0.0,0.0,0.0,3818.31,0.0,45243.4,19.455415
2019-01-15,10,863293.803446,683814.747159,179479.056287,0.0,0.0,0.0,5208.34,0.0,44847.4,19.249584
2019-01-15,11,982385.053798,807172.710815,175212.342983,0.0,0.0,0.0,7239.65,0.0,44126.83,22.262761
2019-01-15,12,915389.464458,725527.163616,189862.300842,0.0,192.330926,0.0,9498.76,0.0,43134.86,21.22157
2019-01-15,13,848274.128454,676640.576573,171633.551881,0.0,0.0,0.0,11322.09,0.0,42320.15,20.044214
2019-01-15,14,860180.846629,681633.494924,178547.351705,0.0,140.978369,0.0,11018.38,0.0,41731.27,20.612381
2019-01-15,15,818017.403354,639810.707677,178206.695677,0.0,0.0,0.0,9970.36,0.0,41506.87,19.708
2019-01-15,16,780025.154545,619299.06521,160726.089335,0.0,0.0,0.0,8750.73,0.0,42222.7,18.474071
2019-01-15,17,849226.099269,664776.618635,184449.480635,0.0,0.0,0.0,6754.65,0.0,43944.85,19.324815
2019-01-15,18,919004.545387,727651.427409,191353.117979,0.0,0.0,0.0,4856.85,0.0,45563.69,20.169669
2019-01-15,19,833737.360836,586579.715745,247157.645092,0.0,0.0,0.0,3052.57,0.0,45353.06,18.383266
2019-01-15,20,781800.666817,568321.253034,213479.413782,0.0,0.0,0.0,3850.5,0.0,44610.98,17.524849
2019-01-15,21,691306.501144,524121.939834,167184.56131,0.0,0.0,0.0,5238.79,0.0,42792.56,16.154829
2019-01-15,22,600204.031564,463692.226987,136511.804577,0.0,0.0,0.0,6615.25,0.0,40163.53,14.944006
2019-01-15,23,404663.502631,275615.257201,129048.24543,0.0,0.0,420.676541,6888.15,0.0,37725.86,10.726422
2019-01-16,0,362510.82787,249639.58326,112871.24461,0.0,0.0,0.0,7145.4,0.0,36132.0,10.032958
2019-01-16,1,341861.503972,235205.791069,106655.712903,0.0,0.0,0.0,7452.21,0.0,35324.77,9.677671
2019-01-16,2,347958.895808,242325.76267,105633.133138,0.0,0.0,0.0,6955.39,0.0,34989.48,9.944672
2019-01-16,3,398960.345219,293961.260794,104999.084425,0.0,0.0,0.0,6686.49,0.0,35106.91,11.364154
2019-01-16,4,354396.624418,242105.126887,112291.497531,0.0,0.0,167.515,6615.66,0.0,36022.65,9.838161
2019-01-16,5,463477.015001,328423.230527,135053.784473,0.0,0.0,0.0,6487.38,0.0,38479.88,12.044659
2019-01-16,6,542503.655017,372609.893727,169893.761289,0.0,0.0,646.987,6383.85,0.0,42209.67,12.852592
2019-01-16,7,568652.914469,382145.915751,186506.998718,0.0,0.0,373.544,6203.3,0.0,43149.84,13.178564
2019-01-16,8,557046.649691,382142.625751,174904.02394,0.0,0.0,0.0,5946.88,0.0,42362.28,13.149591
2019-01-16,9,587996.146629,412964.190566,175031.956063,0.0,0.0,130.467,6456.19,0.0,42088.07,13.970613
2019-01-16,10,719803.2499,583486.110797,136317.139103,0.0,0.0,0.0,7810.03,0.0,41630.18,17.290419
2019-01-16,11,863584.536841,691893.643695,171690.893146,0.0,364.029406,0.0,10188.84,0.0,40837.55,21.146825
2019-01-16,12,829244.726944,674651.631625,154593.095319,0.0,1079.607233,0.0,11865.78,0.0,40049.2,20.70565
2019-01-16,13,768722.222331,623122.544381,145599.677951,0.0,179.708699,0.0,12594.9,0.0,39286.6,19.567034
2019-01-16,14,824634.791276,670225.595905,154409.195372,0.0,1002.059381,0.0,13461.09,0.0,38425.22,21.46077
2019-01-16,15,818787.656883,664115.724302,154671.932581,0.0,1281.341915,0.0,13595.41,0.0,38063.76,21.51095
2019-01-16,16,769929.135049,618590.808479,151338.326569,0.0,855.438215,0.0,13418.6,0.0,38403.16,20.048588
2019-01-16,17,792175.297236,630941.302375,161233.994862,0.0,1173.915465,22.646465,11961.29,0.0,39670.61,19.968821
2019-01-16,18,851732.077,692464.696885,159267.380115,0.0,0.0,0.0,8504.6,0.0,41265.7,20.640195
2019-01-16,19,738829.601974,570962.27537,167867.326604,0.0,0.0,0.0,5041.94,0.0,41086.02,17.982506
2019-01-16,20,677657.497045,526749.80217,150907.694874,0.0,0.0,0.0,5932.88,0.0,40344.51,16.796771
2019-01-16,21,626772.028302,500218.217954,126553.810348,0.0,0.0,0.0,7162.49,0.0,38878.18,16.121434
2019-01-16,22,454937.643897,349967.149041,104970.494856,0.0,0.0,0.0,7983.9,0.0,36339.66,12.51904
2019-01-16,23,302525.47432,184625.265003,117900.209317,0.0,0.0,0.0,7889.31,0.0,33930.27,8.916094
2019-01-17,0,255984.16268,176940.674396,79043.488284,0.0,0.0,0.0,7874.16,0.0,32288.36,7.928063
2019-01-17,1,220941.297013,132425.300651,88515.996362,0.0,0.0,0.0,8124.44,0.0,31344.35,7.04884
2019-01-17,2,215630.984161,133541.059176,82089.924986,0.0,0.0,0.0,7158.15,0.0,30958.06,6.965262
2019-01-17,3,221659.069682,138964.950059,82694.119623,0.0,0.0,0.0,6754.02,0.0,30978.47,7.155262
2019-01-17,4,238264.422678,154575.407568,83689.01511,0.0,0.0,0.0,6758.66,0.0,31776.98,7.49802
2019-01-17,5,349990.49615,254289.126351,95701.369799,0.0,0.0,0.0,6407.8,0.0,34167.39,10.243407
2019-01-17,6,404191.855049,270731.953134,133459.901915,0.0,0.0,0.0,6246.86,0.0,37956.74,10.648751
2019-01-17,7,457508.684662,315564.813469,141943.871193,0.0,0.0,0.0,6245.55,0.0,39399.08,11.612167
2019-01-17,8,478686.036695,322965.953469,155720.083226,0.0,0.0,0.0,4280.47,0.0,38974.65,12.281984
2019-01-17,9,492632.995698,322962.663469,169670.332229,0.0,0.0,0.0,3515.5,0.0,38808.95,12.693799
2019-01-17,10,471590.898332,322962.663469,148628.234863,0.0,0.0,0.0,4502.83,0.0,38526.48,12.240695
2019-01-17,11,442402.197395,302753.84687,139648.350525,0.0,0.0,0.0,5084.51,0.0,37970.25,11.651285
2019-01-17,12,411399.13724,294013.650087,117385.487153,0.0,0.0,0.0,6445.16,0.0,37259.72,11.041391
2019-01-17,13,351547.804909,246924.048662,104623.756248,0.0,0.0,0.0,8345.08,0.0,36723.73,9.57277
2019-01-17,14,348612.97401,240206.046471,108406.927539,0.0,0.0,0.0,7495.85,0.0,36273.49,9.610682
2019-01-17,15,349346.831466,240206.046471,109140.784996,0.0,0.0,0.0,6733.21,0.0,35906.94,9.729229
2019-01-17,16,361725.85514,249820.916887,111904.938253,0.0,0.0,0.0,6053.06,0.0,36068.42,10.02888
2019-01-17,17,445709.933625,321492.256143,124217.677482,0.0,0.0,0.0,4444.71,0.0,36939.98,12.065787
2019-01-17,18,512682.371028,342563.209263,170119.161765,0.0,0.0,0.0,3543.83,0.0,39053.19,13.127798
2019-01-17,19,518272.660787,342559.919263,175712.741523,0.0,0.0,0.0,3539.11,0.0,39415.92,13.148816
2019-01-17,20,504691.553497,342559.919263,162131.634234,0.0,0.0,0.0,4172.45,0.0,39229.85,12.864988
2019-01-17,21,450029.047383,312289.868893,137739.17849,0.0,0.0,0.0,5359.82,0.0,38223.8,11.77353
2019-01-17,22,392230.666668,285946.860087,106283.80658,0.0,0.0,0.0,6999.38,0.0,36330.07,10.796309
2019-01-17,23,329841.999733,217539.582452,112302.417282,0.0,0.0,0.0,6869.89,0.0,34390.21,9.59116
2019-01-18,0,344445.418531,253506.455526,90938.963005,0.0,0.0,0.0,7085.15,0.0,33161.87,10.386791
2019-01-18,1,334076.39873,243124.084368,90952.314363,0.0,0.0,0.0,7609.93,0.0,32694.33,10.218175
2019-01-18,2,334230.749619,242482.377744,91748.371875,0.0,0.0,0.0,7860.75,0.0,32476.95,10.291322
2019-01-18,3,472929.409498,383012.616758,89916.792739,0.0,0.0,0.0,8323.91,0.0,32648.7,14.485398
2019-01-18,4,733400.792565,647039.934679,86360.857886,0.0,0.0,0.0,8638.49,0.0,33575.65,21.843234
2019-01-18,5,781993.108309,657146.586726,124846.521583,0.0,290.654511,0.0,10355.55,0.0,35925.85,21.766864
2019-01-18,6,811347.580238,664263.268327,147084.311911,0.0,733.645216,0.0,11932.4,0.0,39626.2,20.475029
2019-01-18,7,824837.339345,664259.978327,160577.361019,0.0,1116.703718,0.0,12714.67,0.0,41157.13,20.041177
2019-01-18,8,827721.363772,669669.988326,158051.375446,0.0,1346.134797,0.0,12271.43,0.0,40718.06,20.328114
2019-01-18,9,826889.06781,669666.698326,157222.369485,0.0,1320.461472,0.0,11832.06,0.0,40332.03,20.502044
2019-01-18,10,818561.072292,685398.0335,133163.038792,0.0,422.997224,0.0,12214.58,0.0,39815.46,20.558875
2019-01-18,11,932714.45741,796662.432217,136052.025192,0.0,1329.723777,0.0,13799.86,0.0,39150.7,23.823698
2019-01-18,12,906567.633108,773102.582914,133465.050194,0.0,1673.642256,0.0,15134.02,0.0,38544.97,23.519739
2019-01-18,13,880626.78813,748802.275914,131824.512217,0.0,1289.632223,0.0,15959.33,0.0,38145.31,23.086109
2019-01-18,14,870925.498691,748721.550231,122203.94846,0.0,1939.438873,0.0,17254.26,0.0,37548.1,23.194929
2019-01-18,15,813391.492503,696791.46623,116600.026273,0.0,1826.850361,0.0,17104.25,0.0,37072.75,21.940414
2019-01-18,16,809214.548836,697144.797595,112069.751241,0.0,975.791082,0.0,16307.97,0.0,36990.87,21.876062
2019-01-18,17,802341.977792,690127.281483,112214.696309,0.0,985.049002,0.0,15022.0,0.0,37512.88,21.38844
2019-01-18,18,780289.261933,664621.322768,115667.939165,0.0,616.040361,0.0,13698.83,0.0,38526.42,20.253355
2019-01-18,19,766500.382617,633673.548729,132826.833888,0.0,473.990205,0.0,12086.48,0.0,38106.47,20.114704
2019-01-18,20,617393.595906,486122.389641,131271.206266,0.0,1180.878026,0.0,13838.42,0.0,37353.23,16.52852
2019-01-18,21,583321.102672,465486.173757,117834.928914,0.0,1605.460097,0.0,15468.92,0.0,36292.33,16.072848
2019-01-18,22,553449.297475,451998.684516,101450.612958,0.0,758.725031,0.0,15640.42,0.0,34858.02,15.877244
2019-01-18,23,518611.947435,439054.269552,79557.677883,0.0,846.584923,0.0,16272.95,0.0,33078.26,15.678332
2019-01-19,0,494041.14476,422626.147168,71414.997592,0.0,852.216617,0.0,16222.77,0.0,31626.15,15.621286
2019-01-19,1,483063.90606,436546.385546,46517.520514,0.0,0.0,0.0,12677.92,0.0,30862.28,15.652243
2019-01-19,2,373165.997859,317299.874331,55866.123528,0.0,0.0,0.0,12331.7,0.0,30797.76,12.11666
2019-01-19,3,432486.693702,369073.983719,63412.709983,0.0,0.0,0.0,11251.14,0.0,31371.98,13.785763
2019-01-19,4,2697862.768168,2614030.375284,83832.392884,0.0,0.0,0.0,5871.58,0.0,32567.48,82.839163
2019-01-19,5,2735629.986302,2610695.741527,124934.244775,0.0,248.422686,0.0,11137.63,0.0,34680.37,78.881223
2019-01-19,6,2777030.750053,2633054.265045,143976.485008,0.0,966.586895,0.0,11115.69,0.0,37325.71,74.399944
2019-01-19,7,2822374.347668,2657553.615891,164820.731776,0.0,1421.928337,0.0,11608.37,0.0,40072.32,70.432018
2019-01-19,8,2991214.140472,2805094.394979,186119.745493,0.0,1225.529099,0.0,11665.1,0.0,42575.89,70.256057
2019-01-19,9,3015617.997803,2811812.907171,203805.090633,0.0,1157.346544,0.0,11494.51,0.0,44134.03,68.328634
2019-01-19,10,3027243.611149,2823693.283899,203550.32725,0.0,252.117473,0.0,10573.55,0.0,44598.78,67.877274
2019-01-19,11,3072895.536735,2872865.203757,200030.332978,0.0,1210.510348,0.0,11866.74,0.0,44150.49,69.600485
2019-01-19,12,3113418.525116,2921789.995866,191628.52925,0.0,1474.767094,0.0,12947.5,0.0,43223.22,72.031157
2019-01-19,13,3093257.464452,2900478.076586,192779.387866,0.0,1127.48978,0.0,13376.26,0.0,42057.23,73.548768
2019-01-19,14,3079343.644901,2896234.959606,183108.685295,0.0,1799.625356,0.0,14202.21,0.0,41085.19,74.950211
2019-01-19,15,3059029.66049,2888755.785687,170273.874803,0.0,1690.525664,0.0,14224.16,0.0,40481.5,75.566114
2019-01-19,16,3053250.708232,2902250.97492,150999.733311,0.0,668.997706,0.0,13098.66,0.0,40650.08,75.110571
2019-01-19,17,2980259.369753,2819363.183773,160896.18598,0.0,1043.139553,0.0,14262.0,0.0,42072.62,70.836077
2019-01-19,18,3099209.579145,2927564.909337,171644.669808,0.0,399.494363,0.0,12114.44,0.0,44941.32,68.961249
2019-01-19,19,3099380.408118,2952892.695736,146487.712382,0.0,0.0,0.0,7472.01,0.0,45497.74,68.121634
2019-01-19,20,2814325.572695,2664246.794984,150078.777712,0.0,0.0,0.0,7623.9,0.0,45698.93,61.584058
2019-01-19,21,2808406.773697,2664246.794984,144159.978713,0.0,0.0,0.0,8184.13,0.0,45458.99,61.778908
2019-01-19,22,2760038.96686,2611224.802136,148814.164724,0.0,0.0,0.0,8174.06,0.0,44662.81,61.797253
2019-01-19,23,2761726.647745,2611224.802136,150501.845609,0.0,0.0,0.0,6820.34,0.0,43760.0,63.110755
2019-01-20,0,2669432.51571,2494392.778897,175039.736813,0.0,0.0,0.0,5613.14,0.0,43105.65,61.927671
2019-01-20,1,2680302.193973,2503926.02092,176376.173053,0.0,0.0,0.0,4901.89,0.0,42934.34,62.427935
2019-01-20,2,2723953.02275,2548125.33412,175827.68863,0.0,0.0,0.0,4324.57,0.0,42968.77,63.393786
2019-01-20,3,2730622.50414,2548122.04412,182500.46002,0.0,0.0,0.0,4070.22,0.0,43310.24,63.047965
2019-01-20,4,2856627.948349,2694510.975174,162116.973175,0.0,0.0,0.0,4366.46,0.0,44147.09,64.70705
2019-01-20,5,2890246.553435,2694501.105174,195745.448261,0.0,0.0,0.0,3099.22,0.0,45461.11,63.576242
2019-01-20,6,2922772.368973,2694501.105174,228271.263798,0.0,0.0,0.0,2736.95,0.0,47269.7,61.831837
2019-01-20,7,2941317.682702,2694501.105174,246816.577528,0.0,0.0,0.0,3147.65,0.0,48930.53,60.112116
2019-01-20,8,3075167.975643,2835565.726839,239602.248804,0.0,0.0,0.0,3292.28,0.0,49352.02,62.310884
2019-01-20,9,3184974.591571,2983116.885927,201857.705645,0.0,0.0,0.0,3781.27,0.0,48258.44,65.998292
2019-01-20,10,3063804.782138,2908096.517911,155708.264226,0.0,0.0,0.0,5890.85,0.0,45954.68,66.670136
2019-01-20,11,3018095.610328,2878905.294518,139190.31581,0.0,0.0,0.0,7855.69,0.0,43536.39,69.323516
2019-01-20,12,3011572.416335,2850487.897902,161084.518433,0.0,100.759022,0.0,10417.72,0.0,41259.63,72.990776
2019-01-20,13,2923872.49124,2777447.471995,146425.019245,0.0,310.235512,0.0,12681.68,0.0,39360.88,74.283718
2019-01-20,14,2909019.900055,2765436.539699,143583.360356,0.0,940.463268,0.0,13510.17,0.0,37870.06,76.815825
2019-01-20,15,2879621.007464,2754262.634302,125358.373161,0.0,1341.655219,0.0,13945.99,0.0,37021.7,77.781977
2019-01-20,16,2873181.973164,2757602.931011,115579.042152,0.0,891.56227,0.0,13767.61,0.0,36908.1,77.846922
2019-01-20,17,2944192.648515,2807426.248243,136766.400273,0.0,974.093156,0.0,11072.09,0.0,38623.14,76.228723
2019-01-20,18,3081949.981814,2950228.945125,131721.036689,0.0,0.0,0.0,7441.07,0.0,41764.05,73.794327
2019-01-20,19,3023826.871212,2875661.94252,148164.928691,0.0,0.0,0.0,4014.62,0.0,42989.14,70.33932
2019-01-20,20,2843599.038124,2690394.207656,153204.830468,0.0,0.0,0.0,5161.29,0.0,43149.9,65.900478
2019-01-20,21,2845401.118046,2702857.0708,142544.047246,0.0,0.0,0.0,7183.82,0.0,43278.11,65.74689
2019-01-20,22,2787627.684337,2667199.810381,120427.873956,0.0,0.0,0.0,9433.61,0.0,42117.85,66.186372
2019-01-20,23,2650655.921227,2547765.892576,102890.028651,0.0,0.0,0.0,10156.22,0.0,40672.63,65.170507
2019-01-21,0,2553556.636288,2449888.09685,103668.539438,0.0,0.0,0.0,10653.86,0.0,39769.55,64.208839
2019-01-21,1,2498290.769898,2385479.967051,112810.802847,0.0,0.0,0.0,10830.6,0.0,39392.77,63.420033
2019-01-21,2,2498623.199362,2384911.068777,113712.130585,0.0,0.0,0.0,11015.59,0.0,39492.73,63.267928
2019-01-21,3,2564219.154407,2458523.663586,105695.490821,0.0,0.0,0.0,11411.33,0.0,40131.48,63.895455
2019-01-21,4,2658355.112136,2531926.997703,126428.114432,0.0,0.0,0.0,11388.42,0.0,41480.82,64.086368
2019-01-21,5,2717103.834761,2548064.861087,169038.973674,0.0,223.289146,0.0,12425.19,0.0,44062.23,61.665146
2019-01-21,6,2748617.545069,2553468.291086,195149.253983,0.0,575.024422,0.0,13087.83,0.0,47294.87,58.116611
2019-01-21,7,2769747.166746,2553465.001086,216282.16566,0.0,778.121848,0.0,13269.51,0.0,48973.12,56.556478
2019-01-21,8,2915253.678004,2694529.62275,220724.055254,0.0,1271.222459,0.0,12695.47,0.0,48555.62,60.03947
2019-01-21,9,2907973.073771,2694526.84275,213446.231021,0.0,1290.42198,0.0,11982.03,0.0,47276.3,61.510166
2019-01-21,10,2866445.482867,2672881.198224,193564.284643,0.0,429.496142,0.0,12257.16,0.0,45876.77,62.481415
2019-01-21,11,2878636.568984,2701824.364178,176812.204805,0.0,1365.667119,0.0,13710.69,0.0,43851.36,65.64532
2019-01-21,12,2917949.69168,2763656.406361,154293.285319,0.0,1687.144593,0.0,15000.58,0.0,41660.56,70.041058
2019-01-21,13,2890034.353662,2738478.059207,151556.294454,0.0,852.093722,0.0,16120.42,0.0,40059.48,72.143581
2019-01-21,14,2870051.578112,2732548.111993,137503.466119,0.0,1635.16872,0.0,17155.13,0.0,38776.97,74.014333
2019-01-21,15,2865143.302232,2726934.391143,138208.911089,0.0,1688.866653,0.0,17267.1,0.0,38099.44,75.201717
2019-01-21,16,2858665.352447,2724315.653607,134349.69884,0.0,1054.291279,0.0,16025.01,0.0,38210.64,74.813333
2019-01-21,17,2875560.332862,2746937.939788,128622.393073,0.0,1404.372259,0.0,15405.85,0.0,39391.63,72.999273
2019-01-21,18,2805078.77885,2657121.54883,147957.230019,0.0,1121.579298,0.0,14190.91,0.0,41701.84,67.265108
2019-01-21,19,2799884.364299,2636906.152231,162978.212067,0.0,876.814977,0.0,12686.12,0.0,41813.39,66.961429
2019-01-21,20,2775305.35236,2636906.152231,138399.200129,0.0,1147.231882,0.0,14515.92,0.0,41171.8,67.407919
2019-01-21,21,2733455.656635,2616041.233258,117414.423378,0.0,1572.565861,0.0,16600.29,0.0,39776.21,68.720867
2019-01-21,22,2679886.295649,2581402.90634,98483.389309,0.0,1593.479635,0.0,17770.35,0.0,37287.92,71.870093
2019-01-21,23,2666268.136794,2584858.89586,81409.240933,0.0,1619.770393,0.0,17798.08,0.0,34785.4,76.649058
2019-01-22,0,664755.874793,587901.180725,76854.694068,0.0,1628.298046,0.0,17475.08,0.0,33150.43,20.052707
2019-01-22,1,634117.120385,562856.453161,71260.667224,0.0,1544.436944,0.0,17058.41,0.0,32192.33,19.69777
2019-01-22,2,630037.324165,562856.453161,67180.871004,0.0,1592.235201,0.0,16955.93,0.0,31703.04,19.873089
2019-01-22,3,634367.863744,566243.633517,68124.230227,0.0,1556.196462,0.0,16722.7,0.0,31687.39,20.019568
2019-01-22,4,645418.268757,572243.868943,73174.399814,0.0,1488.535428,0.0,16387.76,0.0,32456.75,19.885487
2019-01-22,5,693606.256448,606665.794948,86940.4615,0.0,1503.778386,0.0,16107.25,0.0,34693.99,19.992116
2019-01-22,6,733566.932684,618836.80691,114730.125774,0.0,1235.806843,0.0,15640.19,0.0,38275.89,19.165248
2019-01-22,7,749724.94145,618830.22691,130894.71454,0.0,945.311708,0.0,14876.32,0.0,39264.5,19.094218
2019-01-22,8,762265.523365,630732.82601,131532.697355,0.0,607.848428,0.0,13526.86,0.0,38572.2,19.762044
2019-01-22,9,764501.262428,624933.351946,139567.910483,0.0,772.006273,0.0,12849.22,0.0,38427.65,19.894562
2019-01-22,10,758382.504984,631654.644137,126727.860847,0.0,276.710094,0.0,13211.86,0.0,38336.72,19.782144
2019-01-22,11,786191.344773,656094.888621,130096.456153,0.0,151.571388,0.0,12935.76,0.0,38194.55,20.583862
2019-01-22,12,840426.826065,724479.380471,115947.445594,0.0,148.298887,0.0,13918.52,0.0,38047.39,22.088948
2019-01-22,13,899889.471245,768240.812993,131648.658252,0.0,682.402573,0.0,14484.91,0.0,37928.8,23.725756
2019-01-22,14,900880.892629,765707.28938,135173.603249,0.0,666.332465,0.0,14521.06,0.0,37764.87,23.854998
2019-01-22,15,885841.784214,751251.816995,134589.967219,0.0,753.966292,0.0,15137.31,0.0,37721.42,23.483787
2019-01-22,16,901651.708769,774386.704021,127265.004748,0.0,99.460281,0.0,14021.7,0.0,38197.9,23.604746
2019-01-22,17,862050.893736,731490.234987,130560.658749,0.0,366.399776,0.0,13399.43,0.0,39549.44,21.796791
2019-01-22,18,843579.049783,689173.9939,154405.055883,0.0,986.181346,0.0,13003.47,0.0,41482.82,20.335624
2019-01-22,19,856902.057169,676369.607301,180532.449868,0.0,809.816864,0.0,11485.93,0.0,41948.56,20.427449
2019-01-22,20,839449.534326,676369.607301,163079.927025,0.0,1071.131249,0.0,13456.26,0.0,42046.29,19.96489
2019-01-22,21,792804.751126,660911.408326,131893.3428,0.0,1508.100644,0.0,16046.39,0.0,41182.99,19.250782
2019-01-22,22,742952.807128,615190.005086,127762.802042,0.0,1500.362296,0.0,16867.48,0.0,39508.01,18.805118
2019-01-22,23,735083.736929,615190.005086,119893.731843,0.0,1478.578127,0.0,15177.69,0.0,37858.36,19.416682
2019-01-23,0,736273.589472,618550.397985,117723.191487,0.0,1474.43049,0.0,14511.29,0.0,36874.0,19.967283
2019-01-23,1,766273.711126,615835.762921,150437.948206,0.0,1255.710151,0.0,11357.37,0.0,36896.58,20.76815
2019-01-23,2,768157.811239,621169.472484,146988.338755,0.0,1225.265978,0.0,12113.7,0.0,37340.84,20.571519
2019-01-23,3,803143.28131,645412.21628,157731.06503,0.0,394.940805,0.0,11637.73,0.0,38581.72,20.816679
2019-01-23,4,710080.761318,576834.009298,133246.752019,0.0,0.0,111.326,10710.39,0.0,40620.56,17.480822
2019-01-23,5,806468.269961,661609.169254,144859.100707,0.0,0.0,173.28,11072.42,0.0,44170.9,18.257909
2019-01-23,6,1017990.83381,811678.001,206312.83281,0.0,0.0,0.0,9017.02,0.0,49254.31,20.668056
2019-01-23,7,1065871.229859,811658.261,254212.968859,0.0,0.0,0.0,7507.96,0.0,51796.1,20.578214
2019-01-23,8,1064720.81341,811658.261,253062.55241,0.0,0.0,49.104,6682.81,0.0,51379.74,20.722581
2019-01-23,9,1050858.499268,826951.137689,223907.361579,0.0,0.0,0.0,7386.74,0.0,50589.1,20.772429
2019-01-23,10,884855.906321,667546.525833,217309.380487,0.0,0.0,0.0,8315.05,0.0,49544.31,17.85989
2019-01-23,11,692485.014638,497434.112948,195050.901689,0.0,0.0,0.0,9734.39,0.0,48035.87,14.415998
2019-01-23,12,701997.979948,537239.522625,164758.457322,0.0,0.0,0.0,11848.46,0.0,46272.73,15.170879
2019-01-23,13,690931.928832,486072.135728,204859.793104,0.0,269.71292,0.0,13841.72,0.0,44752.21,15.439057
2019-01-23,14,673697.845128,483063.802444,190634.042684,0.0,540.62533,0.0,13684.9,0.0,43121.43,15.623272
2019-01-23,15,637050.287541,440351.200616,196699.086925,0.0,634.540835,0.0,13105.46,0.0,41972.03,15.177972
2019-01-23,16,668535.985457,465199.24304,203336.742417,0.0,414.451222,0.0,12055.59,0.0,42017.47,15.910905
2019-01-23,17,665050.007327,510606.580429,154443.426898,0.0,0.0,0.0,9341.6,0.0,43479.13,15.295844
2019-01-23,18,758908.40769,567353.261178,191555.146512,0.0,0.0,0.0,6398.28,0.0,46781.57,16.22238
2019-01-23,19,819740.061275,568740.395175,250999.666101,0.0,0.0,0.0,3699.82,0.0,48121.09,17.034944
2019-01-23,20,837679.528588,568737.105175,268942.423413,0.0,0.0,0.0,3057.28,0.0,48589.25,17.240018
2019-01-23,21,816151.382487,568737.105175,247414.277312,0.0,0.0,0.0,3152.13,0.0,47987.46,17.007597
2019-01-23,22,781596.972512,583786.333095,197810.639416,0.0,0.0,0.0,4120.67,0.0,46144.05,16.938196
2019-01-23,23,659048.940169,455743.462233,203305.477936,0.0,0.0,464.979,4084.8,0.0,44401.89,14.842813
2019-01-24,0,606607.540881,416323.15892,190284.381961,0.0,0.0,0.0,4492.24,0.0,43536.71,13.933243
2019-01-24,1,591986.584301,416323.15892,175663.42538,0.0,0.0,0.0,5330.13,0.0,43331.08,13.661939
2019-01-24,2,651577.612959,469348.441768,182229.171191,0.0,0.0,0.0,4430.68,0.0,43556.02,14.959531
2019-01-24,3,687349.575926,490429.264888,196920.311037,0.0,0.0,0.0,3937.52,0.0,44178.62,15.558421
2019-01-24,4,773732.959375,565446.852904,208286.106471,0.0,0.0,0.0,3550.35,0.0,45683.05,16.936981
2019-01-24,5,1031774.363362,795962.234585,235812.128776,0.0,0.0,0.0,3282.81,0.0,49021.05,21.047578
2019-01-24,6,1319969.038173,1015347.180361,304621.857812,0.0,0.0,0.0,2987.11,0.0,53643.76,24.606199
2019-01-24,7,1336939.859984,1015337.820361,321602.039622,0.0,0.0,0.0,2737.51,0.0,54669.49,24.454954
2019-01-24,8,1286101.910728,1015337.820361,270764.090367,0.0,0.0,0.0,2214.11,0.0,51857.4,24.80074
2019-01-24,9,1172567.461111,958787.040362,213780.420749,0.0,0.0,0.0,2577.73,0.0,48510.5,24.171416
2019-01-24,10,1037269.615152,883769.452347,153500.162805,0.0,0.0,0.0,4926.77,0.0,45580.32,22.756962
2019-01-24,11,966001.017403,839577.956252,126423.061151,0.0,0.0,0.0,6494.11,0.0,42871.2,22.532633
2019-01-24,12,1002552.040675,812134.400899,190417.639777,0.0,73.128595,0.0,9398.84,0.0,40657.35,24.658568
2019-01-24,13,943061.998142,770792.707329,172269.290813,0.0,1097.970163,0.0,12053.62,0.0,39133.0,24.098893
2019-01-24,14,925343.612737,769750.438929,155593.173808,0.0,1852.063369,0.0,13156.77,0.0,37937.13,24.391503
2019-01-24,15,904407.421444,764738.895036,139668.526408,0.0,1851.043992,0.0,13969.13,0.0,37398.83,24.182773
2019-01-24,16,880545.81506,754720.951009,125824.864052,0.0,1076.474152,0.0,14470.06,0.0,37622.28,23.404903
2019-01-24,17,878762.817115,746238.333035,132524.48408,0.0,1243.553577,0.0,12796.17,0.0,38843.86,22.622953
2019-01-24,18,905122.4045,738219.491857,166902.912643,0.0,895.46063,0.0,10811.68,0.0,41673.85,21.719193
2019-01-24,19,918073.433944,753875.64636,164197.787583,0.0,0.0,0.0,8000.62,0.0,42862.65,21.418961
2019-01-24,20,902924.007869,756360.824357,146563.183512,0.0,0.0,0.0,7474.87,0.0,43318.39,20.843896
2019-01-24,21,820904.618208,681830.011752,139074.606455,0.0,0.0,0.0,7092.55,0.0,42613.88,19.263785
2019-01-24,22,760197.687872,628442.386529,131755.301343,0.0,0.0,0.0,6460.29,0.0,40928.54,18.57378
2019-01-24,23,810889.057219,704948.809673,105940.247547,0.0,0.0,0.0,5973.73,0.0,39360.33,20.601683
2019-01-25,0,646419.360609,531976.467117,114442.893492,0.0,0.0,0.0,5543.58,0.0,38608.92,16.742747
2019-01-25,1,592574.626751,461312.410747,131262.216004,0.0,0.0,0.0,5311.02,0.0,38644.37,15.334048
2019-01-25,2,611624.064441,477755.352664,133868.711777,0.0,0.0,0.0,5105.64,0.0,39025.4,15.672461
2019-01-25,3,622136.190745,477752.062664,144384.12808,0.0,0.0,0.0,5127.08,0.0,39806.26,15.629104
2019-01-25,4,687047.394656,537419.444839,149627.949817,0.0,0.0,0.0,5284.15,0.0,41435.44,16.581154
2019-01-25,5,890992.222248,704882.619014,186109.603234,0.0,0.0,0.0,3600.51,0.0,44648.23,19.955824
2019-01-25,6,971328.294118,704869.459014,266458.835104,0.0,0.0,0.0,3291.62,0.0,49074.58,19.792901
2019-01-25,7,988791.736153,716291.554263,272500.181891,0.0,0.0,0.0,4136.41,0.0,50406.28,19.616439
2019-01-25,8,977528.629021,716288.264263,261240.364758,0.0,0.0,0.0,2887.94,0.0,48816.58,20.024521
2019-01-25,9,814796.555502,568737.105175,246059.450327,0.0,0.0,0.0,2617.32,0.0,46875.83,17.382019
2019-01-25,10,737618.633254,550397.624983,187221.008272,0.0,0.0,0.0,4233.68,0.0,44799.98,16.464709
2019-01-25,11,591363.689313,415469.573642,175894.115671,0.0,0.0,0.0,5491.12,0.0,42650.18,13.865444
2019-01-25,12,510592.5722,371270.260442,139322.311758,0.0,0.0,0.0,7555.2,0.0,40734.49,12.53465
2019-01-25,13,507550.116526,396974.449758,110575.666768,0.0,0.0,0.0,10120.37,0.0,39344.61,12.900118
2019-01-25,14,540761.97609,354193.029394,186568.946696,0.0,0.0,0.0,9753.72,0.0,38202.48,14.155154
2019-01-25,15,471658.496174,368003.547441,103654.948733,0.0,0.0,0.0,9106.31,0.0,37591.34,12.546999
2019-01-25,16,397723.68845,273050.363845,124673.324605,0.0,0.0,0.0,8455.29,0.0,37812.07,10.518432
2019-01-25,17,477163.735004,338641.613361,138522.121643,0.0,0.0,0.0,6406.0,0.0,38772.65,12.306709
2019-01-25,18,561593.708252,369251.878505,192341.829747,0.0,0.0,0.0,4955.89,0.0,40973.41,13.706297
2019-01-25,19,585942.644835,369245.298505,216697.34633,0.0,0.0,0.0,4107.64,0.0,41315.59,14.18212
2019-01-25,20,574772.845652,365046.258506,209726.587146,0.0,0.0,0.0,4552.68,0.0,41286.15,13.921687
2019-01-25,21,541680.190094,365046.258506,176633.931589,0.0,0.0,0.0,5840.35,0.0,40874.96,13.252128
2019-01-25,22,482530.276606,335437.472774,147092.803832,0.0,0.0,0.0,7762.32,0.0,39724.31,12.146977
2019-01-25,23,446342.919356,297916.997737,148425.92162,0.0,0.0,0.0,6891.42,0.0,38343.09,11.640766
2019-01-26,0,464417.832371,326276.067966,138141.764405,0.0,0.0,0.0,5856.36,0.0,37355.91,12.432245
2019-01-26,1,433067.551015,282070.174766,150997.376249,0.0,0.0,0.0,4950.24,0.0,36777.14,11.775455
2019-01-26,2,431649.70824,282070.174766,149579.533474,0.0,0.0,0.0,4693.39,0.0,36532.54,11.815486
2019-01-26,3,438344.022413,286272.504765,152071.517649,0.0,0.0,0.0,4269.01,0.0,36588.77,11.980289
2019-01-26,4,456665.484438,302712.156682,153953.327757,0.0,0.0,0.0,4020.1,0.0,37097.2,12.309972
2019-01-26,5,528594.765682,365254.240074,163340.525608,0.0,0.0,0.0,3456.33,0.0,38260.57,13.815653
2019-01-26,6,584974.038438,387591.358697,197382.679742,0.0,0.0,0.0,3057.68,0.0,40148.12,14.570397
2019-01-26,7,671347.143804,450645.662069,220701.481734,0.0,0.0,0.0,2818.19,0.0,41852.89,16.04064
2019-01-26,8,675905.508532,450639.592069,225265.916463,0.0,0.0,0.0,2570.27,0.0,42579.34,15.874025
2019-01-26,9,659868.638367,450639.592069,209229.046298,0.0,0.0,0.0,2804.28,0.0,42093.68,15.676193
2019-01-26,10,591427.079909,432300.111878,159126.968032,0.0,0.0,0.0,4465.74,0.0,40660.89,14.545355
2019-01-26,11,485567.901727,335741.23048,149826.671247,0.0,0.0,0.0,4981.32,0.0,39039.63,12.43782
2019-01-26,12,423649.938643,303241.60211,120408.336533,0.0,0.0,0.0,6348.32,0.0,37520.87,11.291048
2019-01-26,13,358555.650672,249917.306541,108638.344131,0.0,0.0,0.0,8015.69,0.0,36242.42,9.893259
2019-01-26,14,328144.422595,229432.952346,98711.470249,0.0,0.0,0.0,8148.74,0.0,35288.78,9.298832
2019-01-26,15,314589.055432,222154.705237,92434.350194,0.0,0.0,0.0,7987.15,0.0,34739.23,9.055729
2019-01-26,16,318229.703828,225668.76497,92560.938858,0.0,0.0,0.0,7579.34,0.0,34863.7,9.127824
2019-01-26,17,389473.334429,281121.95404,108351.380389,0.0,0.0,0.0,5888.42,0.0,36079.37,10.794904
2019-01-26,18,464903.994931,325311.39724,139592.597691,0.0,0.0,0.0,4450.84,0.0,38021.36,12.227443
2019-01-26,19,499977.358165,325308.10724,174669.250925,0.0,0.0,0.0,3348.72,0.0,38343.54,13.039416
2019-01-26,20,502728.162934,325308.10724,177420.055694,0.0,0.0,0.0,3272.9,0.0,38250.07,13.143196
2019-01-26,21,482314.577833,325308.10724,157006.470593,0.0,0.0,0.0,3619.48,0.0,37830.27,12.749435
2019-01-26,22,446814.59608,309400.8778,137413.71828,0.0,0.0,0.0,4322.95,0.0,37064.94,12.054912
2019-01-26,23,456978.82666,316122.169991,140856.656669,0.0,0.0,0.0,2936.04,0.0,36040.13,12.679722
2019-01-27,0,516489.377007,391139.758006,125349.619001,0.0,0.0,0.0,2433.72,0.0,35064.49,14.729699
2019-01-27,1,490730.790141,370055.644885,120675.145255,0.0,0.0,0.0,2845.68,0.0,34728.96,14.130305
2019-01-27,2,457871.077748,318419.636761,139451.440986,0.0,0.0,0.0,2363.03,0.0,34628.95,13.222205
2019-01-27,3,462554.825471,318419.636761,144135.18871,0.0,0.0,0.0,2464.78,0.0,34985.06,13.221496
2019-01-27,4,460909.192506,318419.636761,142489.555745,0.0,0.0,0.0,2993.02,0.0,35522.54,12.975119
2019-01-27,5,525747.395864,379397.306369,146350.089494,0.0,0.0,0.0,3062.25,0.0,36574.47,14.37471
2019-01-27,6,534671.071772,379391.236369,155279.835402,0.0,0.0,0.0,3486.39,0.0,38194.77,13.998541
2019-01-27,7,560650.884349,398123.065642,162527.818707,0.0,0.0,0.0,4423.71,0.0,39753.86,14.103055
2019-01-27,8,580412.161312,398116.485642,182295.67567,0.0,0.0,0.0,3651.49,0.0,40424.05,14.35809
2019-01-27,9,564303.111035,398116.485642,166186.625393,0.0,0.0,0.0,3731.27,0.0,39681.48,14.220818
2019-01-27,10,521268.255702,398116.485642,123151.77006,0.0,0.0,0.0,5378.12,0.0,38157.72,13.660886
2019-01-27,11,481345.724818,371113.175551,110232.549267,0.0,0.0,0.0,6137.96,0.0,36835.59,13.067409
2019-01-27,12,488789.539589,389307.000446,99482.539143,0.0,0.0,0.0,7370.53,0.0,35691.67,13.694779
2019-01-27,13,494173.135223,369115.09315,125058.042074,0.0,0.0,0.0,8490.76,0.0,34818.67,14.192763
2019-01-27,14,499791.895606,347894.773442,151897.122163,0.0,139.048437,0.0,9420.8,0.0,34189.75,14.618179
2019-01-27,15,489139.839565,326425.488186,162714.35138,0.0,10.801428,0.0,9601.87,0.0,33866.03,14.443377
2019-01-27,16,461542.321167,343220.850775,118321.470392,0.0,0.0,0.0,9153.72,0.0,33943.06,13.597546
2019-01-27,17,454528.17179,328087.215517,126440.956273,0.0,0.0,0.0,7181.82,0.0,34891.3,13.026977
2019-01-27,18,496524.951179,349621.302634,146903.648545,0.0,0.0,0.0,5231.21,0.0,37539.35,13.226786
2019-01-27,19,523280.334118,349594.982634,173685.351484,0.0,0.0,0.0,3013.77,0.0,38610.24,13.55289
2019-01-27,20,521720.925972,349594.982634,172125.943338,0.0,0.0,0.0,3638.52,0.0,38919.37,13.405174
2019-01-27,21,491429.930694,339562.3152,151867.615494,0.0,0.0,0.0,5278.6,0.0,38441.85,12.783722
2019-01-27,22,452276.902133,338259.806477,114017.095656,0.0,0.0,0.0,8208.21,0.0,37020.9,12.216799
2019-01-27,23,388677.67955,270968.945945,117708.733605,0.0,0.0,0.0,8647.02,0.0,35538.04,10.936948
2019-01-28,0,376394.351154,264574.378048,111819.973106,0.0,0.0,0.0,8917.74,0.0,34442.81,10.928096
2019-01-28,1,377784.854227,265982.607594,111802.246633,0.0,0.0,0.0,9217.32,0.0,33945.89,11.129031
2019-01-28,2,372607.971378,278996.483976,93611.487401,0.0,0.0,0.0,8436.03,0.0,34072.4,10.935771
2019-01-28,3,378749.426068,292408.592651,86340.833417,0.0,0.0,0.0,7790.95,0.0,34561.03,10.958858
2019-01-28,4,406047.054094,309692.599978,96354.454116,0.0,0.0,0.0,7387.29,0.0,36027.0,11.270632
2019-01-28,5,477816.309425,359252.935859,118563.373566,0.0,0.0,0.0,7525.34,0.0,39003.56,12.250582
2019-01-28,6,707959.279044,554963.707956,152995.571088,0.0,0.0,0.0,8300.18,0.0,43325.03,16.340653
2019-01-28,7,718910.011087,564146.45998,154763.551107,0.0,0.0,0.0,9370.92,0.0,44474.47,16.164555
2019-01-28,8,714080.156844,564497.459979,149582.696864,0.0,0.0,0.0,7004.87,0.0,42969.55,16.618283
2019-01-28,9,699023.197945,564494.169979,134529.027965,0.0,0.0,0.0,6596.13,0.0,41406.95,16.881784
2019-01-28,10,849954.608243,749438.859768,100515.748475,0.0,0.0,0.0,8448.68,0.0,39850.32,21.328677
2019-01-28,11,863864.486172,714792.347517,149072.138655,0.0,679.806718,0.0,10286.79,0.0,38725.87,22.307168
2019-01-28,12,2984724.605939,2867904.714107,116819.891833,0.0,1176.182039,0.0,14982.25,0.0,37842.19,78.872935
2019-01-28,13,3026637.650772,2861277.028392,165360.622381,0.0,797.84656,0.0,12871.38,0.0,37421.64,80.879343
2019-01-28,14,3034371.930046,2891120.88273,143251.047315,0.0,832.810478,0.0,12121.44,0.0,36970.75,82.074936
2019-01-28,15,3037175.805868,2903313.780641,133862.025227,0.0,606.295452,0.0,11378.63,0.0,36787.85,82.559209
2019-01-28,16,3032559.598906,2907752.076884,124807.522022,0.0,231.129216,0.0,11307.74,0.0,37254.01,81.402233
2019-01-28,17,3037892.306009,2902263.796297,135628.509712,0.0,1015.993166,0.0,12687.07,0.0,38404.4,79.102715
2019-01-28,18,2980685.528383,2844909.690172,135775.838211,0.0,1080.323508,0.0,12634.25,0.0,40909.35,72.86074
2019-01-28,19,2971436.690844,2803775.505699,167661.185145,0.0,833.362764,0.0,10254.08,0.0,41635.91,71.367161
2019-01-28,20,2958552.050143,2803772.215699,154779.834444,0.0,1037.916113,0.0,11518.23,0.0,41519.59,71.256774
2019-01-28,21,2927197.362506,2795032.018916,132165.34359,0.0,1393.088326,0.0,13010.79,0.0,40498.24,72.279619
2019-01-28,22,2903140.847814,2783832.404852,119308.442962,0.0,329.195205,0.0,12622.5,0.0,38796.28,74.830392
2019-01-28,23,2860930.294601,2797254.99882,63675.29578,0.0,0.0,0.0,11899.12,0.0,37200.29,76.906129
2019-01-29,0,2774141.528822,2696289.174338,77852.354484,0.0,0.0,0.0,10631.11,0.0,36608.24,75.779156
2019-01-29,1,2483073.109686,2382661.409722,100411.699965,0.0,0.0,0.0,10162.22,0.0,36776.55,67.517837
2019-01-29,2,2491822.141943,2382658.119722,109164.022222,0.0,0.0,0.0,9856.24,0.0,37327.61,66.75547
2019-01-29,3,2535309.35985,2421995.187688,113314.172162,0.0,0.0,0.0,9656.67,0.0,38497.83,65.855903
2019-01-29,4,2658790.687076,2524362.88981,134427.797265,0.0,0.0,0.0,7324.34,0.0,40641.3,65.420906
2019-01-29,5,2793952.733747,2623806.139811,170146.593936,0.0,0.0,0.0,6187.53,0.0,44595.11,62.651549
2019-01-29,6,2943801.807512,2708661.005729,235140.801783,0.0,0.0,0.0,5435.84,0.0,49811.39,59.098969
2019-01-29,7,2989643.037714,2718187.157753,271455.879962,0.0,0.0,0.0,4840.4,0.0,51758.51,57.761381
2019-01-29,8,2939800.838492,2666547.859629,273252.978863,0.0,0.0,0.0,3871.55,0.0,50303.02,58.441836
2019-01-29,9,2892214.224787,2672322.470391,219891.754396,0.0,0.0,0.0,4955.96,0.0,48546.69,59.57593
2019-01-29,10,2779756.062947,2588699.563878,191056.499068,0.0,0.0,0.0,6439.37,0.0,46756.84,59.451324
2019-01-29,11,2716746.188981,2534829.925621,181916.26336,0.0,0.0,0.0,7891.42,0.0,44927.47,60.469601
2019-01-29,12,2685229.363057,2493432.026852,191797.336204,0.0,0.0,0.0,10230.06,0.0,43119.94,62.273495
2019-01-29,13,2917344.050864,2787079.528628,130264.522236,0.0,0.0,0.0,11529.73,0.0,41645.5,70.051844
2019-01-29,14,2910477.872775,2745800.872271,164677.000503,0.0,22.874421,0.0,11858.85,0.0,40371.83,72.091799
2019-01-29,15,2877971.701166,2714403.083787,163568.61738,0.0,98.317535,0.0,11745.77,0.0,39732.22,72.434203
2019-01-29,16,2884588.765768,2752046.077963,132542.687805,0.0,0.0,0.0,12137.17,0.0,40438.08,71.333475
2019-01-29,17,2858385.803768,2683583.111964,174802.691804,0.0,0.0,0.0,10644.88,0.0,42743.54,66.872931
2019-01-29,18,2903924.584612,2730908.792443,173015.792169,0.0,0.0,0.0,8644.46,0.0,46096.01,62.997309
2019-01-29,19,2901678.900068,2707493.040791,194185.859277,0.0,0.0,0.0,6780.84,0.0,46889.54,61.883288
2019-01-29,20,2913848.5735,2717029.062815,196819.510685,0.0,0.0,0.0,6202.9,0.0,46855.68,62.187734
2019-01-29,21,2956489.604396,2780627.845581,175861.758815,0.0,0.0,0.0,6074.36,0.0,45618.1,64.809573
2019-01-29,22,2895632.400368,2730041.187576,165591.212793,0.0,0.0,0.0,5704.34,0.0,43337.9,66.815245
2019-01-29,23,2802201.918636,2648291.131273,153910.787363,0.0,0.0,0.0,5425.3,0.0,41274.16,67.892403
2019-01-30,0,2787011.74513,2635486.744673,151525.000457,0.0,0.0,0.0,5045.13,0.0,40105.03,69.492823
2019-01-30,1,2691965.084534,2536545.425206,155419.659328,0.0,0.0,0.0,4666.59,0.0,39667.2,67.863754
2019-01-30,2,2709719.698649,2548473.220007,161246.478642,0.0,0.0,47.392,3683.83,0.0,39697.92,68.258481
2019-01-30,3,2731598.856622,2558005.95203,173592.904591,0.0,0.0,0.0,3227.81,0.0,40162.85,68.013073
2019-01-30,4,2816357.944797,2645703.88882,170654.055977,0.0,0.0,0.0,3249.35,0.0,41549.86,67.78261
2019-01-30,5,2961652.421832,2775428.113238,186224.308594,0.0,0.0,0.0,2933.8,0.0,44728.57,66.213886
2019-01-30,6,3039412.776241,2793885.051254,245527.724988,0.0,0.0,0.0,2847.49,0.0,48909.17,62.144027
2019-01-30,7,2928371.050285,2646330.602166,282040.448119,0.0,0.0,0.0,2946.53,0.0,49940.27,58.637469
2019-01-30,8,2940892.96784,2694503.885174,246389.082666,0.0,0.0,0.0,3021.3,0.0,48738.48,60.340268
2019-01-30,9,2867569.225261,2629005.073086,238564.152175,0.0,0.0,0.0,3214.68,0.0,47776.43,60.020584
2019-01-30,10,2804957.411471,2604874.356463,200083.055008,0.0,0.0,0.0,4671.74,0.0,46696.04,60.068421
2019-01-30,11,2714686.959535,2542330.807688,172356.151847,0.0,0.0,0.0,6251.58,0.0,45102.52,60.189252
2019-01-30,12,559714.690152,401277.221,158437.469153,0.0,0.0,0.0,8767.12,0.0,43519.81,12.861147
2019-01-30,13,717754.972258,575741.165272,142013.806986,0.0,0.0,0.0,11603.19,0.0,42592.93,16.851505
2019-01-30,14,715292.708703,539938.626511,175354.082192,0.0,476.899243,0.0,13909.25,0.0,41598.2,17.19528
2019-01-30,15,653486.047117,495631.337597,157854.70952,0.0,1349.921126,0.0,15137.08,0.0,40855.65,15.994998
2019-01-30,16,663773.789907,514394.140042,149379.649865,0.0,936.019265,0.0,14884.03,0.0,41365.42,16.046586
2019-01-30,17,710347.954941,537459.09104,172888.863901,0.0,1293.960807,0.0,13574.62,0.0,42938.9,16.543227
2019-01-30,18,804239.80155,606982.643896,197257.157654,0.0,0.0,0.0,11078.6,0.0,45708.01,17.595161
2019-01-30,19,944098.113552,777665.615753,166432.4978,0.0,0.0,0.0,8028.62,0.0,46323.2,20.380676
2019-01-30,20,821600.354013,654455.004729,167145.349284,0.0,0.0,0.0,8981.0,0.0,46099.9,17.822172
2019-01-30,21,799599.619764,654788.620899,144810.998865,0.0,0.0,0.0,10363.93,0.0,44781.21,17.855695
2019-01-30,22,742295.255225,613621.687027,128673.568198,0.0,0.0,0.0,10669.98,0.0,42286.2,17.554078
2019-01-30,23,638923.035871,513424.250312,125498.785559,0.0,0.0,0.0,9798.85,0.0,39918.88,16.005535
2019-01-31,0,632404.124374,513424.250312,118979.874062,0.0,0.0,0.0,8878.14,0.0,38492.0,16.429495
2019-01-31,1,621379.233654,501716.61977,119662.613883,0.0,0.0,0.0,8161.29,0.0,37710.0,16.477837
2019-01-31,2,621198.954243,501937.808045,119261.146198,0.0,0.0,0.0,7636.91,0.0,37313.58,16.648066
2019-01-31,3,624363.865584,502570.84518,121793.020404,0.0,0.0,0.0,7238.71,0.0,37279.96,16.747976
2019-01-31,4,647498.187618,519007.207097,128490.980521,0.0,0.0,468.38,6842.15,0.0,38084.5,17.00162
2019-01-31,5,706861.583558,569733.320592,137128.262967,0.0,0.0,0.0,7832.67,0.0,40553.02,17.430553
2019-01-31,6,776366.055178,581852.002818,194514.05236,0.0,0.0,241.258,8724.36,0.0,44186.38,17.570257
2019-01-31,7,824810.001708,656866.300833,167943.700875,0.0,0.0,0.0,9307.79,0.0,45158.28,18.264868
2019-01-31,8,879807.335238,733345.313711,146462.021526,0.0,0.0,0.0,9742.99,0.0,44281.41,19.868548
2019-01-31,9,892556.167531,697464.416835,195091.750696,0.0,15.107841,0.0,10370.22,0.0,43755.47,20.398733
2019-01-31,10,836503.433692,670455.294987,166048.138706,0.0,0.0,0.0,11488.25,0.0,43191.0,19.36754
2019-01-31,11,861480.290745,685366.20462,176114.086125,0.0,854.52732,0.0,12331.68,0.0,42327.35,20.352805
2019-01-31,12,732763.671453,563594.320141,169169.351311,0.0,1097.3096,0.0,12764.48,0.0,41372.84,17.711225
2019-01-31,13,750054.703879,575651.030454,174403.673426,0.0,165.109241,0.0,13147.63,0.0,40710.56,18.424082
2019-01-31,14,735495.305868,563687.511805,171807.794063,0.0,644.101963,0.0,13568.21,0.0,40060.99,18.359389
2019-01-31,15,711015.180325,557297.848793,153717.331532,0.0,108.102469,0.0,12721.12,0.0,39635.95,17.938644
2019-01-31,16,651408.587314,556316.017021,95092.570293,0.0,0.0,0.0,11662.76,0.0,39945.59,16.307397
2019-01-31,17,462697.977081,332430.620551,130267.35653,0.0,0.0,0.0,9258.36,0.0,40869.71,11.321293
2019-01-31,18,516377.621335,360632.786669,155744.834666,0.0,0.0,0.0,6732.4,0.0,42142.14,12.253237
2019-01-31,19,583310.327247,404825.519869,178484.807378,0.0,0.0,170.46,4355.11,0.0,42038.7,13.875556
2019-01-31,20,555967.145976,404822.229869,151144.916107,0.0,0.0,0.0,5240.72,0.0,41242.69,13.48038
2019-01-31,21,479392.650628,360524.831834,118867.818795,0.0,0.0,0.0,7356.34,0.0,39495.61,12.137872
2019-01-31,22,365787.423313,273678.807745,92108.615568,0.0,0.0,0.0,9581.83,0.0,36999.33,9.886326
2019-01-31,23,330574.824451,249050.344861,81524.47959,0.0,0.0,0.0,8783.64,0.0,34578.04,9.560253
2019-02-01,0,304833.58537,228811.223172,76022.362198,0.0,0.0,0.0,8169.92,0.0,32980.12,9.24295
2019-02-01,1,228763.224446,146005.003421,82758.221025,0.0,0.0,0.0,7601.85,0.0,31998.36,7.149217
2019-02-01,2,244151.168354,152188.622962,91962.545391,0.0,0.0,0.0,6259.47,0.0,31605.7,7.724909
2019-02-01,3,261485.932787,161710.082636,99775.850151,0.0,0.0,0.0,5258.21,0.0,31663.49,8.258279
2019-02-01,4,344021.577991,246242.646578,97778.931413,0.0,0.0,0.0,4379.86,0.0,32348.19,10.634956
2019-02-01,5,413213.253356,296556.136088,116657.117269,0.0,0.0,0.0,3765.06,0.0,34543.87,11.961985
2019-02-01,6,612278.492096,456336.137025,155942.355072,0.0,0.0,0.0,3406.55,0.0,38069.17,16.083316
2019-02-01,7,621753.72763,446808.511098,174945.216533,0.0,0.0,0.0,3251.21,0.0,39356.12,15.798146
2019-02-01,8,624624.604509,446808.511098,177816.093412,0.0,0.0,0.0,2787.48,0.0,39043.26,15.99827
2019-02-01,9,617509.97448,446808.511098,170701.463382,0.0,0.0,0.0,3068.23,0.0,38968.94,15.846209
2019-02-01,10,642762.605416,505068.678186,137693.92723,0.0,0.0,0.0,4789.27,0.0,38684.72,16.615413
2019-02-01,11,599129.307452,461442.638299,137686.669153,0.0,0.0,0.0,6279.09,0.0,38163.72,15.698923
2019-02-01,12,535192.72828,420970.42291,114222.30537,0.0,0.0,0.0,8093.12,0.0,37494.38,14.273945
2019-02-01,13,539044.198685,438513.034242,100531.164443,0.0,0.0,0.0,9840.63,0.0,37163.65,14.504609
2019-02-01,14,614721.485145,501873.249008,112848.236137,0.0,0.0,0.0,10724.04,0.0,36738.49,16.732356
2019-02-01,15,638092.560463,487779.888905,150312.671558,0.0,150.534608,0.0,11107.23,0.0,36438.11,17.511681
2019-02-01,16,635176.647026,490670.17713,144506.469896,0.0,217.519697,0.0,11065.68,0.0,36339.88,17.478777
2019-02-01,17,644457.604148,527183.010498,117274.59365,0.0,0.0,0.0,9285.75,0.0,36855.23,17.486191
2019-02-01,18,452430.441732,338028.88727,114401.554463,0.0,0.0,0.0,7657.26,0.0,37992.78,11.908327
2019-02-01,19,423657.91259,293803.25407,129854.658521,0.0,0.0,0.0,6065.84,0.0,37890.07,11.181239
2019-02-01,20,405807.216197,289604.214071,116203.002127,0.0,0.0,0.0,6688.11,0.0,37315.05,10.875162
2019-02-01,21,397283.388179,294248.675274,103034.712904,0.0,0.0,0.0,7596.72,0.0,36492.65,10.886669
2019-02-01,22,363601.597541,271164.519192,92437.078349,0.0,0.0,0.0,7935.07,0.0,35003.67,10.387528
2019-02-01,23,280404.528529,194665.517545,85739.010984,0.0,0.0,0.0,7835.82,0.0,33192.49,8.44783
2019-02-02,0,260653.462215,188264.369648,72389.092567,0.0,0.0,0.0,7795.06,0.0,31680.63,8.227534
2019-02-02,1,242492.40422,171420.950498,71071.453722,0.0,0.0,0.0,7814.26,0.0,30813.43,7.869699
2019-02-02,2,245146.300698,171420.950498,73725.3502,0.0,0.0,0.0,6828.11,0.0,30320.54,8.085156
2019-02-02,3,251484.783923,177818.808395,73665.975528,0.0,0.0,0.0,6125.34,0.0,30036.31,8.372692
2019-02-02,4,260594.363649,177815.518395,82778.845254,0.0,0.0,0.0,5524.82,0.0,30296.82,8.601377
2019-02-02,5,421144.012358,340986.494992,80157.517366,0.0,0.0,0.0,5725.59,0.0,31127.26,13.529749
2019-02-02,6,445904.406302,359555.507983,86348.898319,0.0,0.0,0.0,5933.21,0.0,32490.01,13.724354
2019-02-02,7,479319.336936,388796.256499,90523.080436,0.0,0.0,0.0,6008.89,0.0,33885.31,14.145343
2019-02-02,8,643049.021525,538597.784947,104451.236579,0.0,0.0,0.0,5218.08,0.0,35211.11,18.262674
2019-02-02,9,655165.511913,538591.714947,116573.796966,0.0,0.0,0.0,5382.7,0.0,36306.49,18.04541
2019-02-02,10,752996.055574,657815.196162,95180.859413,0.0,0.0,0.0,6812.03,0.0,36819.78,20.450857
2019-02-02,11,834762.414787,699407.546943,135354.867844,0.0,36.339574,0.0,9281.95,0.0,36774.95,22.699213
2019-02-02,12,885562.455783,758646.486343,126915.96944,0.0,1337.190781,0.0,12208.63,0.0,36229.18,24.443348
2019-02-02,13,844833.81057,729912.065509,114921.745062,0.0,860.09942,0.0,13966.69,0.0,35556.0,23.760654
2019-02-02,14,829841.614784,721825.131447,108016.483337,0.0,1627.981726,0.0,14807.38,0.0,34945.37,23.746826
2019-02-02,15,832173.305186,725435.943188,106737.361998,0.0,1651.487125,0.0,14765.19,0.0,34705.58,23.978084
2019-02-02,16,841738.018651,739615.092903,102122.925748,0.0,873.6631,0.0,13733.87,0.0,34667.72,24.280167
2019-02-02,17,788024.564214,685688.866544,102335.697671,0.0,457.205011,0.0,11044.34,0.0,35220.13,22.374266
2019-02-02,18,793879.943461,708847.77715,85032.166311,0.0,0.0,0.0,8506.71,0.0,36456.52,21.776076
2019-02-02,19,698048.267691,590234.30307,107813.96462,0.0,0.0,0.0,5587.86,0.0,36340.25,19.208681
2019-02-02,20,587341.880291,493368.484606,93973.395685,0.0,0.0,0.0,6470.38,0.0,35839.9,16.387933
2019-02-02,21,623415.66675,544694.625105,78721.041645,0.0,0.0,0.0,8288.15,0.0,35099.54,17.761363
2019-02-02,22,626239.990308,524676.909707,101563.080601,0.0,367.993835,0.0,10141.42,0.0,33841.98,18.504827
2019-02-02,23,564888.158117,469081.609837,95806.54828,0.0,924.912273,0.0,11445.27,0.0,32364.13,17.454143
2019-02-03,0,541945.381345,464099.922336,77845.459009,0.0,1465.112092,0.0,12666.04,0.0,30890.76,17.543932
2019-02-03,1,518282.835701,449534.786472,68748.049229,0.0,1466.819834,0.0,12972.72,0.0,29801.23,17.391324
2019-02-03,2,515724.07143,444115.172096,71608.899334,0.0,1480.003449,0.0,12682.74,0.0,29237.78,17.638961
2019-02-03,3,516692.870044,445339.036473,71353.833572,0.0,925.156564,0.0,11816.54,0.0,28875.82,17.893617
2019-02-03,4,521869.674316,445335.746473,76533.927844,0.0,427.953353,0.0,10944.64,0.0,28859.93,18.082846
2019-02-03,5,522820.240277,445335.746473,77484.493804,0.0,560.135893,0.0,11331.44,0.0,29274.15,17.859451
2019-02-03,6,393497.999479,297784.587385,95713.412095,0.0,693.693547,0.0,11687.22,0.0,30157.8,13.047968
2019-02-03,7,434023.523828,333784.222666,100239.301162,0.0,739.313458,0.0,11662.5,0.0,31277.85,13.876386
2019-02-03,8,455458.702211,340870.56401,114588.138201,0.0,1207.341738,0.0,11315.82,0.0,32673.13,13.939855
2019-02-03,9,468993.216871,340863.98401,128129.232861,0.0,1409.690561,0.0,10995.11,0.0,33971.01,13.80569
2019-02-03,10,487162.569733,373915.777084,113246.792649,0.0,539.565713,0.0,11278.98,0.0,34743.37,14.021742
2019-02-03,11,553573.460996,436483.27849,117090.182506,0.0,1471.046089,0.0,13432.65,0.0,35236.32,15.710309
2019-02-03,12,581852.863361,452721.160006,129131.703355,0.0,1905.531543,0.0,14971.02,0.0,35320.23,16.473643
2019-02-03,13,575182.939733,450794.980528,124387.959204,0.0,1205.102062,0.0,15357.46,0.0,35448.82,16.225729
2019-02-03,14,574528.010288,450794.980528,123733.02976,0.0,1855.881576,0.0,16041.57,0.0,35503.04,16.182502
2019-02-03,15,578301.401789,452731.030006,125570.371784,0.0,1795.875841,0.0,15864.6,0.0,35651.65,16.220887
2019-02-03,16,583278.505495,465578.26292,117700.242575,0.0,1012.802536,0.0,15062.73,0.0,35930.43,16.233552
2019-02-03,17,478571.529215,357476.125167,121095.404049,0.0,1502.881813,0.0,14430.37,0.0,36016.56,13.287541
2019-02-03,18,469968.101739,344263.752184,125704.349555,0.0,1240.663216,0.0,13481.55,0.0,36883.84,12.741843
2019-02-03,19,479886.68842,344260.462184,135626.226235,0.0,975.552226,0.0,11875.14,0.0,36885.6,13.010136
2019-02-03,20,473045.496492,344260.462184,128785.034308,0.0,1209.997124,0.0,12787.0,0.0,36355.98,13.011491
2019-02-03,21,457402.02272,333902.238169,123499.784551,0.0,1651.930506,0.0,14055.39,0.0,35889.86,12.744603
2019-02-03,22,431902.198452,318595.74785,113306.450602,0.0,1703.969631,0.0,14378.68,0.0,34302.83,12.590862
2019-02-03,23,411846.877152,315884.402785,95962.474366,0.0,1695.892171,0.0,13508.31,0.0,31883.38,12.91729
2019-02-04,0,389094.361953,294309.195513,94785.16644,0.0,1644.59784,0.0,12620.64,0.0,30092.26,12.930048
2019-02-04,1,388522.736497,300707.05341,87815.683087,0.0,1505.207625,0.0,11816.08,0.0,28995.53,13.399401
2019-02-04,2,393806.512,304906.093409,88900.418591,0.0,1279.724562,0.0,10804.63,0.0,28443.89,13.84503
2019-02-04,3,399729.304142,310325.707784,89403.596358,0.0,802.448291,0.0,9709.51,0.0,28439.73,14.055313
2019-02-04,4,421377.656388,322179.498584,99198.157804,0.0,281.22547,0.0,8627.79,0.0,28979.11,14.540738
2019-02-04,5,480069.886433,383489.380488,96580.505945,0.0,0.0,0.0,7915.71,0.0,31021.99,15.475148
2019-02-04,6,485647.69765,397588.210641,88059.487008,0.0,0.0,0.0,7181.94,0.0,34580.92,14.043805
2019-02-04,7,442666.31709,335355.269225,107311.047864,0.0,0.0,0.0,6450.83,0.0,36102.55,12.261359
2019-02-04,8,450109.642852,335351.979225,114757.663627,0.0,0.0,0.0,6317.18,0.0,36217.88,12.42783
2019-02-04,9,608559.214649,475453.923616,133105.291033,0.0,0.0,0.0,7040.5,0.0,36834.13,16.521612
2019-02-04,10,791906.084783,698025.960719,93880.124064,0.0,0.0,0.0,8228.63,0.0,37382.85,21.183673
2019-02-04,11,836178.760404,707185.617756,128993.142648,0.0,190.652476,0.0,10029.72,0.0,37779.17,22.133328
2019-02-04,12,898332.999698,774903.946279,123429.053418,0.0,267.949495,0.0,11371.85,0.0,38223.23,23.502279
2019-02-04,13,919683.278364,782778.539668,136904.738696,0.0,446.449383,0.0,12048.86,0.0,38618.09,23.814831
2019-02-04,14,887809.191226,741465.355609,146343.835617,0.0,283.743575,0.0,11345.39,0.0,38791.33,22.886794
2019-02-04,15,826724.347925,718503.604269,108220.743656,0.0,0.0,0.0,10314.56,0.0,38791.88,21.311789
2019-02-04,16,787528.750288,701297.775345,86230.974943,0.0,0.0,0.0,9434.57,0.0,38893.01,20.248594
2019-02-04,17,748666.240199,642644.60917,106021.631028,0.0,0.0,0.0,7556.76,0.0,39089.7,19.152519
2019-02-04,18,829303.931813,714388.561291,114915.370522,0.0,0.0,0.0,6027.97,0.0,40486.01,20.483716
2019-02-04,19,845371.067943,714378.691291,130992.376652,0.0,0.0,0.0,4350.71,0.0,40607.16,20.818276
2019-02-04,20,828243.951823,714378.691291,113865.260533,0.0,0.0,0.0,4886.16,0.0,39694.42,20.865501
2019-02-04,21,742673.746947,633340.945945,109332.801001,0.0,0.0,0.0,5984.02,0.0,38101.7,19.49188
2019-02-04,22,408379.47739,322390.82657,85988.650819,0.0,0.0,0.0,7334.59,0.0,35586.11,11.475811
2019-02-04,23,356559.564194,283221.30857,73338.255623,0.0,0.0,0.0,7237.26,0.0,32883.06,10.84326
2019-02-05,0,262921.138095,194413.723922,68507.414174,0.0,0.0,0.0,7217.22,0.0,31016.64,8.476777
2019-02-05,1,233354.139594,163456.623488,69897.516106,0.0,0.0,0.0,7238.36,0.0,29884.43,7.808552
2019-02-05,2,233495.542378,163456.623488,70038.91889,0.0,0.0,0.0,6642.81,0.0,29341.2,7.957941
2019-02-05,3,237788.763647,169854.481385,67934.282262,0.0,0.0,0.0,6289.36,0.0,29094.67,8.172932
2019-02-05,4,244666.794415,169851.191385,74815.60303,0.0,0.0,0.0,6122.16,0.0,29601.55,8.265337
2019-02-05,5,338938.053958,262805.361609,76132.692349,0.0,0.0,0.0,6546.77,0.0,31559.7,10.739584
2019-02-05,6,378370.4636,279229.073526,99141.390074,0.0,0.0,0.0,7050.32,0.0,35193.8,10.751055
2019-02-05,7,400417.487439,287969.270309,112448.21713,0.0,0.0,0.0,7481.69,0.0,36740.62,10.898496
2019-02-05,8,401041.987182,287965.980309,113076.006873,0.0,0.0,0.0,7275.53,0.0,36716.91,10.922542
2019-02-05,9,407646.169909,287965.980309,119680.1896,0.0,0.0,0.0,7867.36,0.0,37231.37,10.948997
2019-02-05,10,569226.765275,473233.205173,95993.560101,0.0,0.0,0.0,9170.4,0.0,37940.18,15.00327
2019-02-05,11,781645.274299,678488.08626,103157.188039,0.0,0.0,0.0,11157.24,0.0,38400.65,20.355001
2019-02-05,12,794669.114963,656418.508028,138250.606935,0.0,250.159846,0.0,12874.5,0.0,38670.84,20.54957
2019-02-05,13,753775.865025,639515.810421,114260.054605,0.0,0.0,0.0,13291.25,0.0,39089.57,19.283299
2019-02-05,14,780242.000383,639515.810421,140726.189963,0.0,633.958163,0.0,14387.32,0.0,39181.34,19.913612
2019-02-05,15,773015.938568,639515.810421,133500.128148,0.0,938.619383,0.0,14865.07,0.0,39194.66,19.722481
2019-02-05,16,759638.127931,630775.613637,128862.514294,0.0,506.500963,0.0,14355.1,0.0,39119.34,19.41848
2019-02-05,17,801163.306781,674975.949388,126187.357393,0.0,416.741795,0.0,13313.76,0.0,39211.5,20.431845
2019-02-05,18,821275.992706,728868.037269,92407.955436,0.0,0.0,0.0,10672.1,0.0,40563.97,20.24644
2019-02-05,19,692420.000908,561792.153045,130627.847863,0.0,0.0,0.0,7320.78,0.0,40634.58,17.040166
2019-02-05,20,680375.281572,561788.863045,118586.418527,0.0,0.0,0.0,7489.17,0.0,39733.31,17.123549
2019-02-05,21,646148.486644,544788.726447,101359.760198,0.0,0.0,0.0,7996.85,0.0,38239.17,16.897555
2019-02-05,22,488421.52883,403726.884783,84694.644048,0.0,0.0,0.0,7836.35,0.0,35936.63,13.591189
2019-02-05,23,248167.640637,171292.376522,76875.264115,0.0,0.0,0.0,8194.62,0.0,33261.3,7.461153
2019-02-06,0,206783.744094,136111.190899,70672.553195,0.0,0.0,0.0,8349.42,0.0,31459.06,6.573106
2019-02-06,1,182514.144167,116789.718499,65724.425667,0.0,0.0,0.0,8588.16,0.0,30294.03,6.024756
2019-02-06,2,175948.954361,111529.283863,64419.670498,0.0,0.0,0.0,8365.94,0.0,29669.03,5.930391
2019-02-06,3,175993.798084,111311.385588,64682.412495,0.0,0.0,0.0,8312.12,0.0,29522.53,5.961339
2019-02-06,4,183576.734197,116296.363089,67280.371107,0.0,0.0,0.0,8649.29,0.0,29999.35,6.119357
2019-02-06,5,300660.873855,236745.152344,63915.721511,0.0,0.0,0.0,8471.71,0.0,31909.5,9.4223
2019-02-06,6,347473.527988,261297.536779,86175.991209,0.0,0.0,0.0,8569.88,0.0,35397.23,9.816405
2019-02-06,7,369416.242806,270024.573562,99391.669244,0.0,0.0,0.0,8752.33,0.0,36912.87,10.00779
2019-02-06,8,438974.320724,342612.293169,96362.027555,0.0,0.0,0.0,7924.34,0.0,36932.27,11.885929
2019-02-06,9,482192.473267,386802.246369,95390.226898,0.0,0.0,0.0,7553.95,0.0,37673.4,12.799282
2019-02-06,10,621271.871814,527863.578033,93408.29378,0.0,0.0,0.0,8216.33,0.0,38504.64,16.134987
2019-02-06,11,659640.557917,525176.26125,134464.296667,0.0,0.0,0.0,11610.14,0.0,39121.97,16.861128
2019-02-06,12,813923.724066,663956.580396,149967.143671,0.0,1058.807961,0.0,14103.37,0.0,39640.7,20.532527
2019-02-06,13,801310.291924,663201.065997,138109.225927,0.0,669.410129,0.0,15325.26,0.0,40205.86,19.930187
2019-02-06,14,790293.364278,652640.797198,137652.56708,0.0,1284.656413,0.0,16053.57,0.0,40214.15,19.652122
2019-02-06,15,780357.139196,652715.225199,127641.913997,0.0,1364.932239,0.0,16185.58,0.0,40331.67,19.348496
2019-02-06,16,794798.400093,663210.935997,131587.464096,0.0,896.483502,0.0,16084.58,0.0,40385.06,19.680506
2019-02-06,17,797957.676823,671881.959293,126075.71753,0.0,1418.622299,0.0,15158.29,0.0,40556.09,19.675409
2019-02-06,18,824243.371326,688903.931982,135339.439344,0.0,1176.133716,0.0,13960.93,0.0,41660.08,19.784969
2019-02-06,19,828331.908123,676092.965383,152238.94274,0.0,815.682817,0.0,12256.08,0.0,41660.22,19.883042
2019-02-06,20,806366.384987,670300.071319,136066.313669,0.0,1010.954226,0.0,13389.56,0.0,40883.89,19.723328
2019-02-06,21,758085.748885,637828.392346,120257.356539,0.0,1429.066963,0.0,15023.3,0.0,39323.19,19.278338
2019-02-06,22,584938.686831,485093.619081,99845.06775,0.0,1396.85034,0.0,15887.58,0.0,36738.67,15.921608
2019-02-06,23,537497.644451,458488.00194,79009.64251,0.0,986.414434,0.0,16162.94,0.0,34116.43,15.754803
2019-02-07,0,508214.534119,440320.968767,67893.565352,0.0,813.186439,0.0,16216.57,0.0,32142.35,15.811368
2019-02-07,1,492353.39005,421982.559203,70370.830847,0.0,692.063296,0.0,15847.39,0.0,31007.24,15.878659
2019-02-07,2,487737.499467,421982.559203,65754.940263,0.0,494.840359,0.0,15153.32,0.0,30408.5,16.039512
2019-02-07,3,489109.469088,421982.559203,67126.909885,0.0,947.206966,0.0,15240.82,0.0,30169.49,16.212056
2019-02-07,4,497313.371177,425170.1046,72143.266576,0.0,1317.361642,0.0,15334.25,0.0,30598.87,16.252671
2019-02-07,5,537032.330844,460148.020382,76884.310462,0.0,1637.803036,0.0,15096.99,0.0,32268.6,16.642567
2019-02-07,6,598696.884485,496425.790681,102271.093804,0.0,1603.781734,0.0,13988.46,0.0,35643.03,16.797026
2019-02-07,7,622920.333568,512852.282598,110068.05097,0.0,1421.785971,0.0,13331.65,0.0,37230.74,16.731344
2019-02-07,8,639057.897353,518259.002597,120798.894756,0.0,1270.949157,0.0,12637.9,0.0,37830.32,16.892744
2019-02-07,9,2772641.903075,2650742.815138,121899.087937,0.0,1079.50634,0.0,12506.79,0.0,38883.34,71.306681
2019-02-07,10,2956933.377834,2835810.447755,121122.930079,0.0,405.235176,0.0,13129.21,0.0,39998.67,73.925792
2019-02-07,11,3069960.296608,2927137.12932,142823.167288,0.0,1376.888745,0.0,14617.09,0.0,40557.63,75.693779
2019-02-07,12,3051794.571749,2904554.010007,147240.561742,0.0,1945.43768,0.0,15762.17,0.0,40368.73,75.597983
2019-02-07,13,3030332.540096,2891334.186516,138998.35358,0.0,1830.750035,0.0,16714.54,0.0,40140.28,75.493558
2019-02-07,14,3026143.293833,2891334.186516,134809.107317,0.0,2603.24774,0.0,17531.65,0.0,39689.98,76.244515
2019-02-07,15,3025239.57666,2891800.951,133438.625661,0.0,2463.134867,0.0,17235.26,0.0,39397.1,76.788382
2019-02-07,16,3036292.752999,2899715.161206,136577.591793,0.0,1506.80924,0.0,16034.7,0.0,39784.03,76.319386
2019-02-07,17,3070128.182729,2921953.287257,148174.895472,0.0,1290.353838,0.0,13962.29,0.0,41078.32,74.738407
2019-02-07,18,3018309.650754,2838320.769149,179988.881605,0.0,702.113915,0.0,12021.31,0.0,43866.32,68.806995
2019-02-07,19,3035355.841687,2825032.627492,210323.214195,0.0,234.102702,0.0,10142.93,0.0,45020.72,67.421308
2019-02-07,20,3041426.34294,2825029.337492,216397.005447,0.0,46.906347,0.0,10116.65,0.0,45361.47,67.048672
2019-02-07,21,3025117.574177,2818311.335301,206806.238875,0.0,248.682713,0.0,11431.54,0.0,44699.57,67.676659
2019-02-07,22,2985677.615388,2788465.091029,197212.524359,0.0,473.96496,0.0,11272.26,0.0,43102.69,69.268939
2019-02-07,23,2956539.872698,2788465.091029,168074.781669,0.0,325.049095,0.0,11799.11,0.0,41556.16,71.145647
2019-02-08,0,2901884.548521,2788778.747555,113105.800966,0.0,0.0,0.0,12234.06,0.0,40658.73,71.371746
2019-02-08,1,2626586.529371,2495299.516659,131287.012712,0.0,0.0,0.0,11965.0,0.0,40525.59,64.813036
2019-02-08,2,2638361.038725,2502020.808851,136340.229875,0.0,0.0,0.0,12437.31,0.0,40948.53,64.431154
2019-02-08,3,2692627.298087,2552913.289201,139714.008886,0.0,0.0,0.0,12614.57,0.0,41797.9,64.420157
2019-02-08,4,2738819.19401,2569111.903292,169707.290718,0.0,0.0,0.0,12568.82,0.0,43456.23,63.024777
2019-02-08,5,2852652.732863,2692163.74829,160488.984573,0.0,0.0,0.0,13524.32,0.0,46785.77,60.972658
2019-02-08,6,2991069.163392,2769884.707736,221184.455656,0.0,0.0,0.0,11501.38,0.0,51649.12,57.911329
2019-02-08,7,3062544.318107,2800793.68473,261750.633377,0.0,0.0,0.0,8856.48,0.0,53731.32,56.997377
2019-02-08,8,3062363.953296,2810305.370657,252058.582639,0.0,0.0,0.0,8571.38,0.0,53581.51,57.153372
2019-02-08,9,2943000.04168,2669240.238992,273759.802688,0.0,0.0,0.0,8676.55,0.0,53723.47,54.780528
2019-02-08,10,2917525.561932,2676164.914983,241360.646949,0.0,0.0,0.0,9432.83,0.0,53044.37,55.001606
2019-02-08,11,2883940.025524,2655080.801862,228859.223662,0.0,0.0,0.0,8535.43,0.0,52413.24,55.023121
2019-02-08,12,2837894.342125,2606910.298853,230984.043271,0.0,0.0,0.0,8517.78,0.0,51610.59,54.986667
2019-02-08,13,2833461.332514,2606910.298853,226551.033661,0.0,0.0,0.0,8138.05,0.0,51186.36,55.355789
2019-02-08,14,2815340.858694,2606910.298853,208430.55984,0.0,0.0,0.0,8764.9,0.0,50763.61,55.459824
2019-02-08,15,2798753.579965,2590119.646937,208633.933029,0.0,0.0,0.0,9484.74,0.0,50701.55,55.200553
2019-02-08,16,2813717.207018,2604672.229447,209044.977571,0.0,0.0,0.0,10195.06,0.0,51346.71,54.798393
2019-02-08,17,2862751.486323,2630633.437291,232118.049032,0.0,0.0,0.0,9432.08,0.0,52476.55,54.552967
2019-02-08,18,2900884.29066,2648969.627483,251914.663177,0.0,0.0,0.0,8565.76,0.0,53645.54,54.075032
2019-02-08,19,2877026.6653,2597833.554769,279193.110531,0.0,0.0,0.0,7784.4,0.0,53314.38,53.963427
2019-02-08,20,2867833.075702,2598181.264769,269651.810933,0.0,0.0,0.0,7199.94,0.0,52495.33,54.630251
2019-02-08,21,2836876.03896,2588659.708842,248216.330118,0.0,0.0,0.0,7139.11,0.0,51199.2,55.408601
2019-02-08,22,2777953.600418,2547558.50073,230395.099688,0.0,0.0,0.0,7142.79,0.0,49300.48,56.347395
2019-02-08,23,2730652.729413,2547558.50073,183094.228683,0.0,0.0,0.0,7793.31,0.0,47318.89,57.707455
2019-02-09,0,2631965.500878,2450337.194682,181628.306196,0.0,0.0,0.0,8258.11,0.0,45830.48,57.428277
2019-02-09,1,2606876.954637,2440801.172659,166075.781979,0.0,0.0,0.0,8775.15,0.0,44937.75,58.010847
2019-02-09,2,2605110.266732,2440801.172659,164309.094073,0.0,0.0,0.0,8149.76,0.0,44317.85,58.782415
2019-02-09,3,2749499.301671,2588355.111747,161144.189924,0.0,0.0,0.0,7636.17,0.0,44142.8,62.286473
2019-02-09,4,2707804.368343,2537923.283676,169881.084667,0.0,0.0,0.0,7319.51,0.0,44493.66,60.858207
2019-02-09,5,2739496.187871,2556259.473868,183236.714003,0.0,0.0,0.0,6906.33,0.0,45484.93,60.228656
2019-02-09,6,2838356.262684,2653484.069915,184872.192769,0.0,0.0,0.0,6555.02,0.0,47073.41,60.296381
2019-02-09,7,2869432.534197,2653477.489915,215955.044282,0.0,0.0,0.0,6348.8,0.0,48714.48,58.903072
2019-02-09,8,2893499.020568,2653477.489915,240021.530653,0.0,0.0,0.0,6386.69,0.0,50051.31,57.810655
2019-02-09,9,2902725.129507,2653477.489915,249247.639592,0.0,0.0,0.0,6900.8,0.0,50938.86,56.984493
2019-02-09,10,2890324.752323,2653477.489915,236847.262408,0.0,0.0,0.0,8155.24,0.0,51300.05,56.341558
2019-02-09,11,3070130.971251,2850375.863993,219755.107259,0.0,0.0,0.0,9580.58,0.0,50760.65,60.482499
2019-02-09,12,3106084.461209,2873554.310179,232530.15103,0.0,0.0,0.0,11202.01,0.0,49789.36,62.384503
2019-02-09,13,3057685.574226,2851633.676515,206051.897711,0.0,0.0,0.0,12151.61,0.0,48915.69,62.509301
2019-02-09,14,3065619.447828,2842371.386244,223248.061584,0.0,107.048868,0.0,12082.03,0.0,48315.67,63.449797
2019-02-09,15,3069485.437229,2858988.383633,210497.053597,0.0,0.0,0.0,11437.76,0.0,48124.88,63.781675
2019-02-09,16,2927403.303992,2735922.499217,191480.804775,0.0,0.0,0.0,11302.58,0.0,48328.69,60.572784
2019-02-09,17,865271.924854,620081.230865,245190.693988,0.0,0.0,0.0,10382.86,0.0,49113.53,17.617791
2019-02-09,18,901800.000067,675993.511938,225806.488129,0.0,0.0,0.0,9478.01,0.0,50378.84,17.900372
2019-02-09,19,895039.929765,675986.931938,219052.997827,0.0,0.0,0.0,8328.39,0.0,50181.55,17.836036
2019-02-09,20,861426.231508,632665.122837,228761.108671,0.0,0.0,0.0,7551.04,0.0,49491.73,17.405458
2019-02-09,21,869673.034666,677085.624312,192587.410354,0.0,0.0,0.0,7473.78,0.0,48387.39,17.973134
2019-02-09,22,804742.988822,624057.051465,180685.937358,0.0,0.0,0.0,7479.45,0.0,46541.29,17.290947
2019-02-09,23,591332.631232,407977.621785,183355.009447,0.0,0.0,0.0,8035.83,0.0,44765.35,13.209606
2019-02-10,0,630835.761458,472737.896019,158097.865439,0.0,0.0,0.0,8673.63,0.0,43315.15,14.56386
2019-02-10,1,610144.16313,446976.556801,163167.606329,0.0,0.0,0.0,9497.22,0.0,42340.9,14.410279
2019-02-10,2,598859.464885,456312.670698,142546.794187,0.0,0.0,0.0,7878.58,0.0,41678.3,14.368615
2019-02-10,3,556808.943908,414281.713458,142527.230451,0.0,0.0,0.0,6611.15,0.0,41310.08,13.478767
2019-02-10,4,612456.617661,477697.243738,134759.373923,0.0,0.0,0.0,5704.4,0.0,41389.1,14.797534
2019-02-10,5,646763.885786,496023.56393,150740.321855,0.0,0.0,0.0,4597.68,0.0,41951.83,15.416822
2019-02-10,6,683036.766813,511069.501851,171967.264962,0.0,0.0,0.0,3879.66,0.0,42943.66,15.905416
2019-02-10,7,708881.669677,511066.211851,197815.457826,0.0,0.0,0.0,3385.78,0.0,43974.36,16.120341
2019-02-10,8,727344.973593,511066.211851,216278.761742,0.0,0.0,0.0,3462.9,0.0,44936.31,16.18613
2019-02-10,9,728070.920954,511066.211851,217004.709103,0.0,0.0,0.0,4200.82,0.0,45465.64,16.013652
2019-02-10,10,706833.254291,511066.211851,195767.04244,0.0,0.0,0.0,5406.95,0.0,45135.66,15.660195
2019-02-10,11,684214.161643,491879.086249,192335.075394,0.0,0.0,0.0,5932.49,0.0,44401.11,15.409844
2019-02-10,12,678866.569491,491004.872149,187861.697342,0.0,0.0,0.0,6846.23,0.0,43467.41,15.617829
2019-02-10,13,602545.273676,428446.857279,174098.416397,0.0,0.0,0.0,7333.09,0.0,42574.63,14.152684
2019-02-10,14,581605.173758,413400.919358,168204.2544,0.0,0.0,0.0,7044.02,0.0,41755.54,13.928815
2019-02-10,15,575115.840006,414278.423458,160837.416548,0.0,0.0,0.0,7025.75,0.0,41388.46,13.89556
2019-02-10,16,572653.161941,414275.133458,158378.028484,0.0,0.0,0.0,6547.98,0.0,41479.61,13.805654
2019-02-10,17,655586.210169,495182.49852,160403.711649,0.0,0.0,0.0,5936.65,0.0,42318.58,15.491687
2019-02-10,18,687199.59292,511079.371851,176120.221069,0.0,0.0,0.0,5268.39,0.0,43784.98,15.694871
2019-02-10,19,695688.650822,511066.211851,184622.438971,0.0,0.0,0.0,4522.24,0.0,43970.89,15.821573
2019-02-10,20,678096.117886,511066.211851,167029.906035,0.0,0.0,0.0,4917.93,0.0,43204.33,15.695096
2019-02-10,21,635670.462988,492096.984524,143573.478464,0.0,0.0,0.0,6045.77,0.0,41800.16,15.207369
2019-02-10,22,855779.233791,735705.957085,120073.276706,0.0,0.0,0.0,7011.47,0.0,39449.36,21.693108
2019-02-10,23,863281.024249,721932.743369,141348.28088,0.0,222.918588,0.0,8293.96,0.0,37030.78,23.312526
2019-02-11,0,796847.084335,664191.948333,132655.136002,0.0,1195.565281,0.0,9832.16,0.0,35369.3,22.529343
2019-02-11,1,770544.187153,648279.686509,122264.500644,0.0,1391.919959,0.0,10418.58,0.0,34506.91,22.330142
2019-02-11,2,767183.743085,648279.686509,118904.056576,0.0,1500.075547,0.0,10635.48,0.0,34072.44,22.516255
2019-02-11,3,766572.252271,648055.035524,118517.216748,0.0,786.495631,0.0,10002.89,0.0,34089.03,22.487359
2019-02-11,4,775194.476907,646810.602662,128383.874245,0.0,109.289126,0.0,9290.49,0.0,35045.54,22.119633
2019-02-11,5,805209.169285,690683.211904,114525.957381,0.0,0.0,0.0,8714.05,0.0,37511.6,21.465604
2019-02-11,6,789901.532585,645699.574623,144201.957963,0.0,0.0,0.0,8297.98,0.0,41026.16,19.253606
2019-02-11,7,873287.168619,720710.582638,152576.585981,0.0,0.0,0.0,8013.7,0.0,42184.56,20.701583
2019-02-11,8,902092.459904,719786.572767,182305.887137,0.0,887.962584,0.0,9600.32,0.0,41585.13,21.692669
2019-02-11,9,877682.703007,694879.166216,182803.536791,0.0,1255.437415,0.0,10141.88,0.0,41427.28,21.186105
2019-02-11,10,857839.030449,694879.166216,162959.864232,0.0,399.265354,0.0,10428.39,0.0,41126.66,20.858466
2019-02-11,11,839119.603088,676539.686024,162579.917063,0.0,1277.8517,0.0,11426.2,0.0,40826.73,20.553192
2019-02-11,12,831359.625701,676539.686024,154819.939677,0.0,1522.152515,0.0,11863.74,0.0,40568.46,20.492758
2019-02-11,13,781193.364518,676539.686024,104653.678493,0.0,0.0,0.0,11668.53,0.0,40116.31,19.473211
2019-02-11,14,823428.066443,687925.604074,135502.462369,0.0,1219.297868,0.0,13757.99,0.0,39779.94,20.69958
2019-02-11,15,883201.989207,764557.975894,118644.013314,0.0,1308.21801,0.0,13824.02,0.0,39586.06,22.310934
2019-02-11,16,885586.722805,741824.060485,143762.66232,0.0,1364.72929,0.0,14692.17,0.0,39737.02,22.286189
2019-02-11,17,914128.176353,759336.203494,154791.972858,0.0,1499.129675,0.0,13500.7,0.0,40422.19,22.614514
2019-02-11,18,875254.568853,720256.758928,154997.809924,0.0,1190.799608,0.0,12017.67,0.0,41618.72,21.03031
2019-02-11,19,877940.863013,692396.564408,185544.298605,0.0,767.61819,0.0,9187.55,0.0,41684.73,21.06145
2019-02-11,20,850581.954114,692396.564408,158185.389706,0.0,1123.557329,0.0,10564.04,0.0,40889.27,20.802082
2019-02-11,21,814456.515222,674478.948154,139977.567068,0.0,1476.968886,0.0,11878.67,0.0,39260.65,20.744856
2019-02-11,22,760227.959779,646794.152662,113433.807118,0.0,1000.047577,0.0,12196.27,0.0,36924.78,20.588558
2019-02-11,23,734275.908314,633676.024762,100599.883552,0.0,460.808463,0.0,11544.59,0.0,34541.12,21.258023
2019-02-12,0,687138.661276,598864.442934,88274.218343,0.0,1554.648785,0.0,13794.75,0.0,32946.94,20.855917
2019-02-12,1,668094.324437,585585.14043,82509.184006,0.0,1448.1688,0.0,13847.32,0.0,32106.17,20.808908
2019-02-12,2,675825.71733,588293.409741,87532.307588,0.0,1470.562622,0.0,13379.1,0.0,32067.36,21.07519
2019-02-12,3,667031.002403,571122.47668,95908.525723,58.068363,1324.877362,0.0,13317.02,0.0,32252.9,20.681272
2019-02-12,4,693821.977684,593554.66214,100267.315544,0.0,1100.129998,0.0,12779.12,0.0,33301.6,20.834494
2019-02-12,5,733955.305266,610720.521603,123234.783664,0.0,1115.530335,0.0,12904.16,0.0,36278.51,20.231131
2019-02-12,6,838221.665147,687176.756394,151044.908753,0.0,230.333394,0.0,12489.02,0.0,40757.42,20.566112
2019-02-12,7,837601.537766,707565.056455,130036.481312,0.0,0.0,0.0,9542.82,0.0,42441.65,19.735367
2019-02-12,8,503872.453761,343898.277687,159974.176074,0.0,0.0,0.0,7617.34,0.0,41659.61,12.094987
2019-02-12,9,590924.790346,452221.027603,138703.762744,0.0,0.0,0.0,6936.44,0.0,40868.51,14.459171
2019-02-12,10,522106.105043,393307.28237,128798.822672,0.0,0.0,0.0,7649.14,0.0,40049.24,13.036605
2019-02-12,11,459318.395025,329193.988485,130124.40654,0.0,0.0,0.0,8238.25,0.0,39071.29,11.755906
2019-02-12,12,492394.731765,393727.460406,98667.271358,0.0,0.0,0.0,9555.78,0.0,38123.42,12.915807
2019-02-12,13,538072.579485,365233.351289,172839.228197,0.0,52.437498,0.0,10722.54,0.0,37448.93,14.36817
2019-02-12,14,528136.382239,365416.508507,162719.873732,0.0,261.627889,0.0,10517.6,0.0,36810.32,14.347509
2019-02-12,15,541159.994651,383263.354693,157896.639959,0.0,161.734888,0.0,9851.2,0.0,36392.52,14.870089
2019-02-12,16,468143.753258,370745.94341,97397.809847,0.0,0.0,0.0,8969.92,0.0,36509.13,12.822649
2019-02-12,17,426005.08153,307668.628353,118336.453177,0.0,0.0,0.0,6797.76,0.0,37114.83,11.478029
2019-02-12,18,543173.847915,390280.185452,152893.662462,0.0,0.0,81.512,4794.76,0.0,39494.52,13.753145
2019-02-12,19,622853.619709,420890.450597,201963.169113,0.0,0.0,67.952,2679.8,0.0,40967.72,15.203522
2019-02-12,20,633423.533181,420883.870597,212539.662585,0.0,0.0,0.0,2595.63,0.0,41457.25,15.278957
2019-02-12,21,575071.720174,387584.778697,187486.941478,0.0,0.0,0.0,3956.58,0.0,41051.07,14.00869
2019-02-12,22,502216.936241,348164.475384,154052.460857,0.0,0.0,0.0,6352.93,0.0,39554.66,12.696783
2019-02-12,23,436120.115663,280093.568042,156026.547621,0.0,0.0,5.56,6780.58,0.0,37946.6,11.492996
2019-02-13,0,445212.344024,307856.519325,137355.824699,0.0,0.0,0.0,7275.54,0.0,37060.04,12.013272
2019-02-13,1,448064.537421,307608.3949,140456.142521,0.0,0.0,0.0,8004.87,0.0,37034.93,12.098431
2019-02-13,2,596886.531853,461213.794515,135672.737338,0.0,0.0,0.0,7924.53,0.0,37393.1,15.962478
2019-02-13,3,610911.202778,476256.952436,134654.250342,0.0,0.0,0.0,8021.97,0.0,38290.71,15.954554
2019-02-13,4,642612.375809,492696.604353,149915.771456,0.0,0.0,0.0,8236.0,0.0,39957.92,16.082228
2019-02-13,5,792917.709956,620898.44459,172019.265366,0.0,0.0,0.0,7917.18,0.0,43480.25,18.236273
2019-02-13,6,867439.632059,639218.694782,228220.937277,0.0,0.0,0.0,7707.45,0.0,48392.38,17.925129
2019-02-13,7,3172305.642208,2957684.62492,214621.017288,0.0,0.0,0.0,7530.27,0.0,49543.92,64.03017
2019-02-13,8,3169434.515136,2955580.445425,213854.069711,0.0,533.696912,0.0,9335.41,0.0,47227.91,67.109354
2019-02-13,9,3038860.782629,2854507.133808,184353.64882,0.0,1377.913546,0.0,11019.05,0.0,44492.68,68.300241
2019-02-13,10,2980222.521338,2836167.653617,144054.867721,0.0,553.127252,0.0,12071.26,0.0,42265.09,70.512627
2019-02-13,11,2975973.640283,2843180.838669,132792.801614,0.0,1511.869786,0.0,14082.67,0.0,40390.26,73.680477
2019-02-13,12,3032193.536279,2909646.908121,122546.628158,0.0,1840.789112,0.0,15346.65,0.0,38900.48,77.947458
2019-02-13,13,3003980.402028,2883075.996517,120904.405511,0.0,1351.227669,0.0,15759.19,0.0,38179.08,78.68132
2019-02-13,14,2995598.443431,2878519.746517,117078.696914,0.0,1915.525652,0.0,16549.52,0.0,37629.21,79.608327
2019-02-13,15,2993853.150321,2879774.544866,114078.605455,0.0,1971.833298,0.0,16824.58,0.0,37457.83,79.925963
2019-02-13,16,2971549.72776,2854489.542696,117060.185063,0.0,651.009081,0.0,15891.57,0.0,37813.36,78.584652
2019-02-13,17,2986051.971381,2875318.668956,110733.302425,0.0,671.728812,0.0,14989.38,0.0,38611.19,77.33644
2019-02-13,18,2928793.410094,2801594.806831,127198.603263,0.0,1240.191626,0.0,14768.25,0.0,40761.91,71.851231
2019-02-13,19,2924742.025285,2777355.164983,147386.860302,0.0,942.692661,0.0,13149.5,0.0,41514.58,70.45096
2019-02-13,20,2908371.927927,2777355.164983,131016.762944,0.0,1150.066451,0.0,14343.79,0.0,41213.26,70.568839
2019-02-13,21,2871491.208333,2759437.548728,112053.659604,0.0,1589.256572,0.0,16200.0,0.0,40119.38,71.573669
2019-02-13,22,2828933.685885,2738801.332845,90132.35304,0.0,1647.139643,0.0,17226.19,0.0,37940.14,74.56308
2019-02-13,23,2797944.329692,2720332.156103,77612.173589,0.0,1670.207894,0.0,17124.76,0.0,35674.42,78.429988
2019-02-14,0,2777539.93531,2703226.982905,74312.952406,0.0,1684.716394,0.0,16450.48,0.0,34228.47,81.147067
2019-02-14,1,2775018.296235,2703226.982905,71791.313331,0.0,1597.095335,0.0,15670.78,0.0,33391.06,83.106625
2019-02-14,2,2774968.006022,2703226.982905,71741.023117,0.0,1638.626837,0.0,15129.85,0.0,33045.27,83.974741
2019-02-14,3,2778813.341587,2703226.982905,75586.358682,0.0,1605.387836,0.0,14708.16,0.0,33094.72,83.965459
2019-02-14,4,2798239.796437,2707429.312904,90810.483533,0.0,1519.893009,0.0,14161.33,0.0,34039.96,82.204556
2019-02-14,5,2848646.675199,2747579.652844,101067.022355,0.0,1591.249584,0.0,14255.19,0.0,36592.53,77.847765
2019-02-14,6,2767695.391664,2628351.004773,139344.386891,0.0,1610.439869,0.0,14203.97,0.0,40444.42,68.43207
2019-02-14,7,2776837.025624,2628341.134773,148495.89085,0.0,1507.120984,0.0,13811.62,0.0,41212.5,67.378514
2019-02-14,8,2773882.859416,2628341.134773,145541.724643,0.0,1382.773321,0.0,12892.51,0.0,40109.99,69.156907
2019-02-14,9,2772223.041131,2635062.426965,137160.614166,0.0,1430.602719,0.0,12750.23,0.0,39245.73,70.637571
2019-02-14,10,2837246.835342,2711577.05379,125669.781552,0.0,575.968573,0.0,13308.57,0.0,38350.95,73.981136
2019-02-14,11,2870085.098069,2740127.205918,129957.892151,0.0,1305.541152,0.0,15053.67,0.0,37559.27,76.414826
2019-02-14,12,2849176.534539,2726110.743556,123065.790982,0.0,1849.09195,0.0,16355.87,0.0,36914.09,77.183984
2019-02-14,13,2828274.391587,2709196.671895,119077.719692,0.0,1482.645943,0.0,17194.88,0.0,36799.45,76.856431
2019-02-14,14,2782801.352864,2657997.546073,124803.80679,0.0,2015.133811,0.0,17402.66,0.0,36642.89,75.943828
2019-02-14,15,2787912.053236,2664460.620505,123451.43273,0.0,1858.809423,0.0,16791.98,0.0,36521.68,76.335811
2019-02-14,16,2785445.309317,2661947.860321,123497.448996,0.0,920.698356,0.0,15536.99,0.0,36490.28,76.333898
2019-02-14,17,2825795.858033,2708369.384462,117426.47357,0.0,385.50617,0.0,13647.55,0.0,36504.82,77.408842
2019-02-14,18,2770389.169773,2697912.306157,72476.863616,0.0,0.0,0.0,10116.14,0.0,37769.23,73.350428
2019-02-14,19,2759018.357423,2653653.772957,105364.584466,0.0,0.0,0.0,5950.61,0.0,38078.23,72.456581
2019-02-14,20,2756466.487011,2653653.772957,102812.714054,0.0,0.0,0.0,5531.03,0.0,37442.0,73.619638
2019-02-14,21,2734774.182962,2653653.772957,81120.410004,0.0,0.0,0.0,6436.25,0.0,36206.24,75.533228
2019-02-14,22,2677126.103222,2620258.688775,56867.414446,0.0,0.0,0.0,7973.45,0.0,34052.03,78.618693
2019-02-14,23,2616753.850361,2565185.227208,51568.623154,0.0,0.0,0.0,8270.65,0.0,31814.01,82.25162
2019-02-15,0,2348754.740903,2287617.945123,61136.79578,0.0,0.0,0.0,8479.49,0.0,30317.74,77.4713
2019-02-15,1,2283056.789376,2216186.194491,66870.594886,0.0,0.0,0.0,8806.57,0.0,29575.06,77.195339
2019-02-15,2,2291484.394181,2221440.86689,70043.527291,0.0,0.0,0.0,7563.33,0.0,29174.21,78.544865
2019-02-15,3,2298999.744164,2226422.554391,72577.189773,0.0,0.0,0.0,6835.63,0.0,29236.2,78.635382
2019-02-15,4,2317646.777425,2236082.21839,81564.559036,0.0,0.0,0.0,6517.14,0.0,30024.92,77.190773
2019-02-15,5,2381967.399395,2295297.312504,86670.086891,0.0,0.0,0.0,6192.08,0.0,32274.81,73.802678
2019-02-15,6,2490819.278792,2382148.951319,108670.327474,0.0,0.0,0.0,6331.41,0.0,35888.87,69.40367
2019-02-15,7,397292.122975,265930.82967,131361.293305,0.0,0.0,0.0,6972.09,0.0,37320.96,10.645281
2019-02-15,8,392702.166249,260718.25706,131983.909189,0.0,0.0,0.0,7052.35,0.0,37305.23,10.526732
2019-02-15,9,385765.26599,253601.57546,132163.690531,0.0,0.0,0.0,7923.96,0.0,37341.25,10.330808
2019-02-15,10,387147.917691,265960.780492,121187.137198,0.0,0.0,0.0,10015.79,0.0,37516.85,10.319308
2019-02-15,11,446542.143427,343339.843615,103202.299812,0.0,0.0,0.0,10453.58,0.0,37668.19,11.854622
2019-02-15,12,548163.447591,382826.869406,165336.578185,0.0,250.636114,0.0,11447.51,0.0,37859.88,14.478742
2019-02-15,13,532241.794412,368033.464373,164208.330039,0.0,784.029571,0.0,13710.76,0.0,38415.76,13.854777
2019-02-15,14,575369.881029,412989.761756,162380.119272,0.0,836.17409,0.0,14169.69,0.0,38671.34,14.878457
2019-02-15,15,545174.153299,391521.070537,153653.082762,0.0,731.993176,0.0,14844.09,0.0,38725.99,14.077733
2019-02-15,16,543226.074756,397075.269979,146150.804777,0.0,822.726583,0.0,15520.89,0.0,38665.23,14.049472
2019-02-15,17,500549.197001,379517.762992,121031.43401,0.0,0.0,0.0,13293.44,0.0,38457.78,13.015551
2019-02-15,18,682787.720308,546805.251997,135982.468311,0.0,0.0,0.0,11799.4,0.0,39208.43,17.414309
2019-02-15,19,696497.007254,515912.162548,180584.844706,0.0,283.101482,0.0,8597.65,0.0,39281.05,17.73112
2019-02-15,20,687950.330881,514183.788707,173766.542173,0.0,229.759076,0.0,8377.7,0.0,38604.24,17.82059
2019-02-15,21,672021.242006,505440.301924,166580.940082,0.0,289.601956,0.0,8502.85,0.0,37741.17,17.806052
2019-02-15,22,651384.793575,495043.953574,156340.840001,0.0,348.345212,0.0,8796.67,0.0,36394.59,17.897847
2019-02-15,23,636497.945646,481723.475673,154774.469973,0.0,31.838311,0.0,7777.46,0.0,34904.17,18.235585
2019-02-16,0,626073.411228,521875.16925,104198.241979,0.0,0.0,0.0,6801.45,0.0,33643.36,18.609123
2019-02-16,1,512916.652873,410974.028435,101942.624438,0.0,0.0,0.0,5988.04,0.0,32966.77,15.558596
2019-02-16,2,499130.390172,382823.455976,116306.934196,0.0,0.0,0.0,5480.59,0.0,32709.59,15.259451
2019-02-16,3,602023.757398,502046.937191,99976.820207,0.0,0.0,0.0,5879.81,0.0,32726.2,18.395773
2019-02-16,4,662446.625936,500167.003444,162279.622491,0.0,77.733798,0.0,6876.81,0.0,33230.41,19.934952
2019-02-16,5,630774.377605,525544.467106,105229.9105,0.0,0.0,0.0,5619.97,0.0,34262.96,18.409804
2019-02-16,6,564939.900594,433772.013209,131167.887385,0.0,0.0,15.276,4599.51,0.0,36061.66,15.665943
2019-02-16,7,753215.201073,607843.71403,145371.487043,0.0,0.0,0.0,3877.44,0.0,38057.68,19.791411
2019-02-16,8,810981.335294,635366.351471,175614.983822,0.0,0.0,0.0,2870.28,0.0,40008.3,20.270327
2019-02-16,9,888319.991847,710380.649487,177939.342361,0.0,0.0,0.0,3223.21,0.0,41281.91,21.518384
2019-02-16,10,871050.575107,707087.107215,163963.467892,0.0,0.0,0.0,5026.17,0.0,41946.21,20.765895
2019-02-16,11,921500.09806,782673.781874,138826.316186,0.0,0.0,0.0,6435.79,0.0,41894.99,21.995472
2019-02-16,12,964393.324645,746325.211612,218068.113033,0.0,310.823341,0.0,8913.69,0.0,41342.6,23.326867
2019-02-16,13,918159.101009,717525.875305,200633.225704,0.0,957.099805,0.0,11300.97,0.0,40598.83,22.615408
2019-02-16,14,911464.933513,727733.07321,183731.860304,0.0,1012.070312,0.0,12226.69,0.0,39931.82,22.825529
2019-02-16,15,912594.732964,739008.044762,173586.688203,0.0,931.801157,0.0,13229.43,0.0,39452.76,23.131328
2019-02-16,16,867763.421706,695586.504632,172176.917074,0.0,573.588835,0.0,13188.46,0.0,39346.87,22.054192
2019-02-16,17,858930.725349,707291.364208,151639.361141,0.0,0.0,0.0,11813.6,0.0,39809.97,21.575769
2019-02-16,18,671692.66708,517323.486405,154369.180675,0.0,0.0,0.0,10000.31,0.0,40864.29,16.437155
2019-02-16,19,496687.267634,322195.381444,174491.886191,0.0,0.0,0.0,7408.17,0.0,41032.65,12.104684
2019-02-16,20,486395.417805,322188.801444,164206.616362,0.0,0.0,0.0,7839.97,0.0,40348.28,12.054923
2019-02-16,21,457505.895991,301350.237709,156155.658281,0.0,0.0,0.0,9618.7,0.0,39428.5,11.603431
2019-02-16,22,413447.826687,274205.625991,139242.200696,0.0,0.0,0.0,10265.01,0.0,37861.56,10.919989
2019-02-16,23,379636.961756,259452.683892,120184.277864,0.0,0.0,0.0,9620.88,0.0,36091.08,10.518858
2019-02-17,0,353398.01599,246330.243804,107067.772186,0.0,0.0,0.0,9344.83,0.0,34561.94,10.225063
2019-02-17,1,363105.323676,243878.214496,119227.109179,0.0,0.0,0.0,9425.22,0.0,33433.29,10.860592
2019-02-17,2,361861.016878,261970.716201,99890.300677,0.0,0.0,0.0,7197.72,0.0,32840.94,11.018595
2019-02-17,3,330306.222576,217738.503001,112567.719575,0.0,0.0,0.0,5376.18,0.0,32604.2,10.130788
2019-02-17,4,339130.747526,229851.392952,109279.354573,0.0,0.0,64.908,5022.37,0.0,32736.48,10.359414
2019-02-17,5,362148.500728,246287.754869,115860.745858,0.0,0.0,31.659,4222.45,0.0,33357.39,10.85662
2019-02-17,6,516942.754658,387349.086533,129593.668124,0.0,0.0,0.0,3886.74,0.0,34478.11,14.993361
2019-02-17,7,544238.252761,406551.838442,137686.414319,0.0,0.0,0.0,4212.04,0.0,35853.09,15.179675
2019-02-17,8,621932.476929,463458.738234,158473.738694,0.0,0.0,93.905,3568.54,0.0,37465.15,16.600293
2019-02-17,9,619955.66463,463452.668234,156502.996396,0.0,0.0,0.0,4798.31,0.0,38693.17,16.022354
2019-02-17,10,618569.208735,491215.619517,127353.589218,0.0,0.0,0.0,7309.92,0.0,38756.42,15.960432
2019-02-17,11,664518.489913,516010.905813,148507.5841,0.0,0.0,0.0,10128.76,0.0,37887.59,17.539212
2019-02-17,12,636535.886375,499992.411243,136543.475132,0.0,1170.405794,0.0,13700.16,0.0,37030.5,17.189503
2019-02-17,13,651219.660655,509005.647134,142214.013521,0.0,847.175617,0.0,15066.22,0.0,36244.67,17.967322
2019-02-17,14,649458.479305,508858.320171,140600.159135,0.0,1416.021415,0.0,15506.12,0.0,35456.29,18.317158
2019-02-17,15,630072.364435,489509.607725,140562.756711,0.0,825.699199,0.0,14646.84,0.0,35014.35,17.99469
2019-02-17,16,611942.553503,499119.35811,112823.195392,0.0,0.0,0.0,13109.0,0.0,35301.2,17.334894
2019-02-17,17,533344.517904,433461.207851,99883.310053,0.0,0.0,0.0,11429.51,0.0,36193.54,14.735904
2019-02-17,18,437849.379661,321741.962553,116107.417108,0.0,0.0,0.0,9840.29,0.0,38357.17,11.41506
2019-02-17,19,448105.655703,321722.222553,126383.43315,0.0,0.0,0.0,8760.84,0.0,39525.2,11.337214
2019-02-17,20,408689.311937,274054.944954,134634.366983,0.0,0.0,0.0,9382.78,0.0,39544.08,10.335031
2019-02-17,21,394406.711068,267130.987846,127275.723222,0.0,0.0,0.0,10897.98,0.0,39136.16,10.077808
2019-02-17,22,351748.657415,238448.150156,113300.507259,0.0,0.0,0.0,11728.32,0.0,37825.65,9.29921
2019-02-17,23,321183.226039,230806.265473,90376.960566,0.0,0.0,0.0,12557.34,0.0,36211.33,8.869689
2019-02-18,0,2497692.963202,2428142.863816,69550.099386,0.0,0.0,0.0,13515.67,0.0,35150.08,71.05796
2019-02-18,1,2498973.773381,2384217.308066,114756.465315,0.0,228.501079,0.0,14672.38,0.0,34657.9,72.104016
2019-02-18,2,2493105.177584,2375782.921045,117322.256538,0.0,287.367165,0.0,14640.87,0.0,34823.79,71.592012
2019-02-18,3,2504753.794849,2383555.232342,121198.562507,0.0,247.101437,0.0,14519.87,0.0,35406.3,70.743167
2019-02-18,4,2522413.225518,2392602.174165,129811.051353,0.0,170.594492,0.0,14287.89,0.0,36806.45,68.531826
2019-02-18,5,2717880.723635,2577246.681336,140634.042299,0.0,385.508706,0.0,14468.99,0.0,39592.69,68.646023
2019-02-18,6,2892497.332679,2727028.979783,165468.352896,0.0,632.102569,0.0,14693.05,0.0,43356.19,66.714749
2019-02-18,7,2921432.171832,2733744.201974,187687.969858,0.0,807.570473,0.0,14959.11,0.0,45517.56,64.18253
2019-02-18,8,2979651.521256,2781914.194983,197737.326273,0.0,1269.661324,0.0,14935.16,0.0,46090.05,64.648477
2019-02-18,9,2980401.392624,2781911.414983,198489.977641,0.0,1350.338709,0.0,14855.72,0.0,46084.68,64.672281
2019-02-18,10,2988406.824131,2803972.135439,184434.688692,0.0,513.064227,0.0,15423.63,0.0,45388.99,65.839906
2019-02-18,11,3001970.780839,2805737.62772,196233.153119,0.0,1501.416678,0.0,16715.47,0.0,44254.12,67.834832
2019-02-18,12,2986677.705832,2798122.313256,188555.392576,0.0,2272.749897,0.0,17832.84,0.0,42996.21,69.463744
2019-02-18,13,2967975.54009,2790829.192143,177146.347948,0.0,1852.394222,0.0,18034.63,0.0,42013.12,70.644016
2019-02-18,14,2947274.770124,2779156.260542,168118.509581,0.0,2544.388145,0.0,18571.64,0.0,41243.73,71.459947
2019-02-18,15,2947634.794026,2783938.888042,163695.905985,0.0,2437.963123,0.0,18405.94,0.0,40995.6,71.901248
2019-02-18,16,2950311.691063,2783030.112107,167281.578956,0.0,1472.718831,0.0,17298.63,0.0,41424.97,71.220611
2019-02-18,17,2965103.619115,2789696.671245,175406.947869,0.0,1513.246572,0.0,16320.52,0.0,42629.11,69.555842
2019-02-18,18,2995499.536636,2814489.847232,181009.689405,0.0,1206.489652,0.0,15104.01,0.0,45045.91,66.498813
2019-02-18,19,2991569.153199,2790250.205384,201318.947815,0.0,909.298473,0.0,13440.72,0.0,45995.37,65.040659
2019-02-18,20,2978889.536257,2790250.205384,188639.330873,0.0,1064.999718,0.0,14382.03,0.0,45579.21,65.356322
2019-02-18,21,2936637.931684,2777739.309128,158898.622556,0.0,1478.749232,0.0,16143.49,0.0,44270.19,66.334433
2019-02-18,22,2890193.948696,2748136.920345,142057.028351,0.0,1288.034128,0.0,16612.53,0.0,42016.16,68.787675
2019-02-18,23,2856754.52946,2728954.065428,127800.464031,0.0,1069.718456,0.0,16437.63,0.0,39860.7,71.668449
2019-02-19,0,2841761.836542,2713316.358405,128445.478136,0.0,759.266004,0.0,15625.16,0.0,38513.48,73.786161
2019-02-19,1,2841711.922779,2713316.358405,128395.564374,0.0,411.376356,0.0,14809.48,0.0,37876.11,75.026499
2019-02-19,2,2839335.303871,2709773.383412,129561.920459,0.0,461.875444,0.0,14508.7,0.0,37547.43,75.619964
2019-02-19,3,2844486.551165,2713319.648405,131166.90276,0.0,460.375798,0.0,14319.1,0.0,37654.79,75.541161
2019-02-19,4,2859246.983674,2718727.575528,140519.408146,0.0,427.236429,27.970429,14142.71,0.0,38640.94,73.995275
2019-02-19,5,2911569.938317,2760686.641944,150883.296373,0.0,374.235749,176.858749,13929.46,0.0,41346.33,70.419066
2019-02-19,6,2976827.001944,2783406.933304,193420.06864,0.0,331.202104,0.0,13428.62,0.0,45506.07,65.416042
2019-02-19,7,3015809.915865,2807111.672329,208698.243535,0.0,321.702754,0.0,12848.95,0.0,47055.48,64.090514
2019-02-19,8,3031692.9893,2843711.995735,187980.993565,0.0,0.0,0.0,10865.62,0.0,46857.87,64.699761
2019-02-19,9,2966876.484501,2777174.500095,189701.984406,0.0,0.0,0.0,9945.37,0.0,47269.7,62.764868
2019-02-19,10,2920450.216454,2733601.64403,186848.572424,0.0,0.0,0.0,9819.53,0.0,47749.86,61.16144
2019-02-19,11,2966976.847202,2784551.781138,182425.066064,0.0,0.0,0.0,9684.52,0.0,47743.32,62.144334
2019-02-19,12,2941374.592913,2774404.768161,166969.824752,0.0,0.0,0.0,9920.44,0.0,47489.34,61.937576
2019-02-19,13,3005267.899507,2750692.566442,254575.333065,0.0,351.82237,0.0,10829.8,0.0,47213.55,63.652657
2019-02-19,14,3011577.776487,2750692.566442,260885.210046,0.0,103.797066,0.0,9515.4,0.0,46792.25,64.36061
2019-02-19,15,2961238.705473,2782152.948161,179085.757313,0.0,0.0,0.0,8203.41,0.0,46665.81,63.45628
2019-02-19,16,2787028.298278,2593992.836856,193035.461422,0.0,0.0,0.0,7349.21,0.0,47218.19,59.024463
2019-02-19,17,2857294.822823,2647011.539703,210283.283119,0.0,0.0,0.0,5214.38,0.0,48180.98,59.303377
2019-02-19,18,2913494.323693,2665351.019895,248143.303797,0.0,0.0,0.0,3587.03,0.0,49447.77,58.920641
2019-02-19,19,2940781.917216,2665347.729895,275434.187321,0.0,0.0,0.0,2128.87,0.0,49358.23,59.580376
2019-02-19,20,2952651.192509,2665347.729895,287303.462614,0.0,0.0,0.0,876.36,0.0,48376.16,61.035254
2019-02-19,21,2950186.025911,2709550.333095,240635.692816,0.0,0.0,0.0,694.93,0.0,46574.5,63.343375
2019-02-19,22,2821995.105101,2619483.517159,202511.587942,0.0,0.0,0.0,1144.28,0.0,43748.25,64.505325
2019-02-19,23,2741223.229332,2545506.697039,195716.532293,0.0,0.0,0.0,1026.09,0.0,41307.09,66.362051
2019-02-20,0,2672697.821739,2501307.383839,171390.437899,0.0,0.0,0.0,1984.89,0.0,39829.8,67.102969
2019-02-20,1,2649134.075365,2494035.716731,155098.358634,0.0,0.0,0.0,2975.08,0.0,39134.1,67.693752
2019-02-20,2,2692648.0562,2554335.956687,138312.099513,0.0,0.0,0.0,2652.79,0.0,38958.83,69.115219
2019-02-20,3,2698786.326241,2554329.376687,144456.949554,0.0,0.0,0.0,2497.37,0.0,39456.66,68.398753
2019-02-20,4,2716594.018023,2563868.68871,152725.329312,0.0,0.0,0.0,2804.96,0.0,40836.48,66.523707
2019-02-20,5,2946244.92457,2782093.264168,164151.660402,0.0,0.0,0.0,3109.97,0.0,43714.74,67.397059
2019-02-20,6,3125145.060373,2923145.235832,201999.824541,0.0,0.0,0.0,3955.76,0.0,47886.52,65.261478
2019-02-20,7,3109723.591279,2902061.632712,207661.958567,0.0,0.0,0.0,5589.72,0.0,48944.84,63.535269
2019-02-20,8,3143597.078562,2957895.385125,185701.693437,0.0,0.0,0.0,7120.09,0.0,47487.9,66.197854
2019-02-20,9,3146596.52048,2954492.777257,192103.743223,0.0,701.132434,0.0,9776.78,0.0,45648.52,68.930965
2019-02-20,10,2991507.002148,2838796.170732,152710.831416,0.0,380.745466,0.0,12572.25,0.0,43653.06,68.529148
2019-02-20,11,3054724.446174,2923638.671017,131085.775157,0.0,1033.399601,0.0,13507.02,0.0,41538.55,73.539506
2019-02-20,12,3041322.35595,2901993.578406,139328.777544,0.0,1269.324894,0.0,14014.32,0.0,39705.71,76.596599
2019-02-20,13,896121.720225,758101.369289,138020.350936,0.0,930.89417,0.0,14091.37,0.0,38440.55,23.311886
2019-02-20,14,901831.687548,767648.573729,134183.113819,0.0,1104.741312,0.0,13734.53,0.0,37400.67,24.112715
2019-02-20,15,902231.676057,774903.150314,127328.525743,0.0,923.007066,0.0,12885.1,0.0,36870.38,24.470366
2019-02-20,16,927182.223133,805950.01607,121232.207063,0.0,447.325328,0.0,11468.04,0.0,36929.07,25.10711
2019-02-20,17,870065.414923,780308.249432,89757.16549,0.0,0.0,0.0,8185.81,0.0,37626.39,23.123808
2019-02-20,18,810585.208526,708595.504263,101989.704263,0.0,0.0,0.0,5549.92,0.0,39811.13,20.360769
2019-02-20,19,841708.370103,708572.474263,133135.89584,0.0,0.0,0.0,3353.02,0.0,41089.42,20.484796
2019-02-20,20,846360.042269,708572.474263,137787.568006,0.0,0.0,0.0,2967.29,0.0,41081.26,20.602096
2019-02-20,21,824434.892199,708572.474263,115862.417936,0.0,0.0,0.0,4047.86,0.0,40234.79,20.490598
2019-02-20,22,726760.515733,625792.195975,100968.319759,0.0,0.0,0.0,5888.44,0.0,38438.12,18.907286
2019-02-20,23,680262.751908,595175.350831,85087.401077,0.0,0.0,0.0,6209.85,0.0,36575.5,18.598864
2019-02-21,0,531546.366942,436943.917123,94602.449819,0.0,0.0,0.0,6429.02,0.0,35306.73,15.0551
2019-02-21,1,504103.170052,407545.873275,96557.296777,0.0,0.0,0.0,6633.03,0.0,34809.37,14.481824
2019-02-21,2,507026.224936,407545.873275,99480.351661,0.0,0.0,0.0,6268.46,0.0,34727.92,14.599959
2019-02-21,3,528070.58064,431108.786792,96961.793847,0.0,0.0,0.0,6036.37,0.0,34977.25,15.097544
2019-02-21,4,550306.882702,443906.593392,106400.28931,0.0,0.0,0.0,5803.05,0.0,35961.65,15.302604
2019-02-21,5,634419.301488,511982.244809,122437.056679,0.0,0.0,0.0,5514.23,0.0,38582.5,16.443188
2019-02-21,6,754438.563363,609187.100856,145251.462507,0.0,0.0,0.0,5282.41,0.0,42484.45,17.757993
2019-02-21,7,768178.932728,609180.520856,158998.411872,0.0,0.0,0.0,5088.26,0.0,43500.19,17.659209
2019-02-21,8,822176.461683,684201.398871,137975.062812,0.0,0.0,0.0,6584.95,0.0,43023.68,19.109859
2019-02-21,9,782602.103986,618313.850593,164288.253393,0.0,0.0,0.0,9019.97,0.0,42987.17,18.205481
2019-02-21,10,894475.449124,742112.2524,152363.196725,0.0,0.0,0.0,10856.18,0.0,42989.98,20.806603
2019-02-21,11,971987.407342,802658.015384,169329.391958,0.0,1322.886322,0.0,13135.28,0.0,42733.42,22.745369
2019-02-21,12,966531.513759,787689.561272,178841.952487,0.0,1721.376105,0.0,14319.74,0.0,42136.66,22.938019
2019-02-21,13,945125.862601,785979.636008,159146.226593,0.0,1850.260561,0.0,15608.76,0.0,41758.69,22.633034
2019-02-21,14,933908.895556,777640.845608,156268.049948,0.0,2420.367563,0.0,16352.75,0.0,41012.32,22.771423
2019-02-21,15,919214.042168,768747.11331,150466.928858,0.0,2218.766922,0.0,16571.29,0.0,40613.96,22.632958
2019-02-21,16,913584.875693,764387.031754,149197.843939,0.0,1206.171956,0.0,16417.94,0.0,41110.97,22.222411
2019-02-21,17,936883.683183,793134.612589,143749.070595,0.0,1549.417959,0.0,15174.31,0.0,41990.28,22.311918
2019-02-21,18,888826.879758,730941.244748,157885.635009,0.0,1259.323511,0.0,13891.31,0.0,43541.72,20.413224
2019-02-21,19,871494.50697,690114.525651,181379.981319,0.0,926.834993,0.0,11901.52,0.0,43862.68,19.868702
2019-02-21,20,863425.217323,690114.525651,173310.691672,0.0,1082.56727,0.0,11977.25,0.0,43171.49,19.999894
2019-02-21,21,847868.509247,690114.525651,157753.983597,0.0,768.554857,0.0,11754.31,0.0,41601.62,20.380661
2019-02-21,22,786749.25586,692656.079419,94093.176441,0.0,0.0,0.0,10087.0,0.0,39168.3,20.086377
2019-02-21,23,662269.010248,573422.728204,88846.282044,0.0,0.0,0.0,10345.36,0.0,36932.23,17.932007
2019-02-22,0,712589.177734,629734.820904,82854.356831,0.0,0.0,0.0,10734.79,0.0,35337.98,20.164966
2019-02-22,1,710452.192799,610505.353196,99946.839603,0.0,0.0,0.0,11104.48,0.0,34495.11,20.595736
2019-02-22,2,567676.785858,463382.516607,104294.269252,0.0,0.0,0.0,10362.71,0.0,34194.78,16.60127
2019-02-22,3,569353.750274,456984.658709,112369.091564,0.0,0.0,0.0,10024.71,0.0,34263.78,16.616782
2019-02-22,4,635507.825366,495423.313128,140084.512237,0.0,28.264031,0.0,9897.76,0.0,35193.42,18.057575
2019-02-22,5,662148.008493,559340.629558,102807.378935,0.0,0.0,0.0,7524.07,0.0,37668.04,17.57851
2019-02-22,6,658695.329337,496871.667332,161823.662005,0.0,0.0,0.0,5621.73,0.0,41213.36,15.982568
2019-02-22,7,710915.15899,529104.996044,181810.162946,0.0,0.0,85.337,4406.78,0.0,42367.87,16.779582
2019-02-22,8,741679.530764,529095.126044,212584.40472,0.0,0.0,0.0,2490.41,0.0,42000.65,17.658763
2019-02-22,9,736723.215774,529095.126044,207628.089729,0.0,0.0,0.0,2602.94,0.0,41851.12,17.603429
2019-02-22,10,702015.68246,523889.133435,178126.549025,0.0,0.0,0.0,4190.68,0.0,41697.96,16.835732
2019-02-22,11,663376.202447,506841.085535,156535.116912,0.0,0.0,0.0,5965.04,0.0,41298.05,16.063136
2019-02-22,12,702977.118354,569234.223631,133742.894723,0.0,0.0,0.0,8054.39,0.0,40797.83,17.230748
2019-02-22,13,736714.627241,536279.98942,200434.637821,0.0,200.367924,0.0,10453.66,0.0,40350.17,18.25803
2019-02-22,14,853982.639378,654785.724328,199196.91505,0.0,401.571448,0.0,11400.06,0.0,39961.33,21.370226
2019-02-22,15,843956.208143,653932.008918,190024.199225,0.0,366.413182,0.0,12102.5,0.0,39651.43,21.284383
2019-02-22,16,817862.770813,624344.163916,193518.606897,0.0,192.890499,0.0,12450.85,0.0,39640.65,20.631921
2019-02-22,17,835474.697243,661341.202615,174133.494628,0.0,581.762911,0.0,11837.8,0.0,39981.34,20.896616
2019-02-22,18,813179.052638,637987.757845,175191.294792,0.0,552.51429,0.0,11369.74,0.0,40629.97,20.014267
2019-02-22,19,853054.316502,671841.100517,181213.215985,0.0,517.902526,0.0,9931.1,0.0,40585.86,21.01851
2019-02-22,20,813525.541318,678681.41986,134844.121458,0.0,0.0,0.0,8944.55,0.0,39866.7,20.406142
2019-02-22,21,543680.02463,419511.855506,124168.169124,0.0,0.0,0.0,8932.36,0.0,38796.65,14.013582
2019-02-22,22,485756.190013,371334.772497,114421.417516,0.0,0.0,0.0,8831.73,0.0,37178.19,13.065622
2019-02-22,23,437839.174834,346556.330179,91282.844655,0.0,0.0,0.0,10660.55,0.0,35463.63,12.346147
2019-02-23,0,2640791.872086,2572532.823524,68259.048563,0.0,299.639358,0.0,11754.64,0.0,33919.65,77.854337
2019-02-23,1,2637962.813133,2548201.832865,89760.980268,0.0,1014.676008,0.0,12819.28,0.0,32999.59,79.93926
2019-02-23,2,2625741.689149,2536892.705495,88848.983655,0.0,663.12387,0.0,12845.32,0.0,32414.85,81.004283
2019-02-23,3,2627289.600645,2541699.999327,85589.601318,0.0,982.068292,0.0,12705.0,0.0,32095.98,81.857279
2019-02-23,4,2645722.064274,2552474.580892,93247.483383,0.0,1336.09888,0.0,12167.26,0.0,32276.92,81.969471
2019-02-23,5,2666392.392619,2559567.502236,106824.890383,0.0,1487.626293,0.0,12004.41,0.0,33127.45,80.488912
2019-02-23,6,2682455.55655,2564970.932235,117484.624316,0.0,1124.513756,0.0,10860.72,0.0,34535.04,77.673446
2019-02-23,7,2723094.541814,2589771.861735,133322.680079,0.0,287.283536,0.0,9073.67,0.0,35690.56,76.297333
2019-02-23,8,2735948.92076,2589758.701735,146190.219025,0.0,403.552546,0.0,8705.76,0.0,36936.93,74.070826
2019-02-23,9,2893199.180283,2746288.102374,146911.07791,0.0,472.392949,0.0,8833.25,0.0,37744.67,76.651861
2019-02-23,10,2858695.680013,2750555.315652,108140.364361,0.0,0.0,0.0,8333.88,0.0,38013.66,75.201801
2019-02-23,11,2586501.90165,2496562.031948,89939.869702,0.0,0.0,0.0,9450.67,0.0,37625.04,68.744164
2019-02-23,12,2704134.505626,2640777.355097,63357.150529,0.0,30.685566,0.0,10467.77,0.0,36845.24,73.391692
2019-02-23,13,2850027.396939,2734942.973366,115084.423573,0.0,133.275566,0.0,11552.0,0.0,36251.74,78.617672
2019-02-23,14,2870505.266026,2724495.225432,146010.040594,0.0,357.751326,0.0,12070.98,0.0,35676.75,80.45871
2019-02-23,15,2788746.430262,2668368.511423,120377.918839,0.0,493.731069,0.0,12016.39,0.0,35336.47,78.91978
2019-02-23,16,2845865.876833,2698193.618486,147672.258347,0.0,810.519138,0.0,12512.08,0.0,35163.71,80.9319
2019-02-23,17,2862870.030995,2759703.308319,103166.722676,0.0,76.221028,0.0,11071.56,0.0,35221.45,81.282004
2019-02-23,18,2860663.192014,2766069.831109,94593.360904,0.0,784.392353,0.0,14392.72,0.0,36217.35,78.985989
2019-02-23,19,2739690.888087,2615758.900898,123931.987188,0.0,419.679313,0.0,11458.62,0.0,36828.91,74.389682
2019-02-23,20,2717990.046818,2596239.802108,121750.24471,0.0,1075.24462,0.0,12410.69,0.0,36477.69,74.511024
2019-02-23,21,2611221.052641,2507902.408969,103318.643672,0.0,1347.254221,0.0,13484.16,0.0,35934.44,72.666251
2019-02-23,22,2600039.441633,2523362.14631,76677.295323,0.0,0.0,0.0,7701.89,0.0,35000.2,74.286417
2019-02-23,23,2435294.140036,2352473.046971,82821.093065,0.0,0.0,0.0,6580.63,0.0,33958.68,71.713451
2019-02-24,0,2418327.006102,2324232.107158,94094.898944,0.0,0.0,0.0,5627.73,0.0,33071.37,73.124488
2019-02-24,1,2376778.209893,2281471.614148,95306.595745,0.0,0.0,0.0,4969.97,0.0,32550.77,73.017573
2019-02-24,2,2393717.998802,2287866.182045,105851.816757,0.0,0.0,0.0,3726.25,0.0,32500.21,73.652386
2019-02-24,3,2404355.587774,2287862.892045,116492.695728,0.0,0.0,0.0,3368.09,0.0,32849.34,73.193421
2019-02-24,4,2418687.672933,2299793.466846,118894.206087,0.0,0.0,0.0,3786.96,0.0,33559.58,72.071452
2019-02-24,5,2499461.764304,2374807.764861,124653.999443,0.0,0.0,0.0,3684.09,0.0,34890.52,71.637275
2019-02-24,6,2516544.641809,2374804.474861,141740.166949,0.0,0.0,0.0,4391.2,0.0,36699.65,68.571353
2019-02-24,7,2536577.957553,2392740.478893,143837.47866,0.0,0.0,0.0,5837.6,0.0,38146.43,66.495815
2019-02-24,8,2554044.053407,2392733.898893,161310.154513,0.0,0.0,0.0,5029.04,0.0,38787.59,65.846939
2019-02-24,9,2541996.161797,2392733.898893,149262.262904,0.0,0.0,0.0,5339.08,0.0,38637.39,65.791094
2019-02-24,10,2648343.776687,2537948.948698,110394.827989,0.0,0.0,0.0,7146.12,0.0,37687.31,70.271499
2019-02-24,11,2651325.50865,2557982.242567,93343.266083,0.0,0.0,0.0,8559.55,0.0,36543.0,72.553581
2019-02-24,12,2747900.654709,2623689.01036,124211.644349,0.0,102.80684,0.0,11290.32,0.0,35517.45,77.367622
2019-02-24,13,2714110.29978,2585858.071095,128252.228684,0.0,887.086561,0.0,14690.14,0.0,34664.81,78.295837
2019-02-24,14,2715412.359418,2588106.865853,127305.493565,0.0,1130.9714,0.0,15064.84,0.0,33968.01,79.940284
2019-02-24,15,2710176.332001,2569603.989461,140572.34254,0.0,1187.825076,0.0,15456.09,0.0,33643.66,80.555336
2019-02-24,16,2773491.385002,2638896.882112,134594.50289,0.0,930.529021,0.0,15387.62,0.0,33824.92,81.995505
2019-02-24,17,2760507.336933,2625928.509398,134578.827536,0.0,325.302657,0.0,13946.04,0.0,34562.92,79.869043
2019-02-24,18,2778006.939123,2670275.223247,107731.715876,0.0,0.0,0.0,12390.31,0.0,36595.53,75.9111
2019-02-24,19,2670402.399132,2544780.302215,125622.096917,0.0,0.0,0.0,10139.8,0.0,38392.1,69.556039
2019-02-24,20,2638589.010102,2501212.825639,137376.184464,0.0,0.0,0.0,9868.26,0.0,38708.61,68.165429
2019-02-24,21,2623719.81472,2501209.535639,122510.279082,0.0,0.0,0.0,9821.16,0.0,38116.48,68.834263
2019-02-24,22,2543768.472895,2440197.424689,103571.048206,0.0,0.0,0.0,8902.98,0.0,36685.8,69.339321
2019-02-24,23,2485041.471135,2388548.256565,96493.21457,0.0,0.0,0.0,8054.56,0.0,35093.0,70.813025
2019-02-25,0,2493938.487245,2405169.849802,88768.637443,0.0,0.0,0.0,7125.22,0.0,34185.46,72.953194
2019-02-25,1,2638149.950073,2552710.62889,85439.321183,0.0,0.0,0.0,6405.86,0.0,33921.49,77.772231
2019-02-25,2,2650105.161159,2565330.014348,84775.14681,0.0,0.0,0.0,6091.86,0.0,34058.78,77.80975
2019-02-25,3,2671518.709792,2586972.368875,84546.340917,0.0,0.0,0.0,5886.19,0.0,34693.58,77.003259
2019-02-25,4,2690785.228798,2595709.275658,95075.95314,0.0,0.0,0.0,5727.45,0.0,36086.05,74.565801
2019-02-25,5,2823382.944828,2711362.0231,112020.921729,0.0,0.0,0.0,5352.47,0.0,39157.53,72.103193
2019-02-25,6,2927221.570878,2782707.046139,144514.524739,0.0,0.0,0.0,5036.51,0.0,43556.78,67.204728
2019-02-25,7,2942109.632866,2782700.466139,159409.166727,0.0,0.0,0.0,4797.1,0.0,44628.79,65.924029
2019-02-25,8,2916491.681348,2782700.466139,133791.21521,0.0,0.0,0.0,6093.7,0.0,43345.0,67.285539
2019-02-25,9,2810845.934011,2689628.422844,121217.511167,0.0,0.0,0.0,8610.97,0.0,42241.82,66.541781
2019-02-25,10,2894641.046933,2796353.591085,98287.455849,0.0,0.0,0.0,11631.15,0.0,41140.82,70.359343
2019-02-25,11,3022693.75165,2891017.363148,131676.388502,0.0,1067.745973,0.0,14484.69,0.0,39898.63,75.759337
2019-02-25,12,2987089.013178,2871848.46691,115240.546269,0.0,1942.444137,0.0,16784.69,0.0,38737.5,77.111043
2019-02-25,13,2965567.524289,2859842.416151,105725.108138,0.0,1952.667592,0.0,17920.96,0.0,37960.99,78.121448
2019-02-25,14,2954627.619944,2852725.734551,101901.885394,0.0,2796.409374,0.0,18700.05,0.0,37300.35,79.211793
2019-02-25,15,2958696.707196,2853797.708505,104898.998691,0.0,2842.150602,0.0,18668.45,0.0,36792.95,80.414773
2019-02-25,16,2959749.123794,2854646.293542,105102.830251,0.0,1937.994922,0.0,17621.09,0.0,36952.97,80.095027
2019-02-25,17,2964475.53296,2857166.657156,107308.875804,0.0,1734.028225,0.0,16541.57,0.0,37547.91,78.951812
2019-02-25,18,2992274.871521,2889087.161836,103187.709684,0.0,1362.977304,0.0,15124.52,0.0,39224.6,76.285669
2019-02-25,19,2957382.940203,2832177.245083,125205.695119,0.0,990.491699,0.0,12832.39,0.0,40412.51,73.179888
2019-02-25,20,2920736.81265,2793821.751044,126915.061606,0.0,713.169504,0.0,12254.85,0.0,40043.53,72.939044
2019-02-25,21,2907468.333374,2788415.031045,119053.302329,0.0,741.941117,0.0,12158.94,0.0,38671.15,75.184429
2019-02-25,22,2892845.177673,2779674.834262,113170.343411,0.0,406.236858,0.0,10736.47,0.0,36357.76,79.5661
2019-02-25,23,2862690.394725,2765465.231317,97225.163408,0.0,217.454123,0.0,10603.39,0.0,34081.33,83.995853
2019-02-26,0,701474.76476,598767.196103,102707.568657,0.0,73.557012,0.0,10533.69,0.0,32580.27,21.530661
2019-02-26,1,532598.050625,446241.06775,86356.982875,0.0,0.0,0.0,10444.29,0.0,31856.81,16.718499
2019-02-26,2,443996.226161,367014.569736,76981.656425,0.0,0.0,0.0,10439.6,0.0,31539.63,14.077408
2019-02-26,3,410137.389746,331903.246008,78234.143738,0.0,0.0,247.14,10545.34,0.0,31567.1,12.992558
2019-02-26,4,422645.41142,349052.434176,73592.977244,0.0,0.0,0.0,10523.53,0.0,32361.27,13.060223
2019-02-26,5,479648.134126,397600.413973,82047.720152,0.0,0.0,0.0,9641.92,0.0,34638.75,13.847155
2019-02-26,6,542847.804966,428516.5106,114331.294366,0.0,0.0,0.0,8621.86,0.0,38158.87,14.225993
2019-02-26,7,561198.612315,428500.0606,132698.551715,0.0,0.0,0.0,7597.37,0.0,39124.97,14.343745
2019-02-26,8,564310.672243,428500.0606,135810.611643,0.0,0.0,0.0,6924.14,0.0,38832.26,14.532007
2019-02-26,9,567276.662607,428221.313464,139055.349142,0.0,0.0,0.0,7696.61,0.0,38580.17,14.70384
2019-02-26,10,646294.522339,540173.127571,106121.394768,0.0,0.0,0.0,8545.55,0.0,38538.81,16.769966
2019-02-26,11,690857.441188,535013.924019,155843.517169,0.0,592.180117,0.0,9935.49,0.0,38253.79,18.059843
2019-02-26,12,705495.676175,564699.354669,140796.321506,0.0,1316.646573,0.0,11378.14,0.0,37855.27,18.636657
2019-02-26,13,689191.414001,535999.55734,153191.85666,0.0,796.417707,0.0,13347.65,0.0,37618.22,18.320681
2019-02-26,14,677682.166209,517175.057839,160507.10837,0.0,1494.204584,122.074584,13721.09,0.0,37331.8,18.152946
2019-02-26,15,685322.706442,528840.95401,156481.752432,0.0,1447.695597,0.0,13624.35,0.0,37196.81,18.424233
2019-02-26,16,669912.687575,534580.541268,135332.146307,0.0,758.188134,0.0,13606.19,0.0,37547.25,17.841858
2019-02-26,17,644495.419123,496890.18871,147605.230413,0.0,967.905577,0.0,12781.5,0.0,38212.34,16.866159
2019-02-26,18,673723.592405,524883.708702,148839.883703,0.0,378.397858,0.0,11422.65,0.0,39372.27,17.111627
2019-02-26,19,680705.535482,549548.449873,131157.085609,0.0,0.0,0.0,9075.35,0.0,39742.21,17.128024
2019-02-26,20,547123.586496,405529.465541,141594.120955,0.0,0.0,0.0,8614.37,0.0,39055.17,14.008993
2019-02-26,21,383731.518807,264467.623877,119263.89493,0.0,0.0,0.0,9322.18,0.0,37501.73,10.232368
2019-02-26,22,279208.134286,181111.245461,98096.888825,0.0,0.0,0.0,9681.46,0.0,35157.74,7.941584
2019-02-26,23,237790.484549,157982.699969,79807.78458,0.0,0.0,0.0,9606.99,0.0,32798.42,7.250059
2019-02-27,0,259410.087235,195790.735272,63619.351964,0.0,0.0,0.0,9213.11,0.0,31189.41,8.317249
2019-02-27,1,246395.977297,159099.601481,87296.375816,0.0,0.0,0.0,9259.76,0.0,30245.3,8.146587
2019-02-27,2,233023.039345,165267.248255,67755.79109,0.0,0.0,0.0,8270.91,0.0,29788.12,7.822684
2019-02-27,3,201926.40904,127890.797576,74035.611463,0.0,0.0,0.0,7379.98,0.0,29730.24,6.791954
2019-02-27,4,226693.343549,149224.299451,77469.044098,0.0,0.0,0.0,6459.79,0.0,30422.63,7.451471
2019-02-27,5,367194.994493,287081.149033,80113.84546,0.0,0.0,0.0,5393.35,0.0,32615.09,11.258439
2019-02-27,6,411584.565957,287051.539033,124533.026924,0.0,0.0,0.0,4668.29,0.0,36235.87,11.358484
2019-02-27,7,441649.257951,303975.032184,137674.225767,0.0,0.0,0.0,4324.05,0.0,37249.9,11.856388
2019-02-27,8,465209.308447,303965.162184,161244.146263,0.0,0.0,0.0,2707.9,0.0,37209.4,12.502467
2019-02-27,9,462159.285534,303965.162184,158194.12335,0.0,0.0,0.0,3074.94,0.0,37490.24,12.327456
2019-02-27,10,440167.193053,303965.162184,136202.030869,0.0,0.0,0.0,4662.74,0.0,37639.0,11.694444
2019-02-27,11,561447.470307,441983.079249,119464.391058,0.0,0.0,0.0,6116.57,0.0,37732.85,14.879541
2019-02-27,12,549256.362098,440600.597714,108655.764384,0.0,0.0,0.0,7623.67,0.0,37727.23,14.558619
2019-02-27,13,666112.744422,563874.494428,102238.249993,0.0,0.0,0.0,8453.72,0.0,37914.68,17.568729
2019-02-27,14,663641.929642,560981.426203,102660.503439,0.0,0.0,0.0,8951.69,0.0,38257.67,17.346637
2019-02-27,15,666810.910218,559889.313829,106921.596389,0.0,0.0,0.0,9116.49,0.0,38677.6,17.240235
2019-02-27,16,705497.144751,562782.892054,142714.252697,0.0,0.0,0.0,9212.38,0.0,39552.67,17.836903
2019-02-27,17,735241.787219,607735.449653,127506.337566,0.0,0.0,0.0,8834.56,0.0,40551.61,18.131013
2019-02-27,18,817746.072604,655902.152662,161843.919942,0.0,0.0,0.0,8475.68,0.0,42099.78,19.423999
2019-02-27,19,902617.026878,706575.483512,196041.543367,0.0,0.0,0.0,7886.6,0.0,43077.27,20.953441
2019-02-27,20,916841.390284,705010.277017,211831.113267,0.0,130.839372,0.0,7515.54,0.0,42908.96,21.367131
2019-02-27,21,905861.705199,711429.052409,194432.65279,0.0,284.64285,0.0,8147.05,0.0,41908.58,21.615185
2019-02-27,22,869033.919583,688006.178517,181027.741065,0.0,704.791085,0.0,9903.79,0.0,39882.58,21.789812
2019-02-27,23,819004.709121,652710.398183,166294.310938,0.0,695.808175,0.0,9606.41,0.0,37735.03,21.704096
2019-02-28,0,810544.210166,656256.663176,154287.54699,0.0,708.398043,0.0,9563.15,0.0,36495.36,22.209514
2019-02-28,1,786421.679352,625095.098257,161326.581095,0.0,697.367401,0.0,9614.96,0.0,35912.99,21.897973
2019-02-28,2,793689.096939,630505.108256,163183.988683,0.0,585.221454,0.0,9005.33,0.0,35797.98,22.171338
2019-02-28,3,807395.833253,638843.898656,168551.934597,0.0,462.572701,0.0,8510.26,0.0,36039.15,22.403298
2019-02-28,4,2934334.605403,2758813.524942,175521.080461,0.0,340.223579,0.0,8197.43,0.0,37041.02,79.218515
2019-02-28,5,2995819.625918,2796324.092852,199495.533066,0.0,304.345441,0.0,7958.62,0.0,39677.13,75.504948
2019-02-28,6,3073578.779878,2838265.40912,235313.370758,0.0,230.171145,5.586145,7888.35,0.0,43784.95,70.197152
2019-02-28,7,3102004.577486,2890584.566552,211420.010934,0.0,0.0,0.0,7410.79,0.0,45429.83,68.281228
2019-02-28,8,3007667.639176,2800557.031752,207110.607424,0.0,0.0,0.0,5593.48,0.0,45680.42,65.841506
2019-02-28,9,2874375.200295,2659468.870088,214906.330207,0.0,0.0,0.0,5547.16,0.0,46117.76,62.326861
2019-02-28,10,2862669.910763,2659468.870088,203201.040675,0.0,0.0,0.0,6621.58,0.0,46445.14,61.63551
2019-02-28,11,2906910.987755,2721849.823106,185061.164649,0.0,0.0,0.0,6872.84,0.0,46346.22,62.721641
2019-02-28,12,2820141.614071,2648559.717634,171581.896437,0.0,0.0,0.0,7776.88,0.0,45813.37,61.557175
2019-02-28,13,2901272.088653,2621566.986861,279705.101792,0.0,110.628779,0.0,8550.86,0.0,45394.82,63.911964
2019-02-28,14,2855031.524156,2616357.704252,238673.819904,0.0,319.423061,0.0,9325.37,0.0,44763.4,63.780489
2019-02-28,15,2822553.492782,2592030.673818,230522.818964,0.0,209.864178,0.0,9964.73,0.0,44201.87,63.855975
2019-02-28,16,2762242.813435,2593448.300508,168794.512927,0.0,0.0,0.0,10566.86,0.0,44428.85,62.172278
2019-02-28,17,2669897.192196,2484169.290449,185727.901747,0.0,0.0,0.0,9306.71,0.0,45267.78,58.980078
2019-02-28,18,2730959.782033,2522413.994001,208545.788032,0.0,0.0,0.0,8037.13,0.0,47054.6,58.038104
2019-02-28,19,2761912.471398,2522394.254001,239518.217398,0.0,0.0,0.0,6427.29,0.0,47824.91,57.7505
2019-02-28,20,2774553.814163,2530112.824001,244440.990163,0.0,0.0,0.0,5646.28,0.0,47383.33,58.555484
2019-02-28,21,2745623.364009,2530110.044001,215513.320008,0.0,0.0,0.0,5846.11,0.0,45943.79,59.760489
2019-02-28,22,2674787.464368,2490833.492633,183953.971736,0.0,0.0,0.0,6099.44,0.0,43477.68,61.520934
2019-02-28,23,2601204.389458,2427908.93016,173295.459298,0.0,0.0,0.0,5586.02,0.0,41161.22,63.195512
2019-03-01,0,2572494.508051,2420501.21016,151993.297891,0.0,0.0,0.0,5729.0,0.0,39570.88,65.009788
2019-03-01,1,2546056.140558,2407700.113561,138356.026997,0.0,0.0,0.0,6407.07,0.0,38698.98,65.791298
2019-03-01,2,2547168.277785,2407700.113561,139468.164224,0.0,0.0,0.0,5591.69,0.0,38302.01,66.502209
2019-03-01,3,2586867.876007,2451902.716761,134965.159246,0.0,0.0,0.0,5144.24,0.0,38401.44,67.363825
2019-03-01,4,2618219.081292,2474243.125384,143975.955909,0.0,0.0,0.0,4782.46,0.0,39297.87,66.624962
2019-03-01,5,2731767.612106,2576371.56385,155396.048256,0.0,0.0,0.0,4665.83,0.0,41722.65,65.474451
2019-03-01,6,2895204.633151,2709469.056883,185735.576269,0.0,0.0,0.0,4560.91,0.0,45320.89,63.882343
2019-03-01,7,2892992.160945,2709460.716883,183531.444062,0.0,0.0,0.0,4534.77,0.0,46218.5,62.593813
2019-03-01,8,2892697.88621,2709460.716883,183237.169327,0.0,0.0,0.0,4037.93,0.0,45807.13,63.149512
2019-03-01,9,2875433.385441,2709460.716883,165972.668558,0.0,0.0,0.0,5302.63,0.0,45491.72,63.207841
2019-03-01,10,2820704.770648,2663772.161956,156932.608692,0.0,0.0,0.0,7217.14,0.0,44896.05,62.82746
2019-03-01,11,2938117.525795,2723843.783412,214273.742383,0.0,39.092894,0.0,9024.51,0.0,43911.88,66.9094
2019-03-01,12,2898420.297784,2697133.391378,201286.906407,0.0,609.809737,0.0,10785.29,0.0,42402.09,68.3556
2019-03-01,13,2850219.143525,2662985.710139,187233.433386,0.0,1269.992153,0.0,12755.89,0.0,41332.77,68.957855
2019-03-01,14,2846157.84598,2661272.494875,184885.351104,0.0,1334.094109,0.0,12746.29,0.0,40650.9,70.014633
2019-03-01,15,2832651.052739,2644826.67859,187824.37415,0.0,1201.922738,0.0,12537.24,0.0,40381.49,70.147264
2019-03-01,16,2840235.394614,2654891.844254,185343.55036,0.0,719.439736,0.0,12074.88,0.0,40558.97,70.027306
2019-03-01,17,2888793.007546,2699314.218178,189478.789368,0.0,61.254705,0.0,9531.28,0.0,40974.27,70.502611
2019-03-01,18,2851862.140801,2731151.640521,120710.500281,0.0,0.0,0.0,6731.83,0.0,41811.74,68.20721
2019-03-01,19,2832294.021965,2695002.822284,137291.199681,0.0,0.0,0.0,4380.93,0.0,41912.84,67.575808
2019-03-01,20,2790198.636665,2639186.912012,151011.724653,0.0,0.0,0.0,3443.89,0.0,41288.11,67.578745
2019-03-01,21,2769796.03364,2639186.912012,130609.121628,0.0,0.0,0.0,4208.24,0.0,40289.9,68.746659
2019-03-01,22,2606194.80292,2487470.382427,118724.420493,0.0,0.0,0.0,6088.1,0.0,38656.98,67.418479
2019-03-01,23,2612235.371642,2511965.474158,100269.897485,0.0,0.0,0.0,6263.58,0.0,36848.48,70.891265
2019-03-02,0,2755083.538873,2665654.992425,89428.546448,0.0,0.0,0.0,6983.24,0.0,35346.37,77.945304
2019-03-02,1,2743339.31532,2590435.459905,152903.855415,0.0,93.893922,0.0,8029.21,0.0,34403.56,79.739984
2019-03-02,2,2755136.890361,2607716.02042,147420.869941,0.0,369.343066,0.0,8205.01,0.0,33953.48,81.144463
2019-03-02,3,2751576.150346,2604707.75499,146868.395356,0.0,568.987791,0.0,8902.92,0.0,33914.1,81.133692
2019-03-02,4,613836.917495,466652.044198,147184.873297,0.0,580.462637,0.0,9601.39,0.0,34287.48,17.902655
2019-03-02,5,655128.970658,502694.980237,152433.990422,0.0,146.977313,0.0,8942.31,0.0,35346.4,18.534532
2019-03-02,6,646718.642673,523091.194488,123627.448185,0.0,0.0,0.0,7732.85,0.0,36956.82,17.499304
2019-03-02,7,614281.89748,471451.379615,142830.517865,0.0,0.0,0.0,6156.07,0.0,38443.15,15.978969
2019-03-02,8,649340.30702,471434.929615,177905.377405,0.0,0.0,0.0,5133.44,0.0,40065.5,16.206969
2019-03-02,9,674907.139586,471434.929615,203472.209971,0.0,0.0,0.0,5896.27,0.0,41130.65,16.408862
2019-03-02,10,647628.664896,471938.155025,175690.509871,0.0,0.0,0.0,6652.4,0.0,41549.13,15.587057
2019-03-02,11,650001.476531,471931.575025,178069.901506,0.0,0.0,0.0,6969.88,0.0,41504.19,15.661105
2019-03-02,12,628093.226585,469395.5768,158697.649785,0.0,0.0,0.0,7721.01,0.0,41055.92,15.298481
2019-03-02,13,639621.288144,456591.190201,183030.097943,0.0,0.0,0.0,8952.54,0.0,40743.18,15.698855
2019-03-02,14,629625.564198,431062.793484,198562.770714,0.0,2.862698,178.787698,9617.77,0.0,40506.65,15.543758
2019-03-02,15,596129.502256,422322.596701,173806.905555,0.0,0.0,153.732,10080.67,0.0,40450.82,14.737143
2019-03-02,16,582569.89176,430034.929966,152534.961794,0.0,0.0,0.0,11082.25,0.0,40554.13,14.365242
2019-03-02,17,607738.414412,432341.515791,175396.898622,0.0,0.0,0.0,10447.31,0.0,41048.06,14.805533
2019-03-02,18,601369.776269,432334.935791,169034.840478,0.0,0.0,0.0,10098.4,0.0,41847.71,14.370435
2019-03-02,19,599992.205826,432334.935791,167657.270035,0.0,0.0,567.936,9997.44,0.0,41963.46,14.297968
2019-03-02,20,698000.766136,530787.457451,167213.308685,0.0,0.0,0.0,11078.68,0.0,41202.5,16.940738
2019-03-02,21,675345.807249,512008.120369,163337.686881,0.0,767.934936,0.0,13879.21,0.0,40157.5,16.817427
2019-03-02,22,620019.774526,480538.003856,139481.77067,0.0,1283.001034,0.0,15215.17,0.0,38749.28,16.000808
2019-03-02,23,612502.951744,462671.075184,149831.876559,0.0,902.800171,219.695171,12561.04,0.0,37165.85,16.480262
2019-03-03,0,643330.414316,492337.611621,150992.802694,0.0,614.558546,0.0,10364.18,0.0,35921.88,17.909152
2019-03-03,1,645584.634913,491403.73175,154180.903162,0.0,446.050973,0.0,8867.07,0.0,35026.79,18.431168
2019-03-03,2,626918.049815,470184.742334,156733.307481,0.0,529.628218,0.0,9066.81,0.0,34653.48,18.091056
2019-03-03,3,616782.132269,470184.742334,146597.389935,0.0,899.289226,0.0,10191.06,0.0,34579.21,17.836791
2019-03-03,4,605137.774529,465952.685312,139185.089217,0.0,1274.007932,0.0,11684.1,0.0,34989.99,17.294597
2019-03-03,5,646733.10998,494870.977068,151862.132912,0.0,1433.132225,181.655225,10891.85,0.0,35840.63,18.044691
2019-03-03,6,825933.4823,658130.970285,167802.512015,0.0,1529.344964,0.0,10455.75,0.0,37307.53,22.13852
2019-03-03,7,855818.617608,667171.842108,188646.7755,0.0,1437.595418,0.0,9797.16,0.0,38917.05,21.99084
2019-03-03,8,894864.075004,699072.982999,195791.092004,0.0,1296.240427,0.0,9634.38,0.0,40903.52,21.877434
2019-03-03,9,894153.228901,699063.112999,195090.115902,0.0,1408.75739,0.0,11046.57,0.0,42728.21,20.926531
2019-03-03,10,923884.935368,735292.219266,188592.716103,0.0,533.96355,0.0,12770.61,0.0,43930.58,21.030565
2019-03-03,11,939607.814402,732023.334195,207584.480207,0.0,1600.159328,0.0,14714.78,0.0,44393.06,21.165646
2019-03-03,12,925936.881792,711582.015773,214354.866019,0.0,2508.843268,0.0,15777.35,0.0,44366.11,20.870364
2019-03-03,13,913326.901747,711582.015773,201744.885974,0.0,2168.394875,0.0,16401.72,0.0,44006.08,20.754562
2019-03-03,14,890804.077634,695142.363856,195661.713779,0.0,2853.025367,0.0,17798.67,0.0,43569.67,20.445509
2019-03-03,15,882367.07728,692029.542286,190337.534994,0.0,2798.453366,0.0,18915.57,0.0,43732.7,20.176369
2019-03-03,16,889808.570339,698221.733486,191586.836852,0.0,1773.9502,0.0,18085.05,0.0,44396.43,20.042345
2019-03-03,17,952753.322294,747091.281389,205662.040906,0.0,1670.630139,0.0,17087.76,0.0,45885.63,20.763654
2019-03-03,18,1028891.518329,806490.630592,222400.887737,0.0,1278.246936,0.0,15559.82,0.0,48375.87,21.268693
2019-03-03,19,1059574.275428,800122.601568,259451.673861,0.0,1016.590402,0.0,11552.16,0.0,50346.13,21.045794
2019-03-03,20,1035188.606925,800119.311568,235069.295358,0.0,1149.437227,0.0,12597.98,0.0,50668.77,20.430506
2019-03-03,21,960406.937324,759349.339217,201057.598107,0.0,1519.922526,0.0,16740.95,0.0,50037.65,19.193686
2019-03-03,22,869678.041384,679197.48346,190480.557924,0.0,1533.191126,0.0,18074.15,0.0,48255.6,18.022324
2019-03-03,23,833585.774121,654017.63476,179568.139361,0.0,1489.506774,0.0,18021.22,0.0,46630.73,17.876318
2019-03-04,0,816387.396127,640087.699208,176299.696919,0.0,1410.900813,0.0,17633.57,0.0,45657.96,17.880505
2019-03-04,1,820577.64404,640692.506009,179885.138031,0.0,1216.244867,0.0,16923.29,0.0,45390.28,18.078268
2019-03-04,2,835839.270058,653617.068618,182222.20144,0.0,1244.594075,0.0,16870.26,0.0,45706.17,18.287231
2019-03-04,3,860787.711451,673667.28956,187120.421891,0.0,1228.073977,0.0,16674.87,0.0,46607.19,18.46899
2019-03-04,4,2995559.186992,2800347.239781,195211.947211,0.0,1183.421606,0.0,16477.84,0.0,48553.33,61.696266
2019-03-04,5,3087140.286254,2866760.563861,220379.722393,0.0,1101.299434,0.0,16508.53,0.0,52097.48,59.256998
2019-03-04,6,3168655.797771,2911922.930207,256732.867563,0.0,972.652712,0.0,16263.7,0.0,56990.99,55.599241
2019-03-04,7,3201756.384789,2927202.646896,274553.737893,0.0,755.332348,0.0,15699.55,0.0,58672.65,54.569827
2019-03-04,8,3244739.299089,2967972.619247,276766.679842,0.0,572.10559,0.0,14233.3,0.0,58462.99,55.500742
2019-03-04,9,3250084.142297,2958451.06332,291633.078977,0.0,578.799006,0.0,13871.57,0.0,58358.23,55.691959
2019-03-04,10,3201714.414093,2958451.06332,243263.350773,0.0,0.0,0.0,13660.71,0.0,57873.81,55.322337
2019-03-04,11,3263782.626065,2951295.245084,312487.380982,0.0,334.191618,0.0,14165.13,0.0,56797.23,57.463764
2019-03-04,12,3208262.676313,2939161.246193,269101.43012,0.0,520.299383,0.0,14052.58,0.0,55516.77,57.789073
2019-03-04,13,3223105.713782,3012452.99926,210652.714522,0.0,0.0,0.0,13731.45,0.0,54516.71,59.121427
2019-03-04,14,3262185.307881,3000117.732132,262067.575748,0.0,257.815861,0.0,14419.85,0.0,53543.64,60.925729
2019-03-04,15,3210450.884348,2961395.157779,249055.72657,0.0,237.479795,0.0,14363.07,0.0,52650.68,60.976437
2019-03-04,16,3165760.958931,2906890.621041,258870.33789,0.0,214.380882,0.0,14972.0,0.0,53125.36,59.590391
2019-03-04,17,3222211.346342,2981480.74979,240730.596551,0.0,0.0,0.0,13447.62,0.0,54539.72,59.080086
2019-03-04,18,3107624.559711,2838744.354274,268880.205437,0.0,0.0,0.0,11631.29,0.0,57094.28,54.4297
2019-03-04,19,3168559.167826,2857928.189876,310630.97795,0.0,0.0,0.0,9737.3,0.0,58542.01,54.124537
2019-03-04,20,3205145.661045,2888520.698923,316624.962121,0.0,0.0,0.0,7464.22,0.0,58047.54,55.215874
2019-03-04,21,3193246.177518,2888514.118923,304732.058595,0.0,0.0,0.0,6295.75,0.0,56648.7,56.369276
2019-03-04,22,3133226.411915,2844314.805723,288911.606192,0.0,0.0,0.0,5408.46,0.0,54045.48,57.973884
2019-03-04,23,3068855.891649,2808212.047486,260643.844163,0.0,0.0,0.0,5078.46,0.0,51891.94,59.139356
2019-03-05,0,3200945.496757,2974945.52306,225999.973697,0.0,0.0,0.0,4756.3,0.0,50762.08,63.057808
2019-03-05,1,3193673.367019,2974936.67306,218736.693959,0.0,0.0,0.0,4599.71,0.0,50603.38,63.111859
2019-03-05,2,3215169.063484,2992176.798987,222992.264498,0.0,0.0,0.0,4383.76,0.0,50883.54,63.18682
2019-03-05,3,3224559.900346,2992170.728987,232389.171359,0.0,0.0,0.0,4234.16,0.0,51568.39,62.529776
2019-03-05,4,3443173.381601,3192972.105786,250201.275816,0.0,0.0,0.0,4377.36,0.0,53192.04,64.730989
2019-03-05,5,3600927.150281,3305589.534825,295337.615456,0.0,0.0,0.0,3766.17,0.0,56343.49,63.910261
2019-03-05,6,3797458.722708,3296839.468041,500619.254666,0.0,0.0,0.0,3538.6,0.0,60300.15,62.975942
2019-03-05,7,3839502.687183,3453136.893913,386365.793271,0.0,0.0,0.0,3633.22,0.0,60652.16,63.303643
2019-03-05,8,3762245.837658,3453130.823913,309115.013745,0.0,0.0,0.0,3671.95,0.0,58408.99,64.412102
2019-03-05,9,3524907.088769,3255518.20225,269388.886519,0.0,0.0,0.0,4855.49,0.0,56155.33,62.770659
2019-03-05,10,3464476.606064,3255518.20225,208958.403814,0.0,0.0,0.0,6707.56,0.0,53896.48,64.280202
2019-03-05,11,3478904.782033,3266816.397871,212088.384162,0.0,10.545566,0.0,8271.71,0.0,51507.31,67.541962
2019-03-05,12,3306024.377337,3072316.031905,233708.345433,0.0,171.998139,0.0,10170.99,0.0,49001.03,67.468467
2019-03-05,13,3267153.469052,3047709.606654,219443.862398,0.0,854.422324,0.0,11878.23,0.0,46847.27,69.740531
2019-03-05,14,3230070.610063,3032819.544778,197251.065285,0.0,1183.897378,0.0,12058.96,0.0,44804.15,72.093112
2019-03-05,15,3172361.763149,2986017.675677,186344.087472,0.0,1183.399231,0.0,12071.01,0.0,43676.72,72.632784
2019-03-05,16,3127894.452032,2935430.515952,192463.93608,0.0,648.402118,0.0,11924.87,0.0,43649.14,71.659933
2019-03-05,17,2961131.036233,2769227.061214,191903.97502,0.0,159.022733,0.0,10691.18,0.0,44900.7,65.948438
2019-03-05,18,2986933.716856,2828041.662457,158892.054399,0.0,0.0,0.0,9352.55,0.0,47921.07,62.33028
2019-03-05,19,3014520.246597,2827995.602457,186524.64414,0.0,0.0,0.0,8310.69,0.0,50424.78,59.782517
2019-03-05,20,3041377.629201,2831048.78596,210328.843242,0.0,0.0,0.0,6532.1,0.0,50845.72,59.815804
2019-03-05,21,3050869.547028,2831045.49596,219824.051068,0.0,0.0,0.0,5086.04,0.0,50117.11,60.87481
2019-03-05,22,3044207.252644,2831045.49596,213161.756684,0.0,0.0,0.0,3590.33,0.0,48201.27,63.156163
2019-03-05,23,3068230.681694,2881340.314237,186890.367456,0.0,0.0,0.0,3111.95,0.0,46677.61,65.732386
2019-03-06,0,2957024.543607,2762116.833022,194907.710584,0.0,0.0,0.0,3123.13,0.0,45938.87,64.368683
2019-03-06,1,2861579.485727,2657448.679724,204130.806003,0.0,0.0,0.0,3774.66,0.0,45881.88,62.368401
2019-03-06,2,2876998.487415,2665167.249724,211831.237691,0.0,0.0,0.0,3606.85,0.0,46290.07,62.151526
2019-03-06,3,2886952.815551,2665164.469724,221788.345827,0.0,0.0,0.0,3587.53,0.0,47112.52,61.277826
2019-03-06,4,2953222.261636,2718888.62885,234333.632786,0.0,0.0,0.0,3729.89,0.0,48750.38,60.578446
2019-03-06,5,3132832.698336,2871053.179026,261779.519309,0.0,0.0,0.0,3926.25,0.0,51976.59,60.273918
2019-03-06,6,3218043.577692,2871040.019026,347003.558666,0.0,0.0,0.0,4308.51,0.0,56213.68,57.246627
2019-03-06,7,3201811.994806,2871040.019026,330771.975779,0.0,0.0,0.0,4757.15,0.0,55956.27,57.219897
2019-03-06,8,3116006.684713,2871040.019026,244966.665687,0.0,0.0,0.0,5436.8,0.0,52391.89,59.474981
2019-03-06,9,2921138.299456,2699694.923249,221443.376207,0.0,0.0,0.0,7682.69,0.0,49472.96,59.045149
2019-03-06,10,3074150.173957,2904878.952277,169271.22168,0.0,0.0,0.0,10079.44,0.0,47089.4,65.283273
2019-03-06,11,3029419.735409,2845811.388252,183608.347157,0.0,1511.443058,0.0,14027.28,0.0,44867.08,67.519877
2019-03-06,12,2848604.8067,2664636.676011,183968.130689,0.0,1951.694097,0.0,15506.37,0.0,42779.07,66.58875
2019-03-06,13,2828889.560573,2656518.610947,172370.949626,0.0,1670.540898,0.0,15856.98,0.0,41392.52,68.343014
2019-03-06,14,2814466.52258,2646995.287048,167471.235532,0.0,2350.955391,0.0,16441.93,0.0,40076.89,70.22667
2019-03-06,15,2811837.82091,2639530.412146,172307.408764,0.0,2313.269972,0.0,16210.4,0.0,39451.46,71.273353
2019-03-06,16,2815518.185912,2643566.536546,171951.649366,0.0,1286.898254,0.0,15403.59,0.0,39763.21,70.807115
2019-03-06,17,2853692.719578,2663328.685932,190364.033646,0.0,1856.692229,0.0,14996.36,0.0,40766.97,70.000118
2019-03-06,18,2866545.042474,2694379.619565,172165.422909,0.0,1321.942574,0.0,13447.42,0.0,42977.63,66.698537
2019-03-06,19,2884926.622598,2685553.444175,199373.178422,0.0,990.960467,0.0,11055.76,0.0,44420.64,64.945634
2019-03-06,20,2853384.810669,2657699.829655,195684.981014,0.0,1131.259577,0.0,11698.5,0.0,44381.25,64.292574
2019-03-06,21,2830500.805482,2652293.109656,178207.695826,0.0,1567.863632,0.0,13090.73,0.0,43203.38,65.515726
2019-03-06,22,2780703.668589,2628496.120281,152207.548308,0.0,739.857206,0.0,12728.82,0.0,40753.98,68.231463
2019-03-06,23,2770771.193913,2649167.454892,121603.739022,0.0,911.783857,0.0,13154.31,0.0,38479.09,72.007191
2019-03-07,0,772848.574236,657733.79946,115114.774777,0.0,1050.34899,0.0,13160.35,0.0,36939.97,20.921743
2019-03-07,1,741583.950831,637069.554849,104514.395982,0.0,1117.109222,0.0,13104.62,0.0,36172.13,20.501528
2019-03-07,2,741712.630785,637069.554849,104643.075936,0.0,1208.034195,0.0,12884.67,0.0,35771.97,20.734464
2019-03-07,3,745764.278295,640525.544369,105238.733926,0.0,1228.874073,0.0,12744.33,0.0,35764.88,20.85186
2019-03-07,4,759511.412348,645507.23187,114004.180478,0.0,1136.074928,0.0,12246.4,0.0,36580.19,20.762916
2019-03-07,5,799080.656306,671544.805435,127535.850871,0.0,882.185918,0.0,12114.35,0.0,38917.54,20.532661
2019-03-07,6,855228.285311,686996.424409,168231.860902,0.0,645.006992,0.0,11767.74,0.0,42477.4,20.133725
2019-03-07,7,863664.689658,692399.854408,171264.835249,0.0,421.620856,0.0,11250.29,0.0,42930.32,20.117826
2019-03-07,8,861188.177418,692396.564408,168791.61301,0.0,423.335298,0.0,10530.43,0.0,41916.76,20.545199
2019-03-07,9,846126.642382,692396.564408,153730.077974,0.0,869.249517,0.0,11297.6,0.0,41039.55,20.617347
2019-03-07,10,828892.303872,697929.283899,130963.019973,0.0,0.0,0.0,11530.24,0.0,39976.52,20.734479
2019-03-07,11,920615.269947,791076.328219,129538.941728,0.0,903.718667,0.0,13160.77,0.0,38771.61,23.744572
2019-03-07,12,904980.600591,769082.227209,135898.373381,0.0,990.18508,0.0,13667.49,0.0,37744.39,23.976559
2019-03-07,13,889255.850953,754332.593675,134923.257277,0.0,516.970305,0.0,13448.23,0.0,37085.23,23.978707
2019-03-07,14,876482.284796,751225.936475,125256.348321,0.0,1111.330026,0.0,14322.54,0.0,36774.36,23.83406
2019-03-07,15,878487.51635,751800.773388,126686.742962,0.0,1455.838654,0.0,14774.45,0.0,36682.33,23.94852
2019-03-07,16,877485.177161,752635.105714,124850.071447,0.0,999.50704,0.0,14697.27,0.0,36824.0,23.829165
2019-03-07,17,888090.109598,761616.439273,126473.670325,0.0,906.03861,0.0,13860.31,0.0,37235.97,23.850328
2019-03-07,18,822876.301634,705722.542604,117153.75903,0.0,335.496417,0.0,12450.95,0.0,38506.02,21.370069
2019-03-07,19,794142.771932,666436.962835,127705.809097,0.0,0.0,0.0,10767.51,0.0,39364.7,20.173983
2019-03-07,20,794790.110914,661030.242836,133759.868078,0.0,601.135911,0.0,11674.13,0.0,38861.97,20.451617
2019-03-07,21,765950.361613,654312.240645,111638.120968,0.0,1015.55574,0.0,13092.65,0.0,37492.19,20.429598
2019-03-07,22,718480.066393,626601.571462,91878.494932,0.0,1020.343947,0.0,13569.42,0.0,35276.47,20.367119
2019-03-07,23,701272.118119,633679.314762,67592.803357,0.0,983.10806,0.0,13680.43,0.0,32933.62,21.293502
2019-03-08,0,524512.326279,452382.986894,72129.339384,0.0,957.020667,0.0,13589.14,0.0,31299.51,16.757845
2019-03-08,1,364231.592024,281375.087719,82856.504305,0.0,874.45221,0.0,13344.69,0.0,30300.24,12.020749
2019-03-08,2,358111.119493,277176.04772,80935.071773,0.0,863.988172,0.0,13203.81,0.0,29877.9,11.98582
2019-03-08,3,360891.386382,277176.04772,83715.338662,0.0,835.847045,0.0,13114.45,0.0,29660.78,12.167293
2019-03-08,4,373953.271897,287853.624494,86099.647403,0.0,811.290219,0.0,12903.25,0.0,30154.42,12.401276
2019-03-08,5,414155.130066,309602.834476,104552.29559,0.0,807.086148,0.0,12750.41,0.0,32170.55,12.873735
2019-03-08,6,485809.589358,360157.655528,125651.933829,0.0,0.0,0.0,11431.54,0.0,35516.93,13.678254
2019-03-08,7,468657.207187,384355.397909,84301.809278,0.0,0.0,0.0,9769.72,0.0,36783.54,12.740949
2019-03-08,8,417385.330763,309301.619894,108083.71087,0.0,0.0,0.0,7863.96,0.0,37094.82,11.251849
2019-03-08,9,419740.399328,309301.619894,110438.779434,0.0,0.0,0.0,8154.67,0.0,37532.35,11.18343
2019-03-08,10,414374.579536,309301.619894,105072.959643,0.0,0.0,0.0,9048.92,0.0,37952.08,10.918363
2019-03-08,11,401574.686304,300962.829493,100611.856811,0.0,0.0,0.0,10064.85,0.0,38197.35,10.513156
2019-03-08,12,558349.148979,475165.996478,83183.152501,0.0,0.0,0.0,11153.57,0.0,38386.41,14.54549
2019-03-08,13,754026.360433,638525.879214,115500.481219,0.0,0.0,0.0,12818.31,0.0,39012.31,19.327909
2019-03-08,14,778243.276674,615820.176123,162423.100551,0.0,155.651185,0.0,13491.57,0.0,39429.45,19.737614
2019-03-08,15,736912.178553,609942.473766,126969.704787,0.0,233.010096,0.0,14325.01,0.0,39516.76,18.648092
2019-03-08,16,808358.396725,664074.756051,144283.640674,0.0,14.400266,0.0,14996.94,0.0,39380.91,20.526656
2019-03-08,17,810285.99945,669310.751775,140975.247675,0.0,137.055875,0.0,13961.36,0.0,39227.27,20.656191
2019-03-08,18,806239.019049,665637.887775,140601.131274,0.0,187.630401,0.0,13072.82,0.0,39711.25,20.302534
2019-03-08,19,783946.684025,632664.629144,151282.054881,0.0,319.194944,0.0,12148.47,0.0,40078.03,19.560509
2019-03-08,20,765919.160694,632664.629144,133254.53155,0.0,233.03483,0.0,12873.93,0.0,39362.05,19.458315
2019-03-08,21,728930.27604,618829.945352,110100.330688,0.0,585.075168,0.0,14790.1,0.0,38237.22,19.06337
2019-03-08,22,685136.195179,591245.999156,93890.196023,0.0,544.874214,0.0,15865.59,0.0,36467.1,18.787789
2019-03-08,23,656132.816755,573920.007912,82212.808843,0.0,1190.217474,0.0,16689.12,0.0,34527.5,19.003195
2019-03-09,0,507318.419334,436404.431241,70913.988093,0.0,1324.093292,0.0,16494.45,0.0,32696.87,15.51581
2019-03-09,1,361900.147952,283228.976054,78671.171898,0.0,1241.464035,0.0,15703.57,0.0,31531.91,11.477267
2019-03-09,2,354095.382866,277809.361679,76286.021187,0.0,1261.145208,0.0,15683.86,0.0,30676.28,11.54297
2019-03-09,3,329027.828455,292862.983324,36164.845131,0.0,0.0,0.0,14055.41,0.0,30239.52,10.880723
2019-03-09,4,346080.433359,292846.533324,53233.900035,0.0,0.0,0.0,11635.14,0.0,30215.12,11.453882
2019-03-09,5,355663.828768,286335.633255,69328.195513,0.0,1248.31237,0.0,15660.4,0.0,30644.71,11.606043
2019-03-09,6,367506.991362,294107.944552,73399.04681,0.0,1173.7839,0.0,15721.66,0.0,31797.82,11.557616
2019-03-09,7,404768.527067,314586.934676,90181.592391,0.0,418.26253,0.0,13812.79,0.0,32794.45,12.342592
2019-03-09,8,442239.58078,340893.051194,101346.529586,0.0,316.508389,0.0,13178.56,0.0,34674.81,12.753915
2019-03-09,9,450859.953282,369163.755134,81696.198148,0.0,0.0,0.0,11081.46,0.0,36501.28,12.351894
2019-03-09,10,590405.81029,528421.809196,61984.001094,0.0,0.0,0.0,11812.54,0.0,37990.4,15.540921
2019-03-09,11,617566.426142,504333.246058,113233.180084,0.0,220.955508,0.0,12911.09,0.0,38702.02,15.956956
2019-03-09,12,770772.7031,641725.33908,129047.36402,0.0,3047.70427,0.0,17317.92,0.0,39020.25,19.753146
2019-03-09,13,762887.36545,636215.752402,126671.613048,0.0,2717.71741,0.0,17829.13,0.0,39302.26,19.410776
2019-03-09,14,679759.979414,542610.829619,137149.149795,0.0,3395.442822,0.0,18334.76,0.0,39447.8,17.231886
2019-03-09,15,683106.493137,542574.639619,140531.853518,0.0,3254.367483,0.0,17520.85,0.0,39782.67,17.170956
2019-03-09,16,753560.785933,610971.557001,142589.228932,0.0,2223.200342,0.0,16037.95,0.0,39841.02,18.914194
2019-03-09,17,787899.883325,636299.389081,151600.494244,0.0,2004.024449,0.0,14460.87,0.0,39277.47,20.059843
2019-03-09,18,776873.918334,684068.290029,92805.628305,0.0,0.0,0.0,9161.14,0.0,38921.56,19.959989
2019-03-09,19,718837.512371,604320.295728,114517.216644,0.0,0.0,0.0,4999.31,0.0,38946.1,18.45724
2019-03-09,20,681246.014168,548497.805456,132748.208712,0.0,0.0,0.0,2944.46,0.0,37676.26,18.081572
2019-03-09,21,668297.610795,548497.805456,119799.805339,0.0,0.0,0.0,2742.74,0.0,36345.99,18.387107
2019-03-09,22,635908.980066,537079.000207,98829.979859,0.0,0.0,0.0,3536.2,0.0,34700.61,18.325585
2019-03-09,23,524133.834785,425560.195169,98573.639616,0.0,0.0,0.0,3373.58,0.0,32867.37,15.946936
2019-03-10,0,496020.507032,409120.543252,86899.96378,0.0,0.0,0.0,3607.07,0.0,31364.61,15.814656
2019-03-10,1,451603.656362,363399.600521,88204.055841,0.0,0.0,0.0,4293.94,0.0,30301.32,14.903762
2019-03-10,2,440172.567022,356282.91892,83889.648102,0.0,0.0,0.0,4273.26,0.0,29634.87,14.853197
2019-03-10,3,435527.14946,356282.91892,79244.23054,0.0,0.0,0.0,4532.53,0.0,29392.29,14.817734
2019-03-10,4,432575.70301,349888.351023,82687.351987,0.0,0.0,0.0,5161.05,0.0,29669.75,14.579688
2019-03-10,5,451690.370561,365101.517509,86588.853052,0.0,0.0,0.0,5147.86,0.0,30427.04,14.845032
2019-03-10,6,575867.378295,496175.499524,79691.878772,0.0,0.0,0.0,5516.16,0.0,31454.55,18.30792
2019-03-10,7,630969.208023,487359.591657,143609.616366,0.0,14.940167,0.0,6389.46,0.0,32531.85,19.39543
2019-03-10,8,669405.144372,516332.515173,153072.629199,0.0,387.565282,0.0,6417.99,0.0,34058.83,19.654379
2019-03-10,9,670770.391722,516322.645173,154447.746549,0.0,698.495203,0.0,7526.92,0.0,35440.2,18.926823
2019-03-10,10,654131.893387,510915.925174,143215.968213,0.0,104.433247,0.0,9052.99,0.0,36393.89,17.973673
2019-03-10,11,632465.29265,501197.565448,131267.727202,0.0,1308.468544,0.0,12108.68,0.0,36998.96,17.094137
2019-03-10,12,637004.551269,514403.358431,122601.192839,0.0,1482.961103,0.0,13773.85,0.0,37415.59,17.02511
2019-03-10,13,735200.486706,614110.459564,121090.027141,0.0,632.353213,0.0,15238.22,0.0,37575.29,19.566063
2019-03-10,14,727419.933601,604419.350469,123000.583131,0.0,1273.842722,0.0,16188.58,0.0,37700.17,19.294871
2019-03-10,15,731996.465477,603529.753793,128466.711684,0.0,1462.329695,0.0,16312.19,0.0,37970.57,19.277995
2019-03-10,16,735830.191028,605465.80327,130364.387758,0.0,998.660819,0.0,16115.32,0.0,38124.58,19.300677
2019-03-10,17,703771.024109,576789.819435,126981.204675,0.0,875.160523,0.0,15152.88,0.0,38176.9,18.434473
2019-03-10,18,674181.859792,539757.336699,134424.523093,0.0,250.334957,0.0,13672.35,0.0,39048.99,17.265027
2019-03-10,19,659436.990481,549332.262105,110104.728377,0.0,0.0,0.0,12108.4,0.0,39609.39,16.648502
2019-03-10,20,437514.25128,358591.236251,78923.015028,0.0,0.0,0.0,11839.58,0.0,38698.6,11.305687
2019-03-10,21,345878.528935,266204.970043,79673.558893,0.0,0.0,0.0,11401.05,0.0,36942.52,9.362613
2019-03-10,22,307972.712669,228224.024743,79748.687926,0.0,0.0,0.0,9505.67,0.0,34738.33,8.865501
2019-03-10,23,228179.60418,153206.436728,74973.167452,0.0,0.0,0.0,8673.98,0.0,32806.53,6.955311
2019-03-11,0,212162.434726,135104.238289,77058.196437,0.0,0.0,0.0,7649.19,0.0,31564.58,6.721535
2019-03-11,1,210216.095344,135104.238289,75111.857055,0.0,0.0,0.0,6921.02,0.0,30821.74,6.820384
2019-03-11,2,213406.373256,135104.238289,78302.134967,0.0,0.0,0.0,6382.57,0.0,30638.38,6.965328
2019-03-11,3,223500.609993,141502.096186,81998.513807,0.0,0.0,239.618,6233.82,0.0,31176.18,7.168954
2019-03-11,4,268908.060798,178551.703963,90356.356836,0.0,0.0,42.192,6188.53,0.0,32725.92,8.216975
2019-03-11,5,389534.253383,278294.383377,111239.870006,0.0,0.0,0.0,5020.97,0.0,35184.81,11.071092
2019-03-11,6,435308.428661,296564.022184,138744.406476,0.0,0.0,0.0,4097.13,0.0,37011.54,11.761424
2019-03-11,7,454750.589738,296557.442184,158193.147554,0.0,0.0,0.0,3415.31,0.0,37534.85,12.115423
2019-03-11,8,451968.646602,296557.442184,155411.204417,0.0,0.0,0.0,4164.35,0.0,38222.4,11.824706
2019-03-11,9,618043.416956,489260.851972,128782.564984,0.0,0.0,0.0,6417.94,0.0,39188.12,15.771193
2019-03-11,10,523477.587494,404701.681934,118775.90556,0.0,0.0,0.0,9144.68,0.0,39778.57,13.159789
2019-03-11,11,553029.559248,430857.636875,122171.922372,0.0,0.0,0.0,10184.56,0.0,40152.15,13.773349
2019-03-11,12,611875.275463,501197.202411,110678.073052,0.0,0.0,0.0,11916.95,0.0,40453.67,15.125334
2019-03-11,13,742597.909364,598350.410118,144247.499246,0.0,296.324902,0.0,13071.04,0.0,40315.1,18.419845
2019-03-11,14,730040.947919,563908.957322,166131.990597,0.0,736.782909,0.0,15204.88,0.0,40175.45,18.17132
2019-03-11,15,696793.09586,537161.553922,159631.541939,0.0,813.787887,0.0,16149.93,0.0,40067.06,17.390672
2019-03-11,16,689270.031852,534928.679555,154341.352297,0.0,491.416626,0.0,16022.12,0.0,39861.4,17.291666
2019-03-11,17,682060.009767,537022.593827,145037.41594,0.0,893.656894,0.0,15533.79,0.0,39699.81,17.180435
2019-03-11,18,662695.995824,518083.438687,144612.557136,0.0,1008.922456,0.0,14771.86,0.0,40183.66,16.491678
2019-03-11,19,640529.662932,488659.735049,151869.927883,0.0,979.798187,16.952187,13647.71,0.0,40247.44,15.914793
2019-03-11,20,629002.364474,488656.445049,140345.919425,0.0,194.889333,0.0,12928.4,0.0,38966.4,16.142173
2019-03-11,21,569230.841307,495686.190689,73544.650618,0.0,0.0,0.0,12652.61,0.0,36971.33,15.396548
2019-03-11,22,260820.340834,185483.429196,75336.911638,0.0,0.0,0.0,10977.44,0.0,34459.83,7.568823
2019-03-11,23,199024.223069,130183.084586,68841.138483,0.0,0.0,0.0,10238.94,0.0,32511.36,6.121682
2019-03-12,0,184369.145905,118806.829188,65562.316716,0.0,0.0,0.0,9580.29,0.0,31284.24,5.893355
2019-03-12,1,174102.167958,106953.038389,67149.129569,0.0,0.0,0.0,9367.92,0.0,30461.43,5.715496
2019-03-12,2,171858.222463,106602.038389,65256.184074,0.0,0.0,0.0,8982.26,0.0,30139.52,5.702089
2019-03-12,3,181726.339025,113354.186286,68372.152739,0.0,0.0,0.0,8937.98,0.0,30596.51,5.939447
2019-03-12,4,346167.114653,270879.441226,75287.673427,0.0,0.0,0.0,9019.47,0.0,32134.21,10.772542
2019-03-12,5,399216.859633,308181.765816,91035.093817,0.0,0.0,0.0,8787.7,0.0,34474.96,11.579908
2019-03-12,6,419257.328733,313374.598425,105882.730308,0.0,0.0,0.0,8962.64,0.0,36380.93,11.524096
2019-03-12,7,495782.533227,392445.224703,103337.308524,0.0,0.0,0.0,9805.23,0.0,36937.82,13.422084
2019-03-12,8,532113.641531,421765.846303,110347.795229,0.0,0.0,0.0,10582.7,0.0,37596.85,14.153144
2019-03-12,9,570335.463149,429053.27856,141282.184589,0.0,365.020704,0.0,13031.67,0.0,38528.64,14.802896
2019-03-12,10,712294.671934,581336.294497,130958.377437,0.0,177.959936,0.0,14498.17,0.0,39129.01,18.203749
2019-03-12,11,794169.14864,643287.036412,150882.112228,0.0,886.006815,0.0,16039.55,0.0,39446.99,20.132566
2019-03-12,12,803549.848083,649005.113605,154544.734479,0.0,1692.849415,0.0,17064.84,0.0,39708.71,20.236111
2019-03-12,13,788163.420771,643034.677693,145128.743078,0.0,1275.34581,0.0,15402.59,0.0,39647.47,19.879287
2019-03-12,14,798210.770395,634091.466332,164119.304063,0.0,2120.156748,0.0,15219.32,0.0,39586.01,20.163961
2019-03-12,15,800719.915093,634088.176332,166631.738761,0.0,1943.903973,0.0,14741.55,0.0,39520.51,20.26087
2019-03-12,16,816764.017484,651036.131505,165727.885979,0.0,586.458435,0.0,11083.78,0.0,39408.27,20.725701
2019-03-12,17,786343.489709,638057.311312,148286.178397,0.0,1091.646334,0.0,11613.13,0.0,39208.26,20.055557
2019-03-12,18,782595.351964,603644.071646,178951.280318,0.0,653.070028,0.0,10099.91,0.0,39635.7,19.744709
2019-03-12,19,794837.490779,603412.840661,191424.650118,0.0,133.09418,0.0,9207.4,0.0,39816.3,19.962616
2019-03-12,20,811151.813184,631318.678271,179833.134913,0.0,308.381447,0.0,8672.14,0.0,38713.11,20.952897
2019-03-12,21,758836.598009,642296.80374,116539.79427,0.0,0.0,0.0,5736.96,0.0,36649.32,20.705339
2019-03-12,22,330242.764122,234434.001773,95808.76235,0.0,0.0,0.0,6139.41,0.0,34211.38,9.653009
2019-03-12,23,244597.87413,160743.472959,83854.401171,0.0,0.0,0.0,6328.52,0.0,32257.76,7.582606
2019-03-13,0,436348.618525,362806.805181,73541.813344,0.0,1054.794092,0.0,9605.84,0.0,31203.66,13.983892
2019-03-13,1,434787.938427,328151.671743,106636.266684,0.0,581.793805,0.0,9703.57,0.0,30488.89,14.260537
2019-03-13,2,339833.618074,262077.824422,77755.793652,0.0,1734.62507,0.0,13681.94,0.0,30140.1,11.275132
2019-03-13,3,324064.042734,242784.879604,81279.16313,0.0,1632.940528,0.0,14538.26,0.0,30342.2,10.680308
2019-03-13,4,375217.850707,286069.829969,89148.020738,0.0,1443.268293,0.0,13588.58,0.0,31436.12,11.935883
2019-03-13,5,413770.367145,304630.654703,109139.712442,0.0,1509.692362,0.0,13236.82,0.0,33706.15,12.275812
2019-03-13,6,477697.27522,381045.374562,96651.900657,0.0,732.307013,0.0,13327.25,0.0,35486.29,13.46146
2019-03-13,7,462414.355308,366018.977778,96395.377531,0.0,0.0,0.0,7390.81,0.0,36148.72,12.791998
2019-03-13,8,395699.809442,290975.069762,104724.739679,0.0,0.0,0.0,7210.44,0.0,37016.76,10.689747
2019-03-13,9,394200.297015,290975.069762,103225.227252,0.0,0.0,0.0,9063.36,0.0,37663.57,10.466355
2019-03-13,10,415437.753208,321119.122843,94318.630364,0.0,0.0,0.0,9873.92,0.0,38011.54,10.929253
2019-03-13,11,647126.159625,505505.829864,141620.329762,0.0,168.815304,0.0,9575.64,0.0,38109.07,16.980896
2019-03-13,12,643557.54385,470413.55706,173143.98679,0.0,3.86982,0.0,8820.18,0.0,38442.9,16.740609
2019-03-13,13,654866.370289,460827.760382,194038.609907,0.0,468.186235,0.0,9945.44,0.0,38675.17,16.932476
2019-03-13,14,682063.643796,477504.528031,204559.115765,0.0,680.145474,0.0,9910.49,0.0,38934.51,17.518229
2019-03-13,15,687093.018168,477308.206306,209784.811862,0.0,567.121465,0.0,9189.15,0.0,39084.96,17.579473
2019-03-13,16,691908.155313,497299.105668,194609.049644,0.0,65.92906,0.0,8284.82,0.0,39252.59,17.62707
2019-03-13,17,622762.232812,503101.584064,119660.648748,0.0,0.0,0.0,6492.51,0.0,39258.2,15.86324
2019-03-13,18,471116.059997,337321.665833,133794.394164,0.0,0.0,0.0,4927.69,0.0,39404.4,11.955925
2019-03-13,19,495682.174456,337318.375833,158363.798624,0.0,0.0,0.0,3559.32,0.0,39889.47,12.426392
2019-03-13,20,469191.666965,337318.375833,131873.291133,0.0,0.0,0.0,4855.42,0.0,38919.33,12.055492
2019-03-13,21,478724.549894,401588.570757,77135.979136,0.0,0.0,0.0,8268.84,0.0,37046.24,12.922352
2019-03-13,22,440882.206927,339150.86857,101731.338357,0.0,318.705277,0.0,11962.17,0.0,34793.28,12.671476
2019-03-13,23,373985.178715,272613.607261,101371.571455,0.0,1183.534265,0.0,12856.74,0.0,32965.06,11.344896
2019-03-14,0,362411.204077,278023.61726,84387.586817,0.0,1198.396002,0.0,12760.66,0.0,31662.96,11.445904
2019-03-14,1,359463.30767,262831.40197,96631.9057,0.0,474.05934,0.0,10668.96,0.0,30768.81,11.682717
2019-03-14,2,319552.442428,257518.247444,62034.194984,0.0,1607.20396,0.0,14721.6,0.0,30243.39,10.566026
2019-03-14,3,319008.247742,238000.18827,81008.059472,0.0,1530.956148,0.0,14252.22,0.0,30412.66,10.489324
2019-03-14,4,350985.082693,261775.278173,89209.80452,0.0,1424.347324,9.111324,14159.82,0.0,31814.04,11.032396
2019-03-14,5,429754.93794,321139.985694,108614.952246,0.0,1481.645524,0.0,14173.68,0.0,34115.02,12.597235
2019-03-14,6,439934.064192,312715.193663,127218.870529,0.0,1510.396292,0.0,13890.89,0.0,35690.04,12.326522
2019-03-14,7,478350.421939,352714.906071,125635.515868,0.0,430.784116,0.0,12094.62,0.0,36070.15,13.26167
2019-03-14,8,464668.86828,353912.716071,110756.152208,0.0,0.0,0.0,10348.63,0.0,36654.14,12.677118
2019-03-14,9,595868.909222,487806.710463,108062.19876,0.0,0.0,0.0,10908.05,0.0,37280.56,15.983368
2019-03-14,10,671051.849991,596847.265627,74204.584364,0.0,0.0,0.0,12612.34,0.0,37560.03,17.866116
2019-03-14,11,740939.354662,601993.449767,138945.904896,0.0,1027.110819,0.0,15456.47,0.0,37578.63,19.71704
2019-03-14,12,716455.825579,578229.801879,138226.0237,0.0,3104.858015,0.0,18438.21,0.0,37717.88,18.995124
2019-03-14,13,683359.916952,557396.416658,125963.500293,0.0,2213.822922,0.0,18563.19,0.0,37530.33,18.208204
2019-03-14,14,665994.430145,540113.819831,125880.610314,0.0,3174.669038,0.0,19307.35,0.0,37427.59,17.794211
2019-03-14,15,687580.361962,556191.455466,131388.906495,0.0,2328.777106,0.0,17586.71,0.0,37350.44,18.408896
2019-03-14,16,694473.360414,559603.647117,134869.713297,0.0,696.98871,0.0,14787.96,0.0,37075.22,18.73147
2019-03-14,17,675252.436113,549775.938247,125476.497867,0.0,334.980848,0.0,13062.91,0.0,36617.47,18.440718
2019-03-14,18,664049.977666,572010.34104,92039.636626,0.0,0.0,0.0,10654.79,0.0,36826.41,18.031896
2019-03-14,19,537350.013132,410201.878649,127148.134483,0.0,0.0,192.3,8547.93,0.0,37716.4,14.247118
2019-03-14,20,515830.382934,401445.231865,114385.151069,0.0,0.0,0.0,8089.36,0.0,36980.8,13.9486
2019-03-14,21,355684.83772,260383.390201,95301.447519,0.0,0.0,0.0,8707.34,0.0,35348.46,10.062244
2019-03-14,22,266714.874221,179486.835178,87228.039043,0.0,0.0,0.0,8940.82,0.0,33344.86,7.99868
2019-03-14,23,205751.892931,124598.329978,81153.562954,0.0,0.0,0.0,9011.83,0.0,31851.03,6.459819
2019-03-15,0,191593.515963,117146.087782,74447.428181,0.0,0.0,0.0,9087.03,0.0,30874.22,6.205615
2019-03-15,1,194451.731259,123312.380158,71139.351101,0.0,0.0,0.0,9272.43,0.0,30434.16,6.389259
2019-03-15,2,222101.595625,162260.310958,59841.284667,0.0,0.0,0.0,10291.15,0.0,30443.82,7.295458
2019-03-15,3,447645.532981,367001.129686,80644.403294,0.0,0.0,0.0,11677.79,0.0,31164.48,14.363966
2019-03-15,4,496337.419686,377466.644196,118870.775491,0.0,1.432888,0.0,12156.57,0.0,33101.35,14.994477
2019-03-15,5,483481.127952,392923.097545,90558.030406,0.0,0.0,0.0,12296.46,0.0,35920.21,13.459864
2019-03-15,6,483011.809821,371109.512367,111902.297454,0.0,0.0,0.0,12340.68,0.0,38191.02,12.647261
2019-03-15,7,547777.652634,425218.531624,122559.121011,0.0,0.0,54.186,10054.98,0.0,39053.16,14.026462
2019-03-15,8,607525.713171,481759.441623,125766.271548,0.0,0.0,0.0,9398.31,0.0,39623.41,15.332494
2019-03-15,9,539602.851176,406738.563608,132864.287569,0.0,0.0,0.0,10485.19,0.0,39582.06,13.632511
2019-03-15,10,476912.030132,362596.780799,114315.249334,0.0,0.0,0.0,11949.94,0.0,39071.35,12.206183
2019-03-15,11,552442.862253,431855.441691,120587.420562,0.0,0.0,0.0,12985.44,0.0,38279.39,14.431862
2019-03-15,12,590569.431852,454135.018608,136434.413244,0.0,343.052631,0.0,14450.89,0.0,37605.31,15.704416
2019-03-15,13,562055.399056,428938.070199,133117.328857,0.0,509.996312,0.0,14848.57,0.0,36778.78,15.282057
2019-03-15,14,555719.841408,431878.119054,123841.722355,0.0,700.571385,0.0,14501.5,0.0,36173.12,15.362784
2019-03-15,15,405415.269751,272706.804228,132708.465523,0.0,667.2411,0.0,13482.89,0.0,35834.0,11.313704
2019-03-15,16,444974.937011,297083.306501,147891.63051,0.0,280.840538,0.0,12038.38,0.0,35764.94,12.441652
2019-03-15,17,414519.181288,320597.87034,93921.310949,0.0,0.0,0.0,10537.9,0.0,35886.25,11.550919
2019-03-15,18,354559.218133,256525.797061,98033.421071,0.0,0.0,0.0,8667.06,0.0,36747.67,9.648482
2019-03-15,19,402707.483147,273205.786778,129501.696369,0.0,0.0,0.0,6828.41,0.0,37747.83,10.668361
2019-03-15,20,413832.128033,272529.300279,141302.827754,0.0,0.0,0.0,5765.6,0.0,37401.49,11.064589
2019-03-15,21,394076.764821,268330.260279,125746.504541,0.0,0.0,0.0,5838.26,0.0,36422.72,10.819531
2019-03-15,22,406369.352423,299213.100679,107156.251744,0.0,0.0,0.0,5671.39,0.0,35119.18,11.571152
2019-03-15,23,397887.064989,299206.520679,98680.54431,0.0,0.0,0.0,4783.71,0.0,34000.83,11.702275
2019-03-16,0,449624.81528,369712.451396,79912.363883,0.0,0.0,0.0,4249.05,0.0,33291.98,13.505499
2019-03-16,1,443977.033784,359682.451571,84294.582214,0.0,0.0,0.0,3861.13,0.0,33012.87,13.448605
2019-03-16,2,448601.210287,359682.451571,88918.758717,0.0,0.0,0.0,3594.76,0.0,33131.29,13.540107
2019-03-16,3,455292.300441,359682.451571,95609.84887,0.0,0.0,0.0,3553.21,0.0,33647.43,13.531265
2019-03-16,4,468084.359983,359682.451571,108401.908412,0.0,0.0,0.0,3672.81,0.0,34731.48,13.477236
2019-03-16,5,484452.520232,359682.451571,124770.068662,0.0,0.0,0.0,4271.62,0.0,36390.78,13.312507
2019-03-16,6,505363.302702,359682.451571,145680.851131,0.0,0.0,0.0,5044.6,0.0,38294.91,13.196618
2019-03-16,7,513846.092661,359682.451571,154163.641091,0.0,0.0,0.0,5808.97,0.0,39340.89,13.061374
2019-03-16,8,539766.300441,359682.451571,180083.848871,0.0,0.0,0.0,4566.76,0.0,39538.76,13.651574
2019-03-16,9,509745.894831,359682.451571,150063.443261,0.0,0.0,0.0,5137.84,0.0,39042.52,13.056173
2019-03-16,10,475215.980129,359682.451571,115533.528558,0.0,0.0,0.0,6569.73,0.0,38059.94,12.485989
2019-03-16,11,444345.853406,349486.830611,94859.022796,0.0,0.0,0.0,7747.1,0.0,36771.83,12.083866
2019-03-16,12,499570.657343,327804.783601,171765.873742,0.0,362.430685,0.0,9555.9,0.0,35715.96,13.987323
2019-03-16,13,465470.508459,304948.784039,160521.724421,0.0,1096.268753,0.0,11056.89,0.0,34682.96,13.420726
2019-03-16,14,464616.401003,304392.379407,160224.021596,0.0,1498.19028,0.0,11132.72,0.0,34022.85,13.656011
2019-03-16,15,466416.299693,304392.379407,162023.920286,0.0,1541.818416,0.0,10764.9,0.0,33764.85,13.813664
2019-03-16,16,472179.077386,306000.922438,166178.154948,0.0,966.69572,0.0,9784.62,0.0,33816.31,13.963057
2019-03-16,17,496714.323359,334967.525202,161746.798157,0.0,302.180441,0.0,8202.42,0.0,34072.62,14.578108
2019-03-16,18,460927.585813,361556.855145,99370.730667,0.0,0.0,0.0,6208.12,0.0,35123.74,13.122964
2019-03-16,19,481633.338992,366723.367755,114909.971237,0.0,0.0,0.0,4058.15,0.0,36170.36,13.315691
2019-03-16,20,490944.813804,366720.077755,124224.73605,0.0,0.0,0.0,3016.49,0.0,35928.1,13.664647
2019-03-16,21,480173.069405,366720.077755,113452.991651,0.0,0.0,0.0,3021.22,0.0,35078.25,13.688627
2019-03-16,22,468285.722034,366720.077755,101565.644279,0.0,0.0,0.0,2962.87,0.0,33977.34,13.782295
2019-03-16,23,461504.214873,366720.077755,94784.137119,0.0,0.0,0.0,2657.67,0.0,33021.32,13.975947
2019-03-17,0,396539.710391,291236.414859,105303.295532,0.0,0.0,0.0,2365.84,0.0,32444.86,12.221958
2019-03-17,1,369705.488132,253772.496236,115932.991895,0.0,0.0,0.0,2224.79,0.0,32173.61,11.490954
2019-03-17,2,378108.85343,253772.496236,124336.357194,0.0,0.0,0.0,1963.44,0.0,32268.67,11.717522
2019-03-17,3,387840.929015,253772.496236,134068.432779,0.0,0.0,0.0,1988.7,0.0,32631.18,11.885593
2019-03-17,4,417434.836284,274679.224028,142755.612257,0.0,0.0,0.0,2323.23,0.0,33558.45,12.439038
2019-03-17,5,468040.07306,314096.23734,153943.83572,0.0,0.0,0.0,2160.98,0.0,35070.82,13.34557
2019-03-17,6,494796.27484,323628.969364,171167.305476,0.0,0.0,0.0,2105.88,0.0,36727.13,13.472228
2019-03-17,7,511437.337314,331036.689363,180400.647951,0.0,0.0,0.0,2304.03,0.0,37662.7,13.579412
2019-03-17,8,516315.010151,331033.399363,185281.610787,0.0,0.0,0.0,1635.63,0.0,37619.8,13.724555
2019-03-17,9,484551.739942,331033.399363,153518.340579,0.0,0.0,0.0,2493.23,0.0,36764.06,13.180039
2019-03-17,10,434113.126915,308554.563748,125558.563168,0.0,0.0,0.0,3907.14,0.0,35831.11,12.115537
2019-03-17,11,434731.579205,340431.202738,94300.376468,0.0,0.0,0.0,5754.63,0.0,34937.98,12.442951
2019-03-17,12,496543.29619,332620.273867,163923.022323,0.0,68.55085,0.0,7652.61,0.0,34118.6,14.553449
2019-03-17,13,476918.364831,309509.294242,167409.070589,0.0,468.992423,0.0,9089.45,0.0,33549.74,14.215263
2019-03-17,14,449689.672402,278363.37214,171326.300262,0.0,639.522833,26.717833,9103.88,0.0,33183.25,13.551707
2019-03-17,15,461463.383265,293799.723453,167663.659812,0.0,519.813059,0.0,8593.23,0.0,33204.75,13.897511
2019-03-17,16,476971.166572,306891.886642,170079.27993,0.0,79.407582,0.0,7646.84,0.0,33550.58,14.216481
2019-03-17,17,424456.555254,323976.906346,100479.648908,0.0,0.0,0.0,6847.97,0.0,33886.98,12.525653
2019-03-17,18,375123.250654,269027.490952,106095.759702,0.0,0.0,0.0,6017.87,0.0,34948.24,10.733681
2019-03-17,19,392135.47134,259923.134169,132212.337171,0.0,0.0,0.0,5537.58,0.0,36624.95,10.706785
2019-03-17,20,445062.13697,316831.494168,128230.642802,0.0,0.0,0.0,4583.07,0.0,36154.21,12.310105
2019-03-17,21,422043.976438,316824.914168,105219.06227,0.0,0.0,0.0,4814.92,0.0,34713.64,12.157872
2019-03-17,22,276778.558165,178538.543963,98240.014203,0.0,0.0,0.0,4716.39,0.0,32664.53,8.473367
2019-03-17,23,293906.580252,206301.495246,87605.085006,0.0,0.0,0.0,4544.97,0.0,31496.58,9.331381
2019-03-18,0,292627.183469,211507.487855,81119.695614,0.0,0.0,0.0,4505.23,0.0,30925.0,9.46248
2019-03-18,1,251163.971909,167304.884655,83859.087254,0.0,0.0,0.0,4697.86,0.0,30962.14,8.111971
2019-03-18,2,346218.261117,258768.704587,87449.55653,0.0,0.0,0.0,3576.78,0.0,31391.48,11.029052
2019-03-18,3,389053.730729,287031.290161,102022.440568,0.0,0.0,0.0,2775.19,0.0,32668.67,11.909078
2019-03-18,4,629194.099244,531294.183702,97899.915542,0.0,0.0,0.0,2184.34,0.0,35471.63,17.737953
2019-03-18,5,682333.679071,531265.593702,151068.085369,0.0,0.0,0.0,1491.65,0.0,39578.55,17.239987
2019-03-18,6,718704.052518,531265.593702,187438.458816,0.0,0.0,0.0,1234.97,0.0,41722.7,17.225732
2019-03-18,7,707892.629973,531265.593702,176627.036271,0.0,0.0,0.0,1537.69,0.0,41399.51,17.099058
2019-03-18,8,695745.516756,531265.593702,164479.923054,0.0,0.0,0.0,1349.61,0.0,40543.25,17.160576
2019-03-18,9,659793.369937,531265.593702,128527.776235,0.0,0.0,0.0,2745.26,0.0,39346.17,16.768935
2019-03-18,10,539128.017804,415704.807463,123423.210342,0.0,0.0,0.0,4268.97,0.0,38133.09,14.138063
2019-03-18,11,485095.190593,377816.29521,107278.895382,0.0,0.0,0.0,5882.09,0.0,37127.42,13.065685
2019-03-18,12,612541.622914,491606.826245,120934.796668,0.0,0.0,0.0,7567.0,0.0,36730.82,16.676503
2019-03-18,13,620256.17185,469911.619236,150344.552614,0.0,19.549549,0.0,8607.55,0.0,36275.46,17.098506
2019-03-18,14,610373.681259,450497.795892,159875.885366,0.0,239.670204,0.0,9266.26,0.0,35869.61,17.016457
2019-03-18,15,611598.830442,458668.147633,152930.682809,0.0,201.340837,0.0,9824.05,0.0,35851.94,17.059016
2019-03-18,16,561617.015269,446646.650518,114970.364751,0.0,0.0,0.0,9911.15,0.0,36056.72,15.575932
2019-03-18,17,435082.230968,322386.065531,112696.165437,0.0,0.0,0.0,9574.95,0.0,36193.96,12.020852
2019-03-18,18,434087.507309,301553.545476,132533.961833,0.0,0.0,0.0,9207.98,0.0,36873.11,11.772468
2019-03-18,19,468118.062509,313663.145427,154454.917081,0.0,0.0,0.0,9022.85,0.0,38079.24,12.293262
2019-03-18,20,433572.023286,316151.613424,117420.409862,0.0,0.0,0.0,7415.27,0.0,37066.07,11.697275
2019-03-18,21,367238.685803,271935.850224,95302.835578,0.0,0.0,0.0,6740.98,0.0,34812.58,10.549022
2019-03-18,22,328303.736567,243490.062252,84813.674315,0.0,0.0,0.0,5849.2,0.0,32481.64,10.107363
2019-03-18,23,238705.392003,156612.103438,82093.288565,0.0,0.0,0.0,5491.06,0.0,30887.98,7.7281
2019-03-19,0,223984.529528,138800.71201,85183.817518,0.0,0.0,47.519076,5322.0,0.0,30196.92,7.417463
2019-03-19,1,219673.137679,135012.397127,84660.740552,0.0,0.0,290.206,5339.5,0.0,30016.66,7.318374
2019-03-19,2,231153.254004,143141.579646,88011.674358,0.0,0.0,96.717,4985.79,0.0,30345.87,7.617289
2019-03-19,3,252674.314695,155457.673855,97216.64084,0.0,0.0,270.039,4676.05,0.0,31350.69,8.059609
2019-03-19,4,376882.247084,271576.381186,105305.865898,0.0,0.0,608.237,4463.92,0.0,33779.87,11.157007
2019-03-19,5,455484.155669,313170.839433,142313.316235,0.0,0.0,138.978,4417.48,0.0,37730.08,12.072176
2019-03-19,6,482333.691323,313154.389433,169179.301889,0.0,0.0,0.0,4426.08,0.0,39696.01,12.150684
2019-03-19,7,473144.59053,313154.389433,159990.201097,0.0,0.0,0.0,4425.44,0.0,39199.67,12.070117
2019-03-19,8,453704.376279,303618.36741,150086.008869,0.0,0.0,0.0,4607.52,0.0,38484.74,11.789202
2019-03-19,9,571370.29579,443835.343664,127534.952126,0.0,0.0,0.0,6269.83,0.0,37940.83,15.05951
2019-03-19,10,651241.906804,551155.39492,100086.511884,0.0,0.0,0.0,7834.0,0.0,37339.52,17.441089
2019-03-19,11,716011.453707,574073.594429,141937.859277,0.0,500.476123,0.0,11109.64,0.0,36775.23,19.469938
2019-03-19,12,690021.826843,536641.025559,153380.801284,0.0,2229.442432,0.0,14541.62,0.0,36459.06,18.925936
2019-03-19,13,682558.322892,542775.670779,139782.652113,0.0,1976.467478,0.0,15452.64,0.0,36146.47,18.883125
2019-03-19,14,679869.897935,542619.888411,137250.009523,0.0,2397.406688,0.0,15931.54,0.0,36039.43,18.864613
2019-03-19,15,657876.480404,517074.947197,140801.533207,0.0,2159.275051,0.0,15712.12,0.0,36025.4,18.261462
2019-03-19,16,657579.436666,527403.421264,130176.015402,0.0,1075.539686,0.0,14997.09,0.0,36043.52,18.24404
2019-03-19,17,637411.540013,511744.395888,125667.144125,0.0,1008.814856,0.0,14046.26,0.0,36030.7,17.69079
2019-03-19,18,622775.251176,497788.012432,124987.238745,0.0,600.703989,0.0,12841.93,0.0,36593.55,17.018716
2019-03-19,19,624928.744131,477910.813319,147017.930812,0.0,283.361759,0.0,11310.09,0.0,37701.88,16.575533
2019-03-19,20,632724.414404,502128.155319,130596.259084,0.0,189.28795,0.0,10793.88,0.0,36737.21,17.222985
2019-03-19,21,444706.107485,368539.618935,76166.48855,0.0,0.0,0.0,8859.05,0.0,34452.82,12.907684
2019-03-19,22,238608.092226,149840.886587,88767.205639,0.0,0.0,0.0,6275.03,0.0,32194.42,7.411474
2019-03-19,23,209433.178384,137983.805787,71449.372597,0.0,0.0,0.0,7019.01,0.0,30571.52,6.850597
2019-03-20,0,343481.768928,303166.080905,40315.688024,0.0,0.0,0.0,7894.71,0.0,29684.6,11.571043
2019-03-20,1,332016.688532,298155.293404,33861.395128,0.0,0.0,0.0,8970.37,0.0,29405.09,11.29113
2019-03-20,2,350422.922935,309538.128802,40884.794133,0.0,0.0,0.0,6918.47,0.0,29499.83,11.878812
2019-03-20,3,374434.813553,317873.629202,56561.184351,0.0,0.0,0.0,5305.18,0.0,30384.86,12.323072
2019-03-20,4,415378.296623,329727.420002,85650.876622,0.0,0.0,0.0,4087.47,0.0,32712.01,12.698036
2019-03-20,5,500228.778239,360000.760372,140228.017868,0.0,0.0,0.0,2944.55,0.0,36437.52,13.728398
2019-03-20,6,534958.928363,359994.180372,174964.747991,0.0,0.0,358.083,2316.63,0.0,38199.83,14.004223
2019-03-20,7,534303.29284,359994.180372,174309.112469,0.0,0.0,237.289,1913.56,0.0,37723.59,14.163639
2019-03-20,8,535630.734375,359994.180372,175636.554003,0.0,0.0,256.078,1499.42,0.0,37364.18,14.335407
2019-03-20,9,505629.148837,359994.180372,145634.968465,0.0,0.0,0.0,2817.82,0.0,37039.34,13.651138
2019-03-20,10,477982.457705,359994.180372,117988.277333,0.0,0.0,0.0,4464.44,0.0,36687.52,13.028476
2019-03-20,11,459392.357164,354788.187762,104604.169402,0.0,0.0,0.0,5970.94,0.0,36477.05,12.594011
2019-03-20,12,518832.351293,338357.523152,180474.828141,0.0,142.674404,0.0,7607.98,0.0,36472.29,14.225385
2019-03-20,13,527259.348189,328771.726474,198487.621715,0.0,570.60875,0.0,8744.07,0.0,36389.96,14.489143
2019-03-20,14,512966.475278,328771.726474,184194.748804,0.0,842.225023,0.0,9409.29,0.0,36317.78,14.12439
2019-03-20,15,502226.288836,328771.726474,173454.562362,0.0,816.725097,0.0,9836.39,0.0,36595.15,13.723848
2019-03-20,16,497988.00439,338377.263152,159610.741238,0.0,422.457623,0.0,10330.62,0.0,36814.76,13.526857
2019-03-20,17,451796.799713,354071.133363,97725.66635,0.0,0.0,0.0,8082.4,0.0,36723.18,12.302769
2019-03-20,18,473917.612344,367134.012548,106783.599796,0.0,0.0,0.0,5863.68,0.0,37142.66,12.759388
2019-03-20,19,511321.744586,367124.142548,144197.602038,0.0,0.0,0.0,3596.1,0.0,38197.11,13.386399
2019-03-20,20,518366.434225,367124.142548,151242.291677,0.0,0.0,0.0,2296.6,0.0,37264.93,13.910302
2019-03-20,21,485315.632109,367124.142548,118191.489561,0.0,0.0,0.0,2355.27,0.0,34961.42,13.881462
2019-03-20,22,434268.15988,336854.092178,97414.067702,0.0,0.0,0.0,2356.05,0.0,32474.95,13.372404
2019-03-20,23,421951.506565,339328.607236,82622.899329,0.0,0.0,0.0,2154.42,0.0,30780.12,13.708572
2019-03-21,0,290561.296153,204422.008503,86139.28765,0.0,0.0,0.0,2449.24,0.0,29886.27,9.722234
2019-03-21,1,240080.55784,156050.202255,84030.355585,0.0,0.0,0.0,3664.75,0.0,29567.77,8.119671
2019-03-21,2,255940.035532,163170.173855,92769.861677,0.0,0.0,0.0,2550.85,0.0,29627.63,8.638559
2019-03-21,3,286684.119608,181745.256846,104938.862762,0.0,0.0,0.0,2122.14,0.0,30416.43,9.425305
2019-03-21,4,403041.656552,295199.400627,107842.255926,0.0,0.0,0.0,2146.16,0.0,32770.53,12.298906
2019-03-21,5,495479.318564,334553.152554,160926.16601,0.0,0.0,3.496,1788.36,0.0,36604.16,13.536148
2019-03-21,6,546568.953042,341954.292554,204614.660489,0.0,0.0,14.913,1588.18,0.0,38456.63,14.212607
2019-03-21,7,566981.168786,398505.072553,168476.096233,0.0,0.0,0.0,1554.83,0.0,37817.81,14.992438
2019-03-21,8,551782.919236,379776.53328,172006.385956,0.0,0.0,0.0,1140.1,0.0,37234.12,14.819282
2019-03-21,9,508819.180509,350979.920159,157839.260349,0.0,0.0,0.0,2474.65,0.0,36859.58,13.804259
2019-03-21,10,432425.714398,294429.140161,137996.574237,0.0,0.0,0.0,3749.73,0.0,36624.36,11.807052
2019-03-21,11,401407.549908,277989.488244,123418.061664,0.0,0.0,0.0,5250.58,0.0,36520.37,10.991333
2019-03-21,12,388005.113067,269893.207409,118111.905657,0.0,0.0,0.0,6678.12,0.0,36755.1,10.556497
2019-03-21,13,415235.176643,298004.926943,117230.2497,0.0,0.0,0.0,6998.09,0.0,37107.08,11.190187
2019-03-21,14,516153.385511,368915.922081,147237.46343,0.0,0.0,0.0,7339.89,0.0,37532.74,13.752084
2019-03-21,15,545486.286944,349121.848306,196364.438639,0.0,5.394953,0.0,7523.97,0.0,38035.7,14.341429
2019-03-21,16,514131.655595,367389.729493,146741.926101,0.0,279.195566,0.0,7776.91,0.0,38113.74,13.489404
2019-03-21,17,461567.821191,321907.97191,139659.849282,0.0,0.0,0.0,6936.02,0.0,37596.55,12.276866
2019-03-21,18,449620.607989,329430.41862,120190.189369,0.0,0.0,0.0,5814.83,0.0,37548.54,11.974383
2019-03-21,19,452027.080608,300928.715499,151098.365109,0.0,0.0,0.0,4705.22,0.0,38335.8,11.791252
2019-03-21,20,431876.559752,285639.12881,146237.430941,0.0,0.0,0.0,3848.54,0.0,36944.37,11.689915
2019-03-21,21,378333.241193,274220.323561,104112.917631,0.0,0.0,0.0,4660.27,0.0,34412.4,10.994096
2019-03-21,22,260750.671112,185444.982095,75305.689017,0.0,0.0,0.0,6067.3,0.0,31744.49,8.214045
2019-03-21,23,264668.394654,195490.837385,69177.557269,0.0,0.0,0.0,5860.36,0.0,29930.89,8.84265
2019-03-22,0,254050.108146,189092.979488,64957.128659,0.0,0.0,0.0,5644.75,0.0,28954.37,8.774154
2019-03-22,1,194593.435287,127521.252137,67072.183151,0.0,0.0,0.0,5458.6,0.0,28426.1,6.84559
2019-03-22,2,203230.047056,135860.042537,67370.004518,0.0,0.0,0.0,5026.82,0.0,28400.15,7.15595
2019-03-22,3,216758.980391,142976.724138,73782.256253,0.0,0.0,0.0,4779.52,0.0,29166.16,7.431866
2019-03-22,4,431366.905526,358590.64572,72776.259806,0.0,0.0,0.0,4610.4,0.0,31315.78,13.774746
2019-03-22,5,648407.525015,553123.569654,95283.955361,0.0,0.0,0.0,4194.81,0.0,34991.8,18.530271
2019-03-22,6,811330.526016,701579.971318,109750.554698,0.0,0.0,0.0,3868.48,0.0,36876.75,22.00114
2019-03-22,7,811596.66935,701573.901318,110022.768032,0.0,0.0,0.0,3577.52,0.0,36672.37,22.131012
2019-03-22,8,808915.753915,701573.901318,107341.852597,0.0,0.0,0.0,3765.15,0.0,36634.41,22.080764
2019-03-22,9,783563.891274,692037.879295,91526.011979,0.0,0.0,0.0,5716.32,0.0,36706.72,21.346606
2019-03-22,10,789866.767165,712529.163469,77337.603695,0.0,0.0,0.0,7746.7,0.0,36838.12,21.44156
2019-03-22,11,924060.484921,810839.354869,113221.130052,0.0,100.196957,0.0,12673.45,0.0,36988.87,24.982123
2019-03-22,12,884862.764433,761987.380383,122875.38405,0.0,2138.197469,0.0,16676.62,0.0,37500.97,23.59573
2019-03-22,13,862239.810938,754357.631191,107882.179747,0.0,2407.363529,0.0,18565.01,0.0,37854.99,22.777441
2019-03-22,14,867187.322961,753913.271191,113274.05177,0.0,3037.584361,0.0,19018.57,0.0,38192.73,22.70556
2019-03-22,15,869945.350579,754360.921191,115584.429388,0.0,2893.058243,0.0,18788.91,0.0,38441.0,22.630664
2019-03-22,16,865627.867658,755164.779541,110463.088117,0.0,1904.565276,0.0,17803.43,0.0,38217.64,22.649956
2019-03-22,17,870042.695072,755518.110906,114524.584166,0.0,1778.227379,0.0,16831.31,0.0,37449.03,23.232716
2019-03-22,18,839673.268454,742631.677135,97041.591319,0.0,1123.93567,0.0,15371.77,0.0,37080.85,22.644391
2019-03-22,19,755817.087212,653192.647519,102624.439693,0.0,854.414154,0.0,13744.83,0.0,37350.67,20.235704
2019-03-22,20,716272.460527,624933.351946,91339.108581,0.0,1225.424868,0.0,14520.67,0.0,36219.82,19.775705
2019-03-22,21,684852.150213,613037.332845,71814.817368,0.0,1635.993152,0.0,16376.97,0.0,34560.95,19.815779
2019-03-22,22,637406.679231,580003.02024,57403.658992,0.0,1654.378874,0.0,17349.93,0.0,32521.67,19.599445
2019-03-22,23,613929.139868,563433.784212,50495.355656,0.0,1668.768368,0.0,17226.54,0.0,30607.57,20.058082
2019-03-23,0,281805.809678,218035.957557,63769.852121,0.0,1670.426053,0.0,16867.75,0.0,29284.74,9.622958
2019-03-23,1,275926.493339,213185.39732,62741.096019,0.0,1534.043199,0.0,16272.88,0.0,28395.3,9.71733
2019-03-23,2,278536.808817,215156.66802,63380.140797,0.0,1364.898144,0.0,15456.5,0.0,28093.69,9.914568
2019-03-23,3,287792.410801,217667.726918,70124.683883,0.0,1159.010338,0.0,14519.9,0.0,28125.47,10.232448
2019-03-23,4,307152.76792,227952.91653,79199.85139,0.0,999.146216,97.301216,13668.52,0.0,28667.85,10.714189
2019-03-23,5,329310.107926,237907.018934,91403.088992,0.0,929.961669,0.0,13276.0,0.0,29846.91,11.033307
2019-03-23,6,349700.302308,249490.677894,100209.624414,0.0,304.6625,0.0,12363.71,0.0,31110.99,11.240411
2019-03-23,7,332791.007181,265157.276821,67633.73036,0.0,0.0,0.0,11162.31,0.0,32275.82,10.310846
2019-03-23,8,358296.883817,277001.197621,81295.686196,0.0,0.0,0.0,11398.5,0.0,33643.7,10.649747
2019-03-23,9,394871.380874,284142.512722,110728.868152,0.0,294.998644,0.0,13048.11,0.0,34667.66,11.390194
2019-03-23,10,423752.893952,320016.185449,103736.708503,0.0,60.079386,0.0,14100.95,0.0,35256.91,12.019003
2019-03-23,11,469064.076247,340612.163106,128451.913141,0.0,110.08772,0.0,14514.29,0.0,35431.3,13.238692
2019-03-23,12,640936.297521,513238.915983,127697.381538,0.0,820.484797,0.0,15224.12,0.0,35359.48,18.126293
2019-03-23,13,647229.149796,515906.10432,131323.045476,0.0,1600.754586,0.0,16918.77,0.0,35165.95,18.404995
2019-03-23,14,629703.027075,503855.176243,125847.850832,0.0,2020.073254,0.0,17403.65,0.0,35183.03,17.897919
2019-03-23,15,630855.186245,506127.386614,124727.799631,0.0,2024.445279,0.0,17345.63,0.0,35267.5,17.887721
2019-03-23,16,620409.85612,495419.780923,124990.075198,0.0,1341.943419,0.0,16538.5,0.0,35173.94,17.638338
2019-03-23,17,673316.966957,565943.565748,107373.401208,0.0,306.169501,0.0,14049.73,0.0,35139.66,19.161169
2019-03-23,18,531331.644299,457017.371536,74314.272762,0.0,0.0,0.0,11050.47,0.0,35366.33,15.023658
2019-03-23,19,437478.081738,334754.96102,102723.120718,0.0,0.0,0.0,8444.19,0.0,35862.21,12.19886
2019-03-23,20,437613.502368,325565.733771,112047.768597,0.0,0.0,166.32,7526.81,0.0,35199.3,12.432449
2019-03-23,21,411857.875236,325565.733771,86292.141465,0.0,0.0,0.0,8426.92,0.0,33786.94,12.189854
2019-03-23,22,366172.238816,295374.176498,70798.062317,0.0,0.0,0.0,9330.66,0.0,31989.61,11.446599
2019-03-23,23,342795.614731,284946.534999,57849.079732,0.0,0.0,0.0,9363.77,0.0,30270.98,11.324232
2019-03-24,0,333554.181088,284946.534999,48607.646089,0.0,0.0,0.0,9221.42,0.0,29166.87,11.436064
2019-03-24,1,142256.04741,90462.807927,51793.239483,0.0,0.0,0.0,9203.75,0.0,28393.03,5.010245
2019-03-24,2,139819.645569,91132.714426,48686.931143,0.0,0.0,0.0,8949.51,0.0,27895.66,5.012237
2019-03-24,3,138517.073771,91129.424426,47387.649345,0.0,0.0,0.0,8827.88,0.0,27741.15,4.993199
2019-03-24,4,146002.727654,96384.096825,49618.630828,0.0,0.0,0.0,8658.31,0.0,28032.22,5.20839
2019-03-24,5,160261.349299,101365.784326,58895.564973,0.0,0.0,0.0,7939.94,0.0,28663.16,5.591196
2019-03-24,6,186116.203405,118339.163787,67777.039618,0.0,0.0,301.452,7291.59,0.0,29577.62,6.292467
2019-03-24,7,232388.368972,157073.24881,75315.120162,0.0,0.0,0.0,6738.64,0.0,30919.85,7.515831
2019-03-24,8,264398.465387,185157.352098,79241.113289,0.0,0.0,0.0,7694.33,0.0,32664.88,8.094273
2019-03-24,9,285453.758691,170122.221877,115331.536814,3.569272,0.0,0.0,9995.9,0.0,33991.58,8.397778
2019-03-24,10,316005.561832,213959.658231,102045.903601,0.0,0.0,0.0,11649.29,0.0,35002.04,9.028204
2019-03-24,11,393521.444666,300780.958243,92740.486424,0.0,0.0,0.0,12868.37,0.0,35846.82,10.977862
2019-03-24,12,468393.848713,320924.55879,147469.289923,0.0,655.513746,0.0,14104.6,0.0,36687.26,12.767207
2019-03-24,13,512075.195387,365150.160559,146925.034828,0.0,1447.325346,0.0,15642.7,0.0,37586.22,13.624014
2019-03-24,14,520371.269083,355129.578573,165241.69051,0.0,1453.396139,0.0,15259.33,0.0,38572.47,13.490743
2019-03-24,15,520509.416014,366300.847848,154208.568166,0.0,1279.496425,0.0,14288.76,0.0,39332.91,13.233433
2019-03-24,16,537697.139192,369704.197368,167992.941824,0.0,756.949905,0.0,13319.87,0.0,39994.88,13.444149
2019-03-24,17,565502.363646,373737.770979,191764.592667,0.0,169.446494,5.597494,11443.36,0.0,40017.01,14.13155
2019-03-24,18,516745.800897,400630.092964,116115.707934,0.0,0.0,0.0,9577.88,0.0,39742.51,13.002344
2019-03-24,19,482594.957352,342572.273752,140022.6836,0.0,0.0,0.0,7607.32,0.0,40715.67,11.852806
2019-03-24,20,474954.438352,329767.887152,145186.551199,0.0,0.0,0.0,6223.55,0.0,39565.27,12.004327
2019-03-24,21,437865.081485,329767.887152,108097.194332,0.0,0.0,0.0,6387.91,0.0,36968.96,11.844128
2019-03-24,22,302750.073096,219462.879531,83287.193565,0.0,0.0,0.0,7700.92,0.0,33838.48,8.946917
2019-03-24,23,253001.700725,177417.531459,75584.169266,0.0,0.0,0.0,7391.48,0.0,31412.87,8.054078
2019-03-25,0,240852.407861,172427.903108,68424.504753,0.0,0.0,0.0,6820.18,0.0,29948.58,8.042198
2019-03-25,1,230731.816849,164960.221508,65771.595341,0.0,0.0,0.0,6616.79,0.0,29025.77,7.949206
2019-03-25,2,244825.56669,175914.699404,68910.867286,0.0,0.0,0.0,5255.35,0.0,28696.66,8.5315
2019-03-25,3,258968.984581,184246.909805,74722.074776,0.0,0.0,0.0,4672.03,0.0,29199.82,8.868856
2019-03-25,4,308949.226438,232878.795381,76070.431057,0.0,0.0,0.0,4947.08,0.0,31128.76,9.924881
2019-03-25,5,367824.221639,260184.205154,107640.016484,0.0,0.0,0.0,4340.26,0.0,34591.0,10.633524
2019-03-25,6,388632.865374,260174.335154,128458.530219,0.0,0.0,0.0,4249.48,0.0,36237.37,10.724643
2019-03-25,7,386830.70604,260174.335154,126656.370886,0.0,0.0,0.0,4491.52,0.0,36263.99,10.667075
2019-03-25,8,811428.133797,719655.165245,91772.968552,0.0,0.0,0.0,5634.57,0.0,36318.85,22.34179
2019-03-25,9,829349.540404,704193.667904,125155.8725,0.0,37.422635,0.0,8648.12,0.0,37129.91,22.336427
2019-03-25,10,803644.209282,697870.896157,105773.313125,0.0,0.0,0.0,10699.87,0.0,37885.01,21.212723
2019-03-25,11,922923.737149,791721.286619,131202.45053,0.0,655.791475,0.0,12838.87,0.0,38743.97,23.821094
2019-03-25,12,913734.191985,773929.515608,139804.676376,0.0,1273.283637,0.0,14031.25,0.0,39722.96,23.002671
2019-03-25,13,918336.521759,780605.127209,137731.39455,0.0,1179.552379,0.0,14954.71,0.0,40655.23,22.588398
2019-03-25,14,905533.528246,763519.308748,142014.219499,0.0,1764.510556,0.0,15886.47,0.0,41492.3,21.824134
2019-03-25,15,923747.410491,765235.814012,158511.596479,0.0,1755.053188,0.0,15842.3,0.0,42323.08,21.826091
2019-03-25,16,914256.244883,765222.654012,149033.590872,0.0,1019.751257,0.0,15415.14,0.0,42466.13,21.529069
2019-03-25,17,916468.429191,765222.654012,151245.775179,0.0,529.980718,0.0,14413.76,0.0,41968.77,21.836914
2019-03-25,18,890841.34674,804199.480853,86641.865887,0.0,0.0,0.0,13054.86,0.0,41151.99,21.647589
2019-03-25,19,781221.458461,686170.059607,95051.398854,0.0,0.0,0.0,10945.96,0.0,41385.25,18.876809
2019-03-25,20,536487.551627,434087.707356,102399.84427,0.0,0.0,0.0,9642.95,0.0,39597.11,13.548654
2019-03-25,21,513778.660736,434435.417356,79343.24338,0.0,0.0,0.0,8577.05,0.0,36638.56,14.022894
2019-03-25,22,319389.812672,245303.011927,74086.800745,0.0,0.0,0.0,7441.92,0.0,33326.64,9.583619
2019-03-25,23,213309.60078,142973.434138,70336.166642,0.0,0.0,0.0,7091.24,0.0,31061.73,6.86728
2019-03-26,0,200485.143032,136578.866241,63906.276791,0.0,0.0,0.0,6606.91,0.0,29561.36,6.782
2019-03-26,1,179139.671751,111152.078388,67987.593362,0.0,0.0,83.087,6384.4,0.0,28672.17,6.247859
2019-03-26,2,177032.399591,111152.078388,65880.321202,0.0,0.0,0.0,6285.46,0.0,28377.25,6.238533
2019-03-26,3,178205.476109,111152.078388,67053.397721,0.0,0.0,0.0,6686.54,0.0,28843.07,6.17845
2019-03-26,4,226998.202984,160056.247546,66941.955437,0.0,0.0,0.0,7111.75,0.0,30585.59,7.421737
2019-03-26,5,337619.712476,241775.387753,95844.324723,0.0,0.0,0.0,6186.27,0.0,33854.9,9.972551
2019-03-26,6,360078.852197,241768.807753,118310.044444,0.0,0.0,0.0,5756.43,0.0,35243.38,10.216922
2019-03-26,7,356261.81677,241768.807753,114493.009017,0.0,0.0,0.0,5882.49,0.0,35073.83,10.157483
2019-03-26,8,357946.210765,241768.807753,116177.403012,0.0,0.0,0.0,6047.69,0.0,35327.87,10.13212
2019-03-26,9,345472.743339,241768.807753,103703.935586,0.0,0.0,0.0,7360.94,0.0,35639.98,9.693405
2019-03-26,10,484313.782123,400245.401298,84068.380825,0.0,0.0,0.0,9402.98,0.0,36083.84,13.421902
2019-03-26,11,579882.49592,484838.580962,95043.914958,0.0,0.0,0.0,11239.25,0.0,36390.31,15.93508
2019-03-26,12,605416.956685,450789.557858,154627.398827,0.0,319.245562,0.0,13095.44,0.0,36971.49,16.375238
2019-03-26,13,820117.521827,662481.211881,157636.309946,0.0,1598.074092,0.0,15709.41,0.0,37641.98,21.787311
2019-03-26,14,794815.43132,635707.780818,159107.650502,0.0,1643.975091,0.0,16218.36,0.0,38319.73,20.741676
2019-03-26,15,798336.448263,630586.596502,167749.851761,0.0,1717.354652,0.0,16423.01,0.0,39171.13,20.380736
2019-03-26,16,783325.17754,616245.744647,167079.432893,0.0,1313.818967,24.149967,16217.53,0.0,39482.21,19.839953
2019-03-26,17,786575.548438,621405.517912,165170.030526,0.0,1333.946095,0.0,15496.27,0.0,39062.12,20.13653
2019-03-26,18,768517.720366,626744.613669,141773.106697,0.0,1227.765552,0.0,14573.17,0.0,38675.65,19.870842
2019-03-26,19,748655.583583,596780.591896,151874.991687,0.0,1132.183939,0.0,13229.07,0.0,39336.2,19.032229
2019-03-26,20,711410.862143,575236.008513,136174.85363,0.0,1009.704734,0.0,13438.29,0.0,37829.6,18.805667
2019-03-26,21,666600.93637,552966.937701,113633.998669,0.0,822.390551,0.0,13453.19,0.0,35196.36,18.939485
2019-03-26,22,501233.711585,396411.083413,104822.628172,0.0,305.231962,0.0,12255.48,0.0,32631.15,15.36059
2019-03-26,23,474966.250174,382146.167995,92820.082179,0.0,359.185791,0.0,12164.71,0.0,30543.41,15.550531
2019-03-27,0,510354.034254,433781.666119,76572.368136,0.0,422.089809,0.0,12020.5,0.0,29352.35,17.387161
2019-03-27,1,364020.007686,274069.390519,89950.617166,0.0,452.482117,0.0,11932.95,0.0,28714.88,12.677051
2019-03-27,2,374465.617853,282434.010119,92031.607734,0.0,218.322527,0.0,10903.49,0.0,28521.72,13.129139
2019-03-27,3,373760.82741,313340.93983,60419.88758,0.0,0.0,0.0,9451.93,0.0,29063.5,12.860145
2019-03-27,4,351116.343771,281181.46471,69934.879061,0.0,0.0,0.0,7774.81,0.0,31125.67,11.280604
2019-03-27,5,357538.765005,253792.67066,103746.094345,0.0,0.0,0.0,7637.04,0.0,34653.25,10.317611
2019-03-27,6,375721.881516,270229.032577,105492.848939,0.0,0.0,0.0,7527.13,0.0,35845.74,10.481633
2019-03-27,7,481014.873091,389449.223792,91565.649298,0.0,0.0,0.0,7412.42,0.0,35585.38,13.517205
2019-03-27,8,510249.321814,380250.43186,129998.889954,0.0,44.575694,0.0,10882.45,0.0,35959.58,14.189524
2019-03-27,9,468030.936453,348164.228971,119866.707481,0.0,1371.958873,0.0,14800.34,0.0,36428.73,12.847852
2019-03-27,10,635905.952493,522368.472157,113537.480336,0.0,753.015092,0.0,15913.7,0.0,36662.48,17.34487
2019-03-27,11,644114.767682,506268.902908,137845.864773,0.0,1824.416776,0.0,17513.17,0.0,36862.67,17.473362
2019-03-27,12,651022.362613,507560.933056,143461.429557,0.0,2785.299418,0.0,18637.73,0.0,37304.76,17.451456
2019-03-27,13,640148.670689,508880.991036,131267.679653,0.0,2442.915866,0.0,18967.75,0.0,37920.38,16.881389
2019-03-27,14,648078.952027,512333.690556,135745.261472,0.0,3079.67386,0.0,19443.47,0.0,38483.93,16.840249
2019-03-27,15,659536.360046,512330.400556,147205.959491,0.0,2917.567832,0.0,19185.57,0.0,39130.3,16.854876
2019-03-27,16,662927.499714,513506.72601,149420.773704,0.0,1969.040862,0.0,18102.23,0.0,39370.68,16.838101
2019-03-27,17,665697.953059,515753.105214,149944.847845,0.0,1922.128732,0.0,17195.06,0.0,38906.9,17.110023
2019-03-27,18,651302.972734,523408.582705,127894.390029,0.0,1396.748981,0.0,15723.42,0.0,38501.69,16.916218
2019-03-27,19,635315.343927,496904.581648,138410.762279,0.0,1107.231855,0.0,13911.54,0.0,39270.64,16.177871
2019-03-27,20,601017.102296,477382.192858,123634.909439,0.0,1214.537857,0.0,14602.66,0.0,38013.73,15.810527
2019-03-27,21,549193.652552,455638.90634,93554.746211,0.0,1678.313878,0.0,16637.68,0.0,35314.06,15.5517
2019-03-27,22,362878.299599,280719.022713,82159.276886,0.0,1729.557791,0.0,17853.69,0.0,32506.62,11.163212
2019-03-27,23,332648.068899,265893.847809,66754.221091,0.0,1756.878264,0.0,17841.93,0.0,30349.86,10.960448
2019-03-28,0,318371.256702,255242.959618,63128.297084,0.0,1765.810351,54.439369,17514.38,0.0,29140.28,10.92547
2019-03-28,1,319596.974373,253472.082349,66124.892024,0.0,1709.759569,118.716569,16979.27,0.0,28501.57,11.213311
2019-03-28,2,319150.342416,255246.249618,63904.092798,0.0,1705.07368,64.07468,16445.34,0.0,28221.21,11.308882
2019-03-28,3,334094.485465,264134.257135,69960.228331,0.0,1313.598823,0.0,15619.61,0.0,28783.66,11.607088
2019-03-28,4,368542.543434,286358.663255,82183.880179,0.0,902.520618,0.0,14790.2,0.0,30659.27,12.020591
2019-03-28,5,404146.249111,299092.922053,105053.327058,0.0,778.399398,0.0,14543.88,0.0,33863.7,11.934498
2019-03-28,6,420857.084599,299083.052053,121774.032546,0.0,621.462193,106.161193,14107.39,0.0,35429.99,11.878555
2019-03-28,7,438976.056107,318039.634196,120936.421911,0.0,360.659262,0.0,13360.55,0.0,35325.96,12.426444
2019-03-28,8,445166.499975,318029.764196,127136.735779,0.0,836.804142,0.0,13540.68,0.0,35889.45,12.403826
2019-03-28,9,455338.058804,333494.543171,121843.515634,0.0,1583.83486,0.0,14833.8,0.0,36294.19,12.545756
2019-03-28,10,585154.757325,471662.29661,113492.460715,0.0,643.710159,0.0,15012.1,0.0,36626.52,15.976259
2019-03-28,11,624578.768673,489747.767963,134831.00071,0.0,1567.50301,0.0,16191.16,0.0,36983.96,16.887828
2019-03-28,12,633202.479925,504787.125884,128415.354041,0.0,1785.385001,0.0,16940.11,0.0,37688.44,16.800973
2019-03-28,13,641296.727596,496844.174539,144452.553057,0.0,1033.761827,0.0,17097.49,0.0,38197.73,16.78887
2019-03-28,14,648555.582684,498548.145319,150007.437365,0.0,1495.593333,0.0,17302.43,0.0,38729.59,16.745738
2019-03-28,15,649120.184216,512600.79768,136519.386536,0.0,1307.108502,0.0,16857.62,0.0,39323.81,16.507052
2019-03-28,16,629224.849588,501811.811456,127413.038132,0.0,799.261828,0.0,15611.4,0.0,39378.23,15.979003
2019-03-28,17,609082.781475,471735.421049,137347.360426,0.0,1310.489334,0.0,14863.59,0.0,38776.57,15.707495
2019-03-28,18,617989.690956,484106.775049,133882.915907,0.0,1021.292206,0.0,13933.06,0.0,38596.67,16.011477
2019-03-28,19,633312.073019,484100.195049,149211.87797,0.0,776.94651,0.0,13153.58,0.0,39438.95,16.058036
2019-03-28,20,614324.884628,484100.195049,130224.689579,0.0,797.801401,0.0,13833.46,0.0,38315.49,16.03333
2019-03-28,21,566232.889981,462033.474238,104199.415743,0.0,1056.786432,0.0,15624.53,0.0,35947.85,15.751509
2019-03-28,22,376364.933208,288006.129132,88358.804076,0.0,1014.044708,0.0,16644.92,0.0,33084.74,11.375786
2019-03-28,23,348511.039951,271224.176735,77286.863215,0.0,1032.866739,0.0,16676.06,0.0,31042.83,11.226781
2019-03-29,0,336028.919684,271224.176735,64804.742949,0.0,1041.098636,0.0,16424.36,0.0,29737.03,11.300016
2019-03-29,1,332792.982707,268117.519534,64675.463172,0.0,956.788456,0.0,16047.53,0.0,28943.91,11.497859
2019-03-29,2,330669.637617,268117.519534,62552.118082,0.0,874.289535,0.0,15494.84,0.0,28711.77,11.516867
2019-03-29,3,341287.247635,268117.519534,73169.728101,0.0,760.967888,0.0,14924.97,0.0,29196.59,11.689285
2019-03-29,4,404560.485241,329026.642093,75533.843148,0.0,375.090279,0.0,14110.94,0.0,30876.41,13.102575
2019-03-29,5,405181.675663,354196.054401,50985.621262,0.0,0.0,0.0,13265.0,0.0,34125.23,11.873376
2019-03-29,6,314398.14426,237126.01732,77272.126941,0.0,0.0,0.0,12217.47,0.0,35754.98,8.793129
2019-03-29,7,465170.375499,384660.216408,80510.159091,0.0,0.0,0.0,10892.09,0.0,35823.85,12.984935
2019-03-29,8,569708.621372,503251.170488,66457.450884,0.0,0.0,0.0,12410.15,0.0,36527.97,15.596504
2019-03-29,9,615794.195347,515092.153319,100702.042028,0.0,768.051499,0.0,14109.35,0.0,37344.43,16.489586
2019-03-29,10,792459.449138,722497.339403,69962.109735,0.0,0.0,0.0,14487.64,0.0,37809.42,20.959312
2019-03-29,11,881142.892196,768871.670658,112271.221538,0.0,898.669458,0.0,16078.69,0.0,38163.2,23.08881
2019-03-29,12,871756.046669,749993.982743,121762.063926,0.0,2032.502014,0.0,17715.54,0.0,38786.31,22.47587
2019-03-29,13,867906.875212,749993.982743,117912.892469,0.0,1789.430499,0.0,18328.83,0.0,39264.94,22.103864
2019-03-29,14,870598.040875,749993.982743,120604.058132,0.0,1722.63977,0.0,18062.43,0.0,39506.81,22.036657
2019-03-29,15,926385.727597,805553.363104,120832.364494,0.0,1396.901284,0.0,16197.3,0.0,39766.27,23.295766
2019-03-29,16,897445.639663,765652.560495,131793.079167,0.0,945.901475,0.0,14145.45,0.0,39677.95,22.618246
2019-03-29,17,875541.360607,737436.632642,138104.727965,0.0,322.539496,0.0,12810.96,0.0,39091.41,22.397283
2019-03-29,18,790856.156374,721215.201127,69640.955248,0.0,0.0,0.0,11325.94,0.0,38574.53,20.50203
2019-03-29,19,628650.469988,532911.577755,95738.892233,0.0,0.0,0.0,9712.14,0.0,38882.2,16.168079
2019-03-29,20,607031.132844,510921.253906,96109.878938,0.0,0.0,0.0,9369.77,0.0,37889.37,16.021146
2019-03-29,21,681003.691881,630144.735121,50858.95676,0.0,0.0,0.0,11908.61,0.0,36251.12,18.785728
2019-03-29,22,519431.947916,441731.885225,77700.062692,0.0,302.150698,0.0,15246.79,0.0,34048.43,15.25568
2019-03-29,23,452101.436919,382135.402812,69966.034107,0.0,529.922868,0.0,15761.4,0.0,31902.64,14.171286
2019-03-30,0,436622.945159,373172.813444,63450.131716,0.0,1529.482423,0.0,16557.69,0.0,30330.03,14.395731
2019-03-30,1,290534.262277,217070.658032,73463.604245,0.0,1609.853561,0.0,16267.02,0.0,29324.99,9.907395
2019-03-30,2,303352.282462,235562.615124,67789.667338,0.0,5.793573,0.0,13585.67,0.0,28894.27,10.4987
2019-03-30,3,278206.619225,241387.759747,36818.859478,0.0,0.0,0.0,12086.48,0.0,28833.43,9.648752
2019-03-30,4,210841.642087,173161.149863,37680.492225,0.0,0.0,0.0,11569.91,0.0,29270.23,7.203279
2019-03-30,5,363857.706754,291923.436454,71934.2703,0.0,0.0,0.0,7629.02,0.0,30503.66,11.928329
2019-03-30,6,404756.376043,293931.496985,110824.879058,0.0,1070.899406,0.0,10442.64,0.0,31727.93,12.7571
2019-03-30,7,386474.689499,316530.945926,69943.743573,0.0,0.0,0.0,9163.57,0.0,33218.8,11.634216
2019-03-30,8,295345.648787,197274.564711,98071.084076,0.0,0.0,0.0,8637.17,0.0,34980.33,8.443192
2019-03-30,9,346752.092458,256172.107802,90579.984656,0.0,0.0,0.0,9154.47,0.0,36317.32,9.547844
2019-03-30,10,549014.104715,459613.417562,89400.687153,0.0,0.0,0.0,8161.05,0.0,37074.45,14.808422
2019-03-30,11,604678.128789,441079.052152,163599.076637,0.0,376.210827,0.0,9679.22,0.0,37201.08,16.254317
2019-03-30,12,697427.038982,554177.364947,143249.674035,0.0,1125.659901,0.0,11955.91,0.0,37074.6,18.811451
2019-03-30,13,708471.803442,554168.004947,154303.798495,0.0,1799.812552,0.0,12410.46,0.0,36965.59,19.165711
2019-03-30,14,677691.765979,517640.604486,160051.161493,0.0,3025.842037,0.0,15240.0,0.0,36652.1,18.489848
2019-03-30,15,668151.14686,517640.604486,150510.542374,0.0,3023.292876,0.0,15455.28,0.0,36088.14,18.514425
2019-03-30,16,674338.082203,517640.604486,156697.477718,0.0,2034.122062,0.0,13507.61,0.0,35663.76,18.908216
2019-03-30,17,660742.519757,519576.653963,141165.865794,0.0,2136.03697,0.0,14663.62,0.0,35424.68,18.652039
2019-03-30,18,644447.816705,512958.764584,131489.052121,0.0,1439.390106,0.0,14006.25,0.0,36083.16,17.860071
2019-03-30,19,618794.209638,488677.539414,130116.670224,0.0,1066.643719,0.0,13127.01,0.0,36912.72,16.763712
2019-03-30,20,578166.288802,460418.24384,117748.044963,0.0,1101.647577,0.0,14464.19,0.0,36322.13,15.917742
2019-03-30,21,545527.976171,447016.997016,98510.979156,0.0,1514.551483,0.0,16536.99,0.0,35085.7,15.548442
2019-03-30,22,411843.955044,303243.810287,108600.144757,0.0,1458.697002,0.0,14389.02,0.0,33543.14,12.278038
2019-03-30,23,407289.361192,303243.810287,104045.550905,0.0,484.352139,0.0,13065.28,0.0,32246.35,12.630557
2019-03-31,0,395594.576188,349265.716934,46328.859254,0.0,0.0,0.0,10655.92,0.0,31311.72,12.634074
2019-03-31,1,199987.871945,130183.084586,69804.787359,0.0,0.0,0.261,8195.0,0.0,30902.71,6.471532
2019-03-31,2,191641.966211,117633.132363,74008.833848,0.0,0.0,90.401,8669.88,0.0,30832.71,6.215541
2019-03-31,3,201055.104397,128556.754553,72498.349844,0.0,0.0,0.0,9539.42,0.0,31209.95,6.442019
2019-03-31,4,212789.233635,125321.622157,87467.611478,0.406206,0.0,0.0,10388.45,0.0,31933.91,6.663426
2019-03-31,5,295682.232946,215502.328168,80179.904777,0.0,0.0,254.229,10040.55,0.0,33369.49,8.860856
2019-03-31,6,330602.642951,231984.463176,98618.179775,0.0,0.0,0.0,9499.9,0.0,35242.21,9.380871
2019-03-31,7,381339.08419,252189.989775,129149.094415,0.0,0.0,0.0,8644.91,0.0,37116.85,10.274015
2019-03-31,8,393256.570351,252183.409775,141073.160576,0.0,0.0,0.0,8976.59,0.0,38572.06,10.195374
2019-03-31,9,386291.311365,252183.409775,134107.90159,0.0,0.0,0.0,10824.93,0.0,39045.53,9.893356
2019-03-31,10,559793.97569,463921.957809,95872.017882,0.0,0.0,0.0,13313.54,0.0,38789.07,14.431745
2019-03-31,11,586788.359367,433824.873075,152963.486292,0.0,205.483533,0.0,14216.91,0.0,38079.5,15.409561
2019-03-31,12,562121.682727,427373.994892,134747.687835,0.0,815.898198,0.0,14856.46,0.0,37010.26,15.188266
2019-03-31,13,654059.157371,527179.486024,126879.671346,0.0,1201.053229,0.0,14813.67,0.0,36119.64,18.108131
2019-03-31,14,643417.663337,508082.821034,135334.842303,0.0,1608.122521,0.0,16168.86,0.0,35329.52,18.211899
2019-03-31,15,630133.571525,496618.45782,133515.113705,0.0,2021.826963,0.0,16548.31,0.0,34996.37,18.005684
2019-03-31,16,639863.688516,506026.19437,133837.494146,0.0,1344.959609,0.0,15934.51,0.0,35076.7,18.241844
2019-03-31,17,655595.895125,517126.914745,138468.98038,0.0,1199.485751,0.0,15293.56,0.0,35479.33,18.478249
2019-03-31,18,659388.043132,529075.702074,130312.341058,0.0,602.493132,0.0,14280.1,0.0,36591.94,18.020035
2019-03-31,19,658718.161728,520716.922767,138001.238961,0.0,606.278778,0.0,12884.41,0.0,38831.05,16.963697
2019-03-31,20,631178.344193,528590.628249,102587.715944,0.0,0.0,0.0,10549.8,0.0,38746.23,16.290058
2019-03-31,21,536045.262459,431340.76156,104704.500899,0.0,0.0,0.0,7090.32,0.0,37142.51,14.432123
2019-03-31,22,410764.958176,290269.049896,120495.908281,0.0,0.0,0.0,4073.4,0.0,35231.09,11.659161
2019-03-31,23,401099.455476,290269.049896,110830.405581,0.0,0.0,0.0,3564.1,0.0,33933.51,11.820158
