Datetime,Abilene 2 345_LMP,Abilene 5 345_LMP,Adrian 1 345_LMP,Agua Dulce 345_LMP,Allen 1 345_LMP,Alpine 2 345_LMP,Alto 345_LMP,Art 345_LMP,Austin 17 345_LMP,Austin 22 345_LMP,Austin 27 345_LMP,Bastrop 2 345_LMP,Bayside 1 345_LMP,Bayside 3 345_LMP,Blue Ridge 345_LMP,Blum 345_LMP,Brenham 345_LMP,Brownsville 1 345_LMP,Brownsville 2 345_LMP,Bryan 1 345_LMP,Bryan 5 345_LMP,Burnet 345_LMP,Calliham 345_LMP,Camp Wood 345_LMP,Campbellton 345_LMP,Canyon Lake 1 345_LMP,Carlsbad 345_LMP,Castell 345_LMP,Cedar Creek 2 345_LMP,Centerville 345_LMP,Conroe 4 345_LMP,Conroe 7 345_LMP,Coppell 345_LMP,Corpus Christi 11 345_LMP,Crane 2 345_LMP,Dale 345_LMP,Dallas 10 345_LMP,Dallas 3 345_LMP,Dallas 8 345_LMP,Del Valle 345_LMP,Dilley 1 345_LMP,East Bernard 1 345_LMP,Eastland 345_LMP,Eden 345_LMP,Edinburg 1 345_LMP,Electra 345_LMP,Feeeport 345_LMP,Fischer 345_LMP,Fort Worth 10 345_LMP,Fort Worth 12 345_LMP,Fort Worth 15 345_LMP,Fort Worth 16 345_LMP,Frost 345_LMP,Glen Rose 2 345_LMP,Gordon 345_LMP,Houston 11 345_LMP,Houston 12 345_LMP,Houston 20 345_LMP,Houston 45 345_LMP,Houston 46 345_LMP,Houston 48 345_LMP,Katy 2 345_LMP,Kennedale 2 345_LMP,Knox City 345_LMP,Laredo 5 345_LMP,Lopeno 345_LMP,Los Fresnos 1 345_LMP,Loving 345_LMP,Lytle 345_LMP,Mccamey 345_LMP,Melvin 345_LMP,Merkel 2 345_LMP,Mexia 345_LMP,Meyersville 345_LMP,Mission 3 345_LMP,Monahans 2 345_LMP,Montgomery 2 345_LMP,Mount Enterprise 345_LMP,New Braunfels 2 345_LMP,New Caney 345_LMP,North Richland Hills 1 345_LMP,O'Donnell 345_LMP,Odessa 8 345_LMP,Odonnell 345_LMP,Panhandle 3 345_LMP,Pasadena 4 345_LMP,Plano 2 345_LMP,Prosper 345_LMP,Raymondville 345_LMP,Reagan 345_LMP,Richards 2 345_LMP,Rockdale 2 345_LMP,Roscoe 2 345_LMP,Rosharon 345_LMP,Rowlett 1 345_LMP,Rule 2 345_LMP,San Angelo 3 345_LMP,San Antonio 14 345_LMP,San Antonio 2 345_LMP,San Antonio 25 345_LMP,San Antonio 29 345_LMP,San Antonio 33 345_LMP,San Perlita 345_LMP,Sarita 1 345_LMP,Snyder 2 345_LMP,Spring 3 345_LMP,Sullivan City 345_LMP,Taft 2 345_LMP,Tarpley 345_LMP,Tell 345_LMP,Tennessee Colony 345_LMP,Texas City 2 345_LMP,Throckmorton 345_LMP,Tomball 1 345_LMP,Trent 2 345_LMP,Tyler 8 345_LMP,Waco 2 345_LMP,Wadsworth 2 345_LMP,Weatherford 2 345_LMP,Weatherford 3 345_LMP,Weatherford 4 345_LMP,Wheeler 345_LMP,Whitesboro 345_LMP
2019-01-01 00:00:00,-281.36497,-294.581405,-570.196327,16.133195,17.133377,49.869191,-2.115994,32.55872,24.121728,24.121728,18.964333,12.853616,15.681941,16.133195,19.44578,8.526253,7.988579,17.229179,17.216465,6.060184,6.060184,27.992866,20.010329,38.868497,20.144968,25.709036,50.085757,31.741589,22.373002,-0.876824,2.309758,3.759306,23.374244,16.984863,49.66197,22.827555,19.634755,22.15553,8.506659,22.827555,23.792059,7.831746,-146.135303,43.140505,17.269076,32.427557,5.651677,25.452673,2.469701,4.622115,6.046044,9.688686,3.865356,8.564967,-6.384198,5.651677,6.240288,5.780098,6.375705,6.124616,5.333151,6.598383,13.759269,-1000.0,23.792059,18.231629,17.216465,94.277001,22.10398,49.869191,40.228573,-314.330556,-13.796525,11.233167,17.596716,49.869191,3.459349,-2.115994,25.797514,4.050697,32.722108,-570.196327,49.66197,-552.466298,-1000.0,5.220208,23.67989,20.202869,17.216465,6.060184,3.379403,10.197521,-392.360127,5.651677,16.291842,-904.033912,46.232382,23.522453,23.817036,27.359998,26.810497,26.33543,17.229179,17.11815,-429.84393,3.528768,17.596716,16.963042,32.804908,-1000.0,-9.789938,5.333151,242.36312,3.824661,-314.330556,-9.789938,-51.46379,6.124616,11.421168,7.143879,32.722108,-1000.0,19.880799
2019-01-01 01:00:00,-273.461181,-285.280942,-563.816522,12.44408,17.050894,16.155361,10.436496,14.251045,13.322895,13.322895,12.755532,12.083295,12.394438,12.44408,19.44578,3.005566,11.548095,12.564649,12.56325,11.335953,11.335953,13.748757,12.870602,14.94518,12.885414,13.497514,16.179186,14.161152,13.130519,10.572816,10.923371,11.082835,24.401753,12.537772,16.132565,13.180524,20.968158,25.044285,7.052132,13.180524,13.286628,11.530842,-139.931107,15.415142,12.569038,32.427557,11.291013,13.469312,4.037636,5.513177,6.341018,9.688686,43.904739,6.267654,-2.75865,11.291013,11.355766,11.305141,11.370664,11.343041,11.255973,11.39516,13.759269,-1000.0,13.286628,12.674928,12.56325,97.478066,13.100924,16.155361,15.094801,-302.943061,9.151526,11.905031,12.605082,16.155361,11.049837,10.436496,13.507247,11.11489,35.181756,-563.816522,16.132565,-545.823316,-1000.0,11.243548,24.697251,20.246076,12.56325,11.335953,11.041042,11.7911,-383.340604,11.291013,16.06379,-902.609436,15.755278,13.256969,13.289376,13.679136,13.618685,13.566423,12.564649,12.552435,-421.380799,11.057473,12.605082,12.535371,14.278128,-1000.0,9.592289,11.255973,247.863393,11.090024,-302.943061,9.592289,-33.281502,11.343041,13.667623,9.066117,35.181756,-1000.0,19.905625
2019-01-01 02:00:00,-273.120921,-284.742272,-563.393664,13.762991,17.103998,13.455933,13.929091,13.613489,13.690281,13.690281,13.737222,13.792841,13.767098,13.762991,19.44578,2.455446,13.837121,13.753015,13.753131,13.854673,13.854673,13.655046,13.727702,13.556059,13.726476,13.675833,13.453961,13.620926,13.706197,13.917813,13.888809,13.875615,22.792571,13.755239,13.457819,13.70206,22.37367,26.893574,5.541687,13.70206,13.693281,13.838549,-139.949803,13.517176,13.752652,32.427557,13.858391,13.678167,3.038236,4.466372,5.300993,8.349699,51.725204,5.635107,-3.44257,13.858391,13.853034,13.857223,13.851801,13.854087,13.861291,13.849775,13.759269,-1000.0,13.693281,13.743891,13.753131,96.639821,13.708646,13.455933,13.543679,-302.107908,14.035405,13.80759,13.74967,13.455933,13.878346,13.929091,13.675028,13.872963,34.178599,-563.393664,13.457819,-545.383015,-1000.0,13.862319,23.046206,20.255504,13.753131,13.854673,13.879073,13.817016,-382.742784,13.858391,15.944964,-902.515021,13.489034,13.695735,13.693054,13.660807,13.665808,13.670132,13.753015,13.754026,-420.819856,13.877714,13.74967,13.755438,13.611248,-1000.0,13.998938,13.861291,247.183844,13.875021,-302.107908,13.998938,-29.793031,13.854087,12.723337,8.095495,34.178599,-1000.0,19.911043
2019-01-01 03:00:00,-275.698631,-287.811467,-565.512909,13.42579,17.11053,23.620081,7.911279,18.38923,15.839753,15.839753,14.281299,12.434772,13.289431,13.42579,19.44578,4.387698,10.964663,13.756973,13.753131,10.381944,10.381944,17.009527,14.597377,20.295908,14.638062,16.319403,23.685522,18.14231,15.311325,8.28573,9.248646,9.686668,23.053412,13.683146,23.557463,15.448681,21.446289,25.317277,6.545119,15.448681,15.740134,10.917272,-141.898856,21.586817,13.769029,32.427557,10.258502,16.241935,2.907415,4.565333,5.584712,8.834487,-30.814123,6.585221,-4.334091,10.258502,10.436367,10.297308,10.477287,10.401414,10.16225,10.544576,13.759269,-1000.0,15.740134,14.059892,13.753131,95.942495,15.230033,23.620081,20.706894,-305.911523,4.381675,11.945108,13.868035,23.620081,9.596027,7.911279,16.346139,9.77472,33.770715,-565.512909,23.557463,-547.589682,-1000.0,10.128121,23.325419,20.238562,13.753131,10.381944,9.571869,11.632158,-385.738891,10.258502,16.059457,-902.988204,22.521116,15.658665,15.747681,16.818288,16.652241,16.508686,13.756973,13.723422,-423.631141,9.617004,13.868035,13.676552,18.463623,-1000.0,5.592379,10.16225,245.714629,9.706417,-305.911523,5.592379,-37.253798,10.401414,12.359986,7.843254,33.770715,-1000.0,19.901308
2019-01-01 04:00:00,-276.674623,-288.950912,-566.291053,15.149416,17.116482,19.338156,5.101904,12.137963,9.630574,9.630574,9.112691,8.49908,14.871642,15.149416,19.44578,5.120117,8.20933,15.824061,15.816234,7.510702,7.510702,10.781037,17.536028,15.166529,18.500505,9.349535,19.425602,11.662278,9.454975,5.337444,6.776346,7.476658,23.052191,15.67367,19.254483,9.500619,21.169876,24.811937,6.844922,9.500619,14.143107,9.832718,-142.683606,16.547365,15.84862,32.427557,8.479067,9.394925,2.78924,4.535573,5.628974,8.939307,-27.419606,6.921476,-4.734658,8.479067,8.778977,8.5445,8.847975,8.72004,8.324776,8.998576,13.759269,-1000.0,14.143107,16.44113,15.816234,95.614146,21.232672,19.338156,15.33397,-307.295214,0.174007,12.133151,16.050302,19.338156,7.031795,5.101904,9.625421,7.703568,33.54361,-566.291053,19.254483,-548.399926,-1000.0,8.270068,23.328785,20.232479,15.816234,7.510702,6.889023,8.112644,-386.839001,8.479067,16.097066,-903.161947,17.869659,23.210969,23.621814,10.941996,9.73521,8.691893,15.824061,15.755716,-424.663388,7.32679,16.050302,15.660238,12.94071,-1000.0,1.864345,8.324776,245.097104,7.473482,-307.295214,1.864345,-40.487209,8.72004,12.153372,7.678899,33.54361,-1000.0,19.897813
2019-01-01 05:00:00,-276.885504,-289.199325,-566.461559,15.108355,20.244034,19.463847,4.448659,11.839285,9.19227,9.19227,8.65711,8.023028,14.813476,15.108355,22.429737,9.280736,7.730315,15.824543,15.816234,6.991352,6.991352,10.406798,17.641929,15.049639,18.670646,8.887006,19.556426,11.334459,9.010813,4.695803,6.220435,6.962815,22.07632,15.664891,19.375263,9.05798,26.906766,30.906519,7.052086,9.05798,14.008613,9.463128,-142.848585,16.508636,15.850614,32.427557,8.026057,8.936308,2.873823,4.807471,6.175327,8.939307,-22.651584,9.514332,-4.837339,8.026057,8.344092,8.095444,8.41726,8.281592,7.862495,8.577208,16.826656,-1000.0,14.008613,16.47961,15.816234,95.678159,21.57945,19.463847,15.223708,-307.599711,-0.770247,11.906354,16.064716,19.463847,6.489127,4.448659,9.181098,7.20396,33.347426,-566.461559,19.375263,-548.577466,-1000.0,7.804499,22.265577,23.222029,15.816234,6.991352,6.337048,7.619664,-387.080056,8.026057,18.901662,-903.200017,17.909159,23.685645,24.123052,10.580697,9.294822,8.183129,15.824543,15.751989,-424.889573,6.803675,16.064716,15.650632,12.695046,-1000.0,1.019911,7.862495,245.050145,6.959204,-307.599711,1.019911,-41.20966,8.281592,12.106691,7.69494,33.347426,-1000.0,22.884984
2019-01-01 06:00:00,-276.923171,-289.499885,-566.766586,14.93223,20.230853,24.087375,1.354485,13.791217,9.883508,9.883508,8.619664,7.122203,14.563983,14.93223,22.429737,39.266979,6.15033,15.82661,15.816234,5.118029,5.118029,11.676479,18.096175,17.992089,19.18323,9.784304,24.213269,13.154664,9.454975,1.781305,3.802426,4.772547,22.801196,15.627235,23.966914,9.566365,68.240934,74.815793,5.439667,9.566365,14.841203,7.928752,-142.348594,20.094028,15.859168,32.427557,6.136747,9.800327,5.008642,8.003763,11.118266,9.688686,11.351436,28.377235,-3.561611,6.136747,6.547902,6.226451,6.642493,6.467103,5.923124,6.839205,37.840607,-1000.0,14.841203,16.644662,15.816234,96.879248,22.473646,24.087375,18.359598,-308.293107,-5.669997,10.933548,16.12654,24.087375,4.239331,1.354485,10.101937,5.063033,34.681546,-566.766586,23.966914,-548.895075,-1000.0,5.847378,22.961538,23.24994,15.816234,5.118029,4.070386,6.338612,-387.511291,6.136747,18.715399,-903.268123,21.973232,24.856156,25.350946,11.770242,10.359118,9.139141,15.82661,15.736004,-425.294206,4.575595,16.12654,15.609429,14.713928,-1000.0,-3.2605,5.923124,246.234572,4.777767,-308.293107,-3.2605,-44.572495,6.467103,13.809035,9.603934,34.681546,-1000.0,22.901021
2019-01-01 07:00:00,-269.820055,-282.149212,-562.113003,14.154352,19.730605,17.242829,4.718933,10.618178,8.389125,8.389125,8.039179,7.624547,13.891777,14.154352,22.429737,6.500935,7.492782,14.792081,14.784683,6.858044,6.858044,9.41188,16.410373,13.436076,17.368398,8.057358,17.32308,10.169956,8.270469,4.913882,6.246588,6.898494,35.805909,14.649919,17.16604,8.301312,17.74495,20.296476,16.869855,8.301312,12.902511,9.117713,-134.690444,14.675737,14.815296,32.427557,7.837517,8.110941,12.597683,14.033827,14.589073,19.283966,-24.391902,11.477082,5.076858,7.837517,8.117737,7.898654,8.182205,8.062669,7.693864,8.325276,16.826656,-1000.0,12.902511,15.375385,14.784683,106.17381,20.031264,17.242829,13.559164,-300.572513,0.179543,11.30313,15.005943,17.242829,6.4643,4.718933,8.329783,7.115486,44.21488,-562.113003,17.16604,-544.049525,-1000.0,7.642927,36.305249,23.203713,14.784683,6.858044,6.324424,7.32486,-380.932234,7.837517,19.530952,-902.229076,15.895153,21.959381,22.359805,9.592959,8.406569,7.380885,14.792081,14.727475,-419.120995,6.756409,15.005943,14.637222,11.411217,-1000.0,1.736618,7.693864,257.145551,6.893211,-300.572513,1.736618,-38.208174,8.062669,22.262832,17.644524,44.21488,-1000.0,22.874459
2019-01-01 08:00:00,-264.856896,-277.231972,-559.096007,13.188142,19.456199,17.475722,4.622142,11.221131,8.976984,8.976984,8.419833,7.759695,12.952786,13.188142,22.429737,41.018641,7.393693,13.759762,13.753131,6.779993,6.779993,10.006664,15.210297,13.825317,15.988216,8.794908,17.551857,10.81687,8.78807,4.8452,6.087651,6.689571,43.34832,13.632337,17.402871,8.837175,64.793283,70.188298,19.152626,8.837175,12.590351,8.692557,-128.887082,15.05092,13.780571,32.427557,7.54614,8.824315,20.127128,22.492721,24.693868,25.048653,11.351436,35.184613,12.086328,7.54614,7.803032,7.602188,7.862133,7.752549,7.41355,7.989133,42.77597,-1000.0,12.590351,14.282599,13.753131,113.264527,18.235166,17.475722,13.997026,-295.723889,0.346004,10.632487,13.951455,17.475722,6.324235,4.622142,9.018801,6.879712,51.48448,-559.096007,17.402871,-540.908073,-1000.0,7.366536,43.954755,23.239048,13.753131,6.779993,6.207433,7.376651,-376.666921,7.54614,19.545446,-901.555445,16.197168,19.862128,20.200009,10.118519,9.134711,8.284167,13.759762,13.701854,-415.118799,6.562944,13.951455,13.620956,11.872282,-1000.0,1.81278,7.41355,265.460333,6.688813,-295.723889,1.81278,-36.437296,7.752549,29.608794,25.07816,51.48448,-1000.0,22.894762
2019-01-01 09:00:00,-258.913709,-270.967485,-555.079987,9.339099,19.15777,12.406865,7.136473,10.480203,9.611096,9.611096,9.150659,8.605112,9.282587,9.339099,22.429737,45.376233,8.18465,9.476353,9.474761,7.977242,7.977242,10.009867,9.824645,11.210686,9.903041,9.722064,12.430785,10.379777,9.454975,7.254857,7.617444,7.785576,51.091485,9.445756,12.383977,9.495556,70.462159,76.154735,23.556893,9.495556,9.898941,8.285058,-122.715445,11.658516,9.481349,32.427557,8.011225,9.704142,26.242971,28.417326,30.450975,30.717177,11.892896,40.220416,18.664277,8.011225,8.080582,8.026357,8.096538,8.066952,7.974251,8.125369,47.938796,-1000.0,9.898941,9.601893,9.474761,120.015791,10.254906,12.406865,11.334264,-288.979289,5.831578,8.725453,9.522381,12.406865,7.729849,7.136473,9.7486,7.825387,58.25841,-555.079987,12.383977,-536.726386,-1000.0,7.961141,51.852398,23.248224,9.474761,7.977242,7.713307,8.359628,-370.989227,8.011225,19.769835,-900.658752,12.005173,10.509682,10.562593,9.969037,9.839599,9.727695,9.476353,9.462448,-409.791348,7.75615,9.522381,9.443024,10.556487,-1000.0,6.279175,7.974251,273.69741,7.790731,-288.979289,6.279175,-30.75645,8.066952,36.036452,31.356823,58.25841,-1000.0,22.900035
2019-01-01 10:00:00,-257.573767,-269.531829,-554.149596,7.625418,19.09316,9.049218,6.855226,8.318644,7.962568,7.962568,7.744904,7.487006,7.606373,7.625418,22.429737,46.279714,7.281681,7.671673,7.671137,7.200295,7.200295,8.125946,7.789049,8.584943,7.794732,8.029559,9.058358,8.284158,7.888764,6.907524,7.042011,7.103188,52.760019,7.661362,9.040473,7.907948,71.673405,77.43582,24.497273,7.907948,7.948654,7.275062,-121.3721,8.76524,7.673357,32.427557,7.183054,8.018739,27.562443,29.692639,31.687317,31.934735,11.892896,41.286662,20.091506,7.183054,7.207896,7.188474,7.213611,7.203014,7.169611,7.223009,49.041626,-1000.0,7.948654,7.713981,7.671137,121.484011,7.87741,9.049218,8.642344,-287.400608,6.362259,7.418616,7.687185,9.049218,7.090529,6.855226,8.033293,7.115486,59.724976,-554.149596,9.040473,-535.757616,-1000.0,7.164844,53.554117,23.250411,7.671137,7.200295,7.087155,7.374908,-369.673877,7.183054,19.816988,-900.451016,8.89573,7.937276,7.949708,8.099236,8.076045,8.055995,7.671673,7.666987,-408.557138,7.093459,7.687185,7.660441,8.329034,-1000.0,6.531353,7.169611,275.502749,7.105946,-287.400608,6.531353,-29.994462,7.203014,37.426419,32.713105,59.724976,-1000.0,22.901292
2019-01-01 11:00:00,-227.934947,-239.58605,-535.509925,6.794213,17.10701,-7.615743,11.192741,-0.474013,2.88303,2.88303,4.8156,7.105397,6.996847,6.794213,22.429737,47.874267,9.255441,6.302064,6.307773,9.147242,9.147242,1.342721,5.053195,-3.023179,4.989234,2.340114,-7.70556,-0.121454,3.53831,11.072313,9.543162,8.780579,105.626593,6.411773,-7.529803,3.367981,56.82717,58.85879,60.51295,3.367981,3.377743,10.522779,-87.916886,-4.833414,6.284148,32.427557,7.656007,2.427799,66.07053,66.568458,66.085704,71.58621,12.434357,56.810089,59.655269,7.656007,11.684253,7.583485,11.176962,9.662065,7.824168,11.076916,58.945554,-1000.0,3.377743,5.851916,6.307773,163.066366,4.103481,-7.615743,-3.633779,-256.996145,16.290838,8.994559,6.137022,-7.615743,9.37738,11.192741,2.27551,8.501221,102.518656,-535.509925,-7.529803,-516.349031,-1000.0,7.883795,107.581383,23.209442,6.307773,9.147242,9.571869,7.903717,-343.321828,7.656007,22.038177,-896.289171,-6.107449,3.462129,3.328936,1.797009,2.007921,2.190263,6.302064,6.351921,-383.830682,8.958194,6.137022,6.421572,-0.483522,-1000.0,14.542119,7.824168,323.973883,8.797058,-256.996145,14.542119,-13.369554,9.662065,77.615702,72.099061,102.518656,-1000.0,22.877751
2019-01-01 12:00:00,-222.541278,-234.027892,-532.001457,12.681358,18.88578,-7.22656,12.818625,2.411552,6.825969,6.825969,9.251019,12.124329,12.97026,12.681358,24.44578,53.628721,15.159908,11.979686,11.987827,14.166374,14.166374,4.800505,10.199137,-0.977997,10.104929,6.198261,-7.348211,2.901823,7.648234,16.407193,13.487117,11.906094,113.808849,12.136103,-7.110158,7.4345,62.612254,64.650825,66.300363,7.4345,7.829975,17.997992,-82.053209,-3.465767,11.954143,37.427557,9.904407,6.299641,72.789506,73.205923,72.637837,78.180523,17.434357,62.885594,66.481224,9.904407,20.114888,9.788213,18.930983,15.076678,10.137543,18.788298,64.807298,-1000.0,7.829975,11.337898,11.987827,170.315426,8.836862,-7.22656,-1.848426,-251.192193,16.119014,15.818456,11.744382,-7.22656,13.571818,12.818625,6.084724,11.076198,109.740238,-532.001457,-7.110158,-512.695833,-1000.0,10.220208,115.891793,25.228677,11.987827,14.166374,14.100482,12.922727,-338.36169,9.904407,24.261902,-895.505804,-5.183665,7.918685,7.728002,5.594747,5.864572,6.097847,11.979686,12.05077,-379.176523,12.370058,11.744382,12.150073,2.485045,-1000.0,14.986934,10.137543,332.471555,12.071167,-251.192193,14.986934,-11.823508,15.076678,84.528836,78.91942,109.740238,-1000.0,24.895628
2019-01-01 13:00:00,29.79824,30.612766,30.097633,7.524245,19.093054,-1000.0,10.741402,0.403795,3.333642,3.333642,5.444326,7.94516,7.778775,7.524245,19.44578,23.779408,10.416848,6.906056,6.913227,9.984957,9.984957,1.989342,5.337349,-10.353006,5.30657,2.545277,41.382356,0.614199,4.049315,12.116079,9.964686,8.841461,29.039665,7.043862,-389.590387,3.863287,24.739879,24.957833,25.124199,3.863287,2.911192,12.196087,28.340231,-2.872456,6.883552,27.18912,7.318829,2.672604,27.103017,26.812328,26.526526,26.57079,19.294238,25.051442,27.754856,7.318829,13.792575,7.225846,13.012835,10.573222,7.519773,12.887927,25.042029,28.297535,2.911192,6.340624,6.913227,27.18912,4.27978,-1000.0,-1.970886,31.829901,15.311159,10.288104,6.698747,-1000.0,9.89286,10.741402,2.593183,8.328817,27.707443,30.097633,-389.590387,30.17189,28.297535,7.591024,29.2316,19.449429,6.913227,9.984957,10.22974,8.742679,30.842445,7.318829,19.762329,28.699459,-17.375651,3.536307,3.381905,0.622191,1.394355,2.061923,6.906056,6.968682,30.685455,9.141682,6.698747,7.05617,-4.570403,28.297535,13.743668,7.519773,27.845232,8.918593,31.829901,13.743668,19.019592,10.573222,27.430078,27.273798,27.707443,28.297535,19.447876
2019-01-01 14:00:00,-227.433511,-238.870398,-534.970554,6.283322,13.982888,-1000.0,9.164284,-1.510902,1.947027,1.947027,4.43674,7.386666,6.554779,6.283322,19.44578,47.278273,10.058166,5.624023,5.631671,10.168711,10.168711,0.360428,3.950995,-12.619438,3.916709,1.017608,38.357617,-1.262252,2.791218,13.654197,10.777597,9.257683,106.506863,5.770993,-391.344785,2.571784,56.248331,58.283845,59.934371,2.571784,1.372968,11.266191,-87.782866,-5.379423,5.600022,32.427557,7.635574,1.167717,66.119598,66.555025,66.011231,71.518901,11.351436,56.423439,59.816972,7.635574,12.782524,7.544935,12.1374,10.201361,7.808196,12.004163,58.416708,-1000.0,1.372968,5.020989,5.631671,163.085043,2.819109,-1000.0,-4.31487,-255.960392,10.416442,9.230982,5.402927,-1000.0,10.512541,9.164284,1.073803,8.503212,102.765158,-534.970554,-391.344785,-515.78741,-1000.0,7.869405,108.540869,20.224669,5.631671,10.168711,10.890212,8.474389,-342.559285,7.635574,19.196175,-896.168741,-20.016357,2.024363,1.859314,-1.059315,-0.250743,0.448302,5.624023,5.690814,-383.115179,9.677169,5.402927,5.78412,-6.52865,-1000.0,9.986934,7.808196,324.19028,9.411966,-255.960392,9.986934,-17.533789,10.201361,77.753668,72.194548,102.765158,-1000.0,19.893325
2019-01-01 15:00:00,-236.118012,-248.129183,-540.951278,9.299461,17.542496,-1000.0,9.958102,8.864078,8.934034,8.934034,9.48698,10.142135,9.366612,9.299461,22.429737,42.402589,10.643378,9.136368,9.13826,10.901848,10.901848,8.901936,8.722505,0.179156,8.753743,8.542439,56.880891,8.753798,9.121522,12.116079,11.258004,10.798128,94.257649,9.172724,-380.629601,9.072788,50.463602,52.292832,53.796139,9.072788,7.827024,10.522779,-96.584633,9.41208,9.130431,32.427557,10.437826,8.605685,57.220311,58.000525,57.803103,63.215931,11.351436,50.054519,50.234759,10.437826,10.795044,10.420945,10.734307,10.602204,10.460131,10.701958,52.276873,-1000.0,7.827024,8.987193,9.13826,153.359342,8.550992,-1000.0,9.261279,-266.077321,8.837086,10.028633,9.081675,-1000.0,11.132741,9.958102,8.66718,10.549938,92.724413,-540.951278,-380.629601,-522.014848,-1000.0,10.468041,95.981283,23.200463,9.13826,10.901848,11.225366,10.439168,-351.014603,10.437826,21.679268,-897.50411,-4.173853,8.404184,8.373696,6.982167,7.588687,8.113049,9.136368,9.15289,-391.048909,10.929752,9.081675,9.175971,3.763521,-1000.0,9.221611,10.460131,312.246048,10.860497,-266.077321,9.221611,-21.168842,10.602204,68.334747,63.023925,92.724413,-1000.0,22.872592
2019-01-01 16:00:00,4.766607,4.188592,-19.198379,16.826931,27.190536,7.930658,13.626638,11.900392,13.543188,13.543188,14.2654,15.12111,16.969251,16.826931,27.429737,25.172355,16.573885,16.48127,16.48528,14.883933,14.883933,12.789425,15.604127,10.580887,15.553401,13.443296,7.879889,12.1242,13.78807,14.264451,13.027715,12.307103,28.850977,16.558324,7.979237,13.724417,26.47396,26.769324,27.022877,13.724417,14.465024,19.44705,15.133539,9.48857,16.468687,34.808339,11.061959,13.459429,26.895504,26.930305,26.885456,27.333606,20.824682,26.102324,26.475867,11.061959,21.003127,10.986412,19.907098,16.146416,11.221698,19.836741,26.693725,-56.314327,14.465024,16.165109,16.48528,34.808339,14.921248,7.930658,10.152263,3.324871,16.963707,18.372344,16.365353,7.930658,13.491885,13.626638,13.356712,11.864846,29.621243,-19.198379,7.979237,-17.667292,-56.314327,11.278339,28.896928,27.49702,16.48528,14.883933,13.891238,15.028379,-3.841231,11.061959,27.182165,-48.027119,8.783232,14.463521,14.368462,13.390317,13.479071,13.555802,16.48127,16.516287,-7.078166,12.554608,16.365353,16.565206,12.061117,-56.314327,15.819046,11.221698,47.530535,12.394604,3.324871,15.819046,16.442791,16.146416,27.769652,27.351957,29.621243,-56.314327,27.468398
2019-01-01 17:00:00,-201.752863,-213.376403,-519.305249,8.079533,15.34508,-14.561838,11.33903,-2.859652,2.88539,2.88539,6.437303,5.573537,8.379071,8.079533,22.429737,81.077796,9.823363,7.352029,7.360468,8.866893,8.866893,0.249396,5.505926,-7.143286,5.417727,1.774819,-14.708083,-2.312432,4.089743,11.395038,8.768794,7.421964,152.8996,7.514204,-14.421903,3.776691,87.775743,89.295662,90.436833,3.776691,2.988031,13.589686,-57.860071,-10.015237,7.325545,200.966754,5.37058,1.954186,102.228356,102.408038,101.594391,107.24658,48.62956,90.485383,95.864992,5.37058,15.781483,5.239988,14.556075,10.628705,5.667874,14.408282,90.011122,-1000.0,2.988031,6.686611,7.360468,200.966754,4.119385,-14.561838,-8.046138,-230.745312,19.813729,11.332128,7.108061,-14.561838,8.697945,11.33903,1.724425,6.864846,141.610061,-519.305249,-14.421903,-499.475889,-1000.0,5.773289,155.84398,23.203937,7.360468,8.866893,9.118506,6.861173,-320.412281,5.37058,23.788665,-892.671009,-12.105928,3.179286,2.984051,0.612479,0.989245,1.314975,7.352029,7.425729,-362.334369,7.764138,7.108061,7.528688,-3.056935,-1000.0,16.906787,5.667874,367.960462,7.476784,-230.745312,16.906787,-2.294377,10.628705,114.804384,108.795168,141.610061,-1000.0,22.874588
2019-01-01 18:00:00,-1.708304,-2.366434,-28.8737,10.0171,25.285931,1.835489,8.904117,6.439809,8.883254,8.883254,10.569388,7.053309,10.110617,10.0171,25.489433,21.629336,9.213939,9.789971,9.792606,8.39612,8.39612,7.76213,9.213612,4.674481,9.191349,8.280767,1.778641,6.632294,9.454975,9.05908,7.965574,7.38619,25.204164,9.840603,1.889885,9.306365,23.168644,23.517949,23.820993,9.306365,8.393299,11.736152,10.047895,3.615079,9.781703,32.427557,6.471948,8.378074,23.397686,23.458189,23.427439,23.93574,16.683869,22.639136,22.891863,6.471948,12.743459,6.414548,12.037333,9.666943,6.599984,11.991272,23.407037,-70.938106,8.393299,9.582226,9.792606,32.427557,8.795131,1.835489,4.392398,-3.34987,12.29202,11.032571,9.713804,1.835489,8.043194,8.904117,8.302485,7.115486,26.410127,-28.8737,1.889885,-27.138482,-70.938106,6.645383,25.217104,25.566803,9.792606,8.39612,8.261647,7.578321,-11.46907,6.471948,25.135252,-61.546012,2.790155,8.50824,8.448659,7.619361,7.790954,7.939304,9.789971,9.812981,-15.137568,7.547259,9.713804,9.845125,6.226077,-70.938106,11.129922,6.599984,46.817447,7.422297,-3.34987,11.129922,11.65328,9.666943,24.356259,23.898223,26.410127,-70.938106,25.533889
2019-01-01 19:00:00,5.818225,5.271672,-12.715271,9.729566,25.144553,6.818885,9.654093,8.839688,9.621595,9.621595,9.903859,10.238298,9.696602,9.729566,25.279619,23.676434,10.822846,9.725402,9.697632,10.119788,10.119788,9.262833,10.978478,8.197956,10.81862,9.619654,6.792787,8.960318,9.717302,9.928865,9.322032,8.973842,25.071232,9.191788,6.843856,9.692425,24.129302,24.232068,24.324699,9.692425,10.304326,11.934996,13.999371,7.615145,9.812543,29.808339,8.380316,9.619967,23.761053,23.890464,23.956881,24.285974,12.434357,23.875337,23.174436,8.380316,12.67158,8.344124,12.193065,10.570472,8.457463,12.153598,24.175976,-41.140035,10.304326,10.221945,9.697632,29.808339,10.472322,6.818885,7.952119,4.454966,11.332332,11.332128,9.951898,6.818885,9.518716,9.654093,9.563323,8.768074,25.738549,-12.715271,6.843856,-11.542708,-41.140035,8.484818,25.082835,25.32865,9.697632,10.119788,9.702095,10.191963,-0.9542,8.380316,25.061096,-34.793385,7.257144,10.221576,10.169502,9.668285,9.698338,9.72432,9.725402,9.482901,-3.433164,9.089892,9.951898,9.144129,8.972642,-41.140035,10.756672,8.457463,39.504188,9.012924,4.454966,10.756672,12.091445,10.570472,24.344772,24.065853,25.738549,-41.140035,25.307792
2019-01-01 20:00:00,8.687547,8.976534,14.090489,9.812869,27.230992,10.279804,9.969416,10.992637,11.152239,11.152239,11.068914,10.970187,9.696602,9.812869,27.222051,25.885654,11.078388,9.975744,9.934383,10.572665,10.572665,11.079009,12.182033,10.823646,11.97878,11.256386,10.270107,11.049596,11.123986,10.197052,9.906296,9.725906,27.302595,9.180974,10.289082,11.13133,26.493926,26.631956,26.751195,11.13133,11.78947,11.663047,6.089196,10.567058,10.105531,27.18912,9.397709,11.239565,26.642045,26.653693,26.632789,26.816581,12.434357,26.299143,31.370383,9.397709,12.101269,9.378163,11.804703,10.78175,9.437772,11.783039,26.591583,22.013397,11.78947,10.834666,9.934383,27.18912,11.794019,10.279804,10.68417,9.408363,10.670894,11.332128,10.353719,10.279804,10.078637,9.969416,11.210225,9.599074,28.124115,14.090489,10.289082,13.763658,22.013397,9.451978,27.291264,27.226934,9.934383,10.572665,10.198101,10.814764,10.812295,9.397709,27.178535,20.244379,10.442637,11.660238,11.632455,11.4191,11.40614,11.394936,9.975744,9.614561,11.503263,9.795068,10.353719,9.109991,11.137378,22.013397,10.430277,9.437772,25.187171,9.754315,9.408363,10.430277,9.366816,10.78175,28.003795,27.353109,28.124115,22.013397,27.224857
2019-01-01 21:00:00,11.420264,11.754985,17.555421,3.841622,32.547563,13.324092,9.654093,14.072066,13.779768,13.779768,12.969361,12.009152,3.116269,3.841622,32.536192,31.398268,11.368903,4.981059,4.762319,10.750308,10.750308,13.913883,17.208301,14.132225,16.194869,14.303354,13.311897,14.188699,13.504982,10.037597,9.625651,9.361459,32.621935,0.77784,13.335761,13.576408,31.870244,31.977347,32.070931,13.576408,16.110695,11.266191,8.458967,13.651465,5.667454,32.427557,8.868626,14.21879,31.849563,31.894221,31.901923,32.102768,11.892896,31.689058,37.08968,8.868626,11.9656,8.839532,11.615774,10.445398,8.927357,11.562311,31.938839,26.53363,16.110695,9.719861,4.762319,32.427557,15.769375,13.324092,13.767207,12.255155,10.582741,10.449538,7.046838,13.324092,9.919451,9.654093,14.15105,9.163818,33.492102,17.555421,13.335761,17.185057,26.53363,8.948181,32.610166,32.54037,4.762319,10.750308,10.108788,11.51697,13.840584,8.868626,32.49535,24.528985,13.528887,15.461286,15.397303,15.075139,14.95456,14.850313,4.981059,3.070907,14.623587,9.468063,7.046838,0.402441,14.629027,26.53363,10.264202,8.927357,30.13235,9.407861,12.255155,10.264202,9.978256,10.445398,33.358723,32.637599,33.492102,26.53363,32.538592
2019-01-01 22:00:00,30.858825,30.770832,31.131536,3.631889,33.03712,29.449858,9.654093,27.944414,25.600056,25.600056,22.617222,19.083024,2.008354,3.631889,33.026006,35.999971,17.042557,6.230275,5.755977,13.962745,13.962745,26.675716,32.999623,29.295797,30.820779,27.190671,29.461837,28.072934,24.588662,9.436561,9.152564,8.809052,32.98668,-2.883642,29.438396,24.851557,34.276725,33.88568,33.556439,24.851557,31.131715,18.648807,30.896478,28.953564,7.718597,32.427557,7.643912,26.933774,32.764863,33.018782,33.270686,33.219089,6.646809,34.586553,32.069425,7.643912,20.610642,7.574033,19.22424,14.312878,7.785759,19.136237,33.942231,31.819087,31.131715,16.595675,5.755977,32.427557,30.134864,29.449858,28.675862,30.639345,12.11121,17.304551,10.740233,29.449858,10.460464,9.654093,26.834105,8.356868,32.537263,31.131536,29.438396,31.103173,31.819087,7.836055,32.994662,33.015093,5.755977,13.962745,11.041042,17.081099,30.847054,7.643912,33.093044,31.665571,29.248699,29.638209,29.535066,29.369404,28.985335,28.653292,6.230275,2.088457,30.907016,9.043923,10.740233,-3.697625,29.334579,31.819087,11.268385,7.785759,32.059979,8.931682,30.639345,11.268385,17.458016,14.312878,32.561229,32.658531,32.537263,31.819087,33.019735
2019-01-01 23:00:00,15.129849,14.928998,12.550856,9.442952,26.424004,13.455933,11.047643,12.390441,11.748128,11.748128,11.237175,10.631775,9.282587,9.442952,26.446784,27.031817,10.186384,9.721067,9.681056,9.902358,9.902358,12.04284,12.097722,12.840757,11.925297,11.956734,13.468734,12.355379,11.574878,8.894928,9.482584,9.801539,26.406261,8.952243,13.443683,11.619912,26.534363,26.421479,26.328742,11.619912,12.15823,10.209963,16.473644,13.048602,9.846617,27.18912,9.940315,11.923042,25.806975,25.955581,26.079075,26.186137,11.351436,26.558676,26.800006,9.940315,10.194879,9.943147,10.173997,10.076678,9.949783,10.179498,26.422242,8.945408,12.15823,10.637061,9.681056,27.18912,11.981468,13.455933,12.867487,14.62887,13.054932,10.293981,10.115674,13.455933,9.615225,11.047643,11.93437,9.987902,26.603137,12.550856,13.443683,12.699586,8.945408,9.95314,26.409068,26.454399,9.681056,9.902358,9.571869,10.346587,14.042652,9.940315,26.414598,9.750428,13.240954,12.022141,12.030587,12.215318,12.15497,12.102797,9.721067,9.371675,13.728215,9.707389,10.115674,8.883578,12.511226,8.945408,12.366404,9.949783,28.60558,9.746167,14.62887,12.366404,14.027992,10.076678,26.261825,26.044484,26.603137,8.945408,26.45116
2019-01-02 00:00:00,10.217381,10.282018,9.8005,13.880931,18.954115,11.357797,8.550983,12.155246,12.299923,12.299923,12.152741,11.978352,13.934168,13.880931,18.967601,18.402873,12.484127,13.751631,13.753131,10.79146,10.79146,12.233541,13.423523,11.971092,13.400736,12.447479,11.346897,12.223318,12.250018,9.264245,8.694693,8.303568,18.967842,13.780454,11.368227,12.26299,18.613869,18.661749,18.703858,12.26299,13.022165,14.861918,10.274805,11.68018,13.746924,19.503914,7.53863,12.423648,18.571628,18.599641,18.608601,18.710905,10.210054,18.525195,20.091506,7.53863,15.930445,7.494199,15.034388,11.855681,7.625739,15.008012,18.642701,8.945408,13.022165,13.633366,13.753131,19.503914,13.157669,11.357797,11.81091,10.378604,9.639209,14.459015,13.708271,11.357797,9.249834,8.550983,12.388013,7.976458,19.317894,9.8005,11.368227,9.835774,8.945408,7.656626,18.965669,18.97506,13.753131,10.79146,9.571869,11.514302,10.154304,7.53863,18.9275,9.136332,11.540843,12.981671,12.94512,12.643496,12.637678,12.632647,13.751631,13.76473,10.07973,8.476813,13.708271,13.783029,12.325368,8.945408,9.265932,7.625739,20.020835,8.38619,10.378604,9.265932,9.820117,11.855681,19.103327,18.849265,19.317894,8.945408,18.971887
2019-01-02 01:00:00,8.48815,8.627806,8.812593,13.919862,18.387785,10.360917,8.338574,11.629577,11.974339,11.974339,11.920899,11.85758,13.989317,13.919862,18.400403,17.284352,12.529934,13.751174,13.753131,10.673778,10.673778,11.816152,13.323114,11.286577,13.294651,12.10544,10.34401,11.723582,11.956219,9.111498,8.40395,7.934045,18.416805,13.788778,10.377095,11.960929,17.804693,17.92277,18.024197,11.960929,12.791274,15.199392,8.130859,10.867967,13.745033,18.966877,7.035425,12.084266,18.006191,17.995949,17.964598,18.088207,11.351436,17.654308,20.091506,7.035425,16.431896,6.982828,15.424275,11.865626,7.139986,15.389883,17.892114,8.945408,12.791274,13.596882,13.753131,18.966877,12.979731,10.360917,11.077549,8.836492,9.811454,14.674049,13.694605,10.360917,9.001522,8.338574,12.03685,7.560973,18.904528,8.812593,10.377095,8.807115,8.945408,7.177061,18.412213,18.409352,13.753131,10.673778,9.36433,11.394737,8.75764,7.035425,18.34883,8.915753,10.644841,12.751704,12.704349,12.289501,12.294866,12.299505,13.751174,13.768263,8.769223,8.133281,13.694605,13.792136,11.814997,8.945408,9.306235,7.139986,19.226662,8.025269,8.836492,9.306235,9.33311,11.865626,18.691972,18.364285,18.904528,8.945408,18.405545
2019-01-02 02:00:00,8.583887,8.839589,11.427214,14.977118,17.743471,10.927513,8.237514,12.3422,12.706246,12.706246,12.614487,12.505766,15.05728,14.977118,17.741242,16.470865,13.279057,14.782424,14.784683,11.06031,11.06031,12.539211,14.288373,11.968626,14.255248,12.870888,10.908582,12.449569,12.675133,9.163808,8.339475,7.788365,17.790404,14.825825,10.945627,12.683221,17.118755,17.265776,17.391161,12.683221,13.676327,16.453968,7.045972,11.493963,14.775337,17.84932,6.729648,12.844297,17.483246,17.441336,17.382596,17.489543,11.892896,16.95708,20.091506,6.729648,17.911541,6.667777,16.713547,12.478566,6.8523,16.673849,17.233717,15.30612,13.676327,14.604346,14.784683,17.84932,13.891302,10.927513,11.727384,9.221681,9.925921,15.847572,14.717134,10.927513,9.05667,8.237514,12.789772,7.346126,18.308064,11.427214,10.945627,11.267203,15.30612,6.895791,17.782977,17.746002,14.784683,11.06031,9.487853,11.940622,9.822272,6.729648,17.70513,14.440042,11.245415,13.627778,13.573051,13.098881,13.102261,13.105183,14.782424,14.802148,10.160557,8.024131,14.717134,14.829701,12.564134,15.30612,9.346773,6.8523,16.894819,7.897249,9.221681,9.346773,9.106208,12.478566,18.236952,17.876808,18.308064,15.30612,17.743977
2019-01-02 03:00:00,6.854187,7.149541,10.162435,13.952522,17.474493,9.549618,8.032112,11.192235,11.690262,11.690262,11.702509,11.717019,14.035581,13.952522,17.472474,15.817268,12.527945,13.750791,13.753131,10.501723,10.501723,11.461753,13.238882,10.725585,13.205539,11.8133,9.527922,11.307508,11.694415,8.869819,8.043189,7.503422,17.532328,13.795761,9.570377,11.693335,16.673159,16.86738,17.032778,11.693335,12.598351,15.482524,5.068357,10.203501,13.743447,17.631615,6.483372,11.793429,17.18541,17.121972,17.038952,17.167039,12.434357,16.466392,20.279765,6.483372,16.867686,6.423424,15.751387,11.819011,6.603423,15.710269,16.826656,14.681644,12.598351,13.566276,13.753131,17.631615,12.830136,9.549618,10.475584,7.590885,9.822707,14.854439,13.683141,9.549618,8.688197,8.032112,11.736216,7.086775,18.163813,10.162435,9.570377,9.976011,14.681644,6.645991,17.523176,17.478651,13.753131,10.501723,9.090567,11.241862,8.29256,6.483372,17.426455,13.6726,9.913951,12.558316,12.501866,11.99403,12.007566,12.019269,13.750791,13.771227,8.686687,7.726966,13.683141,13.799777,11.393902,14.681644,9.208508,6.603423,16.531814,7.603411,7.590885,9.208508,8.469488,11.819011,18.079535,17.652294,18.163813,14.681644,17.476024
2019-01-02 04:00:00,1.828531,2.435354,9.698832,14.050739,27.555843,6.848465,8.452609,9.838954,10.950482,10.950482,11.295798,11.704944,14.174713,14.050739,27.549916,23.784247,12.944833,13.749638,13.753131,10.751567,10.751567,10.440481,12.985568,8.899963,12.938789,10.989217,6.809743,10.023271,11.067569,9.330989,8.180966,7.47058,27.691255,13.816759,6.885517,11.037134,25.720385,26.15974,26.534121,11.037134,12.010131,16.333705,-2.262264,8.028485,13.738677,27.879693,6.182505,10.982961,26.84961,26.713881,26.531298,26.833772,17.145887,25.246109,34.215987,6.182505,18.019982,6.1057,16.734707,12.253852,6.340255,16.673381,26.066053,20.718704,12.010131,13.474233,13.753131,27.879693,12.383639,6.848465,8.526696,3.34212,11.250655,15.396932,13.648664,6.848465,8.844734,8.452609,10.895381,6.975392,29.172386,9.698832,6.885517,9.244246,20.718704,6.39619,27.669826,27.563864,13.753131,10.751567,9.310011,11.332193,5.139234,6.182505,27.444675,18.258199,7.498738,11.981668,11.898188,11.089838,11.140618,11.184519,13.749638,13.780141,6.100293,7.74103,13.648664,13.822754,10.053763,20.718704,10.290886,6.340255,25.195628,7.580727,3.34212,10.290886,7.404505,12.253852,28.975924,27.959905,29.172386,20.718704,27.55793
2019-01-02 05:00:00,8.186626,8.576916,14.564286,14.594591,29.81395,10.780569,8.434319,12.126866,12.483337,12.483337,12.411821,12.327086,14.669545,14.594591,29.804283,28.044703,13.051422,14.412548,14.41466,11.013129,11.013129,12.319777,13.950597,11.766975,13.919754,12.630952,10.762592,12.227794,12.459088,9.284184,8.517071,8.005929,29.901286,14.453129,10.797771,12.465391,28.868101,29.054949,29.215834,12.465391,13.377471,15.975454,5.038606,11.319126,14.405921,29.808339,7.026239,12.607111,29.135562,29.133734,29.093622,29.313643,12.434357,28.61926,34.745229,7.026239,17.321676,6.968942,16.218154,12.318976,7.139986,16.181037,29.003841,23.778652,13.377471,14.24604,14.41466,29.808339,13.579682,10.780569,11.541402,9.160122,10.018501,15.408489,14.3515,10.780569,9.17461,8.434319,12.556034,7.597957,30.897245,14.564286,10.797771,14.18418,23.778652,7.180319,29.887465,29.810771,14.41466,11.013129,9.571869,11.813355,10.751737,7.026239,29.748618,21.721278,11.082465,13.333444,13.282306,12.836746,12.841241,12.845128,14.412548,14.43099,11.555335,8.223616,14.3515,14.456753,12.330615,23.778652,9.475104,7.139986,27.486311,8.106031,9.160122,9.475104,8.601085,12.318976,30.752305,29.979775,30.897245,23.778652,29.808011
2019-01-02 06:00:00,7.791002,8.116229,14.197258,10.145569,29.881903,9.425713,9.323979,10.112711,10.313799,10.313799,10.307778,10.300644,10.110617,10.145569,29.870844,28.394087,10.51155,10.177633,10.159814,9.959067,9.959067,10.221534,11.051545,9.924596,10.955361,10.371611,9.416582,10.161771,10.311757,9.558131,9.273257,9.094946,29.965022,9.835225,9.43445,10.312288,29.053021,29.202548,29.332025,10.312288,10.74955,11.266191,4.738816,9.699829,10.233549,29.808339,8.768312,10.362274,29.174261,29.197183,29.181456,29.397405,11.892896,28.833327,34.756378,8.768312,11.700991,8.748906,11.382,10.27197,8.807923,11.364289,29.156736,23.640291,10.74955,10.520777,10.159814,29.808339,10.799832,9.425713,9.813448,8.602211,9.999373,10.995652,10.331318,9.425713,9.45116,9.323979,10.33779,8.967407,30.922707,14.197258,9.43445,13.807719,23.640291,8.821969,29.951869,29.876221,10.159814,9.959067,9.571869,10.167095,10.290095,8.768312,29.82175,21.531861,9.579048,10.687218,10.66383,10.464628,10.464233,10.463891,10.177633,10.022026,11.113635,9.16428,10.331318,9.804643,10.209128,23.640291,9.767704,8.807923,27.417134,9.123902,8.602211,9.767704,8.502074,10.27197,30.781467,30.013494,30.922707,23.640291,29.873934
2019-01-02 07:00:00,11.73698,11.980181,17.672969,9.501851,32.639081,12.406865,9.619364,12.390072,12.122066,12.122066,11.708004,11.217404,9.696602,9.501851,32.626221,31.94536,11.09385,8.551248,8.404534,10.260628,10.260628,12.245035,13.304448,12.521608,13.036249,12.358101,12.406,12.421528,11.981669,9.191035,9.128304,9.055916,32.704222,5.732052,12.407692,12.018163,32.159146,32.207659,32.251798,12.018163,12.982234,11.928307,9.004542,12.414391,9.011629,32.427557,8.743308,12.319979,31.926705,32.005541,32.048386,32.235187,11.351436,32.027657,36.910345,8.743308,12.434785,8.723281,12.039891,10.641712,8.787957,12.022826,32.178407,26.585879,12.982234,10.518992,8.404534,32.427557,12.893783,12.406865,12.407699,12.343593,10.853657,11.66764,9.524715,12.406865,9.435576,9.619364,12.299369,8.967724,33.483211,17.672969,12.407692,17.305299,26.585879,8.803789,32.693914,32.628637,8.404534,10.260628,9.571869,10.843324,13.985151,8.743308,32.596507,24.595814,12.421387,12.790627,12.769204,12.678235,12.628798,12.586058,8.551248,7.270065,14.762458,9.104307,9.524715,9.126886,12.604132,26.585879,10.430277,8.787957,30.131221,9.075123,12.343593,10.430277,10.327348,10.641712,33.360036,32.675146,33.483211,26.585879,32.627609
2019-01-02 08:00:00,29.643672,29.233851,29.852789,10.528481,33.387309,23.588503,9.504685,19.070182,16.518587,16.518587,14.622502,12.375935,10.110617,10.528481,33.369411,37.883581,10.839516,11.284247,11.189896,9.489888,9.489888,17.689333,17.089678,20.888848,16.700074,17.248116,23.643562,18.900226,15.875678,6.033848,7.436158,8.124936,33.311545,9.471244,23.53582,16.042792,35.271661,34.678956,34.179878,16.042792,17.617119,11.49016,30.235912,21.851317,11.580314,32.427557,8.438215,17.130291,32.986228,33.369531,33.750287,33.66957,11.351436,35.74264,31.938277,8.438215,11.552218,8.449953,11.262257,10.076678,8.431532,11.297111,34.764998,31.339996,17.617119,13.51485,11.189896,32.427557,17.021952,23.588503,21.085995,28.621459,11.588345,12.022556,12.238804,23.588503,8.044508,9.504685,17.192156,8.404624,32.625996,29.852789,23.53582,29.79144,31.339996,8.429162,33.323535,33.352503,11.189896,9.489888,8.057124,11.247549,29.23744,8.438215,33.472619,31.007934,22.663901,17.255016,17.303418,18.114743,17.901534,17.717206,11.284247,10.460328,29.367142,7.972604,12.238804,9.309321,19.42723,31.339996,10.87362,8.431532,31.794031,8.061955,28.621459,10.87362,16.895957,10.076678,32.673361,32.822859,32.625996,31.339996,33.359696
2019-01-02 09:00:00,28.323016,28.160325,28.515458,13.939895,25.187341,25.865692,9.798397,24.348828,24.751509,24.751509,26.101317,7.337729,13.476114,13.939895,25.413693,33.056816,9.116826,14.862651,14.784683,8.336537,8.336537,24.566747,20.25965,24.418238,20.033911,23.857102,25.888876,24.134609,25.20919,7.33914,8.187898,8.656819,32.043046,13.36445,25.843508,25.090224,31.055739,30.601648,30.207275,25.090224,21.548546,12.196087,28.515131,25.219052,15.10731,29.808339,9.016429,24.001556,30.372934,30.560475,30.749387,30.694883,11.351436,31.755972,29.762686,9.016429,11.830512,9.03214,11.576171,10.503687,9.000101,11.670977,30.748671,29.282726,21.548546,16.916482,14.784683,29.808339,20.943929,25.865692,24.979581,27.917218,11.434997,13.644258,15.723128,25.865692,8.255304,9.798397,24.124313,8.934361,30.408696,28.515458,25.843508,28.483807,29.282726,8.994311,32.188953,25.398536,14.784683,8.336537,8.141217,7.728243,28.197992,9.016429,25.741639,29.111411,25.476358,21.602851,21.739694,22.764577,22.842336,22.909561,14.862651,14.181794,28.264907,8.512586,15.723128,13.230642,23.546959,29.282726,10.87362,9.000101,29.531852,8.581686,27.917218,10.87362,16.296474,10.503687,30.276248,30.322447,30.408696,29.282726,25.404984
2019-01-02 10:00:00,22.390079,22.154479,23.393618,12.873633,25.31284,18.482771,10.794701,15.562436,14.11838,14.11838,13.215655,12.146065,12.800259,12.873633,25.413693,30.401787,11.34922,13.051841,13.049773,10.872699,10.872699,14.780955,13.504057,16.635957,13.525364,14.404893,18.519228,15.427166,13.812291,9.268231,10.118612,10.547173,28.590238,13.012115,18.447887,13.891854,28.651817,28.254709,27.915046,13.891854,14.122771,11.52395,22.383494,17.348672,13.058328,27.18912,10.894882,14.358619,27.571668,27.793755,28.010401,27.986375,11.351436,29.116642,27.700752,10.894882,11.299502,10.913278,11.287255,11.129598,10.862333,11.323454,28.348026,25.67638,14.122771,13.21484,13.049773,27.18912,13.842886,18.482771,16.85713,21.802426,10.914824,12.076885,13.111602,18.482771,10.353976,10.794701,14.415118,10.731283,27.706244,23.393618,18.447887,23.299451,25.67638,10.850792,28.662478,25.401376,13.049773,10.872699,10.306456,11.648204,22.449099,10.894882,25.599497,25.166688,17.870546,14.072796,14.120543,14.706506,14.611161,14.528732,13.051841,13.033787,22.648182,10.443921,13.111602,13.008567,15.61937,25.67638,10.87362,10.862333,26.493442,10.511143,21.802426,10.87362,14.179124,11.129598,27.641618,27.608194,27.706244,25.67638,25.406616
2019-01-02 11:00:00,30.924569,30.672101,31.034504,23.124502,25.062817,27.203497,14.278475,24.399744,22.684433,22.684433,21.299073,19.657636,23.097799,23.124502,25.413693,35.481781,19.272275,23.189359,23.188607,16.413302,16.413302,23.471468,23.353938,25.574,23.352038,23.256984,27.237253,24.310893,22.214697,12.116079,12.698608,12.876677,35.543386,23.174901,27.171196,22.336797,33.350304,32.866623,32.441003,22.336797,23.641761,22.635564,31.296836,26.1314,23.19172,32.427557,12.379728,23.164512,33.117227,33.267374,33.420781,33.364745,11.351436,34.252903,32.55904,12.379728,23.722673,12.345471,22.55039,18.248316,12.460613,22.563416,33.06068,31.920154,23.641761,23.248681,23.188607,32.427557,23.450882,27.203497,25.654877,30.294841,17.104902,22.834535,23.211109,27.203497,13.734485,14.278475,23.192135,12.786274,33.290398,31.034504,27.171196,30.997969,31.920154,12.489293,35.761583,25.396338,23.188607,16.413302,14.059175,18.389167,30.668056,12.379728,25.878258,31.722407,26.636616,23.522453,23.537317,23.913312,23.779806,23.664385,23.189359,23.182789,30.745295,12.921452,23.211109,23.17361,24.699018,31.920154,16.135398,12.460613,32.187968,12.905174,30.294841,16.135398,21.144318,18.248316,33.077702,33.096588,33.290398,31.920154,25.403721
2019-01-02 12:00:00,24.307044,24.147833,18.515354,28.219375,25.097882,13.455933,11.225008,24.838215,24.399067,24.399067,23.445408,22.315469,28.32994,28.219375,25.413693,31.768127,23.305231,27.950841,27.953956,18.148751,18.148751,24.600561,27.269415,24.851432,27.216741,24.989953,24.778397,24.952897,24.075709,12.885138,11.645147,10.710355,33.114818,28.010703,20.106386,24.15976,30.766633,30.539371,30.335936,24.15976,26.470568,30.257979,26.844575,24.535148,27.941066,32.427557,8.685717,24.89452,30.892427,30.978307,31.046741,31.125437,11.351436,31.288292,30.469081,8.685717,33.217098,8.568445,30.616707,21.321852,8.913532,30.561846,30.653864,9.60017,26.470568,27.705225,27.953956,32.427557,26.702671,13.455933,24.618547,23.909926,13.865884,29.419961,27.860789,13.455933,13.38555,11.225008,24.826036,9.830767,31.73268,18.515354,20.106386,18.883118,9.60017,8.994311,33.283465,25.419425,27.953956,18.148751,14.302663,20.686367,22.204114,8.685717,25.679537,11.590742,24.29766,26.330446,26.253144,25.716883,25.650058,25.592285,27.950841,27.978045,21.426608,11.170794,27.860789,28.016049,25.30742,9.60017,12.960026,8.913532,35.503663,10.942391,23.909926,12.960026,17.559978,21.321852,31.109319,31.005681,31.73268,9.60017,25.416987
2019-01-02 13:00:00,23.844693,23.704451,17.46575,28.908741,21.976063,5.61472,11.132194,24.998821,24.736444,24.736444,23.864916,22.83229,29.034983,28.908741,22.429737,31.095336,23.980784,28.602132,28.605689,18.648582,18.648582,24.85683,27.824085,24.805409,27.766247,25.313303,24.869366,25.136571,24.440933,13.414087,11.931763,10.853704,33.848609,28.670481,16.922099,24.517746,30.093742,29.866457,29.656479,24.517746,26.897016,31.235859,26.581737,24.44174,28.59097,32.427557,8.668603,25.220135,30.792938,30.825397,30.840392,30.932484,11.351436,30.79973,30.454352,8.668603,34.37386,8.543188,31.645221,21.906129,8.909053,31.582616,30.024997,7.548143,26.897016,28.321689,28.605689,32.427557,27.183277,5.61472,24.59504,23.494889,13.509404,30.279559,28.499311,5.61472,13.722856,11.132194,25.141155,9.877155,31.863701,17.46575,16.922099,17.874866,7.548143,8.994311,34.093956,22.435599,28.605689,18.648582,14.701094,21.196545,21.569273,8.668603,22.828541,9.762536,24.026727,26.761163,26.6735,26.022357,25.969641,25.924067,28.602132,28.633193,20.704344,11.364707,28.499311,28.676585,25.446594,7.548143,12.693987,8.909053,35.903296,11.111668,23.494889,12.693987,17.230151,21.906129,31.10526,30.956023,31.863701,7.548143,22.433105
2019-01-02 14:00:00,24.374098,24.297832,20.497683,28.12505,22.089752,6.159132,12.158198,24.902274,24.550396,24.550396,23.707693,22.709221,28.230329,28.12505,22.429737,29.430143,23.655988,27.869354,27.87232,18.916126,18.916126,24.711848,27.220504,24.805164,27.171357,25.08213,25.125735,25.01219,24.26466,14.192427,12.926873,11.994314,31.199598,27.926354,17.290226,24.338932,28.483499,28.268684,28.073212,24.338932,26.453296,30.065959,26.022631,24.561541,27.860046,29.808339,10.089482,24.996251,28.904344,28.945105,28.975618,29.024248,11.892896,29.066394,28.613404,10.089482,32.817244,9.980431,30.407438,21.796052,10.297547,30.355214,28.398367,14.445743,26.453296,27.635479,27.87232,29.808339,26.683611,6.159132,24.655305,24.183867,14.095781,29.268241,27.783606,6.159132,14.526049,12.158198,24.931467,11.135259,29.600949,20.497683,17.290226,20.747334,14.445743,10.371322,31.387966,22.430663,27.87232,18.916126,15.389557,21.226197,23.001742,10.089482,22.753326,15.797014,24.213738,26.330446,26.257102,25.729461,25.676162,25.630083,27.869354,27.895257,22.473944,12.442742,27.783606,27.931444,25.292157,14.445743,13.431163,10.297547,31.929244,12.223234,24.183867,13.431163,17.490492,21.796052,29.094893,29.003843,29.600949,14.445743,22.430269
2019-01-02 15:00:00,29.677194,29.507817,29.779056,23.036508,22.020569,6.159132,17.623893,24.300355,23.233553,23.233553,22.459879,21.543196,23.006141,23.036508,22.429737,33.0349,21.173269,23.110262,23.109407,19.969691,19.969691,23.723033,23.297419,24.884142,23.30364,23.524422,27.190024,24.224923,22.971222,18.18839,18.295856,18.270905,34.135551,23.093821,18.447887,23.039411,31.162339,30.737412,30.35844,23.039411,23.570333,22.47853,29.915898,25.486881,23.112947,30.741763,18.096112,23.477444,31.407014,31.494232,31.585731,31.539485,11.892896,32.098084,30.997885,18.096112,22.8634,18.088432,22.380831,20.571291,18.102245,22.395773,30.942017,30.418658,23.570333,23.177722,23.109407,30.741763,23.430556,6.159132,25.160368,29.25472,16.671061,22.706762,23.134996,6.159132,18.759958,17.623893,23.505714,18.126937,31.689634,29.779056,18.447887,29.752671,30.418658,18.104419,34.384735,22.413547,23.109407,19.969691,18.929353,20.927987,29.514413,18.096112,22.942595,30.275849,25.560047,23.522453,23.541538,23.827818,23.761783,23.704694,23.110262,23.102791,29.570194,18.336967,23.134996,23.092353,24.327587,30.418658,16.997896,18.102245,30.616025,18.325843,29.25472,16.997896,20.440907,20.571291,31.432261,31.420197,31.689634,30.418658,22.420434
2019-01-02 16:00:00,28.456915,28.250973,28.570773,20.115376,25.189633,5.886926,17.774058,22.256805,21.153876,21.153876,20.489052,19.701339,20.057565,20.115376,25.413693,32.572899,19.07395,20.255783,20.254154,18.826008,18.826008,21.659932,20.612077,22.92218,20.630271,21.354421,25.437569,22.147834,20.928453,17.933655,18.343006,18.529158,31.947127,20.224483,17.30058,20.987048,30.81596,30.417269,30.069715,20.987048,21.090419,19.051652,28.751079,23.6518,20.260894,29.808339,18.772066,21.322031,30.332224,30.485109,30.639698,30.591906,11.351436,31.467385,29.818745,18.772066,18.847637,18.788554,18.865023,18.832786,18.731162,18.893564,30.555106,29.3323,21.090419,20.384207,20.254154,29.808339,20.882879,5.886926,23.26792,27.943235,16.273125,19.487631,20.302868,5.886926,18.491018,17.774058,21.368294,18.56647,30.392526,28.570773,17.30058,28.539358,29.3323,18.716658,32.089796,25.400045,20.254154,18.826008,18.480884,19.359102,28.255682,18.772066,25.728653,29.162267,23.80549,21.065786,21.103771,21.541719,21.481001,21.428508,20.255783,20.241559,28.322096,18.499601,20.302868,20.221688,22.194844,29.3323,16.787966,18.731162,29.565983,18.537595,27.943235,16.787966,19.824695,18.832786,30.26139,30.295236,30.392526,29.3323,25.405851
2019-01-02 17:00:00,22.575169,22.5119,17.297984,19.997276,25.223113,12.406865,11.957368,25.697703,28.611689,28.611689,32.255022,7.105397,19.795371,19.997276,25.413693,28.91148,11.324172,20.487653,20.481964,10.699853,10.699853,27.274667,21.732025,24.0205,21.847224,26.682258,24.182323,25.552701,29.84704,11.69373,11.485659,11.416821,29.658443,20.378338,19.335727,29.52593,28.315078,28.179741,28.059811,29.52593,23.06746,16.270071,24.752672,24.363269,20.505504,29.808339,11.376671,26.993877,28.258179,28.335102,28.394767,28.474614,11.351436,28.59132,27.915609,11.376671,16.084509,11.372484,15.613079,13.825377,11.39157,15.713555,28.2397,8.945408,23.06746,20.93618,20.481964,29.808339,22.818892,12.406865,24.730483,22.417357,12.91544,17.804853,20.6521,12.406865,11.261909,11.957368,27.109657,11.451558,28.946273,17.297984,19.335727,17.64254,8.945408,11.396853,29.753801,25.422088,20.481964,10.699853,11.20697,8.510757,20.753958,11.376671,25.538915,10.810362,23.824126,23.522453,23.668566,24.327399,24.643985,24.917687,20.487653,20.437975,20.025518,11.406063,20.6521,20.368575,24.182199,8.945408,12.586808,11.39157,32.64428,11.394119,22.417357,12.586808,16.284642,13.825377,28.43653,28.351308,28.946273,8.945408,25.418517
2019-01-02 18:00:00,31.794722,31.812583,31.992463,24.155686,25.069142,31.957471,11.910376,32.650624,35.293078,35.293078,39.133914,6.797002,23.867261,24.155686,25.413693,34.265273,11.668401,24.856198,24.848071,9.93326,9.93326,34.080643,26.633805,31.39183,26.785062,33.145112,31.957522,32.395926,36.595396,9.218219,9.673585,9.94079,35.247577,24.70004,31.957423,36.256879,32.723505,32.373642,32.061288,36.256879,28.627847,18.834426,31.687638,32.109693,24.881698,32.427557,9.948104,33.492026,32.953101,33.022644,33.095531,33.059059,11.351436,33.503202,32.618543,9.948104,18.780966,9.94076,17.897236,14.543036,9.985872,18.040564,32.544314,32.262004,28.627847,25.496926,24.848071,32.427557,28.15007,31.957471,32.258549,31.839273,15.267613,21.02377,25.091114,31.957471,9.756307,11.910376,33.664754,10.137935,33.203431,31.992463,31.957423,31.981344,32.262004,9.999264,35.456836,25.400502,24.848071,9.93326,9.716126,8.023216,31.880937,9.948104,25.842413,32.201821,31.95662,29.138439,29.343699,30.50916,30.825224,31.098475,24.856198,24.785232,31.904444,9.847784,25.091114,24.686093,30.92677,32.262004,14.116033,9.985872,32.37243,9.870195,31.839273,14.116033,19.941205,14.543036,32.980441,32.967377,33.203431,32.262004,25.406114
2019-01-02 19:00:00,31.540683,31.479622,31.712789,20.715096,25.067295,30.569025,14.077901,30.471862,32.85802,32.85802,36.666663,6.097196,20.388927,20.715096,25.413693,34.62043,10.238554,21.50728,21.49809,10.268887,10.268887,31.763181,23.517513,29.44487,23.683679,30.665941,30.579451,30.163782,34.149423,11.171051,12.091973,12.688161,35.333938,21.330687,30.559049,33.813743,32.906497,32.517566,32.172145,33.813743,25.804209,14.698617,31.573544,30.407491,21.536118,32.427557,13.431906,31.01998,33.001017,33.094093,33.190487,33.148303,11.351436,33.722075,32.601172,13.431906,13.600488,13.468687,13.639273,13.567359,13.379124,13.801282,32.695066,32.162202,25.804209,22.231857,21.49809,32.427557,25.218859,30.569025,30.425205,31.38838,15.804005,17.173324,21.772938,30.569025,11.620527,14.077901,31.218885,13.166611,33.228821,31.712789,30.559049,31.69425,32.162202,13.360408,35.545806,25.399286,21.49809,10.268887,11.275741,7.728243,31.526839,13.431906,25.852878,32.061857,30.393942,26.330446,26.561296,27.961632,28.269055,28.534836,21.50728,21.427027,31.566033,12.444267,21.772938,21.314915,28.663382,32.162202,15.211927,13.379124,32.318577,12.549983,31.38838,15.211927,20.292451,13.567359,33.008836,33.0051,33.228821,32.162202,25.405415
2019-01-02 20:00:00,22.611923,22.605935,17.382082,23.886029,28.581969,25.047199,10.615357,27.593022,30.375508,30.375508,33.565176,9.823696,23.747365,23.886029,28.619257,28.946725,14.233406,24.222809,24.218902,11.867194,11.867194,29.098822,25.077417,25.991999,25.162406,28.747702,25.021184,27.520928,31.457034,11.125395,10.376644,9.922867,28.546425,24.147734,25.072092,31.175909,28.614925,28.539632,28.478061,31.175909,25.956457,21.324888,24.676562,25.958368,24.235069,29.808339,9.11247,29.010606,28.095404,28.202817,28.290889,28.3751,11.351436,28.623099,27.731943,9.11247,22.243642,9.063885,20.873091,15.8947,9.21318,20.942186,28.538219,8.945408,25.956457,24.530848,24.218902,29.808339,25.839893,25.047199,26.408198,22.596987,12.503232,22.38032,24.335748,25.047199,10.758475,10.615357,29.084675,9.618661,28.623761,17.382082,25.072092,17.730107,8.945408,9.24889,28.552049,28.630929,24.218902,11.867194,11.041042,10.622662,20.872853,9.11247,28.57222,10.829139,25.484073,26.330446,26.432322,26.785802,27.063328,27.303261,24.222809,24.188691,20.137078,10.090213,24.335748,24.141029,26.410237,8.945408,11.855664,9.21318,32.601693,9.988341,22.596987,11.855664,15.968097,15.8947,28.214393,28.157536,28.623761,8.945408,28.625964
2019-01-02 21:00:00,20.190785,20.083666,15.243886,15.211741,26.099446,21.021647,10.917271,21.741389,21.206504,21.206504,20.026291,18.627922,14.689223,15.211741,26.133157,26.669013,18.578575,15.988003,15.816234,15.434297,15.434297,21.451925,25.351358,21.902161,24.522934,21.94004,21.009012,21.885351,20.806327,12.116079,11.181479,10.505067,26.062547,12.687369,21.033737,20.910347,26.226785,26.126434,26.043632,20.910347,24.114032,22.049336,22.31068,21.349013,16.527004,27.18912,9.097523,21.821568,25.626979,25.746411,25.847751,25.921814,11.351436,26.258554,25.235633,9.097523,24.100101,9.015844,22.494777,16.812482,9.256967,22.426654,26.129538,7.548143,24.114032,19.625552,15.816234,27.18912,23.942634,21.021647,21.456988,19.923598,12.846155,21.008752,17.581707,21.021647,12.315176,10.917271,21.735801,9.898924,26.099177,15.243886,21.033737,15.561347,7.548143,9.313503,26.068386,26.143129,15.816234,15.434297,12.934115,17.379279,18.428088,9.097523,26.094772,9.26644,21.233827,23.522453,23.435191,22.946655,22.80857,22.689191,15.988003,14.48803,17.756931,10.823952,17.581707,12.392582,22.452483,7.548143,12.184521,9.256967,29.750815,10.662074,19.923598,12.184521,15.54002,16.812482,25.721424,25.676296,26.099177,7.548143,26.138887
2019-01-02 22:00:00,19.870656,19.507175,14.237313,13.585781,27.45914,17.307479,11.066323,15.780623,14.765984,14.765984,13.884917,12.840989,13.470148,13.585781,27.492997,28.934463,12.507966,13.783029,13.753131,10.913115,10.913115,15.23153,15.537746,16.461433,15.401872,15.150351,17.325511,15.742199,14.467239,8.235378,8.855897,9.134302,27.404132,13.208518,17.290226,14.544893,27.954463,27.732079,27.546698,14.544893,15.576173,14.249811,22.682119,16.728169,13.876848,28.481769,8.910475,15.088273,26.861912,27.065949,27.249527,27.31612,11.351436,28.0782,26.232497,8.910475,14.857169,8.889875,14.238604,11.983748,8.972366,14.240318,27.751703,6.150879,15.576173,14.460049,13.753131,28.481769,15.414746,17.307479,16.46742,18.964029,14.560562,14.275992,14.075362,17.307479,9.437368,11.066323,15.096842,9.221553,27.315535,14.237313,17.290226,14.57089,6.150879,8.994311,27.412837,27.500826,13.753131,10.913115,9.571869,12.087229,17.583168,8.910475,27.470037,7.956409,17.004681,15.424068,15.426004,15.612428,15.521321,15.442555,13.783029,13.521943,16.877938,9.093274,14.075362,13.157207,16.01411,6.150879,13.361989,8.972366,31.19131,9.102816,18.964029,13.361989,16.872181,11.983748,26.907311,26.885618,27.315535,6.150879,27.497496
2019-01-02 23:00:00,17.183438,17.237395,14.092642,15.253664,305.790847,19.459251,9.288406,21.059315,20.818104,20.818104,19.686792,18.346361,14.732237,15.253664,293.595218,59.79471,18.623652,15.997471,15.816234,14.785026,14.785026,20.928779,25.725666,20.960516,24.835066,21.593277,19.435073,21.261688,20.434508,11.022962,9.68476,8.757494,-49.049761,12.5149,19.482385,20.534218,70.488031,72.914592,75.577697,20.534218,24.154524,23.106836,18.30901,20.135843,16.566183,36.701054,6.933423,21.46808,24.625608,28.59826,32.381105,32.481659,11.777714,51.046914,18.664277,6.933423,25.698239,6.82768,23.684946,16.578452,7.139986,23.596534,68.377448,8.945408,24.154524,19.782407,15.816234,36.701054,24.073723,19.459251,20.389967,17.318022,11.782504,21.756328,17.660942,19.459251,11.036867,9.288406,21.353834,7.971656,10.980592,14.092642,19.482385,14.304973,8.945408,7.21323,-56.114882,293.799121,15.816234,14.785026,11.812837,16.953951,16.22237,6.933423,280.296278,10.094677,19.865268,23.522453,23.407968,22.672202,22.541889,22.429228,15.997471,14.414817,15.773472,9.172837,17.660942,12.203864,21.862368,8.945408,10.926993,7.139986,33.033538,8.957541,17.318022,10.926993,13.640128,16.578452,18.80778,21.587719,10.980592,8.945408,293.712379
2019-01-03 00:00:00,18.733167,18.596735,17.592221,16.500773,131.074497,17.301526,9.360494,16.264643,15.45208,15.45208,14.658719,13.718709,16.514597,16.500773,126.374603,37.857196,13.781909,16.467196,16.467586,11.423434,11.423434,15.824908,16.381994,16.776707,16.369179,15.825,17.313336,16.254009,15.183074,8.369188,8.421879,8.339436,-5.525115,16.474681,17.290226,15.252998,41.122497,41.863469,42.725967,15.252998,16.322536,16.757129,19.405951,16.914107,16.465974,27.18912,7.696642,15.76477,22.726745,24.380477,25.960361,25.972598,8.966031,33.793238,20.091506,7.696642,17.869114,7.655843,16.802608,12.946619,7.785759,16.795653,40.145202,16.130579,16.322536,16.436486,16.467586,27.18912,16.294117,17.301526,16.735385,18.392868,11.663627,16.650888,16.455937,17.301526,9.244845,9.360494,15.760562,8.144563,17.356495,17.592221,17.290226,17.652516,16.130579,7.817358,-8.240521,126.447552,16.467586,11.423434,9.571869,12.821303,18.196993,7.696642,121.289682,16.456933,17.103209,16.239766,16.228479,16.266439,16.194327,16.131984,16.467196,16.470598,18.069521,8.442036,16.455937,16.47535,16.507857,16.130579,10.87362,7.785759,25.565688,8.389767,18.392868,10.87362,13.867306,12.946619,20.385336,21.504134,17.356495,16.130579,126.416519
2019-01-03 01:00:00,16.792029,16.649651,13.856725,13.555681,20.760558,16.139166,9.242235,16.030434,16.574597,16.574597,17.483904,7.960811,13.473429,13.555681,20.778453,21.592415,9.349348,13.755449,13.753131,8.340918,8.340918,16.324919,14.262376,15.809364,14.303812,16.044468,16.142786,15.950827,16.882917,7.304752,7.648865,7.828319,20.730448,13.710916,16.135702,16.802774,21.043542,20.91899,20.815114,16.802774,14.842052,12.038593,18.179595,16.06653,13.762721,21.296946,7.749617,16.130088,20.437813,20.550506,20.652252,20.687001,9.930718,21.114237,20.091506,7.749617,12.229314,7.739511,11.771501,10.071741,7.785759,11.812348,20.930314,9.511373,14.842052,13.938168,13.753131,21.296946,14.690135,16.139166,16.056597,16.436899,11.725371,12.662539,13.822441,16.139166,7.847524,9.242235,16.180589,7.931273,20.676393,13.856725,16.135702,14.035977,9.511373,7.798574,20.735213,20.782466,13.753131,8.340918,7.872353,8.109426,15.654664,7.749617,20.767216,10.481598,16.078368,14.969862,15.027955,15.388957,15.4617,15.52459,13.755449,13.735211,15.2757,7.780504,13.822441,13.706939,15.58786,9.511373,10.87362,7.785759,22.736989,7.790077,16.436899,10.87362,13.562421,10.071741,20.45896,20.448855,20.676393,9.511373,20.780759
2019-01-03 02:00:00,16.807743,16.713154,13.701336,14.542043,20.695379,16.931614,9.116069,17.468852,18.596021,18.596021,20.120676,7.105397,14.440968,14.542043,20.715759,21.245122,9.205532,14.787531,14.784683,8.094043,8.094043,18.078843,15.410476,16.895248,15.465115,17.764118,16.928168,17.386295,19.112989,7.313317,7.516616,7.626668,20.66899,14.732807,16.934911,18.978611,20.855918,20.767599,20.694296,18.978611,16.098676,12.676877,18.183895,17.096432,14.796467,21.337816,7.475429,17.898478,20.381845,20.47317,20.553035,20.596038,10.499221,20.896007,20.091506,7.475429,12.906654,7.460979,12.348285,10.28795,7.520849,12.398537,20.773229,8.945408,16.098676,15.012068,14.784683,21.337816,15.946294,16.931614,17.198916,16.571811,11.791242,13.444494,14.869855,16.931614,7.678871,9.116069,17.957815,7.703721,20.662621,13.701336,16.934911,13.897524,8.945408,7.536954,20.673166,20.72129,14.784683,8.094043,7.712794,7.491938,15.669155,7.475429,20.696099,10.007306,16.989485,16.294704,16.367061,16.747971,16.875437,16.985637,14.787531,14.762661,15.254384,7.594387,14.869855,14.727919,16.817651,8.945408,10.87362,7.520849,22.917574,7.591655,16.571811,10.87362,13.610768,10.28795,20.427695,20.405787,20.662621,8.945408,20.718937
2019-01-03 03:00:00,16.445347,16.387904,12.983218,15.574871,20.444093,17.280486,9.141471,18.388532,19.901798,19.901798,21.766656,7.148371,15.474327,15.574871,20.468271,20.69146,9.683396,15.819067,15.816234,8.409566,8.409566,19.207468,16.438736,17.559763,16.496269,18.919974,17.270307,18.319464,20.534119,7.755754,7.749642,7.742195,20.42083,15.764631,17.290226,20.369757,20.469879,20.419597,20.378445,20.369757,17.102675,13.718768,17.900134,17.661694,15.827957,21.238412,7.458527,19.078546,20.127128,20.197786,20.255875,20.310384,11.010622,20.476283,19.888617,7.458527,14.078069,7.436968,13.391584,10.881305,7.516425,13.441621,20.418879,7.548143,17.102675,16.042424,15.816234,21.238412,16.980425,17.280486,17.861708,16.302067,11.77798,14.483094,15.900958,17.280486,7.927557,9.141471,19.135245,7.749536,20.469468,12.983218,17.290226,13.207423,7.548143,7.536954,20.424512,20.475813,15.816234,8.409566,8.003046,7.641473,15.232042,7.458527,20.43796,8.761681,17.451423,17.330991,17.403795,17.72908,17.888432,18.026199,15.819067,15.794329,14.758041,7.747304,15.900958,15.759769,17.648973,7.548143,10.87362,7.516425,23.051275,7.723939,16.302067,10.87362,13.520514,10.881305,20.203686,20.167104,20.469468,7.548143,20.472604
2019-01-03 04:00:00,15.089392,14.985419,11.561605,13.560421,19.239303,15.2803,9.254896,15.859046,16.858186,16.858186,18.161407,7.391265,13.480145,13.560421,19.263385,19.540393,9.175468,13.755393,13.753131,8.253145,8.253145,16.399751,14.25015,15.335038,14.294389,16.156569,15.275774,15.796937,17.300071,7.623383,7.789884,7.88304,19.215046,13.71193,15.284632,17.18521,19.287237,19.229791,19.182612,17.18521,14.791262,12.078867,16.646545,15.468793,13.762491,20.026138,7.743946,16.269886,18.916159,18.99163,19.054443,19.108265,10.851009,19.299177,18.664277,7.743946,12.286631,7.730663,11.817807,10.094795,7.785759,11.857732,19.230075,6.150879,14.791262,13.933725,13.753131,20.026138,14.678012,15.2803,15.576184,14.830053,11.71876,12.688723,13.820776,15.2803,7.91981,9.254896,16.316396,7.954108,19.255898,11.561605,15.284632,11.784806,6.150879,7.800585,19.218884,19.270765,13.753131,8.253145,7.946628,7.728243,13.800355,7.743946,19.234138,7.35898,15.356315,14.955784,15.013471,15.301784,15.411651,15.506635,13.755393,13.735641,13.328478,7.853578,13.820776,13.708048,15.317517,6.150879,10.87362,7.785759,21.840119,7.850179,14.830053,10.87362,13.121344,10.094795,18.98942,18.954414,19.255898,6.150879,19.267626
2019-01-03 05:00:00,16.366068,16.317762,12.782404,15.546705,20.450599,17.392537,9.610309,18.680141,20.404342,20.404342,22.517325,7.048121,15.434428,15.546705,20.475886,20.650149,9.718862,15.819398,15.816234,8.787652,8.787652,19.613228,16.511379,17.73204,16.575904,19.294426,17.380579,18.604156,21.120794,8.677334,8.608426,8.581447,20.427445,15.758609,17.40398,20.934564,20.4535,20.408876,20.372532,20.934564,17.250987,13.47394,17.853568,17.837263,15.829325,21.286067,8.390899,19.473686,20.127128,20.19552,20.250916,20.308437,10.842504,20.454183,19.893156,8.390899,13.650433,8.376131,13.108547,11.113509,8.431532,13.164428,20.407044,7.125259,17.250987,16.068819,15.816234,21.286067,17.117041,17.392537,18.069209,16.24558,11.533198,14.327523,15.910845,17.392537,8.653113,9.610309,19.536798,8.595128,20.486527,12.782404,17.40398,13.015769,7.125259,8.445939,20.431109,20.483917,15.816234,8.787652,8.6845,7.728243,15.123113,8.390899,20.443163,8.38838,17.593354,17.508865,17.590238,17.948784,18.129584,18.285893,15.819398,15.791773,14.629745,8.582066,15.910845,15.75318,17.846238,7.125259,10.87362,8.431532,23.173156,8.563651,16.24558,10.87362,13.332149,11.113509,20.210438,20.17063,20.486527,7.125259,20.480501
2019-01-03 06:00:00,19.358325,19.417398,14.907715,21.095989,24.039982,22.362818,9.594161,25.325036,28.541411,28.541411,32.219324,6.797002,20.937467,21.095989,24.073506,23.920833,11.506532,21.481,21.476533,9.731257,9.731257,27.065644,22.457997,23.471413,22.555445,26.66655,22.332468,25.243797,29.788487,9.801686,9.134133,8.764485,24.016909,21.395173,22.391859,29.464329,23.887747,23.880239,23.875477,29.464329,23.461061,18.167996,21.009743,23.424097,21.495015,25.178104,8.154817,26.969355,23.663261,23.718214,23.756909,23.836478,11.351436,23.849644,23.453477,8.154817,18.755512,8.117181,17.651467,13.632112,8.236625,17.730462,23.870798,7.548143,23.461061,21.833153,21.476533,25.178104,23.330454,22.362818,23.947204,19.505669,11.541629,19.374645,21.610113,22.362818,9.273406,9.594161,27.053821,8.566002,24.148501,14.907715,22.391859,15.211308,7.548143,8.265633,24.02056,24.085083,21.476533,9.731257,9.443943,7.944237,17.952822,8.154817,24.0235,9.19138,22.872495,23.891619,24.008159,24.407419,24.727631,25.004467,21.481,21.441996,17.310983,8.878764,21.610113,21.387508,23.964575,7.548143,10.87362,8.236625,27.62186,8.797919,19.505669,10.87362,14.236516,13.632112,23.79472,23.731905,24.148501,7.548143,24.080158
2019-01-03 07:00:00,20.087311,20.100914,15.309346,20.454139,25.378942,22.589057,9.890085,25.224255,28.339348,28.339348,32.011462,6.488607,20.279364,20.454139,25.413693,25.530272,11.057783,20.878623,20.873699,9.62301,9.62301,26.910052,21.955787,23.464465,22.059728,26.44192,22.563018,25.120331,29.584457,9.956485,9.439765,9.16695,25.349564,20.783997,22.613972,29.260811,25.332935,25.288155,25.252117,29.260811,23.084387,17.226774,21.94217,23.520266,20.894076,26.536859,8.738053,26.74837,24.951105,25.033652,25.098652,25.17876,10.781478,25.321378,24.661728,8.738053,17.570949,8.711086,16.657639,13.307622,8.798335,16.744679,25.283391,7.548143,23.084387,21.266881,20.873699,26.536859,22.908139,22.589057,23.989175,20.121242,11.498286,18.556315,21.020973,22.589057,9.47089,9.890085,26.844053,9.041041,25.44782,15.309346,22.613972,15.629507,7.548143,8.819709,25.354213,25.425028,20.873699,9.62301,9.571869,7.714095,18.520632,8.738053,25.366602,9.281056,23.026336,23.522453,23.650031,24.149185,24.466429,24.740701,20.878623,20.83562,17.843767,9.242096,21.020973,20.775546,23.825229,7.548143,10.94665,8.798335,29.111611,9.183323,20.121242,10.94665,14.470904,13.307622,25.072325,25.014402,25.44782,7.548143,25.420206
2019-01-03 08:00:00,19.342717,19.178725,14.659002,15.140392,25.383723,19.218925,10.476223,19.805665,21.40653,21.40653,23.654891,6.797002,14.980818,15.140392,25.413693,26.413004,9.326932,15.527957,15.523461,9.128499,9.128499,20.672006,16.511436,19.017747,16.596248,20.163476,19.216561,19.669377,22.168885,9.709091,9.886024,10.0212,25.340528,15.441561,19.221186,21.970723,25.70964,25.550031,25.417242,21.970723,17.607346,12.196087,21.452795,19.38012,15.542066,26.31093,10.219068,20.364239,24.892646,25.047504,25.184952,25.246286,8.763522,25.791045,24.407891,10.219068,11.821432,10.228583,11.677465,11.066662,10.206695,11.75678,25.562346,7.548143,17.607346,15.882447,15.523461,26.31093,17.353404,19.218925,19.497223,18.933674,11.081102,13.407628,15.657927,19.218925,9.683356,10.476223,20.458979,10.15688,25.300507,14.659002,19.221186,14.952335,7.548143,10.202308,25.347364,25.421294,15.523461,9.128499,9.571869,7.70857,17.601201,10.219068,25.388594,9.135848,19.258622,17.901641,18.015497,18.641301,18.827702,18.988853,15.527957,15.488695,16.981053,9.953708,15.657927,15.433845,18.819405,7.548143,10.87362,10.206695,28.667517,9.978968,18.933674,10.87362,14.033172,11.066662,24.947981,24.921541,25.300507,7.548143,25.41806
2019-01-03 09:00:00,19.23692,18.86317,14.368832,12.448201,26.455336,16.155165,10.250683,14.269734,13.358971,13.358971,12.810136,11.164505,12.397963,12.448201,26.481925,28.486804,10.823143,12.570216,12.568801,10.169888,10.169888,13.776856,12.87984,14.953414,12.895061,13.524459,16.178784,14.179713,13.172877,8.704494,9.318426,9.622427,26.394791,12.543016,16.132565,13.221249,27.199377,26.90723,26.662869,13.221249,13.299357,11.52395,21.764616,15.42187,12.574658,27.18912,9.765768,13.497731,25.867724,26.109217,26.332431,26.377201,11.351436,27.385288,25.14501,9.765768,11.527761,9.771171,11.361826,10.691256,9.762651,11.38662,26.938592,7.548143,13.299357,12.681818,12.568801,27.18912,13.113558,16.155165,15.104822,18.30468,11.198857,11.902683,12.611134,16.155165,9.57164,10.250683,13.535953,9.750099,26.204055,14.368832,16.132565,14.650195,7.548143,9.761545,26.404372,26.485962,12.568801,10.169888,9.571869,10.77563,17.19097,9.765768,26.478959,9.071059,15.758529,13.271766,13.304622,13.695157,13.63635,13.585509,12.570216,12.557855,16.596128,9.553283,12.611134,12.540587,14.290464,7.548143,10.87362,9.762651,29.449211,9.592961,18.30468,10.87362,14.206163,10.691256,25.855592,25.861389,26.204055,7.548143,26.484245
2019-01-03 10:00:00,6.382476,6.495245,6.948862,9.880182,26.225877,7.747748,8.842491,8.679197,9.053319,9.053319,9.204894,9.384488,9.915084,9.880182,26.247279,24.788437,9.738454,9.795415,9.796398,9.259132,9.259132,8.88166,9.580309,8.374542,9.567637,9.040136,7.735793,8.733125,9.104714,9.027948,8.718115,8.533959,26.270353,9.814311,7.759187,9.091354,25.391307,25.528112,25.647159,9.091354,9.302476,10.522779,5.974373,8.113869,9.792329,27.18912,8.210302,9.042265,25.430363,25.469146,25.466912,25.692501,11.351436,25.173753,29.293056,8.210302,10.934146,8.190786,10.635622,9.604956,8.251149,10.618364,25.482243,7.548143,9.302476,9.717881,9.796398,27.18912,9.412207,7.747748,8.269438,6.663755,9.65106,10.25917,9.766988,7.747748,8.855289,8.842491,9.017246,8.41561,27.105134,6.948862,7.759187,6.924141,7.548143,8.265633,26.263315,26.261879,9.796398,9.259132,8.963787,9.335476,6.700903,8.210302,26.163928,7.414337,7.948514,9.299665,9.276292,9.04035,9.059728,9.076481,9.795415,9.804002,6.753167,8.599591,9.766988,9.815999,8.725342,7.548143,9.37371,8.251149,27.579162,8.558469,6.663755,9.37371,8.604574,9.604956,26.704402,26.095626,27.105134,7.548143,26.255668
2019-01-03 11:00:00,1.389489,1.700416,3.542558,10.027856,23.135796,4.868426,8.517332,7.203075,8.187497,8.187497,8.641057,9.133097,10.109126,10.027856,23.156627,20.105292,9.975418,9.830472,9.832762,9.092046,9.092046,7.735815,9.329592,6.41908,9.301002,8.112221,4.838637,7.33242,8.341287,8.843903,8.143363,7.74008,23.21987,9.874473,4.89693,8.301312,21.612094,21.954022,22.246191,8.301312,8.676684,11.52395,0.031897,5.783724,9.823286,24.236414,7.050623,8.124379,22.390568,22.31039,22.185552,22.461628,14.988607,21.220221,27.524459,7.050623,12.376052,7.008628,11.786616,9.772366,7.139986,11.746445,21.87567,6.150879,8.676684,9.649932,9.832762,24.236414,8.94067,4.868426,6.174305,2.165029,10.444708,10.910342,9.764279,4.868426,8.378043,8.517332,8.065449,7.49978,24.405038,3.542558,4.89693,3.434961,6.150879,7.171672,23.206565,23.175805,9.832762,9.092046,8.592825,9.117047,2.463335,7.050623,23.040071,5.568496,5.368674,8.679763,8.625579,8.060686,8.115215,8.162358,9.830472,9.850468,2.69081,7.875375,9.764279,9.878402,7.284008,6.150879,9.783591,7.139986,24.118259,7.786143,2.165029,9.783591,7.480935,9.772366,24.010249,23.236315,24.405038,6.150879,23.167647
2019-01-03 12:00:00,25.794813,26.578281,17.650403,12.406228,21.968764,-1000.0,7.496887,3.369797,8.235589,8.235589,11.831838,7.105397,12.705897,12.406228,22.429737,25.879349,11.938905,11.678406,11.686849,9.622427,9.622427,6.003021,9.831498,-8.734267,9.796089,6.858875,40.960833,3.698374,9.454975,11.364493,7.810307,5.853005,33.118198,11.840652,-389.77497,9.138015,27.560169,27.941585,28.246285,9.138015,6.969692,17.906401,27.70545,-1.958024,11.651911,33.351155,3.172942,7.081225,30.389639,30.064856,29.716983,29.930187,18.865398,27.722318,31.010041,3.172942,20.851827,3.015512,18.867911,12.185037,3.49335,18.720864,27.997388,2.288912,6.969692,11.012698,11.686849,33.351155,8.58864,-1000.0,-0.491896,27.749008,12.636622,15.660242,11.434332,-1000.0,8.182568,7.496887,6.960791,4.783384,32.032088,17.650403,-389.77497,18.284087,2.288912,3.606961,33.337302,22.458929,11.686849,9.622427,8.936213,8.089505,24.006397,3.172942,22.669235,5.718809,-17.055032,7.714356,7.532788,4.269672,5.187264,5.98056,11.678406,11.752138,22.666699,6.450671,11.434332,11.855142,-1.882762,2.288912,10.87362,3.49335,38.641803,6.066342,27.749008,10.87362,16.925626,12.185037,31.072553,30.746235,32.032088,2.288912,22.44651
2019-01-03 13:00:00,23.39719,24.156711,13.568284,7.183073,22.1292,-1000.0,7.903016,-1.735327,2.173747,2.173747,4.898434,6.488607,7.486339,7.183073,22.429737,23.453077,9.817535,6.446514,6.455058,8.908862,8.908862,0.380149,4.577434,-13.18364,4.532417,1.189717,37.050408,-1.433621,3.097611,11.484009,8.425514,6.782131,28.935744,6.610707,-392.091096,2.857467,25.047784,25.40966,25.705044,2.857467,1.740867,12.751427,24.943676,-6.220524,6.4197,29.808339,4.709652,1.348645,27.182184,26.92349,26.643827,26.82843,17.186184,25.023765,27.698956,4.709652,14.916058,4.588711,13.725401,9.873659,4.954479,13.576448,25.420102,2.230659,1.740867,5.772814,6.455058,29.808339,3.294573,-1000.0,-4.986272,25.291654,11.620835,10.476151,6.199509,-1000.0,8.451325,7.903016,1.231146,5.940208,28.487146,13.568284,-392.091096,14.035977,2.230659,5.04129,29.068368,22.456636,6.455058,8.908862,8.979751,7.434878,22.391724,4.709652,22.529767,4.762111,-21.020898,2.398281,2.212142,-0.935341,-0.100722,0.620841,6.446514,6.521131,17.270585,7.255503,6.199509,6.625371,-6.730266,2.230659,10.345571,4.954479,34.297885,6.944698,25.291654,10.345571,15.412883,9.873659,27.72904,27.467735,28.487146,2.230659,22.445193
2019-01-03 14:00:00,22.038121,22.718169,12.286909,8.446349,22.045726,-1000.0,7.520889,-1.394516,2.916262,2.916262,5.863299,7.105397,8.775496,8.446349,22.429737,24.133255,10.828463,7.646932,7.656206,9.534483,9.534483,0.938351,5.618344,-13.146092,5.564906,1.873869,36.481879,-1.048581,3.915519,12.116079,8.620359,6.718369,30.633912,7.825137,-392.407285,3.655778,25.888651,26.286991,26.610902,3.655778,2.569419,14.490981,24.750251,-6.412453,7.61783,31.859671,4.335706,2.042224,28.323142,28.043388,27.733966,27.973695,17.158724,25.89715,28.836587,4.335706,17.007288,4.198481,15.548534,10.763708,4.60766,15.386799,26.306834,-5.381799,2.569419,6.915739,7.656206,31.859671,4.213497,-1000.0,-5.0316,23.734357,10.964954,12.020459,7.378848,-1000.0,8.750046,7.520889,1.905379,5.702608,30.024297,12.286909,-392.407285,13.015769,-5.381799,4.70409,30.803296,22.464166,7.656206,9.534483,9.393968,8.055121,19.59754,4.335706,22.557132,-1.436749,-21.361288,3.234974,3.031759,-0.307142,0.551839,1.294464,7.646932,7.727917,18.056627,7.283089,7.378848,7.841053,-6.381516,-5.381799,9.783591,4.60766,37.910476,6.926158,23.734357,9.783591,14.888629,10.763708,29.007371,28.680425,30.024297,-5.381799,22.44952
2019-01-03 15:00:00,21.21133,21.889295,12.346235,6.788903,22.12678,-1000.0,7.313553,-3.040243,0.968501,0.968501,3.636196,6.797002,7.119989,6.788903,22.429737,22.892783,10.066546,5.984778,5.994107,9.150847,9.150847,-0.870828,3.944245,-14.585777,3.88741,0.053187,35.202282,-2.70183,1.87304,11.947617,8.571962,6.744742,28.5663,6.164033,-393.164706,1.63792,24.634541,25.029786,25.354544,1.63792,0.897369,12.869853,23.578735,-7.797388,5.955506,30.056076,4.523736,0.201017,26.760634,26.506679,26.225,26.44716,16.179542,24.547967,27.244884,4.523736,15.17823,4.396584,13.933943,9.913292,4.77373,13.771208,25.026772,-3.884322,0.897369,5.24928,5.994107,30.056076,2.522706,-1000.0,-6.4883,22.902371,10.217813,10.38406,5.715116,-1000.0,8.614281,7.313553,0.06457,5.78026,28.272522,12.346235,-393.164706,13.015769,-3.884322,4.862373,28.692538,22.46259,5.994107,9.150847,9.202082,7.717308,19.061814,4.523736,22.489657,-0.260381,-22.653527,1.534557,1.329342,-1.977259,-1.144767,-0.425043,5.984778,6.066241,17.646324,7.280622,5.715116,6.180043,-7.942611,-3.884322,9.221611,4.77373,35.586363,6.942644,22.902371,9.221611,14.0207,9.913292,27.373732,27.080775,28.272522,-3.884322,22.448614
2019-01-03 16:00:00,22.291536,22.882163,12.422534,6.211716,22.017557,-1000.0,7.384184,-3.264635,0.465085,0.465085,2.931303,5.85339,6.533893,6.211716,22.429737,24.922597,9.01784,5.429228,5.438306,7.810964,7.810964,-1.246219,3.443601,-14.613921,3.388528,-0.374803,35.504071,-2.946152,1.30131,9.798351,6.916569,5.365904,31.437581,5.60366,-392.997436,1.083947,26.513451,26.874453,27.165482,1.083947,0.477195,12.128989,25.197097,-7.710348,5.400743,32.427557,3.223428,-0.239154,28.931844,28.663753,28.366118,28.602227,18.446551,26.592382,29.401177,3.223428,14.469114,3.094953,13.164423,8.919451,3.49335,13.006071,26.909457,-5.185819,0.477195,4.71352,5.438306,32.427557,2.060948,-1000.0,-6.486961,23.764729,12.695464,9.710136,5.166822,-1000.0,7.059309,7.384184,-0.368097,4.580115,30.651547,12.422534,-392.997436,13.148905,-5.185819,3.589059,31.624293,22.462919,5.438306,7.810964,7.606811,6.618762,19.708193,3.223428,22.593387,-1.254246,-22.479404,1.09968,0.900048,-2.321512,-1.509034,-0.806613,5.429228,5.508499,18.172543,5.814158,5.166822,5.619239,-8.137306,-5.185819,10.87362,3.49335,38.481307,5.505887,23.764729,10.87362,16.253773,8.919451,29.614643,29.28838,30.651547,-5.185819,22.448803
2019-01-03 17:00:00,16.800135,17.142569,11.609872,11.279432,22.244132,-493.458591,9.534646,5.401654,7.392025,7.392025,8.555736,9.934553,11.475437,11.279432,22.429737,22.403515,11.850968,10.803383,10.808906,10.206264,10.206264,6.478784,9.59537,-0.413301,9.553132,7.056854,24.206847,5.606576,7.786606,10.119281,8.51689,7.617371,26.107285,10.909504,-189.996212,7.684041,23.565413,23.829075,24.047165,7.684041,7.847342,14.881419,18.275862,2.839298,10.786053,27.18912,6.114445,7.110987,24.828625,24.68873,24.522674,24.707496,18.014523,23.466695,26.039351,6.114445,16.696914,6.022117,15.512231,11.511497,6.313609,15.415759,23.817275,2.260153,7.847342,10.367962,10.808906,27.18912,8.730343,-493.458591,3.544416,17.654263,14.116854,13.407795,10.643741,-493.458591,8.92158,9.534646,7.022954,7.115486,26.122799,11.609872,-189.996212,11.995562,2.260153,6.384228,26.181174,22.452519,10.808906,10.206264,9.359413,10.040787,15.478426,6.114445,22.447509,4.347748,-4.643728,8.134581,8.010855,6.198135,6.603054,6.953124,10.803383,10.85161,14.663023,7.903904,10.643741,10.918982,3.070127,2.260153,12.545092,6.313609,30.54024,7.706353,17.654263,12.545092,15.300623,11.511497,25.495834,25.177021,26.122799,2.260153,22.442827
2019-01-03 18:00:00,6.962661,7.082916,7.849363,10.263634,22.1043,8.282151,9.465425,9.159994,9.519694,9.519694,9.673755,9.856295,10.295582,10.263634,22.429737,26.73061,10.181684,10.186041,10.186941,9.781846,9.781846,9.354653,9.989141,8.869769,9.977681,9.500841,8.27091,9.209932,9.571931,9.617767,9.338081,9.173971,30.968622,10.203338,8.292906,9.558353,27.069385,27.146261,27.199885,9.558353,9.733914,10.851812,6.416389,8.62684,10.183216,29.808339,8.888686,9.503886,28.193493,28.147894,28.061236,28.30806,11.892896,27.322141,32.67499,8.888686,11.210512,8.871415,10.95509,10.076678,8.925072,10.939296,27.210097,8.945408,9.733914,10.115069,10.186941,29.808339,9.835648,8.282151,8.773555,7.262612,10.211434,10.610546,10.16002,8.282151,9.449645,9.465425,9.480882,9.071572,30.39413,7.849363,8.292906,7.804149,8.945408,8.937974,31.136433,22.440242,10.186941,9.781846,9.542625,9.827187,7.395861,8.888686,22.670883,8.700684,8.470911,9.732806,9.711448,9.493117,9.512286,9.528859,10.186041,10.193901,7.491449,9.231089,10.16002,10.204883,9.198198,8.945408,9.955543,8.925072,30.236057,9.194577,7.262612,9.955543,9.13126,10.076678,29.761327,29.012167,30.39413,8.945408,22.435773
2019-01-03 19:00:00,22.928741,22.44091,17.061393,13.473203,21.960026,18.671548,10.80499,16.00137,14.69856,14.69856,13.900834,12.955653,13.403781,13.473203,22.429737,33.975574,12.206811,13.641813,13.639857,11.89923,11.89923,15.296327,14.069675,16.975273,14.09035,14.944659,18.704949,15.875499,14.428074,10.785577,11.316326,11.563326,34.651747,13.604227,18.639589,14.498382,31.622921,31.08905,30.619226,14.498382,14.651725,12.196087,26.036774,17.633704,13.647951,32.427557,11.861639,14.904912,31.297652,31.508706,31.703507,31.744226,11.351436,32.620285,30.466504,11.861639,11.951431,11.88123,11.972089,11.933785,11.814713,12.006346,31.303507,8.945408,14.651725,13.796034,13.639857,32.427557,14.391663,18.671548,17.184513,21.71195,9.250315,12.719365,13.698357,18.671548,11.495892,10.80499,14.957993,11.625775,32.156663,17.061393,18.639589,17.396189,8.945408,11.798073,34.919757,22.42504,13.639857,11.89923,11.478082,12.542613,20.419474,11.861639,22.919426,10.757536,18.110651,14.609837,14.655146,15.20087,15.115931,15.042498,13.641813,13.624732,19.711668,11.519361,13.698357,13.60087,16.040377,8.945408,9.783591,11.814713,35.281124,11.567411,21.71195,9.783591,14.028204,11.933785,31.448143,31.376234,32.156663,8.945408,22.427038
2019-01-03 20:00:00,21.42674,21.026817,16.227682,13.573537,22.084822,18.124297,10.545492,16.14495,15.354791,15.354791,15.040351,11.908866,13.498724,13.573537,22.429737,31.10661,11.699822,13.755239,13.753131,11.359775,11.359775,15.717339,14.216324,16.790226,14.243584,15.37841,18.149721,16.029746,15.248173,10.513693,10.919443,11.10878,31.240671,13.714734,18.09997,15.275887,29.186237,28.75046,28.3692,15.275887,14.811247,12.196087,24.12754,17.346035,13.761854,29.808339,11.335981,15.374595,28.716312,28.911837,29.091963,29.131656,11.351436,29.937122,27.985548,11.335981,11.997106,11.350846,11.954196,11.699843,11.30052,11.991189,28.910406,8.945408,14.811247,13.921434,13.753131,29.808339,14.576917,18.124297,17.015516,20.429219,9.3858,12.761164,13.816173,18.124297,11.055234,10.545492,15.428155,11.157747,29.410283,16.227682,18.09997,16.528086,8.945408,11.287946,31.436006,22.427417,13.753131,11.359775,11.041042,11.694183,19.240806,11.335981,22.781268,10.571386,17.697355,14.818276,14.8684,15.372538,15.331979,15.296914,13.755239,13.736831,18.605709,11.07466,13.816173,13.711116,16.043276,8.945408,9.783591,11.30052,32.336469,11.111337,20.429219,9.783591,13.581706,11.699843,28.827283,28.774257,29.410283,8.945408,22.428404
2019-01-03 21:00:00,18.057207,17.81309,13.778947,13.573735,22.331177,16.574149,10.416822,15.917309,16.030341,16.030341,16.517744,10.177987,13.499004,13.573735,22.429737,25.237814,10.869189,13.755237,13.753131,10.463494,10.463494,15.978478,14.215813,15.96762,14.250366,15.69879,16.584006,15.832281,16.195605,10.032001,10.251029,10.360503,24.415716,13.714776,16.564717,16.152647,24.247863,24.023221,23.831801,16.152647,14.762568,12.196087,20.139835,16.2968,13.761844,24.685663,10.447488,15.752338,23.530237,23.689153,23.833106,23.879405,7.422955,24.490308,23.010526,10.447488,12.111129,10.452106,11.953728,11.320691,10.439235,11.990793,24.07111,7.548143,14.762568,13.921249,13.753131,24.685663,14.596008,16.574149,16.192371,17.448311,10.437302,12.762258,13.816103,16.574149,10.316668,10.416822,15.800484,10.40601,23.943481,13.778947,16.564717,14.035977,7.548143,10.436309,24.465696,22.433566,13.753131,10.463494,10.306456,10.289615,16.357014,10.447488,22.498144,8.93935,16.40862,14.846279,14.898254,15.278413,15.312834,15.342591,13.755237,13.736849,15.813617,10.334816,13.816103,13.711163,15.604491,7.548143,10.430277,10.439235,26.7804,10.3519,17.448311,10.430277,13.19891,11.320691,23.581195,23.556845,23.943481,7.548143,22.431937
2019-01-03 22:00:00,16.096819,15.88238,12.599638,13.758048,20.896213,14.668472,9.759917,13.838349,13.255636,13.255636,12.727427,12.101581,13.760096,13.758048,20.916999,21.931865,12.073889,13.753073,13.753131,10.680896,10.680896,13.523002,13.74045,14.218696,13.7348,13.492854,14.678184,13.821378,13.076536,8.748446,8.908858,8.933446,20.859861,13.754182,14.65918,13.12309,21.253151,21.099135,20.970624,13.12309,13.755985,13.796909,17.82373,14.354857,13.752892,21.513701,8.607398,13.454541,20.511914,20.649271,20.773738,20.813499,9.239286,21.342324,20.091506,8.607398,14.410444,8.58544,13.804024,11.604032,8.658641,13.802936,21.113557,7.548143,13.755985,13.748523,13.753131,21.513701,13.717183,14.668472,14.212723,15.561946,11.455088,13.780289,13.751405,14.668472,9.398671,9.759917,13.456661,8.864958,20.787435,12.599638,14.65918,12.80802,7.548143,8.676811,20.865614,20.921491,13.753131,10.680896,9.571869,11.546121,14.689752,8.607398,20.905146,8.676036,14.50539,13.704428,13.701779,13.770642,13.721563,13.679133,13.753073,13.753577,14.249204,8.970223,13.751405,13.754281,13.982626,7.548143,10.87362,8.658641,23.196806,8.949827,15.561946,10.87362,13.267779,11.604032,20.532672,20.522753,20.787435,7.548143,20.91958
2019-01-03 23:00:00,15.036027,14.816242,11.938558,11.751263,19.428051,13.337123,9.386092,12.298449,11.681823,11.681823,11.198292,10.625382,11.738867,11.751263,19.44578,20.490492,10.46089,11.78137,11.781021,9.539211,9.539211,11.964749,11.85777,12.725244,11.858345,11.876903,13.349699,12.263186,11.517871,8.010389,8.358555,8.510064,19.393485,11.774658,13.325089,11.560488,19.805346,19.64987,19.519991,11.560488,11.981921,11.52395,16.614689,12.938998,11.782466,19.940514,8.402854,11.845396,19.075932,19.209762,19.332144,19.364514,8.746872,19.899612,18.670482,8.402854,11.838329,8.393135,11.484265,10.181141,8.431532,11.490334,19.665444,7.548143,11.981921,11.808908,11.781021,19.940514,11.906754,13.337123,12.76273,14.487819,10.975449,11.616656,11.791466,13.337123,8.692473,9.386092,11.857153,8.546997,19.306852,11.938558,13.325089,12.119669,7.548143,8.441701,19.398955,19.449178,11.781021,9.539211,8.770729,10.200711,13.755142,8.402854,19.438761,8.52843,13.125921,11.941805,11.949084,12.099054,12.051997,12.011315,11.78137,11.77832,13.372247,8.491744,11.791466,11.774059,12.395317,7.548143,10.430277,8.431532,21.40324,8.498473,14.487819,10.430277,12.580532,10.181141,19.083833,19.080058,19.306852,7.548143,19.447732
2019-01-04 00:00:00,12.189757,12.359028,14.146896,15.905071,18.618715,13.704995,9.322172,14.640536,15.001628,15.001628,15.130731,12.64148,15.942078,15.905071,18.615942,18.103892,13.539474,15.815192,15.816234,11.615794,11.615794,14.835949,15.587115,14.340949,15.573389,15.001659,13.692932,14.696531,15.045403,9.963837,9.368018,8.958338,18.644526,15.835228,13.716538,15.034025,18.340918,18.394705,18.441072,15.034025,15.294401,16.586487,11.142253,14.073471,15.81192,18.620145,8.13622,15.001654,18.410989,18.412274,18.401944,18.468232,11.351436,18.267748,20.091506,8.13622,17.726174,8.088086,16.706164,13.073053,8.231757,16.687861,18.379625,16.83574,15.294401,15.732983,15.816234,18.620145,15.408087,13.704995,14.229518,12.611967,10.658977,16.306914,15.785051,13.704995,9.963441,9.322172,14.975338,8.616411,18.941954,14.146896,13.716538,14.035977,16.83574,8.265633,18.640441,18.617896,15.816234,11.615794,10.306456,12.240457,13.034356,8.13622,18.599315,16.235378,13.907576,15.288395,15.263538,15.018236,15.035827,15.051035,15.815192,15.824297,13.268854,9.140091,15.785051,15.837017,14.697797,16.83574,10.200434,8.231757,17.934583,9.043501,12.611967,10.200434,10.796531,13.073053,18.896442,18.664478,18.941954,16.83574,18.617064
2019-01-04 01:00:00,12.669429,12.761615,14.122181,14.883636,17.651468,13.308101,9.405434,13.602511,13.493761,13.493761,13.183696,12.816317,14.924857,14.883636,17.648402,17.514465,13.190238,14.783521,14.784683,11.381297,11.381297,13.543659,14.529471,13.605319,14.510036,13.694905,13.303463,13.647866,13.388627,9.482479,9.126427,8.848483,17.666499,14.805839,13.312539,13.415955,17.548231,17.555893,17.563141,13.415955,14.230329,15.643624,11.946947,13.435369,14.779877,17.599014,8.148959,13.662419,17.476311,17.498007,17.510983,17.555596,11.028865,17.51966,18.664277,8.148959,16.683878,8.106957,15.777345,12.54375,8.235092,15.756895,17.549409,16.211894,14.230329,14.69195,14.784683,17.599014,14.318731,13.308101,13.481364,12.899367,10.96535,15.33124,14.749948,13.308101,9.731587,9.405434,13.636137,8.581883,17.849392,14.122181,13.312539,14.035977,16.211894,8.265633,17.66412,17.648916,14.784683,11.381297,10.038392,12.255253,13.257538,8.148959,17.641753,15.745305,13.385987,14.180211,14.151444,13.948098,13.925259,13.905513,14.783521,14.793664,13.439785,8.990221,14.749948,14.807832,13.785922,16.211894,10.430277,8.235092,17.053871,8.914836,12.899367,10.430277,11.24474,12.54375,17.818693,17.655093,17.849392,16.211894,17.648697
2019-01-04 02:00:00,25.064231,24.756282,25.229112,14.628777,27.924018,20.510426,9.355465,17.142197,15.328666,15.328666,14.0541,12.543936,14.563832,14.628777,27.910322,31.370533,11.795722,14.786513,14.784683,10.165513,10.165513,16.160767,15.18678,18.444977,15.201294,15.792979,20.551914,17.004638,14.896497,7.036807,7.959698,8.377692,27.865926,14.75135,20.470728,15.008833,29.368354,28.914013,28.531444,15.008833,15.762607,13.43516,25.506211,19.209917,14.792255,27.18912,8.416573,15.717989,27.616308,27.910166,28.20206,28.140242,4.644524,29.729354,26.812859,8.416573,13.756936,8.414429,13.226093,11.197646,8.431532,13.258066,28.979962,26.359153,15.762607,14.930787,14.784683,27.18912,15.47482,20.510426,18.640914,24.296117,10.99144,13.923558,14.839409,20.510426,8.594217,9.355465,15.771175,8.491758,27.340513,25.229112,20.470728,25.182496,26.359153,8.436836,27.875119,27.897369,14.784683,10.165513,8.69775,11.614021,24.761545,8.416573,27.989401,26.106839,19.813709,15.672872,15.714003,16.305882,16.17703,16.065632,14.786513,14.770533,24.860097,8.312746,14.839409,14.74821,17.317932,26.359153,10.430277,8.431532,26.705201,8.357149,24.296117,10.430277,15.122744,11.197646,27.376573,27.491126,27.340513,26.359153,27.90288
2019-01-04 03:00:00,25.064231,24.756282,25.229112,14.628777,27.924018,20.510426,9.355465,17.142197,15.328666,15.328666,14.0541,12.543936,14.563832,14.628777,27.910322,31.370533,11.795722,14.786513,14.784683,10.165513,10.165513,16.160767,15.18678,18.444977,15.201294,15.792979,20.551914,17.004638,14.896497,7.036807,7.959698,8.377692,27.865926,14.75135,20.470728,15.008833,29.368354,28.914013,28.531444,15.008833,15.762607,13.43516,25.506211,19.209917,14.792255,27.18912,8.416573,15.717989,27.616308,27.910166,28.20206,28.140242,4.644524,29.729354,26.812859,8.416573,13.756936,8.414429,13.226093,11.197646,8.431532,13.258066,28.979962,26.359153,15.762607,14.930787,14.784683,27.18912,15.47482,20.510426,18.640914,24.296117,10.99144,13.923558,14.839409,20.510426,8.594217,9.355465,15.771175,8.491758,27.340513,25.229112,20.470728,25.182496,26.359153,8.436836,27.875119,27.897369,14.784683,10.165513,8.69775,11.614021,24.761545,8.416573,27.989401,26.106839,19.813709,15.672872,15.714003,16.305882,16.17703,16.065632,14.786513,14.770533,24.860097,8.312746,14.839409,14.74821,17.317932,26.359153,10.430277,8.431532,26.705201,8.357149,24.296117,10.430277,15.122744,11.197646,27.376573,27.491126,27.340513,26.359153,27.90288
2019-01-04 04:00:00,12.754414,12.965507,17.657825,14.64452,29.995822,13.455933,9.192628,13.544129,13.331112,13.331112,12.953679,12.506478,14.680865,14.64452,29.985011,29.497471,12.826785,14.556246,14.55727,10.967412,10.967412,13.428851,14.332244,13.623745,14.314157,13.554567,13.45386,13.58022,13.203135,8.895788,8.648725,8.430097,30.048177,14.575924,13.457915,13.236401,29.630996,29.661296,29.689521,13.236401,14.074651,15.314841,10.48051,13.503235,14.553033,29.808339,7.761791,13.518477,29.402071,29.473309,29.514843,29.667481,11.351436,29.530316,33.487632,7.761791,16.342486,7.720726,15.432842,12.181656,7.848591,15.414796,29.638592,24.991721,14.074651,14.475506,14.55727,29.808339,14.143833,13.455933,13.514489,13.280939,11.076457,15.039183,14.526644,13.455933,9.274688,9.192628,13.495999,8.198067,30.678639,17.657825,13.457915,17.355291,24.991721,7.879369,30.039892,29.986747,14.55727,10.967412,9.571869,11.904734,14.623341,7.761791,29.962124,23.354217,13.490733,14.020506,13.994894,13.831621,13.801755,13.775935,14.556246,14.565189,15.262941,8.554213,14.526644,14.577682,13.73327,24.991721,10.430277,7.848591,27.912322,8.486468,13.280939,10.430277,10.906834,12.181656,30.5773,30.015739,30.678639,24.991721,29.986009
2019-01-04 05:00:00,13.895501,14.013875,18.371645,12.643518,30.091226,13.455933,9.908231,12.777894,12.319258,12.319258,11.915134,11.436309,12.642887,12.643518,30.079238,30.144157,11.393697,12.645049,12.645031,10.382373,10.382373,12.529694,12.648935,13.080997,12.645497,12.49735,13.46393,12.761871,12.182231,8.918246,9.100409,9.156337,30.130514,12.644708,13.44828,12.217849,29.971444,29.932251,29.901718,12.217849,12.677748,12.632769,11.942044,13.198893,12.645105,29.808339,8.943346,12.468587,29.505509,29.613561,29.694279,29.824171,10.695141,29.932843,33.1151,8.943346,13.060803,8.928145,12.631099,11.070049,8.98097,12.631354,29.921275,25.274907,12.677748,12.646449,12.645031,29.808339,12.641956,13.455933,13.083041,14.19076,11.377652,12.636672,12.645562,13.455933,9.456701,9.908231,12.47172,9.132456,30.62792,18.371645,13.44828,18.086876,25.274907,8.994311,30.124297,30.078879,12.645031,10.382373,9.571869,11.024241,15.515342,8.943346,30.070159,23.733554,13.321627,12.639393,12.63886,12.704932,12.667055,12.634309,12.645049,12.644894,16.117385,9.170095,12.645562,12.644677,12.882856,25.274907,10.87362,8.98097,27.999486,9.160346,14.19076,10.87362,11.538294,11.070049,30.541931,30.046696,30.62792,25.274907,30.079032
2019-01-04 06:00:00,20.715398,20.614697,22.33964,15.76903,27.601349,18.468748,11.38259,16.66383,15.578194,15.578194,14.715696,13.69377,15.749366,15.76903,27.591306,29.08333,13.424224,15.816788,15.816234,11.719551,11.719551,16.076316,15.93798,17.411638,15.938021,15.929954,18.490549,16.604312,15.285746,8.941401,9.540385,9.796081,27.590428,15.806142,18.447887,15.361763,28.172977,27.966396,27.793309,15.361763,16.14058,15.40865,20.242953,17.777639,15.818527,27.18912,9.575117,15.873142,27.26671,27.429129,27.581193,27.600188,11.351436,28.312827,28.185909,9.575117,16.010385,9.556,15.345786,12.904994,9.629937,15.3554,27.990578,25.247429,16.14058,15.860471,15.816234,27.18912,16.013301,18.468748,17.471137,20.464221,14.28428,15.555505,15.832804,18.468748,10.155279,11.38259,15.892429,9.850653,27.540815,22.33964,18.447887,22.21969,25.247429,9.649375,27.592156,27.585667,15.816234,11.719551,10.306456,12.92189,21.13651,9.575117,27.621777,24.598181,18.102636,16.067809,16.079129,16.331727,16.248156,16.175905,15.816788,15.81195,21.390102,9.769523,15.832804,15.805191,16.842655,25.247429,13.288959,9.629937,26.349097,9.778023,20.464221,13.288959,15.980283,12.904994,27.526558,27.402395,27.540815,25.247429,27.588066
2019-01-04 07:00:00,62.923769,61.734947,63.225679,21.152936,71.945,45.505156,19.399203,32.785292,26.475631,26.475631,22.512319,17.816406,20.835993,21.152936,71.902807,82.316283,14.368631,21.922711,21.913781,12.147767,12.147767,29.370688,23.876081,37.469829,23.967532,27.741573,45.663873,32.198589,25.131784,3.587373,9.043061,11.966989,71.77093,21.751113,45.353287,25.481095,76.294335,74.927817,73.777117,25.481095,26.552431,15.323057,64.76147,40.566466,21.950734,69.700606,13.866665,27.537113,71.0305,71.912853,72.789778,72.601464,11.351436,77.381419,68.619787,13.866665,14.219524,13.94365,14.300704,14.150181,13.807849,14.457056,75.126481,67.047292,26.552431,22.626792,21.913781,69.700606,25.338071,45.505156,38.425216,59.958505,30.438509,17.71135,22.180855,45.505156,10.065649,19.399203,27.781594,13.571044,70.186496,63.225679,45.353287,63.068032,67.047292,13.786994,71.798476,71.863501,21.913781,12.147767,9.571869,15.600083,61.644442,13.866665,72.142172,66.194007,42.839799,26.330446,26.536538,29.07748,28.659654,28.298426,21.922711,21.844729,61.977731,11.130106,22.180855,21.735788,33.048075,67.047292,26.651871,13.807849,68.172562,11.538746,59.958505,26.651871,40.20777,14.150181,70.305444,70.651898,70.186496,67.047292,71.880222
2019-01-04 08:00:00,50.886519,49.998091,51.124346,19.645138,57.701878,37.863394,18.045252,28.353132,23.638314,23.638314,20.679364,17.173465,19.407807,19.645138,57.669957,65.559528,14.592519,20.221557,20.21487,12.951954,12.951954,25.80161,21.684268,31.85443,21.752828,24.582355,37.982073,27.914132,22.635018,6.637369,10.639298,12.779397,57.569962,20.093062,37.749836,22.895808,60.996946,59.961591,59.089756,22.895808,23.687833,15.279623,52.25507,34.170745,20.242541,56.002987,14.187118,24.429884,57.008484,57.677076,58.341533,58.198967,11.351436,61.820524,55.181713,14.187118,14.452913,14.245108,14.514063,14.40068,14.138803,14.631142,60.112097,54.000031,23.687833,20.748783,20.21487,56.002987,22.779248,37.863394,32.569834,48.670525,25.813043,17.06803,20.414859,37.863394,11.399452,18.045252,24.612896,13.944277,56.369696,51.124346,37.749836,51.005719,54.000031,14.121672,57.590837,57.640193,20.21487,12.951954,11.041042,15.52294,49.934498,14.187118,57.851243,53.357951,35.870413,23.522453,23.676799,25.578132,25.266084,24.996305,20.221557,20.163163,50.18529,12.170215,20.414859,20.081586,28.547579,54.000031,23.148581,14.138803,54.848648,12.471007,48.670525,23.148581,33.339173,14.40068,56.459326,56.721731,56.369696,54.000031,57.652855
2019-01-04 09:00:00,21.00037,20.572417,15.745461,12.864775,29.081659,17.317713,11.130712,15.019585,13.892989,13.892989,13.198038,12.374628,12.805732,12.864775,29.109204,31.607328,11.736258,13.008177,13.006513,11.432749,11.432749,14.409904,13.372069,15.860107,13.389501,14.109603,17.34644,14.911914,13.657351,10.307182,10.914231,11.216499,29.01057,12.97621,17.290226,13.718601,30.023771,29.664425,29.363618,13.718601,13.868073,11.778638,23.769241,16.424747,13.013397,29.808339,11.497812,14.074618,28.415714,28.705094,28.974472,29.017216,5.622504,30.259182,27.556812,11.497812,11.571249,11.513834,11.588145,11.556818,11.465879,11.617277,29.70461,8.451509,13.868073,13.139339,13.006513,29.808339,13.645504,17.317713,16.03807,19.932933,10.739391,12.223644,13.056266,17.317713,11.077359,11.130712,14.119872,11.337309,28.754512,15.745461,17.290226,16.046347,8.451509,11.454556,29.021819,29.112366,13.006513,11.432749,11.041042,12.006372,18.763417,11.497812,29.113403,10.080094,16.835306,13.83087,13.869366,14.336037,14.262256,14.198469,13.008177,12.993649,18.127301,11.146455,13.056266,12.973355,15.057106,8.451509,10.87362,11.465879,32.21339,11.197035,19.932933,10.87362,14.448046,11.556818,28.380085,28.39711,28.754512,8.451509,29.111021
2019-01-04 10:00:00,10.180011,10.483792,14.713273,15.99033,25.420185,12.406865,9.481077,13.618203,13.900724,13.900724,13.77611,13.628462,16.062852,15.99033,25.413693,24.094289,14.324304,15.814191,15.816234,12.211299,12.211299,13.771095,15.367224,13.311073,15.336875,14.068107,12.390545,13.71378,13.858471,10.366407,9.609976,9.099271,25.483249,15.853456,12.422481,13.869454,24.719388,24.861238,24.983202,13.869454,14.815973,17.326523,7.89901,12.893378,15.807779,25.434076,8.11163,14.041073,24.94474,24.93749,24.903102,25.060548,12.836231,24.535415,28.937775,8.11163,18.693675,8.054044,17.561402,13.553398,8.22532,17.525481,24.823618,21.188953,14.815973,15.653084,15.816234,25.434076,15.006957,12.406865,13.092838,10.937728,10.992621,16.777828,15.755123,12.406865,10.296848,9.481077,13.992022,8.683062,26.200503,14.713273,12.422481,14.446142,21.188953,8.265633,25.473269,25.418588,15.816234,12.211299,10.704149,13.07438,12.033886,8.11163,25.372477,19.74307,12.680927,14.768071,14.71846,14.295886,14.295054,14.294335,15.814191,15.832035,12.598639,9.320608,15.755123,15.856963,13.82995,21.188953,10.47414,8.22532,23.803631,9.202751,10.937728,10.47414,10.112094,13.553398,26.096176,25.545984,26.200503,21.188953,25.416506
2019-01-04 11:00:00,3.734603,3.276495,-14.919265,12.719336,22.290103,6.07839,10.983138,9.090222,10.363967,10.363967,10.955049,11.655391,12.823676,12.719336,22.429737,19.796852,12.72603,12.465919,12.468859,11.64361,11.64361,9.779535,11.822855,8.077172,11.786229,10.263436,6.039974,9.256613,10.564386,11.380673,10.489763,9.979402,22.233685,12.522411,6.115147,10.51229,20.843718,21.081276,21.28743,10.51229,10.984086,14.640106,11.817498,7.258984,12.456694,27.18912,9.110704,10.279672,20.992333,21.035314,21.01564,21.364278,16.437012,20.481994,20.641141,9.110704,15.709115,9.057705,14.977326,12.4818,9.223777,14.925754,21.005461,-43.786608,10.984086,12.23413,12.468859,27.18912,11.323749,6.07839,7.76291,2.591951,13.453287,13.852333,12.380937,6.07839,10.773748,10.983138,10.203955,9.679033,23.058978,-14.919265,6.115147,-13.728445,-43.786608,9.26387,22.242613,22.482786,12.468859,11.64361,11.041042,11.650785,-2.975071,9.110704,22.186985,-37.34114,6.723497,10.988879,10.919335,10.192735,10.263563,10.324797,12.465919,12.491592,-5.492634,10.14895,12.380937,12.527456,9.191818,-43.786608,12.605991,9.223777,37.06521,10.036188,2.591951,12.605991,12.987696,12.4818,21.649202,21.33533,23.058978,-43.786608,22.460219
2019-01-04 12:00:00,5.525552,5.178006,-14.783662,22.467676,25.259072,10.274704,8.664231,15.016107,16.583583,16.583583,16.823817,17.108456,22.690149,22.467676,25.413693,22.11296,19.299211,21.927347,21.933615,14.399159,14.399159,15.864379,20.556216,13.612405,20.468804,16.821223,10.212572,15.33264,16.66504,10.672067,8.511116,7.125792,25.204254,22.047797,10.334155,16.643866,23.500732,23.815649,24.087527,16.643866,18.828278,26.565293,14.076887,12.155527,21.907677,30.714529,4.542322,16.782842,23.874345,23.886075,23.829402,24.218785,17.572241,23.061016,23.58627,4.542322,30.033616,4.389792,27.285244,17.63324,4.850278,27.17514,23.724657,-46.636718,18.828278,21.433131,21.933615,30.714529,19.466581,10.274704,12.942711,4.658672,13.539832,24.883433,21.746148,10.274704,10.049123,8.664231,16.628214,6.090176,26.171606,-14.783662,10.334155,-13.469677,-46.636718,4.959473,25.212929,25.47337,21.933615,14.399159,11.041042,16.049176,-1.604095,4.542322,25.138236,-39.524603,11.318092,18.740895,18.590187,17.198025,17.253674,17.301785,21.927347,21.982085,-4.382046,7.684456,21.746148,22.058555,15.501593,-46.636718,11.867432,4.850278,41.592338,7.368813,4.658672,11.867432,13.692692,17.63324,24.622811,24.265171,26.171606,-46.636718,25.447983
2019-01-04 13:00:00,22.152738,23.070864,13.377803,16.859206,26.594492,-1000.0,7.271079,3.077587,7.659555,7.659555,10.217013,13.247208,17.310536,16.859206,26.678393,21.695065,17.678378,15.763037,15.775754,13.506184,13.506184,5.557214,12.981418,-9.079659,12.875353,6.97808,39.321258,3.577205,8.526716,13.654197,8.924086,6.275677,26.628181,16.007395,-390.706375,8.301312,24.341853,24.94247,25.45125,8.301312,9.01348,25.155353,23.961422,-2.972508,15.723133,29.808339,2.851686,7.088143,26.2768,25.985992,25.666153,25.904977,12.434357,23.778718,26.955847,2.851686,29.579253,2.632831,26.60877,16.501266,3.239406,26.386494,24.83476,-2.577377,9.01348,14.760418,15.775754,29.808339,10.965519,-1000.0,-1.307622,24.442808,11.950772,21.760062,15.395438,-1000.0,10.008919,7.271079,6.870161,4.800453,27.596205,13.377803,-390.706375,14.035977,-2.577377,3.376884,26.62285,26.7185,15.775754,13.506184,11.25582,13.348462,20.47628,2.851686,26.473823,0.985078,-18.261415,9.582655,9.295467,5.269861,6.112123,6.840293,15.763037,15.874086,18.587967,7.114607,15.395438,16.029219,-1.519195,-2.577377,10.345571,3.239406,35.227537,6.54324,24.442808,10.345571,15.369334,16.501266,26.857707,26.580132,27.596205,-2.577377,26.701438
2019-01-04 14:00:00,21.999748,22.915764,13.363489,16.989627,26.56677,-1000.0,7.062948,3.068206,7.662432,7.662432,10.208425,13.225033,17.445261,16.989627,26.651507,21.672476,17.697154,15.883003,15.895841,13.389162,13.389162,5.554467,13.074854,-9.103666,12.966946,6.992714,39.242068,3.573361,8.525706,13.463574,8.639493,6.012693,26.599723,16.129691,-390.751407,8.301312,24.313632,24.912972,25.420716,8.301312,9.074463,25.365094,23.849459,-3.020887,15.842718,29.808339,2.959579,7.100879,26.238588,25.949904,25.631763,25.872501,12.434357,23.750371,26.910287,2.959579,29.821615,2.737148,26.832456,16.67463,3.308487,26.608047,24.805175,-2.938676,9.074463,14.870821,15.895841,29.808339,11.037459,-1000.0,-1.34527,24.284555,11.513556,21.937225,15.511898,-1000.0,9.757586,7.062948,6.880004,4.713266,27.569902,13.363489,-390.751407,14.035977,-2.938676,3.432203,26.594508,26.691883,15.895841,13.389162,11.041042,13.289204,20.248532,2.959579,26.44583,0.701254,-18.320213,9.640363,9.35022,5.300225,6.142017,6.869781,15.883003,15.99511,18.686961,6.794066,15.511898,16.151723,-1.514555,-2.938676,9.986934,3.308487,35.28967,6.171034,24.284555,9.986934,15.024694,16.67463,26.822328,26.543399,27.569902,-2.938676,26.674706
2019-01-04 15:00:00,9.925137,9.87256,6.820986,12.138885,16.858958,10.65884,12.939502,11.418274,11.788417,11.788417,12.014679,12.282765,12.158682,12.138885,16.887762,15.966676,12.496201,12.090803,12.09136,12.580802,12.580802,11.618585,11.96879,11.141455,11.962883,11.718779,10.649339,11.454123,11.865136,12.885138,12.745338,12.681745,16.861127,12.101521,10.667931,11.845194,16.370887,16.462611,16.541648,11.845194,11.80288,12.503081,11.231268,10.954036,12.089052,17.92476,12.598724,11.730026,16.497679,16.496904,16.477487,16.584598,14.634759,16.247106,17.237049,12.598724,12.572901,12.59309,12.56696,12.577975,12.612698,12.55719,16.437134,1.9509,11.80288,12.046824,12.09136,17.92476,11.876938,10.65884,11.081787,9.793994,13.451944,12.353856,12.074678,10.65884,12.694904,12.939502,11.714898,12.668961,17.193859,6.820986,10.667931,7.021884,1.9509,12.617653,16.860783,16.900387,12.09136,12.580802,12.698412,12.399291,8.83604,12.598724,16.825693,3.038287,10.818391,11.814708,11.801784,11.646349,11.670457,11.691299,12.090803,12.095674,8.411313,12.691859,12.074678,12.102478,11.407474,1.9509,13.276169,12.612698,19.716085,12.678878,9.793994,13.276169,12.819878,12.577975,16.872346,16.693318,17.193859,1.9509,16.895017
2019-01-04 16:00:00,5.44677,5.719213,9.650656,9.517407,19.449701,7.377026,10.675227,8.475289,9.010574,9.010574,9.337785,9.72548,9.546037,9.517407,19.44578,17.572132,10.034142,9.447872,9.448679,10.156489,10.156489,8.76497,9.271422,8.074965,9.26288,8.909867,7.363286,8.527132,9.121522,10.596608,10.394435,10.302469,19.520042,9.463373,7.390173,9.092683,18.526446,18.743001,18.927721,9.092683,9.03149,10.044093,3.346748,7.803927,9.445341,19.587028,10.182407,8.926132,19.058984,18.998408,18.91266,19.072094,14.311723,18.287352,22.981577,10.182407,10.145063,10.174259,10.136471,10.152401,10.202616,10.122343,18.695551,15.681813,9.03149,9.384272,9.448679,19.587028,9.13859,7.377026,7.988675,6.12632,11.416299,9.828289,9.424554,7.377026,10.321499,10.675227,8.904254,10.283981,20.292397,9.650656,7.390173,9.401862,15.681813,10.209782,19.508911,19.452664,9.448679,10.156489,10.326572,9.893996,7.155196,10.182407,19.39287,14.335183,7.607763,9.048595,9.029905,8.805122,8.839985,8.870126,9.447872,9.454916,7.681181,10.317095,9.424554,9.464757,8.459669,15.681813,11.162101,10.202616,18.113804,10.298322,6.12632,11.162101,9.119482,10.152401,20.190039,19.649586,20.292397,15.681813,19.449736
2019-01-04 17:00:00,10.489942,10.698876,13.999873,13.848219,22.43531,11.357797,10.396107,12.548213,12.715104,12.715104,12.657605,12.589478,13.887829,13.848219,22.429737,21.527573,12.970636,13.752015,13.753131,11.843015,11.843015,12.63853,13.50789,12.378429,13.491372,12.802029,11.823231,12.600976,12.695608,10.867796,10.457268,10.181342,22.482234,13.773461,12.161877,12.700676,21.942509,22.036668,22.117906,12.700676,13.206434,14.578009,8.767083,12.140122,13.748513,22.418369,9.649347,12.78799,22.056487,22.061032,22.044488,22.164299,12.434357,21.812501,25.125745,9.649347,15.312605,9.618296,14.70629,12.561351,9.710765,14.686671,22.009812,19.087413,13.206434,13.664021,13.753131,22.418369,13.311276,11.357797,12.252422,11.011084,11.225853,14.278336,13.719753,11.357797,10.822888,10.396107,12.761047,9.958046,23.019936,13.999873,12.161877,13.790004,19.087413,9.732542,22.474808,22.43306,13.753131,11.843015,11.041042,12.297626,11.894845,9.649347,22.400622,17.951472,12.030604,13.180873,13.153791,12.92202,12.922154,12.92227,13.752015,13.761761,12.338536,10.300223,13.719753,13.775376,12.664836,19.087413,10.941238,9.710765,21.132525,10.236614,11.011084,10.941238,10.526019,12.561351,22.940917,22.518309,23.019936,19.087413,22.431646
2019-01-04 18:00:00,11.568961,11.834537,15.656196,16.754266,25.420539,13.455933,9.036525,14.442668,14.577297,14.577297,14.325176,14.026451,16.826043,16.754266,25.413693,24.509502,14.703522,16.579937,16.581959,12.284959,12.284959,14.515525,16.137562,14.234182,16.106349,14.800026,13.442277,14.532435,14.49181,10.059242,9.277585,8.734611,25.472313,16.618798,13.468999,14.514031,24.908524,24.999072,25.077578,14.514031,15.59961,18.077005,9.52607,13.857095,16.573591,25.376289,7.664795,14.764053,24.969184,24.986407,24.979131,25.115356,11.624302,24.772655,28.480853,7.664795,19.580226,7.60281,18.309588,13.795946,7.785759,18.274018,24.970653,21.518055,15.59961,16.420485,16.581959,25.376289,15.777784,13.455933,14.018235,12.231384,10.483146,17.533672,16.521476,13.455933,10.075131,9.036525,14.716367,8.272787,26.072838,15.656196,13.468999,15.414386,21.518055,7.828651,25.46412,25.417061,16.581959,12.284959,10.531526,13.345563,13.230785,7.664795,25.383024,20.209226,13.685249,15.539877,15.49047,15.09207,15.079206,15.068085,16.579937,16.597597,13.742006,8.978566,16.521476,16.622269,14.686185,21.518055,9.986934,7.785759,23.882018,8.852423,12.231384,9.986934,10.210735,13.795946,25.981561,25.497816,26.072838,21.518055,25.415629
2019-01-04 19:00:00,28.094311,27.938334,28.327453,24.377301,30.445586,25.715915,8.957997,23.816927,22.296558,22.296558,20.792773,19.011019,24.406903,24.377301,30.433873,33.503209,19.163948,24.305405,24.306239,14.609369,14.609369,22.994148,24.122962,24.768802,24.097302,23.00867,25.737421,23.801468,21.786667,9.050126,8.741169,8.335223,30.393717,24.321432,25.695336,21.919205,31.725594,31.322213,30.982573,21.919205,23.984083,24.925819,28.259384,25.008018,24.302788,29.808339,6.982294,22.893658,30.167471,30.429032,30.688635,30.634818,5.562785,32.045522,29.451536,6.982294,27.134268,6.902488,25.023023,17.383974,7.139986,25.008158,31.380625,29.14168,23.984083,24.239645,24.306239,29.808339,23.939657,25.715915,24.68025,27.70526,11.198958,24.698742,24.281295,25.715915,10.338868,8.957997,22.883343,7.774891,29.929091,28.327453,25.695336,28.293865,29.14168,7.195901,30.401925,30.42253,24.306239,14.609369,11.041042,17.290063,27.990557,6.982294,30.503404,28.959881,25.354756,23.82551,23.801804,23.853054,23.716877,23.599145,24.305405,24.312689,28.061567,8.622979,24.281295,24.322864,24.286313,29.14168,10.430277,7.139986,29.411145,8.493181,27.70526,10.430277,16.054826,17.383974,29.956417,30.057265,29.929091,29.14168,30.427355
2019-01-04 20:00:00,28.06251,27.898566,28.294481,23.990179,30.454969,25.5689,9.036423,23.591858,22.055602,22.055602,20.5635,18.795589,24.0148,23.990179,30.443075,33.554086,18.901006,23.930381,23.931075,14.4995,14.4995,22.760481,23.778639,24.562512,23.755091,22.754832,25.591467,23.569952,21.549673,9.078946,8.819887,8.448197,30.402413,23.943711,25.547307,21.681181,31.752416,31.343575,30.999338,21.681181,23.677437,24.446914,28.241156,24.829537,23.928204,29.808339,7.164639,22.641901,30.173335,30.438404,30.701497,30.646898,5.445622,32.076701,29.447842,7.164639,26.558149,7.088909,24.527982,17.176216,7.314194,24.515584,31.402785,29.129157,23.677437,23.875686,23.931075,29.808339,23.620156,25.5689,24.488948,27.653586,11.158012,24.25753,23.910328,25.5689,10.367635,9.036423,22.634934,7.916338,29.931407,28.294481,25.547307,28.260049,29.129157,7.367224,30.41073,30.43157,23.931075,14.4995,11.041042,17.115905,27.949124,7.164639,30.513581,28.942791,25.189935,23.522453,23.502162,23.581956,23.446127,23.328698,23.930381,23.936439,28.021917,8.720786,23.910328,23.944902,24.045877,29.129157,10.430277,7.314194,29.404152,8.599119,27.653586,10.430277,16.020346,17.176216,29.959336,30.061591,29.931407,29.129157,30.436465
2019-01-04 21:00:00,23.958898,23.9018,24.143945,23.816471,25.421164,23.040383,8.829897,22.203938,21.190382,21.190382,19.985719,18.558379,23.875243,23.816471,25.413693,27.414635,19.022702,23.673728,23.675384,14.505716,14.505716,21.655431,23.311507,22.773339,23.27683,21.815068,23.048555,22.240016,20.781915,9.362778,8.745758,8.179525,25.38722,23.705549,23.032565,20.888089,26.255173,25.992064,25.770539,20.888089,22.9302,24.901683,23.980152,22.746066,23.668532,25.011301,6.656702,21.714176,25.237891,25.408749,25.578247,25.54355,7.589174,26.463626,24.769928,6.656702,27.26376,6.567267,25.093041,17.283156,6.833206,25.063776,26.030111,24.603161,22.9302,23.543168,23.675384,25.011301,22.992009,23.040383,22.596882,23.816481,11.26584,24.454659,23.62586,23.040383,10.30319,8.829897,21.681798,7.54385,25.08487,24.143945,23.032565,24.125001,24.603161,6.895791,25.392592,25.406354,23.675384,14.505716,11.041042,16.97387,23.953939,6.656702,25.458787,24.500627,22.903161,22.785777,22.742948,22.57045,22.466589,22.376798,23.673728,23.688189,23.993988,8.509719,23.62586,23.70839,22.666441,24.603161,10.430277,6.833206,24.764563,8.35189,23.816481,10.430277,14.884684,17.283156,25.100911,25.166364,25.08487,24.603161,25.409476
2019-01-04 22:00:00,13.549613,13.394729,9.079708,14.88151,22.395576,13.455933,8.964325,13.644816,13.470608,13.470608,13.106986,12.676149,14.921846,14.88151,22.429737,22.639627,13.036602,14.783546,14.784683,11.113501,11.113501,13.55054,14.534954,13.692212,14.515386,13.694114,13.452562,13.686939,13.347314,9.061325,8.70657,8.422563,22.370254,14.805384,13.459158,13.379362,22.35798,22.294068,22.242437,13.379362,14.245809,15.625298,15.560697,13.542895,14.77998,23.548053,7.697138,13.658016,21.836597,21.948728,22.037589,22.14316,9.508477,22.347011,22.14441,7.697138,16.712342,7.653705,15.756201,12.340443,7.785759,15.736182,22.288589,2.288912,14.245809,14.693943,14.784683,23.548053,14.327239,13.455933,13.570942,13.163288,10.520841,15.319497,14.750694,13.455933,9.353513,8.964325,13.632701,8.142568,22.548866,9.079708,13.459158,9.359839,2.288912,7.817182,22.374262,22.441312,14.784683,11.113501,9.677049,12.065185,11.889478,7.697138,22.380354,3.805154,13.512539,14.191006,14.162714,13.97301,13.945031,13.920842,14.783546,14.793471,11.297243,8.570861,14.750694,14.807335,13.840159,2.288912,9.986934,7.785759,25.930087,8.493276,13.163288,9.986934,11.955323,12.340443,22.139685,21.99486,22.548866,2.288912,22.436388
2019-01-04 23:00:00,13.293134,13.313363,15.739494,11.319615,22.437808,12.406865,8.512423,11.546332,10.978399,10.978399,10.487809,9.906537,11.316933,11.319615,22.429737,22.84656,9.836129,11.326127,11.326051,8.65588,8.65588,11.238983,11.342652,11.92484,11.33925,11.191631,12.417069,11.524233,10.812054,6.84891,7.174778,7.307132,22.452812,11.324675,12.397101,10.855292,22.53197,22.460583,22.401813,10.855292,11.392388,11.271274,12.298679,12.079924,11.326364,22.201568,7.093407,11.157193,22.085606,22.176724,22.252771,22.316549,9.686161,22.550792,23.961527,7.093407,11.748686,7.076347,11.263044,9.498064,7.139986,11.264303,22.461888,19.637044,11.392388,11.332083,11.326051,22.201568,11.343616,12.406865,11.933088,13.34359,10.756781,11.2905,11.328311,12.406865,7.589664,8.512423,11.162314,7.327523,22.665431,15.739494,12.397101,15.578715,19.637044,7.156502,22.450438,22.4281,11.326051,8.65588,7.705089,9.417556,14.126838,7.093407,22.433569,18.766803,12.235512,11.346777,11.347433,11.439312,11.393045,11.353045,11.326127,11.325467,14.466749,7.299437,11.328311,11.324545,11.669025,19.637044,9.986934,7.139986,21.161097,7.296324,13.34359,9.986934,11.195647,9.498064,22.623021,22.366227,22.665431,19.637044,22.428796
2019-01-05 00:00:00,10.521998,10.47329,7.323061,13.83276,22.396572,11.357797,9.09519,12.1368,12.275565,12.275565,12.12774,11.95259,13.885107,13.83276,22.429737,21.767393,12.449628,13.705623,13.707097,10.777377,10.777377,12.211896,13.383,11.958026,13.360566,12.422029,11.34714,12.203618,12.225442,9.168817,8.730207,8.418867,22.397056,13.733964,11.367995,12.23847,21.962893,22.007256,22.047332,12.23847,12.988537,14.797352,11.859002,11.672853,13.700994,23.61567,7.694632,12.398374,21.790736,21.850844,21.882223,22.03203,11.351436,21.850794,23.205768,7.694632,15.837461,7.650823,14.966941,11.882695,7.785759,14.941006,21.982453,2.288912,12.988537,13.589335,13.707097,23.61567,13.121514,11.357797,11.800524,10.400506,10.880469,14.401179,13.662987,11.357797,9.275334,9.09519,12.363355,8.152658,22.827966,7.323061,11.367995,7.530727,2.288912,7.818071,22.396979,22.444028,13.707097,10.777377,9.571869,11.493105,9.405997,7.694632,22.360019,3.412931,11.536773,12.948423,12.912476,12.616373,12.610362,12.605165,13.705623,13.718502,8.966962,8.562419,13.662987,13.736495,12.304895,2.288912,10.268093,7.785759,25.561606,8.481438,10.400506,10.268093,11.158987,11.882695,22.405008,22.11149,22.827966,2.288912,22.437948
2019-01-05 01:00:00,8.570814,8.609895,6.201901,13.91823,19.416182,10.281701,8.96903,11.633997,12.04103,12.04103,12.046424,12.052815,13.987005,13.91823,19.44578,18.289996,12.723847,13.751193,13.753131,11.03404,11.03404,11.854271,13.327324,11.251122,13.299672,12.14501,10.263829,11.729268,12.042859,9.668064,8.982384,8.534065,19.429757,13.788429,10.298802,12.042383,18.788479,18.901596,18.999352,12.042383,12.797234,15.185108,9.437239,10.820167,13.745113,20.556697,7.686044,12.128217,18.907998,18.916869,18.899495,19.047806,11.892896,18.627753,20.536177,7.686044,16.337578,7.636222,15.407736,12.131509,7.785759,15.373689,18.868247,2.263225,12.797234,13.598412,13.753131,20.556697,12.988757,10.281701,11.044119,8.668294,10.449853,14.665033,13.695178,10.281701,9.5208,8.96903,12.080875,8.187235,19.92628,6.201901,10.298802,6.364377,2.263225,7.821116,19.427609,19.460134,13.753131,11.03404,9.855932,11.654495,7.831574,7.686044,19.372145,3.142648,10.58183,12.763631,12.716878,12.297112,12.307877,12.317183,13.751193,13.768115,7.488076,8.720081,13.695178,13.791755,11.802233,2.263225,9.94191,7.785759,22.150224,8.617425,8.668294,9.94191,10.161635,12.131509,19.553791,19.245211,19.92628,2.263225,19.454028
2019-01-05 02:00:00,8.570814,8.609895,6.201901,13.91823,19.416182,10.281701,8.96903,11.633997,12.04103,12.04103,12.046424,12.052815,13.987005,13.91823,19.44578,18.289996,12.723847,13.751193,13.753131,11.03404,11.03404,11.854271,13.327324,11.251122,13.299672,12.14501,10.263829,11.729268,12.042859,9.668064,8.982384,8.534065,19.429757,13.788429,10.298802,12.042383,18.788479,18.901596,18.999352,12.042383,12.797234,15.185108,9.437239,10.820167,13.745113,20.556697,7.686044,12.128217,18.907998,18.916869,18.899495,19.047806,11.892896,18.627753,20.536177,7.686044,16.337578,7.636222,15.407736,12.131509,7.785759,15.373689,18.868247,2.263225,12.797234,13.598412,13.753131,20.556697,12.988757,10.281701,11.044119,8.668294,10.449853,14.665033,13.695178,10.281701,9.5208,8.96903,12.080875,8.187235,19.92628,6.201901,10.298802,6.364377,2.263225,7.821116,19.427609,19.460134,13.753131,11.03404,9.855932,11.654495,7.831574,7.686044,19.372145,3.142648,10.58183,12.763631,12.716878,12.297112,12.307877,12.317183,13.751193,13.768115,7.488076,8.720081,13.695178,13.791755,11.802233,2.263225,9.94191,7.785759,22.150224,8.617425,8.668294,9.94191,10.161635,12.131509,19.553791,19.245211,19.92628,2.263225,19.454028
2019-01-05 03:00:00,10.005683,10.000236,7.039458,14.647442,22.396345,11.357797,8.996707,12.486906,12.76298,12.76298,12.666904,12.553068,14.713348,14.647442,22.429737,21.548587,13.186977,14.487372,14.489229,11.310371,11.310371,12.636309,14.081182,12.195067,14.053759,12.907486,11.342633,12.574407,12.730404,9.669846,9.008488,8.562519,22.402451,14.523055,11.372307,12.738871,21.864768,21.936516,21.999761,12.738871,13.579204,15.861696,11.180064,11.810637,14.481545,23.646246,7.682632,12.884147,21.78416,21.830251,21.846519,22.006099,11.351436,21.727798,23.419003,7.682632,17.081598,7.630965,16.075131,12.515335,7.785759,16.042489,21.906994,2.260153,13.579204,14.340963,14.489229,23.646246,13.754211,11.357797,11.996735,9.992098,10.503934,15.363096,14.433693,11.357797,9.616369,8.996707,12.839456,8.200972,22.889828,7.039458,11.372307,7.236611,2.260153,7.822326,22.401485,22.44481,14.489229,11.310371,9.975615,12.067199,9.01695,7.682632,22.354661,3.327271,11.612446,13.537315,13.492271,13.105605,13.106454,13.107189,14.487372,14.503588,8.60014,8.755489,14.433693,14.526242,12.67481,2.260153,9.986934,7.785759,25.532259,8.651131,9.992098,9.986934,10.69638,12.515335,22.461576,22.137886,22.889828,2.260153,22.438398
2019-01-05 04:00:00,10.493682,10.446697,7.287928,13.880711,22.396442,11.357797,9.09021,12.157388,12.304216,12.304216,12.159417,11.987851,13.933857,13.880711,22.429737,21.755308,12.492951,13.751634,13.753131,10.808601,10.808601,12.236847,13.424088,11.97197,13.40136,12.450575,11.346875,12.225423,12.255119,9.197887,8.746399,8.427273,22.397113,13.780408,11.368249,12.267881,21.95723,22.003051,22.044362,12.267881,13.023292,14.860012,11.83053,11.680956,13.746935,23.621035,7.693912,12.426936,21.789629,21.84907,21.879699,22.030152,11.351436,21.843736,23.212199,7.693912,15.910711,7.64964,15.032184,11.919935,7.785759,15.005853,21.977979,2.237931,13.023292,13.633572,13.753131,23.621035,13.158744,11.357797,11.812062,10.376487,10.860571,14.457804,13.708348,11.357797,9.295236,9.09021,12.391349,8.155554,22.830951,7.287928,11.368249,7.496248,2.237931,7.818326,22.397007,22.444106,13.753131,10.808601,9.595432,11.526788,9.377422,7.693912,22.359586,3.365489,11.541223,12.983071,12.946588,12.645154,12.639544,12.634695,13.751634,13.76471,8.937005,8.573684,13.708348,13.782977,12.326656,2.237931,10.253312,7.785759,25.573247,8.491341,10.376487,10.253312,11.136648,11.919935,22.406674,22.111831,22.830951,2.237931,22.437993
2019-01-05 05:00:00,11.403516,11.354825,7.857857,15.315307,22.395464,12.406865,9.377003,13.322148,13.485061,13.485061,13.311175,13.105146,15.376829,15.315307,22.429737,21.835865,13.689284,15.165887,15.167621,11.723557,11.723557,13.410312,14.786721,13.112154,14.760353,13.657263,12.394342,13.400671,13.426101,9.899777,9.299827,8.882653,22.391778,15.199196,12.418847,13.441427,21.99778,22.034523,22.068058,13.441427,14.32313,16.448959,12.876718,12.777044,15.160448,23.638537,8.010555,13.629451,21.812011,21.872877,21.906358,22.048285,11.351436,21.895217,22.980406,8.010555,17.681329,7.959063,16.648272,12.985174,8.114022,16.61779,22.011657,2.263225,14.32313,15.029219,15.167621,23.638537,14.479401,12.406865,12.927047,11.282066,10.980194,15.98335,15.115779,12.406865,9.943102,9.377003,13.588296,8.530604,22.782807,7.857857,12.418847,8.088644,2.263225,8.15071,22.392361,22.443995,15.167621,11.723557,10.306456,12.564973,10.172701,8.010555,22.361327,3.512388,12.617158,14.275971,14.233724,13.885748,13.878669,13.872548,15.165887,15.181024,9.684785,9.07032,15.115779,15.202171,13.519745,2.263225,10.430277,8.114022,25.734709,8.969361,11.282066,10.430277,11.519997,12.985174,22.359038,22.097651,22.782807,2.263225,22.437929
2019-01-05 06:00:00,11.860394,11.848281,8.188984,17.570076,25.751185,13.455933,9.272793,14.785457,15.049953,15.049953,14.84129,14.594056,17.655737,17.570076,25.790176,24.960191,15.410414,17.362026,17.36444,12.758388,12.758388,14.928595,16.834084,14.468264,16.797675,15.2749,13.437848,14.896044,14.979201,10.388437,9.479215,8.858079,25.752928,17.408405,13.473237,14.997592,25.21958,25.278441,25.331208,14.997592,16.186609,19.148474,13.322811,13.992231,17.354453,27.18912,7.647442,15.238569,25.042346,25.108862,25.141572,25.318919,11.681675,25.082312,26.736842,7.647442,20.834963,7.577042,19.425961,14.430828,7.785759,19.383524,25.248272,2.288519,16.186609,17.171732,17.36444,27.18912,16.407014,13.455933,14.210514,11.83018,11.034603,18.500243,17.292257,13.455933,10.346722,9.272793,15.181043,8.342652,26.269349,8.188984,13.473237,8.432387,2.288519,7.834803,25.752652,25.80712,17.36444,12.758388,10.853243,13.876347,10.630369,7.647442,25.707192,3.605968,13.759631,16.124146,16.065401,15.575737,15.569008,15.56319,17.362026,17.383103,10.115781,9.131396,17.292257,17.412547,15.051769,2.288519,10.430277,7.785759,29.464479,8.987655,11.83018,10.430277,11.68589,14.430828,25.772684,25.423706,26.269349,2.288519,25.799912
2019-01-05 07:00:00,19.682722,19.292882,12.87147,15.819308,28.485013,17.304852,10.74099,16.00294,15.103577,15.103577,14.298076,13.343681,15.820588,15.819308,28.527558,29.857247,13.283482,15.816198,15.816234,11.204867,11.204867,15.516231,15.808307,16.59311,15.800433,15.462475,17.320138,15.974511,14.830454,8.133903,8.599403,8.771793,28.42546,15.816892,17.290226,14.901448,28.91151,28.6969,28.518457,14.901448,15.846195,15.844618,23.000356,16.81226,15.816085,29.808339,8.347336,15.40451,27.799963,28.01152,28.198587,28.286424,11.351436,29.018031,27.135076,8.347336,16.72571,8.315192,15.849501,12.673273,8.431532,15.848754,28.712758,2.954987,15.846195,15.813354,15.816234,29.808339,15.781904,17.304852,16.589548,18.71035,14.473319,15.833211,15.815156,17.304852,9.325875,10.74099,15.409011,8.770522,28.380991,12.87147,17.290226,13.280539,2.954987,8.461386,28.434884,28.538563,15.816234,11.204867,9.545505,12.507448,16.974528,8.347336,28.490393,5.169128,17.048161,15.768487,15.765701,15.881941,15.806823,15.741881,15.816198,15.816513,16.109697,8.777477,15.815156,15.816953,16.21841,2.954987,13.193078,8.431532,33.140279,8.762977,18.71035,13.193078,16.900349,12.673273,27.883385,27.843523,28.380991,2.954987,28.533882
2019-01-05 08:00:00,29.639655,29.228258,29.848008,15.598134,33.388221,23.561854,9.449335,19.075741,16.693052,16.693052,15.047092,13.096884,15.507281,15.598134,33.370305,37.888031,12.062557,15.818794,15.816234,10.130313,10.130313,17.7863,16.378738,20.79661,16.400295,17.281858,23.617236,18.888445,16.134954,6.202472,7.49909,8.105825,33.312401,15.769605,23.508862,16.280023,35.27407,34.680902,34.181434,16.280023,17.176152,13.928061,30.234785,21.828053,15.826827,32.427557,8.251184,17.186761,32.986879,33.370475,33.751524,33.670732,3.331068,35.745424,31.938138,8.251184,14.221866,8.253496,13.635466,11.366596,8.261851,13.680213,34.767013,31.338396,17.176152,16.020623,15.816234,32.427557,16.785104,23.561854,21.070662,28.613514,11.617243,14.611586,15.892792,23.561854,8.2623,9.449335,17.260249,8.304797,32.626297,29.848008,23.508862,29.786527,31.338396,8.265633,33.3244,33.353382,15.816234,10.130313,8.355609,11.937015,29.231342,8.251184,33.473601,31.005624,22.631823,17.063734,17.121599,17.928486,17.761046,17.616287,15.818794,15.79644,29.361321,7.995105,15.892792,15.765212,19.285455,31.338396,10.87362,8.261851,31.793189,8.065307,28.613514,10.87362,16.916309,11.366596,32.673749,32.823373,32.626297,31.338396,33.360581
2019-01-05 09:00:00,27.110316,26.943853,26.454994,24.188335,30.173939,25.008211,9.169495,23.374721,21.983423,21.983423,20.558216,18.869566,24.224902,24.188335,30.169542,32.912541,19.097494,24.099522,24.100552,14.570075,14.570075,22.621791,23.874152,24.229964,23.846404,22.671488,25.026394,23.371836,21.500176,9.091241,8.762347,8.351633,30.122857,24.11932,24.990812,21.625788,31.301534,30.935959,30.628439,21.625788,23.676962,24.864987,27.64172,24.403532,24.096289,29.808339,6.976037,22.56036,29.853421,30.099697,30.34121,30.307284,6.639709,31.583357,29.168384,6.976037,27.095774,6.894209,24.984667,17.358297,7.139986,24.966364,30.986957,25.86252,23.676962,24.018289,24.100552,29.808339,23.658506,25.008211,24.12042,26.69511,11.763348,24.585407,24.069739,25.008211,10.342377,9.169495,22.544729,7.800081,29.727622,26.454994,24.990812,26.479434,25.86252,7.198119,30.130941,30.161434,24.100552,14.570075,11.041042,17.188552,26.700137,6.976037,30.223102,25.994807,24.702853,23.522453,23.494198,23.49092,23.363128,23.252647,24.099522,24.108519,26.648466,8.63653,24.069739,24.121088,23.840577,25.86252,10.87362,7.139986,29.900075,8.504107,26.69511,10.87362,16.282771,17.358297,29.687098,29.766572,29.727622,25.86252,30.164883
2019-01-05 10:00:00,15.695724,15.446607,10.304568,14.826635,22.394751,13.455933,9.962431,14.369672,13.96498,13.96498,13.513422,12.978396,14.844111,14.826635,22.429737,23.207932,13.108425,14.78419,14.784683,11.527101,11.527101,14.150664,14.676483,14.623112,14.665218,14.192567,14.681551,14.377322,13.811869,9.612382,9.523852,9.400371,22.352044,14.793652,15.498922,13.851668,22.617242,22.483201,22.372137,13.851668,14.569285,15.14955,18.223835,14.622818,14.782645,23.507969,8.909653,14.155809,21.874255,22.018876,22.144157,22.219104,9.37822,22.672789,21.410001,8.909653,15.947423,8.879422,15.206546,12.539229,8.97343,15.19783,22.49048,2.288912,14.569285,14.745368,14.784683,23.507969,14.578875,13.455933,14.553156,15.074354,11.349354,15.016402,14.769956,13.455933,10.069124,9.962431,14.146595,9.23021,22.359232,10.304568,15.498922,10.635226,2.288912,8.996044,22.358803,22.439548,14.784683,11.527101,10.306456,12.410969,13.621138,8.909653,22.393734,4.078639,14.722268,14.516357,14.503373,14.468148,14.42751,14.392376,14.78419,14.78849,12.922081,9.489986,14.769956,14.794497,14.541465,2.288912,10.87362,8.97343,26.200114,9.444274,15.074354,10.87362,13.306021,12.539229,21.960111,21.919086,22.359232,2.288912,22.435374
2019-01-05 11:00:00,4.646362,4.062883,-15.238092,10.610071,25.268373,5.762234,9.696401,7.987119,8.942639,8.942639,9.402282,9.946888,10.685209,10.610071,25.413693,23.55676,10.720948,10.42758,10.429697,10.027847,10.027847,8.504218,9.964494,7.232396,9.93843,8.855183,5.733911,8.108215,9.098491,9.944014,9.311158,8.953537,25.192108,10.468261,5.789334,9.05798,24.122335,24.250677,24.365282,9.05798,9.358462,11.99319,13.419059,6.633615,10.420937,30.296739,8.352334,8.869308,23.797769,23.924715,23.984219,24.339436,12.923583,23.835665,23.201163,8.352334,12.723388,8.315485,12.235999,10.583233,8.431532,12.198865,24.187913,-45.742984,9.358462,10.260663,10.429697,30.296739,9.605925,5.762234,7.006077,3.190998,11.488249,11.425969,10.366382,5.762234,9.484589,9.696401,8.814555,8.750402,25.928418,-15.238092,5.789334,-13.979721,-45.742984,8.459614,25.204177,25.466766,10.429697,10.027847,9.663012,9.978542,-2.616343,8.352334,25.1763,-38.931886,6.237857,9.365166,9.315166,8.786691,8.840874,8.887717,10.42758,10.446067,-5.276719,9.069062,10.366382,10.471894,8.051322,-45.742984,10.87362,8.431532,40.708743,8.990366,3.190998,10.87362,12.037811,10.583233,24.433035,24.129485,25.928418,-45.742984,25.444189
2019-01-05 12:00:00,1.5736,1.071998,-19.267963,12.096534,22.273551,4.340948,9.350614,7.804949,9.240303,9.240303,9.873418,10.623561,12.220478,12.096534,22.429737,19.458691,11.889126,11.795505,11.798997,10.427942,10.427942,8.581721,11.03162,6.65274,10.987482,9.151468,4.296653,8.000014,9.454975,9.901345,8.825363,8.199008,22.210964,11.86261,4.383331,9.399174,20.645113,20.91434,21.14788,9.399174,10.039353,14.378331,10.587606,5.700292,11.784547,27.755352,7.117617,9.165816,20.82549,20.871138,20.846772,21.236961,15.645085,20.237861,20.43949,7.117617,15.728643,7.051985,14.778973,11.521518,7.256458,14.717702,20.829062,-51.549512,10.039353,11.520167,11.798997,27.755352,10.437019,4.340948,6.279459,0.322461,12.258391,13.442402,11.694556,4.340948,9.225801,9.350614,9.076334,7.815465,23.137702,-19.267963,4.383331,-17.936302,-51.549512,7.305689,22.220868,22.489138,11.798997,10.427942,9.571869,10.547078,-5.911102,7.117617,22.15776,-44.341724,5.084788,10.038442,9.955667,9.103181,9.180863,9.248023,11.795505,11.826001,-8.726423,8.413751,11.694556,11.868604,7.943826,-51.549512,11.260982,7.256458,38.798172,8.274714,0.322461,11.260982,11.782839,11.521518,21.561649,21.209889,23.137702,-51.549512,22.463868
2019-01-05 13:00:00,3.680524,3.291591,-12.041219,11.118799,19.328143,5.61472,9.878768,8.12573,9.195874,9.195874,9.701605,10.300818,11.204698,11.118799,19.44578,17.234885,11.183956,10.910171,10.912592,10.341423,10.341423,8.704861,10.380763,7.277554,10.350785,9.104641,5.582724,8.26343,9.367353,10.184299,9.455747,9.041156,19.28047,10.956679,5.645336,9.32278,18.112551,18.311713,18.484574,9.32278,9.689105,12.70005,10.497565,6.598583,10.902577,23.454823,8.339697,9.119376,18.233836,18.270717,18.254797,18.54845,14.419707,17.808544,17.936079,8.339697,13.557839,8.296806,12.977652,11.004354,8.431532,12.935197,18.247973,-36.363077,9.689105,10.719349,10.912592,23.454823,9.970346,5.61472,7.018828,2.710413,11.919673,12.051549,10.840209,5.61472,9.672065,9.878768,9.056913,8.801281,19.974748,-12.041219,5.645336,-11.037907,-36.363077,8.464095,19.288014,19.490455,10.912592,10.341423,9.884208,10.316694,-1.977772,8.339697,19.241395,-30.932519,6.152035,9.69488,9.637673,9.036549,9.096646,9.148603,10.910171,10.931307,-4.098916,9.177043,10.840209,10.960832,8.204332,-36.363077,11.219614,8.431532,31.776182,9.08562,2.710413,11.219614,11.514902,11.004354,18.78683,18.522592,19.974748,-36.363077,19.47145
2019-01-05 14:00:00,-1.176111,-1.79716,-26.101499,10.40678,23.645492,1.82599,8.789922,5.764117,7.455437,7.455437,8.269045,9.233046,10.539774,10.40678,23.831918,20.33947,10.603142,10.083769,10.087516,9.376436,9.376436,6.67941,9.264102,4.428224,9.217968,7.300624,1.775858,5.978461,7.731309,9.22816,8.108007,7.475023,23.569717,10.155774,1.873959,7.6596,21.723661,22.037766,22.310431,7.6596,8.191417,12.854914,9.638977,3.368365,10.07201,30.1844,6.410913,7.325627,21.909742,21.969241,21.945034,22.410307,15.902129,21.243032,21.434912,6.410913,14.147332,6.345692,13.284689,10.359426,6.551092,13.218962,21.93696,-64.649158,8.191417,9.788325,10.087516,30.1844,8.629431,1.82599,4.027636,-2.725186,11.961525,11.850927,9.975447,1.82599,8.41495,8.789922,7.228714,7.115486,24.668415,-26.101499,1.873959,-24.511352,-64.649158,6.600797,23.581708,23.90269,10.087516,9.376436,8.730745,9.289109,-10.151963,6.410913,23.508211,-56.042279,2.66786,8.203286,8.114786,7.179374,7.275281,7.358197,10.083769,10.116492,-13.51376,7.679498,9.975447,10.162205,5.877748,-64.649158,10.87362,6.551092,43.373483,7.540207,-2.725186,10.87362,11.300464,10.359426,22.785487,22.367029,24.668415,-64.649158,23.872584
2019-01-05 15:00:00,-17.44148,-19.180594,-85.915052,12.815616,50.849251,-9.673879,10.97402,0.825556,5.432411,5.432411,7.755533,10.508072,13.157208,12.815616,51.360824,41.861343,14.048182,11.985972,11.995597,11.490512,11.490512,3.318651,9.880682,-2.778689,9.76432,4.931362,-9.807166,1.38484,6.220116,11.83416,9.016883,7.459069,50.639644,12.170916,-9.546343,6.015365,45.609783,46.46039,47.199086,6.015365,7.111687,19.103076,12.323408,-5.566722,11.95577,68.785996,4.893244,5.012285,46.074743,46.24585,46.187043,47.463074,29.864001,44.299441,44.749742,4.893244,22.150567,4.73477,20.206727,13.684235,5.237993,20.037942,46.185307,-191.718381,7.111687,11.227132,11.995597,68.785996,8.256373,-9.673879,-3.807673,-21.77933,19.209696,16.524865,11.707752,-9.673879,9.591899,10.97402,4.761807,6.626026,53.642903,-85.915052,-9.546343,-81.55051,-191.718381,5.360234,50.672814,51.554826,11.995597,11.490512,10.306456,10.892186,-42.13771,4.893244,50.473991,-168.094731,-7.435576,7.164505,6.93775,4.499231,4.767387,4.999219,11.985972,12.07002,-51.364972,7.939148,11.707752,12.187434,1.055896,-191.718381,16.384743,5.237993,104.990924,7.598592,-21.77933,16.384743,17.249669,13.684235,48.473271,47.32718,53.642903,-191.718381,51.472296
2019-01-05 16:00:00,-2.576146,-3.281231,-30.440277,9.860354,25.205473,0.622769,8.9048,4.920636,6.798442,6.798442,7.736817,8.848647,10.001244,9.860354,25.413693,21.540531,10.306972,9.51817,9.522139,9.201773,9.201773,5.93685,8.649847,3.448746,8.601673,6.600555,0.568178,5.150569,7.116619,9.282074,8.115022,7.46674,25.120291,9.594449,0.675004,7.033914,23.070185,23.417299,23.718719,7.033914,7.508954,12.453647,9.531853,2.304409,9.505713,32.506626,6.394283,6.632516,23.263058,23.33208,23.307539,23.826968,16.643146,22.53617,22.725503,6.394283,13.733647,6.328154,12.908863,10.134643,6.537771,12.839245,23.305212,-73.502442,7.508954,9.205188,9.522139,32.506626,7.979411,0.622769,3.024352,-4.334832,12.293997,11.390227,9.403418,0.622769,8.370279,8.9048,6.529339,7.115486,26.343606,-30.440277,0.675004,-28.663899,-73.502442,6.58865,25.133771,25.492672,9.522139,9.201773,8.673184,8.986712,-12.622812,6.394283,25.052619,-63.887569,1.539509,7.528845,7.435274,6.432559,6.541309,6.635328,9.51817,9.552835,-16.378326,7.668573,9.403418,9.601262,5.020855,-73.502442,11.131454,6.537771,47.241761,7.526652,-4.334832,11.131454,11.507814,10.134643,24.239673,23.773016,26.343606,-73.502442,25.459074
2019-01-05 17:00:00,-0.505059,-1.177202,-26.243446,9.995487,25.221716,2.146854,10.755329,5.915227,7.624863,7.624863,8.547254,9.640145,10.110617,9.995487,25.413693,21.895878,10.845881,9.715864,9.719108,10.338099,10.338099,6.840432,9.006298,4.597093,8.968353,7.394218,2.099228,6.108954,7.93762,10.886668,9.972854,9.488418,25.142122,9.778198,2.192424,7.856324,23.274642,23.587516,23.859401,7.856324,8.064773,12.114311,10.713532,3.618104,9.705685,31.949087,8.72357,7.431469,23.423598,23.492189,23.474381,23.952831,17.493816,22.787695,22.914054,8.72357,12.978941,8.67556,12.486157,10.879729,8.830626,12.42929,23.485145,-65.961953,8.064773,9.460105,9.719108,31.949087,8.46232,2.146854,4.250235,-2.181577,13.584542,11.245651,9.622093,2.146854,10.039217,10.755329,7.346117,9.261657,26.262622,-26.243446,2.192424,-24.604999,-65.961953,8.868586,25.154718,25.486383,9.719108,10.338099,10.222378,9.913031,-9.809458,8.72357,25.081705,-57.093649,2.946637,8.095914,8.01982,7.176475,7.279888,7.369293,9.715864,9.744192,-13.273366,9.623279,9.622093,9.783765,5.956116,-65.961953,12.614082,8.830626,45.542807,9.518777,-2.181577,12.614082,12.767373,10.879729,24.321116,23.892254,26.262622,-65.961953,25.45546
2019-01-05 18:00:00,4.487809,4.076576,-13.509033,14.611566,22.294493,7.195721,10.514841,10.398723,11.664336,11.664336,12.152617,12.731155,14.734363,14.611566,22.429737,19.801323,13.972466,14.313324,14.316784,12.171658,12.171658,11.083636,13.55651,9.360218,13.511512,11.637902,7.154531,10.586773,11.829898,11.218541,10.11691,9.455871,22.241406,14.379808,7.235134,11.786863,20.861731,21.102362,21.310896,11.786863,12.581667,16.872538,12.235426,8.455776,14.302467,27.045696,8.284866,11.642171,21.048168,21.082506,21.056359,21.394711,16.380384,20.503418,20.72851,8.284866,18.372338,8.214457,17.269599,13.452235,8.431532,17.208875,21.027499,-41.445806,12.581667,14.040535,14.316784,27.045696,12.963946,7.195721,8.990443,3.462074,13.342402,15.944975,14.213309,7.195721,10.640684,10.514841,11.554446,9.022041,23.05162,-13.509033,7.235134,-12.3566,-41.445806,8.483537,22.249807,22.481308,14.316784,12.171658,11.041042,12.512403,-1.949873,8.284866,22.193266,-35.208114,7.887431,12.567467,12.485128,11.661934,11.725904,11.781209,14.313324,14.343538,-4.386279,9.695487,14.213309,14.385746,10.572945,-41.445806,12.372508,8.431532,36.599404,9.54749,3.462074,12.372508,13.027326,13.452235,21.68867,21.382618,23.05162,-41.445806,22.459369
2019-01-05 19:00:00,11.916871,11.781567,4.652589,17.680151,19.391985,13.455933,9.422167,15.000377,15.348388,15.348388,15.170254,14.959194,18.244408,17.680151,19.44578,18.769472,15.869087,15.923434,15.816234,13.064015,13.064015,15.18871,17.260928,14.613869,17.226565,15.572844,13.43508,15.123761,15.287988,10.598242,9.608034,8.937073,19.363532,13.863524,13.475885,15.303688,18.972255,19.018271,19.05944,15.303688,16.54846,19.850196,14.993636,14.076835,16.259822,21.252517,7.636379,15.536592,18.846085,18.894111,18.917143,19.048543,11.892896,18.867263,18.622328,7.636379,21.654039,7.560603,20.154919,14.84555,7.785759,20.108316,18.99524,-6.709917,16.54846,16.611346,15.816234,21.252517,16.797903,13.455933,14.330978,11.579383,11.382542,19.138343,16.379476,13.455933,10.521125,9.422167,15.473064,8.387194,19.634561,4.652589,13.475885,5.121309,-6.709917,7.838726,19.368035,19.4654,15.816234,13.064015,11.059943,14.218217,9.353956,7.636379,19.358093,-4.172909,13.806102,16.487519,16.423059,15.87627,15.873978,15.871996,15.923434,14.987309,8.363015,9.229235,16.379476,18.181062,15.279002,-6.709917,10.710106,7.785759,25.108539,9.074262,11.579383,10.710106,12.410359,14.84555,19.080642,18.968563,19.634561,-6.709917,19.457053
2019-01-05 20:00:00,7.728795,7.473538,-3.875111,15.017384,19.359029,9.618637,9.444831,11.758063,12.491277,12.491277,12.640573,12.817465,15.114319,15.017384,19.44578,17.944501,13.776046,14.781952,14.784683,11.754387,11.754387,12.154857,14.184523,11.11336,14.146844,12.57505,9.5907,11.897656,12.541899,10.268932,9.338797,8.748182,19.321306,14.834434,9.645368,12.528741,18.515123,18.64461,18.757471,12.528741,13.428982,16.802699,12.707977,10.465987,14.773381,22.391986,7.654502,12.56152,18.534488,18.573708,18.573663,18.789103,13.185801,18.304063,18.281112,7.654502,18.261904,7.58977,17.116355,13.100246,7.785759,17.068387,18.599965,-21.91578,13.428982,14.566612,14.784683,22.391986,13.710861,9.618637,10.821545,7.09211,11.586338,16.069976,14.703,9.618637,9.968146,9.444831,12.493848,8.31423,19.815374,-3.875111,9.645368,-3.130907,-21.91578,7.8323,19.327275,19.478413,14.784683,11.754387,10.381884,12.401823,3.589423,7.654502,19.297285,-17.887679,10.087788,13.395177,13.329616,12.716153,12.744572,12.769142,14.781952,14.805802,2.01607,8.982979,14.703,14.839121,11.957838,-21.91578,10.851771,7.785759,28.54812,8.848737,7.09211,10.851771,11.905587,13.100246,18.935222,18.743739,19.815374,-21.91578,19.464531
2019-01-05 21:00:00,9.923632,9.585995,-5.330528,19.021872,24.982758,12.377626,14.688742,15.19815,16.283942,16.283942,16.668671,17.124516,19.133821,19.021872,25.097578,22.838357,18.250718,18.749977,18.753131,16.455462,16.455462,15.785749,18.060019,14.296182,18.018444,16.286614,12.341246,15.367322,16.414393,15.398996,14.379202,13.758959,24.938238,18.810588,12.412437,16.380484,23.75508,23.963105,24.143286,16.380484,17.174875,21.083241,16.472549,13.488675,18.740079,29.01868,12.648089,16.286183,23.928408,23.95498,23.93027,24.217767,19.874985,23.448058,23.664277,12.648089,22.520972,12.581559,21.445281,17.708614,12.785759,21.389913,23.899041,-29.04043,17.174875,18.501286,18.753131,29.01868,17.518295,12.377626,13.959094,9.081468,17.243347,20.237489,18.658797,12.377626,14.911938,14.688742,16.206611,13.340048,25.62995,-5.330528,12.412437,-4.35246,-29.04043,12.834574,24.945283,25.141429,18.753131,16.455462,15.301922,16.86293,4.479716,12.648089,24.896338,-23.746509,12.988561,17.156149,17.080939,16.33977,16.39244,16.437976,18.749977,18.777521,2.411941,13.989086,18.658797,18.816001,15.372906,-29.04043,16.367081,12.785759,37.125477,13.849707,9.081468,16.367081,17.023956,17.708614,24.473706,24.213145,25.62995,-29.04043,25.122774
2019-01-05 22:00:00,2.660919,2.21482,-14.962862,10.520258,20.232947,4.682168,9.926898,7.399173,8.5867,8.5867,9.180586,9.884249,10.609268,10.520258,20.364641,17.915307,10.805676,10.304074,10.306582,10.110091,10.110091,8.041828,9.75549,6.468496,9.725064,8.461217,4.647659,7.544479,8.78807,10.164063,9.427016,9.017752,20.179064,10.352266,4.715188,8.735727,18.882568,19.102062,19.292664,8.735727,9.03464,12.158634,10.319337,5.745238,10.296205,24.85074,8.340948,8.481484,19.004362,19.048051,19.032562,19.361086,14.818577,18.544852,18.664277,8.340948,12.96609,8.29921,12.446227,10.697975,8.431532,12.402245,19.031176,-42.198856,9.03464,10.10634,10.306582,24.85074,9.33195,4.682168,6.200374,1.54822,12.068509,11.486794,10.231577,4.682168,9.587327,9.926898,8.416292,8.796242,20.952735,-14.962862,4.715188,-13.839338,-42.198856,8.463651,20.187591,20.414593,10.306582,10.110091,9.778263,9.972548,-3.693658,8.340948,20.136276,-36.117633,5.261682,9.047306,8.988193,8.354542,8.423345,8.482828,10.304074,10.325975,-6.068948,9.145063,10.231577,10.35657,7.462215,-42.198856,11.333906,8.431532,34.170448,9.055478,1.54822,11.333906,11.570646,10.697975,19.622031,19.32689,20.952735,-42.198856,20.393343
2019-01-05 23:00:00,2.570815,2.137869,-14.202239,9.653927,19.320586,4.372707,9.749492,6.87751,7.997698,7.997698,8.585269,9.28145,9.732606,9.653927,19.44578,17.138744,10.101583,9.462834,9.465051,9.645841,9.645841,7.483723,8.977921,6.008428,8.951598,7.859035,4.340989,7.008299,8.196927,9.887914,9.252455,8.908931,19.268938,9.505433,4.403056,8.14514,18.045569,18.251348,18.43012,8.14514,8.337024,11.102012,9.873341,5.351457,9.455878,23.708726,8.355566,7.88143,18.149744,18.193267,18.180479,18.492602,14.240422,17.726698,17.82085,8.355566,11.742767,8.321098,11.356169,10.076678,8.431532,11.3173,18.184352,-40.100008,8.337024,9.28805,9.465051,23.708726,8.605101,4.372707,5.771402,1.490923,11.666552,10.508282,9.398751,4.372707,9.336921,9.749492,7.823387,8.737388,20.001448,-14.202239,4.403056,-13.133919,-40.100008,8.458468,19.277111,19.493214,9.465051,9.645841,9.479793,9.423919,-3.48674,8.355566,19.229057,-34.317583,4.905345,8.354211,8.302108,7.732359,7.79903,7.856671,9.462834,9.482193,-5.745323,9.009364,9.398751,9.509237,6.916731,-40.100008,11.008974,8.431532,32.571612,8.934793,1.490923,11.008974,11.156155,10.076678,18.735751,18.455739,20.001448,-40.100008,19.473035
2019-01-06 00:00:00,5.032332,4.747794,-5.30797,8.563995,15.412923,5.886926,10.012132,7.260572,7.930077,7.930077,8.339334,8.824241,8.599804,8.563995,15.4898,14.118186,9.210299,8.477025,8.478034,9.363324,9.363324,7.622889,8.256331,6.759869,8.245647,7.804119,5.869741,7.325415,8.068845,9.9138,9.660933,9.545907,15.380313,8.496412,5.90337,8.032774,14.648307,14.768604,14.873283,8.032774,7.956238,9.222744,9.563231,6.420871,8.473859,18.103944,9.39574,7.824462,14.68783,14.71875,14.714977,14.906252,12.434357,14.45708,14.474078,9.39574,9.349032,9.38555,9.338286,9.358211,9.421016,9.320616,14.728287,-21.224055,7.956238,8.397477,8.478034,18.103944,8.090193,5.886926,6.651943,4.322614,10.939023,8.95283,8.44786,5.886926,9.569709,10.012132,7.797098,9.522784,15.823867,-5.30797,5.90337,-4.651408,-21.224055,9.429979,15.385473,15.518819,8.478034,9.363324,9.576053,9.035012,1.277493,9.39574,15.357496,-17.670329,6.175519,7.977632,7.954256,7.673109,7.716714,7.754412,8.477025,8.485836,-0.110572,9.564201,8.44786,8.498144,7.241036,-21.224055,10.621086,9.421016,23.553149,9.54072,4.322614,10.621086,10.547435,9.358211,15.045209,14.874442,15.823867,-21.224055,15.506474
2019-01-06 01:00:00,6.000185,5.79448,-1.475276,8.55338,13.504773,6.618009,9.600303,7.611078,8.095093,8.095093,8.390963,8.741524,8.579268,8.55338,13.560351,12.56875,9.020622,8.490506,8.491235,9.13125,9.13125,7.873013,8.330956,7.249098,8.323232,8.004032,6.605585,7.657956,8.195414,9.529214,9.346405,9.263247,13.481197,8.504522,6.629896,8.169337,12.951998,13.038966,13.114643,8.169337,8.114005,9.029619,9.275772,7.004021,8.488217,15.450231,9.154686,8.018739,12.980571,13.002924,13.000197,13.138478,11.351436,12.813752,12.82604,9.154686,9.120918,9.147318,9.113149,9.127554,9.172959,9.100375,13.00982,-12.981718,8.114005,8.432997,8.491235,15.450231,8.210847,6.618009,7.171073,5.487098,10.270393,8.834486,8.469421,6.618009,9.280455,9.600303,7.998956,9.246531,13.801863,-1.475276,6.629896,-1.000619,-12.981718,9.179438,13.484928,13.58133,8.491235,9.13125,9.285042,8.893899,3.285646,9.154686,13.464702,-10.412573,6.826645,8.129472,8.112573,7.909319,7.940843,7.968097,8.490506,8.496875,2.282152,9.276473,8.469421,8.505773,7.596955,-12.981718,10.040543,9.172959,19.389702,9.259498,5.487098,10.040543,9.987297,9.127554,13.238936,13.115481,13.801863,-12.981718,13.572405
2019-01-06 02:00:00,7.867427,7.760691,3.988569,9.192226,11.761398,8.188003,9.735452,8.703285,8.95443,8.95443,9.107951,9.289849,9.205658,9.192226,11.790236,11.275716,9.434668,9.159602,9.15998,9.49207,9.49207,8.839198,9.076815,8.515461,9.072807,8.907181,8.181556,8.727609,9.006485,9.698565,9.60371,9.560561,11.749165,9.166874,8.194171,8.992954,11.474575,11.519701,11.558968,8.992954,8.964244,9.439336,9.56706,8.388296,9.158414,12.770855,9.50423,8.914812,11.489401,11.501,11.499585,11.571336,10.644077,11.402842,11.409218,9.50423,9.486709,9.500408,9.482678,9.490152,9.513712,9.47605,11.504577,-1.981879,8.964244,9.129762,9.15998,12.770855,9.014493,8.188003,8.474976,7.601197,10.083147,9.338086,9.148661,8.188003,9.56949,9.735452,8.904547,9.551887,11.915552,3.988569,8.194171,4.234859,-1.981879,9.517074,11.751101,11.801122,9.15998,9.49207,9.571869,9.368914,6.45891,9.50423,11.740606,-0.648804,8.29626,8.972269,8.9635,8.858036,8.874393,8.888535,9.159602,9.162907,5.938219,9.567423,9.148661,9.167524,8.695957,-1.981879,9.963883,9.513712,14.814963,9.558615,7.601197,9.963883,9.936254,9.490152,11.623461,11.559403,11.915552,-1.981879,11.796491
2019-01-06 03:00:00,6.403451,6.219908,-0.608941,9.244477,13.413979,7.119875,9.484498,8.142512,8.6078,8.6078,8.860222,9.159302,9.275543,9.244477,13.466276,12.509054,9.484964,9.169027,9.169902,9.356929,9.356929,8.394313,8.977565,7.784222,8.967359,8.544,7.106955,8.194918,8.693389,9.515918,9.27025,9.140565,13.392275,9.185846,7.132236,8.671142,12.88401,12.969096,13.043039,8.671142,8.723305,9.81619,9.460633,7.519066,9.16628,15.246506,8.936719,8.554304,12.924006,12.94279,12.938036,13.068362,11.312163,12.751468,12.78492,8.936719,10.045373,8.923902,9.916522,9.498064,8.965375,9.901178,12.941228,-11.429026,8.723305,9.100016,9.169902,15.246506,8.830872,7.119875,7.690628,5.945641,10.249257,9.581808,9.143725,7.119875,9.284926,9.484498,8.53125,9.080747,13.697364,-0.608941,7.132236,-0.162597,-11.429026,8.975535,13.39571,13.486074,9.169902,9.356929,9.332887,9.23657,3.867993,8.936719,13.375857,-9.01313,7.33683,8.732046,8.711522,8.483419,8.511653,8.536063,9.169027,9.17667,2.924358,9.176271,9.143725,9.187348,8.152614,-11.429026,9.986934,8.965375,18.949752,9.148334,5.945641,9.986934,10.024793,9.498064,13.168441,13.051642,13.697364,-11.429026,13.477652
2019-01-06 04:00:00,7.861949,7.824711,5.680999,9.685272,9.980818,8.373161,8.196378,8.883135,9.051562,9.051562,9.077137,9.10744,9.709223,9.685272,9.997424,9.642728,9.343265,9.627102,9.627776,8.815006,8.815006,8.974283,9.479489,8.732229,9.470076,9.077273,8.366478,8.917201,9.060234,8.412864,8.180147,8.030923,9.974935,9.640069,8.379556,9.05798,9.791894,9.825743,9.854965,9.05798,9.29348,10.126412,8.780116,8.575467,9.624984,10.566732,7.752586,9.07312,9.832132,9.833372,9.827267,9.869087,9.154625,9.744648,9.801249,7.752586,10.500139,7.736154,10.203921,9.163588,7.785759,10.192067,9.815967,2.260153,9.29348,9.573895,9.627776,10.566732,9.362174,8.373161,8.660132,7.769065,8.721163,9.945347,9.607594,8.373161,8.345988,8.196378,9.056476,7.919319,10.078855,5.680999,8.379556,5.822113,2.260153,7.797521,9.975866,10.003834,9.627776,8.815006,8.452895,8.993104,7.096413,7.752586,9.967837,3.023955,8.485396,9.284045,9.26782,9.117987,9.123952,9.129108,9.627102,9.632995,6.798076,8.091123,9.607594,9.641227,8.935477,2.260153,8.541154,7.785759,11.734939,8.05712,7.769065,8.541154,8.737942,9.163588,9.912526,9.874111,10.078855,2.260153,10.001107
2019-01-06 05:00:00,6.355925,6.24138,0.943056,9.833646,11.683273,7.303207,7.881339,8.354962,8.74654,8.74654,8.86902,9.01414,9.877161,9.833646,11.724107,10.907317,9.449453,9.72796,9.729187,8.682861,8.682861,8.566873,9.459774,8.024433,9.443366,8.759571,7.289591,8.419704,8.78807,8.188199,7.78487,7.535897,11.667705,9.75152,7.316236,8.777275,11.241246,11.317022,11.382609,8.777275,9.117322,10.634959,8.671115,7.718186,9.724113,13.119638,7.0847,8.757467,11.310123,11.318332,11.308337,11.410695,9.825049,11.130703,11.21968,7.0847,11.225353,7.057791,10.775709,9.208351,7.139986,10.754184,11.293995,-7.485053,9.117322,9.631294,9.729187,13.119638,9.24853,7.303207,7.893416,6.070216,8.863936,10.306157,9.692519,7.303207,8.016685,7.881339,8.726718,7.362581,11.915552,0.943056,7.316236,1.290728,-7.485053,7.159589,11.670169,11.739734,9.729187,8.682861,8.179469,8.884617,4.430283,7.0847,11.652309,-5.603234,7.531866,9.107453,9.078155,8.79423,8.812173,8.827685,9.72796,9.738667,3.695256,7.630578,9.692519,9.753624,8.430023,-7.485053,8.526891,7.139986,16.000659,7.574406,6.070216,8.526891,8.809053,9.208351,11.504779,11.411767,11.915552,-7.485053,11.733086
2019-01-06 06:00:00,5.70112,5.56088,-0.316628,8.956921,11.663748,6.566886,7.802299,7.61148,8.031408,8.031408,8.201965,8.404049,8.996014,8.956921,11.708924,10.837885,8.800595,8.861972,8.863074,8.265682,8.265682,7.838733,8.621033,7.269661,8.606846,8.016299,6.55348,7.671914,8.089239,8.009145,7.662302,7.456254,11.645877,8.883138,6.579714,8.074207,11.187981,11.267426,11.336298,8.074207,8.309787,9.676691,8.296247,6.977463,8.858516,13.250247,7.094284,8.018739,11.246495,11.25861,11.250504,11.363464,9.709946,11.068998,11.137905,7.094284,10.136556,7.072454,9.803085,8.651937,7.139986,9.783755,11.242546,-9.650407,8.309787,8.775127,8.863074,13.250247,8.432762,6.566886,7.151934,5.351322,8.708275,9.381424,8.830132,6.566886,7.815239,7.802299,7.99071,7.323993,11.915552,-0.316628,6.579714,0.068405,-9.650407,7.156191,11.648705,11.726133,8.863074,8.265682,7.936447,8.34995,3.545331,7.094284,11.630055,-7.566371,6.792017,8.306712,8.280534,8.016136,8.037914,8.056742,8.861972,8.871591,2.731318,7.529618,8.830132,8.885029,7.662963,-9.650407,8.397512,7.139986,16.442532,7.483616,5.351322,8.397512,8.591,8.651937,11.460063,11.358013,11.915552,-9.650407,11.718812
2019-01-06 07:00:00,5.222132,5.002338,-3.816807,9.679353,14.206628,6.389625,8.665738,7.870193,8.490014,8.490014,8.770596,9.103042,9.731487,9.679353,14.274326,12.992252,9.63666,9.552733,9.554202,9.05833,9.05833,8.205622,9.231423,7.374958,9.212988,8.446321,6.370716,7.952778,8.585152,8.88115,8.432223,8.17292,14.179385,9.580959,6.407717,8.560422,13.50311,13.619036,13.719616,8.560422,8.813203,10.639106,9.135189,6.970308,9.548123,16.582261,7.728294,8.453378,13.578187,13.598506,13.588463,13.757542,11.351436,13.327169,13.409377,7.728294,11.190439,7.701242,10.807613,9.498064,7.785759,10.781843,13.582176,-17.810932,8.813203,9.436918,9.554202,16.582261,8.981674,6.389625,7.217941,4.673903,9.8943,10.24546,9.510271,6.389625,8.587605,8.665738,8.415644,8.017124,14.580286,-3.816807,6.407717,-3.239529,-17.810932,7.806135,14.183697,14.30006,9.554202,9.05833,8.727264,9.085561,1.973423,7.728294,14.156537,-14.68634,6.707152,8.814186,8.779403,8.418626,8.452637,8.48204,9.552733,9.56556,0.752975,8.260488,9.510271,9.58348,7.924845,-17.810932,9.472886,7.785759,21.369643,8.203058,4.673903,9.472886,9.678236,9.498064,13.896962,13.744641,14.580286,-17.810932,14.289113
2019-01-06 08:00:00,-266.070956,-278.143302,-559.521593,7.097975,16.418714,13.455933,3.658694,10.193564,8.603511,8.603511,7.631537,6.479899,7.012931,7.097975,19.44578,5.024983,5.563023,7.304527,7.30213,5.199594,5.199594,9.333074,7.828668,11.382718,7.854042,8.902658,13.496747,10.039566,8.273942,3.892231,4.492781,4.765966,41.591033,7.258482,13.416879,8.359608,15.186629,17.492541,19.483247,8.359608,8.541381,5.533466,-130.909101,12.18783,7.312046,32.427557,5.122606,8.854344,16.269398,17.414139,17.597357,22.827113,-28.226939,11.968536,9.158516,5.122606,5.233537,5.146808,5.259058,5.211737,5.062576,5.301024,16.826656,-1000.0,8.541381,7.49345,7.30213,110.230028,8.223242,13.455933,11.639041,-296.182853,1.457357,6.174505,7.373793,13.455933,4.709435,3.658694,8.919333,4.820882,48.559858,-559.521593,13.416879,-541.351216,-1000.0,5.04129,42.275109,20.218308,7.30213,5.199594,4.694368,5.979325,-377.268599,5.122606,16.875823,-901.650469,12.770532,8.49057,8.546088,9.213802,9.110242,9.02071,7.304527,7.283602,-415.683361,4.722518,7.373793,7.25437,10.239962,-1000.0,2.212446,5.062576,262.188451,4.778283,-296.182853,2.212446,-36.217787,5.211737,26.242317,21.476947,48.559858,-1000.0,19.88967
2019-01-06 09:00:00,-265.785496,-277.813503,-559.297717,7.012965,16.413657,12.406865,4.095182,9.63917,8.290216,8.290216,7.465623,6.488607,6.940816,7.012965,19.44578,4.78656,5.710758,7.188197,7.186164,5.402435,5.402435,8.909156,7.632863,10.648012,7.65439,8.544004,12.441491,9.508522,8.01062,4.293307,4.802796,5.034558,41.688095,7.149134,12.373733,8.083297,15.118493,17.463047,19.486145,8.083297,8.237507,5.685683,-130.672407,11.331045,7.194576,32.427557,5.337121,8.503015,16.362406,17.481408,17.63886,22.875185,-29.082211,11.873822,9.319626,5.337121,5.431231,5.357653,5.452883,5.412737,5.286193,5.488485,16.792539,-1000.0,8.237507,7.348474,7.186164,110.380279,7.967607,12.406865,10.865469,-295.7868,2.227633,6.229521,7.246961,12.406865,4.986599,4.095182,8.55815,5.081147,48.688068,-559.297717,12.373733,-541.118105,-1000.0,5.268135,42.37337,20.219555,7.186164,5.402435,4.973817,6.063936,-376.952092,5.337121,16.871838,-901.600483,11.825392,8.194401,8.2415,8.807969,8.720112,8.644155,7.188197,7.170445,-415.386378,4.997698,7.246961,7.145645,9.678532,-1000.0,2.868229,5.286193,262.419595,5.045007,-295.7868,2.868229,-35.599383,5.412737,26.359763,21.582715,48.688068,-1000.0,19.890387
2019-01-06 10:00:00,-265.876104,-277.5589,-558.983713,7.679231,16.530813,6.159132,7.411793,6.858187,7.159186,7.159186,7.30483,7.477395,7.702736,7.679231,19.44578,-0.040673,7.719707,7.622143,7.622805,7.507605,7.507605,7.021079,7.477279,6.620715,7.469142,7.131005,6.150236,6.896138,7.20857,7.487142,7.289645,7.178313,38.241663,7.634869,6.167644,7.195733,11.828616,14.522031,16.845046,7.195733,7.287587,8.1119,-131.490063,6.432879,7.620065,32.427557,6.991572,7.135557,13.873655,14.818964,14.803617,20.078008,-39.017551,8.132597,7.360812,6.991572,8.33816,6.980117,8.187855,7.67871,7.016226,8.176239,13.759269,-1000.0,7.287587,7.569928,7.622805,108.185635,7.365156,6.159132,6.549916,-295.016353,7.973039,7.934463,7.602999,6.159132,7.342201,7.411793,7.118416,7.115486,46.214457,-558.983713,6.167644,-540.791147,-1000.0,7.024967,38.848254,20.229836,7.622805,7.507605,7.397248,7.489207,-376.508165,6.991572,16.684726,-901.530372,6.308522,7.289862,7.274225,7.10862,7.125743,7.140547,7.622143,7.627927,-414.969836,7.214093,7.602999,7.636006,6.877782,-1000.0,7.780524,7.016226,260.317967,7.189612,-295.016353,7.780524,-31.722006,7.67871,23.971061,19.146207,46.214457,-1000.0,19.896294
2019-01-06 11:00:00,-261.158796,-272.143788,-555.321514,8.419504,16.401801,-9.251204,8.105883,-0.797168,3.022412,3.022412,5.066727,7.488924,8.679897,8.419504,19.44578,-1.767196,10.212189,7.787075,7.794411,8.957303,8.957303,1.269877,6.182231,-3.747373,6.096027,2.519314,-9.358109,-0.360579,3.715581,10.362562,7.914853,6.582399,41.202085,7.928055,-9.148913,3.535403,12.129865,15.283429,17.989075,3.535403,4.055243,13.211793,-127.506511,-5.949767,7.764052,32.427557,4.731215,2.600568,16.362406,16.977868,16.631465,21.994822,-48.279827,8.204665,10.691479,4.731215,15.259085,4.621006,14.052846,10.076678,4.960124,13.924221,14.486478,-1000.0,4.055243,7.208618,7.794411,111.483957,4.950857,-9.251204,-4.531857,-288.558521,12.318663,11.247032,7.57499,-9.251204,8.114046,8.105883,2.407804,5.881762,49.260081,-555.321514,-9.148913,-536.977877,-1000.0,5.04129,41.860427,20.245371,7.794411,8.957303,8.61045,8.063031,-371.330689,4.731215,16.699225,-900.71268,-7.455949,4.121667,3.949464,2.048499,2.278475,2.477299,7.787075,7.851143,-410.111745,6.978495,7.57499,7.940647,-0.693649,-1000.0,10.87362,4.960124,264.902012,6.713743,-288.558521,10.87362,-27.479437,10.076678,26.804307,21.814843,49.260081,-1000.0,19.905221
2019-01-06 12:00:00,-259.90074,-270.56361,-554.199059,5.480836,13.292324,-18.78557,8.174539,-6.858726,-1.303121,-1.303121,1.844313,5.573537,5.825987,5.480836,16.475018,-3.743207,9.222715,4.642551,4.652276,8.671622,8.671622,-3.852195,2.515333,-11.093741,2.405068,-2.163921,-18.935757,-6.263619,-0.235916,12.116079,8.703418,6.894642,41.907914,4.829421,-18.641863,-0.513319,10.900697,14.223737,17.065578,-0.513319,-0.329934,11.832072,-126.725258,-14.136439,4.612035,32.427557,4.685531,-2.024895,16.362406,16.812737,16.302875,21.697709,-53.322623,7.024729,11.086196,4.685531,14.068076,4.55641,12.946484,9.409492,4.948165,12.776053,13.446127,-1000.0,-0.329934,3.875807,4.652276,111.651263,0.894069,-18.78557,-12.133733,-286.497002,12.282818,9.22872,4.361433,-18.78557,8.575511,8.174539,-2.283327,6.005589,49.560758,-554.199059,-18.641863,-535.809119,-1000.0,5.04129,42.638061,17.278873,4.652276,8.671622,9.101512,6.784825,-369.743806,4.685531,13.832772,-900.46206,-16.263461,-0.200009,-0.427222,-3.014351,-2.668596,-2.369677,4.642551,4.727474,-408.622753,7.397922,4.361433,4.846111,-6.836878,-1000.0,10.87362,4.948165,265.498066,7.060097,-286.497002,10.87362,-27.282714,9.409492,26.979607,21.906379,49.560758,-1000.0,16.936909
2019-01-06 13:00:00,-257.200311,-267.03917,-551.647612,1.099782,13.340349,-40.411624,10.420025,-19.724283,-9.942153,-9.942153,-4.252902,2.487981,1.679059,1.099782,16.475018,-9.780626,8.649216,-0.307137,-0.290815,8.758081,8.758081,-14.43048,-3.877311,-27.133663,-4.058656,-11.56712,-40.671575,-18.710245,-8.01309,15.661506,10.214552,7.404347,40.005642,0.006493,-40.16289,-8.514519,7.633871,11.585622,14.960542,-8.514519,-8.676725,11.758382,-125.322284,-32.355034,-0.358353,32.427557,4.031856,-11.304674,15.186644,15.2666,14.386447,19.87292,-69.023056,3.154267,10.94561,4.031856,15.016493,3.830913,13.628361,9.498064,4.453584,13.342379,10.691881,-1000.0,-8.676725,-1.593986,-0.290815,111.262495,-6.588177,-40.411624,-28.87926,-281.741251,18.505069,7.38997,-0.778946,-40.411624,9.622836,10.420025,-11.741127,6.151557,48.725312,-551.647612,-40.16289,-533.152421,-1000.0,4.603121,40.683314,17.29865,-0.290815,8.758081,10.306456,4.939464,-366.136668,4.031856,13.645074,-899.892376,-36.046246,-8.419742,-8.800114,-13.204816,-12.58649,-12.051922,-0.307137,-0.164608,-405.238131,8.130847,-0.778946,0.034504,-19.794843,-1000.0,15.731785,4.453584,265.968623,7.605922,-281.741251,15.731785,-22.432161,9.498064,26.107491,20.889172,48.725312,-1000.0,16.948272
2019-01-06 14:00:00,-258.50123,-268.463313,-552.583378,0.961115,13.371133,-37.502944,8.156662,-18.257307,-9.118014,-9.118014,-3.763934,2.579825,1.494851,0.961115,16.475018,-8.875424,8.266799,-0.335197,-0.320159,8.651964,8.651964,-13.311389,-3.624697,-25.1673,-3.790761,-10.664902,-37.744632,-17.318786,-7.302597,15.816287,10.253632,7.349579,39.341423,-0.046224,-37.271686,-7.774485,7.786987,11.568072,14.800357,-7.774485,-8.053444,10.781533,-126.563892,-30.009796,-0.382387,32.427557,4.18137,-10.415067,14.590231,14.787639,14.02494,19.482191,-65.367317,3.412759,10.041488,4.18137,13.719235,4.000568,12.504399,8.919451,4.537895,12.240915,10.691881,-1000.0,-8.053444,-1.520879,-0.320159,110.419123,-6.119648,-37.502944,-26.775705,-283.349527,12.292151,6.75679,-0.769914,-37.502944,9.622686,8.156662,-10.817956,5.973346,47.962756,-552.583378,-37.271686,-534.126789,-1000.0,4.664312,40.008976,17.293226,-0.320159,8.651964,10.306456,4.953908,-367.459618,4.18137,13.65386,-900.101312,-33.444261,-7.805938,-8.15614,-12.231822,-11.651627,-11.150024,-0.335197,-0.203873,-406.479472,8.125667,-0.769914,-0.020415,-18.351866,-1000.0,10.87362,4.537895,264.762286,7.611124,-283.349527,10.87362,-27.230108,8.919451,25.398189,20.233811,47.962756,-1000.0,16.945156
2019-01-06 15:00:00,-261.45416,-271.81779,-554.83804,3.678782,13.472509,-25.95682,8.189886,-11.252037,-4.331239,-4.331239,-0.338423,4.392448,4.094853,3.678782,16.475018,-8.746847,8.809371,2.668249,2.679973,8.649863,8.649863,-7.506704,0.103939,-16.50454,-0.027169,-5.456939,-26.141719,-10.527202,-2.977389,13.546839,9.322877,7.102639,36.875226,2.893517,-25.7799,-3.3293,6.973668,10.541015,13.597443,-3.3293,-3.33774,11.334621,-129.130388,-20.22846,2.631463,32.427557,4.542322,-5.275129,12.597683,12.962624,12.368472,17.778232,-61.622978,2.652944,7.638383,4.542322,13.817176,4.394368,12.677837,9.185786,4.838956,12.472414,9.668052,-1000.0,-3.33774,1.743958,2.679973,107.979203,-1.8455,-25.95682,-17.758297,-287.304029,12.274805,8.196768,2.329368,-25.95682,8.991785,8.189886,-5.58799,6.033269,45.630248,-554.83804,-25.7799,-536.474459,-1000.0,4.944137,37.496103,17.285646,2.679973,8.649863,9.571869,6.057011,-370.647173,4.542322,13.609468,-900.604731,-22.851801,-3.16211,-3.435538,-6.584852,-6.14948,-5.773082,2.668249,2.770622,-409.470394,7.707021,2.329368,2.913636,-11.278062,-1000.0,10.87362,4.838956,261.539899,7.303424,-287.304029,10.87362,-27.973012,9.185786,23.213829,18.141105,45.630248,-1000.0,16.9408
2019-01-06 16:00:00,-260.85726,-271.033359,-554.268292,3.024578,19.698065,-30.509595,8.112524,-13.812429,-5.924502,-5.924502,-1.344304,4.082525,3.493111,3.024578,22.429737,-8.318169,9.063951,1.886627,1.899829,9.097604,9.097604,-9.543714,-1.001017,-19.789446,-1.147889,-7.229329,-30.719435,-12.993053,-4.371487,15.022462,10.099025,7.508993,35.132451,2.140299,-30.30881,-4.775168,8.342756,12.123505,14.456211,-4.775168,-4.881633,11.645562,-128.831419,-24.006583,1.845202,32.427557,4.639557,-7.018589,12.597683,13.002605,12.457597,17.804864,-62.833139,3.064331,7.678022,4.639557,14.365156,4.4762,13.158067,9.498064,4.959966,12.926754,10.691881,-1000.0,-4.881633,0.845792,1.899829,108.355959,-3.194167,-30.509595,-21.20132,-286.239374,11.640382,8.112237,1.505017,-30.509595,9.654964,8.112524,-7.37146,6.250005,45.380055,-554.268292,-30.30881,-535.881208,-1000.0,5.073578,35.591399,23.248764,1.899829,9.097604,10.306456,6.043319,-369.841684,4.639557,19.241241,-900.477518,-26.985739,-4.675827,-4.983532,-8.542867,-8.044752,-7.61411,1.886627,2.001908,-408.714594,8.215589,1.505017,2.162955,-13.863857,-1000.0,10.430277,4.959966,261.98211,7.754411,-286.239374,10.430277,-28.341766,9.498064,23.133792,18.099313,45.380055,-1000.0,22.900345
2019-01-06 17:00:00,-262.866397,-274.26582,-556.820628,4.998104,22.645946,-3.01311,8.59239,1.042663,2.992472,2.992472,4.158338,5.53971,5.107414,4.998104,25.413693,1.186538,6.710672,4.732616,4.735696,6.965755,6.965755,2.097842,4.058919,-0.423929,4.025542,2.644941,-3.063953,1.237473,3.387784,8.387127,7.593839,7.218398,39.713928,4.791799,-2.964462,3.285029,14.136577,17.07524,19.613221,3.285029,3.147792,7.009199,-128.61404,-1.435236,4.722952,32.427557,6.700178,2.70107,16.362406,17.231924,17.135987,22.456746,-41.12712,10.006659,10.109388,6.700178,7.491973,6.665836,7.361982,7.068509,6.782806,7.30803,16.219759,-1000.0,3.147792,4.489786,4.735696,111.336252,3.549678,-3.01311,-0.753359,-291.299831,11.389843,6.185071,4.643585,-3.01311,7.391647,8.59239,2.618095,7.115486,48.750647,-556.820628,-2.964462,-538.538831,-1000.0,6.812105,40.223999,26.208857,4.735696,6.965755,7.445534,6.097265,-373.450078,6.700178,22.430442,-901.047401,-2.159308,3.205116,3.133559,2.288173,2.413481,2.521815,4.732616,4.759512,-412.100395,7.290371,4.643585,4.797084,1.005021,-1000.0,10.430277,6.782806,264.134909,7.212542,-291.299831,10.430277,-28.459123,7.068509,26.5228,21.667848,48.750647,-1000.0,25.87059
2019-01-06 18:00:00,-263.957522,-275.621224,-557.777961,7.978659,22.648868,5.61472,9.257411,6.827694,7.418889,7.418889,7.780276,8.208465,8.010279,7.978659,25.413693,2.676607,8.549366,7.901862,7.902752,8.684492,8.684492,7.147632,7.706982,6.385558,7.697547,7.307664,5.599545,6.884952,7.541425,9.17058,8.947291,8.845719,39.822478,7.918981,5.629241,7.509574,14.815809,17.570473,19.953216,7.509574,7.441989,8.560356,-129.322834,6.086211,7.899066,32.427557,8.713117,7.325627,16.362406,17.346265,17.364811,22.656327,-36.761554,10.840744,9.798165,8.713117,8.671872,8.704118,8.662383,8.679977,8.735436,8.64678,16.743769,-1000.0,7.441989,7.831618,7.902752,111.078699,7.560276,5.61472,6.290255,-293.050146,10.075886,8.322012,7.876108,5.61472,8.866737,9.257411,7.301464,8.8253,48.618328,-557.777961,5.629241,-539.535656,-1000.0,8.743351,40.338614,26.202935,7.902752,8.684492,8.872339,8.394582,-374.803519,8.713117,22.469839,-901.261153,5.869558,7.460881,7.440239,7.191978,7.230482,7.263771,7.901862,7.909642,-413.370345,8.861873,7.876108,7.92051,6.810444,-1000.0,9.795137,8.735436,263.553105,8.841139,-293.050146,9.795137,-29.600834,8.679977,26.421062,21.614724,48.618328,-1000.0,25.867187
2019-01-06 19:00:00,-265.992854,-278.052903,-559.460163,6.731055,22.653651,13.455933,4.107751,10.331988,8.81416,8.81416,7.890911,6.797002,7.387871,6.731055,25.413693,5.749209,5.927083,4.528765,4.353819,5.579347,5.579347,9.510584,8.047777,11.468221,8.080507,9.096327,13.495036,10.183936,8.501112,4.330137,4.906177,5.168441,40.056991,1.167066,13.418516,8.582484,16.217877,18.59346,20.656386,8.582484,8.737397,5.907204,-130.844684,12.241367,5.077738,32.427557,5.511265,9.050754,16.362406,17.582831,17.837854,23.071045,-27.763771,12.561428,9.152666,5.511265,5.617839,5.534517,5.642358,5.596896,5.453633,5.682862,17.825941,-1000.0,8.737397,6.120626,4.353819,110.583861,8.436427,13.455933,11.715938,-296.07408,1.997989,6.525903,5.432723,13.455933,5.11267,4.107751,9.113369,5.221593,48.357886,-559.460163,13.418516,-541.287252,-1000.0,5.433198,40.585955,26.19101,4.353819,5.579347,5.097685,6.320924,-377.181752,5.511265,22.550247,-901.636753,12.799262,8.694141,8.747662,9.38803,9.289981,9.205213,4.528765,3.001042,-415.601871,5.126538,5.432723,7.94109,10.372212,-1000.0,2.721667,5.453633,262.448671,5.180092,-296.07408,2.721667,-35.812699,5.596896,26.214922,21.507084,48.357886,-1000.0,25.860335
2019-01-06 20:00:00,-268.723886,-280.673798,-561.029339,6.122748,22.86927,11.476742,4.142182,9.024392,7.833431,7.833431,7.109544,6.25185,6.72515,6.122748,25.413693,0.972688,5.569895,4.111754,3.954121,5.296948,5.296948,8.379879,7.228937,9.916065,7.255621,8.054433,11.507442,8.9081,7.587982,4.316612,4.768928,4.974888,34.186746,1.082737,11.447367,7.651782,12.093835,14.61748,16.815331,7.651782,7.77114,5.55528,-134.213444,10.523256,4.606399,32.427557,5.244166,8.018739,11.911289,13.117968,13.360758,18.588684,-34.238105,8.030149,4.839305,5.244166,5.32787,5.262428,5.347127,5.311421,5.198906,5.37896,13.759269,-1000.0,7.77114,5.527267,3.954121,106.035219,7.535306,11.476742,10.110793,-298.530399,2.485767,6.041541,4.91985,11.476742,4.930915,4.142182,8.067937,5.01668,43.606105,-561.029339,11.447367,-542.921158,-1000.0,5.182858,34.591066,26.194409,3.954121,5.296948,4.919086,5.878503,-379.400192,5.244166,22.316587,-901.987117,10.961203,7.737818,7.779875,8.282691,8.205852,8.139422,4.111754,2.735218,-417.683461,4.941958,4.91985,7.197294,9.055474,-1000.0,3.053941,5.198906,257.297303,4.984018,-298.530399,3.053941,-36.422598,5.311421,21.683741,17.01416,43.606105,-1000.0,25.862288
2019-01-06 21:00:00,-275.52168,-287.462982,-565.219748,6.03745,22.529977,13.455933,3.082572,9.990137,8.305899,8.305899,7.281122,6.066919,6.717102,6.03745,24.632184,-0.534402,5.10127,3.753595,3.570973,4.715464,4.715464,9.078677,7.457273,11.250871,7.493024,8.619227,13.499314,9.825923,7.958426,3.329375,3.968386,4.259305,21.620278,0.244405,13.414423,8.048746,14.554162,17.978105,7.917241,8.048746,8.221882,5.078656,-142.049839,12.108476,4.326654,32.427557,4.639557,8.568622,2.595571,4.128808,4.889397,8.939307,-36.454804,3.603913,-4.601578,4.639557,4.75777,4.665349,4.784967,4.73454,4.575628,4.829882,10.691881,-1000.0,8.221882,5.425927,3.570973,96.044208,7.887734,13.455933,11.525544,-305.306718,0.742061,5.764736,4.700831,13.455933,4.197541,3.082572,8.638063,4.318236,33.354693,-565.219748,13.414423,-547.284428,-1000.0,4.55296,21.764237,25.423508,3.570973,4.715464,4.180953,5.538527,-385.324431,4.639557,21.029924,-902.922747,12.727426,8.173534,8.232888,8.943266,8.834413,8.740305,3.753595,2.158845,-423.242248,4.212837,4.700831,7.309468,10.035042,-1000.0,1.54489,4.575628,245.763447,4.272241,-305.306718,1.54489,-39.900451,4.73454,12.019796,7.516609,33.354693,-1000.0,25.086874
2019-01-06 22:00:00,-275.497013,-287.381237,-565.143335,4.510061,22.623341,11.357797,3.150807,8.489033,7.149058,7.149058,6.385927,5.481734,4.869585,4.510061,24.726083,-8.275084,4.774027,3.222769,3.100935,4.457784,4.457784,7.763878,6.168881,9.504547,6.294385,7.359638,11.393944,8.346413,6.890302,3.340964,3.880947,4.129382,21.644175,0.881642,11.32321,6.957562,3.633871,6.336288,8.560839,6.957562,6.883077,4.851124,-142.13943,10.239397,3.605081,32.427557,4.459105,7.325627,2.194573,3.455513,3.758412,8.939307,-44.896515,-1.214797,-4.812733,4.459105,4.560936,4.481322,4.584364,4.540925,4.404489,4.62516,5.245077,-1000.0,6.883077,4.505323,3.100935,95.879485,6.648246,11.357797,9.757726,-305.139681,1.19268,5.474296,3.911511,11.357797,4.059618,3.150807,7.387456,4.184593,33.164118,-565.143335,11.32321,-547.204862,-1000.0,4.385123,21.799127,25.509177,3.100935,4.457784,4.039543,5.08139,-385.216401,4.459105,21.183046,-902.905686,10.75078,6.904468,6.957679,7.556896,7.479497,7.412583,3.222769,2.158845,-423.140882,4.087515,3.911511,5.498291,8.47837,-1000.0,1.864345,4.404489,245.596863,4.138456,-305.139681,1.864345,-39.603591,4.540925,11.726027,7.171602,33.164118,-1000.0,25.176044
2019-01-06 23:00:00,-275.865814,-287.519323,-565.123908,4.649848,20.323369,6.159132,4.339486,5.54767,5.252022,5.252022,5.073579,4.862151,5.002192,4.649848,22.429737,-10.275909,4.694319,3.491262,3.404684,4.626338,4.626338,5.387674,5.094613,5.769322,5.103575,5.305951,6.166792,5.518512,5.191517,4.382638,4.495683,4.54722,19.389645,1.827614,6.151802,5.207244,3.329463,6.416836,5.859533,5.207244,5.231761,4.692982,-143.040428,5.921318,3.76294,32.427557,4.614722,5.297241,0.185436,1.371535,1.646421,6.577359,-50.05726,-3.153415,-6.479022,4.614722,4.635688,4.619296,4.640512,4.631568,4.603396,4.648536,3.803431,-1000.0,5.231761,4.230538,3.404684,93.89424,5.173964,6.159132,5.818496,-304.933012,3.92598,4.815555,3.922104,6.159132,4.535807,4.339486,5.309613,4.557795,31.194575,-565.123908,6.151802,-547.184634,-1000.0,4.59938,19.537406,23.21992,3.404684,4.626338,4.532705,4.769953,-385.188936,4.614722,18.839652,-902.901348,6.030492,5.224931,5.235516,5.361157,5.342304,5.326004,3.491262,2.735218,-423.115112,4.538928,3.922104,5.208089,5.554268,-1000.0,4.067818,4.603396,243.647318,4.549457,-304.933012,4.067818,-37.904713,4.631568,9.791995,5.201683,31.194575,-1000.0,22.883772
2019-01-07 00:00:00,-275.830729,-287.467954,-565.08478,4.941855,20.32294,6.159132,4.853549,5.718145,5.505886,5.505886,5.378706,5.228017,5.345288,4.941855,22.429737,-12.326555,5.108606,3.620833,3.523472,5.059633,5.059633,5.603276,5.387424,5.877502,5.395593,5.543913,6.16466,5.696997,5.462763,4.884418,4.966143,5.003448,19.372976,1.749975,6.153841,5.473972,0.520994,3.4364,5.984569,5.473972,5.487781,5.109345,-143.03373,5.987566,3.926348,32.427557,5.052396,5.537771,0.067156,1.178181,1.331303,6.548698,-52.440803,-4.431576,-6.531862,5.052396,5.067588,5.05571,5.071083,5.064602,5.044197,5.076934,2.383298,-1000.0,5.487781,4.439384,3.523472,93.844642,5.44684,6.159132,5.913426,-304.85731,4.554957,5.198728,4.100979,6.159132,4.994885,4.853549,5.546771,5.011189,31.135298,-565.08478,6.153841,-547.143892,-1000.0,5.04129,19.523307,23.218127,3.523472,5.059633,4.992535,5.162182,-385.133618,5.052396,18.852862,-902.892612,6.066285,5.483947,5.491653,5.582465,5.569094,5.557534,3.620833,2.770622,-423.063206,4.997406,4.100979,5.558915,5.722053,-1000.0,4.657378,5.044197,243.607477,5.005032,-304.85731,4.657378,-37.452853,5.064602,9.705965,5.100243,31.135298,-1000.0,22.882741
2019-01-07 01:00:00,-275.820445,-287.455567,-565.076173,4.924515,20.322872,6.099821,4.863263,5.681771,5.480712,5.480712,5.360398,5.217844,5.331712,4.924515,22.429737,-12.33959,5.104913,3.591748,3.493663,5.058497,5.058497,5.572963,5.367593,5.832757,5.375619,5.516617,6.105063,5.661704,5.439917,4.892485,4.969992,5.005379,19.373114,1.706986,6.094805,5.450521,0.515441,3.432544,5.982144,5.450521,5.46297,5.105896,-143.026246,5.93717,3.899533,32.427557,5.051825,5.510818,0.068053,1.178006,1.330053,6.547719,-52.480501,-4.438501,-6.528059,5.051825,5.066238,5.05497,5.069554,5.063406,5.044048,5.075112,2.379191,-1000.0,5.46297,4.415022,3.493663,93.847892,5.424281,6.099821,5.866888,-304.841781,4.580141,5.190793,4.074999,6.099821,4.997207,4.863263,5.519362,5.012736,31.137469,-565.076173,6.094805,-547.13493,-1000.0,5.04129,19.523412,23.218181,3.493663,5.058497,4.99496,5.155542,-385.12145,5.051825,18.852541,-902.89069,6.011792,5.459516,5.466834,5.552955,5.540317,5.529391,3.591748,2.735218,-423.051789,4.999642,4.074999,5.545022,5.685335,-1000.0,4.677256,5.044048,243.613753,5.006876,-304.841781,4.677256,-37.432707,5.063406,9.707826,5.101643,31.137469,-1000.0,22.882772
2019-01-07 02:00:00,-278.693738,-290.491614,-567.025709,5.918658,17.349859,11.357797,3.789316,8.828679,7.599819,7.599819,6.852303,5.966611,6.444308,5.918658,19.44578,-14.358629,5.262265,4.155545,4.015337,4.980739,4.980739,8.163656,6.979564,9.748583,7.005992,7.828295,11.389455,8.708822,7.346358,3.969367,4.435716,4.648037,16.389449,1.461368,11.327506,7.412241,-2.03565,0.760718,3.208317,7.412241,7.537815,5.246102,-145.994652,10.374498,4.59551,32.427557,4.925574,7.791394,-2.906307,-1.729107,-1.506823,3.676976,-52.621114,-6.884124,-9.6734,4.925574,5.011853,4.944398,5.031702,4.994897,4.878917,5.064491,-0.272831,-1000.0,7.537815,5.432637,4.015337,90.430667,7.294123,11.357797,9.949114,-308.12103,2.081285,5.746955,4.880456,11.357797,4.602899,3.789316,7.842083,4.691064,27.983827,-567.025709,11.327506,-549.164887,-1000.0,4.862373,16.541433,20.228231,4.015337,4.980739,4.590772,5.581155,-387.877629,4.925574,15.900703,-903.32598,10.826165,7.502751,7.546078,8.064507,7.985118,7.916482,4.155545,2.931177,-425.637946,4.614115,4.880456,6.889527,8.861278,-1000.0,2.667164,4.878917,239.537365,4.657471,-308.12103,2.667164,-40.06521,4.994897,6.640454,2.078716,27.983827,-1000.0,19.895372
2019-01-07 03:00:00,-278.688275,-290.485057,-567.021161,6.449967,17.349823,11.357797,3.79512,8.839512,7.61212,7.61212,6.861834,5.972862,6.38432,6.449967,19.44578,-14.365605,5.265109,6.609408,6.607559,4.98457,4.98457,8.175283,7.014003,9.757443,7.03359,7.843037,11.389303,8.720638,7.357719,3.975391,4.438968,4.649844,16.389523,6.573866,11.327651,7.423846,-2.038621,0.758656,3.207021,7.423846,7.56416,5.242293,-145.990632,10.378925,6.615213,32.427557,4.925142,7.805742,-2.905825,-1.729199,-1.50749,3.676454,-52.64236,-6.887829,-9.671362,4.925142,5.010771,4.943824,5.030472,4.993944,4.878803,5.062866,-0.275029,-1000.0,7.56416,6.755242,6.607559,90.432401,7.318583,11.357797,9.955304,-308.112837,2.095865,5.737123,6.662877,11.357797,4.606207,3.79512,7.855909,4.692235,27.984989,-567.021161,11.327651,-549.160152,-1000.0,4.862373,16.54149,20.22826,6.607559,4.98457,4.594577,5.58646,-387.871199,4.925142,15.900531,-903.324965,10.828723,7.524938,7.567794,8.083215,8.003275,7.934163,6.609408,6.593256,-425.631913,4.616306,6.662877,6.570691,8.875327,-1000.0,2.678733,4.878803,239.540707,4.659352,-308.112837,2.678733,-40.053636,4.993944,6.641452,2.079467,27.984989,-1000.0,19.895389
2019-01-07 04:00:00,-276.858825,-288.702415,-565.941105,6.645234,20.329752,11.357797,3.654836,8.653348,7.392025,7.392025,6.678534,5.833159,6.569627,6.645234,22.429737,-11.014235,5.171384,6.828865,6.826735,4.875973,4.875973,7.970757,7.294845,9.662045,7.367385,7.586648,11.391483,8.517987,7.1501,3.832566,4.336845,4.568831,19.359016,6.78793,11.325566,7.212985,1.079935,3.824382,6.228521,7.212985,7.604131,5.242617,-143.78972,10.307013,6.83555,32.427557,4.876686,7.555215,-0.023552,1.195585,1.456875,6.647048,-48.443943,-3.734632,-6.915232,4.876686,4.971768,4.897431,4.993643,4.953083,4.825686,5.03172,2.796613,-1000.0,7.604131,6.996825,6.826735,93.518394,7.782148,11.357797,9.851952,-306.40014,1.826026,5.824238,6.890446,11.357797,4.503821,3.654836,7.614026,4.620349,30.916742,-565.941105,11.325566,-548.035541,-1000.0,4.807602,19.512634,23.212674,6.826735,4.875973,4.485121,5.458918,-386.344257,4.876686,18.88514,-903.083811,10.792118,8.082468,8.144837,7.895932,7.754623,7.632454,6.828865,6.810262,-424.199164,4.529754,6.890446,6.784274,8.731517,-1000.0,2.453334,4.825686,242.97864,4.577321,-306.40014,2.453334,-39.62023,4.953083,9.518395,4.958957,30.916742,-1000.0,22.879608
2019-01-07 05:00:00,-275.667852,-287.578058,-565.276725,6.784296,22.539143,12.406865,3.279381,9.221031,7.72795,7.72795,6.875693,5.865899,6.695882,6.784296,24.641013,-8.317643,5.073792,6.999031,6.99654,4.725051,4.725051,8.413019,7.543939,10.406351,7.622822,7.964022,12.446565,9.062558,7.438974,3.490771,4.083989,4.356565,21.557294,6.951162,12.368878,7.514088,3.481667,6.159203,8.507181,7.514088,7.944187,5.145494,-142.282226,11.168986,7.006848,32.427557,4.71766,7.925894,2.097543,3.365749,3.673944,8.864334,-44.683706,-1.284833,-4.935187,4.71766,4.829268,4.74201,4.854945,4.807335,4.65774,4.89938,5.139928,-1000.0,7.944187,7.19544,6.99654,95.752584,8.097547,12.406865,10.632941,-305.375328,1.125551,5.824238,7.071042,12.406865,4.282297,3.279381,7.994544,4.416488,33.053865,-565.276725,12.368878,-547.343755,-1000.0,4.636493,21.712671,25.423406,6.99654,4.725051,4.261061,5.419851,-385.404983,4.71766,21.102128,-902.935469,11.740177,8.441283,8.512669,8.321809,8.16242,8.024622,6.999031,6.977277,-423.317831,4.310922,7.071042,6.946887,9.308049,-1000.0,1.864345,4.65774,245.425109,4.366784,-305.375328,1.864345,-39.692257,4.807335,11.619845,7.069794,33.053865,-1000.0,25.090572
2019-01-07 06:00:00,-275.685163,-287.612098,-565.305348,6.93029,22.608976,13.455933,3.400301,10.107523,8.475533,8.475533,7.477925,6.295912,6.843003,6.93029,24.710559,-8.135066,5.354856,7.142289,7.13983,4.981841,4.981841,9.224338,7.680254,11.328039,7.706298,8.78257,13.497823,9.949463,8.137272,3.639997,4.256386,4.536776,21.626129,7.09503,13.415849,8.225198,3.633871,6.304514,8.588007,8.225198,8.411764,5.324519,-142.267566,12.154385,7.150007,32.427557,4.902822,8.732981,2.162504,3.438563,3.755399,8.939307,-44.337801,-1.152342,-4.889207,4.902822,5.016679,4.927663,5.042873,4.994304,4.841209,5.085946,5.258513,-1000.0,8.411764,7.336196,7.13983,95.807845,8.085235,13.455933,11.591122,-305.434363,1.140906,5.982465,7.213383,13.455933,4.478755,3.400301,8.799685,4.593141,33.111995,-565.305348,13.415849,-547.373559,-1000.0,4.819362,21.781664,25.492706,7.13983,4.981841,4.46329,5.782137,-385.445449,4.902822,21.173143,-902.94186,12.752455,8.359614,8.416596,9.10192,8.995629,8.903735,7.142289,7.120812,-423.355801,4.492183,7.213383,7.09081,10.155143,-1000.0,1.91591,4.841209,245.471058,4.549418,-305.434363,1.91591,-39.6771,4.994304,11.679033,7.13174,33.111995,-1000.0,25.159976
2019-01-07 07:00:00,-275.385336,-287.348744,-565.159207,7.46561,17.10098,14.615589,3.597893,10.946822,9.158693,9.158693,8.065639,6.770539,7.369972,7.46561,19.44578,-0.050165,5.739447,7.697892,7.695198,5.330745,5.330745,9.979139,8.287327,12.284111,8.315862,9.495106,14.661488,10.77364,8.78807,3.860521,4.535883,4.843099,23.237136,7.646112,14.571671,8.884407,15.22432,18.690453,6.982664,8.884407,9.088824,5.706208,-141.847335,13.189517,7.706348,32.427557,5.244166,9.440773,2.795447,4.288497,5.036249,8.939307,-35.82781,3.870609,-4.31871,5.244166,5.368916,5.271384,5.397616,5.3444,5.176658,5.44481,10.691881,-1000.0,9.088824,7.910351,7.695198,96.010344,8.731054,14.615589,12.572365,-305.225512,1.122331,6.427102,7.775788,14.615589,4.779526,3.597893,9.513858,4.904856,33.808687,-565.159207,14.571671,-547.22139,-1000.0,5.152721,23.519953,20.234341,7.695198,5.330745,4.762582,6.207609,-385.238841,5.244166,16.098838,-902.90923,13.844807,9.031684,9.094117,9.84501,9.728549,9.627864,7.697892,7.674361,-423.161938,4.794239,7.775788,7.641488,10.998999,-1000.0,1.971483,5.176658,245.862573,4.85695,-305.225512,1.971483,-39.570779,5.3444,12.323007,7.770443,33.808687,-1000.0,19.898883
2019-01-07 08:00:00,-268.220984,-280.238886,-560.791517,7.685105,16.582872,13.64837,4.459329,10.588525,9.097179,9.097179,8.185544,7.105397,7.60534,7.685105,19.44578,1.461906,6.24544,7.878834,7.876586,5.904572,5.904572,9.781452,8.370437,11.703858,8.394237,9.377756,13.686651,10.444087,8.78807,4.678368,5.241637,5.497863,37.133021,7.835648,13.611742,8.868418,12.08267,14.492767,16.578974,8.868418,9.038906,6.217718,-133.494512,12.45899,7.885886,32.427557,5.832363,9.332441,12.886334,14.0257,14.204745,19.428948,-32.950048,8.562134,5.866531,5.832363,5.936408,5.855063,5.960344,5.915961,5.77606,5.999705,13.759269,-1000.0,9.038906,8.05603,7.876586,106.756978,8.740517,13.64837,11.944269,-298.197082,2.394646,6.818962,7.943801,13.64837,5.444841,4.459329,9.393396,5.54937,44.940851,-560.791517,13.611742,-542.673526,-1000.0,5.756096,37.722598,20.220591,7.876586,5.904572,5.43071,6.635899,-379.063968,5.832363,16.700107,-901.934017,13.005518,8.99125,9.043321,9.669585,9.572453,9.488479,7.878834,7.859208,-417.367978,5.457112,7.943801,7.831791,10.632042,-1000.0,3.102862,5.77606,258.235772,5.509415,-298.197082,3.102862,-36.283155,5.915961,22.793378,18.059485,44.940851,-1000.0,19.890982
2019-01-07 09:00:00,-265.174903,-277.143538,-558.856864,8.375968,16.398082,12.406865,6.195489,10.338548,9.330466,9.330466,8.714242,7.984112,8.32205,8.375968,19.44578,4.423002,7.40282,8.50692,8.505401,7.172408,7.172408,9.793004,8.839222,11.092463,8.855309,9.520123,12.432741,10.240914,9.121522,6.34355,6.724294,6.897491,42.033769,8.477728,12.382105,9.175834,15.084821,17.504234,19.589803,9.175834,9.291076,7.384081,-130.092827,11.602898,8.511687,32.427557,7.123599,9.489492,16.665579,17.732362,17.837567,23.087036,-30.657961,11.796556,9.758695,7.123599,7.193928,7.138943,7.210108,7.180107,7.08554,7.236714,16.826656,-1000.0,9.291076,8.626696,8.505401,110.795676,9.089378,12.406865,11.254969,-295.028115,4.799858,7.790495,8.550834,12.406865,6.861651,6.195489,9.530695,6.932308,49.068278,-558.856864,12.382105,-540.659066,-1000.0,7.072045,42.72461,20.221955,8.505401,7.172408,6.852099,7.666752,-376.328831,7.123599,16.869848,-901.502049,11.972326,9.258863,9.29406,9.717386,9.65173,9.594967,8.50692,8.493654,-414.801565,6.869946,8.550834,8.475121,10.367964,-1000.0,5.278579,7.08554,263.003988,6.9053,-295.028115,5.278579,-33.59432,7.180107,26.714068,21.912588,49.068278,-1000.0,19.891766
2019-01-07 10:00:00,12.597683,12.597683,12.597683,12.597683,12.597683,12.597683,12.597683,12.597683,12.597683,12.597683,12.597683,12.597683,12.597683,12.597683,12.597683,12.597683,12.597683,12.597683,12.597683,12.597683,12.597683,12.597683,12.597683,12.597683,12.597683,12.597683,12.597683,12.597683,12.597683,12.597683,12.597683,12.597683,12.597683,12.597683,12.597683,12.597683,12.597683,12.597683,12.597683,12.597683,12.597683,12.597683,12.597683,12.597683,12.597683,12.597683,12.597683,12.597683,12.597683,12.597683,12.597683,12.597683,12.597683,12.597683,12.597683,12.597683,12.597683,12.597683,12.597683,12.597683,12.597683,12.597683,12.597683,12.597683,12.597683,12.597683,12.597683,12.597683,12.597683,12.597683,12.597683,12.597683,12.597683,12.597683,12.597683,12.597683,12.597683,12.597683,12.597683,12.597683,12.597683,12.597683,12.597683,12.597683,12.597683,12.597683,12.597683,12.597683,12.597683,12.597683,12.597683,12.597683,12.597683,12.597683,12.597683,12.597683,12.597683,12.597683,12.597683,12.597683,12.597683,12.597683,12.597683,12.597683,12.597683,12.597683,12.597683,12.597683,12.597683,12.597683,12.597683,12.597683,12.597683,12.597683,12.597683,12.597683,12.597683,12.597683,12.597683,12.597683,12.597683,12.597683,12.597683
2019-01-07 11:00:00,-258.366348,-269.185569,-553.41869,8.329318,16.252277,-13.578833,8.289387,-3.002491,1.825969,1.825969,4.462357,7.58607,8.648429,8.329318,19.44578,0.261579,10.935253,7.554277,7.563268,9.7305,9.7305,-0.38947,5.587545,-6.715152,5.483099,1.151339,-13.712385,-2.462539,2.719893,12.033232,8.848885,7.12172,45.114481,7.727049,-13.451043,2.487532,14.381397,17.585509,20.326989,2.487532,2.973155,14.201976,-124.637324,-9.451145,7.526063,32.427557,4.893244,1.260298,19.395428,19.926304,19.494109,24.885424,-47.460681,10.606172,13.886108,4.893244,16.583441,4.763263,15.232564,10.819035,5.155764,15.074953,16.826656,-1000.0,2.973155,6.845379,7.563268,114.801044,4.081769,-13.578833,-7.676583,-285.352592,12.222855,11.794447,7.294368,-13.578833,8.979538,8.289387,1.02319,6.212727,52.608798,-553.41869,-13.451043,-534.996559,-1000.0,5.248849,45.852816,20.247972,7.563268,9.7305,9.571869,8.424499,-368.64055,4.893244,16.825898,-900.28782,-11.336074,3.0671,2.856378,0.506563,0.800654,1.054908,7.554277,7.632793,-407.587555,7.63073,7.294368,7.742479,-2.91018,-1000.0,10.87362,5.155764,268.905868,7.301019,-285.352592,10.87362,-26.731326,10.819035,29.976168,24.920362,52.608798,-1000.0,19.906715
2019-01-07 12:00:00,-266.360512,-277.738024,-558.955788,8.736659,16.409734,-1000.0,-12.8463,6.592602,7.322532,7.322532,8.207666,9.256412,8.852261,8.736659,19.44578,7.96737,10.260776,8.455892,8.459149,10.161361,10.161361,6.987619,7.743422,-2.575957,7.757981,6.859618,52.908817,6.562588,7.622656,13.654197,4.702068,6.725224,42.00709,8.518481,-382.927969,7.544644,16.580342,18.534824,20.228941,7.544644,6.456328,10.851812,-132.678139,6.224079,8.445671,32.427557,4.639557,6.934382,16.362406,17.731922,18.137094,23.327133,-19.797855,13.660499,8.624683,4.639557,12.007005,4.600264,11.219896,8.429267,4.480748,11.163604,17.924494,-1000.0,6.456328,8.199086,8.459149,110.126786,7.341045,-1000.0,6.32549,-294.739295,-44.454914,9.99194,8.361737,-1000.0,9.638585,-12.8463,6.959916,3.841345,48.507009,-558.955788,-382.927969,-540.76207,-1000.0,4.424437,42.707942,20.20925,8.459149,10.161361,10.321042,9.610229,-376.468686,4.639557,16.949145,-901.524137,-7.578393,7.039151,6.976455,5.241997,5.884765,6.440465,8.455892,8.484336,-414.932792,8.17819,8.361737,8.524071,1.543161,-1000.0,-33.612713,4.480748,261.956342,7.589305,-294.739295,-33.612713,-69.565676,8.429267,26.172424,21.484893,48.507009,-1000.0,19.884466
2019-01-07 13:00:00,-264.735938,-275.550263,-557.348537,6.373619,16.404209,-1000.0,-15.201625,-1.73605,1.825969,1.825969,4.360641,7.363835,6.654171,6.373619,19.44578,6.263554,10.128172,5.692228,5.700133,10.12742,10.12742,0.19161,3.963141,-12.924284,3.925577,0.890815,37.853699,-1.473036,2.685404,12.885138,-3.224004,8.310081,41.901723,5.844123,-391.635109,2.462008,15.806235,17.97169,19.843831,2.462008,1.312549,11.52395,-131.973537,-5.758388,5.667423,32.427557,4.893244,1.04185,16.362406,17.60256,17.877545,23.104489,-24.797109,12.708093,8.973979,4.893244,13.409966,4.797726,12.424564,9.209328,4.800467,12.28683,17.328188,-1000.0,1.312549,5.068988,5.700133,110.484952,2.787513,-1000.0,-4.651507,-291.70997,-52.380699,9.420047,5.463724,-1000.0,10.529708,-15.201625,0.941327,4.426924,48.680097,-557.348537,-391.635109,-539.088518,-1000.0,4.76757,42.596205,20.216524,5.700133,10.12742,10.782871,8.444341,-374.196417,4.893244,16.902636,-901.165272,-20.433794,1.963469,1.792334,-1.188199,-0.374324,0.329304,5.692228,5.761257,-412.800694,10.34642,5.463724,5.857689,-6.740785,-1000.0,-39.627751,4.800467,262.78893,9.327861,-291.70997,-39.627751,-75.035016,9.209328,26.29517,21.548987,48.680097,-1000.0,19.888645
2019-01-07 14:00:00,-266.184995,-277.501661,-558.782142,9.025896,16.409137,-1000.0,-12.824995,6.150231,7.159186,7.159186,8.183545,9.397252,9.162299,9.025896,19.44578,7.783292,10.617211,8.694606,8.69845,10.355787,10.355787,6.696248,7.853932,-3.227684,7.861327,6.667022,51.76886,6.154431,7.506517,12.885138,2.237623,7.379372,41.995707,8.768457,-383.583523,7.416234,16.496708,18.473983,20.187334,7.416234,6.398719,11.52395,-132.602015,5.3927,8.682546,32.427557,5.060266,6.746511,16.362406,17.717946,18.109052,23.303079,-20.337969,13.557602,8.662421,5.060266,12.797596,5.011224,11.95925,9.03018,4.914174,11.892678,17.86007,-1000.0,6.398719,8.39159,8.69845,110.165481,7.352428,-1000.0,5.60116,-294.41201,-45.311207,10.507056,8.583509,-1000.0,9.926402,-12.824995,6.756687,4.325975,48.525709,-558.782142,-383.583523,-540.581262,-1000.0,4.862373,42.69587,20.210036,8.69845,10.355787,10.438415,9.77202,-376.223192,5.060266,16.94412,-901.485366,-8.508783,6.983947,6.907422,5.025774,5.684078,6.25321,8.694606,8.728168,-414.702442,8.938917,8.583509,8.775053,1.120892,-1000.0,-34.167977,4.914174,262.046294,8.255643,-294.41201,-34.167977,-70.156578,9.03018,26.185686,21.491818,48.525709,-1000.0,19.884917
2019-01-07 15:00:00,-267.9085,-279.426826,-560.063044,9.557759,16.484282,-1000.0,-12.430778,9.039452,8.957891,8.957891,9.356752,9.82934,9.628732,9.557759,19.44578,7.134957,10.353875,9.385382,9.387382,10.126296,10.126296,8.995314,8.947962,0.444932,8.976272,8.640395,57.255134,8.9286,9.093134,12.885138,4.64842,6.702858,40.081939,9.423808,-380.413381,9.05798,15.544237,17.452497,19.110985,9.05798,8.032051,10.851812,-134.167565,9.700895,9.379107,32.427557,4.893244,8.691673,14.861872,16.286229,16.746927,21.919396,-19.700471,12.568131,7.009138,4.893244,11.796503,4.867616,11.075853,8.458655,4.713318,11.04159,16.826656,-1000.0,8.032051,9.227716,9.387382,108.449177,8.753831,-1000.0,9.518876,-296.638514,-43.531817,10.328436,9.327576,-1000.0,9.43355,-12.430778,8.751608,3.988896,46.832709,-560.063044,-380.413381,-541.915003,-1000.0,4.64952,40.74385,20.207228,9.387382,10.126296,10.07067,9.945444,-378.034082,4.893244,16.891163,-901.771364,-3.856871,8.592767,8.559318,7.167918,7.760794,8.273361,9.385382,9.402845,-416.401623,8.062896,9.327576,9.42724,3.987134,-1000.0,-32.863721,4.713318,259.890406,7.529376,-296.638514,-32.863721,-69.329251,8.458655,24.59081,19.942022,46.832709,-1000.0,19.883304
2019-01-07 16:00:00,-263.95508,-275.59341,-557.749259,9.98508,16.409125,6.384805,6.124118,7.800777,8.27922,8.27922,8.367256,8.471566,10.050145,9.98508,19.44578,2.124119,9.113886,9.827054,9.828887,7.725973,7.725973,8.059696,9.426048,7.377065,9.400646,8.340844,6.366289,7.894018,8.309071,6.691118,6.063673,5.663694,41.488209,9.862281,6.402522,8.301312,13.904039,16.577175,18.877488,8.301312,8.919635,11.183446,-129.372463,6.945969,9.821301,32.427557,4.920867,8.330891,16.362406,17.276666,17.229335,22.516815,-36.880204,10.383067,9.877793,4.920867,12.177083,4.876947,11.393989,8.646608,5.009768,11.36179,15.855335,-1000.0,8.919635,9.682513,9.828887,110.82034,9.107813,6.384805,7.181198,-292.984417,7.556871,10.691601,9.77406,6.384805,6.497233,6.124118,8.285549,5.367701,48.917605,-557.749259,6.402522,-539.50577,-1000.0,5.04129,42.162469,20.229977,9.828887,7.725973,6.779979,8.180054,-374.762942,4.920867,16.801905,-901.254745,6.695746,8.89578,8.851745,8.441851,8.459789,8.475296,9.827054,9.843063,-413.332271,5.823647,9.77406,9.865427,7.938079,-1000.0,7.065417,5.009768,263.406243,5.732644,-292.984417,7.065417,-31.416993,8.646608,26.539521,21.67658,48.917605,-1000.0,19.896375
2019-01-07 17:00:00,-263.060816,-274.690466,-557.187486,9.285928,16.352265,5.341253,6.471295,6.997815,7.624863,7.624863,7.834008,8.081812,9.353096,9.285928,19.44578,3.110406,8.755567,9.122793,9.124686,7.623312,7.623312,7.337155,8.708824,6.472722,8.683681,7.636077,5.319845,7.098503,7.695778,6.922112,6.304687,5.926228,43.00439,9.159159,5.361736,7.677345,14.862927,17.529846,19.822295,7.677345,8.17903,10.522779,-128.361848,5.994341,9.116854,32.427557,5.244166,7.634266,17.527113,18.424697,18.360291,23.654198,-35.958017,11.421168,11.061737,5.244166,11.410688,5.203408,10.74002,8.405958,5.328189,10.706797,16.826656,-1000.0,8.17903,8.97358,9.124686,112.053867,8.383252,5.341253,6.27048,-292.068503,7.99572,10.015288,9.068086,5.341253,6.644151,6.471295,7.586668,5.666482,50.183619,-557.187486,5.361736,-538.920823,-1000.0,5.357981,43.710172,20.230118,9.124686,7.623312,6.887112,7.902548,-373.968728,5.244166,16.856129,-901.129312,5.700747,8.165719,8.120543,7.679187,7.708761,7.734329,9.122793,9.13932,-412.58705,6.068494,9.068086,9.162407,7.108383,-1000.0,7.472821,5.328189,264.851165,5.983269,-292.068503,7.472821,-30.815404,8.405958,27.742947,22.861505,50.183619,-1000.0,19.896456
2019-01-07 18:00:00,2.725904,2.326572,-13.991566,11.309245,19.320448,4.989437,8.86931,7.797125,8.952055,8.952055,9.451853,10.044038,11.410833,11.309245,19.44578,17.053988,11.079601,11.062515,11.065377,9.8334,9.8334,8.422139,10.436416,6.866921,10.400065,8.887714,4.953503,7.956289,9.121522,9.342446,8.455647,7.936702,19.270377,11.117516,5.023821,9.077472,18.010585,18.227658,18.415931,9.077472,9.624263,13.179503,9.951276,6.091662,11.053533,23.719945,7.036663,8.898105,18.159489,18.195406,18.175159,18.488333,13.977423,17.683004,17.851748,7.036663,14.308533,6.98213,13.507896,10.756838,7.151714,13.457674,18.159086,-39.893747,9.624263,10.836841,11.065377,23.719945,9.94859,4.989437,6.560977,1.729854,11.245262,12.412351,10.979774,4.989437,8.801331,8.86931,8.824892,7.614935,20.015106,-13.991566,5.023821,-12.923064,-39.893747,7.192509,19.278301,19.493465,11.065377,9.8334,9.092886,9.961683,-3.274242,7.036663,19.227399,-34.110337,5.592884,9.621687,9.553798,8.858023,8.919906,8.973407,11.062515,11.08751,-5.533209,8.116406,10.979774,11.122428,7.915991,-39.893747,10.430277,7.151714,32.580128,8.001038,1.729854,10.430277,10.876958,10.756838,18.750642,18.468171,20.015106,-39.893747,19.473179
2019-01-07 19:00:00,12.157391,12.24803,12.195946,15.93136,11.84109,13.455933,9.335917,14.312989,14.402805,14.402805,14.141147,13.831123,15.966775,15.93136,11.842342,11.590233,14.39149,15.822513,15.816234,12.24299,12.24299,14.361595,15.888853,14.145431,15.824565,14.62072,13.443956,14.394318,14.314084,10.249791,9.555569,9.072547,11.845125,15.701873,13.467392,14.337146,11.735175,11.768066,11.795773,14.337146,15.384512,17.346925,11.993087,13.805871,15.842213,11.903151,8.119863,14.585525,11.860503,11.839616,11.818746,11.823842,11.073589,11.708702,11.917153,8.119863,18.688038,8.064684,17.560763,13.557514,8.227476,17.52806,11.763211,12.004102,15.384512,15.85859,15.816234,11.903151,15.524784,13.455933,13.945421,12.383471,10.614779,16.847382,15.847788,13.455933,10.268424,9.335917,14.541923,8.660747,11.884241,12.195946,13.467392,12.20386,12.004102,8.265633,11.844487,11.84337,15.816234,12.24299,10.675597,13.210195,12.275324,8.119863,11.836222,12.046937,13.657052,15.30772,15.262641,14.908684,14.89183,14.877259,15.822513,15.767688,12.258593,9.289998,15.847788,15.691098,14.547573,12.004102,10.176112,8.227476,11.957069,9.177742,12.383471,10.176112,11.007084,13.557514,11.878901,11.87011,11.884241,12.004102,11.842933
2019-01-07 20:00:00,9.982501,9.961593,7.008565,13.88316,12.779218,11.113651,9.499614,12.097908,12.363269,12.363269,12.318476,12.265404,13.937325,13.88316,12.802374,12.23294,12.789471,13.751605,13.753131,11.33399,11.33399,12.241514,13.417773,11.832724,13.395548,12.466893,11.100526,12.171103,12.348081,10.10594,9.553345,9.185972,12.772501,13.780931,11.12621,12.352029,12.485332,12.542606,12.591823,12.352029,13.003192,14.881035,11.185355,11.50714,13.746816,13.602208,8.482931,12.450157,12.582042,12.576806,12.561517,12.62048,11.392994,12.411844,12.558553,8.482931,15.845861,8.441792,15.056417,12.267898,8.564679,15.029595,12.527606,2.260153,13.003192,13.631277,13.753131,13.602208,13.149901,11.113651,11.66971,9.93035,10.647075,14.471328,13.707488,11.113651,10.022223,9.499614,12.413199,8.893817,12.9278,7.008565,11.12621,7.204444,2.260153,8.593666,12.773564,12.811493,13.753131,11.33399,10.306456,11.90124,8.973275,8.482931,12.759825,3.320373,11.334061,12.972034,12.935096,12.612048,12.615941,12.619306,13.751605,13.764932,8.559159,9.341953,13.707488,13.78355,12.243333,2.260153,10.25348,8.564679,15.219925,9.257488,9.93035,10.25348,10.800284,12.267898,12.698246,12.64272,12.9278,2.260153,12.807614
2019-01-07 21:00:00,6.14385,5.944539,-2.094372,9.815958,14.329312,7.222635,9.248516,8.582495,9.15098,9.15098,9.407405,9.71123,10.379891,9.815958,14.391031,13.219622,10.211728,8.022423,7.90323,9.650615,9.650615,8.890142,9.830689,8.127716,9.819365,9.111587,7.205267,8.65845,9.237927,9.458525,9.039727,8.796549,14.304527,5.732052,7.239253,9.215326,13.686886,13.792919,13.884907,9.215326,9.447717,11.178412,9.708601,7.755998,8.396445,16.495315,8.377632,9.117949,13.756731,13.775016,13.765626,13.919792,11.718246,13.526223,13.603506,8.377632,11.700116,8.352187,11.333511,10.076678,8.431532,11.309791,13.759269,-14.851662,9.447717,8.90006,7.90323,16.495315,9.605992,7.222635,7.983436,5.646712,10.38494,10.81609,8.567869,7.222635,9.192048,9.248516,9.083225,8.648545,14.670375,-2.094372,7.239253,-1.568115,-14.851662,8.450644,14.30845,14.414498,7.90323,9.650615,9.325315,9.687531,3.184103,8.377632,14.283601,-12.003229,7.514291,9.451495,9.419409,9.086394,9.117885,9.14511,8.022423,6.981565,2.071522,8.879518,8.567869,10.467254,8.632824,-14.851662,9.995131,8.431532,20.859444,8.825577,5.646712,9.995131,10.192435,10.076678,14.04749,13.908556,14.670375,-14.851662,14.404515
2019-01-07 22:00:00,5.422148,5.265314,-1.487404,8.461706,12.255433,6.477075,7.698863,7.718315,8.210313,8.210313,8.401935,8.628978,9.565237,8.461706,12.307375,11.295226,9.127597,4.913803,4.668378,8.391727,8.391727,7.98457,8.928813,7.314643,8.923069,8.198697,6.461123,7.791004,8.275287,7.986394,7.551761,7.289559,12.235097,0.197813,6.492339,8.258398,11.704074,11.796851,11.877244,8.258398,8.556357,10.314586,8.39497,6.96526,5.683934,14.080415,6.823039,8.200573,11.777126,11.790066,11.779782,11.909754,9.975683,11.566187,11.655055,6.823039,10.914159,6.795032,10.467755,8.919451,6.881223,10.444331,11.76805,-12.216154,8.556357,6.823328,4.668378,14.080415,8.710992,6.477075,7.172488,5.030959,8.803855,9.956773,6.071768,6.477075,7.766461,7.698863,8.166699,7.115486,12.546642,-1.487404,6.492339,-1.044827,-12.216154,6.901854,12.238315,12.327188,4.668378,8.391727,7.927675,8.536218,2.95174,6.823039,12.216509,-9.82065,6.744961,8.557431,8.52554,8.204958,8.230673,8.252905,4.913803,2.770622,2.01607,7.385495,6.071768,9.88845,7.783731,-12.216154,8.424827,6.881223,17.749254,7.326705,5.030959,8.424827,8.687475,8.919451,12.023266,11.905653,12.546642,-12.216154,12.31876
2019-01-07 23:00:00,6.978267,6.910296,3.042838,10.231648,10.804077,7.889456,7.606108,8.802181,9.105173,9.105173,9.153391,9.210521,10.274307,10.231648,10.834028,10.196221,9.6308,10.128038,10.12924,8.696669,8.696669,8.966151,9.865119,8.531421,9.848377,9.149787,7.8775,8.862958,9.121522,7.988669,7.574851,7.309837,10.793427,10.151134,7.900896,9.117272,10.464112,10.524903,10.57739,9.117272,9.533654,11.017374,8.636335,8.251453,10.124266,11.860708,6.815992,9.142582,10.535634,10.538052,10.527216,10.602628,9.319988,10.379096,10.479422,6.815992,11.679928,6.786827,11.155425,9.313761,6.874902,11.134313,10.507306,-3.127753,9.533654,10.03327,10.12924,11.860708,9.656232,7.889456,8.403004,6.808728,8.541845,10.694877,10.093292,7.889456,7.867801,7.606108,9.112917,7.112088,10.980592,3.042838,7.900896,3.297384,-3.127753,6.895791,10.795112,10.845584,10.12924,8.696669,8.057114,9.009616,5.595991,6.815992,10.780697,-1.74999,8.09023,9.517104,9.48821,9.220927,9.231799,9.241199,10.128038,10.138534,5.057844,7.416547,10.093292,10.153197,8.894707,-3.127753,8.220874,6.874902,13.968043,7.35618,6.808728,8.220874,8.56874,9.313761,10.680531,10.611294,10.980592,-3.127753,10.840668
2019-01-08 00:00:00,4.671443,4.680519,0.413765,11.31228,16.273974,6.857606,7.779705,8.702047,9.384447,9.384447,9.59245,9.838901,11.389163,11.31228,16.317964,14.573278,10.607269,11.125551,11.127717,9.231486,9.231486,9.071342,10.651709,8.124284,10.622643,9.411192,6.833711,8.816122,9.454975,8.331428,7.61666,7.17432,16.286789,11.167177,6.88047,9.436642,15.375197,15.557171,15.713356,9.436642,10.047152,12.728086,6.329333,7.585566,11.118753,17.939631,6.371108,9.406872,15.704051,15.682701,15.630784,15.811404,11.892896,15.147047,17.237049,6.371108,13.781003,6.323239,12.976775,10.171853,6.469341,12.938742,15.510789,-6.493757,10.047152,10.954757,11.127717,17.939631,10.278267,6.857606,7.892803,4.694082,9.512569,12.147129,11.062931,6.857606,8.033918,7.779705,9.3526,6.864846,16.890524,0.413765,6.88047,0.69871,-6.493757,6.504172,16.284761,16.338402,11.127717,9.231486,8.325005,9.601414,3.271831,6.371108,16.214918,-4.951453,7.258875,10.028912,9.977127,9.476771,9.507688,9.534416,11.125551,11.144468,2.669416,7.34323,11.062931,11.170894,8.836881,-6.493757,8.918172,6.469341,20.540608,7.243364,4.694082,8.918172,8.606533,10.171853,16.391392,16.062959,16.890524,-6.493757,16.329707
2019-01-08 01:00:00,8.923305,8.921771,3.831656,17.09004,14.912393,11.357797,7.870547,13.384097,13.922686,13.922686,13.818308,13.694637,17.202577,17.09004,14.954349,13.742637,14.782442,16.816716,16.819886,11.729718,11.729718,13.675565,16.123132,12.841525,16.076851,14.142991,11.330748,13.535745,13.887294,9.143144,7.99215,7.225583,14.905899,16.877645,11.38368,13.896494,14.294714,14.419993,14.527446,13.896494,15.26245,19.163294,10.92632,12.168269,16.806766,16.426212,5.756802,14.10741,14.531267,14.513545,14.475836,14.594869,11.892896,14.139686,14.773552,5.756802,21.181049,5.670891,19.527687,13.686096,5.927388,19.471959,14.38855,-4.394135,15.26245,16.566717,16.819886,16.426212,15.566306,11.357797,12.502844,8.919478,10.250224,18.312045,16.725056,11.357797,8.976655,7.870547,14.030701,6.614205,15.248949,3.831656,11.38368,4.170982,-4.394135,5.987874,14.906926,14.971562,16.819886,11.729718,9.571869,12.926393,7.235171,5.756802,14.872325,-2.557489,11.812047,15.196632,15.11986,14.450424,14.457454,14.463532,16.816716,16.844405,6.517788,7.551844,16.725056,16.883087,13.68922,-4.394135,9.433961,5.927388,19.267058,7.37552,8.919478,9.433961,10.442659,13.686096,14.82452,14.684395,15.248949,-4.394135,14.964239
2019-01-08 02:00:00,7.4866,7.484443,5.478216,10.260887,13.501062,8.424271,9.494675,9.235977,9.567464,9.567464,9.708164,9.874871,10.290576,10.260887,13.522389,12.662668,10.17703,10.188781,10.189617,9.799192,9.799192,9.415368,10.005803,8.968104,9.995131,9.551038,8.413873,9.282292,9.615171,9.639053,9.378511,9.225286,13.508226,10.204855,8.43422,9.602771,13.055823,13.145039,13.221659,9.602771,9.76877,10.807481,8.279235,8.743048,10.186156,14.312392,8.958403,9.553691,13.2111,13.202197,13.177794,13.268905,11.351436,12.942652,14.034407,8.958403,11.143695,8.942258,10.903459,10.076678,8.992378,10.888781,13.121985,2.237931,9.76877,10.122827,10.189617,14.312392,9.863102,8.424271,8.878694,7.481221,10.186989,10.58327,10.1646,8.424271,9.484443,9.494675,9.53233,9.129171,13.814649,5.478216,8.43422,5.611883,2.237931,9.004425,13.507092,13.532413,10.189617,9.799192,9.571869,9.845282,6.818921,8.958403,13.471605,2.961419,8.598881,9.767504,9.74765,9.545136,9.56272,9.577922,10.188781,10.196085,6.536331,9.278842,10.1646,10.20629,9.27213,2.237931,9.949515,8.992378,15.551026,9.24473,7.481221,9.949515,9.643989,10.076678,13.568522,13.397735,13.814649,2.237931,13.528149
2019-01-08 03:00:00,6.81794,6.843179,5.094484,10.191184,14.728033,8.016192,9.533955,8.996024,9.406755,9.406755,9.593289,9.814303,10.225615,10.191184,14.75053,13.635013,10.166829,10.107561,10.108531,9.788012,9.788012,9.2183,9.89536,8.668046,9.883196,9.377354,8.003681,9.050611,9.470003,9.674819,9.378651,9.20776,14.74297,10.126202,8.028164,9.453563,14.155024,14.273026,14.374241,9.453563,9.619084,10.825026,7.453546,8.400458,10.104517,15.613409,8.915,9.382102,14.376036,14.36035,14.325412,14.43973,11.892896,14.008916,15.665418,8.915,11.187706,8.897181,10.936311,10.076678,8.95287,10.919292,14.243389,2.237931,9.619084,10.031074,10.108531,15.613409,9.73045,8.016192,8.564348,6.880894,10.3458,10.565055,10.079518,8.016192,9.480144,9.533955,9.357174,9.105345,15.1517,5.094484,8.028164,5.212321,2.237931,8.966298,14.740607,14.762004,10.108531,9.788012,9.571869,9.804024,6.276415,8.915,14.690548,2.875739,8.226296,9.619851,9.596882,9.358427,9.381003,9.400521,10.107561,10.116032,6.027291,9.265354,10.079518,10.127867,9.031793,2.237931,10.067325,8.95287,16.791475,9.227516,6.880894,10.067325,9.522585,10.076678,14.876749,14.637493,15.1517,2.237931,14.757123
2019-01-08 04:00:00,1.85242,2.181034,2.249744,14.063631,100.052738,6.435528,8.80777,9.652829,10.878981,10.878981,11.298305,11.795139,14.192975,14.063631,96.42023,23.175002,13.094063,13.749487,13.753131,10.955847,10.955847,10.316387,12.95232,8.629382,12.904054,10.893229,6.393983,9.847343,11.021162,9.657036,8.472327,7.748371,-6.07223,13.819516,6.47528,10.984205,28.114773,29.23572,30.367644,10.984205,11.93113,16.44536,1.155548,7.703503,13.738051,20.460771,6.446832,10.890928,15.589348,16.606933,17.541955,17.762382,17.123624,21.911131,17.237049,6.446832,18.135852,6.368988,16.863679,12.439446,6.607544,16.799704,27.803422,1.9705,11.93113,13.462152,13.753131,20.460771,12.32579,6.435528,8.239925,2.672077,11.749664,15.468136,13.644139,6.435528,9.110867,8.80777,10.79916,7.254609,12.823676,2.249744,6.47528,2.261263,1.9705,6.66453,-8.198659,96.497941,13.753131,10.955847,9.571869,11.466992,2.365284,6.446832,92.338008,2.032849,7.133193,11.907084,11.820128,10.96767,11.02617,11.076746,13.749487,13.781311,2.340931,8.019123,13.644139,13.82577,9.861377,1.9705,10.740553,6.607544,19.440536,7.85623,2.672077,10.740553,8.734287,12.439446,14.920928,15.24032,12.823676,1.9705,96.464882
2019-01-08 05:00:00,5.169438,5.272772,4.157248,10.591919,16.859424,7.159245,8.747249,8.645697,9.23528,9.23528,9.465408,9.738074,10.648609,10.591919,16.883797,15.199505,10.311562,10.454233,10.45583,9.492165,9.492165,8.964762,10.104842,8.162771,10.084111,9.220991,7.140138,8.732689,9.31331,9.066764,8.559392,8.255589,16.891715,10.484925,7.177527,9.293027,16.007119,16.190386,16.347264,9.293027,9.654517,11.635708,5.397079,7.743899,10.44922,17.882981,7.718358,9.223298,16.389608,16.355313,16.294312,16.456002,12.474437,15.789117,18.664277,7.718358,12.322617,7.686036,11.819011,10.076678,7.785759,11.790978,16.146487,2.231393,9.654517,10.328297,10.45583,17.882981,9.831397,7.159245,7.992059,5.427182,10.054426,11.2075,10.40806,7.159245,8.796894,8.747249,9.182768,8.057131,17.516811,4.157248,7.177527,4.236692,2.231393,7.809658,16.886605,16.898188,10.45583,9.492165,8.979775,9.641929,4.954093,7.718358,16.804823,2.661396,7.480112,9.648412,9.610411,9.22965,9.259623,9.285536,10.454233,10.468181,4.786136,8.3653,10.40806,10.487667,8.724888,2.231393,9.606046,7.785759,18.887718,8.297322,5.427182,9.606046,8.728816,10.076678,17.188954,16.807002,17.516811,2.231393,16.892066
2019-01-08 06:00:00,10.326002,10.34075,7.2505,16.007019,19.458574,12.024285,9.160118,13.399377,13.741534,13.741534,13.63389,13.506348,16.086494,16.007019,19.489926,18.570002,14.271504,15.813995,15.816234,12.02942,12.02942,13.584542,15.324181,13.041367,15.291187,13.91215,12.00584,13.505201,13.705035,10.097431,9.275895,8.724655,19.462111,15.857024,12.041934,13.714522,18.944848,19.02991,19.103783,13.714522,14.718371,17.471241,11.510087,12.575476,15.806968,20.623358,7.663066,13.884594,18.989244,19.007528,19.002322,19.132488,11.892896,18.813714,20.091506,7.663066,18.935747,7.60108,17.728609,13.45916,7.785759,17.689249,19.002377,2.237931,14.718371,15.637444,15.816234,20.623358,14.930099,12.024285,12.8022,10.362788,10.827652,16.870009,15.749265,12.024285,10.002179,9.160118,13.830648,8.27975,19.862052,7.2505,12.041934,7.457275,2.237931,7.829264,19.461551,19.503811,15.816234,12.02942,10.436562,12.928899,9.324507,7.663066,19.421344,3.357132,12.334033,14.668644,14.614346,14.14681,14.148602,14.150152,15.813995,15.83355,8.887354,8.961621,15.749265,15.860867,13.623802,2.237931,10.255665,7.785759,22.501157,8.834598,10.362788,10.255665,11.021892,13.45916,19.490321,19.25089,19.862052,2.237931,19.497905
2019-01-08 07:00:00,13.480063,13.330388,9.022839,14.875656,25.376114,13.455933,9.585432,13.702037,13.585272,13.585272,13.285303,12.929886,14.913552,14.875656,25.413693,25.461057,13.272305,14.783615,14.784683,11.571364,11.571364,13.638847,14.550053,13.715673,14.532049,13.776801,13.451958,13.743175,13.483561,9.798734,9.443276,9.168661,25.356095,14.804133,13.459736,13.509999,25.23618,25.185151,25.144957,13.509999,14.27592,15.574383,15.477595,13.563634,14.780264,26.675239,8.508871,13.745867,24.689731,24.812991,24.906675,25.045636,10.006716,25.198313,25.550641,8.508871,16.55094,8.469679,15.697334,12.650382,8.587987,15.678531,25.17382,2.237931,14.27592,14.699429,14.784683,26.675239,14.355937,13.455933,13.60172,13.106731,10.871373,15.287162,14.752749,13.455933,10.013971,9.585432,13.721805,8.906525,25.651247,9.022839,13.459736,9.302726,2.237931,8.61604,25.359263,25.427382,14.784683,11.571364,10.306456,12.398731,11.830172,8.508871,25.352563,3.752858,13.522682,14.228418,14.201935,14.017285,13.994893,13.975535,14.783615,14.792939,11.23845,9.307298,14.752749,14.805965,13.874586,2.237931,10.430277,8.587987,29.142265,9.235232,13.106731,10.430277,12.182431,12.650382,25.178534,24.944969,25.651247,2.237931,25.421559
2019-01-08 08:00:00,23.145873,22.917306,23.294142,15.731701,25.424685,19.75351,9.318769,17.215751,15.746213,15.746213,14.623236,13.292681,15.696487,15.731701,25.413693,28.209782,12.848021,15.817227,15.816234,10.866598,10.866598,16.42048,16.034256,18.242351,16.038181,16.18934,19.784379,17.124973,15.365443,7.697784,8.253064,8.454331,25.377684,15.798161,19.723974,15.464418,26.591605,26.224404,25.915212,15.464418,16.372079,15.085433,23.463746,18.7789,15.82034,24.833369,8.206626,16.117771,25.175141,25.412754,25.648742,25.598965,5.880776,26.883268,24.525337,8.206626,15.74413,8.188727,14.97247,12.112657,8.250187,14.989746,26.27768,24.174734,16.372079,15.895454,15.816234,24.833369,16.179658,19.75351,18.348748,22.575762,11.010599,15.349323,15.845908,19.75351,8.98709,9.318769,16.149494,8.425573,24.953363,23.294142,19.723974,23.257817,24.174734,8.265633,25.385122,25.403252,15.816234,10.866598,9.192916,12.344132,22.929787,8.206626,25.477488,23.978117,19.235132,16.282099,16.303373,16.690804,16.58056,16.485249,15.817227,15.808562,23.006585,8.465483,15.845908,15.796458,17.424873,24.174734,10.430277,8.250187,24.447877,8.469032,22.575762,10.430277,14.555108,12.112657,24.981695,25.07413,24.953363,24.174734,25.407694
2019-01-08 09:00:00,88.119693,86.22107,88.983875,20.617007,104.832039,60.116722,8.760995,39.661934,29.600728,29.600728,23.361926,15.96991,20.095981,20.617007,104.752461,124.745131,10.327027,21.88245,21.867769,7.378828,7.378828,34.217103,25.093615,47.157867,25.246478,31.559294,60.372278,38.707813,27.485328,-3.702532,2.656601,5.917602,104.496734,21.600358,59.872193,28.035192,113.178425,110.553672,108.343524,28.035192,29.476903,11.032614,90.904523,52.170484,21.928516,100.570987,8.577768,31.24297,103.059388,104.756348,106.442178,106.083967,-25.363544,115.264539,98.420467,8.577768,9.206952,8.715041,9.351703,9.083307,8.347339,9.608771,110.934802,95.704715,29.476903,23.039896,21.867769,100.570987,27.503897,60.116722,48.728338,83.383981,11.301814,14.959347,22.306815,60.116722,4.163144,8.760995,31.643027,7.419579,101.459502,88.983875,59.872193,88.706631,95.704715,8.265633,104.549795,104.677475,21.867769,7.378828,3.706343,12.61097,86.203051,8.577768,105.209997,94.204094,55.825143,29.138439,29.477894,33.612392,32.951378,32.379903,21.88245,21.754253,86.789185,5.089255,22.306815,21.575164,40.021038,95.704715,10.430277,8.347339,97.742317,5.598154,83.383981,10.430277,33.95894,9.083307,101.672602,102.335252,101.459502,95.704715,104.709374
2019-01-08 10:00:00,17.931137,17.820519,18.023688,14.762337,19.159458,13.455933,9.91221,15.245388,14.46303,14.46303,13.812639,13.042025,14.753028,14.762337,19.153475,20.689663,12.893468,14.784945,14.784683,11.469042,11.469042,14.821999,14.842316,15.813371,14.839892,14.737914,16.294371,15.209113,14.242501,9.467149,9.604071,9.603188,19.133592,14.779905,18.173659,14.299824,19.800422,19.598632,19.428724,14.299824,14.954083,14.592309,18.076807,16.012116,14.785768,18.836454,9.303495,14.693518,19.021697,19.152358,19.282099,19.254881,7.881612,19.960625,18.664277,9.303495,15.170264,9.285018,14.562795,12.33785,9.341775,14.567309,19.627891,18.483473,14.954083,14.805624,14.784683,18.836454,14.871297,13.455933,15.801125,17.655224,10.700761,14.661256,14.792527,13.455933,10.119636,9.91221,14.70378,9.495898,18.90065,18.023688,18.173659,18.004721,18.483473,9.355348,19.137685,19.147757,14.784683,11.469042,10.306456,12.427021,17.833446,9.303495,19.188445,18.380813,16.295726,14.894037,14.89876,15.059531,14.994959,14.939133,14.784945,14.782655,17.873545,9.65645,14.792527,14.779455,15.416188,18.483473,10.430277,9.341775,18.628754,9.636783,17.655224,10.430277,12.800187,12.33785,18.915622,18.966308,18.90065,18.483473,19.150189
2019-01-08 11:00:00,11.753026,11.79762,11.740972,13.867733,16.568789,12.406865,10.452742,12.844145,12.904011,12.904011,12.792605,12.660607,13.899514,13.867733,16.574811,16.300186,12.960419,13.790544,13.791439,11.890111,11.890111,12.876543,13.59467,12.751663,13.580852,13.00253,12.400814,12.8839,12.866237,10.90532,10.559278,10.318927,16.577043,13.807751,12.412655,12.876056,16.398136,16.420363,16.440037,12.876056,13.356463,14.453412,11.684377,12.584633,13.787734,16.822791,9.8454,12.986619,16.362406,16.379635,16.386634,16.441024,11.351436,16.353394,17.237049,9.8454,15.118739,9.817963,14.556394,12.55882,9.898945,14.540645,16.410665,11.59644,13.356463,13.719942,13.791439,16.822791,13.435374,12.406865,12.656046,11.864256,11.093361,14.212837,13.764658,12.406865,10.912206,10.452742,12.965503,10.11453,16.765807,11.740972,12.412655,11.746934,11.59644,9.917931,16.575737,16.5784,13.791439,11.890111,11.114193,12.359359,11.800773,9.8454,16.555058,11.628711,12.508475,13.330037,13.308161,13.131723,13.126049,13.121143,13.790544,13.798363,11.788169,10.426901,13.764658,13.809287,12.951909,11.59644,10.87362,9.898945,16.999888,10.371065,11.864256,10.87362,11.261581,12.55882,16.65931,16.51744,16.765807,11.59644,16.576873
2019-01-08 12:00:00,-14.73589,-16.415576,-80.906056,14.547163,51.254723,-7.216148,12.694667,2.939035,7.392025,7.392025,9.634531,12.291555,14.877931,14.547163,51.749102,42.566522,15.718847,13.743811,13.753131,13.224457,13.224457,5.348863,11.705239,-0.545804,11.5925,6.909952,-7.345075,3.480334,8.152395,13.535504,10.805715,9.295231,51.052206,13.922894,-7.092783,7.954749,46.190384,47.012721,47.726858,7.954749,9.024409,20.635387,14.026206,-3.243511,13.714567,68.588832,6.805704,6.987811,46.640998,46.806135,46.74909,47.982257,30.967364,44.923841,45.361146,6.805704,23.594455,6.651981,21.70407,15.358581,7.139986,21.540632,46.74684,-183.152826,9.024409,13.009019,13.753131,68.588832,10.13223,-7.216148,-1.542176,-18.92551,20.66667,18.138866,13.474408,-7.216148,11.368902,12.694667,6.745317,8.485878,53.954859,-80.906056,-7.092783,-76.688228,-183.152826,7.258516,51.084254,51.93659,13.753131,13.224457,12.063708,12.656301,-38.600282,6.805704,50.892034,-160.323281,-5.051054,9.074883,8.855298,6.495133,6.754137,6.978057,13.743811,13.825196,-47.517371,9.761448,13.474408,13.938889,3.163919,-183.152826,17.93216,7.139986,103.576617,9.431168,-18.92551,17.93216,18.776611,15.358581,48.959045,47.85141,53.954859,-183.152826,51.856831
