Datetime,Abilene 2 345_LMP,Abilene 5 345_LMP,Adrian 1 345_LMP,Agua Dulce 345_LMP,Allen 1 345_LMP,Alpine 2 345_LMP,Alto 345_LMP,Art 345_LMP,Austin 17 345_LMP,Austin 22 345_LMP,Austin 27 345_LMP,Bastrop 2 345_LMP,Bayside 1 345_LMP,Bayside 3 345_LMP,Blue Ridge 345_LMP,Blum 345_LMP,Brenham 345_LMP,Brownsville 1 345_LMP,Brownsville 2 345_LMP,Bryan 1 345_LMP,Bryan 5 345_LMP,Burnet 345_LMP,Calliham 345_LMP,Camp Wood 345_LMP,Campbellton 345_LMP,Canyon Lake 1 345_LMP,Carlsbad 345_LMP,Castell 345_LMP,Cedar Creek 2 345_LMP,Centerville 345_LMP,Conroe 4 345_LMP,Conroe 7 345_LMP,Coppell 345_LMP,Corpus Christi 11 345_LMP,Crane 2 345_LMP,Dale 345_LMP,Dallas 10 345_LMP,Dallas 3 345_LMP,Dallas 8 345_LMP,Del Valle 345_LMP,Dilley 1 345_LMP,East Bernard 1 345_LMP,Eastland 345_LMP,Eden 345_LMP,Edinburg 1 345_LMP,Electra 345_LMP,Feeeport 345_LMP,Fischer 345_LMP,Fort Worth 10 345_LMP,Fort Worth 12 345_LMP,Fort Worth 15 345_LMP,Fort Worth 16 345_LMP,Frost 345_LMP,Glen Rose 2 345_LMP,Gordon 345_LMP,Houston 11 345_LMP,Houston 12 345_LMP,Houston 20 345_LMP,Houston 45 345_LMP,Houston 46 345_LMP,Houston 48 345_LMP,Katy 2 345_LMP,Kennedale 2 345_LMP,Knox City 345_LMP,Laredo 5 345_LMP,Lopeno 345_LMP,Los Fresnos 1 345_LMP,Loving 345_LMP,Lytle 345_LMP,Mccamey 345_LMP,Melvin 345_LMP,Merkel 2 345_LMP,Mexia 345_LMP,Meyersville 345_LMP,Mission 3 345_LMP,Monahans 2 345_LMP,Montgomery 2 345_LMP,Mount Enterprise 345_LMP,New Braunfels 2 345_LMP,New Caney 345_LMP,North Richland Hills 1 345_LMP,O'Donnell 345_LMP,Odessa 8 345_LMP,Odonnell 345_LMP,Panhandle 3 345_LMP,Pasadena 4 345_LMP,Plano 2 345_LMP,Prosper 345_LMP,Raymondville 345_LMP,Reagan 345_LMP,Richards 2 345_LMP,Rockdale 2 345_LMP,Roscoe 2 345_LMP,Rosharon 345_LMP,Rowlett 1 345_LMP,Rule 2 345_LMP,San Angelo 3 345_LMP,San Antonio 14 345_LMP,San Antonio 2 345_LMP,San Antonio 25 345_LMP,San Antonio 29 345_LMP,San Antonio 33 345_LMP,San Perlita 345_LMP,Sarita 1 345_LMP,Snyder 2 345_LMP,Spring 3 345_LMP,Sullivan City 345_LMP,Taft 2 345_LMP,Tarpley 345_LMP,Tell 345_LMP,Tennessee Colony 345_LMP,Texas City 2 345_LMP,Throckmorton 345_LMP,Tomball 1 345_LMP,Trent 2 345_LMP,Tyler 8 345_LMP,Waco 2 345_LMP,Wadsworth 2 345_LMP,Weatherford 2 345_LMP,Weatherford 3 345_LMP,Weatherford 4 345_LMP,Wheeler 345_LMP,Whitesboro 345_LMP
2019-01-01 00:00:00,-277.244552,-289.587822,-566.714938,15.327379,17.114433,30.5517,7.091916,22.73986,18.93243,18.93243,16.605009,13.847376,15.123737,15.327379,19.44578,-6.986347,11.65189,15.821972,15.816234,10.781648,10.781648,20.67939,17.077045,25.587326,17.137805,19.648747,30.649431,22.371107,18.143268,7.651127,9.089162,9.743311,23.067658,15.711718,30.458185,18.348397,3.490704,5.868189,7.951239,18.348397,18.783657,11.581115,-143.200691,27.51519,15.839977,32.427557,10.597297,19.533056,2.046993,3.397019,3.790786,8.939307,30.595675,-0.690555,-5.301542,10.597297,10.862925,10.655251,10.924036,10.810724,10.453554,11.024525,4.975346,-1000.0,18.783657,16.274356,15.816234,95.12282,18.021864,30.5517,26.201098,-308.032212,1.820747,13.116102,15.987834,30.5517,9.607947,7.091916,19.688675,9.87481,33.084219,-566.714938,30.458185,-548.841297,-1000.0,10.402585,23.366595,20.216162,15.816234,10.781648,9.571869,12.648738,-387.438273,10.597297,16.215432,-903.256592,28.910487,18.66199,18.794929,20.393791,20.145813,19.931425,15.821972,15.771867,-425.225693,9.639275,15.987834,15.701871,22.85096,-1000.0,3.628832,10.453554,244.42961,9.772805,-308.032212,3.628832,-39.456353,10.810724,11.540989,7.004463,33.084219,-1000.0,19.888437
2019-01-01 01:00:00,-275.765829,-287.951052,-565.632005,15.442396,17.067378,27.084744,9.144571,21.110872,18.199252,18.199252,16.419427,14.310608,15.286668,15.442396,19.44578,-7.354559,12.631676,15.820622,15.816234,11.966184,11.966184,19.535188,16.780402,23.288386,16.826866,18.747035,27.159481,20.828879,17.595764,9.572211,10.671905,11.172147,24.186161,15.736308,27.013232,17.752631,3.727553,6.24234,8.439143,17.752631,18.085483,12.577553,-141.826545,24.762663,15.834391,32.427557,11.825207,18.658563,2.973676,4.221679,4.513133,9.688686,35.908308,-0.510248,-4.117404,11.825207,12.028338,11.869525,12.075071,11.988419,11.715284,12.151917,5.342125,-1000.0,18.085483,16.166569,15.816234,96.290527,17.502924,27.084744,23.757751,-306.159275,5.113601,13.751389,15.94746,27.084744,11.068631,9.144571,18.777569,11.272706,34.189432,-565.632005,27.013232,-547.713691,-1000.0,11.676307,24.505371,20.220753,15.816234,11.966184,11.041042,13.393986,-385.907264,11.825207,16.22839,-903.014795,25.829675,17.992441,18.094102,19.316785,19.127151,18.963204,15.820622,15.782306,-423.789128,11.092588,15.94746,15.728778,21.195832,-1000.0,6.496281,11.715284,245.995211,11.194701,-306.159275,6.496281,-36.709617,11.988419,12.575887,7.987652,34.189432,-1000.0,19.891075
2019-01-01 02:00:00,-288.655,-303.498994,-576.444407,53.362642,17.231616,121.480724,16.514766,86.528262,69.492698,69.492698,59.079137,46.740675,52.451492,53.362642,19.44578,4.903631,36.917428,55.575599,55.549926,33.023707,33.023707,77.309113,61.191162,99.268658,61.463019,72.697713,121.918004,84.878352,65.961756,19.016838,25.451028,28.377885,21.641547,55.082287,121.062314,66.879567,8.10389,8.830102,9.52411,66.879567,68.827048,36.600759,-151.156412,107.894488,55.656158,32.427557,32.198869,72.180077,0.204377,2.612373,4.066264,8.939307,-1.438145,5.195603,-9.981334,32.198869,33.387364,32.45817,33.660792,33.153804,31.555718,34.110411,8.167611,-1000.0,68.827048,57.599697,55.549926,90.821738,65.41856,121.480724,102.014856,-325.680183,-7.069995,43.468742,56.317712,121.480724,27.772227,16.514766,72.876364,28.966249,29.878466,-576.444407,121.062314,-558.972121,-1000.0,31.327668,21.94514,20.162292,55.549926,33.023707,27.610804,41.377618,-401.193422,32.198869,16.485838,-905.428977,114.137458,68.282672,68.877479,76.031257,74.92173,73.962498,55.575599,55.351413,-438.13232,27.912395,56.317712,55.038229,87.025354,-1000.0,1.019911,31.555718,236.826919,28.509846,-325.680183,1.019911,-48.080962,33.153804,8.716265,4.649021,29.878466,-1000.0,19.857484
2019-01-01 03:00:00,-274.17836,-286.117588,-564.38763,15.418417,17.030406,13.455933,9.74333,10.090298,9.317298,9.317298,9.723338,10.204433,15.252699,15.418417,19.44578,-8.232729,10.759538,15.820904,15.816234,10.474186,10.474186,9.671973,16.842248,11.666884,17.654903,8.811044,13.49576,9.813858,9.454975,9.741959,10.459743,10.825879,24.990846,15.731181,13.417824,9.419188,3.633871,6.326676,8.672094,9.419188,13.278468,12.190907,-140.509083,12.154588,15.835556,32.427557,11.380186,8.892808,3.675341,4.800207,4.968199,10.176247,40.763909,-0.709125,-3.096115,11.380186,11.542312,11.415558,11.579611,11.510451,11.299381,11.673099,5.409285,-1000.0,13.278468,16.189041,15.816234,97.283174,19.695645,13.455933,11.58653,-303.958224,7.412192,13.61894,15.955877,13.455933,10.490447,9.74333,9.035225,10.974046,35.081174,-564.38763,13.417824,-546.417984,-1000.0,11.27073,25.323009,20.226649,15.816234,10.474186,10.38009,10.309901,-384.148015,11.380186,16.222242,-902.736953,12.787112,21.173296,21.480169,9.916159,8.962459,8.137946,15.820904,15.780129,-422.138402,10.734328,15.955877,15.723168,10.744464,-1000.0,8.211805,11.299381,247.427513,10.812302,-303.958224,8.211805,-34.690282,11.510451,13.400906,8.753729,35.081174,-1000.0,19.894463
2019-01-01 04:00:00,-269.701099,-281.644765,-561.626361,15.466392,16.729853,12.406865,10.571107,9.725107,9.261427,9.261427,9.832244,10.508575,15.320659,15.466392,19.44578,-2.617168,11.214356,15.820341,15.816234,11.00271,11.00271,9.474177,16.718515,11.042739,17.504094,8.715007,12.438199,9.484201,9.454975,10.527484,11.11666,11.423198,33.051289,15.741438,12.376883,9.404665,8.891388,11.502944,13.765945,9.404665,13.124264,12.611479,-135.350312,11.371157,15.833225,32.427557,11.897587,8.803258,9.844285,10.910974,11.018671,16.253329,41.685642,5.008558,3.092441,11.897587,12.03514,11.927598,12.066786,12.008109,11.829889,12.150088,10.691881,-1000.0,13.124264,16.144083,15.816234,103.753585,19.421523,12.406865,10.918191,-299.492032,8.703089,13.883923,15.939037,12.406865,11.107281,10.571107,8.929967,11.557321,41.753509,-561.626361,12.376883,-543.542808,-1000.0,11.805884,33.552048,20.225872,15.816234,11.00271,11.002706,10.701771,-380.244238,11.897587,16.519691,-902.12042,11.880664,20.809887,21.098216,9.733206,8.824643,8.039153,15.820341,15.784484,-418.47544,11.342046,15.939037,15.734392,10.352773,-1000.0,9.343846,11.829889,254.939931,11.407766,-299.492032,9.343846,-32.298481,12.008109,19.748657,15.016041,41.753509,-1000.0,19.894016
2019-01-01 05:00:00,-274.577208,-286.467474,-564.581561,15.43988,17.096163,12.406865,10.155144,9.468028,8.927347,8.927347,9.500015,10.178538,15.283104,15.43988,19.44578,-0.74555,10.895648,15.820652,15.816234,10.66035,10.66035,9.175427,16.786891,10.898844,17.618262,8.359127,12.441289,9.20844,9.121522,10.116431,10.758401,11.09116,23.228072,15.73577,12.373927,9.071049,15.491442,19.17599,6.69281,9.071049,13.009423,12.371841,-141.069014,11.271613,15.834513,32.427557,11.604031,8.450899,2.905024,4.313633,4.990991,8.834487,42.132448,3.550134,-3.938202,11.604031,11.752981,11.636528,11.787249,11.72371,11.530552,11.876653,10.691881,-1000.0,13.009423,16.168927,15.816234,96.299676,19.657208,12.406865,10.775296,-304.234947,8.110309,13.737491,15.948343,12.406865,10.755359,10.155144,8.586925,11.234707,34.014725,-564.581561,12.373927,-546.619914,-1000.0,11.504497,23.506244,20.239984,15.816234,10.66035,10.644318,10.366917,-384.422186,11.604031,16.063274,-902.780253,11.828784,21.13356,21.440162,9.445505,8.481627,7.648314,15.820652,15.782077,-422.395661,11.003983,15.948343,15.728189,10.13311,-1000.0,8.811716,11.530552,246.394036,11.075236,-304.234947,8.811716,-34.35024,11.72371,12.51463,7.922862,34.014725,-1000.0,19.902125
2019-01-01 06:00:00,-274.976077,-286.934424,-564.900945,15.959137,20.218994,13.455933,9.622296,9.748368,8.931578,8.931578,9.435299,10.032131,15.77346,15.959137,22.429737,0.0,10.703756,16.410101,16.404869,10.393002,10.393002,9.306345,17.55446,11.499138,18.48118,8.341252,13.499715,9.439133,9.102376,9.61108,10.405721,10.812432,22.382075,16.309572,13.41404,9.05798,16.061654,19.706414,7.33562,9.05798,13.456418,12.339101,-141.387078,12.022655,16.426518,32.427557,11.430518,8.436594,2.854338,4.341161,5.092819,8.939307,40.257581,4.017315,-4.152323,11.430518,11.611026,11.469901,11.652554,11.575553,11.340749,11.75755,11.247328,-1000.0,13.456418,16.822579,16.404869,96.287627,20.795736,13.455933,11.396809,-304.803629,7.051917,13.942925,16.561331,13.455933,10.431821,9.622296,8.596499,10.979317,33.764227,-564.900945,13.41404,-546.952474,-1000.0,11.308918,22.582593,23.224109,16.404869,10.393002,10.306456,10.173224,-384.87372,11.430518,18.911151,-902.851565,12.720697,22.471651,22.819698,9.590049,8.505537,7.567931,16.410101,16.364416,-422.819341,10.709707,16.561331,16.300594,10.493278,-1000.0,7.933594,11.340749,246.208572,10.796423,-304.803629,7.933594,-35.197914,11.575553,12.365134,7.820581,33.764227,-1000.0,22.886179
2019-01-01 07:00:00,-269.376915,-282.236979,-562.408236,83.850591,19.723493,17.983549,47.016968,4.746422,7.624863,7.624863,18.834767,32.116771,82.666707,83.850591,22.429737,0.944003,44.542245,86.725953,86.692596,44.031211,44.031211,6.30415,94.022424,13.334006,102.585221,0.073417,18.124637,2.856944,11.425823,45.358216,48.851524,50.866804,35.8179,86.084979,17.848549,10.437825,12.041262,14.559486,16.744298,10.437825,50.671019,60.146998,-133.083541,12.9124,86.830626,32.427557,54.318665,1.293037,12.597683,13.728902,13.900341,19.12347,-34.703387,8.221286,5.6714,54.318665,55.28169,54.528774,55.503246,55.092439,53.872072,56.213431,13.759269,-1000.0,50.671019,89.355925,86.692596,106.449866,121.937681,17.983549,10.665258,-301.453608,37.4383,70.99515,87.690203,17.983549,47.656636,47.016968,2.367462,52.073989,44.449066,-562.408236,17.848549,-544.356936,-1000.0,53.713718,36.316362,23.207441,86.692596,44.031211,46.57564,36.775076,-381.349623,54.318665,19.511273,-902.294996,15.614242,135.950328,138.860419,9.770385,0.240828,-7.997873,86.725953,86.434663,-419.512636,50.187872,87.690203,86.027732,11.456408,-1000.0,40.723919,53.872072,257.572841,50.634056,-301.453608,40.723919,-11.096918,55.092439,22.450714,17.74263,44.449066,-1000.0,22.876601
2019-01-01 08:00:00,-265.620513,-277.684421,-559.234269,15.407365,19.533522,12.406865,9.644975,9.152727,8.517606,8.517606,9.092544,9.773757,15.237043,15.407365,22.429737,4.643315,10.504759,15.821033,15.816234,10.240455,10.240455,8.809018,16.870752,10.72236,17.758286,7.922649,12.445078,8.870226,8.712551,9.612286,10.319006,10.683925,40.817656,15.728819,12.370301,8.661878,15.382201,17.819102,19.926924,8.661878,12.868573,12.07793,-130.408455,11.149524,15.836092,32.427557,11.243992,8.018739,16.362406,17.483501,17.641393,22.886673,-30.249107,11.86735,9.369886,11.243992,11.40692,11.279539,11.444404,11.374902,11.163422,11.541291,17.088161,-1000.0,12.868573,16.199399,15.816234,110.558153,19.94627,12.406865,10.600038,-295.711364,7.383279,13.557896,15.959757,12.406865,10.323735,9.644975,8.166194,10.839028,48.567532,-559.234269,12.370301,-541.052039,-1000.0,11.134853,41.42195,23.207513,15.816234,10.240455,10.204763,9.956227,-376.862391,11.243992,19.695259,-901.586316,11.765156,21.530536,21.859551,9.092648,8.060927,7.168961,15.821033,15.779126,-415.302211,10.589358,15.959757,15.720583,9.863699,-1000.0,8.159073,11.163422,262.594237,10.667395,-295.711364,8.159073,-31.836048,11.374902,26.326777,21.565491,48.567532,-1000.0,22.876643
2019-01-01 09:00:00,-264.553635,-276.608674,-558.565653,13.419946,19.459513,12.406865,8.621773,9.456608,8.707026,8.707026,8.946042,9.229239,13.281153,13.419946,22.429737,6.129465,9.59127,13.757042,13.753131,9.333701,9.333701,9.050956,14.612449,10.809588,15.259541,8.330878,12.441966,9.224042,8.78807,8.640679,9.261725,9.575678,42.811209,13.681897,12.373279,8.767004,16.723922,19.128049,21.20481,8.767004,11.845271,10.724666,-129.199694,11.265556,13.769313,32.427557,10.046106,8.391629,17.880784,18.995689,19.146807,24.396973,-28.460796,13.333005,10.870658,10.046106,10.184266,10.076249,10.216051,10.157115,9.976841,10.293836,18.425258,-1000.0,11.845271,14.065369,13.753131,112.139688,16.910672,12.406865,10.767764,-294.622365,6.583326,11.912828,13.870086,12.406865,9.30464,8.621773,8.510214,9.697964,50.202949,-558.565653,12.373279,-540.355842,-1000.0,9.952281,43.457485,23.206963,13.753131,9.333701,9.215772,9.270081,-375.917128,10.046106,19.771061,-901.437028,11.817412,18.106216,18.354501,9.234529,8.468812,7.806818,13.757042,13.722892,-414.415259,9.499303,13.870086,13.675185,9.979722,-1000.0,7.282543,9.976841,264.420897,9.565958,-294.622365,7.282543,-32.064265,10.157115,27.882763,23.103507,50.202949,-1000.0,22.876327
2019-01-01 10:00:00,-261.266823,-272.957796,-556.144891,9.282929,22.465661,6.607434,10.730215,7.980273,8.649384,8.649384,9.058401,9.543022,9.318717,9.282929,25.413693,6.116569,9.928853,9.19601,9.197019,10.081788,10.081788,8.342376,8.975446,7.479864,8.964768,8.523499,6.590258,8.045077,8.78807,10.63194,10.379222,10.264263,44.740869,9.215386,6.623868,8.752021,18.03,20.733432,23.064485,8.752021,8.675529,9.941291,-126.17172,7.141065,9.192846,32.427557,10.114185,8.543831,20.127128,21.07636,21.059043,26.366249,-33.042271,14.337212,13.572711,10.114185,10.067505,10.104001,10.056765,10.076678,10.139447,10.039105,19.97189,-1000.0,8.675529,9.116509,9.197019,115.019726,8.809405,6.607434,7.372001,-290.427468,11.656561,9.671535,9.166862,6.607434,10.288052,10.730215,8.516483,10.241154,52.687246,-556.144891,6.623868,-537.835219,-1000.0,10.148404,45.359898,26.202366,9.197019,10.081788,10.294392,9.753669,-372.494747,10.114185,22.65183,-900.896523,6.895857,8.69691,8.673548,8.392567,8.436146,8.473822,9.19601,9.204816,-411.203996,10.282547,9.166862,9.217117,7.960748,-1000.0,11.338811,10.139447,268.118377,10.25908,-290.427468,11.338811,-27.573168,10.076678,30.293472,25.435678,52.687246,-1000.0,25.86686
2019-01-01 11:00:00,-255.112643,-266.024962,-551.508348,9.700831,22.269851,-11.581806,10.814559,-1.433658,3.133483,3.133483,5.559315,8.433552,10.015778,9.700831,25.413693,4.907246,11.723137,8.935903,8.944777,10.086472,10.086472,1.037945,6.994835,-4.967266,6.890143,2.545711,-11.710201,-0.907355,3.956014,11.284669,8.759901,7.40631,49.410244,9.106421,-11.458952,3.74221,19.15696,22.390549,25.160259,3.74221,4.425003,15.497234,-120.702616,-7.617884,8.908057,32.427557,5.244166,2.640641,23.965926,24.517728,24.101355,29.516728,-43.068606,15.261939,18.407493,5.244166,17.97606,5.109055,16.514535,11.706343,5.543412,16.358956,21.604387,-1000.0,4.425003,8.236256,8.944777,119.84626,5.504313,-11.581806,-5.916087,-282.3311,18.516705,13.120743,8.679385,-11.581806,9.030511,10.814559,2.407804,6.748241,57.252579,-551.508348,-11.458952,-533.007413,-1000.0,5.649519,50.114928,26.220474,8.944777,10.086472,9.571869,9.07981,-365.939783,5.244166,22.712855,-899.861281,-9.425664,4.500867,4.292476,2.00045,2.274234,2.510931,8.935903,9.013395,-405.053391,7.794063,8.679385,9.12165,-1.296121,-1000.0,15.874761,5.543412,274.595913,7.501007,-282.3311,15.874761,-21.108952,11.706343,34.563402,29.499599,57.252579,-1000.0,25.877265
2019-01-01 12:00:00,-255.798788,-266.800162,-552.02769,7.473326,22.288819,-11.439861,10.444906,-2.274344,1.928293,1.928293,4.241806,6.982961,7.747441,7.473326,25.413693,5.181432,9.864297,6.807571,6.815294,8.953616,8.953616,0.0,5.118161,-5.499731,5.02889,1.327135,-11.55553,-1.808696,2.712739,10.624098,8.47847,7.359268,48.975108,6.955981,-11.329184,2.508835,19.12119,22.284443,24.99564,2.508835,2.86952,12.517797,-121.307748,-7.863713,6.783335,32.427557,5.622387,1.424227,23.597906,24.200025,23.834105,29.236184,-41.644149,15.261939,17.910593,5.622387,14.439571,5.512628,13.40302,10.076678,5.869582,13.26764,21.503684,-1000.0,2.86952,6.198633,6.815294,119.359526,3.825929,-11.439861,-6.325611,-283.239374,17.226016,10.449849,6.584311,-11.439861,8.529163,10.444906,1.220226,6.864846,56.801995,-552.02769,-11.329184,-533.548178,-1000.0,5.957233,49.672254,26.218135,6.815294,8.953616,8.91669,7.753447,-366.674008,5.622387,22.711112,-899.977239,-9.497435,2.954895,2.774002,0.748001,1.005192,1.227544,6.807571,6.875016,-405.742324,7.657671,6.584311,6.969236,-2.207931,-1000.0,14.9,5.869582,273.921889,7.417517,-283.239374,14.9,-22.204513,10.076678,34.143581,29.10453,56.801995,-1000.0,25.875921
2019-01-01 13:00:00,24.629031,25.568907,24.900604,7.373808,20.675817,-1000.0,10.10089,-1.466098,1.983858,1.983858,4.295371,7.034156,7.678258,7.373808,20.692849,19.689223,10.011328,6.634374,6.642952,8.851634,8.851634,0.400917,4.757998,-12.62187,4.708778,1.184506,38.031128,-1.178453,2.767626,10.389943,8.056117,6.825449,20.713921,6.799208,-391.528286,2.563899,19.976659,20.041885,20.193573,2.563899,1.936488,12.964842,22.975676,-5.540604,6.607456,21.453253,4.893244,1.313608,20.820033,20.425608,19.973465,20.402581,11.892896,17.190873,21.718774,4.893244,15.138427,4.771695,13.943022,10.076678,5.165161,13.793425,19.37911,22.70404,1.936488,5.958045,6.642952,21.453253,3.459132,-1000.0,-4.419368,26.973351,17.376121,10.67974,6.386405,-1000.0,8.187864,10.10089,1.198157,6.259959,21.21307,24.900604,-391.528286,24.991216,22.70404,5.261578,20.707891,20.704799,6.642952,8.851634,8.640377,7.744753,25.809458,4.893244,20.624161,23.194487,-20.233932,2.554294,2.36638,-0.725515,0.071153,0.759906,6.634374,6.709282,25.617892,7.163324,6.386405,6.81393,-6.353928,22.70404,14.880614,5.165161,22.135614,6.898305,26.973351,14.880614,18.969909,10.076678,21.117638,20.975433,21.21307,22.70404,20.699715
2019-01-01 14:00:00,-253.359443,-263.832325,-549.954264,8.572039,22.281583,-1000.0,12.430927,-5.802829,-0.019886,-0.019886,3.550468,7.780786,9.03205,8.572039,25.413693,1.718656,12.39016,7.454785,7.467746,10.57135,10.57135,-2.67327,4.61966,-18.674719,4.518785,-1.134081,28.045577,-5.250853,1.190719,12.885138,9.318695,7.436281,48.745711,7.703843,-397.280112,0.876042,17.552172,21.145162,24.218866,0.876042,0.528483,17.026069,-119.594317,-13.01184,7.414113,32.427557,4.477874,-0.954129,23.621522,23.955575,23.321481,28.790852,-51.826639,13.333005,18.664277,4.477874,20.35582,4.291841,18.506718,12.514172,4.893808,18.280278,20.297614,-1000.0,0.528483,6.43288,7.467746,119.964718,2.584731,-1000.0,-11.028039,-279.48182,23.535234,13.567164,7.080115,-1000.0,9.530191,12.430927,-1.186035,6.568451,57.129474,-549.954264,-397.280112,-531.38922,-1000.0,5.04129,49.429127,26.231807,7.467746,10.57135,10.225813,8.87184,-363.742678,4.477874,22.620628,-899.514287,-28.492367,1.18433,0.893501,-3.331409,-2.398954,-1.592808,7.454785,7.567969,-402.99182,7.954371,7.080115,7.726086,-10.590648,-1000.0,19.7263,4.893808,275.253741,7.548877,-279.48182,19.7263,-17.203383,12.514172,34.403582,29.251579,57.129474,-1000.0,25.883777
2019-01-01 15:00:00,-254.062348,-264.644521,-550.505648,17.062979,22.30031,-1000.0,12.186682,2.773864,7.624863,7.624863,10.348959,13.576593,17.528141,17.062979,25.413693,1.986867,18.157823,15.933218,15.946325,14.066053,14.066053,5.399083,13.066355,-9.576464,12.956197,6.891154,38.42369,3.299037,8.548527,13.654197,9.820626,7.658887,48.318796,16.185064,-391.221848,8.308435,17.517083,21.041247,24.05769,8.308435,8.98229,25.613562,-120.176907,-3.610933,15.892091,32.427557,4.031856,7.009654,23.261792,23.644926,23.060104,28.516181,-50.433044,13.333005,18.179087,4.031856,30.013876,3.809387,27.111604,17.288121,4.510558,26.882503,20.199005,-1000.0,8.98229,14.899874,15.946325,119.483497,10.986376,-1000.0,-1.853942,-280.457327,23.075593,22.114023,15.554354,-1000.0,10.844818,12.186682,6.780952,6.437923,56.687169,-550.505648,-391.221848,-531.963349,-1000.0,4.680298,48.994796,26.229478,15.946325,14.066053,11.914953,13.767962,-364.522203,4.031856,22.619054,-899.637399,-18.986044,9.560077,9.263868,5.129107,5.988552,6.731579,15.933218,16.04767,-403.723258,8.354113,15.554354,16.207557,-1.828404,-1000.0,19.340543,4.510558,274.580586,7.878712,-280.457327,19.340543,-17.698018,17.288121,33.992659,28.865118,56.687169,-1000.0,25.882439
2019-01-01 16:00:00,-0.905338,-1.481997,-30.280993,18.797363,27.202037,4.888938,14.225952,11.127294,13.727017,13.727017,14.890504,16.269056,19.018609,18.797363,27.427006,24.543755,18.531167,18.26001,18.266244,16.007607,16.007607,12.534188,16.896434,9.045817,16.817951,13.553667,4.809224,11.476746,14.121522,15.171111,13.258968,12.150604,27.114182,18.379797,4.965213,14.018977,25.190069,25.336732,25.562257,14.018977,15.123208,22.870421,11.585194,7.336244,18.240449,35.107182,10.244166,13.581664,25.127128,25.00153,24.722026,25.635937,16.351436,22.190873,24.935138,10.244166,25.241932,10.128303,23.585558,17.912402,10.48982,23.47619,24.626602,-76.146495,15.123208,17.768517,18.266244,35.107182,15.835872,4.888938,8.379478,-2.343691,19.429275,21.199808,18.07981,4.888938,13.94329,14.225952,13.421711,11.478877,28.545606,-30.280993,4.965213,-28.388974,-76.146495,10.576924,27.128085,27.512847,18.266244,16.007607,14.547246,16.166835,-11.303615,10.244166,27.033258,-65.905697,6.22759,15.124773,14.977094,13.450227,13.592011,13.71459,18.26001,18.314447,-15.303612,12.527488,18.07981,18.390495,11.366409,-76.146495,17.644462,10.48982,50.824076,12.281757,-2.343691,17.644462,17.196634,17.912402,26.283225,25.730806,28.545606,-76.146495,27.47633
2019-01-01 17:00:00,-255.064359,-266.16306,-551.678276,8.179776,22.209067,-9.115943,9.729507,-0.820991,2.937407,2.937407,4.960116,7.356715,8.433846,8.179776,25.413693,7.389452,10.01639,7.562701,7.569859,8.863198,8.863198,1.212944,5.996822,-3.72035,5.912966,2.434104,-9.220796,-0.393952,3.62325,10.033947,8.014042,6.941244,51.197156,7.700259,-9.015616,3.444976,20.854005,23.909423,26.525911,3.444976,3.919813,12.855651,-120.261886,-5.877175,7.540237,120.987192,5.244166,2.515391,25.258167,25.898235,25.56969,30.965623,-37.980576,17.190873,19.429927,5.244166,14.778688,5.137719,13.676258,10.076678,5.48126,13.55076,23.170706,-1000.0,3.919813,6.998288,7.569859,120.987192,4.796043,-9.115943,-4.485797,-282.747709,15.968128,10.938653,7.355765,-9.115943,8.172225,9.729507,2.32712,6.435851,58.538158,-551.678276,-9.015616,-533.18435,-1000.0,5.565329,51.942572,26.21521,7.569859,8.863198,8.581737,7.945719,-366.180019,5.244166,22.809432,-899.899222,-7.35515,3.987307,3.819351,1.960224,2.187237,2.383499,7.562701,7.625214,-405.278808,7.241337,7.355765,7.712544,-0.727374,-1000.0,13.828193,5.48126,275.689283,7.009775,-282.747709,13.828193,-22.806691,10.076678,35.80507,30.765432,58.538158,-1000.0,25.87424
2019-01-01 18:00:00,-1.407334,-2.096207,-28.263411,10.139091,25.398023,1.540772,9.950449,5.59326,7.392025,7.392025,8.321244,9.422225,10.26819,10.139091,25.598551,21.892202,10.764775,9.82554,9.829178,9.928337,9.928337,6.566699,9.02988,4.193109,8.986371,7.17996,1.489405,5.806554,7.707096,10.217252,9.165635,8.591809,25.315517,9.895437,1.589923,7.625199,23.351271,23.682367,23.969968,7.625199,7.980347,12.515224,10.277925,3.12497,9.814126,32.427557,7.658825,7.21421,23.524145,23.592826,23.57134,24.071375,17.226256,22.839397,23.000242,7.658825,13.607255,7.600918,12.932284,10.684747,7.785759,12.868502,23.574855,-69.74163,7.980347,9.538749,9.829178,32.427557,8.417278,1.540772,3.804203,-3.125581,13.082637,11.540941,9.720392,1.540772,9.336118,9.950449,7.119203,8.296822,26.490345,-28.263411,1.589923,-26.552374,-69.74163,7.830767,25.328573,25.674555,9.829178,9.928337,9.584978,9.620105,-11.101322,7.658825,25.251226,-60.48042,2.403382,8.005211,7.919634,6.990146,7.096281,7.18804,9.82554,9.857305,-14.718698,8.763345,9.720392,9.901679,5.66681,-69.74163,12.008252,7.785759,46.621909,8.638415,-3.125581,12.008252,12.284339,10.684747,24.463382,24.014586,26.490345,-69.74163,25.642222
2019-01-01 19:00:00,7.34122,6.788475,-16.653723,19.6634,31.096427,10.886926,15.512436,15.115821,16.803122,16.803122,17.473504,18.267802,20.959295,19.6634,31.276669,27.785028,19.908675,15.58274,15.321845,17.59727,17.59727,16.028939,19.229318,13.73697,19.183482,16.753483,10.832609,15.362073,17.03043,16.411176,14.973804,14.114044,31.025452,10.569482,10.938899,16.971345,29.191551,29.510724,29.787363,16.971345,17.961614,23.663053,17.678339,12.549694,16.401416,37.427557,12.595021,16.7615,29.433888,29.480703,29.44688,29.897711,23.249934,28.71517,29.004916,12.595021,25.603164,12.503601,24.1802,19.257712,12.785759,24.101111,29.41116,-53.888951,17.961614,17.394394,15.321845,37.427557,18.469846,10.886926,13.25585,5.962514,19.222519,22.45496,16.739412,10.886926,15.641401,15.512436,16.646994,13.553712,32.103672,-16.653723,10.938899,-15.117715,-53.888951,12.853391,31.036683,31.345372,15.321845,17.59727,16.15738,18.005638,-1.24722,12.595021,30.961715,-45.57511,11.799071,17.95312,17.845809,16.765578,16.852903,16.9284,15.58274,13.304466,-4.494558,14.423944,16.739412,20.99749,15.332681,-53.888951,17.949908,12.785759,50.161694,14.231626,5.962514,17.949908,18.783002,19.257712,30.28688,29.879294,32.103672,-53.888951,31.316145
2019-01-01 20:00:00,1.585297,2.141654,9.988539,10.453882,29.55142,5.61472,10.556881,7.911008,8.938553,8.938553,9.478171,10.117534,10.525931,10.453882,29.543316,25.899253,10.868691,10.278894,10.280924,10.455332,10.455332,8.467086,9.834846,7.114008,9.810756,8.810883,5.585645,8.030833,9.121522,10.681858,10.100354,9.786235,29.690081,10.317902,5.642541,9.073962,27.748618,28.168281,28.526386,9.073962,9.247868,11.779927,-2.631844,6.511963,10.272524,29.808339,9.280626,8.831503,28.763143,28.650343,28.487254,28.803722,17.916523,27.281404,36.563277,9.280626,12.36486,9.249123,12.012663,10.847641,9.350087,11.97707,28.075401,22.011364,9.247868,10.118839,10.280924,29.808339,9.493485,5.61472,6.896957,2.973011,12.312981,11.236237,10.220212,5.61472,10.176271,10.556881,8.778341,9.629755,31.216508,9.988539,5.642541,9.49258,22.011364,9.374717,29.668138,29.556725,10.280924,10.455332,10.306456,10.249606,5.013958,9.280626,29.439803,19.326921,6.102979,9.263757,9.216048,8.694074,8.755273,8.808182,10.278894,10.296621,6.062486,9.877902,10.220212,10.321386,7.946512,22.011364,11.710614,9.350087,26.863472,9.809731,2.973011,11.710614,8.059272,10.847641,31.012508,29.937692,31.216508,22.011364,29.551021
2019-01-01 21:00:00,6.126856,6.490572,13.039815,9.99391,29.816942,8.076259,9.971752,8.981549,9.384168,9.384168,9.592993,9.840419,10.022645,9.99391,29.806253,27.859035,10.139421,9.924121,9.924931,9.958337,9.958337,9.199435,9.747025,8.668423,9.737359,9.33608,8.064787,9.029099,9.454975,10.028859,9.795306,9.668169,29.912913,9.939678,8.087236,9.436569,28.774044,28.981681,29.160385,9.436569,9.513304,10.522779,2.812253,8.430115,9.92158,29.808339,9.461943,9.343846,29.081576,29.076845,29.030455,29.270551,13.358752,28.499808,35.213291,9.461943,10.763506,9.449132,10.615605,10.123857,9.490064,10.601409,28.925434,23.193951,9.513304,9.860288,9.924931,29.808339,9.610724,8.076259,8.58186,7.034067,10.669674,10.30593,9.900717,8.076259,9.831421,9.971752,9.322687,9.603287,31.003365,13.039815,8.087236,12.620942,23.193951,9.500036,29.897726,29.813355,9.924931,9.958337,9.885983,9.886523,8.838425,9.461943,29.745223,20.926747,8.268908,9.51903,9.499987,9.292796,9.316606,9.337192,9.924121,9.931191,9.723982,9.705962,9.900717,9.941068,8.997392,23.193951,10.430277,9.490064,27.259483,9.678303,7.034067,10.430277,8.433235,10.123857,30.847439,30.003655,31.003365,23.193951,29.810334
2019-01-01 22:00:00,9.254206,9.567803,14.33873,8.579293,26.488943,11.357797,9.357341,12.408289,12.526362,12.526362,12.219163,11.855179,9.282587,8.579293,26.48121,25.090598,11.960065,5.820827,5.505921,10.842543,10.842543,12.472187,14.579236,12.215817,14.158144,12.785554,11.343023,12.506767,12.4222,9.869521,9.339999,8.997686,26.558327,-0.23027,11.371934,12.449275,25.740036,25.887409,26.014332,12.449275,13.853611,13.193902,6.740463,11.787457,6.808984,26.482528,8.355419,12.743693,25.947285,25.946816,25.915832,26.090959,12.434357,25.542947,30.413957,8.355419,14.075791,8.317579,13.453599,11.288414,8.431532,13.413883,25.846902,21.677941,13.853611,9.537399,5.505921,26.482528,13.820827,11.357797,11.9583,10.036407,10.53049,12.587229,7.737699,11.357797,9.733292,9.357341,12.691012,8.737981,27.350167,14.33873,11.371934,14.035977,21.677941,8.45852,26.547347,26.486342,5.505921,10.842543,9.982996,11.459259,11.302048,8.355419,26.437099,20.03925,11.605903,13.576583,13.52586,13.169009,13.127827,13.092223,5.820827,3.070907,11.942111,9.137432,7.737699,8.481807,12.718034,21.677941,10.128083,8.431532,24.631913,9.059272,10.036407,10.128083,9.451743,11.288414,27.234661,26.619513,27.350167,21.677941,26.484159
2019-01-01 23:00:00,5.977192,6.405669,14.558609,10.077348,35.580566,8.062617,8.995795,8.935141,9.281266,9.281266,9.416424,9.576566,10.110617,10.077348,35.565956,33.513667,9.913138,9.996544,9.997481,9.432523,9.432523,9.122454,9.791497,8.65165,9.779332,9.272834,8.051402,8.986198,9.327094,9.18319,8.885456,8.707193,35.693319,10.014556,8.073349,9.315182,34.43899,34.648968,34.830564,9.315182,9.527209,10.689915,1.900485,8.405797,9.993602,35.495153,8.391983,9.274196,34.63805,34.662673,34.635508,34.926391,12.434357,34.136863,42.144476,8.391983,11.09292,8.373018,10.79749,9.775409,8.431532,10.781038,34.586161,27.228024,9.527209,9.922636,9.997481,35.495153,9.631023,8.062617,8.551464,7.045938,9.762976,10.438613,9.969446,8.062617,9.024743,8.995795,9.250409,8.590764,36.988847,14.558609,8.073349,14.035977,27.228024,8.445555,35.675476,35.573419,9.997481,9.432523,9.132028,9.520248,9.316493,8.391983,35.498541,24.399211,8.250958,9.523636,9.501335,9.277862,9.295462,9.310678,9.996544,10.00473,10.421411,8.771559,9.969446,10.016165,8.981588,27.228024,9.499822,8.431532,32.292891,8.731673,7.045938,9.499822,7.525094,9.775409,36.799169,35.766519,36.988847,27.228024,35.570244
2019-01-02 00:00:00,11.344792,11.477126,15.303252,11.182503,25.422559,11.357797,9.641376,11.052324,10.797674,10.797674,10.539876,10.234424,11.188605,11.182503,25.413693,24.995075,10.270662,11.167681,11.167853,9.4644,9.4644,10.914515,11.13007,11.209845,11.125257,10.921343,11.361219,11.051094,10.710262,8.276355,8.482502,8.569623,25.46565,11.170985,11.354524,10.732983,25.116959,25.144618,25.170106,10.732983,11.098345,11.295469,9.571761,11.244437,11.167142,25.26947,8.391383,10.90137,24.943159,24.998953,25.030665,25.154908,11.892896,25.032851,28.274045,8.391383,11.660153,8.376954,11.31546,10.076678,8.431532,11.312403,25.125756,21.330588,11.098345,11.154124,11.167853,25.26947,11.093584,11.357797,11.191571,11.67487,11.626799,11.248768,11.162711,11.357797,8.756652,9.641376,10.898894,8.593179,25.981509,15.303252,11.354524,15.054615,21.330588,8.445768,25.458831,25.415137,11.167853,9.4644,8.834901,9.93336,12.809372,8.391383,25.394787,19.984811,11.300342,11.07065,11.065888,11.068413,11.045221,11.025171,11.167681,11.169183,13.335025,8.561363,11.162711,11.17128,11.135327,21.330588,10.945771,8.431532,23.718306,8.555988,11.67487,10.945771,11.041879,10.076678,25.900462,25.443033,25.981509,21.330588,25.414523
2019-01-02 01:00:00,11.344792,11.477126,15.303252,11.182503,25.422559,11.357797,9.641376,11.052324,10.797674,10.797674,10.539876,10.234424,11.188605,11.182503,25.413693,24.995075,10.270662,11.167681,11.167853,9.4644,9.4644,10.914515,11.13007,11.209845,11.125257,10.921343,11.361219,11.051094,10.710262,8.276355,8.482502,8.569623,25.46565,11.170985,11.354524,10.732983,25.116959,25.144618,25.170106,10.732983,11.098345,11.295469,9.571761,11.244437,11.167142,25.26947,8.391383,10.90137,24.943159,24.998953,25.030665,25.154908,11.892896,25.032851,28.274045,8.391383,11.660153,8.376954,11.31546,10.076678,8.431532,11.312403,25.125756,21.330588,11.098345,11.154124,11.167853,25.26947,11.093584,11.357797,11.191571,11.67487,11.626799,11.248768,11.162711,11.357797,8.756652,9.641376,10.898894,8.593179,25.981509,15.303252,11.354524,15.054615,21.330588,8.445768,25.458831,25.415137,11.167853,9.4644,8.834901,9.93336,12.809372,8.391383,25.394787,19.984811,11.300342,11.07065,11.065888,11.068413,11.045221,11.025171,11.167681,11.169183,13.335025,8.561363,11.162711,11.17128,11.135327,21.330588,10.945771,8.431532,23.718306,8.555988,11.67487,10.945771,11.041879,10.076678,25.900462,25.443033,25.981509,21.330588,25.414523
2019-01-02 02:00:00,8.875179,9.175705,13.755457,13.896618,25.421137,10.887283,8.81895,11.933412,12.198904,12.198904,12.125196,12.037863,13.956389,13.896618,25.413693,24.084604,12.61398,13.751447,13.753131,10.946162,10.946162,12.077089,13.383065,11.658783,13.358317,12.32401,10.87327,12.013272,12.173912,9.515644,8.899636,8.487168,25.487636,13.783808,10.900691,12.180408,24.704687,24.845398,24.966598,12.180408,12.927014,14.997822,6.463191,11.306349,13.746162,25.4138,7.693958,12.303805,24.900771,24.900795,24.871528,25.039511,11.892896,24.516108,29.186459,7.693958,16.090806,7.64762,15.191378,12.011167,7.785759,15.161777,24.806627,20.801179,12.927014,13.618666,13.753131,25.4138,13.086862,10.887283,11.478906,9.624777,10.075858,14.54566,13.702764,10.887283,9.439237,8.81895,12.263184,8.155369,26.246775,13.755457,10.900691,13.464811,20.801179,7.81831,25.477112,25.418598,13.753131,10.946162,9.762931,11.61103,10.840209,7.693958,25.371484,19.228018,11.1226,12.890309,12.849489,12.496746,12.498771,12.500523,13.751447,13.766154,11.454677,8.663986,13.702764,13.786699,12.100288,20.801179,9.644721,7.785759,23.636862,8.568988,9.624777,9.644721,9.047594,12.011167,26.135972,25.545754,26.246775,20.801179,25.416511
2019-01-02 03:00:00,2.160036,2.669755,9.221747,11.473784,25.419519,6.159132,9.240167,8.506763,9.4648,9.4648,9.870639,10.351496,11.559743,11.473784,25.413693,22.127549,11.226207,11.26501,11.267432,10.128345,10.128345,9.025224,10.735231,7.732318,10.704316,9.417921,6.129056,8.6408,9.602408,9.659931,8.905184,8.461101,25.539682,11.31155,6.187909,9.566639,23.811064,24.193092,24.518752,9.566639,10.049032,13.056356,-1.453277,7.081139,11.25741,25.686121,7.687289,9.425492,24.776776,24.66301,24.507105,24.77707,16.363155,23.395089,31.378184,7.687289,14.031593,7.640483,13.334245,10.933933,7.785759,13.291746,24.110773,19.206912,10.049032,11.074054,11.267432,25.686121,10.322026,6.159132,7.473447,3.431423,11.244055,12.407187,11.194998,6.159132,9.213293,9.240167,9.363656,8.182223,26.856011,9.221747,6.187909,8.809845,19.206912,7.820675,25.520667,25.425828,11.267432,10.128345,9.467056,10.264248,5.090271,7.687289,25.321487,16.977435,6.664186,10.045219,9.987733,9.401626,9.452393,9.496283,11.26501,11.28616,5.961092,8.616459,11.194998,11.315707,8.611841,19.206912,10.556693,7.785759,23.251224,8.517581,3.431423,10.556693,7.630044,10.933933,26.681469,25.771348,26.856011,19.206912,25.420666
2019-01-02 04:00:00,3.192497,3.722756,10.000075,14.019938,25.418742,7.612702,8.746359,10.251289,11.218804,11.218804,11.502646,11.838955,14.13108,14.019938,25.413693,22.142174,12.948195,13.75,13.753131,10.916533,10.916533,10.774879,13.065009,9.428561,13.022837,11.264932,7.578486,10.415564,11.315046,9.563098,8.525507,7.881148,25.536076,13.810174,7.645442,11.29003,23.825182,24.207096,24.532511,11.29003,12.192054,16.066675,-0.354766,8.654536,13.740173,25.702571,6.707938,11.257482,24.809274,24.690632,24.531479,24.793331,16.370505,23.413467,31.182233,6.707938,17.608423,6.638085,16.426199,12.299837,6.851048,16.371216,24.12579,19.516866,12.192054,13.503099,13.753131,25.702571,12.524737,7.612702,9.093936,4.515114,11.244943,15.226802,13.659476,7.612702,9.144101,8.746359,11.179139,7.427241,26.819164,10.000075,7.645442,9.607494,19.516866,6.901792,25.517508,25.425817,13.753131,10.916533,9.571869,11.478307,6.062394,6.707938,25.322319,17.391968,8.187295,12.164074,12.089173,11.368449,11.411567,11.448844,13.75,13.777346,6.892367,8.128581,13.659476,13.815548,10.450647,19.516866,10.387893,6.851048,23.385046,7.982972,4.515114,10.387893,7.943346,12.299837,26.648962,25.769902,26.819164,19.516866,25.42066
2019-01-02 05:00:00,9.174302,9.525773,15.233569,14.486971,29.848495,11.357797,9.126583,12.439606,12.709822,12.709822,12.62677,12.528365,14.549357,14.486971,29.838661,28.329279,13.129131,14.33545,14.337208,11.372805,11.372805,12.585839,13.950953,12.157501,13.925067,12.843112,11.34329,12.52273,12.681661,9.860713,9.216192,8.783898,29.928721,14.369227,11.371678,12.688981,29.01782,29.174065,29.309002,12.688981,13.475317,15.636359,6.21526,11.791376,14.329934,29.808339,7.951603,12.821585,29.190291,29.202209,29.177697,29.383669,12.434357,28.798395,34.478935,7.951603,16.784288,7.903001,15.838388,12.493078,8.047821,15.807491,29.128618,24.042142,13.475317,14.19686,14.337208,29.808339,13.641641,11.357797,11.969759,10.050971,10.436126,15.164405,14.284638,11.357797,9.784991,9.126583,12.779229,8.435215,30.849771,15.233569,11.371678,14.870203,24.042142,8.081938,29.916025,29.844212,14.337208,11.372805,10.125376,12.076565,11.588921,7.951603,29.78952,22.075374,11.601415,13.43642,13.3938,13.026569,13.028111,13.029444,14.33545,14.3508,12.357129,8.969633,14.284638,14.372244,12.615395,24.042142,9.986934,8.047821,27.579913,8.870028,10.050971,9.986934,9.234751,12.493078,30.714029,29.98594,30.849771,24.042142,29.84185
2019-01-02 06:00:00,10.57275,10.835281,16.851973,10.202673,32.621395,11.357797,10.187603,11.437739,11.353941,11.353941,11.18451,10.983761,10.110617,10.202673,32.608318,31.738489,10.9344,10.343657,10.31474,10.590412,10.590412,11.39239,11.940642,11.468305,11.803852,11.457387,11.356286,11.456744,11.296492,10.194526,10.1123,10.050087,32.69296,9.788013,11.359244,11.311425,32.05091,32.121805,32.184987,11.311425,11.766058,11.266191,7.673648,11.395543,10.434394,32.427557,9.895502,11.44068,31.879769,31.9507,31.983579,32.184173,11.356703,31.896096,37.197379,9.895502,11.498802,9.886168,11.326333,10.719205,9.914819,11.317135,32.087981,26.265481,11.766058,10.963292,10.31474,32.427557,11.727283,11.357797,11.407155,11.227577,10.556978,11.125696,10.614424,11.357797,10.240346,10.187603,11.429194,9.992593,33.54112,16.851973,11.359244,16.463652,26.265481,9.921668,32.681635,32.611422,10.31474,10.590412,10.306456,10.829969,12.957027,9.895502,32.573479,24.163643,11.383179,11.67184,11.660326,11.601343,11.580185,11.561892,10.343657,10.091144,13.777992,10.080845,10.614424,9.738387,11.5384,26.265481,10.430277,9.914819,30.01168,10.064047,11.227577,10.430277,9.736303,10.719205,33.409339,32.678463,33.54112,26.265481,32.610101
2019-01-02 07:00:00,10.650103,10.753019,10.108859,10.040231,31.265555,12.406865,9.360555,13.589832,13.682254,13.682254,13.272405,12.786797,10.110617,10.040231,31.293614,30.098643,12.937644,9.283155,9.098352,11.41898,11.41898,13.639848,16.155669,13.391189,15.670299,14.010783,12.390071,13.70578,13.543286,10.051013,9.392022,8.958522,31.298632,5.732052,12.422934,13.579409,30.525968,30.622938,30.708714,13.579409,15.297975,14.664208,10.693398,12.892799,9.863058,32.427557,8.135003,13.957723,30.377618,30.450759,30.47994,30.713867,11.892896,30.332412,34.011688,8.135003,15.804761,8.086692,14.974193,12.070639,8.231439,14.926786,30.581022,8.945408,15.297975,12.07262,9.098352,32.427557,15.265668,12.406865,13.084611,10.906804,10.763814,13.94006,10.615163,12.406865,9.924643,9.360555,13.89512,8.61971,32.101737,10.108859,12.422934,10.156853,8.945408,8.265633,31.293398,31.309683,9.098352,11.41898,10.252866,12.252008,10.59025,8.135003,31.206254,9.205182,12.688887,14.972685,14.911839,14.488768,14.436691,14.391668,9.283155,7.669357,10.488783,9.139929,10.615163,8.877525,13.969481,8.945408,10.282476,8.231439,33.376553,9.040517,10.906804,10.282476,10.743772,12.070639,31.627953,31.030504,32.101737,8.945408,31.302847
2019-01-02 08:00:00,15.698642,15.453248,12.854513,11.03236,31.473932,13.505396,10.582371,12.099807,11.347683,11.347683,10.823173,10.201709,11.004636,11.03236,31.501825,32.179535,9.884074,11.099695,11.098914,9.237927,9.237927,11.69278,11.270564,12.641425,11.276939,11.537214,13.522727,12.041819,11.169837,7.670438,8.437257,8.844567,31.456407,11.084685,13.488813,11.216065,31.573744,31.436276,31.323683,11.216065,11.515216,10.522779,17.21991,12.962445,11.102146,32.427557,8.965909,11.506603,30.644665,30.836953,30.994952,31.143784,11.351436,31.593734,32.25934,8.965909,10.594665,8.965752,10.433513,9.814751,8.986877,10.447165,31.434906,8.945408,11.515216,11.161284,11.098914,32.427557,11.394013,13.505396,12.725061,15.086558,13.444544,10.731311,11.122276,13.505396,8.679477,10.582371,11.529177,9.071298,31.762811,12.854513,13.488813,13.015769,8.945408,8.994311,31.45918,31.511661,11.098914,9.237927,8.651166,9.82489,14.47195,8.965909,31.458766,9.818229,13.214353,11.478783,11.496388,11.746037,11.692863,11.646891,11.099695,11.092874,14.131032,8.7306,11.122276,11.083344,12.169664,8.945408,12.462778,8.986877,34.053159,8.776148,15.086558,12.462778,14.519117,9.814751,31.32282,30.998776,31.762811,8.945408,31.507477
2019-01-02 09:00:00,21.405341,20.978403,16.185507,13.644763,28.992505,17.720561,11.854527,15.389992,14.136702,14.136702,13.257226,12.215184,13.599621,13.644763,29.021375,30.95728,11.695694,13.754403,13.753131,10.578967,10.578967,14.711748,14.032623,16.290747,14.042771,14.456578,17.749274,15.294618,13.838497,8.09445,9.152125,9.69605,28.931556,13.729962,17.693088,13.91601,29.702361,29.417591,29.179536,13.91601,14.432489,12.815084,24.158762,16.820625,13.758394,29.808339,9.829925,14.404915,28.387236,28.627011,28.847551,28.898237,11.351436,29.879724,27.665589,9.829925,12.983158,9.828685,12.669759,11.472051,9.85778,12.691984,29.44724,8.945408,14.432489,13.854686,13.753131,29.808339,14.232996,17.720561,16.426938,20.340434,15.424205,13.154576,13.791171,17.720561,9.575159,11.854527,14.441841,9.969929,28.757902,16.185507,17.693088,16.484172,8.945408,9.867657,28.941201,29.02634,13.753131,10.578967,9.571869,11.575456,19.181181,9.829925,29.013997,10.561969,17.238386,14.370733,14.399338,14.80975,14.72079,14.643881,13.754403,13.743296,18.549762,9.556733,13.791171,13.727779,15.510441,8.945408,14.199755,9.85778,32.225739,9.616415,20.340434,14.199755,17.910301,11.472051,28.387251,28.387244,28.757902,8.945408,29.024228
2019-01-02 10:00:00,13.797157,13.733648,11.874723,14.861791,31.342302,13.802026,10.338958,13.887946,13.705139,13.705139,13.376417,12.986933,14.893912,14.861791,31.371226,31.101941,13.270445,14.783778,14.784683,11.6395,11.6395,13.789016,14.585813,13.954718,14.569872,13.900475,13.800101,13.920023,13.593679,9.778642,9.618163,9.460713,31.348241,14.801168,13.803868,13.622651,31.02302,31.005111,30.993588,13.622651,14.357874,15.454187,14.656985,13.846851,14.780938,32.427557,8.887522,13.868927,30.504083,30.632443,30.722625,30.90966,11.892896,30.936751,32.975741,8.887522,16.350175,8.851417,15.558467,12.730985,8.966358,15.542519,30.983695,8.945408,14.357874,14.712422,14.784683,32.427557,14.419423,13.802026,13.858159,13.638746,12.337628,15.21058,14.757616,13.802026,10.165288,10.338958,13.849029,9.283768,31.884687,11.874723,13.803868,11.995562,8.945408,8.994311,31.347301,31.384362,14.784683,11.6395,10.416008,12.460114,13.086761,8.887522,31.305632,9.599462,13.834357,14.310486,14.287862,14.142822,14.11688,14.094453,14.783778,14.791681,12.831291,9.556773,14.757616,14.802722,14.053826,8.945408,11.652056,8.966358,33.822294,9.50113,13.638746,11.652056,12.997781,12.730985,31.426902,30.985951,31.884687,8.945408,31.378774
2019-01-02 11:00:00,18.437412,18.421614,14.258537,25.654322,31.057999,20.224404,10.38642,21.658518,21.694006,21.694006,21.074975,20.341519,25.779945,25.654322,31.096795,30.872793,21.510473,25.349215,25.352754,16.825805,16.825805,21.677723,24.57498,21.425436,24.518727,22.162593,20.203951,21.80896,21.48411,12.378558,10.964967,9.962881,31.044424,25.417229,20.243974,21.538669,30.79299,30.774881,30.762608,21.538669,23.644006,27.969733,20.105275,20.815597,25.338108,32.427557,7.963072,22.086913,30.348034,30.456654,30.533663,30.687945,12.434357,30.723305,31.497273,7.963072,30.807855,7.847699,28.376958,19.722467,8.186433,28.31468,30.757419,7.548143,23.644006,25.070146,25.352754,32.427557,23.940867,20.224404,21.047555,18.398006,12.850088,27.018423,25.246897,20.224404,12.523331,10.38642,22.004641,9.085736,31.416189,14.258537,20.243974,14.53535,7.548143,8.265633,31.046572,31.11179,25.352754,16.825805,13.395648,18.966946,17.035039,7.963072,31.027524,9.046433,20.567871,23.522453,23.435558,22.765662,22.726528,22.692694,25.349215,25.380124,16.449816,10.424205,25.246897,25.423304,22.131573,7.548143,12.005015,8.186433,34.883123,10.190326,18.398006,12.005015,14.915114,19.722467,30.925539,30.649589,31.416189,7.548143,31.105411
2019-01-02 12:00:00,21.825854,21.675169,14.197221,28.720425,30.660175,13.455933,10.643885,24.290228,24.208533,24.208533,23.41498,22.474743,28.861159,28.720425,30.713659,31.085818,23.773387,28.378616,28.382581,18.275749,18.275749,24.246017,27.511247,24.029535,27.44781,24.775487,23.296477,24.452928,23.939462,12.987534,11.379358,10.228414,30.611281,28.454812,19.254803,24.009403,30.666911,30.571852,30.494427,24.009403,26.470992,31.31446,25.071082,23.466069,28.366173,32.427557,7.918043,24.683919,29.972072,30.117668,30.235609,30.357999,11.892896,30.668463,29.493265,7.918043,34.608129,7.785013,31.770713,21.659094,8.174646,31.700937,30.567972,2.288912,26.470992,28.065978,28.382581,32.427557,26.799715,13.455933,23.692864,21.450002,13.364045,30.248617,28.263991,13.455933,13.215124,10.643885,24.593458,9.207787,30.73837,14.197221,19.254803,14.688457,2.288912,8.265633,30.619018,30.730655,28.382581,18.275749,14.232964,20.833021,19.124421,7.918043,30.644378,4.947786,23.095326,26.330446,26.23299,25.489546,25.441432,25.399836,28.378616,28.413243,18.08588,10.764159,28.263991,28.461617,24.798784,2.288912,12.430991,8.174646,36.414913,10.494965,21.450002,12.430991,16.69619,21.659094,30.153291,30.066699,30.73837,2.288912,30.723425
2019-01-02 13:00:00,26.865265,26.637376,18.703862,31.480454,36.857043,5.61472,11.205638,27.279547,26.793349,26.793349,25.667801,24.3342,31.617756,31.480454,36.911487,38.047595,25.567108,31.146982,31.15085,19.316719,19.316719,27.016431,30.300769,27.194044,30.236287,27.499253,27.478565,27.42251,26.411708,12.923798,11.453124,10.342358,36.79207,31.221319,18.447887,26.510909,37.172807,36.974298,36.809939,26.510909,29.302709,34.011825,30.446865,26.857139,31.134842,38.595386,7.884715,27.385244,36.057224,36.275308,36.463486,36.580766,11.892896,37.251633,35.354356,7.884715,37.609934,7.741436,34.45721,23.194678,8.165922,34.389095,36.984257,6.150879,29.302709,30.841969,31.15085,38.595386,29.599512,5.61472,26.973379,26.296843,14.818719,32.971372,31.035152,5.61472,13.55795,11.205638,27.300628,9.298125,36.813655,18.703862,18.447887,19.221691,6.150879,8.265633,36.802352,36.926937,31.15085,19.316719,14.662585,22.372467,23.897802,7.884715,36.854166,8.953695,26.447303,29.138439,29.042685,28.361073,28.287602,28.224083,31.146982,31.180764,22.803039,10.890525,31.035152,31.227958,27.808927,6.150879,13.579381,8.165922,42.773562,10.615017,26.296843,13.579381,19.26692,23.194678,36.194935,36.129132,36.813655,6.150879,36.920364
2019-01-02 14:00:00,27.995577,27.767085,20.469602,31.320373,37.481709,-1.123363,11.481633,27.464794,26.858814,26.858814,25.682337,24.288393,31.448121,31.320373,37.530855,38.897334,25.422103,31.010105,31.013705,19.28263,19.28263,27.136855,30.222774,27.413191,30.162056,27.570719,28.297015,27.591042,26.459904,12.885138,11.55058,10.520197,37.416285,31.07927,16.132565,26.563594,37.905425,37.680338,37.493393,26.563594,29.298858,33.675774,31.328508,27.220396,30.998811,39.023807,8.158748,27.45574,36.713405,36.942005,37.142744,37.245671,11.892896,38.01124,35.98972,8.158748,37.164243,8.020522,34.090241,23.100065,8.431532,34.026855,37.695559,8.945408,29.298858,30.726316,31.013705,39.023807,29.568336,-1.123363,27.28765,27.425654,15.178627,32.707549,30.906057,-1.123363,13.623773,11.481633,27.378832,9.529819,37.388445,20.469602,16.132565,20.944992,8.945408,8.528256,37.426638,37.543977,31.013705,19.28263,14.692737,22.331241,25.23787,8.158748,37.484997,11.518517,26.764378,29.138439,29.049159,28.427173,28.351409,28.285908,31.010105,31.041537,24.232828,11.040052,30.906057,31.085447,27.947437,8.945408,13.910506,8.431532,42.847017,10.77887,27.425654,13.910506,19.775328,23.100065,36.81905,36.768569,37.388445,8.945408,37.538395
2019-01-02 15:00:00,30.978586,30.847315,31.17631,27.117407,32.966543,3.587282,12.108166,26.132424,24.661437,24.661437,23.147668,21.354086,27.161297,27.117407,32.956637,35.553096,21.640531,27.01081,27.012047,16.719101,16.719101,25.336369,26.740311,26.823097,26.710083,25.394053,28.994301,26.130964,24.148161,10.58034,10.472151,10.180223,32.922663,27.034573,18.447887,24.281578,34.04934,33.708103,33.420788,24.281578,26.483668,27.928836,31.116918,27.211526,27.00693,32.427557,8.73225,25.275729,32.731245,32.952515,33.172126,33.126606,11.892896,34.319976,32.125592,8.73225,30.343452,8.641917,28.072172,19.880986,8.925713,28.050252,33.757516,31.864009,26.483668,26.91331,27.012047,32.427557,26.489886,3.587282,26.914575,30.65116,16.660769,27.593992,26.975063,3.587282,12.177903,12.108166,25.258329,9.704637,32.529628,31.17631,18.447887,31.147942,31.864009,8.994311,32.929607,32.947042,27.012047,16.719101,12.892123,19.541901,30.891767,8.73225,33.015452,31.71046,27.195218,26.330446,26.297334,26.241534,26.119642,26.014261,27.01081,27.021609,30.951742,10.430763,26.975063,27.036695,26.516683,31.864009,15.099162,8.925713,32.091742,10.302795,30.65116,15.099162,20.775388,19.880986,32.552717,32.638023,32.529628,31.864009,32.951124
2019-01-02 16:00:00,27.110392,26.892522,24.162098,24.277213,32.118155,5.886926,11.782868,23.24693,22.093718,22.093718,20.86463,19.408352,24.319732,24.277213,32.132117,34.140177,19.708252,24.173946,24.175144,15.541316,15.541316,22.622845,23.911898,23.778276,23.884526,22.699471,25.38046,23.255499,21.676969,10.382591,10.270504,10.015441,32.067381,24.196967,17.290226,21.785296,32.89744,32.615435,32.379015,21.785296,23.650873,25.062844,28.627292,24.04016,24.170187,32.427557,8.765331,22.601637,31.679824,31.895561,32.09928,32.114547,11.892896,33.092181,31.050347,8.765331,27.134438,8.686968,25.20151,18.239497,8.934372,25.180303,32.64936,20.00744,23.650873,24.079493,24.175144,32.427557,23.674516,5.886926,23.821876,26.566962,15.889154,24.738909,24.139316,5.886926,11.708718,11.782868,22.582655,9.61497,31.83462,24.162098,17.290226,24.333484,20.00744,8.994311,32.075416,32.131925,24.175144,15.541316,12.314658,17.896419,25.881136,8.765331,32.14705,20.935087,24.017375,23.522453,23.490873,23.404604,23.306077,23.220897,24.173946,24.184408,25.518802,10.227625,24.139316,24.199023,23.581396,20.00744,14.48064,8.934372,33.758929,10.116439,26.566962,14.48064,19.514779,18.239497,31.621151,31.649187,31.83462,20.00744,32.132007
2019-01-02 17:00:00,22.041063,21.91557,16.901328,26.144602,31.215372,12.406865,10.678492,22.891302,22.554177,22.554177,21.715604,20.722025,26.250283,26.144602,31.252605,31.951833,21.674758,25.887929,25.890907,16.931182,16.931182,22.70886,25.2366,22.853884,25.186892,23.086762,22.686783,23.003768,22.269841,12.116079,10.962335,10.097832,31.176788,25.945146,18.447887,22.343749,31.375117,31.244246,31.136361,22.343749,24.468889,28.093014,24.266956,22.525974,25.878585,32.427557,8.217998,23.000745,30.579893,30.739262,30.873811,30.976514,11.351436,31.413782,30.606918,8.217998,30.835031,8.108727,28.435834,19.866563,8.431532,28.383405,31.247634,8.945408,24.468889,25.653161,25.890907,32.427557,24.696635,12.406865,22.626506,21.728048,13.306077,27.29216,25.801854,12.406865,12.558874,10.678492,22.934741,9.291269,31.27755,16.901328,18.447887,17.229522,8.945408,8.507247,31.182894,31.263883,25.890907,16.931182,13.40309,19.239882,20.193182,8.217998,31.208324,10.721797,22.283959,24.341652,24.26793,23.744579,23.687248,23.637684,25.887929,25.913931,19.499334,10.520976,25.801854,25.950257,23.323172,8.945408,12.404779,8.431532,35.144084,10.308908,21.728048,12.404779,16.425846,19.866563,30.827675,30.709277,31.27755,8.945408,31.259085
2019-01-02 18:00:00,31.529823,31.465389,31.700834,20.890552,25.067217,30.509727,14.345556,30.35509,32.625922,32.625922,36.279749,6.797002,20.574497,20.890552,25.413693,34.635612,10.770366,21.658172,21.649267,10.798586,10.798586,31.583998,23.606072,29.387167,23.766751,30.518084,30.520542,30.055187,33.864831,11.668543,12.544961,13.111307,35.33763,21.487055,30.49938,33.542797,32.91432,32.523719,32.176884,33.542797,25.82404,15.060709,31.568667,30.330294,21.686116,32.427557,13.831132,30.858517,33.003066,33.097147,33.194546,33.152118,11.351436,33.731432,32.600429,13.831132,13.996258,13.867159,14.034247,13.963808,13.777879,14.191227,32.70151,32.157936,25.82404,22.360282,21.649267,32.427557,25.253748,30.509727,30.337117,31.369105,15.826934,17.458602,21.915593,30.509727,12.093356,14.345556,31.0515,13.563469,33.229906,31.700834,30.49938,31.681978,32.157936,13.758996,35.54961,25.399234,21.649267,10.798586,11.763899,8.361541,31.511702,13.831132,25.853325,32.055874,30.328119,26.330446,26.55405,27.916619,28.211077,28.465649,21.658172,21.580408,31.551567,12.88023,21.915593,21.471772,28.612366,32.157936,15.318801,13.777879,32.316275,12.981787,31.369105,15.318801,20.307466,13.963808,33.01005,33.006713,33.229906,32.157936,25.405385
2019-01-02 19:00:00,29.141155,29.147785,29.324059,21.591058,25.194606,29.14795,12.974985,29.694603,32.1321,32.1321,35.718677,7.105397,21.316576,21.591058,25.413693,31.616305,11.289244,22.257707,22.249973,10.596426,10.596426,31.013705,23.949384,28.547516,24.092703,30.11836,29.149328,29.449646,33.348206,10.935269,11.417749,11.733203,31.714519,22.109098,29.146631,33.032099,30.323079,30.029617,29.771128,33.032099,25.851099,16.527177,29.058384,29.250019,22.281975,29.808339,12.040332,30.443596,30.203165,30.292667,30.38394,30.351532,11.351436,30.877861,29.865535,12.040332,16.008404,12.052927,15.635355,14.125116,12.03161,15.771744,30.149065,29.601112,25.851099,22.867462,22.249973,29.808339,25.390641,29.14795,29.372362,29.157691,14.828382,18.610541,22.481267,29.14795,11.206398,12.974985,30.608432,11.996492,30.324139,29.324059,29.146631,29.31263,29.601112,12.028517,31.85016,25.403319,22.249973,10.596426,11.041042,8.470319,29.209425,12.040332,25.700466,29.539252,29.124809,26.330446,26.525621,27.645305,27.939678,28.194176,22.257707,22.190172,29.233587,11.602319,22.481267,22.095825,28.07216,29.601112,14.192641,12.03161,29.711033,11.651094,29.157691,14.192641,18.878633,14.125116,30.184909,30.193632,30.324139,29.601112,25.407733
2019-01-02 20:00:00,24.159492,23.978252,18.150334,28.194782,21.97298,24.425776,10.954474,24.869567,24.354618,24.354618,23.333679,22.124023,28.3036,28.194782,22.429737,31.492567,23.092871,27.930489,27.933555,17.803129,17.803129,24.590892,27.259823,25.027046,27.206667,24.975301,24.417457,24.981712,24.008447,12.303128,11.134166,10.233976,34.043725,27.989405,24.433737,24.098428,30.341698,30.08054,29.841559,24.098428,26.482118,30.201501,26.818716,24.635471,27.920868,32.427557,8.198524,24.875055,30.957857,31.004895,31.035795,31.116655,11.351436,31.088191,30.58163,8.198524,33.204124,8.079802,30.554697,21.079986,8.431532,30.500681,30.247244,8.945408,26.482118,27.688751,27.933555,32.427557,26.69844,24.425776,24.69989,23.707428,13.956299,29.376409,27.841858,24.425776,12.921925,10.954474,24.807027,9.369672,31.975555,18.150334,24.433737,18.530051,8.945408,8.514152,34.293429,22.433569,27.933555,17.803129,13.84661,20.434641,21.958978,8.198524,22.846013,11.000674,24.56549,26.330446,26.254022,25.748379,25.669162,25.600675,27.930489,27.957263,21.156203,10.686985,27.841858,27.994667,25.407101,8.945408,12.92663,8.431532,35.665292,10.460939,23.707428,12.92663,17.617297,21.079986,31.244968,31.107778,31.975555,8.945408,22.431939
2019-01-02 21:00:00,30.709507,30.454191,30.879429,15.250993,21.933093,26.91836,9.987576,23.954049,21.805486,21.805486,19.81412,17.454659,14.778242,15.250993,22.429737,36.092496,16.40769,15.967215,15.816234,13.550653,13.550653,22.791309,24.265547,25.37118,23.626442,22.712612,26.952558,23.901513,21.13027,9.230927,9.523907,9.517194,36.70851,13.066038,26.885638,21.305782,33.391116,32.77811,32.236103,21.305782,24.052095,19.077448,31.062893,25.803964,16.440983,32.427557,8.89055,22.566103,33.325627,33.493189,33.665541,33.596397,11.351436,34.608166,32.659075,8.89055,20.320469,8.852573,19.133986,14.799665,8.96715,19.125339,33.041526,31.870029,24.052095,19.188469,15.816234,32.427557,23.566126,26.91836,25.294898,30.072675,11.336226,18.945372,17.37619,26.91836,10.637403,9.987576,22.568399,9.275561,33.614174,30.879429,26.885638,30.838565,31.870029,8.994311,37.014579,22.407307,15.816234,13.550653,11.041042,15.928272,30.469557,8.89055,23.072062,31.648849,26.344076,23.522453,23.513383,23.850709,23.628207,23.435845,15.967215,14.648776,30.555948,9.635985,17.37619,13.211288,24.570075,31.870029,10.87362,8.96715,32.177845,9.59497,30.072675,10.87362,16.950979,14.799665,33.306899,33.315848,33.614174,31.870029,22.416849
2019-01-02 22:00:00,27.205606,26.803826,27.380934,13.147504,30.696681,21.283392,9.784388,16.9421,14.744414,14.744414,13.322037,11.636739,13.045209,13.147504,30.680082,34.844449,10.511032,13.395953,13.39307,9.430343,9.430343,15.752777,14.026411,18.560229,14.054619,15.216455,21.337395,16.74737,14.262126,6.474042,7.882591,8.593104,30.626857,13.340569,21.231719,14.387489,32.435252,31.888549,31.428203,14.387489,14.898704,11.266191,27.797887,19.600064,13.404997,29.808339,9.025751,15.140217,30.327725,30.681144,31.032257,30.957589,3.805445,32.869794,29.361637,9.025751,11.113531,9.045049,10.936353,10.139039,9.002541,10.986796,31.967941,28.790976,14.898704,13.623198,13.39307,29.808339,14.494702,21.283392,18.868636,26.203451,11.442311,12.036717,13.47927,21.283392,8.352763,9.784388,15.220081,8.909093,29.99414,27.380934,21.231719,27.322768,28.790976,8.994311,30.637906,30.664455,13.39307,9.430343,8.307897,10.774083,26.797513,9.025751,30.775417,28.476144,20.376514,14.813356,14.879533,15.721684,15.573441,15.445278,13.395953,13.370783,26.920485,8.421424,13.47927,13.335622,17.064659,28.790976,10.87362,9.002541,29.217416,8.521177,26.203451,10.87362,16.097559,10.139039,30.038779,30.176846,29.99414,28.790976,30.671102
2019-01-02 23:00:00,29.435864,28.980464,29.644354,13.473163,33.451745,22.718586,9.470106,17.794943,15.307028,15.307028,13.701063,11.798243,13.356538,13.473163,33.432619,38.238655,10.516251,13.756417,13.753131,9.323996,9.323996,16.448556,14.475197,19.628134,14.507499,15.838253,22.779851,17.573521,14.762491,6.061204,7.596936,8.366559,33.371138,13.693274,22.659965,14.904035,35.458122,34.827155,34.295855,14.904035,15.46876,11.328265,30.103352,20.80922,13.766728,32.427557,8.852764,15.752456,33.025573,33.433513,33.838775,33.752674,2.117549,35.9596,31.910395,8.852764,11.144548,8.875373,10.952206,10.076678,8.822076,11.009718,34.918774,31.258354,15.46876,14.015497,13.753131,32.427557,15.009481,22.718586,19.979741,28.299966,10.931585,12.206766,13.851406,22.718586,8.120812,9.470106,15.843403,8.698523,32.64103,29.644354,22.659965,29.577774,31.258354,8.811195,33.383894,33.414594,13.753131,9.323996,8.076162,10.830862,28.976542,8.852764,33.542601,30.897982,21.689767,15.372954,15.448439,16.406154,16.238608,16.093758,13.756417,13.727722,29.117302,8.184422,13.851406,13.687635,17.93054,31.258354,10.430277,8.822076,31.74785,8.294236,28.299966,10.430277,16.388399,10.076678,32.692217,32.851505,32.64103,31.258354,33.422262
2019-01-03 00:00:00,35.065749,34.776152,35.306098,26.168513,38.269731,30.74235,13.833768,27.463215,25.407525,25.407525,23.709146,21.696829,26.14387,26.168513,38.254128,42.258715,21.30332,26.228363,26.227669,17.597862,17.597862,26.350736,26.380239,28.858198,26.374649,26.121963,30.781642,27.365478,24.831653,12.331052,12.758087,12.798305,38.202306,26.215021,30.704752,24.981342,39.940628,39.414601,38.97168,24.981342,26.67074,25.718213,35.447877,29.490996,26.230542,37.427557,12.037943,26.006576,37.910666,38.251267,38.589472,38.518508,8.91483,40.358255,36.978965,12.037943,27.211253,11.990058,25.639999,19.885612,12.139986,25.651961,39.490875,36.506664,26.67074,26.283106,26.227669,37.427557,26.459222,30.74235,28.932984,34.34341,16.263819,25.900927,26.248434,30.74235,14.097996,13.833768,26.034872,12.550833,37.59505,35.306098,30.704752,35.256573,36.506664,12.176168,38.212976,38.239221,26.227669,17.597862,14.571869,20.094216,34.80935,12.037943,38.345297,36.238603,30.082502,26.520459,26.533177,26.944818,26.782355,26.641899,26.228363,26.2223,34.914053,12.921447,26.248434,26.21383,27.850078,36.506664,15.430277,12.139986,36.885782,12.875261,34.34341,15.430277,21.724131,19.885612,37.634127,37.766266,37.59505,36.506664,38.245563
2019-01-03 01:00:00,70.644336,69.286386,71.252236,22.51679,82.536014,50.620741,13.635975,35.984992,28.746051,28.746051,24.219039,18.855229,22.149304,22.51679,82.479423,96.689095,14.863798,23.409323,23.398969,12.46242,12.46242,32.067489,25.674199,41.365913,25.780858,30.183595,50.803444,35.307288,27.21107,4.119224,8.740413,11.105747,82.297722,23.21036,50.445921,27.610063,88.468243,86.602742,85.031914,27.610063,28.7733,15.757066,72.640131,44.937106,23.441814,79.506433,12.932711,29.95142,81.276488,82.482527,83.680671,83.426001,-9.692148,89.950958,77.979638,12.932711,14.597558,13.024622,14.571614,13.919451,12.785759,14.752909,86.873635,76.042705,28.7733,24.225685,23.398969,79.506433,27.37104,50.620741,42.473632,67.257218,16.367087,18.526369,23.708633,50.620741,9.913904,13.635975,30.234432,12.194096,80.138924,71.252236,50.445921,71.054622,76.042705,12.733652,82.335432,82.426116,23.398969,12.46242,9.614635,16.35577,69.270124,12.932711,82.804658,74.973094,47.552584,28.522453,28.761574,31.6972,31.219132,30.805822,23.409323,23.318904,69.687908,10.508225,23.708633,23.19259,36.271669,76.042705,15.430277,12.785759,77.493643,10.869335,67.257218,15.430277,32.383947,13.919451,80.290722,80.761752,80.138924,76.042705,82.448793
2019-01-03 02:00:00,18.136837,17.9373,13.875921,18.131581,23.805529,17.293628,8.732911,16.884994,16.274309,16.274309,15.503606,14.590441,18.175658,18.131581,23.83187,24.906525,14.950638,18.024531,18.025773,11.900417,11.900417,16.554509,17.752882,17.213603,17.728089,16.683978,17.297182,16.917027,16.012985,8.359693,8.051369,7.738437,23.763662,18.048395,17.290226,16.080912,24.171849,24.005134,23.866204,16.080912,17.459051,18.945155,20.139292,17.155719,18.020634,24.604878,6.721236,16.617813,23.347235,23.50162,23.640207,23.692421,8.908266,24.263358,22.869793,6.721236,20.547922,6.659308,19.088543,13.848767,6.850098,19.066614,24.019546,7.548143,17.459051,17.926617,18.025773,24.604878,17.516586,17.293628,17.08122,17.639135,11.316477,18.610192,17.988632,17.293628,9.094511,8.732911,16.592645,7.368927,23.701233,13.875921,17.290226,14.136951,7.548143,6.895791,23.770287,23.838075,18.025773,11.900417,9.571869,13.538696,16.494111,6.721236,23.813199,8.961003,17.233932,17.363441,17.331637,17.181831,17.116351,17.059741,18.024531,18.035376,15.942257,7.933422,17.988632,18.050526,17.196863,7.548143,10.430277,6.850098,26.705871,7.833076,17.639135,10.430277,13.827693,13.848767,23.385121,23.367018,23.701233,7.548143,23.835435
2019-01-03 03:00:00,22.181806,22.144323,18.459591,27.921362,26.444323,23.433396,13.59239,24.453566,24.321352,24.321352,23.632688,22.816729,28.031666,27.921362,26.470601,26.688536,23.83004,27.653461,27.656569,19.347872,19.347872,24.382016,26.973641,24.356504,26.922922,24.7971,23.41825,24.580222,24.087846,14.898827,13.738115,12.887354,26.41953,27.713181,23.447887,24.148542,26.462327,26.410994,26.369057,24.148542,26.164797,29.95473,23.705932,23.861955,27.643709,27.309586,11.056401,24.720263,26.103177,26.177678,26.238581,26.298037,15.602426,26.466782,25.850399,11.056401,32.602267,10.949473,30.31243,22.149615,11.267113,30.257726,26.409764,12.548143,26.164797,27.408424,27.656569,27.309586,26.413234,23.433396,24.024756,22.088314,16.389843,29.119118,27.563621,23.433396,15.235669,13.59239,24.648993,12.115486,26.475812,18.459591,23.447887,18.703447,12.548143,11.341827,26.423453,26.478858,27.656569,19.347872,16.041042,21.460476,20.90552,11.056401,26.437232,13.868045,23.687732,26.044181,25.967538,25.401679,25.353749,25.312312,27.653461,27.680601,20.389974,13.294091,27.563621,27.718515,24.907185,12.548143,15.430277,11.267113,29.276164,13.086077,22.088314,15.430277,18.472203,22.149615,26.187733,26.14733,26.475812,12.548143,26.475345
2019-01-03 04:00:00,21.830117,21.856947,18.311247,29.824819,25.555153,23.918075,13.6793,25.51252,25.584768,25.584768,24.948242,24.194057,29.960125,29.824819,25.58145,25.470739,25.455846,29.496193,29.500006,20.486866,20.486866,25.551619,28.662278,25.239064,28.601965,26.076084,23.895459,25.675693,25.36894,15.790625,14.275814,13.205286,25.536875,29.56945,23.939714,25.425041,25.439421,25.432314,25.427555,25.425041,27.65775,32.318645,23.168517,24.573695,29.48423,26.447172,11.07299,25.996733,25.258427,25.302373,25.333545,25.39588,16.178176,25.410452,25.091506,11.07299,35.340312,10.949895,32.757233,23.563944,11.311588,32.690158,25.425074,12.548143,27.65775,29.195613,29.500006,26.447172,27.98004,23.918075,24.832044,21.897038,16.344467,31.29407,29.385989,23.918075,15.926673,13.6793,25.907917,12.272236,25.63884,18.311247,23.939714,18.548983,12.548143,11.39619,25.539768,25.590508,29.500006,20.486866,16.853729,22.74462,20.695797,11.07299,25.542381,13.834923,24.297857,27.529719,27.436198,26.71001,26.670684,26.636686,29.496193,29.529485,20.193188,13.69633,29.385989,29.575993,26.014075,12.548143,15.430277,11.311588,28.365411,13.446651,21.897038,15.430277,18.28678,23.563944,25.361047,25.312012,25.63884,12.548143,25.586655
2019-01-03 05:00:00,27.591076,27.599449,22.384594,28.28448,33.599311,30.223562,13.841484,32.988719,36.181617,36.181617,39.915258,12.105397,28.11117,28.28448,33.636301,34.05614,17.163787,28.705407,28.700524,14.656628,14.656628,34.716622,29.773546,31.175244,29.877459,34.259191,30.195952,32.889127,37.447589,13.939904,13.246708,12.831653,33.562163,28.611574,30.249981,37.11852,33.670642,33.583164,33.511335,37.11852,30.887219,25.083958,29.622904,31.204552,28.720731,34.808339,12.034487,34.569678,33.103729,33.219126,33.315096,33.397815,14.937595,33.688407,32.718314,12.034487,25.970272,11.985424,24.519507,19.235531,12.139986,24.60583,33.583497,13.945408,30.887219,29.090412,28.700524,34.808339,30.720222,30.223562,31.695525,27.611961,16.25979,26.402557,28.846565,30.223562,13.607668,13.841484,34.663943,12.564749,33.625697,22.384594,30.249981,22.732723,13.945408,12.177394,33.568042,33.647651,28.700524,14.656628,13.872874,13.102877,25.876404,12.034487,33.59128,15.8297,30.687226,31.330446,31.457175,31.937933,32.261149,32.540582,28.705407,28.662765,25.140411,12.98153,28.846565,28.603194,31.577089,13.945408,15.430277,12.139986,37.593761,12.883538,27.611961,15.430277,20.063301,19.235531,33.216567,33.162649,33.625697,13.945408,33.642822
2019-01-03 06:00:00,73.005683,70.857854,47.596507,26.08302,113.284982,54.056882,13.57997,42.469096,38.178657,38.178657,36.866773,14.159254,25.600429,26.08302,113.413505,126.904541,13.543021,27.255113,27.241515,11.474131,11.474131,40.147236,30.229396,46.10033,30.411787,38.013554,54.206991,41.75282,37.733835,5.393937,9.353605,11.425775,112.916819,26.99383,53.913251,37.849459,118.427218,116.503517,114.892319,37.849459,34.024548,17.196087,86.523308,49.483605,27.297781,116.529856,13.192285,38.040219,109.928434,111.449481,112.872553,113.056163,-11.623076,119.712181,105.440678,13.192285,15.75176,13.282637,15.63508,14.643364,13.044473,15.873811,116.724552,12.548143,34.024548,28.327176,27.241515,116.529856,32.573323,54.056882,47.553328,67.648382,15.721514,20.842716,27.648173,54.056882,10.066023,13.57997,38.380924,12.44935,111.467364,47.596507,53.913251,49.042303,12.548143,12.992062,112.975081,113.423818,27.241515,11.474131,9.690506,13.109426,62.098169,13.192285,113.464767,20.373703,51.536099,34.138439,34.463476,37.605151,37.410504,37.242224,27.255113,27.136373,59.041551,10.868356,27.648173,26.970495,41.624397,12.548143,14.986934,13.044473,128.02951,11.195153,67.648382,14.986934,35.873657,14.643364,109.661729,109.789169,111.467364,12.548143,113.419431
2019-01-03 07:00:00,23.621703,23.564199,17.416663,22.932582,31.054469,25.778731,8.995991,28.298251,31.479286,31.479286,35.309832,6.797002,22.738524,22.932582,31.097177,31.869239,11.824507,23.4039,23.398432,9.664274,9.664274,30.019734,24.599909,26.527224,24.713064,29.481831,25.754602,28.173613,32.778115,9.326431,8.702173,8.337235,31.00587,23.298834,25.801819,32.440505,31.253702,31.114022,30.998576,32.440505,25.867654,19.349666,26.154268,26.658754,23.421057,32.427557,7.704854,29.804437,30.443247,30.603229,30.740054,30.83308,8.601484,31.303424,29.923069,7.704854,19.989413,7.666526,18.717964,14.059024,7.785759,18.814572,31.119658,7.548143,25.867654,23.834994,23.398432,32.427557,25.651179,25.778731,27.109917,23.478272,10.671334,20.825368,23.561956,25.778731,8.943383,8.995991,29.912325,8.1115,31.03934,17.416663,25.801819,17.823754,7.548143,7.814446,31.013561,31.109585,23.398432,9.664274,9.147758,7.918048,21.499876,7.704854,31.050156,9.751575,26.183933,26.330446,26.471513,27.063731,27.392911,27.677501,23.4039,23.356153,20.639228,8.463366,23.561956,23.28945,26.809898,7.548143,10.096668,7.785759,35.687041,8.382259,23.478272,10.096668,15.078204,14.059024,30.557796,30.503061,31.03934,7.548143,31.104307
2019-01-03 08:00:00,22.404017,22.405907,16.728039,21.498573,22.100907,25.16873,9.60338,28.102469,31.525407,31.525407,35.542418,6.891193,23.07093,21.498573,22.429737,28.237406,12.092671,16.232976,15.816234,10.007038,10.007038,29.954863,24.576426,26.162063,24.708404,29.453816,25.139577,27.992405,32.887462,9.883263,9.19622,8.806415,30.429951,8.225042,25.196625,32.533418,27.658234,27.526806,27.403534,32.533418,25.797409,19.65091,24.630978,26.207663,17.540688,29.808339,8.148683,29.788395,28.201488,28.220374,28.222505,28.313899,10.390305,28.118819,27.957573,8.148683,20.297669,8.108425,19.036705,14.429685,8.235019,19.130638,27.630991,7.548143,25.797409,20.011189,15.816234,29.808339,25.623291,25.16873,26.729082,22.408731,11.536816,21.085739,18.381613,25.16873,9.393507,9.60338,29.891264,8.582631,29.109415,16.728039,25.196625,17.106723,7.548143,8.265633,30.602556,22.438008,15.816234,10.007038,9.59085,8.109426,20.526326,8.148683,22.690107,9.59782,25.658294,26.285738,26.423312,26.949367,27.298016,27.599439,16.232976,12.593772,19.725734,8.933395,18.381613,24.369487,26.576877,7.548143,10.87362,8.235019,32.975488,8.847514,22.408731,10.87362,15.263775,14.429685,28.474037,28.343805,29.109415,7.548143,22.434489
2019-01-03 09:00:00,26.53726,26.275903,20.910426,20.417223,27.09251,25.45386,15.498501,25.391442,26.598601,26.598601,28.531641,12.356696,20.251008,20.417223,27.429737,34.822299,14.583276,20.820918,20.816234,14.281936,14.281936,26.044721,21.845327,24.873898,21.929933,25.484996,25.459325,25.234151,27.25404,14.482666,14.821533,15.034487,35.830546,20.730926,25.448631,27.083669,33.481523,33.17727,32.907664,27.083669,23.011084,17.35126,29.17811,25.366656,20.835613,34.808339,15.288963,25.664852,33.432498,33.554585,33.660017,33.725174,16.351436,34.102286,32.902696,15.288963,16.957242,15.301573,16.811428,16.174921,15.270678,16.893987,33.312002,12.548143,23.011084,21.19016,20.816234,34.808339,22.712132,25.45386,25.373476,25.885361,16.069471,18.612346,20.956296,25.45386,14.68415,15.498501,25.766266,15.19706,34.235601,20.910426,25.448631,21.255382,12.548143,15.264195,36.015017,27.432479,20.816234,14.281936,14.571869,13.109426,24.370416,15.288963,27.737698,14.415265,25.362088,23.278504,23.396126,24.110939,24.266869,24.401677,20.820918,20.780021,23.641129,14.951165,20.956296,20.722889,24.47191,12.548143,15.87362,15.270678,37.707727,14.988355,25.885361,15.87362,19.800551,16.174921,33.617414,33.529056,34.235601,12.548143,27.431312
2019-01-03 10:00:00,11.433799,11.395628,10.441811,11.465588,22.099502,11.357797,11.126987,11.369148,11.353108,11.353108,11.322473,11.286174,11.468752,11.465588,22.429737,27.835021,11.314265,11.457901,11.457991,11.158026,11.158026,11.360468,11.438397,11.374428,11.436842,11.371578,11.357574,11.372374,11.342721,10.963793,10.968952,10.966401,31.001417,11.459615,11.358011,11.345421,27.598673,27.54504,27.487889,11.345421,11.415835,11.52395,11.886362,11.363306,11.457622,29.808339,10.916243,11.368595,28.327426,28.339598,28.318587,28.505871,11.351436,27.980042,31.268728,10.916243,11.607806,10.912754,11.534222,11.272231,10.924781,11.532651,27.633774,8.945408,11.415835,11.450871,11.457991,29.808339,11.422047,11.357797,11.364914,11.338589,11.444881,11.499952,11.455324,11.357797,11.020657,11.126987,11.366623,10.959156,30.083297,10.441811,11.358011,10.50354,8.945408,10.927808,31.176008,22.437083,11.457991,11.158026,11.041042,11.236071,11.060965,10.916243,22.698071,9.279523,11.361553,11.411334,11.409109,11.394549,11.392157,11.390089,11.457901,11.45868,10.930462,10.970926,11.455324,11.459768,11.38503,8.945408,11.335839,10.924781,30.899451,10.966976,11.338589,11.335839,11.570539,11.272231,29.46492,28.92139,30.083297,8.945408,22.433958
2019-01-03 11:00:00,6.804643,7.134433,8.819255,16.380253,27.238781,10.624482,14.544464,13.210282,14.290203,14.290203,14.776152,15.351926,16.471649,16.380253,27.429737,27.241167,16.286875,16.158274,16.16085,15.25791,15.25791,13.794704,15.594986,12.34649,15.562613,14.216237,10.591449,13.354839,14.454975,14.928859,14.140322,13.684009,32.137613,16.207758,10.65609,14.412145,28.743865,29.084862,29.368401,14.412145,14.862157,18.062808,5.470407,11.638772,16.150194,32.18912,12.900277,14.228183,30.196844,30.060411,29.876071,30.184757,21.655955,28.574387,35.901712,12.900277,19.036274,12.852621,18.358223,16.037234,13.001407,18.313044,29.059612,11.150879,14.862157,15.95524,16.16085,32.18912,15.157004,10.624482,12.071226,7.627236,16.695977,17.372695,16.083834,10.624482,14.418153,14.544464,14.162072,13.408581,32.636601,8.819255,10.65609,8.723072,11.150879,13.037266,32.219063,27.448996,16.16085,15.25791,14.665446,15.315168,7.854519,12.900277,27.477834,10.630277,11.179205,14.863312,14.80232,14.170757,14.229825,14.280891,16.158274,16.180762,8.057863,13.838671,16.083834,16.212177,13.307658,11.150879,15.957978,13.001407,32.31372,13.737552,7.627236,15.957978,13.50087,16.037234,32.066742,31.173247,32.636601,11.150879,27.440803
2019-01-03 12:00:00,35.943062,36.725176,23.91848,21.742838,21.318221,-1000.0,12.083747,16.814161,24.161782,24.161782,30.740143,5.573537,21.89419,21.742838,22.429737,37.072584,13.996066,21.375239,21.379503,10.823314,10.823314,20.790479,20.442427,3.226387,20.494603,21.231459,52.941048,17.046978,26.392317,12.60576,9.361638,7.633973,50.470006,21.457184,-382.724541,25.812526,38.495397,38.818266,39.043562,25.812526,18.542394,24.504371,39.380434,10.199154,21.361857,47.470348,4.893244,21.70473,43.731492,43.206999,42.655155,42.942456,29.125527,39.554613,44.597147,4.893244,27.472573,4.721523,24.982968,16.441378,5.275102,24.909774,39.085813,2.288912,18.542394,21.039012,21.379503,47.470348,20.006053,-1000.0,12.019495,37.893879,22.0681,23.386333,21.251965,-1000.0,9.642593,12.083747,21.667654,6.812546,46.533763,23.91848,-382.724541,24.810731,2.288912,5.410502,51.049518,22.460721,21.379503,10.823314,10.311185,7.626093,32.867962,4.893244,23.288274,7.118338,-5.426756,19.652306,19.578841,16.749775,17.930233,18.950789,21.375239,21.412479,30.981616,8.120615,21.251965,21.464502,10.351579,2.288912,18.643326,5.275102,55.157937,7.747374,37.893879,18.643326,26.995668,16.441378,44.862159,44.321891,46.533763,2.288912,22.44754
2019-01-03 13:00:00,25.193421,25.879379,13.568313,6.390998,22.006119,-1000.0,10.01739,-1.697942,1.900439,1.900439,4.472269,6.573018,6.670611,6.390998,22.429737,25.910992,9.519806,5.711887,5.719766,9.158484,9.158484,0.249396,3.988589,-12.908515,3.951742,0.947369,37.848224,-1.434831,2.772473,11.832749,9.347118,8.054463,32.287788,5.863274,-391.63758,2.545802,27.290654,27.603731,27.852139,2.545802,1.343029,11.52395,27.13638,-5.74728,5.687166,32.427557,6.360879,1.101298,29.754304,29.479027,29.182518,29.372745,20.049137,27.471742,30.260949,6.360879,13.257817,6.258092,12.42149,9.823195,6.581441,12.284226,27.661004,2.231393,1.343029,5.090734,5.719766,32.427557,2.818512,-1000.0,-4.632969,26.904399,14.843485,9.427228,5.484149,-1000.0,9.206448,10.01739,1.001172,7.469472,31.238801,13.568313,-391.63758,14.035977,2.231393,6.659648,32.490664,22.455388,5.719766,9.158484,9.571869,7.583883,24.060483,6.360879,22.658208,4.762688,-20.430477,1.997968,1.82756,-1.152971,-0.335765,0.370744,5.711887,5.780685,17.270384,8.396253,5.484149,5.876795,-6.714763,2.231393,13.188066,6.581441,37.231036,8.143941,26.904399,13.188066,18.342382,9.823195,30.361869,30.071556,31.238801,2.231393,22.444476
2019-01-03 14:00:00,25.220299,25.915429,13.568572,7.20791,22.006262,-1000.0,9.339976,-1.502701,1.976516,1.976516,4.336289,7.117225,7.508055,7.20791,22.429737,25.882826,10.05977,6.478933,6.48739,9.121747,9.121747,0.380149,4.629093,-12.670285,4.582047,1.149128,37.997704,-1.219191,2.776648,11.136026,8.545607,7.167611,32.281272,6.641436,-391.548145,2.568667,27.276288,27.592496,27.843553,2.568667,1.837898,12.71953,27.146657,-5.576056,6.452396,32.427557,5.244166,1.282758,29.750879,29.473696,29.175288,29.365952,19.972489,27.454531,30.262821,5.244166,14.80412,5.12747,13.683728,10.076678,5.493548,13.53627,27.649229,2.237931,1.837898,5.812168,6.48739,32.427557,3.35263,-1000.0,-4.455136,26.954153,14.723782,10.46709,6.234471,-1000.0,8.61069,9.339976,1.169943,6.497616,31.237069,13.568572,-391.548145,14.035977,2.237931,5.581974,32.483945,22.455482,6.48739,9.121747,9.07771,7.900953,24.104558,5.244166,22.657398,4.767824,-20.268542,2.46244,2.277568,-0.795504,0.005017,0.697101,6.478933,6.552782,17.268593,7.554655,6.234471,6.65595,-6.41371,2.237931,12.87706,5.493548,37.234708,7.278129,26.954153,12.87706,18.259675,10.076678,30.359981,30.068933,31.237069,2.237931,22.44453
2019-01-03 15:00:00,23.260673,24.004884,13.557977,7.163638,22.129429,-1000.0,8.053749,-2.108714,1.62823,1.62823,4.13512,7.105397,7.479395,7.163638,22.429737,23.45301,10.210683,6.396741,6.405638,9.266788,9.266788,-0.086389,4.450677,-13.462328,4.398625,0.76009,36.779892,-1.79785,2.478245,11.720329,8.649011,6.991983,28.913651,6.567697,-392.251153,2.257298,25.03805,25.397732,25.691335,2.257298,1.530891,12.962558,24.862004,-6.518309,6.368823,29.808339,4.893244,0.900302,27.15723,26.901163,26.623823,26.809512,17.224617,25.013942,27.666087,4.893244,15.177433,4.771028,13.977169,10.096148,5.139738,13.822001,25.408055,1.9705,1.530891,5.695293,6.405638,29.808339,3.100829,-1000.0,-5.304861,25.116948,11.693459,10.592352,6.139563,-1000.0,8.711377,8.053749,0.775637,6.132179,28.468441,13.557977,-392.251153,14.035977,1.9705,5.227141,29.045953,22.456787,6.405638,9.266788,9.256725,7.950458,22.177451,4.893244,22.528473,4.557739,-21.293314,2.161126,1.965972,-1.223831,-0.407851,0.297598,6.396741,6.474432,17.341868,7.474094,6.139563,6.582966,-7.014118,1.9705,10.444987,5.139738,34.337728,7.160401,25.116948,10.444987,15.44159,10.096148,27.704846,27.443178,28.468441,1.9705,22.445279
2019-01-03 16:00:00,23.258605,23.94772,15.860726,7.293998,27.918967,-1000.0,8.081787,-2.118348,1.624266,1.624266,4.113544,7.062954,7.614118,7.293998,27.989296,24.444663,10.209201,6.516504,6.525524,9.11245,9.11245,-0.092955,4.543551,-13.482422,4.489577,0.770694,36.709973,-1.802099,2.46831,11.352625,8.322363,6.685754,27.934636,6.689823,-392.290913,2.248914,26.288034,26.706338,27.06123,2.248914,1.591225,13.173325,25.0312,-6.561321,6.488201,30.56269,4.542322,0.908553,27.566722,27.381845,27.171029,27.365765,18.028845,25.880303,27.970389,4.542322,15.471918,4.416249,14.202076,10.076678,4.800166,14.044745,26.627611,1.9705,1.591225,5.805364,6.525524,30.56269,3.171767,-1000.0,-5.338688,24.977455,12.331243,10.770088,6.255773,-1000.0,8.432704,8.081787,0.780997,5.838303,28.658263,15.860726,-392.290913,16.433718,1.9705,4.891593,27.932157,28.021385,6.525524,9.11245,8.991134,7.864265,21.607967,4.542322,27.828736,5.071894,-21.345226,2.217573,2.019409,-1.194199,-0.37925,0.325307,6.516504,6.595269,20.39658,7.163152,6.255773,6.705302,-7.008013,1.9705,10.87362,4.800166,35.201063,6.847717,24.977455,10.87362,15.946001,10.076678,28.019029,27.802903,28.658263,1.9705,28.007734
2019-01-03 17:00:00,18.356614,18.706968,12.590786,12.724079,25.35841,-519.240441,9.720736,6.343912,8.396662,8.396662,9.551013,10.91874,12.93684,12.724079,25.413693,22.891714,12.992341,12.207335,12.213329,10.922375,10.922375,7.4548,10.896053,0.236179,10.848377,8.084984,26.151994,6.565773,8.78807,10.482385,8.713287,7.703772,25.369958,12.322527,-199.523778,8.68633,24.158308,24.445727,24.690324,8.68633,9.010447,16.634415,20.045445,3.644139,12.188523,27.433478,5.991446,8.135322,24.94242,24.839891,24.711549,24.885082,18.5294,23.857031,25.698207,5.991446,18.736143,5.886842,17.319337,12.499756,6.215081,17.214589,24.386586,2.288519,9.010447,11.734691,12.213329,27.433478,9.952088,-519.240441,4.387072,19.230498,14.655425,15.034388,12.034045,-519.240441,9.254626,9.720736,8.038749,7.115486,25.980428,12.590786,-199.523778,13.015769,2.288519,6.294378,25.368131,25.438823,12.213329,10.922375,9.776263,10.920161,16.853467,5.991446,25.288151,4.588798,-4.239844,9.303106,9.168329,7.231439,7.652278,8.01611,12.207335,12.259684,15.954991,8.036528,12.034045,12.332815,3.921836,2.288519,12.962757,6.215081,30.985158,7.813733,19.230498,12.962757,16.189573,12.499756,25.43906,25.20175,25.980428,2.288519,25.428133
2019-01-03 18:00:00,7.648378,7.931157,13.36418,10.192035,27.366745,8.99938,10.144391,9.559898,9.80784,9.80784,9.935021,10.08571,10.210005,10.192035,27.357136,25.948735,10.272387,10.148392,10.148898,10.150474,10.150474,9.694077,10.037642,9.366609,10.031566,9.779279,8.992272,9.589505,9.850963,10.183984,10.037054,9.956553,27.442622,10.158121,9.006182,9.839754,26.588924,26.734198,26.859715,9.839754,9.891683,10.522779,4.937323,9.218541,10.146803,27.317436,9.825141,9.783892,26.742057,26.755044,26.733531,26.928162,12.434357,26.383311,31.757145,9.825141,10.677299,9.816997,10.580833,10.258823,9.84295,10.571954,26.69156,21.810201,9.891683,10.108472,10.148898,27.317436,9.952319,8.99938,9.312477,8.353709,10.579539,10.387162,10.133756,8.99938,10.062758,10.144391,9.770682,9.914656,28.312513,13.36418,9.006182,13.015769,21.810201,9.849265,27.430615,27.362253,10.148898,10.150474,10.098291,10.111031,9.869542,9.825141,27.311304,19.924382,9.118746,9.894937,9.883021,9.753976,9.768547,9.781144,10.148392,10.152813,10.606132,9.980847,10.133756,10.15899,9.570704,21.810201,10.430277,9.84295,25.185801,9.963298,8.353709,10.430277,8.973609,10.258823,28.18587,27.495971,28.312513,21.810201,27.360076
2019-01-03 19:00:00,31.753815,31.292068,31.875637,15.520292,35.285225,24.986109,14.731076,20.043953,17.593426,17.593426,16.055133,14.232494,15.397012,15.520292,35.268692,39.35347,12.891725,15.819708,15.816234,12.036271,12.036271,18.7178,16.579502,21.863631,16.615103,18.084372,25.04778,19.81587,17.071835,8.742264,10.8332,11.952064,35.216931,15.752962,24.927098,17.207414,36.991245,36.455201,36.003818,17.207414,17.620315,13.252661,32.465799,23.067186,15.830608,34.405413,12.685451,18.00508,34.926303,35.272449,35.616457,35.542629,11.351436,37.417652,33.980552,12.685451,12.823287,12.715523,12.854998,12.7962,12.660978,12.915814,36.533126,33.367346,17.620315,16.093571,15.816234,34.405413,17.148248,24.986109,22.235243,30.602086,18.838753,14.181633,15.920117,24.986109,11.22887,14.731076,18.100153,12.562443,34.595479,31.875637,24.927098,31.814102,33.367346,12.6523,35.227739,35.253279,15.816234,12.036271,11.041042,13.373815,31.258425,12.685451,35.362561,33.034279,23.950451,17.534286,17.614457,18.602288,18.440076,18.299838,15.819708,15.789375,31.38852,11.633077,15.920117,15.747001,20.145297,33.367346,17.429762,12.660978,33.807278,11.790081,30.602086,17.429762,22.717386,12.7962,34.641955,34.777825,34.595479,33.367346,35.259836
2019-01-03 20:00:00,53.951993,52.963252,54.199505,19.218698,61.433303,39.466693,17.845108,28.888922,23.64104,23.64104,20.343908,16.437316,18.955236,19.218698,61.398326,70.027644,13.571089,19.858581,19.851157,11.718382,11.718382,26.048922,21.482336,32.784908,21.558331,24.694516,39.598679,28.401123,22.523077,4.574408,9.133986,11.579033,61.289067,19.715938,39.340403,22.813673,65.037496,63.905116,62.951577,22.813673,23.707228,14.372567,55.481814,35.359746,19.881874,59.572995,13.162498,24.524371,60.675645,61.406795,62.133454,61.977373,11.351436,65.938337,58.678062,13.162498,13.455354,13.226392,13.52273,13.397803,13.114862,13.652698,64.069746,57.372139,23.707228,20.443854,19.851157,59.572995,22.697563,39.466693,33.579082,51.485788,27.1681,16.35785,20.073165,39.466693,9.985659,17.845108,24.727615,12.92307,59.976053,54.199505,39.340403,54.06863,57.372139,13.097971,61.311892,61.36575,19.851157,11.718382,9.571869,14.592308,52.886792,13.162498,61.596699,56.663757,37.250248,23.522453,23.693763,25.806342,25.458778,25.158295,19.858581,19.793757,53.163482,10.878229,20.073165,19.703198,29.108046,57.372139,23.970182,13.114862,58.305768,11.219443,51.485788,23.970182,35.226964,13.397803,60.074764,60.361883,59.976053,57.372139,61.379608
2019-01-03 21:00:00,32.321947,31.952819,32.505357,19.575826,35.664037,26.870281,14.899799,22.857742,20.769744,20.769744,19.365606,17.70192,19.488823,19.575826,35.648074,39.670515,16.726955,19.787134,19.784683,15.313842,15.313842,21.727779,20.323346,24.378105,20.345562,21.257354,26.91998,22.684835,20.293641,12.176139,13.349346,13.912205,35.596538,19.740029,26.822727,20.417396,37.343166,36.815037,36.370333,20.417396,21.076764,17.976165,32.857321,25.317312,19.794826,34.808339,14.146996,21.178601,35.30682,35.64834,35.987597,35.915638,9.004456,37.762852,34.373133,14.146996,18.070008,14.155877,17.695813,16.203487,14.141078,17.738688,36.891709,33.836902,21.076764,19.980409,19.784683,34.808339,20.716783,26.870281,24.640479,31.401235,16.382054,18.631089,19.857996,26.870281,13.926204,14.899799,21.247825,14.117248,34.985618,32.505357,26.822727,32.450429,33.836902,14.138979,35.60722,35.633004,19.784683,15.313842,13.964082,16.76823,31.954415,14.146996,35.740061,33.539596,26.035685,20.985575,21.041396,21.78759,21.643333,21.518617,19.787134,19.765727,32.070541,13.79815,19.857996,19.735822,23.013216,33.836902,15.87362,14.141078,34.242742,13.870369,31.401235,15.87362,21.07137,16.203487,35.027981,35.161219,34.985618,33.836902,35.639415
2019-01-03 22:00:00,29.185051,29.170801,29.375457,28.403979,30.420161,28.886141,14.477223,28.657191,28.554658,28.554658,28.500727,20.977401,28.396807,28.403979,30.413693,32.182229,22.386277,28.4214,28.421198,18.657634,18.657634,28.601703,28.465607,28.736691,28.468003,28.567461,28.88904,28.645254,28.536371,14.815903,14.297628,13.843941,30.390056,28.417517,28.883368,28.541125,31.15694,30.924278,30.728394,28.541125,28.524055,28.271967,29.13369,28.796686,28.422034,30.062426,12.644352,28.565393,30.256579,30.40787,30.557892,30.527539,13.351132,31.341091,29.841967,12.644352,30.078034,12.573469,28.248798,21.640571,12.785759,28.252341,30.957879,29.723186,28.524055,28.437334,28.421198,30.062426,28.499585,28.886141,28.7583,29.149508,16.602683,28.326093,28.427242,28.886141,15.474488,14.477223,28.570687,13.355095,30.123266,29.375457,28.883368,29.361113,29.723186,12.835899,30.39482,30.407251,28.421198,18.657634,16.041042,20.070419,29.231581,12.644352,30.453359,29.645545,28.837465,28.522453,28.527202,28.579199,28.573087,28.567802,28.4214,28.419635,29.261906,14.099365,28.427242,28.41717,28.653712,29.723186,15.87362,12.785759,29.854255,13.973762,29.149508,15.87362,20.169353,21.640571,30.136003,30.193618,30.123266,29.723186,30.409992
2019-01-03 23:00:00,23.538269,23.717631,24.784789,30.621492,27.432488,25.543334,14.309262,26.733526,26.619003,26.619003,25.878215,25.000495,30.744896,30.621492,27.429737,27.526213,26.136826,30.321775,30.325252,21.197721,21.197721,26.671549,29.561218,26.602943,29.504746,27.138109,25.525815,26.876336,26.367823,16.417134,14.994515,13.971477,27.440577,30.388588,25.560097,26.433113,27.434227,27.413353,27.396425,26.433113,28.654555,32.896285,22.753358,26.041296,30.310864,27.363842,11.911873,27.054269,27.271046,27.306248,27.334235,27.366853,16.351436,27.43248,28.156527,11.911873,35.83894,11.793396,33.296439,24.23143,12.139986,33.235242,27.412002,26.296697,28.654555,30.047636,30.325252,27.363842,28.934996,25.543334,26.231786,23.98565,16.678519,31.961497,30.221265,25.543334,16.646651,14.309262,26.974337,13.058422,27.555509,24.784789,25.560097,24.722421,26.296697,12.220871,27.439297,27.429541,30.325252,21.197721,17.558454,23.513687,24.15922,11.911873,27.42846,25.95912,25.837533,28.522453,28.436778,27.799149,27.7483,27.704339,30.321775,30.352138,24.291075,14.450299,30.221265,30.394555,27.233199,26.296697,15.865831,12.139986,26.940272,14.210767,23.98565,15.865831,18.407586,24.23143,27.52847,27.405465,27.555509,26.296697,27.429624
2019-01-04 00:00:00,12.745958,12.915084,16.368025,14.881978,25.421566,13.455933,9.16916,13.640243,13.461445,13.461445,13.092736,12.655873,14.922508,14.881978,25.413693,25.042263,13.017767,14.783541,14.784683,11.076912,11.076912,13.543483,14.533748,13.690337,14.514055,13.687506,13.45261,13.682445,13.336427,8.956056,8.659598,8.410175,25.460315,14.805484,13.459112,13.368923,25.147522,25.171408,25.193521,13.368923,14.243403,15.629367,11.044549,13.541237,14.779957,25.287548,7.693866,13.650995,24.984553,25.036113,25.065767,25.178574,11.312979,25.07203,27.997733,7.693866,16.718487,7.650094,15.760906,12.341642,7.785759,15.740789,25.154436,21.748448,14.243403,14.693504,14.784683,25.287548,14.324946,13.455933,13.568482,13.167807,11.08871,15.322081,14.75053,13.455933,9.310933,9.16916,13.625581,8.155741,25.926909,16.368025,13.459112,16.146075,21.748448,7.818343,25.454183,25.415034,14.784683,11.076912,9.626752,12.038531,14.141813,7.693866,25.396485,20.547113,13.511728,14.188017,14.15958,13.969472,13.941047,13.916472,14.783541,14.793513,14.611048,8.546189,14.75053,14.807444,13.837408,21.748448,10.430277,7.785759,23.895465,8.472145,13.167807,10.430277,11.076141,12.341642,25.851608,25.437302,25.926909,21.748448,25.414464
2019-01-04 01:00:00,22.936008,22.659076,23.070662,13.617481,25.425575,18.847455,9.01401,15.820728,14.177135,14.177135,13.009822,11.626736,13.560974,13.617481,25.413693,28.405531,10.970468,13.754723,13.753131,9.403804,9.403804,14.931264,14.102986,16.997504,14.115082,14.606975,18.884685,15.698854,13.781333,6.39805,7.31482,7.739616,25.375377,13.724129,18.811833,13.884215,26.674513,26.281705,25.950946,13.884215,14.607459,12.579068,23.338821,17.679512,13.759719,24.788821,7.763367,14.537552,25.159987,25.413987,25.666307,25.612765,5.682482,26.986675,24.465588,7.763367,12.912117,7.75924,12.397216,10.441991,7.785759,12.425028,26.338734,24.064867,14.607459,13.880253,13.753131,24.788821,14.352147,18.847455,17.168006,22.245261,11.169714,13.003886,13.800747,18.847455,7.916474,9.01401,14.584218,7.875914,24.920954,23.070662,18.811833,23.02965,24.064867,7.793699,25.383321,25.402481,13.753131,9.403804,8.008152,10.757615,22.659298,7.763367,25.482124,23.842882,18.222264,14.5238,14.559449,15.083413,14.965847,14.864206,13.754723,13.74082,22.746004,7.665526,13.800747,13.721397,15.989009,24.064867,10.430277,7.785759,24.367487,7.70866,22.245261,10.430277,14.633377,10.441991,24.952557,25.051674,24.920954,24.064867,25.407251
2019-01-04 02:00:00,22.904136,22.620207,23.037072,13.298712,25.425712,18.714747,9.00434,15.617992,13.952753,13.952753,12.784264,11.399786,13.238719,13.298712,25.413693,28.436067,10.709424,13.444421,13.44273,9.226118,9.226118,14.716813,13.814168,16.814842,13.827657,14.377721,18.7529,15.491254,13.556551,6.274569,7.241236,7.697821,25.375014,13.411939,18.678241,13.659537,26.687438,26.290634,25.956509,13.659537,14.345563,12.196087,23.319137,17.518948,13.449725,24.781938,7.767699,14.309085,25.157597,25.414157,25.669029,25.614903,5.631748,27.002797,24.456227,7.767699,12.469991,7.766063,12.002953,10.216813,7.785759,12.032489,26.348249,24.04812,14.345563,13.577694,13.44273,24.781938,14.080467,18.714747,16.995836,22.195937,11.174763,12.647265,13.493284,18.714747,7.815975,9.00434,14.358157,7.858473,24.915901,23.037072,18.678241,22.995365,24.04812,7.792163,25.383037,25.402361,13.44273,9.226118,7.888348,10.549926,22.618739,7.767699,25.482845,23.822375,18.07405,14.263521,14.301537,14.846916,14.72872,14.626535,13.444421,13.42966,22.706914,7.61103,13.493284,13.409038,15.777983,24.04812,10.430277,7.785759,24.355163,7.660352,22.195937,10.430277,14.631387,10.216813,24.947993,25.048148,24.915901,24.04812,25.407182
2019-01-04 03:00:00,22.904136,22.620207,23.037072,13.298712,25.425712,18.714747,9.00434,15.617992,13.952753,13.952753,12.784264,11.399786,13.238719,13.298712,25.413693,28.436067,10.709424,13.444421,13.44273,9.226118,9.226118,14.716813,13.814168,16.814842,13.827657,14.377721,18.7529,15.491254,13.556551,6.274569,7.241236,7.697821,25.375014,13.411939,18.678241,13.659537,26.687438,26.290634,25.956509,13.659537,14.345563,12.196087,23.319137,17.518948,13.449725,24.781938,7.767699,14.309085,25.157597,25.414157,25.669029,25.614903,5.631748,27.002797,24.456227,7.767699,12.469991,7.766063,12.002953,10.216813,7.785759,12.032489,26.348249,24.04812,14.345563,13.577694,13.44273,24.781938,14.080467,18.714747,16.995836,22.195937,11.174763,12.647265,13.493284,18.714747,7.815975,9.00434,14.358157,7.858473,24.915901,23.037072,18.678241,22.995365,24.04812,7.792163,25.383037,25.402361,13.44273,9.226118,7.888348,10.549926,22.618739,7.767699,25.482845,23.822375,18.07405,14.263521,14.301537,14.846916,14.72872,14.626535,13.444421,13.42966,22.706914,7.61103,13.493284,13.409038,15.777983,24.04812,10.430277,7.785759,24.355163,7.660352,22.195937,10.430277,14.631387,10.216813,24.947993,25.048148,24.915901,24.04812,25.407182
2019-01-04 04:00:00,13.044954,13.144511,15.681774,13.811832,22.436379,13.219443,9.369145,13.101682,12.837336,12.837336,12.475896,12.047646,13.836284,13.811832,22.429737,22.393418,12.253444,13.752442,13.753131,10.729288,10.729288,12.958626,13.601736,13.234955,13.588585,13.03531,13.220133,13.121932,12.714782,8.949007,8.821591,8.68344,22.460581,13.765681,13.218782,12.746638,22.334916,22.321641,22.311913,12.746638,13.434803,14.263047,11.845125,13.184193,13.75028,22.289353,8.173106,13.003336,22.09874,22.155922,22.197085,22.27473,10.719509,22.304481,24.230462,8.173106,15.072053,8.141311,14.342535,11.728293,8.241412,14.330378,22.313774,19.664731,13.434803,13.698121,13.753131,22.289353,13.472293,13.219443,13.161488,13.293279,10.984297,14.077356,13.732526,13.219443,9.339072,9.369145,12.988931,8.516431,22.763625,15.681774,13.218782,15.517471,19.664731,8.265633,22.456751,22.429834,13.753131,10.729288,9.571869,11.532194,14.033779,8.173106,22.422593,18.775421,13.207855,13.388089,13.370601,13.277308,13.247164,13.221103,13.752442,13.758459,14.381139,8.772849,13.732526,13.766864,13.25727,19.664731,10.430277,8.241412,21.246271,8.72388,13.293279,10.430277,11.229312,11.728293,22.711525,22.418718,22.763625,19.664731,22.429792
2019-01-04 05:00:00,24.514514,24.203565,24.827931,13.573317,27.913895,19.845424,9.825467,16.3977,14.604729,14.604729,13.400003,11.972588,13.498412,13.573317,27.900115,31.255672,11.133571,13.755242,13.753131,9.927528,9.927528,15.427397,14.216891,17.703565,14.236055,15.022692,19.888132,16.248992,14.196241,7.19593,8.261251,8.77993,27.859108,13.714687,19.80456,14.302421,29.309263,28.867578,28.495753,14.302421,14.865296,12.196087,24.90307,18.510998,13.761864,27.18912,8.998417,14.955188,27.594706,27.883354,28.169114,28.113884,5.24589,29.657703,26.950599,8.998417,12.26575,9.006224,11.954716,10.711724,8.995386,11.991629,28.931091,26.206477,14.865296,13.92164,13.753131,27.18912,14.555722,19.845424,17.929453,23.738917,11.420864,12.75995,13.81625,19.845424,8.752509,9.825467,15.014758,8.983183,27.368212,24.827931,19.80456,24.771064,26.206477,8.994311,27.867778,27.887529,13.753131,9.927528,8.773911,11.173011,24.257542,8.998417,27.976499,25.898676,19.128237,14.787185,14.835254,15.477045,15.353237,15.246199,13.755242,13.736812,24.377767,8.668784,13.81625,13.711065,16.530458,26.206477,10.87362,8.995386,26.648387,8.734972,23.738917,10.87362,15.258271,10.711724,27.400638,27.49337,27.368212,26.206477,27.892883
2019-01-04 06:00:00,30.037543,29.62587,30.152246,15.551816,33.222748,24.000814,14.703787,19.592367,17.407835,17.407835,16.03781,14.414541,15.441669,15.551816,33.207813,36.90323,13.216993,15.819338,15.816234,12.463854,12.463854,18.410162,16.498196,21.214942,16.530045,17.844533,24.055831,19.388744,16.943298,9.568365,11.395015,12.370081,33.160947,15.759702,23.948171,17.064047,34.766089,34.281123,33.872751,17.064047,17.427877,13.525732,30.669923,22.289049,15.829077,32.427557,13.017977,17.774002,32.897771,33.210969,33.522222,33.455483,11.351436,35.151836,32.042002,13.017977,13.141912,13.045016,13.170425,13.117557,12.993981,13.224764,34.351615,31.492035,17.427877,16.064029,15.816234,32.427557,17.006468,24.000814,21.546966,29.010713,18.125383,14.355756,15.909051,24.000814,11.745758,14.703787,17.858918,12.897368,32.598806,30.152246,23.948171,30.096978,31.492035,12.985472,33.170727,33.193877,15.816234,12.463854,11.58359,13.651862,29.597893,13.017977,33.292703,31.192888,23.076911,17.351434,17.423075,18.305001,18.16048,18.035536,15.819338,15.792236,29.714738,12.093791,15.909051,15.754376,19.681754,31.492035,16.951727,12.993981,31.888094,12.231476,29.010713,16.951727,21.695905,13.117557,32.64061,32.76349,32.598806,31.492035,33.199806
2019-01-04 07:00:00,21.185441,20.784535,13.574892,15.627981,30.92316,19.032016,14.087128,18.124455,18.093883,18.093883,18.472834,12.912828,15.549561,15.627981,30.971259,32.369701,13.377623,15.818444,15.816234,13.246657,13.246657,18.10791,16.301759,18.2755,16.336806,17.804681,19.044929,18.030261,18.222375,12.885138,13.34988,13.611954,30.857916,15.775986,19.019661,18.188975,31.362692,31.134179,30.944304,18.188975,16.883361,14.182606,24.835326,18.6583,15.825377,32.427557,13.86012,17.85139,30.162925,30.392341,30.594335,30.694542,11.351436,31.472462,29.438675,13.86012,13.915632,13.872231,13.928403,13.904723,13.842732,13.967279,31.150191,2.397464,16.883361,15.992652,15.816234,32.427557,16.697416,19.032016,18.511394,20.185467,14.682647,14.776443,15.882315,19.032016,13.336462,14.087128,17.902798,13.772726,30.822192,13.574892,19.019661,14.035977,2.397464,13.836567,30.868241,30.983954,15.816234,13.246657,13.253315,13.043348,18.199681,13.86012,30.927432,4.893148,18.815173,16.958525,17.012751,17.432084,17.455815,17.476331,15.818444,15.799149,17.224881,13.527664,15.882315,15.772194,17.831122,2.397464,14.478375,13.842732,36.178572,13.569781,20.185467,14.478375,17.572379,13.904723,30.262976,30.215169,30.822192,2.397464,30.978553
2019-01-04 08:00:00,20.969833,20.505269,13.331975,14.683488,30.976703,17.904909,14.155748,16.228079,15.399092,15.399092,14.881035,14.267217,14.641334,14.683488,31.023763,32.657025,13.809472,14.78587,14.784683,13.537152,13.537152,15.779455,15.045675,16.844408,15.057921,15.563445,17.925843,16.150386,15.223434,12.496761,13.136742,13.474905,30.907602,14.763047,17.884879,15.269093,31.514546,31.255291,31.039526,15.269093,15.401099,13.908077,24.735203,17.253711,14.789598,32.427557,13.712381,15.5369,30.196882,30.446014,30.667645,30.763402,11.351436,31.648888,29.418922,13.712381,13.760925,13.722972,13.772093,13.751385,13.700169,13.792889,31.2758,2.288912,15.401099,14.879515,14.784683,32.427557,15.24035,17.904909,16.971474,19.811077,15.111805,14.225747,14.820204,17.904909,13.267022,14.155748,15.569357,13.651001,30.835862,13.331975,17.884879,13.787518,2.288912,13.695839,30.918537,31.035542,14.784683,13.537152,13.212996,13.981777,17.901169,13.712381,30.985458,4.754595,17.553364,15.372443,15.399875,15.736431,15.681707,15.634396,14.78587,14.775499,16.938088,13.381563,14.820204,14.761009,16.260638,2.288912,14.783864,13.700169,36.13769,13.430568,19.811077,14.783864,17.85089,13.751385,30.280262,30.240421,30.835862,2.288912,31.030532
2019-01-04 09:00:00,20.094067,19.922678,13.104994,25.357441,28.203112,20.976186,10.820048,21.968597,21.836101,21.836101,21.160058,20.359052,25.46526,25.357441,28.251435,28.694292,21.34927,25.095577,25.098615,16.960735,16.960735,21.896894,24.431075,21.87587,24.381472,22.302413,20.961438,22.092291,21.606874,12.694476,11.444145,10.54192,28.156682,25.153952,20.990298,21.666458,28.253339,28.153276,28.071393,21.666458,23.640628,27.344999,23.122085,21.393281,25.086044,29.790937,8.72178,22.2271,27.570046,27.710967,27.826775,27.935748,11.351436,28.26581,27.094189,8.72178,29.949593,8.61715,27.694641,19.652169,8.922972,27.641169,28.151782,2.288519,23.640628,24.856061,25.098615,29.790937,23.883223,20.976186,21.551599,19.666574,12.879028,26.528208,25.007761,20.976186,12.913963,10.820048,22.157455,9.733017,28.254339,13.104994,20.990298,13.551189,2.288519,8.994311,28.16403,28.266517,25.098615,16.960735,13.722529,19.030379,17.580435,8.72178,28.190798,4.703609,21.223849,23.522453,23.44753,22.894868,22.847747,22.807009,25.095577,25.122105,16.637114,10.965838,25.007761,25.159165,22.412759,2.288519,12.172769,8.922972,33.413735,10.754433,19.666574,12.172769,15.794484,19.652169,27.723236,27.650037,28.254339,2.288519,28.260101
2019-01-04 10:00:00,9.608827,9.883439,14.254013,13.872151,25.421016,11.357797,9.75357,12.241059,12.471883,12.471883,12.420161,12.358879,13.92173,13.872151,25.413693,24.200395,12.837608,13.751734,13.753131,11.478112,11.478112,12.365975,13.446167,12.006276,13.425725,12.571484,11.345991,12.307655,12.454346,10.320755,9.8122,9.472807,25.483486,13.778577,11.369094,12.458904,24.760668,24.887807,24.997449,12.458904,13.067322,14.785562,7.331853,11.711282,13.747351,25.402016,8.821604,12.555397,24.921074,24.925501,24.902015,25.060999,12.434357,24.586565,28.990633,8.821604,15.681198,8.783532,14.946106,12.348158,8.897134,14.921553,24.851888,20.992401,13.067322,13.641594,13.753131,25.402016,13.200707,11.357797,11.857068,10.293787,10.799768,14.410521,13.711352,11.357797,10.25118,9.75357,12.521641,9.201234,26.198412,14.254013,11.369094,13.976044,20.992401,8.923915,25.4736,25.418159,13.753131,11.478112,10.515783,12.014517,11.465927,8.821604,25.37473,19.487861,11.556055,13.037776,13.00394,12.709894,12.712455,12.714669,13.751734,13.763933,12.053592,9.617654,13.711352,13.780975,12.376998,20.992401,10.440907,8.897134,23.700482,9.53955,10.293787,10.440907,9.812704,12.348158,26.093709,25.533388,26.198412,20.992401,25.416259
2019-01-04 11:00:00,3.561642,3.113675,-15.312629,13.388979,22.288186,6.159132,10.406946,9.356954,10.664334,10.664334,11.220919,11.880386,13.50575,13.388979,22.429737,19.721084,13.069112,13.105371,13.108661,11.591123,11.591123,10.06447,12.385693,8.301,12.343745,10.598315,6.118174,9.539235,10.853056,10.971176,9.947242,9.345515,22.231781,13.168593,6.198322,10.804001,20.805827,21.051981,21.265448,10.804001,11.453215,15.53881,11.714446,7.414921,13.095047,27.257604,8.298111,10.608978,20.977984,21.017865,20.994333,21.3481,16.230753,20.435109,20.632339,8.298111,16.857472,8.234732,15.916303,12.677993,8.431532,15.858571,20.974401,-44.564663,11.453215,12.845967,13.108661,27.257604,11.824507,6.159132,7.949336,2.444283,13.131146,14.656959,13.010264,6.159132,10.360972,10.406946,10.524941,8.968716,23.073904,-15.312629,6.198322,-14.10594,-44.564663,8.478841,22.240707,22.483611,13.108661,11.591123,10.703515,11.76729,-3.209264,8.298111,22.182969,-38.033301,6.846938,11.44854,11.370461,10.573452,10.642909,10.702958,13.105371,13.134102,-5.760376,9.555541,13.010264,13.174239,9.498308,-44.564663,12.196707,8.431532,37.263273,9.421609,2.444283,12.196707,12.727914,12.677993,21.64604,21.326822,23.073904,-44.564663,22.460692
2019-01-04 12:00:00,1.444492,0.934387,-21.197702,14.525936,23.824897,4.957108,8.798508,9.057235,10.658224,10.658224,11.253134,11.95801,14.685668,14.525936,23.995174,20.66742,13.569056,14.137988,14.142489,11.124343,11.124343,9.923643,13.153537,7.736199,13.094636,10.641668,4.904308,9.300338,10.859941,9.759637,8.316344,7.444753,23.758424,14.224469,5.007629,10.807508,22.013474,22.318925,22.583568,10.807508,11.887862,17.467058,11.179953,6.571063,14.123865,29.808339,5.892684,10.644342,22.258226,22.299741,22.265149,22.691308,16.320991,21.560465,21.860595,5.892684,19.464875,5.799538,17.983585,12.847173,6.086102,17.904591,22.224332,-56.36593,11.887862,13.783148,14.142489,29.808339,12.381735,4.957108,7.255216,0.172144,12.461121,16.260413,14.00789,4.957108,9.034444,8.798508,10.5305,6.864846,24.781083,-21.197702,5.007629,-19.746962,-56.36593,6.154684,23.768943,24.060149,14.142489,11.124343,9.571869,11.632063,-6.646445,5.892684,23.697128,-48.513607,5.843772,11.865541,11.75834,10.693739,10.773188,10.841876,14.137988,14.177289,-9.713517,7.76422,14.00789,14.232193,9.294465,-56.36593,11.204793,6.086102,41.834084,7.56874,0.172144,11.204793,12.096465,12.847173,23.065659,22.679842,24.781083,-56.36593,24.032508
2019-01-04 13:00:00,21.138276,21.865473,12.345353,8.63728,26.679485,-1000.0,8.027598,-1.995157,2.149315,2.149315,4.812343,7.967619,8.992641,8.63728,26.762475,22.464028,11.473305,7.774198,7.78421,9.944761,9.944761,0.24771,5.584053,-13.675504,5.517428,1.27347,35.80359,-1.623491,3.052272,12.116079,8.651611,6.758221,26.700273,7.966596,-392.802806,2.817563,24.707883,25.217065,25.64894,2.817563,2.350265,15.165402,23.39631,-7.031737,7.742779,29.808339,4.271467,1.414927,26.279543,26.050613,25.791369,26.02216,14.646882,24.214988,26.786153,4.271467,17.870117,4.126482,16.308075,11.172697,4.563755,16.133322,25.122052,-3.906598,2.350265,6.984772,7.78421,29.808339,4.042931,-1000.0,-5.645753,22.952114,12.359536,12.496033,7.484764,-1000.0,8.885364,8.027598,1.261877,5.740569,27.570231,12.345353,-392.802806,13.015769,-3.906598,4.667394,26.696983,26.80062,7.78421,9.944761,9.567015,8.740642,19.069784,4.271467,26.571013,-0.27788,-21.977621,2.975283,2.753559,-0.700709,0.135281,0.858029,7.774198,7.861633,17.652428,7.326297,7.484764,7.983779,-6.839354,-3.906598,10.87362,4.563755,35.264226,6.962197,22.952114,10.87362,15.500906,11.172697,26.81961,26.561549,27.570231,-3.906598,26.784393
2019-01-04 14:00:00,21.223092,22.050275,13.419995,11.416779,25.336091,-1000.0,7.559116,-0.387002,3.895768,3.895768,6.4967,9.578402,11.808014,11.416779,25.413693,20.779353,13.428056,10.466565,10.477588,10.853634,10.853634,1.930708,8.055318,-12.22687,7.97373,3.102673,36.855632,0.031702,4.77767,12.116079,8.271576,6.12196,25.36775,10.678386,-392.173873,4.548434,23.242342,23.801252,24.274679,4.548434,4.548522,18.605866,22.927691,-5.77976,10.431974,28.310672,3.145066,3.230764,25.045658,24.774343,24.476241,24.697354,12.160384,22.718929,25.680299,3.145066,21.987813,2.971587,19.864722,12.743106,3.49335,19.672201,23.701169,-1.512385,4.548522,9.597445,10.477588,28.310672,6.336117,-1000.0,-4.295762,23.286325,12.604132,15.665085,10.147912,-1000.0,8.845526,7.559116,3.053565,4.895619,26.26659,13.419995,-392.173873,14.035977,-1.512385,3.616845,25.36274,25.450851,10.477588,10.853634,9.729783,10.076992,19.598438,3.145066,25.224047,1.8217,-20.843833,5.15036,4.904107,1.239974,2.076056,2.798885,10.466565,10.562827,18.296164,6.80088,10.147912,10.697304,-5.13147,-1.512385,10.87362,3.49335,33.319258,6.378068,23.286325,10.87362,15.542501,12.743106,25.584332,25.326937,26.26659,-1.512385,25.435044
2019-01-04 15:00:00,6.142142,6.193236,4.587494,10.120125,17.155001,7.6346,10.283355,8.822229,9.358019,9.358019,9.643963,9.982763,10.15681,10.120125,17.181004,15.67351,10.366239,10.031026,10.03206,10.184197,10.184197,9.112183,9.80493,8.408126,9.792767,9.288056,7.619579,8.88366,9.454975,10.334266,10.041047,9.884367,17.18036,10.050888,7.648972,9.429772,16.382497,16.543382,16.681317,9.429772,9.505396,10.795283,6.668877,8.098428,10.027783,18.2107,9.634945,9.299356,16.691276,16.668088,16.619214,16.772291,13.294495,16.185033,18.664277,9.634945,11.080073,9.619339,10.913775,10.368081,9.66958,10.895654,16.50339,1.9313,9.505396,9.949531,10.03206,18.2107,9.631399,7.6346,8.297606,6.269586,11.181799,10.518476,10.001147,7.6346,10.069475,10.283355,9.272212,9.809025,17.748744,4.587494,7.648972,4.697066,1.9313,9.68186,17.176347,17.195251,10.03206,10.184197,10.131133,10.06152,5.686524,9.634945,17.104643,2.524372,7.886849,9.514556,9.490291,9.222794,9.255001,9.282845,10.031026,10.040052,5.454874,9.928878,10.001147,10.052662,8.837358,1.9313,10.87362,9.66958,19.426619,9.894992,6.269586,10.87362,9.897297,10.368081,17.412386,17.067817,17.748744,1.9313,17.18919
2019-01-04 16:00:00,5.052597,5.332711,9.374853,9.237852,19.449811,7.037203,10.428273,8.166391,8.716748,8.716748,9.053172,9.451783,9.267288,9.237852,19.44578,17.519375,9.769137,9.166359,9.167188,9.894929,9.894929,8.464228,8.984941,7.754795,8.976158,8.613206,7.023076,8.219693,8.83082,10.34744,10.139575,10.045019,19.522133,9.182296,7.050721,8.801169,18.50056,18.723213,18.913134,8.801169,8.738253,9.779367,2.893444,7.476125,9.163756,19.591005,9.921576,8.629928,19.048093,18.985811,18.897648,19.061572,14.167162,18.254734,23.081135,9.921576,9.883181,9.913199,9.874347,9.890726,9.942354,9.859821,18.674427,15.57583,8.738253,9.100968,9.167188,19.591005,8.848369,7.037203,7.666075,5.751282,11.190211,9.557488,9.142384,7.037203,10.064585,10.428273,8.607434,10.026011,20.316235,9.374853,7.050721,9.119053,15.57583,9.949722,19.510689,19.452858,9.167188,9.894929,10.0698,9.625044,6.809127,9.921576,19.39138,14.191282,7.274438,8.75584,8.736623,8.505511,8.541356,8.572345,9.166359,9.173602,7.349923,10.060057,9.142384,9.183719,8.150331,15.57583,10.928856,9.942354,18.076299,10.040755,5.751282,10.928856,8.828723,9.890726,20.210995,19.655324,20.316235,15.57583,19.449847
2019-01-04 17:00:00,10.201464,10.353282,13.704206,10.952251,22.436482,10.717385,11.0793,10.837898,10.896636,10.896636,10.932541,10.975083,10.955393,10.952251,22.429737,21.787798,11.008953,10.944621,10.94471,11.022378,11.022378,10.869685,10.925259,10.79397,10.924322,10.885585,10.715877,10.843587,10.90881,11.070673,11.048488,11.038397,22.479187,10.946322,10.718827,10.905646,22.052456,22.112513,22.165034,10.905646,10.898931,11.010045,8.575417,10.764229,10.944343,22.359669,11.025222,10.88737,22.035282,22.061795,22.0671,22.182133,11.892896,21.949625,25.049685,11.025222,11.021125,11.024328,11.020182,11.02193,11.02744,11.018631,22.090626,18.940285,10.898931,10.937642,10.94471,22.359669,10.910683,10.717385,10.784502,10.580143,11.160619,10.986365,10.942062,10.717385,11.040485,11.0793,10.884969,11.036368,22.977605,13.704206,10.718827,13.48821,18.940285,11.028226,22.472429,22.432043,10.94471,11.022378,11.041042,10.993575,11.537718,11.025222,22.406734,17.771179,10.742704,10.900808,10.898757,10.874091,10.877917,10.881224,10.944621,10.945394,11.994364,11.040002,10.942062,10.946474,10.836184,18.940285,11.132725,11.02744,21.025803,11.037942,10.580143,11.132725,10.424799,11.02193,22.902544,22.488139,22.977605,18.940285,22.431062
2019-01-04 18:00:00,31.784725,31.261194,32.013638,14.478397,36.336446,13.455933,8.927269,19.222663,16.323179,16.323179,14.394658,12.109659,14.350809,14.478397,36.314802,41.745101,10.695006,14.788278,14.784683,8.946171,8.946171,17.653547,15.574625,21.485002,15.607524,16.984477,24.138049,18.977664,15.669272,4.733866,6.49636,7.36472,36.245395,14.719199,31.174062,15.839245,38.603523,37.890627,37.290338,15.839245,16.677422,12.132442,32.556308,22.664701,14.799558,35.178103,7.802224,16.877672,35.855314,36.316172,36.774023,36.676659,1.256576,39.170162,34.595532,7.802224,12.120953,7.820136,11.721276,10.076678,7.785759,11.784157,37.994153,33.851701,16.677422,15.071712,14.784683,35.178103,16.15247,13.455933,21.717509,30.478887,11.215002,13.092954,14.892196,13.455933,7.225272,8.927269,16.976489,7.719469,35.420343,32.013638,31.174062,31.937815,33.851701,7.779921,36.259803,36.294425,14.784683,8.946171,7.226361,10.872799,31.253119,7.802224,36.439117,33.441301,23.895454,16.547052,16.628997,17.717875,17.509606,17.329548,14.788278,14.756885,31.413419,7.170592,14.892196,14.71303,19.500181,33.851701,10.430277,7.785759,34.407651,7.286502,30.478887,10.430277,17.289326,10.076678,35.478535,35.658572,35.420343,33.851701,36.303093
2019-01-04 19:00:00,25.861493,25.767184,26.070794,24.381967,27.695456,24.390612,8.984332,23.150502,21.939708,21.939708,20.614001,19.043242,24.430282,24.381967,27.686193,30.143367,19.394686,24.264622,24.265984,14.829127,14.829127,22.495256,23.96685,23.867257,23.935279,22.601855,24.403831,23.167586,21.490199,9.515774,8.978381,8.449041,27.653843,24.290781,24.377963,21.607042,28.719868,28.396844,28.124869,21.607042,23.67327,25.274808,25.934453,23.939413,24.260351,27.18912,6.970497,22.494913,27.471462,27.681091,27.889096,27.846277,6.671515,28.975912,26.89747,6.970497,27.601072,6.883979,25.432425,17.612982,7.139986,25.40832,28.443584,26.673561,23.67327,24.157292,24.265984,27.18912,23.695831,24.390612,23.722318,25.62626,11.185209,24.906604,24.225271,24.390612,10.563671,8.984332,22.470537,7.822387,27.282259,26.070794,24.377963,26.045929,26.673561,7.200084,27.660429,27.677149,24.265984,14.829127,11.299221,17.395608,25.821393,6.970497,27.741695,26.538976,24.168613,23.522453,23.486447,23.396287,23.27955,23.178626,24.264622,24.27651,25.873961,8.772804,24.225271,24.293117,23.619113,26.673561,10.430277,7.139986,26.879505,8.622141,25.62626,10.430277,15.383251,17.612982,27.302919,27.383454,27.282259,26.673561,27.680997
2019-01-04 20:00:00,25.805767,25.696119,26.011523,23.698859,27.711236,24.113697,8.963461,22.719815,21.460893,21.460893,20.131665,18.556734,23.739598,23.698859,27.701665,30.227721,18.834003,23.599912,23.60106,14.447132,14.447132,22.038524,23.348828,23.480912,23.320276,22.112884,24.128942,22.726296,21.01019,9.248547,8.819364,8.358837,27.668493,23.621969,24.09911,21.127343,28.764492,28.432452,28.152883,21.127343,23.113809,24.452164,25.905364,23.601362,23.59631,27.18912,6.979846,22.007582,27.481522,27.69693,27.910692,27.866563,6.556554,29.027745,26.891791,6.979846,26.651022,6.898702,24.585262,17.129163,7.139986,24.564907,28.480511,26.651573,23.113809,23.50941,23.60106,27.18912,23.115028,24.113697,23.358775,25.532272,11.196106,24.141237,23.566731,24.113697,10.347048,8.963461,21.988441,7.784745,27.286336,26.011523,24.09911,25.98512,26.651573,7.196769,27.675257,27.692353,23.60106,14.447132,11.041042,16.949963,25.746695,6.979846,27.75879,26.508663,23.857688,22.966413,22.935549,22.892076,22.77388,22.671694,23.599912,23.609936,25.802514,8.655182,23.566731,23.623939,23.170667,26.651573,10.430277,7.139986,26.867352,8.517896,25.532272,10.430277,15.382766,17.129163,27.308081,27.390956,27.286336,26.651573,27.696315
2019-01-04 21:00:00,12.096422,12.31874,15.974155,15.958715,25.421045,13.455933,8.881261,14.079953,14.060122,14.060122,13.735142,13.35009,16.018068,15.958715,25.413693,24.762681,13.89945,15.814562,15.816234,11.603486,11.603486,14.069221,15.448761,13.993932,15.421887,14.295919,13.446899,14.149814,13.949931,9.317976,8.746607,8.32729,25.466711,15.846697,13.464576,13.978573,25.021772,25.080566,25.132216,13.978573,15.010833,17.052742,10.207031,13.71497,15.809314,25.33383,7.384992,14.257836,24.975127,25.008911,25.019364,25.144769,11.351436,24.914489,28.257819,7.384992,18.4194,7.329222,17.245173,13.064919,7.497176,17.215744,25.057558,21.618677,15.010833,15.682711,15.816234,25.33383,15.148352,13.455933,13.815407,12.650947,10.647365,16.603209,15.76622,13.455933,9.509539,8.881261,14.219183,7.948853,26.004734,15.974155,13.464576,15.74131,21.618677,7.536954,25.459484,25.416101,15.816234,11.603486,9.916773,12.667203,13.638669,7.384992,25.389385,20.358374,13.607626,14.950293,14.909161,14.597662,14.576133,14.55752,15.814562,15.829166,14.130936,8.528033,15.76622,15.849567,14.312025,21.618677,10.041566,7.497176,23.884789,8.422303,12.650947,10.041566,10.522034,13.064919,25.920766,25.468911,26.004734,21.618677,25.415077
2019-01-04 22:00:00,11.716979,11.642125,8.03314,14.921427,25.376777,12.406865,8.787596,13.101921,13.148606,13.148606,12.895084,12.5947,14.97839,14.921427,25.413693,24.953784,13.127208,14.783078,14.784683,11.072023,11.072023,13.127186,14.432005,12.976084,14.406746,13.349044,12.397064,13.171158,13.062644,9.04506,8.530098,8.155859,25.371905,14.813919,12.416243,13.084988,25.006295,25.018211,25.031334,13.084988,14.008249,15.97128,13.287524,12.691893,14.778041,26.712121,7.297896,13.316671,24.662444,24.755573,24.815917,24.980782,10.610604,24.909543,26.176256,7.297896,17.212733,7.246634,16.15591,12.400038,7.402533,16.127673,24.995624,2.288519,14.008249,14.656536,14.784683,26.712121,14.145148,12.406865,12.804726,11.530271,10.613112,15.539972,14.736682,12.406865,9.208411,8.787596,13.279184,7.823822,25.814799,8.03314,12.416243,8.270114,2.288519,7.439635,25.372676,25.428942,14.784683,11.072023,9.571869,11.999364,10.410043,7.297896,25.340791,3.571171,12.571456,13.955731,13.916394,13.608448,13.593244,13.580099,14.783078,14.797093,9.909046,8.333102,14.736682,14.816673,13.309263,2.288519,9.986934,7.402533,28.917132,8.237195,11.530271,9.986934,11.374323,12.400038,25.334473,25.013356,25.814799,2.288519,25.422455
2019-01-04 23:00:00,11.683863,11.732371,13.82072,11.10841,19.451565,11.357797,8.524983,10.927258,10.568935,10.568935,10.206513,9.777098,11.116933,11.10841,19.44578,19.481616,9.827496,11.087709,11.08795,8.695409,8.695409,10.733344,11.03518,11.149015,11.028436,10.742707,11.362622,10.925452,10.446048,7.102991,7.297023,7.361419,19.470311,11.092324,11.353181,10.477991,19.396301,19.376941,19.36182,10.477991,10.99101,11.266191,10.764476,11.197996,11.086956,19.314194,7.087781,10.714642,19.171148,19.223209,19.262199,19.324215,10.415233,19.378343,20.897865,7.087781,11.789104,7.067536,11.294114,9.512321,7.139986,11.289844,19.371784,17.138692,10.99101,11.068775,11.08795,19.314194,10.984162,11.357797,11.123493,11.804855,10.750223,11.200961,11.080767,11.357797,7.684805,8.524983,10.7112,7.350177,19.70756,13.82072,11.353181,13.683848,17.138692,7.158497,19.467345,19.44558,11.08795,8.695409,7.811405,9.354179,12.44787,7.087781,19.441584,16.397859,11.276781,10.952104,10.945446,10.949338,10.916725,10.88853,11.087709,11.089807,12.737236,7.37125,11.080767,11.092736,11.043809,17.138692,9.986934,7.139986,18.445668,7.357192,11.804855,9.986934,10.75428,9.512321,19.666761,19.429942,19.70756,17.138692,19.445665
2019-01-05 00:00:00,8.521428,8.683789,11.288827,10.844523,17.916095,9.545343,9.651478,10.071173,10.258366,10.258366,10.306071,10.362593,10.867419,10.844523,17.912116,17.071122,10.590134,10.788914,10.789559,10.14423,10.14423,10.172476,10.6478,9.909669,10.639014,10.27264,9.538503,10.104612,10.274541,9.831982,9.61547,9.47959,17.955463,10.80131,9.551888,10.270337,17.473006,17.564202,17.64254,10.270337,10.468602,11.266191,7.166945,9.75325,10.786889,17.927471,9.230179,10.270335,17.627395,17.62024,17.596456,17.693607,11.351436,17.356836,20.091506,9.230179,11.596356,9.215371,11.340266,10.444477,9.260367,11.328937,17.54052,15.306743,10.468602,10.73805,10.789559,17.927471,10.536231,9.545343,9.840738,8.926404,10.162077,11.093147,10.770265,9.545343,9.75275,9.651478,10.254267,9.381909,18.400839,11.288827,9.551888,11.123082,15.306743,9.271071,17.949233,17.915203,10.789559,10.14423,9.845329,10.277218,9.626368,9.230179,17.886232,14.409627,9.660208,10.461808,10.446352,10.299535,10.307411,10.31422,10.788914,10.794547,9.976777,9.532644,10.770265,10.802417,10.115081,15.306743,9.986934,9.260367,16.921075,9.501854,8.926404,9.986934,9.30958,10.444477,18.33743,17.998153,18.400839,15.306743,17.91389
2019-01-05 01:00:00,8.660319,8.695695,6.253226,13.915765,19.416142,10.335789,9.028875,11.665967,12.065605,12.065605,12.069748,12.074658,13.983513,13.915765,19.44578,18.312194,12.735565,13.751222,13.753131,11.068016,11.068016,11.882239,13.333682,11.289676,13.306432,12.168551,10.318206,11.759771,12.06701,9.718803,9.043061,8.601095,19.429019,13.787902,10.352613,12.066645,18.798643,18.90903,19.004471,12.066645,12.811576,15.16373,9.547842,10.865485,13.745232,20.555352,7.764897,12.151924,18.909639,18.919747,18.903773,19.050846,11.892896,18.640531,20.506243,7.764897,16.300355,7.715774,15.383034,12.150758,7.8632,15.349495,18.876184,2.263225,12.811576,13.600722,13.753131,20.555352,13.000141,10.335789,11.085764,8.748557,10.487139,14.651417,13.696043,10.335789,9.574508,9.028875,12.105298,8.258991,19.918664,6.253226,10.352613,6.417819,2.263225,7.898057,19.426981,19.460067,13.753131,11.068016,9.90512,11.681081,7.904135,7.764897,19.372666,3.154108,10.631056,12.778363,12.732305,12.318987,12.329481,12.338554,13.751222,13.767891,7.556161,8.78456,13.696043,13.791178,11.831999,2.263225,9.986934,7.8632,22.161956,8.683351,8.748557,9.986934,10.219789,12.150758,19.546562,19.24222,19.918664,2.263225,19.453989
2019-01-05 02:00:00,8.571236,8.610679,6.212368,13.9182,19.416242,10.28254,8.968822,11.634412,12.041249,12.041249,12.046533,12.052794,13.986962,13.9182,19.44578,18.289975,12.723695,13.751194,13.753131,11.033919,11.033919,11.85458,13.327401,11.251687,13.299754,12.145258,10.264673,11.729661,12.04304,9.667853,8.982269,8.534,19.42988,13.788423,10.299636,12.042575,18.788599,18.901748,18.99953,12.042575,12.797414,15.184849,9.433118,10.82084,13.745114,20.554812,7.686055,12.12846,18.9084,18.917211,18.89979,19.048042,11.892896,18.627884,20.538854,7.686055,16.337236,7.636238,15.407436,12.131343,7.785759,15.373395,18.868403,2.288912,12.797414,13.59844,13.753131,20.554812,12.988893,10.28254,11.044722,8.669619,10.449335,14.664868,13.695188,10.28254,9.520687,8.968822,12.081128,8.187191,19.92649,6.212368,10.299636,6.374216,2.288912,7.821112,19.427722,19.460116,13.753131,11.033919,9.855804,11.654434,7.835743,7.686055,19.372215,3.164937,10.582579,12.763807,12.717062,12.297389,12.308141,12.317437,13.751194,13.768112,7.493572,8.720003,13.695188,13.791748,11.802646,2.288912,9.941498,7.785759,22.143447,8.617358,8.669619,9.941498,10.160091,12.131343,19.554533,19.245791,19.92649,2.288912,19.454018
2019-01-05 03:00:00,9.224863,9.475204,12.343399,14.934438,19.448993,11.357797,9.007772,12.609176,12.932579,12.932579,12.85359,12.76,15.005163,14.934438,19.44578,18.232195,13.442429,14.762666,14.764659,11.489895,11.489895,12.784192,14.326779,12.278123,14.297572,13.076965,11.341057,12.703978,12.905796,9.822775,9.095995,8.61034,19.49751,14.800957,11.373815,12.912757,18.83892,18.9766,19.094271,12.912757,13.786672,16.237416,7.587642,11.858787,14.756413,19.525025,7.677675,13.053645,19.147969,19.117204,19.067892,19.181913,12.326313,18.680365,21.96891,7.677675,17.521096,7.623165,16.466433,12.738389,7.785759,16.431409,18.944868,16.682183,13.786672,14.605553,14.764659,19.525025,13.976504,11.357797,12.065282,9.849285,10.498158,15.702415,14.705062,11.357797,9.726955,9.007772,13.005526,8.220928,20.038026,12.343399,11.373815,12.164418,16.682183,7.824083,19.489832,19.45031,14.764659,11.489895,10.106562,12.263414,10.548177,7.677675,19.41035,15.713424,11.638913,13.744028,13.695748,13.277099,13.280265,13.283002,14.762666,14.780068,10.926569,8.817969,14.705062,14.804377,12.804463,16.682183,9.986934,7.785759,18.448342,8.70617,9.849285,9.986934,9.669745,12.738389,19.962431,19.573256,20.038026,16.682183,19.448383
2019-01-05 04:00:00,9.317601,9.326141,6.640197,13.897644,22.396776,10.733562,9.46787,11.900996,12.246172,12.246172,12.24103,12.234937,13.957843,13.897644,22.429737,21.379981,12.82141,13.751435,13.753131,11.317236,11.317236,12.087795,13.380417,11.573174,13.356123,12.341558,10.71811,11.984018,12.244429,10.090962,9.48825,9.092958,22.408271,13.784028,10.748348,12.244882,21.788052,21.880652,21.961568,12.244882,12.917008,15.00658,10.355489,11.198734,13.746112,23.652388,8.343603,12.326152,21.773428,21.80984,21.815265,21.983927,11.892896,21.631328,23.648378,8.343603,16.026848,8.299611,15.201458,12.291856,8.431532,15.171654,21.847342,2.288519,12.917008,13.617704,13.753131,23.652388,13.083819,10.733562,11.391985,9.338903,10.76027,14.55133,13.702404,10.733562,9.96855,9.46787,12.28478,8.785552,22.947381,6.640197,10.748348,6.81971,2.288519,8.46271,22.406452,22.445281,13.753131,11.317236,10.265976,11.876135,8.440754,8.343603,22.350882,3.260157,10.993058,12.88665,12.845703,12.479796,12.488296,12.495645,13.751435,13.766247,8.061238,9.257686,13.702404,13.786939,12.050854,2.288519,10.316958,8.431532,25.430086,9.167103,9.338903,10.316958,10.645058,12.291856,22.517565,22.161993,22.947381,2.288519,22.438668
2019-01-05 05:00:00,11.167275,11.119976,7.723219,14.924432,25.376657,12.14182,9.444743,13.033959,13.205919,13.205919,13.057192,12.880973,14.982647,14.924432,25.413693,24.717766,13.435142,14.783043,14.784683,11.615251,11.615251,13.127019,14.424255,12.823527,14.399449,13.361858,12.129664,13.108855,13.15549,9.941703,9.374127,8.981599,25.377896,14.814561,12.153452,13.168598,24.901199,24.942824,24.981071,13.168598,13.984644,15.997119,12.598266,12.501969,14.777895,26.740838,8.166742,13.336673,24.658115,24.735664,24.77936,24.95422,11.351436,24.77779,26.404237,8.166742,17.145276,8.11863,16.185705,12.784879,8.263443,16.156864,24.915196,2.288912,13.984644,14.65372,14.784683,26.740838,14.133848,12.14182,12.648364,11.049298,10.944827,15.556569,14.735628,12.14182,9.968485,9.444743,13.297624,8.65278,25.880405,7.723219,12.153452,7.947392,2.288912,8.297731,25.3777,25.429738,14.784683,11.615251,10.306456,12.386101,9.971726,8.166742,25.335232,3.502278,12.345959,13.941532,13.901593,13.569885,13.564665,13.560152,14.783043,14.797366,9.497792,9.157003,14.735628,14.817376,13.216768,2.288912,10.430277,8.263443,28.873559,9.062369,11.049298,10.430277,11.415441,12.784879,25.396045,25.043439,25.880405,2.288912,25.422912
2019-01-05 06:00:00,17.345345,16.995809,11.216071,13.741753,25.375778,15.224009,9.534601,14.078501,13.331291,13.331291,12.692116,11.934793,13.737014,13.741753,25.413693,26.746702,11.830909,13.753265,13.753131,10.324065,10.324065,13.674133,13.782475,14.578514,13.778545,13.607179,15.237625,14.047986,13.114565,8.111491,8.40194,8.49361,25.319764,13.750699,15.21098,13.170899,25.816072,25.604891,25.429115,13.170899,13.856874,13.655815,20.328707,14.78835,13.753684,26.543341,8.194448,13.562621,24.745166,24.94748,25.127595,25.204596,8.510697,25.926049,24.113898,8.194448,14.273817,8.173128,13.641059,11.335951,8.246999,13.643315,25.621728,2.288912,13.856874,13.763793,13.753131,26.543341,13.789869,15.224009,14.593011,16.473503,11.572725,13.690288,13.757125,15.224009,8.936918,9.534601,13.570151,8.458581,25.259588,11.216071,15.21098,11.584329,2.288912,8.265633,25.328628,25.423142,13.753131,10.324065,9.106853,11.305031,14.909785,8.194448,25.383127,4.282158,14.995352,13.798068,13.79977,13.927068,13.866602,13.814327,13.753265,13.752098,14.131234,8.51305,13.757125,13.750469,14.23528,2.288912,10.87362,8.246999,29.535112,8.50084,16.473503,10.87362,14.064919,11.335951,24.811406,24.779755,25.259588,2.288912,25.419123
2019-01-05 07:00:00,27.380483,27.033053,27.573668,15.644204,30.650147,22.239404,9.270685,18.432902,16.37036,16.37036,14.909392,13.178371,15.572542,15.644204,30.634466,34.601356,12.347846,15.818254,15.816234,10.410341,10.410341,17.316715,16.259919,19.91089,16.275437,16.906878,22.286242,18.279069,15.874987,6.791234,7.792313,8.235651,30.583532,15.779454,22.194588,16.003752,32.305921,31.785034,31.346431,16.003752,16.898539,14.327251,27.876311,20.770336,15.82459,29.808339,8.238621,16.820226,30.297131,30.634062,30.968731,30.897909,3.759109,32.719769,29.375878,8.238621,14.746303,8.23414,14.09661,11.625176,8.258562,14.131883,31.860635,28.86017,16.898539,15.97745,15.816234,29.808339,16.576389,22.239404,20.127113,26.513892,11.035703,14.866045,15.876621,22.239404,8.542446,9.270685,16.879278,8.338851,29.981251,27.573668,22.194588,27.520598,28.86017,8.265633,30.594074,30.619624,15.816234,10.410341,8.679841,12.096127,27.041364,8.238621,30.725095,28.572922,21.452859,16.794301,16.839556,17.501055,17.353773,17.226442,15.818254,15.800621,27.153561,8.175271,15.876621,15.775989,18.641198,28.86017,10.430277,8.258562,29.255095,8.220019,26.513892,10.430277,15.829005,11.625176,30.022369,30.153659,29.981251,28.86017,30.625938
2019-01-05 08:00:00,27.294021,26.922813,27.481729,14.58439,30.674641,21.810077,9.240985,17.765274,15.628401,15.628401,14.162377,12.425364,14.500954,14.58439,30.658484,34.73232,11.479596,14.787034,14.784683,9.820857,9.820857,16.608861,15.301259,19.311869,15.321472,16.148951,21.860054,17.594977,15.131314,6.381996,7.550618,8.100576,30.606272,14.74186,21.762257,15.260524,32.375198,31.840313,31.389921,15.260524,16.030867,13.050576,27.83113,20.246253,14.794411,29.808339,8.258383,16.064878,30.312744,30.658648,31.002255,30.929399,3.579208,32.800239,29.367054,8.258383,13.271221,8.262271,12.781828,10.876524,8.263735,12.822928,31.917963,28.826055,16.030867,14.972383,14.784683,29.808339,15.675583,21.810077,19.563529,26.368121,11.05121,13.67839,14.85499,21.810077,8.210865,9.240985,16.132062,8.285284,29.987578,27.481729,21.762257,27.426274,28.826055,8.265633,30.617091,30.643224,14.784683,9.820857,8.283631,11.407055,26.925499,8.258383,30.751633,28.525895,20.970809,15.931986,15.985235,16.719228,16.569717,16.440459,14.787034,14.766505,27.04274,7.997669,14.85499,14.737826,17.94586,28.826055,10.430277,8.263735,29.236237,8.063187,26.368121,10.430277,15.827238,10.876524,30.030378,30.165301,29.987578,28.826055,30.649716
2019-01-05 09:00:00,17.880383,17.565593,11.583703,16.095622,25.943428,16.344717,9.363756,15.609472,14.95304,14.95304,14.26392,13.44742,16.116097,16.095622,25.98331,27.164439,13.584873,16.045892,16.046469,11.326549,11.326549,15.25423,15.919698,16.007608,15.905156,15.290057,16.352787,15.61194,14.719379,8.487681,8.468576,8.353537,25.8889,16.056978,16.336995,14.780115,26.316654,26.124272,25.964391,14.780115,15.802828,16.474273,20.872341,16.074083,16.044082,27.18912,7.695181,15.235626,25.31013,25.502364,25.671806,25.754709,8.858973,26.409865,24.703954,7.695181,17.58053,7.653582,16.541187,12.794451,7.785759,16.530953,26.137943,2.288519,15.802828,16.000406,16.046469,27.18912,15.801667,16.344717,15.94623,17.095207,11.661924,16.317958,16.029215,16.344717,9.24973,9.363756,15.226146,8.150448,25.856284,11.583703,16.336995,11.967142,2.288519,7.817876,25.897529,25.993784,16.046469,11.326549,9.571869,12.618203,15.429691,7.695181,25.947343,4.363937,16.209193,15.726733,15.711171,15.692564,15.631191,15.578131,16.045892,16.05093,14.619045,8.461267,16.029215,16.057968,15.841618,2.288519,10.87362,7.785759,30.30263,8.404526,17.095207,10.87362,14.283463,12.794451,25.391908,25.352832,25.856284,2.288519,25.989329
2019-01-05 10:00:00,12.298856,12.24969,8.420302,16.774375,22.394482,13.455933,9.654464,14.496578,14.678874,14.678874,14.476548,14.236824,16.844713,16.774375,22.429737,21.910281,14.904352,16.603542,16.605524,12.647984,12.647984,14.595231,16.17004,14.259102,16.139861,14.877312,13.441684,14.586222,14.610271,10.605784,9.851266,9.332215,22.3866,16.641624,13.469567,14.628103,22.035582,22.064016,22.090426,14.628103,15.640225,18.07049,13.903634,13.876962,16.597323,23.656807,8.315927,14.845263,21.834225,21.896122,21.932028,22.065701,11.351436,21.943254,22.754726,8.315927,19.491414,8.256919,18.298367,14.065208,8.431532,18.263517,22.043225,2.288912,15.640225,16.447289,16.605524,23.656807,15.818593,13.455933,14.04747,12.176221,11.08923,17.53815,16.546254,13.455933,10.591919,9.654464,14.798234,8.896985,22.736409,8.420302,13.469567,8.67323,2.288912,8.472523,22.387848,22.443905,16.605524,12.647984,11.020652,13.61562,10.957234,8.315927,22.362921,3.657922,13.695215,15.585971,15.537661,15.140361,15.131938,15.124656,16.603542,16.620849,10.422507,9.56263,16.546254,16.645025,14.723419,2.288912,10.597085,8.431532,25.895025,9.442316,12.176221,10.597085,11.890287,14.065208,22.313024,22.084239,22.736409,2.288912,22.437878
2019-01-05 11:00:00,3.219131,2.658867,-18.618511,12.986063,25.251453,5.61472,10.019976,8.880645,10.21901,10.21901,10.792403,11.471785,13.104902,12.986063,25.413693,22.691263,12.6822,12.69743,12.700778,11.195673,11.195673,9.604929,11.965,7.800832,11.922372,10.148744,5.572902,9.066417,10.413431,10.586303,9.546006,8.93564,25.17921,12.761772,5.654734,10.362895,23.707865,23.938555,24.13998,10.362895,11.015588,15.173971,12.721026,6.897094,12.686923,30.916881,7.874656,10.160093,23.697826,23.779111,23.786745,24.188924,15.625229,23.321809,23.20166,7.874656,16.507902,7.810424,15.558146,12.291949,8.009986,15.499393,23.856619,-52.345617,11.015588,12.43343,12.700778,30.916881,11.394044,5.61472,7.442935,1.821673,12.795109,14.276509,12.600637,5.61472,9.960716,10.019976,10.07452,8.554855,26.091379,-18.618511,5.654734,-17.227219,-52.345617,8.057972,25.190642,25.474517,12.700778,11.195673,10.306456,11.363831,-4.663534,7.874656,25.137452,-44.815066,6.316975,11.011495,10.932048,10.119848,10.191186,10.25286,12.69743,12.72667,-7.604924,9.148045,12.600637,12.767518,9.022674,-52.345617,11.843199,8.009986,42.442911,9.012252,1.821673,11.843199,12.774023,12.291949,24.442608,24.086728,26.091379,-52.345617,25.448642
2019-01-05 12:00:00,0.582817,0.049437,-21.742429,12.040972,22.744189,3.604283,8.789922,7.352891,8.895123,8.895123,9.562825,10.353949,12.176569,12.040972,22.911561,19.717725,11.736254,11.711641,11.715461,10.074317,10.074317,8.187502,10.875935,6.110841,10.827419,8.808986,3.556308,7.565362,9.121522,9.420797,8.237261,7.544751,22.677318,11.785055,3.650189,9.062673,20.995053,21.284908,21.536307,9.062673,9.791852,14.537359,10.23205,5.075875,11.699652,28.619395,6.343809,8.822898,21.193776,21.241762,21.214745,21.632966,15.609688,20.557616,20.782747,6.343809,16.043695,6.271041,14.975693,11.306085,6.49734,14.908657,21.193339,-56.333078,9.791852,11.410415,11.715461,28.619395,10.224807,3.604283,5.702472,-0.747585,11.961525,13.513379,11.6012,3.604283,8.698145,8.789922,8.725169,7.115486,23.671819,-21.742429,3.650189,-20.315514,-56.333078,6.551778,22.6879,22.975241,11.715461,10.074317,9.087068,10.244619,-7.430151,6.343809,22.619933,-48.609716,4.409942,9.78847,9.697853,8.769056,8.85171,8.923169,11.711641,11.745004,-10.446852,7.784505,11.6012,11.791612,7.511399,-56.333078,10.87362,6.49734,40.451596,7.630556,-0.747585,10.87362,11.469268,11.306085,21.983206,21.605992,23.671819,-56.333078,22.948151
2019-01-05 13:00:00,3.480737,3.097737,-12.476369,11.587013,19.32618,5.61472,9.402254,8.277005,9.377218,9.377218,9.859166,10.4302,11.682662,11.587013,19.44578,17.16803,11.406254,11.354706,11.357401,10.261781,10.261781,8.872408,10.765206,7.39275,10.731083,9.311602,5.580666,8.427291,9.540632,9.834806,9.002756,8.517457,19.278307,11.406492,5.647305,9.498155,18.078116,18.284635,18.463771,9.498155,9.999854,13.34792,10.380488,6.659604,11.346249,23.5241,7.678178,9.3222,18.217684,18.252391,18.233492,18.532304,14.242081,17.76599,17.922799,7.678178,14.397705,7.627273,13.657106,11.115118,7.785759,13.609821,18.219284,-37.195303,9.999854,11.142224,11.357401,23.5241,10.306179,5.61472,7.104686,2.525425,11.643677,12.625637,11.276802,5.61472,9.317844,9.402254,9.25319,8.218903,19.988329,-12.476369,5.647305,-11.456677,-37.195303,7.823905,19.285883,19.491273,11.357401,10.261781,9.587654,10.364351,-2.248627,7.678178,19.237467,-31.676087,6.186592,9.998516,9.934622,9.277769,9.337097,9.388389,11.354706,11.37824,-4.404401,8.68446,11.276802,11.411117,8.385927,-37.195303,10.874837,7.785759,31.979777,8.576674,2.525425,10.874837,11.284139,11.115118,18.781546,18.512115,19.988329,-37.195303,19.47192
2019-01-05 14:00:00,-1.538053,-2.177143,-26.998485,10.070504,23.830957,1.460063,8.789922,5.437188,7.159186,7.159186,8.002818,9.002392,10.202963,10.070504,24.021304,20.46741,10.369976,9.748794,9.752526,9.23283,9.23283,6.369083,8.932428,4.081985,8.886783,6.990241,1.409487,5.651917,7.445238,9.18852,8.08141,7.460675,23.75335,9.82051,1.508456,7.370883,21.87359,22.192685,22.469726,7.370883,7.862088,12.50871,9.516938,3.017003,9.737083,30.506439,6.424721,7.017527,22.057069,22.118938,22.095309,22.570264,15.962306,21.384073,21.569111,6.424721,13.757109,6.361053,12.936724,10.164627,6.562153,12.871266,22.089979,-66.360395,7.862088,9.454539,9.752526,30.506439,8.301144,1.460063,3.682998,-3.132126,11.961525,11.508837,9.640909,1.460063,8.356675,8.789922,6.920782,7.115486,24.873489,-26.998485,1.508456,-25.374749,-66.360395,6.610884,23.765631,24.093536,9.752526,9.23283,8.657423,9.092489,-10.712043,6.424721,23.690996,-57.571712,2.309384,7.877096,7.789031,6.852258,6.950892,7.036166,9.748794,9.781385,-14.144852,7.65789,9.640909,9.826915,5.541584,-66.360395,10.87362,6.562153,43.974734,7.521616,-3.132126,10.87362,11.265728,10.164627,22.950576,22.523631,24.873489,-66.360395,24.062808
2019-01-05 15:00:00,-3.549119,-4.29367,-33.799167,10.942288,26.546561,0.227535,8.257705,5.095604,7.159186,7.159186,8.122148,9.263108,11.110295,10.942288,26.77297,22.508124,10.988044,10.534242,10.538976,9.273637,9.273637,6.212354,9.49879,3.456097,9.439918,6.992346,0.165463,5.363944,7.485699,8.885059,7.453402,6.634893,26.454999,10.625204,0.28693,7.400827,24.203049,24.587666,24.921454,7.400827,8.147555,14.035056,9.561244,2.135503,10.519388,34.489716,5.244166,7.019292,24.441723,24.511807,24.480291,25.045552,17.069339,23.616963,23.871176,5.244166,15.74329,5.159263,14.578033,10.607375,5.425499,14.494994,24.464814,-80.607239,8.147555,10.161019,10.538976,34.489716,8.695419,0.227535,2.950074,-5.406245,12.239396,12.766621,10.397404,0.227535,7.900422,8.257705,6.897299,6.155587,27.792578,-33.799167,0.28693,-31.868266,-80.607239,5.489797,26.469488,26.858977,10.538976,9.273637,8.326177,9.267225,-14.431791,5.244166,26.379434,-70.155985,1.269927,8.156345,8.044392,6.872708,6.987802,7.087306,10.534242,10.57558,-18.513991,6.90573,10.397404,10.633328,5.256238,-80.607239,10.87362,5.425499,50.503901,6.724988,-5.406245,10.87362,11.47712,10.607375,25.506568,24.997752,27.792578,-80.607239,26.822389
2019-01-05 16:00:00,-2.227416,-2.903594,-29.65565,10.861039,25.064196,1.181242,8.511986,5.584756,7.454551,7.454551,8.330565,9.368507,11.012595,10.861039,25.269466,21.405559,10.925213,10.492945,10.497215,9.397317,9.397317,6.596634,9.558877,4.100336,9.505836,7.300794,1.125105,5.827098,7.751582,9.069567,7.779968,7.043738,24.981127,10.575,1.234957,7.674374,22.940605,23.288942,23.591254,7.674374,8.339509,13.65097,9.66175,2.906975,10.479545,32.265519,5.794442,7.325627,23.155502,23.219299,23.190974,23.703436,16.480426,22.409518,22.637503,5.794442,15.183392,5.718136,14.140776,10.590055,5.957539,14.065869,23.17761,-72.094295,8.339509,10.156265,10.497215,32.265519,8.834348,1.181242,3.643856,-3.913998,12.106635,12.506747,10.369505,1.181242,8.17651,8.511986,7.21553,6.614205,26.193442,-29.65565,1.234957,-27.904994,-72.094295,6.015371,24.994273,25.347436,10.497215,9.397317,8.557542,9.379771,-12.096173,5.794442,24.91272,-62.618641,2.12396,8.34814,8.247167,7.189075,7.293586,7.38394,10.492945,10.530235,-15.797309,7.286638,10.369505,10.582329,5.727728,-72.094295,10.87362,5.957539,46.784958,7.124135,-3.913998,10.87362,11.410753,10.590055,24.120777,23.659538,26.193442,-72.094295,25.314267
2019-01-05 17:00:00,-1.838117,-2.512899,-29.006487,10.889072,25.210454,1.465434,8.95704,5.778771,7.624863,7.624863,8.505942,9.549885,11.035586,10.889072,25.413693,21.600783,11.057873,10.533228,10.537357,9.667773,9.667773,6.777822,9.630245,4.318381,9.579282,7.461062,1.410501,6.014331,7.923612,9.457147,8.219231,7.517469,25.127954,10.612553,1.517996,7.845957,23.113067,23.456239,23.754116,7.845957,8.449427,13.586086,9.946654,3.155084,10.520275,32.339518,6.334277,7.487517,23.318909,23.383264,23.356376,23.863658,16.751563,22.588533,22.802694,6.334277,15.027628,6.261836,14.059561,10.772285,6.489703,13.987151,23.346242,-71.029005,8.449427,10.207753,10.537357,32.339518,8.930681,1.465434,3.87708,-3.521218,12.445187,12.480014,10.413897,1.465434,8.571297,8.95704,7.380855,7.115486,26.326502,-29.006487,1.517996,-27.272997,-71.029005,6.544815,25.14101,25.490861,10.537357,9.667773,8.925493,9.595977,-11.619188,6.334277,25.060698,-61.646264,2.387919,8.461045,8.363513,7.335364,7.439596,7.529709,10.533228,10.569278,-15.284033,7.745672,10.413897,10.619638,5.907967,-71.029005,11.248703,6.489703,46.717243,7.5911,-3.521218,11.248703,11.734035,10.772285,24.273936,23.817594,26.326502,-71.029005,25.458034
2019-01-05 18:00:00,4.763148,4.369267,-12.207222,14.020553,21.573114,7.227939,10.63822,10.189246,11.375382,11.375382,11.852088,12.416911,14.131953,14.020553,21.700539,19.239561,13.546055,13.749992,13.753131,11.998135,11.998135,10.831148,13.063421,9.22211,13.022907,11.336449,7.189918,10.361107,11.537019,11.238227,10.247489,9.657633,21.522787,13.810306,7.26432,11.495004,20.22948,20.454115,20.648841,11.495004,12.177056,16.071604,12.07891,8.392098,13.740143,26.048415,8.619503,11.342737,20.396736,20.430531,20.407298,20.725955,16.049361,19.893456,20.091506,8.619503,17.392869,8.556937,16.431781,13.111994,8.750344,16.376698,20.383863,-38.533474,12.177056,13.502522,13.753131,26.048415,12.526697,7.227939,8.886643,3.780697,13.216286,15.230204,13.65926,7.227939,10.691803,10.63822,11.262929,9.27714,22.284013,-12.207222,7.26432,-11.121225,-38.533474,8.796738,21.530752,21.749091,13.753131,11.998135,11.041042,12.253178,-1.314433,8.619503,21.478006,-32.655378,7.866435,12.167403,12.092786,11.3408,11.401987,11.454887,13.749992,13.777402,-3.610384,9.868488,13.65926,13.815692,10.338404,-38.533474,12.331973,8.750344,35.052158,9.736714,3.780697,12.331973,12.892558,13.111994,20.999363,20.711409,22.284013,-38.533474,21.728437
2019-01-05 19:00:00,15.262179,15.099921,12.07624,13.730286,19.251609,14.441735,13.345435,14.076679,13.898754,13.898754,13.789991,13.661124,13.72077,13.730286,19.272081,19.755366,13.558527,13.753399,13.753131,13.51786,13.51786,13.980391,13.81205,14.209744,13.814889,13.932228,14.446302,14.059447,13.861876,13.371567,13.438768,13.469337,19.226064,13.748247,14.437365,13.871462,19.393157,19.310964,19.242815,13.871462,13.891802,13.55522,16.780934,14.299835,13.754241,19.900797,13.509245,13.926822,18.943244,19.030469,19.106306,19.149921,11.892896,19.4285,18.664277,13.509245,13.521658,13.511953,13.524514,13.519218,13.502527,13.52921,19.315734,7.381511,13.891802,13.77454,13.753131,19.900797,13.856202,14.441735,14.238426,14.857461,13.099107,13.626951,13.76115,14.441735,13.463011,13.345435,13.934094,13.475482,19.226394,12.07624,14.437365,12.269904,7.381511,13.500146,19.230106,19.277754,13.753131,13.51786,13.461325,13.605111,14.018738,13.509245,19.251495,8.429745,14.365039,13.886116,13.892329,13.967045,13.955457,13.945438,13.753399,13.751058,13.609304,13.464475,13.76115,13.747787,14.081871,7.381511,13.183601,13.502527,21.480348,13.470715,14.857461,13.183601,14.147057,13.519218,18.991955,18.968679,19.226394,7.381511,19.275341
2019-01-05 20:00:00,7.71128,7.435626,-3.815974,13.949957,19.360074,9.267741,9.831142,11.176257,11.864035,11.864035,12.050361,12.271128,14.031949,13.949957,19.44578,18.051126,13.087347,13.750821,13.753131,11.529948,11.529948,11.548462,13.245496,10.586424,13.214174,11.908286,9.242946,11.29658,11.927213,10.459897,9.688543,9.206472,19.321046,13.795212,9.291465,11.91079,18.56235,18.678359,18.779841,11.91079,12.602874,15.459909,12.693911,10.021922,13.743572,22.349452,8.324446,11.901139,18.533441,18.58043,18.588403,18.800484,13.078319,18.362834,18.259951,8.324446,16.624162,8.272021,15.725155,12.583147,8.431532,15.68459,18.63587,-21.675547,12.602874,13.568679,13.753131,22.349452,12.846355,9.267741,10.339576,7.023719,11.66553,14.840275,13.684041,9.267741,10.165975,9.831142,11.843498,8.862684,19.796872,-3.815974,9.291465,-3.079241,-21.675547,8.469503,19.327222,19.477805,13.753131,11.529948,10.491088,11.981342,3.573629,8.324446,19.300603,-17.687882,9.684114,12.580026,12.524715,11.996581,12.026233,12.051868,13.750821,13.770995,2.01607,9.393465,13.684041,13.799177,11.329406,-21.675547,11.036309,8.431532,28.44481,9.284347,7.023719,11.036309,11.958235,12.583147,18.924499,18.737639,19.796872,-21.675547,19.464182
2019-01-05 21:00:00,5.390707,5.081874,-9.391582,15.076843,19.9271,8.035584,9.431317,10.946402,12.020546,12.020546,12.344407,12.728133,15.198548,15.076843,20.038684,17.79663,13.943961,14.781254,14.784683,11.752384,11.752384,11.527698,14.03117,10.035819,13.985109,12.065278,7.997863,11.126778,12.130358,10.310832,9.177981,8.47619,19.884759,14.847146,8.071676,12.101815,18.715107,18.92353,19.103896,12.101815,13.074485,17.318052,11.706828,9.184561,14.770493,23.852952,7.200845,12.058053,18.90879,18.930282,18.902057,19.181851,14.817751,18.41201,18.664277,7.200845,18.991103,7.124859,17.711729,13.248637,7.356699,17.651522,18.860422,-32.419526,13.074485,14.51089,14.784683,23.852952,13.439881,8.035584,9.669391,4.620389,12.172341,16.398395,14.682128,8.035584,9.843434,9.431317,11.972178,7.984204,20.56343,-9.391582,8.071676,-8.441646,-32.419526,7.411962,19.89146,20.081411,14.784683,11.752384,10.306456,12.346635,0.136494,7.200845,19.842314,-27.277872,8.669026,13.045095,12.963107,12.171884,12.220319,12.262193,14.781254,14.811199,-1.871806,8.744615,14.682128,14.853031,11.161268,-32.419526,11.232131,7.356699,31.724188,8.586131,4.620389,11.232131,12.039843,13.248637,19.441263,19.186831,20.56343,-32.419526,20.063234
2019-01-05 22:00:00,2.895035,2.47474,-14.522834,11.637641,20.197937,5.191917,9.428819,8.07632,9.274581,9.274581,9.806604,10.436969,11.740438,11.637641,20.328447,17.848598,11.487235,11.387973,11.390869,10.292955,10.292955,8.724784,10.754418,7.115559,10.717874,9.197833,5.155046,8.238364,9.454975,9.877708,8.987079,8.469607,20.145584,11.443629,5.227198,9.408084,18.838333,19.062926,19.25776,9.408084,9.931035,13.530115,10.430084,6.323659,11.378884,24.778351,7.577684,9.210228,18.987549,19.025952,19.005843,19.331864,14.667835,18.498312,18.664277,7.577684,14.641968,7.523519,13.862395,11.190124,7.692383,13.811579,18.991718,-41.498352,9.931035,11.159611,11.390869,24.778351,10.261437,5.191917,6.805963,1.8467,11.843142,12.753884,11.304246,5.191917,9.312864,9.428819,9.135967,8.154187,20.919588,-14.522834,5.227198,-13.410054,-41.498352,7.733053,20.153869,20.378076,11.390869,10.292955,9.597022,10.380662,-3.361404,7.577684,20.10123,-35.475288,5.811103,9.930943,9.862307,9.154201,9.219277,9.275538,11.387973,11.413265,-5.713978,8.646374,11.304246,11.448599,8.189677,-41.498352,11.014995,7.692383,34.006235,8.531569,1.8467,11.014995,11.440947,11.190124,19.602537,19.308677,20.919588,-41.498352,20.356964
2019-01-05 23:00:00,2.088169,1.658076,-15.215295,10.178655,19.316343,4.187457,8.973818,6.93146,8.106841,8.106841,8.668867,9.334781,10.271734,10.178655,19.44578,17.018283,10.293006,9.952589,9.955211,9.415674,9.415674,7.567542,9.378926,6.001989,9.346571,8.001769,4.152514,7.081196,8.297408,9.288941,8.503081,8.057919,19.263784,10.002983,4.220892,8.247874,17.980918,18.199362,18.388977,8.247874,8.628622,11.892053,9.594395,5.262308,9.944359,23.856563,7.307875,8.018739,18.111562,18.152625,18.135576,18.458641,13.931729,17.646943,17.782583,7.307875,12.805201,7.261942,12.192847,10.114132,7.406468,12.146846,18.129323,-41.978413,8.628622,9.745815,9.955211,23.856563,8.934553,4.187457,5.721631,1.015394,11.190699,11.189374,9.876777,4.187457,8.724664,8.973818,7.950962,7.803424,20.026988,-15.215295,4.220892,-14.111277,-41.978413,7.441427,19.272102,19.494924,9.955211,9.415674,8.94874,9.366409,-4.141747,7.307875,19.220982,-36.002773,4.774251,8.636221,8.574265,7.920735,7.987166,8.044599,9.952589,9.97549,-6.475798,8.202455,9.876777,10.007484,7.012936,-41.978413,10.430277,7.406468,33.013428,8.104424,1.015394,10.430277,10.736346,10.114132,18.719744,18.429136,20.026988,-41.978413,19.474018
2019-01-06 00:00:00,3.924383,3.612475,-8.422148,9.459264,16.232764,5.349271,8.995435,7.258608,8.091273,8.091273,8.505697,8.996724,9.522061,9.459264,16.325035,14.607372,9.646383,9.306746,9.308515,9.144043,9.144043,7.709222,8.919717,6.605397,8.89821,8.004768,5.325014,7.360951,8.231792,9.167949,8.646789,8.356722,16.195042,9.340745,5.372482,8.195267,15.286,15.439996,15.573716,8.195267,8.411426,10.615154,9.288565,6.096423,9.301194,19.468301,7.875961,8.018739,15.37218,15.402645,15.391651,15.621842,12.434357,15.049223,15.134311,7.875961,11.190139,7.846338,10.818057,9.565273,7.940168,10.787026,15.390302,-27.504333,8.411426,9.167243,9.308515,19.468301,8.620795,5.349271,6.416237,3.146394,10.504599,10.141159,9.255599,5.349271,8.764063,8.995435,7.972777,8.198677,16.737324,-8.422148,5.372482,-7.63498,-27.504333,7.962934,16.201012,16.360037,9.308515,9.144043,8.900658,9.054323,-0.526676,7.875961,16.165006,-23.243684,5.756634,8.419925,8.378209,7.931869,7.979983,8.02158,9.306746,9.322197,-2.190861,8.447423,9.255599,9.343782,7.304287,-27.504333,9.986934,7.940168,25.99783,8.383883,3.146394,9.986934,10.158482,9.565273,15.805029,15.5982,16.737324,-27.504333,16.345147
2019-01-06 01:00:00,5.481414,5.255767,-2.718748,8.282126,13.713526,6.159132,9.430541,7.248473,7.77941,7.77941,8.103963,8.488509,8.310523,8.282126,13.774492,12.686762,8.794664,8.213156,8.213956,8.916017,8.916017,7.535801,8.038139,6.851401,8.029666,7.679522,6.145503,7.299895,7.889457,9.35256,9.15203,9.06081,13.687665,8.228531,6.172172,7.860852,13.107163,13.202562,13.285575,7.860852,7.800156,8.804533,9.074549,6.582565,8.210645,15.847585,8.941724,7.695654,13.138506,13.163026,13.160035,13.311721,11.351436,12.955515,12.968994,8.941724,8.904683,8.933643,8.896161,8.911962,8.961769,8.882148,13.17059,-15.340669,7.800156,8.150072,8.213956,15.847585,7.906386,6.159132,6.765812,4.918586,10.165592,8.590483,8.190027,6.159132,9.079686,9.430541,7.673954,9.042473,14.039416,-2.718748,6.172172,-2.198075,-15.340669,8.968876,13.691757,13.797504,8.213956,8.916017,9.084717,8.655656,2.503717,8.941724,13.66957,-12.522461,6.387995,7.817122,7.798584,7.575627,7.610207,7.640103,8.213156,8.220143,1.402941,9.075318,8.190027,8.229904,7.232981,-15.340669,9.913459,8.961769,20.168963,9.056698,4.918586,9.913459,9.855052,8.911962,13.421918,13.286495,14.039416,-15.340669,13.787715
2019-01-06 02:00:00,7.269489,7.171639,3.713561,8.483993,10.839272,7.563375,8.981993,8.035759,8.265995,8.265995,8.406735,8.573489,8.496307,8.483993,10.865709,10.394025,8.706251,8.454085,8.454432,8.758874,8.758874,8.160356,8.378191,7.863572,8.374516,8.222679,7.557466,8.058057,8.313716,8.948178,8.861219,8.821663,10.828058,8.460752,7.56903,8.301312,10.576328,10.617697,10.653695,8.301312,8.274991,8.71053,8.827621,7.746994,8.452996,11.764688,8.770022,8.229675,10.58992,10.600553,10.599255,10.665033,9.814972,10.510567,10.516412,8.770022,8.75396,8.766518,8.750264,8.757116,8.778714,8.744188,10.603833,-1.759824,8.274991,8.426729,8.454432,11.764688,8.321057,7.563375,7.826457,7.025424,9.300742,8.61771,8.444055,7.563375,8.829848,8.981993,8.220265,8.813711,10.980592,3.713561,7.56903,3.939346,-1.759824,8.781796,10.829832,10.875689,8.454432,8.758874,8.83203,8.645971,5.978237,8.770022,10.820211,-0.537733,7.66262,8.282349,8.27431,8.177626,8.192622,8.205586,8.454085,8.457115,5.500895,8.827954,8.444055,8.461348,8.029041,-1.759824,9.191407,8.778714,13.638616,8.819879,7.025424,9.191407,9.166079,8.757116,10.712819,10.654094,10.980592,-1.759824,10.871443
2019-01-06 03:00:00,4.937352,4.678561,-4.997605,9.02157,14.865796,5.970508,9.263235,7.431429,8.092127,8.092127,8.44642,8.866202,9.066482,9.02157,14.93991,13.580159,9.336056,8.912491,8.913756,9.123924,9.123924,7.788979,8.635692,6.921329,8.620839,8.004603,5.952036,7.506794,8.212258,9.320758,8.962866,8.772279,14.835101,8.936807,5.988182,8.181032,14.113434,14.234446,14.339599,8.181032,8.268734,9.848128,9.266623,6.540988,8.90852,17.463073,8.469951,8.018739,14.171849,14.198173,14.191146,14.375869,11.877148,13.925274,13.975575,8.469951,10.19186,8.451009,9.993188,9.343054,8.512076,9.971004,14.194895,-20.330693,8.268734,8.81272,8.913756,17.463073,8.42335,5.970508,6.786022,4.291855,10.36478,9.509255,8.875911,5.970508,8.993808,9.263235,7.98548,8.681678,15.26791,-4.997605,5.988182,-4.365093,-20.330693,8.527012,14.839958,14.967976,8.913756,9.123924,9.067545,8.966966,1.346636,8.469951,14.811714,-16.907138,6.2807,8.280353,8.250656,7.922522,7.962346,7.996775,8.912491,8.923541,0.009415,8.825956,8.875911,8.938978,7.448836,-20.330693,9.986934,8.512076,22.71076,8.784783,4.291855,9.986934,10.052214,9.343054,14.518433,14.352824,15.26791,-20.330693,14.956036
2019-01-06 04:00:00,7.703047,7.663032,5.568862,9.317982,9.787562,8.151343,8.142686,8.615808,8.776351,8.776351,8.810913,8.851864,9.338845,9.317982,9.80375,9.466926,9.058395,9.267311,9.267899,8.629456,8.629456,8.702689,9.138728,8.475249,9.130641,8.793304,8.145283,8.645943,8.78807,8.31729,8.117723,7.991315,9.781649,9.278606,8.157142,8.785024,9.607029,9.638822,9.666297,8.785024,8.975972,9.702224,8.60741,8.335232,9.265466,10.358035,7.757668,8.790566,9.641397,9.64344,9.638299,9.67899,9.01016,9.561882,9.608947,7.757668,10.013451,7.74383,9.769729,8.915674,7.785759,9.759405,9.629456,2.231393,8.975972,9.220964,9.267899,10.358035,9.036844,8.151343,8.412442,7.603238,8.604527,9.544528,9.250318,8.151343,8.250954,8.142686,8.775985,7.898859,9.881713,5.568862,8.157142,5.706537,2.231393,7.795719,9.782585,9.809977,9.267899,8.629456,8.338996,8.764907,6.949778,7.757668,9.775062,2.976579,8.253108,8.968929,8.954824,8.822416,8.82876,8.834245,9.267311,9.272444,6.658712,8.04138,9.250318,9.279615,8.658164,2.231393,8.446109,7.785759,11.49823,8.012667,7.603238,8.446109,8.605347,8.915674,9.71928,9.682065,9.881713,2.231393,9.807328
2019-01-06 05:00:00,6.550331,6.466552,2.611957,9.060059,10.427831,7.233233,7.673917,7.994268,8.278658,8.278658,8.368936,8.475902,9.091406,9.060059,10.457534,9.864494,8.789678,8.983925,8.984808,8.242639,8.242639,8.148171,8.790728,7.754644,8.778927,8.287138,7.223384,8.040984,8.309268,7.892645,7.602619,7.42386,10.416485,9.000897,7.242657,8.301312,10.106743,10.161715,10.2093,8.301312,8.543911,9.637305,8.235568,7.533453,8.981153,11.472571,7.100293,8.285768,10.156248,10.162321,10.155151,10.229598,9.079587,10.026445,10.09017,7.100293,10.060229,7.080987,9.738697,8.61829,7.139986,9.723191,10.144986,-3.519066,8.543911,8.914288,8.984808,11.472571,8.638603,7.233233,7.660262,6.341364,8.382546,9.400447,8.958393,7.233233,7.767744,7.673917,8.263604,7.299799,10.596618,2.611957,7.242657,2.864871,-3.519066,7.15406,10.41828,10.468898,8.984808,8.242639,7.884164,8.384701,5.148739,7.100293,10.405326,-2.150138,7.398621,8.536998,8.515897,8.311047,8.324164,8.335504,8.983925,8.991638,4.614043,7.491671,8.958393,9.002412,8.047801,-3.519066,8.139476,7.139986,13.568425,7.451357,6.341364,8.139476,8.340712,8.61829,10.297783,10.230153,10.596618,-3.519066,10.464064
2019-01-06 06:00:00,5.659956,5.534503,0.522115,8.168914,10.768459,6.316029,7.633659,7.152582,7.504275,7.504275,7.665146,7.855753,8.198174,8.168914,10.806931,10.079675,8.155549,8.097849,8.098673,7.839594,7.839594,7.342908,7.917516,6.872117,7.9072,7.478248,6.305351,7.19906,7.558822,7.750695,7.499608,7.355066,10.752951,8.113691,6.326246,7.544644,10.369201,10.434902,10.49191,7.544644,7.682592,8.707561,7.885038,6.644052,8.095262,12.11838,7.107957,7.482452,10.411149,10.422819,10.417232,10.513304,9.150046,10.269352,10.314871,7.107957,9.013034,7.092905,8.802131,8.081575,7.139986,8.787668,10.413979,-7.430857,7.682592,8.032849,8.098673,12.11838,7.777431,6.316029,6.783991,5.347041,8.324483,8.486637,8.074017,6.316029,7.583711,7.633659,7.461251,7.268942,10.980592,0.522115,6.326246,0.850187,-7.430857,7.151343,10.755405,10.821551,8.098673,7.839594,7.660689,7.849435,3.812748,7.107957,10.740016,-5.655126,6.495345,7.683468,7.663955,7.460949,7.480354,7.497131,8.097849,8.105048,3.119158,7.403556,8.074017,8.115105,7.18236,-7.430857,8.087521,7.139986,14.839154,7.371574,5.347041,8.087521,8.199405,8.081575,10.59223,10.505704,10.980592,-7.430857,10.815332
2019-01-06 07:00:00,5.355753,5.160804,-2.462792,8.982427,13.142176,6.295413,8.486274,7.529364,8.059727,8.059727,8.315311,8.618138,9.024044,8.982427,13.200651,12.105549,9.046959,8.88135,8.882523,8.665611,8.665611,7.816381,8.624859,7.110602,8.610432,8.010844,6.279707,7.596474,8.146388,8.622283,8.272017,8.074232,13.118401,8.903882,6.310442,8.123862,12.53951,12.637985,12.72347,8.123862,8.289136,9.748497,8.748438,6.778671,8.877671,15.193175,7.741959,8.018739,12.597683,12.616379,12.608819,12.754755,10.714469,12.388789,12.448652,7.741959,10.151768,7.721588,9.882981,8.971806,7.785759,9.862414,12.606373,-14.55395,8.289136,8.7889,8.882523,15.193175,8.426283,6.295413,6.98525,4.869493,9.479114,9.434331,8.847454,6.295413,8.367162,8.486274,7.988406,7.962108,13.462974,-2.462792,6.310442,-1.964014,-14.55395,7.80129,13.122163,13.222849,8.882523,8.665611,8.465572,8.636699,2.540064,7.741959,13.099122,-11.854249,6.559174,8.292944,8.265253,7.972391,8.002495,8.028521,8.88135,8.89159,1.485576,8.138025,8.847454,8.905895,7.564661,-14.55395,9.138556,7.785759,19.330183,8.094511,4.869493,9.138556,9.271143,8.971806,12.872354,12.741108,13.462974,-14.55395,13.213406
2019-01-06 08:00:00,-265.890985,-277.932857,-559.377748,6.706378,16.414863,12.406865,3.622749,9.481855,8.056228,8.056228,7.184765,6.152216,6.630128,6.706378,19.44578,4.915087,5.330154,6.89157,6.889421,5.004306,5.004306,8.710347,7.36151,10.54804,7.384261,8.32444,12.443459,9.343782,7.760739,3.832136,4.370584,4.615519,41.672395,6.850287,12.37185,7.837547,15.168053,17.494687,19.502715,7.837547,8.000522,5.303653,-130.765083,11.269896,6.898311,32.427557,4.935279,8.281122,16.341486,17.472075,17.641103,22.874605,-28.670667,11.9371,9.267508,4.935279,5.034739,4.956979,5.057621,5.015194,4.881457,5.095248,16.826656,-1000.0,8.000522,7.060957,6.889421,110.335828,7.715282,12.406865,10.777857,-295.926873,1.64905,5.878403,6.953674,12.406865,4.564834,3.622749,8.339391,4.664756,48.653364,-559.377748,12.37185,-541.201437,-1000.0,4.862373,42.357725,20.218995,6.889421,5.004306,4.551326,5.703406,-377.065236,4.935279,16.874662,-901.618352,11.792341,7.954966,8.004743,8.603409,8.510558,8.430284,6.89157,6.872809,-415.492543,4.576564,6.953674,6.8466,9.523454,-1000.0,2.326057,4.881457,262.344381,4.626562,-295.926873,2.326057,-36.039664,5.015194,26.328463,21.556376,48.653364,-1000.0,19.890065
2019-01-06 09:00:00,-265.796291,-277.825962,-559.30617,6.976752,16.413679,12.406865,4.03938,9.620588,8.262578,8.262578,7.432449,6.448874,6.904119,6.976752,19.44578,4.804185,5.665802,7.15316,7.151114,5.35541,5.35541,8.885673,7.600812,10.636204,7.622483,8.51807,12.441723,9.489064,7.981105,4.238836,4.751745,4.985063,41.689484,7.113836,12.373511,8.05427,15.126541,17.468922,19.490187,8.05427,8.209515,5.640559,-130.681383,11.323822,7.159582,32.427557,5.289657,8.476806,16.362406,17.482769,17.641578,22.877577,-29.030616,11.883695,9.315908,5.289657,5.384399,5.310327,5.406196,5.365781,5.238387,5.442038,16.798753,-1000.0,8.209515,7.314514,7.151114,110.377589,7.937804,12.406865,10.85512,-295.801746,2.159293,6.188048,7.212319,12.406865,4.936782,4.03938,8.532311,5.031965,48.686625,-559.30617,12.373511,-541.126906,-1000.0,5.220208,42.374834,20.219488,7.151114,5.35541,4.923914,6.021352,-376.964043,5.289657,16.872295,-901.60237,11.821488,8.16612,8.213535,8.783807,8.69536,8.618894,7.15316,7.135289,-415.397592,4.947956,7.212319,7.110323,9.660215,-1000.0,2.80419,5.238387,262.41365,4.995582,-295.801746,2.80419,-35.650826,5.365781,26.358595,21.582106,48.686625,-1000.0,19.890348
2019-01-06 10:00:00,-265.553732,-277.185205,-558.729548,8.430783,16.523815,5.61472,7.422451,6.871665,7.392025,7.392025,7.621011,7.892324,8.47582,8.430783,19.44578,-0.241246,8.352092,8.3214,8.322669,7.818438,7.818438,7.153269,8.04383,6.453782,8.027782,7.360217,5.598646,6.942506,7.469667,7.623781,7.232532,7.004625,38.389959,8.345784,5.630101,7.449485,11.794708,14.525944,16.880571,7.449485,7.683336,9.259914,-131.225352,6.107995,8.317418,32.427557,6.61092,7.365355,14.005313,14.924764,14.883497,20.164672,-39.827438,8.075237,7.55995,6.61092,9.751814,6.58703,9.405495,8.217319,6.66144,9.383231,13.759269,-1000.0,7.683336,8.221351,8.322669,108.37779,7.827745,5.61472,6.318145,-294.565965,8.47863,8.919826,8.284718,5.61472,7.379012,7.422451,7.332847,6.864846,46.38486,-558.729548,5.630101,-540.526497,-1000.0,6.679354,38.998832,20.231083,8.322669,7.818438,7.505203,7.863436,-376.148836,6.61092,16.682632,-901.473622,5.88466,7.682903,7.652823,7.343223,7.37135,7.395668,8.3214,8.332481,-414.632673,7.082862,8.284718,8.347961,6.92241,-1000.0,8.116346,6.66144,260.599938,7.032262,-294.565965,8.116346,-31.284975,8.217319,24.12828,19.291212,46.38486,-1000.0,19.897011
2019-01-06 11:00:00,-257.468514,-267.630765,-552.159903,15.055909,16.353834,-21.366155,8.511986,-4.093749,3.629666,3.629666,7.679684,12.47833,15.598603,15.055909,19.44578,-5.063893,18.134976,13.73784,13.753131,14.984436,14.984436,0.085937,10.393131,-10.086222,10.211546,2.674462,-21.584876,-3.191736,5.002912,17.952279,11.926196,8.559526,41.966563,14.031663,-21.156873,4.645959,10.979629,14.620274,17.735074,4.645959,5.972687,25.044134,-124.962414,-14.616917,13.689858,32.427557,4.335706,2.828735,17.166093,17.465438,16.801985,22.24931,-59.299167,6.695229,12.336348,4.335706,29.657414,4.097856,26.797193,17.227865,4.789029,26.529092,13.759269,-1000.0,5.972687,12.532259,13.753131,113.049752,7.821527,-21.366155,-11.721115,-282.816087,12.106635,20.948856,13.295827,-21.366155,12.559303,8.511986,2.428397,6.614205,50.496153,-552.159903,-21.156873,-533.685846,-1000.0,4.949768,42.630709,20.261488,13.753131,14.984436,13.833474,13.458167,-366.860926,4.335706,16.630861,-900.00676,-17.69317,6.090972,5.731577,1.802142,2.261752,2.659104,13.73784,13.871368,-405.917711,9.620949,13.295827,14.057905,-3.82249,-1000.0,10.87362,4.789029,267.523379,8.994108,-282.816087,10.87362,-26.906996,17.227865,27.909008,22.77571,50.496153,-1000.0,19.914481
2019-01-06 12:00:00,-259.446643,-269.989731,-553.790143,5.404623,13.29104,-21.434807,8.21979,-8.227964,-2.068255,-2.068255,1.42938,5.573537,5.785768,5.404623,16.475018,-4.333619,9.60526,4.478915,4.489654,9.052506,9.052506,-4.89451,2.129856,-12.920922,2.008292,-3.028557,-21.601083,-7.569972,-0.882307,12.993,9.143796,7.100444,41.865986,4.685274,-21.275706,-1.190575,10.631712,14.027691,16.931072,-1.190575,-1.013439,12.418164,-126.450523,-16.287128,4.445216,32.427557,4.655421,-2.873461,16.362406,16.767511,16.212329,21.61895,-55.052829,6.694314,11.209133,4.655421,14.871758,4.513686,13.648776,9.797709,4.940283,13.460574,13.238664,-1000.0,-1.013439,3.63221,4.489654,111.756989,0.340062,-21.434807,-14.06938,-285.744133,12.259192,9.543364,4.16848,-21.434807,8.984993,8.21979,-3.158991,6.087204,49.614445,-553.790143,-21.275706,-535.383335,-1000.0,5.04129,42.593762,17.281248,4.489654,9.052506,9.571869,6.933743,-369.165696,4.655421,13.817078,-900.370758,-18.642524,-0.867862,-1.118719,-3.979035,-3.595169,-3.263301,4.478915,4.572695,-408.080306,7.671303,4.16848,4.703704,-8.209628,-1000.0,10.87362,4.940283,265.738254,7.29397,-285.744133,10.87362,-27.221418,9.797709,27.020289,21.927622,49.614445,-1000.0,16.938273
2019-01-06 13:00:00,-260.175353,-270.457212,-553.960363,2.83341,13.405857,-28.803256,8.113261,-13.063299,-5.633845,-5.633845,-1.326117,3.777876,3.275918,2.83341,16.475018,-7.894614,8.480975,1.758668,1.771136,8.46687,8.46687,-9.042696,-0.96858,-18.694928,-1.107459,-6.858193,-29.00109,-12.290113,-4.173217,13.887588,9.382532,7.021828,38.613051,1.998249,-28.613959,-4.552883,7.952737,11.548866,14.626544,-4.552883,-4.632572,10.975571,-127.82854,-22.672726,1.719543,32.427557,4.335706,-6.660451,13.947836,14.271214,13.63496,19.05815,-61.407366,3.693492,9.071129,4.335706,13.547814,4.180723,12.404079,8.93737,4.645952,12.185612,10.691881,-1000.0,-4.632572,0.775647,1.771136,109.464347,-3.040359,-28.803256,-20.028371,-285.821262,12.314811,7.638469,1.398254,-28.803256,8.975278,8.113261,-6.9936,5.895068,47.125364,-553.960363,-28.613959,-535.560576,-1000.0,4.755959,39.269329,17.287004,1.771136,8.46687,9.571869,5.611178,-369.406346,4.335706,13.664517,-900.408764,-25.481015,-4.439926,-4.730582,-8.089429,-7.620671,-7.215409,1.758668,1.867545,-408.30611,7.659146,1.398254,2.019646,-13.107111,-1000.0,10.87362,4.645952,263.341415,7.232476,-285.821262,10.87362,-27.573851,8.93737,24.629235,19.525331,47.125364,-1000.0,16.94158
2019-01-06 14:00:00,-258.701508,-268.701142,-552.747354,1.10013,13.375308,-36.532301,8.218593,-17.696816,-8.749297,-8.749297,-3.504594,2.709569,1.622093,1.10013,16.475018,-8.757284,8.271887,-0.167587,-0.152881,8.670726,8.670726,-12.85468,-3.384527,-24.460856,-3.546848,-10.26593,-36.768827,-16.77867,-6.970968,15.704967,10.26616,7.428045,39.253734,0.115012,-36.305981,-7.433216,7.806953,11.56576,14.779422,-7.433216,-7.7161,10.703909,-126.716641,-29.198995,-0.213737,32.427557,4.335706,-10.020981,14.512833,14.725422,13.977957,19.431118,-64.890327,3.44657,9.924558,4.335706,13.566767,4.159231,12.388763,8.919451,4.683749,12.131093,10.691881,-1000.0,-7.7161,-1.327115,-0.152881,110.304331,-5.824225,-36.532301,-26.033785,-283.643467,12.259817,6.767963,-0.592715,-36.532301,9.641187,8.218593,-10.415042,6.085044,47.861948,-552.747354,-36.305981,-534.297529,-1000.0,4.807158,39.919931,17.292479,-0.152881,8.670726,10.306456,5.040261,-367.691441,4.335706,13.655137,-900.137925,-32.560304,-7.473219,-7.815675,-11.802798,-11.234586,-10.743342,-0.167587,-0.03916,-406.696994,8.185572,-0.592715,0.140251,-17.791588,-1000.0,10.87362,4.683749,264.591729,7.682947,-283.643467,10.87362,-27.296715,8.919451,25.305569,20.148465,47.861948,-1000.0,16.944726
2019-01-06 15:00:00,-261.561689,-271.953241,-554.934397,3.821208,13.47281,-25.216604,8.228381,-10.810661,-4.031642,-4.031642,-0.121751,4.510865,4.228973,3.821208,16.475018,-8.605702,8.839329,2.830847,2.842337,8.674816,8.674816,-7.142054,0.317725,-15.955926,0.189205,-5.133443,-25.397749,-10.100416,-2.705909,13.460757,9.324411,7.150058,36.8853,3.051618,-25.043275,-3.050512,7.037979,10.587891,13.629608,-3.050512,-3.055061,11.32423,-129.196356,-19.604601,2.794795,32.427557,4.639557,-4.955493,12.597683,12.973439,12.390124,17.797076,-61.209371,2.731937,7.608975,4.639557,13.760506,4.494432,12.640636,9.206452,4.930659,12.439313,9.717657,-1000.0,-3.055061,1.925007,2.842337,107.954102,-1.59288,-25.216604,-17.184655,-287.481205,12.254707,8.249007,2.498731,-25.216604,9.002754,8.228381,-5.262087,6.102698,45.617473,-554.934397,-25.043275,-536.574791,-1000.0,5.033878,37.506746,17.285079,2.842337,8.674816,9.571869,6.138886,-370.783398,4.639557,13.613216,-900.626245,-22.174615,-2.883245,-3.151223,-6.237175,-5.810794,-5.442171,2.830847,2.931177,-409.598215,7.742074,2.498731,3.071336,-10.835318,-1000.0,10.87362,4.930659,261.482936,7.346577,-287.481205,10.87362,-28.006166,9.206452,23.204121,18.136036,45.617473,-1000.0,16.940475
2019-01-06 16:00:00,-260.954127,-271.170512,-554.371313,3.167277,13.476895,-29.513232,8.176096,-13.237087,-5.546016,-5.546016,-1.078092,4.215707,3.623725,3.167277,16.475018,-7.627562,9.069173,2.058678,2.071539,9.116863,9.116863,-9.074904,-0.754483,-19.064283,-0.897513,-6.819786,-29.717774,-12.438626,-4.03107,14.908193,10.111884,7.589538,36.681247,2.305807,-29.317518,-4.424856,9.290079,13.129083,13.19292,-4.424856,-4.535351,11.565881,-128.859574,-23.174298,2.018322,32.427557,4.797984,-6.614062,12.597683,12.976352,12.442123,17.583533,-61.738844,3.359799,7.741114,4.797984,14.208648,4.639067,13.039367,9.498064,5.109685,12.814022,10.691881,-1000.0,-4.535351,1.04469,2.071539,108.049756,-2.890917,-29.513232,-20.439742,-286.436726,11.607191,8.123706,1.686911,-29.513232,9.673956,8.176096,-6.957869,6.364663,45.635515,-554.371313,-29.317518,-535.988479,-1000.0,5.220208,37.293133,17.290683,2.071539,9.116863,10.306456,6.13196,-369.987331,4.797984,13.56928,-900.500521,-26.078361,-4.334292,-4.634046,-8.102476,-7.61666,-7.196653,2.058678,2.170986,-408.851256,8.277081,1.686911,2.327878,-13.288735,-1000.0,10.430277,5.109685,261.764545,7.828137,-286.436726,10.430277,-28.373524,9.498064,23.234036,18.151657,45.635515,-1000.0,16.943695
2019-01-06 17:00:00,-262.12511,-273.357406,-556.183546,4.462252,13.298494,-7.136425,8.59239,-1.274609,1.538402,1.538402,3.215467,5.202529,4.62091,4.462252,16.475018,-0.79856,6.900752,4.076911,4.081382,7.23255,7.23255,0.24771,3.099077,-3.392072,3.050494,1.040684,-7.209927,-0.992419,2.107047,9.419267,8.049534,7.37009,42.119039,4.162811,-7.066095,1.959237,12.242519,15.201841,17.736809,1.959237,1.777521,7.38128,-128.106833,-4.855664,4.062884,32.427557,6.554197,1.121069,16.362406,17.038447,16.754694,22.091112,-44.694125,8.672793,10.472352,6.554197,8.124496,6.503765,7.89334,7.307539,6.665869,7.815029,14.481147,-1000.0,1.777521,3.724457,4.081382,111.130785,2.359563,-7.136425,-3.870217,-290.141683,11.389843,6.185071,3.947688,-7.136425,7.776155,8.59239,1.000736,7.115486,49.295335,-556.183546,-7.066095,-537.875469,-1000.0,6.705466,42.861069,17.26708,4.081382,7.23255,7.898176,5.996226,-372.549397,6.554197,13.910892,-900.905154,-5.902102,1.859277,1.75538,0.530677,0.71114,0.867158,4.076911,4.115949,-411.255274,7.525549,3.947688,4.170483,-1.325257,-1000.0,10.430277,6.665869,264.318081,7.396808,-290.141683,10.430277,-28.314758,7.307539,26.777394,21.800789,49.295335,-1000.0,16.930132
2019-01-06 18:00:00,-263.956694,-275.642907,-557.801575,8.079628,13.303471,6.159132,9.118504,7.144569,7.624863,7.624863,7.918459,8.266325,8.105317,8.079628,16.475018,1.671488,8.543278,8.017237,8.01796,8.653057,8.653057,7.40449,7.858914,6.78537,7.851249,7.534502,6.146803,7.191086,7.724413,9.047961,8.866558,8.784039,42.297842,8.031145,6.170928,7.698537,13.368308,16.022586,18.300188,7.698537,7.64363,8.552206,-129.275361,6.542177,8.014965,32.427557,8.676312,7.549096,16.362406,17.227905,17.133882,22.421616,-37.45699,10.055354,9.956845,8.676312,8.642804,8.669001,8.635095,8.649389,8.694444,8.622418,15.349611,-1000.0,7.64363,7.96017,8.01796,110.699985,7.739728,6.159132,6.707945,-293.105464,9.783444,8.358573,7.996314,6.159132,8.801115,9.118504,7.529465,8.767451,49.074672,-557.801575,6.170928,-539.560244,-1000.0,8.700874,43.049891,17.257233,8.01796,8.653057,8.805666,8.417529,-374.836903,8.676312,13.976288,-901.266426,6.366165,7.658978,7.642208,7.440517,7.471799,7.498843,8.017237,8.023557,-413.40167,8.797163,7.996314,8.032387,7.130554,-1000.0,9.55536,8.694444,263.343495,8.780319,-293.105464,9.55536,-29.796527,8.649389,26.608355,21.712523,49.074672,-1000.0,16.924474
2019-01-06 19:00:00,-266.482647,-278.685381,-559.915678,7.202861,13.304052,16.985443,3.070487,12.339228,10.080137,10.080137,8.704419,7.074405,7.925492,7.202861,16.475018,5.690523,5.777808,4.753979,4.553243,5.26053,5.26053,11.116674,8.948711,14.029985,8.994485,10.501277,17.043594,12.119233,9.61367,3.401667,4.258071,4.647904,42.746171,0.896705,16.929801,9.73492,15.252423,17.422238,19.290859,9.73492,9.971914,5.745341,-131.113141,15.179123,5.38388,32.427557,5.15733,10.43326,16.477517,17.643235,17.849309,23.063083,-25.881659,12.354,9.250297,5.15733,5.315716,5.191886,5.352155,5.284591,5.071666,5.412286,16.826656,-1000.0,9.971914,6.63562,4.553243,110.187526,9.523021,16.985443,14.397631,-296.919772,-0.066715,6.663853,5.809956,16.985443,4.565521,3.070487,10.526254,4.726761,48.86643,-559.915678,16.929801,-541.761557,-1000.0,5.04129,43.517683,17.242005,4.553243,5.26053,4.543426,6.365216,-377.825741,5.15733,14.084336,-901.73846,16.008903,9.905721,9.985199,10.937274,10.791061,10.664654,4.753979,3.001042,-416.206134,4.585684,5.809956,8.637387,12.4005,-1000.0,1.00939,5.071666,262.069323,4.665281,-296.919772,1.00939,-37.366141,5.284591,26.463914,21.692103,48.86643,-1000.0,16.915724
2019-01-06 20:00:00,-268.655639,-280.720239,-561.110093,6.610343,13.491498,14.293164,3.513567,10.692085,8.941915,8.941915,7.87684,6.614891,7.287264,6.610343,16.475018,1.218993,5.61123,4.332463,4.149556,5.210353,5.210353,9.744944,8.061131,12.002127,8.097944,9.267644,14.338238,10.521484,8.580778,3.770053,4.433969,4.736217,37.606008,0.817784,14.250035,8.67465,11.517138,13.854025,15.872322,8.67465,8.855303,5.587399,-133.897927,12.893121,4.906418,32.427557,5.13126,9.215036,12.597683,13.727714,13.899423,19.114488,-32.427218,8.23179,5.555195,5.13126,5.254073,5.158055,5.282328,5.229938,5.064841,5.328984,13.173454,-1000.0,8.855303,6.014151,4.149556,106.27288,8.507967,14.293164,12.287432,-298.748216,1.081769,6.300067,5.283475,14.293164,4.672107,3.513567,9.287172,4.797426,44.750833,-561.110093,14.250035,-543.005244,-1000.0,5.04129,38.267593,17.246169,4.149556,5.210353,4.654893,6.065745,-379.514359,5.13126,13.87259,-902.005148,13.536235,8.804854,8.866511,9.604579,9.491432,9.393613,4.332463,2.735218,-417.790586,4.687946,5.283475,7.88999,10.738909,-1000.0,1.91591,5.064841,257.691379,4.749663,-298.748216,1.91591,-37.337174,5.229938,22.535018,17.786651,44.750833,-1000.0,16.918117
2019-01-06 21:00:00,-275.857864,-287.786134,-565.413473,6.167826,14.042814,13.455933,3.316176,10.067567,8.42122,8.42122,7.419753,6.233169,6.873295,6.167826,16.475018,0.406261,5.289541,3.8017,3.61357,4.912369,4.912369,9.176612,7.590197,11.299997,7.625618,8.72731,13.498346,9.906988,8.081651,3.557396,4.182185,4.466642,22.758499,0.186657,13.415349,8.169916,16.586294,20.257917,5.398734,8.169916,8.338121,5.2679,-142.463442,12.138565,4.392045,32.427557,4.838471,8.677874,1.930721,3.439109,4.25215,7.864912,-35.779798,3.773806,-5.115332,4.838471,4.954063,4.863691,4.980656,4.931347,4.775962,5.024586,10.691881,-1000.0,8.338121,5.515031,3.61357,94.968453,8.011642,13.455933,11.56866,-305.610394,1.027852,5.938922,4.774294,13.455933,4.406166,3.316176,8.745785,4.524287,32.989939,-565.413473,13.415349,-547.486144,-1000.0,4.753798,23.088477,17.264791,3.61357,4.912369,4.389918,5.716763,-385.598311,4.838471,13.204317,-902.966002,12.743682,8.291153,8.349201,9.043763,8.937404,8.845452,3.8017,2.158845,-423.499233,4.421194,4.774294,7.470311,10.111234,-1000.0,1.81278,4.775962,244.78359,4.47928,-305.610394,1.81278,-39.813727,4.931347,11.486473,6.920438,32.989939,-1000.0,16.928817
2019-01-06 22:00:00,-282.431479,-294.20887,-569.312908,1.946612,11.379634,10.490496,3.237784,7.61985,6.415908,6.415908,5.867556,5.217844,1.66507,1.946612,13.466276,-12.47296,4.741344,2.5984,2.580267,4.432742,4.432742,6.968312,4.7326,8.565105,5.100775,6.50326,10.52727,7.460205,6.229977,3.392324,3.960612,4.228508,10.511839,2.249956,10.455309,6.278307,3.633871,7.288883,-3.406304,6.278307,5.652898,5.06084,-150.336016,9.363618,2.655302,32.427557,4.596324,6.489152,-8.165589,-6.765668,-6.115547,-2.163508,-51.31438,-7.827421,-14.925401,4.596324,4.708294,4.620753,4.734054,4.68629,4.537373,4.78403,-0.415382,-1000.0,5.652898,3.384716,2.580267,84.490177,5.523526,10.490496,8.883762,-311.807675,1.225757,5.824238,2.903584,10.490496,4.111556,3.237784,6.562024,4.300026,22.38597,-569.312908,10.455309,-551.546437,-1000.0,4.516471,10.649167,14.256025,2.580267,4.432742,4.07542,4.910885,-391.111183,4.596324,9.860137,-903.836663,9.872949,5.82963,5.8932,6.521169,6.475847,6.436665,2.5984,2.44005,-428.67203,4.178008,2.903584,2.591859,7.488198,-1000.0,1.91591,4.537373,232.873621,4.233459,-311.807675,1.91591,-41.912903,4.68629,1.264571,-3.241452,22.38597,-1000.0,13.920061
2019-01-06 23:00:00,-283.387604,-294.951432,-569.674709,3.294781,8.369294,6.159132,3.90649,5.25549,4.880844,4.880844,4.715054,4.518618,3.345372,3.294781,10.457534,-14.598304,4.375965,3.04382,3.004426,4.27907,4.27907,5.052742,4.328694,5.550796,4.45228,4.904431,6.170727,5.204699,4.824629,3.954005,4.13378,4.218722,7.550214,2.286847,6.148037,4.839241,3.329463,7.397687,-6.823057,4.839241,4.62491,4.48422,-151.877086,5.80416,3.167435,32.427557,4.335706,4.900622,-10.848518,-9.500034,-8.842804,-5.213747,-56.33124,-10.115522,-17.29372,4.335706,4.371272,4.343466,4.379455,4.364283,4.317013,4.395477,-2.194899,-1000.0,4.62491,3.575195,3.004426,81.733239,4.587533,6.159132,5.653175,-312.231113,3.271463,4.728959,3.306231,6.159132,4.180413,3.90649,4.92391,4.241751,19.698656,-569.674709,6.148037,-551.923163,-1000.0,4.310385,7.679833,11.253901,3.004426,4.27907,4.168529,4.424959,-391.622684,4.335706,6.80574,-903.917446,5.964415,4.685466,4.705805,4.90438,4.891131,4.879678,3.04382,2.699814,-429.151977,4.202553,3.306231,3.71193,5.210213,-1000.0,3.489286,4.317013,230.024039,4.22015,-312.231113,3.489286,-40.888093,4.364283,-1.363619,-5.895798,19.698656,-1000.0,10.915122
2019-01-07 00:00:00,-283.462838,-294.967419,-569.65769,4.885847,8.368848,5.886926,4.898389,5.551688,5.390895,5.390895,5.295103,5.181604,5.280319,4.885847,10.457534,-25.39185,5.091784,3.596224,3.501681,5.054588,5.054588,5.464671,5.297937,5.672538,5.30515,5.419293,5.891131,5.535542,5.358414,4.921709,4.983951,5.01239,7.454707,1.779517,5.882902,5.366857,-11.829047,-8.751335,-6.06756,5.366857,5.375078,5.093348,-152.086064,5.75647,3.892897,32.427557,5.049757,5.414706,-11.523723,-10.551818,-10.526058,-5.341505,-68.124744,-16.880546,-17.701789,5.049757,5.061347,5.052286,5.064014,5.05907,5.043507,5.0685,-9.820818,-1000.0,5.375078,4.386257,3.501681,81.36912,5.344391,5.886926,5.700117,-312.158567,4.671183,5.161875,4.06083,5.886926,5.005686,4.898389,5.421594,5.018342,19.309123,-569.65769,5.882902,-551.905441,-1000.0,5.04129,7.599369,11.242515,3.501681,5.054588,5.003833,5.131943,-391.598623,5.049757,6.887382,-903.913646,5.816302,5.372806,5.378707,5.447859,5.437827,5.429154,3.596224,2.770622,-429.1294,5.007762,4.06083,5.481008,5.554159,-1000.0,4.749118,5.043507,229.633838,5.013577,-312.158567,4.749118,-39.946252,5.05907,-1.891567,-6.49411,19.309123,-1000.0,10.90858
2019-01-07 01:00:00,-283.462943,-294.967546,-569.657778,4.875574,8.368848,5.886926,4.898277,5.551479,5.390657,5.390657,5.294918,5.181483,5.281479,4.875574,10.457534,-25.391716,5.091729,3.548778,3.451559,5.054514,5.054514,5.464447,5.297271,5.672367,5.304616,5.419008,5.891134,5.535313,5.358195,4.921592,4.983888,5.012355,7.454706,1.680664,5.882899,5.366633,-11.82899,-8.751295,-6.067535,5.366633,5.374569,5.093422,-152.086141,5.756384,3.853845,32.427557,5.049765,5.414429,-11.523733,-10.551816,-10.526045,-5.341495,-68.124334,-16.880474,-17.701828,5.049765,5.061368,5.052297,5.064038,5.059088,5.043509,5.068531,-9.820776,-1000.0,5.374569,4.360683,3.451559,81.369086,5.343919,5.886926,5.699998,-312.158726,4.670901,5.162065,4.026366,5.886926,5.005622,4.898277,5.421326,5.018319,19.3091,-569.657778,5.882899,-551.905533,-1000.0,5.04129,7.599368,11.242515,3.451559,5.054514,5.003759,5.13184,-391.598747,5.049765,6.887385,-903.913666,5.816253,5.372377,5.378287,5.447497,5.437476,5.428812,3.548778,2.699814,-429.129517,5.007719,4.026366,5.487173,5.553887,-1000.0,4.748894,5.043509,229.633774,5.013541,-312.158726,4.748894,-39.946476,5.059088,-1.891586,-6.494124,19.3091,-1000.0,10.90858
2019-01-07 02:00:00,-283.846757,-295.355598,-569.899438,4.965149,7.845037,6.159132,4.853803,5.71862,5.506425,5.506425,5.379124,5.228291,5.342658,4.965149,9.932603,-25.90224,5.10873,3.728416,3.637121,5.059801,5.059801,5.603786,5.388934,5.87789,5.396803,5.544559,6.164654,5.697515,5.463261,4.884683,4.966286,5.003527,6.931479,1.97412,6.153848,5.474481,-12.343934,-9.267241,-6.584376,5.474481,5.488936,5.109178,-152.518832,5.98776,4.014897,32.427557,5.052377,5.5384,-12.036236,-11.065287,-11.039964,-5.85815,-68.622184,-17.393199,-18.209766,5.052377,5.06754,5.055685,5.071029,5.06456,5.044193,5.076863,-10.336237,-1000.0,5.488936,4.497371,3.637121,80.806549,5.447912,6.159132,5.913697,-312.553111,4.555597,5.198297,4.179124,6.159132,4.99503,4.853803,5.547377,5.01124,18.780189,-569.899438,6.153848,-552.157162,-1000.0,5.04129,7.076049,10.717175,3.637121,5.059801,4.992702,5.162415,-391.940397,5.052377,6.364284,-903.967623,6.066398,5.48492,5.492605,5.583285,5.56989,5.558309,3.728416,2.931177,-429.450091,4.997503,4.179124,5.544936,5.722669,-1000.0,4.657886,5.044193,228.991082,5.005114,-312.553111,4.657886,-40.152117,5.06456,-2.408986,-7.009185,18.780189,-1000.0,10.383414
2019-01-07 03:00:00,-284.882883,-296.595122,-570.757544,6.161585,7.851927,11.357797,3.350739,8.691539,7.392025,7.392025,6.597653,5.656445,6.09208,6.161585,9.932603,-24.568653,4.907104,6.330395,6.328436,4.610081,4.610081,7.98828,6.758763,9.663407,6.779501,7.636511,11.391154,8.56568,7.122676,3.541604,4.032419,4.255687,6.917236,6.292764,11.32588,7.192689,-11.776054,-8.873118,-6.336638,7.192689,7.341247,4.882948,-153.290189,10.321406,6.33654,32.427557,4.547161,7.597024,-12.128829,-11.04795,-10.912655,-5.758429,-64.560031,-16.685102,-18.600006,4.547161,4.637822,4.566941,4.65868,4.620006,4.4981,4.692978,-9.916377,-1000.0,7.341247,6.484798,6.328436,80.476067,7.08124,11.357797,9.872894,-314.096572,1.551637,5.406854,6.387005,11.357797,4.209486,3.350739,7.650139,4.300569,18.55814,-570.757544,11.32588,-553.050666,-1000.0,4.480704,7.06515,10.711644,6.328436,4.610081,4.197172,5.247338,-393.153554,4.547161,6.397039,-904.15922,10.797635,7.299721,7.345094,7.890802,7.806164,7.732992,6.330395,6.313293,-430.588412,4.220178,6.387005,6.289403,8.729458,-1000.0,2.168754,4.4981,228.355488,4.265753,-314.096572,2.168754,-42.520617,4.620006,-2.599893,-7.153114,18.55814,-1000.0,10.380236
2019-01-07 04:00:00,-282.616214,-294.364742,-569.396102,6.161585,11.380162,11.357797,3.350739,8.691539,7.392025,7.392025,6.597653,5.656445,6.09208,6.161585,13.466276,-20.730097,4.907104,6.330395,6.328436,4.610081,4.610081,7.98828,6.758763,9.663407,6.779501,7.636511,11.391154,8.56568,7.122676,3.541604,4.032419,4.255687,10.435177,6.292764,11.32588,7.192689,-8.138421,-5.281079,-2.782676,7.192689,7.341247,4.882948,-150.608144,10.321406,6.33654,32.427557,4.547161,7.597024,-8.706484,-7.586005,-7.414581,-2.250292,-59.984869,-13.020137,-15.297952,4.547161,4.637822,4.566941,4.65868,4.620006,4.4981,4.692978,-6.319845,-1000.0,7.341247,6.484798,6.328436,84.162722,7.08124,11.357797,9.872894,-311.920416,1.551637,5.406854,6.387005,11.357797,4.209486,3.350739,7.650139,4.300569,22.051668,-569.396102,11.32588,-551.633062,-1000.0,4.480704,10.58472,14.246397,6.328436,4.610081,4.197172,5.247338,-391.228799,4.547161,9.928291,-903.855239,10.797635,7.299721,7.345094,7.890802,7.806164,7.732992,6.330395,6.313293,-428.78239,4.220178,6.387005,6.289403,8.729458,-1000.0,2.168754,4.4981,232.488442,4.265753,-311.920416,2.168754,-41.757233,4.620006,0.825726,-3.72906,22.051668,-1000.0,13.914529
2019-01-07 05:00:00,-282.67137,-294.496158,-569.511909,7.076243,11.381189,12.406865,3.061444,8.937374,7.392025,7.392025,6.594909,5.65045,6.972704,7.076243,13.466276,-12.480589,4.927418,7.327712,7.324795,4.555957,4.555957,8.101076,7.965836,10.260764,8.12489,7.573329,12.449888,8.753856,7.121745,3.26912,3.924292,4.228977,10.505939,7.271655,12.365698,7.192,3.329463,6.917129,-3.328905,7.192,8.001887,5.141465,-150.513976,11.059411,7.336866,32.427557,4.639557,7.544047,-8.20547,-6.791578,-6.134738,-2.144588,-50.736605,-7.860885,-15.024537,4.639557,4.765538,4.667043,4.794522,4.740781,4.572547,4.847581,-0.538273,-1000.0,8.001887,7.55772,7.324795,84.404851,8.796258,12.406865,10.475462,-312.165787,0.710251,5.95195,7.412042,12.406865,4.122324,3.061444,7.625819,4.302747,22.324853,-569.511909,12.365698,-551.753647,-1000.0,4.548786,10.644447,14.254449,7.324795,4.555957,4.09038,5.222526,-391.392523,4.639557,9.869862,-903.881096,11.684377,9.282379,9.383335,8.035899,7.783556,7.565395,7.327712,7.302237,-428.936014,4.174925,7.412042,7.266648,9.088529,-1000.0,1.516743,4.572547,232.717626,4.237663,-312.165787,1.516743,-42.332334,4.740781,1.206697,-3.290728,22.324853,-1000.0,13.919156
2019-01-07 06:00:00,-275.518867,-287.449943,-565.20705,6.901131,17.09746,13.455933,3.355369,10.092561,8.453279,8.453279,7.451212,6.263919,6.813454,6.901131,19.44578,-8.131494,5.318657,7.114077,7.111607,4.943976,4.943976,9.205429,7.654446,11.318531,7.680606,8.761688,13.498011,9.933795,8.113506,3.596136,4.215279,4.496922,23.272222,7.066607,13.41567,8.201825,3.633871,6.303704,7.677138,8.201825,8.389225,5.288185,-142.067738,12.148569,7.121829,32.427557,4.864604,8.711877,2.341644,3.559345,3.834072,8.939307,-44.25001,-1.184484,-4.612431,4.864604,4.978969,4.889556,5.00528,4.956494,4.802715,5.048546,4.918204,-1000.0,8.389225,7.30885,7.111607,95.768911,8.061236,13.455933,11.58279,-305.278397,1.085877,5.94907,7.185489,13.455933,4.438641,3.355369,8.778879,4.553538,33.564403,-565.20705,13.41567,-547.271206,-1000.0,4.780771,23.569569,20.224669,7.111607,4.943976,4.423108,5.747848,-385.306479,4.864604,16.171242,-902.919912,12.749312,8.336841,8.394078,9.082465,8.975698,8.883394,7.114077,7.092505,-423.225404,4.452129,7.185489,7.062368,10.140394,-1000.0,1.864345,4.802715,245.57448,4.50962,-305.278397,1.864345,-39.659589,4.956494,11.970796,7.369688,33.564403,-1000.0,19.893325
2019-01-07 07:00:00,-275.164934,-287.086985,-564.97872,7.19072,17.098704,13.455933,3.801609,10.241153,8.674294,8.674294,7.716499,6.58166,7.106916,7.19072,19.44578,-0.200924,5.678159,7.394259,7.391897,5.320031,5.320031,9.393215,7.910754,11.412961,7.935759,8.969078,13.496152,10.089402,8.349533,4.031739,4.623528,4.892728,23.26533,7.348886,13.417449,8.43395,15.260747,18.769357,6.942936,8.43395,8.613071,5.649033,-141.679309,12.206328,7.401668,32.427557,5.244166,8.921468,2.838188,4.312777,5.044265,8.939307,-36.504127,3.807859,-4.219873,5.244166,5.353479,5.268016,5.378628,5.331997,5.185012,5.419982,10.691881,-1000.0,8.613071,7.580427,7.391897,96.098456,8.299572,13.455933,11.665545,-304.901953,1.632383,6.280721,7.462515,13.455933,4.837022,3.801609,8.98551,4.946843,33.876037,-564.97872,13.417449,-547.033457,-1000.0,5.164037,23.547876,20.235527,7.391897,5.320031,4.822175,6.088389,-384.983675,5.244166,16.09259,-902.868931,12.78053,8.563001,8.617709,9.275683,9.173634,9.085408,7.394259,7.373639,-422.922512,4.849914,7.462515,7.344834,10.286874,-1000.0,2.376458,5.185012,246.014728,4.904866,-304.901953,2.376458,-39.158077,5.331997,12.38435,7.822898,33.876037,-1000.0,19.899564
2019-01-07 08:00:00,-269.170872,-281.188884,-561.378471,7.19072,22.879066,13.455933,3.801609,10.241153,8.674294,8.674294,7.716499,6.58166,7.106916,7.19072,25.413693,1.254292,5.678159,7.394259,7.391897,5.320031,5.320031,9.393215,7.910754,11.412961,7.935759,8.969078,13.496152,10.089402,8.349533,4.031739,4.623528,4.892728,33.978724,7.348886,13.417449,8.43395,12.141444,14.61199,16.765458,8.43395,8.613071,5.649033,-134.586812,12.206328,7.401668,32.427557,5.244166,8.921468,11.726361,12.969372,13.24857,18.467022,-33.101003,8.110669,4.55952,5.244166,5.353479,5.268016,5.378628,5.331997,5.185012,5.419982,13.759269,-1000.0,8.613071,7.580427,7.391897,105.766304,8.299572,13.455933,11.665545,-299.147247,1.632383,6.280721,7.462515,13.455933,4.837022,3.801609,8.98551,4.946843,43.367096,-561.378471,13.417449,-543.284692,-1000.0,5.164037,34.379846,26.192667,7.391897,5.320031,4.822175,6.088389,-379.893781,5.244166,22.319502,-902.065071,12.78053,8.563001,8.617709,9.275683,9.173634,9.085408,7.394259,7.373639,-418.146602,4.849914,7.462515,7.344834,10.286874,-1000.0,2.376458,5.185012,256.903835,4.904866,-299.147247,2.376458,-37.139356,5.331997,21.463015,16.810539,43.367096,-1000.0,25.861287
2019-01-07 09:00:00,-260.10155,-272.163288,-555.822361,8.14175,22.262107,12.406865,5.834574,10.218367,9.15171,9.15171,8.49968,7.727125,8.0847,8.14175,25.413693,12.949849,7.112057,8.280311,8.278704,6.868257,6.868257,9.641124,8.631922,11.016089,8.648943,9.352388,12.434245,10.115061,8.930625,5.991237,6.394105,6.577366,50.545929,8.249423,12.380667,8.988093,23.013712,25.297434,27.264796,8.988093,9.110031,7.092229,-124.065206,11.556183,8.285355,32.427557,6.816611,9.319977,24.397165,25.533033,25.700771,30.970631,-20.240012,19.944902,17.237049,6.816611,6.891027,6.832847,6.908147,6.876403,6.776341,6.9363,24.66623,-1000.0,9.110031,8.407047,8.278704,119.026954,8.896614,12.406865,11.188038,-290.18699,4.357848,7.522258,8.326778,12.406865,6.539443,5.834574,9.363574,6.614205,57.057018,-555.822361,12.380667,-537.499385,-1000.0,6.762062,51.293985,26.190417,8.278704,6.868257,6.529336,7.391325,-372.038768,6.816611,22.934752,-900.824509,11.947077,9.075946,9.113189,9.561113,9.491641,9.43158,8.280311,8.266274,-410.776145,6.54822,8.326778,8.246665,10.249492,-1000.0,4.864386,6.776341,272.267235,6.585628,-290.18699,4.864386,-32.194894,6.876403,34.489914,29.667285,57.057018,-1000.0,25.859994
2019-01-07 10:00:00,10.772694,10.577883,3.693136,13.190671,17.879836,11.357797,14.182148,12.298274,12.756655,12.756655,13.036856,13.36885,13.215188,13.190671,17.93247,16.993385,13.633167,13.131126,13.131817,13.737937,13.737937,12.546336,12.980027,11.955464,12.972712,12.670416,11.346031,12.342668,12.851663,14.114824,13.941697,13.862943,17.857509,13.1444,11.369056,12.826967,17.356336,17.438698,17.510367,12.826967,12.774566,13.641688,13.874805,11.723366,13.128959,19.722262,13.760131,12.684345,17.383396,17.404565,17.401983,17.53294,15.84054,17.225411,17.237049,13.760131,13.728152,13.753154,13.720795,13.734436,13.777436,13.708696,17.411095,-7.203919,12.774566,13.076663,13.131817,19.722262,12.866279,11.357797,11.881571,10.286781,14.81675,13.456889,13.111158,11.357797,13.87924,14.182148,12.665609,13.847112,18.161191,3.693136,11.369056,4.142656,-7.203919,13.783573,17.861042,17.952338,13.131817,13.737937,13.883583,13.513156,8.201918,13.760131,17.841887,-4.770837,11.555385,12.789213,12.773209,12.58072,12.610574,12.636384,13.131126,13.137158,7.25157,13.875468,13.111158,13.145585,12.284898,-7.203919,14.599072,13.777436,23.453097,13.859393,10.286781,14.599072,14.548646,13.734436,17.628078,17.511161,18.161191,-7.203919,17.943886
2019-01-07 11:00:00,-254.206961,-265.126655,-550.956728,7.342431,22.17879,-13.758758,8.246992,-3.514904,1.191537,1.191537,3.791995,6.873136,7.647551,7.342431,25.413693,7.562258,10.082663,6.601371,6.609968,9.133163,9.133163,-0.967916,4.72087,-7.123847,4.621731,0.511188,-13.887999,-2.995639,2.073278,11.554195,8.565091,6.958224,51.946194,6.766568,-13.635093,1.844084,21.190645,24.28324,26.929787,1.844084,2.216384,12.957435,-119.645688,-9.762346,6.574394,32.427557,4.893244,0.62107,25.845254,26.452646,26.090898,31.497991,-38.469339,17.533181,20.091506,4.893244,15.137548,4.772049,13.942764,10.076678,5.140551,13.792074,23.547541,-1000.0,2.216384,5.923555,6.609968,121.693598,3.283102,-13.758758,-8.043154,-281.443813,12.24499,10.655632,6.352857,-13.758758,8.616164,8.246992,0.393826,6.136265,59.214888,-550.956728,-13.635093,-532.433037,-1000.0,5.228242,52.706433,26.216795,6.609968,9.133163,9.143403,7.756761,-365.159922,4.893244,22.827534,-899.738116,-11.588397,2.313832,2.112539,-0.146517,0.142128,0.391673,6.601371,6.676445,-404.321638,7.421625,6.352857,6.781322,-3.447637,-1000.0,10.87362,5.140551,276.619334,7.114652,-281.443813,10.87362,-25.294734,10.076678,36.436696,31.375776,59.214888,-1000.0,25.875151
2019-01-07 12:00:00,-259.017482,-270.038204,-554.036916,5.938359,22.238651,-1000.0,-12.35456,-1.051407,1.947027,1.947027,4.141916,6.74252,6.188152,5.938359,25.413693,14.600717,9.175924,5.331675,5.338713,9.074573,9.074573,0.571258,3.792163,-11.832754,3.763982,1.114398,39.80559,-0.844061,2.691251,13.654197,2.57276,6.099783,51.150348,5.466917,-390.513733,2.497802,23.917023,26.031108,27.854766,2.497802,1.398019,10.522779,-124.969798,-4.360999,5.30959,32.427557,5.244166,1.248874,24.713188,25.957475,26.230385,31.491902,-15.973846,21.007398,17.237049,5.244166,12.134979,5.157876,11.324123,8.724627,4.974939,11.201571,25.430357,-1000.0,1.398019,4.776767,5.338713,119.435777,2.759808,-1000.0,-3.450254,-286.506328,-43.125751,8.65078,5.128224,-1000.0,8.83244,-12.35456,1.171983,3.890971,57.384883,-554.036916,-390.513733,-535.640288,-1000.0,4.879476,51.915368,26.187427,5.338713,9.074573,9.571869,7.654306,-369.514574,5.244166,22.978857,-900.425857,-18.853338,2.032709,1.881709,-0.860778,-0.082261,0.590799,5.331675,5.393135,-408.407663,7.387377,5.128224,5.478995,-6.051848,-1000.0,-32.570798,4.974939,272.942361,6.442983,-286.506328,-32.570798,-66.420824,8.724627,34.753542,29.955949,57.384883,-1000.0,25.858276
2019-01-07 13:00:00,-267.469531,-278.224377,-558.973588,5.962932,22.826801,-1000.0,-16.462692,-2.421882,1.181376,1.181376,3.708997,6.703837,6.251784,5.962932,25.413693,3.635699,9.548635,5.261381,5.26952,9.323937,9.323937,-0.471904,3.481137,-13.644047,3.440121,0.262393,36.973573,-2.147472,2.03842,12.555772,-3.529398,7.087064,35.343959,5.41777,-392.147761,1.815646,13.623174,15.889562,17.86898,1.815646,0.76731,11.266191,-135.24055,-6.536141,5.235842,32.427557,5.632797,0.410816,12.597683,13.962535,14.359491,19.571064,-27.640079,9.815154,5.06297,5.632797,13.083273,5.530958,12.193686,9.384889,5.328209,12.051841,15.080941,-1000.0,0.76731,4.619702,5.26952,106.782688,2.264333,-1000.0,-5.403965,-294.295206,-55.414702,9.099493,5.026116,-1000.0,9.378414,-16.462692,0.304538,4.10187,44.297499,-558.973588,-392.147761,-540.780605,-1000.0,5.220208,35.778706,26.189217,5.26952,9.323937,9.821246,7.728243,-376.493851,5.632797,22.394864,-901.528112,-21.227056,1.412975,1.236168,-1.793096,-0.979095,-0.275357,5.261381,5.332452,-414.956405,8.811455,5.026116,5.431738,-7.400027,-1000.0,-42.053612,5.328209,258.335586,7.579672,-294.295206,-42.053612,-78.135339,9.384889,22.289119,17.65825,44.297499,-1000.0,25.859305
2019-01-07 14:00:00,-264.867491,-275.713384,-557.463643,5.89401,22.644124,-1000.0,-12.243706,-1.845335,1.564559,1.564559,4.018466,6.925967,6.164101,5.89401,25.413693,7.068425,9.580978,5.238026,5.245636,9.634219,9.634219,0.0,3.573411,-12.91785,3.539335,0.648956,38.097457,-1.599859,2.396609,12.555772,-3.820671,9.16926,40.257149,5.384258,-391.498853,2.180331,16.833429,19.049333,20.977686,2.180331,1.008108,10.851812,-132.059605,-5.661638,5.214146,32.427557,12.231891,0.796833,16.362406,17.69173,18.052088,23.278628,-23.940136,13.307241,8.840665,12.231891,11.814632,12.140855,11.718636,11.89663,11.483359,11.58607,18.305801,-1000.0,1.008108,4.638025,5.245636,110.709096,2.447319,-1000.0,-4.611454,-291.920263,-51.477456,8.826847,5.018042,-1000.0,10.026297,-12.243706,0.704071,8.469601,48.361628,-557.463643,-391.498853,-539.208372,-1000.0,11.217943,40.794618,26.188552,5.245636,9.634219,10.306456,7.984839,-374.359149,12.231891,22.577028,-901.190973,-20.279931,1.656616,1.492406,-1.412172,-0.607285,0.088573,5.238026,5.304481,-412.953387,10.047567,5.018042,5.397318,-6.855747,-1000.0,-38.019726,11.483359,262.861974,8.420183,-291.920263,-38.019726,-74.413358,11.89663,26.160425,21.478627,48.361628,-1000.0,25.858923
2019-01-07 15:00:00,-268.817254,-280.336537,-560.625492,8.428431,22.779359,-1000.0,-11.653898,7.845635,7.624863,7.624863,7.883312,8.189534,8.502475,8.428431,25.413693,6.893308,8.731548,8.248596,8.250682,8.070572,8.070572,7.72616,7.79225,-0.653667,7.817986,7.374587,56.183504,7.733992,7.712496,12.555772,6.354625,4.09776,36.952361,8.288685,-381.044327,7.689717,15.59725,17.572375,19.303485,7.689717,6.861357,9.779367,-135.210809,8.612752,8.24205,32.427557,10.196701,7.415009,13.724437,15.247985,15.804396,20.972142,-19.988914,12.106966,5.736394,10.196701,10.049117,10.163387,10.013483,10.076678,9.232448,9.977679,16.826656,-1000.0,6.861357,8.084109,8.250682,107.489008,7.579344,-1000.0,8.401654,-297.549653,-43.861816,9.232455,8.188289,-1000.0,6.476224,-11.653898,7.473656,5.350148,45.287298,-560.625492,-381.044327,-542.500652,-1000.0,8.890541,37.42619,26.179498,8.250682,8.070572,7.676091,8.143023,-378.829249,10.196701,22.510261,-901.896947,-4.900297,7.406549,7.370664,5.983091,6.562745,7.06388,8.248596,8.266814,-417.147738,3.982408,8.188289,8.292265,2.843103,-1000.0,-32.814045,9.232448,258.600481,2.782349,-297.549653,-32.814045,-69.862258,10.076678,23.287104,18.717765,45.287298,-1000.0,25.853721
2019-01-07 16:00:00,-269.677514,-281.197796,-561.158027,8.954475,22.83431,5.580915,-12.628588,7.31918,8.169949,8.169949,8.69344,9.313697,8.999316,8.954475,25.413693,5.951382,9.798129,8.845567,8.84683,10.017707,10.017707,7.779591,8.569203,6.68402,8.555925,8.007344,5.559181,7.400791,8.34745,13.654197,5.920639,6.93266,35.487166,8.869844,5.60171,8.301312,14.675274,16.654926,18.392389,8.301312,8.19276,9.779367,-136.198185,6.256408,8.841602,32.427557,5.333047,8.033606,12.597683,14.138353,14.712248,19.873663,-20.845516,11.109583,4.588237,5.333047,10.447976,5.320712,9.924044,7.983424,5.122166,9.901918,15.89139,-1000.0,8.19276,8.745953,8.84683,106.295898,8.361431,5.580915,6.548866,-298.412407,-44.642646,9.441391,8.809044,5.580915,9.662034,-12.628588,7.999265,4.273111,44.062252,-561.158027,5.60171,-543.055155,-1000.0,5.047391,35.930569,26.179332,8.84683,10.017707,10.306456,9.588951,-379.582126,5.333047,22.458074,-902.015851,5.945886,8.220604,8.191357,7.837598,7.893231,7.941327,8.845567,8.8566,-417.854172,8.25521,8.809044,8.872013,7.291817,-1000.0,-33.661372,5.122166,257.204004,7.761243,-298.412407,-33.661372,-70.701877,7.983424,22.122294,17.571139,44.062252,-1000.0,25.853625
2019-01-07 17:00:00,-263.719829,-275.2915,-557.53248,9.051256,23.73805,4.164801,6.691646,6.300563,7.159186,7.159186,7.507974,7.921233,9.13118,9.051256,26.456293,2.565604,8.731955,8.857141,8.859392,7.6386,7.6386,6.765225,8.364556,5.601665,8.335551,7.128253,4.137391,6.424119,7.27745,7.114422,6.405346,5.984123,39.520642,8.900413,4.191028,7.246709,14.881083,17.675749,20.094631,7.246709,7.728227,10.522779,-129.239647,5.004258,8.850074,32.427557,5.244166,7.133249,16.362406,17.342816,17.35709,22.654177,-37.350528,10.80484,9.826096,5.244166,11.462834,5.19954,10.781184,8.428138,5.337595,10.741665,16.826656,-1000.0,7.728227,8.679591,8.859392,111.174257,7.97965,4.164801,5.36098,-292.5829,8.543891,9.919126,8.792044,4.164801,6.717931,6.691646,7.075945,5.713761,48.589453,-557.53248,4.191028,-539.280049,-1000.0,5.370723,40.008438,27.247355,8.859392,7.6386,6.965693,7.810729,-374.456468,5.244166,23.454211,-901.206343,4.625098,7.72195,7.668432,7.127872,7.172405,7.210905,8.857141,8.876806,-413.044703,6.134093,8.792044,8.904277,6.405792,-1000.0,7.908544,5.337595,263.698037,6.040051,-292.5829,7.908544,-30.673104,8.428138,26.416001,21.612081,48.589453,-1000.0,26.910833
2019-01-07 18:00:00,1.146011,0.639565,-19.57086,11.234487,21.746431,3.782791,9.123111,7.150197,8.567588,8.567588,9.21784,9.988288,11.35204,11.234487,21.901547,18.970806,11.193094,10.948979,10.952291,9.933746,9.933746,7.917247,10.224479,6.020486,10.183071,8.461276,3.739815,7.337071,8.78807,9.588827,8.581076,8.001516,21.683875,11.012624,3.823913,8.730759,20.137262,20.401957,20.63164,8.730759,9.280421,13.398531,10.118999,5.103107,10.938585,27.18912,7.011566,8.478446,20.30557,20.352764,20.330372,20.717719,15.225816,19.734827,19.916987,7.011566,14.621197,6.951248,13.77847,10.900327,7.139986,13.720365,20.317628,-51.637272,9.280421,10.687837,10.952291,27.18912,9.661777,3.782791,5.666433,-0.117211,11.900057,12.510963,10.853234,3.782791,8.915361,9.123111,8.393245,7.657034,22.601498,-19.57086,3.823913,-18.248073,-51.637272,7.185521,21.693774,21.960493,10.952291,9.933746,9.222993,9.966963,-6.303014,7.011566,21.631777,-44.477519,4.504487,9.28432,9.205931,8.389733,8.468064,8.535785,10.948979,10.977902,-9.099572,8.195566,10.853234,11.018308,7.268793,-51.637272,10.947525,7.139986,38.159371,8.067368,-0.117211,10.947525,11.393119,10.900327,21.035596,20.686767,22.601498,-51.637272,21.935417
2019-01-07 19:00:00,12.409476,12.482925,12.452781,15.952684,12.225944,13.455933,9.24936,14.138906,14.178257,14.178257,13.918856,13.611507,16.009524,15.952684,12.226573,12.128429,14.142287,15.814633,15.816234,12.075208,12.075208,14.160201,15.464317,14.018103,15.439054,14.381109,13.446277,14.207752,14.090301,10.127203,9.492902,9.045518,12.227404,15.845407,13.465171,14.113164,12.18433,12.197016,12.207709,14.113164,15.041856,17.000286,12.271594,13.736337,15.809607,12.25487,8.155503,14.348347,12.231819,12.22398,12.216078,12.218393,10.548608,12.173929,12.252815,8.155503,18.260326,8.104102,17.184524,13.356503,8.25521,17.156348,12.195097,12.31682,15.041856,15.688364,15.816234,12.25487,15.177919,13.455933,13.847117,12.592678,10.372024,16.569895,15.768338,13.455933,10.179095,9.24936,14.310983,8.656654,12.243099,12.452781,13.465171,12.45839,12.31682,8.290564,12.227173,12.227021,15.816234,12.075208,10.56523,13.010845,12.509037,8.155503,12.22399,12.347178,13.618076,14.988837,14.949569,14.643277,14.627504,14.613868,15.814633,15.828618,12.49718,9.250253,15.768338,15.848156,14.347494,12.31682,9.986934,8.25521,12.2863,9.145956,12.592678,9.986934,10.912694,13.356503,12.239502,12.235831,12.243099,12.31682,12.22683
2019-01-07 20:00:00,8.129002,7.992493,2.624682,10.717096,13.608425,8.801237,10.309757,9.677073,10.051333,10.051333,10.229302,10.440167,10.746925,10.717096,13.649605,12.876528,10.747054,10.644649,10.645489,10.46045,10.46045,9.879612,10.460808,9.380796,10.450419,10.018611,8.790081,9.724978,10.111677,10.413182,10.16079,10.017505,13.59172,10.660799,8.811912,10.095992,13.183249,13.252851,13.313264,10.095992,10.220486,11.266191,10.516268,9.144356,10.642011,15.052938,9.775603,10.023896,13.225235,13.238227,13.232732,13.335521,11.892896,13.076917,13.120776,9.775603,11.561325,9.7608,11.362588,10.687324,9.807339,11.347846,13.230554,-5.889659,10.220486,10.578384,10.645489,15.052938,10.318347,8.801237,9.290951,7.788509,11.019376,11.041,10.620354,8.801237,10.233759,10.309757,10.002189,9.935117,13.834638,2.624682,8.811912,2.975911,-5.889659,9.818592,13.594363,13.665242,10.645489,10.46045,10.306456,10.448097,6.147589,9.775603,13.578073,-3.988586,8.988588,10.222716,10.202856,9.99375,10.014839,10.033071,10.644649,10.651988,5.405041,10.064238,10.620354,10.662241,9.703749,-5.889659,10.775967,9.807339,17.966037,10.032664,7.788509,10.775967,10.876178,10.687324,13.418768,13.326292,13.834638,-5.889659,13.65859
2019-01-07 21:00:00,6.269344,6.062539,-1.868725,9.459449,14.386025,7.190909,9.648126,8.438291,8.987841,8.987841,9.267348,9.598521,9.971495,9.459449,14.446824,13.318131,10.025172,7.828234,7.719147,9.71561,9.71561,8.735692,9.503807,8.008867,9.495311,8.926304,7.175084,8.504462,9.082614,9.752061,9.416582,9.230866,14.361109,5.732052,7.206051,9.05798,13.76345,13.864504,13.952263,9.05798,9.178652,10.63891,9.807076,7.678728,8.170545,16.517714,8.92464,8.936243,13.818555,13.838917,13.831954,13.983603,11.892896,13.60775,13.66101,8.92464,11.002867,8.905734,10.769048,9.983533,8.965741,10.749146,13.831816,-14.443117,9.178652,8.638701,7.719147,16.517714,9.31718,7.190909,7.887747,5.753515,10.627209,10.334898,8.329899,7.190909,9.486283,9.648126,8.906664,9.131223,14.717995,-1.868725,7.206051,-1.350013,-14.443117,8.980315,14.365052,14.469879,7.719147,9.71561,9.571869,9.6443,3.334073,8.92464,14.341432,-11.635521,7.456656,9.188199,9.161413,8.871879,8.904347,8.932418,7.828234,6.875625,2.237443,9.288246,8.329899,10.061582,8.46357,-14.443117,10.29137,8.965741,20.82057,9.247632,5.753515,10.29137,10.393777,9.983533,14.103596,13.967395,14.717995,-14.443117,14.460071
2019-01-07 22:00:00,5.039468,4.804864,-5.403427,9.97359,15.359567,6.669169,8.4051,8.568307,9.313589,9.313589,9.594973,9.928369,11.378228,9.97359,15.438113,13.901401,10.694698,5.468447,5.159508,9.527389,9.527389,8.971632,10.443985,7.954094,10.431563,9.302585,6.644732,8.680455,9.408998,8.863369,8.188192,7.779237,15.328938,-0.468017,6.692551,9.384198,14.523308,14.664433,14.786698,9.384198,9.866096,12.56254,9.528507,7.416499,6.437885,18.119747,7.049225,9.304362,14.63712,14.656114,14.640005,14.836598,11.892896,14.314173,14.454141,7.049225,13.503811,7.005453,12.800139,10.357281,7.139986,12.763802,14.620769,-21.625362,9.866096,7.844571,5.159508,18.119747,10.102615,6.669169,7.733457,4.454298,10.109232,12.007492,6.916702,6.669169,8.53116,8.4051,9.251928,7.505409,15.800904,-5.403427,6.692551,-4.734248,-21.625362,7.172168,15.333785,15.468088,5.159508,9.527389,8.785417,9.771594,1.308585,7.049225,15.300601,-18.003347,7.079537,9.864431,9.814966,9.320876,9.359069,9.392088,5.468447,2.770622,-0.106153,7.929906,6.916702,11.746496,8.674223,-21.625362,9.524691,7.139986,23.666738,7.838111,4.454298,9.524691,9.943942,10.357281,15.009666,14.831652,15.800904,-21.625362,15.455337
2019-01-07 23:00:00,8.605601,8.603755,6.167362,12.527888,10.851144,9.755266,7.728913,10.710142,10.945982,10.945982,10.868463,10.776614,12.58331,12.527888,10.870392,10.359609,11.309973,12.393283,12.394845,9.740224,9.740224,10.837772,12.051712,10.462303,12.028681,11.066048,9.742451,10.783846,10.919697,8.385337,7.811812,7.426691,10.846305,12.423289,9.767528,10.926529,10.591625,10.644274,10.689423,10.926529,11.629397,13.548966,9.566614,10.138107,12.388383,11.538199,6.684634,11.046656,10.692339,10.6845,10.668399,10.717732,9.581674,10.526732,10.682618,6.684634,14.573097,6.641313,13.728444,10.740732,6.770355,13.700996,10.631122,2.231393,11.629397,12.270166,12.394845,11.538199,11.776838,9.755266,10.295522,8.600996,8.890824,13.129693,12.348144,9.755266,8.320528,7.728913,11.009054,7.115486,10.980592,6.167362,9.767528,6.329727,2.231393,6.80075,10.847071,10.878063,12.394845,9.740224,8.624459,10.371407,7.795914,6.684634,10.834378,3.110212,9.970469,11.594485,11.556615,11.230957,11.231977,11.23286,12.393283,12.406919,7.452653,7.592413,12.348144,12.425969,10.867291,2.231393,8.492272,6.770355,12.877191,7.503653,8.600996,8.492272,9.083172,10.740732,10.79098,10.743846,10.980592,2.231393,10.8748
2019-01-08 00:00:00,5.813639,5.854905,4.499702,9.011229,15.846751,7.047145,9.842324,8.037765,8.512154,8.512154,8.793997,9.127938,9.038174,9.011229,15.869643,14.524878,9.416081,8.945786,8.946545,9.464872,9.464872,8.29449,8.779719,7.680359,8.771441,8.428943,7.034719,8.085578,8.607719,9.798032,9.601065,9.506904,15.870032,8.960375,7.059034,8.582878,15.156045,15.299272,15.422098,8.582878,8.555454,9.506978,6.261972,7.432634,8.943404,16.779952,9.375188,8.442383,15.426983,15.407381,15.364571,15.502552,12.408889,14.979383,17.237049,9.375188,9.632444,9.366508,9.593945,9.498064,9.395919,9.580645,15.263461,2.260153,8.555454,8.885928,8.946545,16.779952,8.654052,7.047145,7.599156,5.916568,10.529773,9.303818,8.92384,7.047145,9.556293,9.842324,8.421966,9.479388,16.383432,4.499702,7.059034,4.592087,2.260153,9.40327,15.866348,15.882302,8.946545,9.464872,9.571869,9.259672,5.426342,9.375188,15.801589,2.760197,7.255803,8.569054,8.551402,8.343867,8.374237,8.400493,8.945786,8.952416,5.231027,9.525717,8.92384,8.961678,8.029947,2.260153,10.293968,9.395919,17.829562,9.506123,5.916568,10.293968,9.315039,9.498064,16.083774,15.769939,16.383432,2.260153,15.876917
2019-01-08 01:00:00,5.926744,5.947371,4.547458,8.455555,14.121298,6.891898,9.301401,7.694235,8.085288,8.085288,8.324332,8.607563,8.47647,8.455555,14.141767,13.050253,8.833056,8.404756,8.405345,8.922437,8.922437,7.905861,8.27585,7.401778,8.26961,8.011716,6.88186,7.732109,8.166341,9.243966,9.096269,9.029082,14.13828,8.41608,6.901502,8.145272,13.558126,13.673374,13.772269,8.145272,8.100568,8.840325,6.434716,7.203771,8.402907,14.940407,8.941371,8.023599,13.768409,13.754594,13.721474,13.835627,11.351436,13.414218,15.17327,8.941371,8.914089,8.935419,8.907813,8.919451,8.956135,8.897492,13.644139,2.260153,8.100568,8.358293,8.405345,14.940407,8.17881,6.891898,7.338738,5.978194,9.842792,8.68267,8.387721,6.891898,9.042985,9.301401,8.007615,9.015576,14.553457,4.547458,6.901502,4.641813,2.260153,8.96137,14.135592,14.152619,8.405345,8.922437,9.046691,8.730672,5.493857,8.941371,14.084246,2.77086,7.060463,8.113064,8.09941,7.935194,7.960664,7.982683,8.404756,8.409902,5.294378,9.039768,8.387721,8.417091,7.682824,2.260153,9.657087,8.956135,15.944617,9.026053,5.978194,9.657087,8.872759,8.919451,14.293043,14.042356,14.553457,2.260153,14.148002
2019-01-08 02:00:00,8.044827,7.99521,5.791705,9.24934,11.746243,8.410964,9.702852,8.841148,9.050816,9.050816,9.178983,9.330841,9.260554,9.24934,11.765154,11.274227,9.451743,9.222104,9.22242,9.499666,9.499666,8.954614,9.152989,8.684343,9.149643,9.01137,8.405582,8.861455,9.094274,9.672058,9.592868,9.556845,11.743647,9.228175,8.416113,9.082978,11.482149,11.529331,11.570093,9.082978,9.059009,9.45564,9.011719,8.578179,9.221112,12.429879,9.509817,9.017741,11.534097,11.537042,11.529325,11.589741,10.595698,11.415453,11.790516,9.509817,9.49519,9.506626,9.491824,9.498064,9.517733,9.486291,11.515503,2.288912,9.059009,9.197192,9.22242,12.429879,9.10096,8.410964,8.650544,7.921069,9.993126,9.371111,9.21297,8.410964,9.564299,9.702852,9.009171,9.549603,11.915552,5.791705,8.416113,5.936201,2.288912,9.52054,11.744058,11.772952,9.22242,9.499666,9.566286,9.396848,7.241026,9.509817,11.727896,3.071012,8.501342,9.065709,9.058388,8.970342,8.983998,8.995804,9.222104,9.224863,6.935543,9.562574,9.21297,9.228718,8.83503,2.288912,9.893558,9.517733,13.675872,9.555221,7.921069,9.893558,9.713791,9.498064,11.712792,11.627406,11.915552,2.288912,11.769635
2019-01-08 03:00:00,7.120324,7.108485,5.261041,9.147567,13.451101,7.845337,9.765494,8.507107,8.826497,8.826497,9.01869,9.246409,9.165238,9.147567,13.47164,12.626461,9.436036,9.10465,9.105148,9.486738,9.486738,8.679952,8.995744,8.267264,8.990382,8.768666,7.837046,8.538739,8.891664,9.728075,9.600791,9.541184,13.45927,9.114217,7.853271,8.874725,13.010012,13.097048,13.171864,8.874725,8.848235,9.472661,7.870312,8.102732,9.103088,14.237538,9.460083,8.778006,13.152853,13.146437,13.124155,13.21675,11.351436,12.89769,14.055214,9.460083,9.546361,9.454676,9.529687,9.498064,9.473196,9.520965,13.0741,2.288912,8.848235,9.065395,9.105148,14.237538,8.913516,7.845337,8.214009,7.090794,10.219143,9.339445,9.090258,7.845337,9.5647,9.765494,8.764568,9.525992,13.772962,5.261041,7.853271,5.383646,2.288912,9.477845,13.457977,13.481449,9.105148,9.486738,9.571869,9.340373,6.490793,9.460083,13.42163,2.952526,7.984571,8.857859,8.8463,8.709066,8.729671,8.747485,9.10465,9.108998,6.23159,9.552099,9.090258,9.115071,8.50004,2.288912,10.063535,9.473196,15.400025,9.539792,7.090794,10.063535,9.550601,9.498064,13.53018,13.349881,13.772962,2.288912,13.477276
2019-01-08 04:00:00,8.053914,8.114394,5.905497,13.932466,14.899823,9.969337,8.623417,11.449371,11.899108,11.899108,11.911724,11.926672,14.007171,13.932466,14.924514,13.76032,12.656176,13.751026,13.753131,10.83783,10.83783,11.692755,13.290607,11.028471,13.260633,12.00906,9.949792,11.553109,11.903386,9.375042,8.631968,8.146959,14.911858,13.791473,9.988037,11.902274,14.31346,14.43898,14.546411,11.902274,12.714408,15.308571,8.798495,10.558449,13.744421,15.854092,7.230658,11.991302,14.578179,14.553719,14.511331,14.620228,11.892896,14.164612,15.619245,7.230658,16.55254,7.176802,15.55039,12.020348,7.338529,15.513407,14.409024,2.263225,12.714408,13.585071,13.753131,15.854092,12.923015,9.969337,10.803616,8.204767,10.23452,14.743665,13.69018,9.969337,9.210634,8.623417,11.939833,7.772841,15.296801,5.905497,9.988037,6.055746,2.263225,7.376778,14.909954,14.936575,13.753131,10.83783,9.571869,11.500957,7.412529,7.230658,14.862469,3.076468,10.297545,12.678554,12.627785,12.170784,12.183108,12.193763,13.751026,13.769407,7.094881,8.347709,13.69018,13.795085,11.630332,2.263225,9.681889,7.338529,17.250974,8.2367,8.204767,9.681889,9.825788,12.020348,15.014618,14.806074,15.296801,2.263225,14.931444
2019-01-08 05:00:00,7.685616,7.791961,8.674255,10.653039,10.765423,8.753865,7.532841,9.420331,9.594005,9.594005,9.554197,9.507032,10.690515,10.653039,10.765119,10.211815,9.868829,10.562018,10.563074,8.839405,8.839405,9.514318,10.331046,9.243391,10.315588,9.669606,8.744955,9.470643,9.580507,7.962374,7.577785,7.321038,10.783592,10.582308,8.762391,9.584016,10.501562,10.567312,10.623229,9.584016,10.044728,11.343468,7.122183,9.020612,10.558705,10.82688,6.828297,9.657396,10.684567,10.66057,10.630772,10.670009,9.211607,10.433688,11.616969,6.828297,12.02129,6.799492,11.46482,9.498064,6.885435,11.446262,10.554033,9.974077,10.044728,10.478766,10.563074,10.82688,10.14549,8.753865,9.130608,7.95087,8.323367,11.059981,10.531495,8.753865,7.910252,7.532841,9.631884,7.115486,10.980592,8.674255,8.762391,8.620635,9.974077,6.905695,10.780717,10.767201,10.563074,8.839405,8.110554,9.246003,8.136439,6.828297,10.749973,9.683854,8.903492,10.022327,9.996749,9.774596,9.776465,9.778081,10.562018,10.571239,8.249798,7.430663,10.531495,10.584121,9.523272,9.974077,8.052205,6.885435,10.512758,7.371572,7.95087,8.052205,7.981477,9.498064,10.954409,10.82547,10.980592,9.974077,10.766315
2019-01-08 06:00:00,9.946202,9.946157,7.019342,14.645533,19.396125,11.357797,9.536216,12.533244,12.855121,12.855121,12.809467,12.755373,14.709559,14.645533,19.426572,18.541243,13.375501,14.49003,14.491833,11.673593,11.673593,12.707434,14.095427,12.214377,14.069221,12.974377,11.342142,12.620036,12.839641,10.244624,9.593303,9.161176,19.400331,14.524694,11.372778,12.843665,18.895189,18.975508,19.045415,12.843665,13.604942,15.825047,11.096228,11.827467,14.484369,20.530345,8.33538,12.955116,18.917851,18.940127,18.938587,19.069641,11.892896,18.767072,20.091506,8.33538,16.957012,8.287034,16.03235,12.767168,8.431532,16.000646,18.948484,2.288519,13.604942,14.347797,14.491833,20.530345,13.778972,11.357797,12.021685,9.946091,10.89536,15.340772,14.437882,11.357797,10.140869,9.536216,12.911382,8.818662,19.803861,7.019342,11.372778,7.214496,2.288519,8.465626,19.399665,19.44015,14.491833,11.673593,10.473827,12.332419,8.976775,8.33538,19.359301,3.344812,11.620705,13.56881,13.525164,13.142185,13.147469,13.152036,14.49003,14.505783,8.564193,9.344143,14.437882,14.52779,12.70322,2.288519,10.429154,8.431532,22.32723,9.244839,9.946091,10.429154,10.952532,12.767168,19.436293,19.188565,19.803861,2.288519,19.434374
2019-01-08 07:00:00,10.206959,10.184542,7.146791,14.229404,19.415542,11.357797,9.42896,12.358085,12.613418,12.613418,12.545265,12.464515,14.286361,14.229404,19.44578,18.728965,13.013683,14.091072,14.092676,11.429719,11.429719,12.496264,13.740041,12.094846,13.716478,12.731708,11.344404,12.434261,12.590309,10.069877,9.487405,9.097391,19.415762,14.121909,11.370613,12.596316,18.98828,19.047125,19.098894,12.596316,13.305348,15.278736,11.446177,11.758425,14.086036,20.526169,8.34402,12.712603,18.93525,18.96954,18.980537,19.105596,11.351436,18.878798,19.975831,8.34402,16.317347,8.299945,15.463173,12.443381,8.431532,15.434967,19.023594,2.263225,13.305348,13.964545,14.092676,20.526169,13.457842,11.357797,11.923441,10.151045,10.650835,14.847876,14.044682,11.357797,9.999568,9.42896,12.673882,8.783875,19.781242,7.146791,11.370613,7.348245,2.263225,8.462562,19.415727,19.458783,14.092676,11.429719,10.306456,12.059931,9.167423,8.34402,19.382407,3.353622,11.582709,13.27057,13.231679,12.895229,12.897354,12.899191,14.091072,14.105086,8.74152,9.264584,14.044682,14.124663,12.516551,2.263225,10.231714,8.431532,22.357181,9.174487,10.151045,10.231714,10.877211,12.443381,19.415957,19.186261,19.781242,2.263225,19.453251
2019-01-08 08:00:00,15.367957,15.247146,15.69285,10.999647,17.403748,13.455933,9.469652,12.019463,11.232917,11.232917,10.668657,10.000097,10.973694,10.999647,17.398366,18.539844,9.696145,11.06268,11.061949,8.905117,8.905117,11.593807,11.222632,12.580795,11.227931,11.4428,13.473577,11.962433,11.041592,7.280162,7.891498,8.198224,17.387287,11.048629,13.43905,11.091324,17.870941,17.719152,17.591496,11.091324,11.455997,10.522779,15.439114,12.901963,11.064975,17.140416,8.237666,11.408902,17.265747,17.369142,17.470165,17.458054,9.477699,17.98715,17.237049,8.237666,10.685635,8.23468,10.439283,9.509892,8.258312,10.452053,17.740134,16.556773,11.455997,11.120334,11.061949,17.140416,11.336366,13.455933,12.659114,15.06662,11.606636,10.717832,11.083818,13.455933,8.187776,9.469652,11.430523,8.341439,17.246597,15.69285,13.43905,15.657212,16.556773,8.265633,17.389892,17.394051,11.061949,8.905117,8.20694,9.571982,15.335392,8.237666,17.42391,16.363877,13.159633,11.414882,11.431188,11.676168,11.619542,11.570587,11.06268,11.056295,15.410736,8.125362,11.083818,11.047374,12.104166,16.556773,10.87362,8.258312,16.85633,8.156601,15.06662,10.87362,12.697465,9.509892,17.253946,17.259585,17.246597,16.556773,17.395887
2019-01-08 09:00:00,13.316795,13.255097,13.344845,11.395211,13.85969,12.406865,9.67887,11.722199,11.30725,11.30725,10.975136,10.581633,11.388169,11.395211,13.857105,14.506511,10.483001,11.412316,11.412118,9.813493,9.813493,11.497641,11.455721,12.007236,11.455524,11.443517,12.415123,11.700013,11.194639,8.731061,8.958981,9.055532,13.848799,11.408503,12.398963,11.223911,14.130799,14.045542,13.973752,11.223911,11.529658,11.266191,13.407304,12.144864,11.412939,13.721279,8.964525,11.421508,13.802112,13.857233,13.911992,13.900356,9.63162,14.198561,13.651431,8.964525,11.506514,8.956779,11.243698,10.279604,8.986514,11.247138,14.057922,13.563196,11.529658,11.427961,11.412118,13.721279,11.482118,12.406865,12.028553,13.162902,10.822589,11.318737,11.418052,12.406865,9.199858,9.67887,11.428571,9.075048,13.750143,13.344845,12.398963,13.335838,13.563196,8.994311,13.850523,13.85467,11.412118,9.813493,9.260217,10.281306,13.2545,8.964525,13.871967,13.514443,12.268186,11.501374,11.505373,11.599415,11.567314,11.539561,11.412316,11.410583,13.273543,9.046171,11.418052,11.408163,11.792363,13.563196,10.430277,8.986514,13.62939,9.048826,13.162902,10.430277,11.55827,10.279604,13.757066,13.77859,13.750143,13.563196,13.855706
2019-01-08 10:00:00,12.09419,12.153983,12.119965,14.886926,11.887589,12.950647,10.200043,13.518307,13.585994,13.585994,13.425553,13.235456,14.929518,14.886926,11.888404,11.725094,13.63624,14.783483,14.784683,12.17357,12.17357,13.554937,14.520986,13.40263,14.502365,13.722959,12.942754,13.571167,13.531593,10.819231,10.352633,10.027285,11.8902,14.806542,12.958199,13.545734,11.818969,11.840271,11.858217,13.545734,14.202417,15.67184,11.985667,13.181929,14.779717,11.927926,9.384707,13.700838,11.900117,11.886595,11.873082,11.876393,11.351436,11.801818,11.936783,9.384707,16.576456,9.347506,15.80986,13.085535,9.457195,15.788752,11.837126,11.99396,14.202417,14.688867,14.784683,11.927926,14.307229,12.950647,13.274495,12.243331,11.054287,15.349413,14.748793,12.950647,10.835789,10.200043,13.672614,9.749048,11.915552,12.119965,12.958199,12.125163,11.99396,9.482898,11.889787,11.889071,14.784683,12.17357,11.111089,12.82028,12.172101,9.384707,11.884434,12.022094,13.083191,14.165935,14.136592,13.901857,13.893211,13.885736,14.783483,14.793962,12.161112,10.174138,14.748793,14.808602,13.665662,11.99396,10.761269,9.457195,11.963147,10.098488,12.243331,10.761269,11.319383,13.085535,11.91205,11.906348,11.915552,11.99396,11.888787
2019-01-08 11:00:00,11.068367,11.097494,11.080757,12.427164,10.966725,11.485647,10.157579,11.762371,11.795968,11.795968,11.718703,11.627156,12.447847,12.427164,10.967127,10.886113,11.821838,12.376931,12.377514,11.113197,11.113197,11.780553,12.249461,11.705718,12.240424,11.862193,11.481802,11.788065,11.76977,10.457526,10.231108,10.073305,10.968022,12.388129,11.489326,11.77658,10.93269,10.943259,10.952162,11.77658,12.094723,12.808323,11.015569,11.598362,12.375103,10.986668,9.761728,11.851497,10.972963,10.966251,10.959545,10.961182,10.720091,10.924183,10.991168,9.761728,13.246857,9.743688,12.875346,11.555137,9.796886,12.865096,10.941699,11.019109,12.094723,12.330985,12.377514,10.986668,12.145675,11.485647,11.643495,11.141018,10.572654,12.651751,12.360086,11.485647,10.465142,10.157579,11.837787,9.938442,10.980592,11.080757,11.489326,11.0833,11.019109,9.809353,10.967817,10.967458,12.377514,11.113197,10.598562,11.426209,11.106265,9.761728,10.965161,11.032873,11.550222,12.077069,12.062822,11.948733,11.944595,11.941017,12.376931,12.38202,11.100888,10.144493,12.360086,12.389129,11.833758,11.019109,10.430277,9.796886,11.003994,10.107805,11.141018,10.430277,10.698719,11.555137,10.978876,10.976051,10.980592,11.019109,10.967317
2019-01-08 12:00:00,3.008464,2.624128,-12.190457,,,4.757207,,7.10219,8.118366,8.118366,,,,,,,10.013464,,,9.349226,,,,,9.133772,8.01798,4.72739,,8.287484,,8.678281,,,9.683493,,8.243525,16.686609,,17.001959,,8.530332,,9.612523,,,,,8.034193,,,17.062402,17.345158,,,16.826993,,,,,,,,,,,,,,8.789004,4.757207,,,,,,,,,7.977219,,,-12.190457,,-11.221474,,,,16.516735,9.643467,,,,,7.70498,16.366622,-30.435375,5.257928,,,,,,,,,,9.577751,9.687264,,,10.324569,,,,,,,,,17.384088,,-35.680122,
