Datetime,system_lmp,OverGeneration,LoadShedding,ReserveShortfall,RenewablesCurtailment,case,penalty
2019-01-01 00:00:00,8.255761165769723,1607.301608,0.0,0.0,42.0,penalty_300,300.0
2019-01-01 01:00:00,9.058288035649928,1513.814926,0.0,0.0,42.0,penalty_300,300.0
2019-01-01 02:00:00,8.946210257465248,1555.602422,0.0,0.0,42.0,penalty_300,300.0
2019-01-01 03:00:00,6.162762081665774,1513.963921,0.0,0.0,42.0,penalty_300,300.0
2019-01-01 04:00:00,6.2955841514028,1440.899581,0.0,0.0,42.0,penalty_300,300.0
2019-01-01 05:00:00,6.040154600221558,1520.947493,0.0,0.0,42.0,penalty_300,300.0
2019-01-01 06:00:00,5.811965357356227,1554.860085,0.0,0.0,42.0,penalty_300,300.0
2019-01-01 07:00:00,6.815130037391642,1440.097618,0.0,0.0,0.0,penalty_300,300.0
2019-01-01 08:00:00,8.21934355177921,1266.92731,0.0,0.0,28.30168,penalty_300,300.0
2019-01-01 09:00:00,8.635571937893541,1169.950207,0.0,0.0,0.0,penalty_300,300.0
2019-01-01 10:00:00,8.001074925985748,174.943709,0.0,0.0,0.0,penalty_300,300.0
2019-01-01 11:00:00,16.276668303928037,841.597296,0.0,0.0,228.013617,penalty_300,300.0
2019-01-01 12:00:00,11.179304111003155,906.654909,0.0,0.0,345.3,penalty_300,300.0
2019-01-01 13:00:00,-0.47742686883545704,566.799027,0.0,0.0,213.5,penalty_300,300.0
2019-01-01 14:00:00,-2.9501670957517336,867.192221,0.0,0.0,213.5,penalty_300,300.0
2019-01-01 15:00:00,-6.617589528072785,714.399897,0.0,0.0,88.5,penalty_300,300.0
2019-01-01 16:00:00,10.630412188668124,0.0,0.0,0.0,0.0,penalty_300,300.0
2019-01-01 17:00:00,20.244494019338973,301.734837,0.0,0.0,220.3,penalty_300,300.0
2019-01-01 18:00:00,19.06158613804475,0.0,0.0,0.0,0.0,penalty_300,300.0
2019-01-01 19:00:00,15.257437952449772,0.0,0.0,0.0,0.0,penalty_300,300.0
2019-01-01 20:00:00,15.9813824549525,0.0,0.0,0.0,0.0,penalty_300,300.0
2019-01-01 21:00:00,16.85162230584544,0.0,0.0,0.0,0.0,penalty_300,300.0
2019-01-01 22:00:00,20.271846071180132,0.0,0.0,0.0,0.0,penalty_300,300.0
2019-01-01 23:00:00,15.605817928963786,0.0,0.0,0.0,0.0,penalty_300,300.0
2019-01-02 00:00:00,15.484858451685477,0.0,0.0,0.0,0.0,penalty_300,300.0
2019-01-02 01:00:00,15.021273306493994,0.0,0.0,0.0,0.0,penalty_300,300.0
2019-01-02 02:00:00,14.937746269985414,0.0,0.0,0.0,0.0,penalty_300,300.0
2019-01-02 03:00:00,15.993237876001034,0.0,0.0,0.0,0.0,penalty_300,300.0
2019-01-02 04:00:00,15.59879409291822,0.0,0.0,0.0,0.0,penalty_300,300.0
2019-01-02 05:00:00,17.933454998592236,0.0,0.0,0.0,0.0,penalty_300,300.0
2019-01-02 06:00:00,18.60529271520669,0.0,0.0,0.0,0.0,penalty_300,300.0
2019-01-02 07:00:00,18.43728829559633,0.0,0.0,0.0,0.0,penalty_300,300.0
2019-01-02 08:00:00,19.725871475088873,0.0,0.0,0.0,0.0,penalty_300,300.0
2019-01-02 09:00:00,22.99574969928536,0.0,0.0,0.0,0.0,penalty_300,300.0
2019-01-02 10:00:00,22.0995174485599,0.0,0.0,0.0,0.0,penalty_300,300.0
2019-01-02 11:00:00,24.39647850924497,0.0,0.0,0.0,0.0,penalty_300,300.0
2019-01-02 12:00:00,21.18190565328394,0.0,0.0,0.0,0.0,penalty_300,300.0
2019-01-02 13:00:00,22.373742427480444,0.0,0.0,0.0,0.0,penalty_300,300.0
2019-01-02 14:00:00,22.49717651950793,0.0,0.0,0.0,0.0,penalty_300,300.0
2019-01-02 15:00:00,22.261236976253585,0.0,0.0,0.0,0.0,penalty_300,300.0
2019-01-02 16:00:00,20.245909925691212,0.0,0.0,0.0,0.0,penalty_300,300.0
2019-01-02 17:00:00,21.615608712061025,0.0,0.0,0.0,0.0,penalty_300,300.0
2019-01-02 18:00:00,25.09113155695547,0.0,0.0,0.0,0.0,penalty_300,300.0
2019-01-02 19:00:00,29.31175120808853,0.0,0.0,0.0,0.0,penalty_300,300.0
2019-01-02 20:00:00,46.171580821964056,0.0,0.0,0.0,0.0,penalty_300,300.0
2019-01-02 21:00:00,20.07598528840358,0.0,0.0,0.0,0.0,penalty_300,300.0
2019-01-02 22:00:00,18.28102224409215,0.0,0.0,0.0,0.0,penalty_300,300.0
2019-01-02 23:00:00,21.52194036456365,0.0,0.0,0.0,0.0,penalty_300,300.0
2019-01-03 00:00:00,19.799210615444803,0.0,0.0,0.0,0.0,penalty_300,300.0
2019-01-03 01:00:00,18.30916113859561,0.0,0.0,0.0,0.0,penalty_300,300.0
2019-01-03 02:00:00,15.60454095008653,0.0,0.0,0.0,0.0,penalty_300,300.0
2019-01-03 03:00:00,15.806369748865913,0.0,0.0,0.0,0.0,penalty_300,300.0
2019-01-03 04:00:00,14.14000262647229,0.0,0.0,0.0,0.0,penalty_300,300.0
2019-01-03 05:00:00,16.08346783407996,0.0,0.0,0.0,0.0,penalty_300,300.0
2019-01-03 06:00:00,20.77727625993887,0.0,0.0,0.0,0.0,penalty_300,300.0
2019-01-03 07:00:00,19.691904265330237,0.0,0.0,0.0,0.0,penalty_300,300.0
2019-01-03 08:00:00,19.142220188964778,0.0,0.0,0.0,0.0,penalty_300,300.0
2019-01-03 09:00:00,17.679439035538834,0.0,0.0,0.0,0.0,penalty_300,300.0
2019-01-03 10:00:00,15.129285358396388,0.0,0.0,0.0,0.0,penalty_300,300.0
2019-01-03 11:00:00,13.311084701257396,0.0,0.0,0.0,0.0,penalty_300,300.0
2019-01-03 12:00:00,8.019941022235093,55.033495,0.0,0.0,327.663301,penalty_300,300.0
2019-01-03 13:00:00,5.7503556999995045,693.088736,0.0,0.0,213.5,penalty_300,300.0
2019-01-03 14:00:00,7.146261898656544,691.03672,0.0,0.0,213.5,penalty_300,300.0
2019-01-03 15:00:00,1.1760811641970421,510.254781,0.0,0.0,99.519832,penalty_300,300.0
2019-01-03 16:00:00,1.1714162304257687,53.984009,0.0,0.0,88.5,penalty_300,300.0
2019-01-03 17:00:00,3.668213767895753,0.0,0.0,0.0,58.0,penalty_300,300.0
2019-01-03 18:00:00,16.63734511486019,0.0,0.0,0.0,0.0,penalty_300,300.0
2019-01-03 19:00:00,19.621209663364112,0.0,0.0,0.0,0.0,penalty_300,300.0
2019-01-03 20:00:00,18.64214713045574,0.0,0.0,0.0,0.0,penalty_300,300.0
2019-01-03 21:00:00,16.980676009213596,0.0,0.0,0.0,0.0,penalty_300,300.0
2019-01-03 22:00:00,16.285844225896344,0.0,0.0,0.0,0.0,penalty_300,300.0
2019-01-03 23:00:00,14.66493231253116,0.0,0.0,0.0,0.0,penalty_300,300.0
2019-01-04 00:00:00,15.579173130122133,0.0,0.0,0.0,0.0,penalty_300,300.0
2019-01-04 01:00:00,15.094942062293663,0.0,0.0,0.0,0.0,penalty_300,300.0
2019-01-04 02:00:00,16.831570798499982,0.0,0.0,0.0,0.0,penalty_300,300.0
2019-01-04 03:00:00,16.845739638104554,0.0,0.0,0.0,0.0,penalty_300,300.0
2019-01-04 04:00:00,15.303089376455931,0.0,0.0,0.0,0.0,penalty_300,300.0
2019-01-04 05:00:00,18.118437152708314,0.0,0.0,0.0,0.0,penalty_300,300.0
2019-01-04 06:00:00,21.986588605421463,0.0,0.0,0.0,0.0,penalty_300,300.0
2019-01-04 07:00:00,20.470884434486525,0.0,0.0,0.0,0.0,penalty_300,300.0
2019-01-04 08:00:00,22.90517191897366,0.0,0.0,0.0,0.0,penalty_300,300.0
2019-01-04 09:00:00,17.902311890648683,0.0,0.0,0.0,0.0,penalty_300,300.0
2019-01-04 10:00:00,15.709808755206584,0.0,0.0,0.0,0.0,penalty_300,300.0
2019-01-04 11:00:00,12.654852424762765,0.0,0.0,0.0,0.0,penalty_300,300.0
2019-01-04 12:00:00,12.46069925854557,0.0,0.0,0.0,0.0,penalty_300,300.0
2019-01-04 13:00:00,1.2501149783885914,201.746635,0.0,0.0,88.5,penalty_300,300.0
2019-01-04 14:00:00,0.6712208913536953,157.515364,0.0,0.0,88.5,penalty_300,300.0
2019-01-04 15:00:00,12.087773972201928,0.0,0.0,0.0,0.0,penalty_300,300.0
2019-01-04 16:00:00,12.28000200096843,0.0,0.0,0.0,0.0,penalty_300,300.0
2019-01-04 17:00:00,14.110146217357412,0.0,0.0,0.0,0.0,penalty_300,300.0
2019-01-04 18:00:00,17.716671552624867,0.0,0.0,0.0,0.0,penalty_300,300.0
2019-01-04 19:00:00,21.42770666130781,0.0,0.0,0.0,0.0,penalty_300,300.0
2019-01-04 20:00:00,21.226939402401793,0.0,0.0,0.0,0.0,penalty_300,300.0
2019-01-04 21:00:00,16.74881844959348,0.0,0.0,0.0,0.0,penalty_300,300.0
2019-01-04 22:00:00,15.100439452998668,0.0,0.0,0.0,0.0,penalty_300,300.0
2019-01-04 23:00:00,12.999584733457102,0.0,0.0,0.0,0.0,penalty_300,300.0
2019-01-05 00:00:00,11.468202885710394,0.0,0.0,0.0,0.0,penalty_300,300.0
2019-01-05 01:00:00,12.801163028145996,0.0,0.0,0.0,0.0,penalty_300,300.0
2019-01-05 02:00:00,13.306592090544678,0.0,0.0,0.0,0.0,penalty_300,300.0
2019-01-05 03:00:00,12.920438238626996,0.0,0.0,0.0,0.0,penalty_300,300.0
2019-01-05 04:00:00,14.121788733786211,0.0,0.0,0.0,0.0,penalty_300,300.0
2019-01-05 05:00:00,16.491539176644775,0.0,0.0,0.0,0.0,penalty_300,300.0
2019-01-05 06:00:00,19.07273011112876,0.0,0.0,0.0,0.0,penalty_300,300.0
2019-01-05 07:00:00,19.614183565255498,0.0,0.0,0.0,0.0,penalty_300,300.0
2019-01-05 08:00:00,20.46119567103298,0.0,0.0,0.0,0.0,penalty_300,300.0
2019-01-05 09:00:00,18.942772622428173,0.0,0.0,0.0,0.0,penalty_300,300.0
2019-01-05 10:00:00,16.116249815447446,0.0,0.0,0.0,0.0,penalty_300,300.0
2019-01-05 11:00:00,12.843155478052651,0.0,0.0,0.0,0.0,penalty_300,300.0
2019-01-05 12:00:00,25.199812612166355,0.0,0.0,0.0,58.0,penalty_300,300.0
2019-01-05 13:00:00,11.016486792654657,0.0,0.0,0.0,0.0,penalty_300,300.0
2019-01-05 14:00:00,11.34783608149197,0.0,0.0,0.0,0.0,penalty_300,300.0
2019-01-05 15:00:00,11.119291458220127,0.0,0.0,0.0,0.0,penalty_300,300.0
2019-01-05 16:00:00,11.642524643375525,0.0,0.0,0.0,0.0,penalty_300,300.0
2019-01-05 17:00:00,12.834574040327428,0.0,0.0,0.0,0.0,penalty_300,300.0
2019-01-05 18:00:00,12.634161287985053,0.0,0.0,0.0,0.0,penalty_300,300.0
2019-01-05 19:00:00,14.367784384380121,0.0,0.0,0.0,0.0,penalty_300,300.0
2019-01-05 20:00:00,12.694436278576811,0.0,0.0,0.0,0.0,penalty_300,300.0
2019-01-05 21:00:00,12.166580393539522,0.0,0.0,0.0,0.0,penalty_300,300.0
2019-01-05 22:00:00,13.64292209504645,0.0,0.0,0.0,0.0,penalty_300,300.0
2019-01-05 23:00:00,10.801765415546962,0.0,0.0,0.0,0.0,penalty_300,300.0
2019-01-06 00:00:00,10.146303945105032,0.0,0.0,0.0,0.0,penalty_300,300.0
2019-01-06 01:00:00,9.472123122467163,0.0,0.0,0.0,0.0,penalty_300,300.0
2019-01-06 02:00:00,9.24508701431039,0.0,0.0,0.0,0.0,penalty_300,300.0
2019-01-06 03:00:00,9.79813165108758,0.0,0.0,0.0,0.0,penalty_300,300.0
2019-01-06 04:00:00,9.729181554565395,0.0,0.0,0.0,0.0,penalty_300,300.0
2019-01-06 05:00:00,9.799541847291517,0.0,0.0,0.0,0.0,penalty_300,300.0
2019-01-06 06:00:00,9.704831883557615,0.0,0.0,0.0,0.0,penalty_300,300.0
2019-01-06 07:00:00,10.289320903447026,0.0,0.0,0.0,0.0,penalty_300,300.0
2019-01-06 08:00:00,5.227815785996697,90.069554,0.0,0.0,42.0,penalty_300,300.0
2019-01-06 09:00:00,5.6045018223898415,821.741763,0.0,0.0,42.0,penalty_300,300.0
2019-01-06 10:00:00,5.047695469517442,356.900127,0.0,0.0,42.0,penalty_300,300.0
2019-01-06 11:00:00,3.61854487210809,1254.878488,0.0,0.0,262.3,penalty_300,300.0
2019-01-06 12:00:00,0.4971128191761471,1515.12076,0.0,0.0,387.3,penalty_300,300.0
2019-01-06 13:00:00,-0.4262023856810828,551.798347,0.0,0.0,387.3,penalty_300,300.0
2019-01-06 14:00:00,-2.742456944242998,1170.367768,0.0,0.0,417.8,penalty_300,300.0
2019-01-06 15:00:00,-0.42357509351787354,1255.05034,0.0,0.0,387.3,penalty_300,300.0
2019-01-06 16:00:00,-0.9973290231392581,787.741253,0.0,0.0,387.3,penalty_300,300.0
2019-01-06 17:00:00,3.009024532304895,1314.519745,0.0,0.0,100.0,penalty_300,300.0
2019-01-06 18:00:00,6.349335747892086,1030.023374,0.0,0.0,42.0,penalty_300,300.0
2019-01-06 19:00:00,6.148672270015148,361.698744,0.0,0.0,42.0,penalty_300,300.0
2019-01-06 20:00:00,5.315291889338694,974.714875,0.0,0.0,42.0,penalty_300,300.0
2019-01-06 21:00:00,2.975165888521844,1636.247424,0.0,0.0,42.0,penalty_300,300.0
2019-01-06 22:00:00,2.8165143967914914,1702.440084,0.0,0.0,42.0,penalty_300,300.0
2019-01-06 23:00:00,0.9823405993866732,1726.1562,0.0,0.0,42.0,penalty_300,300.0
2019-01-07 00:00:00,1.6611362382096613,1740.53777,0.0,0.0,42.0,penalty_300,300.0
2019-01-07 01:00:00,1.485367305043792,1657.354288,0.0,0.0,42.0,penalty_300,300.0
2019-01-07 02:00:00,-0.20032235682797128,1698.6199,0.0,0.0,42.0,penalty_300,300.0
2019-01-07 03:00:00,0.5707217287208812,1666.294306,0.0,0.0,42.0,penalty_300,300.0
2019-01-07 04:00:00,3.1399013726136977,1582.622681,0.0,0.0,42.0,penalty_300,300.0
2019-01-07 05:00:00,3.5385699731334213,1654.806147,0.0,0.0,42.0,penalty_300,300.0
2019-01-07 06:00:00,4.10724750909951,1597.09408,0.0,0.0,42.0,penalty_300,300.0
2019-01-07 07:00:00,4.432160622648164,1111.814623,0.0,0.0,42.0,penalty_300,300.0
2019-01-07 08:00:00,5.476329378271398,738.586865,0.0,0.0,42.0,penalty_300,300.0
2019-01-07 09:00:00,7.032070643270907,378.17154,0.0,0.0,42.0,penalty_300,300.0
2019-01-07 10:00:00,10.785434235094346,0.0,0.0,0.0,0.0,penalty_300,300.0
2019-01-07 11:00:00,3.718107796986797,164.601218,0.0,0.0,262.3,penalty_300,300.0
2019-01-07 12:00:00,-7.759463305930205,676.86219,0.0,0.0,201.821378,penalty_300,300.0
2019-01-07 13:00:00,-8.17866309662798,525.127557,0.0,0.0,255.5,penalty_300,300.0
2019-01-07 14:00:00,-7.964318377400243,1147.668131,0.0,0.0,255.5,penalty_300,300.0
2019-01-07 15:00:00,-7.001862884794428,1207.534606,0.0,0.0,130.5,penalty_300,300.0
2019-01-07 16:00:00,6.036185212903951,482.587566,0.0,0.0,42.0,penalty_300,300.0
2019-01-07 17:00:00,5.816302600700349,307.595157,0.0,0.0,42.0,penalty_300,300.0
2019-01-07 18:00:00,11.165100425352207,0.0,0.0,0.0,0.0,penalty_300,300.0
2019-01-07 19:00:00,12.543412211755287,0.0,0.0,0.0,0.0,penalty_300,300.0
2019-01-07 20:00:00,10.754976585539604,0.0,0.0,0.0,0.0,penalty_300,300.0
2019-01-07 21:00:00,9.712504762879538,0.0,0.0,0.0,0.0,penalty_300,300.0
2019-01-07 22:00:00,8.658848461561679,0.0,0.0,0.0,0.0,penalty_300,300.0
2019-01-07 23:00:00,9.77293628751215,0.0,0.0,0.0,0.0,penalty_300,300.0
2019-01-08 00:00:00,10.466619528846405,0.0,0.0,0.0,0.0,penalty_300,300.0
2019-01-08 01:00:00,9.946610088580208,0.0,0.0,0.0,0.0,penalty_300,300.0
2019-01-08 02:00:00,9.850085383393905,0.0,0.0,0.0,0.0,penalty_300,300.0
2019-01-08 03:00:00,10.324293157045807,0.0,0.0,0.0,0.0,penalty_300,300.0
2019-01-08 04:00:00,10.865419332337087,0.0,0.0,0.0,0.0,penalty_300,300.0
2019-01-08 05:00:00,11.224109614643277,0.0,0.0,0.0,0.0,penalty_300,300.0
2019-01-08 06:00:00,14.185686352390794,0.0,0.0,0.0,0.0,penalty_300,300.0
2019-01-08 07:00:00,16.480575971709378,0.0,0.0,0.0,0.0,penalty_300,300.0
2019-01-08 08:00:00,28.694910843318375,0.0,0.0,0.0,0.0,penalty_300,300.0
2019-01-08 09:00:00,17.423063434222332,0.0,0.0,0.0,0.0,penalty_300,300.0
2019-01-08 10:00:00,16.382495902210938,0.0,0.0,0.0,0.0,penalty_300,300.0
2019-01-08 11:00:00,15.438819844093041,0.0,0.0,0.0,0.0,penalty_300,300.0
2019-01-08 12:00:00,11.811772160770618,0.0,0.0,0.0,0.0,penalty_300,300.0
2019-01-08 13:00:00,7.162411589471238,166.428041,0.0,0.0,42.0,penalty_300,300.0
2019-01-08 14:00:00,7.48274749279001,925.933646,0.0,0.0,42.0,penalty_300,300.0
2019-01-08 15:00:00,6.308660320409348,1207.776258,0.0,0.0,42.0,penalty_300,300.0
2019-01-08 16:00:00,5.8160870321108025,865.791098,0.0,0.0,42.0,penalty_300,300.0
2019-01-08 17:00:00,7.149367177878831,1132.766108,0.0,0.0,42.0,penalty_300,300.0
2019-01-08 18:00:00,7.8773425285909076,472.150931,0.0,0.0,42.0,penalty_300,300.0
2019-01-08 19:00:00,17.417261003022634,0.0,0.0,0.0,0.0,penalty_300,300.0
2019-01-08 20:00:00,13.168857125803088,0.0,0.0,0.0,0.0,penalty_300,300.0
2019-01-08 21:00:00,12.325813469540396,0.0,0.0,0.0,0.0,penalty_300,300.0
2019-01-08 22:00:00,11.437452504019147,0.0,0.0,0.0,0.0,penalty_300,300.0
2019-01-08 23:00:00,10.768066075659876,0.0,0.0,0.0,0.0,penalty_300,300.0
2019-01-09 00:00:00,10.309158863298457,0.0,0.0,0.0,0.0,penalty_300,300.0
2019-01-09 01:00:00,29.48318257922635,0.0,0.0,0.0,58.0,penalty_300,300.0
2019-01-09 02:00:00,10.092279440245935,0.0,0.0,0.0,0.0,penalty_300,300.0
2019-01-09 03:00:00,10.397222868284496,0.0,0.0,0.0,0.0,penalty_300,300.0
2019-01-09 04:00:00,10.889939133555526,0.0,0.0,0.0,0.0,penalty_300,300.0
2019-01-09 05:00:00,11.853921684230993,0.0,0.0,0.0,0.0,penalty_300,300.0
2019-01-09 06:00:00,15.000204712820608,0.0,0.0,0.0,0.0,penalty_300,300.0
2019-01-09 07:00:00,18.029197250861944,0.0,0.0,0.0,0.0,penalty_300,300.0
2019-01-09 08:00:00,18.51334071358009,0.0,0.0,0.0,0.0,penalty_300,300.0
2019-01-09 09:00:00,17.907020437654925,0.0,0.0,0.0,0.0,penalty_300,300.0
2019-01-09 10:00:00,15.85247721985273,0.0,0.0,0.0,0.0,penalty_300,300.0
2019-01-09 11:00:00,13.954781165111342,0.0,0.0,0.0,0.0,penalty_300,300.0
2019-01-09 12:00:00,12.994482588315513,0.0,0.0,0.0,0.0,penalty_300,300.0
2019-01-09 13:00:00,12.055799733524635,0.0,0.0,0.0,0.0,penalty_300,300.0
2019-01-09 14:00:00,11.757673047649263,0.0,0.0,0.0,0.0,penalty_300,300.0
2019-01-09 15:00:00,11.754194198621954,0.0,0.0,0.0,0.0,penalty_300,300.0
2019-01-09 16:00:00,11.440803578067543,0.0,0.0,0.0,0.0,penalty_300,300.0
2019-01-09 17:00:00,12.30461486435728,0.0,0.0,0.0,0.0,penalty_300,300.0
2019-01-09 18:00:00,16.377186916705163,0.0,0.0,0.0,0.0,penalty_300,300.0
2019-01-09 19:00:00,21.957246169889032,0.0,0.0,0.0,0.0,penalty_300,300.0
2019-01-09 20:00:00,21.799918114714277,0.0,0.0,0.0,0.0,penalty_300,300.0
2019-01-09 21:00:00,22.237711838218903,0.0,0.0,0.0,0.0,penalty_300,300.0
2019-01-09 22:00:00,15.033714062740142,0.0,0.0,0.0,0.0,penalty_300,300.0
2019-01-09 23:00:00,15.117391241851253,0.0,0.0,0.0,0.0,penalty_300,300.0
2019-01-10 00:00:00,13.50481719851525,0.0,0.0,0.0,0.0,penalty_300,300.0
2019-01-10 01:00:00,13.052891910195807,0.0,0.0,0.0,0.0,penalty_300,300.0
2019-01-10 02:00:00,13.477606833729434,0.0,0.0,0.0,0.0,penalty_300,300.0
2019-01-10 03:00:00,12.747001110806181,0.0,0.0,0.0,0.0,penalty_300,300.0
2019-01-10 04:00:00,11.401280371015137,0.0,0.0,0.0,0.0,penalty_300,300.0
2019-01-10 05:00:00,10.987131756784564,0.0,0.0,0.0,0.0,penalty_300,300.0
2019-01-10 06:00:00,14.012969457264292,0.0,0.0,0.0,0.0,penalty_300,300.0
2019-01-10 07:00:00,14.58935338430557,0.0,0.0,0.0,0.0,penalty_300,300.0
2019-01-10 08:00:00,12.598148981932296,0.0,0.0,0.0,0.0,penalty_300,300.0
2019-01-10 09:00:00,12.032648693373346,0.0,0.0,0.0,0.0,penalty_300,300.0
2019-01-10 10:00:00,11.371014242128862,0.0,0.0,0.0,0.0,penalty_300,300.0
2019-01-10 11:00:00,7.4017863689695345,578.014194,0.0,0.0,0.0,penalty_300,300.0
2019-01-10 12:00:00,5.62231751951446,1480.011596,0.0,0.0,100.0,penalty_300,300.0
2019-01-10 13:00:00,2.402847622838658,494.826604,0.0,0.0,387.3,penalty_300,300.0
2019-01-10 14:00:00,3.2493161656784646,1091.572219,0.0,0.0,387.3,penalty_300,300.0
2019-01-10 15:00:00,4.576906392529906,1147.12306,0.0,0.0,115.393066,penalty_300,300.0
2019-01-10 16:00:00,3.8692166237803494,675.369925,0.0,0.0,387.3,penalty_300,300.0
2019-01-10 17:00:00,6.317925540958157,1160.752512,0.0,0.0,58.153169,penalty_300,300.0
2019-01-10 18:00:00,8.414151619319147,841.623137,0.0,0.0,0.0,penalty_300,300.0
2019-01-10 19:00:00,8.277028098084871,618.385616,0.0,0.0,0.0,penalty_300,300.0
2019-01-10 20:00:00,7.30414294315571,501.835236,0.0,0.0,0.0,penalty_300,300.0
2019-01-10 21:00:00,5.196036680947798,337.332517,0.0,0.0,21.525217,penalty_300,300.0
2019-01-10 22:00:00,9.77513915579045,0.0,0.0,0.0,0.0,penalty_300,300.0
2019-01-10 23:00:00,9.262379113930766,0.0,0.0,0.0,0.0,penalty_300,300.0
2019-01-11 00:00:00,10.308022856065199,0.0,0.0,0.0,0.0,penalty_300,300.0
2019-01-11 01:00:00,10.08995762632514,0.0,0.0,0.0,0.0,penalty_300,300.0
2019-01-11 02:00:00,10.719978649877394,0.0,0.0,0.0,0.0,penalty_300,300.0
2019-01-11 03:00:00,11.136773385594228,0.0,0.0,0.0,0.0,penalty_300,300.0
2019-01-11 04:00:00,11.604616209270644,0.0,0.0,0.0,0.0,penalty_300,300.0
2019-01-11 05:00:00,10.802218165344136,0.0,0.0,0.0,0.0,penalty_300,300.0
2019-01-11 06:00:00,11.926987355808212,0.0,0.0,0.0,0.0,penalty_300,300.0
2019-01-11 07:00:00,12.58413346934905,0.0,0.0,0.0,0.0,penalty_300,300.0
2019-01-11 08:00:00,11.51944929620279,0.0,0.0,0.0,0.0,penalty_300,300.0
2019-01-11 09:00:00,10.47192616855513,0.0,0.0,0.0,0.0,penalty_300,300.0
2019-01-11 10:00:00,11.910978953209655,0.0,0.0,0.0,0.0,penalty_300,300.0
2019-01-11 11:00:00,8.024028220264091,122.649718,0.0,0.0,0.0,penalty_300,300.0
2019-01-11 12:00:00,7.681213918198472,392.058987,0.0,0.0,0.0,penalty_300,300.0
2019-01-11 13:00:00,8.615509976515202,0.0,0.0,0.0,58.0,penalty_300,300.0
2019-01-11 14:00:00,3.993845604010255,386.730312,0.0,0.0,387.3,penalty_300,300.0
2019-01-11 15:00:00,4.566082380130698,408.36727,0.0,0.0,100.0,penalty_300,300.0
2019-01-11 16:00:00,3.963575408117209,30.384504,0.0,0.0,387.3,penalty_300,300.0
2019-01-11 17:00:00,5.448678761288465,338.93208,0.0,0.0,83.330552,penalty_300,300.0
2019-01-11 18:00:00,11.667857706837665,0.0,0.0,0.0,0.0,penalty_300,300.0
2019-01-11 19:00:00,12.830014935101211,0.0,0.0,0.0,0.0,penalty_300,300.0
2019-01-11 20:00:00,10.892132755306921,0.0,0.0,0.0,0.0,penalty_300,300.0
2019-01-11 21:00:00,5.08005715329093,638.735791,0.0,0.0,0.0,penalty_300,300.0
2019-01-11 22:00:00,4.24593608204061,902.048918,0.0,0.0,42.0,penalty_300,300.0
2019-01-11 23:00:00,3.1559698173831188,241.085442,0.0,0.0,42.0,penalty_300,300.0
2019-01-12 00:00:00,10.39274642808162,0.0,0.0,0.0,0.0,penalty_300,300.0
2019-01-12 01:00:00,10.708408748442187,0.0,0.0,0.0,0.0,penalty_300,300.0
2019-01-12 02:00:00,10.441969343292152,0.0,0.0,0.0,0.0,penalty_300,300.0
2019-01-12 03:00:00,11.915552,0.0,0.0,0.0,0.0,penalty_300,300.0
2019-01-12 04:00:00,3.8267998603952043,245.240377,0.0,0.0,42.0,penalty_300,300.0
2019-01-12 05:00:00,7.9550070428215225,1317.377479,0.0,0.0,42.0,penalty_300,300.0
2019-01-12 06:00:00,5.995013753941408,1558.784156,0.0,0.0,42.0,penalty_300,300.0
2019-01-12 07:00:00,6.598460566283515,1422.226136,0.0,0.0,42.0,penalty_300,300.0
2019-01-12 08:00:00,7.751414423755019,1269.890658,0.0,0.0,42.0,penalty_300,300.0
2019-01-12 09:00:00,7.871501441479933,1214.498011,0.0,0.0,0.0,penalty_300,300.0
2019-01-12 10:00:00,8.098800542041754,260.559414,0.0,0.0,29.272195,penalty_300,300.0
2019-01-12 11:00:00,7.718502836021202,1158.414404,0.0,0.0,6.473,penalty_300,300.0
2019-01-12 12:00:00,6.7957333798021375,1428.764285,0.0,0.0,224.008377,penalty_300,300.0
2019-01-12 13:00:00,-9.740421286126239,853.593764,0.0,0.0,308.300398,penalty_300,300.0
2019-01-12 14:00:00,-8.68450534958106,1282.44587,0.0,0.0,255.5,penalty_300,300.0
2019-01-12 15:00:00,13.02730501900601,1172.907667,0.0,0.0,387.3,penalty_300,300.0
2019-01-12 16:00:00,5.702800121423216,761.121979,0.0,0.0,232.210737,penalty_300,300.0
2019-01-12 17:00:00,9.682155625381577,1183.58328,0.0,0.0,0.0,penalty_300,300.0
2019-01-12 18:00:00,9.671629547827314,616.788991,0.0,0.0,0.0,penalty_300,300.0
2019-01-12 19:00:00,14.984931885008148,0.0,0.0,0.0,0.0,penalty_300,300.0
2019-01-12 20:00:00,16.969686120599054,0.0,0.0,0.0,0.0,penalty_300,300.0
2019-01-12 21:00:00,15.985977579811168,0.0,0.0,0.0,0.0,penalty_300,300.0
2019-01-12 22:00:00,16.377451406095027,0.0,0.0,0.0,0.0,penalty_300,300.0
2019-01-12 23:00:00,16.318494292450104,0.0,262.061,0.0,0.0,penalty_300,300.0
2019-01-13 00:00:00,14.74300931991355,0.0,0.0,0.0,0.0,penalty_300,300.0
2019-01-13 01:00:00,16.582409284695114,0.0,0.0,0.0,0.0,penalty_300,300.0
2019-01-13 02:00:00,16.559049416527515,0.0,0.0,0.0,0.0,penalty_300,300.0
2019-01-13 03:00:00,16.63663594064361,0.0,0.0,0.0,0.0,penalty_300,300.0
2019-01-13 04:00:00,16.811336341142926,0.0,0.0,0.0,0.0,penalty_300,300.0
2019-01-13 05:00:00,14.856666260267836,0.0,0.0,0.0,0.0,penalty_300,300.0
2019-01-13 06:00:00,21.087840069287083,0.0,0.0,0.0,0.0,penalty_300,300.0
2019-01-13 07:00:00,23.092347757556286,0.0,0.0,0.0,0.0,penalty_300,300.0
2019-01-13 08:00:00,40.166266025047115,0.0,0.0,0.0,0.0,penalty_300,300.0
2019-01-13 09:00:00,19.850078927460558,0.0,0.0,0.0,0.0,penalty_300,300.0
2019-01-13 10:00:00,17.700999489814947,0.0,0.0,0.0,0.0,penalty_300,300.0
2019-01-13 11:00:00,16.070564191082585,0.0,0.0,0.0,0.0,penalty_300,300.0
2019-01-13 12:00:00,14.60559653098301,0.0,0.0,0.0,0.0,penalty_300,300.0
2019-01-13 13:00:00,14.484084214673475,0.0,0.0,0.0,0.0,penalty_300,300.0
2019-01-13 14:00:00,12.038396087275961,0.0,0.0,0.0,0.0,penalty_300,300.0
2019-01-13 15:00:00,14.341462908407667,0.0,0.0,0.0,0.0,penalty_300,300.0
2019-01-13 16:00:00,14.84953632167548,0.0,0.0,0.0,0.0,penalty_300,300.0
2019-01-13 17:00:00,18.541752319698762,0.0,0.0,0.0,0.0,penalty_300,300.0
2019-01-13 18:00:00,18.808686436653435,0.0,0.0,0.0,0.0,penalty_300,300.0
2019-01-13 19:00:00,19.33216584350708,0.0,0.0,0.0,0.0,penalty_300,300.0
2019-01-13 20:00:00,19.532921692913053,0.0,0.0,0.0,0.0,penalty_300,300.0
2019-01-13 21:00:00,18.868805975488623,0.0,0.0,0.0,0.0,penalty_300,300.0
2019-01-13 22:00:00,17.920548820927053,0.0,0.0,0.0,0.0,penalty_300,300.0
2019-01-13 23:00:00,15.187988408970936,0.0,0.0,0.0,0.0,penalty_300,300.0
2019-01-14 00:00:00,16.18500574034649,0.0,0.0,0.0,0.0,penalty_300,300.0
2019-01-14 01:00:00,14.986746167257525,0.0,0.0,0.0,0.0,penalty_300,300.0
2019-01-14 02:00:00,16.101490976108913,0.0,0.0,0.0,0.0,penalty_300,300.0
2019-01-14 03:00:00,15.45198432956536,0.0,0.0,0.0,0.0,penalty_300,300.0
2019-01-14 04:00:00,16.658826050492323,0.0,0.0,0.0,0.0,penalty_300,300.0
2019-01-14 05:00:00,39.75899311970848,0.0,0.0,0.0,0.0,penalty_300,300.0
2019-01-14 06:00:00,19.573389707059782,0.0,0.0,0.0,0.0,penalty_300,300.0
2019-01-14 07:00:00,29.600403222860262,0.0,0.0,0.0,0.0,penalty_300,300.0
2019-01-14 08:00:00,21.759870226830667,0.0,0.0,0.0,0.0,penalty_300,300.0
2019-01-14 09:00:00,19.79599472151244,0.0,0.0,0.0,0.0,penalty_300,300.0
2019-01-14 10:00:00,17.77098756369344,0.0,0.0,0.0,0.0,penalty_300,300.0
2019-01-14 11:00:00,18.607296047435412,0.0,0.0,0.0,0.0,penalty_300,300.0
2019-01-14 12:00:00,14.772367895911618,0.0,0.0,0.0,0.0,penalty_300,300.0
2019-01-14 13:00:00,15.703073767906558,0.0,0.0,0.0,0.0,penalty_300,300.0
2019-01-14 14:00:00,14.994857380862578,0.0,0.0,0.0,0.0,penalty_300,300.0
2019-01-14 15:00:00,15.040810772623537,0.0,0.0,0.0,0.0,penalty_300,300.0
2019-01-14 16:00:00,17.579420172142814,0.0,0.0,0.0,0.0,penalty_300,300.0
2019-01-14 17:00:00,19.247702065151266,0.0,0.0,0.0,0.0,penalty_300,300.0
2019-01-14 18:00:00,22.056500685470738,0.0,0.0,0.0,0.0,penalty_300,300.0
2019-01-14 19:00:00,24.37853978598137,0.0,0.0,0.0,0.0,penalty_300,300.0
2019-01-14 20:00:00,24.951093471671914,0.0,0.0,0.0,0.0,penalty_300,300.0
2019-01-14 21:00:00,23.96933249798923,0.0,0.0,0.0,0.0,penalty_300,300.0
2019-01-14 22:00:00,18.94402758554558,0.0,0.0,0.0,0.0,penalty_300,300.0
2019-01-14 23:00:00,19.107467422691624,0.0,54.8763,0.0,0.0,penalty_300,300.0
2019-01-15 00:00:00,18.262198574411038,0.0,0.0,0.0,0.0,penalty_300,300.0
2019-01-15 01:00:00,17.100246519402322,0.0,0.0,0.0,0.0,penalty_300,300.0
2019-01-15 02:00:00,18.529912168452217,0.0,0.0,0.0,0.0,penalty_300,300.0
2019-01-15 03:00:00,18.209328372190477,0.0,0.0,0.0,0.0,penalty_300,300.0
2019-01-15 04:00:00,14.575182987160533,0.0,0.0,0.0,0.0,penalty_300,300.0
2019-01-15 05:00:00,14.808913514090452,0.0,0.0,0.0,0.0,penalty_300,300.0
2019-01-15 06:00:00,17.909686862464085,0.0,0.0,0.0,0.0,penalty_300,300.0
2019-01-15 07:00:00,19.88304411394501,0.0,0.0,0.0,0.0,penalty_300,300.0
2019-01-15 08:00:00,21.08586935292272,0.0,0.0,0.0,0.0,penalty_300,300.0
2019-01-15 09:00:00,17.771564997719224,0.0,0.0,0.0,0.0,penalty_300,300.0
2019-01-15 10:00:00,14.499946199949385,0.0,0.0,0.0,0.0,penalty_300,300.0
2019-01-15 11:00:00,13.272783321566946,0.0,0.0,0.0,0.0,penalty_300,300.0
2019-01-15 12:00:00,10.209282952040649,191.058908,0.0,0.0,0.0,penalty_300,300.0
2019-01-15 13:00:00,11.32289949384206,0.0,0.0,0.0,0.0,penalty_300,300.0
2019-01-15 14:00:00,7.261945307125091,140.943233,0.0,0.0,56.103035,penalty_300,300.0
2019-01-15 15:00:00,16.336141546332215,0.0,0.0,0.0,0.0,penalty_300,300.0
2019-01-15 16:00:00,13.067399294551276,0.0,0.0,0.0,0.0,penalty_300,300.0
2019-01-15 17:00:00,14.176167664812144,0.0,0.0,0.0,0.0,penalty_300,300.0
2019-01-15 18:00:00,22.631429497619706,0.0,0.0,0.0,0.0,penalty_300,300.0
2019-01-15 19:00:00,23.747404473618097,0.0,0.0,0.0,0.0,penalty_300,300.0
2019-01-15 20:00:00,23.69299738290327,0.0,0.0,0.0,0.0,penalty_300,300.0
2019-01-15 21:00:00,14.359534872949178,0.0,0.0,0.0,0.0,penalty_300,300.0
2019-01-15 22:00:00,14.115644209663593,0.0,0.0,0.0,0.0,penalty_300,300.0
2019-01-15 23:00:00,12.762380365422022,0.0,214.716,0.0,0.0,penalty_300,300.0
2019-01-16 00:00:00,11.503855609316949,0.0,0.0,0.0,0.0,penalty_300,300.0
2019-01-16 01:00:00,10.964435515217227,0.0,0.0,0.0,0.0,penalty_300,300.0
2019-01-16 02:00:00,11.015452420030822,0.0,0.0,0.0,0.0,penalty_300,300.0
2019-01-16 03:00:00,10.799439714813126,0.0,0.0,0.0,0.0,penalty_300,300.0
2019-01-16 04:00:00,11.377078171756382,0.0,0.0,0.0,0.0,penalty_300,300.0
2019-01-16 05:00:00,11.48409087393334,0.0,0.0,0.0,0.0,penalty_300,300.0
2019-01-16 06:00:00,15.8930612527826,0.0,0.0,0.0,0.0,penalty_300,300.0
2019-01-16 07:00:00,16.156407331650364,0.0,0.0,0.0,0.0,penalty_300,300.0
2019-01-16 08:00:00,11.239029641680995,0.0,0.0,0.0,0.0,penalty_300,300.0
2019-01-16 09:00:00,12.366926101336315,0.0,0.0,0.0,0.0,penalty_300,300.0
2019-01-16 10:00:00,11.520027169846493,0.0,0.0,0.0,0.0,penalty_300,300.0
2019-01-16 11:00:00,8.169431460441922,372.244098,0.0,0.0,0.0,penalty_300,300.0
2019-01-16 12:00:00,5.292645121535512,1079.203866,0.0,0.0,77.307273,penalty_300,300.0
2019-01-16 13:00:00,2.781277984014906,167.213917,0.0,0.0,387.3,penalty_300,300.0
2019-01-16 14:00:00,-7.418037236518099,1001.609715,0.0,0.0,130.5,penalty_300,300.0
2019-01-16 15:00:00,-7.720555448633817,1280.920822,0.0,0.0,130.5,penalty_300,300.0
2019-01-16 16:00:00,3.6218702791106256,855.402646,0.0,0.0,100.0,penalty_300,300.0
2019-01-16 17:00:00,6.368137388754797,1173.879896,0.0,0.0,42.0,penalty_300,300.0
2019-01-16 18:00:00,10.455435210429243,0.0,0.0,0.0,0.0,penalty_300,300.0
2019-01-16 19:00:00,11.61012527795148,0.0,0.0,0.0,0.0,penalty_300,300.0
2019-01-16 20:00:00,11.962650464778974,0.0,0.0,0.0,0.0,penalty_300,300.0
2019-01-16 21:00:00,10.548648157224694,0.0,0.0,0.0,0.0,penalty_300,300.0
2019-01-16 22:00:00,10.655005887186894,0.0,0.0,0.0,0.0,penalty_300,300.0
2019-01-16 23:00:00,9.60626735721673,0.0,0.0,0.0,0.0,penalty_300,300.0
2019-01-17 00:00:00,10.850177392383511,0.0,0.0,0.0,0.0,penalty_300,300.0
2019-01-17 01:00:00,11.014643339413324,0.0,0.0,0.0,0.0,penalty_300,300.0
2019-01-17 02:00:00,10.354728534933068,0.0,0.0,0.0,0.0,penalty_300,300.0
2019-01-17 03:00:00,10.266645472752204,0.0,0.0,0.0,0.0,penalty_300,300.0
2019-01-17 04:00:00,10.485591489610403,0.0,0.0,0.0,0.0,penalty_300,300.0
2019-01-17 05:00:00,11.856579528449787,0.0,0.0,0.0,0.0,penalty_300,300.0
2019-01-17 06:00:00,12.730300258335935,0.0,0.0,0.0,0.0,penalty_300,300.0
2019-01-17 07:00:00,14.465252631213977,0.0,0.0,0.0,0.0,penalty_300,300.0
2019-01-17 08:00:00,16.446001605794027,0.0,0.0,0.0,0.0,penalty_300,300.0
2019-01-17 09:00:00,17.439751734874555,0.0,0.0,0.0,0.0,penalty_300,300.0
2019-01-17 10:00:00,16.228735589409155,0.0,0.0,0.0,0.0,penalty_300,300.0
2019-01-17 11:00:00,15.390429607646773,0.0,0.0,0.0,0.0,penalty_300,300.0
2019-01-17 12:00:00,13.166283988240384,0.0,0.0,0.0,0.0,penalty_300,300.0
2019-01-17 13:00:00,11.833416601155438,0.0,0.0,0.0,0.0,penalty_300,300.0
2019-01-17 14:00:00,11.416934667327848,0.0,0.0,0.0,0.0,penalty_300,300.0
2019-01-17 15:00:00,11.502960404527096,0.0,0.0,0.0,0.0,penalty_300,300.0
2019-01-17 16:00:00,12.654028052302259,0.0,0.0,0.0,0.0,penalty_300,300.0
2019-01-17 17:00:00,14.184405624512522,0.0,0.0,0.0,0.0,penalty_300,300.0
2019-01-17 18:00:00,18.429593721632983,0.0,0.0,0.0,0.0,penalty_300,300.0
2019-01-17 19:00:00,33.62967445616265,0.0,0.0,0.0,0.0,penalty_300,300.0
2019-01-17 20:00:00,50.095549301209665,0.0,0.0,0.0,0.0,penalty_300,300.0
2019-01-17 21:00:00,16.280227004065267,0.0,0.0,0.0,0.0,penalty_300,300.0
2019-01-17 22:00:00,11.912288543959319,0.0,0.0,0.0,0.0,penalty_300,300.0
2019-01-17 23:00:00,12.43303773610862,0.0,0.0,0.0,0.0,penalty_300,300.0
2019-01-18 00:00:00,10.35412934374509,0.0,0.0,0.0,0.0,penalty_300,300.0
2019-01-18 01:00:00,9.616105557740442,0.0,0.0,0.0,0.0,penalty_300,300.0
2019-01-18 02:00:00,8.630565936655074,0.0,0.0,0.0,0.0,penalty_300,300.0
2019-01-18 03:00:00,8.30252088744452,0.0,0.0,0.0,0.0,penalty_300,300.0
2019-01-18 04:00:00,4.808709393438994,0.0,0.0,0.0,0.0,penalty_300,300.0
2019-01-18 05:00:00,3.991073512324969,290.618437,0.0,0.0,42.0,penalty_300,300.0
2019-01-18 06:00:00,5.6246695342765625,733.608832,0.0,0.0,0.0,penalty_300,300.0
2019-01-18 07:00:00,7.942643510246946,1116.667334,0.0,0.0,0.0,penalty_300,300.0
2019-01-18 08:00:00,6.624251137311552,1346.098413,0.0,0.0,0.0,penalty_300,300.0
2019-01-18 09:00:00,7.665229266826641,1320.425622,0.0,0.0,22.891941,penalty_300,300.0
2019-01-18 10:00:00,5.870625575542012,422.961655,0.0,0.0,42.0,penalty_300,300.0
2019-01-18 11:00:00,4.206254847531716,1328.652836,0.0,0.0,384.380583,penalty_300,300.0
2019-01-18 12:00:00,-7.575958137792298,1668.908305,0.0,0.0,146.371359,penalty_300,300.0
2019-01-18 13:00:00,-7.681496391110466,1283.020135,0.0,0.0,255.5,penalty_300,300.0
2019-01-18 14:00:00,-11.640978632183783,1921.956629,0.0,0.0,255.5,penalty_300,300.0
2019-01-18 15:00:00,-9.194053076943847,1826.764341,0.0,0.0,255.5,penalty_300,300.0
2019-01-18 16:00:00,-10.037755402567988,975.736998,0.0,0.0,255.5,penalty_300,300.0
2019-01-18 17:00:00,2.5915012368615793,987.411936,0.0,0.0,256.413441,penalty_300,300.0
2019-01-18 18:00:00,4.116497159414761,618.403295,0.0,0.0,42.0,penalty_300,300.0
2019-01-18 19:00:00,5.698692382973547,476.353139,0.0,0.0,42.0,penalty_300,300.0
2019-01-18 20:00:00,3.9423969811467443,1180.842413,0.0,0.0,42.0,penalty_300,300.0
2019-01-18 21:00:00,2.421647921789259,1605.424023,0.0,0.0,42.0,penalty_300,300.0
2019-01-18 22:00:00,1.8762102078247704,758.689137,0.0,0.0,42.0,penalty_300,300.0
2019-01-18 23:00:00,2.6101654088688453,846.548156,0.0,0.0,42.0,penalty_300,300.0
2019-01-19 00:00:00,-0.2600116783927226,837.783574,0.0,0.0,42.0,penalty_300,300.0
2019-01-19 01:00:00,9.19145758842088,0.0,0.0,0.0,0.0,penalty_300,300.0
2019-01-19 02:00:00,7.292436064736203,0.0,0.0,0.0,0.0,penalty_300,300.0
2019-01-19 03:00:00,7.180993806512052,0.0,0.0,0.0,0.0,penalty_300,300.0
2019-01-19 04:00:00,12.079278710014716,0.0,0.0,0.0,0.0,penalty_300,300.0
2019-01-19 05:00:00,3.4605566384940536,247.605694,0.0,0.0,100.0,penalty_300,300.0
2019-01-19 06:00:00,4.425980257080442,964.531893,0.0,0.0,42.0,penalty_300,300.0
2019-01-19 07:00:00,5.449176558911487,1409.033397,0.0,0.0,42.0,penalty_300,300.0
2019-01-19 08:00:00,7.189179769896061,1219.381512,0.0,0.0,42.0,penalty_300,300.0
2019-01-19 09:00:00,8.283840117710527,1156.926209,0.0,0.0,0.0,penalty_300,300.0
2019-01-19 10:00:00,8.484493838624958,252.082498,0.0,0.0,0.0,penalty_300,300.0
2019-01-19 11:00:00,6.554778984246155,1210.475373,0.0,0.0,132.475197,penalty_300,300.0
2019-01-19 12:00:00,-4.768999905380255,1474.662166,0.0,0.0,93.196694,penalty_300,300.0
2019-01-19 13:00:00,-5.177481927620767,1127.404356,0.0,0.0,255.5,penalty_300,300.0
2019-01-19 14:00:00,-8.60157385102564,1798.52277,0.0,0.0,255.5,penalty_300,300.0
2019-01-19 15:00:00,-6.57468885705347,1690.500238,0.0,0.0,255.5,penalty_300,300.0
2019-01-19 16:00:00,4.956421170573588,668.962363,0.0,0.0,254.562612,penalty_300,300.0
2019-01-19 17:00:00,3.8000581324654856,1043.104251,0.0,0.0,387.3,penalty_300,300.0
2019-01-19 18:00:00,7.147147019676103,399.459388,0.0,0.0,35.153035,penalty_300,300.0
2019-01-19 19:00:00,12.35034871183998,0.0,0.0,0.0,0.0,penalty_300,300.0
2019-01-19 20:00:00,11.918637008983584,0.0,0.0,0.0,0.0,penalty_300,300.0
2019-01-19 21:00:00,11.449698000740886,0.0,0.0,0.0,0.0,penalty_300,300.0
2019-01-19 22:00:00,12.01139693139706,0.0,0.0,0.0,0.0,penalty_300,300.0
2019-01-19 23:00:00,12.63024014685626,0.0,0.0,0.0,0.0,penalty_300,300.0
2019-01-20 00:00:00,13.007266134825715,0.0,0.0,0.0,0.0,penalty_300,300.0
2019-01-20 01:00:00,12.692648351253567,0.0,0.0,0.0,0.0,penalty_300,300.0
2019-01-20 02:00:00,12.701649594134993,0.0,0.0,0.0,0.0,penalty_300,300.0
2019-01-20 03:00:00,12.63167437404041,0.0,0.0,0.0,0.0,penalty_300,300.0
2019-01-20 04:00:00,11.882880421989082,0.0,0.0,0.0,0.0,penalty_300,300.0
2019-01-20 05:00:00,13.306906321400866,0.0,0.0,0.0,0.0,penalty_300,300.0
2019-01-20 06:00:00,15.187170433939494,0.0,0.0,0.0,0.0,penalty_300,300.0
2019-01-20 07:00:00,16.287257508030063,0.0,0.0,0.0,0.0,penalty_300,300.0
2019-01-20 08:00:00,16.249217760994586,0.0,0.0,0.0,0.0,penalty_300,300.0
2019-01-20 09:00:00,13.563517798870208,0.0,0.0,0.0,0.0,penalty_300,300.0
2019-01-20 10:00:00,11.705358744583142,0.0,0.0,0.0,0.0,penalty_300,300.0
2019-01-20 11:00:00,10.962508174512632,0.0,0.0,0.0,0.0,penalty_300,300.0
2019-01-20 12:00:00,5.824714570364059,101.091771,0.0,0.0,42.0,penalty_300,300.0
2019-01-20 13:00:00,3.740120983538986,310.200149,0.0,0.0,262.3,penalty_300,300.0
2019-01-20 14:00:00,2.3871699268738946,940.42786,0.0,0.0,387.3,penalty_300,300.0
2019-01-20 15:00:00,3.170732528847135,1341.619681,0.0,0.0,252.321093,penalty_300,300.0
2019-01-20 16:00:00,2.9919765333967336,891.526732,0.0,0.0,262.3,penalty_300,300.0
2019-01-20 17:00:00,6.1215322105331165,974.057793,0.0,0.0,42.0,penalty_300,300.0
2019-01-20 18:00:00,11.292452699938346,0.0,0.0,0.0,0.0,penalty_300,300.0
2019-01-20 19:00:00,12.804047814221454,0.0,0.0,0.0,0.0,penalty_300,300.0
2019-01-20 20:00:00,12.336872747864074,0.0,0.0,0.0,0.0,penalty_300,300.0
2019-01-20 21:00:00,13.143801236219417,0.0,0.0,0.0,0.0,penalty_300,300.0
2019-01-20 22:00:00,11.30639860193386,0.0,0.0,0.0,0.0,penalty_300,300.0
2019-01-20 23:00:00,10.36528557920449,0.0,0.0,0.0,0.0,penalty_300,300.0
2019-01-21 00:00:00,10.196452856191987,0.0,0.0,0.0,0.0,penalty_300,300.0
2019-01-21 01:00:00,10.965561844729121,0.0,0.0,0.0,0.0,penalty_300,300.0
2019-01-21 02:00:00,11.250860636199116,0.0,0.0,0.0,0.0,penalty_300,300.0
2019-01-21 03:00:00,10.335226590627357,0.0,0.0,0.0,0.0,penalty_300,300.0
2019-01-21 04:00:00,9.961739150768716,0.0,0.0,0.0,0.0,penalty_300,300.0
2019-01-21 05:00:00,7.233070838627775,221.131553,0.0,0.0,42.0,penalty_300,300.0
2019-01-21 06:00:00,9.045205409258129,572.66652,0.0,0.0,0.0,penalty_300,300.0
2019-01-21 07:00:00,9.392434764064246,765.320847,0.0,0.0,0.0,penalty_300,300.0
2019-01-21 08:00:00,9.799897763254801,1259.461017,0.0,0.0,0.0,penalty_300,300.0
2019-01-21 09:00:00,9.588034330027732,1286.510916,0.0,0.0,0.0,penalty_300,300.0
2019-01-21 10:00:00,8.186712276446446,426.727368,0.0,0.0,42.0,penalty_300,300.0
2019-01-21 11:00:00,5.1525005864205795,1362.260777,0.0,0.0,262.3,penalty_300,300.0
2019-01-21 12:00:00,-7.032207897675642,1685.964633,0.0,0.0,130.5,penalty_300,300.0
2019-01-21 13:00:00,-10.757278667274262,844.146756,0.0,0.0,292.030865,penalty_300,300.0
2019-01-21 14:00:00,-11.721312191709666,1621.081208,0.0,0.0,255.5,penalty_300,300.0
2019-01-21 15:00:00,-10.328462897218438,1671.399168,0.0,0.0,269.059962,penalty_300,300.0
2019-01-21 16:00:00,-10.15555430243461,1042.96534,0.0,0.0,255.5,penalty_300,300.0
2019-01-21 17:00:00,3.2577764806896803,1401.11946,0.0,0.0,100.0,penalty_300,300.0
2019-01-21 18:00:00,5.3895397507356995,1116.461242,0.0,0.0,42.0,penalty_300,300.0
2019-01-21 19:00:00,5.982483517078619,871.695115,0.0,0.0,42.0,penalty_300,300.0
2019-01-21 20:00:00,4.80111901796618,1143.748317,0.0,0.0,42.0,penalty_300,300.0
2019-01-21 21:00:00,3.1915527430237813,1568.787362,0.0,0.0,42.0,penalty_300,300.0
2019-01-21 22:00:00,1.3632524114453153,1590.67591,0.0,0.0,42.0,penalty_300,300.0
2019-01-21 23:00:00,-0.4491193254284846,1619.733626,0.0,0.0,93.757686,penalty_300,300.0
2019-01-22 00:00:00,0.9968374310918438,1628.261279,0.0,0.0,42.0,penalty_300,300.0
2019-01-22 01:00:00,0.986574662969409,1544.401051,0.0,0.0,100.0,penalty_300,300.0
2019-01-22 02:00:00,0.7594273092397451,1592.198434,0.0,0.0,42.0,penalty_300,300.0
2019-01-22 03:00:00,0.30277428420958646,1556.159695,0.0,0.0,100.0,penalty_300,300.0
2019-01-22 04:00:00,1.239319939481617,1488.499535,0.0,0.0,84.60783,penalty_300,300.0
2019-01-22 05:00:00,2.227055131186122,1503.742311,0.0,0.0,42.0,penalty_300,300.0
2019-01-22 06:00:00,5.1392509502909025,1235.770769,0.0,0.0,42.0,penalty_300,300.0
2019-01-22 07:00:00,5.006702870200818,945.276094,0.0,0.0,42.0,penalty_300,300.0
2019-01-22 08:00:00,5.547420564535599,607.812859,0.0,0.0,42.0,penalty_300,300.0
2019-01-22 09:00:00,6.7547676033835025,771.970704,0.0,0.0,42.0,penalty_300,300.0
2019-01-22 10:00:00,5.307043074857995,276.674524,0.0,0.0,42.0,penalty_300,300.0
2019-01-22 11:00:00,3.915568888376745,151.535818,0.0,0.0,262.3,penalty_300,300.0
2019-01-22 12:00:00,4.052020225218865,148.263318,0.0,0.0,387.3,penalty_300,300.0
2019-01-22 13:00:00,-2.484751777156673,682.309849,0.0,0.0,255.5,penalty_300,300.0
2019-01-22 14:00:00,-3.22579945261456,666.166775,0.0,0.0,255.5,penalty_300,300.0
2019-01-22 15:00:00,-9.418827861473934,745.171598,0.0,0.0,255.5,penalty_300,300.0
2019-01-22 16:00:00,-4.865516858361061,99.419741,0.0,0.0,130.5,penalty_300,300.0
2019-01-22 17:00:00,3.5173823569613125,366.364467,0.0,0.0,262.3,penalty_300,300.0
2019-01-22 18:00:00,7.157006879618117,986.145496,0.0,0.0,0.0,penalty_300,300.0
2019-01-22 19:00:00,7.373785528159012,809.781014,0.0,0.0,0.0,penalty_300,300.0
2019-01-22 20:00:00,6.907889997847374,1071.0954,0.0,0.0,0.0,penalty_300,300.0
2019-01-22 21:00:00,5.043181517852152,1508.06426,0.0,0.0,0.0,penalty_300,300.0
2019-01-22 22:00:00,4.587389309949805,1500.325912,0.0,0.0,0.0,penalty_300,300.0
2019-01-22 23:00:00,4.056084957367145,1478.541743,0.0,0.0,14.883856,penalty_300,300.0
2019-01-23 00:00:00,5.803958959783042,1474.394877,0.0,0.0,42.0,penalty_300,300.0
2019-01-23 01:00:00,7.584561291907001,1255.674581,0.0,0.0,42.0,penalty_300,300.0
2019-01-23 02:00:00,5.717288118321657,1224.899733,0.0,0.0,0.0,penalty_300,300.0
2019-01-23 03:00:00,5.629109516556545,394.260185,0.0,0.0,0.0,penalty_300,300.0
2019-01-23 04:00:00,11.786213632208915,0.0,0.0,0.0,0.0,penalty_300,300.0
2019-01-23 05:00:00,12.786392376004335,0.0,0.0,0.0,0.0,penalty_300,300.0
2019-01-23 06:00:00,16.803711377701767,0.0,0.0,0.0,0.0,penalty_300,300.0
2019-01-23 07:00:00,18.114361305712013,0.0,0.0,0.0,0.0,penalty_300,300.0
2019-01-23 08:00:00,18.989295102719673,0.0,0.0,0.0,0.0,penalty_300,300.0
2019-01-23 09:00:00,17.096318616438523,0.0,0.0,0.0,0.0,penalty_300,300.0
2019-01-23 10:00:00,16.304894926915118,0.0,0.0,0.0,0.0,penalty_300,300.0
2019-01-23 11:00:00,14.522969368598302,0.0,0.0,0.0,0.0,penalty_300,300.0
2019-01-23 12:00:00,13.15861396516825,0.0,0.0,0.0,0.0,penalty_300,300.0
2019-01-23 13:00:00,2.3702741490663812,269.811133,0.0,0.0,361.121957,penalty_300,300.0
2019-01-23 14:00:00,2.0344097700041504,540.579544,0.0,0.0,88.5,penalty_300,300.0
2019-01-23 15:00:00,2.9455783454893654,634.500396,0.0,0.0,88.5,penalty_300,300.0
2019-01-23 16:00:00,3.7534775772299005,414.316528,0.0,0.0,88.5,penalty_300,300.0
2019-01-23 17:00:00,14.372746094658515,0.0,0.0,0.0,0.0,penalty_300,300.0
2019-01-23 18:00:00,15.482529401484815,0.0,0.0,0.0,0.0,penalty_300,300.0
2019-01-23 19:00:00,21.426683921396627,0.0,0.0,0.0,0.0,penalty_300,300.0
2019-01-23 20:00:00,38.82258398082725,0.0,0.0,0.0,0.0,penalty_300,300.0
2019-01-23 21:00:00,30.53815807217969,0.0,0.0,0.0,0.0,penalty_300,300.0
2019-01-23 22:00:00,19.1496706714675,0.0,0.0,0.0,0.0,penalty_300,300.0
2019-01-23 23:00:00,16.81832748786369,0.0,0.0,0.0,0.0,penalty_300,300.0
2019-01-24 00:00:00,17.22013041813242,0.0,0.0,0.0,0.0,penalty_300,300.0
2019-01-24 01:00:00,14.794097732219232,0.0,0.0,0.0,0.0,penalty_300,300.0
2019-01-24 02:00:00,16.36944618168648,0.0,0.0,0.0,0.0,penalty_300,300.0
2019-01-24 03:00:00,17.7684195580172,0.0,0.0,0.0,0.0,penalty_300,300.0
2019-01-24 04:00:00,18.100078698969746,0.0,0.0,0.0,0.0,penalty_300,300.0
2019-01-24 05:00:00,17.6139173215741,0.0,0.0,0.0,0.0,penalty_300,300.0
2019-01-24 06:00:00,22.544752088373183,0.0,0.0,0.0,0.0,penalty_300,300.0
2019-01-24 07:00:00,23.298559380860514,0.0,0.0,0.0,0.0,penalty_300,300.0
2019-01-24 08:00:00,21.599097873980764,0.0,0.0,0.0,0.0,penalty_300,300.0
2019-01-24 09:00:00,15.498855607260491,0.0,0.0,0.0,0.0,penalty_300,300.0
2019-01-24 10:00:00,11.75350634924546,0.0,0.0,0.0,0.0,penalty_300,300.0
2019-01-24 11:00:00,10.813426468085797,0.0,0.0,0.0,0.0,penalty_300,300.0
2019-01-24 12:00:00,-3.201447542381145,71.833486,0.0,0.0,88.5,penalty_300,300.0
2019-01-24 13:00:00,-6.7570110667523595,1097.884922,0.0,0.0,130.5,penalty_300,300.0
2019-01-24 14:00:00,-7.7337671958553535,1851.980649,0.0,0.0,130.5,penalty_300,300.0
2019-01-24 15:00:00,-8.328963599644428,1851.248199,0.0,0.0,130.5,penalty_300,300.0
2019-01-24 16:00:00,-7.788557076874661,1071.816597,0.0,0.0,130.5,penalty_300,300.0
2019-01-24 17:00:00,5.50057639752074,1241.267261,0.0,0.0,42.0,penalty_300,300.0
2019-01-24 18:00:00,7.329670287125859,895.425321,0.0,0.0,42.0,penalty_300,300.0
2019-01-24 19:00:00,10.344438378238396,0.0,0.0,0.0,0.0,penalty_300,300.0
2019-01-24 20:00:00,10.961887926330828,0.0,0.0,0.0,0.0,penalty_300,300.0
2019-01-24 21:00:00,11.68291409653357,0.0,0.0,0.0,0.0,penalty_300,300.0
2019-01-24 22:00:00,10.533268273734167,0.0,0.0,0.0,0.0,penalty_300,300.0
2019-01-24 23:00:00,9.299456310852321,0.0,0.0,0.0,0.0,penalty_300,300.0
2019-01-25 00:00:00,10.056517453634811,0.0,0.0,0.0,0.0,penalty_300,300.0
2019-01-25 01:00:00,11.337111312167853,0.0,0.0,0.0,0.0,penalty_300,300.0
2019-01-25 02:00:00,11.41288532899906,0.0,0.0,0.0,0.0,penalty_300,300.0
2019-01-25 03:00:00,11.770430956323452,0.0,0.0,0.0,0.0,penalty_300,300.0
2019-01-25 04:00:00,11.717378411001308,0.0,0.0,0.0,0.0,penalty_300,300.0
2019-01-25 05:00:00,13.641810537677532,0.0,0.0,0.0,0.0,penalty_300,300.0
2019-01-25 06:00:00,20.739891836856067,0.0,0.0,0.0,0.0,penalty_300,300.0
2019-01-25 07:00:00,20.821136802187546,0.0,0.0,0.0,0.0,penalty_300,300.0
2019-01-25 08:00:00,21.921445837938254,0.0,0.0,0.0,0.0,penalty_300,300.0
2019-01-25 09:00:00,41.510907963000975,0.0,0.0,0.0,0.0,penalty_300,300.0
2019-01-25 10:00:00,19.85893548309977,0.0,0.0,0.0,0.0,penalty_300,300.0
2019-01-25 11:00:00,16.1675016993253,0.0,0.0,0.0,0.0,penalty_300,300.0
2019-01-25 12:00:00,12.990533478711777,0.0,0.0,0.0,0.0,penalty_300,300.0
2019-01-25 13:00:00,-0.4905656637514017,0.0,0.0,0.0,58.0,penalty_300,300.0
2019-01-25 14:00:00,-0.7925205671917115,0.0,0.0,0.0,345.3,penalty_300,300.0
2019-01-25 15:00:00,11.779099184150393,0.0,0.0,0.0,0.0,penalty_300,300.0
2019-01-25 16:00:00,13.382623172157201,0.0,0.0,0.0,0.0,penalty_300,300.0
2019-01-25 17:00:00,14.465760536364936,0.0,0.0,0.0,0.0,penalty_300,300.0
2019-01-25 18:00:00,21.069404783346084,0.0,0.0,0.0,0.0,penalty_300,300.0
2019-01-25 19:00:00,23.936802842481494,0.0,0.0,0.0,0.0,penalty_300,300.0
2019-01-25 20:00:00,22.916708911267584,0.0,0.0,0.0,0.0,penalty_300,300.0
2019-01-25 21:00:00,21.946456711909935,0.0,0.0,0.0,0.0,penalty_300,300.0
2019-01-25 22:00:00,14.908650691530953,0.0,0.0,0.0,0.0,penalty_300,300.0
2019-01-25 23:00:00,15.729198433852622,0.0,0.0,0.0,0.0,penalty_300,300.0
2019-01-26 00:00:00,14.825640006484115,0.0,0.0,0.0,0.0,penalty_300,300.0
2019-01-26 01:00:00,14.274840511198258,0.0,0.0,0.0,0.0,penalty_300,300.0
2019-01-26 02:00:00,15.48933052179865,0.0,0.0,0.0,0.0,penalty_300,300.0
2019-01-26 03:00:00,15.45861024193653,0.0,0.0,0.0,0.0,penalty_300,300.0
2019-01-26 04:00:00,90.62722575793536,0.0,0.0,0.0,0.0,penalty_300,300.0
2019-01-26 05:00:00,16.61245700213039,0.0,0.0,0.0,0.0,penalty_300,300.0
2019-01-26 06:00:00,18.433134724102647,0.0,0.0,0.0,0.0,penalty_300,300.0
2019-01-26 07:00:00,19.382436539506827,0.0,0.0,0.0,0.0,penalty_300,300.0
2019-01-26 08:00:00,20.57947471147251,0.0,0.0,0.0,0.0,penalty_300,300.0
2019-01-26 09:00:00,17.976594815184608,0.0,0.0,0.0,0.0,penalty_300,300.0
2019-01-26 10:00:00,18.053282578603906,0.0,0.0,0.0,0.0,penalty_300,300.0
2019-01-26 11:00:00,22.156599208875445,0.0,0.0,0.0,0.0,penalty_300,300.0
2019-01-26 12:00:00,12.84341444827052,0.0,0.0,0.0,0.0,penalty_300,300.0
2019-01-26 13:00:00,11.320385115494492,0.0,0.0,0.0,0.0,penalty_300,300.0
2019-01-26 14:00:00,10.869023325126854,0.0,0.0,0.0,0.0,penalty_300,300.0
2019-01-26 15:00:00,10.336641180435493,0.0,0.0,0.0,0.0,penalty_300,300.0
2019-01-26 16:00:00,10.382648776085729,0.0,0.0,0.0,0.0,penalty_300,300.0
2019-01-26 17:00:00,11.174017787627664,0.0,0.0,0.0,0.0,penalty_300,300.0
2019-01-26 18:00:00,13.778503273978888,0.0,0.0,0.0,0.0,penalty_300,300.0
2019-01-26 19:00:00,20.797613838092154,0.0,0.0,0.0,0.0,penalty_300,300.0
2019-01-26 20:00:00,20.8317579356728,0.0,0.0,0.0,0.0,penalty_300,300.0
2019-01-26 21:00:00,19.40324035707702,0.0,0.0,0.0,0.0,penalty_300,300.0
2019-01-26 22:00:00,13.581692198950275,0.0,0.0,0.0,0.0,penalty_300,300.0
2019-01-26 23:00:00,14.101758547891476,0.0,0.0,0.0,0.0,penalty_300,300.0
2019-01-27 00:00:00,13.730793571933317,0.0,0.0,0.0,0.0,penalty_300,300.0
2019-01-27 01:00:00,16.19501178425527,0.0,0.0,0.0,0.0,penalty_300,300.0
2019-01-27 02:00:00,16.27126921915565,0.0,0.0,0.0,0.0,penalty_300,300.0
2019-01-27 03:00:00,17.892459283675944,0.0,0.0,0.0,0.0,penalty_300,300.0
2019-01-27 04:00:00,16.784478244394965,0.0,0.0,0.0,0.0,penalty_300,300.0
2019-01-27 05:00:00,18.596935318235367,0.0,0.0,0.0,0.0,penalty_300,300.0
2019-01-27 06:00:00,21.169590356742564,0.0,0.0,0.0,0.0,penalty_300,300.0
2019-01-27 07:00:00,17.196114813460127,0.0,0.0,0.0,0.0,penalty_300,300.0
2019-01-27 08:00:00,21.701766165446312,0.0,0.0,0.0,0.0,penalty_300,300.0
2019-01-27 09:00:00,46.670935563464624,0.0,0.0,0.0,0.0,penalty_300,300.0
2019-01-27 10:00:00,15.933097729580014,0.0,0.0,0.0,0.0,penalty_300,300.0
2019-01-27 11:00:00,13.199928728322801,0.0,0.0,0.0,0.0,penalty_300,300.0
2019-01-27 12:00:00,12.521550636342875,0.0,0.0,0.0,0.0,penalty_300,300.0
2019-01-27 13:00:00,3.1646665396082065,0.0,0.0,0.0,58.0,penalty_300,300.0
2019-01-27 14:00:00,-0.3992046183867978,139.104556,0.0,0.0,88.5,penalty_300,300.0
2019-01-27 15:00:00,-0.629301514123739,10.864544,0.0,0.0,88.5,penalty_300,300.0
2019-01-27 16:00:00,11.965044355428475,0.0,0.0,0.0,0.0,penalty_300,300.0
2019-01-27 17:00:00,16.59962046855262,0.0,0.0,0.0,0.0,penalty_300,300.0
2019-01-27 18:00:00,12.992511905733584,0.0,0.0,0.0,0.0,penalty_300,300.0
2019-01-27 19:00:00,16.92522282329532,0.0,0.0,0.0,0.0,penalty_300,300.0
2019-01-27 20:00:00,16.218059875711244,0.0,0.0,0.0,0.0,penalty_300,300.0
2019-01-27 21:00:00,14.41682176456856,0.0,0.0,0.0,0.0,penalty_300,300.0
2019-01-27 22:00:00,12.769373441824486,0.0,0.0,0.0,0.0,penalty_300,300.0
2019-01-27 23:00:00,11.583150933663193,0.0,0.0,0.0,0.0,penalty_300,300.0
2019-01-28 00:00:00,10.388165779558635,0.0,0.0,0.0,0.0,penalty_300,300.0
2019-01-28 01:00:00,7.5129492038626795,0.0,0.0,0.0,0.0,penalty_300,300.0
2019-01-28 02:00:00,10.529132684090932,0.0,0.0,0.0,0.0,penalty_300,300.0
2019-01-28 03:00:00,10.056761988177724,0.0,0.0,0.0,0.0,penalty_300,300.0
2019-01-28 04:00:00,10.404264633825465,0.0,0.0,0.0,0.0,penalty_300,300.0
2019-01-28 05:00:00,11.140633780115966,0.0,0.0,0.0,0.0,penalty_300,300.0
2019-01-28 06:00:00,13.127150160208549,0.0,0.0,0.0,0.0,penalty_300,300.0
2019-01-28 07:00:00,13.203929103116014,0.0,0.0,0.0,0.0,penalty_300,300.0
2019-01-28 08:00:00,14.190802475125293,0.0,0.0,0.0,0.0,penalty_300,300.0
2019-01-28 09:00:00,12.163699755741973,0.0,0.0,0.0,0.0,penalty_300,300.0
2019-01-28 10:00:00,11.375830617298682,0.0,0.0,0.0,0.0,penalty_300,300.0
2019-01-28 11:00:00,8.674416498321923,692.345711,0.0,0.0,0.0,penalty_300,300.0
2019-01-28 12:00:00,-7.6387786119408,1178.696101,0.0,0.0,170.830714,penalty_300,300.0
2019-01-28 13:00:00,6.971077985674068,797.755766,0.0,0.0,375.8,penalty_300,300.0
2019-01-28 14:00:00,5.445157164784593,830.567215,0.0,0.0,188.124924,penalty_300,300.0
2019-01-28 15:00:00,0.27916877764723913,606.250697,0.0,0.0,255.5,penalty_300,300.0
2019-01-28 16:00:00,-1.2862163150125312,231.033546,0.0,0.0,88.5,penalty_300,300.0
2019-01-28 17:00:00,3.554791565404744,1017.856875,0.0,0.0,220.3,penalty_300,300.0
2019-01-28 18:00:00,5.451667594909721,1088.919609,0.0,0.0,49.274817,penalty_300,300.0
2019-01-28 19:00:00,8.983730018117772,844.56985,0.0,0.0,0.0,penalty_300,300.0
2019-01-28 20:00:00,7.988850999373065,1048.148175,0.0,0.0,0.0,penalty_300,300.0
2019-01-28 21:00:00,6.033734183927252,1396.816101,0.0,0.0,0.0,penalty_300,300.0
2019-01-28 22:00:00,5.617803837305279,333.415453,0.0,0.0,42.0,penalty_300,300.0
2019-01-28 23:00:00,10.528276743273777,0.0,0.0,0.0,0.0,penalty_300,300.0
2019-01-29 00:00:00,10.820667547260669,0.0,0.0,0.0,0.0,penalty_300,300.0
2019-01-29 01:00:00,10.936063596938268,0.0,0.0,0.0,0.0,penalty_300,300.0
2019-01-29 02:00:00,11.039726394076931,0.0,0.0,0.0,0.0,penalty_300,300.0
2019-01-29 03:00:00,10.946512408353408,0.0,0.0,0.0,0.0,penalty_300,300.0
2019-01-29 04:00:00,12.764436942844842,0.0,0.0,0.0,0.0,penalty_300,300.0
2019-01-29 05:00:00,14.734605239254037,0.0,0.0,0.0,0.0,penalty_300,300.0
2019-01-29 06:00:00,18.61007531467803,0.0,0.0,0.0,0.0,penalty_300,300.0
2019-01-29 07:00:00,44.39330418818759,0.0,0.0,0.0,0.0,penalty_300,300.0
2019-01-29 08:00:00,21.747652886890297,0.0,0.0,0.0,0.0,penalty_300,300.0
2019-01-29 09:00:00,17.23197447267198,0.0,0.0,0.0,0.0,penalty_300,300.0
2019-01-29 10:00:00,16.002403473353628,0.0,0.0,0.0,0.0,penalty_300,300.0
2019-01-29 11:00:00,12.942156457603554,0.0,0.0,0.0,0.0,penalty_300,300.0
2019-01-29 12:00:00,12.16912735890495,0.0,0.0,0.0,0.0,penalty_300,300.0
2019-01-29 13:00:00,11.197631194569158,0.0,0.0,0.0,0.0,penalty_300,300.0
2019-01-29 14:00:00,6.867749575699443,23.952602,0.0,0.0,42.0,penalty_300,300.0
2019-01-29 15:00:00,7.326487796827611,99.019867,0.0,0.0,42.0,penalty_300,300.0
2019-01-29 16:00:00,9.753939700154408,0.0,0.0,0.0,36.450369,penalty_300,300.0
2019-01-29 17:00:00,19.212417717471457,0.0,0.0,0.0,46.916,penalty_300,300.0
2019-01-29 18:00:00,12.71871268403035,0.0,0.0,0.0,0.0,penalty_300,300.0
2019-01-29 19:00:00,17.955637098620503,0.0,0.0,0.0,0.0,penalty_300,300.0
2019-01-29 20:00:00,19.29301321994324,0.0,0.0,0.0,0.0,penalty_300,300.0
2019-01-29 21:00:00,18.835604314013512,0.0,0.0,0.0,0.0,penalty_300,300.0
2019-01-29 22:00:00,16.920734479472472,0.0,0.0,0.0,0.0,penalty_300,300.0
2019-01-29 23:00:00,13.511433408396435,0.0,0.0,0.0,0.0,penalty_300,300.0
2019-01-30 00:00:00,12.427906667493827,0.0,0.0,0.0,0.0,penalty_300,300.0
2019-01-30 01:00:00,11.415300249945547,0.0,0.0,0.0,0.0,penalty_300,300.0
2019-01-30 02:00:00,13.13417494899607,0.0,0.0,0.0,0.0,penalty_300,300.0
2019-01-30 03:00:00,13.598086016432843,0.0,0.0,0.0,0.0,penalty_300,300.0
2019-01-30 04:00:00,13.938376810350023,0.0,0.0,0.0,0.0,penalty_300,300.0
2019-01-30 05:00:00,17.41516136091943,0.0,0.0,0.0,0.0,penalty_300,300.0
2019-01-30 06:00:00,19.110224959740066,0.0,0.0,0.0,0.0,penalty_300,300.0
2019-01-30 07:00:00,23.800303560602696,0.0,0.0,0.0,0.0,penalty_300,300.0
2019-01-30 08:00:00,17.52573004625298,0.0,0.0,0.0,0.0,penalty_300,300.0
2019-01-30 09:00:00,17.313811099561857,0.0,0.0,0.0,0.0,penalty_300,300.0
2019-01-30 10:00:00,14.79670635768258,0.0,0.0,0.0,0.0,penalty_300,300.0
2019-01-30 11:00:00,12.264094962902297,0.0,0.0,0.0,0.0,penalty_300,300.0
2019-01-30 12:00:00,11.542065700845658,0.0,0.0,0.0,0.0,penalty_300,300.0
2019-01-30 13:00:00,11.281973861920745,0.0,0.0,0.0,0.0,penalty_300,300.0
2019-01-30 14:00:00,2.5246718742866285,473.93207,0.0,0.0,387.3,penalty_300,300.0
2019-01-30 15:00:00,4.612085628626152,1349.07892,0.0,0.0,122.725844,penalty_300,300.0
2019-01-30 16:00:00,6.931275328766877,935.400778,0.0,0.0,42.0,penalty_300,300.0
2019-01-30 17:00:00,8.320009068676887,1292.405513,0.0,0.0,42.0,penalty_300,300.0
2019-01-30 18:00:00,10.693396721902571,0.0,0.0,0.0,0.0,penalty_300,300.0
2019-01-30 19:00:00,12.070571415059408,0.0,0.0,0.0,0.0,penalty_300,300.0
2019-01-30 20:00:00,13.634794966513596,0.0,0.0,0.0,0.0,penalty_300,300.0
2019-01-30 21:00:00,13.186617593306657,0.0,0.0,0.0,0.0,penalty_300,300.0
2019-01-30 22:00:00,10.891754755375276,0.0,0.0,0.0,0.0,penalty_300,300.0
2019-01-30 23:00:00,10.829070477705036,0.0,0.0,0.0,0.0,penalty_300,300.0
2019-01-31 00:00:00,11.770337185937858,0.0,0.0,0.0,0.0,penalty_300,300.0
2019-01-31 01:00:00,12.137738566756296,0.0,0.0,0.0,0.0,penalty_300,300.0
2019-01-31 02:00:00,12.42985498387504,0.0,0.0,0.0,0.0,penalty_300,300.0
2019-01-31 03:00:00,12.20856778523636,0.0,0.0,0.0,0.0,penalty_300,300.0
2019-01-31 04:00:00,12.39095299321561,0.0,0.0,0.0,0.0,penalty_300,300.0
2019-01-31 05:00:00,11.481831712351136,0.0,0.0,0.0,0.0,penalty_300,300.0
2019-01-31 06:00:00,13.2819784672003,0.0,0.0,0.0,0.0,penalty_300,300.0
2019-01-31 07:00:00,13.730657476144357,0.0,0.0,0.0,0.0,penalty_300,300.0
2019-01-31 08:00:00,11.589229904133358,0.0,0.0,0.0,0.0,penalty_300,300.0
2019-01-31 09:00:00,9.181888283610027,15.072705,0.0,0.0,0.0,penalty_300,300.0
2019-01-31 10:00:00,12.727645210931211,0.0,0.0,0.0,0.0,penalty_300,300.0
2019-01-31 11:00:00,8.21141925351481,854.492184,0.0,0.0,0.0,penalty_300,300.0
2019-01-31 12:00:00,7.44949572720606,1095.987481,0.0,0.0,11.137974,penalty_300,300.0
2019-01-31 13:00:00,-5.4014663219390755,164.294717,0.0,0.0,130.5,penalty_300,300.0
2019-01-31 14:00:00,-5.154517669326444,642.481324,0.0,0.0,103.609473,penalty_300,300.0
2019-01-31 15:00:00,7.3972384097593205,107.551013,0.0,0.0,150.558341,penalty_300,300.0
2019-01-31 16:00:00,11.851701327666204,0.0,0.0,0.0,0.0,penalty_300,300.0
2019-01-31 17:00:00,14.029101408781715,0.0,0.0,0.0,0.0,penalty_300,300.0
2019-01-31 18:00:00,15.072446366055452,0.0,0.0,0.0,0.0,penalty_300,300.0
2019-01-31 19:00:00,20.409771530954576,0.0,0.0,0.0,0.0,penalty_300,300.0
2019-01-31 20:00:00,18.37780754700676,0.0,0.0,0.0,0.0,penalty_300,300.0
2019-01-31 21:00:00,12.351264449715046,0.0,0.0,0.0,0.0,penalty_300,300.0
2019-01-31 22:00:00,10.768145382803416,0.0,0.0,0.0,0.0,penalty_300,300.0
2019-01-31 23:00:00,9.899524410714143,0.0,0.0,0.0,0.0,penalty_300,300.0
2019-02-01 00:00:00,23.193032341985713,0.0,0.0,0.0,0.0,penalty_300,300.0
2019-02-01 01:00:00,10.628728844590158,0.0,0.0,0.0,0.0,penalty_300,300.0
2019-02-01 02:00:00,14.483569742030708,0.0,0.0,0.0,0.0,penalty_300,300.0
2019-02-01 03:00:00,12.926559032101958,0.0,0.0,0.0,0.0,penalty_300,300.0
2019-02-01 04:00:00,18.384628760851843,0.0,0.0,0.0,0.0,penalty_300,300.0
2019-02-01 05:00:00,12.935329423572114,0.0,0.0,0.0,0.0,penalty_300,300.0
2019-02-01 06:00:00,14.550199422215927,0.0,0.0,0.0,0.0,penalty_300,300.0
2019-02-01 07:00:00,14.245310777422162,0.0,0.0,0.0,0.0,penalty_300,300.0
2019-02-01 08:00:00,14.22107500879102,0.0,0.0,0.0,0.0,penalty_300,300.0
2019-02-01 09:00:00,13.830522849674386,0.0,0.0,0.0,0.0,penalty_300,300.0
2019-02-01 10:00:00,13.429066044453988,0.0,0.0,0.0,0.0,penalty_300,300.0
2019-02-01 11:00:00,12.66296641128302,0.0,0.0,0.0,0.0,penalty_300,300.0
2019-02-01 12:00:00,12.060023147229535,0.0,0.0,0.0,0.0,penalty_300,300.0
2019-02-01 13:00:00,10.56325719310321,0.0,0.0,0.0,0.0,penalty_300,300.0
2019-02-01 14:00:00,11.070376969060513,0.0,0.0,0.0,0.0,penalty_300,300.0
2019-02-01 15:00:00,5.678358161892041,150.577377,0.0,0.0,262.3,penalty_300,300.0
2019-02-01 16:00:00,5.054909423450491,217.484128,0.0,0.0,338.439134,penalty_300,300.0
2019-02-01 17:00:00,16.730902335049866,0.0,0.0,0.0,0.0,penalty_300,300.0
2019-02-01 18:00:00,12.458546730593548,0.0,0.0,0.0,0.0,penalty_300,300.0
2019-02-01 19:00:00,17.889882948454304,0.0,0.0,0.0,0.0,penalty_300,300.0
2019-02-01 20:00:00,14.365152720534747,0.0,0.0,0.0,0.0,penalty_300,300.0
2019-02-01 21:00:00,11.008378621450893,0.0,0.0,0.0,0.0,penalty_300,300.0
2019-02-01 22:00:00,10.943615232090238,0.0,0.0,0.0,0.0,penalty_300,300.0
2019-02-01 23:00:00,10.354541745220075,0.0,0.0,0.0,0.0,penalty_300,300.0
2019-02-02 00:00:00,9.410200730219383,0.0,0.0,0.0,0.0,penalty_300,300.0
2019-02-02 01:00:00,9.94518155912503,0.0,0.0,0.0,0.0,penalty_300,300.0
2019-02-02 02:00:00,9.77802952995758,0.0,0.0,0.0,0.0,penalty_300,300.0
2019-02-02 03:00:00,9.663183248010492,0.0,0.0,0.0,0.0,penalty_300,300.0
2019-02-02 04:00:00,10.41476062739258,0.0,0.0,0.0,0.0,penalty_300,300.0
2019-02-02 05:00:00,10.442319903398499,0.0,0.0,0.0,0.0,penalty_300,300.0
2019-02-02 06:00:00,10.475011660406382,0.0,0.0,0.0,0.0,penalty_300,300.0
2019-02-02 07:00:00,9.668565968141948,0.0,0.0,0.0,0.0,penalty_300,300.0
2019-02-02 08:00:00,10.104021885243606,0.0,0.0,0.0,0.0,penalty_300,300.0
2019-02-02 09:00:00,10.473737917383087,0.0,0.0,0.0,0.0,penalty_300,300.0
2019-02-02 10:00:00,10.351423585146353,0.0,0.0,0.0,0.0,penalty_300,300.0
2019-02-02 11:00:00,5.49661325709131,36.638477,0.0,0.0,47.364802,penalty_300,300.0
2019-02-02 12:00:00,3.956614942975525,1337.149115,0.0,0.0,292.8,penalty_300,300.0
2019-02-02 13:00:00,-10.309477593146024,860.361217,0.0,0.0,386.508292,penalty_300,300.0
2019-02-02 14:00:00,-12.482764564961256,1618.676468,0.0,0.0,417.8,penalty_300,300.0
2019-02-02 15:00:00,-9.935964332298438,1638.921447,0.0,0.0,130.548631,penalty_300,300.0
2019-02-02 16:00:00,1.605219542488516,861.43326,0.0,0.0,387.3,penalty_300,300.0
2019-02-02 17:00:00,3.4095382975360975,457.169473,0.0,0.0,100.0,penalty_300,300.0
2019-02-02 18:00:00,9.978919470757495,0.0,0.0,0.0,0.0,penalty_300,300.0
2019-02-02 19:00:00,10.522779000000003,0.0,0.0,0.0,0.0,penalty_300,300.0
2019-02-02 20:00:00,9.944436002398723,0.0,0.0,0.0,0.0,penalty_300,300.0
2019-02-02 21:00:00,9.335271607164369,0.0,0.0,0.0,0.0,penalty_300,300.0
2019-02-02 22:00:00,3.948203934874967,367.957942,0.0,0.0,42.0,penalty_300,300.0
2019-02-02 23:00:00,2.878483688574358,924.876379,0.0,0.0,42.0,penalty_300,300.0
2019-02-03 00:00:00,2.2175094888704594,1465.075325,0.0,0.0,42.0,penalty_300,300.0
2019-02-03 01:00:00,2.4403140110089416,1466.783971,0.0,0.0,42.0,penalty_300,300.0
2019-02-03 02:00:00,3.259490868242733,1479.967586,0.0,0.0,42.0,penalty_300,300.0
2019-02-03 03:00:00,3.109571453709713,920.753531,0.0,0.0,42.0,penalty_300,300.0
2019-02-03 04:00:00,2.1051508814373423,427.91749,0.0,0.0,42.0,penalty_300,300.0
2019-02-03 05:00:00,1.296134803526319,560.100029,0.0,0.0,42.0,penalty_300,300.0
2019-02-03 06:00:00,1.9679563331343797,693.657684,0.0,0.0,42.0,penalty_300,300.0
2019-02-03 07:00:00,2.4040556272515543,739.276691,0.0,0.0,42.0,penalty_300,300.0
2019-02-03 08:00:00,3.491813780486596,1211.840545,0.0,0.0,42.0,penalty_300,300.0
2019-02-03 09:00:00,4.061515524792461,1413.30569,0.0,0.0,42.0,penalty_300,300.0
2019-02-03 10:00:00,4.726036204337978,542.870874,0.0,0.0,42.0,penalty_300,300.0
2019-02-03 11:00:00,7.636381875268188,1469.774071,0.0,0.0,345.3,penalty_300,300.0
2019-02-03 12:00:00,-10.274471360904215,1906.135993,0.0,0.0,255.5,penalty_300,300.0
2019-02-03 13:00:00,-14.629010449963074,1185.163109,0.0,0.0,405.708366,penalty_300,300.0
2019-02-03 14:00:00,-13.530491570080194,1819.698628,0.0,0.0,255.5,penalty_300,300.0
2019-02-03 15:00:00,-9.549673585131684,1786.605405,0.0,0.0,199.61919,penalty_300,300.0
2019-02-03 16:00:00,3.1546506760331003,992.87983,0.0,0.0,359.698126,penalty_300,300.0
2019-02-03 17:00:00,8.27779008496508,1501.609795,0.0,0.0,220.3,penalty_300,300.0
2019-02-03 18:00:00,8.552619453944057,1239.391199,0.0,0.0,58.0,penalty_300,300.0
2019-02-03 19:00:00,7.40351682458683,974.280208,0.0,0.0,0.0,penalty_300,300.0
2019-02-03 20:00:00,5.483942057966805,1209.96151,0.0,0.0,42.0,penalty_300,300.0
2019-02-03 21:00:00,4.632718052076547,1651.894432,0.0,0.0,42.0,penalty_300,300.0
2019-02-03 22:00:00,4.060435664592981,1703.933738,0.0,0.0,42.0,penalty_300,300.0
2019-02-03 23:00:00,2.3859065301009488,1695.855404,0.0,0.0,42.0,penalty_300,300.0
2019-02-04 00:00:00,3.785460801960371,1644.561977,0.0,0.0,42.0,penalty_300,300.0
2019-02-04 01:00:00,2.678551284451086,1505.171762,0.0,0.0,42.0,penalty_300,300.0
2019-02-04 02:00:00,2.5509190335502634,1279.688699,0.0,0.0,42.0,penalty_300,300.0
2019-02-04 03:00:00,2.4987506692342016,802.412428,0.0,0.0,42.0,penalty_300,300.0
2019-02-04 04:00:00,1.8858237692289377,281.189606,0.0,0.0,42.0,penalty_300,300.0
2019-02-04 05:00:00,1.9171010232022512,0.0,0.0,0.0,42.0,penalty_300,300.0
2019-02-04 06:00:00,10.404874978198672,0.0,0.0,0.0,0.0,penalty_300,300.0
2019-02-04 07:00:00,10.286023792247082,0.0,0.0,0.0,0.0,penalty_300,300.0
2019-02-04 08:00:00,10.475535827687871,0.0,0.0,0.0,0.0,penalty_300,300.0
2019-02-04 09:00:00,9.577259833622783,0.0,0.0,0.0,0.0,penalty_300,300.0
2019-02-04 10:00:00,10.081909781482418,0.0,0.0,0.0,0.0,penalty_300,300.0
2019-02-04 11:00:00,3.760415051231936,190.616907,0.0,0.0,100.0,penalty_300,300.0
2019-02-04 12:00:00,3.9948811515321974,268.248399,0.0,0.0,321.847944,penalty_300,300.0
2019-02-04 13:00:00,-4.035694864952668,446.485487,0.0,0.0,130.5,penalty_300,300.0
2019-02-04 14:00:00,-2.478098969589339,283.776755,0.0,0.0,130.5,penalty_300,300.0
2019-02-04 15:00:00,-2.047273003877873,0.0,0.0,0.0,58.0,penalty_300,300.0
2019-02-04 16:00:00,3.3380993468397007,0.0,0.0,0.0,0.0,penalty_300,300.0
2019-02-04 17:00:00,10.356199354327355,0.0,0.0,0.0,0.0,penalty_300,300.0
2019-02-04 18:00:00,10.540025271762516,0.0,0.0,0.0,0.0,penalty_300,300.0
2019-02-04 19:00:00,11.025490588425786,0.0,0.0,0.0,0.0,penalty_300,300.0
2019-02-04 20:00:00,10.738599407867905,0.0,0.0,0.0,0.0,penalty_300,300.0
2019-02-04 21:00:00,11.476896681509226,0.0,0.0,0.0,0.0,penalty_300,300.0
2019-02-04 22:00:00,9.77548204819324,0.0,0.0,0.0,0.0,penalty_300,300.0
2019-02-04 23:00:00,10.098207061429807,0.0,0.0,0.0,0.0,penalty_300,300.0
2019-02-05 00:00:00,9.670191919839805,0.0,0.0,0.0,0.0,penalty_300,300.0
2019-02-05 01:00:00,9.334329421303668,0.0,0.0,0.0,0.0,penalty_300,300.0
2019-02-05 02:00:00,9.632940856940413,0.0,0.0,0.0,0.0,penalty_300,300.0
2019-02-05 03:00:00,9.655659031836072,0.0,0.0,0.0,0.0,penalty_300,300.0
2019-02-05 04:00:00,9.660096784513986,0.0,0.0,0.0,0.0,penalty_300,300.0
2019-02-05 05:00:00,9.74583098484048,0.0,0.0,0.0,0.0,penalty_300,300.0
2019-02-05 06:00:00,9.93261926894652,0.0,0.0,0.0,0.0,penalty_300,300.0
2019-02-05 07:00:00,11.007949803491613,0.0,0.0,0.0,0.0,penalty_300,300.0
2019-02-05 08:00:00,10.661531944992378,0.0,0.0,0.0,0.0,penalty_300,300.0
2019-02-05 09:00:00,11.100975561942793,0.0,0.0,0.0,0.0,penalty_300,300.0
2019-02-05 10:00:00,10.436393063177352,0.0,0.0,0.0,0.0,penalty_300,300.0
2019-02-05 11:00:00,9.954961619543939,0.0,0.0,0.0,0.0,penalty_300,300.0
2019-02-05 12:00:00,4.256471528499251,250.45875,0.0,0.0,387.3,penalty_300,300.0
2019-02-05 13:00:00,9.696265240003404,0.0,0.0,0.0,0.0,penalty_300,300.0
2019-02-05 14:00:00,4.904765089049789,633.922594,0.0,0.0,262.3,penalty_300,300.0
2019-02-05 15:00:00,4.958593210562102,938.583813,0.0,0.0,262.3,penalty_300,300.0
2019-02-05 16:00:00,5.0222514758766374,506.465394,0.0,0.0,100.0,penalty_300,300.0
2019-02-05 17:00:00,5.05176326557464,416.706226,0.0,0.0,100.0,penalty_300,300.0
2019-02-05 18:00:00,9.974089592851488,0.0,0.0,0.0,0.0,penalty_300,300.0
2019-02-05 19:00:00,10.869567606192557,0.0,0.0,0.0,0.0,penalty_300,300.0
2019-02-05 20:00:00,10.31985465911951,0.0,0.0,0.0,0.0,penalty_300,300.0
2019-02-05 21:00:00,9.49914943469432,0.0,0.0,0.0,0.0,penalty_300,300.0
2019-02-05 22:00:00,9.385956311433208,0.0,0.0,0.0,0.0,penalty_300,300.0
2019-02-05 23:00:00,9.369802397511522,0.0,0.0,0.0,0.0,penalty_300,300.0
2019-02-06 00:00:00,9.67091074503879,0.0,0.0,0.0,0.0,penalty_300,300.0
2019-02-06 01:00:00,9.38583977572545,0.0,0.0,0.0,0.0,penalty_300,300.0
2019-02-06 02:00:00,9.563715148781407,0.0,0.0,0.0,0.0,penalty_300,300.0
2019-02-06 03:00:00,9.382436890971066,0.0,0.0,0.0,0.0,penalty_300,300.0
2019-02-06 04:00:00,8.55052422143413,0.0,0.0,0.0,0.0,penalty_300,300.0
2019-02-06 05:00:00,8.965471384278976,0.0,0.0,0.0,0.0,penalty_300,300.0
2019-02-06 06:00:00,9.419370309843167,0.0,0.0,0.0,0.0,penalty_300,300.0
2019-02-06 07:00:00,9.6873378294332,0.0,0.0,0.0,0.0,penalty_300,300.0
2019-02-06 08:00:00,10.01754873018555,0.0,0.0,0.0,0.0,penalty_300,300.0
2019-02-06 09:00:00,10.109511979234155,0.0,0.0,0.0,0.0,penalty_300,300.0
2019-02-06 10:00:00,10.402976229332623,0.0,0.0,0.0,0.0,penalty_300,300.0
2019-02-06 11:00:00,7.793770788769073,0.0,0.0,0.0,196.629858,penalty_300,300.0
2019-02-06 12:00:00,4.737910693062936,1047.612105,0.0,0.0,262.3,penalty_300,300.0
2019-02-06 13:00:00,2.0534124936529152,669.37456,0.0,0.0,387.3,penalty_300,300.0
2019-02-06 14:00:00,2.7963410769403305,1284.620843,0.0,0.0,387.3,penalty_300,300.0
2019-02-06 15:00:00,3.8113628405382185,1364.89667,0.0,0.0,262.3,penalty_300,300.0
2019-02-06 16:00:00,1.9057734694275568,896.447932,0.0,0.0,387.3,penalty_300,300.0
2019-02-06 17:00:00,4.7165889236965395,1418.58673,0.0,0.0,262.3,penalty_300,300.0
2019-02-06 18:00:00,7.142989190153499,1173.788823,0.0,0.0,42.0,penalty_300,300.0
2019-02-06 19:00:00,7.610718045332453,813.491042,0.0,0.0,42.0,penalty_300,300.0
2019-02-06 20:00:00,6.446663037809515,1010.918657,0.0,0.0,42.0,penalty_300,300.0
2019-02-06 21:00:00,5.502587812953881,1429.030889,0.0,0.0,42.0,penalty_300,300.0
2019-02-06 22:00:00,3.959383842273006,1396.814266,0.0,0.0,42.0,penalty_300,300.0
2019-02-06 23:00:00,2.417809735275936,986.37854,0.0,0.0,42.0,penalty_300,300.0
2019-02-07 00:00:00,1.6825330325253136,813.149672,0.0,0.0,100.0,penalty_300,300.0
2019-02-07 01:00:00,-0.18855601838183594,692.027433,0.0,0.0,100.0,penalty_300,300.0
2019-02-07 02:00:00,0.007846414438726078,494.804496,0.0,0.0,42.0,penalty_300,300.0
2019-02-07 03:00:00,-1.0160986166229526,947.171102,0.0,0.0,42.0,penalty_300,300.0
2019-02-07 04:00:00,-0.015100497867078098,1317.325778,0.0,0.0,42.0,penalty_300,300.0
2019-02-07 05:00:00,0.7257383089312833,1637.766269,0.0,0.0,42.0,penalty_300,300.0
2019-02-07 06:00:00,3.133682407211733,1603.74584,0.0,0.0,42.0,penalty_300,300.0
2019-02-07 07:00:00,3.123517092578606,1421.749897,0.0,0.0,42.0,penalty_300,300.0
2019-02-07 08:00:00,5.016018940226251,1270.913543,0.0,0.0,42.0,penalty_300,300.0
2019-02-07 09:00:00,5.197268563086144,1079.471031,0.0,0.0,42.0,penalty_300,300.0
2019-02-07 10:00:00,3.207272667939959,405.199867,0.0,0.0,387.3,penalty_300,300.0
2019-02-07 11:00:00,0.5497513323581779,1375.690972,0.0,0.0,417.8,penalty_300,300.0
2019-02-07 12:00:00,-8.574765491180427,1941.737236,0.0,0.0,417.8,penalty_300,300.0
2019-02-07 13:00:00,-11.714882981348909,1825.39868,0.0,0.0,265.175667,penalty_300,300.0
2019-02-07 14:00:00,-11.941677375907725,2592.596413,0.0,0.0,355.750154,penalty_300,300.0
2019-02-07 15:00:00,-13.368689841968571,2460.221159,0.0,0.0,417.8,penalty_300,300.0
2019-02-07 16:00:00,-12.795826719365536,1506.997701,0.0,0.0,417.8,penalty_300,300.0
2019-02-07 17:00:00,3.8154730514105726,1226.031326,0.0,0.0,100.0,penalty_300,300.0
2019-02-07 18:00:00,7.518937408087115,702.07894,0.0,0.0,23.87668,penalty_300,300.0
2019-02-07 19:00:00,8.79520429963137,234.067566,0.0,0.0,0.0,penalty_300,300.0
2019-02-07 20:00:00,8.629064692654582,46.871372,0.0,0.0,0.0,penalty_300,300.0
2019-02-07 21:00:00,7.683548508434644,248.647411,0.0,0.0,42.0,penalty_300,300.0
2019-02-07 22:00:00,7.761507115869797,473.929617,0.0,0.0,42.0,penalty_300,300.0
2019-02-07 23:00:00,6.182105170305918,325.012981,0.0,0.0,42.0,penalty_300,300.0
2019-02-08 00:00:00,11.501980689134657,0.0,0.0,0.0,0.0,penalty_300,300.0
2019-02-08 01:00:00,11.369944150389177,0.0,0.0,0.0,0.0,penalty_300,300.0
2019-02-08 02:00:00,11.60373410035818,0.0,0.0,0.0,0.0,penalty_300,300.0
2019-02-08 03:00:00,11.609210525337396,0.0,0.0,0.0,0.0,penalty_300,300.0
2019-02-08 04:00:00,11.725059406584508,0.0,0.0,0.0,0.0,penalty_300,300.0
2019-02-08 05:00:00,15.450929492333028,0.0,0.0,0.0,0.0,penalty_300,300.0
2019-02-08 06:00:00,16.597219308269143,0.0,0.0,0.0,0.0,penalty_300,300.0
2019-02-08 07:00:00,24.63311162637453,0.0,0.0,0.0,0.0,penalty_300,300.0
2019-02-08 08:00:00,27.32793600127861,0.0,0.0,0.0,0.0,penalty_300,300.0
2019-02-08 09:00:00,32.27655678541781,0.0,0.0,0.0,0.0,penalty_300,300.0
2019-02-08 10:00:00,30.74334861239543,0.0,0.0,0.0,0.0,penalty_300,300.0
2019-02-08 11:00:00,19.355035285813667,0.0,0.0,0.0,0.0,penalty_300,300.0
2019-02-08 12:00:00,19.03400311690895,0.0,0.0,0.0,0.0,penalty_300,300.0
2019-02-08 13:00:00,20.607626431162515,0.0,0.0,0.0,0.0,penalty_300,300.0
2019-02-08 14:00:00,18.016279895135312,0.0,0.0,0.0,0.0,penalty_300,300.0
2019-02-08 15:00:00,16.850035205272224,0.0,0.0,0.0,0.0,penalty_300,300.0
2019-02-08 16:00:00,15.934972385340366,0.0,0.0,0.0,0.0,penalty_300,300.0
2019-02-08 17:00:00,15.556573463331524,0.0,0.0,0.0,0.0,penalty_300,300.0
2019-02-08 18:00:00,20.07187662281226,0.0,0.0,0.0,0.0,penalty_300,300.0
2019-02-08 19:00:00,21.060121958448924,0.0,0.0,0.0,0.0,penalty_300,300.0
2019-02-08 20:00:00,20.777787383757754,0.0,0.0,0.0,0.0,penalty_300,300.0
2019-02-08 21:00:00,19.685104908152283,0.0,0.0,0.0,0.0,penalty_300,300.0
2019-02-08 22:00:00,32.977530477253566,0.0,0.0,0.0,0.0,penalty_300,300.0
2019-02-08 23:00:00,15.06518385732358,0.0,0.0,0.0,0.0,penalty_300,300.0
2019-02-09 00:00:00,14.624456814883894,0.0,0.0,0.0,0.0,penalty_300,300.0
2019-02-09 01:00:00,12.345704246098434,0.0,0.0,0.0,0.0,penalty_300,300.0
2019-02-09 02:00:00,13.210125207770686,0.0,0.0,0.0,0.0,penalty_300,300.0
2019-02-09 03:00:00,14.072936324075274,0.0,0.0,0.0,0.0,penalty_300,300.0
2019-02-09 04:00:00,14.292080889414583,0.0,0.0,0.0,0.0,penalty_300,300.0
2019-02-09 05:00:00,13.13343528565703,0.0,0.0,0.0,0.0,penalty_300,300.0
2019-02-09 06:00:00,14.667515899791413,0.0,0.0,0.0,0.0,penalty_300,300.0
2019-02-09 07:00:00,23.410720197081446,0.0,0.0,0.0,0.0,penalty_300,300.0
2019-02-09 08:00:00,24.565415935627257,0.0,0.0,0.0,0.0,penalty_300,300.0
2019-02-09 09:00:00,19.323923457593867,0.0,0.0,0.0,0.0,penalty_300,300.0
2019-02-09 10:00:00,19.272548324390524,0.0,0.0,0.0,0.0,penalty_300,300.0
2019-02-09 11:00:00,14.329687526418002,0.0,0.0,0.0,0.0,penalty_300,300.0
2019-02-09 12:00:00,29.755777709401375,0.049625,0.0,0.0,220.3,penalty_300,300.0
2019-02-09 13:00:00,12.580768483980092,0.0,0.0,0.0,0.0,penalty_300,300.0
2019-02-09 14:00:00,8.877624981954924,107.013566,0.0,0.0,100.0,penalty_300,300.0
2019-02-09 15:00:00,11.469038531563097,0.0,0.0,0.0,0.0,penalty_300,300.0
2019-02-09 16:00:00,12.72886072270695,0.0,0.0,0.0,0.0,penalty_300,300.0
2019-02-09 17:00:00,33.31723361880585,0.0,0.0,0.0,48.117,penalty_300,300.0
2019-02-09 18:00:00,14.300029429001341,0.0,0.0,0.0,0.0,penalty_300,300.0
2019-02-09 19:00:00,16.882739006241337,0.0,0.0,0.0,0.0,penalty_300,300.0
2019-02-09 20:00:00,16.68162797051548,0.0,0.0,0.0,0.0,penalty_300,300.0
2019-02-09 21:00:00,17.354837237566027,0.0,0.0,0.0,0.0,penalty_300,300.0
2019-02-09 22:00:00,16.481506490828032,0.0,0.0,0.0,0.0,penalty_300,300.0
2019-02-09 23:00:00,13.948678738579728,0.0,0.0,0.0,0.0,penalty_300,300.0
2019-02-10 00:00:00,12.16766250388975,0.0,0.0,0.0,0.0,penalty_300,300.0
2019-02-10 01:00:00,10.022873994356997,0.0,0.0,0.0,0.0,penalty_300,300.0
2019-02-10 02:00:00,11.673713293945292,0.0,0.0,0.0,0.0,penalty_300,300.0
2019-02-10 03:00:00,11.976132311268582,0.0,0.0,0.0,0.0,penalty_300,300.0
2019-02-10 04:00:00,13.636436877935251,0.0,0.0,0.0,0.0,penalty_300,300.0
2019-02-10 05:00:00,13.180801570437094,0.0,0.0,0.0,0.0,penalty_300,300.0
2019-02-10 06:00:00,14.569358807158723,0.0,0.0,0.0,0.0,penalty_300,300.0
2019-02-10 07:00:00,16.151107108980778,0.0,0.0,0.0,0.0,penalty_300,300.0
2019-02-10 08:00:00,16.851089575523,0.0,0.0,0.0,0.0,penalty_300,300.0
2019-02-10 09:00:00,17.615560593266913,0.0,0.0,0.0,0.0,penalty_300,300.0
2019-02-10 10:00:00,14.52488825111985,0.0,0.0,0.0,0.0,penalty_300,300.0
2019-02-10 11:00:00,13.548428566109049,0.0,0.0,0.0,0.0,penalty_300,300.0
2019-02-10 12:00:00,13.42484202649134,0.0,0.0,0.0,0.0,penalty_300,300.0
2019-02-10 13:00:00,13.246296931315669,0.0,0.0,0.0,0.0,penalty_300,300.0
2019-02-10 14:00:00,12.829335084028132,0.0,0.0,0.0,0.0,penalty_300,300.0
2019-02-10 15:00:00,12.641280598470201,0.0,0.0,0.0,0.0,penalty_300,300.0
2019-02-10 16:00:00,13.18564889497587,0.0,0.0,0.0,0.0,penalty_300,300.0
2019-02-10 17:00:00,13.218100168874756,0.0,0.0,0.0,0.0,penalty_300,300.0
2019-02-10 18:00:00,15.468971752677744,0.0,0.0,0.0,0.0,penalty_300,300.0
2019-02-10 19:00:00,16.890179832844865,0.0,0.0,0.0,0.0,penalty_300,300.0
2019-02-10 20:00:00,15.02097243430115,0.0,0.0,0.0,0.0,penalty_300,300.0
2019-02-10 21:00:00,12.840523370285903,0.0,0.0,0.0,0.0,penalty_300,300.0
2019-02-10 22:00:00,12.788942762013376,0.0,0.0,0.0,0.0,penalty_300,300.0
2019-02-10 23:00:00,4.3577180866992276,222.883019,0.0,0.0,42.0,penalty_300,300.0
2019-02-11 00:00:00,4.5331619610998795,1195.529711,0.0,0.0,42.0,penalty_300,300.0
2019-02-11 01:00:00,3.7051511542633055,1391.883885,0.0,0.0,42.0,penalty_300,300.0
2019-02-11 02:00:00,3.2826105884139802,1500.039473,0.0,0.0,42.0,penalty_300,300.0
2019-02-11 03:00:00,3.260744103743344,786.459557,0.0,0.0,42.0,penalty_300,300.0
2019-02-11 04:00:00,4.271984337084261,109.253051,0.0,0.0,42.0,penalty_300,300.0
2019-02-11 05:00:00,7.864261330210921,0.0,0.0,0.0,0.0,penalty_300,300.0
2019-02-11 06:00:00,11.056886272719163,0.0,0.0,0.0,0.0,penalty_300,300.0
2019-02-11 07:00:00,12.562615104474013,0.0,0.0,0.0,0.0,penalty_300,300.0
2019-02-11 08:00:00,8.399801546677141,887.926734,0.0,0.0,0.0,penalty_300,300.0
2019-02-11 09:00:00,8.215404615927957,1255.401565,0.0,0.0,0.0,penalty_300,300.0
2019-02-11 10:00:00,7.46220667686897,399.229504,0.0,0.0,0.0,penalty_300,300.0
2019-02-11 11:00:00,7.432729886155956,1277.816391,0.0,0.0,42.0,penalty_300,300.0
2019-02-11 12:00:00,7.499288600171905,1522.117206,0.0,0.0,42.0,penalty_300,300.0
2019-02-11 13:00:00,-0.570273180247387,0.0,0.0,0.0,0.0,penalty_300,300.0
2019-02-11 14:00:00,5.5925530937628345,1217.528461,0.0,0.0,100.0,penalty_300,300.0
2019-02-11 15:00:00,6.367965938912082,1305.883603,0.0,0.0,42.0,penalty_300,300.0
2019-02-11 16:00:00,-7.917908472822819,1364.924685,0.0,0.0,130.5,penalty_300,300.0
2019-02-11 17:00:00,-7.350642728236888,1499.164948,0.0,0.0,130.5,penalty_300,300.0
2019-02-11 18:00:00,7.03309802559329,1190.763758,0.0,0.0,30.276873,penalty_300,300.0
2019-02-11 19:00:00,9.016706694403203,767.582881,0.0,0.0,42.0,penalty_300,300.0
2019-02-11 20:00:00,7.221013481682848,1123.52176,0.0,0.0,42.0,penalty_300,300.0
2019-02-11 21:00:00,5.881869111014972,1476.932812,0.0,0.0,42.0,penalty_300,300.0
2019-02-11 22:00:00,3.4902644635085167,1000.011503,0.0,0.0,42.0,penalty_300,300.0
2019-02-11 23:00:00,4.205038471908265,460.772388,0.0,0.0,42.0,penalty_300,300.0
2019-02-12 00:00:00,2.6808859681378605,1554.54756,0.0,0.0,42.0,penalty_300,300.0
2019-02-12 01:00:00,1.835632294968537,1448.132906,0.0,0.0,42.0,penalty_300,300.0
2019-02-12 02:00:00,1.9690761125602483,1470.282195,0.0,0.0,42.0,penalty_300,300.0
2019-02-12 03:00:00,1.930628604653225,1322.848063,0.0,0.0,42.0,penalty_300,300.0
2019-02-12 04:00:00,2.4144331952723,1100.093923,0.0,0.0,42.0,penalty_300,300.0
2019-02-12 05:00:00,5.823423412791209,1119.97864,0.0,0.0,42.0,penalty_300,300.0
2019-02-12 06:00:00,5.621164704599801,229.189763,0.0,0.0,0.0,penalty_300,300.0
2019-02-12 07:00:00,13.7400586844298,0.0,0.0,0.0,0.0,penalty_300,300.0
2019-02-12 08:00:00,14.702819241322707,0.0,0.0,0.0,0.0,penalty_300,300.0
2019-02-12 09:00:00,14.793636049120948,0.0,0.0,0.0,0.0,penalty_300,300.0
2019-02-12 10:00:00,12.321757904237883,0.0,0.0,0.0,0.0,penalty_300,300.0
2019-02-12 11:00:00,11.644977930992042,0.0,0.0,0.0,0.0,penalty_300,300.0
2019-02-12 12:00:00,12.82950740487973,0.0,0.0,0.0,0.0,penalty_300,300.0
2019-02-12 13:00:00,1.4333080775285165,52.365715,0.0,0.0,88.5,penalty_300,300.0
2019-02-12 14:00:00,0.7292555518792011,261.564712,0.0,0.0,88.5,penalty_300,300.0
2019-02-12 15:00:00,-0.10591858452423765,161.802869,0.0,0.0,130.5,penalty_300,300.0
2019-02-12 16:00:00,7.336568995525779,0.0,0.0,0.0,0.0,penalty_300,300.0
2019-02-12 17:00:00,10.860130257639604,0.0,0.0,0.0,0.0,penalty_300,300.0
2019-02-12 18:00:00,13.419093129753188,0.0,0.0,0.0,0.0,penalty_300,300.0
2019-02-12 19:00:00,14.824562078490823,0.0,0.0,0.0,0.0,penalty_300,300.0
2019-02-12 20:00:00,15.106460403494196,0.0,0.0,0.0,0.0,penalty_300,300.0
2019-02-12 21:00:00,15.810073654548836,0.0,0.0,0.0,0.0,penalty_300,300.0
2019-02-12 22:00:00,12.727686910647192,0.0,0.0,0.0,0.0,penalty_300,300.0
2019-02-12 23:00:00,13.211005885945776,0.0,0.0,0.0,0.0,penalty_300,300.0
2019-02-13 00:00:00,11.628991339712258,0.0,0.0,0.0,0.0,penalty_300,300.0
2019-02-13 01:00:00,11.244475367612413,0.0,0.0,0.0,0.0,penalty_300,300.0
2019-02-13 02:00:00,11.18873988872011,0.0,0.0,0.0,0.0,penalty_300,300.0
2019-02-13 03:00:00,11.191139780958617,0.0,0.0,0.0,0.0,penalty_300,300.0
2019-02-13 04:00:00,11.571948945334494,0.0,0.0,0.0,0.0,penalty_300,300.0
2019-02-13 05:00:00,11.950347320227461,0.0,0.0,0.0,0.0,penalty_300,300.0
2019-02-13 06:00:00,23.567387150647676,0.0,0.0,0.0,58.0,penalty_300,300.0
2019-02-13 07:00:00,15.072043725829731,0.0,0.0,0.0,0.0,penalty_300,300.0
2019-02-13 08:00:00,8.625129924776473,539.857949,0.0,0.0,0.0,penalty_300,300.0
2019-02-13 09:00:00,7.053327896494433,1383.45116,0.0,0.0,42.0,penalty_300,300.0
2019-02-13 10:00:00,4.944610349028004,554.7575,0.0,0.0,42.0,penalty_300,300.0
2019-02-13 11:00:00,2.564674552924889,1514.231276,0.0,0.0,387.3,penalty_300,300.0
2019-02-13 12:00:00,0.6958276441457792,1840.703911,0.0,0.0,417.8,penalty_300,300.0
2019-02-13 13:00:00,-13.731689640385783,1354.646936,0.0,0.0,289.011775,penalty_300,300.0
2019-02-13 14:00:00,-13.245091989337542,1919.02487,0.0,0.0,417.8,penalty_300,300.0
2019-02-13 15:00:00,-11.574718260516955,1940.566539,0.0,0.0,417.8,penalty_300,300.0
2019-02-13 16:00:00,-11.213780904301283,654.383201,0.0,0.0,417.8,penalty_300,300.0
2019-02-13 17:00:00,2.3686208111436073,674.319496,0.0,0.0,292.8,penalty_300,300.0
2019-02-13 18:00:00,4.257587362589976,1237.827752,0.0,0.0,213.974177,penalty_300,300.0
2019-02-13 19:00:00,6.760344336748679,940.598966,0.0,0.0,42.0,penalty_300,300.0
2019-02-13 20:00:00,5.598310505262141,1147.719924,0.0,0.0,42.0,penalty_300,300.0
2019-02-13 21:00:00,4.316344157206317,1589.220497,0.0,0.0,42.0,penalty_300,300.0
2019-02-13 22:00:00,2.1338333320035185,1647.10375,0.0,0.0,42.0,penalty_300,300.0
2019-02-13 23:00:00,1.2780391184033262,1670.171127,0.0,0.0,42.0,penalty_300,300.0
2019-02-14 00:00:00,1.1078227682733115,1684.679627,0.0,0.0,42.0,penalty_300,300.0
2019-02-14 01:00:00,1.0120983951294151,1597.059471,0.0,0.0,42.0,penalty_300,300.0
2019-02-14 02:00:00,0.4048502659657494,1638.590973,0.0,0.0,42.0,penalty_300,300.0
2019-02-14 03:00:00,2.2456458144619456,1605.351973,0.0,0.0,42.0,penalty_300,300.0
2019-02-14 04:00:00,5.626906109913172,1519.857458,0.0,0.0,42.0,penalty_300,300.0
2019-02-14 05:00:00,6.315930660262354,1593.84201,0.0,0.0,42.0,penalty_300,300.0
2019-02-14 06:00:00,6.648335135227307,1608.952631,0.0,0.0,42.0,penalty_300,300.0
2019-02-14 07:00:00,6.826150502850106,1505.293316,0.0,0.0,42.0,penalty_300,300.0
2019-02-14 08:00:00,6.27785962492985,1380.945653,0.0,0.0,42.0,penalty_300,300.0
2019-02-14 09:00:00,5.737861524450685,1428.775051,0.0,0.0,42.0,penalty_300,300.0
2019-02-14 10:00:00,3.587319721619412,561.485216,0.0,0.0,101.023893,penalty_300,300.0
2019-02-14 11:00:00,0.46668298664563995,1298.817086,0.0,0.0,387.3,penalty_300,300.0
2019-02-14 12:00:00,-8.933132812949742,1826.258782,0.0,0.0,232.81999,penalty_300,300.0
2019-02-14 13:00:00,-12.72294407294892,1462.626864,0.0,0.0,255.5,penalty_300,300.0
2019-02-14 14:00:00,-11.406992655337227,2012.603565,0.0,0.0,255.5,penalty_300,300.0
2019-02-14 15:00:00,-8.87113991866995,1858.725781,0.0,0.0,255.5,penalty_300,300.0
2019-02-14 16:00:00,-9.928002895921873,920.6222,0.0,0.0,209.916235,penalty_300,300.0
2019-02-14 17:00:00,1.4332279912636194,385.470632,0.0,0.0,387.3,penalty_300,300.0
2019-02-14 18:00:00,8.260509099644871,0.0,0.0,0.0,0.0,penalty_300,300.0
2019-02-14 19:00:00,9.910031195994666,0.0,0.0,0.0,0.0,penalty_300,300.0
2019-02-14 20:00:00,9.908885287858286,0.0,0.0,0.0,0.0,penalty_300,300.0
2019-02-14 21:00:00,9.00879084555397,0.0,0.0,0.0,0.0,penalty_300,300.0
2019-02-14 22:00:00,9.10805305524869,0.0,0.0,0.0,0.0,penalty_300,300.0
2019-02-14 23:00:00,7.654028143927785,0.0,0.0,0.0,0.0,penalty_300,300.0
2019-02-15 00:00:00,8.265615414056258,0.0,0.0,0.0,0.0,penalty_300,300.0
2019-02-15 01:00:00,8.65896397445449,0.0,0.0,0.0,0.0,penalty_300,300.0
2019-02-15 02:00:00,9.47841731490724,0.0,0.0,0.0,0.0,penalty_300,300.0
2019-02-15 03:00:00,10.031159083066884,0.0,0.0,0.0,0.0,penalty_300,300.0
2019-02-15 04:00:00,10.349654384029,0.0,0.0,0.0,0.0,penalty_300,300.0
2019-02-15 05:00:00,9.85698729910974,0.0,0.0,0.0,0.0,penalty_300,300.0
2019-02-15 06:00:00,10.323607804413735,0.0,0.0,0.0,0.0,penalty_300,300.0
2019-02-15 07:00:00,11.764268926880499,0.0,0.0,0.0,0.0,penalty_300,300.0
2019-02-15 08:00:00,12.04605507613785,0.0,0.0,0.0,0.0,penalty_300,300.0
2019-02-15 09:00:00,12.663098438169849,0.0,0.0,0.0,0.0,penalty_300,300.0
2019-02-15 10:00:00,11.958548489742071,0.0,0.0,0.0,0.0,penalty_300,300.0
2019-02-15 11:00:00,12.085120658297622,0.0,0.0,0.0,0.0,penalty_300,300.0
2019-02-15 12:00:00,-1.3324324526784026,250.641719,0.0,0.0,88.5,penalty_300,300.0
2019-02-15 13:00:00,-1.9907057646955315,783.977062,0.0,0.0,234.554208,penalty_300,300.0
2019-02-15 14:00:00,-0.7871937179267634,835.436348,0.0,0.0,198.082156,penalty_300,300.0
2019-02-15 15:00:00,-8.745674462993454,753.734819,0.0,0.0,255.5,penalty_300,300.0
2019-02-15 16:00:00,-8.901024265553058,823.270064,0.0,0.0,255.5,penalty_300,300.0
2019-02-15 17:00:00,-4.4362173007984325,21.487543,0.0,0.0,145.015995,penalty_300,300.0
2019-02-15 18:00:00,6.131780239578326,0.0,0.0,0.0,345.3,penalty_300,300.0
2019-02-15 19:00:00,8.60202491611095,283.066173,0.0,0.0,42.0,penalty_300,300.0
2019-02-15 20:00:00,7.694855922603577,229.723767,0.0,0.0,42.0,penalty_300,300.0
2019-02-15 21:00:00,7.318082691267387,289.566592,0.0,0.0,42.0,penalty_300,300.0
2019-02-15 22:00:00,6.281334426870038,348.0671,0.0,0.0,42.0,penalty_300,300.0
2019-02-15 23:00:00,6.236853206980141,33.347344,0.0,0.0,42.0,penalty_300,300.0
2019-02-16 00:00:00,11.914333057970131,0.0,0.0,0.0,0.0,penalty_300,300.0
2019-02-16 01:00:00,11.83861884900037,0.0,0.0,0.0,0.0,penalty_300,300.0
2019-02-16 02:00:00,12.205901962042935,0.0,0.0,0.0,0.0,penalty_300,300.0
2019-02-16 03:00:00,11.550476293589234,0.0,0.0,0.0,0.0,penalty_300,300.0
2019-02-16 04:00:00,4.719598337919996,77.599033,0.0,0.0,42.0,penalty_300,300.0
2019-02-16 05:00:00,10.77252203973562,0.0,0.0,0.0,0.0,penalty_300,300.0
2019-02-16 06:00:00,12.805950197901595,0.0,0.0,0.0,0.0,penalty_300,300.0
2019-02-16 07:00:00,13.978272344770097,0.0,0.0,0.0,0.0,penalty_300,300.0
2019-02-16 08:00:00,13.984949681280135,0.0,0.0,0.0,0.0,penalty_300,300.0
2019-02-16 09:00:00,14.2680679834872,0.0,0.0,0.0,0.0,penalty_300,300.0
2019-02-16 10:00:00,12.485842300599508,0.0,0.0,0.0,0.0,penalty_300,300.0
2019-02-16 11:00:00,17.348820356338074,0.0,0.0,0.0,0.0,penalty_300,300.0
2019-02-16 12:00:00,7.8112190905787235,310.795244,0.0,0.0,88.5,penalty_300,300.0
2019-02-16 13:00:00,1.145974890336741,957.080008,0.0,0.0,88.5,penalty_300,300.0
2019-02-16 14:00:00,-0.5311369457187282,1012.054137,0.0,0.0,88.5,penalty_300,300.0
2019-02-16 15:00:00,4.060525011488929,931.186611,0.0,0.0,213.5,penalty_300,300.0
2019-02-16 16:00:00,7.309146474831671,572.380371,0.0,0.0,328.876872,penalty_300,300.0
2019-02-16 17:00:00,10.087809072721985,0.0,0.0,0.0,58.0,penalty_300,300.0
2019-02-16 18:00:00,21.1438772519383,0.0,0.0,0.0,0.0,penalty_300,300.0
2019-02-16 19:00:00,15.339343259207736,0.0,0.0,0.0,0.0,penalty_300,300.0
2019-02-16 20:00:00,16.411869684872315,0.0,0.0,0.0,0.0,penalty_300,300.0
2019-02-16 21:00:00,13.739153558910434,0.0,0.0,0.0,0.0,penalty_300,300.0
2019-02-16 22:00:00,11.168259505759929,0.0,0.0,0.0,0.0,penalty_300,300.0
2019-02-16 23:00:00,83.24411943140245,0.0,0.0,0.0,0.0,penalty_300,300.0
2019-02-17 00:00:00,14.360484734380075,0.0,0.0,0.0,0.0,penalty_300,300.0
2019-02-17 01:00:00,8.637500382810664,0.0,0.0,0.0,0.0,penalty_300,300.0
2019-02-17 02:00:00,11.8495218557925,0.0,0.0,0.0,0.0,penalty_300,300.0
2019-02-17 03:00:00,11.009488665046222,0.0,0.0,0.0,0.0,penalty_300,300.0
2019-02-17 04:00:00,10.705894632688365,0.0,0.0,0.0,0.0,penalty_300,300.0
2019-02-17 05:00:00,10.99370452557499,0.0,0.0,0.0,0.0,penalty_300,300.0
2019-02-17 06:00:00,11.335281347564875,0.0,0.0,0.0,0.0,penalty_300,300.0
2019-02-17 07:00:00,10.878253813098118,0.0,0.0,0.0,0.0,penalty_300,300.0
2019-02-17 08:00:00,12.644795042776288,0.0,0.0,0.0,0.0,penalty_300,300.0
2019-02-17 09:00:00,11.615500304602337,0.0,0.0,0.0,0.0,penalty_300,300.0
2019-02-17 10:00:00,11.180876315159914,0.0,0.0,0.0,0.0,penalty_300,300.0
2019-02-17 11:00:00,9.881121407440538,0.0,0.0,0.0,0.0,penalty_300,300.0
2019-02-17 12:00:00,5.2739634157680815,1170.029541,0.0,0.0,262.3,penalty_300,300.0
2019-02-17 13:00:00,-9.01141144759988,853.294956,0.0,0.0,257.995985,penalty_300,300.0
2019-02-17 14:00:00,-9.205521553307186,1420.468674,0.0,0.0,255.5,penalty_300,300.0
2019-02-17 15:00:00,-8.552734149374189,825.616663,0.0,0.0,130.5,penalty_300,300.0
2019-02-17 16:00:00,-1.833095336704701,0.0,0.0,0.0,88.5,penalty_300,300.0
2019-02-17 17:00:00,9.220448927747327,0.0,0.0,0.0,0.0,penalty_300,300.0
2019-02-17 18:00:00,11.345545351486308,0.0,0.0,0.0,0.0,penalty_300,300.0
2019-02-17 19:00:00,11.253494605821606,0.0,0.0,0.0,0.0,penalty_300,300.0
2019-02-17 20:00:00,11.41589902197851,0.0,0.0,0.0,0.0,penalty_300,300.0
2019-02-17 21:00:00,12.295960020032883,0.0,0.0,0.0,0.0,penalty_300,300.0
2019-02-17 22:00:00,12.277192884154267,0.0,0.0,0.0,0.0,penalty_300,300.0
2019-02-17 23:00:00,10.061072629031852,0.0,0.0,0.0,0.0,penalty_300,300.0
2019-02-18 00:00:00,8.844569579944343,0.0,0.0,0.0,58.0,penalty_300,300.0
2019-02-18 01:00:00,3.130105857414039,225.877011,0.0,0.0,153.679405,penalty_300,300.0
2019-02-18 02:00:00,3.1814434672415035,283.996328,0.0,0.0,47.334548,penalty_300,300.0
2019-02-18 03:00:00,3.2849071914325987,242.71409,0.0,0.0,100.0,penalty_300,300.0
2019-02-18 04:00:00,4.729914771527272,160.962487,0.0,0.0,63.538633,penalty_300,300.0
2019-02-18 05:00:00,6.777341146370453,379.70863,0.0,0.0,42.0,penalty_300,300.0
2019-02-18 06:00:00,7.106870249915641,636.149225,0.0,0.0,0.0,penalty_300,300.0
2019-02-18 07:00:00,8.272522057549438,816.036816,0.0,0.0,0.0,penalty_300,300.0
2019-02-18 08:00:00,8.720540200179864,1282.621077,0.0,0.0,0.0,penalty_300,300.0
2019-02-18 09:00:00,9.143188267444627,1365.344609,0.0,0.0,0.0,penalty_300,300.0
2019-02-18 10:00:00,4.7358101209903545,513.133613,0.0,0.0,262.3,penalty_300,300.0
2019-02-18 11:00:00,2.1746387912278005,1482.607115,0.0,0.0,417.8,penalty_300,300.0
2019-02-18 12:00:00,-6.851118369572341,2265.789714,0.0,0.0,255.5,penalty_300,300.0
2019-02-18 13:00:00,-9.61389672560072,1829.631402,0.0,0.0,255.5,penalty_300,300.0
2019-02-18 14:00:00,-9.960808749119684,2530.867885,0.0,0.0,255.5,penalty_300,300.0
2019-02-18 15:00:00,-8.706795304818812,2436.235432,0.0,0.0,255.5,penalty_300,300.0
2019-02-18 16:00:00,-8.156311492040183,1472.472495,0.0,0.0,255.5,penalty_300,300.0
2019-02-18 17:00:00,4.587788381661264,1513.21127,0.0,0.0,216.906287,penalty_300,300.0
2019-02-18 18:00:00,5.9289474010763685,1206.45435,0.0,0.0,100.0,penalty_300,300.0
2019-02-18 19:00:00,7.756021678389149,909.263498,0.0,0.0,0.0,penalty_300,300.0
2019-02-18 20:00:00,7.571017780205274,1064.964416,0.0,0.0,42.0,penalty_300,300.0
2019-02-18 21:00:00,5.5883052855149264,1478.713118,0.0,0.0,42.0,penalty_300,300.0
2019-02-18 22:00:00,5.328439559023242,1287.998014,0.0,0.0,42.0,penalty_300,300.0
2019-02-18 23:00:00,4.520351127163598,1069.682886,0.0,0.0,42.0,penalty_300,300.0
2019-02-19 00:00:00,5.43414596360521,759.230434,0.0,0.0,42.0,penalty_300,300.0
2019-02-19 01:00:00,5.517343411388075,411.340786,0.0,0.0,42.0,penalty_300,300.0
2019-02-19 02:00:00,4.534031158298184,457.954255,0.0,0.0,42.0,penalty_300,300.0
2019-02-19 03:00:00,5.710230813520407,460.340228,0.0,0.0,42.0,penalty_300,300.0
2019-02-19 04:00:00,6.889189658542469,427.20086,0.0,0.0,42.0,penalty_300,300.0
2019-02-19 05:00:00,7.293550556242355,374.20018,0.0,0.0,42.0,penalty_300,300.0
2019-02-19 06:00:00,8.99357844806572,331.166761,0.0,0.0,42.0,penalty_300,300.0
2019-02-19 07:00:00,9.131915402067943,320.212714,0.0,0.0,42.0,penalty_300,300.0
2019-02-19 08:00:00,15.573601073314903,0.0,0.0,0.0,0.0,penalty_300,300.0
2019-02-19 09:00:00,28.016128928209827,0.0,0.0,0.0,0.0,penalty_300,300.0
2019-02-19 10:00:00,17.283027773121432,0.0,0.0,0.0,0.0,penalty_300,300.0
2019-02-19 11:00:00,15.109816209313468,0.0,0.0,0.0,0.0,penalty_300,300.0
2019-02-19 12:00:00,13.501646908648551,0.0,0.0,0.0,0.0,penalty_300,300.0
2019-02-19 13:00:00,8.460651787217229,351.960689,0.0,0.0,92.262927,penalty_300,300.0
2019-02-19 14:00:00,8.55414311328863,103.915462,0.0,0.0,88.5,penalty_300,300.0
2019-02-19 15:00:00,13.407420968441137,0.0,0.0,0.0,0.0,penalty_300,300.0
2019-02-19 16:00:00,15.788698469441751,0.0,0.0,0.0,0.0,penalty_300,300.0
2019-02-19 17:00:00,18.566203036209515,0.0,0.0,0.0,0.0,penalty_300,300.0
2019-02-19 18:00:00,20.035036125938944,0.0,0.0,0.0,0.0,penalty_300,300.0
2019-02-19 19:00:00,21.103969823283776,0.0,0.0,0.0,0.0,penalty_300,300.0
2019-02-19 20:00:00,23.218925881759326,0.0,0.0,0.0,0.0,penalty_300,300.0
2019-02-19 21:00:00,22.98940490025959,0.0,0.0,0.0,0.0,penalty_300,300.0
2019-02-19 22:00:00,16.823381144326458,0.0,0.0,0.0,0.0,penalty_300,300.0
2019-02-19 23:00:00,18.802710930804373,0.0,0.0,0.0,0.0,penalty_300,300.0
2019-02-20 00:00:00,18.495874287500566,0.0,0.0,0.0,0.0,penalty_300,300.0
2019-02-20 01:00:00,19.314648554948494,0.0,0.0,0.0,0.0,penalty_300,300.0
2019-02-20 02:00:00,19.235603061008767,0.0,0.0,0.0,0.0,penalty_300,300.0
2019-02-20 03:00:00,20.480437892261786,0.0,0.0,0.0,0.0,penalty_300,300.0
2019-02-20 04:00:00,21.142880519493847,0.0,0.0,0.0,0.0,penalty_300,300.0
2019-02-20 05:00:00,17.82107916333827,0.0,0.0,0.0,0.0,penalty_300,300.0
2019-02-20 06:00:00,18.35347894159943,0.0,0.0,0.0,0.0,penalty_300,300.0
2019-02-20 07:00:00,16.379352438570027,0.0,0.0,0.0,0.0,penalty_300,300.0
2019-02-20 08:00:00,12.834565968249802,0.0,0.0,0.0,0.0,penalty_300,300.0
2019-02-20 09:00:00,10.470995820298448,769.619497,0.0,0.0,0.0,penalty_300,300.0
2019-02-20 10:00:00,8.141941040803555,384.107435,0.0,0.0,0.0,penalty_300,300.0
2019-02-20 11:00:00,7.426840585653569,1035.055137,0.0,0.0,59.591454,penalty_300,300.0
2019-02-20 12:00:00,-5.654024115875024,1267.016015,0.0,0.0,130.5,penalty_300,300.0
2019-02-20 13:00:00,-2.3973497021226287,930.911426,0.0,0.0,255.5,penalty_300,300.0
2019-02-20 14:00:00,-8.328467435498078,1099.492666,0.0,0.0,255.5,penalty_300,300.0
2019-02-20 15:00:00,-8.468963909081758,905.680973,0.0,0.0,118.43559,penalty_300,300.0
2019-02-20 16:00:00,-1.851031241380843,447.434643,0.0,0.0,88.5,penalty_300,300.0
2019-02-20 17:00:00,-1.124268287809435,0.0,0.0,0.0,0.0,penalty_300,300.0
2019-02-20 18:00:00,11.467078992804772,0.0,0.0,0.0,0.0,penalty_300,300.0
2019-02-20 19:00:00,14.188303198931257,0.0,0.0,0.0,0.0,penalty_300,300.0
2019-02-20 20:00:00,15.024252941309982,0.0,0.0,0.0,0.0,penalty_300,300.0
2019-02-20 21:00:00,15.139922061912593,0.0,0.0,0.0,0.0,penalty_300,300.0
2019-02-20 22:00:00,12.005025846835643,0.0,0.0,0.0,0.0,penalty_300,300.0
2019-02-20 23:00:00,10.678706923314515,0.0,0.0,0.0,0.0,penalty_300,300.0
2019-02-21 00:00:00,11.381933634991118,0.0,0.0,0.0,0.0,penalty_300,300.0
2019-02-21 01:00:00,11.161302873473721,0.0,0.0,0.0,0.0,penalty_300,300.0
2019-02-21 02:00:00,11.374562641926724,0.0,0.0,0.0,0.0,penalty_300,300.0
2019-02-21 03:00:00,10.815213669962905,0.0,0.0,0.0,0.0,penalty_300,300.0
2019-02-21 04:00:00,11.475899181515864,0.0,0.0,0.0,0.0,penalty_300,300.0
2019-02-21 05:00:00,12.14878331383295,0.0,0.0,0.0,0.0,penalty_300,300.0
2019-02-21 06:00:00,13.247907492583996,0.0,0.0,0.0,0.0,penalty_300,300.0
2019-02-21 07:00:00,14.747421487953273,0.0,0.0,0.0,0.0,penalty_300,300.0
2019-02-21 08:00:00,12.694771766737293,0.0,0.0,0.0,0.0,penalty_300,300.0
2019-02-21 09:00:00,21.168366282477763,0.0,0.0,0.0,132.659996,penalty_300,300.0
2019-02-21 10:00:00,11.560786726649093,0.0,0.0,0.0,0.0,penalty_300,300.0
2019-02-21 11:00:00,5.127683948568592,1322.851187,0.0,0.0,345.3,penalty_300,300.0
2019-02-21 12:00:00,-5.766580371236352,1721.281344,0.0,0.0,88.5,penalty_300,300.0
2019-02-21 13:00:00,-9.214507543155687,1846.797895,0.0,0.0,213.5,penalty_300,300.0
2019-02-21 14:00:00,-10.202921639841394,2418.95859,0.0,0.0,255.5,penalty_300,300.0
2019-02-21 15:00:00,-10.799620924994755,2212.640123,0.0,0.0,417.8,penalty_300,300.0
2019-02-21 16:00:00,-7.603389304993777,1206.373264,0.0,0.0,255.5,penalty_300,300.0
2019-02-21 17:00:00,4.469028921100312,1549.382109,0.0,0.0,58.0,penalty_300,300.0
2019-02-21 18:00:00,6.060600898905695,1259.287661,0.0,0.0,9.258661,penalty_300,300.0
2019-02-21 19:00:00,9.124644160633368,926.799857,0.0,0.0,0.0,penalty_300,300.0
2019-02-21 20:00:00,8.28087555296192,1082.53142,0.0,0.0,0.0,penalty_300,300.0
2019-02-21 21:00:00,5.14566475586023,768.518473,0.0,0.0,12.492373,penalty_300,300.0
2019-02-21 22:00:00,10.249692229377331,0.0,0.0,0.0,0.0,penalty_300,300.0
2019-02-21 23:00:00,9.940577666117644,0.0,0.0,0.0,0.0,penalty_300,300.0
2019-02-22 00:00:00,5.112035625208629,1.132111,0.0,0.0,42.0,penalty_300,300.0
2019-02-22 01:00:00,4.892226585259475,0.0,0.0,0.0,0.0,penalty_300,300.0
2019-02-22 02:00:00,8.338381225800841,0.0,0.0,0.0,0.0,penalty_300,300.0
2019-02-22 03:00:00,9.558708775514553,0.0,0.0,0.0,0.0,penalty_300,300.0
2019-02-22 04:00:00,6.477095301036956,34.63292,0.0,0.0,42.0,penalty_300,300.0
2019-02-22 05:00:00,12.434357,0.0,0.0,0.0,0.0,penalty_300,300.0
2019-02-22 06:00:00,14.441636941577684,0.0,0.0,0.0,0.0,penalty_300,300.0
2019-02-22 07:00:00,17.59548297613545,0.0,0.0,0.0,0.0,penalty_300,300.0
2019-02-22 08:00:00,20.643771889545043,0.0,0.0,0.0,0.0,penalty_300,300.0
2019-02-22 09:00:00,18.93107782459968,0.0,0.0,0.0,0.0,penalty_300,300.0
2019-02-22 10:00:00,17.244675278223202,0.0,0.0,0.0,0.0,penalty_300,300.0
2019-02-22 11:00:00,14.925888323042853,0.0,0.0,0.0,0.0,penalty_300,300.0
2019-02-22 12:00:00,14.509430664084098,0.0,0.0,0.0,0.0,penalty_300,300.0
2019-02-22 13:00:00,0.9809613659734258,200.347703,0.0,0.0,88.5,penalty_300,300.0
2019-02-22 14:00:00,1.464511054114066,401.554347,0.0,0.0,88.5,penalty_300,300.0
2019-02-22 15:00:00,-1.7288831599801067,366.441333,0.0,0.0,130.5,penalty_300,300.0
2019-02-22 16:00:00,-5.014674129320031,187.515006,0.0,0.0,130.5,penalty_300,300.0
2019-02-22 17:00:00,111.91447992306335,580.873943,0.0,0.0,32.977849,penalty_300,300.0
2019-02-22 18:00:00,7.923026718171833,551.768707,0.0,0.0,0.0,penalty_300,300.0
2019-02-22 19:00:00,9.682517906833809,517.866676,0.0,0.0,0.928599,penalty_300,300.0
2019-02-22 20:00:00,13.44970843156644,0.0,0.0,0.0,0.0,penalty_300,300.0
2019-02-22 21:00:00,12.560681127576995,0.0,0.0,0.0,0.0,penalty_300,300.0
2019-02-22 22:00:00,11.062131854516046,0.0,0.0,0.0,0.0,penalty_300,300.0
2019-02-22 23:00:00,10.43283240414532,0.0,0.0,0.0,0.0,penalty_300,300.0
2019-02-23 00:00:00,7.54283649146763,286.877082,0.0,0.0,0.0,penalty_300,300.0
2019-02-23 01:00:00,5.356620394430355,1011.901578,0.0,0.0,0.0,penalty_300,300.0
2019-02-23 02:00:00,5.1554745455798825,659.956384,0.0,0.0,10.368717,penalty_300,300.0
2019-02-23 03:00:00,4.411096964833914,981.678727,0.0,0.0,42.0,penalty_300,300.0
2019-02-23 04:00:00,4.454213495037321,1335.110394,0.0,0.0,42.0,penalty_300,300.0
2019-02-23 05:00:00,4.541267491398825,1488.755207,0.0,0.0,0.0,penalty_300,300.0
2019-02-23 06:00:00,4.718715404392179,1124.845293,0.0,0.0,0.0,penalty_300,300.0
2019-02-23 07:00:00,8.025445885342231,282.057119,0.0,0.0,0.0,penalty_300,300.0
2019-02-23 08:00:00,231.64233670691203,398.710696,3.313696,0.0,0.0,penalty_300,300.0
2019-02-23 09:00:00,9.327847652954704,471.009345,0.0,0.0,0.0,penalty_300,300.0
2019-02-23 10:00:00,14.906012765111804,0.0,0.0,0.0,0.0,penalty_300,300.0
2019-02-23 11:00:00,13.955964196144375,0.0,0.0,0.0,0.0,penalty_300,300.0
2019-02-23 12:00:00,12.09957145674638,0.0,0.0,0.0,0.0,penalty_300,300.0
2019-02-23 13:00:00,1.825443545637532,133.275566,0.0,0.0,417.8,penalty_300,300.0
2019-02-23 14:00:00,6.838673196961606,354.474296,0.0,0.0,417.8,penalty_300,300.0
2019-02-23 15:00:00,9.530134302861319,493.733045,0.0,0.0,88.5,penalty_300,300.0
2019-02-23 16:00:00,2.755815900433714,808.386615,0.0,0.0,417.8,penalty_300,300.0
2019-02-23 17:00:00,18.19364235614774,75.988048,0.0,0.0,88.5,penalty_300,300.0
2019-02-23 18:00:00,3.0027360320106244,778.538653,0.0,0.0,98.982464,penalty_300,300.0
2019-02-23 19:00:00,235.7677864006152,415.702651,0.0,0.0,42.0,penalty_300,300.0
2019-02-23 20:00:00,6.7516667643957184,1070.196586,0.0,0.0,42.0,penalty_300,300.0
2019-02-23 21:00:00,4.5567286243481195,1341.627894,0.0,0.0,42.0,penalty_300,300.0
2019-02-23 22:00:00,10.639132772357302,0.0,0.0,0.0,0.0,penalty_300,300.0
2019-02-23 23:00:00,12.09959180571742,0.0,0.0,0.0,0.0,penalty_300,300.0
2019-02-24 00:00:00,13.3166727503088,0.0,0.0,0.0,0.0,penalty_300,300.0
2019-02-24 01:00:00,12.140544449699656,0.0,0.0,0.0,0.0,penalty_300,300.0
2019-02-24 02:00:00,13.2232060920431,0.0,0.0,0.0,0.0,penalty_300,300.0
2019-02-24 03:00:00,14.940726923139392,0.0,0.0,0.0,0.0,penalty_300,300.0
2019-02-24 04:00:00,13.830064795641658,0.0,0.0,0.0,0.0,penalty_300,300.0
2019-02-24 05:00:00,15.410891970305972,0.0,0.0,0.0,0.0,penalty_300,300.0
2019-02-24 06:00:00,17.643891835515053,0.0,0.0,0.0,0.0,penalty_300,300.0
2019-02-24 07:00:00,16.37806356233152,0.0,0.0,0.0,0.0,penalty_300,300.0
2019-02-24 08:00:00,23.213358417054014,0.0,0.0,0.0,0.0,penalty_300,300.0
2019-02-24 09:00:00,17.329012862766092,0.0,0.0,0.0,0.0,penalty_300,300.0
2019-02-24 10:00:00,12.320343890398119,0.0,0.0,0.0,0.0,penalty_300,300.0
2019-02-24 11:00:00,13.325514312491586,0.0,0.0,0.0,0.0,penalty_300,300.0
2019-02-24 12:00:00,3.2468861465730225,102.801674,0.0,0.0,160.918154,penalty_300,300.0
2019-02-24 13:00:00,-3.1406134468439326,886.061468,0.0,0.0,255.5,penalty_300,300.0
2019-02-24 14:00:00,-4.349772461977019,1130.075789,0.0,0.0,255.5,penalty_300,300.0
2019-02-24 15:00:00,-7.563669710096048,1187.374421,0.0,0.0,330.257943,penalty_300,300.0
2019-02-24 16:00:00,-14.574905629046867,923.524168,0.0,0.0,345.364584,penalty_300,300.0
2019-02-24 17:00:00,-8.435989372833948,318.213149,0.0,0.0,235.251562,penalty_300,300.0
2019-02-24 18:00:00,18.963372835006076,0.0,0.0,0.0,58.0,penalty_300,300.0
2019-02-24 19:00:00,11.956552332700479,0.0,0.0,0.0,0.0,penalty_300,300.0
2019-02-24 20:00:00,12.663106229054206,0.0,0.0,0.0,0.0,penalty_300,300.0
2019-02-24 21:00:00,25.767425591657727,0.0,0.0,0.0,0.0,penalty_300,300.0
2019-02-24 22:00:00,18.467092140162947,0.0,0.0,0.0,0.0,penalty_300,300.0
2019-02-24 23:00:00,11.841273706599038,0.0,0.0,0.0,0.0,penalty_300,300.0
2019-02-25 00:00:00,11.122644088516584,0.0,0.0,0.0,0.0,penalty_300,300.0
2019-02-25 01:00:00,11.161559120429557,0.0,0.0,0.0,0.0,penalty_300,300.0
2019-02-25 02:00:00,11.316767952443392,0.0,0.0,0.0,0.0,penalty_300,300.0
2019-02-25 03:00:00,11.423872544608257,0.0,0.0,0.0,0.0,penalty_300,300.0
2019-02-25 04:00:00,11.301421651302652,0.0,0.0,0.0,0.0,penalty_300,300.0
2019-02-25 05:00:00,11.045688291977562,0.0,0.0,0.0,0.0,penalty_300,300.0
2019-02-25 06:00:00,15.182840933399119,0.0,0.0,0.0,0.0,penalty_300,300.0
2019-02-25 07:00:00,16.378987868578776,0.0,0.0,0.0,0.0,penalty_300,300.0
2019-02-25 08:00:00,12.46537352419841,0.0,0.0,0.0,0.0,penalty_300,300.0
2019-02-25 09:00:00,11.209727348859019,0.0,0.0,0.0,0.0,penalty_300,300.0
2019-02-25 10:00:00,10.472783581259682,0.0,0.0,0.0,0.0,penalty_300,300.0
2019-02-25 11:00:00,4.458061314912818,1073.541486,0.0,0.0,220.3,penalty_300,300.0
2019-02-25 12:00:00,-9.176760486364119,1940.788824,0.0,0.0,255.5,penalty_300,300.0
2019-02-25 13:00:00,-12.304182482083842,1943.351368,0.0,0.0,255.5,penalty_300,300.0
2019-02-25 14:00:00,-12.35122929400475,2785.550908,0.0,0.0,255.5,penalty_300,300.0
2019-02-25 15:00:00,-13.384750806648828,2825.869216,0.0,0.0,283.520504,penalty_300,300.0
2019-02-25 16:00:00,-10.1080134752208,1928.124208,0.0,0.0,255.5,penalty_300,300.0
2019-02-25 17:00:00,-9.652843869597534,1729.975983,0.0,0.0,255.5,penalty_300,300.0
2019-02-25 18:00:00,3.40280858028737,1359.043849,0.0,0.0,187.620833,penalty_300,300.0
2019-02-25 19:00:00,6.641345630068015,986.669525,0.0,0.0,42.0,penalty_300,300.0
2019-02-25 20:00:00,6.27889412062548,709.271897,0.0,0.0,42.0,penalty_300,300.0
2019-02-25 21:00:00,4.710185396870019,737.019993,0.0,0.0,42.0,penalty_300,300.0
2019-02-25 22:00:00,5.002197385068277,400.705482,0.0,0.0,42.0,penalty_300,300.0
2019-02-25 23:00:00,2.5572349401220547,211.286225,0.0,0.0,42.0,penalty_300,300.0
2019-02-26 00:00:00,2.3414075421207383,73.521119,0.0,0.0,42.0,penalty_300,300.0
2019-02-26 01:00:00,4.070208214442061,0.0,0.0,0.0,0.0,penalty_300,300.0
2019-02-26 02:00:00,9.17860653897081,0.0,0.0,0.0,0.0,penalty_300,300.0
2019-02-26 03:00:00,9.621296627399097,0.0,0.0,0.0,0.0,penalty_300,300.0
2019-02-26 04:00:00,9.292805127290123,0.0,0.0,0.0,0.0,penalty_300,300.0
2019-02-26 05:00:00,9.718944467173609,0.0,0.0,0.0,0.0,penalty_300,300.0
2019-02-26 06:00:00,10.364465289287127,0.0,0.0,0.0,0.0,penalty_300,300.0
2019-02-26 07:00:00,11.229481572454628,0.0,0.0,0.0,0.0,penalty_300,300.0
2019-02-26 08:00:00,10.971542479610767,0.0,0.0,0.0,0.0,penalty_300,300.0
2019-02-26 09:00:00,10.89839490040583,0.0,0.0,0.0,0.0,penalty_300,300.0
2019-02-26 10:00:00,10.224279567983807,0.0,0.0,0.0,0.0,penalty_300,300.0
2019-02-26 11:00:00,6.819230922416053,591.731489,0.0,0.0,42.0,penalty_300,300.0
2019-02-26 12:00:00,5.9501560868970165,1316.055825,0.0,0.0,42.0,penalty_300,300.0
2019-02-26 13:00:00,-9.389613165333447,797.62335,0.0,0.0,402.876302,penalty_300,300.0
2019-02-26 14:00:00,-7.0529935722593065,1492.322159,0.0,0.0,292.8,penalty_300,300.0
2019-02-26 15:00:00,-6.187320714508852,1445.288882,0.0,0.0,130.5,penalty_300,300.0
2019-02-26 16:00:00,4.520116288522861,757.981984,0.0,0.0,100.0,penalty_300,300.0
2019-02-26 17:00:00,5.814848490348143,967.870214,0.0,0.0,100.0,penalty_300,300.0
2019-02-26 18:00:00,7.492504848401679,378.027816,0.0,0.0,42.0,penalty_300,300.0
2019-02-26 19:00:00,10.586707726438968,0.0,0.0,0.0,0.0,penalty_300,300.0
2019-02-26 20:00:00,11.098726697223443,0.0,0.0,0.0,0.0,penalty_300,300.0
2019-02-26 21:00:00,10.255284286765436,0.0,0.0,0.0,0.0,penalty_300,300.0
2019-02-26 22:00:00,8.554032745179867,0.0,0.0,0.0,0.0,penalty_300,300.0
2019-02-26 23:00:00,9.715202831098873,0.0,0.0,0.0,0.0,penalty_300,300.0
2019-02-27 00:00:00,9.78862281963301,0.0,0.0,0.0,0.0,penalty_300,300.0
2019-02-27 01:00:00,4.343908225902206,0.0,0.0,0.0,0.0,penalty_300,300.0
2019-02-27 02:00:00,9.996610727407099,0.0,0.0,0.0,0.0,penalty_300,300.0
2019-02-27 03:00:00,10.095473178298931,0.0,0.0,0.0,0.0,penalty_300,300.0
2019-02-27 04:00:00,9.895182539900395,0.0,0.0,0.0,0.0,penalty_300,300.0
2019-02-27 05:00:00,11.700020707411815,0.0,0.0,0.0,0.0,penalty_300,300.0
2019-02-27 06:00:00,14.588607616717635,0.0,0.0,0.0,0.0,penalty_300,300.0
2019-02-27 07:00:00,15.021554555285253,0.0,0.0,0.0,0.0,penalty_300,300.0
2019-02-27 08:00:00,16.315351155258078,0.0,0.0,0.0,0.0,penalty_300,300.0
2019-02-27 09:00:00,15.600771593919648,0.0,0.0,0.0,0.0,penalty_300,300.0
2019-02-27 10:00:00,14.031359719592711,0.0,0.0,0.0,0.0,penalty_300,300.0
2019-02-27 11:00:00,12.16701130549455,0.0,0.0,0.0,0.0,penalty_300,300.0
2019-02-27 12:00:00,11.703538059803492,0.0,0.0,0.0,0.0,penalty_300,300.0
2019-02-27 13:00:00,11.72119104254157,0.0,0.0,0.0,0.0,penalty_300,300.0
2019-02-27 14:00:00,11.585660258056228,0.0,0.0,0.0,0.0,penalty_300,300.0
2019-02-27 15:00:00,11.228540161227167,0.0,0.0,0.0,0.0,penalty_300,300.0
2019-02-27 16:00:00,12.981567530234244,0.0,0.0,0.0,0.0,penalty_300,300.0
2019-02-27 17:00:00,12.30824357156966,0.0,0.0,0.0,0.0,penalty_300,300.0
2019-02-27 18:00:00,13.663417725860564,0.0,0.0,0.0,0.0,penalty_300,300.0
2019-02-27 19:00:00,14.551605535987774,0.0,0.0,0.0,0.0,penalty_300,300.0
2019-02-27 20:00:00,8.9282962835797,37.141805,0.0,0.0,0.0,penalty_300,300.0
2019-02-27 21:00:00,10.969916297212409,223.529843,0.0,0.0,42.0,penalty_300,300.0
2019-02-27 22:00:00,9.068207448225769,700.92321,0.0,0.0,42.0,penalty_300,300.0
2019-02-27 23:00:00,6.437889433588631,688.091593,0.0,0.0,42.0,penalty_300,300.0
2019-02-28 00:00:00,8.206079891639924,706.315549,0.0,0.0,42.0,penalty_300,300.0
2019-02-28 01:00:00,8.187972712324424,695.929512,0.0,0.0,42.0,penalty_300,300.0
2019-02-28 02:00:00,8.168003981737519,582.685086,0.0,0.0,42.0,penalty_300,300.0
2019-02-28 03:00:00,8.512801979498128,456.920543,0.0,0.0,42.0,penalty_300,300.0
2019-02-28 04:00:00,9.021442588198434,336.911546,0.0,0.0,42.0,penalty_300,300.0
2019-02-28 05:00:00,8.778426535182106,305.777816,0.0,0.0,42.0,penalty_300,300.0
2019-02-28 06:00:00,9.771614038183442,218.919749,0.0,0.0,0.0,penalty_300,300.0
2019-02-28 07:00:00,13.694586517852912,0.0,0.0,0.0,0.0,penalty_300,300.0
2019-02-28 08:00:00,17.0609474992036,0.0,0.0,0.0,0.0,penalty_300,300.0
2019-02-28 09:00:00,15.571100628938611,0.0,0.0,0.0,0.0,penalty_300,300.0
2019-02-28 10:00:00,16.845866468165454,0.0,0.0,0.0,0.0,penalty_300,300.0
2019-02-28 11:00:00,33.31626920906365,0.0,0.0,0.0,0.0,penalty_300,300.0
2019-02-28 12:00:00,14.428038871089157,0.0,0.0,0.0,0.0,penalty_300,300.0
2019-02-28 13:00:00,21.808768329382076,110.489879,0.0,0.0,88.5,penalty_300,300.0
2019-02-28 14:00:00,22.914490036219323,319.315062,0.0,0.0,88.5,penalty_300,300.0
2019-02-28 15:00:00,8.936135077717529,209.819459,0.0,0.0,88.5,penalty_300,300.0
2019-02-28 16:00:00,12.608296162521423,0.0,0.0,0.0,0.0,penalty_300,300.0
2019-02-28 17:00:00,13.233977272087781,0.0,0.0,0.0,0.0,penalty_300,300.0
2019-02-28 18:00:00,14.663466329231786,0.0,0.0,0.0,0.0,penalty_300,300.0
2019-02-28 19:00:00,19.009609789849893,0.0,0.0,0.0,0.0,penalty_300,300.0
2019-02-28 20:00:00,19.265245352018734,0.0,0.0,0.0,0.0,penalty_300,300.0
2019-02-28 21:00:00,15.55471133634491,0.0,0.0,0.0,0.0,penalty_300,300.0
2019-02-28 22:00:00,15.30698075742887,0.0,0.0,0.0,0.0,penalty_300,300.0
2019-02-28 23:00:00,14.023501375668406,0.0,0.0,0.0,0.0,penalty_300,300.0
2019-03-01 00:00:00,12.091479537866734,0.0,0.0,0.0,0.0,penalty_300,300.0
2019-03-01 01:00:00,11.466174706653765,0.0,0.0,0.0,0.0,penalty_300,300.0
2019-03-01 02:00:00,11.64646252757362,0.0,0.0,0.0,0.0,penalty_300,300.0
2019-03-01 03:00:00,11.879774319092203,0.0,0.0,0.0,0.0,penalty_300,300.0
2019-03-01 04:00:00,12.102303221032845,0.0,0.0,0.0,0.0,penalty_300,300.0
2019-03-01 05:00:00,11.507650352343154,0.0,0.0,0.0,0.0,penalty_300,300.0
2019-03-01 06:00:00,12.37752349163399,0.0,0.0,0.0,0.0,penalty_300,300.0
2019-03-01 07:00:00,13.74472467713037,0.0,0.0,0.0,0.0,penalty_300,300.0
2019-03-01 08:00:00,13.438119818041423,0.0,0.0,0.0,0.0,penalty_300,300.0
2019-03-01 09:00:00,12.170342806685921,0.0,0.0,0.0,0.0,penalty_300,300.0
2019-03-01 10:00:00,11.70347656008001,0.0,0.0,0.0,0.0,penalty_300,300.0
2019-03-01 11:00:00,0.7104256712964682,37.917745,0.0,0.0,375.8,penalty_300,300.0
2019-03-01 12:00:00,3.6873044293965234,609.805041,0.0,0.0,213.5,penalty_300,300.0
2019-03-01 13:00:00,2.4072217507582963,1269.367368,0.0,0.0,255.5,penalty_300,300.0
2019-03-01 14:00:00,1.5719835848217378,1333.547499,0.0,0.0,255.5,penalty_300,300.0
2019-03-01 15:00:00,2.4840417618668855,1201.867858,0.0,0.0,255.5,penalty_300,300.0
2019-03-01 16:00:00,0.9957009556911832,719.378427,0.0,0.0,255.5,penalty_300,300.0
2019-03-01 17:00:00,2.2569005106233733,61.169316,0.0,0.0,88.5,penalty_300,300.0
2019-03-01 18:00:00,11.520117451336636,0.0,0.0,0.0,0.0,penalty_300,300.0
2019-03-01 19:00:00,14.040128042855123,0.0,0.0,0.0,0.0,penalty_300,300.0
2019-03-01 20:00:00,14.386502903610506,0.0,0.0,0.0,0.0,penalty_300,300.0
2019-03-01 21:00:00,13.9915078729081,0.0,0.0,0.0,0.0,penalty_300,300.0
2019-03-01 22:00:00,11.601704768396289,0.0,0.0,0.0,0.0,penalty_300,300.0
2019-03-01 23:00:00,10.921613524496264,0.0,0.0,0.0,0.0,penalty_300,300.0
2019-03-02 00:00:00,12.097381869087263,0.0,0.0,0.0,0.0,penalty_300,300.0
2019-03-02 01:00:00,5.445810172985875,89.325039,0.0,0.0,42.0,penalty_300,300.0
2019-03-02 02:00:00,4.859736124463236,364.299826,0.0,0.0,42.0,penalty_300,300.0
2019-03-02 03:00:00,4.695537192455943,563.045671,0.0,0.0,42.0,penalty_300,300.0
2019-03-02 04:00:00,4.597277021840042,579.380098,0.0,0.0,42.0,penalty_300,300.0
2019-03-02 05:00:00,4.920839405276915,144.645781,0.0,0.0,42.0,penalty_300,300.0
2019-03-02 06:00:00,11.964554713376852,0.0,0.0,0.0,0.0,penalty_300,300.0
2019-03-02 07:00:00,11.744543640137708,0.0,0.0,0.0,0.0,penalty_300,300.0
2019-03-02 08:00:00,13.871011457657591,0.0,0.0,0.0,0.0,penalty_300,300.0
2019-03-02 09:00:00,13.451566835388935,0.0,0.0,0.0,0.0,penalty_300,300.0
2019-03-02 10:00:00,12.350895561335701,0.0,0.0,0.0,0.0,penalty_300,300.0
2019-03-02 11:00:00,11.94987552951521,0.0,0.0,0.0,0.0,penalty_300,300.0
2019-03-02 12:00:00,11.402460777423329,0.0,0.0,0.0,0.0,penalty_300,300.0
2019-03-02 13:00:00,-0.43524712317840686,0.0,0.0,0.0,58.0,penalty_300,300.0
2019-03-02 14:00:00,-0.3978545940175245,0.0,0.0,0.0,58.0,penalty_300,300.0
2019-03-02 15:00:00,-0.2366252135529014,0.0,0.0,0.0,0.0,penalty_300,300.0
2019-03-02 16:00:00,11.1480264744195,0.0,0.0,0.0,0.0,penalty_300,300.0
2019-03-02 17:00:00,11.679368763797852,0.0,0.0,0.0,0.0,penalty_300,300.0
2019-03-02 18:00:00,11.185292832149239,0.0,0.0,0.0,0.0,penalty_300,300.0
2019-03-02 19:00:00,11.055282147713987,0.0,0.0,0.0,0.0,penalty_300,300.0
2019-03-02 20:00:00,8.182446082427765,0.0,0.0,0.0,0.0,penalty_300,300.0
2019-03-02 21:00:00,4.818462159194422,761.223689,0.0,0.0,0.0,penalty_300,300.0
2019-03-02 22:00:00,4.61135091115448,1281.915575,0.0,0.0,42.0,penalty_300,300.0
2019-03-02 23:00:00,5.68399174543674,901.307701,0.0,0.0,25.804983,penalty_300,300.0
2019-03-03 00:00:00,5.583874385885984,613.454453,0.0,0.0,42.0,penalty_300,300.0
2019-03-03 01:00:00,5.564480948814323,424.805037,0.0,0.0,42.0,penalty_300,300.0
2019-03-03 02:00:00,5.042559351260537,519.244534,0.0,0.0,42.0,penalty_300,300.0
2019-03-03 03:00:00,5.00648425783932,894.126331,0.0,0.0,42.0,penalty_300,300.0
2019-03-03 04:00:00,4.323807675512339,1268.30097,0.0,0.0,42.0,penalty_300,300.0
2019-03-03 05:00:00,4.6048813560395,1424.361542,0.0,0.0,42.0,penalty_300,300.0
2019-03-03 06:00:00,4.969786994346986,1525.732205,0.0,0.0,6.340072,penalty_300,300.0
2019-03-03 07:00:00,5.704321596015629,1433.050532,0.0,0.0,0.0,penalty_300,300.0
2019-03-03 08:00:00,9.016943232834974,1295.81427,0.0,0.0,0.0,penalty_300,300.0
2019-03-03 09:00:00,9.862026098973956,1407.042056,0.0,0.0,0.0,penalty_300,300.0
2019-03-03 10:00:00,11.57118544082641,531.916942,0.0,0.0,25.779046,penalty_300,300.0
2019-03-03 11:00:00,12.848241078569938,1545.72801,0.0,0.0,375.8,penalty_300,300.0
2019-03-03 12:00:00,3.4778971037868773,2471.757426,0.0,0.0,88.5,penalty_300,300.0
2019-03-03 13:00:00,-2.1213501450508643,2166.271257,0.0,0.0,213.5,penalty_300,300.0
2019-03-03 14:00:00,-3.68135953192829,2852.572741,0.0,0.0,213.5,penalty_300,300.0
2019-03-03 15:00:00,-2.571078745036095,2797.052885,0.0,0.0,213.5,penalty_300,300.0
2019-03-03 16:00:00,-3.447359445249315,1772.603798,0.0,0.0,88.5,penalty_300,300.0
2019-03-03 17:00:00,3.7865532494188257,1656.307642,0.0,0.0,96.395081,penalty_300,300.0
2019-03-03 18:00:00,19.612430604717392,1276.200327,0.0,0.0,220.3,penalty_300,300.0
2019-03-03 19:00:00,12.77508325864431,974.301887,0.0,0.0,0.0,penalty_300,300.0
2019-03-03 20:00:00,9.35847341586425,1023.439633,0.0,0.0,0.0,penalty_300,300.0
2019-03-03 21:00:00,8.207420232354435,1451.282621,0.0,0.0,0.0,penalty_300,300.0
2019-03-03 22:00:00,7.318870730949776,1500.677415,0.0,0.0,42.0,penalty_300,300.0
2019-03-03 23:00:00,7.663043112940328,1465.711671,0.0,0.0,42.0,penalty_300,300.0
2019-03-04 00:00:00,6.421761539007657,1390.654956,0.0,0.0,42.0,penalty_300,300.0
2019-03-04 01:00:00,6.308675467547677,1196.895292,0.0,0.0,42.0,penalty_300,300.0
2019-03-04 02:00:00,6.3511289378291815,1223.992843,0.0,0.0,42.0,penalty_300,300.0
2019-03-04 03:00:00,7.24496980720464,1199.397216,0.0,0.0,42.0,penalty_300,300.0
2019-03-04 04:00:00,7.809954061374163,1151.984488,0.0,0.0,0.0,penalty_300,300.0
2019-03-04 05:00:00,9.148599310142064,1100.990885,0.0,0.0,0.0,penalty_300,300.0
2019-03-04 06:00:00,12.624757827796461,966.056889,0.0,0.0,0.0,penalty_300,300.0
2019-03-04 07:00:00,13.340581870368391,746.680305,0.0,0.0,0.0,penalty_300,300.0
2019-03-04 08:00:00,13.139729206089529,569.301721,0.0,0.0,0.0,penalty_300,300.0
2019-03-04 09:00:00,23.69221265400647,576.268262,0.0,0.0,58.0,penalty_300,300.0
2019-03-04 10:00:00,12.884801161215066,0.0,0.0,0.0,0.0,penalty_300,300.0
2019-03-04 11:00:00,22.935929565213833,332.14501,0.0,0.0,58.0,penalty_300,300.0
2019-03-04 12:00:00,19.205170093457884,518.252775,0.0,0.0,58.0,penalty_300,300.0
2019-03-04 13:00:00,2.676779449373778,66.030102,0.0,0.0,375.8,penalty_300,300.0
2019-03-04 14:00:00,4.999611174504571,258.640619,0.0,0.0,375.8,penalty_300,300.0
2019-03-04 15:00:00,0.907599998793367,237.556038,0.0,0.0,88.5,penalty_300,300.0
2019-03-04 16:00:00,2.921001998149096,214.296427,0.0,0.0,88.5,penalty_300,300.0
2019-03-04 17:00:00,12.047280053835628,26.562768,0.0,0.0,287.3,penalty_300,300.0
2019-03-04 18:00:00,13.233317009409703,0.0,0.0,0.0,0.0,penalty_300,300.0
2019-03-04 19:00:00,18.023563949240383,0.0,0.0,0.0,0.0,penalty_300,300.0
2019-03-04 20:00:00,19.09693123409554,0.0,0.0,0.0,0.0,penalty_300,300.0
2019-03-04 21:00:00,18.775519924210972,0.0,0.0,0.0,0.0,penalty_300,300.0
2019-03-04 22:00:00,17.122819675034435,0.0,0.0,0.0,0.0,penalty_300,300.0
2019-03-04 23:00:00,16.864841756743537,0.0,0.0,0.0,0.0,penalty_300,300.0
2019-03-05 00:00:00,14.918850039643964,0.0,0.0,0.0,0.0,penalty_300,300.0
2019-03-05 01:00:00,13.961235053593855,0.0,0.0,0.0,0.0,penalty_300,300.0
2019-03-05 02:00:00,14.006879636639667,0.0,0.0,0.0,0.0,penalty_300,300.0
2019-03-05 03:00:00,14.07737072129109,0.0,0.0,0.0,0.0,penalty_300,300.0
2019-03-05 04:00:00,14.855274541418604,0.0,0.0,0.0,0.0,penalty_300,300.0
2019-03-05 05:00:00,18.167061529856245,0.0,0.0,0.0,0.0,penalty_300,300.0
2019-03-05 06:00:00,121.92578179107694,0.0,0.0,0.0,0.0,penalty_300,300.0
2019-03-05 07:00:00,116.2769074434216,0.0,0.0,0.0,0.0,penalty_300,300.0
2019-03-05 08:00:00,31.110583974569497,0.0,0.0,0.0,0.0,penalty_300,300.0
2019-03-05 09:00:00,17.984036654560484,0.0,0.0,0.0,0.0,penalty_300,300.0
2019-03-05 10:00:00,14.734946830213216,0.0,0.0,0.0,0.0,penalty_300,300.0
2019-03-05 11:00:00,2.5317755034417444,10.545566,0.0,0.0,58.0,penalty_300,300.0
2019-03-05 12:00:00,6.417053909011504,172.041646,0.0,0.0,88.5,penalty_300,300.0
2019-03-05 13:00:00,3.98026008778121,854.390793,0.0,0.0,88.5,penalty_300,300.0
2019-03-05 14:00:00,2.4547808410189673,1183.914129,0.0,0.0,88.5,penalty_300,300.0
2019-03-05 15:00:00,1.380504770652421,1183.388891,0.0,0.0,88.5,penalty_300,300.0
2019-03-05 16:00:00,0.9633078336755314,648.383758,0.0,0.0,130.5,penalty_300,300.0
2019-03-05 17:00:00,1.351466018545816,159.018648,0.0,0.0,88.5,penalty_300,300.0
2019-03-05 18:00:00,11.701481444628635,0.0,0.0,0.0,0.0,penalty_300,300.0
2019-03-05 19:00:00,12.125376989311011,0.0,0.0,0.0,0.0,penalty_300,300.0
2019-03-05 20:00:00,14.422645808063686,0.0,0.0,0.0,0.0,penalty_300,300.0
2019-03-05 21:00:00,15.573803479503907,0.0,0.0,0.0,0.0,penalty_300,300.0
2019-03-05 22:00:00,15.315780136334375,0.0,0.0,0.0,0.0,penalty_300,300.0
2019-03-05 23:00:00,14.344320652872758,0.0,0.0,0.0,0.0,penalty_300,300.0
2019-03-06 00:00:00,13.94862640763236,0.0,0.0,0.0,0.0,penalty_300,300.0
2019-03-06 01:00:00,13.93911760540588,0.0,0.0,0.0,0.0,penalty_300,300.0
2019-03-06 02:00:00,14.49796706643369,0.0,0.0,0.0,0.0,penalty_300,300.0
2019-03-06 03:00:00,14.378318847920678,0.0,0.0,0.0,0.0,penalty_300,300.0
2019-03-06 04:00:00,15.096759803916191,0.0,0.0,0.0,0.0,penalty_300,300.0
2019-03-06 05:00:00,16.766006857120868,0.0,0.0,0.0,0.0,penalty_300,300.0
2019-03-06 06:00:00,21.354354588563677,0.0,0.0,0.0,0.0,penalty_300,300.0
2019-03-06 07:00:00,19.513529581457444,0.0,0.0,0.0,0.0,penalty_300,300.0
2019-03-06 08:00:00,16.278223063414778,0.0,0.0,0.0,0.0,penalty_300,300.0
2019-03-06 09:00:00,11.36607897746446,0.0,0.0,0.0,0.0,penalty_300,300.0
2019-03-06 10:00:00,10.900913919427303,0.0,0.0,0.0,0.0,penalty_300,300.0
2019-03-06 11:00:00,4.885064053149658,1511.407749,0.0,0.0,313.155473,penalty_300,300.0
2019-03-06 12:00:00,-4.785828441384769,1941.517175,0.0,0.0,130.5,penalty_300,300.0
2019-03-06 13:00:00,-7.80927943075198,1667.188668,0.0,0.0,130.5,penalty_300,300.0
2019-03-06 14:00:00,-9.356827332837703,2339.999012,0.0,0.0,255.5,penalty_300,300.0
2019-03-06 15:00:00,-8.502326810862515,2302.152808,0.0,0.0,130.5,penalty_300,300.0
2019-03-06 16:00:00,-9.372471538254079,1268.503177,0.0,0.0,311.347858,penalty_300,300.0
2019-03-06 17:00:00,-7.0825479188698575,1842.627451,0.0,0.0,246.908896,penalty_300,300.0
2019-03-06 18:00:00,4.850181960488282,1313.209445,0.0,0.0,42.0,penalty_300,300.0
2019-03-06 19:00:00,7.369951304682686,979.638809,0.0,0.0,42.0,penalty_300,300.0
2019-03-06 20:00:00,7.389268892185101,1118.175998,0.0,0.0,42.0,penalty_300,300.0
2019-03-06 21:00:00,6.16718524574281,1558.47674,0.0,0.0,42.0,penalty_300,300.0
2019-03-06 22:00:00,5.416336104723023,729.94767,0.0,0.0,42.0,penalty_300,300.0
2019-03-06 23:00:00,2.9827162988922034,905.765058,0.0,0.0,42.0,penalty_300,300.0
2019-03-07 00:00:00,4.586519560485025,1050.312916,0.0,0.0,42.0,penalty_300,300.0
2019-03-07 01:00:00,4.860537258326784,1117.073148,0.0,0.0,42.0,penalty_300,300.0
2019-03-07 02:00:00,4.15933183300137,1207.99812,0.0,0.0,42.0,penalty_300,300.0
2019-03-07 03:00:00,3.7314592335866905,1228.837999,0.0,0.0,42.0,penalty_300,300.0
2019-03-07 04:00:00,4.752729216157435,1137.28552,0.0,0.0,42.0,penalty_300,300.0
2019-03-07 05:00:00,4.967587491891317,886.917292,0.0,0.0,42.0,penalty_300,300.0
2019-03-07 06:00:00,7.516294236673855,657.144453,0.0,0.0,0.0,penalty_300,300.0
2019-03-07 07:00:00,7.706593265407527,434.654448,0.0,0.0,0.0,penalty_300,300.0
2019-03-07 08:00:00,8.126836060751353,435.604753,0.0,0.0,42.0,penalty_300,300.0
2019-03-07 09:00:00,7.28282192743829,878.384491,0.0,0.0,42.0,penalty_300,300.0
2019-03-07 10:00:00,6.559431298135755,2.93938,0.0,0.0,42.0,penalty_300,300.0
2019-03-07 11:00:00,4.352905820099808,905.060767,0.0,0.0,417.8,penalty_300,300.0
2019-03-07 12:00:00,-8.856829403813123,993.637225,0.0,0.0,255.5,penalty_300,300.0
2019-03-07 13:00:00,-3.942535331819163,517.093191,0.0,0.0,255.5,penalty_300,300.0
2019-03-07 14:00:00,-13.360363246399395,1111.868977,0.0,0.0,316.565042,penalty_300,300.0
2019-03-07 15:00:00,-9.908995551733767,1449.412397,0.0,0.0,255.5,penalty_300,300.0
2019-03-07 16:00:00,-9.912386762227896,993.513427,0.0,0.0,255.5,penalty_300,300.0
2019-03-07 17:00:00,3.0380162151919228,903.0151,0.0,0.0,351.207856,penalty_300,300.0
2019-03-07 18:00:00,3.437382814839342,335.460848,0.0,0.0,262.3,penalty_300,300.0
2019-03-07 19:00:00,9.779989736244653,0.0,0.0,0.0,0.0,penalty_300,300.0
2019-03-07 20:00:00,6.436150546705687,601.100342,0.0,0.0,42.0,penalty_300,300.0
2019-03-07 21:00:00,4.492134384999383,1015.519666,0.0,0.0,42.0,penalty_300,300.0
2019-03-07 22:00:00,3.894210034493814,1020.307873,0.0,0.0,42.0,penalty_300,300.0
2019-03-07 23:00:00,1.1831296643943179,983.071293,0.0,0.0,42.0,penalty_300,300.0
2019-03-08 00:00:00,8.2551407929319,956.9839,0.0,0.0,117.048473,penalty_300,300.0
2019-03-08 01:00:00,4.842726137280762,874.415443,0.0,0.0,42.0,penalty_300,300.0
2019-03-08 02:00:00,3.364738826745186,863.951405,0.0,0.0,42.0,penalty_300,300.0
2019-03-08 03:00:00,3.210082514867444,835.810278,0.0,0.0,42.0,penalty_300,300.0
2019-03-08 04:00:00,3.1971216002118434,811.253452,0.0,0.0,42.0,penalty_300,300.0
2019-03-08 05:00:00,3.3750531721105164,807.050255,0.0,0.0,42.0,penalty_300,300.0
2019-03-08 06:00:00,4.463538697558601,0.0,0.0,0.0,42.0,penalty_300,300.0
2019-03-08 07:00:00,10.291896970052363,0.0,0.0,0.0,0.0,penalty_300,300.0
2019-03-08 08:00:00,12.705813786866738,0.0,0.0,0.0,0.0,penalty_300,300.0
2019-03-08 09:00:00,12.460155468762544,0.0,0.0,0.0,0.0,penalty_300,300.0
2019-03-08 10:00:00,11.197299462390466,0.0,0.0,0.0,0.0,penalty_300,300.0
2019-03-08 11:00:00,10.582685581517827,0.0,0.0,0.0,0.0,penalty_300,300.0
2019-03-08 12:00:00,-2.2084798328132274,49.391094,0.0,0.0,375.8,penalty_300,300.0
2019-03-08 13:00:00,-1.3314010154774236,0.0,0.0,0.0,347.683786,penalty_300,300.0
2019-03-08 14:00:00,-0.4047834310197069,155.622972,0.0,0.0,190.290524,penalty_300,300.0
2019-03-08 15:00:00,-1.6709999602740706,232.940142,0.0,0.0,130.5,penalty_300,300.0
2019-03-08 16:00:00,-5.9518366089280335,14.349269,0.0,0.0,145.309948,penalty_300,300.0
2019-03-08 17:00:00,4.060873514137486,140.275386,0.0,0.0,210.226893,penalty_300,300.0
2019-03-08 18:00:00,4.702555578635273,190.668827,0.0,0.0,112.536716,penalty_300,300.0
2019-03-08 19:00:00,6.971381822634997,321.919678,0.0,0.0,42.0,penalty_300,300.0
2019-03-08 20:00:00,6.6133361951438,233.740347,0.0,0.0,42.0,penalty_300,300.0
2019-03-08 21:00:00,5.492364240825823,586.827627,0.0,0.0,42.0,penalty_300,300.0
2019-03-08 22:00:00,5.002279347915792,546.656222,0.0,0.0,42.0,penalty_300,300.0
2019-03-08 23:00:00,2.4183234187143574,1190.969075,0.0,0.0,42.0,penalty_300,300.0
2019-03-09 00:00:00,1.4898869645461479,1324.056525,0.0,0.0,42.0,penalty_300,300.0
2019-03-09 01:00:00,2.0190060822496956,1241.428172,0.0,0.0,42.0,penalty_300,300.0
2019-03-09 02:00:00,1.740797043424757,1261.109344,0.0,0.0,42.0,penalty_300,300.0
2019-03-09 03:00:00,5.894261182769106,0.0,0.0,0.0,0.0,penalty_300,300.0
2019-03-09 04:00:00,9.983236569998727,0.0,0.0,0.0,0.0,penalty_300,300.0
2019-03-09 05:00:00,-0.3281831319950485,1248.276507,0.0,0.0,66.020041,penalty_300,300.0
2019-03-09 06:00:00,0.9972155231802055,1173.747133,0.0,0.0,42.0,penalty_300,300.0
2019-03-09 07:00:00,2.363255250696384,418.225763,0.0,0.0,42.0,penalty_300,300.0
2019-03-09 08:00:00,3.1351123899210975,316.472495,0.0,0.0,42.0,penalty_300,300.0
2019-03-09 09:00:00,10.264925654771012,0.0,0.0,0.0,0.0,penalty_300,300.0
2019-03-09 10:00:00,8.96862289424223,0.0,0.0,0.0,0.0,penalty_300,300.0
2019-03-09 11:00:00,0.9491784174973307,220.885555,0.0,0.0,213.5,penalty_300,300.0
2019-03-09 12:00:00,-7.680494012713143,3041.157736,0.0,0.0,255.5,penalty_300,300.0
2019-03-09 13:00:00,-10.920938419635663,2686.462714,0.0,0.0,255.5,penalty_300,300.0
2019-03-09 14:00:00,-11.276158646421596,3397.009286,0.0,0.0,255.5,penalty_300,300.0
2019-03-09 15:00:00,-8.625480783100283,3255.018313,0.0,0.0,344.729183,penalty_300,300.0
2019-03-09 16:00:00,-6.825594550543635,2214.419682,0.0,0.0,130.5,penalty_300,300.0
2019-03-09 17:00:00,-2.8304983230577196,2006.230323,0.0,0.0,88.5,penalty_300,300.0
2019-03-09 18:00:00,9.893679661967301,0.0,0.0,0.0,0.0,penalty_300,300.0
2019-03-09 19:00:00,10.169493408739516,0.0,0.0,0.0,0.0,penalty_300,300.0
2019-03-09 20:00:00,11.53991843665348,0.0,0.0,0.0,0.0,penalty_300,300.0
2019-03-09 21:00:00,11.389329492578964,0.0,0.0,0.0,0.0,penalty_300,300.0
2019-03-09 22:00:00,10.780506863433235,0.0,0.0,0.0,0.0,penalty_300,300.0
2019-03-09 23:00:00,10.36802236016298,0.0,0.0,0.0,0.0,penalty_300,300.0
2019-03-10 00:00:00,11.374724844361205,0.0,0.0,0.0,0.0,penalty_300,300.0
2019-03-10 01:00:00,9.701074440663971,0.0,0.0,0.0,0.0,penalty_300,300.0
2019-03-10 02:00:00,9.35912632707618,0.0,0.0,0.0,0.0,penalty_300,300.0
2019-03-10 03:00:00,8.988707598944487,0.0,0.0,0.0,0.0,penalty_300,300.0
2019-03-10 04:00:00,8.918266778016667,0.0,0.0,0.0,0.0,penalty_300,300.0
2019-03-10 05:00:00,9.250868922571174,0.0,0.0,0.0,0.0,penalty_300,300.0
2019-03-10 06:00:00,9.26520920143954,0.0,0.0,0.0,0.0,penalty_300,300.0
2019-03-10 07:00:00,4.672647532924503,14.904629,0.0,0.0,42.0,penalty_300,300.0
2019-03-10 08:00:00,4.841413821750187,387.529744,0.0,0.0,42.0,penalty_300,300.0
2019-03-10 09:00:00,5.56154196862179,698.021742,0.0,0.0,42.0,penalty_300,300.0
2019-03-10 10:00:00,5.221143619770793,104.397709,0.0,0.0,42.0,penalty_300,300.0
2019-03-10 11:00:00,5.169087912354025,1308.433006,0.0,0.0,42.0,penalty_300,300.0
2019-03-10 12:00:00,3.7904242958397822,1482.925565,0.0,0.0,100.0,penalty_300,300.0
2019-03-10 13:00:00,-2.3756106796644816,646.154467,0.0,0.0,417.8,penalty_300,300.0
2019-03-10 14:00:00,-15.370634180867881,1253.395585,0.0,0.0,417.8,penalty_300,300.0
2019-03-10 15:00:00,-12.388464807616794,1460.206389,0.0,0.0,417.8,penalty_300,300.0
2019-03-10 16:00:00,-15.921116286431745,1002.616854,0.0,0.0,417.8,penalty_300,300.0
2019-03-10 17:00:00,2.8714894623921787,875.124985,0.0,0.0,218.450545,penalty_300,300.0
2019-03-10 18:00:00,3.545711462323355,250.299388,0.0,0.0,192.914448,penalty_300,300.0
2019-03-10 19:00:00,10.570487860036216,0.0,0.0,0.0,0.0,penalty_300,300.0
2019-03-10 20:00:00,10.443580655366345,0.0,0.0,0.0,0.0,penalty_300,300.0
2019-03-10 21:00:00,10.088537492723294,0.0,0.0,0.0,0.0,penalty_300,300.0
2019-03-10 22:00:00,10.077987046200263,0.0,0.0,0.0,0.0,penalty_300,300.0
2019-03-10 23:00:00,10.695589854705448,0.0,0.0,0.0,0.0,penalty_300,300.0
2019-03-11 00:00:00,10.818398912945462,0.0,0.0,0.0,0.0,penalty_300,300.0
2019-03-11 01:00:00,11.022421728077324,0.0,0.0,0.0,0.0,penalty_300,300.0
2019-03-11 02:00:00,11.96454308306542,0.0,0.0,0.0,0.0,penalty_300,300.0
2019-03-11 03:00:00,11.266358449800457,0.0,0.0,0.0,0.0,penalty_300,300.0
2019-03-11 04:00:00,10.999091852045412,0.0,0.0,0.0,0.0,penalty_300,300.0
2019-03-11 05:00:00,12.29204777834639,0.0,0.0,0.0,0.0,penalty_300,300.0
2019-03-11 06:00:00,15.268981610033789,0.0,0.0,0.0,0.0,penalty_300,300.0
2019-03-11 07:00:00,16.65940892689647,0.0,0.0,0.0,0.0,penalty_300,300.0
2019-03-11 08:00:00,14.275989784293506,0.0,0.0,0.0,0.0,penalty_300,300.0
2019-03-11 09:00:00,12.629879142265818,0.0,0.0,0.0,0.0,penalty_300,300.0
2019-03-11 10:00:00,11.246220676212848,0.0,0.0,0.0,0.0,penalty_300,300.0
2019-03-11 11:00:00,11.012948675264711,0.0,0.0,0.0,0.0,penalty_300,300.0
2019-03-11 12:00:00,10.893026632527038,0.0,0.0,0.0,0.0,penalty_300,300.0
2019-03-11 13:00:00,-1.4864330541598574,296.430612,0.0,0.0,88.5,penalty_300,300.0
2019-03-11 14:00:00,-5.899854363820692,736.624991,0.0,0.0,255.5,penalty_300,300.0
2019-03-11 15:00:00,-8.646923671749816,813.664653,0.0,0.0,255.5,penalty_300,300.0
2019-03-11 16:00:00,-8.724065336739304,491.346328,0.0,0.0,255.5,penalty_300,300.0
2019-03-11 17:00:00,9.19712367654984,893.621325,0.0,0.0,364.019226,penalty_300,300.0
2019-03-11 18:00:00,5.179746130012299,1006.706852,0.0,0.0,100.0,penalty_300,300.0
2019-03-11 19:00:00,8.192307713153184,979.762618,0.0,0.0,42.0,penalty_300,300.0
2019-03-11 20:00:00,6.157205491713629,196.510474,0.0,0.0,42.0,penalty_300,300.0
2019-03-11 21:00:00,15.988039921908952,0.0,0.0,0.0,0.0,penalty_300,300.0
2019-03-11 22:00:00,10.59511986375905,0.0,0.0,0.0,0.0,penalty_300,300.0
2019-03-11 23:00:00,10.251361199676047,0.0,0.0,0.0,0.0,penalty_300,300.0
2019-03-12 00:00:00,10.336470201697086,0.0,0.0,0.0,0.0,penalty_300,300.0
2019-03-12 01:00:00,10.008301610705736,0.0,0.0,0.0,0.0,penalty_300,300.0
2019-03-12 02:00:00,10.080714072303406,0.0,0.0,0.0,0.0,penalty_300,300.0
2019-03-12 03:00:00,10.269732033350536,0.0,0.0,0.0,0.0,penalty_300,300.0
2019-03-12 04:00:00,9.78097611831067,0.0,0.0,0.0,0.0,penalty_300,300.0
2019-03-12 05:00:00,9.32102546769017,0.0,0.0,0.0,0.0,penalty_300,300.0
2019-03-12 06:00:00,9.812406400018636,0.0,0.0,0.0,0.0,penalty_300,300.0
2019-03-12 07:00:00,9.960576418301082,0.0,0.0,0.0,0.0,penalty_300,300.0
2019-03-12 08:00:00,10.84179777763855,0.0,0.0,0.0,0.0,penalty_300,300.0
2019-03-12 09:00:00,7.949623104305265,362.903585,0.0,0.0,58.0,penalty_300,300.0
2019-03-12 10:00:00,4.1420492014559,178.097712,0.0,0.0,250.8,penalty_300,300.0
2019-03-12 11:00:00,-1.6321545281515775,900.267029,0.0,0.0,375.8,penalty_300,300.0
2019-03-12 12:00:00,-12.676449920739305,1709.646017,0.0,0.0,417.8,penalty_300,300.0
2019-03-12 13:00:00,-6.045310253544299,1275.278192,0.0,0.0,130.5,penalty_300,300.0
2019-03-12 14:00:00,-5.586204090224045,2120.143887,0.0,0.0,130.5,penalty_300,300.0
2019-03-12 15:00:00,-5.5522538776139285,1944.141793,0.0,0.0,130.5,penalty_300,300.0
2019-03-12 16:00:00,6.233338672419774,586.597366,0.0,0.0,42.0,penalty_300,300.0
2019-03-12 17:00:00,6.859303039836759,1091.61097,0.0,0.0,42.0,penalty_300,300.0
2019-03-12 18:00:00,7.665003129899561,653.034719,0.0,0.0,42.0,penalty_300,300.0
2019-03-12 19:00:00,7.544335532468611,134.625702,0.0,0.0,42.0,penalty_300,300.0
2019-03-12 20:00:00,5.730257076768828,308.130214,0.0,0.0,0.0,penalty_300,300.0
2019-03-12 21:00:00,11.6091181988689,0.0,0.0,0.0,0.0,penalty_300,300.0
2019-03-12 22:00:00,10.080182315129937,0.0,0.0,0.0,0.0,penalty_300,300.0
2019-03-12 23:00:00,9.848738395429814,0.0,0.0,0.0,0.0,penalty_300,300.0
2019-03-13 00:00:00,11.346849612191004,1046.142049,0.0,0.0,92.831586,penalty_300,300.0
2019-03-13 01:00:00,4.048323674220348,581.806738,0.0,0.0,42.0,penalty_300,300.0
2019-03-13 02:00:00,3.111635427091814,1734.588303,0.0,0.0,42.0,penalty_300,300.0
2019-03-13 03:00:00,3.8906089067823024,1632.903761,0.0,0.0,42.0,penalty_300,300.0
2019-03-13 04:00:00,4.012124485341703,1443.231526,0.0,0.0,42.0,penalty_300,300.0
2019-03-13 05:00:00,3.8391642724568076,1509.433156,0.0,0.0,42.0,penalty_300,300.0
2019-03-13 06:00:00,2.6781924287988406,732.241547,0.0,0.0,0.0,penalty_300,300.0
2019-03-13 07:00:00,9.8065102711457,0.0,0.0,0.0,0.0,penalty_300,300.0
2019-03-13 08:00:00,10.551744406352421,0.0,0.0,0.0,0.0,penalty_300,300.0
2019-03-13 09:00:00,11.49765260337562,0.0,0.0,0.0,0.0,penalty_300,300.0
2019-03-13 10:00:00,10.440230245851916,0.0,0.0,0.0,0.0,penalty_300,300.0
2019-03-13 11:00:00,-1.5605945866621778,171.572552,0.0,0.0,375.8,penalty_300,300.0
2019-03-13 12:00:00,0.6010446718975416,3.892912,0.0,0.0,88.5,penalty_300,300.0
2019-03-13 13:00:00,4.034256212763641,467.83169,0.0,0.0,88.5,penalty_300,300.0
2019-03-13 14:00:00,6.377665261266161,677.940955,0.0,0.0,88.5,penalty_300,300.0
2019-03-13 15:00:00,6.064442336419685,565.161799,0.0,0.0,88.5,penalty_300,300.0
2019-03-13 16:00:00,4.1897064493693295,65.941548,0.0,0.0,88.5,penalty_300,300.0
2019-03-13 17:00:00,9.50926247634252,0.0,0.0,0.0,0.0,penalty_300,300.0
2019-03-13 18:00:00,11.60934154639279,0.0,0.0,0.0,0.0,penalty_300,300.0
2019-03-13 19:00:00,13.233798899067349,0.0,0.0,0.0,0.0,penalty_300,300.0
2019-03-13 20:00:00,13.296601210884155,0.0,0.0,0.0,0.0,penalty_300,300.0
2019-03-13 21:00:00,11.031744318889043,0.0,0.0,0.0,0.0,penalty_300,300.0
2019-03-13 22:00:00,4.8289439172351685,316.988011,0.0,0.0,0.0,penalty_300,300.0
2019-03-13 23:00:00,4.863196312913127,1183.498372,0.0,0.0,42.0,penalty_300,300.0
2019-03-14 00:00:00,2.033022402389733,1192.371575,0.0,0.0,42.0,penalty_300,300.0
2019-03-14 01:00:00,3.9076444685039817,473.175954,0.0,0.0,42.0,penalty_300,300.0
2019-03-14 02:00:00,-0.32375282548417966,1613.781951,0.0,0.0,42.0,penalty_300,300.0
2019-03-14 03:00:00,1.904015065992584,1536.477372,0.0,0.0,42.0,penalty_300,300.0
2019-03-14 04:00:00,2.214018102601556,1429.654335,0.0,0.0,42.0,penalty_300,300.0
2019-03-14 05:00:00,1.949681530949124,1481.609631,0.0,0.0,42.0,penalty_300,300.0
2019-03-14 06:00:00,4.628654964705559,1509.762776,0.0,0.0,42.0,penalty_300,300.0
2019-03-14 07:00:00,2.9399168284262753,429.882188,0.0,0.0,42.0,penalty_300,300.0
2019-03-14 08:00:00,9.613741190247813,0.0,0.0,0.0,0.0,penalty_300,300.0
2019-03-14 09:00:00,8.289269163913579,0.0,0.0,0.0,0.0,penalty_300,300.0
2019-03-14 10:00:00,8.499705604867993,0.0,0.0,0.0,0.0,penalty_300,300.0
2019-03-14 11:00:00,-12.855695418673857,1025.810478,0.0,0.0,270.274126,penalty_300,300.0
2019-03-14 12:00:00,-12.41740925388039,3103.417588,0.0,0.0,255.5,penalty_300,300.0
2019-03-14 13:00:00,-12.84403624317665,2209.804306,0.0,0.0,255.5,penalty_300,300.0
2019-03-14 14:00:00,-13.340692354266999,3167.872609,0.0,0.0,255.5,penalty_300,300.0
2019-03-14 15:00:00,-11.279664450781036,2337.650008,0.0,0.0,417.8,penalty_300,300.0
2019-03-14 16:00:00,-8.609907273193523,703.719191,0.0,0.0,323.608754,penalty_300,300.0
2019-03-14 17:00:00,4.528027524705012,421.469409,0.0,0.0,329.3,penalty_300,300.0
2019-03-14 18:00:00,9.362506330011808,0.0,0.0,0.0,0.0,penalty_300,300.0
2019-03-14 19:00:00,9.593823315900778,0.0,0.0,0.0,0.0,penalty_300,300.0
2019-03-14 20:00:00,9.533170053438543,0.0,0.0,0.0,0.0,penalty_300,300.0
2019-03-14 21:00:00,8.620012032717124,0.0,0.0,0.0,0.0,penalty_300,300.0
2019-03-14 22:00:00,8.811443319220114,0.0,0.0,0.0,0.0,penalty_300,300.0
2019-03-14 23:00:00,9.444660617557108,0.0,0.0,0.0,0.0,penalty_300,300.0
2019-03-15 00:00:00,9.747598537750262,0.0,0.0,0.0,0.0,penalty_300,300.0
2019-03-15 01:00:00,10.57281289767978,0.0,0.0,0.0,0.0,penalty_300,300.0
2019-03-15 02:00:00,9.893710464338906,0.0,0.0,0.0,0.0,penalty_300,300.0
2019-03-15 03:00:00,3.6680010074857656,0.0,0.0,0.0,0.0,penalty_300,300.0
2019-03-15 04:00:00,4.393612186450101,4.451161,0.0,0.0,0.0,penalty_300,300.0
2019-03-15 05:00:00,11.728249339739104,0.0,0.0,0.0,0.0,penalty_300,300.0
2019-03-15 06:00:00,14.60501278334305,0.0,0.0,0.0,0.0,penalty_300,300.0
2019-03-15 07:00:00,15.28016602739368,0.0,0.0,0.0,0.0,penalty_300,300.0
2019-03-15 08:00:00,15.600751329552152,0.0,0.0,0.0,0.0,penalty_300,300.0
2019-03-15 09:00:00,15.486325017962177,0.0,0.0,0.0,0.0,penalty_300,300.0
2019-03-15 10:00:00,14.575415651457138,0.0,0.0,0.0,0.0,penalty_300,300.0
2019-03-15 11:00:00,14.640228985259169,0.0,0.0,0.0,0.0,penalty_300,300.0
2019-03-15 12:00:00,0.18363688329626762,343.10584,0.0,0.0,213.5,penalty_300,300.0
2019-03-15 13:00:00,-0.6189606592225184,510.042877,0.0,0.0,213.5,penalty_300,300.0
2019-03-15 14:00:00,-0.2719368860764566,700.576705,0.0,0.0,167.132199,penalty_300,300.0
2019-03-15 15:00:00,6.065381653709325,667.173588,0.0,0.0,88.5,penalty_300,300.0
2019-03-15 16:00:00,1.6389848462681609,280.716039,0.0,0.0,88.5,penalty_300,300.0
2019-03-15 17:00:00,10.729491735336795,0.0,0.0,0.0,0.0,penalty_300,300.0
2019-03-15 18:00:00,11.18602127969093,0.0,0.0,0.0,0.0,penalty_300,300.0
2019-03-15 19:00:00,14.203845233491565,0.0,0.0,0.0,0.0,penalty_300,300.0
2019-03-15 20:00:00,19.64682925709403,0.0,0.0,0.0,0.0,penalty_300,300.0
2019-03-15 21:00:00,16.36296603856906,0.0,0.0,0.0,0.0,penalty_300,300.0
2019-03-15 22:00:00,12.66566868116169,0.0,0.0,0.0,0.0,penalty_300,300.0
2019-03-15 23:00:00,12.29984316227839,0.0,0.0,0.0,0.0,penalty_300,300.0
2019-03-16 00:00:00,9.493194134829468,0.0,0.0,0.0,0.0,penalty_300,300.0
2019-03-16 01:00:00,10.031103661973344,0.0,0.0,0.0,0.0,penalty_300,300.0
2019-03-16 02:00:00,10.455114573965878,0.0,0.0,0.0,0.0,penalty_300,300.0
2019-03-16 03:00:00,11.231162744980221,0.0,0.0,0.0,0.0,penalty_300,300.0
2019-03-16 04:00:00,13.334527912739395,0.0,0.0,0.0,0.0,penalty_300,300.0
2019-03-16 05:00:00,14.09034186344014,0.0,0.0,0.0,0.0,penalty_300,300.0
2019-03-16 06:00:00,16.030293625930447,0.0,0.0,0.0,0.0,penalty_300,300.0
2019-03-16 07:00:00,17.00210100338833,0.0,0.0,0.0,0.0,penalty_300,300.0
2019-03-16 08:00:00,21.39101868202088,0.0,0.0,0.0,0.0,penalty_300,300.0
2019-03-16 09:00:00,16.609756997362364,0.0,0.0,0.0,0.0,penalty_300,300.0
2019-03-16 10:00:00,12.496922115270548,0.0,0.0,0.0,0.0,penalty_300,300.0
2019-03-16 11:00:00,13.449656114722599,0.0,0.0,0.0,0.0,penalty_300,300.0
2019-03-16 12:00:00,0.5008391436859043,362.356402,0.0,0.0,88.5,penalty_300,300.0
2019-03-16 13:00:00,-0.7529571082269203,1096.196786,0.0,0.0,88.5,penalty_300,300.0
2019-03-16 14:00:00,-1.338265199720188,1498.128125,0.0,0.0,130.5,penalty_300,300.0
2019-03-16 15:00:00,-1.3900248317824608,1541.750491,0.0,0.0,130.5,penalty_300,300.0
2019-03-16 16:00:00,-1.2461471007910092,966.617353,0.0,0.0,88.5,penalty_300,300.0
2019-03-16 17:00:00,-1.6017484767567025,302.080656,0.0,0.0,88.5,penalty_300,300.0
2019-03-16 18:00:00,10.635345590601114,0.0,0.0,0.0,0.0,penalty_300,300.0
2019-03-16 19:00:00,11.235385088832954,0.0,0.0,0.0,0.0,penalty_300,300.0
2019-03-16 20:00:00,11.943957194230144,0.0,0.0,0.0,0.0,penalty_300,300.0
2019-03-16 21:00:00,10.956775104851582,0.0,0.0,0.0,0.0,penalty_300,300.0
2019-03-16 22:00:00,10.470809264093361,0.0,0.0,0.0,0.0,penalty_300,300.0
2019-03-16 23:00:00,9.817583173672343,0.0,0.0,0.0,0.0,penalty_300,300.0
2019-03-17 00:00:00,12.528041238647047,0.0,0.0,0.0,0.0,penalty_300,300.0
2019-03-17 01:00:00,11.73767200313922,0.0,0.0,0.0,0.0,penalty_300,300.0
2019-03-17 02:00:00,11.702502858860933,0.0,0.0,0.0,0.0,penalty_300,300.0
2019-03-17 03:00:00,12.751749840899718,0.0,0.0,0.0,0.0,penalty_300,300.0
2019-03-17 04:00:00,13.28154397790124,0.0,0.0,0.0,0.0,penalty_300,300.0
2019-03-17 05:00:00,14.821069405634086,0.0,0.0,0.0,0.0,penalty_300,300.0
2019-03-17 06:00:00,16.796810695124556,0.0,0.0,0.0,0.0,penalty_300,300.0
2019-03-17 07:00:00,16.979312968909024,0.0,0.0,0.0,0.0,penalty_300,300.0
2019-03-17 08:00:00,17.259356133795233,0.0,0.0,0.0,0.0,penalty_300,300.0
2019-03-17 09:00:00,14.159476498405239,0.0,0.0,0.0,0.0,penalty_300,300.0
2019-03-17 10:00:00,13.536920163857886,0.0,0.0,0.0,0.0,penalty_300,300.0
2019-03-17 11:00:00,12.116078999999997,0.0,0.0,0.0,0.0,penalty_300,300.0
2019-03-17 12:00:00,5.491764705517223,68.511433,0.0,0.0,88.5,penalty_300,300.0
2019-03-17 13:00:00,3.45460960906612,468.952765,0.0,0.0,88.5,penalty_300,300.0
2019-03-17 14:00:00,3.3168127822196425,639.472871,0.0,0.0,88.5,penalty_300,300.0
2019-03-17 15:00:00,4.976211193642176,519.737731,0.0,0.0,88.5,penalty_300,300.0
2019-03-17 16:00:00,5.2374548503996055,79.386254,0.0,0.0,88.5,penalty_300,300.0
2019-03-17 17:00:00,10.739645260542542,0.0,0.0,0.0,0.0,penalty_300,300.0
2019-03-17 18:00:00,11.20138899371213,0.0,0.0,0.0,0.0,penalty_300,300.0
2019-03-17 19:00:00,13.43605803114134,0.0,0.0,0.0,0.0,penalty_300,300.0
2019-03-17 20:00:00,12.958920987905419,0.0,0.0,0.0,0.0,penalty_300,300.0
2019-03-17 21:00:00,11.425026245794735,0.0,0.0,0.0,0.0,penalty_300,300.0
2019-03-17 22:00:00,9.322550250566593,0.0,0.0,0.0,0.0,penalty_300,300.0
2019-03-17 23:00:00,9.083348159105528,0.0,0.0,0.0,0.0,penalty_300,300.0
2019-03-18 00:00:00,10.890765382080517,0.0,0.0,0.0,0.0,penalty_300,300.0
2019-03-18 01:00:00,9.95351230913981,0.0,0.0,0.0,0.0,penalty_300,300.0
2019-03-18 02:00:00,10.573672424301115,0.0,0.0,0.0,0.0,penalty_300,300.0
2019-03-18 03:00:00,12.31583332489936,0.0,0.0,0.0,0.0,penalty_300,300.0
2019-03-18 04:00:00,14.660002090171782,0.0,0.0,0.0,0.0,penalty_300,300.0
2019-03-18 05:00:00,16.909559946186505,0.0,0.0,0.0,0.0,penalty_300,300.0
2019-03-18 06:00:00,19.349077979000164,0.0,0.0,0.0,0.0,penalty_300,300.0
2019-03-18 07:00:00,18.855655907221845,0.0,0.0,0.0,0.0,penalty_300,300.0
2019-03-18 08:00:00,16.443916357866723,0.0,0.0,0.0,0.0,penalty_300,300.0
2019-03-18 09:00:00,16.944356041154453,0.0,0.0,0.0,0.0,penalty_300,300.0
2019-03-18 10:00:00,15.069459899921043,0.0,0.0,0.0,0.0,penalty_300,300.0
2019-03-18 11:00:00,11.70890029401747,0.0,0.0,0.0,0.0,penalty_300,300.0
2019-03-18 12:00:00,22.503960712624714,0.0,0.0,0.0,0.0,penalty_300,300.0
2019-03-18 13:00:00,7.547817933250741,19.694721,0.0,0.0,88.5,penalty_300,300.0
2019-03-18 14:00:00,0.06893789104397909,239.845085,0.0,0.0,71.443915,penalty_300,300.0
2019-03-18 15:00:00,-0.014935253719604708,201.523535,0.0,0.0,88.5,penalty_300,300.0
2019-03-18 16:00:00,12.240949423654177,0.0,0.0,0.0,0.0,penalty_300,300.0
2019-03-18 17:00:00,11.779585877801988,0.0,0.0,0.0,0.0,penalty_300,300.0
2019-03-18 18:00:00,12.56634984123363,0.0,0.0,0.0,0.0,penalty_300,300.0
2019-03-18 19:00:00,12.922175992148476,0.0,0.0,0.0,0.0,penalty_300,300.0
2019-03-18 20:00:00,14.109221443993933,0.0,0.0,0.0,0.0,penalty_300,300.0
2019-03-18 21:00:00,12.735162675629903,0.0,0.0,0.0,0.0,penalty_300,300.0
2019-03-18 22:00:00,11.981124740491243,0.0,0.0,0.0,0.0,penalty_300,300.0
2019-03-18 23:00:00,10.036763284928636,0.0,0.0,0.0,0.0,penalty_300,300.0
2019-03-19 00:00:00,295.7713543693826,0.0,37.312,0.0,0.0,penalty_300,300.0
2019-03-19 01:00:00,10.964373815654374,0.0,0.0,0.0,0.0,penalty_300,300.0
2019-03-19 02:00:00,10.23381968505632,0.0,0.0,0.0,0.0,penalty_300,300.0
2019-03-19 03:00:00,10.509008704868378,0.0,0.0,0.0,0.0,penalty_300,300.0
2019-03-19 04:00:00,31.140461683516254,0.0,0.0,0.0,0.0,penalty_300,300.0
2019-03-19 05:00:00,13.599839373291813,0.0,0.0,0.0,0.0,penalty_300,300.0
2019-03-19 06:00:00,14.599998984496928,0.0,0.0,0.0,0.0,penalty_300,300.0
2019-03-19 07:00:00,13.139830925308557,0.0,0.0,0.0,0.0,penalty_300,300.0
2019-03-19 08:00:00,12.30410511007168,0.0,0.0,0.0,0.0,penalty_300,300.0
2019-03-19 09:00:00,12.013996673294969,0.0,0.0,0.0,0.0,penalty_300,300.0
2019-03-19 10:00:00,11.057904284371357,0.0,0.0,0.0,0.0,penalty_300,300.0
2019-03-19 11:00:00,4.41551252349122,499.416979,0.0,0.0,387.3,penalty_300,300.0
2019-03-19 12:00:00,-8.570125925462147,2231.303832,0.0,0.0,255.5,penalty_300,300.0
2019-03-19 13:00:00,-13.470258829820454,1985.554583,0.0,0.0,299.687109,penalty_300,300.0
2019-03-19 14:00:00,-12.147952175769154,2395.801803,0.0,0.0,255.5,penalty_300,300.0
2019-03-19 15:00:00,-10.210053205776479,2159.249264,0.0,0.0,255.5,penalty_300,300.0
2019-03-19 16:00:00,-8.792425111028834,1075.462606,0.0,0.0,155.748513,penalty_300,300.0
2019-03-19 17:00:00,3.366959227351397,1008.779318,0.0,0.0,186.803873,penalty_300,300.0
2019-03-19 18:00:00,3.973885511450243,600.668451,0.0,0.0,262.3,penalty_300,300.0
2019-03-19 19:00:00,7.443102796477259,282.991717,0.0,0.0,42.0,penalty_300,300.0
2019-03-19 20:00:00,5.404389902503483,188.921992,0.0,0.0,42.0,penalty_300,300.0
2019-03-19 21:00:00,10.384102184424961,0.0,0.0,0.0,0.0,penalty_300,300.0
2019-03-19 22:00:00,10.811752222362138,0.0,0.0,0.0,0.0,penalty_300,300.0
2019-03-19 23:00:00,10.135999691715362,0.0,0.0,0.0,0.0,penalty_300,300.0
2019-03-20 00:00:00,9.597291136657054,0.0,0.0,0.0,0.0,penalty_300,300.0
2019-03-20 01:00:00,8.795992726262016,0.0,0.0,0.0,0.0,penalty_300,300.0
2019-03-20 02:00:00,10.0114483180398,0.0,0.0,0.0,0.0,penalty_300,300.0
2019-03-20 03:00:00,10.974232100054108,0.0,0.0,0.0,0.0,penalty_300,300.0
2019-03-20 04:00:00,10.19769202275311,0.0,0.0,0.0,0.0,penalty_300,300.0
2019-03-20 05:00:00,12.924802172139874,0.0,0.0,0.0,0.0,penalty_300,300.0
2019-03-20 06:00:00,14.31323825282128,0.0,0.0,0.0,0.0,penalty_300,300.0
2019-03-20 07:00:00,14.243564767718821,0.0,0.0,0.0,0.0,penalty_300,300.0
2019-03-20 08:00:00,15.395427395271625,0.0,0.0,0.0,0.0,penalty_300,300.0
2019-03-20 09:00:00,14.651281082138341,0.0,0.0,0.0,0.0,penalty_300,300.0
2019-03-20 10:00:00,14.115268190327937,0.0,0.0,0.0,0.0,penalty_300,300.0
2019-03-20 11:00:00,17.355218246553385,0.0,0.0,0.0,0.0,penalty_300,300.0
2019-03-20 12:00:00,4.284627498919316,141.818173,0.0,0.0,88.5,penalty_300,300.0
2019-03-20 13:00:00,3.9633247373984473,564.772885,0.0,0.0,88.5,penalty_300,300.0
2019-03-20 14:00:00,4.022538581632191,839.455923,0.0,0.0,88.5,penalty_300,300.0
2019-03-20 15:00:00,6.330781791537952,816.192322,0.0,0.0,88.5,penalty_300,300.0
2019-03-20 16:00:00,3.615055247642793,422.306909,0.0,0.0,88.5,penalty_300,300.0
2019-03-20 17:00:00,-0.29260338390166535,0.0,0.0,0.0,58.0,penalty_300,300.0
2019-03-20 18:00:00,11.360766435997853,0.0,0.0,0.0,0.0,penalty_300,300.0
2019-03-20 19:00:00,14.317017757282684,0.0,0.0,0.0,0.0,penalty_300,300.0
2019-03-20 20:00:00,14.412763536129813,0.0,0.0,0.0,0.0,penalty_300,300.0
2019-03-20 21:00:00,14.008184292058791,0.0,0.0,0.0,0.0,penalty_300,300.0
2019-03-20 22:00:00,11.892359001478367,0.0,0.0,0.0,0.0,penalty_300,300.0
2019-03-20 23:00:00,12.944440324139086,0.0,0.0,0.0,0.0,penalty_300,300.0
2019-03-21 00:00:00,11.398597519750375,0.0,0.0,0.0,0.0,penalty_300,300.0
2019-03-21 01:00:00,9.942207061079007,0.0,0.0,0.0,0.0,penalty_300,300.0
2019-03-21 02:00:00,11.691166821555754,0.0,0.0,0.0,0.0,penalty_300,300.0
2019-03-21 03:00:00,13.636016752580764,0.0,0.0,0.0,0.0,penalty_300,300.0
2019-03-21 04:00:00,12.00112718655237,0.0,0.0,0.0,0.0,penalty_300,300.0
2019-03-21 05:00:00,16.350612663897216,0.0,0.0,0.0,0.0,penalty_300,300.0
2019-03-21 06:00:00,17.92876228530139,0.0,0.0,0.0,0.0,penalty_300,300.0
2019-03-21 07:00:00,16.547510860872165,0.0,0.0,0.0,0.0,penalty_300,300.0
2019-03-21 08:00:00,16.12943408751301,0.0,0.0,0.0,0.0,penalty_300,300.0
2019-03-21 09:00:00,15.774951290918123,0.0,0.0,0.0,0.0,penalty_300,300.0
2019-03-21 10:00:00,15.041832955728916,0.0,0.0,0.0,0.0,penalty_300,300.0
2019-03-21 11:00:00,11.395805931398286,0.0,0.0,0.0,0.0,penalty_300,300.0
2019-03-21 12:00:00,11.378870384371966,0.0,0.0,0.0,0.0,penalty_300,300.0
2019-03-21 13:00:00,11.356577917632968,0.0,0.0,0.0,0.0,penalty_300,300.0
2019-03-21 14:00:00,-0.9969862292196087,0.0,0.0,0.0,220.3,penalty_300,300.0
2019-03-21 15:00:00,0.3218466391779304,5.337833,0.0,0.0,88.5,penalty_300,300.0
2019-03-21 16:00:00,70.22639566454276,279.195566,0.0,0.0,58.0,penalty_300,300.0
2019-03-21 17:00:00,0.8073779829058798,0.0,0.0,0.0,58.0,penalty_300,300.0
2019-03-21 18:00:00,13.139710144064193,0.0,0.0,0.0,0.0,penalty_300,300.0
2019-03-21 19:00:00,15.730916686231144,0.0,0.0,0.0,0.0,penalty_300,300.0
2019-03-21 20:00:00,15.176400493445685,0.0,0.0,0.0,0.0,penalty_300,300.0
2019-03-21 21:00:00,25.825208007052982,0.0,0.0,0.0,0.0,penalty_300,300.0
2019-03-21 22:00:00,11.041041999999994,0.0,0.0,0.0,0.0,penalty_300,300.0
2019-03-21 23:00:00,10.266821315006002,0.0,0.0,0.0,0.0,penalty_300,300.0
2019-03-22 00:00:00,9.604377425417992,0.0,0.0,0.0,0.0,penalty_300,300.0
2019-03-22 01:00:00,9.17332648270146,0.0,0.0,0.0,0.0,penalty_300,300.0
2019-03-22 02:00:00,9.604835034643125,0.0,0.0,0.0,0.0,penalty_300,300.0
2019-03-22 03:00:00,9.88987786650111,0.0,0.0,0.0,0.0,penalty_300,300.0
2019-03-22 04:00:00,8.880456800444056,0.0,0.0,0.0,0.0,penalty_300,300.0
2019-03-22 05:00:00,10.49273453240188,0.0,0.0,0.0,0.0,penalty_300,300.0
2019-03-22 06:00:00,11.035823363009484,0.0,0.0,0.0,0.0,penalty_300,300.0
2019-03-22 07:00:00,11.274937191022833,0.0,0.0,0.0,0.0,penalty_300,300.0
2019-03-22 08:00:00,10.89474511590005,0.0,0.0,0.0,0.0,penalty_300,300.0
2019-03-22 09:00:00,9.5752861708965,0.0,0.0,0.0,0.0,penalty_300,300.0
2019-03-22 10:00:00,9.472537041971197,0.0,0.0,0.0,0.0,penalty_300,300.0
2019-03-22 11:00:00,-4.147903371765888,99.852927,0.0,0.0,417.8,penalty_300,300.0
2019-03-22 12:00:00,-4.490412241776413,2153.916005,0.0,0.0,375.8,penalty_300,300.0
2019-03-22 13:00:00,-12.398121820481526,2407.187577,0.0,0.0,255.5,penalty_300,300.0
2019-03-22 14:00:00,-11.95656823762009,3035.860376,0.0,0.0,255.5,penalty_300,300.0
2019-03-22 15:00:00,-5.515976208872296,2888.885046,0.0,0.0,367.447122,penalty_300,300.0
2019-03-22 16:00:00,-13.424770323539077,1903.029563,0.0,0.0,388.468197,penalty_300,300.0
2019-03-22 17:00:00,-11.531506327678983,1778.879104,0.0,0.0,333.404041,penalty_300,300.0
2019-03-22 18:00:00,-0.91515439190202,1124.799657,0.0,0.0,417.8,penalty_300,300.0
2019-03-22 19:00:00,7.186221492888616,864.526045,0.0,0.0,0.0,penalty_300,300.0
2019-03-22 20:00:00,2.968007784856191,1223.711786,0.0,0.0,42.0,penalty_300,300.0
2019-03-22 21:00:00,1.9103073127584744,1628.888536,0.0,0.0,42.0,penalty_300,300.0
2019-03-22 22:00:00,0.16847788367663744,1646.203962,0.0,0.0,42.0,penalty_300,300.0
2019-03-22 23:00:00,0.12045326504129548,1660.177842,0.0,0.0,42.0,penalty_300,300.0
2019-03-23 00:00:00,-0.35724417544325154,1679.937772,0.0,0.0,42.0,penalty_300,300.0
2019-03-23 01:00:00,-0.3414040564135614,1545.073421,0.0,0.0,42.0,penalty_300,300.0
2019-03-23 02:00:00,-0.27396639924374455,1376.387547,0.0,0.0,42.0,penalty_300,300.0
2019-03-23 03:00:00,0.4065312254803211,1164.581197,0.0,0.0,42.0,penalty_300,300.0
2019-03-23 04:00:00,2.478531542334706,1003.715362,0.0,0.0,42.0,penalty_300,300.0
2019-03-23 05:00:00,3.3263304155056588,937.235232,0.0,0.0,42.0,penalty_300,300.0
2019-03-23 06:00:00,3.68740240253396,305.552327,0.0,0.0,42.0,penalty_300,300.0
2019-03-23 07:00:00,10.4102867633064,0.0,0.0,0.0,0.0,penalty_300,300.0
2019-03-23 08:00:00,11.179573111186045,0.0,0.0,0.0,0.0,penalty_300,300.0
2019-03-23 09:00:00,4.736586851665212,289.43242,0.0,0.0,42.0,penalty_300,300.0
2019-03-23 10:00:00,1.0708652625803,53.84002,0.0,0.0,387.3,penalty_300,300.0
2019-03-23 11:00:00,-1.754311192407842,97.000154,0.0,0.0,417.8,penalty_300,300.0
2019-03-23 12:00:00,-11.51366436832103,829.251705,0.0,0.0,352.115401,penalty_300,300.0
2019-03-23 13:00:00,-15.588480210092147,1601.429242,0.0,0.0,360.20363,penalty_300,300.0
2019-03-23 14:00:00,-14.370346022704698,2015.136531,0.0,0.0,255.5,penalty_300,300.0
2019-03-23 15:00:00,-11.643622202511379,2024.328306,0.0,0.0,255.5,penalty_300,300.0
2019-03-23 16:00:00,-10.942527606056645,1341.7899,0.0,0.0,255.5,penalty_300,300.0
2019-03-23 17:00:00,-9.891583163613989,306.206619,0.0,0.0,255.5,penalty_300,300.0
2019-03-23 18:00:00,9.043937422218818,0.0,0.0,0.0,0.0,penalty_300,300.0
2019-03-23 19:00:00,9.778060109978162,0.0,0.0,0.0,0.0,penalty_300,300.0
2019-03-23 20:00:00,11.304781311140278,0.0,0.0,0.0,0.0,penalty_300,300.0
2019-03-23 21:00:00,10.687693371239003,0.0,0.0,0.0,0.0,penalty_300,300.0
2019-03-23 22:00:00,10.447309494629037,0.0,0.0,0.0,0.0,penalty_300,300.0
2019-03-23 23:00:00,9.682977953834992,0.0,0.0,0.0,0.0,penalty_300,300.0
2019-03-24 00:00:00,10.001417060707233,0.0,0.0,0.0,0.0,penalty_300,300.0
2019-03-24 01:00:00,9.833072898844186,0.0,0.0,0.0,0.0,penalty_300,300.0
2019-03-24 02:00:00,9.882801918659748,0.0,0.0,0.0,0.0,penalty_300,300.0
2019-03-24 03:00:00,9.677405379940991,0.0,0.0,0.0,0.0,penalty_300,300.0
2019-03-24 04:00:00,10.347354576955732,0.0,0.0,0.0,0.0,penalty_300,300.0
2019-03-24 05:00:00,10.345568149343618,0.0,0.0,0.0,0.0,penalty_300,300.0
2019-03-24 06:00:00,9.592848755471199,0.0,0.0,0.0,0.0,penalty_300,300.0
2019-03-24 07:00:00,10.696368142091243,0.0,0.0,0.0,0.0,penalty_300,300.0
2019-03-24 08:00:00,10.427160267125734,0.0,0.0,0.0,0.0,penalty_300,300.0
2019-03-24 09:00:00,11.242266470929863,0.0,0.0,0.0,0.0,penalty_300,300.0
2019-03-24 10:00:00,10.58690331213152,0.0,0.0,0.0,0.0,penalty_300,300.0
2019-03-24 11:00:00,11.112318812189194,0.0,0.0,0.0,0.0,penalty_300,300.0
2019-03-24 12:00:00,-0.8955564823699017,655.507771,0.0,0.0,212.45932,penalty_300,300.0
2019-03-24 13:00:00,-0.34818570861767834,1446.969643,0.0,0.0,93.208357,penalty_300,300.0
2019-03-24 14:00:00,0.4083592981496914,1453.232614,0.0,0.0,168.138198,penalty_300,300.0
2019-03-24 15:00:00,0.9337583222388074,1279.402167,0.0,0.0,148.166293,penalty_300,300.0
2019-03-24 16:00:00,0.8103130607237707,757.086857,0.0,0.0,175.402631,penalty_300,300.0
2019-03-24 17:00:00,2.110866741825039,169.946202,0.0,0.0,213.5,penalty_300,300.0
2019-03-24 18:00:00,12.098167731833243,0.0,0.0,0.0,0.0,penalty_300,300.0
2019-03-24 19:00:00,15.871863865428223,0.0,0.0,0.0,0.0,penalty_300,300.0
2019-03-24 20:00:00,19.723622190287845,0.0,0.0,0.0,0.0,penalty_300,300.0
2019-03-24 21:00:00,13.132428088715235,0.0,0.0,0.0,0.0,penalty_300,300.0
2019-03-24 22:00:00,9.920275006959239,0.0,0.0,0.0,0.0,penalty_300,300.0
2019-03-24 23:00:00,10.044093773751653,0.0,0.0,0.0,0.0,penalty_300,300.0
2019-03-25 00:00:00,9.638251331441424,0.0,0.0,0.0,0.0,penalty_300,300.0
2019-03-25 01:00:00,9.03963954211344,0.0,0.0,0.0,0.0,penalty_300,300.0
2019-03-25 02:00:00,9.595527014711468,0.0,0.0,0.0,0.0,penalty_300,300.0
2019-03-25 03:00:00,10.22248543969483,0.0,0.0,0.0,0.0,penalty_300,300.0
2019-03-25 04:00:00,9.921564195432136,0.0,0.0,0.0,0.0,penalty_300,300.0
2019-03-25 05:00:00,10.577647615795438,0.0,0.0,0.0,0.0,penalty_300,300.0
2019-03-25 06:00:00,11.517294524922477,0.0,0.0,0.0,0.0,penalty_300,300.0
2019-03-25 07:00:00,11.51339128325041,0.0,0.0,0.0,0.0,penalty_300,300.0
2019-03-25 08:00:00,10.904097830552455,0.0,0.0,0.0,0.0,penalty_300,300.0
2019-03-25 09:00:00,5.755076115517383,37.560214,0.0,0.0,42.0,penalty_300,300.0
2019-03-25 10:00:00,8.746769842387264,0.0,0.0,0.0,0.0,penalty_300,300.0
2019-03-25 11:00:00,3.4429532887579666,649.571308,0.0,0.0,387.3,penalty_300,300.0
2019-03-25 12:00:00,-6.07531802977069,1273.30733,0.0,0.0,130.5,penalty_300,300.0
2019-03-25 13:00:00,-3.2418792382758643,1178.859912,0.0,0.0,255.5,penalty_300,300.0
2019-03-25 14:00:00,-1.375097782632198,1762.061156,0.0,0.0,380.712883,penalty_300,300.0
2019-03-25 15:00:00,0.6136059960643223,1751.219479,0.0,0.0,387.3,penalty_300,300.0
2019-03-25 16:00:00,-4.209024708601418,1019.676855,0.0,0.0,255.5,penalty_300,300.0
2019-03-25 17:00:00,-4.915221684864007,529.939913,0.0,0.0,255.5,penalty_300,300.0
2019-03-25 18:00:00,7.020547377762775,0.0,0.0,0.0,58.0,penalty_300,300.0
2019-03-25 19:00:00,10.448278811291463,0.0,0.0,0.0,0.0,penalty_300,300.0
2019-03-25 20:00:00,10.170526184216474,0.0,0.0,0.0,0.0,penalty_300,300.0
2019-03-25 21:00:00,9.3706611157611,0.0,0.0,0.0,0.0,penalty_300,300.0
2019-03-25 22:00:00,10.646350381246956,0.0,0.0,0.0,0.0,penalty_300,300.0
2019-03-25 23:00:00,10.004151039494259,0.0,0.0,0.0,0.0,penalty_300,300.0
2019-03-26 00:00:00,9.631139813467307,0.0,0.0,0.0,0.0,penalty_300,300.0
2019-03-26 01:00:00,9.089971800642225,0.0,0.0,0.0,0.0,penalty_300,300.0
2019-03-26 02:00:00,9.133251432996856,0.0,0.0,0.0,0.0,penalty_300,300.0
2019-03-26 03:00:00,9.661113926542495,0.0,0.0,0.0,0.0,penalty_300,300.0
2019-03-26 04:00:00,8.41623674366131,0.0,0.0,0.0,0.0,penalty_300,300.0
2019-03-26 05:00:00,10.198366351208545,0.0,0.0,0.0,0.0,penalty_300,300.0
2019-03-26 06:00:00,11.037260900594669,0.0,0.0,0.0,0.0,penalty_300,300.0
2019-03-26 07:00:00,10.983032817511232,0.0,0.0,0.0,0.0,penalty_300,300.0
2019-03-26 08:00:00,11.02165487283241,0.0,0.0,0.0,0.0,penalty_300,300.0
2019-03-26 09:00:00,10.540146500641418,0.0,0.0,0.0,0.0,penalty_300,300.0
2019-03-26 10:00:00,9.975742414629098,0.0,0.0,0.0,0.0,penalty_300,300.0
2019-03-26 11:00:00,-2.545554192184402,0.0,0.0,0.0,58.0,penalty_300,300.0
2019-03-26 12:00:00,-2.590409961774331,319.231773,0.0,0.0,255.5,penalty_300,300.0
2019-03-26 13:00:00,-11.9779542547544,1677.432559,0.0,0.0,255.5,penalty_300,300.0
2019-03-26 14:00:00,-11.092911813222065,1640.060272,0.0,0.0,255.5,penalty_300,300.0
2019-03-26 15:00:00,-8.224536542853372,1717.281291,0.0,0.0,292.208008,penalty_300,300.0
2019-03-26 16:00:00,-8.66315426421368,1313.741099,0.0,0.0,255.5,penalty_300,300.0
2019-03-26 17:00:00,-7.613336869870094,1333.824087,0.0,0.0,130.5,penalty_300,300.0
2019-03-26 18:00:00,1.528427227864302,1227.729982,0.0,0.0,387.3,penalty_300,300.0
2019-03-26 19:00:00,5.411570320625785,1132.14837,0.0,0.0,42.0,penalty_300,300.0
2019-03-26 20:00:00,5.457241647464155,1009.669165,0.0,0.0,42.0,penalty_300,300.0
2019-03-26 21:00:00,3.279536556077958,822.354658,0.0,0.0,42.0,penalty_300,300.0
2019-03-26 22:00:00,1.9767289283114449,305.196068,0.0,0.0,42.0,penalty_300,300.0
2019-03-26 23:00:00,0.40942538902597964,364.64584,0.0,0.0,42.0,penalty_300,300.0
2019-03-27 00:00:00,1.7189376530400469,426.68536,0.0,0.0,42.0,penalty_300,300.0
2019-03-27 01:00:00,0.8482440803444065,461.96326,0.0,0.0,42.0,penalty_300,300.0
2019-03-27 02:00:00,0.6232162102075185,227.826366,0.0,0.0,42.0,penalty_300,300.0
2019-03-27 03:00:00,4.391904022666919,0.0,0.0,0.0,0.0,penalty_300,300.0
2019-03-27 04:00:00,9.5984716421118,0.0,0.0,0.0,0.0,penalty_300,300.0
2019-03-27 05:00:00,11.31084722950892,0.0,0.0,0.0,0.0,penalty_300,300.0
2019-03-27 06:00:00,10.515604712635033,0.0,0.0,0.0,0.0,penalty_300,300.0
2019-03-27 07:00:00,10.005870941839877,0.0,0.0,0.0,0.0,penalty_300,300.0
2019-03-27 08:00:00,5.062714384000312,42.814232,0.0,0.0,42.0,penalty_300,300.0
2019-03-27 09:00:00,4.3955442317563636,1373.558413,0.0,0.0,42.0,penalty_300,300.0
2019-03-27 10:00:00,1.6246618865526827,752.132395,0.0,0.0,387.3,penalty_300,300.0
2019-03-27 11:00:00,-9.804256770201125,1816.593038,0.0,0.0,255.5,penalty_300,300.0
2019-03-27 12:00:00,-11.061298817576361,2776.584707,0.0,0.0,373.406535,penalty_300,300.0
2019-03-27 13:00:00,-12.036047702141962,2436.753596,0.0,0.0,255.5,penalty_300,300.0
2019-03-27 14:00:00,-12.12036462990994,3088.570309,0.0,0.0,255.5,penalty_300,300.0
2019-03-27 15:00:00,-15.297151265714552,2963.404565,0.0,0.0,417.8,penalty_300,300.0
2019-03-27 16:00:00,-10.952662488762705,1979.529933,0.0,0.0,417.8,penalty_300,300.0
2019-03-27 17:00:00,-8.688903171863602,1930.286882,0.0,0.0,365.92428,penalty_300,300.0
2019-03-27 18:00:00,1.4480500660711257,1407.787627,0.0,0.0,400.953375,penalty_300,300.0
2019-03-27 19:00:00,5.767290302645182,1107.970145,0.0,0.0,42.0,penalty_300,300.0
2019-03-27 20:00:00,4.02263486901496,1218.035927,0.0,0.0,42.0,penalty_300,300.0
2019-03-27 21:00:00,2.0385990317598717,1678.277111,0.0,0.0,42.0,penalty_300,300.0
2019-03-27 22:00:00,0.037620739129752764,1732.454709,0.0,0.0,42.0,penalty_300,300.0
2019-03-27 23:00:00,-0.9428558936779284,1756.8424,0.0,0.0,262.3,penalty_300,300.0
2019-03-28 00:00:00,-1.6593380531772517,1769.918152,0.0,0.0,100.0,penalty_300,300.0
2019-03-28 01:00:00,-1.93349428709822,1678.273538,0.0,0.0,100.0,penalty_300,300.0
2019-03-28 02:00:00,-1.986462288033008,1711.585053,0.0,0.0,207.765352,penalty_300,300.0
2019-03-28 03:00:00,-0.9621875075619293,1316.317866,0.0,0.0,262.3,penalty_300,300.0
2019-03-28 04:00:00,-0.013173629658174169,902.252415,0.0,0.0,100.0,penalty_300,300.0
2019-03-28 05:00:00,2.4139264581785222,777.395747,0.0,0.0,42.0,penalty_300,300.0
2019-03-28 06:00:00,2.9571434443777718,618.526124,0.0,0.0,42.0,penalty_300,300.0
2019-03-28 07:00:00,2.4697802363669665,357.817299,0.0,0.0,42.0,penalty_300,300.0
2019-03-28 08:00:00,3.352245727948186,838.659695,0.0,0.0,42.0,penalty_300,300.0
2019-03-28 09:00:00,2.978747112694897,1584.868799,0.0,0.0,86.366071,penalty_300,300.0
2019-03-28 10:00:00,1.100210906749808,647.567915,0.0,0.0,387.3,penalty_300,300.0
2019-03-28 11:00:00,0.8087689625088821,1557.850616,0.0,0.0,387.3,penalty_300,300.0
2019-03-28 12:00:00,2.346937343540353,1785.349463,0.0,0.0,387.3,penalty_300,300.0
2019-03-28 13:00:00,-13.667500754089053,1031.524935,0.0,0.0,255.5,penalty_300,300.0
2019-03-28 14:00:00,-9.265039560488246,1487.939022,0.0,0.0,255.5,penalty_300,300.0
2019-03-28 15:00:00,3.353517095100398,1307.072932,0.0,0.0,246.259303,penalty_300,300.0
2019-03-28 16:00:00,2.9902305687287107,799.226259,0.0,0.0,387.3,penalty_300,300.0
2019-03-28 17:00:00,5.870163953958538,1310.453765,0.0,0.0,42.0,penalty_300,300.0
2019-03-28 18:00:00,6.685027100706614,1021.256637,0.0,0.0,42.0,penalty_300,300.0
2019-03-28 19:00:00,7.246517040986133,776.910913,0.0,0.0,42.0,penalty_300,300.0
2019-03-28 20:00:00,5.879798844344414,797.765832,0.0,0.0,42.0,penalty_300,300.0
2019-03-28 21:00:00,3.0592399319458607,1056.750357,0.0,0.0,42.0,penalty_300,300.0
2019-03-28 22:00:00,1.2487035659328136,1024.713468,0.0,0.0,42.0,penalty_300,300.0
2019-03-28 23:00:00,1.4610407062742026,1037.157038,0.0,0.0,42.0,penalty_300,300.0
2019-03-29 00:00:00,1.7513182704214243,1036.438549,0.0,0.0,42.0,penalty_300,300.0
2019-03-29 01:00:00,1.390881901916155,951.687571,0.0,0.0,100.0,penalty_300,300.0
2019-03-29 02:00:00,-0.7498557394650353,874.253672,0.0,0.0,100.0,penalty_300,300.0
2019-03-29 03:00:00,3.728471656876368,760.932024,0.0,0.0,42.0,penalty_300,300.0
2019-03-29 04:00:00,2.7304443907293634,371.573198,0.0,0.0,42.0,penalty_300,300.0
2019-03-29 05:00:00,9.03810926002169,0.0,0.0,0.0,0.0,penalty_300,300.0
2019-03-29 06:00:00,9.915298796853472,0.0,0.0,0.0,0.0,penalty_300,300.0
2019-03-29 07:00:00,10.29335885277099,0.0,0.0,0.0,0.0,penalty_300,300.0
2019-03-29 08:00:00,9.677008758255385,0.0,0.0,0.0,0.0,penalty_300,300.0
2019-03-29 09:00:00,6.11022827403926,765.983157,0.0,0.0,42.0,penalty_300,300.0
2019-03-29 10:00:00,8.251872237609833,0.0,0.0,0.0,58.0,penalty_300,300.0
2019-03-29 11:00:00,0.5516220790887557,875.609256,0.0,0.0,417.8,penalty_300,300.0
2019-03-29 12:00:00,-9.903448090102408,2027.207393,0.0,0.0,255.5,penalty_300,300.0
2019-03-29 13:00:00,-11.985507993976306,1774.266462,0.0,0.0,255.5,penalty_300,300.0
2019-03-29 14:00:00,-12.0822499495163,1700.331672,0.0,0.0,255.5,penalty_300,300.0
2019-03-29 15:00:00,-2.4966286267190783,1393.906874,0.0,0.0,255.5,penalty_300,300.0
2019-03-29 16:00:00,41.22146071721044,945.746981,0.0,0.0,88.5,penalty_300,300.0
2019-03-29 17:00:00,2.77244385542655,322.501488,0.0,0.0,88.5,penalty_300,300.0
2019-03-29 18:00:00,13.94746504323759,0.0,0.0,0.0,0.0,penalty_300,300.0
2019-03-29 19:00:00,11.93424355471527,0.0,0.0,0.0,0.0,penalty_300,300.0
2019-03-29 20:00:00,11.050582261353249,0.0,0.0,0.0,0.0,penalty_300,300.0
2019-03-29 21:00:00,9.730725338447751,0.0,0.0,0.0,0.0,penalty_300,300.0
2019-03-29 22:00:00,3.311922191050806,301.871833,0.0,0.0,6.396888,penalty_300,300.0
2019-03-29 23:00:00,3.6288223590837627,529.886101,0.0,0.0,42.0,penalty_300,300.0
2019-03-30 00:00:00,3.4288072331013195,1532.229054,0.0,0.0,42.0,penalty_300,300.0
2019-03-30 01:00:00,2.0215469305568394,1613.047676,0.0,0.0,42.0,penalty_300,300.0
2019-03-30 02:00:00,-0.19619978257419196,9.129598,0.0,0.0,42.0,penalty_300,300.0
2019-03-30 03:00:00,7.5184631788798635,0.0,0.0,0.0,0.0,penalty_300,300.0
2019-03-30 04:00:00,6.769353061791451,0.0,0.0,0.0,0.0,penalty_300,300.0
2019-03-30 05:00:00,11.101986763784081,0.0,0.0,0.0,0.0,penalty_300,300.0
2019-03-30 06:00:00,4.491956961366846,1070.863512,0.0,0.0,42.0,penalty_300,300.0
2019-03-30 07:00:00,8.79074484517653,0.0,0.0,0.0,0.0,penalty_300,300.0
2019-03-30 08:00:00,10.217625169286853,0.0,0.0,0.0,0.0,penalty_300,300.0
2019-03-30 09:00:00,9.58940129166827,0.0,0.0,0.0,0.0,penalty_300,300.0
2019-03-30 10:00:00,13.354733992579257,119.611098,0.0,0.0,162.3,penalty_300,300.0
2019-03-30 11:00:00,-1.9432231343052382,375.844137,0.0,0.0,88.5,penalty_300,300.0
2019-03-30 12:00:00,-2.24813508711247,1125.676884,0.0,0.0,130.5,penalty_300,300.0
2019-03-30 13:00:00,-2.4189342227317345,1799.862481,0.0,0.0,130.5,penalty_300,300.0
2019-03-30 14:00:00,-8.350789241210734,3027.032655,0.0,0.0,255.5,penalty_300,300.0
2019-03-30 15:00:00,-8.773587497343451,3023.139106,0.0,0.0,130.5,penalty_300,300.0
2019-03-30 16:00:00,-5.767490104244196,2034.024249,0.0,0.0,130.5,penalty_300,300.0
2019-03-30 17:00:00,-9.54487950707868,2135.999576,0.0,0.0,166.102065,penalty_300,300.0
2019-03-30 18:00:00,-8.833246745429166,1439.299548,0.0,0.0,130.5,penalty_300,300.0
2019-03-30 19:00:00,5.134841693521636,1066.60815,0.0,0.0,42.0,penalty_300,300.0
2019-03-30 20:00:00,4.136854731783075,1101.611964,0.0,0.0,42.0,penalty_300,300.0
2019-03-30 21:00:00,3.376128422502044,1514.515409,0.0,0.0,42.0,penalty_300,300.0
2019-03-30 22:00:00,2.1898050090215166,1461.012094,0.0,0.0,42.0,penalty_300,300.0
2019-03-30 23:00:00,3.365152667723014,491.908233,0.0,0.0,42.0,penalty_300,300.0
2019-03-31 00:00:00,10.231980105113356,0.0,0.0,0.0,0.0,penalty_300,300.0
2019-03-31 01:00:00,10.564894168630516,0.0,0.0,0.0,0.0,penalty_300,300.0
2019-03-31 02:00:00,10.658289310508225,0.0,0.0,0.0,0.0,penalty_300,300.0
2019-03-31 03:00:00,10.21814744394272,0.0,0.0,0.0,0.0,penalty_300,300.0
2019-03-31 04:00:00,10.09030914626239,0.0,0.0,0.0,0.0,penalty_300,300.0
2019-03-31 05:00:00,10.84355158982322,0.0,0.0,0.0,0.0,penalty_300,300.0
2019-03-31 06:00:00,11.986763652521221,0.0,0.0,0.0,0.0,penalty_300,300.0
2019-03-31 07:00:00,12.125189127650646,0.0,0.0,0.0,0.0,penalty_300,300.0
2019-03-31 08:00:00,12.568350849170617,0.0,0.0,0.0,0.0,penalty_300,300.0
2019-03-31 09:00:00,12.825981706722636,0.0,0.0,0.0,0.0,penalty_300,300.0
2019-03-31 10:00:00,-0.5802836962561889,0.0,0.0,0.0,58.0,penalty_300,300.0
2019-03-31 11:00:00,-0.21214213027665754,205.478146,0.0,0.0,255.5,penalty_300,300.0
2019-03-31 12:00:00,-0.4961003766566336,815.828686,0.0,0.0,88.5,penalty_300,300.0
2019-03-31 13:00:00,7.056420473715132,1200.995428,0.0,0.0,88.5,penalty_300,300.0
2019-03-31 14:00:00,-12.840047759470831,1603.833024,0.0,0.0,255.5,penalty_300,300.0
2019-03-31 15:00:00,-9.959100048682766,2021.730811,0.0,0.0,255.5,penalty_300,300.0
2019-03-31 16:00:00,-6.193924951157319,1344.90892,0.0,0.0,255.5,penalty_300,300.0
2019-03-31 17:00:00,-4.518445721564641,1197.820267,0.0,0.0,232.509884,penalty_300,300.0
2019-03-31 18:00:00,7.87061269359591,600.15074,0.0,0.0,262.3,penalty_300,300.0
2019-03-31 19:00:00,7.326819495108169,603.535589,0.0,0.0,42.0,penalty_300,300.0
2019-03-31 20:00:00,11.775438727465357,0.0,0.0,0.0,0.0,penalty_300,300.0
2019-03-31 21:00:00,12.018606265542097,0.0,0.0,0.0,0.0,penalty_300,300.0
2019-03-31 22:00:00,12.544877505945172,0.0,0.0,0.0,0.0,penalty_300,300.0
2019-03-31 23:00:00,12.025103092857176,0.0,0.0,0.0,0.0,penalty_300,300.0
2019-01-01 00:00:00,-2.4672054278118654,1601.794882,0.0,0.0,42.0,penalty_1000,1000.0
2019-01-01 01:00:00,-4.448284843396411,1508.414652,0.0,0.0,42.0,penalty_1000,1000.0
2019-01-01 02:00:00,-3.5908711896607484,1543.421841,0.0,0.0,42.0,penalty_1000,1000.0
2019-01-01 03:00:00,-5.3237171121784135,1508.728024,0.0,0.0,42.0,penalty_1000,1000.0
2019-01-01 04:00:00,-7.934173669245001,1435.878001,0.0,0.0,42.0,penalty_1000,1000.0
2019-01-01 05:00:00,-7.515311047643174,1516.113378,0.0,0.0,42.0,penalty_1000,1000.0
2019-01-01 06:00:00,-7.051347272280503,1550.171764,0.0,0.0,29.711022,penalty_1000,1000.0
2019-01-01 07:00:00,-2.3777905121548346,1440.097618,0.0,0.0,0.0,penalty_1000,1000.0
2019-01-01 08:00:00,3.5526407427288555,1273.872712,0.0,0.0,0.0,penalty_1000,1000.0
2019-01-01 09:00:00,7.539206760054307,1192.555571,0.0,0.0,0.0,penalty_1000,1000.0
2019-01-01 10:00:00,-1.339135186168415,181.89414,0.0,0.0,0.0,penalty_1000,1000.0
2019-01-01 11:00:00,25.442047040129854,851.144081,0.0,0.0,375.8,penalty_1000,1000.0
2019-01-01 12:00:00,10.894654265105542,910.416598,0.0,0.0,375.8,penalty_1000,1000.0
2019-01-01 13:00:00,-24.206265846377946,571.893654,0.0,0.0,231.271346,penalty_1000,1000.0
2019-01-01 14:00:00,-15.026455734426944,876.862191,0.0,0.0,375.8,penalty_1000,1000.0
2019-01-01 15:00:00,-44.810241979297295,715.711463,0.0,0.0,88.5,penalty_1000,1000.0
2019-01-01 16:00:00,10.544404486065366,0.0,0.0,0.0,0.0,penalty_1000,1000.0
2019-01-01 17:00:00,27.132515199468887,312.669953,0.0,0.0,345.3,penalty_1000,1000.0
2019-01-01 18:00:00,12.612051321110012,0.0,0.0,0.0,0.0,penalty_1000,1000.0
2019-01-01 19:00:00,13.338171729597832,0.0,0.0,0.0,0.0,penalty_1000,1000.0
2019-01-01 20:00:00,14.674204029594598,0.0,0.0,0.0,0.0,penalty_1000,1000.0
2019-01-01 21:00:00,15.852896926048961,0.0,0.0,0.0,0.0,penalty_1000,1000.0
2019-01-01 22:00:00,17.87678444354411,0.0,0.0,0.0,0.0,penalty_1000,1000.0
2019-01-01 23:00:00,13.513191828003766,0.0,0.0,0.0,0.0,penalty_1000,1000.0
2019-01-02 00:00:00,13.429813273846278,0.0,0.0,0.0,0.0,penalty_1000,1000.0
2019-01-02 01:00:00,16.70624579884001,0.0,0.0,0.0,0.0,penalty_1000,1000.0
2019-01-02 02:00:00,16.912759801409422,0.0,0.0,0.0,0.0,penalty_1000,1000.0
2019-01-02 03:00:00,16.32648747040468,0.0,0.0,0.0,0.0,penalty_1000,1000.0
2019-01-02 04:00:00,17.187644683425283,0.0,0.0,0.0,0.0,penalty_1000,1000.0
2019-01-02 05:00:00,17.56033415723485,0.0,0.0,0.0,0.0,penalty_1000,1000.0
2019-01-02 06:00:00,17.246325110135533,0.0,0.0,0.0,0.0,penalty_1000,1000.0
2019-01-02 07:00:00,18.701276156400006,0.0,0.0,0.0,0.0,penalty_1000,1000.0
2019-01-02 08:00:00,20.147459791658854,0.0,0.0,0.0,0.0,penalty_1000,1000.0
2019-01-02 09:00:00,18.453837165990425,0.0,0.0,0.0,0.0,penalty_1000,1000.0
2019-01-02 10:00:00,18.202828453159505,0.0,0.0,0.0,0.0,penalty_1000,1000.0
2019-01-02 11:00:00,20.281537825034782,0.0,0.0,0.0,0.0,penalty_1000,1000.0
2019-01-02 12:00:00,20.807687131617108,0.0,0.0,0.0,0.0,penalty_1000,1000.0
2019-01-02 13:00:00,23.88950739932004,0.0,0.0,0.0,0.0,penalty_1000,1000.0
2019-01-02 14:00:00,23.356485071938135,0.0,0.0,0.0,0.0,penalty_1000,1000.0
2019-01-02 15:00:00,22.482684763270928,0.0,0.0,0.0,0.0,penalty_1000,1000.0
2019-01-02 16:00:00,21.208058280392144,0.0,0.0,0.0,0.0,penalty_1000,1000.0
2019-01-02 17:00:00,21.615608712061025,0.0,0.0,0.0,0.0,penalty_1000,1000.0
2019-01-02 18:00:00,25.09113155695547,0.0,0.0,0.0,0.0,penalty_1000,1000.0
2019-01-02 19:00:00,23.939383557219024,0.0,0.0,0.0,0.0,penalty_1000,1000.0
2019-01-02 20:00:00,22.41127638572443,0.0,0.0,0.0,0.0,penalty_1000,1000.0
2019-01-02 21:00:00,18.901454422109587,0.0,0.0,0.0,0.0,penalty_1000,1000.0
2019-01-02 22:00:00,19.483726130423193,0.0,0.0,0.0,0.0,penalty_1000,1000.0
2019-01-02 23:00:00,18.379135311704612,0.0,0.0,0.0,0.0,penalty_1000,1000.0
2019-01-03 00:00:00,18.66172502211671,0.0,0.0,0.0,0.0,penalty_1000,1000.0
2019-01-03 01:00:00,17.989832875465765,0.0,0.0,0.0,0.0,penalty_1000,1000.0
2019-01-03 02:00:00,17.78759867109966,0.0,0.0,0.0,0.0,penalty_1000,1000.0
2019-01-03 03:00:00,17.630577340964425,0.0,0.0,0.0,0.0,penalty_1000,1000.0
2019-01-03 04:00:00,17.592194064727718,0.0,0.0,0.0,0.0,penalty_1000,1000.0
2019-01-03 05:00:00,18.85106934171178,0.0,0.0,0.0,0.0,penalty_1000,1000.0
2019-01-03 06:00:00,21.32976035893924,0.0,0.0,0.0,0.0,penalty_1000,1000.0
2019-01-03 07:00:00,21.522423585201903,0.0,0.0,0.0,0.0,penalty_1000,1000.0
2019-01-03 08:00:00,18.935711435545443,0.0,0.0,0.0,0.0,penalty_1000,1000.0
2019-01-03 09:00:00,18.10311576179124,0.0,0.0,0.0,0.0,penalty_1000,1000.0
2019-01-03 10:00:00,15.424423205414344,0.0,0.0,0.0,0.0,penalty_1000,1000.0
2019-01-03 11:00:00,14.113933600536459,0.0,0.0,0.0,0.0,penalty_1000,1000.0
2019-01-03 12:00:00,-8.336598080373337,64.103991,0.0,0.0,250.8,penalty_1000,1000.0
2019-01-03 13:00:00,-19.982946581998657,693.144518,0.0,0.0,213.5,penalty_1000,1000.0
2019-01-03 14:00:00,-20.014630282980367,691.022323,0.0,0.0,213.5,penalty_1000,1000.0
2019-01-03 15:00:00,-20.269590830439657,510.559113,0.0,0.0,213.5,penalty_1000,1000.0
2019-01-03 16:00:00,-20.137047429280024,54.265516,0.0,0.0,213.5,penalty_1000,1000.0
2019-01-03 17:00:00,9.926341732438887,0.0,0.0,0.0,0.0,penalty_1000,1000.0
2019-01-03 18:00:00,16.33394923925891,0.0,0.0,0.0,0.0,penalty_1000,1000.0
2019-01-03 19:00:00,20.441636964421605,0.0,0.0,0.0,0.0,penalty_1000,1000.0
2019-01-03 20:00:00,19.365701491472368,0.0,0.0,0.0,0.0,penalty_1000,1000.0
2019-01-03 21:00:00,16.570867704459598,0.0,0.0,0.0,0.0,penalty_1000,1000.0
2019-01-03 22:00:00,14.503658480027388,0.0,0.0,0.0,0.0,penalty_1000,1000.0
2019-01-03 23:00:00,13.764708388067934,0.0,0.0,0.0,0.0,penalty_1000,1000.0
2019-01-04 00:00:00,15.892442222327185,0.0,0.0,0.0,0.0,penalty_1000,1000.0
2019-01-04 01:00:00,17.340288813673617,0.0,0.0,0.0,0.0,penalty_1000,1000.0
2019-01-04 02:00:00,16.30510906332056,0.0,0.0,0.0,0.0,penalty_1000,1000.0
2019-01-04 03:00:00,16.277660901957805,0.0,0.0,0.0,0.0,penalty_1000,1000.0
2019-01-04 04:00:00,15.784386482204377,0.0,0.0,0.0,0.0,penalty_1000,1000.0
2019-01-04 05:00:00,17.270611555761484,0.0,0.0,0.0,0.0,penalty_1000,1000.0
2019-01-04 06:00:00,21.60687349329736,0.0,0.0,0.0,0.0,penalty_1000,1000.0
2019-01-04 07:00:00,22.585411994517756,0.0,0.0,0.0,0.0,penalty_1000,1000.0
2019-01-04 08:00:00,22.561295183580057,0.0,0.0,0.0,0.0,penalty_1000,1000.0
2019-01-04 09:00:00,20.206599811875787,0.0,0.0,0.0,0.0,penalty_1000,1000.0
2019-01-04 10:00:00,16.42670030475327,0.0,0.0,0.0,0.0,penalty_1000,1000.0
2019-01-04 11:00:00,14.747278193067046,0.0,0.0,0.0,0.0,penalty_1000,1000.0
2019-01-04 12:00:00,15.496324615221253,0.0,0.0,0.0,32.08351,penalty_1000,1000.0
2019-01-04 13:00:00,-22.934574383491874,201.560504,0.0,0.0,88.5,penalty_1000,1000.0
2019-01-04 14:00:00,-24.084535522722206,157.42241,0.0,0.0,88.5,penalty_1000,1000.0
2019-01-04 15:00:00,17.98138435379371,0.0,0.0,0.0,0.0,penalty_1000,1000.0
2019-01-04 16:00:00,12.47868620940299,0.0,0.0,0.0,0.0,penalty_1000,1000.0
2019-01-04 17:00:00,14.875374958199066,0.0,0.0,0.0,0.0,penalty_1000,1000.0
2019-01-04 18:00:00,17.374163904506975,0.0,0.0,0.0,0.0,penalty_1000,1000.0
2019-01-04 19:00:00,21.546665980250616,0.0,0.0,0.0,0.0,penalty_1000,1000.0
2019-01-04 20:00:00,20.86829756160096,0.0,0.0,0.0,0.0,penalty_1000,1000.0
2019-01-04 21:00:00,16.799695867521283,0.0,0.0,0.0,0.0,penalty_1000,1000.0
2019-01-04 22:00:00,16.11573766436779,0.0,0.0,0.0,0.0,penalty_1000,1000.0
2019-01-04 23:00:00,13.08024811829991,0.0,0.0,0.0,0.0,penalty_1000,1000.0
2019-01-05 00:00:00,12.111002552376357,0.0,0.0,0.0,0.0,penalty_1000,1000.0
2019-01-05 01:00:00,13.809487210441672,0.0,0.0,0.0,0.0,penalty_1000,1000.0
2019-01-05 02:00:00,13.806987364937486,0.0,0.0,0.0,0.0,penalty_1000,1000.0
2019-01-05 03:00:00,12.47957340766018,0.0,0.0,0.0,0.0,penalty_1000,1000.0
2019-01-05 04:00:00,14.83815890179333,0.0,0.0,0.0,0.0,penalty_1000,1000.0
2019-01-05 05:00:00,15.656753698434159,0.0,0.0,0.0,0.0,penalty_1000,1000.0
2019-01-05 06:00:00,16.216720022024447,0.0,0.0,0.0,0.0,penalty_1000,1000.0
2019-01-05 07:00:00,19.88639866434357,0.0,0.0,0.0,0.0,penalty_1000,1000.0
2019-01-05 08:00:00,19.487254499548694,0.0,0.0,0.0,0.0,penalty_1000,1000.0
2019-01-05 09:00:00,17.26746564718965,0.0,0.0,0.0,0.0,penalty_1000,1000.0
2019-01-05 10:00:00,15.683136775087435,0.0,0.0,0.0,0.0,penalty_1000,1000.0
2019-01-05 11:00:00,13.334861953951986,0.0,0.0,0.0,0.0,penalty_1000,1000.0
2019-01-05 12:00:00,12.153407496626123,0.0,0.0,0.0,0.0,penalty_1000,1000.0
2019-01-05 13:00:00,12.413065614554803,0.0,0.0,0.0,0.0,penalty_1000,1000.0
2019-01-05 14:00:00,11.791822125774965,0.0,0.0,0.0,0.0,penalty_1000,1000.0
2019-01-05 15:00:00,17.647017482730277,0.0,0.0,0.0,58.0,penalty_1000,1000.0
2019-01-05 16:00:00,11.756119453193191,0.0,0.0,0.0,0.0,penalty_1000,1000.0
2019-01-05 17:00:00,12.224210798832981,0.0,0.0,0.0,0.0,penalty_1000,1000.0
2019-01-05 18:00:00,15.536720929567702,0.0,0.0,0.0,0.0,penalty_1000,1000.0
2019-01-05 19:00:00,15.367296198047214,0.0,0.0,0.0,0.0,penalty_1000,1000.0
2019-01-05 20:00:00,13.256096187226794,0.0,0.0,0.0,0.0,penalty_1000,1000.0
2019-01-05 21:00:00,11.850357427749465,0.0,0.0,0.0,0.0,penalty_1000,1000.0
2019-01-05 22:00:00,11.161162193878855,0.0,0.0,0.0,0.0,penalty_1000,1000.0
2019-01-05 23:00:00,10.904654789741626,0.0,0.0,0.0,0.0,penalty_1000,1000.0
2019-01-06 00:00:00,10.376293088682687,0.0,0.0,0.0,0.0,penalty_1000,1000.0
2019-01-06 01:00:00,9.472123122467163,0.0,0.0,0.0,0.0,penalty_1000,1000.0
2019-01-06 02:00:00,9.000943670156742,0.0,0.0,0.0,0.0,penalty_1000,1000.0
2019-01-06 03:00:00,9.870675620709195,0.0,0.0,0.0,0.0,penalty_1000,1000.0
2019-01-06 04:00:00,8.87169349465094,0.0,0.0,0.0,0.0,penalty_1000,1000.0
2019-01-06 05:00:00,9.16980998203102,0.0,0.0,0.0,0.0,penalty_1000,1000.0
2019-01-06 06:00:00,9.004189805787677,0.0,0.0,0.0,0.0,penalty_1000,1000.0
2019-01-06 07:00:00,10.460048609924504,0.0,0.0,0.0,0.0,penalty_1000,1000.0
2019-01-06 08:00:00,-5.625352153226146,94.164772,0.0,0.0,42.0,penalty_1000,1000.0
2019-01-06 09:00:00,-5.397153934360947,825.687633,0.0,0.0,42.0,penalty_1000,1000.0
2019-01-06 10:00:00,-6.481967999734831,357.846366,0.0,0.0,42.0,penalty_1000,1000.0
2019-01-06 11:00:00,-7.195036616320889,1254.878488,0.0,0.0,100.0,penalty_1000,1000.0
2019-01-06 12:00:00,-10.69175223958348,1515.12076,0.0,0.0,387.3,penalty_1000,1000.0
2019-01-06 13:00:00,-13.080599039157814,551.798347,0.0,0.0,387.3,penalty_1000,1000.0
2019-01-06 14:00:00,-14.096262228936567,1170.367768,0.0,0.0,417.8,penalty_1000,1000.0
2019-01-06 15:00:00,-12.224152964140657,1255.05034,0.0,0.0,387.3,penalty_1000,1000.0
2019-01-06 16:00:00,-12.721182118234372,787.741253,0.0,0.0,387.3,penalty_1000,1000.0
2019-01-06 17:00:00,-8.451700232037368,1314.519745,0.0,0.0,100.0,penalty_1000,1000.0
2019-01-06 18:00:00,-5.2756354582568585,1030.023374,0.0,0.0,42.0,penalty_1000,1000.0
2019-01-06 19:00:00,-5.46837671891414,361.698744,0.0,0.0,42.0,penalty_1000,1000.0
2019-01-06 20:00:00,-7.36550502320523,974.714875,0.0,0.0,42.0,penalty_1000,1000.0
2019-01-06 21:00:00,-9.715660034261793,1636.247424,0.0,0.0,42.0,penalty_1000,1000.0
2019-01-06 22:00:00,-11.860984611642388,1710.57823,0.0,0.0,42.0,penalty_1000,1000.0
2019-01-06 23:00:00,-13.730141807725637,1734.294345,0.0,0.0,42.0,penalty_1000,1000.0
2019-01-07 00:00:00,-13.268589954067298,1740.53777,0.0,0.0,42.0,penalty_1000,1000.0
2019-01-07 01:00:00,-14.473968270672293,1657.354288,0.0,0.0,42.0,penalty_1000,1000.0
2019-01-07 02:00:00,-14.580850915270158,1698.6199,0.0,0.0,42.0,penalty_1000,1000.0
2019-01-07 03:00:00,-13.91725695463391,1666.294306,0.0,0.0,42.0,penalty_1000,1000.0
2019-01-07 04:00:00,-12.800168789407754,1582.622681,0.0,0.0,42.0,penalty_1000,1000.0
2019-01-07 05:00:00,-11.417960897141807,1654.806147,0.0,0.0,42.0,penalty_1000,1000.0
2019-01-07 06:00:00,-10.443635561214244,1596.789914,0.0,0.0,42.0,penalty_1000,1000.0
2019-01-07 07:00:00,-9.685507820221426,1111.510554,0.0,0.0,42.0,penalty_1000,1000.0
2019-01-07 08:00:00,-7.699552611634389,738.25652,0.0,0.0,42.0,penalty_1000,1000.0
2019-01-07 09:00:00,-4.00683520489703,378.17154,0.0,0.0,42.0,penalty_1000,1000.0
2019-01-07 10:00:00,12.055016627343168,0.0,0.0,0.0,0.0,penalty_1000,1000.0
2019-01-07 11:00:00,-6.322924248600327,170.537523,0.0,0.0,262.3,penalty_1000,1000.0
2019-01-07 12:00:00,-48.698122977635094,681.49433,0.0,0.0,130.5,penalty_1000,1000.0
2019-01-07 13:00:00,-51.40546711529364,527.20139,0.0,0.0,367.839939,penalty_1000,1000.0
2019-01-07 14:00:00,-49.09618845598263,1146.532729,0.0,0.0,255.5,penalty_1000,1000.0
2019-01-07 15:00:00,-48.126789445556305,1206.700592,0.0,0.0,130.5,penalty_1000,1000.0
2019-01-07 16:00:00,-7.693896226693318,488.57671,0.0,0.0,42.0,penalty_1000,1000.0
2019-01-07 17:00:00,-5.3739196131543325,307.241836,0.0,0.0,42.0,penalty_1000,1000.0
2019-01-07 18:00:00,11.390601510152353,0.0,0.0,0.0,0.0,penalty_1000,1000.0
2019-01-07 19:00:00,12.65959933891139,0.0,0.0,0.0,0.0,penalty_1000,1000.0
2019-01-07 20:00:00,10.924735483969956,0.0,0.0,0.0,0.0,penalty_1000,1000.0
2019-01-07 21:00:00,10.237092736262758,0.0,0.0,0.0,0.0,penalty_1000,1000.0
2019-01-07 22:00:00,10.091247942757072,0.0,0.0,0.0,0.0,penalty_1000,1000.0
2019-01-07 23:00:00,10.159750545005819,0.0,0.0,0.0,0.0,penalty_1000,1000.0
2019-01-08 00:00:00,10.788433218243073,0.0,0.0,0.0,0.0,penalty_1000,1000.0
2019-01-08 01:00:00,10.48437011959286,0.0,0.0,0.0,0.0,penalty_1000,1000.0
2019-01-08 02:00:00,12.286670932066757,0.0,0.0,0.0,0.0,penalty_1000,1000.0
2019-01-08 03:00:00,12.226590348316158,0.0,0.0,0.0,0.0,penalty_1000,1000.0
2019-01-08 04:00:00,12.05750949242273,0.0,0.0,0.0,0.0,penalty_1000,1000.0
2019-01-08 05:00:00,11.409947052915955,0.0,0.0,0.0,0.0,penalty_1000,1000.0
2019-01-08 06:00:00,14.286449305000133,0.0,0.0,0.0,0.0,penalty_1000,1000.0
2019-01-08 07:00:00,16.02858198147507,0.0,0.0,0.0,0.0,penalty_1000,1000.0
2019-01-08 08:00:00,16.071645227841703,0.0,0.0,0.0,0.0,penalty_1000,1000.0
2019-01-08 09:00:00,16.069627668040564,0.0,0.0,0.0,0.0,penalty_1000,1000.0
2019-01-08 10:00:00,15.736320472343518,0.0,0.0,0.0,0.0,penalty_1000,1000.0
2019-01-08 11:00:00,13.889280940376821,0.0,0.0,0.0,0.0,penalty_1000,1000.0
2019-01-08 12:00:00,13.04989281732346,0.0,0.0,0.0,0.0,penalty_1000,1000.0
2019-01-08 13:00:00,-3.8456979594919303,166.428041,0.0,0.0,51.112737,penalty_1000,1000.0
2019-01-08 14:00:00,-3.4949473167856144,925.933646,0.0,0.0,42.0,penalty_1000,1000.0
2019-01-08 15:00:00,-4.197301646752268,1207.776258,0.0,0.0,42.0,penalty_1000,1000.0
2019-01-08 16:00:00,-5.229652781649563,865.791098,0.0,0.0,42.0,penalty_1000,1000.0
2019-01-08 17:00:00,-3.99854704075479,1132.766108,0.0,0.0,42.0,penalty_1000,1000.0
2019-01-08 18:00:00,-3.363764226222215,472.150931,0.0,0.0,42.0,penalty_1000,1000.0
2019-01-08 19:00:00,13.111217966981448,0.0,0.0,0.0,0.0,penalty_1000,1000.0
2019-01-08 20:00:00,13.74313343407581,0.0,0.0,0.0,0.0,penalty_1000,1000.0
2019-01-08 21:00:00,11.588081477555289,0.0,0.0,0.0,0.0,penalty_1000,1000.0
2019-01-08 22:00:00,11.942800505909508,0.0,0.0,0.0,0.0,penalty_1000,1000.0
2019-01-08 23:00:00,10.717069478037008,0.0,0.0,0.0,0.0,penalty_1000,1000.0
2019-01-09 00:00:00,10.0847107328398,0.0,0.0,0.0,0.0,penalty_1000,1000.0
2019-01-09 01:00:00,40.119978676932035,0.0,0.0,0.0,58.0,penalty_1000,1000.0
2019-01-09 02:00:00,10.134964814498531,0.0,0.0,0.0,0.0,penalty_1000,1000.0
2019-01-09 03:00:00,10.155170512125059,0.0,0.0,0.0,0.0,penalty_1000,1000.0
2019-01-09 04:00:00,10.829064932571224,0.0,0.0,0.0,0.0,penalty_1000,1000.0
2019-01-09 05:00:00,12.066775897791993,0.0,0.0,0.0,0.0,penalty_1000,1000.0
2019-01-09 06:00:00,14.945539134304234,0.0,0.0,0.0,0.0,penalty_1000,1000.0
2019-01-09 07:00:00,17.754423805019258,0.0,0.0,0.0,0.0,penalty_1000,1000.0
2019-01-09 08:00:00,18.51334071358009,0.0,0.0,0.0,0.0,penalty_1000,1000.0
2019-01-09 09:00:00,17.907020437654925,0.0,0.0,0.0,0.0,penalty_1000,1000.0
2019-01-09 10:00:00,15.85247721985273,0.0,0.0,0.0,0.0,penalty_1000,1000.0
2019-01-09 11:00:00,13.954781165111342,0.0,0.0,0.0,0.0,penalty_1000,1000.0
2019-01-09 12:00:00,12.964470746047246,0.0,0.0,0.0,0.0,penalty_1000,1000.0
2019-01-09 13:00:00,12.534616947371575,0.0,0.0,0.0,0.0,penalty_1000,1000.0
2019-01-09 14:00:00,11.11211415758125,0.0,0.0,0.0,0.0,penalty_1000,1000.0
2019-01-09 15:00:00,10.953636249895187,0.0,0.0,0.0,0.0,penalty_1000,1000.0
2019-01-09 16:00:00,11.530941780264909,0.0,0.0,0.0,0.0,penalty_1000,1000.0
2019-01-09 17:00:00,12.29478853681986,0.0,0.0,0.0,0.0,penalty_1000,1000.0
2019-01-09 18:00:00,16.784759801391665,0.0,0.0,0.0,0.0,penalty_1000,1000.0
2019-01-09 19:00:00,22.128264250270803,0.0,0.0,0.0,0.0,penalty_1000,1000.0
2019-01-09 20:00:00,22.9070698531239,0.0,0.0,0.0,0.0,penalty_1000,1000.0
2019-01-09 21:00:00,18.626582956738915,0.0,0.0,0.0,0.0,penalty_1000,1000.0
2019-01-09 22:00:00,14.700335349936804,0.0,0.0,0.0,0.0,penalty_1000,1000.0
2019-01-09 23:00:00,14.83352248107566,0.0,0.0,0.0,0.0,penalty_1000,1000.0
2019-01-10 00:00:00,13.159144659987774,0.0,0.0,0.0,0.0,penalty_1000,1000.0
2019-01-10 01:00:00,13.172914990278647,0.0,0.0,0.0,0.0,penalty_1000,1000.0
2019-01-10 02:00:00,13.200371693523099,0.0,0.0,0.0,0.0,penalty_1000,1000.0
2019-01-10 03:00:00,14.525139327780698,0.0,0.0,0.0,0.0,penalty_1000,1000.0
2019-01-10 04:00:00,13.21561952083331,0.0,0.0,0.0,0.0,penalty_1000,1000.0
2019-01-10 05:00:00,15.243144178678145,0.0,0.0,0.0,0.0,penalty_1000,1000.0
2019-01-10 06:00:00,18.026150622883097,0.0,0.0,0.0,0.0,penalty_1000,1000.0
2019-01-10 07:00:00,17.859933847647667,0.0,0.0,0.0,0.0,penalty_1000,1000.0
2019-01-10 08:00:00,16.297685556415715,0.0,0.0,0.0,0.0,penalty_1000,1000.0
2019-01-10 09:00:00,14.020842397212986,0.0,0.0,0.0,0.0,penalty_1000,1000.0
2019-01-10 10:00:00,11.717422323858024,0.0,0.0,0.0,0.0,penalty_1000,1000.0
2019-01-10 11:00:00,-4.438139148181208,576.998609,0.0,0.0,42.0,penalty_1000,1000.0
2019-01-10 12:00:00,-5.569333230293456,1478.688809,0.0,0.0,100.0,penalty_1000,1000.0
2019-01-10 13:00:00,-9.901422429873284,494.723429,0.0,0.0,387.3,penalty_1000,1000.0
2019-01-10 14:00:00,-8.812477628595285,1091.53861,0.0,0.0,387.3,penalty_1000,1000.0
2019-01-10 15:00:00,-6.387128327060805,1147.908761,0.0,0.0,105.095803,penalty_1000,1000.0
2019-01-10 16:00:00,-8.50317631814443,675.663932,0.0,0.0,387.3,penalty_1000,1000.0
2019-01-10 17:00:00,-3.464285961886532,1159.074995,0.0,0.0,100.0,penalty_1000,1000.0
2019-01-10 18:00:00,-2.8187047730956154,839.716463,0.0,0.0,42.0,penalty_1000,1000.0
2019-01-10 19:00:00,-3.324291675605626,616.037896,0.0,0.0,42.0,penalty_1000,1000.0
2019-01-10 20:00:00,-4.463808933311117,499.665577,0.0,0.0,42.0,penalty_1000,1000.0
2019-01-10 21:00:00,-8.149957952083332,339.400192,0.0,0.0,42.0,penalty_1000,1000.0
2019-01-10 22:00:00,8.719272837536002,0.0,0.0,0.0,0.0,penalty_1000,1000.0
2019-01-10 23:00:00,10.023121059196802,0.0,0.0,0.0,0.0,penalty_1000,1000.0
2019-01-11 00:00:00,10.308728959598652,0.0,0.0,0.0,0.0,penalty_1000,1000.0
2019-01-11 01:00:00,10.131645488080274,0.0,0.0,0.0,0.0,penalty_1000,1000.0
2019-01-11 02:00:00,10.311976739109346,0.0,0.0,0.0,0.0,penalty_1000,1000.0
2019-01-11 03:00:00,10.663816968742806,0.0,0.0,0.0,0.0,penalty_1000,1000.0
2019-01-11 04:00:00,10.880419546955261,0.0,0.0,0.0,0.0,penalty_1000,1000.0
2019-01-11 05:00:00,11.204914550986684,0.0,0.0,0.0,0.0,penalty_1000,1000.0
2019-01-11 06:00:00,12.007554976166496,0.0,0.0,0.0,0.0,penalty_1000,1000.0
2019-01-11 07:00:00,11.913613904030292,0.0,0.0,0.0,0.0,penalty_1000,1000.0
2019-01-11 08:00:00,11.5656039053012,0.0,0.0,0.0,0.0,penalty_1000,1000.0
2019-01-11 09:00:00,7.528108849743822,4.300463,0.0,0.0,0.0,penalty_1000,1000.0
2019-01-11 10:00:00,12.239713845836809,0.0,0.0,0.0,0.0,penalty_1000,1000.0
2019-01-11 11:00:00,-2.0924988757728533,135.484978,0.0,0.0,58.0,penalty_1000,1000.0
2019-01-11 12:00:00,-4.426843915709331,390.368489,0.0,0.0,42.0,penalty_1000,1000.0
2019-01-11 13:00:00,9.005019145469788,0.0,0.0,0.0,58.0,penalty_1000,1000.0
2019-01-11 14:00:00,-7.431547313545702,385.56483,0.0,0.0,382.634279,penalty_1000,1000.0
2019-01-11 15:00:00,-6.6380964610863655,407.82088,0.0,0.0,100.0,penalty_1000,1000.0
2019-01-11 16:00:00,-8.15909938653777,30.140178,0.0,0.0,387.3,penalty_1000,1000.0
2019-01-11 17:00:00,-5.008867310183628,337.465057,0.0,0.0,100.0,penalty_1000,1000.0
2019-01-11 18:00:00,12.077521194878916,0.0,0.0,0.0,0.0,penalty_1000,1000.0
2019-01-11 19:00:00,12.529783362645938,0.0,0.0,0.0,0.0,penalty_1000,1000.0
2019-01-11 20:00:00,10.700863784604245,0.0,0.0,0.0,0.0,penalty_1000,1000.0
2019-01-11 21:00:00,-8.03395004080387,639.530579,0.0,0.0,42.0,penalty_1000,1000.0
2019-01-11 22:00:00,-9.534883337988262,909.437195,0.0,0.0,42.0,penalty_1000,1000.0
2019-01-11 23:00:00,-10.460913141508707,249.111742,0.0,0.0,42.0,penalty_1000,1000.0
2019-01-12 00:00:00,10.457533999999999,0.0,0.0,0.0,0.0,penalty_1000,1000.0
2019-01-12 01:00:00,9.62518541653972,0.0,0.0,0.0,0.0,penalty_1000,1000.0
2019-01-12 02:00:00,9.720388441772924,0.0,0.0,0.0,0.0,penalty_1000,1000.0
2019-01-12 03:00:00,10.980592000000001,0.0,0.0,0.0,0.0,penalty_1000,1000.0
2019-01-12 04:00:00,-12.603203126026157,246.455795,0.0,0.0,42.0,penalty_1000,1000.0
2019-01-12 05:00:00,-12.379248680935536,1322.850602,0.0,0.0,42.0,penalty_1000,1000.0
2019-01-12 06:00:00,-10.48236664493537,1566.197794,0.0,0.0,42.0,penalty_1000,1000.0
2019-01-12 07:00:00,-8.878588943094035,1427.06025,0.0,0.0,42.0,penalty_1000,1000.0
2019-01-12 08:00:00,-7.301927780825642,1271.342858,0.0,0.0,42.0,penalty_1000,1000.0
2019-01-12 09:00:00,-5.96490183683458,1212.877753,0.0,0.0,42.0,penalty_1000,1000.0
2019-01-12 10:00:00,-6.272779288749158,260.357098,0.0,0.0,42.0,penalty_1000,1000.0
2019-01-12 11:00:00,-8.051262810854723,1156.615595,0.0,0.0,292.8,penalty_1000,1000.0
2019-01-12 12:00:00,-9.775349847345387,1429.328703,0.0,0.0,417.8,penalty_1000,1000.0
2019-01-12 13:00:00,-38.68851616444879,867.293649,0.0,0.0,347.516098,penalty_1000,1000.0
2019-01-12 14:00:00,-58.746852698083934,1291.917282,0.0,0.0,417.8,penalty_1000,1000.0
2019-01-12 15:00:00,-7.874566018593937,1171.741114,0.0,0.0,284.481068,penalty_1000,1000.0
2019-01-12 16:00:00,-8.296489952307743,759.6655,0.0,0.0,387.3,penalty_1000,1000.0
2019-01-12 17:00:00,-4.448455630329784,1180.026618,0.0,0.0,42.0,penalty_1000,1000.0
2019-01-12 18:00:00,-4.115521468550499,604.392274,0.0,0.0,42.0,penalty_1000,1000.0
2019-01-12 19:00:00,12.709677083318672,0.0,0.0,0.0,0.0,penalty_1000,1000.0
2019-01-12 20:00:00,13.17767787932063,0.0,0.0,0.0,0.0,penalty_1000,1000.0
2019-01-12 21:00:00,12.115150083649718,0.0,0.0,0.0,0.0,penalty_1000,1000.0
2019-01-12 22:00:00,12.383679782504139,0.0,0.0,0.0,0.0,penalty_1000,1000.0
2019-01-12 23:00:00,12.27993103243222,0.0,0.0,0.0,0.0,penalty_1000,1000.0
2019-01-13 00:00:00,13.409525171264713,0.0,0.0,0.0,0.0,penalty_1000,1000.0
2019-01-13 01:00:00,13.698888021064647,0.0,0.0,0.0,0.0,penalty_1000,1000.0
2019-01-13 02:00:00,13.857512935603312,0.0,0.0,0.0,0.0,penalty_1000,1000.0
2019-01-13 03:00:00,14.13958651728015,0.0,0.0,0.0,0.0,penalty_1000,1000.0
2019-01-13 04:00:00,14.885851048565828,0.0,0.0,0.0,0.0,penalty_1000,1000.0
2019-01-13 05:00:00,16.95640632447778,0.0,0.0,0.0,0.0,penalty_1000,1000.0
2019-01-13 06:00:00,19.17103628174233,0.0,0.0,0.0,0.0,penalty_1000,1000.0
2019-01-13 07:00:00,16.712094568202996,0.0,0.0,0.0,0.0,penalty_1000,1000.0
2019-01-13 08:00:00,21.805220273260602,0.0,0.0,0.0,0.0,penalty_1000,1000.0
2019-01-13 09:00:00,20.138392529079816,0.0,0.0,0.0,0.0,penalty_1000,1000.0
2019-01-13 10:00:00,17.700999489814947,0.0,0.0,0.0,0.0,penalty_1000,1000.0
2019-01-13 11:00:00,16.070564191082585,0.0,0.0,0.0,0.0,penalty_1000,1000.0
2019-01-13 12:00:00,14.60559653098301,0.0,0.0,0.0,0.0,penalty_1000,1000.0
2019-01-13 13:00:00,14.484084214673475,0.0,0.0,0.0,0.0,penalty_1000,1000.0
2019-01-13 14:00:00,12.038396087275961,0.0,0.0,0.0,0.0,penalty_1000,1000.0
2019-01-13 15:00:00,14.341462908407667,0.0,0.0,0.0,0.0,penalty_1000,1000.0
2019-01-13 16:00:00,14.879162895275439,0.0,0.0,0.0,0.0,penalty_1000,1000.0
2019-01-13 17:00:00,17.912407965057998,0.0,0.0,0.0,0.0,penalty_1000,1000.0
2019-01-13 18:00:00,21.06345652526124,0.0,0.0,0.0,0.0,penalty_1000,1000.0
2019-01-13 19:00:00,18.8419141433039,0.0,0.0,0.0,0.0,penalty_1000,1000.0
2019-01-13 20:00:00,20.841704568143705,0.0,0.0,0.0,0.0,penalty_1000,1000.0
2019-01-13 21:00:00,20.808304977224935,0.0,0.0,0.0,0.0,penalty_1000,1000.0
2019-01-13 22:00:00,19.83786402622255,0.0,0.0,0.0,0.0,penalty_1000,1000.0
2019-01-13 23:00:00,16.476346702204182,0.0,0.0,0.0,0.0,penalty_1000,1000.0
2019-01-14 00:00:00,19.86112195455766,0.0,0.0,0.0,0.0,penalty_1000,1000.0
2019-01-14 01:00:00,16.695525048984962,0.0,0.0,0.0,0.0,penalty_1000,1000.0
2019-01-14 02:00:00,16.681303979514112,0.0,0.0,0.0,0.0,penalty_1000,1000.0
2019-01-14 03:00:00,18.958170690414573,0.0,0.0,0.0,0.0,penalty_1000,1000.0
2019-01-14 04:00:00,20.215421008918284,0.0,0.0,0.0,0.0,penalty_1000,1000.0
2019-01-14 05:00:00,16.94960298121459,0.0,0.0,0.0,0.0,penalty_1000,1000.0
2019-01-14 06:00:00,40.779860401027065,0.0,0.0,0.0,0.0,penalty_1000,1000.0
2019-01-14 07:00:00,48.25439839617574,0.0,0.0,0.0,0.0,penalty_1000,1000.0
2019-01-14 08:00:00,20.461180015582254,0.0,0.0,0.0,0.0,penalty_1000,1000.0
2019-01-14 09:00:00,21.158063900186693,0.0,0.0,0.0,0.0,penalty_1000,1000.0
2019-01-14 10:00:00,17.940223817419476,0.0,0.0,0.0,0.0,penalty_1000,1000.0
2019-01-14 11:00:00,18.979531230507497,0.0,0.0,0.0,0.0,penalty_1000,1000.0
2019-01-14 12:00:00,16.688331055973766,0.0,0.0,0.0,0.0,penalty_1000,1000.0
2019-01-14 13:00:00,17.21219692759267,0.0,0.0,0.0,0.0,penalty_1000,1000.0
2019-01-14 14:00:00,14.108263418760016,0.0,0.0,0.0,0.0,penalty_1000,1000.0
2019-01-14 15:00:00,14.083320210172765,0.0,0.0,0.0,0.0,penalty_1000,1000.0
2019-01-14 16:00:00,18.112922041994246,0.0,0.0,0.0,0.0,penalty_1000,1000.0
2019-01-14 17:00:00,20.964667551418437,0.0,0.0,0.0,0.0,penalty_1000,1000.0
2019-01-14 18:00:00,19.890255870969813,0.0,0.0,0.0,0.0,penalty_1000,1000.0
2019-01-14 19:00:00,36.11659509131918,0.0,0.0,0.0,0.0,penalty_1000,1000.0
2019-01-14 20:00:00,22.275032422598994,0.0,0.0,0.0,0.0,penalty_1000,1000.0
2019-01-14 21:00:00,20.924945648367707,0.0,0.0,0.0,0.0,penalty_1000,1000.0
2019-01-14 22:00:00,20.660071420372674,0.0,0.0,0.0,0.0,penalty_1000,1000.0
2019-01-14 23:00:00,17.80386685298838,0.0,0.0,0.0,0.0,penalty_1000,1000.0
2019-01-15 00:00:00,18.478999734348594,0.0,0.0,0.0,0.0,penalty_1000,1000.0
2019-01-15 01:00:00,17.596932975612756,0.0,0.0,0.0,0.0,penalty_1000,1000.0
2019-01-15 02:00:00,18.969629154631875,0.0,0.0,0.0,0.0,penalty_1000,1000.0
2019-01-15 03:00:00,19.998347076968496,0.0,0.0,0.0,0.0,penalty_1000,1000.0
2019-01-15 04:00:00,290.24118921828216,0.0,0.0,0.0,0.0,penalty_1000,1000.0
2019-01-15 05:00:00,14.394340681542623,0.0,0.0,0.0,0.0,penalty_1000,1000.0
2019-01-15 06:00:00,15.696887141594416,0.0,0.0,0.0,0.0,penalty_1000,1000.0
2019-01-15 07:00:00,56.76750642951982,0.0,0.0,0.0,0.0,penalty_1000,1000.0
2019-01-15 08:00:00,40.22273793340487,0.0,0.0,0.0,0.0,penalty_1000,1000.0
2019-01-15 09:00:00,15.85794807237144,0.0,0.0,0.0,0.0,penalty_1000,1000.0
2019-01-15 10:00:00,13.52384341864679,0.0,0.0,0.0,0.0,penalty_1000,1000.0
2019-01-15 11:00:00,19.01790339539346,0.0,0.0,0.0,0.0,penalty_1000,1000.0
2019-01-15 12:00:00,8.78696742035653,191.058908,0.0,0.0,0.0,penalty_1000,1000.0
2019-01-15 13:00:00,11.204477713540477,0.0,0.0,0.0,0.0,penalty_1000,1000.0
2019-01-15 14:00:00,-1.534454564588376,140.943233,0.0,0.0,58.0,penalty_1000,1000.0
2019-01-15 15:00:00,11.851470004654654,0.0,0.0,0.0,0.0,penalty_1000,1000.0
2019-01-15 16:00:00,12.797738264208828,0.0,0.0,0.0,0.0,penalty_1000,1000.0
2019-01-15 17:00:00,15.032621232379904,0.0,0.0,0.0,0.0,penalty_1000,1000.0
2019-01-15 18:00:00,19.459443920249,0.0,0.0,0.0,0.0,penalty_1000,1000.0
2019-01-15 19:00:00,49.67143363439775,0.0,0.0,0.0,0.0,penalty_1000,1000.0
2019-01-15 20:00:00,21.467111185082683,0.0,0.0,0.0,0.0,penalty_1000,1000.0
2019-01-15 21:00:00,16.069343766253763,0.0,0.0,0.0,0.0,penalty_1000,1000.0
2019-01-15 22:00:00,13.258873735218987,0.0,0.0,0.0,0.0,penalty_1000,1000.0
2019-01-15 23:00:00,11.844161383277411,0.0,0.0,0.0,0.0,penalty_1000,1000.0
2019-01-16 00:00:00,11.310507264455332,0.0,0.0,0.0,0.0,penalty_1000,1000.0
2019-01-16 01:00:00,11.079382404306102,0.0,0.0,0.0,0.0,penalty_1000,1000.0
2019-01-16 02:00:00,10.916850712537597,0.0,0.0,0.0,0.0,penalty_1000,1000.0
2019-01-16 03:00:00,10.970308512506799,0.0,0.0,0.0,0.0,penalty_1000,1000.0
2019-01-16 04:00:00,10.383898274021206,0.0,0.0,0.0,0.0,penalty_1000,1000.0
2019-01-16 05:00:00,10.84773123249241,0.0,0.0,0.0,0.0,penalty_1000,1000.0
2019-01-16 06:00:00,11.290668152570488,0.0,0.0,0.0,0.0,penalty_1000,1000.0
2019-01-16 07:00:00,11.797640054040063,0.0,0.0,0.0,0.0,penalty_1000,1000.0
2019-01-16 08:00:00,11.570234626064742,0.0,0.0,0.0,0.0,penalty_1000,1000.0
2019-01-16 09:00:00,12.459448676446316,0.0,0.0,0.0,0.0,penalty_1000,1000.0
2019-01-16 10:00:00,11.287845484421402,0.0,0.0,0.0,0.0,penalty_1000,1000.0
2019-01-16 11:00:00,-2.475220054431521,363.626039,0.0,0.0,42.0,penalty_1000,1000.0
2019-01-16 12:00:00,-4.916074987052677,1077.637035,0.0,0.0,42.0,penalty_1000,1000.0
2019-01-16 13:00:00,-9.36858113813336,167.406222,0.0,0.0,387.3,penalty_1000,1000.0
2019-01-16 14:00:00,-47.834712483650854,1004.273849,0.0,0.0,255.5,penalty_1000,1000.0
2019-01-16 15:00:00,-45.230411652708504,1284.073368,0.0,0.0,225.0,penalty_1000,1000.0
2019-01-16 16:00:00,-8.918060986354508,858.266543,0.0,0.0,135.345187,penalty_1000,1000.0
2019-01-16 17:00:00,-5.076194540555844,1173.879896,0.0,0.0,42.0,penalty_1000,1000.0
2019-01-16 18:00:00,10.00469588660001,0.0,0.0,0.0,0.0,penalty_1000,1000.0
2019-01-16 19:00:00,10.974042843253983,0.0,0.0,0.0,0.0,penalty_1000,1000.0
2019-01-16 20:00:00,11.615514214106701,0.0,0.0,0.0,0.0,penalty_1000,1000.0
2019-01-16 21:00:00,10.367135937185845,0.0,0.0,0.0,0.0,penalty_1000,1000.0
2019-01-16 22:00:00,10.82490794152862,0.0,0.0,0.0,0.0,penalty_1000,1000.0
2019-01-16 23:00:00,9.60626735721673,0.0,0.0,0.0,0.0,penalty_1000,1000.0
2019-01-17 00:00:00,10.850177392383511,0.0,0.0,0.0,0.0,penalty_1000,1000.0
2019-01-17 01:00:00,11.014643339413324,0.0,0.0,0.0,0.0,penalty_1000,1000.0
2019-01-17 02:00:00,10.354728534933068,0.0,0.0,0.0,0.0,penalty_1000,1000.0
2019-01-17 03:00:00,10.266645472752204,0.0,0.0,0.0,0.0,penalty_1000,1000.0
2019-01-17 04:00:00,10.426939505114394,0.0,0.0,0.0,0.0,penalty_1000,1000.0
2019-01-17 05:00:00,11.333614727269188,0.0,0.0,0.0,0.0,penalty_1000,1000.0
2019-01-17 06:00:00,13.935247094569505,0.0,0.0,0.0,0.0,penalty_1000,1000.0
2019-01-17 07:00:00,14.25043500523261,0.0,0.0,0.0,0.0,penalty_1000,1000.0
2019-01-17 08:00:00,16.42184482397071,0.0,0.0,0.0,0.0,penalty_1000,1000.0
2019-01-17 09:00:00,17.37779190209681,0.0,0.0,0.0,0.0,penalty_1000,1000.0
2019-01-17 10:00:00,15.784741403943471,0.0,0.0,0.0,0.0,penalty_1000,1000.0
2019-01-17 11:00:00,15.344133301733063,0.0,0.0,0.0,0.0,penalty_1000,1000.0
2019-01-17 12:00:00,13.275127813311263,0.0,0.0,0.0,0.0,penalty_1000,1000.0
2019-01-17 13:00:00,11.934467865644914,0.0,0.0,0.0,0.0,penalty_1000,1000.0
2019-01-17 14:00:00,11.662524342555955,0.0,0.0,0.0,0.0,penalty_1000,1000.0
2019-01-17 15:00:00,11.650832613629289,0.0,0.0,0.0,0.0,penalty_1000,1000.0
2019-01-17 16:00:00,11.783347125885468,0.0,0.0,0.0,0.0,penalty_1000,1000.0
2019-01-17 17:00:00,14.962080057254227,0.0,0.0,0.0,0.0,penalty_1000,1000.0
2019-01-17 18:00:00,16.922533360785632,0.0,0.0,0.0,0.0,penalty_1000,1000.0
2019-01-17 19:00:00,43.425967280739364,0.0,0.0,0.0,0.0,penalty_1000,1000.0
2019-01-17 20:00:00,57.51264040976655,0.0,0.0,0.0,0.0,penalty_1000,1000.0
2019-01-17 21:00:00,15.575446580164973,0.0,0.0,0.0,0.0,penalty_1000,1000.0
2019-01-17 22:00:00,12.157862477132307,0.0,0.0,0.0,0.0,penalty_1000,1000.0
2019-01-17 23:00:00,12.43303773610862,0.0,0.0,0.0,0.0,penalty_1000,1000.0
2019-01-18 00:00:00,10.35412934374509,0.0,0.0,0.0,0.0,penalty_1000,1000.0
2019-01-18 01:00:00,9.816401598571067,0.0,0.0,0.0,0.0,penalty_1000,1000.0
2019-01-18 02:00:00,10.05634766958289,0.0,0.0,0.0,0.0,penalty_1000,1000.0
2019-01-18 03:00:00,9.677644178113372,0.0,0.0,0.0,0.0,penalty_1000,1000.0
2019-01-18 04:00:00,4.808709393438994,0.0,0.0,0.0,0.0,penalty_1000,1000.0
2019-01-18 05:00:00,-9.123997244742435,290.618437,0.0,0.0,42.0,penalty_1000,1000.0
2019-01-18 06:00:00,-5.00325283757211,733.608832,0.0,0.0,0.0,penalty_1000,1000.0
2019-01-18 07:00:00,-3.176517396207413,1116.667334,0.0,0.0,0.0,penalty_1000,1000.0
2019-01-18 08:00:00,-4.234449791801968,1346.098413,0.0,0.0,0.0,penalty_1000,1000.0
2019-01-18 09:00:00,-3.223078641242458,1320.425622,0.0,0.0,22.891941,penalty_1000,1000.0
2019-01-18 10:00:00,-4.51191684920481,422.961655,0.0,0.0,42.0,penalty_1000,1000.0
2019-01-18 11:00:00,-6.03616395900584,1329.684599,0.0,0.0,292.8,penalty_1000,1000.0
2019-01-18 12:00:00,-48.334966048505684,1673.582141,0.0,0.0,255.5,penalty_1000,1000.0
2019-01-18 13:00:00,-26.228502506717856,1288.762866,0.0,0.0,387.3,penalty_1000,1000.0
2019-01-18 14:00:00,-64.79556409768882,1938.499092,0.0,0.0,392.412546,penalty_1000,1000.0
2019-01-18 15:00:00,-49.14050897418293,1826.764056,0.0,0.0,255.5,penalty_1000,1000.0
2019-01-18 16:00:00,-48.916208187408955,975.700569,0.0,0.0,255.5,penalty_1000,1000.0
2019-01-18 17:00:00,-7.49640570173711,985.013433,0.0,0.0,100.0,penalty_1000,1000.0
2019-01-18 18:00:00,-6.807770208820339,616.004792,0.0,0.0,100.0,penalty_1000,1000.0
2019-01-18 19:00:00,-5.560201805056201,473.954636,0.0,0.0,42.0,penalty_1000,1000.0
2019-01-18 20:00:00,-7.4643407020755665,1180.842413,0.0,0.0,42.0,penalty_1000,1000.0
2019-01-18 21:00:00,-9.889796874082483,1605.424023,0.0,0.0,42.0,penalty_1000,1000.0
2019-01-18 22:00:00,-11.204871297957252,758.689137,0.0,0.0,42.0,penalty_1000,1000.0
2019-01-18 23:00:00,-12.822279101662236,846.548156,0.0,0.0,42.0,penalty_1000,1000.0
2019-01-19 00:00:00,-15.69053710620894,837.783574,0.0,0.0,42.0,penalty_1000,1000.0
2019-01-19 01:00:00,9.19145758842088,0.0,0.0,0.0,0.0,penalty_1000,1000.0
2019-01-19 02:00:00,7.292436064736203,0.0,0.0,0.0,0.0,penalty_1000,1000.0
2019-01-19 03:00:00,7.128889089657714,0.0,0.0,0.0,0.0,penalty_1000,1000.0
2019-01-19 04:00:00,10.411039700418332,0.0,0.0,0.0,0.0,penalty_1000,1000.0
2019-01-19 05:00:00,-9.813555505151475,247.605694,0.0,0.0,100.0,penalty_1000,1000.0
2019-01-19 06:00:00,-8.464884345469116,964.531893,0.0,0.0,42.0,penalty_1000,1000.0
2019-01-19 07:00:00,-5.89268996886529,1409.033397,0.0,0.0,42.0,penalty_1000,1000.0
2019-01-19 08:00:00,-2.966122320010457,1219.381512,0.0,0.0,42.0,penalty_1000,1000.0
2019-01-19 09:00:00,-2.2273441568531136,1156.926209,0.0,0.0,0.0,penalty_1000,1000.0
2019-01-19 10:00:00,-2.048956846275616,252.082498,0.0,0.0,0.0,penalty_1000,1000.0
2019-01-19 11:00:00,-4.272168102270212,1210.475373,0.0,0.0,58.0,penalty_1000,1000.0
2019-01-19 12:00:00,-39.67826768870714,1474.662166,0.0,0.0,93.196694,penalty_1000,1000.0
2019-01-19 13:00:00,-40.659685137309566,1127.389742,0.0,0.0,255.5,penalty_1000,1000.0
2019-01-19 14:00:00,-54.439212357625216,1798.516023,0.0,0.0,255.5,penalty_1000,1000.0
2019-01-19 15:00:00,-42.64900090116694,1690.435729,0.0,0.0,235.018327,penalty_1000,1000.0
2019-01-19 16:00:00,-6.028366184963719,668.962363,0.0,0.0,190.755505,penalty_1000,1000.0
2019-01-19 17:00:00,-4.541288436084322,1041.599165,0.0,0.0,100.0,penalty_1000,1000.0
2019-01-19 18:00:00,-1.4665666505369672,399.459388,0.0,0.0,35.153035,penalty_1000,1000.0
2019-01-19 19:00:00,12.35034871183998,0.0,0.0,0.0,0.0,penalty_1000,1000.0
2019-01-19 20:00:00,11.918637008983584,0.0,0.0,0.0,0.0,penalty_1000,1000.0
2019-01-19 21:00:00,11.449698000740886,0.0,0.0,0.0,0.0,penalty_1000,1000.0
2019-01-19 22:00:00,12.01139693139706,0.0,0.0,0.0,0.0,penalty_1000,1000.0
2019-01-19 23:00:00,12.63024014685626,0.0,0.0,0.0,0.0,penalty_1000,1000.0
2019-01-20 00:00:00,13.007266134825715,0.0,0.0,0.0,0.0,penalty_1000,1000.0
2019-01-20 01:00:00,12.692648351253567,0.0,0.0,0.0,0.0,penalty_1000,1000.0
2019-01-20 02:00:00,11.701118419041553,0.0,0.0,0.0,0.0,penalty_1000,1000.0
2019-01-20 03:00:00,11.848599535939073,0.0,0.0,0.0,0.0,penalty_1000,1000.0
2019-01-20 04:00:00,11.882880421989082,0.0,0.0,0.0,0.0,penalty_1000,1000.0
2019-01-20 05:00:00,13.306906321400866,0.0,0.0,0.0,0.0,penalty_1000,1000.0
2019-01-20 06:00:00,15.187170433939494,0.0,0.0,0.0,0.0,penalty_1000,1000.0
2019-01-20 07:00:00,16.287257508030063,0.0,0.0,0.0,0.0,penalty_1000,1000.0
2019-01-20 08:00:00,16.249217760994586,0.0,0.0,0.0,0.0,penalty_1000,1000.0
2019-01-20 09:00:00,13.563517798870208,0.0,0.0,0.0,0.0,penalty_1000,1000.0
2019-01-20 10:00:00,11.705358744583142,0.0,0.0,0.0,0.0,penalty_1000,1000.0
2019-01-20 11:00:00,11.038626752640948,0.0,0.0,0.0,0.0,penalty_1000,1000.0
2019-01-20 12:00:00,-4.145826254767434,100.723713,0.0,0.0,42.0,penalty_1000,1000.0
2019-01-20 13:00:00,-6.697797359955622,310.200149,0.0,0.0,262.3,penalty_1000,1000.0
2019-01-20 14:00:00,-8.70762627384509,940.42786,0.0,0.0,387.3,penalty_1000,1000.0
2019-01-20 15:00:00,-8.399999679979581,1341.619681,0.0,0.0,244.418227,penalty_1000,1000.0
2019-01-20 16:00:00,-8.539083555530897,891.526732,0.0,0.0,262.3,penalty_1000,1000.0
2019-01-20 17:00:00,-4.64789568744152,974.057793,0.0,0.0,42.0,penalty_1000,1000.0
2019-01-20 18:00:00,10.937429029310856,0.0,0.0,0.0,0.0,penalty_1000,1000.0
2019-01-20 19:00:00,11.721387067599634,0.0,0.0,0.0,0.0,penalty_1000,1000.0
2019-01-20 20:00:00,11.007815149509035,0.0,0.0,0.0,0.0,penalty_1000,1000.0
2019-01-20 21:00:00,13.143801236219417,0.0,0.0,0.0,0.0,penalty_1000,1000.0
2019-01-20 22:00:00,11.30639860193386,0.0,0.0,0.0,0.0,penalty_1000,1000.0
2019-01-20 23:00:00,10.36528557920449,0.0,0.0,0.0,0.0,penalty_1000,1000.0
2019-01-21 00:00:00,10.079702806549987,0.0,0.0,0.0,0.0,penalty_1000,1000.0
2019-01-21 01:00:00,10.555331350219344,0.0,0.0,0.0,0.0,penalty_1000,1000.0
2019-01-21 02:00:00,10.839946924307586,0.0,0.0,0.0,0.0,penalty_1000,1000.0
2019-01-21 03:00:00,10.15547921552208,0.0,0.0,0.0,0.0,penalty_1000,1000.0
2019-01-21 04:00:00,9.958218546574058,0.0,0.0,0.0,0.0,penalty_1000,1000.0
2019-01-21 05:00:00,-1.0677339120689087,221.131553,0.0,0.0,42.0,penalty_1000,1000.0
2019-01-21 06:00:00,0.3577042690086676,572.66652,0.0,0.0,0.0,penalty_1000,1000.0
2019-01-21 07:00:00,0.4629589979390737,765.320847,0.0,0.0,0.0,penalty_1000,1000.0
2019-01-21 08:00:00,-0.07665810711427455,1259.461017,0.0,0.0,0.0,penalty_1000,1000.0
2019-01-21 09:00:00,-0.742878555188118,1286.510916,0.0,0.0,0.0,penalty_1000,1000.0
2019-01-21 10:00:00,-1.3439566216503478,426.727368,0.0,0.0,42.0,penalty_1000,1000.0
2019-01-21 11:00:00,-4.137460359677555,1362.260777,0.0,0.0,262.3,penalty_1000,1000.0
2019-01-21 12:00:00,-43.41323106723745,1685.960645,0.0,0.0,130.5,penalty_1000,1000.0
2019-01-21 13:00:00,-62.17223385598639,844.938031,0.0,0.0,328.870889,penalty_1000,1000.0
2019-01-21 14:00:00,-54.64684340319808,1631.552325,0.0,0.0,270.945478,penalty_1000,1000.0
2019-01-21 15:00:00,-60.81376407867072,1676.997413,0.0,0.0,417.8,penalty_1000,1000.0
2019-01-21 16:00:00,-52.623404844746126,1047.760162,0.0,0.0,417.8,penalty_1000,1000.0
2019-01-21 17:00:00,-6.71582960189563,1401.251758,0.0,0.0,42.0,penalty_1000,1000.0
2019-01-21 18:00:00,-3.9112784057355747,1114.40291,0.0,0.0,42.0,penalty_1000,1000.0
2019-01-21 19:00:00,-4.123267436372653,869.699839,0.0,0.0,42.0,penalty_1000,1000.0
2019-01-21 20:00:00,-5.620193949051533,1141.427416,0.0,0.0,42.0,penalty_1000,1000.0
2019-01-21 21:00:00,-9.276654686734608,1568.787362,0.0,0.0,42.0,penalty_1000,1000.0
2019-01-21 22:00:00,-11.409996359011446,1590.67591,0.0,0.0,42.0,penalty_1000,1000.0
2019-01-21 23:00:00,-15.11335742155876,1619.733626,0.0,0.0,93.757686,penalty_1000,1000.0
2019-01-22 00:00:00,-13.44119353536681,1628.261279,0.0,0.0,42.0,penalty_1000,1000.0
2019-01-22 01:00:00,-12.626053291168738,1544.401051,0.0,0.0,100.0,penalty_1000,1000.0
2019-01-22 02:00:00,-14.63704386513123,1592.198434,0.0,0.0,42.0,penalty_1000,1000.0
2019-01-22 03:00:00,-15.03913162103663,1556.159695,0.0,0.0,100.0,penalty_1000,1000.0
2019-01-22 04:00:00,-12.089863420191179,1488.499535,0.0,0.0,84.60783,penalty_1000,1000.0
2019-01-22 05:00:00,-11.013007822565523,1503.742311,0.0,0.0,42.0,penalty_1000,1000.0
2019-01-22 06:00:00,-8.199896864560177,1235.770769,0.0,0.0,42.0,penalty_1000,1000.0
2019-01-22 07:00:00,-6.632785118169848,945.276094,0.0,0.0,42.0,penalty_1000,1000.0
2019-01-22 08:00:00,-5.9499500290185665,607.812859,0.0,0.0,42.0,penalty_1000,1000.0
2019-01-22 09:00:00,-5.023965647205854,771.970704,0.0,0.0,42.0,penalty_1000,1000.0
2019-01-22 10:00:00,-6.187056231342692,276.674524,0.0,0.0,42.0,penalty_1000,1000.0
2019-01-22 11:00:00,-7.785769110092409,151.535818,0.0,0.0,365.094729,penalty_1000,1000.0
2019-01-22 12:00:00,-7.031725042940396,148.263318,0.0,0.0,387.3,penalty_1000,1000.0
2019-01-22 13:00:00,-32.32939450676557,682.346107,0.0,0.0,255.5,penalty_1000,1000.0
2019-01-22 14:00:00,-31.802939347485108,666.332392,0.0,0.0,417.8,penalty_1000,1000.0
2019-01-22 15:00:00,-52.3068290546753,751.891142,0.0,0.0,417.8,penalty_1000,1000.0
2019-01-22 16:00:00,-32.37875789584348,99.387584,0.0,0.0,130.5,penalty_1000,1000.0
2019-01-22 17:00:00,-5.6202286650109325,366.364467,0.0,0.0,42.0,penalty_1000,1000.0
2019-01-22 18:00:00,-4.117719620903305,986.145496,0.0,0.0,0.0,penalty_1000,1000.0
2019-01-22 19:00:00,-3.447469524135035,809.781014,0.0,0.0,0.0,penalty_1000,1000.0
2019-01-22 20:00:00,-4.163861778300299,1071.0954,0.0,0.0,0.0,penalty_1000,1000.0
2019-01-22 21:00:00,-6.87565283947159,1508.06426,0.0,0.0,0.0,penalty_1000,1000.0
2019-01-22 22:00:00,-7.524717102128406,1500.325912,0.0,0.0,0.0,penalty_1000,1000.0
2019-01-22 23:00:00,-8.608087150961111,1478.541743,0.0,0.0,14.883856,penalty_1000,1000.0
2019-01-23 00:00:00,-6.926133518796171,1474.394877,0.0,0.0,42.0,penalty_1000,1000.0
2019-01-23 01:00:00,-2.8195478987190663,1255.674581,0.0,0.0,42.0,penalty_1000,1000.0
2019-01-23 02:00:00,-3.6997874205047356,1224.899733,0.0,0.0,0.0,penalty_1000,1000.0
2019-01-23 03:00:00,-5.523374881286787,394.260185,0.0,0.0,0.0,penalty_1000,1000.0
2019-01-23 04:00:00,14.062230017948547,0.0,0.0,0.0,0.0,penalty_1000,1000.0
2019-01-23 05:00:00,12.530251820269452,0.0,0.0,0.0,0.0,penalty_1000,1000.0
2019-01-23 06:00:00,21.31367030451325,0.0,0.0,0.0,0.0,penalty_1000,1000.0
2019-01-23 07:00:00,17.722429384318513,0.0,0.0,0.0,0.0,penalty_1000,1000.0
2019-01-23 08:00:00,19.10926065487525,0.0,0.0,0.0,0.0,penalty_1000,1000.0
2019-01-23 09:00:00,17.673090691283893,0.0,0.0,0.0,0.0,penalty_1000,1000.0
2019-01-23 10:00:00,15.768441406452522,0.0,0.0,0.0,0.0,penalty_1000,1000.0
2019-01-23 11:00:00,13.91054761844326,0.0,0.0,0.0,0.0,penalty_1000,1000.0
2019-01-23 12:00:00,12.866722185057588,0.0,0.0,0.0,0.0,penalty_1000,1000.0
2019-01-23 13:00:00,-21.65120163589776,269.005902,0.0,0.0,88.5,penalty_1000,1000.0
2019-01-23 14:00:00,-21.129021793973905,540.384918,0.0,0.0,88.5,penalty_1000,1000.0
2019-01-23 15:00:00,-22.499351390908902,634.41826,0.0,0.0,88.5,penalty_1000,1000.0
2019-01-23 16:00:00,-20.208216425406864,414.324313,0.0,0.0,88.5,penalty_1000,1000.0
2019-01-23 17:00:00,12.897996824688994,0.0,0.0,0.0,0.0,penalty_1000,1000.0
2019-01-23 18:00:00,15.423810219123043,0.0,0.0,0.0,0.0,penalty_1000,1000.0
2019-01-23 19:00:00,18.81780737324695,0.0,0.0,0.0,0.0,penalty_1000,1000.0
2019-01-23 20:00:00,19.61725062941083,0.0,0.0,0.0,0.0,penalty_1000,1000.0
2019-01-23 21:00:00,20.112529815781247,0.0,0.0,0.0,0.0,penalty_1000,1000.0
2019-01-23 22:00:00,17.932877881674884,0.0,0.0,0.0,0.0,penalty_1000,1000.0
2019-01-23 23:00:00,17.6495353695203,0.0,292.839,0.0,0.0,penalty_1000,1000.0
2019-01-24 00:00:00,16.871089969214022,0.0,0.0,0.0,0.0,penalty_1000,1000.0
2019-01-24 01:00:00,14.794097732219232,0.0,0.0,0.0,0.0,penalty_1000,1000.0
2019-01-24 02:00:00,16.36944618168648,0.0,0.0,0.0,0.0,penalty_1000,1000.0
2019-01-24 03:00:00,18.006567545684085,0.0,0.0,0.0,0.0,penalty_1000,1000.0
2019-01-24 04:00:00,16.871807602947694,0.0,0.0,0.0,0.0,penalty_1000,1000.0
2019-01-24 05:00:00,14.795062568726289,0.0,0.0,0.0,0.0,penalty_1000,1000.0
2019-01-24 06:00:00,22.98805534629377,0.0,0.0,0.0,0.0,penalty_1000,1000.0
2019-01-24 07:00:00,26.897205418554304,0.0,0.0,0.0,0.0,penalty_1000,1000.0
2019-01-24 08:00:00,22.350898293475762,0.0,0.0,0.0,0.0,penalty_1000,1000.0
2019-01-24 09:00:00,15.037630201887428,0.0,0.0,0.0,0.0,penalty_1000,1000.0
2019-01-24 10:00:00,11.374483558215916,0.0,0.0,0.0,0.0,penalty_1000,1000.0
2019-01-24 11:00:00,14.600329103017637,0.0,0.0,0.0,0.0,penalty_1000,1000.0
2019-01-24 12:00:00,-28.926466989801845,71.742429,0.0,0.0,88.5,penalty_1000,1000.0
2019-01-24 13:00:00,-39.59936391807758,1097.868535,0.0,0.0,130.5,penalty_1000,1000.0
2019-01-24 14:00:00,-45.753839990218545,1851.961754,0.0,0.0,130.5,penalty_1000,1000.0
2019-01-24 15:00:00,-48.56378662223712,1850.953048,0.0,0.0,130.5,penalty_1000,1000.0
2019-01-24 16:00:00,-49.37299082621707,1076.383208,0.0,0.0,130.5,penalty_1000,1000.0
2019-01-24 17:00:00,-5.182570863534933,1241.267261,0.0,0.0,42.0,penalty_1000,1000.0
2019-01-24 18:00:00,-2.528146011154477,895.425321,0.0,0.0,42.0,penalty_1000,1000.0
2019-01-24 19:00:00,9.814515862728504,0.0,0.0,0.0,0.0,penalty_1000,1000.0
2019-01-24 20:00:00,10.961887926330828,0.0,0.0,0.0,0.0,penalty_1000,1000.0
2019-01-24 21:00:00,10.69127131097098,0.0,0.0,0.0,0.0,penalty_1000,1000.0
2019-01-24 22:00:00,10.577540124181315,0.0,0.0,0.0,0.0,penalty_1000,1000.0
2019-01-24 23:00:00,9.299456310852321,0.0,0.0,0.0,0.0,penalty_1000,1000.0
2019-01-25 00:00:00,11.836010302079416,0.0,0.0,0.0,0.0,penalty_1000,1000.0
2019-01-25 01:00:00,12.84580193100004,0.0,0.0,0.0,0.0,penalty_1000,1000.0
2019-01-25 02:00:00,13.113362156334082,0.0,0.0,0.0,0.0,penalty_1000,1000.0
2019-01-25 03:00:00,13.472018246166055,0.0,0.0,0.0,0.0,penalty_1000,1000.0
2019-01-25 04:00:00,13.522385199517126,0.0,0.0,0.0,0.0,penalty_1000,1000.0
2019-01-25 05:00:00,13.481908208712419,0.0,0.0,0.0,0.0,penalty_1000,1000.0
2019-01-25 06:00:00,20.94612734086955,0.0,0.0,0.0,0.0,penalty_1000,1000.0
2019-01-25 07:00:00,20.40078796663749,0.0,0.0,0.0,0.0,penalty_1000,1000.0
2019-01-25 08:00:00,21.825612122151117,0.0,0.0,0.0,0.0,penalty_1000,1000.0
2019-01-25 09:00:00,21.043202457502936,0.0,0.0,0.0,0.0,penalty_1000,1000.0
2019-01-25 10:00:00,17.49498855316208,0.0,0.0,0.0,0.0,penalty_1000,1000.0
2019-01-25 11:00:00,15.898607222852517,0.0,0.0,0.0,0.0,penalty_1000,1000.0
2019-01-25 12:00:00,13.189327918839538,0.0,0.0,0.0,0.0,penalty_1000,1000.0
2019-01-25 13:00:00,-4.617746565814733,0.0,0.0,0.0,58.0,penalty_1000,1000.0
2019-01-25 14:00:00,-27.059617260147505,0.0,0.0,0.0,345.3,penalty_1000,1000.0
2019-01-25 15:00:00,13.07992472610181,0.0,0.0,0.0,0.0,penalty_1000,1000.0
2019-01-25 16:00:00,13.382623172157201,0.0,0.0,0.0,0.0,penalty_1000,1000.0
2019-01-25 17:00:00,14.465760536364936,0.0,0.0,0.0,0.0,penalty_1000,1000.0
2019-01-25 18:00:00,21.069404783346084,0.0,0.0,0.0,0.0,penalty_1000,1000.0
2019-01-25 19:00:00,23.936802842481494,0.0,0.0,0.0,0.0,penalty_1000,1000.0
2019-01-25 20:00:00,21.950510390700998,0.0,0.0,0.0,0.0,penalty_1000,1000.0
2019-01-25 21:00:00,20.058414504984473,0.0,0.0,0.0,0.0,penalty_1000,1000.0
2019-01-25 22:00:00,14.32953799648729,0.0,0.0,0.0,0.0,penalty_1000,1000.0
2019-01-25 23:00:00,14.695129748440985,0.0,0.0,0.0,0.0,penalty_1000,1000.0
2019-01-26 00:00:00,15.358546405145528,0.0,0.0,0.0,0.0,penalty_1000,1000.0
2019-01-26 01:00:00,14.984902859197046,0.0,0.0,0.0,0.0,penalty_1000,1000.0
2019-01-26 02:00:00,14.98353056672572,0.0,0.0,0.0,0.0,penalty_1000,1000.0
2019-01-26 03:00:00,15.071917031077295,0.0,0.0,0.0,0.0,penalty_1000,1000.0
2019-01-26 04:00:00,14.904734639542601,0.0,0.0,0.0,0.0,penalty_1000,1000.0
2019-01-26 05:00:00,17.397610662159764,0.0,0.0,0.0,0.0,penalty_1000,1000.0
2019-01-26 06:00:00,19.946892680327245,0.0,0.0,0.0,0.0,penalty_1000,1000.0
2019-01-26 07:00:00,18.23215078691292,0.0,0.0,0.0,0.0,penalty_1000,1000.0
2019-01-26 08:00:00,38.93717933914264,0.0,0.0,0.0,0.0,penalty_1000,1000.0
2019-01-26 09:00:00,20.87564822931067,0.0,0.0,0.0,0.0,penalty_1000,1000.0
2019-01-26 10:00:00,17.26213424827321,0.0,0.0,0.0,0.0,penalty_1000,1000.0
2019-01-26 11:00:00,18.54846783798873,0.0,0.0,0.0,0.0,penalty_1000,1000.0
2019-01-26 12:00:00,13.24830599679831,0.0,0.0,0.0,0.0,penalty_1000,1000.0
2019-01-26 13:00:00,11.508824905426566,0.0,0.0,0.0,0.0,penalty_1000,1000.0
2019-01-26 14:00:00,10.80231171971686,0.0,0.0,0.0,0.0,penalty_1000,1000.0
2019-01-26 15:00:00,10.336641180435493,0.0,0.0,0.0,0.0,penalty_1000,1000.0
2019-01-26 16:00:00,10.382648776085729,0.0,0.0,0.0,0.0,penalty_1000,1000.0
2019-01-26 17:00:00,11.174017787627664,0.0,0.0,0.0,0.0,penalty_1000,1000.0
2019-01-26 18:00:00,14.155872071202342,0.0,0.0,0.0,0.0,penalty_1000,1000.0
2019-01-26 19:00:00,22.14160256676275,0.0,0.0,0.0,0.0,penalty_1000,1000.0
2019-01-26 20:00:00,22.16935321352902,0.0,0.0,0.0,0.0,penalty_1000,1000.0
2019-01-26 21:00:00,18.564792908091594,0.0,0.0,0.0,0.0,penalty_1000,1000.0
2019-01-26 22:00:00,13.581692198950275,0.0,0.0,0.0,0.0,penalty_1000,1000.0
2019-01-26 23:00:00,14.101758547891476,0.0,0.0,0.0,0.0,penalty_1000,1000.0
2019-01-27 00:00:00,13.75712530144913,0.0,0.0,0.0,0.0,penalty_1000,1000.0
2019-01-27 01:00:00,16.742466462897532,0.0,0.0,0.0,0.0,penalty_1000,1000.0
2019-01-27 02:00:00,14.51116590544501,0.0,0.0,0.0,0.0,penalty_1000,1000.0
2019-01-27 03:00:00,15.794778306345046,0.0,0.0,0.0,0.0,penalty_1000,1000.0
2019-01-27 04:00:00,15.894939317448584,0.0,0.0,0.0,0.0,penalty_1000,1000.0
2019-01-27 05:00:00,18.16305870905443,0.0,0.0,0.0,0.0,penalty_1000,1000.0
2019-01-27 06:00:00,17.95854412331191,0.0,0.0,0.0,0.0,penalty_1000,1000.0
2019-01-27 07:00:00,16.891534477790586,0.0,0.0,0.0,0.0,penalty_1000,1000.0
2019-01-27 08:00:00,22.099284986455835,0.0,0.0,0.0,0.0,penalty_1000,1000.0
2019-01-27 09:00:00,46.670935563464624,0.0,0.0,0.0,0.0,penalty_1000,1000.0
2019-01-27 10:00:00,15.773675411751016,0.0,0.0,0.0,0.0,penalty_1000,1000.0
2019-01-27 11:00:00,14.297916617248699,0.0,0.0,0.0,0.0,penalty_1000,1000.0
2019-01-27 12:00:00,13.054657228461709,0.0,0.0,0.0,0.0,penalty_1000,1000.0
2019-01-27 13:00:00,-26.874975578083255,0.0,0.0,0.0,58.0,penalty_1000,1000.0
2019-01-27 14:00:00,-30.304474880592867,138.961203,0.0,0.0,88.5,penalty_1000,1000.0
2019-01-27 15:00:00,-31.138630161849203,10.739162,0.0,0.0,88.5,penalty_1000,1000.0
2019-01-27 16:00:00,22.17196820966083,0.0,0.0,0.0,0.0,penalty_1000,1000.0
2019-01-27 17:00:00,13.08691084142838,0.0,0.0,0.0,0.0,penalty_1000,1000.0
2019-01-27 18:00:00,13.246834263047177,0.0,0.0,0.0,0.0,penalty_1000,1000.0
2019-01-27 19:00:00,18.57652562597125,0.0,0.0,0.0,0.0,penalty_1000,1000.0
2019-01-27 20:00:00,15.474550562143996,0.0,0.0,0.0,0.0,penalty_1000,1000.0
2019-01-27 21:00:00,12.881252733560688,0.0,0.0,0.0,0.0,penalty_1000,1000.0
2019-01-27 22:00:00,12.324560135866498,0.0,0.0,0.0,0.0,penalty_1000,1000.0
2019-01-27 23:00:00,12.285528700553266,0.0,0.0,0.0,0.0,penalty_1000,1000.0
2019-01-28 00:00:00,10.522517731334927,0.0,0.0,0.0,0.0,penalty_1000,1000.0
2019-01-28 01:00:00,5.6132686572371515,0.0,0.0,0.0,0.0,penalty_1000,1000.0
2019-01-28 02:00:00,11.01766898819543,0.0,0.0,0.0,0.0,penalty_1000,1000.0
2019-01-28 03:00:00,11.2575828271533,0.0,0.0,0.0,0.0,penalty_1000,1000.0
2019-01-28 04:00:00,10.122402177758627,0.0,0.0,0.0,0.0,penalty_1000,1000.0
2019-01-28 05:00:00,10.318088086702595,0.0,0.0,0.0,0.0,penalty_1000,1000.0
2019-01-28 06:00:00,10.995244032865068,0.0,0.0,0.0,0.0,penalty_1000,1000.0
2019-01-28 07:00:00,11.566043299764562,0.0,0.0,0.0,0.0,penalty_1000,1000.0
2019-01-28 08:00:00,12.496878584228831,0.0,0.0,0.0,0.0,penalty_1000,1000.0
2019-01-28 09:00:00,10.95655886212846,0.0,0.0,0.0,0.0,penalty_1000,1000.0
2019-01-28 10:00:00,10.437438601271708,0.0,0.0,0.0,0.0,penalty_1000,1000.0
2019-01-28 11:00:00,-3.6915116472087015,679.771409,0.0,0.0,42.0,penalty_1000,1000.0
2019-01-28 12:00:00,-51.930240075938784,1175.978699,0.0,0.0,246.911489,penalty_1000,1000.0
2019-01-28 13:00:00,-33.118597812328375,797.845792,0.0,0.0,417.8,penalty_1000,1000.0
2019-01-28 14:00:00,-33.521068652198565,830.846484,0.0,0.0,255.5,penalty_1000,1000.0
2019-01-28 15:00:00,-34.44796179799662,606.228634,0.0,0.0,255.5,penalty_1000,1000.0
2019-01-28 16:00:00,-33.32934913816848,231.067441,0.0,0.0,130.5,penalty_1000,1000.0
2019-01-28 17:00:00,-12.601328414028076,1015.957857,0.0,0.0,387.3,penalty_1000,1000.0
2019-01-28 18:00:00,-7.262696075723275,1080.288199,0.0,0.0,100.0,penalty_1000,1000.0
2019-01-28 19:00:00,-4.825435443297143,833.327455,0.0,0.0,42.0,penalty_1000,1000.0
2019-01-28 20:00:00,-5.604933228866662,1037.880544,0.0,0.0,42.0,penalty_1000,1000.0
2019-01-28 21:00:00,-9.395058944601544,1393.052252,0.0,0.0,42.0,penalty_1000,1000.0
2019-01-28 22:00:00,-9.270515822137071,329.15913,0.0,0.0,42.0,penalty_1000,1000.0
2019-01-28 23:00:00,8.533314581974224,0.0,0.0,0.0,0.0,penalty_1000,1000.0
2019-01-29 00:00:00,9.724490623029403,0.0,0.0,0.0,0.0,penalty_1000,1000.0
2019-01-29 01:00:00,10.649730786304318,0.0,0.0,0.0,0.0,penalty_1000,1000.0
2019-01-29 02:00:00,10.622294887807177,0.0,0.0,0.0,0.0,penalty_1000,1000.0
2019-01-29 03:00:00,10.791028128326976,0.0,0.0,0.0,0.0,penalty_1000,1000.0
2019-01-29 04:00:00,12.812844013994141,0.0,0.0,0.0,0.0,penalty_1000,1000.0
2019-01-29 05:00:00,13.674713905216512,0.0,0.0,0.0,0.0,penalty_1000,1000.0
2019-01-29 06:00:00,18.927880258589653,0.0,0.0,0.0,0.0,penalty_1000,1000.0
2019-01-29 07:00:00,18.971102257900775,0.0,0.0,0.0,0.0,penalty_1000,1000.0
2019-01-29 08:00:00,20.850674790993466,0.0,0.0,0.0,0.0,penalty_1000,1000.0
2019-01-29 09:00:00,30.358343241107683,0.0,0.0,0.0,0.0,penalty_1000,1000.0
2019-01-29 10:00:00,12.494961926181707,0.0,0.0,0.0,0.0,penalty_1000,1000.0
2019-01-29 11:00:00,12.144312650023915,0.0,0.0,0.0,0.0,penalty_1000,1000.0
2019-01-29 12:00:00,12.048552031388493,0.0,0.0,0.0,0.0,penalty_1000,1000.0
2019-01-29 13:00:00,10.586021198276882,0.0,0.0,0.0,0.0,penalty_1000,1000.0
2019-01-29 14:00:00,-5.558033249571795,22.657688,0.0,0.0,143.393702,penalty_1000,1000.0
2019-01-29 15:00:00,-6.466800564117483,98.766788,0.0,0.0,100.0,penalty_1000,1000.0
2019-01-29 16:00:00,9.334072210396734,0.0,0.0,0.0,15.614904,penalty_1000,1000.0
2019-01-29 17:00:00,11.898342858704964,0.0,0.0,0.0,0.0,penalty_1000,1000.0
2019-01-29 18:00:00,13.265354706847077,0.0,0.0,0.0,0.0,penalty_1000,1000.0
2019-01-29 19:00:00,12.784614674017066,0.0,0.0,0.0,0.0,penalty_1000,1000.0
2019-01-29 20:00:00,13.839580037276164,0.0,0.0,0.0,0.0,penalty_1000,1000.0
2019-01-29 21:00:00,13.211182548793786,0.0,0.0,0.0,0.0,penalty_1000,1000.0
2019-01-29 22:00:00,14.04796664796241,0.0,0.0,0.0,0.0,penalty_1000,1000.0
2019-01-29 23:00:00,13.737963821505993,0.0,0.0,0.0,0.0,penalty_1000,1000.0
2019-01-30 00:00:00,13.411252778666665,0.0,0.0,0.0,0.0,penalty_1000,1000.0
2019-01-30 01:00:00,13.41417574724735,0.0,0.0,0.0,0.0,penalty_1000,1000.0
2019-01-30 02:00:00,13.190941476632027,0.0,0.0,0.0,0.0,penalty_1000,1000.0
2019-01-30 03:00:00,14.737690271220792,0.0,0.0,0.0,0.0,penalty_1000,1000.0
2019-01-30 04:00:00,15.28483796471517,0.0,0.0,0.0,0.0,penalty_1000,1000.0
2019-01-30 05:00:00,13.894095367476762,0.0,0.0,0.0,0.0,penalty_1000,1000.0
2019-01-30 06:00:00,17.72379121066438,0.0,0.0,0.0,0.0,penalty_1000,1000.0
2019-01-30 07:00:00,21.11558237735639,0.0,0.0,0.0,0.0,penalty_1000,1000.0
2019-01-30 08:00:00,18.367783996868592,0.0,0.0,0.0,0.0,penalty_1000,1000.0
2019-01-30 09:00:00,16.892599081203223,0.0,0.0,0.0,0.0,penalty_1000,1000.0
2019-01-30 10:00:00,14.030027092661179,0.0,0.0,0.0,0.0,penalty_1000,1000.0
2019-01-30 11:00:00,16.11661279921255,0.0,0.0,0.0,0.0,penalty_1000,1000.0
2019-01-30 12:00:00,12.428529620177107,0.0,0.0,0.0,0.0,penalty_1000,1000.0
2019-01-30 13:00:00,-22.821149734635537,0.0,0.0,0.0,58.0,penalty_1000,1000.0
2019-01-30 14:00:00,-5.758075169916726,473.564012,0.0,0.0,387.3,penalty_1000,1000.0
2019-01-30 15:00:00,-5.85383679021335,1349.07892,0.0,0.0,109.525844,penalty_1000,1000.0
2019-01-30 16:00:00,-5.835516966287541,935.400778,0.0,0.0,100.0,penalty_1000,1000.0
2019-01-30 17:00:00,-2.015063376629352,1292.405513,0.0,0.0,42.0,penalty_1000,1000.0
2019-01-30 18:00:00,10.895903018184997,0.0,0.0,0.0,0.0,penalty_1000,1000.0
2019-01-30 19:00:00,14.006741506931299,0.0,0.0,0.0,0.0,penalty_1000,1000.0
2019-01-30 20:00:00,11.129119904060962,0.0,0.0,0.0,0.0,penalty_1000,1000.0
2019-01-30 21:00:00,11.210667268125182,0.0,0.0,0.0,0.0,penalty_1000,1000.0
2019-01-30 22:00:00,10.453339172557241,0.0,0.0,0.0,0.0,penalty_1000,1000.0
2019-01-30 23:00:00,9.845488505928774,0.0,0.0,0.0,0.0,penalty_1000,1000.0
2019-01-31 00:00:00,10.321405469930637,0.0,0.0,0.0,0.0,penalty_1000,1000.0
2019-01-31 01:00:00,11.088297239079022,0.0,0.0,0.0,0.0,penalty_1000,1000.0
2019-01-31 02:00:00,11.198439220674082,0.0,0.0,0.0,0.0,penalty_1000,1000.0
2019-01-31 03:00:00,10.884777101254672,0.0,0.0,0.0,0.0,penalty_1000,1000.0
2019-01-31 04:00:00,12.417961947775076,0.0,0.0,0.0,0.0,penalty_1000,1000.0
2019-01-31 05:00:00,11.481831712351136,0.0,0.0,0.0,0.0,penalty_1000,1000.0
2019-01-31 06:00:00,13.27515981625039,0.0,0.0,0.0,0.0,penalty_1000,1000.0
2019-01-31 07:00:00,13.739043443624075,0.0,0.0,0.0,0.0,penalty_1000,1000.0
2019-01-31 08:00:00,13.077609461809594,0.0,0.0,0.0,0.0,penalty_1000,1000.0
2019-01-31 09:00:00,0.6814362008306608,15.072705,0.0,0.0,0.0,penalty_1000,1000.0
2019-01-31 10:00:00,12.34735316107314,0.0,0.0,0.0,0.0,penalty_1000,1000.0
2019-01-31 11:00:00,11.191472124075098,854.078508,0.0,0.0,58.0,penalty_1000,1000.0
2019-01-31 12:00:00,0.7876886375233139,1102.422287,0.0,0.0,266.926115,penalty_1000,1000.0
2019-01-31 13:00:00,-36.92975689917703,166.644526,0.0,0.0,213.5,penalty_1000,1000.0
2019-01-31 14:00:00,-42.57965394984124,642.408348,0.0,0.0,228.609473,penalty_1000,1000.0
2019-01-31 15:00:00,-5.315855992640771,107.551013,0.0,0.0,100.0,penalty_1000,1000.0
2019-01-31 16:00:00,11.438629724681498,0.0,0.0,0.0,0.0,penalty_1000,1000.0
2019-01-31 17:00:00,11.756215757018827,0.0,0.0,0.0,0.0,penalty_1000,1000.0
2019-01-31 18:00:00,13.452857516881917,0.0,0.0,0.0,0.0,penalty_1000,1000.0
2019-01-31 19:00:00,17.230312783851314,0.0,0.0,0.0,0.0,penalty_1000,1000.0
2019-01-31 20:00:00,16.17349286506894,0.0,0.0,0.0,0.0,penalty_1000,1000.0
2019-01-31 21:00:00,12.321144546417443,0.0,0.0,0.0,0.0,penalty_1000,1000.0
2019-01-31 22:00:00,10.443839719112749,0.0,0.0,0.0,0.0,penalty_1000,1000.0
2019-01-31 23:00:00,9.556888773888575,0.0,0.0,0.0,0.0,penalty_1000,1000.0
2019-02-01 00:00:00,10.32087344090379,0.0,0.0,0.0,0.0,penalty_1000,1000.0
2019-02-01 01:00:00,9.340498719966586,0.0,0.0,0.0,0.0,penalty_1000,1000.0
2019-02-01 02:00:00,10.034604058710928,0.0,0.0,0.0,0.0,penalty_1000,1000.0
2019-02-01 03:00:00,9.941977925938676,0.0,0.0,0.0,0.0,penalty_1000,1000.0
2019-02-01 04:00:00,10.628596455387147,0.0,0.0,0.0,0.0,penalty_1000,1000.0
2019-02-01 05:00:00,12.567720212785368,0.0,0.0,0.0,0.0,penalty_1000,1000.0
2019-02-01 06:00:00,12.132763938659549,0.0,0.0,0.0,0.0,penalty_1000,1000.0
2019-02-01 07:00:00,12.282168448328745,0.0,0.0,0.0,0.0,penalty_1000,1000.0
2019-02-01 08:00:00,12.587319265536232,0.0,0.0,0.0,0.0,penalty_1000,1000.0
2019-02-01 09:00:00,13.816245259361175,0.0,0.0,0.0,0.0,penalty_1000,1000.0
2019-02-01 10:00:00,12.767077659192573,0.0,0.0,0.0,0.0,penalty_1000,1000.0
2019-02-01 11:00:00,11.075277950717329,0.0,0.0,0.0,0.0,penalty_1000,1000.0
2019-02-01 12:00:00,10.901055048086407,0.0,0.0,0.0,0.0,penalty_1000,1000.0
2019-02-01 13:00:00,10.36913358509081,0.0,0.0,0.0,0.0,penalty_1000,1000.0
2019-02-01 14:00:00,10.188426881356039,0.0,0.0,0.0,0.0,penalty_1000,1000.0
2019-02-01 15:00:00,-7.811607791361298,150.164565,0.0,0.0,387.3,penalty_1000,1000.0
2019-02-01 16:00:00,-7.38938195305736,217.149654,0.0,0.0,262.3,penalty_1000,1000.0
2019-02-01 17:00:00,10.184949769629167,0.0,0.0,0.0,0.0,penalty_1000,1000.0
2019-02-01 18:00:00,9.820149370336415,0.0,0.0,0.0,0.0,penalty_1000,1000.0
2019-02-01 19:00:00,11.01557818103688,0.0,0.0,0.0,0.0,penalty_1000,1000.0
2019-02-01 20:00:00,9.920962106380136,0.0,0.0,0.0,0.0,penalty_1000,1000.0
2019-02-01 21:00:00,9.345235826132935,0.0,0.0,0.0,0.0,penalty_1000,1000.0
2019-02-01 22:00:00,9.03597102554732,0.0,0.0,0.0,0.0,penalty_1000,1000.0
2019-02-01 23:00:00,8.93441044070481,0.0,0.0,0.0,0.0,penalty_1000,1000.0
2019-02-02 00:00:00,9.207441740570502,0.0,0.0,0.0,0.0,penalty_1000,1000.0
2019-02-02 01:00:00,8.756899970749116,0.0,0.0,0.0,0.0,penalty_1000,1000.0
2019-02-02 02:00:00,9.239473528837877,0.0,0.0,0.0,0.0,penalty_1000,1000.0
2019-02-02 03:00:00,9.243785825701627,0.0,0.0,0.0,0.0,penalty_1000,1000.0
2019-02-02 04:00:00,9.629535490029319,0.0,0.0,0.0,0.0,penalty_1000,1000.0
2019-02-02 05:00:00,9.799376900537341,0.0,0.0,0.0,0.0,penalty_1000,1000.0
2019-02-02 06:00:00,9.672767481906897,0.0,0.0,0.0,0.0,penalty_1000,1000.0
2019-02-02 07:00:00,9.32882849445881,0.0,0.0,0.0,0.0,penalty_1000,1000.0
2019-02-02 08:00:00,10.39334232505479,0.0,0.0,0.0,0.0,penalty_1000,1000.0
2019-02-02 09:00:00,11.900314296805611,0.0,0.0,0.0,0.0,penalty_1000,1000.0
2019-02-02 10:00:00,10.434747157039777,0.0,0.0,0.0,0.0,penalty_1000,1000.0
2019-02-02 11:00:00,-5.043994408048688,40.372313,0.0,0.0,0.0,penalty_1000,1000.0
2019-02-02 12:00:00,-8.162874921527344,1341.531723,0.0,0.0,292.8,penalty_1000,1000.0
2019-02-02 13:00:00,-52.71637380091658,859.480882,0.0,0.0,396.810852,penalty_1000,1000.0
2019-02-02 14:00:00,-62.984456306197366,1602.420817,0.0,0.0,387.3,penalty_1000,1000.0
2019-02-02 15:00:00,-56.14534149383558,1650.822011,0.0,0.0,255.5,penalty_1000,1000.0
2019-02-02 16:00:00,-13.473131748090442,873.234859,0.0,0.0,262.3,penalty_1000,1000.0
2019-02-02 17:00:00,-8.06772962742443,457.169473,0.0,0.0,100.0,penalty_1000,1000.0
2019-02-02 18:00:00,10.011659623387532,0.0,0.0,0.0,0.0,penalty_1000,1000.0
2019-02-02 19:00:00,10.586103772761057,0.0,0.0,0.0,0.0,penalty_1000,1000.0
2019-02-02 20:00:00,10.288899551957176,0.0,0.0,0.0,0.0,penalty_1000,1000.0
2019-02-02 21:00:00,9.638542773015828,0.0,0.0,0.0,0.0,penalty_1000,1000.0
2019-02-02 22:00:00,-10.313419959223127,367.957942,0.0,0.0,42.0,penalty_1000,1000.0
2019-02-02 23:00:00,-10.894760337548082,924.876379,0.0,0.0,42.0,penalty_1000,1000.0
2019-02-03 00:00:00,-11.533340201612392,1465.075325,0.0,0.0,42.0,penalty_1000,1000.0
2019-02-03 01:00:00,-12.37920676404833,1466.783971,0.0,0.0,42.0,penalty_1000,1000.0
2019-02-03 02:00:00,-12.672470245494015,1479.967586,0.0,0.0,42.0,penalty_1000,1000.0
2019-02-03 03:00:00,-13.007565021266585,920.753531,0.0,0.0,42.0,penalty_1000,1000.0
2019-02-03 04:00:00,-13.151200142499654,427.91749,0.0,0.0,42.0,penalty_1000,1000.0
2019-02-03 05:00:00,-12.981565163983927,560.100029,0.0,0.0,42.0,penalty_1000,1000.0
2019-02-03 06:00:00,-12.351385007813562,693.657684,0.0,0.0,42.0,penalty_1000,1000.0
2019-02-03 07:00:00,-12.15320970898671,739.276691,0.0,0.0,42.0,penalty_1000,1000.0
2019-02-03 08:00:00,-11.336110830803172,1211.840545,0.0,0.0,42.0,penalty_1000,1000.0
2019-02-03 09:00:00,-10.23698221468275,1413.30569,0.0,0.0,42.0,penalty_1000,1000.0
2019-02-03 10:00:00,-9.746551195708706,542.870874,0.0,0.0,42.0,penalty_1000,1000.0
2019-02-03 11:00:00,4.056927122450071,1469.774071,0.0,0.0,345.3,penalty_1000,1000.0
2019-02-03 12:00:00,-52.725382975215325,1905.467,0.0,0.0,255.5,penalty_1000,1000.0
2019-02-03 13:00:00,-61.722541429995125,1184.223666,0.0,0.0,417.8,penalty_1000,1000.0
2019-02-03 14:00:00,-61.48082232955853,1834.622648,0.0,0.0,417.8,penalty_1000,1000.0
2019-02-03 15:00:00,-53.32037441212342,1795.753482,0.0,0.0,298.516758,penalty_1000,1000.0
2019-02-03 16:00:00,-8.764232971147296,1002.121178,0.0,0.0,76.829495,penalty_1000,1000.0
2019-02-03 17:00:00,4.437798974020006,1501.609795,0.0,0.0,220.3,penalty_1000,1000.0
2019-02-03 18:00:00,5.109087312673787,1239.391199,0.0,0.0,58.0,penalty_1000,1000.0
2019-02-03 19:00:00,3.8138563266602685,974.280208,0.0,0.0,0.0,penalty_1000,1000.0
2019-02-03 20:00:00,-6.857670584690881,1209.96151,0.0,0.0,42.0,penalty_1000,1000.0
2019-02-03 21:00:00,-8.376870498797432,1651.894432,0.0,0.0,42.0,penalty_1000,1000.0
2019-02-03 22:00:00,-9.751179565546925,1703.933738,0.0,0.0,42.0,penalty_1000,1000.0
2019-02-03 23:00:00,-10.972580934835642,1695.855404,0.0,0.0,42.0,penalty_1000,1000.0
2019-02-04 00:00:00,-11.425776814591522,1644.561977,0.0,0.0,42.0,penalty_1000,1000.0
2019-02-04 01:00:00,-12.00562091103974,1505.171762,0.0,0.0,42.0,penalty_1000,1000.0
2019-02-04 02:00:00,-12.285849692362758,1279.688699,0.0,0.0,42.0,penalty_1000,1000.0
2019-02-04 03:00:00,-13.213850265862934,802.412428,0.0,0.0,42.0,penalty_1000,1000.0
2019-02-04 04:00:00,-12.051685388355613,281.189606,0.0,0.0,42.0,penalty_1000,1000.0
2019-02-04 05:00:00,-10.977922246639885,0.0,0.0,0.0,42.0,penalty_1000,1000.0
2019-02-04 06:00:00,10.404874978198672,0.0,0.0,0.0,0.0,penalty_1000,1000.0
2019-02-04 07:00:00,11.93526677171086,0.0,0.0,0.0,0.0,penalty_1000,1000.0
2019-02-04 08:00:00,12.437189494189612,0.0,0.0,0.0,0.0,penalty_1000,1000.0
2019-02-04 09:00:00,10.88990158479622,0.0,0.0,0.0,0.0,penalty_1000,1000.0
2019-02-04 10:00:00,11.744229067279784,0.0,0.0,0.0,0.0,penalty_1000,1000.0
2019-02-04 11:00:00,-6.007077967735925,190.616907,0.0,0.0,100.0,penalty_1000,1000.0
2019-02-04 12:00:00,-7.2166490589065875,267.913926,0.0,0.0,262.3,penalty_1000,1000.0
2019-02-04 13:00:00,-29.816938435057764,446.383415,0.0,0.0,130.5,penalty_1000,1000.0
2019-02-04 14:00:00,-30.393538511515846,283.677698,0.0,0.0,130.5,penalty_1000,1000.0
2019-02-04 15:00:00,-15.666543543523797,0.0,0.0,0.0,58.0,penalty_1000,1000.0
2019-02-04 16:00:00,3.337493061105324,0.0,0.0,0.0,0.0,penalty_1000,1000.0
2019-02-04 17:00:00,10.348003873708164,0.0,0.0,0.0,0.0,penalty_1000,1000.0
2019-02-04 18:00:00,10.610017350280748,0.0,0.0,0.0,0.0,penalty_1000,1000.0
2019-02-04 19:00:00,11.211005258989548,0.0,0.0,0.0,0.0,penalty_1000,1000.0
2019-02-04 20:00:00,10.780430231709644,0.0,0.0,0.0,0.0,penalty_1000,1000.0
2019-02-04 21:00:00,11.476896681509226,0.0,0.0,0.0,0.0,penalty_1000,1000.0
2019-02-04 22:00:00,9.77548204819324,0.0,0.0,0.0,0.0,penalty_1000,1000.0
2019-02-04 23:00:00,10.098207061429807,0.0,0.0,0.0,0.0,penalty_1000,1000.0
2019-02-05 00:00:00,9.670191919839805,0.0,0.0,0.0,0.0,penalty_1000,1000.0
2019-02-05 01:00:00,9.334329421303668,0.0,0.0,0.0,0.0,penalty_1000,1000.0
2019-02-05 02:00:00,9.632940856940413,0.0,0.0,0.0,0.0,penalty_1000,1000.0
2019-02-05 03:00:00,9.655659031836072,0.0,0.0,0.0,0.0,penalty_1000,1000.0
2019-02-05 04:00:00,9.660096784513986,0.0,0.0,0.0,0.0,penalty_1000,1000.0
2019-02-05 05:00:00,10.176384639131232,0.0,0.0,0.0,0.0,penalty_1000,1000.0
2019-02-05 06:00:00,10.498685152318302,0.0,0.0,0.0,0.0,penalty_1000,1000.0
2019-02-05 07:00:00,11.007949803491613,0.0,0.0,0.0,0.0,penalty_1000,1000.0
2019-02-05 08:00:00,10.661531944992378,0.0,0.0,0.0,0.0,penalty_1000,1000.0
2019-02-05 09:00:00,11.100975561942793,0.0,0.0,0.0,0.0,penalty_1000,1000.0
2019-02-05 10:00:00,10.412823771852956,0.0,0.0,0.0,0.0,penalty_1000,1000.0
2019-02-05 11:00:00,9.826859989231957,0.0,0.0,0.0,0.0,penalty_1000,1000.0
2019-02-05 12:00:00,-6.410635330763955,250.124277,0.0,0.0,387.3,penalty_1000,1000.0
2019-02-05 13:00:00,9.539685382500751,0.0,0.0,0.0,0.0,penalty_1000,1000.0
2019-02-05 14:00:00,-6.259757562848286,633.922594,0.0,0.0,262.3,penalty_1000,1000.0
2019-02-05 15:00:00,-6.21742652700521,938.583813,0.0,0.0,262.3,penalty_1000,1000.0
2019-02-05 16:00:00,-5.9291301660805145,506.465394,0.0,0.0,100.0,penalty_1000,1000.0
2019-02-05 17:00:00,-6.1640423734664544,416.706226,0.0,0.0,100.0,penalty_1000,1000.0
2019-02-05 18:00:00,9.680416886233523,0.0,0.0,0.0,0.0,penalty_1000,1000.0
2019-02-05 19:00:00,10.935258474051409,0.0,0.0,0.0,0.0,penalty_1000,1000.0
2019-02-05 20:00:00,10.456335555574904,0.0,0.0,0.0,0.0,penalty_1000,1000.0
2019-02-05 21:00:00,9.665542370987653,0.0,0.0,0.0,0.0,penalty_1000,1000.0
2019-02-05 22:00:00,10.159713083493916,0.0,0.0,0.0,0.0,penalty_1000,1000.0
2019-02-05 23:00:00,10.409941563406122,0.0,0.0,0.0,0.0,penalty_1000,1000.0
2019-02-06 00:00:00,10.181111135811749,0.0,0.0,0.0,0.0,penalty_1000,1000.0
2019-02-06 01:00:00,9.739594406374787,0.0,0.0,0.0,0.0,penalty_1000,1000.0
2019-02-06 02:00:00,9.657104511667555,0.0,0.0,0.0,0.0,penalty_1000,1000.0
2019-02-06 03:00:00,9.624310642297594,0.0,0.0,0.0,0.0,penalty_1000,1000.0
2019-02-06 04:00:00,9.763566011867924,0.0,0.0,0.0,0.0,penalty_1000,1000.0
2019-02-06 05:00:00,8.965471384278976,0.0,0.0,0.0,0.0,penalty_1000,1000.0
2019-02-06 06:00:00,9.892386758238988,0.0,0.0,0.0,0.0,penalty_1000,1000.0
2019-02-06 07:00:00,10.556268022036754,0.0,0.0,0.0,0.0,penalty_1000,1000.0
2019-02-06 08:00:00,10.831745549319335,0.0,0.0,0.0,0.0,penalty_1000,1000.0
2019-02-06 09:00:00,10.805606930752466,0.0,0.0,0.0,0.0,penalty_1000,1000.0
2019-02-06 10:00:00,10.524874812370927,0.0,0.0,0.0,0.0,penalty_1000,1000.0
2019-02-06 11:00:00,8.47576378115315,0.0,0.0,0.0,192.696316,penalty_1000,1000.0
2019-02-06 12:00:00,-6.062184179904491,1047.612105,0.0,0.0,262.3,penalty_1000,1000.0
2019-02-06 13:00:00,-8.269686869531956,669.37456,0.0,0.0,387.3,penalty_1000,1000.0
2019-02-06 14:00:00,-7.772065390846754,1284.620843,0.0,0.0,387.3,penalty_1000,1000.0
2019-02-06 15:00:00,-6.552859369277049,1364.89667,0.0,0.0,262.3,penalty_1000,1000.0
2019-02-06 16:00:00,-8.4377809390329,896.447932,0.0,0.0,387.3,penalty_1000,1000.0
2019-02-06 17:00:00,-5.608981924842359,1419.678646,0.0,0.0,262.3,penalty_1000,1000.0
2019-02-06 18:00:00,-0.8024976863335349,1179.88853,0.0,0.0,42.0,penalty_1000,1000.0
2019-02-06 19:00:00,-0.3072957259834444,822.119583,0.0,0.0,42.0,penalty_1000,1000.0
2019-02-06 20:00:00,-3.2604228318310704,1016.715527,0.0,0.0,42.0,penalty_1000,1000.0
2019-02-06 21:00:00,-7.183646266426501,1432.320163,0.0,0.0,42.0,penalty_1000,1000.0
2019-02-06 22:00:00,-8.535409197907276,1398.040279,0.0,0.0,42.0,penalty_1000,1000.0
2019-02-06 23:00:00,-10.36862191694969,986.37854,0.0,0.0,42.0,penalty_1000,1000.0
2019-02-07 00:00:00,-12.092094631578586,813.149672,0.0,0.0,100.0,penalty_1000,1000.0
2019-02-07 01:00:00,-12.974150258677655,692.027433,0.0,0.0,100.0,penalty_1000,1000.0
2019-02-07 02:00:00,-12.542841002186233,494.804496,0.0,0.0,42.0,penalty_1000,1000.0
2019-02-07 03:00:00,-13.849533587958561,947.171102,0.0,0.0,42.0,penalty_1000,1000.0
2019-02-07 04:00:00,-13.077933064944878,1317.325778,0.0,0.0,42.0,penalty_1000,1000.0
2019-02-07 05:00:00,-12.150511702139543,1637.766269,0.0,0.0,42.0,penalty_1000,1000.0
2019-02-07 06:00:00,-9.942706743779079,1603.74584,0.0,0.0,42.0,penalty_1000,1000.0
2019-02-07 07:00:00,-10.017010251002532,1421.749897,0.0,0.0,42.0,penalty_1000,1000.0
2019-02-07 08:00:00,-6.790544191137954,1270.913543,0.0,0.0,42.0,penalty_1000,1000.0
2019-02-07 09:00:00,-6.208513334362739,1079.471031,0.0,0.0,42.0,penalty_1000,1000.0
2019-02-07 10:00:00,-7.681233818028947,405.199867,0.0,0.0,337.571067,penalty_1000,1000.0
2019-02-07 11:00:00,-11.637340710589351,1375.613581,0.0,0.0,417.8,penalty_1000,1000.0
2019-02-07 12:00:00,-47.66236515026333,1941.737236,0.0,0.0,417.8,penalty_1000,1000.0
2019-02-07 13:00:00,-62.89294504912845,1825.683969,0.0,0.0,257.630107,penalty_1000,1000.0
2019-02-07 14:00:00,-61.54520182899236,2592.399579,0.0,0.0,367.909613,penalty_1000,1000.0
2019-02-07 15:00:00,-68.77958818575226,2459.87458,0.0,0.0,417.8,penalty_1000,1000.0
2019-02-07 16:00:00,-51.040511596289264,1506.827817,0.0,0.0,417.8,penalty_1000,1000.0
2019-02-07 17:00:00,-6.288410648393846,1224.464496,0.0,0.0,67.521349,penalty_1000,1000.0
2019-02-07 18:00:00,-1.3032342022524346,702.07894,0.0,0.0,23.87668,penalty_1000,1000.0
2019-02-07 19:00:00,-0.9790762776790328,234.067566,0.0,0.0,0.0,penalty_1000,1000.0
2019-02-07 20:00:00,-0.9321802839559636,46.871372,0.0,0.0,0.0,penalty_1000,1000.0
2019-02-07 21:00:00,-0.8842264158391212,248.647411,0.0,0.0,42.0,penalty_1000,1000.0
2019-02-07 22:00:00,-1.2867519321179268,473.929617,0.0,0.0,42.0,penalty_1000,1000.0
2019-02-07 23:00:00,-3.9460416188584277,325.012981,0.0,0.0,42.0,penalty_1000,1000.0
2019-02-08 00:00:00,11.019813720038968,0.0,0.0,0.0,0.0,penalty_1000,1000.0
2019-02-08 01:00:00,11.916641245530544,0.0,0.0,0.0,0.0,penalty_1000,1000.0
2019-02-08 02:00:00,12.25359839000545,0.0,0.0,0.0,0.0,penalty_1000,1000.0
2019-02-08 03:00:00,23.17450353898808,0.0,0.0,0.0,0.0,penalty_1000,1000.0
2019-02-08 04:00:00,39.883579688892475,0.0,0.0,0.0,0.0,penalty_1000,1000.0
2019-02-08 05:00:00,14.722611086041972,0.0,0.0,0.0,0.0,penalty_1000,1000.0
2019-02-08 06:00:00,15.982399494062626,0.0,0.0,0.0,0.0,penalty_1000,1000.0
2019-02-08 07:00:00,17.07225900917249,0.0,0.0,0.0,0.0,penalty_1000,1000.0
2019-02-08 08:00:00,20.564138496862626,0.0,0.0,0.0,0.0,penalty_1000,1000.0
2019-02-08 09:00:00,25.936584846241317,0.0,0.0,0.0,0.0,penalty_1000,1000.0
2019-02-08 10:00:00,24.84113407330712,0.0,0.0,0.0,0.0,penalty_1000,1000.0
2019-02-08 11:00:00,19.55351226064426,0.0,0.0,0.0,0.0,penalty_1000,1000.0
2019-02-08 12:00:00,19.595752910269184,0.0,0.0,0.0,0.0,penalty_1000,1000.0
2019-02-08 13:00:00,20.823499709428056,0.0,0.0,0.0,0.0,penalty_1000,1000.0
2019-02-08 14:00:00,17.65916729262951,0.0,0.0,0.0,0.0,penalty_1000,1000.0
2019-02-08 15:00:00,15.89241570818624,0.0,0.0,0.0,0.0,penalty_1000,1000.0
2019-02-08 16:00:00,15.661179097681234,0.0,0.0,0.0,0.0,penalty_1000,1000.0
2019-02-08 17:00:00,15.611374683883561,0.0,0.0,0.0,0.0,penalty_1000,1000.0
2019-02-08 18:00:00,18.12384363487049,0.0,0.0,0.0,0.0,penalty_1000,1000.0
2019-02-08 19:00:00,19.096994706338517,0.0,0.0,0.0,0.0,penalty_1000,1000.0
2019-02-08 20:00:00,22.466197714995406,0.0,0.0,0.0,0.0,penalty_1000,1000.0
2019-02-08 21:00:00,19.685104908152283,0.0,0.0,0.0,0.0,penalty_1000,1000.0
2019-02-08 22:00:00,32.977530477253566,0.0,0.0,0.0,0.0,penalty_1000,1000.0
2019-02-08 23:00:00,15.06518385732358,0.0,0.0,0.0,0.0,penalty_1000,1000.0
2019-02-09 00:00:00,13.619762916757585,0.0,0.0,0.0,0.0,penalty_1000,1000.0
2019-02-09 01:00:00,12.180948748263093,0.0,0.0,0.0,0.0,penalty_1000,1000.0
2019-02-09 02:00:00,12.221360392725055,0.0,0.0,0.0,0.0,penalty_1000,1000.0
2019-02-09 03:00:00,12.202157715805974,0.0,0.0,0.0,0.0,penalty_1000,1000.0
2019-02-09 04:00:00,12.073191770913878,0.0,0.0,0.0,0.0,penalty_1000,1000.0
2019-02-09 05:00:00,12.426015233959465,0.0,0.0,0.0,0.0,penalty_1000,1000.0
2019-02-09 06:00:00,13.984941261970821,0.0,0.0,0.0,0.0,penalty_1000,1000.0
2019-02-09 07:00:00,19.27597159164708,0.0,0.0,0.0,0.0,penalty_1000,1000.0
2019-02-09 08:00:00,20.13251825228071,0.0,0.0,0.0,0.0,penalty_1000,1000.0
2019-02-09 09:00:00,18.683825678818877,0.0,0.0,0.0,0.0,penalty_1000,1000.0
2019-02-09 10:00:00,15.508587636392166,0.0,0.0,0.0,0.0,penalty_1000,1000.0
2019-02-09 11:00:00,14.09703471240991,0.0,0.0,0.0,0.0,penalty_1000,1000.0
2019-02-09 12:00:00,11.91511056278048,0.0,0.0,0.0,0.0,penalty_1000,1000.0
2019-02-09 13:00:00,11.224363864977477,0.0,0.0,0.0,0.0,penalty_1000,1000.0
2019-02-09 14:00:00,-1.0504055063123419,107.013566,0.0,0.0,100.0,penalty_1000,1000.0
2019-02-09 15:00:00,11.250152520570648,0.0,0.0,0.0,0.0,penalty_1000,1000.0
2019-02-09 16:00:00,12.395587301458615,0.0,0.0,0.0,0.0,penalty_1000,1000.0
2019-02-09 17:00:00,12.250089176256317,0.0,0.0,0.0,0.0,penalty_1000,1000.0
2019-02-09 18:00:00,16.495468343698864,0.0,0.0,0.0,0.0,penalty_1000,1000.0
2019-02-09 19:00:00,16.724703737030644,0.0,0.0,0.0,0.0,penalty_1000,1000.0
2019-02-09 20:00:00,16.486878007464277,0.0,0.0,0.0,0.0,penalty_1000,1000.0
2019-02-09 21:00:00,15.165577178981962,0.0,0.0,0.0,0.0,penalty_1000,1000.0
2019-02-09 22:00:00,15.427624105095495,0.0,0.0,0.0,0.0,penalty_1000,1000.0
2019-02-09 23:00:00,13.18226724914627,0.0,0.0,0.0,0.0,penalty_1000,1000.0
2019-02-10 00:00:00,12.16766250388975,0.0,0.0,0.0,0.0,penalty_1000,1000.0
2019-02-10 01:00:00,10.822910758145674,0.0,0.0,0.0,0.0,penalty_1000,1000.0
2019-02-10 02:00:00,11.625383566038682,0.0,0.0,0.0,0.0,penalty_1000,1000.0
2019-02-10 03:00:00,11.976132311268582,0.0,0.0,0.0,0.0,penalty_1000,1000.0
2019-02-10 04:00:00,13.636436877935251,0.0,0.0,0.0,0.0,penalty_1000,1000.0
2019-02-10 05:00:00,13.180801570437094,0.0,0.0,0.0,0.0,penalty_1000,1000.0
2019-02-10 06:00:00,14.569358807158723,0.0,0.0,0.0,0.0,penalty_1000,1000.0
2019-02-10 07:00:00,16.151107108980778,0.0,0.0,0.0,0.0,penalty_1000,1000.0
2019-02-10 08:00:00,16.851089575523,0.0,0.0,0.0,0.0,penalty_1000,1000.0
2019-02-10 09:00:00,17.615560593266913,0.0,0.0,0.0,0.0,penalty_1000,1000.0
2019-02-10 10:00:00,14.52488825111985,0.0,0.0,0.0,0.0,penalty_1000,1000.0
2019-02-10 11:00:00,13.548428566109049,0.0,0.0,0.0,0.0,penalty_1000,1000.0
2019-02-10 12:00:00,13.42484202649134,0.0,0.0,0.0,0.0,penalty_1000,1000.0
2019-02-10 13:00:00,13.246296931315669,0.0,0.0,0.0,0.0,penalty_1000,1000.0
2019-02-10 14:00:00,12.829335084028132,0.0,0.0,0.0,0.0,penalty_1000,1000.0
2019-02-10 15:00:00,12.641280598470201,0.0,0.0,0.0,0.0,penalty_1000,1000.0
2019-02-10 16:00:00,13.18564889497587,0.0,0.0,0.0,0.0,penalty_1000,1000.0
2019-02-10 17:00:00,13.218100168874756,0.0,0.0,0.0,0.0,penalty_1000,1000.0
2019-02-10 18:00:00,15.468971752677744,0.0,0.0,0.0,0.0,penalty_1000,1000.0
2019-02-10 19:00:00,16.890179832844865,0.0,0.0,0.0,0.0,penalty_1000,1000.0
2019-02-10 20:00:00,15.02097243430115,0.0,0.0,0.0,0.0,penalty_1000,1000.0
2019-02-10 21:00:00,12.840523370285903,0.0,0.0,0.0,0.0,penalty_1000,1000.0
2019-02-10 22:00:00,12.788942762013376,0.0,0.0,0.0,0.0,penalty_1000,1000.0
2019-02-10 23:00:00,-6.882699232773927,222.883019,0.0,0.0,42.0,penalty_1000,1000.0
2019-02-11 00:00:00,-7.847374304049556,1195.529711,0.0,0.0,42.0,penalty_1000,1000.0
2019-02-11 01:00:00,-9.812047949970887,1391.883885,0.0,0.0,42.0,penalty_1000,1000.0
2019-02-11 02:00:00,-10.330788005173096,1500.039473,0.0,0.0,42.0,penalty_1000,1000.0
2019-02-11 03:00:00,-10.436101253013947,786.459557,0.0,0.0,42.0,penalty_1000,1000.0
2019-02-11 04:00:00,-8.11905933140708,109.253051,0.0,0.0,42.0,penalty_1000,1000.0
2019-02-11 05:00:00,7.864261330210921,0.0,0.0,0.0,0.0,penalty_1000,1000.0
2019-02-11 06:00:00,11.056886272719163,0.0,0.0,0.0,0.0,penalty_1000,1000.0
2019-02-11 07:00:00,12.562615104474013,0.0,0.0,0.0,0.0,penalty_1000,1000.0
2019-02-11 08:00:00,-2.7849849812973995,887.926734,0.0,0.0,0.0,penalty_1000,1000.0
2019-02-11 09:00:00,-3.135851688135692,1255.401565,0.0,0.0,0.0,penalty_1000,1000.0
2019-02-11 10:00:00,-3.332952607167954,399.229504,0.0,0.0,0.0,penalty_1000,1000.0
2019-02-11 11:00:00,-3.3420393115850824,1277.816391,0.0,0.0,42.0,penalty_1000,1000.0
2019-02-11 12:00:00,-3.454547186164573,1522.117206,0.0,0.0,42.0,penalty_1000,1000.0
2019-02-11 13:00:00,-2.379829457584209,0.0,0.0,0.0,0.0,penalty_1000,1000.0
2019-02-11 14:00:00,-7.435499096070532,1217.528461,0.0,0.0,387.3,penalty_1000,1000.0
2019-02-11 15:00:00,-5.626319154665053,1305.883603,0.0,0.0,80.568522,penalty_1000,1000.0
2019-02-11 16:00:00,-45.183785716741205,1364.634027,0.0,0.0,130.5,penalty_1000,1000.0
2019-02-11 17:00:00,-4.308295773865047,1470.926395,0.0,0.0,42.0,penalty_1000,1000.0
2019-02-11 18:00:00,-3.1979188185890868,1190.763758,0.0,0.0,30.276873,penalty_1000,1000.0
2019-02-11 19:00:00,-2.0892682851715727,767.582881,0.0,0.0,42.0,penalty_1000,1000.0
2019-02-11 20:00:00,-4.9800340165302535,1123.52176,0.0,0.0,42.0,penalty_1000,1000.0
2019-02-11 21:00:00,-7.858018947266283,1476.932812,0.0,0.0,42.0,penalty_1000,1000.0
2019-02-11 22:00:00,-9.597634936108484,1000.011503,0.0,0.0,42.0,penalty_1000,1000.0
2019-02-11 23:00:00,-9.734928929671943,460.772388,0.0,0.0,42.0,penalty_1000,1000.0
2019-02-12 00:00:00,-8.217874245399726,1549.483913,0.0,0.0,42.0,penalty_1000,1000.0
2019-02-12 01:00:00,-12.497858179880998,1445.931359,0.0,0.0,42.0,penalty_1000,1000.0
2019-02-12 02:00:00,-12.433156818114432,1468.080648,0.0,0.0,42.0,penalty_1000,1000.0
2019-02-12 03:00:00,-11.551632627218948,1320.714986,0.0,0.0,42.0,penalty_1000,1000.0
2019-02-12 04:00:00,-11.359630304470954,1097.964126,0.0,0.0,42.0,penalty_1000,1000.0
2019-02-12 05:00:00,-7.090513794239342,1116.350818,0.0,0.0,42.0,penalty_1000,1000.0
2019-02-12 06:00:00,-5.826372358461844,235.180283,0.0,0.0,42.0,penalty_1000,1000.0
2019-02-12 07:00:00,13.73316048982214,0.0,0.0,0.0,0.0,penalty_1000,1000.0
2019-02-12 08:00:00,13.928124494428053,0.0,0.0,0.0,0.0,penalty_1000,1000.0
2019-02-12 09:00:00,13.829119122279472,0.0,0.0,0.0,0.0,penalty_1000,1000.0
2019-02-12 10:00:00,12.19847210404642,0.0,0.0,0.0,0.0,penalty_1000,1000.0
2019-02-12 11:00:00,11.584025642300011,0.0,0.0,0.0,0.0,penalty_1000,1000.0
2019-02-12 12:00:00,11.331298766367757,0.0,0.0,0.0,0.0,penalty_1000,1000.0
2019-02-12 13:00:00,-26.867385181118394,52.379668,0.0,0.0,130.5,penalty_1000,1000.0
2019-02-12 14:00:00,-27.0725449775294,261.557935,0.0,0.0,88.5,penalty_1000,1000.0
2019-02-12 15:00:00,-27.15765308217402,161.664935,0.0,0.0,88.5,penalty_1000,1000.0
2019-02-12 16:00:00,3.619583761298064,0.0,0.0,0.0,0.0,penalty_1000,1000.0
2019-02-12 17:00:00,11.38755150611198,0.0,0.0,0.0,0.0,penalty_1000,1000.0
2019-02-12 18:00:00,12.722202674898439,0.0,0.0,0.0,0.0,penalty_1000,1000.0
2019-02-12 19:00:00,16.401003991710546,0.0,0.0,0.0,0.0,penalty_1000,1000.0
2019-02-12 20:00:00,17.44050519948163,0.0,0.0,0.0,0.0,penalty_1000,1000.0
2019-02-12 21:00:00,14.364178079342631,0.0,0.0,0.0,0.0,penalty_1000,1000.0
2019-02-12 22:00:00,11.567320389218617,0.0,0.0,0.0,0.0,penalty_1000,1000.0
2019-02-12 23:00:00,12.112643010563266,0.0,0.0,0.0,0.0,penalty_1000,1000.0
2019-02-13 00:00:00,11.38768685962373,0.0,0.0,0.0,0.0,penalty_1000,1000.0
2019-02-13 01:00:00,10.632150186593844,0.0,0.0,0.0,0.0,penalty_1000,1000.0
2019-02-13 02:00:00,10.545642841204927,0.0,0.0,0.0,0.0,penalty_1000,1000.0
2019-02-13 03:00:00,10.57598545316292,0.0,0.0,0.0,0.0,penalty_1000,1000.0
2019-02-13 04:00:00,10.589806906674323,0.0,0.0,0.0,0.0,penalty_1000,1000.0
2019-02-13 05:00:00,10.748248274457024,0.0,0.0,0.0,0.0,penalty_1000,1000.0
2019-02-13 06:00:00,11.683043985189604,0.0,0.0,0.0,0.0,penalty_1000,1000.0
2019-02-13 07:00:00,13.06675332901474,0.0,0.0,0.0,0.0,penalty_1000,1000.0
2019-02-13 08:00:00,0.9849947251515048,532.193851,0.0,0.0,42.0,penalty_1000,1000.0
2019-02-13 09:00:00,-2.5352417326578203,1376.311406,0.0,0.0,42.0,penalty_1000,1000.0
2019-02-13 10:00:00,-4.302050695273096,550.782359,0.0,0.0,42.0,penalty_1000,1000.0
2019-02-13 11:00:00,-7.295865086933089,1509.824032,0.0,0.0,262.3,penalty_1000,1000.0
2019-02-13 12:00:00,-13.32135075657601,1841.505351,0.0,0.0,417.8,penalty_1000,1000.0
2019-02-13 13:00:00,-67.7350874078477,1354.982313,0.0,0.0,267.449705,penalty_1000,1000.0
2019-02-13 14:00:00,-64.4289583458271,1916.834187,0.0,0.0,416.909734,penalty_1000,1000.0
2019-02-13 15:00:00,-52.94363971381176,1940.278742,0.0,0.0,417.8,penalty_1000,1000.0
2019-02-13 16:00:00,-51.32745178821533,654.235355,0.0,0.0,409.124829,penalty_1000,1000.0
2019-02-13 17:00:00,-7.9920451428236206,671.234107,0.0,0.0,212.052827,penalty_1000,1000.0
2019-02-13 18:00:00,-6.508073214639596,1237.827752,0.0,0.0,100.0,penalty_1000,1000.0
2019-02-13 19:00:00,-3.8217805738514032,940.598966,0.0,0.0,42.0,penalty_1000,1000.0
2019-02-13 20:00:00,-4.668165644484325,1145.32142,0.0,0.0,42.0,penalty_1000,1000.0
2019-02-13 21:00:00,-6.799718806297607,1589.220497,0.0,0.0,42.0,penalty_1000,1000.0
2019-02-13 22:00:00,-8.794717854745658,1647.10375,0.0,0.0,42.0,penalty_1000,1000.0
2019-02-13 23:00:00,-12.224019008600841,1670.171127,0.0,0.0,42.0,penalty_1000,1000.0
2019-02-14 00:00:00,-13.5520636782056,1684.679627,0.0,0.0,42.0,penalty_1000,1000.0
2019-02-14 01:00:00,-14.32002050518432,1597.059471,0.0,0.0,42.0,penalty_1000,1000.0
2019-02-14 02:00:00,-14.703038669881948,1638.590973,0.0,0.0,42.0,penalty_1000,1000.0
2019-02-14 03:00:00,-11.74610413644352,1605.351973,0.0,0.0,42.0,penalty_1000,1000.0
2019-02-14 04:00:00,-9.90366997555138,1519.857458,0.0,0.0,42.0,penalty_1000,1000.0
2019-02-14 05:00:00,-10.268228588322263,1593.84201,0.0,0.0,42.0,penalty_1000,1000.0
2019-02-14 06:00:00,-6.880418288137648,1611.493434,0.0,0.0,42.0,penalty_1000,1000.0
2019-02-14 07:00:00,-4.88981030106861,1507.531393,0.0,0.0,42.0,penalty_1000,1000.0
2019-02-14 08:00:00,-5.820648239636809,1385.95407,0.0,0.0,42.0,penalty_1000,1000.0
2019-02-14 09:00:00,-5.677867205878192,1431.440488,0.0,0.0,42.0,penalty_1000,1000.0
2019-02-14 10:00:00,-7.218019671977356,560.497509,0.0,0.0,100.0,penalty_1000,1000.0
2019-02-14 11:00:00,-9.607589115269013,1294.89612,0.0,0.0,417.8,penalty_1000,1000.0
2019-02-14 12:00:00,-48.73682699739909,1822.236547,0.0,0.0,255.5,penalty_1000,1000.0
2019-02-14 13:00:00,-65.14774423345023,1455.548479,0.0,0.0,255.5,penalty_1000,1000.0
2019-02-14 14:00:00,-65.49733789070238,2005.44701,0.0,0.0,255.5,penalty_1000,1000.0
2019-02-14 15:00:00,-50.47587981398965,1853.973696,0.0,0.0,255.5,penalty_1000,1000.0
2019-02-14 16:00:00,-50.185752028340424,915.663423,0.0,0.0,245.806236,penalty_1000,1000.0
2019-02-14 17:00:00,-9.515638302086137,381.492338,0.0,0.0,387.3,penalty_1000,1000.0
2019-02-14 18:00:00,9.306228313846484,0.0,0.0,0.0,0.0,penalty_1000,1000.0
2019-02-14 19:00:00,10.301433114258723,0.0,0.0,0.0,0.0,penalty_1000,1000.0
2019-02-14 20:00:00,9.927730723747661,0.0,0.0,0.0,0.0,penalty_1000,1000.0
2019-02-14 21:00:00,9.213186215164292,0.0,0.0,0.0,0.0,penalty_1000,1000.0
2019-02-14 22:00:00,8.101609214745494,0.0,0.0,0.0,0.0,penalty_1000,1000.0
2019-02-14 23:00:00,7.398530868821629,0.0,0.0,0.0,0.0,penalty_1000,1000.0
2019-02-15 00:00:00,9.830489761243417,0.0,0.0,0.0,0.0,penalty_1000,1000.0
2019-02-15 01:00:00,9.707210071722931,0.0,0.0,0.0,0.0,penalty_1000,1000.0
2019-02-15 02:00:00,10.021907391054974,0.0,0.0,0.0,0.0,penalty_1000,1000.0
2019-02-15 03:00:00,10.298565214457764,0.0,0.0,0.0,0.0,penalty_1000,1000.0
2019-02-15 04:00:00,10.76907087446528,0.0,0.0,0.0,0.0,penalty_1000,1000.0
2019-02-15 05:00:00,18.972703307017145,0.0,0.0,0.0,0.0,penalty_1000,1000.0
2019-02-15 06:00:00,11.989957295846875,0.0,0.0,0.0,0.0,penalty_1000,1000.0
2019-02-15 07:00:00,12.354035839630333,0.0,0.0,0.0,0.0,penalty_1000,1000.0
2019-02-15 08:00:00,13.45668684724233,0.0,0.0,0.0,0.0,penalty_1000,1000.0
2019-02-15 09:00:00,14.395385787936663,0.0,0.0,0.0,0.0,penalty_1000,1000.0
2019-02-15 10:00:00,13.475874265304519,0.0,0.0,0.0,0.0,penalty_1000,1000.0
2019-02-15 11:00:00,4.325421419717803,0.0,0.0,0.0,58.0,penalty_1000,1000.0
2019-02-15 12:00:00,-23.652528236048294,250.55879,0.0,0.0,88.5,penalty_1000,1000.0
2019-02-15 13:00:00,-26.1177220740657,783.958099,0.0,0.0,125.847842,penalty_1000,1000.0
2019-02-15 14:00:00,-29.041205322661952,835.427895,0.0,0.0,175.592504,penalty_1000,1000.0
2019-02-15 15:00:00,-32.39653242171162,731.93349,0.0,0.0,130.5,penalty_1000,1000.0
2019-02-15 16:00:00,-47.53830188499151,819.575081,0.0,0.0,231.590858,penalty_1000,1000.0
2019-02-15 17:00:00,10.747903982289927,0.0,0.0,0.0,0.0,penalty_1000,1000.0
2019-02-15 18:00:00,6.905761515227976,0.0,0.0,0.0,155.373318,penalty_1000,1000.0
2019-02-15 19:00:00,-2.0466372279939047,283.066173,0.0,0.0,42.0,penalty_1000,1000.0
2019-02-15 20:00:00,-2.4821609172316297,229.723767,0.0,0.0,42.0,penalty_1000,1000.0
2019-02-15 21:00:00,-4.763519105234151,289.566592,0.0,0.0,42.0,penalty_1000,1000.0
2019-02-15 22:00:00,-5.213688773311086,347.084814,0.0,0.0,0.394369,penalty_1000,1000.0
2019-02-15 23:00:00,-5.508401905967399,31.802947,0.0,0.0,42.0,penalty_1000,1000.0
2019-02-16 00:00:00,14.825467851680989,0.0,0.0,0.0,0.0,penalty_1000,1000.0
2019-02-16 01:00:00,11.923451621326567,0.0,0.0,0.0,0.0,penalty_1000,1000.0
2019-02-16 02:00:00,12.251553685388904,0.0,0.0,0.0,0.0,penalty_1000,1000.0
2019-02-16 03:00:00,12.293568555843025,0.0,0.0,0.0,0.0,penalty_1000,1000.0
2019-02-16 04:00:00,-3.361551929259675,77.599033,0.0,0.0,42.0,penalty_1000,1000.0
2019-02-16 05:00:00,12.659795811097462,0.0,0.0,0.0,0.0,penalty_1000,1000.0
2019-02-16 06:00:00,13.320264964592035,0.0,0.0,0.0,0.0,penalty_1000,1000.0
2019-02-16 07:00:00,14.698999214383273,0.0,0.0,0.0,0.0,penalty_1000,1000.0
2019-02-16 08:00:00,15.579373817815807,0.0,0.0,0.0,0.0,penalty_1000,1000.0
2019-02-16 09:00:00,35.392064213541246,0.0,0.0,0.0,0.0,penalty_1000,1000.0
2019-02-16 10:00:00,34.2667613567612,0.0,0.0,0.0,0.0,penalty_1000,1000.0
2019-02-16 11:00:00,16.32251384358369,0.0,0.0,0.0,0.0,penalty_1000,1000.0
2019-02-16 12:00:00,-17.12853804019438,311.032653,0.0,0.0,213.5,penalty_1000,1000.0
2019-02-16 13:00:00,-23.368367956832998,957.1194,0.0,0.0,88.5,penalty_1000,1000.0
2019-02-16 14:00:00,-26.792015918295238,1012.009698,0.0,0.0,88.5,penalty_1000,1000.0
2019-02-16 15:00:00,-40.89290714020871,931.082605,0.0,0.0,213.5,penalty_1000,1000.0
2019-02-16 16:00:00,1.2047857906100283,572.245773,0.0,0.0,328.876872,penalty_1000,1000.0
2019-02-16 17:00:00,19.089938329033405,0.0,0.0,0.0,177.888834,penalty_1000,1000.0
2019-02-16 18:00:00,12.804204573043846,0.0,0.0,0.0,0.0,penalty_1000,1000.0
2019-02-16 19:00:00,14.942103795155084,0.0,0.0,0.0,0.0,penalty_1000,1000.0
2019-02-16 20:00:00,17.022567179987103,0.0,0.0,0.0,0.0,penalty_1000,1000.0
2019-02-16 21:00:00,13.205088744824174,0.0,0.0,0.0,0.0,penalty_1000,1000.0
2019-02-16 22:00:00,979.5140435608843,0.0,0.0,0.0,0.0,penalty_1000,1000.0
2019-02-16 23:00:00,13.75123878634749,0.0,0.0,0.0,0.0,penalty_1000,1000.0
2019-02-17 00:00:00,12.132726194394179,0.0,0.0,0.0,0.0,penalty_1000,1000.0
2019-02-17 01:00:00,8.50537765300693,0.0,0.0,0.0,0.0,penalty_1000,1000.0
2019-02-17 02:00:00,11.696054686192298,0.0,0.0,0.0,0.0,penalty_1000,1000.0
2019-02-17 03:00:00,11.011942771398468,0.0,0.0,0.0,0.0,penalty_1000,1000.0
2019-02-17 04:00:00,11.054176174140895,0.0,0.0,0.0,0.0,penalty_1000,1000.0
2019-02-17 05:00:00,10.856451270744504,0.0,0.0,0.0,0.0,penalty_1000,1000.0
2019-02-17 06:00:00,9.95949404934029,0.0,0.0,0.0,0.0,penalty_1000,1000.0
2019-02-17 07:00:00,10.969250385493133,0.0,0.0,0.0,0.0,penalty_1000,1000.0
2019-02-17 08:00:00,13.033336455430979,0.0,0.0,0.0,0.0,penalty_1000,1000.0
2019-02-17 09:00:00,11.615500304602337,0.0,0.0,0.0,0.0,penalty_1000,1000.0
2019-02-17 10:00:00,11.180876315159914,0.0,0.0,0.0,0.0,penalty_1000,1000.0
2019-02-17 11:00:00,9.689560538804662,0.0,0.0,0.0,58.0,penalty_1000,1000.0
2019-02-17 12:00:00,-6.791739519034038,1169.659291,0.0,0.0,292.8,penalty_1000,1000.0
2019-02-17 13:00:00,-61.617299193774144,854.035609,0.0,0.0,417.8,penalty_1000,1000.0
2019-02-17 14:00:00,-54.050991083060595,1421.16001,0.0,0.0,417.8,penalty_1000,1000.0
2019-02-17 15:00:00,-50.44496663012964,825.595943,0.0,0.0,130.5,penalty_1000,1000.0
2019-02-17 16:00:00,-32.298577093844685,0.0,0.0,0.0,88.5,penalty_1000,1000.0
2019-02-17 17:00:00,8.153378879157442,0.0,0.0,0.0,0.0,penalty_1000,1000.0
2019-02-17 18:00:00,9.69556686596196,0.0,0.0,0.0,0.0,penalty_1000,1000.0
2019-02-17 19:00:00,9.964857916679236,0.0,0.0,0.0,0.0,penalty_1000,1000.0
2019-02-17 20:00:00,10.03546771726792,0.0,0.0,0.0,0.0,penalty_1000,1000.0
2019-02-17 21:00:00,10.244646020947634,0.0,0.0,0.0,0.0,penalty_1000,1000.0
2019-02-17 22:00:00,10.456763553872303,0.0,0.0,0.0,0.0,penalty_1000,1000.0
2019-02-17 23:00:00,10.230026738369178,0.0,0.0,0.0,0.0,penalty_1000,1000.0
2019-02-18 00:00:00,8.651558134015627,0.0,0.0,0.0,58.0,penalty_1000,1000.0
2019-02-18 01:00:00,-10.520611333622636,226.18223,0.0,0.0,235.917075,penalty_1000,1000.0
2019-02-18 02:00:00,-10.82512661751722,284.537867,0.0,0.0,47.829283,penalty_1000,1000.0
2019-02-18 03:00:00,-10.217835756140294,243.36312,0.0,0.0,42.0,penalty_1000,1000.0
2019-02-18 04:00:00,-5.676253791988905,161.576803,0.0,0.0,42.0,penalty_1000,1000.0
2019-02-18 05:00:00,-2.914318263972466,383.838081,0.0,0.0,42.0,penalty_1000,1000.0
2019-02-18 06:00:00,-0.01038996080997879,645.760064,0.0,0.0,0.0,penalty_1000,1000.0
2019-02-18 07:00:00,-0.34285881205143576,825.647654,0.0,0.0,0.0,penalty_1000,1000.0
2019-02-18 08:00:00,8.792633983116092,1296.395892,0.0,0.0,0.0,penalty_1000,1000.0
2019-02-18 09:00:00,9.631075834328676,1380.479302,0.0,0.0,0.0,penalty_1000,1000.0
2019-02-18 10:00:00,-3.9304562753518,524.458473,0.0,0.0,345.3,penalty_1000,1000.0
2019-02-18 11:00:00,-6.798528173892508,1483.049186,0.0,0.0,417.8,penalty_1000,1000.0
2019-02-18 12:00:00,-42.22313582544462,2266.136153,0.0,0.0,142.36235,penalty_1000,1000.0
2019-02-18 13:00:00,-58.50260152057833,1828.435279,0.0,0.0,255.5,penalty_1000,1000.0
2019-02-18 14:00:00,-60.52865301585816,2529.977538,0.0,0.0,255.5,penalty_1000,1000.0
2019-02-18 15:00:00,-46.354825023765486,2436.207542,0.0,0.0,255.5,penalty_1000,1000.0
2019-02-18 16:00:00,-45.63501005054101,1472.448248,0.0,0.0,255.5,penalty_1000,1000.0
2019-02-18 17:00:00,-6.063171977020399,1513.21127,0.0,0.0,145.574449,penalty_1000,1000.0
2019-02-18 18:00:00,-4.689085288444835,1206.45435,0.0,0.0,84.365741,penalty_1000,1000.0
2019-02-18 19:00:00,-2.220909551041332,909.263498,0.0,0.0,0.0,penalty_1000,1000.0
2019-02-18 20:00:00,-2.356757436490451,1064.964416,0.0,0.0,42.0,penalty_1000,1000.0
2019-02-18 21:00:00,-4.837710457308631,1478.713118,0.0,0.0,42.0,penalty_1000,1000.0
2019-02-18 22:00:00,-5.5794708036991025,1287.998014,0.0,0.0,42.0,penalty_1000,1000.0
2019-02-18 23:00:00,-6.032946449982565,1069.682886,0.0,0.0,42.0,penalty_1000,1000.0
2019-02-19 00:00:00,-6.737085138148252,759.230434,0.0,0.0,42.0,penalty_1000,1000.0
2019-02-19 01:00:00,-6.429938006638484,411.340786,0.0,0.0,42.0,penalty_1000,1000.0
2019-02-19 02:00:00,-6.125495326041755,457.954255,0.0,0.0,42.0,penalty_1000,1000.0
2019-02-19 03:00:00,-6.299001258116432,460.340228,0.0,0.0,42.0,penalty_1000,1000.0
2019-02-19 04:00:00,-4.720157211809032,427.20086,0.0,0.0,42.0,penalty_1000,1000.0
2019-02-19 05:00:00,-3.8928989122086524,374.20018,0.0,0.0,42.0,penalty_1000,1000.0
2019-02-19 06:00:00,0.33846636011701303,331.166761,0.0,0.0,42.0,penalty_1000,1000.0
2019-02-19 07:00:00,2.034392361778691,320.660634,0.0,0.0,0.0,penalty_1000,1000.0
2019-02-19 08:00:00,12.906537505845229,0.0,0.0,0.0,0.0,penalty_1000,1000.0
2019-02-19 09:00:00,53.4482570652877,0.0,0.0,0.0,58.0,penalty_1000,1000.0
2019-02-19 10:00:00,17.059463139666793,0.0,0.0,0.0,0.0,penalty_1000,1000.0
2019-02-19 11:00:00,15.350548671755334,0.0,0.0,0.0,0.0,penalty_1000,1000.0
2019-02-19 12:00:00,984.219784732599,0.0,0.0,0.0,0.0,penalty_1000,1000.0
2019-02-19 13:00:00,-18.950740828504745,362.336003,0.0,0.0,345.3,penalty_1000,1000.0
2019-02-19 14:00:00,-18.685550243756815,110.767804,0.0,0.0,345.3,penalty_1000,1000.0
2019-02-19 15:00:00,19.9872020465315,0.0,0.0,0.0,0.0,penalty_1000,1000.0
2019-02-19 16:00:00,13.157895348871271,0.0,0.0,0.0,0.0,penalty_1000,1000.0
2019-02-19 17:00:00,14.074441812824892,0.0,0.0,0.0,0.0,penalty_1000,1000.0
2019-02-19 18:00:00,17.527310970532344,0.0,0.0,0.0,0.0,penalty_1000,1000.0
2019-02-19 19:00:00,17.63032690967079,0.0,0.0,0.0,0.0,penalty_1000,1000.0
2019-02-19 20:00:00,20.57949742943549,0.0,0.0,0.0,0.0,penalty_1000,1000.0
2019-02-19 21:00:00,16.556265287898096,0.0,0.0,0.0,0.0,penalty_1000,1000.0
2019-02-19 22:00:00,13.91176584096667,0.0,0.0,0.0,0.0,penalty_1000,1000.0
2019-02-19 23:00:00,14.187564554165641,0.0,0.0,0.0,0.0,penalty_1000,1000.0
2019-02-20 00:00:00,12.70537748448674,0.0,0.0,0.0,0.0,penalty_1000,1000.0
2019-02-20 01:00:00,16.238820840601925,0.0,0.0,0.0,0.0,penalty_1000,1000.0
2019-02-20 02:00:00,15.730300933285987,0.0,0.0,0.0,0.0,penalty_1000,1000.0
2019-02-20 03:00:00,14.163600269937698,0.0,0.0,0.0,0.0,penalty_1000,1000.0
2019-02-20 04:00:00,12.765818578689938,0.0,0.0,0.0,0.0,penalty_1000,1000.0
2019-02-20 05:00:00,13.4318060885962,0.0,0.0,0.0,0.0,penalty_1000,1000.0
2019-02-20 06:00:00,15.588832244070773,0.0,0.0,0.0,0.0,penalty_1000,1000.0
2019-02-20 07:00:00,14.967889376374709,0.0,0.0,0.0,0.0,penalty_1000,1000.0
2019-02-20 08:00:00,12.554500652117904,0.0,0.0,0.0,0.0,penalty_1000,1000.0
2019-02-20 09:00:00,1.3358656562782336,701.097131,0.0,0.0,42.0,penalty_1000,1000.0
2019-02-20 10:00:00,-2.9797757650137235,380.710157,0.0,0.0,42.0,penalty_1000,1000.0
2019-02-20 11:00:00,-3.462488403994361,1033.364292,0.0,0.0,168.322217,penalty_1000,1000.0
2019-02-20 12:00:00,-46.385640475563854,1269.230635,0.0,0.0,130.5,penalty_1000,1000.0
2019-02-20 13:00:00,-30.69427317707888,931.237327,0.0,0.0,255.5,penalty_1000,1000.0
2019-02-20 14:00:00,-48.444599819324885,1101.649669,0.0,0.0,255.5,penalty_1000,1000.0
2019-02-20 15:00:00,-38.41022798696243,905.634066,0.0,0.0,130.5,penalty_1000,1000.0
2019-02-20 16:00:00,-30.509160950042865,447.243774,0.0,0.0,130.5,penalty_1000,1000.0
2019-02-20 17:00:00,-0.2560210693353779,0.0,0.0,0.0,0.0,penalty_1000,1000.0
2019-02-20 18:00:00,11.572704787883938,0.0,0.0,0.0,0.0,penalty_1000,1000.0
2019-02-20 19:00:00,13.637641590236852,0.0,0.0,0.0,0.0,penalty_1000,1000.0
2019-02-20 20:00:00,12.977269453812031,0.0,0.0,0.0,0.0,penalty_1000,1000.0
2019-02-20 21:00:00,12.881860772724306,0.0,0.0,0.0,0.0,penalty_1000,1000.0
2019-02-20 22:00:00,9.776170117470107,0.0,0.0,0.0,0.0,penalty_1000,1000.0
2019-02-20 23:00:00,9.085541755005126,0.0,0.0,0.0,0.0,penalty_1000,1000.0
2019-02-21 00:00:00,10.606340687903128,0.0,0.0,0.0,0.0,penalty_1000,1000.0
2019-02-21 01:00:00,10.683967604591519,0.0,0.0,0.0,0.0,penalty_1000,1000.0
2019-02-21 02:00:00,10.72422060835201,0.0,0.0,0.0,0.0,penalty_1000,1000.0
2019-02-21 03:00:00,10.748896735607575,0.0,0.0,0.0,0.0,penalty_1000,1000.0
2019-02-21 04:00:00,11.385941212077865,0.0,0.0,0.0,0.0,penalty_1000,1000.0
2019-02-21 05:00:00,12.931786129714245,0.0,0.0,0.0,0.0,penalty_1000,1000.0
2019-02-21 06:00:00,16.232446167825167,0.0,0.0,0.0,0.0,penalty_1000,1000.0
2019-02-21 07:00:00,16.943449230569566,0.0,0.0,0.0,0.0,penalty_1000,1000.0
2019-02-21 08:00:00,12.991269481536214,0.0,0.0,0.0,0.0,penalty_1000,1000.0
2019-02-21 09:00:00,12.379453353819986,0.0,0.0,0.0,0.0,penalty_1000,1000.0
2019-02-21 10:00:00,11.540487439273756,0.0,0.0,0.0,0.0,penalty_1000,1000.0
2019-02-21 11:00:00,-4.420316068341126,1322.851187,0.0,0.0,220.3,penalty_1000,1000.0
2019-02-21 12:00:00,-41.370536059327904,1721.274467,0.0,0.0,88.5,penalty_1000,1000.0
2019-02-21 13:00:00,-55.93267510710657,1848.141069,0.0,0.0,213.5,penalty_1000,1000.0
2019-02-21 14:00:00,-59.261425489520704,2418.95859,0.0,0.0,255.5,penalty_1000,1000.0
2019-02-21 15:00:00,-47.017255039426345,2212.63395,0.0,0.0,417.8,penalty_1000,1000.0
2019-02-21 16:00:00,-45.42195453713133,1206.160515,0.0,0.0,309.680735,penalty_1000,1000.0
2019-02-21 17:00:00,-4.9053379205951995,1549.382109,0.0,0.0,0.0,penalty_1000,1000.0
2019-02-21 18:00:00,-3.1067388134892227,1259.287661,0.0,0.0,31.47525,penalty_1000,1000.0
2019-02-21 19:00:00,-0.9443571852568079,926.799857,0.0,0.0,0.0,penalty_1000,1000.0
2019-02-21 20:00:00,-2.003657034430825,1082.53142,0.0,0.0,0.0,penalty_1000,1000.0
2019-02-21 21:00:00,-4.729919601608543,768.518473,0.0,0.0,12.492373,penalty_1000,1000.0
2019-02-21 22:00:00,10.387692980582768,0.0,0.0,0.0,0.0,penalty_1000,1000.0
2019-02-21 23:00:00,10.763430061193977,0.0,0.0,0.0,0.0,penalty_1000,1000.0
2019-02-22 00:00:00,-3.5943568035490423,0.0,0.0,0.0,0.0,penalty_1000,1000.0
2019-02-22 01:00:00,-5.666369004024627,0.0,0.0,0.0,1.545421,penalty_1000,1000.0
2019-02-22 02:00:00,9.828107534003143,0.0,0.0,0.0,0.0,penalty_1000,1000.0
2019-02-22 03:00:00,9.87380822571269,0.0,0.0,0.0,0.0,penalty_1000,1000.0
2019-02-22 04:00:00,-7.34159459698688,28.052929,0.0,0.0,42.0,penalty_1000,1000.0
2019-02-22 05:00:00,11.351436000000003,0.0,0.0,0.0,0.0,penalty_1000,1000.0
2019-02-22 06:00:00,13.601640183715666,0.0,0.0,0.0,0.0,penalty_1000,1000.0
2019-02-22 07:00:00,14.53242511897931,0.0,0.0,0.0,0.0,penalty_1000,1000.0
2019-02-22 08:00:00,15.451411255879611,0.0,0.0,0.0,0.0,penalty_1000,1000.0
2019-02-22 09:00:00,14.40366097731889,0.0,0.0,0.0,0.0,penalty_1000,1000.0
2019-02-22 10:00:00,13.354969785465043,0.0,0.0,0.0,0.0,penalty_1000,1000.0
2019-02-22 11:00:00,12.03817899449223,0.0,0.0,0.0,0.0,penalty_1000,1000.0
2019-02-22 12:00:00,11.955375184168865,0.0,0.0,0.0,0.0,penalty_1000,1000.0
2019-02-22 13:00:00,-24.845362920702446,200.196988,0.0,0.0,88.5,penalty_1000,1000.0
2019-02-22 14:00:00,-23.20516290460527,401.479453,0.0,0.0,88.5,penalty_1000,1000.0
2019-02-22 15:00:00,-26.206983355361956,366.342148,0.0,0.0,130.5,penalty_1000,1000.0
2019-02-22 16:00:00,-38.41445305897204,187.44069,0.0,0.0,130.5,penalty_1000,1000.0
2019-02-22 17:00:00,-2.0400101907307255,580.873943,0.0,0.0,32.977849,penalty_1000,1000.0
2019-02-22 18:00:00,-1.8015016926544616,551.768707,0.0,0.0,0.0,penalty_1000,1000.0
2019-02-22 19:00:00,-0.3701698328883499,517.866676,0.0,0.0,0.928599,penalty_1000,1000.0
2019-02-22 20:00:00,13.548702911597152,0.0,0.0,0.0,0.0,penalty_1000,1000.0
2019-02-22 21:00:00,12.548559171726684,0.0,0.0,0.0,0.0,penalty_1000,1000.0
2019-02-22 22:00:00,11.737411438574606,0.0,0.0,0.0,0.0,penalty_1000,1000.0
2019-02-22 23:00:00,11.759129406839909,0.0,0.0,0.0,0.0,penalty_1000,1000.0
2019-02-23 00:00:00,-4.976627912165369,313.814854,0.0,0.0,42.0,penalty_1000,1000.0
2019-02-23 01:00:00,-11.90993524333939,1014.640115,0.0,0.0,78.432737,penalty_1000,1000.0
2019-02-23 02:00:00,-12.552098555654583,660.384001,0.0,0.0,100.0,penalty_1000,1000.0
2019-02-23 03:00:00,-12.367138853987324,982.032399,0.0,0.0,42.0,penalty_1000,1000.0
2019-02-23 04:00:00,-11.532062250457294,1333.359011,0.0,0.0,42.0,penalty_1000,1000.0
2019-02-23 05:00:00,-10.599437145257786,1487.590399,0.0,0.0,42.0,penalty_1000,1000.0
2019-02-23 06:00:00,-11.13333438932256,1124.477863,0.0,0.0,42.0,penalty_1000,1000.0
2019-02-23 07:00:00,-4.7038379686093466,287.248233,0.0,0.0,42.0,penalty_1000,1000.0
2019-02-23 08:00:00,-4.1900878429195405,403.517243,0.0,0.0,42.0,penalty_1000,1000.0
2019-02-23 09:00:00,-3.4838552268993217,470.680992,0.0,0.0,42.0,penalty_1000,1000.0
2019-02-23 10:00:00,39.80003103665182,27.565449,0.0,0.0,80.0,penalty_1000,1000.0
2019-02-23 11:00:00,14.262681324299983,0.0,0.0,0.0,0.0,penalty_1000,1000.0
2019-02-23 12:00:00,-13.978920376560174,30.685566,0.0,0.0,0.0,penalty_1000,1000.0
2019-02-23 13:00:00,-35.44478376839181,133.275566,0.0,0.0,417.8,penalty_1000,1000.0
2019-02-23 14:00:00,-34.93684716747126,355.51598,0.0,0.0,417.8,penalty_1000,1000.0
2019-02-23 15:00:00,-35.119706781292805,493.615675,0.0,0.0,233.784979,penalty_1000,1000.0
2019-02-23 16:00:00,-35.57992832584246,810.279361,0.0,0.0,417.8,penalty_1000,1000.0
2019-02-23 17:00:00,-34.53245866570768,76.016508,0.0,0.0,88.5,penalty_1000,1000.0
2019-02-23 18:00:00,-36.23387430524624,784.35646,0.0,0.0,417.8,penalty_1000,1000.0
2019-02-23 19:00:00,-7.424932113052762,419.643774,0.0,0.0,42.0,penalty_1000,1000.0
2019-02-23 20:00:00,-8.894453302564116,1075.208727,0.0,0.0,42.0,penalty_1000,1000.0
2019-02-23 21:00:00,-10.875596806245763,1347.218328,0.0,0.0,42.0,penalty_1000,1000.0
2019-02-23 22:00:00,9.51326788824521,0.0,0.0,0.0,0.0,penalty_1000,1000.0
2019-02-23 23:00:00,10.535257385462865,0.0,0.0,0.0,0.0,penalty_1000,1000.0
2019-02-24 00:00:00,12.831863058754141,0.0,0.0,0.0,0.0,penalty_1000,1000.0
2019-02-24 01:00:00,11.681517097738089,0.0,0.0,0.0,0.0,penalty_1000,1000.0
2019-02-24 02:00:00,13.337005963575315,0.0,0.0,0.0,0.0,penalty_1000,1000.0
2019-02-24 03:00:00,12.295291938955847,0.0,0.0,0.0,0.0,penalty_1000,1000.0
2019-02-24 04:00:00,13.033584346413749,0.0,0.0,0.0,0.0,penalty_1000,1000.0
2019-02-24 05:00:00,12.524176069062884,0.0,0.0,0.0,0.0,penalty_1000,1000.0
2019-02-24 06:00:00,13.14965226695759,0.0,0.0,0.0,0.0,penalty_1000,1000.0
2019-02-24 07:00:00,13.253456519723605,0.0,0.0,0.0,0.0,penalty_1000,1000.0
2019-02-24 08:00:00,15.92548781497149,0.0,0.0,0.0,0.0,penalty_1000,1000.0
2019-02-24 09:00:00,14.05925950381198,0.0,0.0,0.0,0.0,penalty_1000,1000.0
2019-02-24 10:00:00,11.570777859037694,0.0,0.0,0.0,0.0,penalty_1000,1000.0
2019-02-24 11:00:00,13.413693134543417,0.0,0.0,0.0,0.0,penalty_1000,1000.0
2019-02-24 12:00:00,-31.948416322981533,102.749083,0.0,0.0,88.5,penalty_1000,1000.0
2019-02-24 13:00:00,-36.30181063155228,886.283662,0.0,0.0,255.5,penalty_1000,1000.0
2019-02-24 14:00:00,-33.79013008142985,1130.375563,0.0,0.0,255.5,penalty_1000,1000.0
2019-02-24 15:00:00,-40.249480848416006,1187.929178,0.0,0.0,386.517542,penalty_1000,1000.0
2019-02-24 16:00:00,-72.45710681907892,924.550399,0.0,0.0,417.8,penalty_1000,1000.0
2019-02-24 17:00:00,-51.78711448023548,322.681263,0.0,0.0,255.5,penalty_1000,1000.0
2019-02-24 18:00:00,21.685478693654108,0.0,0.0,0.0,220.3,penalty_1000,1000.0
2019-02-24 19:00:00,11.408828243774893,0.0,0.0,0.0,0.0,penalty_1000,1000.0
2019-02-24 20:00:00,11.945089335992689,0.0,0.0,0.0,0.0,penalty_1000,1000.0
2019-02-24 21:00:00,12.310528785991517,0.0,0.0,0.0,0.0,penalty_1000,1000.0
2019-02-24 22:00:00,11.173670786439166,0.0,0.0,0.0,0.0,penalty_1000,1000.0
2019-02-24 23:00:00,11.410672043975154,0.0,0.0,0.0,0.0,penalty_1000,1000.0
2019-02-25 00:00:00,10.4907589933226,0.0,0.0,0.0,0.0,penalty_1000,1000.0
2019-02-25 01:00:00,10.285423346490088,0.0,0.0,0.0,0.0,penalty_1000,1000.0
2019-02-25 02:00:00,10.504435875972659,0.0,0.0,0.0,0.0,penalty_1000,1000.0
2019-02-25 03:00:00,10.32639642927366,0.0,0.0,0.0,0.0,penalty_1000,1000.0
2019-02-25 04:00:00,10.460169297377242,0.0,0.0,0.0,0.0,penalty_1000,1000.0
2019-02-25 05:00:00,10.986294264478126,0.0,0.0,0.0,0.0,penalty_1000,1000.0
2019-02-25 06:00:00,11.278032758690381,0.0,0.0,0.0,0.0,penalty_1000,1000.0
2019-02-25 07:00:00,12.041073706999,0.0,0.0,0.0,0.0,penalty_1000,1000.0
2019-02-25 08:00:00,10.91973725331734,0.0,0.0,0.0,0.0,penalty_1000,1000.0
2019-02-25 09:00:00,10.806780719916658,0.0,0.0,0.0,0.0,penalty_1000,1000.0
2019-02-25 10:00:00,9.844243637988257,0.0,0.0,0.0,0.0,penalty_1000,1000.0
2019-02-25 11:00:00,-8.117704440108598,1070.108699,0.0,0.0,262.3,penalty_1000,1000.0
2019-02-25 12:00:00,-50.087724303500735,1942.33253,0.0,0.0,255.5,penalty_1000,1000.0
2019-02-25 13:00:00,-66.47095530238701,1949.87958,0.0,0.0,255.5,penalty_1000,1000.0
2019-02-25 14:00:00,-66.99307706209004,2792.165607,0.0,0.0,255.5,penalty_1000,1000.0
2019-02-25 15:00:00,-68.93570598939876,2833.670111,0.0,0.0,352.811211,penalty_1000,1000.0
2019-02-25 16:00:00,-52.57494567558576,1932.850834,0.0,0.0,308.542884,penalty_1000,1000.0
2019-02-25 17:00:00,-50.56747342895916,1733.939895,0.0,0.0,255.5,penalty_1000,1000.0
2019-02-25 18:00:00,-8.225009532970125,1362.941691,0.0,0.0,262.28971,penalty_1000,1000.0
2019-02-25 19:00:00,-5.734259566798498,990.456161,0.0,0.0,42.0,penalty_1000,1000.0
2019-02-25 20:00:00,-5.480270940327191,713.133891,0.0,0.0,42.0,penalty_1000,1000.0
2019-02-25 21:00:00,-7.650973802536516,741.905224,0.0,0.0,42.0,penalty_1000,1000.0
2019-02-25 22:00:00,-7.919706584879539,406.200965,0.0,0.0,42.0,penalty_1000,1000.0
2019-02-25 23:00:00,-10.785344024675972,217.418229,0.0,0.0,42.0,penalty_1000,1000.0
2019-02-26 00:00:00,-8.230622687619533,73.521119,0.0,0.0,42.0,penalty_1000,1000.0
2019-02-26 01:00:00,3.6033450137396046,0.0,0.0,0.0,0.0,penalty_1000,1000.0
2019-02-26 02:00:00,9.913720032487696,0.0,0.0,0.0,0.0,penalty_1000,1000.0
2019-02-26 03:00:00,9.621296627399097,0.0,0.0,0.0,0.0,penalty_1000,1000.0
2019-02-26 04:00:00,9.784404581613146,0.0,0.0,0.0,0.0,penalty_1000,1000.0
2019-02-26 05:00:00,10.616053627558152,0.0,0.0,0.0,0.0,penalty_1000,1000.0
2019-02-26 06:00:00,11.284945243707424,0.0,0.0,0.0,0.0,penalty_1000,1000.0
2019-02-26 07:00:00,13.066173594966338,0.0,0.0,0.0,0.0,penalty_1000,1000.0
2019-02-26 08:00:00,12.763570108279557,0.0,0.0,0.0,0.0,penalty_1000,1000.0
2019-02-26 09:00:00,12.07875295564716,0.0,0.0,0.0,0.0,penalty_1000,1000.0
2019-02-26 10:00:00,11.905632115738655,0.0,0.0,0.0,0.0,penalty_1000,1000.0
2019-02-26 11:00:00,-4.513341968354507,591.37774,0.0,0.0,42.0,penalty_1000,1000.0
2019-02-26 12:00:00,1.4550607896374783,1316.055825,0.0,0.0,42.0,penalty_1000,1000.0
2019-02-26 13:00:00,-45.50067292336984,795.92369,0.0,0.0,130.5,penalty_1000,1000.0
2019-02-26 14:00:00,-45.9751438861472,1489.151869,0.0,0.0,130.5,penalty_1000,1000.0
2019-02-26 15:00:00,-43.72829776198012,1445.249711,0.0,0.0,130.5,penalty_1000,1000.0
2019-02-26 16:00:00,-4.872325997586776,757.981984,0.0,0.0,42.0,penalty_1000,1000.0
2019-02-26 17:00:00,-3.346914013887922,967.870214,0.0,0.0,42.0,penalty_1000,1000.0
2019-02-26 18:00:00,-3.1837194239209476,378.027816,0.0,0.0,42.0,penalty_1000,1000.0
2019-02-26 19:00:00,11.998836617995325,0.0,0.0,0.0,0.0,penalty_1000,1000.0
2019-02-26 20:00:00,12.288703751724805,0.0,0.0,0.0,0.0,penalty_1000,1000.0
2019-02-26 21:00:00,10.706499651468878,0.0,0.0,0.0,0.0,penalty_1000,1000.0
2019-02-26 22:00:00,9.433194490017561,0.0,0.0,0.0,0.0,penalty_1000,1000.0
2019-02-26 23:00:00,10.438793398873786,0.0,0.0,0.0,0.0,penalty_1000,1000.0
2019-02-27 00:00:00,9.92946424318094,0.0,0.0,0.0,0.0,penalty_1000,1000.0
2019-02-27 01:00:00,4.368886200825583,0.0,0.0,0.0,0.0,penalty_1000,1000.0
2019-02-27 02:00:00,9.996610727407099,0.0,0.0,0.0,0.0,penalty_1000,1000.0
2019-02-27 03:00:00,9.93711971503257,0.0,0.0,0.0,0.0,penalty_1000,1000.0
2019-02-27 04:00:00,10.336605458721026,0.0,0.0,0.0,0.0,penalty_1000,1000.0
2019-02-27 05:00:00,9.82495359252389,0.0,0.0,0.0,0.0,penalty_1000,1000.0
2019-02-27 06:00:00,12.231712502587909,0.0,0.0,0.0,0.0,penalty_1000,1000.0
2019-02-27 07:00:00,13.926540406301765,0.0,0.0,0.0,0.0,penalty_1000,1000.0
2019-02-27 08:00:00,14.722066980665371,0.0,0.0,0.0,0.0,penalty_1000,1000.0
2019-02-27 09:00:00,14.640701547618796,0.0,0.0,0.0,0.0,penalty_1000,1000.0
2019-02-27 10:00:00,13.584938211765191,0.0,0.0,0.0,0.0,penalty_1000,1000.0
2019-02-27 11:00:00,11.72902608733663,0.0,0.0,0.0,0.0,penalty_1000,1000.0
2019-02-27 12:00:00,-24.318314041415718,56.755706,0.0,0.0,345.3,penalty_1000,1000.0
2019-02-27 13:00:00,11.605819840366578,0.0,0.0,0.0,0.0,penalty_1000,1000.0
2019-02-27 14:00:00,-6.61015982459935,0.0,0.0,0.0,0.0,penalty_1000,1000.0
2019-02-27 15:00:00,-9.171626907663088,0.0,0.0,0.0,0.0,penalty_1000,1000.0
2019-02-27 16:00:00,11.774759457194675,0.0,0.0,0.0,0.0,penalty_1000,1000.0
2019-02-27 17:00:00,12.30824357156966,0.0,0.0,0.0,0.0,penalty_1000,1000.0
2019-02-27 18:00:00,13.192045826453727,0.0,0.0,0.0,0.0,penalty_1000,1000.0
2019-02-27 19:00:00,14.135441199107094,0.0,0.0,0.0,0.0,penalty_1000,1000.0
2019-02-27 20:00:00,51.77547871692019,128.792763,0.0,0.0,58.0,penalty_1000,1000.0
2019-02-27 21:00:00,11.429142738122124,282.596242,0.0,0.0,0.0,penalty_1000,1000.0
2019-02-27 22:00:00,-2.619948992444069,704.755235,0.0,0.0,0.0,penalty_1000,1000.0
2019-02-27 23:00:00,-5.371007629940139,690.544976,0.0,0.0,0.0,penalty_1000,1000.0
2019-02-28 00:00:00,-2.971208878734172,708.361659,0.0,0.0,0.0,penalty_1000,1000.0
2019-02-28 01:00:00,-7.512258738447564,695.929512,0.0,0.0,42.0,penalty_1000,1000.0
2019-02-28 02:00:00,-7.2280685180789535,582.685086,0.0,0.0,42.0,penalty_1000,1000.0
2019-02-28 03:00:00,-6.93575655090811,456.920543,0.0,0.0,42.0,penalty_1000,1000.0
2019-02-28 04:00:00,-6.148416937768451,336.911546,0.0,0.0,42.0,penalty_1000,1000.0
2019-02-28 05:00:00,-4.761989202890934,305.777816,0.0,0.0,42.0,penalty_1000,1000.0
2019-02-28 06:00:00,0.20163992511011156,218.919749,0.0,0.0,0.0,penalty_1000,1000.0
2019-02-28 07:00:00,10.711822677321047,0.0,0.0,0.0,0.0,penalty_1000,1000.0
2019-02-28 08:00:00,14.199441451631138,0.0,0.0,0.0,0.0,penalty_1000,1000.0
2019-02-28 09:00:00,14.058597224125585,0.0,0.0,0.0,0.0,penalty_1000,1000.0
2019-02-28 10:00:00,13.300851696797988,0.0,0.0,0.0,0.0,penalty_1000,1000.0
2019-02-28 11:00:00,12.515498565921014,0.0,0.0,0.0,0.0,penalty_1000,1000.0
2019-02-28 12:00:00,12.804066268460494,0.0,0.0,0.0,0.0,penalty_1000,1000.0
2019-02-28 13:00:00,-17.947138830528907,110.484191,0.0,0.0,88.5,penalty_1000,1000.0
2019-02-28 14:00:00,-20.73508484551106,319.242869,0.0,0.0,88.5,penalty_1000,1000.0
2019-02-28 15:00:00,-22.028031565091478,209.678826,0.0,0.0,88.5,penalty_1000,1000.0
2019-02-28 16:00:00,0.7388545355454835,0.0,0.0,0.0,0.0,penalty_1000,1000.0
2019-02-28 17:00:00,12.403889683034159,0.0,0.0,0.0,0.0,penalty_1000,1000.0
2019-02-28 18:00:00,13.78348132944898,0.0,0.0,0.0,0.0,penalty_1000,1000.0
2019-02-28 19:00:00,15.408555055796029,0.0,0.0,0.0,0.0,penalty_1000,1000.0
2019-02-28 20:00:00,15.485117735758548,0.0,0.0,0.0,0.0,penalty_1000,1000.0
2019-02-28 21:00:00,13.911759234539206,0.0,0.0,0.0,0.0,penalty_1000,1000.0
2019-02-28 22:00:00,12.560895058329008,0.0,0.0,0.0,0.0,penalty_1000,1000.0
2019-02-28 23:00:00,12.191342639341595,0.0,0.0,0.0,0.0,penalty_1000,1000.0
2019-03-01 00:00:00,11.964088000969651,0.0,0.0,0.0,0.0,penalty_1000,1000.0
2019-03-01 01:00:00,11.86289070458937,0.0,0.0,0.0,0.0,penalty_1000,1000.0
2019-03-01 02:00:00,11.534606344300993,0.0,0.0,0.0,0.0,penalty_1000,1000.0
2019-03-01 03:00:00,11.665533617240397,0.0,0.0,0.0,0.0,penalty_1000,1000.0
2019-03-01 04:00:00,11.998552703196633,0.0,0.0,0.0,0.0,penalty_1000,1000.0
2019-03-01 05:00:00,12.079407331305898,0.0,0.0,0.0,0.0,penalty_1000,1000.0
2019-03-01 06:00:00,12.397212423498086,0.0,0.0,0.0,0.0,penalty_1000,1000.0
2019-03-01 07:00:00,12.898895100334498,0.0,0.0,0.0,0.0,penalty_1000,1000.0
2019-03-01 08:00:00,13.062023417532817,0.0,0.0,0.0,0.0,penalty_1000,1000.0
2019-03-01 09:00:00,11.871733044464793,0.0,0.0,0.0,0.0,penalty_1000,1000.0
2019-03-01 10:00:00,11.751317205286211,0.0,0.0,0.0,0.0,penalty_1000,1000.0
2019-03-01 11:00:00,-22.537357819975828,38.299556,0.0,0.0,375.8,penalty_1000,1000.0
2019-03-01 12:00:00,-23.540980177116502,609.790538,0.0,0.0,213.5,penalty_1000,1000.0
2019-03-01 13:00:00,-26.215124768350396,1269.605769,0.0,0.0,255.5,penalty_1000,1000.0
2019-03-01 14:00:00,-27.079419495155825,1333.64435,0.0,0.0,255.5,penalty_1000,1000.0
2019-03-01 15:00:00,-27.3975062395298,1201.889531,0.0,0.0,255.5,penalty_1000,1000.0
2019-03-01 16:00:00,-27.781256184704887,719.418092,0.0,0.0,255.5,penalty_1000,1000.0
2019-03-01 17:00:00,-26.25135733422146,61.237144,0.0,0.0,130.5,penalty_1000,1000.0
2019-03-01 18:00:00,10.790679283898971,0.0,0.0,0.0,0.0,penalty_1000,1000.0
2019-03-01 19:00:00,11.663212243434707,0.0,0.0,0.0,0.0,penalty_1000,1000.0
2019-03-01 20:00:00,11.994965390742273,0.0,0.0,0.0,0.0,penalty_1000,1000.0
2019-03-01 21:00:00,11.147126709500894,0.0,0.0,0.0,0.0,penalty_1000,1000.0
2019-03-01 22:00:00,10.323308963662187,0.0,0.0,0.0,0.0,penalty_1000,1000.0
2019-03-01 23:00:00,9.740191750382378,0.0,0.0,0.0,0.0,penalty_1000,1000.0
2019-03-02 00:00:00,11.278946503432458,0.0,0.0,0.0,0.0,penalty_1000,1000.0
2019-03-02 01:00:00,-5.883791186333333,89.325039,0.0,0.0,42.0,penalty_1000,1000.0
2019-03-02 02:00:00,-4.405688744401458,364.299826,0.0,0.0,42.0,penalty_1000,1000.0
2019-03-02 03:00:00,-5.1456198826184405,564.17365,0.0,0.0,42.0,penalty_1000,1000.0
2019-03-02 04:00:00,-6.673438319511672,579.380098,0.0,0.0,42.0,penalty_1000,1000.0
2019-03-02 05:00:00,-5.717446098142668,144.311307,0.0,0.0,42.0,penalty_1000,1000.0
2019-03-02 06:00:00,11.965874837174574,0.0,0.0,0.0,0.0,penalty_1000,1000.0
2019-03-02 07:00:00,11.778413606210469,0.0,0.0,0.0,0.0,penalty_1000,1000.0
2019-03-02 08:00:00,13.792132421176571,0.0,0.0,0.0,0.0,penalty_1000,1000.0
2019-03-02 09:00:00,13.849725969985887,0.0,0.0,0.0,0.0,penalty_1000,1000.0
2019-03-02 10:00:00,11.768975950998733,0.0,0.0,0.0,0.0,penalty_1000,1000.0
2019-03-02 11:00:00,11.884985480504497,0.0,0.0,0.0,0.0,penalty_1000,1000.0
2019-03-02 12:00:00,11.506222424937256,0.0,0.0,0.0,0.0,penalty_1000,1000.0
2019-03-02 13:00:00,-10.436696989478975,0.0,0.0,0.0,58.0,penalty_1000,1000.0
2019-03-02 14:00:00,-6.971686812058018,0.0,0.0,0.0,58.0,penalty_1000,1000.0
2019-03-02 15:00:00,-4.998355854597756,0.0,0.0,0.0,58.0,penalty_1000,1000.0
2019-03-02 16:00:00,11.038319406566236,0.0,0.0,0.0,0.0,penalty_1000,1000.0
2019-03-02 17:00:00,11.679368763797852,0.0,0.0,0.0,0.0,penalty_1000,1000.0
2019-03-02 18:00:00,11.185292832149239,0.0,0.0,0.0,0.0,penalty_1000,1000.0
2019-03-02 19:00:00,11.055282147713987,0.0,0.0,0.0,0.0,penalty_1000,1000.0
2019-03-02 20:00:00,8.182446082427765,0.0,0.0,0.0,0.0,penalty_1000,1000.0
2019-03-02 21:00:00,-2.7479698162380615,761.223689,0.0,0.0,0.0,penalty_1000,1000.0
2019-03-02 22:00:00,-4.253757852094286,1286.643084,0.0,0.0,0.0,penalty_1000,1000.0
2019-03-02 23:00:00,-6.9333944171851325,901.307701,0.0,0.0,25.804983,penalty_1000,1000.0
2019-03-03 00:00:00,-7.289696711432142,613.454453,0.0,0.0,42.0,penalty_1000,1000.0
2019-03-03 01:00:00,-6.509317885262109,424.805037,0.0,0.0,42.0,penalty_1000,1000.0
2019-03-03 02:00:00,-7.92082039124815,519.244534,0.0,0.0,42.0,penalty_1000,1000.0
2019-03-03 03:00:00,-8.1188493209333,894.126331,0.0,0.0,42.0,penalty_1000,1000.0
2019-03-03 04:00:00,-8.793380646958175,1268.30097,0.0,0.0,42.0,penalty_1000,1000.0
2019-03-03 05:00:00,-8.224556585564205,1424.361542,0.0,0.0,42.0,penalty_1000,1000.0
2019-03-03 06:00:00,-7.994347451260911,1525.732205,0.0,0.0,6.340072,penalty_1000,1000.0
2019-03-03 07:00:00,-5.612036694376373,1433.050532,0.0,0.0,0.0,penalty_1000,1000.0
2019-03-03 08:00:00,-2.8622937539678737,1295.81427,0.0,0.0,0.0,penalty_1000,1000.0
2019-03-03 09:00:00,6.7494185320096465,1407.042056,0.0,0.0,0.0,penalty_1000,1000.0
2019-03-03 10:00:00,12.266948424552101,531.916942,0.0,0.0,58.0,penalty_1000,1000.0
2019-03-03 11:00:00,17.62369710453548,1540.207335,0.0,0.0,375.8,penalty_1000,1000.0
2019-03-03 12:00:00,-23.49507049008533,2471.680964,0.0,0.0,213.5,penalty_1000,1000.0
2019-03-03 13:00:00,-32.88620083075293,2166.241403,0.0,0.0,213.5,penalty_1000,1000.0
2019-03-03 14:00:00,-36.81754124249117,2855.357721,0.0,0.0,227.999151,penalty_1000,1000.0
2019-03-03 15:00:00,-33.145099781574196,2797.026733,0.0,0.0,213.5,penalty_1000,1000.0
2019-03-03 16:00:00,-33.72328168221228,1772.594313,0.0,0.0,88.5,penalty_1000,1000.0
2019-03-03 17:00:00,-21.35323823685411,1656.29045,0.0,0.0,213.5,penalty_1000,1000.0
2019-03-03 18:00:00,23.169362465777876,1276.200327,0.0,0.0,220.3,penalty_1000,1000.0
2019-03-03 19:00:00,25.9478599198703,1014.543794,0.0,0.0,58.0,penalty_1000,1000.0
2019-03-03 20:00:00,14.97932474091872,1147.390619,0.0,0.0,0.0,penalty_1000,1000.0
2019-03-03 21:00:00,12.104554690780837,1517.875917,0.0,0.0,0.0,penalty_1000,1000.0
2019-03-03 22:00:00,9.78963420052885,1531.144518,0.0,0.0,0.0,penalty_1000,1000.0
2019-03-03 23:00:00,0.7214663881090828,1487.87824,0.0,0.0,0.0,penalty_1000,1000.0
2019-03-04 00:00:00,0.15643091346459775,1409.272279,0.0,0.0,0.0,penalty_1000,1000.0
2019-03-04 01:00:00,-3.258971797541675,1199.507139,0.0,0.0,0.0,penalty_1000,1000.0
2019-03-04 02:00:00,-4.687283536333936,1223.992843,0.0,0.0,42.0,penalty_1000,1000.0
2019-03-04 03:00:00,-4.214935109355229,1199.397216,0.0,0.0,42.0,penalty_1000,1000.0
2019-03-04 04:00:00,-2.750452500835472,1151.984488,0.0,0.0,0.0,penalty_1000,1000.0
2019-03-04 05:00:00,-0.5061197063193839,1100.990885,0.0,0.0,0.0,penalty_1000,1000.0
2019-03-04 06:00:00,16.380469175546516,966.056889,0.0,0.0,0.0,penalty_1000,1000.0
2019-03-04 07:00:00,19.793772867318413,746.680305,0.0,0.0,0.0,penalty_1000,1000.0
2019-03-04 08:00:00,16.784533153763093,569.301721,0.0,0.0,0.0,penalty_1000,1000.0
2019-03-04 09:00:00,28.226444646624486,576.268262,0.0,0.0,58.0,penalty_1000,1000.0
2019-03-04 10:00:00,12.969848764962425,0.0,0.0,0.0,0.0,penalty_1000,1000.0
2019-03-04 11:00:00,31.953337673558373,332.14501,0.0,0.0,58.0,penalty_1000,1000.0
2019-03-04 12:00:00,17.52466004812834,518.252775,0.0,0.0,0.0,penalty_1000,1000.0
2019-03-04 13:00:00,14.70359325789267,0.0,0.0,0.0,0.0,penalty_1000,1000.0
2019-03-04 14:00:00,-16.105957173556742,257.756405,0.0,0.0,88.5,penalty_1000,1000.0
2019-03-04 15:00:00,-18.89886684976149,237.38178,0.0,0.0,88.5,penalty_1000,1000.0
2019-03-04 16:00:00,-16.12535038718741,214.210673,0.0,0.0,88.5,penalty_1000,1000.0
2019-03-04 17:00:00,12.24121479848228,0.0,0.0,0.0,0.0,penalty_1000,1000.0
2019-03-04 18:00:00,13.83141212408616,0.0,0.0,0.0,0.0,penalty_1000,1000.0
2019-03-04 19:00:00,18.85407155478109,0.0,0.0,0.0,0.0,penalty_1000,1000.0
2019-03-04 20:00:00,18.921965755149316,0.0,0.0,0.0,0.0,penalty_1000,1000.0
2019-03-04 21:00:00,21.19686470778041,0.0,0.0,0.0,0.0,penalty_1000,1000.0
2019-03-04 22:00:00,30.258713720003406,0.0,0.0,0.0,0.0,penalty_1000,1000.0
2019-03-04 23:00:00,17.383578776324995,0.0,0.0,0.0,0.0,penalty_1000,1000.0
2019-03-05 00:00:00,14.54220807446287,0.0,0.0,0.0,0.0,penalty_1000,1000.0
2019-03-05 01:00:00,13.404239466360943,0.0,0.0,0.0,0.0,penalty_1000,1000.0
2019-03-05 02:00:00,13.705846441058148,0.0,0.0,0.0,0.0,penalty_1000,1000.0
2019-03-05 03:00:00,13.514142401690846,0.0,0.0,0.0,0.0,penalty_1000,1000.0
2019-03-05 04:00:00,13.926485500686947,0.0,0.0,0.0,0.0,penalty_1000,1000.0
2019-03-05 05:00:00,16.603498741347583,0.0,0.0,0.0,0.0,penalty_1000,1000.0
2019-03-05 06:00:00,24.225877327532185,0.0,0.0,0.0,0.0,penalty_1000,1000.0
2019-03-05 07:00:00,24.204784213721986,0.0,0.0,0.0,0.0,penalty_1000,1000.0
2019-03-05 08:00:00,21.595950810665787,0.0,0.0,0.0,0.0,penalty_1000,1000.0
2019-03-05 09:00:00,17.550264686005583,0.0,0.0,0.0,0.0,penalty_1000,1000.0
2019-03-05 10:00:00,14.65404822636543,0.0,0.0,0.0,0.0,penalty_1000,1000.0
2019-03-05 11:00:00,-15.763031201099999,10.545566,0.0,0.0,58.0,penalty_1000,1000.0
2019-03-05 12:00:00,-17.964150667437202,172.053488,0.0,0.0,88.5,penalty_1000,1000.0
2019-03-05 13:00:00,-17.623672304403655,854.453168,0.0,0.0,88.5,penalty_1000,1000.0
2019-03-05 14:00:00,-18.710642012408893,1183.891205,0.0,0.0,130.5,penalty_1000,1000.0
2019-03-05 15:00:00,-22.094117061894526,1183.345456,0.0,0.0,130.5,penalty_1000,1000.0
2019-03-05 16:00:00,-22.604684971824422,648.335955,0.0,0.0,130.5,penalty_1000,1000.0
2019-03-05 17:00:00,-20.646387396336806,158.877766,0.0,0.0,130.5,penalty_1000,1000.0
2019-03-05 18:00:00,11.24834458713547,0.0,0.0,0.0,0.0,penalty_1000,1000.0
2019-03-05 19:00:00,12.009013595328131,0.0,0.0,0.0,0.0,penalty_1000,1000.0
2019-03-05 20:00:00,12.917750811276347,0.0,0.0,0.0,0.0,penalty_1000,1000.0
2019-03-05 21:00:00,14.223063140924129,0.0,0.0,0.0,0.0,penalty_1000,1000.0
2019-03-05 22:00:00,14.65082447851374,0.0,0.0,0.0,0.0,penalty_1000,1000.0
2019-03-05 23:00:00,14.0543003367214,0.0,0.0,0.0,0.0,penalty_1000,1000.0
2019-03-06 00:00:00,14.040565534773492,0.0,0.0,0.0,0.0,penalty_1000,1000.0
2019-03-06 01:00:00,13.948992636973896,0.0,0.0,0.0,0.0,penalty_1000,1000.0
2019-03-06 02:00:00,14.635106938634786,0.0,0.0,0.0,0.0,penalty_1000,1000.0
2019-03-06 03:00:00,14.075157790551849,0.0,0.0,0.0,0.0,penalty_1000,1000.0
2019-03-06 04:00:00,15.115426788129446,0.0,0.0,0.0,0.0,penalty_1000,1000.0
2019-03-06 05:00:00,17.16765702805359,0.0,0.0,0.0,0.0,penalty_1000,1000.0
2019-03-06 06:00:00,23.226536611793247,0.0,0.0,0.0,0.0,penalty_1000,1000.0
2019-03-06 07:00:00,21.524869429775062,0.0,0.0,0.0,0.0,penalty_1000,1000.0
2019-03-06 08:00:00,16.050946227740788,0.0,0.0,0.0,0.0,penalty_1000,1000.0
2019-03-06 09:00:00,11.38346029449683,0.0,0.0,0.0,0.0,penalty_1000,1000.0
2019-03-06 10:00:00,11.027320505630357,0.0,0.0,0.0,0.0,penalty_1000,1000.0
2019-03-06 11:00:00,-6.373425574091294,1511.407749,0.0,0.0,262.3,penalty_1000,1000.0
2019-03-06 12:00:00,-43.156526292592844,1941.493012,0.0,0.0,130.5,penalty_1000,1000.0
2019-03-06 13:00:00,-48.245617995166036,1668.025732,0.0,0.0,284.76105,penalty_1000,1000.0
2019-03-06 14:00:00,-46.70504218152332,2337.572003,0.0,0.0,255.5,penalty_1000,1000.0
2019-03-06 15:00:00,-46.93993638068832,2302.133289,0.0,0.0,130.5,penalty_1000,1000.0
2019-03-06 16:00:00,-36.71202330439746,1277.747341,0.0,0.0,387.3,penalty_1000,1000.0
2019-03-06 17:00:00,-40.51193216581413,1842.70294,0.0,0.0,210.311146,penalty_1000,1000.0
2019-03-06 18:00:00,-4.869422398662978,1313.209445,0.0,0.0,42.0,penalty_1000,1000.0
2019-03-06 19:00:00,-1.5322107345117038,979.638809,0.0,0.0,42.0,penalty_1000,1000.0
2019-03-06 20:00:00,-1.236359983827857,1118.175998,0.0,0.0,42.0,penalty_1000,1000.0
2019-03-06 21:00:00,-2.7499095743418684,1556.067136,0.0,0.0,42.0,penalty_1000,1000.0
2019-03-06 22:00:00,-6.885901577337474,729.94767,0.0,0.0,42.0,penalty_1000,1000.0
2019-03-06 23:00:00,-9.649589775512363,905.765058,0.0,0.0,42.0,penalty_1000,1000.0
2019-03-07 00:00:00,-10.09739879070746,1050.312916,0.0,0.0,42.0,penalty_1000,1000.0
2019-03-07 01:00:00,-10.661895766444221,1117.073148,0.0,0.0,42.0,penalty_1000,1000.0
2019-03-07 02:00:00,-10.918444464237226,1207.99812,0.0,0.0,42.0,penalty_1000,1000.0
2019-03-07 03:00:00,-10.633814488767753,1228.837999,0.0,0.0,42.0,penalty_1000,1000.0
2019-03-07 04:00:00,-9.941155613297525,1137.28552,0.0,0.0,42.0,penalty_1000,1000.0
2019-03-07 05:00:00,-6.317597467561157,886.917292,0.0,0.0,42.0,penalty_1000,1000.0
2019-03-07 06:00:00,-2.0637369915206683,657.144453,0.0,0.0,0.0,penalty_1000,1000.0
2019-03-07 07:00:00,-1.7055465659417426,434.654448,0.0,0.0,0.0,penalty_1000,1000.0
2019-03-07 08:00:00,-1.9098454071862898,435.604753,0.0,0.0,42.0,penalty_1000,1000.0
2019-03-07 09:00:00,-2.012700251393106,878.384491,0.0,0.0,42.0,penalty_1000,1000.0
2019-03-07 10:00:00,-4.731033811652691,2.93938,0.0,0.0,42.0,penalty_1000,1000.0
2019-03-07 11:00:00,-8.198992350635683,904.853611,0.0,0.0,305.313702,penalty_1000,1000.0
2019-03-07 12:00:00,-50.45549036215846,993.579423,0.0,0.0,255.5,penalty_1000,1000.0
2019-03-07 13:00:00,-31.362715658399853,517.098851,0.0,0.0,255.5,penalty_1000,1000.0
2019-03-07 14:00:00,-61.385370524390375,1113.052471,0.0,0.0,396.516829,penalty_1000,1000.0
2019-03-07 15:00:00,-52.622783617153544,1459.422006,0.0,0.0,417.8,penalty_1000,1000.0
2019-03-07 16:00:00,-52.36264711222924,1003.093575,0.0,0.0,417.8,penalty_1000,1000.0
2019-03-07 17:00:00,-10.16131316247677,909.395479,0.0,0.0,417.8,penalty_1000,1000.0
2019-03-07 18:00:00,-8.173414053917801,335.460848,0.0,0.0,150.140642,penalty_1000,1000.0
2019-03-07 19:00:00,9.779989736244653,0.0,0.0,0.0,0.0,penalty_1000,1000.0
2019-03-07 20:00:00,-5.83734240665643,601.100342,0.0,0.0,42.0,penalty_1000,1000.0
2019-03-07 21:00:00,-8.508386448557422,1015.519666,0.0,0.0,42.0,penalty_1000,1000.0
2019-03-07 22:00:00,-9.345569874324445,1020.307873,0.0,0.0,42.0,penalty_1000,1000.0
2019-03-07 23:00:00,-12.162989983710265,983.071293,0.0,0.0,42.0,penalty_1000,1000.0
2019-03-08 00:00:00,-6.285464016650099,956.9839,0.0,0.0,117.048473,penalty_1000,1000.0
2019-03-08 01:00:00,-9.974414280514942,874.415443,0.0,0.0,42.0,penalty_1000,1000.0
2019-03-08 02:00:00,-12.074498229521485,863.951405,0.0,0.0,42.0,penalty_1000,1000.0
2019-03-08 03:00:00,-12.34379133604713,835.810278,0.0,0.0,42.0,penalty_1000,1000.0
2019-03-08 04:00:00,-12.193706072701113,811.253452,0.0,0.0,42.0,penalty_1000,1000.0
2019-03-08 05:00:00,-11.129490088373062,807.050255,0.0,0.0,42.0,penalty_1000,1000.0
2019-03-08 06:00:00,-7.619929307333433,0.0,0.0,0.0,42.0,penalty_1000,1000.0
2019-03-08 07:00:00,11.130860190706764,0.0,0.0,0.0,0.0,penalty_1000,1000.0
2019-03-08 08:00:00,12.547849207117865,0.0,0.0,0.0,0.0,penalty_1000,1000.0
2019-03-08 09:00:00,12.91870897439968,0.0,0.0,0.0,0.0,penalty_1000,1000.0
2019-03-08 10:00:00,11.280123313602047,0.0,0.0,0.0,0.0,penalty_1000,1000.0
2019-03-08 11:00:00,10.50044594397805,0.0,0.0,0.0,0.0,penalty_1000,1000.0
2019-03-08 12:00:00,-27.246241595266916,62.656382,0.0,0.0,375.8,penalty_1000,1000.0
2019-03-08 13:00:00,-29.68447330290926,0.0,0.0,0.0,375.8,penalty_1000,1000.0
2019-03-08 14:00:00,-28.105869878461405,155.554977,0.0,0.0,255.5,penalty_1000,1000.0
2019-03-08 15:00:00,-27.98743710533808,232.940142,0.0,0.0,114.814846,penalty_1000,1000.0
2019-03-08 16:00:00,-26.35109118209965,14.303124,0.0,0.0,130.5,penalty_1000,1000.0
2019-03-08 17:00:00,-5.050432676530126,135.478971,0.0,0.0,144.254255,penalty_1000,1000.0
2019-03-08 18:00:00,-0.4799534112318306,187.436794,0.0,0.0,262.3,penalty_1000,1000.0
2019-03-08 19:00:00,795.4716713428058,313.875231,64.238231,0.0,0.0,penalty_1000,1000.0
2019-03-08 20:00:00,-3.8563002485487905,232.800854,0.0,0.0,42.0,penalty_1000,1000.0
2019-03-08 21:00:00,-4.68482912657327,584.425843,0.0,0.0,42.0,penalty_1000,1000.0
2019-03-08 22:00:00,-7.232195952750014,543.999882,0.0,0.0,42.0,penalty_1000,1000.0
2019-03-08 23:00:00,-9.926464055251317,1190.180707,0.0,0.0,42.0,penalty_1000,1000.0
2019-03-09 00:00:00,-11.499666243369473,1324.056525,0.0,0.0,42.0,penalty_1000,1000.0
2019-03-09 01:00:00,-11.95845171340176,1241.428172,0.0,0.0,42.0,penalty_1000,1000.0
2019-03-09 02:00:00,-12.481657652038317,1261.109344,0.0,0.0,42.0,penalty_1000,1000.0
2019-03-09 03:00:00,5.894261182769106,0.0,0.0,0.0,0.0,penalty_1000,1000.0
2019-03-09 04:00:00,9.983236569998727,0.0,0.0,0.0,0.0,penalty_1000,1000.0
2019-03-09 05:00:00,-13.880526217873813,1248.276507,0.0,0.0,66.020041,penalty_1000,1000.0
2019-03-09 06:00:00,-12.371269798209752,1173.747133,0.0,0.0,42.0,penalty_1000,1000.0
2019-03-09 07:00:00,-11.265616137211023,418.225763,0.0,0.0,42.0,penalty_1000,1000.0
2019-03-09 08:00:00,-10.722875853686004,316.472495,0.0,0.0,42.0,penalty_1000,1000.0
2019-03-09 09:00:00,10.264925654771012,0.0,0.0,0.0,0.0,penalty_1000,1000.0
2019-03-09 10:00:00,8.9891116573029,0.0,0.0,0.0,0.0,penalty_1000,1000.0
2019-03-09 11:00:00,-30.08213984895284,220.885555,0.0,0.0,213.5,penalty_1000,1000.0
2019-03-09 12:00:00,-47.806929736487334,3041.120284,0.0,0.0,255.5,penalty_1000,1000.0
2019-03-09 13:00:00,-63.83727888125263,2688.742486,0.0,0.0,255.5,penalty_1000,1000.0
2019-03-09 14:00:00,-59.52679885636764,3394.341103,0.0,0.0,255.5,penalty_1000,1000.0
2019-03-09 15:00:00,-48.28956339383757,3256.859777,0.0,0.0,262.3,penalty_1000,1000.0
2019-03-09 16:00:00,-44.0021630541146,2216.68871,0.0,0.0,130.5,penalty_1000,1000.0
2019-03-09 17:00:00,-42.453223504431676,1999.18491,0.0,0.0,130.5,penalty_1000,1000.0
2019-03-09 18:00:00,9.402035487056787,0.0,0.0,0.0,0.0,penalty_1000,1000.0
2019-03-09 19:00:00,10.87362,0.0,0.0,0.0,0.0,penalty_1000,1000.0
2019-03-09 20:00:00,11.80382735864096,0.0,0.0,0.0,0.0,penalty_1000,1000.0
2019-03-09 21:00:00,10.839980515608465,0.0,0.0,0.0,0.0,penalty_1000,1000.0
2019-03-09 22:00:00,11.65307271484507,0.0,0.0,0.0,0.0,penalty_1000,1000.0
2019-03-09 23:00:00,11.41731820996356,0.0,0.0,0.0,0.0,penalty_1000,1000.0
2019-03-10 00:00:00,12.458626611438179,0.0,0.0,0.0,0.0,penalty_1000,1000.0
2019-03-10 01:00:00,11.22898198319908,0.0,0.0,0.0,0.0,penalty_1000,1000.0
2019-03-10 02:00:00,10.394909430537407,0.0,0.0,0.0,0.0,penalty_1000,1000.0
2019-03-10 03:00:00,9.91031954287842,0.0,0.0,0.0,0.0,penalty_1000,1000.0
2019-03-10 04:00:00,10.191312360839577,0.0,0.0,0.0,0.0,penalty_1000,1000.0
2019-03-10 05:00:00,10.222299329205535,0.0,0.0,0.0,0.0,penalty_1000,1000.0
2019-03-10 06:00:00,10.074266671238659,0.0,0.0,0.0,0.0,penalty_1000,1000.0
2019-03-10 07:00:00,-8.863891513353838,14.904629,0.0,0.0,42.0,penalty_1000,1000.0
2019-03-10 08:00:00,-7.348727840780201,387.529744,0.0,0.0,42.0,penalty_1000,1000.0
2019-03-10 09:00:00,-6.942918640497231,698.021742,0.0,0.0,42.0,penalty_1000,1000.0
2019-03-10 10:00:00,-6.999524846258811,104.397709,0.0,0.0,42.0,penalty_1000,1000.0
2019-03-10 11:00:00,-7.104401774836914,1308.433006,0.0,0.0,42.0,penalty_1000,1000.0
2019-03-10 12:00:00,-8.141563709948713,1482.925565,0.0,0.0,100.0,penalty_1000,1000.0
2019-03-10 13:00:00,-14.51260922351205,632.118792,0.0,0.0,417.8,penalty_1000,1000.0
2019-03-10 14:00:00,-62.748469843873096,1248.450473,0.0,0.0,417.8,penalty_1000,1000.0
2019-03-10 15:00:00,-53.132185153452795,1455.48475,0.0,0.0,417.8,penalty_1000,1000.0
2019-03-10 16:00:00,-55.14726388054687,998.071698,0.0,0.0,417.8,penalty_1000,1000.0
2019-03-10 17:00:00,-8.685286326659055,875.124985,0.0,0.0,100.0,penalty_1000,1000.0
2019-03-10 18:00:00,-7.156487976652407,250.299388,0.0,0.0,146.556875,penalty_1000,1000.0
2019-03-10 19:00:00,11.078749574907613,0.0,0.0,0.0,0.0,penalty_1000,1000.0
2019-03-10 20:00:00,10.730677850979623,0.0,0.0,0.0,0.0,penalty_1000,1000.0
2019-03-10 21:00:00,10.276573053571061,0.0,0.0,0.0,0.0,penalty_1000,1000.0
2019-03-10 22:00:00,10.077987046200263,0.0,0.0,0.0,0.0,penalty_1000,1000.0
2019-03-10 23:00:00,10.695589854705448,0.0,0.0,0.0,0.0,penalty_1000,1000.0
2019-03-11 00:00:00,10.179977860920056,0.0,0.0,0.0,0.0,penalty_1000,1000.0
2019-03-11 01:00:00,10.473304615335797,0.0,0.0,0.0,0.0,penalty_1000,1000.0
2019-03-11 02:00:00,10.561839078640256,0.0,0.0,0.0,0.0,penalty_1000,1000.0
2019-03-11 03:00:00,10.816270534947837,0.0,0.0,0.0,0.0,penalty_1000,1000.0
2019-03-11 04:00:00,11.028156870869024,0.0,0.0,0.0,0.0,penalty_1000,1000.0
2019-03-11 05:00:00,12.124338406297202,0.0,0.0,0.0,0.0,penalty_1000,1000.0
2019-03-11 06:00:00,15.776433125791575,0.0,0.0,0.0,0.0,penalty_1000,1000.0
2019-03-11 07:00:00,18.60879240327189,0.0,0.0,0.0,0.0,penalty_1000,1000.0
2019-03-11 08:00:00,18.861814474804305,0.0,0.0,0.0,0.0,penalty_1000,1000.0
2019-03-11 09:00:00,16.774209220961097,0.0,0.0,0.0,0.0,penalty_1000,1000.0
2019-03-11 10:00:00,26.650726693295912,0.0,0.0,0.0,0.0,penalty_1000,1000.0
2019-03-11 11:00:00,11.664830169320696,0.0,0.0,0.0,0.0,penalty_1000,1000.0
2019-03-11 12:00:00,15.694735851856457,0.0,0.0,0.0,0.0,penalty_1000,1000.0
2019-03-11 13:00:00,-29.302691493965533,296.250464,0.0,0.0,130.5,penalty_1000,1000.0
2019-03-11 14:00:00,-47.32255959667757,745.76237,0.0,0.0,255.5,penalty_1000,1000.0
2019-03-11 15:00:00,-46.3451640734344,815.271503,0.0,0.0,293.28216,penalty_1000,1000.0
2019-03-11 16:00:00,-47.2288232282534,491.3139,0.0,0.0,248.861275,penalty_1000,1000.0
2019-03-11 17:00:00,10.093258707937647,893.621325,0.0,0.0,302.09819,penalty_1000,1000.0
2019-03-11 18:00:00,2.511542209447323,1006.706852,0.0,0.0,262.3,penalty_1000,1000.0
2019-03-11 19:00:00,-4.534679517483099,979.893302,0.0,0.0,31.752698,penalty_1000,1000.0
2019-03-11 20:00:00,-5.005163977435175,196.510474,0.0,0.0,42.0,penalty_1000,1000.0
2019-03-11 21:00:00,10.788825609045713,0.0,0.0,0.0,0.0,penalty_1000,1000.0
2019-03-11 22:00:00,10.425894276352496,0.0,0.0,0.0,0.0,penalty_1000,1000.0
2019-03-11 23:00:00,10.725320357559326,0.0,0.0,0.0,0.0,penalty_1000,1000.0
2019-03-12 00:00:00,10.342482601549216,0.0,0.0,0.0,0.0,penalty_1000,1000.0
2019-03-12 01:00:00,9.999372098898837,0.0,0.0,0.0,0.0,penalty_1000,1000.0
2019-03-12 02:00:00,10.043740390734158,0.0,0.0,0.0,0.0,penalty_1000,1000.0
2019-03-12 03:00:00,10.269257287003647,0.0,0.0,0.0,0.0,penalty_1000,1000.0
2019-03-12 04:00:00,10.775296505283931,0.0,0.0,0.0,0.0,penalty_1000,1000.0
2019-03-12 05:00:00,11.247813436686219,0.0,0.0,0.0,0.0,penalty_1000,1000.0
2019-03-12 06:00:00,11.287969632368112,0.0,0.0,0.0,0.0,penalty_1000,1000.0
2019-03-12 07:00:00,11.273156298347333,0.0,0.0,0.0,0.0,penalty_1000,1000.0
2019-03-12 08:00:00,11.794411932894906,0.0,0.0,0.0,0.0,penalty_1000,1000.0
2019-03-12 09:00:00,5.286548819949266,362.903585,0.0,0.0,0.0,penalty_1000,1000.0
2019-03-12 10:00:00,2.2844799492596404,175.098176,0.0,0.0,345.3,penalty_1000,1000.0
2019-03-12 11:00:00,-7.754538137923577,885.808044,0.0,0.0,417.8,penalty_1000,1000.0
2019-03-12 12:00:00,-46.201212150992056,1692.761141,0.0,0.0,255.5,penalty_1000,1000.0
2019-03-12 13:00:00,-43.08500206188718,1275.230485,0.0,0.0,130.5,penalty_1000,1000.0
2019-03-12 14:00:00,-41.46095518006159,2120.002306,0.0,0.0,130.5,penalty_1000,1000.0
2019-03-12 15:00:00,-39.6185326841855,1943.754448,0.0,0.0,130.5,penalty_1000,1000.0
2019-03-12 16:00:00,-1.9653681199654287,585.448282,0.0,0.0,8.887728,penalty_1000,1000.0
2019-03-12 17:00:00,-3.5902445806666763,1091.61097,0.0,0.0,42.0,penalty_1000,1000.0
2019-03-12 18:00:00,1.0933820763985507,653.034719,0.0,0.0,42.0,penalty_1000,1000.0
2019-03-12 19:00:00,-0.4754125139804563,133.058871,0.0,0.0,42.0,penalty_1000,1000.0
2019-03-12 20:00:00,-1.2411641954399943,308.228968,0.0,0.0,0.0,penalty_1000,1000.0
2019-03-12 21:00:00,12.532303897753357,0.0,0.0,0.0,0.0,penalty_1000,1000.0
2019-03-12 22:00:00,11.353507343562288,0.0,0.0,0.0,0.0,penalty_1000,1000.0
2019-03-12 23:00:00,10.100443255043746,0.0,42.045562,0.0,0.0,penalty_1000,1000.0
2019-03-13 00:00:00,15.947729844013812,1066.779608,0.0,0.0,264.031202,penalty_1000,1000.0
2019-03-13 01:00:00,-6.7740207183547865,579.701096,0.0,0.0,42.0,penalty_1000,1000.0
2019-03-13 02:00:00,-11.45882187733584,1734.851239,0.0,0.0,42.0,penalty_1000,1000.0
2019-03-13 03:00:00,-11.272429128827177,1637.523995,0.0,0.0,42.0,penalty_1000,1000.0
2019-03-13 04:00:00,-10.993059129483537,1447.416871,0.0,0.0,42.0,penalty_1000,1000.0
2019-03-13 05:00:00,-10.099554407180298,1516.883861,0.0,0.0,42.0,penalty_1000,1000.0
2019-03-13 06:00:00,-9.688735139892335,735.577387,0.0,0.0,0.0,penalty_1000,1000.0
2019-03-13 07:00:00,10.163996639174222,0.0,0.0,0.0,0.0,penalty_1000,1000.0
2019-03-13 08:00:00,11.069012258950002,0.0,0.0,0.0,0.0,penalty_1000,1000.0
2019-03-13 09:00:00,16.7376746813361,0.0,0.0,0.0,0.0,penalty_1000,1000.0
2019-03-13 10:00:00,10.462704648141328,0.0,0.0,0.0,0.0,penalty_1000,1000.0
2019-03-13 11:00:00,-30.018401407178658,154.016901,0.0,0.0,375.8,penalty_1000,1000.0
2019-03-13 12:00:00,-23.487636006821283,3.674715,0.0,0.0,130.5,penalty_1000,1000.0
2019-03-13 13:00:00,-23.61911792996644,467.662247,0.0,0.0,130.5,penalty_1000,1000.0
2019-03-13 14:00:00,-22.509546084152593,677.805453,0.0,0.0,130.5,penalty_1000,1000.0
2019-03-13 15:00:00,-19.04052416230258,565.082913,0.0,0.0,130.5,penalty_1000,1000.0
2019-03-13 16:00:00,-22.56567647054653,65.75915,0.0,0.0,130.5,penalty_1000,1000.0
2019-03-13 17:00:00,14.260656865159376,0.0,0.0,0.0,0.0,penalty_1000,1000.0
2019-03-13 18:00:00,10.10969195951366,0.0,0.0,0.0,0.0,penalty_1000,1000.0
2019-03-13 19:00:00,11.737427053941804,0.0,0.0,0.0,0.0,penalty_1000,1000.0
2019-03-13 20:00:00,11.081953736138829,0.0,0.0,0.0,0.0,penalty_1000,1000.0
2019-03-13 21:00:00,9.582576155805556,0.0,0.0,0.0,0.0,penalty_1000,1000.0
2019-03-13 22:00:00,-9.479345839925983,316.134382,0.0,0.0,42.0,penalty_1000,1000.0
2019-03-13 23:00:00,-9.8114875047159,1184.286184,0.0,0.0,42.0,penalty_1000,1000.0
2019-03-14 00:00:00,-11.091711780845193,1192.371575,0.0,0.0,42.0,penalty_1000,1000.0
2019-03-14 01:00:00,-10.334596149539744,473.175954,0.0,0.0,42.0,penalty_1000,1000.0
2019-03-14 02:00:00,-16.603865909068066,1613.781951,0.0,0.0,42.0,penalty_1000,1000.0
2019-03-14 03:00:00,-12.654395716722908,1536.477372,0.0,0.0,42.0,penalty_1000,1000.0
2019-03-14 04:00:00,-12.432292021594868,1429.654335,0.0,0.0,42.0,penalty_1000,1000.0
2019-03-14 05:00:00,-10.974128678818008,1481.609631,0.0,0.0,42.0,penalty_1000,1000.0
2019-03-14 06:00:00,-8.245051340258795,1509.762776,0.0,0.0,42.0,penalty_1000,1000.0
2019-03-14 07:00:00,-9.998969455193835,429.578119,0.0,0.0,42.0,penalty_1000,1000.0
2019-03-14 08:00:00,9.50700054718212,0.0,0.0,0.0,0.0,penalty_1000,1000.0
2019-03-14 09:00:00,8.066045592305748,0.0,0.0,0.0,0.0,penalty_1000,1000.0
2019-03-14 10:00:00,8.499705604867993,0.0,0.0,0.0,0.0,penalty_1000,1000.0
2019-03-14 11:00:00,-63.1453007965844,1025.810478,0.0,0.0,270.274126,penalty_1000,1000.0
2019-03-14 12:00:00,-62.71681967168252,3103.433593,0.0,0.0,255.5,penalty_1000,1000.0
2019-03-14 13:00:00,-63.49364845864506,2209.804306,0.0,0.0,255.5,penalty_1000,1000.0
2019-03-14 14:00:00,-64.08587216811529,3167.872609,0.0,0.0,255.5,penalty_1000,1000.0
2019-03-14 15:00:00,-50.835761959743174,2337.542112,0.0,0.0,417.8,penalty_1000,1000.0
2019-03-14 16:00:00,-49.49793933109904,703.712113,0.0,0.0,255.5,penalty_1000,1000.0
2019-03-14 17:00:00,-1.045369680703226,421.309959,0.0,0.0,329.3,penalty_1000,1000.0
2019-03-14 18:00:00,9.426318598648905,0.0,0.0,0.0,0.0,penalty_1000,1000.0
2019-03-14 19:00:00,9.86965126919961,0.0,0.0,0.0,0.0,penalty_1000,1000.0
2019-03-14 20:00:00,9.588480576009175,0.0,0.0,0.0,0.0,penalty_1000,1000.0
2019-03-14 21:00:00,8.620012032717124,0.0,0.0,0.0,0.0,penalty_1000,1000.0
2019-03-14 22:00:00,9.245471987297295,0.0,0.0,0.0,0.0,penalty_1000,1000.0
2019-03-14 23:00:00,9.654367217352782,0.0,0.0,0.0,0.0,penalty_1000,1000.0
2019-03-15 00:00:00,9.589021805150054,0.0,0.0,0.0,0.0,penalty_1000,1000.0
2019-03-15 01:00:00,10.59248817994451,0.0,0.0,0.0,0.0,penalty_1000,1000.0
2019-03-15 02:00:00,10.667054898927274,0.0,0.0,0.0,0.0,penalty_1000,1000.0
2019-03-15 03:00:00,3.877725391060593,0.0,0.0,0.0,0.0,penalty_1000,1000.0
2019-03-15 04:00:00,-9.031229003877788,6.009331,0.0,0.0,42.0,penalty_1000,1000.0
2019-03-15 05:00:00,13.126497451062232,0.0,0.0,0.0,0.0,penalty_1000,1000.0
2019-03-15 06:00:00,10.579051232740055,0.0,0.0,0.0,0.0,penalty_1000,1000.0
2019-03-15 07:00:00,71.88832912571426,0.0,0.166746,0.0,345.3,penalty_1000,1000.0
2019-03-15 08:00:00,14.750567187052049,0.0,0.0,0.0,0.0,penalty_1000,1000.0
2019-03-15 09:00:00,14.836121350406728,0.0,0.0,0.0,0.0,penalty_1000,1000.0
2019-03-15 10:00:00,13.743717935477271,0.0,0.0,0.0,0.0,penalty_1000,1000.0
2019-03-15 11:00:00,987.0044764907735,0.0,0.0,0.0,0.0,penalty_1000,1000.0
2019-03-15 12:00:00,-26.60453494994802,343.563716,0.0,0.0,359.432154,penalty_1000,1000.0
2019-03-15 13:00:00,-28.976361131400502,510.037621,0.0,0.0,197.267891,penalty_1000,1000.0
2019-03-15 14:00:00,-28.947991375529682,700.583366,0.0,0.0,213.5,penalty_1000,1000.0
2019-03-15 15:00:00,-30.167439829481783,667.171147,0.0,0.0,88.5,penalty_1000,1000.0
2019-03-15 16:00:00,-28.3309111341789,280.715597,0.0,0.0,88.5,penalty_1000,1000.0
2019-03-15 17:00:00,10.376366256445571,0.0,0.0,0.0,0.0,penalty_1000,1000.0
2019-03-15 18:00:00,11.31079720571699,0.0,0.0,0.0,0.0,penalty_1000,1000.0
2019-03-15 19:00:00,13.910340299395488,0.0,0.0,0.0,0.0,penalty_1000,1000.0
2019-03-15 20:00:00,17.334873061555566,0.0,0.0,0.0,0.0,penalty_1000,1000.0
2019-03-15 21:00:00,13.080607800994546,0.0,0.0,0.0,0.0,penalty_1000,1000.0
2019-03-15 22:00:00,11.85862730896194,0.0,0.0,0.0,0.0,penalty_1000,1000.0
2019-03-15 23:00:00,12.402757712252614,0.0,0.0,0.0,0.0,penalty_1000,1000.0
2019-03-16 00:00:00,9.688686,0.0,0.0,0.0,0.0,penalty_1000,1000.0
2019-03-16 01:00:00,9.835504973695107,0.0,0.0,0.0,0.0,penalty_1000,1000.0
2019-03-16 02:00:00,10.011119376029123,0.0,0.0,0.0,0.0,penalty_1000,1000.0
2019-03-16 03:00:00,10.162753557609896,0.0,0.0,0.0,0.0,penalty_1000,1000.0
2019-03-16 04:00:00,11.48472599103551,0.0,0.0,0.0,0.0,penalty_1000,1000.0
2019-03-16 05:00:00,13.28269038335782,0.0,0.0,0.0,0.0,penalty_1000,1000.0
2019-03-16 06:00:00,15.406835381388808,0.0,0.0,0.0,0.0,penalty_1000,1000.0
2019-03-16 07:00:00,15.834661125122993,0.0,0.0,0.0,0.0,penalty_1000,1000.0
2019-03-16 08:00:00,17.720773444617887,0.0,0.0,0.0,0.0,penalty_1000,1000.0
2019-03-16 09:00:00,15.939583771920207,0.0,0.0,0.0,0.0,penalty_1000,1000.0
2019-03-16 10:00:00,12.568153789320743,0.0,0.0,0.0,0.0,penalty_1000,1000.0
2019-03-16 11:00:00,12.116078999999997,0.0,0.0,0.0,0.0,penalty_1000,1000.0
2019-03-16 12:00:00,-28.35230464611227,362.180696,0.0,0.0,88.5,penalty_1000,1000.0
2019-03-16 13:00:00,-29.99704534144058,1096.167172,0.0,0.0,130.5,penalty_1000,1000.0
2019-03-16 14:00:00,-30.672008065637947,1498.103799,0.0,0.0,130.5,penalty_1000,1000.0
2019-03-16 15:00:00,-31.483313573612797,1541.731202,0.0,0.0,130.5,penalty_1000,1000.0
2019-03-16 16:00:00,-31.47993655125677,966.550057,0.0,0.0,130.5,penalty_1000,1000.0
2019-03-16 17:00:00,-30.538519571423627,302.041362,0.0,0.0,88.5,penalty_1000,1000.0
2019-03-16 18:00:00,13.587691282162435,0.0,0.0,0.0,0.0,penalty_1000,1000.0
2019-03-16 19:00:00,10.980591999999996,0.0,0.0,0.0,0.0,penalty_1000,1000.0
2019-03-16 20:00:00,11.428876620289135,0.0,0.0,0.0,0.0,penalty_1000,1000.0
2019-03-16 21:00:00,10.461348315244916,0.0,0.0,0.0,0.0,penalty_1000,1000.0
2019-03-16 22:00:00,10.035780036829545,0.0,0.0,0.0,0.0,penalty_1000,1000.0
2019-03-16 23:00:00,9.755625955469071,0.0,0.0,0.0,0.0,penalty_1000,1000.0
2019-03-17 00:00:00,10.94851813877514,0.0,0.0,0.0,0.0,penalty_1000,1000.0
2019-03-17 01:00:00,12.012615120720987,0.0,0.0,0.0,0.0,penalty_1000,1000.0
2019-03-17 02:00:00,11.615502123935073,0.0,0.0,0.0,0.0,penalty_1000,1000.0
2019-03-17 03:00:00,12.56338257642782,0.0,0.0,0.0,0.0,penalty_1000,1000.0
2019-03-17 04:00:00,13.927205075306516,0.0,0.0,0.0,0.0,penalty_1000,1000.0
2019-03-17 05:00:00,14.21454577229218,0.0,0.0,0.0,0.0,penalty_1000,1000.0
2019-03-17 06:00:00,15.80811103753819,0.0,0.0,0.0,0.0,penalty_1000,1000.0
2019-03-17 07:00:00,15.67508338664647,0.0,0.0,0.0,0.0,penalty_1000,1000.0
2019-03-17 08:00:00,15.132585327747359,0.0,0.0,0.0,0.0,penalty_1000,1000.0
2019-03-17 09:00:00,13.140351808134902,0.0,0.0,0.0,0.0,penalty_1000,1000.0
2019-03-17 10:00:00,11.652880868650174,0.0,0.0,0.0,0.0,penalty_1000,1000.0
2019-03-17 11:00:00,12.495895470480548,0.0,0.0,0.0,0.0,penalty_1000,1000.0
2019-03-17 12:00:00,-27.416438035096693,68.45744,0.0,0.0,88.5,penalty_1000,1000.0
2019-03-17 13:00:00,-28.330848914146284,468.928347,0.0,0.0,130.5,penalty_1000,1000.0
2019-03-17 14:00:00,-28.93566376712197,639.433538,0.0,0.0,130.5,penalty_1000,1000.0
2019-03-17 15:00:00,-28.98358790001792,519.70136,0.0,0.0,130.5,penalty_1000,1000.0
2019-03-17 16:00:00,-29.579750655966013,79.305849,0.0,0.0,88.5,penalty_1000,1000.0
2019-03-17 17:00:00,11.272566039856015,0.0,0.0,0.0,0.0,penalty_1000,1000.0
2019-03-17 18:00:00,11.099094209728728,0.0,0.0,0.0,0.0,penalty_1000,1000.0
2019-03-17 19:00:00,14.20976876245565,0.0,0.0,0.0,0.0,penalty_1000,1000.0
2019-03-17 20:00:00,13.782659602599256,0.0,0.0,0.0,0.0,penalty_1000,1000.0
2019-03-17 21:00:00,11.425026245794735,0.0,0.0,0.0,0.0,penalty_1000,1000.0
2019-03-17 22:00:00,9.322550250566593,0.0,0.0,0.0,0.0,penalty_1000,1000.0
2019-03-17 23:00:00,9.747439512834093,0.0,0.0,0.0,0.0,penalty_1000,1000.0
2019-03-18 00:00:00,9.137585216508004,0.0,0.0,0.0,0.0,penalty_1000,1000.0
2019-03-18 01:00:00,8.97331225796602,0.0,0.0,0.0,0.0,penalty_1000,1000.0
2019-03-18 02:00:00,9.756959704286324,0.0,0.0,0.0,0.0,penalty_1000,1000.0
2019-03-18 03:00:00,11.26888057128864,0.0,0.0,0.0,0.0,penalty_1000,1000.0
2019-03-18 04:00:00,13.102851053441581,0.0,0.0,0.0,0.0,penalty_1000,1000.0
2019-03-18 05:00:00,14.121567726240848,0.0,0.0,0.0,0.0,penalty_1000,1000.0
2019-03-18 06:00:00,15.376051733192241,0.0,0.0,0.0,0.0,penalty_1000,1000.0
2019-03-18 07:00:00,13.919155268159452,0.0,0.0,0.0,0.0,penalty_1000,1000.0
2019-03-18 08:00:00,14.151464897583692,0.0,0.0,0.0,0.0,penalty_1000,1000.0
2019-03-18 09:00:00,11.328088270587962,0.0,0.0,0.0,0.0,penalty_1000,1000.0
2019-03-18 10:00:00,11.261227734521908,0.0,0.0,0.0,0.0,penalty_1000,1000.0
2019-03-18 11:00:00,10.857949928832115,0.0,0.0,0.0,0.0,penalty_1000,1000.0
2019-03-18 12:00:00,-30.222864447696512,0.0,0.0,0.0,268.957332,penalty_1000,1000.0
2019-03-18 13:00:00,-27.585880536732542,19.445972,0.0,0.0,110.139331,penalty_1000,1000.0
2019-03-18 14:00:00,-27.749781403236884,239.59216,0.0,0.0,130.5,penalty_1000,1000.0
2019-03-18 15:00:00,-27.74835956117521,201.266925,0.0,0.0,130.5,penalty_1000,1000.0
2019-03-18 16:00:00,9.545561636272243,0.0,0.0,0.0,0.0,penalty_1000,1000.0
2019-03-18 17:00:00,10.08284062103318,0.0,0.0,0.0,0.0,penalty_1000,1000.0
2019-03-18 18:00:00,11.472849524810632,0.0,0.0,0.0,0.0,penalty_1000,1000.0
2019-03-18 19:00:00,11.495038942377265,0.0,0.0,0.0,0.0,penalty_1000,1000.0
2019-03-18 20:00:00,11.07503560232256,0.0,0.0,0.0,0.0,penalty_1000,1000.0
2019-03-18 21:00:00,10.492117930267739,0.0,0.0,0.0,0.0,penalty_1000,1000.0
2019-03-18 22:00:00,9.77120361246107,0.0,0.0,0.0,0.0,penalty_1000,1000.0
2019-03-18 23:00:00,9.661234780544081,0.0,0.0,0.0,0.0,penalty_1000,1000.0
2019-03-19 00:00:00,10.37874203027958,0.0,0.0,0.0,0.0,penalty_1000,1000.0
2019-03-19 01:00:00,10.614820641895204,0.0,0.0,0.0,0.0,penalty_1000,1000.0
2019-03-19 02:00:00,10.379403619875129,0.0,0.0,0.0,0.0,penalty_1000,1000.0
2019-03-19 03:00:00,10.490309817623473,0.0,0.0,0.0,0.0,penalty_1000,1000.0
2019-03-19 04:00:00,10.773100498558165,0.0,0.0,0.0,0.0,penalty_1000,1000.0
2019-03-19 05:00:00,10.49467565288995,0.0,0.0,0.0,0.0,penalty_1000,1000.0
2019-03-19 06:00:00,13.057835063326264,0.0,0.0,0.0,0.0,penalty_1000,1000.0
2019-03-19 07:00:00,12.778668404272027,0.0,0.0,0.0,0.0,penalty_1000,1000.0
2019-03-19 08:00:00,11.341190578759267,0.0,0.0,0.0,0.0,penalty_1000,1000.0
2019-03-19 09:00:00,11.743761370429425,0.0,0.0,0.0,0.0,penalty_1000,1000.0
2019-03-19 10:00:00,11.60111737594779,0.0,0.0,0.0,0.0,penalty_1000,1000.0
2019-03-19 11:00:00,-6.324943518769835,498.730697,0.0,0.0,262.3,penalty_1000,1000.0
2019-03-19 12:00:00,-48.57218525247304,2228.876675,0.0,0.0,130.5,penalty_1000,1000.0
2019-03-19 13:00:00,-65.47884769087051,1974.435498,0.0,0.0,255.5,penalty_1000,1000.0
2019-03-19 14:00:00,-65.4865542844518,2395.713772,0.0,0.0,255.5,penalty_1000,1000.0
2019-03-19 15:00:00,-48.39130220178207,2159.268582,0.0,0.0,130.5,penalty_1000,1000.0
2019-03-19 16:00:00,-49.613054690847065,1075.508548,0.0,0.0,130.5,penalty_1000,1000.0
2019-03-19 17:00:00,-5.114913095413356,1008.779318,0.0,0.0,81.619793,penalty_1000,1000.0
2019-03-19 18:00:00,-7.760763288631465,600.668451,0.0,0.0,222.056826,penalty_1000,1000.0
2019-03-19 19:00:00,-4.997365046479117,282.991717,0.0,0.0,42.0,penalty_1000,1000.0
2019-03-19 20:00:00,-7.038333157748232,188.921992,0.0,0.0,42.0,penalty_1000,1000.0
2019-03-19 21:00:00,9.85683488607899,0.0,0.0,0.0,0.0,penalty_1000,1000.0
2019-03-19 22:00:00,10.81175973296677,0.0,0.0,0.0,0.0,penalty_1000,1000.0
2019-03-19 23:00:00,10.137343987804337,0.0,0.0,0.0,0.0,penalty_1000,1000.0
2019-03-20 00:00:00,10.01883992755132,0.0,0.0,0.0,0.0,penalty_1000,1000.0
2019-03-20 01:00:00,9.584690748939384,0.0,0.0,0.0,0.0,penalty_1000,1000.0
2019-03-20 02:00:00,10.195608437207943,0.0,0.0,0.0,0.0,penalty_1000,1000.0
2019-03-20 03:00:00,10.974232100054108,0.0,0.0,0.0,0.0,penalty_1000,1000.0
2019-03-20 04:00:00,12.24787536456488,0.0,0.0,0.0,0.0,penalty_1000,1000.0
2019-03-20 05:00:00,14.888040903351822,0.0,0.0,0.0,0.0,penalty_1000,1000.0
2019-03-20 06:00:00,38.25560035605891,0.0,0.0,0.0,0.0,penalty_1000,1000.0
2019-03-20 07:00:00,43.96057749440602,0.0,0.0,0.0,0.0,penalty_1000,1000.0
2019-03-20 08:00:00,45.14239036073213,0.0,0.0,0.0,0.0,penalty_1000,1000.0
2019-03-20 09:00:00,16.781385791081863,0.0,0.0,0.0,0.0,penalty_1000,1000.0
2019-03-20 10:00:00,14.832227050631658,0.0,0.0,0.0,0.0,penalty_1000,1000.0
2019-03-20 11:00:00,17.743565459472187,0.0,0.0,0.0,0.0,penalty_1000,1000.0
2019-03-20 12:00:00,-24.477620783178143,141.786618,0.0,0.0,88.5,penalty_1000,1000.0
2019-03-20 13:00:00,-25.651503157277173,564.797462,0.0,0.0,88.5,penalty_1000,1000.0
2019-03-20 14:00:00,-25.677179064699992,839.438649,0.0,0.0,88.5,penalty_1000,1000.0
2019-03-20 15:00:00,-22.933533457889915,816.139821,0.0,0.0,88.5,penalty_1000,1000.0
2019-03-20 16:00:00,-23.759573661320893,422.212496,0.0,0.0,88.5,penalty_1000,1000.0
2019-03-20 17:00:00,17.498782143429025,0.0,0.0,0.0,0.0,penalty_1000,1000.0
2019-03-20 18:00:00,12.851250655072628,0.0,0.0,0.0,0.0,penalty_1000,1000.0
2019-03-20 19:00:00,16.602191274683346,0.0,0.0,0.0,0.0,penalty_1000,1000.0
2019-03-20 20:00:00,15.967863008512024,0.0,0.0,0.0,0.0,penalty_1000,1000.0
2019-03-20 21:00:00,14.999992966191304,0.0,0.0,0.0,0.0,penalty_1000,1000.0
2019-03-20 22:00:00,13.385745138581274,0.0,0.0,0.0,0.0,penalty_1000,1000.0
2019-03-20 23:00:00,12.944440324139086,0.0,0.0,0.0,0.0,penalty_1000,1000.0
2019-03-21 00:00:00,11.398597519750375,0.0,0.0,0.0,0.0,penalty_1000,1000.0
2019-03-21 01:00:00,9.942207061079007,0.0,0.0,0.0,0.0,penalty_1000,1000.0
2019-03-21 02:00:00,10.520426958772266,0.0,0.0,0.0,0.0,penalty_1000,1000.0
2019-03-21 03:00:00,12.31696850387143,0.0,0.0,0.0,0.0,penalty_1000,1000.0
2019-03-21 04:00:00,10.666832504115435,0.0,0.0,0.0,0.0,penalty_1000,1000.0
2019-03-21 05:00:00,14.252569527835359,0.0,0.0,0.0,0.0,penalty_1000,1000.0
2019-03-21 06:00:00,14.981089051224457,0.0,0.0,0.0,0.0,penalty_1000,1000.0
2019-03-21 07:00:00,14.298599325888778,0.0,0.0,0.0,0.0,penalty_1000,1000.0
2019-03-21 08:00:00,13.264512910890874,0.0,0.0,0.0,0.0,penalty_1000,1000.0
2019-03-21 09:00:00,11.12896796392932,0.0,0.0,0.0,0.0,penalty_1000,1000.0
2019-03-21 10:00:00,10.592093550825732,0.0,0.0,0.0,0.0,penalty_1000,1000.0
2019-03-21 11:00:00,10.220825716226589,0.0,0.0,0.0,0.0,penalty_1000,1000.0
2019-03-21 12:00:00,10.61725918692889,0.0,0.0,0.0,0.0,penalty_1000,1000.0
2019-03-21 13:00:00,-7.989031278573795,0.0,0.0,0.0,58.0,penalty_1000,1000.0
2019-03-21 14:00:00,-9.450631372151886,0.0,0.0,0.0,58.0,penalty_1000,1000.0
2019-03-21 15:00:00,-26.36323811616902,4.994159,0.0,0.0,88.5,penalty_1000,1000.0
2019-03-21 16:00:00,-20.974267774743442,279.195566,0.0,0.0,58.0,penalty_1000,1000.0
2019-03-21 17:00:00,-8.429267386261246,0.0,0.0,0.0,58.0,penalty_1000,1000.0
2019-03-21 18:00:00,10.780952452989387,0.0,0.0,0.0,0.0,penalty_1000,1000.0
2019-03-21 19:00:00,11.427350055367306,0.0,0.0,0.0,0.0,penalty_1000,1000.0
2019-03-21 20:00:00,10.453640150292724,0.0,0.0,0.0,0.0,penalty_1000,1000.0
2019-03-21 21:00:00,9.55641300910137,0.0,0.0,0.0,0.0,penalty_1000,1000.0
2019-03-21 22:00:00,10.660294196399436,0.0,0.0,0.0,0.0,penalty_1000,1000.0
2019-03-21 23:00:00,9.537958608324708,0.0,0.0,0.0,0.0,penalty_1000,1000.0
2019-03-22 00:00:00,9.095277766594817,0.0,0.0,0.0,0.0,penalty_1000,1000.0
2019-03-22 01:00:00,9.17332648270146,0.0,0.0,0.0,0.0,penalty_1000,1000.0
2019-03-22 02:00:00,9.604835034643125,0.0,0.0,0.0,0.0,penalty_1000,1000.0
2019-03-22 03:00:00,9.88987786650111,0.0,0.0,0.0,0.0,penalty_1000,1000.0
2019-03-22 04:00:00,9.224422153124399,0.0,0.0,0.0,0.0,penalty_1000,1000.0
2019-03-22 05:00:00,11.061280215032092,0.0,0.0,0.0,0.0,penalty_1000,1000.0
2019-03-22 06:00:00,11.446335214354573,0.0,0.0,0.0,0.0,penalty_1000,1000.0
2019-03-22 07:00:00,10.767185104617727,0.0,0.0,0.0,0.0,penalty_1000,1000.0
2019-03-22 08:00:00,10.304545007657284,0.0,0.0,0.0,0.0,penalty_1000,1000.0
2019-03-22 09:00:00,9.554828459761318,0.0,0.0,0.0,0.0,penalty_1000,1000.0
2019-03-22 10:00:00,9.207308478618344,0.0,0.0,0.0,0.0,penalty_1000,1000.0
2019-03-22 11:00:00,-31.829713877565865,95.714295,0.0,0.0,417.8,penalty_1000,1000.0
2019-03-22 12:00:00,-24.912080518096467,2164.721225,0.0,0.0,345.3,penalty_1000,1000.0
2019-03-22 13:00:00,-66.01885602072805,2407.397916,0.0,0.0,264.03632,penalty_1000,1000.0
2019-03-22 14:00:00,-65.40899953802595,3035.860376,0.0,0.0,255.5,penalty_1000,1000.0
2019-03-22 15:00:00,-38.22371121400588,2888.885046,0.0,0.0,367.447122,penalty_1000,1000.0
2019-03-22 16:00:00,-64.54945771004384,1901.162556,0.0,0.0,338.861395,penalty_1000,1000.0
2019-03-22 17:00:00,-50.081157817818244,1778.652161,0.0,0.0,213.5,penalty_1000,1000.0
2019-03-22 18:00:00,-11.374132451098347,1124.799657,0.0,0.0,417.8,penalty_1000,1000.0
2019-03-22 19:00:00,3.0647965088671785,864.526045,0.0,0.0,0.0,penalty_1000,1000.0
2019-03-22 20:00:00,-7.9169262808139305,1223.711786,0.0,0.0,42.0,penalty_1000,1000.0
2019-03-22 21:00:00,-10.030954835516676,1628.888536,0.0,0.0,42.0,penalty_1000,1000.0
2019-03-22 22:00:00,-11.163925235187184,1646.203962,0.0,0.0,42.0,penalty_1000,1000.0
2019-03-22 23:00:00,-12.458099106741239,1660.177842,0.0,0.0,42.0,penalty_1000,1000.0
2019-03-23 00:00:00,-12.827838897071649,1673.578734,0.0,0.0,42.0,penalty_1000,1000.0
2019-03-23 01:00:00,-14.015651798509616,1537.834267,0.0,0.0,42.0,penalty_1000,1000.0
2019-03-23 02:00:00,-13.041320875589498,1364.861377,0.0,0.0,42.0,penalty_1000,1000.0
2019-03-23 03:00:00,-12.167003403139216,1158.973571,0.0,0.0,42.0,penalty_1000,1000.0
2019-03-23 04:00:00,-12.060430034056616,999.109449,0.0,0.0,42.0,penalty_1000,1000.0
2019-03-23 05:00:00,-11.29007416571665,932.597465,0.0,0.0,42.0,penalty_1000,1000.0
2019-03-23 06:00:00,-10.856712950814488,306.63225,0.0,0.0,42.0,penalty_1000,1000.0
2019-03-23 07:00:00,11.591473202721419,0.0,0.0,0.0,0.0,penalty_1000,1000.0
2019-03-23 08:00:00,12.01153915178592,0.0,0.0,0.0,0.0,penalty_1000,1000.0
2019-03-23 09:00:00,-4.492932470609784,300.13642,0.0,0.0,0.0,penalty_1000,1000.0
2019-03-23 10:00:00,-6.169096841327842,66.995646,0.0,0.0,375.8,penalty_1000,1000.0
2019-03-23 11:00:00,-8.984798187501449,118.457212,0.0,0.0,375.8,penalty_1000,1000.0
2019-03-23 12:00:00,-26.216073736794215,819.065337,0.0,0.0,100.0,penalty_1000,1000.0
2019-03-23 13:00:00,-39.6959072252005,1599.628489,0.0,0.0,255.5,penalty_1000,1000.0
2019-03-23 14:00:00,-71.69774553036049,2015.125916,0.0,0.0,255.5,penalty_1000,1000.0
2019-03-23 15:00:00,157.5558723205484,2024.32643,0.0,0.0,255.5,penalty_1000,1000.0
2019-03-23 16:00:00,-64.95444947358072,1355.343118,0.0,0.0,387.3,penalty_1000,1000.0
2019-03-23 17:00:00,-51.28298350887202,306.142544,0.0,0.0,255.5,penalty_1000,1000.0
2019-03-23 18:00:00,9.82754213506038,0.0,0.0,0.0,0.0,penalty_1000,1000.0
2019-03-23 19:00:00,10.510026085011212,0.0,0.0,0.0,0.0,penalty_1000,1000.0
2019-03-23 20:00:00,10.96429828553579,0.0,0.0,0.0,0.0,penalty_1000,1000.0
2019-03-23 21:00:00,10.221548403638804,0.0,0.0,0.0,0.0,penalty_1000,1000.0
2019-03-23 22:00:00,9.432321449139895,0.0,0.0,0.0,0.0,penalty_1000,1000.0
2019-03-23 23:00:00,9.72305985623987,0.0,0.0,0.0,0.0,penalty_1000,1000.0
2019-03-24 00:00:00,9.357822525257596,0.0,0.0,0.0,0.0,penalty_1000,1000.0
2019-03-24 01:00:00,8.595635417260151,0.0,0.0,0.0,0.0,penalty_1000,1000.0
2019-03-24 02:00:00,7.948048850001398,0.0,0.0,0.0,0.0,penalty_1000,1000.0
2019-03-24 03:00:00,8.606305489520802,0.0,0.0,0.0,0.0,penalty_1000,1000.0
2019-03-24 04:00:00,8.018747365888256,0.0,0.0,0.0,0.0,penalty_1000,1000.0
2019-03-24 05:00:00,8.670367277933767,0.0,0.0,0.0,0.0,penalty_1000,1000.0
2019-03-24 06:00:00,9.562265255285247,0.0,0.0,0.0,0.0,penalty_1000,1000.0
2019-03-24 07:00:00,9.929432129729607,0.0,0.0,0.0,0.0,penalty_1000,1000.0
2019-03-24 08:00:00,10.250873117053546,0.0,0.0,0.0,0.0,penalty_1000,1000.0
2019-03-24 09:00:00,10.57823707694435,0.0,0.0,0.0,0.0,penalty_1000,1000.0
2019-03-24 10:00:00,8.741960302290378,0.0,0.0,0.0,0.0,penalty_1000,1000.0
2019-03-24 11:00:00,9.158089763900115,0.0,0.0,0.0,58.0,penalty_1000,1000.0
2019-03-24 12:00:00,-31.79636671862331,656.030337,0.0,0.0,387.3,penalty_1000,1000.0
2019-03-24 13:00:00,-29.929296243552812,1450.111612,0.0,0.0,387.3,penalty_1000,1000.0
2019-03-24 14:00:00,-31.110936768733765,1453.053375,0.0,0.0,255.5,penalty_1000,1000.0
2019-03-24 15:00:00,-29.287046249890743,1279.345075,0.0,0.0,181.773086,penalty_1000,1000.0
2019-03-24 16:00:00,-28.297623933157446,756.844923,0.0,0.0,88.5,penalty_1000,1000.0
2019-03-24 17:00:00,-25.762487696039763,169.299651,0.0,0.0,88.5,penalty_1000,1000.0
2019-03-24 18:00:00,11.035507675076637,0.0,0.0,0.0,0.0,penalty_1000,1000.0
2019-03-24 19:00:00,11.492749505479342,0.0,0.0,0.0,0.0,penalty_1000,1000.0
2019-03-24 20:00:00,13.307741303570278,0.0,0.0,0.0,0.0,penalty_1000,1000.0
2019-03-24 21:00:00,10.866912058977046,0.0,0.0,0.0,0.0,penalty_1000,1000.0
2019-03-24 22:00:00,9.928309231914675,0.0,0.0,0.0,0.0,penalty_1000,1000.0
2019-03-24 23:00:00,10.0883897371867,0.0,0.0,0.0,0.0,penalty_1000,1000.0
2019-03-25 00:00:00,9.638251331441424,0.0,0.0,0.0,0.0,penalty_1000,1000.0
2019-03-25 01:00:00,9.761323180612608,0.0,0.0,0.0,0.0,penalty_1000,1000.0
2019-03-25 02:00:00,9.629600628614272,0.0,0.0,0.0,0.0,penalty_1000,1000.0
2019-03-25 03:00:00,10.398801367012195,0.0,0.0,0.0,0.0,penalty_1000,1000.0
2019-03-25 04:00:00,10.033288664089413,0.0,0.0,0.0,0.0,penalty_1000,1000.0
2019-03-25 05:00:00,11.969672674296495,0.0,0.0,0.0,0.0,penalty_1000,1000.0
2019-03-25 06:00:00,12.849264324476641,0.0,0.0,0.0,0.0,penalty_1000,1000.0
2019-03-25 07:00:00,12.453296617159337,0.0,0.0,0.0,0.0,penalty_1000,1000.0
2019-03-25 08:00:00,11.374049343350903,0.0,0.0,0.0,0.0,penalty_1000,1000.0
2019-03-25 09:00:00,-6.4927777837603164,37.560214,0.0,0.0,42.0,penalty_1000,1000.0
2019-03-25 10:00:00,8.422744354128188,0.0,0.0,0.0,0.0,penalty_1000,1000.0
2019-03-25 11:00:00,-9.09228096783319,657.717692,0.0,0.0,417.8,penalty_1000,1000.0
2019-03-25 12:00:00,-42.84997538614419,1273.197421,0.0,0.0,255.5,penalty_1000,1000.0
2019-03-25 13:00:00,-29.409673041187332,1178.838512,0.0,0.0,255.5,penalty_1000,1000.0
2019-03-25 14:00:00,-39.99909462744726,1761.835763,0.0,0.0,370.896804,penalty_1000,1000.0
2019-03-25 15:00:00,-27.252706547385028,1752.36385,0.0,0.0,387.3,penalty_1000,1000.0
2019-03-25 16:00:00,-41.07811215813356,1019.70313,0.0,0.0,408.081841,penalty_1000,1000.0
2019-03-25 17:00:00,-41.85714178002406,529.903846,0.0,0.0,255.5,penalty_1000,1000.0
2019-03-25 18:00:00,7.075919887402286,0.0,0.0,0.0,58.0,penalty_1000,1000.0
2019-03-25 19:00:00,10.441977646697795,0.0,0.0,0.0,0.0,penalty_1000,1000.0
2019-03-25 20:00:00,10.170526184216474,0.0,0.0,0.0,0.0,penalty_1000,1000.0
2019-03-25 21:00:00,9.3706611157611,0.0,0.0,0.0,0.0,penalty_1000,1000.0
2019-03-25 22:00:00,10.646350381246956,0.0,0.0,0.0,0.0,penalty_1000,1000.0
2019-03-25 23:00:00,10.004151039494259,0.0,0.0,0.0,0.0,penalty_1000,1000.0
2019-03-26 00:00:00,9.822801697383005,0.0,0.0,0.0,0.0,penalty_1000,1000.0
2019-03-26 01:00:00,9.651807938989268,0.0,0.0,0.0,0.0,penalty_1000,1000.0
2019-03-26 02:00:00,9.617100922303251,0.0,0.0,0.0,0.0,penalty_1000,1000.0
2019-03-26 03:00:00,9.661113926542495,0.0,0.0,0.0,0.0,penalty_1000,1000.0
2019-03-26 04:00:00,9.717264085178673,0.0,0.0,0.0,0.0,penalty_1000,1000.0
2019-03-26 05:00:00,10.989100889675647,0.0,0.0,0.0,0.0,penalty_1000,1000.0
2019-03-26 06:00:00,13.41568285050895,0.0,0.0,0.0,0.0,penalty_1000,1000.0
2019-03-26 07:00:00,13.065654682572731,0.0,0.0,0.0,0.0,penalty_1000,1000.0
2019-03-26 08:00:00,995.2576114455596,0.0,56.327,0.0,0.0,penalty_1000,1000.0
2019-03-26 09:00:00,992.6082145819772,0.0,0.0,0.0,0.0,penalty_1000,1000.0
2019-03-26 10:00:00,10.727080160697975,0.0,0.0,0.0,0.0,penalty_1000,1000.0
2019-03-26 11:00:00,-26.840904562644276,0.0,0.0,0.0,58.0,penalty_1000,1000.0
2019-03-26 12:00:00,-30.566932812809537,319.215292,0.0,0.0,255.5,penalty_1000,1000.0
2019-03-26 13:00:00,-32.3557569627145,1597.548478,0.0,0.0,255.5,penalty_1000,1000.0
2019-03-26 14:00:00,11.718420957072754,1656.694863,0.0,0.0,76.332137,penalty_1000,1000.0
2019-03-26 15:00:00,10.48695464721391,1747.586648,0.0,0.0,91.480352,penalty_1000,1000.0
2019-03-26 16:00:00,-39.873740136399924,1314.171904,0.0,0.0,229.067096,penalty_1000,1000.0
2019-03-26 17:00:00,-42.48122058630867,1334.207408,0.0,0.0,200.611081,penalty_1000,1000.0
2019-03-26 18:00:00,-5.1313939363829695,1228.064455,0.0,0.0,195.133772,penalty_1000,1000.0
2019-03-26 19:00:00,-3.011878635504956,1132.534074,0.0,0.0,42.0,penalty_1000,1000.0
2019-03-26 20:00:00,-4.975579623315605,1010.003638,0.0,0.0,42.0,penalty_1000,1000.0
2019-03-26 21:00:00,-7.964649513081748,822.354792,0.0,0.0,42.0,penalty_1000,1000.0
2019-03-26 22:00:00,-9.712202922226766,305.196068,0.0,0.0,42.0,penalty_1000,1000.0
2019-03-26 23:00:00,-9.272436386409048,361.13327,0.0,0.0,42.0,penalty_1000,1000.0
2019-03-27 00:00:00,-11.89832588763319,426.68536,0.0,0.0,42.0,penalty_1000,1000.0
2019-03-27 01:00:00,-11.47929645378424,461.96326,0.0,0.0,42.0,penalty_1000,1000.0
2019-03-27 02:00:00,-12.600251029104838,227.826366,0.0,0.0,42.0,penalty_1000,1000.0
2019-03-27 03:00:00,4.391904022666919,0.0,0.0,0.0,0.0,penalty_1000,1000.0
2019-03-27 04:00:00,9.5984716421118,0.0,0.0,0.0,0.0,penalty_1000,1000.0
2019-03-27 05:00:00,11.31084722950892,0.0,0.0,0.0,0.0,penalty_1000,1000.0
2019-03-27 06:00:00,10.551350540398946,0.0,0.0,0.0,0.0,penalty_1000,1000.0
2019-03-27 07:00:00,10.005870941839877,0.0,0.0,0.0,0.0,penalty_1000,1000.0
2019-03-27 08:00:00,-7.60338610039717,42.085713,0.0,0.0,42.0,penalty_1000,1000.0
2019-03-27 09:00:00,-8.019323519796325,1372.284962,0.0,0.0,42.0,penalty_1000,1000.0
2019-03-27 10:00:00,-11.822712052742476,752.132395,0.0,0.0,387.3,penalty_1000,1000.0
2019-03-27 11:00:00,-59.84060534302913,1816.593038,0.0,0.0,255.5,penalty_1000,1000.0
2019-03-27 12:00:00,-64.65036271107306,2776.584707,0.0,0.0,373.406535,penalty_1000,1000.0
2019-03-27 13:00:00,-64.4262700619295,2436.753596,0.0,0.0,255.5,penalty_1000,1000.0
2019-03-27 14:00:00,-67.35950068228478,3106.699093,0.0,0.0,323.321892,penalty_1000,1000.0
2019-03-27 15:00:00,-72.92517012904706,2944.2129,0.0,0.0,417.8,penalty_1000,1000.0
2019-03-27 16:00:00,-49.447701412597404,1975.841579,0.0,0.0,389.967421,penalty_1000,1000.0
2019-03-27 17:00:00,-48.59640901200404,1927.228582,0.0,0.0,417.8,penalty_1000,1000.0
2019-03-27 18:00:00,-12.472075570004847,1401.20955,0.0,0.0,417.8,penalty_1000,1000.0
2019-03-27 19:00:00,-5.0792288016026745,1105.571641,0.0,0.0,42.0,penalty_1000,1000.0
2019-03-27 20:00:00,-6.525505461000274,1213.936105,0.0,0.0,42.0,penalty_1000,1000.0
2019-03-27 21:00:00,-11.539851627898917,1678.277111,0.0,0.0,42.0,penalty_1000,1000.0
2019-03-27 22:00:00,-14.033558142082445,1732.454709,0.0,0.0,42.0,penalty_1000,1000.0
2019-03-27 23:00:00,-16.832559515959222,1756.8424,0.0,0.0,262.3,penalty_1000,1000.0
2019-03-28 00:00:00,-17.70267823541194,1769.918152,0.0,0.0,100.0,penalty_1000,1000.0
2019-03-28 01:00:00,-17.90733209817003,1678.273538,0.0,0.0,262.3,penalty_1000,1000.0
2019-03-28 02:00:00,-18.18720970699024,1711.585053,0.0,0.0,262.3,penalty_1000,1000.0
2019-03-28 03:00:00,-16.985357389212837,1316.317866,0.0,0.0,262.3,penalty_1000,1000.0
2019-03-28 04:00:00,-14.545933119799658,902.252415,0.0,0.0,100.0,penalty_1000,1000.0
2019-03-28 05:00:00,-10.600829880349165,777.395747,0.0,0.0,42.0,penalty_1000,1000.0
2019-03-28 06:00:00,-9.20130502690997,618.526124,0.0,0.0,42.0,penalty_1000,1000.0
2019-03-28 07:00:00,-9.210723819539231,357.817299,0.0,0.0,42.0,penalty_1000,1000.0
2019-03-28 08:00:00,-8.82738326625819,838.659695,0.0,0.0,42.0,penalty_1000,1000.0
2019-03-28 09:00:00,-7.612823157735163,1584.868799,0.0,0.0,86.366071,penalty_1000,1000.0
2019-03-28 10:00:00,-12.037264947805578,647.567915,0.0,0.0,387.3,penalty_1000,1000.0
2019-03-28 11:00:00,-28.834575585764473,1569.01639,0.0,0.0,417.8,penalty_1000,1000.0
2019-03-28 12:00:00,-8.737623365292118,1785.349463,0.0,0.0,384.233718,penalty_1000,1000.0
2019-03-28 13:00:00,-48.821643901115614,1031.444146,0.0,0.0,255.5,penalty_1000,1000.0
2019-03-28 14:00:00,-48.91580357986102,1487.891698,0.0,0.0,255.5,penalty_1000,1000.0
2019-03-28 15:00:00,-6.718058700360418,1307.072932,0.0,0.0,141.144356,penalty_1000,1000.0
2019-03-28 16:00:00,-7.689282673039393,799.226259,0.0,0.0,358.56532,penalty_1000,1000.0
2019-03-28 17:00:00,-5.261098053040019,1310.453765,0.0,0.0,42.0,penalty_1000,1000.0
2019-03-28 18:00:00,-4.285370622038377,1021.256637,0.0,0.0,42.0,penalty_1000,1000.0
2019-03-28 19:00:00,-3.758426974485374,776.910913,0.0,0.0,42.0,penalty_1000,1000.0
2019-03-28 20:00:00,-5.460656303249417,797.765832,0.0,0.0,42.0,penalty_1000,1000.0
2019-03-28 21:00:00,-8.945672429895808,1056.750357,0.0,0.0,42.0,penalty_1000,1000.0
2019-03-28 22:00:00,-11.45710895528996,1024.713468,0.0,0.0,42.0,penalty_1000,1000.0
2019-03-28 23:00:00,-12.34667441810299,1037.157038,0.0,0.0,42.0,penalty_1000,1000.0
2019-03-29 00:00:00,-14.930545893716689,1041.062772,0.0,0.0,92.185569,penalty_1000,1000.0
2019-03-29 01:00:00,-15.214345609973567,956.752592,0.0,0.0,262.3,penalty_1000,1000.0
2019-03-29 02:00:00,-15.30244603403761,874.253672,0.0,0.0,100.0,penalty_1000,1000.0
2019-03-29 03:00:00,-11.763877744758204,760.932024,0.0,0.0,42.0,penalty_1000,1000.0
2019-03-29 04:00:00,-12.736701706092775,375.053512,0.0,0.0,42.0,penalty_1000,1000.0
2019-03-29 05:00:00,6.749549653417426,0.0,0.0,0.0,0.0,penalty_1000,1000.0
2019-03-29 06:00:00,9.532374633425048,0.0,0.0,0.0,0.0,penalty_1000,1000.0
2019-03-29 07:00:00,9.59525157796189,0.0,0.0,0.0,0.0,penalty_1000,1000.0
2019-03-29 08:00:00,8.815941785836989,0.0,0.0,0.0,0.0,penalty_1000,1000.0
2019-03-29 09:00:00,-6.995725429959434,765.652812,0.0,0.0,42.0,penalty_1000,1000.0
2019-03-29 10:00:00,6.532267258218719,0.0,0.0,0.0,58.0,penalty_1000,1000.0
2019-03-29 11:00:00,-37.038028447874915,891.566802,0.0,0.0,417.8,penalty_1000,1000.0
2019-03-29 12:00:00,-54.222357300282745,2035.788138,0.0,0.0,417.8,penalty_1000,1000.0
2019-03-29 13:00:00,-67.51026696847086,1789.337543,0.0,0.0,257.004671,penalty_1000,1000.0
2019-03-29 14:00:00,-67.95690891688724,1717.799751,0.0,0.0,341.175011,penalty_1000,1000.0
2019-03-29 15:00:00,-32.81068283899672,1395.06664,0.0,0.0,417.8,penalty_1000,1000.0
2019-03-29 16:00:00,-33.90309184925206,945.861289,0.0,0.0,88.5,penalty_1000,1000.0
2019-03-29 17:00:00,-32.515132729349226,322.51319,0.0,0.0,130.5,penalty_1000,1000.0
2019-03-29 18:00:00,9.873769625636916,0.0,0.0,0.0,0.0,penalty_1000,1000.0
2019-03-29 19:00:00,11.112250126849046,0.0,0.0,0.0,0.0,penalty_1000,1000.0
2019-03-29 20:00:00,10.848684332434402,0.0,0.0,0.0,0.0,penalty_1000,1000.0
2019-03-29 21:00:00,9.304098708625279,0.0,0.0,0.0,0.0,penalty_1000,1000.0
2019-03-29 22:00:00,-10.311802030681296,301.871833,0.0,0.0,6.396888,penalty_1000,1000.0
2019-03-29 23:00:00,-12.11883219650568,529.886101,0.0,0.0,42.0,penalty_1000,1000.0
2019-03-30 00:00:00,-12.633148225466972,1532.229054,0.0,0.0,42.0,penalty_1000,1000.0
2019-03-30 01:00:00,-12.949874592297904,1613.047676,0.0,0.0,42.0,penalty_1000,1000.0
2019-03-30 02:00:00,-14.414878481631826,9.129598,0.0,0.0,42.0,penalty_1000,1000.0
2019-03-30 03:00:00,7.5184631788798635,0.0,0.0,0.0,0.0,penalty_1000,1000.0
2019-03-30 04:00:00,6.769353061791451,0.0,0.0,0.0,0.0,penalty_1000,1000.0
2019-03-30 05:00:00,9.518448345601477,0.0,0.0,0.0,0.0,penalty_1000,1000.0
2019-03-30 06:00:00,-11.04324010784725,1071.651324,0.0,0.0,42.0,penalty_1000,1000.0
2019-03-30 07:00:00,8.455345708072537,0.0,0.0,0.0,0.0,penalty_1000,1000.0
2019-03-30 08:00:00,10.099630396268418,0.0,0.0,0.0,0.0,penalty_1000,1000.0
2019-03-30 09:00:00,9.413913511396212,0.0,0.0,0.0,0.0,penalty_1000,1000.0
2019-03-30 10:00:00,20.487475545366692,119.504474,0.0,0.0,169.351309,penalty_1000,1000.0
2019-03-30 11:00:00,-26.78898504794727,375.74063,0.0,0.0,130.5,penalty_1000,1000.0
2019-03-30 12:00:00,-27.183112716851156,1125.673946,0.0,0.0,225.0,penalty_1000,1000.0
2019-03-30 13:00:00,-28.480943336026826,1799.763238,0.0,0.0,130.5,penalty_1000,1000.0
2019-03-30 14:00:00,-50.03907538174319,3026.476745,0.0,0.0,259.024936,penalty_1000,1000.0
2019-03-30 15:00:00,-49.87467967152062,3023.068292,0.0,0.0,130.5,penalty_1000,1000.0
2019-03-30 16:00:00,-48.242070742404046,2033.948334,0.0,0.0,130.5,penalty_1000,1000.0
2019-03-30 17:00:00,-51.99995824242336,2135.863555,0.0,0.0,250.042544,penalty_1000,1000.0
2019-03-30 18:00:00,-50.91993737405869,1439.299548,0.0,0.0,130.5,penalty_1000,1000.0
2019-03-30 19:00:00,-6.638675689969202,1066.60815,0.0,0.0,42.0,penalty_1000,1000.0
2019-03-30 20:00:00,-8.292016302606706,1101.611964,0.0,0.0,42.0,penalty_1000,1000.0
2019-03-30 21:00:00,-10.64532117538741,1514.515409,0.0,0.0,42.0,penalty_1000,1000.0
2019-03-30 22:00:00,-11.429069235274936,1461.012094,0.0,0.0,42.0,penalty_1000,1000.0
2019-03-30 23:00:00,-11.80422358248918,491.908233,0.0,0.0,42.0,penalty_1000,1000.0
2019-03-31 00:00:00,9.85436770751431,0.0,0.0,0.0,0.0,penalty_1000,1000.0
2019-03-31 01:00:00,11.041041999999996,0.0,0.0,0.0,0.0,penalty_1000,1000.0
2019-03-31 02:00:00,10.198680081644138,0.0,0.0,0.0,0.0,penalty_1000,1000.0
2019-03-31 03:00:00,9.983340177034567,0.0,0.0,0.0,0.0,penalty_1000,1000.0
2019-03-31 04:00:00,10.11314432898571,0.0,0.0,0.0,0.0,penalty_1000,1000.0
2019-03-31 05:00:00,10.623049976126396,0.0,0.0,0.0,0.0,penalty_1000,1000.0
2019-03-31 06:00:00,11.148124975078465,0.0,0.0,0.0,0.0,penalty_1000,1000.0
2019-03-31 07:00:00,11.3165316277995,0.0,0.0,0.0,0.0,penalty_1000,1000.0
2019-03-31 08:00:00,15.873606374920598,0.0,0.0,0.0,0.0,penalty_1000,1000.0
2019-03-31 09:00:00,15.349734804107408,0.0,0.0,0.0,0.0,penalty_1000,1000.0
2019-03-31 10:00:00,-6.323478391681985,0.0,0.0,0.0,58.0,penalty_1000,1000.0
2019-03-31 11:00:00,-29.554488614631236,205.41853,0.0,0.0,213.5,penalty_1000,1000.0
2019-03-31 12:00:00,-32.75404735710529,815.828686,0.0,0.0,88.5,penalty_1000,1000.0
2019-03-31 13:00:00,-30.44801559469779,1200.983718,0.0,0.0,255.5,penalty_1000,1000.0
2019-03-31 14:00:00,-66.96501378171399,1603.752058,0.0,0.0,255.5,penalty_1000,1000.0
2019-03-31 15:00:00,-50.933313532297795,2021.728584,0.0,0.0,255.5,penalty_1000,1000.0
2019-03-31 16:00:00,-34.90385255692068,1344.899684,0.0,0.0,255.5,penalty_1000,1000.0
2019-03-31 17:00:00,-50.47762676866192,1197.75242,0.0,0.0,250.362361,penalty_1000,1000.0
2019-03-31 18:00:00,-6.236115910518543,600.15074,0.0,0.0,262.3,penalty_1000,1000.0
2019-03-31 19:00:00,-4.272412597274862,603.535589,0.0,0.0,42.0,penalty_1000,1000.0
2019-03-31 20:00:00,11.694885342697857,0.0,0.0,0.0,0.0,penalty_1000,1000.0
2019-03-31 21:00:00,13.62213254021147,0.0,0.0,0.0,0.0,penalty_1000,1000.0
2019-03-31 22:00:00,13.340467069900185,0.0,0.0,0.0,0.0,penalty_1000,1000.0
2019-03-31 23:00:00,12.924604536052708,0.0,0.0,0.0,0.0,penalty_1000,1000.0
2019-01-01 00:00:00,-23.15724468625975,1607.301608,0.0,0.0,42.0,penalty_2000,2000.0
2019-01-01 01:00:00,-27.006296739693887,1513.814926,0.0,0.0,42.0,penalty_2000,2000.0
2019-01-01 02:00:00,-27.093367506264315,1548.773829,0.0,0.0,42.0,penalty_2000,2000.0
2019-01-01 03:00:00,-28.377153724210263,1513.963921,0.0,0.0,42.0,penalty_2000,2000.0
2019-01-01 04:00:00,-28.367662183547452,1440.899581,0.0,0.0,42.0,penalty_2000,2000.0
2019-01-01 05:00:00,-26.971223256155824,1520.947493,0.0,0.0,42.0,penalty_2000,2000.0
2019-01-01 06:00:00,-26.69407308366633,1554.860085,0.0,0.0,42.0,penalty_2000,2000.0
2019-01-01 07:00:00,-23.47037955396822,1440.201166,0.0,0.0,42.0,penalty_2000,2000.0
2019-01-01 08:00:00,-22.994162683239065,1268.204815,0.0,0.0,42.0,penalty_2000,2000.0
2019-01-01 09:00:00,-20.68686719197504,1167.246949,0.0,0.0,42.0,penalty_2000,2000.0
2019-01-01 10:00:00,-20.72770520463045,171.291421,0.0,0.0,42.0,penalty_2000,2000.0
2019-01-01 11:00:00,-20.563496095573438,818.447966,0.0,0.0,339.323063,penalty_2000,2000.0
2019-01-01 12:00:00,-22.11609755751726,884.005504,0.0,0.0,262.3,penalty_2000,2000.0
2019-01-01 13:00:00,-69.87094461376196,566.698179,0.0,0.0,255.5,penalty_2000,2000.0
2019-01-01 14:00:00,-104.65292934911297,858.64909,0.0,0.0,156.840755,penalty_2000,2000.0
2019-01-01 15:00:00,-102.59423779463079,709.171677,0.0,0.0,130.5,penalty_2000,2000.0
2019-01-01 16:00:00,10.46524581351293,0.0,0.0,0.0,0.0,penalty_2000,2000.0
2019-01-01 17:00:00,-16.836011894033646,246.079242,0.0,0.0,42.0,penalty_2000,2000.0
2019-01-01 18:00:00,12.65850171747667,0.0,0.0,0.0,0.0,penalty_2000,2000.0
2019-01-01 19:00:00,12.93516624570454,0.0,0.0,0.0,0.0,penalty_2000,2000.0
2019-01-01 20:00:00,16.04112938691848,0.0,0.0,0.0,0.0,penalty_2000,2000.0
2019-01-01 21:00:00,17.091168693286942,0.0,0.0,0.0,0.0,penalty_2000,2000.0
2019-01-01 22:00:00,18.751057303028816,0.0,0.0,0.0,0.0,penalty_2000,2000.0
2019-01-01 23:00:00,15.472249898351002,0.0,0.0,0.0,0.0,penalty_2000,2000.0
2019-01-02 00:00:00,15.640930310838437,0.0,0.0,0.0,0.0,penalty_2000,2000.0
2019-01-02 01:00:00,15.698994020262866,0.0,0.0,0.0,0.0,penalty_2000,2000.0
2019-01-02 02:00:00,16.22287951444302,0.0,0.0,0.0,0.0,penalty_2000,2000.0
2019-01-02 03:00:00,15.993237876001034,0.0,0.0,0.0,0.0,penalty_2000,2000.0
2019-01-02 04:00:00,15.96526706499956,0.0,0.0,0.0,0.0,penalty_2000,2000.0
2019-01-02 05:00:00,18.15900347158498,0.0,0.0,0.0,0.0,penalty_2000,2000.0
2019-01-02 06:00:00,18.19245755069842,0.0,0.0,0.0,0.0,penalty_2000,2000.0
2019-01-02 07:00:00,18.892902137169354,0.0,0.0,0.0,0.0,penalty_2000,2000.0
2019-01-02 08:00:00,18.551313441242964,0.0,0.0,0.0,0.0,penalty_2000,2000.0
2019-01-02 09:00:00,21.940725090307428,0.0,0.0,0.0,0.0,penalty_2000,2000.0
2019-01-02 10:00:00,23.581299063991338,0.0,0.0,0.0,0.0,penalty_2000,2000.0
2019-01-02 11:00:00,24.39647850924497,0.0,0.0,0.0,0.0,penalty_2000,2000.0
2019-01-02 12:00:00,21.18190565328394,0.0,0.0,0.0,0.0,penalty_2000,2000.0
2019-01-02 13:00:00,22.373742427480444,0.0,0.0,0.0,0.0,penalty_2000,2000.0
2019-01-02 14:00:00,22.49717651950793,0.0,0.0,0.0,0.0,penalty_2000,2000.0
2019-01-02 15:00:00,22.261236976253585,0.0,0.0,0.0,0.0,penalty_2000,2000.0
2019-01-02 16:00:00,20.245909925691212,0.0,0.0,0.0,0.0,penalty_2000,2000.0
2019-01-02 17:00:00,21.25770560688146,0.0,0.0,0.0,0.0,penalty_2000,2000.0
2019-01-02 18:00:00,44.91732438428427,0.0,0.0,0.0,0.0,penalty_2000,2000.0
2019-01-02 19:00:00,34.739683459571346,0.0,0.0,0.0,0.0,penalty_2000,2000.0
2019-01-02 20:00:00,46.171580821964056,0.0,0.0,0.0,0.0,penalty_2000,2000.0
2019-01-02 21:00:00,20.398901056487723,0.0,0.0,0.0,0.0,penalty_2000,2000.0
2019-01-02 22:00:00,21.355541275513904,0.0,0.0,0.0,0.0,penalty_2000,2000.0
2019-01-02 23:00:00,21.52194036456365,0.0,0.0,0.0,0.0,penalty_2000,2000.0
2019-01-03 00:00:00,19.799210615444803,0.0,0.0,0.0,0.0,penalty_2000,2000.0
2019-01-03 01:00:00,18.30916113859561,0.0,0.0,0.0,0.0,penalty_2000,2000.0
2019-01-03 02:00:00,15.60454095008653,0.0,0.0,0.0,0.0,penalty_2000,2000.0
2019-01-03 03:00:00,15.806369748865913,0.0,0.0,0.0,0.0,penalty_2000,2000.0
2019-01-03 04:00:00,14.819521426998106,0.0,0.0,0.0,0.0,penalty_2000,2000.0
2019-01-03 05:00:00,16.26629153339862,0.0,0.0,0.0,0.0,penalty_2000,2000.0
2019-01-03 06:00:00,21.949729470853047,0.0,0.0,0.0,0.0,penalty_2000,2000.0
2019-01-03 07:00:00,20.762709082327323,0.0,0.0,0.0,0.0,penalty_2000,2000.0
2019-01-03 08:00:00,19.152942126292704,0.0,0.0,0.0,0.0,penalty_2000,2000.0
2019-01-03 09:00:00,18.0817054166721,0.0,0.0,0.0,0.0,penalty_2000,2000.0
2019-01-03 10:00:00,15.382647547516546,0.0,0.0,0.0,0.0,penalty_2000,2000.0
2019-01-03 11:00:00,14.291546494383201,0.0,0.0,0.0,0.0,penalty_2000,2000.0
2019-01-03 12:00:00,-38.799558559855036,59.128445,0.0,0.0,375.8,penalty_2000,2000.0
2019-01-03 13:00:00,-49.3171246244322,693.131083,0.0,0.0,213.5,penalty_2000,2000.0
2019-01-03 14:00:00,-55.14513424574631,691.040363,0.0,0.0,213.5,penalty_2000,2000.0
2019-01-03 15:00:00,-54.89204198498937,510.249239,0.0,0.0,88.5,penalty_2000,2000.0
2019-01-03 16:00:00,-53.92770234276671,53.969313,0.0,0.0,88.5,penalty_2000,2000.0
2019-01-03 17:00:00,-2.2901940179679365,0.0,0.0,0.0,0.0,penalty_2000,2000.0
2019-01-03 18:00:00,16.63734511486019,0.0,0.0,0.0,0.0,penalty_2000,2000.0
2019-01-03 19:00:00,19.819070106193564,0.0,0.0,0.0,0.0,penalty_2000,2000.0
2019-01-03 20:00:00,18.68810002997298,0.0,0.0,0.0,0.0,penalty_2000,2000.0
2019-01-03 21:00:00,17.228067690602046,0.0,0.0,0.0,0.0,penalty_2000,2000.0
2019-01-03 22:00:00,16.418912487630653,0.0,0.0,0.0,0.0,penalty_2000,2000.0
2019-01-03 23:00:00,15.230012134931435,0.0,0.0,0.0,0.0,penalty_2000,2000.0
2019-01-04 00:00:00,16.543723099865105,0.0,0.0,0.0,0.0,penalty_2000,2000.0
2019-01-04 01:00:00,18.858060073312608,0.0,0.0,0.0,0.0,penalty_2000,2000.0
2019-01-04 02:00:00,20.74619941124269,0.0,0.0,0.0,0.0,penalty_2000,2000.0
2019-01-04 03:00:00,18.960444682018473,0.0,0.0,0.0,0.0,penalty_2000,2000.0
2019-01-04 04:00:00,18.420607438815605,0.0,0.0,0.0,0.0,penalty_2000,2000.0
2019-01-04 05:00:00,17.371943546625918,0.0,0.0,0.0,0.0,penalty_2000,2000.0
2019-01-04 06:00:00,21.986588605421463,0.0,0.0,0.0,0.0,penalty_2000,2000.0
2019-01-04 07:00:00,20.470884434486525,0.0,0.0,0.0,0.0,penalty_2000,2000.0
2019-01-04 08:00:00,19.900978313985277,0.0,0.0,0.0,0.0,penalty_2000,2000.0
2019-01-04 09:00:00,16.999062211494984,0.0,0.0,0.0,0.0,penalty_2000,2000.0
2019-01-04 10:00:00,16.45447409355861,0.0,0.0,0.0,0.0,penalty_2000,2000.0
2019-01-04 11:00:00,13.00742934974449,0.0,0.0,0.0,0.0,penalty_2000,2000.0
2019-01-04 12:00:00,15.496324615221253,0.0,0.0,0.0,58.0,penalty_2000,2000.0
2019-01-04 13:00:00,-61.0811589380285,201.526629,0.0,0.0,88.5,penalty_2000,2000.0
2019-01-04 14:00:00,-59.6634507883742,157.416671,0.0,0.0,88.5,penalty_2000,2000.0
2019-01-04 15:00:00,18.61243496147281,0.0,0.0,0.0,0.0,penalty_2000,2000.0
2019-01-04 16:00:00,12.024062027446256,0.0,0.0,0.0,0.0,penalty_2000,2000.0
2019-01-04 17:00:00,14.112556081798921,0.0,0.0,0.0,0.0,penalty_2000,2000.0
2019-01-04 18:00:00,16.653777887829637,0.0,0.0,0.0,0.0,penalty_2000,2000.0
2019-01-04 19:00:00,22.62211022240543,0.0,0.0,0.0,0.0,penalty_2000,2000.0
2019-01-04 20:00:00,22.654335692637872,0.0,0.0,0.0,0.0,penalty_2000,2000.0
2019-01-04 21:00:00,20.44799822225845,0.0,0.0,0.0,0.0,penalty_2000,2000.0
2019-01-04 22:00:00,16.42240299597661,0.0,0.0,0.0,0.0,penalty_2000,2000.0
2019-01-04 23:00:00,13.486914739200566,0.0,0.0,0.0,0.0,penalty_2000,2000.0
2019-01-05 00:00:00,12.654665153599817,0.0,0.0,0.0,0.0,penalty_2000,2000.0
2019-01-05 01:00:00,13.631500845532733,0.0,0.0,0.0,0.0,penalty_2000,2000.0
2019-01-05 02:00:00,13.604850064039264,0.0,0.0,0.0,0.0,penalty_2000,2000.0
2019-01-05 03:00:00,14.059704292794036,0.0,0.0,0.0,0.0,penalty_2000,2000.0
2019-01-05 04:00:00,14.75744054948817,0.0,0.0,0.0,0.0,penalty_2000,2000.0
2019-01-05 05:00:00,16.38811902348508,0.0,0.0,0.0,0.0,penalty_2000,2000.0
2019-01-05 06:00:00,16.56939671389061,0.0,0.0,0.0,0.0,penalty_2000,2000.0
2019-01-05 07:00:00,19.88639866434357,0.0,0.0,0.0,0.0,penalty_2000,2000.0
2019-01-05 08:00:00,19.487254499548694,0.0,0.0,0.0,0.0,penalty_2000,2000.0
2019-01-05 09:00:00,17.26746564718965,0.0,0.0,0.0,0.0,penalty_2000,2000.0
2019-01-05 10:00:00,15.683136775087435,0.0,0.0,0.0,0.0,penalty_2000,2000.0
2019-01-05 11:00:00,14.587182935454324,0.0,0.0,0.0,0.0,penalty_2000,2000.0
2019-01-05 12:00:00,12.870882261888152,0.0,0.0,0.0,0.0,penalty_2000,2000.0
2019-01-05 13:00:00,12.33710840361134,0.0,0.0,0.0,0.0,penalty_2000,2000.0
2019-01-05 14:00:00,12.1209702566728,0.0,0.0,0.0,0.0,penalty_2000,2000.0
2019-01-05 15:00:00,16.952235153473868,0.0,0.0,0.0,0.0,penalty_2000,2000.0
2019-01-05 16:00:00,11.756119453193191,0.0,0.0,0.0,0.0,penalty_2000,2000.0
2019-01-05 17:00:00,12.224210798832981,0.0,0.0,0.0,0.0,penalty_2000,2000.0
2019-01-05 18:00:00,15.536720929567702,0.0,0.0,0.0,0.0,penalty_2000,2000.0
2019-01-05 19:00:00,15.367296198047214,0.0,0.0,0.0,0.0,penalty_2000,2000.0
2019-01-05 20:00:00,13.256096187226794,0.0,0.0,0.0,0.0,penalty_2000,2000.0
2019-01-05 21:00:00,12.693083165013945,0.0,0.0,0.0,0.0,penalty_2000,2000.0
2019-01-05 22:00:00,11.809894228293462,0.0,0.0,0.0,0.0,penalty_2000,2000.0
2019-01-05 23:00:00,10.869237095811345,0.0,0.0,0.0,0.0,penalty_2000,2000.0
2019-01-06 00:00:00,10.101425035382142,0.0,0.0,0.0,0.0,penalty_2000,2000.0
2019-01-06 01:00:00,9.472123122467163,0.0,0.0,0.0,0.0,penalty_2000,2000.0
2019-01-06 02:00:00,9.000943670156742,0.0,0.0,0.0,0.0,penalty_2000,2000.0
2019-01-06 03:00:00,9.005935562168494,0.0,0.0,0.0,0.0,penalty_2000,2000.0
2019-01-06 04:00:00,8.884593437627457,0.0,0.0,0.0,0.0,penalty_2000,2000.0
2019-01-06 05:00:00,8.718549256825227,0.0,0.0,0.0,0.0,penalty_2000,2000.0
2019-01-06 06:00:00,8.522077057750304,0.0,0.0,0.0,0.0,penalty_2000,2000.0
2019-01-06 07:00:00,9.44329248974543,0.0,0.0,0.0,0.0,penalty_2000,2000.0
2019-01-06 08:00:00,-24.316591486540034,89.735081,0.0,0.0,42.0,penalty_2000,2000.0
2019-01-06 09:00:00,-24.009242754919956,821.741763,0.0,0.0,42.0,penalty_2000,2000.0
2019-01-06 10:00:00,-24.063661611491554,356.900127,0.0,0.0,42.0,penalty_2000,2000.0
2019-01-06 11:00:00,-24.30516853969599,1254.878488,0.0,0.0,100.0,penalty_2000,2000.0
2019-01-06 12:00:00,-28.142423309516566,1515.12076,0.0,0.0,387.3,penalty_2000,2000.0
2019-01-06 13:00:00,-29.973204854589316,551.798347,0.0,0.0,387.3,penalty_2000,2000.0
2019-01-06 14:00:00,-31.128224763187013,1170.367768,0.0,0.0,417.8,penalty_2000,2000.0
2019-01-06 15:00:00,-29.764945184829827,1255.05034,0.0,0.0,387.3,penalty_2000,2000.0
2019-01-06 16:00:00,-29.987118747343665,787.741253,0.0,0.0,387.3,penalty_2000,2000.0
2019-01-06 17:00:00,-25.494769529305213,1314.519745,0.0,0.0,100.0,penalty_2000,2000.0
2019-01-06 18:00:00,-22.00355160501892,1030.023374,0.0,0.0,42.0,penalty_2000,2000.0
2019-01-06 19:00:00,-22.208010153670415,361.698744,0.0,0.0,42.0,penalty_2000,2000.0
2019-01-06 20:00:00,-23.867223146808172,974.714875,0.0,0.0,42.0,penalty_2000,2000.0
2019-01-06 21:00:00,-27.561543436306927,1636.247424,0.0,0.0,42.0,penalty_2000,2000.0
2019-01-06 22:00:00,-32.70235318671121,1702.440084,0.0,0.0,42.0,penalty_2000,2000.0
2019-01-06 23:00:00,-35.075079374780216,1726.1562,0.0,0.0,42.0,penalty_2000,2000.0
2019-01-07 00:00:00,-37.045285365175886,1740.53777,0.0,0.0,42.0,penalty_2000,2000.0
2019-01-07 01:00:00,-38.52231849894387,1657.354288,0.0,0.0,42.0,penalty_2000,2000.0
2019-01-07 02:00:00,-38.78012378535665,1698.6199,0.0,0.0,42.0,penalty_2000,2000.0
2019-01-07 03:00:00,-38.199773361069255,1666.294306,0.0,0.0,42.0,penalty_2000,2000.0
2019-01-07 04:00:00,-36.89606039977041,1582.622681,0.0,0.0,42.0,penalty_2000,2000.0
2019-01-07 05:00:00,-33.47274399935453,1654.806147,0.0,0.0,42.0,penalty_2000,2000.0
2019-01-07 06:00:00,-28.97995671614298,1596.789914,0.0,0.0,42.0,penalty_2000,2000.0
2019-01-07 07:00:00,-27.628856001071096,1111.510554,0.0,0.0,42.0,penalty_2000,2000.0
2019-01-07 08:00:00,-24.736564828935478,738.25652,0.0,0.0,42.0,penalty_2000,2000.0
2019-01-07 09:00:00,-20.113409794311266,378.17154,0.0,0.0,42.0,penalty_2000,2000.0
2019-01-07 10:00:00,10.293935008958474,0.0,0.0,0.0,0.0,penalty_2000,2000.0
2019-01-07 11:00:00,-23.941200789548216,162.618327,0.0,0.0,339.721982,penalty_2000,2000.0
2019-01-07 12:00:00,-107.3899449538794,673.008611,0.0,0.0,166.900439,penalty_2000,2000.0
2019-01-07 13:00:00,-109.02867234609215,520.855688,0.0,0.0,255.5,penalty_2000,2000.0
2019-01-07 14:00:00,-96.75085246105066,1143.300832,0.0,0.0,225.0,penalty_2000,2000.0
2019-01-07 15:00:00,-105.9526080962634,1203.605011,0.0,0.0,100.0,penalty_2000,2000.0
2019-01-07 16:00:00,-24.8667135597502,485.056753,0.0,0.0,42.0,penalty_2000,2000.0
2019-01-07 17:00:00,-20.36068748655346,307.241836,0.0,0.0,42.0,penalty_2000,2000.0
2019-01-07 18:00:00,11.170423342113278,0.0,0.0,0.0,0.0,penalty_2000,2000.0
2019-01-07 19:00:00,12.543412211755287,0.0,0.0,0.0,0.0,penalty_2000,2000.0
2019-01-07 20:00:00,10.754976585539604,0.0,0.0,0.0,0.0,penalty_2000,2000.0
2019-01-07 21:00:00,9.531194157825839,0.0,0.0,0.0,0.0,penalty_2000,2000.0
2019-01-07 22:00:00,8.565751342235947,0.0,0.0,0.0,0.0,penalty_2000,2000.0
2019-01-07 23:00:00,9.77293628751215,0.0,0.0,0.0,0.0,penalty_2000,2000.0
2019-01-08 00:00:00,10.466619528846405,0.0,0.0,0.0,0.0,penalty_2000,2000.0
2019-01-08 01:00:00,9.946610088580208,0.0,0.0,0.0,0.0,penalty_2000,2000.0
2019-01-08 02:00:00,9.850085383393905,0.0,0.0,0.0,0.0,penalty_2000,2000.0
2019-01-08 03:00:00,10.323641678432836,0.0,0.0,0.0,0.0,penalty_2000,2000.0
2019-01-08 04:00:00,11.96142979365686,0.0,0.0,0.0,0.0,penalty_2000,2000.0
2019-01-08 05:00:00,9.383345266067423,0.0,0.0,0.0,0.0,penalty_2000,2000.0
2019-01-08 06:00:00,14.027232801781617,0.0,0.0,0.0,0.0,penalty_2000,2000.0
2019-01-08 07:00:00,14.560625927416295,0.0,0.0,0.0,0.0,penalty_2000,2000.0
2019-01-08 08:00:00,13.642130279751802,0.0,0.0,0.0,0.0,penalty_2000,2000.0
2019-01-08 09:00:00,15.517704226264204,0.0,0.0,0.0,0.0,penalty_2000,2000.0
2019-01-08 10:00:00,12.514245178818657,0.0,0.0,0.0,0.0,penalty_2000,2000.0
2019-01-08 11:00:00,11.892895999999999,0.0,0.0,0.0,0.0,penalty_2000,2000.0
2019-01-08 12:00:00,11.511167128592847,0.0,0.0,0.0,0.0,penalty_2000,2000.0
2019-01-08 13:00:00,-20.91741571920137,166.428041,0.0,0.0,42.0,penalty_2000,2000.0
2019-01-08 14:00:00,-20.221713061398308,925.933646,0.0,0.0,42.0,penalty_2000,2000.0
2019-01-08 15:00:00,-21.54858508706548,1207.776258,0.0,0.0,42.0,penalty_2000,2000.0
2019-01-08 16:00:00,-22.144540749468938,865.791098,0.0,0.0,42.0,penalty_2000,2000.0
2019-01-08 17:00:00,-21.79297605239219,1135.164612,0.0,0.0,42.0,penalty_2000,2000.0
2019-01-08 18:00:00,-20.083857922465256,471.809168,0.0,0.0,42.0,penalty_2000,2000.0
2019-01-08 19:00:00,13.023488126891545,0.0,0.0,0.0,0.0,penalty_2000,2000.0
2019-01-08 20:00:00,12.380088690308297,0.0,0.0,0.0,0.0,penalty_2000,2000.0
2019-01-08 21:00:00,10.94674344467822,0.0,0.0,0.0,0.0,penalty_2000,2000.0
2019-01-08 22:00:00,10.198160298999884,0.0,0.0,0.0,0.0,penalty_2000,2000.0
2019-01-08 23:00:00,9.962419329576413,0.0,0.0,0.0,0.0,penalty_2000,2000.0
2019-01-09 00:00:00,9.851817857466573,0.0,0.0,0.0,0.0,penalty_2000,2000.0
2019-01-09 01:00:00,10.096903598448042,0.0,0.0,0.0,0.0,penalty_2000,2000.0
2019-01-09 02:00:00,10.301059545820472,0.0,0.0,0.0,0.0,penalty_2000,2000.0
2019-01-09 03:00:00,10.155170512125059,0.0,0.0,0.0,0.0,penalty_2000,2000.0
2019-01-09 04:00:00,10.2347759573716,0.0,0.0,0.0,0.0,penalty_2000,2000.0
2019-01-09 05:00:00,13.418371976556825,0.0,0.0,0.0,0.0,penalty_2000,2000.0
2019-01-09 06:00:00,15.743556767002325,0.0,0.0,0.0,0.0,penalty_2000,2000.0
2019-01-09 07:00:00,16.732480248380053,0.0,0.0,0.0,0.0,penalty_2000,2000.0
2019-01-09 08:00:00,16.43716289477714,0.0,0.0,0.0,0.0,penalty_2000,2000.0
2019-01-09 09:00:00,18.49495729416552,0.0,0.0,0.0,0.0,penalty_2000,2000.0
2019-01-09 10:00:00,17.569605395794035,0.0,0.0,0.0,0.0,penalty_2000,2000.0
2019-01-09 11:00:00,16.345311056594383,0.0,0.0,0.0,0.0,penalty_2000,2000.0
2019-01-09 12:00:00,11.489954096227109,0.0,0.0,0.0,0.0,penalty_2000,2000.0
2019-01-09 13:00:00,12.077029819334959,0.0,0.0,0.0,0.0,penalty_2000,2000.0
2019-01-09 14:00:00,11.112523024595518,0.0,0.0,0.0,0.0,penalty_2000,2000.0
2019-01-09 15:00:00,11.48204623131745,0.0,0.0,0.0,0.0,penalty_2000,2000.0
2019-01-09 16:00:00,11.76463876982083,0.0,0.0,0.0,0.0,penalty_2000,2000.0
2019-01-09 17:00:00,12.225580188663695,0.0,0.0,0.0,0.0,penalty_2000,2000.0
2019-01-09 18:00:00,16.74602982137128,0.0,0.0,0.0,0.0,penalty_2000,2000.0
2019-01-09 19:00:00,22.128264250270803,0.0,0.0,0.0,0.0,penalty_2000,2000.0
2019-01-09 20:00:00,22.901794024031126,0.0,0.0,0.0,0.0,penalty_2000,2000.0
2019-01-09 21:00:00,18.74085293957223,0.0,0.0,0.0,0.0,penalty_2000,2000.0
2019-01-09 22:00:00,15.00794589527903,0.0,0.0,0.0,0.0,penalty_2000,2000.0
2019-01-09 23:00:00,14.83352248107566,0.0,0.0,0.0,0.0,penalty_2000,2000.0
2019-01-10 00:00:00,13.159144659987774,0.0,0.0,0.0,0.0,penalty_2000,2000.0
2019-01-10 01:00:00,13.172914990278647,0.0,0.0,0.0,0.0,penalty_2000,2000.0
2019-01-10 02:00:00,13.200371693523099,0.0,0.0,0.0,0.0,penalty_2000,2000.0
2019-01-10 03:00:00,14.525139327780698,0.0,0.0,0.0,0.0,penalty_2000,2000.0
2019-01-10 04:00:00,13.21561952083331,0.0,0.0,0.0,0.0,penalty_2000,2000.0
2019-01-10 05:00:00,15.243144178678145,0.0,0.0,0.0,0.0,penalty_2000,2000.0
2019-01-10 06:00:00,18.026150622883097,0.0,0.0,0.0,0.0,penalty_2000,2000.0
2019-01-10 07:00:00,17.859933847647667,0.0,0.0,0.0,0.0,penalty_2000,2000.0
2019-01-10 08:00:00,16.297685556415715,0.0,0.0,0.0,0.0,penalty_2000,2000.0
2019-01-10 09:00:00,14.020842397212986,0.0,0.0,0.0,0.0,penalty_2000,2000.0
2019-01-10 10:00:00,11.856057328984356,0.0,0.0,0.0,0.0,penalty_2000,2000.0
2019-01-10 11:00:00,-19.14929965199765,575.431778,0.0,0.0,42.0,penalty_2000,2000.0
2019-01-10 12:00:00,-20.29544842643803,1478.688809,0.0,0.0,100.0,penalty_2000,2000.0
2019-01-10 13:00:00,-26.581517197185455,494.723429,0.0,0.0,387.3,penalty_2000,2000.0
2019-01-10 14:00:00,-25.536446711623544,1091.53861,0.0,0.0,387.3,penalty_2000,2000.0
2019-01-10 15:00:00,-23.007279484579605,1147.908761,0.0,0.0,105.095803,penalty_2000,2000.0
2019-01-10 16:00:00,-23.666407870605873,675.663932,0.0,0.0,387.3,penalty_2000,2000.0
2019-01-10 17:00:00,-17.978716579626585,1159.074995,0.0,0.0,100.0,penalty_2000,2000.0
2019-01-10 18:00:00,-16.623073363490107,838.149632,0.0,0.0,42.0,penalty_2000,2000.0
2019-01-10 19:00:00,-17.698036156478476,614.471065,0.0,0.0,42.0,penalty_2000,2000.0
2019-01-10 20:00:00,-20.274037558176733,499.665577,0.0,0.0,42.0,penalty_2000,2000.0
2019-01-10 21:00:00,-25.427051890068846,339.400192,0.0,0.0,42.0,penalty_2000,2000.0
2019-01-10 22:00:00,8.719272837536002,0.0,0.0,0.0,0.0,penalty_2000,2000.0
2019-01-10 23:00:00,9.969450290138882,0.0,0.0,0.0,0.0,penalty_2000,2000.0
2019-01-11 00:00:00,10.138068148751064,0.0,0.0,0.0,0.0,penalty_2000,2000.0
2019-01-11 01:00:00,10.131645488080274,0.0,0.0,0.0,0.0,penalty_2000,2000.0
2019-01-11 02:00:00,10.311976739109346,0.0,0.0,0.0,0.0,penalty_2000,2000.0
2019-01-11 03:00:00,10.663816968742806,0.0,0.0,0.0,0.0,penalty_2000,2000.0
2019-01-11 04:00:00,10.880419546955261,0.0,0.0,0.0,0.0,penalty_2000,2000.0
2019-01-11 05:00:00,11.204914550986684,0.0,0.0,0.0,0.0,penalty_2000,2000.0
2019-01-11 06:00:00,12.007554976166496,0.0,0.0,0.0,0.0,penalty_2000,2000.0
2019-01-11 07:00:00,11.913613904030292,0.0,0.0,0.0,0.0,penalty_2000,2000.0
2019-01-11 08:00:00,11.5656039053012,0.0,0.0,0.0,0.0,penalty_2000,2000.0
2019-01-11 09:00:00,6.400951786702177,4.300463,0.0,0.0,0.0,penalty_2000,2000.0
2019-01-11 10:00:00,12.239713845836809,0.0,0.0,0.0,0.0,penalty_2000,2000.0
2019-01-11 11:00:00,-14.411311591997624,135.484978,0.0,0.0,58.0,penalty_2000,2000.0
2019-01-11 12:00:00,-19.24162474068769,390.368489,0.0,0.0,42.0,penalty_2000,2000.0
2019-01-11 13:00:00,9.005019145469788,0.0,0.0,0.0,58.0,penalty_2000,2000.0
2019-01-11 14:00:00,-23.917485169134448,385.56483,0.0,0.0,382.634279,penalty_2000,2000.0
2019-01-11 15:00:00,-23.40165322180818,407.82088,0.0,0.0,100.0,penalty_2000,2000.0
2019-01-11 16:00:00,-24.87133555483111,30.140178,0.0,0.0,387.3,penalty_2000,2000.0
2019-01-11 17:00:00,-19.601486041096425,337.465057,0.0,0.0,100.0,penalty_2000,2000.0
2019-01-11 18:00:00,12.077521194878916,0.0,0.0,0.0,0.0,penalty_2000,2000.0
2019-01-11 19:00:00,12.529783362645938,0.0,0.0,0.0,0.0,penalty_2000,2000.0
2019-01-11 20:00:00,10.700863784604245,0.0,0.0,0.0,0.0,penalty_2000,2000.0
2019-01-11 21:00:00,-24.789242553679937,639.530579,0.0,0.0,42.0,penalty_2000,2000.0
2019-01-11 22:00:00,-26.964979987245144,909.437195,0.0,0.0,42.0,penalty_2000,2000.0
2019-01-11 23:00:00,-28.398322635045783,249.111742,0.0,0.0,42.0,penalty_2000,2000.0
2019-01-12 00:00:00,10.457533999999999,0.0,0.0,0.0,0.0,penalty_2000,2000.0
2019-01-12 01:00:00,9.62518541653972,0.0,0.0,0.0,0.0,penalty_2000,2000.0
2019-01-12 02:00:00,9.720388441772924,0.0,0.0,0.0,0.0,penalty_2000,2000.0
2019-01-12 03:00:00,10.980592000000001,0.0,0.0,0.0,0.0,penalty_2000,2000.0
2019-01-12 04:00:00,-31.255998235052786,246.455795,0.0,0.0,42.0,penalty_2000,2000.0
2019-01-12 05:00:00,-32.908678260367545,1322.850602,0.0,0.0,42.0,penalty_2000,2000.0
2019-01-12 06:00:00,-30.507717258594507,1566.197794,0.0,0.0,42.0,penalty_2000,2000.0
2019-01-12 07:00:00,-28.356925056172596,1427.06025,0.0,0.0,42.0,penalty_2000,2000.0
2019-01-12 08:00:00,-25.46731068294726,1271.342858,0.0,0.0,42.0,penalty_2000,2000.0
2019-01-12 09:00:00,-23.50979357442409,1212.877753,0.0,0.0,42.0,penalty_2000,2000.0
2019-01-12 10:00:00,-23.365915056715842,260.357098,0.0,0.0,42.0,penalty_2000,2000.0
2019-01-12 11:00:00,-22.428974469225007,1156.605471,0.0,0.0,228.117005,penalty_2000,2000.0
2019-01-12 12:00:00,-27.542544233541513,1429.405254,0.0,0.0,359.698823,penalty_2000,2000.0
2019-01-12 13:00:00,-64.32668226730682,870.764062,0.0,0.0,249.274538,penalty_2000,2000.0
2019-01-12 14:00:00,-119.6253920559203,1290.588945,0.0,0.0,399.173115,penalty_2000,2000.0
2019-01-12 15:00:00,-24.766547682408667,1171.741114,0.0,0.0,266.748984,penalty_2000,2000.0
2019-01-12 16:00:00,-25.045630347749388,759.6655,0.0,0.0,387.3,penalty_2000,2000.0
2019-01-12 17:00:00,-18.881670514516674,1180.026618,0.0,0.0,42.0,penalty_2000,2000.0
2019-01-12 18:00:00,-18.312486585531868,602.874228,0.0,0.0,42.0,penalty_2000,2000.0
2019-01-12 19:00:00,13.609550011170095,0.0,0.0,0.0,0.0,penalty_2000,2000.0
2019-01-12 20:00:00,13.774551427476425,0.0,0.0,0.0,0.0,penalty_2000,2000.0
2019-01-12 21:00:00,12.503977560570187,0.0,0.0,0.0,0.0,penalty_2000,2000.0
2019-01-12 22:00:00,12.578215143006892,0.0,0.0,0.0,0.0,penalty_2000,2000.0
2019-01-12 23:00:00,12.27993103243222,0.0,0.0,0.0,0.0,penalty_2000,2000.0
2019-01-13 00:00:00,13.415873039830114,0.0,0.0,0.0,0.0,penalty_2000,2000.0
2019-01-13 01:00:00,13.70680866319249,0.0,0.0,0.0,0.0,penalty_2000,2000.0
2019-01-13 02:00:00,13.857512935603312,0.0,0.0,0.0,0.0,penalty_2000,2000.0
2019-01-13 03:00:00,14.13958651728015,0.0,0.0,0.0,0.0,penalty_2000,2000.0
2019-01-13 04:00:00,14.885851048565828,0.0,0.0,0.0,0.0,penalty_2000,2000.0
2019-01-13 05:00:00,16.95640632447778,0.0,0.0,0.0,0.0,penalty_2000,2000.0
2019-01-13 06:00:00,19.17103628174233,0.0,0.0,0.0,0.0,penalty_2000,2000.0
2019-01-13 07:00:00,16.712094568202996,0.0,0.0,0.0,0.0,penalty_2000,2000.0
2019-01-13 08:00:00,21.805220273260602,0.0,0.0,0.0,0.0,penalty_2000,2000.0
2019-01-13 09:00:00,20.138392529079816,0.0,0.0,0.0,0.0,penalty_2000,2000.0
2019-01-13 10:00:00,17.700999489814947,0.0,0.0,0.0,0.0,penalty_2000,2000.0
2019-01-13 11:00:00,16.070564191082585,0.0,0.0,0.0,0.0,penalty_2000,2000.0
2019-01-13 12:00:00,14.60559653098301,0.0,0.0,0.0,0.0,penalty_2000,2000.0
2019-01-13 13:00:00,14.484084214673475,0.0,0.0,0.0,0.0,penalty_2000,2000.0
2019-01-13 14:00:00,12.038396087275961,0.0,0.0,0.0,0.0,penalty_2000,2000.0
2019-01-13 15:00:00,14.341462908407667,0.0,0.0,0.0,0.0,penalty_2000,2000.0
2019-01-13 16:00:00,14.84953632167548,0.0,0.0,0.0,0.0,penalty_2000,2000.0
2019-01-13 17:00:00,18.541752319698762,0.0,0.0,0.0,0.0,penalty_2000,2000.0
2019-01-13 18:00:00,18.808686436653435,0.0,0.0,0.0,0.0,penalty_2000,2000.0
2019-01-13 19:00:00,19.33216584350708,0.0,0.0,0.0,0.0,penalty_2000,2000.0
2019-01-13 20:00:00,19.532921692913053,0.0,0.0,0.0,0.0,penalty_2000,2000.0
2019-01-13 21:00:00,20.456630595700382,0.0,0.0,0.0,0.0,penalty_2000,2000.0
2019-01-13 22:00:00,21.696066569065483,0.0,0.0,0.0,0.0,penalty_2000,2000.0
2019-01-13 23:00:00,21.664194559236165,0.0,0.0,0.0,0.0,penalty_2000,2000.0
2019-01-14 00:00:00,19.484470265209907,0.0,0.0,0.0,0.0,penalty_2000,2000.0
2019-01-14 01:00:00,18.12360216963638,0.0,0.0,0.0,0.0,penalty_2000,2000.0
2019-01-14 02:00:00,17.524042602500405,0.0,0.0,0.0,0.0,penalty_2000,2000.0
2019-01-14 03:00:00,16.694918544835303,0.0,0.0,0.0,0.0,penalty_2000,2000.0
2019-01-14 04:00:00,17.588526040984398,0.0,0.0,0.0,0.0,penalty_2000,2000.0
2019-01-14 05:00:00,15.56497694413793,0.0,0.0,0.0,0.0,penalty_2000,2000.0
2019-01-14 06:00:00,19.73826012358784,0.0,0.0,0.0,0.0,penalty_2000,2000.0
2019-01-14 07:00:00,35.509630236459145,0.0,0.0,0.0,0.0,penalty_2000,2000.0
2019-01-14 08:00:00,20.89335795767113,0.0,0.0,0.0,0.0,penalty_2000,2000.0
2019-01-14 09:00:00,23.203637700859943,0.0,0.0,0.0,0.0,penalty_2000,2000.0
2019-01-14 10:00:00,18.29254014829571,0.0,0.0,0.0,0.0,penalty_2000,2000.0
2019-01-14 11:00:00,17.179209025573396,0.0,0.0,0.0,0.0,penalty_2000,2000.0
2019-01-14 12:00:00,15.696337321476665,0.0,0.0,0.0,0.0,penalty_2000,2000.0
2019-01-14 13:00:00,14.137432803380523,0.0,0.0,0.0,0.0,penalty_2000,2000.0
2019-01-14 14:00:00,13.497913513162555,0.0,0.0,0.0,0.0,penalty_2000,2000.0
2019-01-14 15:00:00,15.635438709122976,0.0,0.0,0.0,0.0,penalty_2000,2000.0
2019-01-14 16:00:00,17.02940354771172,0.0,0.0,0.0,0.0,penalty_2000,2000.0
2019-01-14 17:00:00,18.35909050483482,0.0,0.0,0.0,0.0,penalty_2000,2000.0
2019-01-14 18:00:00,25.94985357120598,0.0,0.0,0.0,0.0,penalty_2000,2000.0
2019-01-14 19:00:00,30.122345983513895,0.0,0.0,0.0,0.0,penalty_2000,2000.0
2019-01-14 20:00:00,21.87060316478184,0.0,0.0,0.0,0.0,penalty_2000,2000.0
2019-01-14 21:00:00,20.111618829384426,0.0,0.0,0.0,0.0,penalty_2000,2000.0
2019-01-14 22:00:00,18.253572717292286,0.0,0.0,0.0,0.0,penalty_2000,2000.0
2019-01-14 23:00:00,17.399453156274852,0.0,0.0,0.0,0.0,penalty_2000,2000.0
2019-01-15 00:00:00,15.982211958076133,0.0,0.0,0.0,0.0,penalty_2000,2000.0
2019-01-15 01:00:00,15.45057706501432,0.0,0.0,0.0,0.0,penalty_2000,2000.0
2019-01-15 02:00:00,15.629146982120773,0.0,0.0,0.0,0.0,penalty_2000,2000.0
2019-01-15 03:00:00,15.798937980252228,0.0,0.0,0.0,0.0,penalty_2000,2000.0
2019-01-15 04:00:00,16.485937781469033,0.0,0.0,0.0,0.0,penalty_2000,2000.0
2019-01-15 05:00:00,13.10101174273008,0.0,0.0,0.0,0.0,penalty_2000,2000.0
2019-01-15 06:00:00,15.006801149354203,0.0,0.0,0.0,0.0,penalty_2000,2000.0
2019-01-15 07:00:00,17.233362889120787,0.0,0.0,0.0,0.0,penalty_2000,2000.0
2019-01-15 08:00:00,42.5678470584429,0.0,0.0,0.0,0.0,penalty_2000,2000.0
2019-01-15 09:00:00,21.180843601773518,0.0,0.0,0.0,0.0,penalty_2000,2000.0
2019-01-15 10:00:00,13.33582612101906,0.0,0.0,0.0,0.0,penalty_2000,2000.0
2019-01-15 11:00:00,13.071597973646416,0.0,0.0,0.0,0.0,penalty_2000,2000.0
2019-01-15 12:00:00,-13.984829760689385,167.515904,0.0,0.0,42.0,penalty_2000,2000.0
2019-01-15 13:00:00,11.028313406930035,0.0,0.0,0.0,0.0,penalty_2000,2000.0
2019-01-15 14:00:00,-17.387776868245563,138.42714,0.0,0.0,100.0,penalty_2000,2000.0
2019-01-15 15:00:00,10.924792311142951,0.0,0.0,0.0,0.0,penalty_2000,2000.0
2019-01-15 16:00:00,11.088443718394135,0.0,0.0,0.0,0.0,penalty_2000,2000.0
2019-01-15 17:00:00,11.78702128783259,0.0,0.0,0.0,0.0,penalty_2000,2000.0
2019-01-15 18:00:00,14.020564915615706,0.0,0.0,0.0,0.0,penalty_2000,2000.0
2019-01-15 19:00:00,15.869734478507729,0.0,0.0,0.0,0.0,penalty_2000,2000.0
2019-01-15 20:00:00,14.112783403907512,0.0,0.0,0.0,0.0,penalty_2000,2000.0
2019-01-15 21:00:00,11.642459514245001,0.0,0.0,0.0,0.0,penalty_2000,2000.0
2019-01-15 22:00:00,13.304179794457553,0.0,0.0,0.0,0.0,penalty_2000,2000.0
2019-01-15 23:00:00,12.38377813900624,0.0,0.0,0.0,0.0,penalty_2000,2000.0
2019-01-16 00:00:00,10.921353474355975,0.0,0.0,0.0,0.0,penalty_2000,2000.0
2019-01-16 01:00:00,10.215306555812537,0.0,0.0,0.0,0.0,penalty_2000,2000.0
2019-01-16 02:00:00,9.87441558988845,0.0,0.0,0.0,0.0,penalty_2000,2000.0
2019-01-16 03:00:00,9.835735741966756,0.0,0.0,0.0,0.0,penalty_2000,2000.0
2019-01-16 04:00:00,9.94250424097866,0.0,0.0,0.0,0.0,penalty_2000,2000.0
2019-01-16 05:00:00,11.985285839895296,0.0,0.0,0.0,0.0,penalty_2000,2000.0
2019-01-16 06:00:00,10.808077343048167,0.0,0.0,0.0,0.0,penalty_2000,2000.0
2019-01-16 07:00:00,11.6327878320207,0.0,0.0,0.0,0.0,penalty_2000,2000.0
2019-01-16 08:00:00,10.711942235850147,0.0,0.0,0.0,0.0,penalty_2000,2000.0
2019-01-16 09:00:00,13.10363199440768,0.0,0.0,0.0,0.0,penalty_2000,2000.0
2019-01-16 10:00:00,12.444008706497547,0.0,0.0,0.0,0.0,penalty_2000,2000.0
2019-01-16 11:00:00,-14.38437765537428,367.598184,0.0,0.0,42.0,penalty_2000,2000.0
2019-01-16 12:00:00,-17.36756571579208,1079.228595,0.0,0.0,100.0,penalty_2000,2000.0
2019-01-16 13:00:00,-24.72601068995103,168.767046,0.0,0.0,387.3,penalty_2000,2000.0
2019-01-16 14:00:00,-101.70883077323049,1005.432278,0.0,0.0,255.5,penalty_2000,2000.0
2019-01-16 15:00:00,-101.86440719262208,1284.72242,0.0,0.0,130.5,penalty_2000,2000.0
2019-01-16 16:00:00,-23.556933026297834,859.208655,0.0,0.0,121.120256,penalty_2000,2000.0
2019-01-16 17:00:00,-20.786259590809166,1175.364355,0.0,0.0,113.373264,penalty_2000,2000.0
2019-01-16 18:00:00,10.374976470682189,0.0,0.0,0.0,0.0,penalty_2000,2000.0
2019-01-16 19:00:00,13.845050634501712,0.0,0.0,0.0,0.0,penalty_2000,2000.0
2019-01-16 20:00:00,12.990943097328234,0.0,0.0,0.0,0.0,penalty_2000,2000.0
2019-01-16 21:00:00,10.637982674619288,0.0,0.0,0.0,0.0,penalty_2000,2000.0
2019-01-16 22:00:00,9.195837594670394,0.0,0.0,0.0,0.0,penalty_2000,2000.0
2019-01-16 23:00:00,8.548442480483356,0.0,0.0,0.0,0.0,penalty_2000,2000.0
2019-01-17 00:00:00,10.7462206858676,0.0,0.0,0.0,0.0,penalty_2000,2000.0
2019-01-17 01:00:00,10.624701850776297,0.0,0.0,0.0,0.0,penalty_2000,2000.0
2019-01-17 02:00:00,12.89889904740284,0.0,0.0,0.0,0.0,penalty_2000,2000.0
2019-01-17 03:00:00,10.643175402583793,0.0,0.0,0.0,0.0,penalty_2000,2000.0
2019-01-17 04:00:00,11.709721954855368,0.0,0.0,0.0,0.0,penalty_2000,2000.0
2019-01-17 05:00:00,13.74628511419602,0.0,0.0,0.0,0.0,penalty_2000,2000.0
2019-01-17 06:00:00,12.379233675844397,0.0,0.0,0.0,0.0,penalty_2000,2000.0
2019-01-17 07:00:00,13.373881866066418,0.0,0.0,0.0,0.0,penalty_2000,2000.0
2019-01-17 08:00:00,13.837697005563362,0.0,0.0,0.0,0.0,penalty_2000,2000.0
2019-01-17 09:00:00,14.614169718685252,0.0,0.0,0.0,0.0,penalty_2000,2000.0
2019-01-17 10:00:00,14.986078958509054,0.0,0.0,0.0,0.0,penalty_2000,2000.0
2019-01-17 11:00:00,14.545926481035277,0.0,0.0,0.0,0.0,penalty_2000,2000.0
2019-01-17 12:00:00,13.531086424047738,0.0,0.0,0.0,0.0,penalty_2000,2000.0
2019-01-17 13:00:00,11.926041050635382,0.0,0.0,0.0,0.0,penalty_2000,2000.0
2019-01-17 14:00:00,11.382988742862349,0.0,0.0,0.0,0.0,penalty_2000,2000.0
2019-01-17 15:00:00,11.41932845718321,0.0,0.0,0.0,0.0,penalty_2000,2000.0
2019-01-17 16:00:00,12.955439429100581,0.0,0.0,0.0,0.0,penalty_2000,2000.0
2019-01-17 17:00:00,14.671522855718113,0.0,0.0,0.0,0.0,penalty_2000,2000.0
2019-01-17 18:00:00,20.70129505163855,0.0,0.0,0.0,0.0,penalty_2000,2000.0
2019-01-17 19:00:00,29.320523128765988,0.0,0.0,0.0,0.0,penalty_2000,2000.0
2019-01-17 20:00:00,50.007663913170965,0.0,0.0,0.0,0.0,penalty_2000,2000.0
2019-01-17 21:00:00,16.280227004065267,0.0,0.0,0.0,0.0,penalty_2000,2000.0
2019-01-17 22:00:00,12.157862477132307,0.0,0.0,0.0,0.0,penalty_2000,2000.0
2019-01-17 23:00:00,12.445600078567997,0.0,0.0,0.0,0.0,penalty_2000,2000.0
2019-01-18 00:00:00,10.35412934374509,0.0,0.0,0.0,0.0,penalty_2000,2000.0
2019-01-18 01:00:00,9.816401598571067,0.0,0.0,0.0,0.0,penalty_2000,2000.0
2019-01-18 02:00:00,10.05634766958289,0.0,0.0,0.0,0.0,penalty_2000,2000.0
2019-01-18 03:00:00,9.677644178113372,0.0,0.0,0.0,0.0,penalty_2000,2000.0
2019-01-18 04:00:00,4.808709393438994,0.0,0.0,0.0,0.0,penalty_2000,2000.0
2019-01-18 05:00:00,-26.81056262429476,290.618437,0.0,0.0,42.0,penalty_2000,2000.0
2019-01-18 06:00:00,-19.878278529791647,733.608832,0.0,0.0,0.0,penalty_2000,2000.0
2019-01-18 07:00:00,-17.845612705022916,1116.667334,0.0,0.0,0.0,penalty_2000,2000.0
2019-01-18 08:00:00,-20.02630768261749,1346.098413,0.0,0.0,0.0,penalty_2000,2000.0
2019-01-18 09:00:00,-17.305456699656578,1320.425622,0.0,0.0,22.891941,penalty_2000,2000.0
2019-01-18 10:00:00,-21.29473892638462,422.961655,0.0,0.0,42.0,penalty_2000,2000.0
2019-01-18 11:00:00,-23.60850358067238,1329.679766,0.0,0.0,292.8,penalty_2000,2000.0
2019-01-18 12:00:00,-105.35507375396087,1673.636261,0.0,0.0,255.5,penalty_2000,2000.0
2019-01-18 13:00:00,-58.259923583758784,1288.762866,0.0,0.0,387.3,penalty_2000,2000.0
2019-01-18 14:00:00,-139.1557241584778,1938.499092,0.0,0.0,392.412546,penalty_2000,2000.0
2019-01-18 15:00:00,-106.06619920667852,1826.755961,0.0,0.0,255.5,penalty_2000,2000.0
2019-01-18 16:00:00,-106.0433630352241,975.692129,0.0,0.0,255.5,penalty_2000,2000.0
2019-01-18 17:00:00,-23.283275203965403,985.013433,0.0,0.0,93.34079,penalty_2000,2000.0
2019-01-18 18:00:00,-22.563375870511717,616.004792,0.0,0.0,100.0,penalty_2000,2000.0
2019-01-18 19:00:00,-21.381837981285074,473.954636,0.0,0.0,42.0,penalty_2000,2000.0
2019-01-18 20:00:00,-23.876058820178876,1180.842413,0.0,0.0,42.0,penalty_2000,2000.0
2019-01-18 21:00:00,-27.655234621733563,1605.424023,0.0,0.0,42.0,penalty_2000,2000.0
2019-01-18 22:00:00,-29.70541843395465,758.689137,0.0,0.0,42.0,penalty_2000,2000.0
2019-01-18 23:00:00,-36.83167863915756,846.548156,0.0,0.0,42.0,penalty_2000,2000.0
2019-01-19 00:00:00,-38.774432595011085,852.17985,0.0,0.0,42.0,penalty_2000,2000.0
2019-01-19 01:00:00,8.411406371197138,0.0,0.0,0.0,0.0,penalty_2000,2000.0
2019-01-19 02:00:00,7.292436064736203,0.0,0.0,0.0,0.0,penalty_2000,2000.0
2019-01-19 03:00:00,7.180993806512052,0.0,0.0,0.0,0.0,penalty_2000,2000.0
2019-01-19 04:00:00,12.079278710014716,0.0,0.0,0.0,0.0,penalty_2000,2000.0
2019-01-19 05:00:00,-25.334550446244663,246.742276,0.0,0.0,42.0,penalty_2000,2000.0
2019-01-19 06:00:00,-25.216270886398686,963.079693,0.0,0.0,42.0,penalty_2000,2000.0
2019-01-19 07:00:00,-19.353416280447455,1412.716346,0.0,0.0,0.0,penalty_2000,2000.0
2019-01-19 08:00:00,8.973426905447191,1256.451172,0.0,0.0,0.0,penalty_2000,2000.0
2019-01-19 09:00:00,15.706871301313068,1233.453428,0.0,0.0,0.0,penalty_2000,2000.0
2019-01-19 10:00:00,16.862272168817846,327.103657,0.0,0.0,0.0,penalty_2000,2000.0
2019-01-19 11:00:00,19.03984867114181,1258.446291,0.0,0.0,220.3,penalty_2000,2000.0
2019-01-19 12:00:00,-89.37757585962846,1474.662166,0.0,0.0,93.196694,penalty_2000,2000.0
2019-01-19 13:00:00,-90.85479771241091,1127.362271,0.0,0.0,255.5,penalty_2000,2000.0
2019-01-19 14:00:00,-97.26049772232889,1798.482542,0.0,0.0,255.5,penalty_2000,2000.0
2019-01-19 15:00:00,-93.92095032043922,1690.376905,0.0,0.0,255.5,penalty_2000,2000.0
2019-01-19 16:00:00,-20.722199539085537,668.962363,0.0,0.0,100.0,penalty_2000,2000.0
2019-01-19 17:00:00,-18.520400779222214,1041.599165,0.0,0.0,100.0,penalty_2000,2000.0
2019-01-19 18:00:00,-14.898847672296673,399.459388,0.0,0.0,35.153035,penalty_2000,2000.0
2019-01-19 19:00:00,12.674252507676647,0.0,0.0,0.0,0.0,penalty_2000,2000.0
2019-01-19 20:00:00,12.860547856725969,0.0,0.0,0.0,0.0,penalty_2000,2000.0
2019-01-19 21:00:00,12.203357890868448,0.0,0.0,0.0,0.0,penalty_2000,2000.0
2019-01-19 22:00:00,12.870252794114384,0.0,0.0,0.0,0.0,penalty_2000,2000.0
2019-01-19 23:00:00,13.335422530202466,0.0,0.0,0.0,0.0,penalty_2000,2000.0
2019-01-20 00:00:00,12.900766685764864,0.0,0.0,0.0,0.0,penalty_2000,2000.0
2019-01-20 01:00:00,12.863539318940036,0.0,0.0,0.0,0.0,penalty_2000,2000.0
2019-01-20 02:00:00,12.167581767714786,0.0,0.0,0.0,0.0,penalty_2000,2000.0
2019-01-20 03:00:00,12.679510364855979,0.0,0.0,0.0,0.0,penalty_2000,2000.0
2019-01-20 04:00:00,12.745053575155234,0.0,0.0,0.0,0.0,penalty_2000,2000.0
2019-01-20 05:00:00,15.00928573355754,0.0,0.0,0.0,0.0,penalty_2000,2000.0
2019-01-20 06:00:00,17.073675195255518,0.0,0.0,0.0,0.0,penalty_2000,2000.0
2019-01-20 07:00:00,18.55417020771306,0.0,0.0,0.0,0.0,penalty_2000,2000.0
2019-01-20 08:00:00,16.24732914613667,0.0,0.0,0.0,0.0,penalty_2000,2000.0
2019-01-20 09:00:00,14.207762877025653,0.0,0.0,0.0,0.0,penalty_2000,2000.0
2019-01-20 10:00:00,11.461541815969557,0.0,0.0,0.0,0.0,penalty_2000,2000.0
2019-01-20 11:00:00,10.843120948239852,0.0,0.0,0.0,0.0,penalty_2000,2000.0
2019-01-20 12:00:00,-17.722979020594945,100.723713,0.0,0.0,100.0,penalty_2000,2000.0
2019-01-20 13:00:00,-22.48530582802697,310.200149,0.0,0.0,262.3,penalty_2000,2000.0
2019-01-20 14:00:00,-25.201082234594022,940.42786,0.0,0.0,387.3,penalty_2000,2000.0
2019-01-20 15:00:00,-24.57443030132651,1341.619681,0.0,0.0,262.3,penalty_2000,2000.0
2019-01-20 16:00:00,-24.609491429398695,891.526732,0.0,0.0,262.3,penalty_2000,2000.0
2019-01-20 17:00:00,-20.65856298778116,974.057793,0.0,0.0,42.0,penalty_2000,2000.0
2019-01-20 18:00:00,10.937429029310856,0.0,0.0,0.0,0.0,penalty_2000,2000.0
2019-01-20 19:00:00,11.721387067599634,0.0,0.0,0.0,0.0,penalty_2000,2000.0
2019-01-20 20:00:00,11.022374522543736,0.0,0.0,0.0,0.0,penalty_2000,2000.0
2019-01-20 21:00:00,11.072252605323335,0.0,0.0,0.0,0.0,penalty_2000,2000.0
2019-01-20 22:00:00,11.054939725745736,0.0,0.0,0.0,0.0,penalty_2000,2000.0
2019-01-20 23:00:00,10.387583008957865,0.0,0.0,0.0,0.0,penalty_2000,2000.0
2019-01-21 00:00:00,10.573334330997714,0.0,0.0,0.0,0.0,penalty_2000,2000.0
2019-01-21 01:00:00,11.057130002126282,0.0,0.0,0.0,0.0,penalty_2000,2000.0
2019-01-21 02:00:00,10.695940486830615,0.0,0.0,0.0,0.0,penalty_2000,2000.0
2019-01-21 03:00:00,10.855692244121323,0.0,0.0,0.0,0.0,penalty_2000,2000.0
2019-01-21 04:00:00,11.251457553830663,0.0,0.0,0.0,0.0,penalty_2000,2000.0
2019-01-21 05:00:00,-11.211620278696058,231.001885,0.0,0.0,0.0,penalty_2000,2000.0
2019-01-21 06:00:00,-7.225126958449613,583.914779,0.0,0.0,0.0,penalty_2000,2000.0
2019-01-21 07:00:00,12.052627005447896,782.096221,0.0,0.0,0.0,penalty_2000,2000.0
2019-01-21 08:00:00,5.129178254411126,1288.062913,0.0,0.0,0.0,penalty_2000,2000.0
2019-01-21 09:00:00,4.658055864556027,1306.738557,0.0,0.0,0.0,penalty_2000,2000.0
2019-01-21 10:00:00,-14.648745856646187,429.594824,0.0,0.0,12.081655,penalty_2000,2000.0
2019-01-21 11:00:00,-17.138465383825494,1369.876357,0.0,0.0,262.3,penalty_2000,2000.0
2019-01-21 12:00:00,-94.06695196933478,1685.967943,0.0,0.0,130.5,penalty_2000,2000.0
2019-01-21 13:00:00,-57.55068822425256,844.491377,0.0,0.0,326.491695,penalty_2000,2000.0
2019-01-21 14:00:00,-59.63361947116547,1639.187936,0.0,0.0,106.106251,penalty_2000,2000.0
2019-01-21 15:00:00,-108.67258189726492,1676.706289,0.0,0.0,414.157724,penalty_2000,2000.0
2019-01-21 16:00:00,-111.84387891453821,1044.801157,0.0,0.0,417.8,penalty_2000,2000.0
2019-01-21 17:00:00,-23.790220264683132,1401.251758,0.0,0.0,63.764101,penalty_2000,2000.0
2019-01-21 18:00:00,-20.142895285168475,1114.40291,0.0,0.0,42.0,penalty_2000,2000.0
2019-01-21 19:00:00,-18.695976487270464,869.699839,0.0,0.0,42.0,penalty_2000,2000.0
2019-01-21 20:00:00,-21.95413915924419,1141.427416,0.0,0.0,42.0,penalty_2000,2000.0
2019-01-21 21:00:00,-26.6672497552356,1568.787362,0.0,0.0,42.0,penalty_2000,2000.0
2019-01-21 22:00:00,-29.56064120447373,1590.67591,0.0,0.0,42.0,penalty_2000,2000.0
2019-01-21 23:00:00,-36.970599924047725,1619.733626,0.0,0.0,89.725607,penalty_2000,2000.0
2019-01-22 00:00:00,-39.56874262433309,1641.921411,0.0,0.0,42.0,penalty_2000,2000.0
2019-01-22 01:00:00,-40.327330497364756,1556.453789,0.0,0.0,100.0,penalty_2000,2000.0
2019-01-22 02:00:00,-41.22689223256224,1608.328267,0.0,0.0,42.0,penalty_2000,2000.0
2019-01-22 03:00:00,-41.74716803565455,1572.21188,0.0,0.0,100.0,penalty_2000,2000.0
2019-01-22 04:00:00,-39.168965469143394,1498.967444,0.0,0.0,100.0,penalty_2000,2000.0
2019-01-22 05:00:00,-33.771679458684055,1510.429511,0.0,0.0,42.0,penalty_2000,2000.0
2019-01-22 06:00:00,-26.396036626062,1238.456582,0.0,0.0,42.0,penalty_2000,2000.0
2019-01-22 07:00:00,-26.197408894199597,947.672833,0.0,0.0,42.0,penalty_2000,2000.0
2019-01-22 08:00:00,-24.055902350195225,609.306249,0.0,0.0,42.0,penalty_2000,2000.0
2019-01-22 09:00:00,-23.32192198085988,775.792164,0.0,0.0,42.0,penalty_2000,2000.0
2019-01-22 10:00:00,-23.484288122467436,280.501337,0.0,0.0,42.0,penalty_2000,2000.0
2019-01-22 11:00:00,-25.201333937201778,155.375242,0.0,0.0,262.3,penalty_2000,2000.0
2019-01-22 12:00:00,-24.002665602987484,152.106054,0.0,0.0,387.3,penalty_2000,2000.0
2019-01-22 13:00:00,-73.95151521476005,682.338236,0.0,0.0,255.5,penalty_2000,2000.0
2019-01-22 14:00:00,-76.08023666561488,666.305411,0.0,0.0,367.620433,penalty_2000,2000.0
2019-01-22 15:00:00,-113.3072139606545,750.307596,0.0,0.0,417.8,penalty_2000,2000.0
2019-01-22 16:00:00,-74.61162678802576,99.359559,0.0,0.0,130.5,penalty_2000,2000.0
2019-01-22 17:00:00,-24.899187955465614,369.219682,0.0,0.0,42.0,penalty_2000,2000.0
2019-01-22 18:00:00,-22.709580580807188,986.154652,0.0,0.0,42.0,penalty_2000,2000.0
2019-01-22 19:00:00,-21.377130691656397,808.476104,0.0,0.0,42.0,penalty_2000,2000.0
2019-01-22 20:00:00,-22.315561665105534,1068.866944,0.0,0.0,42.0,penalty_2000,2000.0
2019-01-22 21:00:00,-24.9936504424958,1508.38776,0.0,0.0,42.0,penalty_2000,2000.0
2019-01-22 22:00:00,-26.74506900171586,1502.204413,0.0,0.0,42.0,penalty_2000,2000.0
2019-01-22 23:00:00,-27.71098328461297,1482.119194,0.0,0.0,42.0,penalty_2000,2000.0
2019-01-23 00:00:00,-25.287042112874097,1474.394877,0.0,0.0,42.0,penalty_2000,2000.0
2019-01-23 01:00:00,-20.405308642300447,1255.674581,0.0,0.0,42.0,penalty_2000,2000.0
2019-01-23 02:00:00,-19.816365096946672,1224.899733,0.0,0.0,0.0,penalty_2000,2000.0
2019-01-23 03:00:00,-18.489975906449473,394.260185,0.0,0.0,0.0,penalty_2000,2000.0
2019-01-23 04:00:00,13.68509030849452,0.0,0.0,0.0,0.0,penalty_2000,2000.0
2019-01-23 05:00:00,12.786392376004335,0.0,0.0,0.0,0.0,penalty_2000,2000.0
2019-01-23 06:00:00,17.5692194191018,0.0,0.0,0.0,0.0,penalty_2000,2000.0
2019-01-23 07:00:00,19.052842413301,0.0,0.0,0.0,0.0,penalty_2000,2000.0
2019-01-23 08:00:00,19.033823048422004,0.0,0.0,0.0,0.0,penalty_2000,2000.0
2019-01-23 09:00:00,17.969649773175245,0.0,0.0,0.0,0.0,penalty_2000,2000.0
2019-01-23 10:00:00,16.54034656957257,0.0,0.0,0.0,0.0,penalty_2000,2000.0
2019-01-23 11:00:00,13.605959883758329,0.0,0.0,0.0,0.0,penalty_2000,2000.0
2019-01-23 12:00:00,12.64034822411666,0.0,0.0,0.0,0.0,penalty_2000,2000.0
2019-01-23 13:00:00,-55.35515360922264,269.005902,0.0,0.0,88.5,penalty_2000,2000.0
2019-01-23 14:00:00,-57.65439670216248,540.384918,0.0,0.0,88.5,penalty_2000,2000.0
2019-01-23 15:00:00,-54.572371478389314,634.372727,0.0,0.0,88.5,penalty_2000,2000.0
2019-01-23 16:00:00,-54.3515753177407,414.336399,0.0,0.0,91.234991,penalty_2000,2000.0
2019-01-23 17:00:00,13.16012688402413,0.0,0.0,0.0,0.0,penalty_2000,2000.0
2019-01-23 18:00:00,15.238058947991702,0.0,0.0,0.0,0.0,penalty_2000,2000.0
2019-01-23 19:00:00,18.628606834217184,0.0,0.0,0.0,0.0,penalty_2000,2000.0
2019-01-23 20:00:00,19.76822453869961,0.0,0.0,0.0,0.0,penalty_2000,2000.0
2019-01-23 21:00:00,22.062479427081993,0.0,0.0,0.0,0.0,penalty_2000,2000.0
2019-01-23 22:00:00,19.750735903197054,0.0,0.0,0.0,0.0,penalty_2000,2000.0
2019-01-23 23:00:00,19.70853155138351,0.0,0.0,0.0,0.0,penalty_2000,2000.0
2019-01-24 00:00:00,16.492137250715317,0.0,0.0,0.0,0.0,penalty_2000,2000.0
2019-01-24 01:00:00,14.371759501775863,0.0,0.0,0.0,0.0,penalty_2000,2000.0
2019-01-24 02:00:00,16.609183352181628,0.0,0.0,0.0,0.0,penalty_2000,2000.0
2019-01-24 03:00:00,18.063412785623,0.0,0.0,0.0,0.0,penalty_2000,2000.0
2019-01-24 04:00:00,17.731398451640594,0.0,0.0,0.0,0.0,penalty_2000,2000.0
2019-01-24 05:00:00,15.94351652051679,0.0,0.0,0.0,0.0,penalty_2000,2000.0
2019-01-24 06:00:00,22.98805534629377,0.0,0.0,0.0,0.0,penalty_2000,2000.0
2019-01-24 07:00:00,26.897205418554304,0.0,0.0,0.0,0.0,penalty_2000,2000.0
2019-01-24 08:00:00,22.350898293475762,0.0,0.0,0.0,0.0,penalty_2000,2000.0
2019-01-24 09:00:00,15.037630201887428,0.0,0.0,0.0,0.0,penalty_2000,2000.0
2019-01-24 10:00:00,11.385051277876064,0.0,0.0,0.0,0.0,penalty_2000,2000.0
2019-01-24 11:00:00,15.661325043886334,0.0,0.0,0.0,0.0,penalty_2000,2000.0
2019-01-24 12:00:00,-63.25591815023925,71.733073,0.0,0.0,88.5,penalty_2000,2000.0
2019-01-24 13:00:00,-94.63072760385938,1097.868535,0.0,0.0,130.5,penalty_2000,2000.0
2019-01-24 14:00:00,-102.30504086176286,1851.961754,0.0,0.0,130.5,penalty_2000,2000.0
2019-01-24 15:00:00,-107.4502635840838,1850.953048,0.0,0.0,130.5,penalty_2000,2000.0
2019-01-24 16:00:00,-107.91931332078254,1076.383208,0.0,0.0,130.5,penalty_2000,2000.0
2019-01-24 17:00:00,-21.96640245943297,1241.267261,0.0,0.0,42.0,penalty_2000,2000.0
2019-01-24 18:00:00,-17.360603858502152,895.425321,0.0,0.0,42.0,penalty_2000,2000.0
2019-01-24 19:00:00,9.814515862728504,0.0,0.0,0.0,0.0,penalty_2000,2000.0
2019-01-24 20:00:00,10.961887926330828,0.0,0.0,0.0,0.0,penalty_2000,2000.0
2019-01-24 21:00:00,10.69127131097098,0.0,0.0,0.0,0.0,penalty_2000,2000.0
2019-01-24 22:00:00,10.577540124181315,0.0,0.0,0.0,0.0,penalty_2000,2000.0
2019-01-24 23:00:00,9.299456310852321,0.0,0.0,0.0,0.0,penalty_2000,2000.0
2019-01-25 00:00:00,9.899605978454462,0.0,0.0,0.0,0.0,penalty_2000,2000.0
2019-01-25 01:00:00,11.337111312167853,0.0,0.0,0.0,0.0,penalty_2000,2000.0
2019-01-25 02:00:00,11.243316267351007,0.0,0.0,0.0,0.0,penalty_2000,2000.0
2019-01-25 03:00:00,11.643410283580273,0.0,0.0,0.0,0.0,penalty_2000,2000.0
2019-01-25 04:00:00,11.717378411001308,0.0,0.0,0.0,0.0,penalty_2000,2000.0
2019-01-25 05:00:00,13.641810537677532,0.0,0.0,0.0,0.0,penalty_2000,2000.0
2019-01-25 06:00:00,20.739891836856067,0.0,0.0,0.0,0.0,penalty_2000,2000.0
2019-01-25 07:00:00,20.821136802187546,0.0,0.0,0.0,0.0,penalty_2000,2000.0
2019-01-25 08:00:00,21.921445837938254,0.0,0.0,0.0,0.0,penalty_2000,2000.0
2019-01-25 09:00:00,21.10545892660482,0.0,0.0,0.0,0.0,penalty_2000,2000.0
2019-01-25 10:00:00,17.381411435531444,0.0,0.0,0.0,0.0,penalty_2000,2000.0
2019-01-25 11:00:00,16.1675016993253,0.0,0.0,0.0,0.0,penalty_2000,2000.0
2019-01-25 12:00:00,13.049794575243242,0.0,0.0,0.0,0.0,penalty_2000,2000.0
2019-01-25 13:00:00,-5.501203669044883,0.0,0.0,0.0,58.0,penalty_2000,2000.0
2019-01-25 14:00:00,-62.257421676830404,0.0,0.0,0.0,375.8,penalty_2000,2000.0
2019-01-25 15:00:00,11.720218933603327,0.0,0.0,0.0,0.0,penalty_2000,2000.0
2019-01-25 16:00:00,13.96992701327857,0.0,0.0,0.0,0.0,penalty_2000,2000.0
2019-01-25 17:00:00,14.587286769352108,0.0,0.0,0.0,0.0,penalty_2000,2000.0
2019-01-25 18:00:00,19.888765838681238,0.0,0.0,0.0,0.0,penalty_2000,2000.0
2019-01-25 19:00:00,20.676870956013943,0.0,0.0,0.0,0.0,penalty_2000,2000.0
2019-01-25 20:00:00,19.923110704288483,0.0,0.0,0.0,0.0,penalty_2000,2000.0
2019-01-25 21:00:00,20.49990086070225,0.0,0.0,0.0,0.0,penalty_2000,2000.0
2019-01-25 22:00:00,15.056535119742295,0.0,0.0,0.0,0.0,penalty_2000,2000.0
2019-01-25 23:00:00,16.065742802958244,0.0,0.0,0.0,0.0,penalty_2000,2000.0
2019-01-26 00:00:00,15.153388639298306,0.0,0.0,0.0,0.0,penalty_2000,2000.0
2019-01-26 01:00:00,14.542300686943033,0.0,0.0,0.0,0.0,penalty_2000,2000.0
2019-01-26 02:00:00,27.791097224428423,0.0,0.0,0.0,0.0,penalty_2000,2000.0
2019-01-26 03:00:00,27.807049370679312,0.0,0.0,0.0,0.0,penalty_2000,2000.0
2019-01-26 04:00:00,313.031788684919,0.0,0.0,0.0,0.0,penalty_2000,2000.0
2019-01-26 05:00:00,16.484899178609986,0.0,0.0,0.0,0.0,penalty_2000,2000.0
2019-01-26 06:00:00,21.771262410006997,0.0,0.0,0.0,0.0,penalty_2000,2000.0
2019-01-26 07:00:00,46.10874153824814,0.0,0.0,0.0,0.0,penalty_2000,2000.0
2019-01-26 08:00:00,20.57947471147251,0.0,0.0,0.0,0.0,penalty_2000,2000.0
2019-01-26 09:00:00,21.15024647392055,0.0,0.0,0.0,0.0,penalty_2000,2000.0
2019-01-26 10:00:00,18.339215784089077,0.0,0.0,0.0,0.0,penalty_2000,2000.0
2019-01-26 11:00:00,22.156599208875445,0.0,0.0,0.0,0.0,penalty_2000,2000.0
2019-01-26 12:00:00,12.84341444827052,0.0,0.0,0.0,0.0,penalty_2000,2000.0
2019-01-26 13:00:00,11.56845070061491,0.0,0.0,0.0,0.0,penalty_2000,2000.0
2019-01-26 14:00:00,10.983204021656741,0.0,0.0,0.0,0.0,penalty_2000,2000.0
2019-01-26 15:00:00,10.639337878349638,0.0,0.0,0.0,0.0,penalty_2000,2000.0
2019-01-26 16:00:00,10.32462318734156,0.0,0.0,0.0,0.0,penalty_2000,2000.0
2019-01-26 17:00:00,11.34205203974792,0.0,0.0,0.0,0.0,penalty_2000,2000.0
2019-01-26 18:00:00,22.683433004470377,0.0,0.0,0.0,0.0,penalty_2000,2000.0
2019-01-26 19:00:00,20.797613838092154,0.0,0.0,0.0,0.0,penalty_2000,2000.0
2019-01-26 20:00:00,20.8317579356728,0.0,0.0,0.0,0.0,penalty_2000,2000.0
2019-01-26 21:00:00,19.40324035707702,0.0,0.0,0.0,0.0,penalty_2000,2000.0
2019-01-26 22:00:00,13.547785157122874,0.0,0.0,0.0,0.0,penalty_2000,2000.0
2019-01-26 23:00:00,14.187455609125161,0.0,0.0,0.0,0.0,penalty_2000,2000.0
2019-01-27 00:00:00,16.09777040988333,0.0,0.0,0.0,0.0,penalty_2000,2000.0
2019-01-27 01:00:00,14.430509110134887,0.0,0.0,0.0,0.0,penalty_2000,2000.0
2019-01-27 02:00:00,14.90032977751881,0.0,0.0,0.0,0.0,penalty_2000,2000.0
2019-01-27 03:00:00,18.413963825877957,0.0,0.0,0.0,0.0,penalty_2000,2000.0
2019-01-27 04:00:00,14.426318821935876,0.0,0.0,0.0,0.0,penalty_2000,2000.0
2019-01-27 05:00:00,19.025601614415738,0.0,0.0,0.0,0.0,penalty_2000,2000.0
2019-01-27 06:00:00,19.926688613963115,0.0,0.0,0.0,0.0,penalty_2000,2000.0
2019-01-27 07:00:00,17.333052893004602,0.0,0.0,0.0,0.0,penalty_2000,2000.0
2019-01-27 08:00:00,18.09131722534159,0.0,0.0,0.0,0.0,penalty_2000,2000.0
2019-01-27 09:00:00,19.984292560820062,0.0,0.0,0.0,0.0,penalty_2000,2000.0
2019-01-27 10:00:00,16.85422715382549,0.0,0.0,0.0,0.0,penalty_2000,2000.0
2019-01-27 11:00:00,15.859618233715008,0.0,0.0,0.0,0.0,penalty_2000,2000.0
2019-01-27 12:00:00,12.741879470212236,0.0,0.0,0.0,0.0,penalty_2000,2000.0
2019-01-27 13:00:00,-63.30382818903595,0.0,0.0,0.0,58.0,penalty_2000,2000.0
2019-01-27 14:00:00,-72.353322495452,138.904499,0.0,0.0,88.5,penalty_2000,2000.0
2019-01-27 15:00:00,-72.51400631203892,10.690405,0.0,0.0,88.5,penalty_2000,2000.0
2019-01-27 16:00:00,12.970314145150734,0.0,0.0,0.0,0.0,penalty_2000,2000.0
2019-01-27 17:00:00,12.202379654856943,0.0,0.0,0.0,0.0,penalty_2000,2000.0
2019-01-27 18:00:00,14.493682775877318,0.0,0.0,0.0,0.0,penalty_2000,2000.0
2019-01-27 19:00:00,17.942080931253468,0.0,0.0,0.0,0.0,penalty_2000,2000.0
2019-01-27 20:00:00,16.06771571104851,0.0,0.0,0.0,0.0,penalty_2000,2000.0
2019-01-27 21:00:00,13.018864989596235,0.0,0.0,0.0,0.0,penalty_2000,2000.0
2019-01-27 22:00:00,12.235179169665244,0.0,0.0,0.0,0.0,penalty_2000,2000.0
2019-01-27 23:00:00,12.332025011127794,0.0,0.0,0.0,0.0,penalty_2000,2000.0
2019-01-28 00:00:00,10.792124649305906,0.0,0.0,0.0,0.0,penalty_2000,2000.0
2019-01-28 01:00:00,5.6132686572371515,0.0,0.0,0.0,0.0,penalty_2000,2000.0
2019-01-28 02:00:00,11.01766898819543,0.0,0.0,0.0,0.0,penalty_2000,2000.0
2019-01-28 03:00:00,11.203258384903169,0.0,0.0,0.0,0.0,penalty_2000,2000.0
2019-01-28 04:00:00,10.040298617659255,0.0,0.0,0.0,0.0,penalty_2000,2000.0
2019-01-28 05:00:00,10.288750957668732,0.0,0.0,0.0,0.0,penalty_2000,2000.0
2019-01-28 06:00:00,10.956077911367634,0.0,0.0,0.0,0.0,penalty_2000,2000.0
2019-01-28 07:00:00,11.305216157904523,0.0,0.0,0.0,0.0,penalty_2000,2000.0
2019-01-28 08:00:00,11.146543851483436,0.0,0.0,0.0,0.0,penalty_2000,2000.0
2019-01-28 09:00:00,10.54879352617109,0.0,0.0,0.0,0.0,penalty_2000,2000.0
2019-01-28 10:00:00,10.063906925613646,0.0,0.0,0.0,0.0,penalty_2000,2000.0
2019-01-28 11:00:00,-19.610758597765784,679.771409,0.0,0.0,42.0,penalty_2000,2000.0
2019-01-28 12:00:00,-111.71833358071133,1176.067145,0.0,0.0,255.5,penalty_2000,2000.0
2019-01-28 13:00:00,-78.51267531732975,797.840006,0.0,0.0,417.8,penalty_2000,2000.0
2019-01-28 14:00:00,-78.53867454936294,830.846439,0.0,0.0,255.5,penalty_2000,2000.0
2019-01-28 15:00:00,-77.9933970048883,606.233342,0.0,0.0,255.5,penalty_2000,2000.0
2019-01-28 16:00:00,-74.74996573431424,231.034724,0.0,0.0,130.5,penalty_2000,2000.0
2019-01-28 17:00:00,-25.237206816334066,1015.957857,0.0,0.0,314.041354,penalty_2000,2000.0
2019-01-28 18:00:00,-22.476287085300058,1080.288199,0.0,0.0,100.0,penalty_2000,2000.0
2019-01-28 19:00:00,-19.15877588928427,831.760625,0.0,0.0,42.0,penalty_2000,2000.0
2019-01-28 20:00:00,-21.69284949347477,1035.571221,0.0,0.0,42.0,penalty_2000,2000.0
2019-01-28 21:00:00,-27.738575973049198,1390.903949,0.0,0.0,42.0,penalty_2000,2000.0
2019-01-28 22:00:00,-26.954731070270665,329.15913,0.0,0.0,42.0,penalty_2000,2000.0
2019-01-28 23:00:00,8.57244582519948,0.0,0.0,0.0,0.0,penalty_2000,2000.0
2019-01-29 00:00:00,9.92517903566847,0.0,0.0,0.0,0.0,penalty_2000,2000.0
2019-01-29 01:00:00,10.562679590519776,0.0,0.0,0.0,0.0,penalty_2000,2000.0
2019-01-29 02:00:00,11.143327914285164,0.0,0.0,0.0,0.0,penalty_2000,2000.0
2019-01-29 03:00:00,10.850864116693334,0.0,0.0,0.0,0.0,penalty_2000,2000.0
2019-01-29 04:00:00,11.59012303101943,0.0,0.0,0.0,0.0,penalty_2000,2000.0
2019-01-29 05:00:00,12.242286761646287,0.0,0.0,0.0,0.0,penalty_2000,2000.0
2019-01-29 06:00:00,16.453285459480252,0.0,0.0,0.0,0.0,penalty_2000,2000.0
2019-01-29 07:00:00,18.072935731386007,0.0,0.0,0.0,0.0,penalty_2000,2000.0
2019-01-29 08:00:00,18.540996194980544,0.0,0.0,0.0,0.0,penalty_2000,2000.0
2019-01-29 09:00:00,16.44996365086085,0.0,0.0,0.0,0.0,penalty_2000,2000.0
2019-01-29 10:00:00,12.86952759670563,0.0,0.0,0.0,0.0,penalty_2000,2000.0
2019-01-29 11:00:00,12.102967489186241,0.0,0.0,0.0,0.0,penalty_2000,2000.0
2019-01-29 12:00:00,11.491938012851364,0.0,0.0,0.0,0.0,penalty_2000,2000.0
2019-01-29 13:00:00,10.676126070649648,0.0,0.0,0.0,0.0,penalty_2000,2000.0
2019-01-29 14:00:00,-20.920413858326466,22.657688,0.0,0.0,100.0,penalty_2000,2000.0
2019-01-29 15:00:00,-21.978260804699808,98.766788,0.0,0.0,42.0,penalty_2000,2000.0
2019-01-29 16:00:00,9.676275804701412,0.0,0.0,0.0,58.0,penalty_2000,2000.0
2019-01-29 17:00:00,10.059258151629464,0.0,0.0,0.0,0.0,penalty_2000,2000.0
2019-01-29 18:00:00,11.189098384717028,0.0,0.0,0.0,0.0,penalty_2000,2000.0
2019-01-29 19:00:00,11.913620109507795,0.0,0.0,0.0,0.0,penalty_2000,2000.0
2019-01-29 20:00:00,12.934240783630079,0.0,0.0,0.0,0.0,penalty_2000,2000.0
2019-01-29 21:00:00,11.814268019907669,0.0,0.0,0.0,0.0,penalty_2000,2000.0
2019-01-29 22:00:00,12.761755933860664,0.0,0.0,0.0,0.0,penalty_2000,2000.0
2019-01-29 23:00:00,12.248391325109461,0.0,0.0,0.0,0.0,penalty_2000,2000.0
2019-01-30 00:00:00,11.912197888908446,0.0,0.0,0.0,0.0,penalty_2000,2000.0
2019-01-30 01:00:00,11.625568799995463,0.0,0.0,0.0,0.0,penalty_2000,2000.0
2019-01-30 02:00:00,12.799676143943561,0.0,0.0,0.0,0.0,penalty_2000,2000.0
2019-01-30 03:00:00,13.63041153267609,0.0,0.0,0.0,0.0,penalty_2000,2000.0
2019-01-30 04:00:00,13.616693947892005,0.0,0.0,0.0,0.0,penalty_2000,2000.0
2019-01-30 05:00:00,13.859095674136467,0.0,0.0,0.0,0.0,penalty_2000,2000.0
2019-01-30 06:00:00,18.701373287606806,0.0,0.0,0.0,0.0,penalty_2000,2000.0
2019-01-30 07:00:00,21.624726608422822,0.0,0.0,0.0,0.0,penalty_2000,2000.0
2019-01-30 08:00:00,20.56106739258077,0.0,0.0,0.0,0.0,penalty_2000,2000.0
2019-01-30 09:00:00,16.63820186861806,0.0,0.0,0.0,0.0,penalty_2000,2000.0
2019-01-30 10:00:00,14.636202572761846,0.0,0.0,0.0,0.0,penalty_2000,2000.0
2019-01-30 11:00:00,12.241460452170303,0.0,0.0,0.0,0.0,penalty_2000,2000.0
2019-01-30 12:00:00,11.968879481138357,0.0,0.0,0.0,0.0,penalty_2000,2000.0
2019-01-30 13:00:00,-20.12080810808179,0.0,0.0,0.0,58.0,penalty_2000,2000.0
2019-01-30 14:00:00,-21.911767587703796,480.295006,0.0,0.0,417.8,penalty_2000,2000.0
2019-01-30 15:00:00,-17.990636150511865,1353.608275,0.0,0.0,104.870104,penalty_2000,2000.0
2019-01-30 16:00:00,-18.014587817547604,938.529383,0.0,0.0,98.513559,penalty_2000,2000.0
2019-01-30 17:00:00,-11.987507824307325,1297.708767,0.0,0.0,15.061233,penalty_2000,2000.0
2019-01-30 18:00:00,11.802713669064131,0.0,0.0,0.0,0.0,penalty_2000,2000.0
2019-01-30 19:00:00,16.436932660928868,0.0,0.0,0.0,0.0,penalty_2000,2000.0
2019-01-30 20:00:00,13.283702570294512,0.0,0.0,0.0,0.0,penalty_2000,2000.0
2019-01-30 21:00:00,12.336243066320677,0.0,0.0,0.0,0.0,penalty_2000,2000.0
2019-01-30 22:00:00,11.323770222429065,0.0,0.0,0.0,0.0,penalty_2000,2000.0
2019-01-30 23:00:00,10.889760235022875,0.0,0.0,0.0,0.0,penalty_2000,2000.0
2019-01-31 00:00:00,11.192320505978126,0.0,0.0,0.0,0.0,penalty_2000,2000.0
2019-01-31 01:00:00,12.420407592500395,0.0,0.0,0.0,0.0,penalty_2000,2000.0
2019-01-31 02:00:00,13.000829245572795,0.0,0.0,0.0,0.0,penalty_2000,2000.0
2019-01-31 03:00:00,12.97547034305563,0.0,0.0,0.0,0.0,penalty_2000,2000.0
2019-01-31 04:00:00,11.814201151734167,0.0,0.0,0.0,0.0,penalty_2000,2000.0
2019-01-31 05:00:00,12.009099556170908,0.0,0.0,0.0,0.0,penalty_2000,2000.0
2019-01-31 06:00:00,13.2819784672003,0.0,0.0,0.0,0.0,penalty_2000,2000.0
2019-01-31 07:00:00,13.739043443624075,0.0,0.0,0.0,0.0,penalty_2000,2000.0
2019-01-31 08:00:00,13.074789188477286,0.0,0.0,0.0,0.0,penalty_2000,2000.0
2019-01-31 09:00:00,-12.10580790026481,15.072705,0.0,0.0,0.0,penalty_2000,2000.0
2019-01-31 10:00:00,12.515823028985206,0.0,0.0,0.0,0.0,penalty_2000,2000.0
2019-01-31 11:00:00,17.587397114420824,857.287065,0.0,0.0,196.8052,penalty_2000,2000.0
2019-01-31 12:00:00,-10.149156298699335,1102.422287,0.0,0.0,220.3,penalty_2000,2000.0
2019-01-31 13:00:00,-83.95138038417478,166.647904,0.0,0.0,213.5,penalty_2000,2000.0
2019-01-31 14:00:00,-90.8611114469338,642.441845,0.0,0.0,109.799155,penalty_2000,2000.0
2019-01-31 15:00:00,-21.12386821250405,107.551013,0.0,0.0,100.0,penalty_2000,2000.0
2019-01-31 16:00:00,11.801460292507382,0.0,0.0,0.0,0.0,penalty_2000,2000.0
2019-01-31 17:00:00,11.756215757018827,0.0,0.0,0.0,0.0,penalty_2000,2000.0
2019-01-31 18:00:00,13.377829485602295,0.0,0.0,0.0,0.0,penalty_2000,2000.0
2019-01-31 19:00:00,16.92284722797565,0.0,0.0,0.0,0.0,penalty_2000,2000.0
2019-01-31 20:00:00,14.724305659096684,0.0,0.0,0.0,0.0,penalty_2000,2000.0
2019-01-31 21:00:00,12.259863018801079,0.0,0.0,0.0,0.0,penalty_2000,2000.0
2019-01-31 22:00:00,10.496054069690452,0.0,0.0,0.0,0.0,penalty_2000,2000.0
2019-01-31 23:00:00,9.69196982189332,0.0,0.0,0.0,0.0,penalty_2000,2000.0
2019-02-01 00:00:00,10.32087344090379,0.0,0.0,0.0,0.0,penalty_2000,2000.0
2019-02-01 01:00:00,9.340498719966586,0.0,0.0,0.0,0.0,penalty_2000,2000.0
2019-02-01 02:00:00,13.212681413790232,0.0,0.0,0.0,0.0,penalty_2000,2000.0
2019-02-01 03:00:00,10.620390829847562,0.0,0.0,0.0,0.0,penalty_2000,2000.0
2019-02-01 04:00:00,9.854424098735665,0.0,0.0,0.0,0.0,penalty_2000,2000.0
2019-02-01 05:00:00,12.23142132523542,0.0,0.0,0.0,0.0,penalty_2000,2000.0
2019-02-01 06:00:00,13.652392417446716,0.0,0.0,0.0,0.0,penalty_2000,2000.0
2019-02-01 07:00:00,12.781469735449019,0.0,0.0,0.0,0.0,penalty_2000,2000.0
2019-02-01 08:00:00,12.587319265536232,0.0,0.0,0.0,0.0,penalty_2000,2000.0
2019-02-01 09:00:00,13.816245259361175,0.0,0.0,0.0,0.0,penalty_2000,2000.0
2019-02-01 10:00:00,12.977491677433367,0.0,0.0,0.0,0.0,penalty_2000,2000.0
2019-02-01 11:00:00,11.421927834644,0.0,0.0,0.0,0.0,penalty_2000,2000.0
2019-02-01 12:00:00,10.98684367355801,0.0,0.0,0.0,0.0,penalty_2000,2000.0
2019-02-01 13:00:00,10.78901451286163,0.0,0.0,0.0,0.0,penalty_2000,2000.0
2019-02-01 14:00:00,11.517795567936789,0.0,0.0,0.0,58.0,penalty_2000,2000.0
2019-02-01 15:00:00,-22.90520317924942,150.164565,0.0,0.0,111.476151,penalty_2000,2000.0
2019-02-01 16:00:00,-21.88884574901651,217.149654,0.0,0.0,42.0,penalty_2000,2000.0
2019-02-01 17:00:00,10.632998632788617,0.0,0.0,0.0,0.0,penalty_2000,2000.0
2019-02-01 18:00:00,11.23454409582031,0.0,0.0,0.0,0.0,penalty_2000,2000.0
2019-02-01 19:00:00,10.70649197084038,0.0,0.0,0.0,0.0,penalty_2000,2000.0
2019-02-01 20:00:00,11.188581677917087,0.0,0.0,0.0,0.0,penalty_2000,2000.0
2019-02-01 21:00:00,10.387174895733251,0.0,0.0,0.0,0.0,penalty_2000,2000.0
2019-02-01 22:00:00,9.271547818031369,0.0,0.0,0.0,0.0,penalty_2000,2000.0
2019-02-01 23:00:00,9.560574623133727,0.0,0.0,0.0,0.0,penalty_2000,2000.0
2019-02-02 00:00:00,9.207441740570502,0.0,0.0,0.0,0.0,penalty_2000,2000.0
2019-02-02 01:00:00,8.756899970749116,0.0,0.0,0.0,0.0,penalty_2000,2000.0
2019-02-02 02:00:00,9.239473528837877,0.0,0.0,0.0,0.0,penalty_2000,2000.0
2019-02-02 03:00:00,9.412886659660925,0.0,0.0,0.0,0.0,penalty_2000,2000.0
2019-02-02 04:00:00,10.068931137429935,0.0,0.0,0.0,0.0,penalty_2000,2000.0
2019-02-02 05:00:00,9.799376900537341,0.0,0.0,0.0,0.0,penalty_2000,2000.0
2019-02-02 06:00:00,9.672767481906897,0.0,0.0,0.0,0.0,penalty_2000,2000.0
2019-02-02 07:00:00,9.32882849445881,0.0,0.0,0.0,0.0,penalty_2000,2000.0
2019-02-02 08:00:00,10.39334232505479,0.0,0.0,0.0,0.0,penalty_2000,2000.0
2019-02-02 09:00:00,11.770101876590655,0.0,0.0,0.0,0.0,penalty_2000,2000.0
2019-02-02 10:00:00,10.457534,0.0,0.0,0.0,0.0,penalty_2000,2000.0
2019-02-02 11:00:00,-23.069041933852272,36.304004,0.0,0.0,42.0,penalty_2000,2000.0
2019-02-02 12:00:00,-25.964350715738526,1337.045294,0.0,0.0,292.8,penalty_2000,2000.0
2019-02-02 13:00:00,-113.26207000033051,859.556599,0.0,0.0,261.463753,penalty_2000,2000.0
2019-02-02 14:00:00,-132.96333417060174,1599.066844,0.0,0.0,387.3,penalty_2000,2000.0
2019-02-02 15:00:00,-118.07683510907727,1650.840821,0.0,0.0,255.5,penalty_2000,2000.0
2019-02-02 16:00:00,-32.002335777128685,873.234859,0.0,0.0,262.3,penalty_2000,2000.0
2019-02-02 17:00:00,-24.73929953330184,457.169473,0.0,0.0,100.0,penalty_2000,2000.0
2019-02-02 18:00:00,10.011659623387532,0.0,0.0,0.0,0.0,penalty_2000,2000.0
2019-02-02 19:00:00,10.586103772761057,0.0,0.0,0.0,0.0,penalty_2000,2000.0
2019-02-02 20:00:00,10.16462031122157,0.0,0.0,0.0,0.0,penalty_2000,2000.0
2019-02-02 21:00:00,9.684388389722201,0.0,0.0,0.0,0.0,penalty_2000,2000.0
2019-02-02 22:00:00,-28.41206361174198,367.957942,0.0,0.0,42.0,penalty_2000,2000.0
2019-02-02 23:00:00,-29.422028499744318,924.876379,0.0,0.0,42.0,penalty_2000,2000.0
2019-02-03 00:00:00,-33.77905518997299,1465.075325,0.0,0.0,42.0,penalty_2000,2000.0
2019-02-03 01:00:00,-36.25637187617088,1466.783971,0.0,0.0,42.0,penalty_2000,2000.0
2019-02-03 02:00:00,-36.86983983228583,1479.967586,0.0,0.0,42.0,penalty_2000,2000.0
2019-02-03 03:00:00,-37.33806881554533,920.753531,0.0,0.0,42.0,penalty_2000,2000.0
2019-02-03 04:00:00,-37.62133550088064,427.91749,0.0,0.0,42.0,penalty_2000,2000.0
2019-02-03 05:00:00,-37.417528078215085,560.100029,0.0,0.0,42.0,penalty_2000,2000.0
2019-02-03 06:00:00,-36.64794569951786,693.657684,0.0,0.0,42.0,penalty_2000,2000.0
2019-02-03 07:00:00,-34.71554704694376,739.276691,0.0,0.0,42.0,penalty_2000,2000.0
2019-02-03 08:00:00,-30.754170779160432,1211.840545,0.0,0.0,42.0,penalty_2000,2000.0
2019-02-03 09:00:00,-29.0063325189304,1413.30569,0.0,0.0,42.0,penalty_2000,2000.0
2019-02-03 10:00:00,-27.672465902337336,542.870874,0.0,0.0,42.0,penalty_2000,2000.0
2019-02-03 11:00:00,-1.052422585405061,1469.774071,0.0,0.0,345.3,penalty_2000,2000.0
2019-02-03 12:00:00,-114.14579938522171,1905.504573,0.0,0.0,255.5,penalty_2000,2000.0
2019-02-03 13:00:00,-131.33031921985216,1185.447109,0.0,0.0,417.8,penalty_2000,2000.0
2019-02-03 14:00:00,-143.2808424438189,1830.120036,0.0,0.0,370.831937,penalty_2000,2000.0
2019-02-03 15:00:00,-114.27820207909984,1795.724626,0.0,0.0,281.539161,penalty_2000,2000.0
2019-02-03 16:00:00,-26.747396081017115,1002.121178,0.0,0.0,42.0,penalty_2000,2000.0
2019-02-03 17:00:00,21.596644876280244,1501.609795,0.0,0.0,345.3,penalty_2000,2000.0
2019-02-03 18:00:00,0.18975564379576895,1239.391199,0.0,0.0,58.0,penalty_2000,2000.0
2019-02-03 19:00:00,-1.4123965122088271,974.280208,0.0,0.0,0.0,penalty_2000,2000.0
2019-02-03 20:00:00,-22.98544691289603,1209.96151,0.0,0.0,42.0,penalty_2000,2000.0
2019-02-03 21:00:00,-25.792777417839183,1651.894432,0.0,0.0,42.0,penalty_2000,2000.0
2019-02-03 22:00:00,-27.72067808172941,1703.933738,0.0,0.0,42.0,penalty_2000,2000.0
2019-02-03 23:00:00,-32.33996319305011,1695.855404,0.0,0.0,42.0,penalty_2000,2000.0
2019-02-04 00:00:00,-34.52465917465189,1644.561977,0.0,0.0,42.0,penalty_2000,2000.0
2019-02-04 01:00:00,-35.56583853672721,1505.171762,0.0,0.0,42.0,penalty_2000,2000.0
2019-02-04 02:00:00,-35.98572113256731,1279.688699,0.0,0.0,42.0,penalty_2000,2000.0
2019-02-04 03:00:00,-37.069249671118534,802.412428,0.0,0.0,42.0,penalty_2000,2000.0
2019-02-04 04:00:00,-35.65620065398109,281.189606,0.0,0.0,42.0,penalty_2000,2000.0
2019-02-04 05:00:00,-29.10896694502577,0.0,0.0,0.0,42.0,penalty_2000,2000.0
2019-02-04 06:00:00,9.755049689088665,0.0,0.0,0.0,0.0,penalty_2000,2000.0
2019-02-04 07:00:00,11.489494326715425,0.0,0.0,0.0,0.0,penalty_2000,2000.0
2019-02-04 08:00:00,11.732201008014826,0.0,0.0,0.0,0.0,penalty_2000,2000.0
2019-02-04 09:00:00,10.09928585012351,0.0,0.0,0.0,0.0,penalty_2000,2000.0
2019-02-04 10:00:00,11.744229067279784,0.0,0.0,0.0,0.0,penalty_2000,2000.0
2019-02-04 11:00:00,-21.931979075117578,190.616907,0.0,0.0,100.0,penalty_2000,2000.0
2019-02-04 12:00:00,-23.525620911953283,268.561183,0.0,0.0,292.8,penalty_2000,2000.0
2019-02-04 13:00:00,-63.276121972638705,446.368272,0.0,0.0,130.5,penalty_2000,2000.0
2019-02-04 14:00:00,-65.10895448917398,283.663083,0.0,0.0,130.5,penalty_2000,2000.0
2019-02-04 15:00:00,-12.890418117886265,0.0,0.0,0.0,58.0,penalty_2000,2000.0
2019-02-04 16:00:00,2.965788635186631,0.0,0.0,0.0,0.0,penalty_2000,2000.0
2019-02-04 17:00:00,10.24285229315958,0.0,0.0,0.0,0.0,penalty_2000,2000.0
2019-02-04 18:00:00,10.858195699230425,0.0,0.0,0.0,0.0,penalty_2000,2000.0
2019-02-04 19:00:00,11.645851486434413,0.0,0.0,0.0,0.0,penalty_2000,2000.0
2019-02-04 20:00:00,12.060858802893453,0.0,0.0,0.0,0.0,penalty_2000,2000.0
2019-02-04 21:00:00,11.476896681509226,0.0,0.0,0.0,0.0,penalty_2000,2000.0
2019-02-04 22:00:00,9.77548204819324,0.0,0.0,0.0,0.0,penalty_2000,2000.0
2019-02-04 23:00:00,10.098207061429807,0.0,0.0,0.0,0.0,penalty_2000,2000.0
2019-02-05 00:00:00,9.670191919839805,0.0,0.0,0.0,0.0,penalty_2000,2000.0
2019-02-05 01:00:00,9.334329421303668,0.0,0.0,0.0,0.0,penalty_2000,2000.0
2019-02-05 02:00:00,9.632940856940413,0.0,0.0,0.0,0.0,penalty_2000,2000.0
2019-02-05 03:00:00,9.655659031836072,0.0,0.0,0.0,0.0,penalty_2000,2000.0
2019-02-05 04:00:00,9.660096784513986,0.0,0.0,0.0,0.0,penalty_2000,2000.0
2019-02-05 05:00:00,10.176384639131232,0.0,0.0,0.0,0.0,penalty_2000,2000.0
2019-02-05 06:00:00,10.498685152318302,0.0,0.0,0.0,0.0,penalty_2000,2000.0
2019-02-05 07:00:00,11.007949803491613,0.0,0.0,0.0,0.0,penalty_2000,2000.0
2019-02-05 08:00:00,10.661531944992378,0.0,0.0,0.0,0.0,penalty_2000,2000.0
2019-02-05 09:00:00,11.100975561942793,0.0,0.0,0.0,0.0,penalty_2000,2000.0
2019-02-05 10:00:00,10.412823771852956,0.0,0.0,0.0,0.0,penalty_2000,2000.0
2019-02-05 11:00:00,9.826859989231957,0.0,0.0,0.0,0.0,penalty_2000,2000.0
2019-02-05 12:00:00,-22.022764187650182,250.124277,0.0,0.0,387.3,penalty_2000,2000.0
2019-02-05 13:00:00,9.539685382500751,0.0,0.0,0.0,0.0,penalty_2000,2000.0
2019-02-05 14:00:00,-21.47801037965802,633.922594,0.0,0.0,262.3,penalty_2000,2000.0
2019-02-05 15:00:00,-21.293258970100005,938.583813,0.0,0.0,262.3,penalty_2000,2000.0
2019-02-05 16:00:00,-20.859576428470422,506.465394,0.0,0.0,100.0,penalty_2000,2000.0
2019-02-05 17:00:00,-21.232943701050708,416.706226,0.0,0.0,100.0,penalty_2000,2000.0
2019-02-05 18:00:00,9.680416886233523,0.0,0.0,0.0,0.0,penalty_2000,2000.0
2019-02-05 19:00:00,10.935258474051409,0.0,0.0,0.0,0.0,penalty_2000,2000.0
2019-02-05 20:00:00,10.456335555574904,0.0,0.0,0.0,0.0,penalty_2000,2000.0
2019-02-05 21:00:00,9.665542370987653,0.0,0.0,0.0,0.0,penalty_2000,2000.0
2019-02-05 22:00:00,10.159713083493916,0.0,0.0,0.0,0.0,penalty_2000,2000.0
2019-02-05 23:00:00,10.409941563406122,0.0,0.0,0.0,0.0,penalty_2000,2000.0
2019-02-06 00:00:00,10.181111135811749,0.0,0.0,0.0,0.0,penalty_2000,2000.0
2019-02-06 01:00:00,9.739594406374787,0.0,0.0,0.0,0.0,penalty_2000,2000.0
2019-02-06 02:00:00,9.657104511667555,0.0,0.0,0.0,0.0,penalty_2000,2000.0
2019-02-06 03:00:00,9.624310642297594,0.0,0.0,0.0,0.0,penalty_2000,2000.0
2019-02-06 04:00:00,9.763566011867924,0.0,0.0,0.0,0.0,penalty_2000,2000.0
2019-02-06 05:00:00,8.965471384278976,0.0,0.0,0.0,0.0,penalty_2000,2000.0
2019-02-06 06:00:00,9.892386758238988,0.0,0.0,0.0,0.0,penalty_2000,2000.0
2019-02-06 07:00:00,10.556268022036754,0.0,0.0,0.0,0.0,penalty_2000,2000.0
2019-02-06 08:00:00,10.831745549319335,0.0,0.0,0.0,0.0,penalty_2000,2000.0
2019-02-06 09:00:00,10.805606930752466,0.0,0.0,0.0,0.0,penalty_2000,2000.0
2019-02-06 10:00:00,10.524874812370927,0.0,0.0,0.0,0.0,penalty_2000,2000.0
2019-02-06 11:00:00,8.47576378115315,0.0,0.0,0.0,192.696316,penalty_2000,2000.0
2019-02-06 12:00:00,-21.490891213699047,1047.612105,0.0,0.0,262.3,penalty_2000,2000.0
2019-02-06 13:00:00,-23.432727154960254,669.37456,0.0,0.0,387.3,penalty_2000,2000.0
2019-02-06 14:00:00,-22.54551116251369,1284.620843,0.0,0.0,387.3,penalty_2000,2000.0
2019-02-06 15:00:00,-21.383064090056532,1364.89667,0.0,0.0,262.3,penalty_2000,2000.0
2019-02-06 16:00:00,-23.339667503144483,896.447932,0.0,0.0,387.3,penalty_2000,2000.0
2019-02-06 17:00:00,-19.362009335924395,1419.678646,0.0,0.0,262.3,penalty_2000,2000.0
2019-02-06 18:00:00,-12.2459294544912,1179.88853,0.0,0.0,42.0,penalty_2000,2000.0
2019-02-06 19:00:00,-11.883441342160461,822.119583,0.0,0.0,42.0,penalty_2000,2000.0
2019-02-06 20:00:00,-17.127688399892484,1016.715527,0.0,0.0,42.0,penalty_2000,2000.0
2019-02-06 21:00:00,-22.73753119941006,1432.320163,0.0,0.0,42.0,penalty_2000,2000.0
2019-02-06 22:00:00,-24.645965076785572,1398.040279,0.0,0.0,42.0,penalty_2000,2000.0
2019-02-06 23:00:00,-27.948896732959746,986.37854,0.0,0.0,42.0,penalty_2000,2000.0
2019-02-07 00:00:00,-33.05293479308452,813.149672,0.0,0.0,100.0,penalty_2000,2000.0
2019-02-07 01:00:00,-35.650787226643516,692.027433,0.0,0.0,100.0,penalty_2000,2000.0
2019-02-07 02:00:00,-35.461726135130306,494.804496,0.0,0.0,42.0,penalty_2000,2000.0
2019-02-07 03:00:00,-37.089167542057226,947.171102,0.0,0.0,42.0,penalty_2000,2000.0
2019-02-07 04:00:00,-36.56041851711419,1317.325778,0.0,0.0,42.0,penalty_2000,2000.0
2019-02-07 05:00:00,-34.25738755769821,1637.766269,0.0,0.0,42.0,penalty_2000,2000.0
2019-02-07 06:00:00,-28.815173241407365,1603.74584,0.0,0.0,42.0,penalty_2000,2000.0
2019-02-07 07:00:00,-27.923221535262797,1421.749897,0.0,0.0,42.0,penalty_2000,2000.0
2019-02-07 08:00:00,-24.15183199436166,1270.913543,0.0,0.0,42.0,penalty_2000,2000.0
2019-02-07 09:00:00,-20.778984205444537,1079.471031,0.0,0.0,42.0,penalty_2000,2000.0
2019-02-07 10:00:00,-23.30074524096551,405.199867,0.0,0.0,337.571067,penalty_2000,2000.0
2019-02-07 11:00:00,-28.593620364107565,1375.613581,0.0,0.0,417.8,penalty_2000,2000.0
2019-02-07 12:00:00,-102.91968506953525,1941.779554,0.0,0.0,255.5,penalty_2000,2000.0
2019-02-07 13:00:00,-137.02523428264624,1825.683969,0.0,0.0,257.630107,penalty_2000,2000.0
2019-02-07 14:00:00,-136.49037018589402,2592.885056,0.0,0.0,315.691912,penalty_2000,2000.0
2019-02-07 15:00:00,-122.35930988274976,2457.44546,0.0,0.0,387.3,penalty_2000,2000.0
2019-02-07 16:00:00,-104.91755848667445,1506.676344,0.0,0.0,417.8,penalty_2000,2000.0
2019-02-07 17:00:00,-20.506412888953832,1224.464496,0.0,0.0,42.0,penalty_2000,2000.0
2019-02-07 18:00:00,-15.686169428462433,702.07894,0.0,0.0,23.87668,penalty_2000,2000.0
2019-02-07 19:00:00,-14.443079342257523,234.067566,0.0,0.0,0.0,penalty_2000,2000.0
2019-02-07 20:00:00,-15.267767976923148,46.871372,0.0,0.0,0.0,penalty_2000,2000.0
2019-02-07 21:00:00,-15.41242636396032,248.647411,0.0,0.0,42.0,penalty_2000,2000.0
2019-02-07 22:00:00,-14.829667486848042,473.929617,0.0,0.0,42.0,penalty_2000,2000.0
2019-02-07 23:00:00,-18.203477721781315,325.012981,0.0,0.0,42.0,penalty_2000,2000.0
2019-02-08 00:00:00,11.759385452215794,0.0,0.0,0.0,0.0,penalty_2000,2000.0
2019-02-08 01:00:00,11.831868197021933,0.0,0.0,0.0,0.0,penalty_2000,2000.0
2019-02-08 02:00:00,11.71140079912148,0.0,0.0,0.0,0.0,penalty_2000,2000.0
2019-02-08 03:00:00,15.908506346646362,0.0,0.0,0.0,0.0,penalty_2000,2000.0
2019-02-08 04:00:00,36.88551647544989,0.0,0.0,0.0,58.0,penalty_2000,2000.0
2019-02-08 05:00:00,32.92035610677968,0.0,0.0,0.0,58.0,penalty_2000,2000.0
2019-02-08 06:00:00,15.258252773182582,0.0,0.0,0.0,0.0,penalty_2000,2000.0
2019-02-08 07:00:00,17.571170148501846,0.0,0.0,0.0,0.0,penalty_2000,2000.0
2019-02-08 08:00:00,16.52291929714784,0.0,0.0,0.0,0.0,penalty_2000,2000.0
2019-02-08 09:00:00,17.504628784666554,0.0,0.0,0.0,0.0,penalty_2000,2000.0
2019-02-08 10:00:00,20.214870102446497,0.0,0.0,0.0,0.0,penalty_2000,2000.0
2019-02-08 11:00:00,16.445206691549885,0.0,0.0,0.0,0.0,penalty_2000,2000.0
2019-02-08 12:00:00,17.589976982624496,0.0,0.0,0.0,0.0,penalty_2000,2000.0
2019-02-08 13:00:00,18.334653804182206,0.0,0.0,0.0,0.0,penalty_2000,2000.0
2019-02-08 14:00:00,16.46457227429255,0.0,0.0,0.0,0.0,penalty_2000,2000.0
2019-02-08 15:00:00,15.644182464702755,0.0,0.0,0.0,0.0,penalty_2000,2000.0
2019-02-08 16:00:00,14.979055191698164,0.0,0.0,0.0,0.0,penalty_2000,2000.0
2019-02-08 17:00:00,15.228077841542365,0.0,0.0,0.0,0.0,penalty_2000,2000.0
2019-02-08 18:00:00,19.962504587581194,0.0,0.0,0.0,0.0,penalty_2000,2000.0
2019-02-08 19:00:00,20.835558876618467,0.0,0.0,0.0,0.0,penalty_2000,2000.0
2019-02-08 20:00:00,25.395978662995727,0.0,0.0,0.0,0.0,penalty_2000,2000.0
2019-02-08 21:00:00,23.373927343828225,0.0,0.0,0.0,0.0,penalty_2000,2000.0
2019-02-08 22:00:00,33.12644918175523,0.0,0.0,0.0,0.0,penalty_2000,2000.0
2019-02-08 23:00:00,15.070740164161501,0.0,0.0,0.0,0.0,penalty_2000,2000.0
2019-02-09 00:00:00,13.160079371043468,0.0,0.0,0.0,0.0,penalty_2000,2000.0
2019-02-09 01:00:00,11.957851423935553,0.0,0.0,0.0,0.0,penalty_2000,2000.0
2019-02-09 02:00:00,11.897161714302927,0.0,0.0,0.0,0.0,penalty_2000,2000.0
2019-02-09 03:00:00,12.14982509270255,0.0,0.0,0.0,0.0,penalty_2000,2000.0
2019-02-09 04:00:00,13.315198317578957,0.0,0.0,0.0,0.0,penalty_2000,2000.0
2019-02-09 05:00:00,12.750518254064806,0.0,0.0,0.0,0.0,penalty_2000,2000.0
2019-02-09 06:00:00,13.43131791057329,0.0,0.0,0.0,0.0,penalty_2000,2000.0
2019-02-09 07:00:00,15.613149723363358,0.0,0.0,0.0,0.0,penalty_2000,2000.0
2019-02-09 08:00:00,17.77035325275602,0.0,0.0,0.0,0.0,penalty_2000,2000.0
2019-02-09 09:00:00,17.64293041819487,0.0,0.0,0.0,0.0,penalty_2000,2000.0
2019-02-09 10:00:00,15.31205785856661,0.0,0.0,0.0,0.0,penalty_2000,2000.0
2019-02-09 11:00:00,12.113387382835326,0.0,0.0,0.0,0.0,penalty_2000,2000.0
2019-02-09 12:00:00,15.994618487480658,0.049625,0.0,0.0,58.0,penalty_2000,2000.0
2019-02-09 13:00:00,11.86912517150857,0.0,0.0,0.0,0.0,penalty_2000,2000.0
2019-02-09 14:00:00,-14.263252056564676,107.013566,0.0,0.0,42.0,penalty_2000,2000.0
2019-02-09 15:00:00,10.536868373856727,0.0,0.0,0.0,0.0,penalty_2000,2000.0
2019-02-09 16:00:00,11.492987603436386,0.0,0.0,0.0,0.0,penalty_2000,2000.0
2019-02-09 17:00:00,12.408023485599793,0.0,0.0,0.0,0.0,penalty_2000,2000.0
2019-02-09 18:00:00,13.487368334699648,0.0,0.0,0.0,0.0,penalty_2000,2000.0
2019-02-09 19:00:00,16.153572568313656,0.0,0.0,0.0,0.0,penalty_2000,2000.0
2019-02-09 20:00:00,17.509311815425125,0.0,0.0,0.0,0.0,penalty_2000,2000.0
2019-02-09 21:00:00,16.805097565591982,0.0,0.0,0.0,0.0,penalty_2000,2000.0
2019-02-09 22:00:00,16.957331870264444,0.0,0.0,0.0,0.0,penalty_2000,2000.0
2019-02-09 23:00:00,12.592284646640536,0.0,0.0,0.0,0.0,penalty_2000,2000.0
2019-02-10 00:00:00,12.263073757209199,0.0,0.0,0.0,0.0,penalty_2000,2000.0
2019-02-10 01:00:00,10.174348288624241,0.0,0.0,0.0,0.0,penalty_2000,2000.0
2019-02-10 02:00:00,11.625383566038682,0.0,0.0,0.0,0.0,penalty_2000,2000.0
2019-02-10 03:00:00,11.976132311268582,0.0,0.0,0.0,0.0,penalty_2000,2000.0
2019-02-10 04:00:00,13.636436877935251,0.0,0.0,0.0,0.0,penalty_2000,2000.0
2019-02-10 05:00:00,13.180801570437094,0.0,0.0,0.0,0.0,penalty_2000,2000.0
2019-02-10 06:00:00,14.569358807158723,0.0,0.0,0.0,0.0,penalty_2000,2000.0
2019-02-10 07:00:00,16.151107108980778,0.0,0.0,0.0,0.0,penalty_2000,2000.0
2019-02-10 08:00:00,16.851089575523,0.0,0.0,0.0,0.0,penalty_2000,2000.0
2019-02-10 09:00:00,17.615560593266913,0.0,0.0,0.0,0.0,penalty_2000,2000.0
2019-02-10 10:00:00,14.52488825111985,0.0,0.0,0.0,0.0,penalty_2000,2000.0
2019-02-10 11:00:00,13.548428566109049,0.0,0.0,0.0,0.0,penalty_2000,2000.0
2019-02-10 12:00:00,13.42484202649134,0.0,0.0,0.0,0.0,penalty_2000,2000.0
2019-02-10 13:00:00,13.246296931315669,0.0,0.0,0.0,0.0,penalty_2000,2000.0
2019-02-10 14:00:00,12.829335084028132,0.0,0.0,0.0,0.0,penalty_2000,2000.0
2019-02-10 15:00:00,12.641280598470201,0.0,0.0,0.0,0.0,penalty_2000,2000.0
2019-02-10 16:00:00,13.18564889497587,0.0,0.0,0.0,0.0,penalty_2000,2000.0
2019-02-10 17:00:00,13.218100168874756,0.0,0.0,0.0,0.0,penalty_2000,2000.0
2019-02-10 18:00:00,15.468971752677744,0.0,0.0,0.0,0.0,penalty_2000,2000.0
2019-02-10 19:00:00,16.890179832844865,0.0,0.0,0.0,0.0,penalty_2000,2000.0
2019-02-10 20:00:00,15.02097243430115,0.0,0.0,0.0,0.0,penalty_2000,2000.0
2019-02-10 21:00:00,12.840523370285903,0.0,0.0,0.0,0.0,penalty_2000,2000.0
2019-02-10 22:00:00,12.788942762013376,0.0,0.0,0.0,0.0,penalty_2000,2000.0
2019-02-10 23:00:00,-24.184058934194205,222.883019,0.0,0.0,42.0,penalty_2000,2000.0
2019-02-11 00:00:00,-25.424642549887327,1195.529711,0.0,0.0,42.0,penalty_2000,2000.0
2019-02-11 01:00:00,-28.6377916360981,1391.883885,0.0,0.0,42.0,penalty_2000,2000.0
2019-02-11 02:00:00,-28.834787328886925,1500.039473,0.0,0.0,42.0,penalty_2000,2000.0
2019-02-11 03:00:00,-29.04826943534826,786.459557,0.0,0.0,42.0,penalty_2000,2000.0
2019-02-11 04:00:00,-28.348910269516747,109.253051,0.0,0.0,42.0,penalty_2000,2000.0
2019-02-11 05:00:00,7.864261330210921,0.0,0.0,0.0,0.0,penalty_2000,2000.0
2019-02-11 06:00:00,11.056886272719163,0.0,0.0,0.0,0.0,penalty_2000,2000.0
2019-02-11 07:00:00,12.562615104474013,0.0,0.0,0.0,0.0,penalty_2000,2000.0
2019-02-11 08:00:00,-15.2220952971466,887.926734,0.0,0.0,0.0,penalty_2000,2000.0
2019-02-11 09:00:00,-16.749434443976043,1255.401565,0.0,0.0,0.0,penalty_2000,2000.0
2019-02-11 10:00:00,-17.303478872560774,399.229504,0.0,0.0,0.0,penalty_2000,2000.0
2019-02-11 11:00:00,-18.110838251741445,1277.816391,0.0,0.0,42.0,penalty_2000,2000.0
2019-02-11 12:00:00,-17.86297431951644,1522.117206,0.0,0.0,42.0,penalty_2000,2000.0
2019-02-11 13:00:00,-2.379829457584209,0.0,0.0,0.0,0.0,penalty_2000,2000.0
2019-02-11 14:00:00,-22.64108864609198,1217.528461,0.0,0.0,387.3,penalty_2000,2000.0
2019-02-11 15:00:00,-22.471425016271386,1305.883603,0.0,0.0,81.008815,penalty_2000,2000.0
2019-02-11 16:00:00,-101.7182509493515,1364.623354,0.0,0.0,130.5,penalty_2000,2000.0
2019-02-11 17:00:00,-18.799706781880943,1470.926395,0.0,0.0,42.0,penalty_2000,2000.0
2019-02-11 18:00:00,-17.644200776921057,1190.763758,0.0,0.0,30.276873,penalty_2000,2000.0
2019-02-11 19:00:00,-16.716507270320815,767.582881,0.0,0.0,42.0,penalty_2000,2000.0
2019-02-11 20:00:00,-21.696473229527207,1123.52176,0.0,0.0,42.0,penalty_2000,2000.0
2019-02-11 21:00:00,-25.5471695275147,1476.932812,0.0,0.0,42.0,penalty_2000,2000.0
2019-02-11 22:00:00,-28.01194813720163,1000.011503,0.0,0.0,42.0,penalty_2000,2000.0
2019-02-11 23:00:00,-28.854191280275224,460.772388,0.0,0.0,42.0,penalty_2000,2000.0
2019-02-12 00:00:00,-37.22486587076038,1554.54756,0.0,0.0,42.0,penalty_2000,2000.0
2019-02-12 01:00:00,-33.417550475639416,1448.132906,0.0,0.0,42.0,penalty_2000,2000.0
2019-02-12 02:00:00,-33.18230679102395,1470.282195,0.0,0.0,42.0,penalty_2000,2000.0
2019-02-12 03:00:00,-33.31000524845456,1322.848063,0.0,0.0,42.0,penalty_2000,2000.0
2019-02-12 04:00:00,-31.80650608457311,1100.093923,0.0,0.0,42.0,penalty_2000,2000.0
2019-02-12 05:00:00,-30.082410630464146,1119.97864,0.0,0.0,42.0,penalty_2000,2000.0
2019-02-12 06:00:00,-20.199039924054567,229.189763,0.0,0.0,0.0,penalty_2000,2000.0
2019-02-12 07:00:00,12.786094619141103,0.0,0.0,0.0,0.0,penalty_2000,2000.0
2019-02-12 08:00:00,13.343211101759948,0.0,0.0,0.0,0.0,penalty_2000,2000.0
2019-02-12 09:00:00,13.67285630457998,0.0,0.0,0.0,0.0,penalty_2000,2000.0
2019-02-12 10:00:00,11.107240889153703,0.0,0.0,0.0,0.0,penalty_2000,2000.0
2019-02-12 11:00:00,11.331728169191754,0.0,0.0,0.0,0.0,penalty_2000,2000.0
2019-02-12 12:00:00,16.68231508832733,0.0,0.0,0.0,0.0,penalty_2000,2000.0
2019-02-12 13:00:00,-65.19245456266707,52.330005,0.0,0.0,130.5,penalty_2000,2000.0
2019-02-12 14:00:00,-67.20926351970319,261.518599,0.0,0.0,130.5,penalty_2000,2000.0
2019-02-12 15:00:00,-68.42223142542726,161.629601,0.0,0.0,130.5,penalty_2000,2000.0
2019-02-12 16:00:00,5.326479426145735,0.0,0.0,0.0,0.0,penalty_2000,2000.0
2019-02-12 17:00:00,10.875586549034713,0.0,0.0,0.0,0.0,penalty_2000,2000.0
2019-02-12 18:00:00,14.300544851712843,0.0,0.0,0.0,0.0,penalty_2000,2000.0
2019-02-12 19:00:00,17.579335373256065,0.0,0.0,0.0,0.0,penalty_2000,2000.0
2019-02-12 20:00:00,17.07263354206779,0.0,0.0,0.0,0.0,penalty_2000,2000.0
2019-02-12 21:00:00,18.467207818038602,0.0,0.0,0.0,0.0,penalty_2000,2000.0
2019-02-12 22:00:00,13.471220334193236,0.0,0.0,0.0,0.0,penalty_2000,2000.0
2019-02-12 23:00:00,13.174098419335857,0.0,0.0,0.0,0.0,penalty_2000,2000.0
2019-02-13 00:00:00,12.344291777905795,0.0,0.0,0.0,0.0,penalty_2000,2000.0
2019-02-13 01:00:00,11.248167659975058,0.0,0.0,0.0,0.0,penalty_2000,2000.0
2019-02-13 02:00:00,11.000374624554263,0.0,0.0,0.0,0.0,penalty_2000,2000.0
2019-02-13 03:00:00,11.132064867418753,0.0,0.0,0.0,0.0,penalty_2000,2000.0
2019-02-13 04:00:00,11.328960368015153,0.0,0.0,0.0,0.0,penalty_2000,2000.0
2019-02-13 05:00:00,11.909666947704535,0.0,0.0,0.0,0.0,penalty_2000,2000.0
2019-02-13 06:00:00,14.344634152839967,0.0,0.0,0.0,0.0,penalty_2000,2000.0
2019-02-13 07:00:00,14.572193339778124,0.0,0.0,0.0,0.0,penalty_2000,2000.0
2019-02-13 08:00:00,-13.364495675554352,533.661569,0.0,0.0,42.0,penalty_2000,2000.0
2019-02-13 09:00:00,-16.983635153454454,1377.878237,0.0,0.0,42.0,penalty_2000,2000.0
2019-02-13 10:00:00,-20.84486816844232,553.091683,0.0,0.0,42.0,penalty_2000,2000.0
2019-02-13 11:00:00,-23.81265782808356,1511.834217,0.0,0.0,290.405983,penalty_2000,2000.0
2019-02-13 12:00:00,-30.51214059599418,1843.765648,0.0,0.0,417.8,penalty_2000,2000.0
2019-02-13 13:00:00,-139.19080493266682,1354.571972,0.0,0.0,299.415356,penalty_2000,2000.0
2019-02-13 14:00:00,-132.12382971591168,1917.670817,0.0,0.0,417.8,penalty_2000,2000.0
2019-02-13 15:00:00,-112.22441287282712,1936.82051,0.0,0.0,417.8,penalty_2000,2000.0
2019-02-13 16:00:00,-109.70128921611514,650.5918,0.0,0.0,417.8,penalty_2000,2000.0
2019-02-13 17:00:00,-24.648219482565022,671.693274,0.0,0.0,100.0,penalty_2000,2000.0
2019-02-13 18:00:00,-22.171348082813836,1237.827752,0.0,0.0,100.0,penalty_2000,2000.0
2019-02-13 19:00:00,-19.509188756067385,942.657298,0.0,0.0,42.0,penalty_2000,2000.0
2019-02-13 20:00:00,-21.719924947407215,1150.030913,0.0,0.0,42.0,penalty_2000,2000.0
2019-02-13 21:00:00,-25.835415755571006,1589.220497,0.0,0.0,42.0,penalty_2000,2000.0
2019-02-13 22:00:00,-28.447545943170734,1647.10375,0.0,0.0,42.0,penalty_2000,2000.0
2019-02-13 23:00:00,-34.14404079878214,1670.171127,0.0,0.0,42.0,penalty_2000,2000.0
2019-02-14 00:00:00,-35.64682864511268,1684.679627,0.0,0.0,42.0,penalty_2000,2000.0
2019-02-14 01:00:00,-37.99068821690447,1597.059471,0.0,0.0,42.0,penalty_2000,2000.0
2019-02-14 02:00:00,-39.07722759720407,1638.590973,0.0,0.0,42.0,penalty_2000,2000.0
2019-02-14 03:00:00,-35.61811338278342,1605.351973,0.0,0.0,42.0,penalty_2000,2000.0
2019-02-14 04:00:00,-30.446673434521657,1519.857458,0.0,0.0,42.0,penalty_2000,2000.0
2019-02-14 05:00:00,-27.5607901873601,1593.84201,0.0,0.0,42.0,penalty_2000,2000.0
2019-02-14 06:00:00,-21.30095853509606,1608.952631,0.0,0.0,42.0,penalty_2000,2000.0
2019-02-14 07:00:00,-19.432967270115622,1505.293316,0.0,0.0,42.0,penalty_2000,2000.0
2019-02-14 08:00:00,-20.213732817799258,1380.945653,0.0,0.0,42.0,penalty_2000,2000.0
2019-02-14 09:00:00,-19.40692607213244,1428.775051,0.0,0.0,42.0,penalty_2000,2000.0
2019-02-14 10:00:00,-23.739870024873444,561.485216,0.0,0.0,100.0,penalty_2000,2000.0
2019-02-14 11:00:00,-25.937370572431778,1298.817086,0.0,0.0,387.3,penalty_2000,2000.0
2019-02-14 12:00:00,-106.48217593447595,1826.230124,0.0,0.0,217.542225,penalty_2000,2000.0
2019-02-14 13:00:00,-144.00002065904627,1462.595236,0.0,0.0,255.5,penalty_2000,2000.0
2019-02-14 14:00:00,-144.9150093230621,2013.101978,0.0,0.0,255.5,penalty_2000,2000.0
2019-02-14 15:00:00,-117.2532347370901,1867.946352,0.0,0.0,417.8,penalty_2000,2000.0
2019-02-14 16:00:00,-115.10635066811105,925.599714,0.0,0.0,413.48425,penalty_2000,2000.0
2019-02-14 17:00:00,-31.883927034485037,391.385768,0.0,0.0,387.3,penalty_2000,2000.0
2019-02-14 18:00:00,8.592954841028796,0.0,0.0,0.0,0.0,penalty_2000,2000.0
2019-02-14 19:00:00,10.010883945871958,0.0,0.0,0.0,0.0,penalty_2000,2000.0
2019-02-14 20:00:00,9.936135464902515,0.0,0.0,0.0,0.0,penalty_2000,2000.0
2019-02-14 21:00:00,9.021664288106688,0.0,0.0,0.0,0.0,penalty_2000,2000.0
2019-02-14 22:00:00,9.16233993516657,0.0,0.0,0.0,0.0,penalty_2000,2000.0
2019-02-14 23:00:00,7.509198380837876,0.0,0.0,0.0,0.0,penalty_2000,2000.0
2019-02-15 00:00:00,9.646669068757102,0.0,0.0,0.0,0.0,penalty_2000,2000.0
2019-02-15 01:00:00,9.630923727041637,0.0,0.0,0.0,0.0,penalty_2000,2000.0
2019-02-15 02:00:00,11.211443552616164,0.0,0.0,0.0,0.0,penalty_2000,2000.0
2019-02-15 03:00:00,11.936132027172478,0.0,0.0,0.0,0.0,penalty_2000,2000.0
2019-02-15 04:00:00,12.116040103994948,0.0,0.0,0.0,0.0,penalty_2000,2000.0
2019-02-15 05:00:00,11.122934387773004,0.0,0.0,0.0,0.0,penalty_2000,2000.0
2019-02-15 06:00:00,13.213629290999409,0.0,0.0,0.0,0.0,penalty_2000,2000.0
2019-02-15 07:00:00,14.81615347910906,0.0,0.0,0.0,0.0,penalty_2000,2000.0
2019-02-15 08:00:00,13.417084507809765,0.0,0.0,0.0,0.0,penalty_2000,2000.0
2019-02-15 09:00:00,14.097423464826159,0.0,0.0,0.0,0.0,penalty_2000,2000.0
2019-02-15 10:00:00,13.247205343246831,0.0,0.0,0.0,0.0,penalty_2000,2000.0
2019-02-15 11:00:00,12.927257810257672,0.0,0.0,0.0,0.0,penalty_2000,2000.0
2019-02-15 12:00:00,-64.15619533505838,250.540414,0.0,0.0,104.389044,penalty_2000,2000.0
2019-02-15 13:00:00,-68.88809991288834,783.954436,0.0,0.0,255.5,penalty_2000,2000.0
2019-02-15 14:00:00,-64.74412448655129,835.541197,0.0,0.0,225.0,penalty_2000,2000.0
2019-02-15 15:00:00,-96.48108912086482,731.965726,0.0,0.0,244.403225,penalty_2000,2000.0
2019-02-15 16:00:00,-104.04884173109224,819.573696,0.0,0.0,255.5,penalty_2000,2000.0
2019-02-15 17:00:00,10.823569154346401,0.0,0.0,0.0,0.0,penalty_2000,2000.0
2019-02-15 18:00:00,7.266942325909503,0.0,0.0,0.0,58.0,penalty_2000,2000.0
2019-02-15 19:00:00,-16.7125796394959,283.301583,0.0,0.0,14.793417,penalty_2000,2000.0
2019-02-15 20:00:00,-17.680147387621144,229.723767,0.0,0.0,42.0,penalty_2000,2000.0
2019-02-15 21:00:00,-21.466523891124204,289.566592,0.0,0.0,42.0,penalty_2000,2000.0
2019-02-15 22:00:00,-21.79420826624891,347.084814,0.0,0.0,0.394369,penalty_2000,2000.0
2019-02-15 23:00:00,-24.313699072184793,31.802947,0.0,0.0,42.0,penalty_2000,2000.0
2019-02-16 00:00:00,11.968799027133437,0.0,0.0,0.0,0.0,penalty_2000,2000.0
2019-02-16 01:00:00,11.162655383939647,0.0,0.0,0.0,0.0,penalty_2000,2000.0
2019-02-16 02:00:00,11.660510319541153,0.0,0.0,0.0,0.0,penalty_2000,2000.0
2019-02-16 03:00:00,10.600210206724888,0.0,0.0,0.0,0.0,penalty_2000,2000.0
2019-02-16 04:00:00,-23.080268165850804,77.26456,0.0,0.0,42.0,penalty_2000,2000.0
2019-02-16 05:00:00,10.741167783714832,0.0,0.0,0.0,0.0,penalty_2000,2000.0
2019-02-16 06:00:00,12.811441691621237,0.0,0.0,0.0,0.0,penalty_2000,2000.0
2019-02-16 07:00:00,13.471175229978813,0.0,0.0,0.0,0.0,penalty_2000,2000.0
2019-02-16 08:00:00,15.991647110972977,0.0,0.0,0.0,0.0,penalty_2000,2000.0
2019-02-16 09:00:00,15.712976845426486,0.0,0.0,0.0,0.0,penalty_2000,2000.0
2019-02-16 10:00:00,12.578267383711902,0.0,0.0,0.0,0.0,penalty_2000,2000.0
2019-02-16 11:00:00,18.553042820338902,0.0,0.0,0.0,0.0,penalty_2000,2000.0
2019-02-16 12:00:00,-57.17251226442892,310.716145,0.0,0.0,88.5,penalty_2000,2000.0
2019-02-16 13:00:00,-61.816550420032314,957.033729,0.0,0.0,88.5,penalty_2000,2000.0
2019-02-16 14:00:00,-64.22325587843955,1012.0004,0.0,0.0,88.5,penalty_2000,2000.0
2019-02-16 15:00:00,-91.4987719077284,931.089654,0.0,0.0,213.5,penalty_2000,2000.0
2019-02-16 16:00:00,-7.438845110061362,572.135975,0.0,0.0,328.876872,penalty_2000,2000.0
2019-02-16 17:00:00,10.36902470749262,0.0,0.0,0.0,74.326091,penalty_2000,2000.0
2019-02-16 18:00:00,12.379401663039783,0.0,0.0,0.0,0.0,penalty_2000,2000.0
2019-02-16 19:00:00,15.408805230871275,0.0,0.0,0.0,0.0,penalty_2000,2000.0
2019-02-16 20:00:00,15.031832653411744,0.0,0.0,0.0,0.0,penalty_2000,2000.0
2019-02-16 21:00:00,13.11637306358497,0.0,0.0,0.0,0.0,penalty_2000,2000.0
2019-02-16 22:00:00,12.609754257353895,0.0,0.0,0.0,0.0,penalty_2000,2000.0
2019-02-16 23:00:00,14.12391914822056,0.0,0.0,0.0,0.0,penalty_2000,2000.0
2019-02-17 00:00:00,13.008316418446418,0.0,0.0,0.0,0.0,penalty_2000,2000.0
2019-02-17 01:00:00,9.093558964981312,0.0,0.0,0.0,0.0,penalty_2000,2000.0
2019-02-17 02:00:00,12.062499430938031,0.0,0.0,0.0,0.0,penalty_2000,2000.0
2019-02-17 03:00:00,12.50911008967679,0.0,0.0,0.0,0.0,penalty_2000,2000.0
2019-02-17 04:00:00,11.838144537206198,0.0,0.0,0.0,0.0,penalty_2000,2000.0
2019-02-17 05:00:00,12.596766543262826,0.0,0.0,0.0,0.0,penalty_2000,2000.0
2019-02-17 06:00:00,14.286150917142496,0.0,0.0,0.0,0.0,penalty_2000,2000.0
2019-02-17 07:00:00,13.403998961583506,0.0,0.0,0.0,0.0,penalty_2000,2000.0
2019-02-17 08:00:00,210.68548273494036,0.0,0.0,0.0,0.0,penalty_2000,2000.0
2019-02-17 09:00:00,14.35568387486965,0.0,0.0,0.0,0.0,penalty_2000,2000.0
2019-02-17 10:00:00,13.13920590429534,0.0,0.0,0.0,0.0,penalty_2000,2000.0
2019-02-17 11:00:00,19.347082947932034,0.0,0.0,0.0,0.0,penalty_2000,2000.0
2019-02-17 12:00:00,10.92153067696061,1168.616365,0.0,0.0,184.041902,penalty_2000,2000.0
2019-02-17 13:00:00,-106.82140123229154,847.059832,0.0,0.0,225.0,penalty_2000,2000.0
2019-02-17 14:00:00,-108.81548627973822,1414.327692,0.0,0.0,130.5,penalty_2000,2000.0
2019-02-17 15:00:00,-109.24237588329301,825.601974,0.0,0.0,130.5,penalty_2000,2000.0
2019-02-17 16:00:00,-68.49630390898072,0.0,0.0,0.0,88.5,penalty_2000,2000.0
2019-02-17 17:00:00,119.27316521850555,0.0,0.0,0.0,0.0,penalty_2000,2000.0
2019-02-17 18:00:00,42.257625477185364,0.0,0.0,0.0,58.0,penalty_2000,2000.0
2019-02-17 19:00:00,12.384687292466074,0.0,0.0,0.0,0.0,penalty_2000,2000.0
2019-02-17 20:00:00,12.352306825838404,0.0,0.0,0.0,0.0,penalty_2000,2000.0
2019-02-17 21:00:00,14.49406850541622,0.0,0.0,0.0,0.0,penalty_2000,2000.0
2019-02-17 22:00:00,13.55298480913718,0.0,0.0,0.0,0.0,penalty_2000,2000.0
2019-02-17 23:00:00,10.943020238132373,0.0,0.0,0.0,0.0,penalty_2000,2000.0
2019-02-18 00:00:00,8.485694919579986,0.0,0.0,0.0,58.0,penalty_2000,2000.0
2019-02-18 01:00:00,-29.71459508385073,225.877011,0.0,0.0,100.0,penalty_2000,2000.0
2019-02-18 02:00:00,-29.468882838483403,283.996328,0.0,0.0,47.334548,penalty_2000,2000.0
2019-02-18 03:00:00,-29.25136430149352,242.71409,0.0,0.0,100.0,penalty_2000,2000.0
2019-02-18 04:00:00,-20.855617969750956,160.594576,0.0,0.0,42.0,penalty_2000,2000.0
2019-02-18 05:00:00,-18.358974800908705,378.941716,0.0,0.0,42.0,penalty_2000,2000.0
2019-02-18 06:00:00,-15.326112694380893,632.067226,0.0,0.0,7.555807,penalty_2000,2000.0
2019-02-18 07:00:00,-17.14121643436841,807.53513,0.0,0.0,0.0,penalty_2000,2000.0
2019-02-18 08:00:00,-16.4176087690738,1272.222079,0.0,0.0,0.0,penalty_2000,2000.0
2019-02-18 09:00:00,-15.99915699924747,1355.998371,0.0,0.0,0.0,penalty_2000,2000.0
2019-02-18 10:00:00,-19.694679723073815,512.422806,0.0,0.0,262.3,penalty_2000,2000.0
2019-02-18 11:00:00,-21.571028722184057,1482.237259,0.0,0.0,417.8,penalty_2000,2000.0
2019-02-18 12:00:00,-94.57714097609444,2265.762941,0.0,0.0,198.480539,penalty_2000,2000.0
2019-02-18 13:00:00,-128.4685095700767,1828.43612,0.0,0.0,255.5,penalty_2000,2000.0
2019-02-18 14:00:00,-132.9100730548253,2529.977538,0.0,0.0,255.5,penalty_2000,2000.0
2019-02-18 15:00:00,-100.99269225058563,2436.207569,0.0,0.0,255.5,penalty_2000,2000.0
2019-02-18 16:00:00,-100.39063669463296,1472.445371,0.0,0.0,255.5,penalty_2000,2000.0
2019-02-18 17:00:00,-20.43683357182827,1513.21127,0.0,0.0,100.0,penalty_2000,2000.0
2019-02-18 18:00:00,-19.264978102354682,1206.45435,0.0,0.0,100.0,penalty_2000,2000.0
2019-02-18 19:00:00,-16.59834525778464,909.263498,0.0,0.0,0.0,penalty_2000,2000.0
2019-02-18 20:00:00,-17.469231789283757,1064.964416,0.0,0.0,42.0,penalty_2000,2000.0
2019-02-18 21:00:00,-20.82804016465256,1478.713118,0.0,0.0,42.0,penalty_2000,2000.0
2019-02-18 22:00:00,-21.70510134225427,1287.998014,0.0,0.0,42.0,penalty_2000,2000.0
2019-02-18 23:00:00,-24.84586792303598,1069.682886,0.0,0.0,42.0,penalty_2000,2000.0
2019-02-19 00:00:00,-25.501246807784696,759.230434,0.0,0.0,42.0,penalty_2000,2000.0
2019-02-19 01:00:00,-25.39515274081974,411.340786,0.0,0.0,42.0,penalty_2000,2000.0
2019-02-19 02:00:00,-23.78434312042875,457.954255,0.0,0.0,42.0,penalty_2000,2000.0
2019-02-19 03:00:00,-23.57182316558531,460.340228,0.0,0.0,42.0,penalty_2000,2000.0
2019-02-19 04:00:00,-20.843473237727135,427.20086,0.0,0.0,42.0,penalty_2000,2000.0
2019-02-19 05:00:00,-19.669840842529435,374.20018,0.0,0.0,42.0,penalty_2000,2000.0
2019-02-19 06:00:00,-13.405340739394548,331.166761,0.0,0.0,42.0,penalty_2000,2000.0
2019-02-19 07:00:00,-6.038259225991747,320.210491,0.0,0.0,0.0,penalty_2000,2000.0
2019-02-19 08:00:00,13.503017731953673,0.0,0.0,0.0,0.0,penalty_2000,2000.0
2019-02-19 09:00:00,51.67195979875439,0.0,0.0,0.0,32.11738,penalty_2000,2000.0
2019-02-19 10:00:00,27.26440514351288,0.0,0.0,0.0,0.0,penalty_2000,2000.0
2019-02-19 11:00:00,13.043212564591443,0.0,0.0,0.0,0.0,penalty_2000,2000.0
2019-02-19 12:00:00,15.059251270451435,0.0,0.0,0.0,0.0,penalty_2000,2000.0
2019-02-19 13:00:00,-54.645216890922846,351.696417,0.0,0.0,88.5,penalty_2000,2000.0
2019-02-19 14:00:00,-54.666406787177785,103.675241,0.0,0.0,88.5,penalty_2000,2000.0
2019-02-19 15:00:00,19.341341931958972,0.0,0.0,0.0,0.0,penalty_2000,2000.0
2019-02-19 16:00:00,15.924363005353442,0.0,0.0,0.0,0.0,penalty_2000,2000.0
2019-02-19 17:00:00,16.678340670379058,0.0,0.0,0.0,0.0,penalty_2000,2000.0
2019-02-19 18:00:00,21.55191864649953,0.0,0.0,0.0,0.0,penalty_2000,2000.0
2019-02-19 19:00:00,37.88616899540664,0.0,0.0,0.0,0.0,penalty_2000,2000.0
2019-02-19 20:00:00,316.44384342278664,0.0,0.0,0.0,0.0,penalty_2000,2000.0
2019-02-19 21:00:00,21.823220216686167,0.0,0.0,0.0,0.0,penalty_2000,2000.0
2019-02-19 22:00:00,16.506194344805564,0.0,0.0,0.0,0.0,penalty_2000,2000.0
2019-02-19 23:00:00,19.635995130703957,0.0,0.0,0.0,0.0,penalty_2000,2000.0
2019-02-20 00:00:00,14.351041710559686,0.0,0.0,0.0,0.0,penalty_2000,2000.0
2019-02-20 01:00:00,12.664149810547576,0.0,0.0,0.0,0.0,penalty_2000,2000.0
2019-02-20 02:00:00,12.43673297778193,0.0,0.0,0.0,0.0,penalty_2000,2000.0
2019-02-20 03:00:00,11.927001967059805,0.0,0.0,0.0,0.0,penalty_2000,2000.0
2019-02-20 04:00:00,11.263852205841689,0.0,0.0,0.0,0.0,penalty_2000,2000.0
2019-02-20 05:00:00,11.4052993322154,0.0,0.0,0.0,0.0,penalty_2000,2000.0
2019-02-20 06:00:00,14.299132959043586,0.0,0.0,0.0,0.0,penalty_2000,2000.0
2019-02-20 07:00:00,13.030037281676885,0.0,0.0,0.0,0.0,penalty_2000,2000.0
2019-02-20 08:00:00,11.246100271888416,0.0,0.0,0.0,0.0,penalty_2000,2000.0
2019-02-20 09:00:00,-15.104390392162113,699.592046,0.0,0.0,42.0,penalty_2000,2000.0
2019-02-20 10:00:00,-18.864713625138766,380.710157,0.0,0.0,42.0,penalty_2000,2000.0
2019-02-20 11:00:00,-20.351559503541893,1033.364292,0.0,0.0,129.823046,penalty_2000,2000.0
2019-02-20 12:00:00,-101.95038911946043,1269.202776,0.0,0.0,130.5,penalty_2000,2000.0
2019-02-20 13:00:00,-73.2041302609921,931.537127,0.0,0.0,255.5,penalty_2000,2000.0
2019-02-20 14:00:00,-109.63077830308788,1104.602716,0.0,0.0,417.8,penalty_2000,2000.0
2019-02-20 15:00:00,-107.75703756657835,918.0405,0.0,0.0,130.5,penalty_2000,2000.0
2019-02-20 16:00:00,-73.0791089637746,447.211407,0.0,0.0,130.5,penalty_2000,2000.0
2019-02-20 17:00:00,-3.177482981962926,0.0,0.0,0.0,0.0,penalty_2000,2000.0
2019-02-20 18:00:00,12.114132401091098,0.0,0.0,0.0,0.0,penalty_2000,2000.0
2019-02-20 19:00:00,12.742258257374525,0.0,0.0,0.0,0.0,penalty_2000,2000.0
2019-02-20 20:00:00,12.961705367817343,0.0,0.0,0.0,0.0,penalty_2000,2000.0
2019-02-20 21:00:00,11.81153694186151,0.0,0.0,0.0,0.0,penalty_2000,2000.0
2019-02-20 22:00:00,10.930469540256913,0.0,0.0,0.0,0.0,penalty_2000,2000.0
2019-02-20 23:00:00,10.054812304114229,0.0,0.0,0.0,0.0,penalty_2000,2000.0
2019-02-21 00:00:00,10.591928907060494,0.0,0.0,0.0,0.0,penalty_2000,2000.0
2019-02-21 01:00:00,10.565275445265167,0.0,0.0,0.0,0.0,penalty_2000,2000.0
2019-02-21 02:00:00,10.60067433221627,0.0,0.0,0.0,0.0,penalty_2000,2000.0
2019-02-21 03:00:00,10.816164851436575,0.0,0.0,0.0,0.0,penalty_2000,2000.0
2019-02-21 04:00:00,11.167962331696401,0.0,0.0,0.0,0.0,penalty_2000,2000.0
2019-02-21 05:00:00,13.002677953476056,0.0,0.0,0.0,0.0,penalty_2000,2000.0
2019-02-21 06:00:00,15.126675495299105,0.0,0.0,0.0,0.0,penalty_2000,2000.0
2019-02-21 07:00:00,16.01546252378024,0.0,0.0,0.0,0.0,penalty_2000,2000.0
2019-02-21 08:00:00,12.991269481536214,0.0,0.0,0.0,0.0,penalty_2000,2000.0
2019-02-21 09:00:00,21.80661130399768,0.0,0.0,0.0,132.659996,penalty_2000,2000.0
2019-02-21 10:00:00,11.195352572634366,0.0,0.0,0.0,0.0,penalty_2000,2000.0
2019-02-21 11:00:00,-16.776131324190295,1322.851187,0.0,0.0,220.3,penalty_2000,2000.0
2019-02-21 12:00:00,-91.23366744034338,1721.274008,0.0,0.0,88.5,penalty_2000,2000.0
2019-02-21 13:00:00,-120.88079471763434,1846.494025,0.0,0.0,213.5,penalty_2000,2000.0
2019-02-21 14:00:00,-126.58423076779096,2418.95859,0.0,0.0,255.5,penalty_2000,2000.0
2019-02-21 15:00:00,-109.71975275132245,2212.57968,0.0,0.0,417.8,penalty_2000,2000.0
2019-02-21 16:00:00,-98.93939769868943,1206.684149,0.0,0.0,417.8,penalty_2000,2000.0
2019-02-21 17:00:00,-17.9337565257593,1549.382109,0.0,0.0,58.0,penalty_2000,2000.0
2019-02-21 18:00:00,-15.696735404178336,1259.287661,0.0,0.0,0.0,penalty_2000,2000.0
2019-02-21 19:00:00,-13.704901688786004,926.799857,0.0,0.0,0.0,penalty_2000,2000.0
2019-02-21 20:00:00,-15.376648246880295,1082.53142,0.0,0.0,0.0,penalty_2000,2000.0
2019-02-21 21:00:00,-20.197335455750288,768.518473,0.0,0.0,12.492373,penalty_2000,2000.0
2019-02-21 22:00:00,10.623869119561483,0.0,0.0,0.0,0.0,penalty_2000,2000.0
2019-02-21 23:00:00,11.188032663112411,0.0,0.0,0.0,0.0,penalty_2000,2000.0
2019-02-22 00:00:00,5.216028678057717,0.0,0.0,0.0,0.0,penalty_2000,2000.0
2019-02-22 01:00:00,-10.140761306340229,0.0,0.0,0.0,42.0,penalty_2000,2000.0
2019-02-22 02:00:00,8.336093142871515,0.0,0.0,0.0,0.0,penalty_2000,2000.0
2019-02-22 03:00:00,9.942436600162914,0.0,0.0,0.0,0.0,penalty_2000,2000.0
2019-02-22 04:00:00,-25.046179490740602,28.052929,0.0,0.0,42.0,penalty_2000,2000.0
2019-02-22 05:00:00,10.677982426637808,0.0,0.0,0.0,0.0,penalty_2000,2000.0
2019-02-22 06:00:00,13.664698362281067,0.0,0.0,0.0,0.0,penalty_2000,2000.0
2019-02-22 07:00:00,14.381737440134943,0.0,0.0,0.0,0.0,penalty_2000,2000.0
2019-02-22 08:00:00,15.13024772773207,0.0,0.0,0.0,0.0,penalty_2000,2000.0
2019-02-22 09:00:00,14.538878458786291,0.0,0.0,0.0,0.0,penalty_2000,2000.0
2019-02-22 10:00:00,15.93879915798423,0.0,0.0,0.0,0.0,penalty_2000,2000.0
2019-02-22 11:00:00,12.964268751415625,0.0,0.0,0.0,0.0,penalty_2000,2000.0
2019-02-22 12:00:00,19.045675724935865,0.0,0.0,0.0,0.0,penalty_2000,2000.0
2019-02-22 13:00:00,-59.41064485121425,200.151488,0.0,0.0,128.135677,penalty_2000,2000.0
2019-02-22 14:00:00,-63.97833342169116,401.464606,0.0,0.0,130.5,penalty_2000,2000.0
2019-02-22 15:00:00,-64.46725026104279,366.3602,0.0,0.0,130.5,penalty_2000,2000.0
2019-02-22 16:00:00,-97.0222275360997,186.406222,0.0,0.0,130.5,penalty_2000,2000.0
2019-02-22 17:00:00,-16.327493233467912,579.47309,0.0,0.0,42.0,penalty_2000,2000.0
2019-02-22 18:00:00,-16.108430736965595,549.833404,0.0,0.0,42.0,penalty_2000,2000.0
2019-02-22 19:00:00,-17.583736226322173,516.18851,0.0,0.0,42.0,penalty_2000,2000.0
2019-02-22 20:00:00,11.370336090874838,0.0,0.0,0.0,0.0,penalty_2000,2000.0
2019-02-22 21:00:00,11.636742342256612,0.0,0.0,0.0,0.0,penalty_2000,2000.0
2019-02-22 22:00:00,11.463984827966343,0.0,0.0,0.0,0.0,penalty_2000,2000.0
2019-02-22 23:00:00,9.797337130582234,0.0,0.0,0.0,0.0,penalty_2000,2000.0
2019-02-23 00:00:00,-22.616413055927758,322.50653,0.0,0.0,42.0,penalty_2000,2000.0
2019-02-23 01:00:00,-28.29302654800621,1009.298821,0.0,0.0,42.0,penalty_2000,2000.0
2019-02-23 02:00:00,-31.23499391059005,662.585548,0.0,0.0,79.842187,penalty_2000,2000.0
2019-02-23 03:00:00,-30.63584606891922,984.233946,0.0,0.0,42.0,penalty_2000,2000.0
2019-02-23 04:00:00,-30.699332731076574,1335.560559,0.0,0.0,42.0,penalty_2000,2000.0
2019-02-23 05:00:00,-32.47520039993872,1487.84528,0.0,0.0,42.0,penalty_2000,2000.0
2019-02-23 06:00:00,-27.78104468665507,1119.917527,0.0,0.0,42.0,penalty_2000,2000.0
2019-02-23 07:00:00,-21.55813666350262,277.318698,0.0,0.0,42.0,penalty_2000,2000.0
2019-02-23 08:00:00,-19.441649999867614,393.437365,0.0,0.0,42.0,penalty_2000,2000.0
2019-02-23 09:00:00,-18.865274786200533,463.066047,0.0,0.0,42.0,penalty_2000,2000.0
2019-02-23 10:00:00,82.7043192984093,20.711625,0.0,0.0,80.0,penalty_2000,2000.0
2019-02-23 11:00:00,11.421749081746357,0.0,0.0,0.0,0.0,penalty_2000,2000.0
2019-02-23 12:00:00,-39.61385336572702,30.685566,0.0,0.0,0.0,penalty_2000,2000.0
2019-02-23 13:00:00,-81.4734308608864,133.275566,0.0,0.0,378.208195,penalty_2000,2000.0
2019-02-23 14:00:00,-76.9259418890182,355.316607,0.0,0.0,417.8,penalty_2000,2000.0
2019-02-23 15:00:00,-74.77626103577464,493.631596,0.0,0.0,130.5,penalty_2000,2000.0
2019-02-23 16:00:00,-77.57123031274772,809.859833,0.0,0.0,417.8,penalty_2000,2000.0
2019-02-23 17:00:00,-79.78131726681099,76.074375,0.0,0.0,88.5,penalty_2000,2000.0
2019-02-23 18:00:00,-31.465507594496568,779.821759,0.0,0.0,387.3,penalty_2000,2000.0
2019-02-23 19:00:00,-24.04773715192521,419.643774,0.0,0.0,42.0,penalty_2000,2000.0
2019-02-23 20:00:00,-26.493001752143847,1075.208727,0.0,0.0,42.0,penalty_2000,2000.0
2019-02-23 21:00:00,-29.562650825862605,1347.218328,0.0,0.0,42.0,penalty_2000,2000.0
2019-02-23 22:00:00,10.139416670806165,0.0,0.0,0.0,0.0,penalty_2000,2000.0
2019-02-23 23:00:00,10.535257385462865,0.0,0.0,0.0,0.0,penalty_2000,2000.0
2019-02-24 00:00:00,13.360565031315303,0.0,0.0,0.0,0.0,penalty_2000,2000.0
2019-02-24 01:00:00,12.265400071312596,0.0,0.0,0.0,0.0,penalty_2000,2000.0
2019-02-24 02:00:00,13.246591259464479,0.0,0.0,0.0,0.0,penalty_2000,2000.0
2019-02-24 03:00:00,12.285620572449853,0.0,0.0,0.0,0.0,penalty_2000,2000.0
2019-02-24 04:00:00,13.012184617456771,0.0,0.0,0.0,0.0,penalty_2000,2000.0
2019-02-24 05:00:00,12.079436141579142,0.0,0.0,0.0,0.0,penalty_2000,2000.0
2019-02-24 06:00:00,13.039527909947369,0.0,0.0,0.0,0.0,penalty_2000,2000.0
2019-02-24 07:00:00,12.076822693856807,0.0,0.0,0.0,0.0,penalty_2000,2000.0
2019-02-24 08:00:00,12.372716399365883,0.0,0.0,0.0,0.0,penalty_2000,2000.0
2019-02-24 09:00:00,11.560796118827641,0.0,0.0,0.0,0.0,penalty_2000,2000.0
2019-02-24 10:00:00,11.280687048964225,0.0,0.0,0.0,0.0,penalty_2000,2000.0
2019-02-24 11:00:00,10.05807633141094,0.0,0.0,0.0,0.0,penalty_2000,2000.0
2019-02-24 12:00:00,-77.93570546664472,102.894921,0.0,0.0,130.5,penalty_2000,2000.0
2019-02-24 13:00:00,-82.14645874309598,888.100513,0.0,0.0,281.360501,penalty_2000,2000.0
2019-02-24 14:00:00,-84.72701740739213,1131.651312,0.0,0.0,248.015049,penalty_2000,2000.0
2019-02-24 15:00:00,-90.25772253172008,1188.89929,0.0,0.0,417.8,penalty_2000,2000.0
2019-02-24 16:00:00,-161.83601491778873,936.664548,0.0,0.0,417.8,penalty_2000,2000.0
2019-02-24 17:00:00,-114.66120876883059,318.630798,0.0,0.0,216.65301,penalty_2000,2000.0
2019-02-24 18:00:00,5.790731624879601,0.0,0.0,0.0,58.0,penalty_2000,2000.0
2019-02-24 19:00:00,11.474021510813422,0.0,0.0,0.0,0.0,penalty_2000,2000.0
2019-02-24 20:00:00,11.945089335992689,0.0,0.0,0.0,0.0,penalty_2000,2000.0
2019-02-24 21:00:00,11.807140708414051,0.0,0.0,0.0,0.0,penalty_2000,2000.0
2019-02-24 22:00:00,11.126438015295287,0.0,0.0,0.0,0.0,penalty_2000,2000.0
2019-02-24 23:00:00,10.88584722982333,0.0,0.0,0.0,0.0,penalty_2000,2000.0
2019-02-25 00:00:00,10.099850154502532,0.0,0.0,0.0,0.0,penalty_2000,2000.0
2019-02-25 01:00:00,10.393680407899534,0.0,0.0,0.0,0.0,penalty_2000,2000.0
2019-02-25 02:00:00,10.962380462464893,0.0,0.0,0.0,0.0,penalty_2000,2000.0
2019-02-25 03:00:00,11.137734712051628,0.0,0.0,0.0,0.0,penalty_2000,2000.0
2019-02-25 04:00:00,11.47245566744213,0.0,0.0,0.0,0.0,penalty_2000,2000.0
2019-02-25 05:00:00,11.402979337413266,0.0,0.0,0.0,0.0,penalty_2000,2000.0
2019-02-25 06:00:00,16.053333209447988,0.0,0.0,0.0,0.0,penalty_2000,2000.0
2019-02-25 07:00:00,15.568076051099297,0.0,0.0,0.0,0.0,penalty_2000,2000.0
2019-02-25 08:00:00,13.754346039961241,0.0,0.0,0.0,0.0,penalty_2000,2000.0
2019-02-25 09:00:00,12.185208261314973,0.0,0.0,0.0,0.0,penalty_2000,2000.0
2019-02-25 10:00:00,10.644870245184466,0.0,0.0,0.0,0.0,penalty_2000,2000.0
2019-02-25 11:00:00,4.138922016073982,1079.682217,0.0,0.0,345.3,penalty_2000,2000.0
2019-02-25 12:00:00,-110.23458557446995,1939.229258,0.0,0.0,371.738218,penalty_2000,2000.0
2019-02-25 13:00:00,-140.1160622284255,1943.349097,0.0,0.0,255.5,penalty_2000,2000.0
2019-02-25 14:00:00,-141.5335297125654,2785.549925,0.0,0.0,255.5,penalty_2000,2000.0
2019-02-25 15:00:00,-143.0635697325895,2825.863735,0.0,0.0,283.409497,penalty_2000,2000.0
2019-02-25 16:00:00,-108.24128418285187,1928.124208,0.0,0.0,255.5,penalty_2000,2000.0
2019-02-25 17:00:00,-105.22094842753299,1729.948334,0.0,0.0,255.5,penalty_2000,2000.0
2019-02-25 18:00:00,-21.486267048070086,1359.642809,0.0,0.0,255.360192,penalty_2000,2000.0
2019-02-25 19:00:00,-13.4716612684154,992.348071,0.0,0.0,42.0,penalty_2000,2000.0
2019-02-25 20:00:00,-17.878220832626397,713.760789,0.0,0.0,42.0,penalty_2000,2000.0
2019-02-25 21:00:00,-22.455345659850558,738.918107,0.0,0.0,42.0,penalty_2000,2000.0
2019-02-25 22:00:00,-23.52879570897602,401.10854,0.0,0.0,42.0,penalty_2000,2000.0
2019-02-25 23:00:00,-27.715099388685527,211.286225,0.0,0.0,42.0,penalty_2000,2000.0
2019-02-26 00:00:00,-27.03388119001408,73.521119,0.0,0.0,42.0,penalty_2000,2000.0
2019-02-26 01:00:00,8.616733093330124,0.0,0.0,0.0,0.0,penalty_2000,2000.0
2019-02-26 02:00:00,8.763818990335334,0.0,0.0,0.0,0.0,penalty_2000,2000.0
2019-02-26 03:00:00,10.440408545091884,0.0,0.0,0.0,0.0,penalty_2000,2000.0
2019-02-26 04:00:00,9.737369897076968,0.0,0.0,0.0,0.0,penalty_2000,2000.0
2019-02-26 05:00:00,10.215133289874199,0.0,0.0,0.0,0.0,penalty_2000,2000.0
2019-02-26 06:00:00,11.261902064721777,0.0,0.0,0.0,0.0,penalty_2000,2000.0
2019-02-26 07:00:00,11.614867871056774,0.0,0.0,0.0,0.0,penalty_2000,2000.0
2019-02-26 08:00:00,12.518353862811745,0.0,0.0,0.0,0.0,penalty_2000,2000.0
2019-02-26 09:00:00,12.285691492371857,0.0,0.0,0.0,0.0,penalty_2000,2000.0
2019-02-26 10:00:00,12.139445773850307,0.0,0.0,0.0,0.0,penalty_2000,2000.0
2019-02-26 11:00:00,-20.776336939977444,591.37774,0.0,0.0,42.0,penalty_2000,2000.0
2019-02-26 12:00:00,-20.197584398786482,1316.055825,0.0,0.0,42.0,penalty_2000,2000.0
2019-02-26 13:00:00,-102.92049403411619,795.916247,0.0,0.0,130.5,penalty_2000,2000.0
2019-02-26 14:00:00,-101.36320711883324,1489.14591,0.0,0.0,130.5,penalty_2000,2000.0
2019-02-26 15:00:00,-101.76303682927542,1445.246923,0.0,0.0,130.5,penalty_2000,2000.0
2019-02-26 16:00:00,-103.53166466033224,833.079318,0.0,0.0,255.5,penalty_2000,2000.0
2019-02-26 17:00:00,-20.238957458183663,967.870214,0.0,0.0,42.0,penalty_2000,2000.0
2019-02-26 18:00:00,-19.451204722877296,378.027816,0.0,0.0,42.0,penalty_2000,2000.0
2019-02-26 19:00:00,11.003721990012384,0.0,0.0,0.0,0.0,penalty_2000,2000.0
2019-02-26 20:00:00,12.112512681391735,0.0,0.0,0.0,0.0,penalty_2000,2000.0
2019-02-26 21:00:00,11.836802780569325,0.0,0.0,0.0,0.0,penalty_2000,2000.0
2019-02-26 22:00:00,11.188277365491924,0.0,0.0,0.0,0.0,penalty_2000,2000.0
2019-02-26 23:00:00,10.901316100665213,0.0,0.0,0.0,0.0,penalty_2000,2000.0
2019-02-27 00:00:00,10.601682223871498,0.0,0.0,0.0,0.0,penalty_2000,2000.0
2019-02-27 01:00:00,4.296545449160697,0.0,0.0,0.0,0.0,penalty_2000,2000.0
2019-02-27 02:00:00,10.498515109842783,0.0,0.0,0.0,0.0,penalty_2000,2000.0
2019-02-27 03:00:00,10.39846179100942,0.0,0.0,0.0,0.0,penalty_2000,2000.0
2019-02-27 04:00:00,11.437064211835398,0.0,0.0,0.0,0.0,penalty_2000,2000.0
2019-02-27 05:00:00,11.373242074390413,0.0,0.0,0.0,0.0,penalty_2000,2000.0
2019-02-27 06:00:00,12.875480908944096,0.0,0.0,0.0,0.0,penalty_2000,2000.0
2019-02-27 07:00:00,13.926540406301765,0.0,0.0,0.0,0.0,penalty_2000,2000.0
2019-02-27 08:00:00,16.47763931660683,0.0,0.0,0.0,0.0,penalty_2000,2000.0
2019-02-27 09:00:00,15.904847939243394,0.0,0.0,0.0,0.0,penalty_2000,2000.0
2019-02-27 10:00:00,14.031359719592711,0.0,0.0,0.0,0.0,penalty_2000,2000.0
2019-02-27 11:00:00,12.005378133086952,0.0,0.0,0.0,0.0,penalty_2000,2000.0
2019-02-27 12:00:00,-60.947192178988224,42.045189,0.0,0.0,375.8,penalty_2000,2000.0
2019-02-27 13:00:00,10.916135046660818,0.0,0.0,0.0,0.0,penalty_2000,2000.0
2019-02-27 14:00:00,0.9678880956354631,0.0,0.0,0.0,0.0,penalty_2000,2000.0
2019-02-27 15:00:00,-6.738216787810517,0.0,0.0,0.0,0.0,penalty_2000,2000.0
2019-02-27 16:00:00,11.761070474231705,0.0,0.0,0.0,0.0,penalty_2000,2000.0
2019-02-27 17:00:00,12.57089179288393,0.0,0.0,0.0,0.0,penalty_2000,2000.0
2019-02-27 18:00:00,13.292190019446897,0.0,0.0,0.0,0.0,penalty_2000,2000.0
2019-02-27 19:00:00,14.208840487670875,0.0,0.0,0.0,0.0,penalty_2000,2000.0
2019-02-27 20:00:00,-6.476133162559522,37.141805,0.0,0.0,0.0,penalty_2000,2000.0
2019-02-27 21:00:00,-10.234049327057614,223.529843,0.0,0.0,42.0,penalty_2000,2000.0
2019-02-27 22:00:00,-13.543487063203031,700.92321,0.0,0.0,42.0,penalty_2000,2000.0
2019-02-27 23:00:00,-12.358539764836014,697.107178,0.0,0.0,42.0,penalty_2000,2000.0
2019-02-28 00:00:00,-20.960358610123862,708.714052,0.0,0.0,42.0,penalty_2000,2000.0
2019-02-28 01:00:00,-25.44337912613904,695.929512,0.0,0.0,42.0,penalty_2000,2000.0
2019-02-28 02:00:00,-21.10825132614801,582.685086,0.0,0.0,42.0,penalty_2000,2000.0
2019-02-28 03:00:00,-21.04612625747722,456.920543,0.0,0.0,42.0,penalty_2000,2000.0
2019-02-28 04:00:00,-19.306610648625764,336.911546,0.0,0.0,42.0,penalty_2000,2000.0
2019-02-28 05:00:00,-18.523006103984844,305.839845,0.0,0.0,34.347155,penalty_2000,2000.0
2019-02-28 06:00:00,-13.60991385559902,218.919749,0.0,0.0,0.0,penalty_2000,2000.0
2019-02-28 07:00:00,12.963651132164921,0.0,0.0,0.0,0.0,penalty_2000,2000.0
2019-02-28 08:00:00,15.199087792429014,0.0,0.0,0.0,0.0,penalty_2000,2000.0
2019-02-28 09:00:00,1995.3697787696917,0.0,14.286,0.0,0.0,penalty_2000,2000.0
2019-02-28 10:00:00,18.456620283899674,0.0,0.0,0.0,0.0,penalty_2000,2000.0
2019-02-28 11:00:00,34.1236828894557,0.0,0.0,0.0,0.0,penalty_2000,2000.0
2019-02-28 12:00:00,15.324000218610637,0.0,0.0,0.0,0.0,penalty_2000,2000.0
2019-02-28 13:00:00,-43.260796853514336,110.480901,0.0,0.0,88.5,penalty_2000,2000.0
2019-02-28 14:00:00,-43.76829711125474,319.313917,0.0,0.0,88.5,penalty_2000,2000.0
2019-02-28 15:00:00,-50.87415116676015,209.692375,0.0,0.0,88.5,penalty_2000,2000.0
2019-02-28 16:00:00,-25.558387430912568,0.0,0.0,0.0,58.0,penalty_2000,2000.0
2019-02-28 17:00:00,13.29732176317195,0.0,0.0,0.0,0.0,penalty_2000,2000.0
2019-02-28 18:00:00,16.440649734874167,0.0,0.0,0.0,0.0,penalty_2000,2000.0
2019-02-28 19:00:00,18.152032162861573,0.0,0.0,0.0,0.0,penalty_2000,2000.0
2019-02-28 20:00:00,18.324435695708598,0.0,0.0,0.0,0.0,penalty_2000,2000.0
2019-02-28 21:00:00,15.319215386348187,0.0,0.0,0.0,0.0,penalty_2000,2000.0
2019-02-28 22:00:00,12.947523272341115,0.0,0.0,0.0,0.0,penalty_2000,2000.0
2019-02-28 23:00:00,14.583026878203315,0.0,0.0,0.0,0.0,penalty_2000,2000.0
2019-03-01 00:00:00,12.170145396009893,0.0,0.0,0.0,0.0,penalty_2000,2000.0
2019-03-01 01:00:00,11.7784217946181,0.0,0.0,0.0,0.0,penalty_2000,2000.0
2019-03-01 02:00:00,12.080931027187088,0.0,0.0,0.0,0.0,penalty_2000,2000.0
2019-03-01 03:00:00,12.081608466258556,0.0,0.0,0.0,0.0,penalty_2000,2000.0
2019-03-01 04:00:00,12.583974552516965,0.0,0.0,0.0,0.0,penalty_2000,2000.0
2019-03-01 05:00:00,12.355309415865726,0.0,0.0,0.0,0.0,penalty_2000,2000.0
2019-03-01 06:00:00,13.024730582675673,0.0,0.0,0.0,0.0,penalty_2000,2000.0
2019-03-01 07:00:00,12.622342531402793,0.0,0.0,0.0,0.0,penalty_2000,2000.0
2019-03-01 08:00:00,12.613275475249594,0.0,0.0,0.0,0.0,penalty_2000,2000.0
2019-03-01 09:00:00,11.798135427609465,0.0,0.0,0.0,0.0,penalty_2000,2000.0
2019-03-01 10:00:00,11.524080866817904,0.0,0.0,0.0,0.0,penalty_2000,2000.0
2019-03-01 11:00:00,-57.323678672820435,35.354015,0.0,0.0,375.8,penalty_2000,2000.0
2019-03-01 12:00:00,-59.76490269624186,609.661528,0.0,0.0,213.5,penalty_2000,2000.0
2019-03-01 13:00:00,-64.78379007543384,1268.992355,0.0,0.0,255.5,penalty_2000,2000.0
2019-03-01 14:00:00,-65.83094410155863,1333.312004,0.0,0.0,255.5,penalty_2000,2000.0
2019-03-01 15:00:00,-67.55480031008985,1202.217043,0.0,0.0,272.134327,penalty_2000,2000.0
2019-03-01 16:00:00,-67.71824952085862,719.34985,0.0,0.0,255.5,penalty_2000,2000.0
2019-03-01 17:00:00,-64.58209878109264,61.161292,0.0,0.0,130.5,penalty_2000,2000.0
2019-03-01 18:00:00,12.11974115525257,0.0,0.0,0.0,0.0,penalty_2000,2000.0
2019-03-01 19:00:00,12.560867865344363,0.0,0.0,0.0,0.0,penalty_2000,2000.0
2019-03-01 20:00:00,13.195258510703445,0.0,0.0,0.0,0.0,penalty_2000,2000.0
2019-03-01 21:00:00,11.902000119134327,0.0,0.0,0.0,0.0,penalty_2000,2000.0
2019-03-01 22:00:00,10.272376388974514,0.0,0.0,0.0,0.0,penalty_2000,2000.0
2019-03-01 23:00:00,9.195560185190542,0.0,0.0,0.0,0.0,penalty_2000,2000.0
2019-03-02 00:00:00,12.061659731141273,0.0,0.0,0.0,0.0,penalty_2000,2000.0
2019-03-02 01:00:00,-23.447502916524044,89.325039,0.0,0.0,42.0,penalty_2000,2000.0
2019-03-02 02:00:00,-21.07840731769469,364.299826,0.0,0.0,42.0,penalty_2000,2000.0
2019-03-02 03:00:00,-19.28393065697011,563.494108,0.0,0.0,42.0,penalty_2000,2000.0
2019-03-02 04:00:00,-23.310055244357418,579.380098,0.0,0.0,42.0,penalty_2000,2000.0
2019-03-02 05:00:00,-22.444634835302608,144.311307,0.0,0.0,42.0,penalty_2000,2000.0
2019-03-02 06:00:00,12.577370211229754,0.0,0.0,0.0,0.0,penalty_2000,2000.0
2019-03-02 07:00:00,12.067449461151856,0.0,0.0,0.0,0.0,penalty_2000,2000.0
2019-03-02 08:00:00,16.021468442054637,0.0,0.0,0.0,0.0,penalty_2000,2000.0
2019-03-02 09:00:00,295.89433108973253,40.397742,0.0,0.0,58.0,penalty_2000,2000.0
2019-03-02 10:00:00,14.960680482541271,0.0,0.0,0.0,0.0,penalty_2000,2000.0
2019-03-02 11:00:00,14.857269918141514,0.0,0.0,0.0,0.0,penalty_2000,2000.0
2019-03-02 12:00:00,14.381440994463892,0.0,0.0,0.0,0.0,penalty_2000,2000.0
2019-03-02 13:00:00,15.449307616231723,0.0,0.0,0.0,0.0,penalty_2000,2000.0
2019-03-02 14:00:00,-19.830954717916438,0.0,0.0,0.0,58.0,penalty_2000,2000.0
2019-03-02 15:00:00,-19.57095605780106,0.0,0.0,0.0,58.0,penalty_2000,2000.0
2019-03-02 16:00:00,11.719025696018631,0.0,0.0,0.0,0.0,penalty_2000,2000.0
2019-03-02 17:00:00,12.570315445176215,0.0,0.0,0.0,0.0,penalty_2000,2000.0
2019-03-02 18:00:00,12.71987735969089,0.0,0.0,0.0,0.0,penalty_2000,2000.0
2019-03-02 19:00:00,12.698861565069706,0.0,0.0,0.0,0.0,penalty_2000,2000.0
2019-03-02 20:00:00,8.713012969588009,0.0,0.0,0.0,0.0,penalty_2000,2000.0
2019-03-02 21:00:00,-12.630742430717302,761.541857,0.0,0.0,0.0,penalty_2000,2000.0
2019-03-02 22:00:00,-25.023452217916827,1281.915575,0.0,0.0,42.0,penalty_2000,2000.0
2019-03-02 23:00:00,-23.20200790596906,901.307701,0.0,0.0,25.804983,penalty_2000,2000.0
2019-03-03 00:00:00,-25.253787446320178,613.454453,0.0,0.0,42.0,penalty_2000,2000.0
2019-03-03 01:00:00,-25.17491686791025,424.805037,0.0,0.0,42.0,penalty_2000,2000.0
2019-03-03 02:00:00,-26.509629615809732,519.244534,0.0,0.0,42.0,penalty_2000,2000.0
2019-03-03 03:00:00,-26.901496305715188,894.126331,0.0,0.0,42.0,penalty_2000,2000.0
2019-03-03 04:00:00,-27.779144730225415,1268.30097,0.0,0.0,42.0,penalty_2000,2000.0
2019-03-03 05:00:00,-27.22903685354415,1424.361542,0.0,0.0,42.0,penalty_2000,2000.0
2019-03-03 06:00:00,-26.27168822211629,1525.732205,0.0,0.0,6.340072,penalty_2000,2000.0
2019-03-03 07:00:00,-23.101748075972363,1433.050532,0.0,0.0,0.0,penalty_2000,2000.0
2019-03-03 08:00:00,-19.359057174394774,1295.81427,0.0,0.0,0.0,penalty_2000,2000.0
2019-03-03 09:00:00,2.5483940758608874,1407.042056,0.0,0.0,0.0,penalty_2000,2000.0
2019-03-03 10:00:00,14.16972560747502,531.916942,0.0,0.0,58.0,penalty_2000,2000.0
2019-03-03 11:00:00,20.075041490618563,1540.207335,0.0,0.0,375.8,penalty_2000,2000.0
2019-03-03 12:00:00,-59.45245780223328,2471.679662,0.0,0.0,213.5,penalty_2000,2000.0
2019-03-03 13:00:00,-76.1238939435453,2166.240351,0.0,0.0,213.5,penalty_2000,2000.0
2019-03-03 14:00:00,-91.88802617073507,2854.543643,0.0,0.0,213.5,penalty_2000,2000.0
2019-03-03 15:00:00,-78.64181710585032,2797.016951,0.0,0.0,213.5,penalty_2000,2000.0
2019-03-03 16:00:00,-77.10318530209837,1772.592243,0.0,0.0,101.821144,penalty_2000,2000.0
2019-03-03 17:00:00,-57.92146978622914,1656.288289,0.0,0.0,213.5,penalty_2000,2000.0
2019-03-03 18:00:00,26.39748466178944,1276.200327,0.0,0.0,204.841581,penalty_2000,2000.0
2019-03-03 19:00:00,17.146385517423088,974.301887,0.0,0.0,0.0,penalty_2000,2000.0
2019-03-03 20:00:00,4.973929060273024,1023.439633,0.0,0.0,0.0,penalty_2000,2000.0
2019-03-03 21:00:00,-15.689557350304625,1451.282621,0.0,0.0,0.0,penalty_2000,2000.0
2019-03-03 22:00:00,-16.331933467109106,1500.677415,0.0,0.0,42.0,penalty_2000,2000.0
2019-03-03 23:00:00,-18.609657039098256,1465.711671,0.0,0.0,42.0,penalty_2000,2000.0
2019-03-04 00:00:00,-13.614570902236327,1389.965997,0.0,0.0,0.0,penalty_2000,2000.0
2019-03-04 01:00:00,-18.157745192582414,1195.744022,0.0,0.0,2.958169,penalty_2000,2000.0
2019-03-04 02:00:00,-13.75071182063275,1223.502469,0.0,0.0,0.0,penalty_2000,2000.0
2019-03-04 03:00:00,-17.416544258928504,1199.397216,0.0,0.0,42.0,penalty_2000,2000.0
2019-03-04 04:00:00,-15.887517417778971,1151.599128,0.0,0.0,0.0,penalty_2000,2000.0
2019-03-04 05:00:00,-14.535618426129254,1101.337099,0.0,0.0,0.0,penalty_2000,2000.0
2019-03-04 06:00:00,24.01898532059102,966.056889,0.0,0.0,0.0,penalty_2000,2000.0
2019-03-04 07:00:00,37.33354262964345,746.680305,0.0,0.0,0.0,penalty_2000,2000.0
2019-03-04 08:00:00,27.960766913707804,569.301721,0.0,0.0,58.0,penalty_2000,2000.0
2019-03-04 09:00:00,54.51452852187705,576.268262,0.0,0.0,58.0,penalty_2000,2000.0
2019-03-04 10:00:00,13.17413646022752,0.0,0.0,0.0,0.0,penalty_2000,2000.0
2019-03-04 11:00:00,60.626113663847164,332.14501,0.0,0.0,220.3,penalty_2000,2000.0
2019-03-04 12:00:00,22.6723280098336,518.252775,0.0,0.0,58.0,penalty_2000,2000.0
2019-03-04 13:00:00,21.113728809084407,0.0,0.0,0.0,0.0,penalty_2000,2000.0
2019-03-04 14:00:00,-47.963914650722835,257.684938,0.0,0.0,88.5,penalty_2000,2000.0
2019-03-04 15:00:00,-44.346824674868216,237.370762,0.0,0.0,88.5,penalty_2000,2000.0
2019-03-04 16:00:00,-43.15049120335696,214.218335,0.0,0.0,83.265204,penalty_2000,2000.0
2019-03-04 17:00:00,12.612616481801336,0.0,0.0,0.0,0.0,penalty_2000,2000.0
2019-03-04 18:00:00,15.109891647012278,0.0,0.0,0.0,0.0,penalty_2000,2000.0
2019-03-04 19:00:00,18.900199374641897,0.0,0.0,0.0,0.0,penalty_2000,2000.0
2019-03-04 20:00:00,21.31975991999041,0.0,0.0,0.0,0.0,penalty_2000,2000.0
2019-03-04 21:00:00,21.015140415784128,0.0,0.0,0.0,0.0,penalty_2000,2000.0
2019-03-04 22:00:00,18.549517805630924,0.0,0.0,0.0,0.0,penalty_2000,2000.0
2019-03-04 23:00:00,18.994316391465997,0.0,0.0,0.0,0.0,penalty_2000,2000.0
2019-03-05 00:00:00,17.25272743636411,0.0,0.0,0.0,0.0,penalty_2000,2000.0
2019-03-05 01:00:00,16.103767690655644,0.0,0.0,0.0,0.0,penalty_2000,2000.0
2019-03-05 02:00:00,15.067170347341989,0.0,0.0,0.0,0.0,penalty_2000,2000.0
2019-03-05 03:00:00,15.654048049371916,0.0,0.0,0.0,0.0,penalty_2000,2000.0
2019-03-05 04:00:00,15.013331397687134,0.0,0.0,0.0,0.0,penalty_2000,2000.0
2019-03-05 05:00:00,17.700900901125223,0.0,0.0,0.0,0.0,penalty_2000,2000.0
2019-03-05 06:00:00,32.00033891840733,0.0,0.0,0.0,0.0,penalty_2000,2000.0
2019-03-05 07:00:00,21.531259133621454,0.0,0.0,0.0,0.0,penalty_2000,2000.0
2019-03-05 08:00:00,20.58291684895322,0.0,0.0,0.0,0.0,penalty_2000,2000.0
2019-03-05 09:00:00,16.024576156032204,0.0,0.0,0.0,0.0,penalty_2000,2000.0
2019-03-05 10:00:00,12.661376006879856,0.0,0.0,0.0,0.0,penalty_2000,2000.0
2019-03-05 11:00:00,-35.56537854256436,10.545566,0.0,0.0,58.0,penalty_2000,2000.0
2019-03-05 12:00:00,-52.40142017248292,171.816361,0.0,0.0,88.5,penalty_2000,2000.0
2019-03-05 13:00:00,-54.370849149306686,854.359452,0.0,0.0,88.5,penalty_2000,2000.0
2019-03-05 14:00:00,-53.74612407711606,1183.884163,0.0,0.0,130.5,penalty_2000,2000.0
2019-03-05 15:00:00,-59.970636929317486,1183.339469,0.0,0.0,130.5,penalty_2000,2000.0
2019-03-05 16:00:00,-60.60246917181714,648.335929,0.0,0.0,130.5,penalty_2000,2000.0
2019-03-05 17:00:00,-57.4818804140214,158.866475,0.0,0.0,89.401113,penalty_2000,2000.0
2019-03-05 18:00:00,11.213616824814638,0.0,0.0,0.0,0.0,penalty_2000,2000.0
2019-03-05 19:00:00,11.717223502717907,0.0,0.0,0.0,0.0,penalty_2000,2000.0
2019-03-05 20:00:00,13.259309036180627,0.0,0.0,0.0,0.0,penalty_2000,2000.0
2019-03-05 21:00:00,13.985957476198248,0.0,0.0,0.0,0.0,penalty_2000,2000.0
2019-03-05 22:00:00,14.599887704357789,0.0,0.0,0.0,0.0,penalty_2000,2000.0
2019-03-05 23:00:00,13.868399764358971,0.0,0.0,0.0,0.0,penalty_2000,2000.0
2019-03-06 00:00:00,13.929901098356577,0.0,0.0,0.0,0.0,penalty_2000,2000.0
2019-03-06 01:00:00,13.702273356184401,0.0,0.0,0.0,0.0,penalty_2000,2000.0
2019-03-06 02:00:00,14.427999734868404,0.0,0.0,0.0,0.0,penalty_2000,2000.0
2019-03-06 03:00:00,14.744599240144234,0.0,0.0,0.0,0.0,penalty_2000,2000.0
2019-03-06 04:00:00,15.288219244124456,0.0,0.0,0.0,0.0,penalty_2000,2000.0
2019-03-06 05:00:00,17.634568302164105,0.0,0.0,0.0,0.0,penalty_2000,2000.0
2019-03-06 06:00:00,23.868817819954327,0.0,0.0,0.0,0.0,penalty_2000,2000.0
2019-03-06 07:00:00,23.26535224965191,0.0,0.0,0.0,0.0,penalty_2000,2000.0
2019-03-06 08:00:00,17.102166305774617,0.0,0.0,0.0,0.0,penalty_2000,2000.0
2019-03-06 09:00:00,12.244334480833977,0.0,0.0,0.0,0.0,penalty_2000,2000.0
2019-03-06 10:00:00,11.249410897349513,0.0,0.0,0.0,0.0,penalty_2000,2000.0
2019-03-06 11:00:00,-20.232390226704965,1511.407749,0.0,0.0,262.3,penalty_2000,2000.0
2019-03-06 12:00:00,-98.05604339835182,1941.492111,0.0,0.0,130.5,penalty_2000,2000.0
2019-03-06 13:00:00,-104.82426921648938,1668.299696,0.0,0.0,255.5,penalty_2000,2000.0
2019-03-06 14:00:00,-86.25060023510407,2341.142365,0.0,0.0,417.8,penalty_2000,2000.0
2019-03-06 15:00:00,-100.33462545381363,2307.428229,0.0,0.0,241.942902,penalty_2000,2000.0
2019-03-06 16:00:00,-87.58142630519218,1275.149673,0.0,0.0,387.3,penalty_2000,2000.0
2019-03-06 17:00:00,-97.33933550503114,1842.385496,0.0,0.0,238.151255,penalty_2000,2000.0
2019-03-06 18:00:00,-18.673989420590665,1313.209445,0.0,0.0,42.0,penalty_2000,2000.0
2019-03-06 19:00:00,-15.407564483837016,979.638809,0.0,0.0,42.0,penalty_2000,2000.0
2019-03-06 20:00:00,-16.12023700778888,1118.175998,0.0,0.0,42.0,penalty_2000,2000.0
2019-03-06 21:00:00,-19.13610716452694,1556.067136,0.0,0.0,42.0,penalty_2000,2000.0
2019-03-06 22:00:00,-24.16403123586849,729.94767,0.0,0.0,42.0,penalty_2000,2000.0
2019-03-06 23:00:00,-27.49125454542012,905.765058,0.0,0.0,42.0,penalty_2000,2000.0
2019-03-07 00:00:00,-30.206685678129677,1055.652967,0.0,0.0,42.0,penalty_2000,2000.0
2019-03-07 01:00:00,-29.811936177753427,1122.589292,0.0,0.0,42.0,penalty_2000,2000.0
2019-03-07 02:00:00,-31.24219116496716,1213.665233,0.0,0.0,42.0,penalty_2000,2000.0
2019-03-07 03:00:00,-31.27745200358787,1234.448456,0.0,0.0,42.0,penalty_2000,2000.0
2019-03-07 04:00:00,-30.934160070991986,1141.347567,0.0,0.0,42.0,penalty_2000,2000.0
2019-03-07 05:00:00,-27.903901536286725,884.835657,0.0,0.0,42.0,penalty_2000,2000.0
2019-03-07 06:00:00,-22.343318648837034,647.903787,0.0,0.0,42.0,penalty_2000,2000.0
2019-03-07 07:00:00,-21.76663081357675,423.781863,0.0,0.0,42.0,penalty_2000,2000.0
2019-03-07 08:00:00,-21.105722206779806,426.981982,0.0,0.0,42.0,penalty_2000,2000.0
2019-03-07 09:00:00,-21.42398595101335,873.031074,0.0,0.0,42.0,penalty_2000,2000.0
2019-03-07 10:00:00,-23.501235162048875,2.485751,0.0,0.0,42.0,penalty_2000,2000.0
2019-03-07 11:00:00,-24.160593955806835,904.853611,0.0,0.0,305.313702,penalty_2000,2000.0
2019-03-07 12:00:00,-109.69909965943945,993.697507,0.0,0.0,255.5,penalty_2000,2000.0
2019-03-07 13:00:00,-72.2213840509529,517.147913,0.0,0.0,255.5,penalty_2000,2000.0
2019-03-07 14:00:00,-138.83947563930167,1112.261909,0.0,0.0,307.256209,penalty_2000,2000.0
2019-03-07 15:00:00,-119.26376657900221,1459.796799,0.0,0.0,417.8,penalty_2000,2000.0
2019-03-07 16:00:00,-112.1249490365805,1003.208993,0.0,0.0,417.8,penalty_2000,2000.0
2019-03-07 17:00:00,-1.2094061067054274,928.819449,0.0,0.0,229.083129,penalty_2000,2000.0
2019-03-07 18:00:00,0.4526076630334688,351.738883,0.0,0.0,299.051772,penalty_2000,2000.0
2019-03-07 19:00:00,12.508006417951611,0.0,0.0,0.0,0.0,penalty_2000,2000.0
2019-03-07 20:00:00,1.3872130204866082,620.617523,0.0,0.0,0.0,penalty_2000,2000.0
2019-03-07 21:00:00,-22.393019397939945,1013.389868,0.0,0.0,42.0,penalty_2000,2000.0
2019-03-07 22:00:00,-27.062874575167818,1018.178076,0.0,0.0,42.0,penalty_2000,2000.0
2019-03-07 23:00:00,-33.77959995216711,974.933148,0.0,0.0,42.0,penalty_2000,2000.0
2019-03-08 00:00:00,-28.777149051041057,956.9839,0.0,0.0,117.048473,penalty_2000,2000.0
2019-03-08 01:00:00,-32.14354652529221,874.415443,0.0,0.0,42.0,penalty_2000,2000.0
2019-03-08 02:00:00,-35.05631442617553,863.951405,0.0,0.0,42.0,penalty_2000,2000.0
2019-03-08 03:00:00,-35.52806572753616,835.810278,0.0,0.0,42.0,penalty_2000,2000.0
2019-03-08 04:00:00,-29.215573195431055,808.107263,0.0,0.0,42.0,penalty_2000,2000.0
2019-03-08 05:00:00,-28.104599189414536,807.390371,0.0,0.0,42.0,penalty_2000,2000.0
2019-03-08 06:00:00,-10.394512747436506,0.0,0.0,0.0,42.0,penalty_2000,2000.0
2019-03-08 07:00:00,10.154273177070229,0.0,0.0,0.0,0.0,penalty_2000,2000.0
2019-03-08 08:00:00,11.11093291939036,0.0,0.0,0.0,0.0,penalty_2000,2000.0
2019-03-08 09:00:00,11.057060575287183,0.0,0.0,0.0,0.0,penalty_2000,2000.0
2019-03-08 10:00:00,11.279393933778596,0.0,0.0,0.0,0.0,penalty_2000,2000.0
2019-03-08 11:00:00,10.818944603330072,0.0,0.0,0.0,0.0,penalty_2000,2000.0
2019-03-08 12:00:00,-66.46475781019738,44.53499,0.0,0.0,375.8,penalty_2000,2000.0
2019-03-08 13:00:00,-45.238985286171726,0.0,0.0,0.0,375.8,penalty_2000,2000.0
2019-03-08 14:00:00,-65.48149669817357,155.554977,0.0,0.0,176.99442,penalty_2000,2000.0
2019-03-08 15:00:00,-67.67470831719427,232.940142,0.0,0.0,88.5,penalty_2000,2000.0
2019-03-08 16:00:00,-65.48804281189896,14.303124,0.0,0.0,130.5,penalty_2000,2000.0
2019-03-08 17:00:00,-19.93241487062546,135.317523,0.0,0.0,132.739123,penalty_2000,2000.0
2019-03-08 18:00:00,-20.69096574109654,185.606046,0.0,0.0,236.176826,penalty_2000,2000.0
2019-03-08 19:00:00,-18.14519659518968,316.980107,0.0,0.0,42.0,penalty_2000,2000.0
2019-03-08 20:00:00,-18.603166734921583,232.800854,0.0,0.0,42.0,penalty_2000,2000.0
2019-03-08 21:00:00,-23.430471963680674,584.425843,0.0,0.0,42.0,penalty_2000,2000.0
2019-03-08 22:00:00,-24.82210936290273,541.870085,0.0,0.0,42.0,penalty_2000,2000.0
2019-03-08 23:00:00,-23.11405998594974,1186.126743,0.0,0.0,42.0,penalty_2000,2000.0
2019-03-09 00:00:00,-32.24972880377816,1323.209773,0.0,0.0,42.0,penalty_2000,2000.0
2019-03-09 01:00:00,-34.27123249261747,1240.573572,0.0,0.0,42.0,penalty_2000,2000.0
2019-03-09 02:00:00,-35.0918274238193,1261.109344,0.0,0.0,42.0,penalty_2000,2000.0
2019-03-09 03:00:00,5.894261182769106,0.0,0.0,0.0,0.0,penalty_2000,2000.0
2019-03-09 04:00:00,9.983236569998727,0.0,0.0,0.0,0.0,penalty_2000,2000.0
2019-03-09 05:00:00,-36.850630724775655,1248.276507,0.0,0.0,66.020041,penalty_2000,2000.0
2019-03-09 06:00:00,-33.98113622670517,1173.747133,0.0,0.0,42.0,penalty_2000,2000.0
2019-03-09 07:00:00,-32.38392245096687,418.225763,0.0,0.0,42.0,penalty_2000,2000.0
2019-03-09 08:00:00,-28.78171388575742,316.472495,0.0,0.0,42.0,penalty_2000,2000.0
2019-03-09 09:00:00,10.264925654771012,0.0,0.0,0.0,0.0,penalty_2000,2000.0
2019-03-09 10:00:00,9.068718332657726,0.0,0.0,0.0,0.0,penalty_2000,2000.0
2019-03-09 11:00:00,-70.07580165986452,220.885555,0.0,0.0,213.5,penalty_2000,2000.0
2019-03-09 12:00:00,-79.10837929451475,3044.412851,0.0,0.0,213.5,penalty_2000,2000.0
2019-03-09 13:00:00,-121.72170594351138,2685.204746,0.0,0.0,255.5,penalty_2000,2000.0
2019-03-09 14:00:00,-130.8183145524435,3397.002666,0.0,0.0,255.5,penalty_2000,2000.0
2019-03-09 15:00:00,-99.0086147708153,3256.263139,0.0,0.0,262.3,penalty_2000,2000.0
2019-03-09 16:00:00,-95.87180086098249,2215.980554,0.0,0.0,130.5,penalty_2000,2000.0
2019-03-09 17:00:00,-76.5896759815403,2006.147593,0.0,0.0,88.5,penalty_2000,2000.0
2019-03-09 18:00:00,9.968275876223355,0.0,0.0,0.0,0.0,penalty_2000,2000.0
2019-03-09 19:00:00,10.980592,0.0,0.0,0.0,0.0,penalty_2000,2000.0
2019-03-09 20:00:00,12.028811408582223,0.0,0.0,0.0,0.0,penalty_2000,2000.0
2019-03-09 21:00:00,11.16777948381486,0.0,0.0,0.0,0.0,penalty_2000,2000.0
2019-03-09 22:00:00,11.019524864776152,0.0,0.0,0.0,0.0,penalty_2000,2000.0
2019-03-09 23:00:00,11.38158903745204,0.0,0.0,0.0,0.0,penalty_2000,2000.0
2019-03-10 00:00:00,11.374724844361205,0.0,0.0,0.0,0.0,penalty_2000,2000.0
2019-03-10 01:00:00,9.701074440663971,0.0,0.0,0.0,0.0,penalty_2000,2000.0
2019-03-10 02:00:00,10.49657455550809,0.0,0.0,0.0,0.0,penalty_2000,2000.0
2019-03-10 03:00:00,10.967356613566006,0.0,0.0,0.0,0.0,penalty_2000,2000.0
2019-03-10 04:00:00,9.781687110217986,0.0,0.0,0.0,0.0,penalty_2000,2000.0
2019-03-10 05:00:00,9.795012658389052,0.0,0.0,0.0,0.0,penalty_2000,2000.0
2019-03-10 06:00:00,9.26520920143954,0.0,0.0,0.0,0.0,penalty_2000,2000.0
2019-03-10 07:00:00,-26.661337555167012,14.904629,0.0,0.0,42.0,penalty_2000,2000.0
2019-03-10 08:00:00,-25.57190102228232,387.529744,0.0,0.0,42.0,penalty_2000,2000.0
2019-03-10 09:00:00,-24.70929863424698,698.021742,0.0,0.0,42.0,penalty_2000,2000.0
2019-03-10 10:00:00,-23.968930053879102,104.397709,0.0,0.0,42.0,penalty_2000,2000.0
2019-03-10 11:00:00,-23.00841983521051,1308.433006,0.0,0.0,42.0,penalty_2000,2000.0
2019-03-10 12:00:00,-24.723104038123413,1482.925565,0.0,0.0,52.462828,penalty_2000,2000.0
2019-03-10 13:00:00,-31.604130252553208,631.819608,0.0,0.0,417.8,penalty_2000,2000.0
2019-03-10 14:00:00,-129.76232767882502,1260.63959,0.0,0.0,417.8,penalty_2000,2000.0
2019-03-10 15:00:00,-112.03939812001741,1455.460902,0.0,0.0,417.8,penalty_2000,2000.0
2019-03-10 16:00:00,-113.28096995816219,997.814989,0.0,0.0,417.8,penalty_2000,2000.0
2019-03-10 17:00:00,-27.39459538154983,881.75393,0.0,0.0,298.167234,penalty_2000,2000.0
2019-03-10 18:00:00,-22.719353136132337,250.299388,0.0,0.0,146.556875,penalty_2000,2000.0
2019-03-10 19:00:00,11.078749574907613,0.0,0.0,0.0,0.0,penalty_2000,2000.0
2019-03-10 20:00:00,10.730677850979623,0.0,0.0,0.0,0.0,penalty_2000,2000.0
2019-03-10 21:00:00,10.276573053571061,0.0,0.0,0.0,0.0,penalty_2000,2000.0
2019-03-10 22:00:00,10.077987046200263,0.0,0.0,0.0,0.0,penalty_2000,2000.0
2019-03-10 23:00:00,10.695589854705448,0.0,0.0,0.0,0.0,penalty_2000,2000.0
2019-03-11 00:00:00,9.87056760273541,0.0,0.0,0.0,0.0,penalty_2000,2000.0
2019-03-11 01:00:00,9.153888542125786,0.0,0.0,0.0,0.0,penalty_2000,2000.0
2019-03-11 02:00:00,9.56073460578105,0.0,0.0,0.0,0.0,penalty_2000,2000.0
2019-03-11 03:00:00,10.025880534230943,0.0,0.0,0.0,0.0,penalty_2000,2000.0
2019-03-11 04:00:00,9.592308048748514,0.0,0.0,0.0,0.0,penalty_2000,2000.0
2019-03-11 05:00:00,11.244306592841907,0.0,0.0,0.0,0.0,penalty_2000,2000.0
2019-03-11 06:00:00,13.1816761309397,0.0,0.0,0.0,0.0,penalty_2000,2000.0
2019-03-11 07:00:00,13.759374376110202,0.0,0.0,0.0,0.0,penalty_2000,2000.0
2019-03-11 08:00:00,13.533408231622037,0.0,0.0,0.0,0.0,penalty_2000,2000.0
2019-03-11 09:00:00,11.137961818325554,0.0,0.0,0.0,0.0,penalty_2000,2000.0
2019-03-11 10:00:00,10.487975784085252,0.0,0.0,0.0,0.0,penalty_2000,2000.0
2019-03-11 11:00:00,10.246969982671665,0.0,0.0,0.0,0.0,penalty_2000,2000.0
2019-03-11 12:00:00,10.432013504651371,0.0,0.0,0.0,0.0,penalty_2000,2000.0
2019-03-11 13:00:00,-69.52065607993109,296.26719,0.0,0.0,130.5,penalty_2000,2000.0
2019-03-11 14:00:00,-103.94831885991944,755.277164,0.0,0.0,279.061041,penalty_2000,2000.0
2019-03-11 15:00:00,-104.36538131160788,813.668451,0.0,0.0,337.442859,penalty_2000,2000.0
2019-03-11 16:00:00,-103.44292262829204,491.311399,0.0,0.0,255.5,penalty_2000,2000.0
2019-03-11 17:00:00,-23.05100533056556,893.621325,0.0,0.0,262.3,penalty_2000,2000.0
2019-03-11 18:00:00,-22.422724642037835,1006.706852,0.0,0.0,100.0,penalty_2000,2000.0
2019-03-11 19:00:00,-20.496179224207058,979.762618,0.0,0.0,42.0,penalty_2000,2000.0
2019-03-11 20:00:00,-22.086399935188002,194.853764,0.0,0.0,42.0,penalty_2000,2000.0
2019-03-11 21:00:00,9.051619687710993,0.0,0.0,0.0,0.0,penalty_2000,2000.0
2019-03-11 22:00:00,10.062756554666407,0.0,0.0,0.0,0.0,penalty_2000,2000.0
2019-03-11 23:00:00,10.011204715780574,0.0,0.0,0.0,0.0,penalty_2000,2000.0
2019-03-12 00:00:00,8.813194890868374,0.0,0.0,0.0,0.0,penalty_2000,2000.0
2019-03-12 01:00:00,8.329920972468463,0.0,0.0,0.0,0.0,penalty_2000,2000.0
2019-03-12 02:00:00,8.550643345045309,0.0,0.0,0.0,0.0,penalty_2000,2000.0
2019-03-12 03:00:00,8.658244420810414,0.0,0.0,0.0,0.0,penalty_2000,2000.0
2019-03-12 04:00:00,8.442923747112811,0.0,0.0,0.0,0.0,penalty_2000,2000.0
2019-03-12 05:00:00,9.317415299333197,0.0,0.0,0.0,0.0,penalty_2000,2000.0
2019-03-12 06:00:00,9.551340000463428,0.0,0.0,0.0,0.0,penalty_2000,2000.0
2019-03-12 07:00:00,10.055384497565099,0.0,0.0,0.0,0.0,penalty_2000,2000.0
2019-03-12 08:00:00,10.417998358688557,0.0,0.0,0.0,0.0,penalty_2000,2000.0
2019-03-12 09:00:00,-19.912462327433047,353.696488,0.0,0.0,42.0,penalty_2000,2000.0
2019-03-12 10:00:00,-23.67237782592838,174.322421,0.0,0.0,262.3,penalty_2000,2000.0
2019-03-12 11:00:00,-76.68175569324909,907.574022,0.0,0.0,417.8,penalty_2000,2000.0
2019-03-12 12:00:00,-148.2719759796103,1710.88188,0.0,0.0,417.8,penalty_2000,2000.0
2019-03-12 13:00:00,-99.89630209362288,1279.135305,0.0,0.0,130.5,penalty_2000,2000.0
2019-03-12 14:00:00,-100.43316997064947,2124.205663,0.0,0.0,130.5,penalty_2000,2000.0
2019-03-12 15:00:00,-100.85779823133684,1948.053411,0.0,0.0,130.5,penalty_2000,2000.0
2019-03-12 16:00:00,-20.107584355843333,588.187487,0.0,0.0,42.0,penalty_2000,2000.0
2019-03-12 17:00:00,-20.397658713080357,1095.019446,0.0,0.0,42.0,penalty_2000,2000.0
2019-03-12 18:00:00,-20.014273838457,656.076932,0.0,0.0,42.0,penalty_2000,2000.0
2019-03-12 19:00:00,-19.67312700903826,135.276229,0.0,0.0,42.0,penalty_2000,2000.0
2019-03-12 20:00:00,-20.798910898826,308.017822,0.0,0.0,42.0,penalty_2000,2000.0
2019-03-12 21:00:00,11.505847583522696,0.0,0.0,0.0,0.0,penalty_2000,2000.0
2019-03-12 22:00:00,9.911763334307182,0.0,0.0,0.0,0.0,penalty_2000,2000.0
2019-03-12 23:00:00,9.725233744255334,0.0,0.0,0.0,0.0,penalty_2000,2000.0
2019-03-13 00:00:00,-16.263443656167578,967.064227,0.0,0.0,42.0,penalty_2000,2000.0
2019-03-13 01:00:00,-21.569452618196344,576.522366,0.0,0.0,42.0,penalty_2000,2000.0
2019-03-13 02:00:00,-35.28302681098802,1740.267212,0.0,0.0,42.0,penalty_2000,2000.0
2019-03-13 03:00:00,-35.225201417908394,1648.787655,0.0,0.0,42.0,penalty_2000,2000.0
2019-03-13 04:00:00,-34.09080184137769,1455.67459,0.0,0.0,42.0,penalty_2000,2000.0
2019-03-13 05:00:00,-33.14033674212956,1518.80191,0.0,0.0,42.0,penalty_2000,2000.0
2019-03-13 06:00:00,-29.113287956485443,730.441828,0.0,0.0,42.0,penalty_2000,2000.0
2019-03-13 07:00:00,10.130253653857453,0.0,0.0,0.0,0.0,penalty_2000,2000.0
2019-03-13 08:00:00,10.35416833982634,0.0,0.0,0.0,0.0,penalty_2000,2000.0
2019-03-13 09:00:00,10.772007817387465,0.0,0.0,0.0,0.0,penalty_2000,2000.0
2019-03-13 10:00:00,10.065800730323215,0.0,0.0,0.0,0.0,penalty_2000,2000.0
2019-03-13 11:00:00,-65.85404475223143,157.725537,0.0,0.0,375.8,penalty_2000,2000.0
2019-03-13 12:00:00,-61.251514482267986,3.707325,0.0,0.0,130.5,penalty_2000,2000.0
2019-03-13 13:00:00,-59.549863363149036,467.720851,0.0,0.0,130.5,penalty_2000,2000.0
2019-03-13 14:00:00,-58.48697370191614,678.117557,0.0,0.0,262.3,penalty_2000,2000.0
2019-03-13 15:00:00,-51.204799785776935,565.957952,0.0,0.0,262.3,penalty_2000,2000.0
2019-03-13 16:00:00,-50.755966065485865,65.782312,0.0,0.0,130.5,penalty_2000,2000.0
2019-03-13 17:00:00,15.943977456282507,0.0,0.0,0.0,0.0,penalty_2000,2000.0
2019-03-13 18:00:00,11.948412596518661,0.0,0.0,0.0,0.0,penalty_2000,2000.0
2019-03-13 19:00:00,13.774319022420453,0.0,0.0,0.0,0.0,penalty_2000,2000.0
2019-03-13 20:00:00,13.045003877576772,0.0,0.0,0.0,0.0,penalty_2000,2000.0
2019-03-13 21:00:00,10.24593767112236,0.0,0.0,0.0,0.0,penalty_2000,2000.0
2019-03-13 22:00:00,-26.249237610621357,321.584352,0.0,0.0,42.0,penalty_2000,2000.0
2019-03-13 23:00:00,-28.596771845123595,1190.772099,0.0,0.0,42.0,penalty_2000,2000.0
2019-03-14 00:00:00,-32.40712452861546,1205.181528,0.0,0.0,42.0,penalty_2000,2000.0
2019-03-14 01:00:00,176.8692559700889,484.7668,0.0,0.0,95.511633,penalty_2000,2000.0
2019-03-14 02:00:00,-39.35387899597267,1623.781142,0.0,0.0,42.0,penalty_2000,2000.0
2019-03-14 03:00:00,-38.973365339082804,1546.476564,0.0,0.0,42.0,penalty_2000,2000.0
2019-03-14 04:00:00,-37.41191520311347,1438.518756,0.0,0.0,42.0,penalty_2000,2000.0
2019-03-14 05:00:00,-33.84877673575276,1488.938435,0.0,0.0,42.0,penalty_2000,2000.0
2019-03-14 06:00:00,-28.519189529365335,1514.935646,0.0,0.0,42.0,penalty_2000,2000.0
2019-03-14 07:00:00,-28.976215494691587,435.274917,0.0,0.0,42.0,penalty_2000,2000.0
2019-03-14 08:00:00,9.6802477934187,0.0,0.0,0.0,0.0,penalty_2000,2000.0
2019-03-14 09:00:00,8.378996808161679,0.0,0.0,0.0,0.0,penalty_2000,2000.0
2019-03-14 10:00:00,8.279504594904477,0.0,0.0,0.0,0.0,penalty_2000,2000.0
2019-03-14 11:00:00,-135.9995318871119,1018.345195,0.0,0.0,255.5,penalty_2000,2000.0
2019-03-14 12:00:00,-135.26768189433525,3096.828138,0.0,0.0,255.5,penalty_2000,2000.0
2019-03-14 13:00:00,-135.3829076481438,2207.967971,0.0,0.0,218.367781,penalty_2000,2000.0
2019-03-14 14:00:00,-136.5557560945671,3165.681486,0.0,0.0,255.5,penalty_2000,2000.0
2019-03-14 15:00:00,-107.72349234964035,2337.169586,0.0,0.0,417.8,penalty_2000,2000.0
2019-03-14 16:00:00,-106.63327180838765,703.482075,0.0,0.0,313.260179,penalty_2000,2000.0
2019-03-14 17:00:00,-12.469266193058667,421.526693,0.0,0.0,329.3,penalty_2000,2000.0
2019-03-14 18:00:00,8.927558092727203,0.0,0.0,0.0,0.0,penalty_2000,2000.0
2019-03-14 19:00:00,9.387326459960391,0.0,0.0,0.0,0.0,penalty_2000,2000.0
2019-03-14 20:00:00,9.433591807462252,0.0,0.0,0.0,0.0,penalty_2000,2000.0
2019-03-14 21:00:00,8.460264084722786,0.0,0.0,0.0,0.0,penalty_2000,2000.0
2019-03-14 22:00:00,9.002177594744438,0.0,0.0,0.0,0.0,penalty_2000,2000.0
2019-03-14 23:00:00,9.238343680635444,0.0,0.0,0.0,0.0,penalty_2000,2000.0
2019-03-15 00:00:00,9.717910473469448,0.0,0.0,0.0,0.0,penalty_2000,2000.0
2019-03-15 01:00:00,11.17683866068063,0.0,0.0,0.0,0.0,penalty_2000,2000.0
2019-03-15 02:00:00,10.853996170840917,0.0,0.0,0.0,0.0,penalty_2000,2000.0
2019-03-15 03:00:00,4.291207977305894,0.0,0.0,0.0,0.0,penalty_2000,2000.0
2019-03-15 04:00:00,-27.247841488820843,6.009331,0.0,0.0,42.0,penalty_2000,2000.0
2019-03-15 05:00:00,12.805796960223228,0.0,0.0,0.0,0.0,penalty_2000,2000.0
2019-03-15 06:00:00,11.625520694781914,0.0,0.0,0.0,0.0,penalty_2000,2000.0
2019-03-15 07:00:00,14.556786499775432,0.0,0.0,0.0,0.0,penalty_2000,2000.0
2019-03-15 08:00:00,14.72626506308039,0.0,0.0,0.0,0.0,penalty_2000,2000.0
2019-03-15 09:00:00,14.638170279255805,0.0,0.0,0.0,0.0,penalty_2000,2000.0
2019-03-15 10:00:00,11.697417668486754,0.0,0.0,0.0,0.0,penalty_2000,2000.0
2019-03-15 11:00:00,-5.596669157924144,0.0,0.0,0.0,220.3,penalty_2000,2000.0
2019-03-15 12:00:00,-72.39183045997014,343.678928,0.0,0.0,417.8,penalty_2000,2000.0
2019-03-15 13:00:00,-76.17552441484274,510.376283,0.0,0.0,379.323351,penalty_2000,2000.0
2019-03-15 14:00:00,-74.68422990941205,700.729214,0.0,0.0,255.5,penalty_2000,2000.0
2019-03-15 15:00:00,-72.50682527003545,667.222563,0.0,0.0,130.5,penalty_2000,2000.0
2019-03-15 16:00:00,-70.13844160640394,280.715597,0.0,0.0,88.5,penalty_2000,2000.0
2019-03-15 17:00:00,11.724160587700023,0.0,0.0,0.0,0.0,penalty_2000,2000.0
2019-03-15 18:00:00,10.83699189934709,0.0,0.0,0.0,0.0,penalty_2000,2000.0
2019-03-15 19:00:00,12.409382473785115,0.0,0.0,0.0,0.0,penalty_2000,2000.0
2019-03-15 20:00:00,12.593101864515823,0.0,0.0,0.0,0.0,penalty_2000,2000.0
2019-03-15 21:00:00,12.220880428736516,0.0,0.0,0.0,0.0,penalty_2000,2000.0
2019-03-15 22:00:00,11.27141973639447,0.0,0.0,0.0,0.0,penalty_2000,2000.0
2019-03-15 23:00:00,12.741147521692852,0.0,0.0,0.0,0.0,penalty_2000,2000.0
2019-03-16 00:00:00,12.620581755315545,0.0,0.0,0.0,0.0,penalty_2000,2000.0
2019-03-16 01:00:00,12.575876356623946,0.0,0.0,0.0,0.0,penalty_2000,2000.0
2019-03-16 02:00:00,12.990911696332079,0.0,0.0,0.0,0.0,penalty_2000,2000.0
2019-03-16 03:00:00,13.430890704789931,0.0,0.0,0.0,0.0,penalty_2000,2000.0
2019-03-16 04:00:00,13.102808905713491,0.0,0.0,0.0,0.0,penalty_2000,2000.0
2019-03-16 05:00:00,12.80506375809642,0.0,0.0,0.0,0.0,penalty_2000,2000.0
2019-03-16 06:00:00,13.211776033162895,0.0,0.0,0.0,0.0,penalty_2000,2000.0
2019-03-16 07:00:00,12.733282227060698,0.0,0.0,0.0,0.0,penalty_2000,2000.0
2019-03-16 08:00:00,13.88354217885083,0.0,0.0,0.0,0.0,penalty_2000,2000.0
2019-03-16 09:00:00,12.071222802081678,0.0,0.0,0.0,0.0,penalty_2000,2000.0
2019-03-16 10:00:00,11.02327292116383,0.0,0.0,0.0,0.0,penalty_2000,2000.0
2019-03-16 11:00:00,-4.66223543111398,0.0,0.0,0.0,58.0,penalty_2000,2000.0
2019-03-16 12:00:00,-72.04898894174819,362.163359,0.0,0.0,130.5,penalty_2000,2000.0
2019-03-16 13:00:00,-74.50237512548351,1096.197863,0.0,0.0,130.5,penalty_2000,2000.0
2019-03-16 14:00:00,-75.84562659113745,1498.086991,0.0,0.0,130.5,penalty_2000,2000.0
2019-03-16 15:00:00,-77.2523568481548,1541.708688,0.0,0.0,130.5,penalty_2000,2000.0
2019-03-16 16:00:00,-77.07516147784398,966.610709,0.0,0.0,130.5,penalty_2000,2000.0
2019-03-16 17:00:00,-76.2302363098247,301.931401,0.0,0.0,130.5,penalty_2000,2000.0
2019-03-16 18:00:00,14.541508447322524,0.0,0.0,0.0,0.0,penalty_2000,2000.0
2019-03-16 19:00:00,12.692824843150301,0.0,0.0,0.0,0.0,penalty_2000,2000.0
2019-03-16 20:00:00,13.010313811174264,0.0,0.0,0.0,0.0,penalty_2000,2000.0
2019-03-16 21:00:00,14.276534028074089,0.0,0.0,0.0,0.0,penalty_2000,2000.0
2019-03-16 22:00:00,13.970997768641096,0.0,0.0,0.0,0.0,penalty_2000,2000.0
2019-03-16 23:00:00,11.796132862682047,0.0,0.0,0.0,0.0,penalty_2000,2000.0
2019-03-17 00:00:00,36.339483550065864,0.0,0.0,0.0,0.0,penalty_2000,2000.0
2019-03-17 01:00:00,103.7000157482499,0.0,0.0,0.0,0.0,penalty_2000,2000.0
2019-03-17 02:00:00,13.504921775314259,0.0,0.0,0.0,0.0,penalty_2000,2000.0
2019-03-17 03:00:00,14.086471771614143,0.0,0.0,0.0,0.0,penalty_2000,2000.0
2019-03-17 04:00:00,15.284878268871175,0.0,0.0,0.0,0.0,penalty_2000,2000.0
2019-03-17 05:00:00,24.627008277787915,0.0,0.0,0.0,0.0,penalty_2000,2000.0
2019-03-17 06:00:00,19.843636693915915,0.0,0.0,0.0,0.0,penalty_2000,2000.0
2019-03-17 07:00:00,18.670079949725327,0.0,0.0,0.0,0.0,penalty_2000,2000.0
2019-03-17 08:00:00,18.30412511652906,0.0,0.0,0.0,0.0,penalty_2000,2000.0
2019-03-17 09:00:00,15.001232982419518,0.0,0.0,0.0,0.0,penalty_2000,2000.0
2019-03-17 10:00:00,13.536920163857886,0.0,0.0,0.0,0.0,penalty_2000,2000.0
2019-03-17 11:00:00,18.748420481798323,0.0,0.0,0.0,0.0,penalty_2000,2000.0
2019-03-17 12:00:00,-67.86878374380574,68.39399,0.0,0.0,88.5,penalty_2000,2000.0
2019-03-17 13:00:00,-70.66527629411017,468.926789,0.0,0.0,130.5,penalty_2000,2000.0
2019-03-17 14:00:00,-72.16778877326273,639.43999,0.0,0.0,89.425302,penalty_2000,2000.0
2019-03-17 15:00:00,-71.66946813354807,519.709373,0.0,0.0,88.5,penalty_2000,2000.0
2019-03-17 16:00:00,-70.48301600237701,79.269955,0.0,0.0,88.5,penalty_2000,2000.0
2019-03-17 17:00:00,17.349703777540224,0.0,0.0,0.0,0.0,penalty_2000,2000.0
2019-03-17 18:00:00,11.333909972219487,0.0,0.0,0.0,0.0,penalty_2000,2000.0
2019-03-17 19:00:00,14.876415768263985,0.0,0.0,0.0,0.0,penalty_2000,2000.0
2019-03-17 20:00:00,13.963272020509923,0.0,0.0,0.0,0.0,penalty_2000,2000.0
2019-03-17 21:00:00,12.05668945438594,0.0,0.0,0.0,0.0,penalty_2000,2000.0
2019-03-17 22:00:00,11.107547211199124,0.0,0.0,0.0,0.0,penalty_2000,2000.0
2019-03-17 23:00:00,9.667478966015677,0.0,0.0,0.0,0.0,penalty_2000,2000.0
2019-03-18 00:00:00,9.602505612803556,0.0,0.0,0.0,0.0,penalty_2000,2000.0
2019-03-18 01:00:00,8.97331225796602,0.0,0.0,0.0,0.0,penalty_2000,2000.0
2019-03-18 02:00:00,9.756959704286324,0.0,0.0,0.0,0.0,penalty_2000,2000.0
2019-03-18 03:00:00,11.26888057128864,0.0,0.0,0.0,0.0,penalty_2000,2000.0
2019-03-18 04:00:00,11.451764641640379,0.0,0.0,0.0,0.0,penalty_2000,2000.0
2019-03-18 05:00:00,13.235897363075702,0.0,0.0,0.0,0.0,penalty_2000,2000.0
2019-03-18 06:00:00,15.169444792966424,0.0,0.0,0.0,0.0,penalty_2000,2000.0
2019-03-18 07:00:00,14.733148327306287,0.0,0.0,0.0,0.0,penalty_2000,2000.0
2019-03-18 08:00:00,13.493834040592207,0.0,0.0,0.0,0.0,penalty_2000,2000.0
2019-03-18 09:00:00,11.359091921894812,0.0,0.0,0.0,0.0,penalty_2000,2000.0
2019-03-18 10:00:00,12.054862942321224,0.0,0.0,0.0,0.0,penalty_2000,2000.0
2019-03-18 11:00:00,10.024669079527207,0.0,0.0,0.0,0.0,penalty_2000,2000.0
2019-03-18 12:00:00,-62.74539949193456,0.0,0.0,0.0,345.3,penalty_2000,2000.0
2019-03-18 13:00:00,-66.71422426766165,19.436731,0.0,0.0,130.5,penalty_2000,2000.0
2019-03-18 14:00:00,-68.34824235976359,239.603628,0.0,0.0,130.5,penalty_2000,2000.0
2019-03-18 15:00:00,-70.36773327309511,201.256861,0.0,0.0,130.5,penalty_2000,2000.0
2019-03-18 16:00:00,9.99880405177593,0.0,0.0,0.0,0.0,penalty_2000,2000.0
2019-03-18 17:00:00,9.288801485127077,0.0,0.0,0.0,0.0,penalty_2000,2000.0
2019-03-18 18:00:00,10.918029768893375,0.0,0.0,0.0,0.0,penalty_2000,2000.0
2019-03-18 19:00:00,10.61354136253271,0.0,0.0,0.0,0.0,penalty_2000,2000.0
2019-03-18 20:00:00,9.621890904792986,0.0,0.0,0.0,0.0,penalty_2000,2000.0
2019-03-18 21:00:00,9.050913242022283,0.0,0.0,0.0,0.0,penalty_2000,2000.0
2019-03-18 22:00:00,9.116634526651978,0.0,0.0,0.0,0.0,penalty_2000,2000.0
2019-03-18 23:00:00,8.98742526234218,0.0,0.0,0.0,0.0,penalty_2000,2000.0
2019-03-19 00:00:00,10.21222760845212,0.0,0.0,0.0,0.0,penalty_2000,2000.0
2019-03-19 01:00:00,9.892147849150774,0.0,0.0,0.0,0.0,penalty_2000,2000.0
2019-03-19 02:00:00,9.793206004432237,0.0,0.0,0.0,0.0,penalty_2000,2000.0
2019-03-19 03:00:00,10.20047858794878,0.0,0.0,0.0,0.0,penalty_2000,2000.0
2019-03-19 04:00:00,9.762351272307443,0.0,0.0,0.0,0.0,penalty_2000,2000.0
2019-03-19 05:00:00,12.441781178204234,0.0,0.0,0.0,0.0,penalty_2000,2000.0
2019-03-19 06:00:00,14.23879752217087,0.0,0.0,0.0,0.0,penalty_2000,2000.0
2019-03-19 07:00:00,13.210613729379611,0.0,0.0,0.0,0.0,penalty_2000,2000.0
2019-03-19 08:00:00,13.344274152940876,0.0,0.0,0.0,0.0,penalty_2000,2000.0
2019-03-19 09:00:00,13.73472847663928,0.0,0.0,0.0,0.0,penalty_2000,2000.0
2019-03-19 10:00:00,11.915552000000003,0.0,0.0,0.0,0.0,penalty_2000,2000.0
2019-03-19 11:00:00,-21.71652375241025,498.730697,0.0,0.0,387.3,penalty_2000,2000.0
2019-03-19 12:00:00,-103.32048335696862,2228.882243,0.0,0.0,130.5,penalty_2000,2000.0
2019-03-19 13:00:00,-139.58120024395748,1976.060952,0.0,0.0,255.5,penalty_2000,2000.0
2019-03-19 14:00:00,-138.19110756177392,2396.102808,0.0,0.0,255.5,penalty_2000,2000.0
2019-03-19 15:00:00,-109.39275808751715,2159.227946,0.0,0.0,255.5,penalty_2000,2000.0
2019-03-19 16:00:00,-108.11216930172107,1075.468162,0.0,0.0,255.5,penalty_2000,2000.0
2019-03-19 17:00:00,-22.933055910263462,1008.779318,0.0,0.0,80.933496,penalty_2000,2000.0
2019-03-19 18:00:00,-21.58446459508329,600.668451,0.0,0.0,131.659973,penalty_2000,2000.0
2019-03-19 19:00:00,-20.234136006722743,282.991717,0.0,0.0,42.0,penalty_2000,2000.0
2019-03-19 20:00:00,-22.47597204555626,188.921992,0.0,0.0,42.0,penalty_2000,2000.0
2019-03-19 21:00:00,9.064216658104622,0.0,0.0,0.0,0.0,penalty_2000,2000.0
2019-03-19 22:00:00,10.315309473785833,0.0,0.0,0.0,0.0,penalty_2000,2000.0
2019-03-19 23:00:00,10.135999691715362,0.0,0.0,0.0,0.0,penalty_2000,2000.0
2019-03-20 00:00:00,10.018387857645376,0.0,0.0,0.0,0.0,penalty_2000,2000.0
2019-03-20 01:00:00,9.584690748939384,0.0,0.0,0.0,0.0,penalty_2000,2000.0
2019-03-20 02:00:00,10.195608437207943,0.0,0.0,0.0,0.0,penalty_2000,2000.0
2019-03-20 03:00:00,11.008192206023987,0.0,0.0,0.0,0.0,penalty_2000,2000.0
2019-03-20 04:00:00,15.773435059467454,0.0,0.0,0.0,0.0,penalty_2000,2000.0
2019-03-20 05:00:00,16.507323500488237,0.0,0.0,0.0,0.0,penalty_2000,2000.0
2019-03-20 06:00:00,16.016098307026756,0.0,0.0,0.0,0.0,penalty_2000,2000.0
2019-03-20 07:00:00,14.943857550109099,0.0,0.0,0.0,0.0,penalty_2000,2000.0
2019-03-20 08:00:00,15.999029479183276,0.0,0.0,0.0,0.0,penalty_2000,2000.0
2019-03-20 09:00:00,15.71525698762532,0.0,0.0,0.0,0.0,penalty_2000,2000.0
2019-03-20 10:00:00,14.280199351321377,0.0,0.0,0.0,0.0,penalty_2000,2000.0
2019-03-20 11:00:00,17.953735049839562,0.0,0.0,0.0,0.0,penalty_2000,2000.0
2019-03-20 12:00:00,-66.4759822661363,141.673544,0.0,0.0,88.5,penalty_2000,2000.0
2019-03-20 13:00:00,-66.78652903160129,564.69103,0.0,0.0,88.5,penalty_2000,2000.0
2019-03-20 14:00:00,-67.4293162951783,839.370949,0.0,0.0,88.5,penalty_2000,2000.0
2019-03-20 15:00:00,-63.54865002606547,816.111762,0.0,0.0,88.5,penalty_2000,2000.0
2019-03-20 16:00:00,-63.35687566456227,422.206536,0.0,0.0,88.5,penalty_2000,2000.0
2019-03-20 17:00:00,17.3343463264366,0.0,0.0,0.0,0.0,penalty_2000,2000.0
2019-03-20 18:00:00,11.258038230638567,0.0,0.0,0.0,0.0,penalty_2000,2000.0
2019-03-20 19:00:00,15.188484216628433,0.0,0.0,0.0,0.0,penalty_2000,2000.0
2019-03-20 20:00:00,14.22464860172956,0.0,0.0,0.0,0.0,penalty_2000,2000.0
2019-03-20 21:00:00,13.31553442509515,0.0,0.0,0.0,0.0,penalty_2000,2000.0
2019-03-20 22:00:00,13.086865664067531,0.0,0.0,0.0,0.0,penalty_2000,2000.0
2019-03-20 23:00:00,12.944440324139086,0.0,0.0,0.0,0.0,penalty_2000,2000.0
2019-03-21 00:00:00,11.398597519750375,0.0,0.0,0.0,0.0,penalty_2000,2000.0
2019-03-21 01:00:00,9.942207061079007,0.0,0.0,0.0,0.0,penalty_2000,2000.0
2019-03-21 02:00:00,11.691166821555754,0.0,0.0,0.0,0.0,penalty_2000,2000.0
2019-03-21 03:00:00,13.081993045324518,0.0,0.0,0.0,0.0,penalty_2000,2000.0
2019-03-21 04:00:00,14.647040197601628,0.0,0.0,0.0,0.0,penalty_2000,2000.0
2019-03-21 05:00:00,15.81911619669431,0.0,0.0,0.0,0.0,penalty_2000,2000.0
2019-03-21 06:00:00,18.534553296886912,0.0,0.0,0.0,0.0,penalty_2000,2000.0
2019-03-21 07:00:00,16.651779549928985,0.0,0.0,0.0,0.0,penalty_2000,2000.0
2019-03-21 08:00:00,15.881914223714702,0.0,0.0,0.0,0.0,penalty_2000,2000.0
2019-03-21 09:00:00,14.950743956538297,0.0,0.0,0.0,0.0,penalty_2000,2000.0
2019-03-21 10:00:00,12.796058952237527,0.0,0.0,0.0,0.0,penalty_2000,2000.0
2019-03-21 11:00:00,17.453566733937254,0.0,0.0,0.0,0.0,penalty_2000,2000.0
2019-03-21 12:00:00,16.232958372454707,0.0,0.0,0.0,0.0,penalty_2000,2000.0
2019-03-21 13:00:00,12.185944163807553,0.0,0.0,0.0,0.0,penalty_2000,2000.0
2019-03-21 14:00:00,-22.618052261527673,0.0,0.0,0.0,58.0,penalty_2000,2000.0
2019-03-21 15:00:00,-62.98989880236356,4.996298,0.0,0.0,88.5,penalty_2000,2000.0
2019-03-21 16:00:00,-37.972548619005906,279.195566,0.0,0.0,58.0,penalty_2000,2000.0
2019-03-21 17:00:00,-16.705643241054833,0.0,0.0,0.0,58.0,penalty_2000,2000.0
2019-03-21 18:00:00,15.103054983480853,0.0,0.0,0.0,0.0,penalty_2000,2000.0
2019-03-21 19:00:00,15.270305778968485,0.0,0.0,0.0,0.0,penalty_2000,2000.0
2019-03-21 20:00:00,15.815737564610792,0.0,0.0,0.0,0.0,penalty_2000,2000.0
2019-03-21 21:00:00,10.830642469091373,0.0,0.0,0.0,0.0,penalty_2000,2000.0
2019-03-21 22:00:00,10.78386083862837,0.0,0.0,0.0,0.0,penalty_2000,2000.0
2019-03-21 23:00:00,10.266821315006002,0.0,0.0,0.0,0.0,penalty_2000,2000.0
2019-03-22 00:00:00,9.604377425417992,0.0,0.0,0.0,0.0,penalty_2000,2000.0
2019-03-22 01:00:00,9.17332648270146,0.0,0.0,0.0,0.0,penalty_2000,2000.0
2019-03-22 02:00:00,9.604835034643125,0.0,0.0,0.0,0.0,penalty_2000,2000.0
2019-03-22 03:00:00,9.88987786650111,0.0,0.0,0.0,0.0,penalty_2000,2000.0
2019-03-22 04:00:00,9.158962058013882,0.0,0.0,0.0,0.0,penalty_2000,2000.0
2019-03-22 05:00:00,10.784866588846526,0.0,0.0,0.0,0.0,penalty_2000,2000.0
2019-03-22 06:00:00,11.26695171766465,0.0,0.0,0.0,0.0,penalty_2000,2000.0
2019-03-22 07:00:00,11.053578934875494,0.0,0.0,0.0,0.0,penalty_2000,2000.0
2019-03-22 08:00:00,11.044713776918204,0.0,0.0,0.0,0.0,penalty_2000,2000.0
2019-03-22 09:00:00,9.5752861708965,0.0,0.0,0.0,0.0,penalty_2000,2000.0
2019-03-22 10:00:00,9.472537041971197,0.0,0.0,0.0,0.0,penalty_2000,2000.0
2019-03-22 11:00:00,-74.2139141179098,94.278113,0.0,0.0,417.8,penalty_2000,2000.0
2019-03-22 12:00:00,-55.570052577574415,2169.111678,0.0,0.0,345.3,penalty_2000,2000.0
2019-03-22 13:00:00,-142.56095309175404,2407.397916,0.0,0.0,264.03632,penalty_2000,2000.0
2019-03-22 14:00:00,-141.0811125665968,3035.860376,0.0,0.0,255.5,penalty_2000,2000.0
2019-03-22 15:00:00,-99.88840405072733,2888.885046,0.0,0.0,367.447122,penalty_2000,2000.0
2019-03-22 16:00:00,-139.38793146770394,1901.162556,0.0,0.0,325.661395,penalty_2000,2000.0
2019-03-22 17:00:00,-86.03243524735915,1777.228112,0.0,0.0,213.5,penalty_2000,2000.0
2019-03-22 18:00:00,-26.0900568489285,1124.799657,0.0,0.0,417.8,penalty_2000,2000.0
2019-03-22 19:00:00,-1.1537549666921616,864.526045,0.0,0.0,0.0,penalty_2000,2000.0
2019-03-22 20:00:00,-23.61189663383832,1223.711786,0.0,0.0,42.0,penalty_2000,2000.0
2019-03-22 21:00:00,-28.004975376598157,1628.888536,0.0,0.0,42.0,penalty_2000,2000.0
2019-03-22 22:00:00,-34.7444234997514,1646.203962,0.0,0.0,42.0,penalty_2000,2000.0
2019-03-22 23:00:00,-38.68127778982977,1660.177842,0.0,0.0,42.0,penalty_2000,2000.0
2019-03-23 00:00:00,-37.56407682537253,1674.88828,0.0,0.0,42.0,penalty_2000,2000.0
2019-03-23 01:00:00,-36.24464536956152,1539.53057,0.0,0.0,42.0,penalty_2000,2000.0
2019-03-23 02:00:00,-35.64453053376648,1370.725238,0.0,0.0,42.0,penalty_2000,2000.0
2019-03-23 03:00:00,-36.270089989473234,1164.581197,0.0,0.0,42.0,penalty_2000,2000.0
2019-03-23 04:00:00,-33.99921620387995,1003.715362,0.0,0.0,42.0,penalty_2000,2000.0
2019-03-23 05:00:00,-30.077804699010713,933.172045,0.0,0.0,42.0,penalty_2000,2000.0
2019-03-23 06:00:00,-31.68561160082241,303.54581,0.0,0.0,42.0,penalty_2000,2000.0
2019-03-23 07:00:00,13.93293890452636,0.0,0.0,0.0,0.0,penalty_2000,2000.0
2019-03-23 08:00:00,10.96370973351385,0.0,0.0,0.0,0.0,penalty_2000,2000.0
2019-03-23 09:00:00,-24.40183241481802,288.179997,0.0,0.0,42.0,penalty_2000,2000.0
2019-03-23 10:00:00,1596.3168285150064,52.718942,0.0,0.0,100.0,penalty_2000,2000.0
2019-03-23 11:00:00,-41.52038291910259,109.550165,0.0,0.0,417.8,penalty_2000,2000.0
2019-03-23 12:00:00,-110.97132354500634,815.848517,0.0,0.0,153.565103,penalty_2000,2000.0
2019-03-23 13:00:00,-85.44955933620416,1599.711877,0.0,0.0,255.5,penalty_2000,2000.0
2019-03-23 14:00:00,-150.16975263622976,2015.41503,0.0,0.0,255.5,penalty_2000,2000.0
2019-03-23 15:00:00,-114.008630374842,2024.32935,0.0,0.0,255.5,penalty_2000,2000.0
2019-03-23 16:00:00,-116.36350710319485,1341.820261,0.0,0.0,255.5,penalty_2000,2000.0
2019-03-23 17:00:00,-109.58820654594695,326.96418,0.0,0.0,255.5,penalty_2000,2000.0
2019-03-23 18:00:00,10.284169052125566,0.0,0.0,0.0,0.0,penalty_2000,2000.0
2019-03-23 19:00:00,11.205079565695755,0.0,0.0,0.0,0.0,penalty_2000,2000.0
2019-03-23 20:00:00,11.471589083415864,0.0,0.0,0.0,0.0,penalty_2000,2000.0
2019-03-23 21:00:00,10.277636216759793,0.0,0.0,0.0,0.0,penalty_2000,2000.0
2019-03-23 22:00:00,10.281476935785713,0.0,0.0,0.0,0.0,penalty_2000,2000.0
2019-03-23 23:00:00,9.147563467218438,0.0,0.0,0.0,0.0,penalty_2000,2000.0
2019-03-24 00:00:00,9.628641394286738,0.0,0.0,0.0,0.0,penalty_2000,2000.0
2019-03-24 01:00:00,9.129204829409543,0.0,0.0,0.0,0.0,penalty_2000,2000.0
2019-03-24 02:00:00,8.830588344966205,0.0,0.0,0.0,0.0,penalty_2000,2000.0
2019-03-24 03:00:00,8.833817325832563,0.0,0.0,0.0,0.0,penalty_2000,2000.0
2019-03-24 04:00:00,8.664401832375747,0.0,0.0,0.0,0.0,penalty_2000,2000.0
2019-03-24 05:00:00,9.556615765130925,0.0,0.0,0.0,0.0,penalty_2000,2000.0
2019-03-24 06:00:00,9.81712994442149,0.0,0.0,0.0,0.0,penalty_2000,2000.0
2019-03-24 07:00:00,10.5816176369908,0.0,0.0,0.0,0.0,penalty_2000,2000.0
2019-03-24 08:00:00,11.019392198664129,0.0,0.0,0.0,0.0,penalty_2000,2000.0
2019-03-24 09:00:00,11.357347830210307,0.0,0.0,0.0,0.0,penalty_2000,2000.0
2019-03-24 10:00:00,9.661665585133038,0.0,0.0,0.0,0.0,penalty_2000,2000.0
2019-03-24 11:00:00,10.337575690657916,0.0,0.0,0.0,0.0,penalty_2000,2000.0
2019-03-24 12:00:00,-82.6002123824889,680.277011,0.0,0.0,387.3,penalty_2000,2000.0
2019-03-24 13:00:00,-69.56234967610813,1448.510868,0.0,0.0,346.896192,penalty_2000,2000.0
2019-03-24 14:00:00,-66.07010127674995,1455.236672,0.0,0.0,387.3,penalty_2000,2000.0
2019-03-24 15:00:00,-59.35979886791674,1281.176182,0.0,0.0,387.3,penalty_2000,2000.0
2019-03-24 16:00:00,-62.04382341125092,756.786904,0.0,0.0,130.5,penalty_2000,2000.0
2019-03-24 17:00:00,-64.31955862420583,169.19539,0.0,0.0,130.5,penalty_2000,2000.0
2019-03-24 18:00:00,10.30781911531154,0.0,0.0,0.0,0.0,penalty_2000,2000.0
2019-03-24 19:00:00,11.024527330575184,0.0,0.0,0.0,0.0,penalty_2000,2000.0
2019-03-24 20:00:00,12.402741975271494,0.0,0.0,0.0,0.0,penalty_2000,2000.0
2019-03-24 21:00:00,11.064876148394493,0.0,0.0,0.0,0.0,penalty_2000,2000.0
2019-03-24 22:00:00,10.131092395266572,0.0,0.0,0.0,0.0,penalty_2000,2000.0
2019-03-24 23:00:00,9.71662543779604,0.0,0.0,0.0,0.0,penalty_2000,2000.0
2019-03-25 00:00:00,9.346225069362553,0.0,0.0,0.0,0.0,penalty_2000,2000.0
2019-03-25 01:00:00,9.098594787664547,0.0,0.0,0.0,0.0,penalty_2000,2000.0
2019-03-25 02:00:00,9.566713705055571,0.0,0.0,0.0,0.0,penalty_2000,2000.0
2019-03-25 03:00:00,10.306456,0.0,0.0,0.0,0.0,penalty_2000,2000.0
2019-03-25 04:00:00,10.336376889340595,0.0,0.0,0.0,0.0,penalty_2000,2000.0
2019-03-25 05:00:00,12.038186078774247,0.0,0.0,0.0,0.0,penalty_2000,2000.0
2019-03-25 06:00:00,12.849264324476641,0.0,0.0,0.0,0.0,penalty_2000,2000.0
2019-03-25 07:00:00,12.453296617159337,0.0,0.0,0.0,0.0,penalty_2000,2000.0
2019-03-25 08:00:00,11.248898894916826,0.0,0.0,0.0,0.0,penalty_2000,2000.0
2019-03-25 09:00:00,-21.812507989047376,37.387021,0.0,0.0,42.0,penalty_2000,2000.0
2019-03-25 10:00:00,8.730430162008403,0.0,0.0,0.0,0.0,penalty_2000,2000.0
2019-03-25 11:00:00,-21.4028201056154,649.571308,0.0,0.0,387.3,penalty_2000,2000.0
2019-03-25 12:00:00,-96.04938313683593,1273.198283,0.0,0.0,255.5,penalty_2000,2000.0
2019-03-25 13:00:00,-69.17107168653234,1178.838512,0.0,0.0,255.5,penalty_2000,2000.0
2019-03-25 14:00:00,-92.21362469131694,1761.835763,0.0,0.0,370.896804,penalty_2000,2000.0
2019-03-25 15:00:00,-67.61783680055375,1752.36385,0.0,0.0,387.3,penalty_2000,2000.0
2019-03-25 16:00:00,-92.40724883234613,1019.70313,0.0,0.0,408.081841,penalty_2000,2000.0
2019-03-25 17:00:00,-94.22604834122588,529.903846,0.0,0.0,255.5,penalty_2000,2000.0
2019-03-25 18:00:00,7.0270425142888575,0.0,0.0,0.0,58.0,penalty_2000,2000.0
2019-03-25 19:00:00,10.441977646697795,0.0,0.0,0.0,0.0,penalty_2000,2000.0
2019-03-25 20:00:00,10.170526184216474,0.0,0.0,0.0,0.0,penalty_2000,2000.0
2019-03-25 21:00:00,9.3706611157611,0.0,0.0,0.0,0.0,penalty_2000,2000.0
2019-03-25 22:00:00,10.646350381246956,0.0,0.0,0.0,0.0,penalty_2000,2000.0
2019-03-25 23:00:00,10.004151039494259,0.0,0.0,0.0,0.0,penalty_2000,2000.0
2019-03-26 00:00:00,9.631139813467307,0.0,0.0,0.0,0.0,penalty_2000,2000.0
2019-03-26 01:00:00,9.089971800642225,0.0,0.0,0.0,0.0,penalty_2000,2000.0
2019-03-26 02:00:00,9.133251432996856,0.0,0.0,0.0,0.0,penalty_2000,2000.0
2019-03-26 03:00:00,9.661113926542495,0.0,0.0,0.0,0.0,penalty_2000,2000.0
2019-03-26 04:00:00,8.41623674366131,0.0,0.0,0.0,0.0,penalty_2000,2000.0
2019-03-26 05:00:00,10.198366351208545,0.0,0.0,0.0,0.0,penalty_2000,2000.0
2019-03-26 06:00:00,11.037260900594669,0.0,0.0,0.0,0.0,penalty_2000,2000.0
2019-03-26 07:00:00,10.983032817511232,0.0,0.0,0.0,0.0,penalty_2000,2000.0
2019-03-26 08:00:00,11.02165487283241,0.0,0.0,0.0,0.0,penalty_2000,2000.0
2019-03-26 09:00:00,10.540146500641418,0.0,0.0,0.0,0.0,penalty_2000,2000.0
2019-03-26 10:00:00,9.431189412056199,0.0,0.0,0.0,0.0,penalty_2000,2000.0
2019-03-26 11:00:00,-10.29311940014031,0.0,0.0,0.0,58.0,penalty_2000,2000.0
2019-03-26 12:00:00,-72.27985921351235,319.15009,0.0,0.0,255.5,penalty_2000,2000.0
2019-03-26 13:00:00,-141.78345290985837,1676.941418,0.0,0.0,255.5,penalty_2000,2000.0
2019-03-26 14:00:00,-133.2234957136598,1650.548336,0.0,0.0,260.859572,penalty_2000,2000.0
2019-03-26 15:00:00,-91.24282638452425,1727.314714,0.0,0.0,338.501656,penalty_2000,2000.0
2019-03-26 16:00:00,-101.50568161448841,1318.645254,0.0,0.0,319.535665,penalty_2000,2000.0
2019-03-26 17:00:00,-101.43551382719652,1338.070005,0.0,0.0,362.713594,penalty_2000,2000.0
2019-03-26 18:00:00,-38.111998726201634,1231.542232,0.0,0.0,417.8,penalty_2000,2000.0
2019-03-26 19:00:00,-19.67131956353028,1132.14837,0.0,0.0,42.0,penalty_2000,2000.0
2019-03-26 20:00:00,-21.264193865731066,1009.669165,0.0,0.0,42.0,penalty_2000,2000.0
2019-03-26 21:00:00,-26.499395128616424,822.354658,0.0,0.0,42.0,penalty_2000,2000.0
2019-03-26 22:00:00,-28.606500921520382,305.196068,0.0,0.0,42.0,penalty_2000,2000.0
2019-03-26 23:00:00,-37.71425851818936,364.64584,0.0,0.0,42.0,penalty_2000,2000.0
2019-03-27 00:00:00,-35.575292308483995,426.68536,0.0,0.0,42.0,penalty_2000,2000.0
2019-03-27 01:00:00,-36.65289142355601,461.96326,0.0,0.0,42.0,penalty_2000,2000.0
2019-03-27 02:00:00,-37.14836592615767,227.826366,0.0,0.0,42.0,penalty_2000,2000.0
2019-03-27 03:00:00,4.391904022666919,0.0,0.0,0.0,0.0,penalty_2000,2000.0
2019-03-27 04:00:00,9.5984716421118,0.0,0.0,0.0,0.0,penalty_2000,2000.0
2019-03-27 05:00:00,11.31084722950892,0.0,0.0,0.0,0.0,penalty_2000,2000.0
2019-03-27 06:00:00,10.551350540398946,0.0,0.0,0.0,0.0,penalty_2000,2000.0
2019-03-27 07:00:00,10.671056614492244,0.0,0.0,0.0,0.0,penalty_2000,2000.0
2019-03-27 08:00:00,-23.320741050314542,42.814232,0.0,0.0,42.0,penalty_2000,2000.0
2019-03-27 09:00:00,-23.470561823358373,1373.558413,0.0,0.0,42.0,penalty_2000,2000.0
2019-03-27 10:00:00,-28.58025329779273,752.132395,0.0,0.0,387.3,penalty_2000,2000.0
2019-03-27 11:00:00,-128.38187055609373,1816.593038,0.0,0.0,255.5,penalty_2000,2000.0
2019-03-27 12:00:00,-101.06441329545773,2777.149393,0.0,0.0,269.012217,penalty_2000,2000.0
2019-03-27 13:00:00,-136.86071360100422,2436.782535,0.0,0.0,255.5,penalty_2000,2000.0
2019-03-27 14:00:00,-143.99950710546275,3113.146789,0.0,0.0,409.545855,penalty_2000,2000.0
2019-03-27 15:00:00,-133.48074002999724,2954.916435,0.0,0.0,417.8,penalty_2000,2000.0
2019-03-27 16:00:00,-105.89509812845701,1979.418191,0.0,0.0,403.676006,penalty_2000,2000.0
2019-03-27 17:00:00,-105.86256539223994,1930.813667,0.0,0.0,417.8,penalty_2000,2000.0
2019-03-27 18:00:00,-32.568413133511804,1404.658378,0.0,0.0,417.8,penalty_2000,2000.0
2019-03-27 19:00:00,-20.231815120574048,1105.571641,0.0,0.0,42.0,penalty_2000,2000.0
2019-03-27 20:00:00,-22.25661732450196,1213.936105,0.0,0.0,42.0,penalty_2000,2000.0
2019-03-27 21:00:00,-31.78287476156637,1678.277111,0.0,0.0,42.0,penalty_2000,2000.0
2019-03-27 22:00:00,-34.92940688842395,1732.454709,0.0,0.0,42.0,penalty_2000,2000.0
2019-03-27 23:00:00,-39.53213621360594,1756.8424,0.0,0.0,262.3,penalty_2000,2000.0
2019-03-28 00:00:00,-40.808081203406076,1769.918152,0.0,0.0,100.0,penalty_2000,2000.0
2019-03-28 01:00:00,-41.20170440580887,1678.273538,0.0,0.0,262.3,penalty_2000,2000.0
2019-03-28 02:00:00,-41.45250102991225,1711.585053,0.0,0.0,262.3,penalty_2000,2000.0
2019-03-28 03:00:00,-40.16727427479237,1316.317866,0.0,0.0,262.3,penalty_2000,2000.0
2019-03-28 04:00:00,-35.856361225051025,902.252415,0.0,0.0,100.0,penalty_2000,2000.0
2019-03-28 05:00:00,-28.038709460366707,777.395747,0.0,0.0,42.0,penalty_2000,2000.0
2019-03-28 06:00:00,-26.164391894630793,618.526124,0.0,0.0,42.0,penalty_2000,2000.0
2019-03-28 07:00:00,-26.18029677429347,357.817299,0.0,0.0,42.0,penalty_2000,2000.0
2019-03-28 08:00:00,-25.686619578630765,838.659695,0.0,0.0,42.0,penalty_2000,2000.0
2019-03-28 09:00:00,-23.26033643045595,1584.868799,0.0,0.0,86.366071,penalty_2000,2000.0
2019-03-28 10:00:00,-28.657215498031487,647.567915,0.0,0.0,387.3,penalty_2000,2000.0
2019-03-28 11:00:00,-67.74695355716315,1598.421414,0.0,0.0,417.8,penalty_2000,2000.0
2019-03-28 12:00:00,-27.193706492712092,1794.894099,0.0,0.0,417.8,penalty_2000,2000.0
2019-03-28 13:00:00,-109.74226874528095,1040.20126,0.0,0.0,417.8,penalty_2000,2000.0
2019-03-28 14:00:00,-110.46120010150092,1497.771735,0.0,0.0,417.8,penalty_2000,2000.0
2019-03-28 15:00:00,-24.454573271247366,1315.517006,0.0,0.0,243.185193,penalty_2000,2000.0
2019-03-28 16:00:00,-22.786232255712097,799.226259,0.0,0.0,363.673981,penalty_2000,2000.0
2019-03-28 17:00:00,-20.13176101862697,1310.453765,0.0,0.0,42.0,penalty_2000,2000.0
2019-03-28 18:00:00,-19.858393289064825,1021.256637,0.0,0.0,42.0,penalty_2000,2000.0
2019-03-28 19:00:00,-18.32753632964189,776.910913,0.0,0.0,42.0,penalty_2000,2000.0
2019-03-28 20:00:00,-21.167744616287557,797.765832,0.0,0.0,42.0,penalty_2000,2000.0
2019-03-28 21:00:00,-25.821793031294774,1056.750357,0.0,0.0,42.0,penalty_2000,2000.0
2019-03-28 22:00:00,-32.22276097242264,1024.713468,0.0,0.0,42.0,penalty_2000,2000.0
2019-03-28 23:00:00,-34.143421735620755,1037.157038,0.0,0.0,42.0,penalty_2000,2000.0
2019-03-29 00:00:00,-38.43253108205594,1041.062772,0.0,0.0,92.185569,penalty_2000,2000.0
2019-03-29 01:00:00,-38.955589730960334,956.752592,0.0,0.0,262.3,penalty_2000,2000.0
2019-03-29 02:00:00,-39.136768365878176,874.253672,0.0,0.0,100.0,penalty_2000,2000.0
2019-03-29 03:00:00,-35.38678252716361,760.932024,0.0,0.0,42.0,penalty_2000,2000.0
2019-03-29 04:00:00,-34.625514397473665,375.053512,0.0,0.0,42.0,penalty_2000,2000.0
2019-03-29 05:00:00,6.70420876369683,0.0,0.0,0.0,0.0,penalty_2000,2000.0
2019-03-29 06:00:00,9.347596324148133,0.0,0.0,0.0,0.0,penalty_2000,2000.0
2019-03-29 07:00:00,9.59525157796189,0.0,0.0,0.0,0.0,penalty_2000,2000.0
2019-03-29 08:00:00,8.815941785836989,0.0,0.0,0.0,0.0,penalty_2000,2000.0
2019-03-29 09:00:00,-22.985065262595505,765.652812,0.0,0.0,42.0,penalty_2000,2000.0
2019-03-29 10:00:00,6.532267258218719,0.0,0.0,0.0,58.0,penalty_2000,2000.0
2019-03-29 11:00:00,-85.06895828448242,891.566802,0.0,0.0,417.8,penalty_2000,2000.0
2019-03-29 12:00:00,-110.88941763244173,2035.708439,0.0,0.0,417.8,penalty_2000,2000.0
2019-03-29 13:00:00,-142.6795925372956,1789.337543,0.0,0.0,257.004671,penalty_2000,2000.0
2019-03-29 14:00:00,-142.80066255556497,1717.799751,0.0,0.0,341.175011,penalty_2000,2000.0
2019-03-29 15:00:00,-74.0294617821679,1394.372277,0.0,0.0,370.869162,penalty_2000,2000.0
2019-03-29 16:00:00,-70.26402115425549,945.851714,0.0,0.0,88.5,penalty_2000,2000.0
2019-03-29 17:00:00,-71.53312255347836,322.484824,0.0,0.0,115.815249,penalty_2000,2000.0
2019-03-29 18:00:00,9.190451010407383,0.0,0.0,0.0,0.0,penalty_2000,2000.0
2019-03-29 19:00:00,10.812472052196123,0.0,0.0,0.0,0.0,penalty_2000,2000.0
2019-03-29 20:00:00,10.848684332434402,0.0,0.0,0.0,0.0,penalty_2000,2000.0
2019-03-29 21:00:00,9.304098708625279,0.0,0.0,0.0,0.0,penalty_2000,2000.0
2019-03-29 22:00:00,-29.234161093527366,301.871833,0.0,0.0,6.396888,penalty_2000,2000.0
2019-03-29 23:00:00,-33.55210462612343,529.886101,0.0,0.0,42.0,penalty_2000,2000.0
2019-03-30 00:00:00,-34.486280778324655,1532.229054,0.0,0.0,42.0,penalty_2000,2000.0
2019-03-30 01:00:00,-35.130253147236196,1613.047676,0.0,0.0,42.0,penalty_2000,2000.0
2019-03-30 02:00:00,-36.7232314158534,9.129598,0.0,0.0,42.0,penalty_2000,2000.0
2019-03-30 03:00:00,7.5184631788798635,0.0,0.0,0.0,0.0,penalty_2000,2000.0
2019-03-30 04:00:00,6.769353061791451,0.0,0.0,0.0,0.0,penalty_2000,2000.0
2019-03-30 05:00:00,9.518448345601477,0.0,0.0,0.0,0.0,penalty_2000,2000.0
2019-03-30 06:00:00,-29.80997904692049,1071.651324,0.0,0.0,42.0,penalty_2000,2000.0
2019-03-30 07:00:00,8.451446798063749,0.0,0.0,0.0,0.0,penalty_2000,2000.0
2019-03-30 08:00:00,10.315308679591071,0.0,0.0,0.0,0.0,penalty_2000,2000.0
2019-03-30 09:00:00,8.909349267263936,0.0,0.0,0.0,0.0,penalty_2000,2000.0
2019-03-30 10:00:00,28.5828630792883,119.030839,0.0,0.0,367.3,penalty_2000,2000.0
2019-03-30 11:00:00,-61.89413568374762,375.701221,0.0,0.0,130.5,penalty_2000,2000.0
2019-03-30 12:00:00,-67.45385365250549,1125.635684,0.0,0.0,225.0,penalty_2000,2000.0
2019-03-30 13:00:00,-70.14799414497078,1799.753333,0.0,0.0,130.5,penalty_2000,2000.0
2019-03-30 14:00:00,-109.90603847946664,3026.15826,0.0,0.0,259.034953,penalty_2000,2000.0
2019-03-30 15:00:00,-108.82315820355164,3023.068203,0.0,0.0,130.5,penalty_2000,2000.0
2019-03-30 16:00:00,-107.99464156857859,2033.948334,0.0,0.0,130.5,penalty_2000,2000.0
2019-03-30 17:00:00,-112.10249068450467,2135.83352,0.0,0.0,241.347313,penalty_2000,2000.0
2019-03-30 18:00:00,-110.10212167505394,1439.299548,0.0,0.0,130.5,penalty_2000,2000.0
2019-03-30 19:00:00,-23.94363270901142,1066.60815,0.0,0.0,42.0,penalty_2000,2000.0
2019-03-30 20:00:00,-25.634348353002146,1101.611964,0.0,0.0,42.0,penalty_2000,2000.0
2019-03-30 21:00:00,-29.159261684399336,1514.515409,0.0,0.0,42.0,penalty_2000,2000.0
2019-03-30 22:00:00,-33.53649887844787,1461.012094,0.0,0.0,42.0,penalty_2000,2000.0
2019-03-30 23:00:00,-34.8460136351156,491.908233,0.0,0.0,42.0,penalty_2000,2000.0
2019-03-31 00:00:00,10.231980105113356,0.0,0.0,0.0,0.0,penalty_2000,2000.0
2019-03-31 01:00:00,10.871391784380398,0.0,0.0,0.0,0.0,penalty_2000,2000.0
2019-03-31 02:00:00,10.757070980021867,0.0,0.0,0.0,0.0,penalty_2000,2000.0
2019-03-31 03:00:00,10.21814744394272,0.0,0.0,0.0,0.0,penalty_2000,2000.0
2019-03-31 04:00:00,10.06228940043922,0.0,0.0,0.0,0.0,penalty_2000,2000.0
2019-03-31 05:00:00,44.88787745734083,0.0,0.0,0.0,47.634764,penalty_2000,2000.0
2019-03-31 06:00:00,11.234903963618056,0.0,0.0,0.0,0.0,penalty_2000,2000.0
2019-03-31 07:00:00,12.208692449413673,0.0,0.0,0.0,0.0,penalty_2000,2000.0
2019-03-31 08:00:00,12.41696403521357,0.0,0.0,0.0,0.0,penalty_2000,2000.0
2019-03-31 09:00:00,12.205413581172543,0.0,0.0,0.0,0.0,penalty_2000,2000.0
2019-03-31 10:00:00,-9.729339693079522,0.0,0.0,0.0,58.0,penalty_2000,2000.0
2019-03-31 11:00:00,-67.93394215377775,205.413353,0.0,0.0,248.248672,penalty_2000,2000.0
2019-03-31 12:00:00,-72.58028055473375,815.828686,0.0,0.0,88.5,penalty_2000,2000.0
2019-03-31 13:00:00,-64.9812990224202,1200.983718,0.0,0.0,213.5,penalty_2000,2000.0
2019-03-31 14:00:00,-143.49766964982456,1603.75028,0.0,0.0,255.5,penalty_2000,2000.0
2019-03-31 15:00:00,-110.72203622156869,2021.728327,0.0,0.0,255.5,penalty_2000,2000.0
2019-03-31 16:00:00,-77.99715588320791,1344.894828,0.0,0.0,255.5,penalty_2000,2000.0
2019-03-31 17:00:00,-109.12743058938682,1197.744886,0.0,0.0,255.5,penalty_2000,2000.0
2019-03-31 18:00:00,-23.763800357615906,600.15074,0.0,0.0,262.3,penalty_2000,2000.0
2019-03-31 19:00:00,-21.361742459276282,603.535589,0.0,0.0,42.0,penalty_2000,2000.0
2019-03-31 20:00:00,16.30096815519729,0.0,0.0,0.0,0.0,penalty_2000,2000.0
2019-03-31 21:00:00,15.290851126952376,0.0,0.0,0.0,0.0,penalty_2000,2000.0
2019-03-31 22:00:00,15.362280727911056,0.0,0.0,0.0,0.0,penalty_2000,2000.0
2019-03-31 23:00:00,13.497910137333271,0.0,0.0,0.0,0.0,penalty_2000,2000.0
2019-01-01 00:00:00,-80.00608591559174,1607.301608,0.0,0.0,42.0,penalty_5000,5000.0
2019-01-01 01:00:00,-79.41699352745567,1513.814926,0.0,0.0,42.0,penalty_5000,5000.0
2019-01-01 02:00:00,12.414865063548755,1555.602422,0.0,0.0,42.0,penalty_5000,5000.0
2019-01-01 03:00:00,-84.56393414487042,1513.963921,0.0,0.0,42.0,penalty_5000,5000.0
2019-01-01 04:00:00,-84.29089855592534,1440.899581,0.0,0.0,42.0,penalty_5000,5000.0
2019-01-01 05:00:00,-82.16907062051695,1520.947493,0.0,0.0,42.0,penalty_5000,5000.0
2019-01-01 06:00:00,-78.49788667637712,1554.860085,0.0,0.0,42.0,penalty_5000,5000.0
2019-01-01 07:00:00,-76.45042994354817,1440.201166,0.0,0.0,42.0,penalty_5000,5000.0
2019-01-01 08:00:00,-75.9939852066387,1265.806311,0.0,0.0,42.0,penalty_5000,5000.0
2019-01-01 09:00:00,-69.82919093678133,1167.328264,0.0,0.0,42.0,penalty_5000,5000.0
2019-01-01 10:00:00,-68.34375907577994,171.291421,0.0,0.0,42.0,penalty_5000,5000.0
2019-01-01 11:00:00,-68.9924177743613,818.447966,0.0,0.0,42.0,penalty_5000,5000.0
2019-01-01 12:00:00,-70.26667209006577,884.005504,0.0,0.0,262.3,penalty_5000,5000.0
2019-01-01 13:00:00,-188.94919285921281,566.592504,0.0,0.0,255.5,penalty_5000,5000.0
2019-01-01 14:00:00,-274.5293735082774,860.199566,0.0,0.0,255.5,penalty_5000,5000.0
2019-01-01 15:00:00,-251.37630683626594,714.386065,0.0,0.0,167.148281,penalty_5000,5000.0
2019-01-01 16:00:00,12.557397831103804,0.0,0.0,0.0,0.0,penalty_5000,5000.0
2019-01-01 17:00:00,55.98738076712046,301.068544,0.0,0.0,260.421597,penalty_5000,5000.0
2019-01-01 18:00:00,12.809587796129087,0.0,0.0,0.0,0.0,penalty_5000,5000.0
2019-01-01 19:00:00,14.987959739677606,0.0,0.0,0.0,0.0,penalty_5000,5000.0
2019-01-01 20:00:00,16.090742885291633,0.0,0.0,0.0,0.0,penalty_5000,5000.0
2019-01-01 21:00:00,17.410001892396313,0.0,0.0,0.0,0.0,penalty_5000,5000.0
2019-01-01 22:00:00,18.95514552121186,0.0,0.0,0.0,0.0,penalty_5000,5000.0
2019-01-01 23:00:00,15.44575173293116,0.0,0.0,0.0,0.0,penalty_5000,5000.0
2019-01-02 00:00:00,15.484858451685477,0.0,0.0,0.0,0.0,penalty_5000,5000.0
2019-01-02 01:00:00,15.021273306493994,0.0,0.0,0.0,0.0,penalty_5000,5000.0
2019-01-02 02:00:00,14.937746269985414,0.0,0.0,0.0,0.0,penalty_5000,5000.0
2019-01-02 03:00:00,15.993237876001034,0.0,0.0,0.0,0.0,penalty_5000,5000.0
2019-01-02 04:00:00,15.59879409291822,0.0,0.0,0.0,0.0,penalty_5000,5000.0
2019-01-02 05:00:00,16.119932913535365,0.0,0.0,0.0,0.0,penalty_5000,5000.0
2019-01-02 06:00:00,18.20816927982484,0.0,0.0,0.0,0.0,penalty_5000,5000.0
2019-01-02 07:00:00,19.029723577808827,0.0,0.0,0.0,0.0,penalty_5000,5000.0
2019-01-02 08:00:00,18.233440632220056,0.0,0.0,0.0,0.0,penalty_5000,5000.0
2019-01-02 09:00:00,21.56518625080441,0.0,0.0,0.0,0.0,penalty_5000,5000.0
2019-01-02 10:00:00,21.76256674313868,0.0,0.0,0.0,0.0,penalty_5000,5000.0
2019-01-02 11:00:00,24.39647850924497,0.0,0.0,0.0,0.0,penalty_5000,5000.0
2019-01-02 12:00:00,21.18190565328394,0.0,0.0,0.0,0.0,penalty_5000,5000.0
2019-01-02 13:00:00,22.373742427480444,0.0,0.0,0.0,0.0,penalty_5000,5000.0
2019-01-02 14:00:00,22.515605213626493,0.0,0.0,0.0,0.0,penalty_5000,5000.0
2019-01-02 15:00:00,22.261236976253585,0.0,0.0,0.0,0.0,penalty_5000,5000.0
2019-01-02 16:00:00,20.245909925691212,0.0,0.0,0.0,0.0,penalty_5000,5000.0
2019-01-02 17:00:00,21.25770560688146,0.0,0.0,0.0,0.0,penalty_5000,5000.0
2019-01-02 18:00:00,44.91732438428427,0.0,0.0,0.0,0.0,penalty_5000,5000.0
2019-01-02 19:00:00,34.739683459571346,0.0,0.0,0.0,0.0,penalty_5000,5000.0
2019-01-02 20:00:00,46.171580821964056,0.0,0.0,0.0,0.0,penalty_5000,5000.0
2019-01-02 21:00:00,20.07598528840358,0.0,0.0,0.0,0.0,penalty_5000,5000.0
2019-01-02 22:00:00,18.28102224409215,0.0,0.0,0.0,0.0,penalty_5000,5000.0
2019-01-02 23:00:00,21.52194036456365,0.0,0.0,0.0,0.0,penalty_5000,5000.0
2019-01-03 00:00:00,19.799210615444803,0.0,0.0,0.0,0.0,penalty_5000,5000.0
2019-01-03 01:00:00,18.30916113859561,0.0,0.0,0.0,0.0,penalty_5000,5000.0
2019-01-03 02:00:00,15.60454095008653,0.0,0.0,0.0,0.0,penalty_5000,5000.0
2019-01-03 03:00:00,15.806369748865913,0.0,0.0,0.0,0.0,penalty_5000,5000.0
2019-01-03 04:00:00,14.14000262647229,0.0,0.0,0.0,0.0,penalty_5000,5000.0
2019-01-03 05:00:00,16.08346783407996,0.0,0.0,0.0,0.0,penalty_5000,5000.0
2019-01-03 06:00:00,18.76340652184564,0.0,0.0,0.0,0.0,penalty_5000,5000.0
2019-01-03 07:00:00,19.519399260736172,0.0,0.0,0.0,0.0,penalty_5000,5000.0
2019-01-03 08:00:00,18.642767598070574,0.0,0.0,0.0,0.0,penalty_5000,5000.0
2019-01-03 09:00:00,17.679439035538834,0.0,0.0,0.0,0.0,penalty_5000,5000.0
2019-01-03 10:00:00,15.129285358396388,0.0,0.0,0.0,0.0,penalty_5000,5000.0
2019-01-03 11:00:00,13.169888541136508,0.0,0.0,0.0,0.0,penalty_5000,5000.0
2019-01-03 12:00:00,-138.35075426400613,54.93604,0.0,0.0,213.5,penalty_5000,5000.0
2019-01-03 13:00:00,-155.06558464008594,693.07434,0.0,0.0,213.5,penalty_5000,5000.0
2019-01-03 14:00:00,-156.70728438223185,691.040363,0.0,0.0,213.5,penalty_5000,5000.0
2019-01-03 15:00:00,-159.33706859242992,510.534474,0.0,0.0,213.5,penalty_5000,5000.0
2019-01-03 16:00:00,-158.5518875788399,54.153703,0.0,0.0,213.5,penalty_5000,5000.0
2019-01-03 17:00:00,-5.643054753794271,0.0,0.0,0.0,58.0,penalty_5000,5000.0
2019-01-03 18:00:00,16.814345495582195,0.0,0.0,0.0,0.0,penalty_5000,5000.0
2019-01-03 19:00:00,19.819070106193564,0.0,0.0,0.0,0.0,penalty_5000,5000.0
2019-01-03 20:00:00,18.68810002997298,0.0,0.0,0.0,0.0,penalty_5000,5000.0
2019-01-03 21:00:00,17.228067690602046,0.0,0.0,0.0,0.0,penalty_5000,5000.0
2019-01-03 22:00:00,16.63935418833872,0.0,0.0,0.0,0.0,penalty_5000,5000.0
2019-01-03 23:00:00,15.337821912957025,0.0,0.0,0.0,0.0,penalty_5000,5000.0
2019-01-04 00:00:00,17.45714705897513,0.0,0.0,0.0,0.0,penalty_5000,5000.0
2019-01-04 01:00:00,38.19349533112263,0.0,0.0,0.0,0.0,penalty_5000,5000.0
2019-01-04 02:00:00,16.831570798499982,0.0,0.0,0.0,0.0,penalty_5000,5000.0
2019-01-04 03:00:00,16.845739638104554,0.0,0.0,0.0,0.0,penalty_5000,5000.0
2019-01-04 04:00:00,15.303089376455931,0.0,0.0,0.0,0.0,penalty_5000,5000.0
2019-01-04 05:00:00,18.118437152708314,0.0,0.0,0.0,0.0,penalty_5000,5000.0
2019-01-04 06:00:00,21.986588605421463,0.0,0.0,0.0,0.0,penalty_5000,5000.0
2019-01-04 07:00:00,20.470884434486525,0.0,0.0,0.0,0.0,penalty_5000,5000.0
2019-01-04 08:00:00,19.900978313985277,0.0,0.0,0.0,0.0,penalty_5000,5000.0
2019-01-04 09:00:00,16.575226012160428,0.0,0.0,0.0,0.0,penalty_5000,5000.0
2019-01-04 10:00:00,16.25089834165551,0.0,0.0,0.0,0.0,penalty_5000,5000.0
2019-01-04 11:00:00,13.145255266333871,0.0,0.0,0.0,0.0,penalty_5000,5000.0
2019-01-04 12:00:00,17.884859467936252,0.0,0.0,0.0,0.0,penalty_5000,5000.0
2019-01-04 13:00:00,-173.80207352591074,201.489713,0.0,0.0,130.5,penalty_5000,5000.0
2019-01-04 14:00:00,-176.38895618429135,157.37015,0.0,0.0,130.5,penalty_5000,5000.0
2019-01-04 15:00:00,17.289071453362823,0.0,0.0,0.0,0.0,penalty_5000,5000.0
2019-01-04 16:00:00,11.14723497466884,0.0,0.0,0.0,0.0,penalty_5000,5000.0
2019-01-04 17:00:00,11.816781878040018,0.0,0.0,0.0,0.0,penalty_5000,5000.0
2019-01-04 18:00:00,18.979524568857634,0.0,0.0,0.0,0.0,penalty_5000,5000.0
2019-01-04 19:00:00,19.867272769081517,0.0,0.0,0.0,0.0,penalty_5000,5000.0
2019-01-04 20:00:00,19.727271622819057,0.0,0.0,0.0,0.0,penalty_5000,5000.0
2019-01-04 21:00:00,19.06317209798896,0.0,0.0,0.0,0.0,penalty_5000,5000.0
2019-01-04 22:00:00,16.6144319882403,0.0,0.0,0.0,0.0,penalty_5000,5000.0
2019-01-04 23:00:00,11.85569566035432,0.0,0.0,0.0,0.0,penalty_5000,5000.0
2019-01-05 00:00:00,11.22932917809175,0.0,0.0,0.0,0.0,penalty_5000,5000.0
2019-01-05 01:00:00,11.658196273015921,0.0,0.0,0.0,0.0,penalty_5000,5000.0
2019-01-05 02:00:00,11.748133179072182,0.0,0.0,0.0,0.0,penalty_5000,5000.0
2019-01-05 03:00:00,11.349512872657519,0.0,0.0,0.0,0.0,penalty_5000,5000.0
2019-01-05 04:00:00,13.68999589844158,0.0,0.0,0.0,0.0,penalty_5000,5000.0
2019-01-05 05:00:00,16.513094303871828,0.0,0.0,0.0,0.0,penalty_5000,5000.0
2019-01-05 06:00:00,19.248944616074603,0.0,0.0,0.0,0.0,penalty_5000,5000.0
2019-01-05 07:00:00,19.88639866434357,0.0,0.0,0.0,0.0,penalty_5000,5000.0
2019-01-05 08:00:00,19.487254499548694,0.0,0.0,0.0,0.0,penalty_5000,5000.0
2019-01-05 09:00:00,17.181245163440533,0.0,0.0,0.0,0.0,penalty_5000,5000.0
2019-01-05 10:00:00,15.529882345237532,0.0,0.0,0.0,0.0,penalty_5000,5000.0
2019-01-05 11:00:00,13.416523766493558,0.0,0.0,0.0,0.0,penalty_5000,5000.0
2019-01-05 12:00:00,12.788355071777215,0.0,0.0,0.0,0.0,penalty_5000,5000.0
2019-01-05 13:00:00,11.707116341574679,0.0,0.0,0.0,0.0,penalty_5000,5000.0
2019-01-05 14:00:00,11.744063833698872,0.0,0.0,0.0,0.0,penalty_5000,5000.0
2019-01-05 15:00:00,16.952235153473868,0.0,0.0,0.0,0.0,penalty_5000,5000.0
2019-01-05 16:00:00,11.713586004499321,0.0,0.0,0.0,0.0,penalty_5000,5000.0
2019-01-05 17:00:00,12.224210798832981,0.0,0.0,0.0,0.0,penalty_5000,5000.0
2019-01-05 18:00:00,13.958740815647053,0.0,0.0,0.0,0.0,penalty_5000,5000.0
2019-01-05 19:00:00,15.367296198047214,0.0,0.0,0.0,0.0,penalty_5000,5000.0
2019-01-05 20:00:00,13.256096187226794,0.0,0.0,0.0,0.0,penalty_5000,5000.0
2019-01-05 21:00:00,11.725024257341714,0.0,0.0,0.0,0.0,penalty_5000,5000.0
2019-01-05 22:00:00,11.141436570215872,0.0,0.0,0.0,0.0,penalty_5000,5000.0
2019-01-05 23:00:00,10.904654789741626,0.0,0.0,0.0,0.0,penalty_5000,5000.0
2019-01-06 00:00:00,10.532726387046141,0.0,0.0,0.0,0.0,penalty_5000,5000.0
2019-01-06 01:00:00,10.742601749468356,0.0,0.0,0.0,0.0,penalty_5000,5000.0
2019-01-06 02:00:00,9.819945747267065,0.0,0.0,0.0,0.0,penalty_5000,5000.0
2019-01-06 03:00:00,9.870675620709195,0.0,0.0,0.0,0.0,penalty_5000,5000.0
2019-01-06 04:00:00,8.87169349465094,0.0,0.0,0.0,0.0,penalty_5000,5000.0
2019-01-06 05:00:00,9.16980998203102,0.0,0.0,0.0,0.0,penalty_5000,5000.0
2019-01-06 06:00:00,9.004189805787677,0.0,0.0,0.0,0.0,penalty_5000,5000.0
2019-01-06 07:00:00,10.460048609924504,0.0,0.0,0.0,0.0,penalty_5000,5000.0
2019-01-06 08:00:00,-69.18894084781179,94.164772,0.0,0.0,42.0,penalty_5000,5000.0
2019-01-06 09:00:00,-68.7253871755098,825.687633,0.0,0.0,42.0,penalty_5000,5000.0
2019-01-06 10:00:00,-69.57987911230288,357.846366,0.0,0.0,42.0,penalty_5000,5000.0
2019-01-06 11:00:00,-75.49193392804759,1254.878488,0.0,0.0,100.0,penalty_5000,5000.0
2019-01-06 12:00:00,-79.31573663870479,1515.12076,0.0,0.0,387.3,penalty_5000,5000.0
2019-01-06 13:00:00,-81.1682323464696,551.798347,0.0,0.0,387.3,penalty_5000,5000.0
2019-01-06 14:00:00,-82.27375474887128,1170.367768,0.0,0.0,417.8,penalty_5000,5000.0
2019-01-06 15:00:00,-80.31584152538626,1255.05034,0.0,0.0,387.3,penalty_5000,5000.0
2019-01-06 16:00:00,-80.54443789157258,787.741253,0.0,0.0,387.3,penalty_5000,5000.0
2019-01-06 17:00:00,-75.57795062848432,1314.519745,0.0,0.0,100.0,penalty_5000,5000.0
2019-01-06 18:00:00,-71.72048299942797,1030.023374,0.0,0.0,42.0,penalty_5000,5000.0
2019-01-06 19:00:00,-71.55964095417083,361.698744,0.0,0.0,42.0,penalty_5000,5000.0
2019-01-06 20:00:00,-74.1865937816586,974.714875,0.0,0.0,42.0,penalty_5000,5000.0
2019-01-06 21:00:00,-81.1344278066909,1636.247424,0.0,0.0,42.0,penalty_5000,5000.0
2019-01-06 22:00:00,-98.06489394919181,1710.57823,0.0,0.0,42.0,penalty_5000,5000.0
2019-01-06 23:00:00,-101.99904605039416,1734.294345,0.0,0.0,42.0,penalty_5000,5000.0
2019-01-07 00:00:00,-108.37537161991297,1740.53777,0.0,0.0,42.0,penalty_5000,5000.0
2019-01-07 01:00:00,-110.66736912382083,1657.354288,0.0,0.0,42.0,penalty_5000,5000.0
2019-01-07 02:00:00,-111.3779425843047,1698.6199,0.0,0.0,42.0,penalty_5000,5000.0
2019-01-07 03:00:00,-111.04732264508604,1666.294306,0.0,0.0,42.0,penalty_5000,5000.0
2019-01-07 04:00:00,-109.1837352490693,1582.622681,0.0,0.0,42.0,penalty_5000,5000.0
2019-01-07 05:00:00,-100.35697853687441,1654.806147,0.0,0.0,42.0,penalty_5000,5000.0
2019-01-07 06:00:00,-84.68736783694352,1596.789914,0.0,0.0,42.0,penalty_5000,5000.0
2019-01-07 07:00:00,-82.3978797937473,1111.510554,0.0,0.0,42.0,penalty_5000,5000.0
2019-01-07 08:00:00,-75.90502310053839,738.25652,0.0,0.0,42.0,penalty_5000,5000.0
2019-01-07 09:00:00,-66.22738325219444,378.17154,0.0,0.0,42.0,penalty_5000,5000.0
2019-01-07 10:00:00,12.055016627343168,0.0,0.0,0.0,0.0,penalty_5000,5000.0
2019-01-07 11:00:00,-66.1693920407593,170.537523,0.0,0.0,262.3,penalty_5000,5000.0
2019-01-07 12:00:00,-272.6737143671609,677.252525,0.0,0.0,130.5,penalty_5000,5000.0
2019-01-07 13:00:00,-278.0001042273795,522.124617,0.0,0.0,255.5,penalty_5000,5000.0
2019-01-07 14:00:00,-264.8720914055759,1141.429375,0.0,0.0,225.0,penalty_5000,5000.0
2019-01-07 15:00:00,-274.17480980591944,1200.959526,0.0,0.0,130.5,penalty_5000,5000.0
2019-01-07 16:00:00,-70.00144828554166,482.587566,0.0,0.0,42.0,penalty_5000,5000.0
2019-01-07 17:00:00,-68.18860146172908,307.241836,0.0,0.0,42.0,penalty_5000,5000.0
2019-01-07 18:00:00,11.534650551036336,0.0,0.0,0.0,0.0,penalty_5000,5000.0
2019-01-07 19:00:00,12.77336697338134,0.0,0.0,0.0,0.0,penalty_5000,5000.0
2019-01-07 20:00:00,10.990760498519535,0.0,0.0,0.0,0.0,penalty_5000,5000.0
2019-01-07 21:00:00,10.237092736262758,0.0,0.0,0.0,0.0,penalty_5000,5000.0
2019-01-07 22:00:00,10.091247942757072,0.0,0.0,0.0,0.0,penalty_5000,5000.0
2019-01-07 23:00:00,10.159750545005819,0.0,0.0,0.0,0.0,penalty_5000,5000.0
2019-01-08 00:00:00,10.758313832513428,0.0,0.0,0.0,0.0,penalty_5000,5000.0
2019-01-08 01:00:00,10.181605161167784,0.0,0.0,0.0,0.0,penalty_5000,5000.0
2019-01-08 02:00:00,9.84868636836523,0.0,0.0,0.0,0.0,penalty_5000,5000.0
2019-01-08 03:00:00,10.316634715422282,0.0,0.0,0.0,0.0,penalty_5000,5000.0
2019-01-08 04:00:00,11.915592155980463,0.0,0.0,0.0,0.0,penalty_5000,5000.0
2019-01-08 05:00:00,9.354914578027431,0.0,0.0,0.0,0.0,penalty_5000,5000.0
2019-01-08 06:00:00,12.522576091351402,0.0,0.0,0.0,0.0,penalty_5000,5000.0
2019-01-08 07:00:00,14.085969188164437,0.0,0.0,0.0,0.0,penalty_5000,5000.0
2019-01-08 08:00:00,12.619065361291394,0.0,0.0,0.0,0.0,penalty_5000,5000.0
2019-01-08 09:00:00,11.563024842054723,0.0,0.0,0.0,0.0,penalty_5000,5000.0
2019-01-08 10:00:00,10.73470418128067,0.0,0.0,0.0,0.0,penalty_5000,5000.0
2019-01-08 11:00:00,11.213398325830463,0.0,0.0,0.0,0.0,penalty_5000,5000.0
2019-01-08 12:00:00,10.592503357097584,0.0,0.0,0.0,0.0,penalty_5000,5000.0
2019-01-08 13:00:00,-69.93188347617534,166.428041,0.0,0.0,42.0,penalty_5000,5000.0
2019-01-08 14:00:00,-68.89620927085015,925.933646,0.0,0.0,42.0,penalty_5000,5000.0
2019-01-08 15:00:00,-70.00234763787296,1207.776258,0.0,0.0,42.0,penalty_5000,5000.0
2019-01-08 16:00:00,-71.50534375637687,865.791098,0.0,0.0,42.0,penalty_5000,5000.0
2019-01-08 17:00:00,-71.00206500693304,1135.164612,0.0,0.0,42.0,penalty_5000,5000.0
2019-01-08 18:00:00,-70.14508149105895,471.809168,0.0,0.0,42.0,penalty_5000,5000.0
2019-01-08 19:00:00,12.499184680039995,0.0,0.0,0.0,0.0,penalty_5000,5000.0
2019-01-08 20:00:00,12.595659189573782,0.0,0.0,0.0,0.0,penalty_5000,5000.0
2019-01-08 21:00:00,11.004724612270971,0.0,0.0,0.0,0.0,penalty_5000,5000.0
2019-01-08 22:00:00,10.645154206583515,0.0,0.0,0.0,0.0,penalty_5000,5000.0
2019-01-08 23:00:00,10.127160993588188,0.0,0.0,0.0,0.0,penalty_5000,5000.0
2019-01-09 00:00:00,13.998775340219787,0.0,0.0,0.0,0.0,penalty_5000,5000.0
2019-01-09 01:00:00,10.096903598448042,0.0,0.0,0.0,0.0,penalty_5000,5000.0
2019-01-09 02:00:00,10.176776607061587,0.0,0.0,0.0,0.0,penalty_5000,5000.0
2019-01-09 03:00:00,9.93583406189674,0.0,0.0,0.0,0.0,penalty_5000,5000.0
2019-01-09 04:00:00,9.572251287350309,0.0,0.0,0.0,0.0,penalty_5000,5000.0
2019-01-09 05:00:00,14.087802266642568,0.0,0.0,0.0,0.0,penalty_5000,5000.0
2019-01-09 06:00:00,15.518956483365757,0.0,0.0,0.0,0.0,penalty_5000,5000.0
2019-01-09 07:00:00,16.254511241277157,0.0,0.0,0.0,0.0,penalty_5000,5000.0
2019-01-09 08:00:00,16.559724751325046,0.0,0.0,0.0,0.0,penalty_5000,5000.0
2019-01-09 09:00:00,18.335416948084436,0.0,0.0,0.0,0.0,penalty_5000,5000.0
2019-01-09 10:00:00,17.502378236571865,0.0,0.0,0.0,0.0,penalty_5000,5000.0
2019-01-09 11:00:00,16.442541388602802,0.0,0.0,0.0,0.0,penalty_5000,5000.0
2019-01-09 12:00:00,11.449639596084696,0.0,0.0,0.0,0.0,penalty_5000,5000.0
2019-01-09 13:00:00,11.481532639023062,0.0,0.0,0.0,0.0,penalty_5000,5000.0
2019-01-09 14:00:00,11.25334815263744,0.0,0.0,0.0,0.0,penalty_5000,5000.0
2019-01-09 15:00:00,11.066739371794359,0.0,0.0,0.0,0.0,penalty_5000,5000.0
2019-01-09 16:00:00,11.396427148805987,0.0,0.0,0.0,0.0,penalty_5000,5000.0
2019-01-09 17:00:00,12.279842742588778,0.0,0.0,0.0,0.0,penalty_5000,5000.0
2019-01-09 18:00:00,16.99448567974126,0.0,0.0,0.0,0.0,penalty_5000,5000.0
2019-01-09 19:00:00,23.82797690547578,0.0,0.0,0.0,0.0,penalty_5000,5000.0
2019-01-09 20:00:00,22.767040003952186,0.0,0.0,0.0,0.0,penalty_5000,5000.0
2019-01-09 21:00:00,21.766884428721625,0.0,0.0,0.0,0.0,penalty_5000,5000.0
2019-01-09 22:00:00,16.459881554437793,0.0,0.0,0.0,0.0,penalty_5000,5000.0
2019-01-09 23:00:00,16.24900410237999,0.0,0.0,0.0,0.0,penalty_5000,5000.0
2019-01-10 00:00:00,14.039956879348585,0.0,0.0,0.0,0.0,penalty_5000,5000.0
2019-01-10 01:00:00,13.172914990278647,0.0,0.0,0.0,0.0,penalty_5000,5000.0
2019-01-10 02:00:00,13.200371693523099,0.0,0.0,0.0,0.0,penalty_5000,5000.0
2019-01-10 03:00:00,14.525139327780698,0.0,0.0,0.0,0.0,penalty_5000,5000.0
2019-01-10 04:00:00,13.21561952083331,0.0,0.0,0.0,0.0,penalty_5000,5000.0
2019-01-10 05:00:00,15.243144178678145,0.0,0.0,0.0,0.0,penalty_5000,5000.0
2019-01-10 06:00:00,18.026150622883097,0.0,0.0,0.0,0.0,penalty_5000,5000.0
2019-01-10 07:00:00,17.859933847647667,0.0,0.0,0.0,0.0,penalty_5000,5000.0
2019-01-10 08:00:00,16.297685556415715,0.0,0.0,0.0,0.0,penalty_5000,5000.0
2019-01-10 09:00:00,14.020842397212986,0.0,0.0,0.0,0.0,penalty_5000,5000.0
2019-01-10 10:00:00,11.856057328984356,0.0,0.0,0.0,0.0,penalty_5000,5000.0
2019-01-10 11:00:00,-63.28278111128107,575.431778,0.0,0.0,42.0,penalty_5000,5000.0
2019-01-10 12:00:00,-64.51876873947153,1478.688809,0.0,0.0,100.0,penalty_5000,5000.0
2019-01-10 13:00:00,-75.26430438462666,494.723429,0.0,0.0,387.3,penalty_5000,5000.0
2019-01-10 14:00:00,-74.6065505281392,1091.53861,0.0,0.0,387.3,penalty_5000,5000.0
2019-01-10 15:00:00,-73.11425988963028,1147.908761,0.0,0.0,105.095803,penalty_5000,5000.0
2019-01-10 16:00:00,-72.68007721961234,675.663932,0.0,0.0,387.3,penalty_5000,5000.0
2019-01-10 17:00:00,-61.25329414293035,1159.074995,0.0,0.0,100.0,penalty_5000,5000.0
2019-01-10 18:00:00,-59.76940029261414,838.149632,0.0,0.0,42.0,penalty_5000,5000.0
2019-01-10 19:00:00,-60.46632334526808,614.471065,0.0,0.0,42.0,penalty_5000,5000.0
2019-01-10 20:00:00,-68.60561660986212,499.665577,0.0,0.0,42.0,penalty_5000,5000.0
2019-01-10 21:00:00,-77.19611986266867,339.400192,0.0,0.0,42.0,penalty_5000,5000.0
2019-01-10 22:00:00,8.719272837536002,0.0,0.0,0.0,0.0,penalty_5000,5000.0
2019-01-10 23:00:00,9.969450290138882,0.0,0.0,0.0,0.0,penalty_5000,5000.0
2019-01-11 00:00:00,10.138068148751064,0.0,0.0,0.0,0.0,penalty_5000,5000.0
2019-01-11 01:00:00,10.131645488080274,0.0,0.0,0.0,0.0,penalty_5000,5000.0
2019-01-11 02:00:00,10.311976739109346,0.0,0.0,0.0,0.0,penalty_5000,5000.0
2019-01-11 03:00:00,10.663816968742806,0.0,0.0,0.0,0.0,penalty_5000,5000.0
2019-01-11 04:00:00,10.880419546955261,0.0,0.0,0.0,0.0,penalty_5000,5000.0
2019-01-11 05:00:00,11.204914550986684,0.0,0.0,0.0,0.0,penalty_5000,5000.0
2019-01-11 06:00:00,12.007554976166496,0.0,0.0,0.0,0.0,penalty_5000,5000.0
2019-01-11 07:00:00,11.913613904030292,0.0,0.0,0.0,0.0,penalty_5000,5000.0
2019-01-11 08:00:00,11.5656039053012,0.0,0.0,0.0,0.0,penalty_5000,5000.0
2019-01-11 09:00:00,3.0194807377718296,4.300463,0.0,0.0,0.0,penalty_5000,5000.0
2019-01-11 10:00:00,12.239713845836809,0.0,0.0,0.0,0.0,penalty_5000,5000.0
2019-01-11 11:00:00,-51.36774974546519,135.484978,0.0,0.0,58.0,penalty_5000,5000.0
2019-01-11 12:00:00,-63.64911223811199,390.368489,0.0,0.0,42.0,penalty_5000,5000.0
2019-01-11 13:00:00,9.005019145469788,0.0,0.0,0.0,58.0,penalty_5000,5000.0
2019-01-11 14:00:00,-73.42556736027252,385.56483,0.0,0.0,382.634279,penalty_5000,5000.0
2019-01-11 15:00:00,-73.72936957039148,407.82088,0.0,0.0,100.0,penalty_5000,5000.0
2019-01-11 16:00:00,-73.49411254199197,30.140178,0.0,0.0,387.3,penalty_5000,5000.0
2019-01-11 17:00:00,-63.62930822173183,337.465057,0.0,0.0,100.0,penalty_5000,5000.0
2019-01-11 18:00:00,12.077521194878916,0.0,0.0,0.0,0.0,penalty_5000,5000.0
2019-01-11 19:00:00,12.529783362645938,0.0,0.0,0.0,0.0,penalty_5000,5000.0
2019-01-11 20:00:00,10.700863784604245,0.0,0.0,0.0,0.0,penalty_5000,5000.0
2019-01-11 21:00:00,-75.05512015393403,639.530579,0.0,0.0,42.0,penalty_5000,5000.0
2019-01-11 22:00:00,-79.25527000853154,909.437195,0.0,0.0,42.0,penalty_5000,5000.0
2019-01-11 23:00:00,-82.21055097750786,249.111742,0.0,0.0,42.0,penalty_5000,5000.0
2019-01-12 00:00:00,10.457533999999999,0.0,0.0,0.0,0.0,penalty_5000,5000.0
2019-01-12 01:00:00,9.62518541653972,0.0,0.0,0.0,0.0,penalty_5000,5000.0
2019-01-12 02:00:00,9.720388441772924,0.0,0.0,0.0,0.0,penalty_5000,5000.0
2019-01-12 03:00:00,10.980592000000001,0.0,0.0,0.0,0.0,penalty_5000,5000.0
2019-01-12 04:00:00,-88.32639994239766,246.455795,0.0,0.0,42.0,penalty_5000,5000.0
2019-01-12 05:00:00,-94.49696691901909,1322.850602,0.0,0.0,42.0,penalty_5000,5000.0
2019-01-12 06:00:00,-90.58376905432009,1566.197794,0.0,0.0,42.0,penalty_5000,5000.0
2019-01-12 07:00:00,-86.79193333430977,1427.06025,0.0,0.0,42.0,penalty_5000,5000.0
2019-01-12 08:00:00,-80.19052757568404,1271.342858,0.0,0.0,42.0,penalty_5000,5000.0
2019-01-12 09:00:00,-77.48170801750801,1212.877753,0.0,0.0,42.0,penalty_5000,5000.0
2019-01-12 10:00:00,-76.40535741318814,260.357098,0.0,0.0,42.0,penalty_5000,5000.0
2019-01-12 11:00:00,-70.5797013402934,1156.605471,0.0,0.0,219.381412,penalty_5000,5000.0
2019-01-12 12:00:00,-80.83210914621593,1429.345942,0.0,0.0,387.3,penalty_5000,5000.0
2019-01-12 13:00:00,-354.4978698720603,861.91915,0.0,0.0,417.8,penalty_5000,5000.0
2019-01-12 14:00:00,-347.014217746765,1290.272568,0.0,0.0,417.8,penalty_5000,5000.0
2019-01-12 15:00:00,-74.68673461720303,1171.741114,0.0,0.0,250.227871,penalty_5000,5000.0
2019-01-12 16:00:00,-75.27415845600486,759.6655,0.0,0.0,387.3,penalty_5000,5000.0
2019-01-12 17:00:00,-64.10147289876052,1180.026618,0.0,0.0,42.0,penalty_5000,5000.0
2019-01-12 18:00:00,-62.678190184868846,602.874228,0.0,0.0,42.0,penalty_5000,5000.0
2019-01-12 19:00:00,13.609550011170095,0.0,0.0,0.0,0.0,penalty_5000,5000.0
2019-01-12 20:00:00,13.774551427476425,0.0,0.0,0.0,0.0,penalty_5000,5000.0
2019-01-12 21:00:00,12.503977560570187,0.0,0.0,0.0,0.0,penalty_5000,5000.0
2019-01-12 22:00:00,12.578215143006892,0.0,0.0,0.0,0.0,penalty_5000,5000.0
2019-01-12 23:00:00,12.27993103243222,0.0,0.0,0.0,0.0,penalty_5000,5000.0
2019-01-13 00:00:00,13.409525171264713,0.0,0.0,0.0,0.0,penalty_5000,5000.0
2019-01-13 01:00:00,13.1953240689376,0.0,0.0,0.0,0.0,penalty_5000,5000.0
2019-01-13 02:00:00,13.643880318775283,0.0,0.0,0.0,0.0,penalty_5000,5000.0
2019-01-13 03:00:00,14.328089511042812,0.0,0.0,0.0,0.0,penalty_5000,5000.0
2019-01-13 04:00:00,14.0237779623724,0.0,0.0,0.0,0.0,penalty_5000,5000.0
2019-01-13 05:00:00,16.95640632447778,0.0,0.0,0.0,0.0,penalty_5000,5000.0
2019-01-13 06:00:00,19.17103628174233,0.0,0.0,0.0,0.0,penalty_5000,5000.0
2019-01-13 07:00:00,16.712094568202996,0.0,0.0,0.0,0.0,penalty_5000,5000.0
2019-01-13 08:00:00,21.805220273260602,0.0,0.0,0.0,0.0,penalty_5000,5000.0
2019-01-13 09:00:00,20.138392529079816,0.0,0.0,0.0,0.0,penalty_5000,5000.0
2019-01-13 10:00:00,17.700999489814947,0.0,0.0,0.0,0.0,penalty_5000,5000.0
2019-01-13 11:00:00,16.070564191082585,0.0,0.0,0.0,0.0,penalty_5000,5000.0
2019-01-13 12:00:00,14.60559653098301,0.0,0.0,0.0,0.0,penalty_5000,5000.0
2019-01-13 13:00:00,14.651946195817386,0.0,0.0,0.0,0.0,penalty_5000,5000.0
2019-01-13 14:00:00,13.208110766361221,0.0,0.0,0.0,0.0,penalty_5000,5000.0
2019-01-13 15:00:00,14.635245613787035,0.0,0.0,0.0,0.0,penalty_5000,5000.0
2019-01-13 16:00:00,15.947080683072638,0.0,0.0,0.0,0.0,penalty_5000,5000.0
2019-01-13 17:00:00,17.495573319374543,0.0,0.0,0.0,0.0,penalty_5000,5000.0
2019-01-13 18:00:00,18.44692931549307,0.0,0.0,0.0,0.0,penalty_5000,5000.0
2019-01-13 19:00:00,18.39593197804927,0.0,0.0,0.0,0.0,penalty_5000,5000.0
2019-01-13 20:00:00,19.85456826822549,0.0,0.0,0.0,0.0,penalty_5000,5000.0
2019-01-13 21:00:00,19.852044889434186,0.0,0.0,0.0,0.0,penalty_5000,5000.0
2019-01-13 22:00:00,20.74187670837966,0.0,0.0,0.0,0.0,penalty_5000,5000.0
2019-01-13 23:00:00,17.925584227222007,0.0,0.0,0.0,0.0,penalty_5000,5000.0
2019-01-14 00:00:00,13.778736732017212,0.0,0.0,0.0,0.0,penalty_5000,5000.0
2019-01-14 01:00:00,14.720342450450048,0.0,0.0,0.0,0.0,penalty_5000,5000.0
2019-01-14 02:00:00,14.699147140931293,0.0,0.0,0.0,0.0,penalty_5000,5000.0
2019-01-14 03:00:00,16.214370246165917,0.0,0.0,0.0,0.0,penalty_5000,5000.0
2019-01-14 04:00:00,35.00206913867954,0.0,0.0,0.0,0.0,penalty_5000,5000.0
2019-01-14 05:00:00,17.368288092072664,0.0,0.0,0.0,0.0,penalty_5000,5000.0
2019-01-14 06:00:00,18.970117144667842,0.0,0.0,0.0,0.0,penalty_5000,5000.0
2019-01-14 07:00:00,48.22362285492391,0.0,0.0,0.0,0.0,penalty_5000,5000.0
2019-01-14 08:00:00,19.53211691236547,0.0,0.0,0.0,0.0,penalty_5000,5000.0
2019-01-14 09:00:00,19.79599472151244,0.0,0.0,0.0,0.0,penalty_5000,5000.0
2019-01-14 10:00:00,17.77098756369344,0.0,0.0,0.0,0.0,penalty_5000,5000.0
2019-01-14 11:00:00,18.607296047435412,0.0,0.0,0.0,0.0,penalty_5000,5000.0
2019-01-14 12:00:00,15.16731052421911,0.0,0.0,0.0,0.0,penalty_5000,5000.0
2019-01-14 13:00:00,15.379317128299553,0.0,0.0,0.0,0.0,penalty_5000,5000.0
2019-01-14 14:00:00,13.840660045757842,0.0,0.0,0.0,0.0,penalty_5000,5000.0
2019-01-14 15:00:00,13.908857169313949,0.0,0.0,0.0,0.0,penalty_5000,5000.0
2019-01-14 16:00:00,20.031318902443825,0.0,0.0,0.0,0.0,penalty_5000,5000.0
2019-01-14 17:00:00,20.63265646967979,0.0,0.0,0.0,0.0,penalty_5000,5000.0
2019-01-14 18:00:00,21.850478417174244,0.0,0.0,0.0,0.0,penalty_5000,5000.0
2019-01-14 19:00:00,30.122345983513895,0.0,0.0,0.0,0.0,penalty_5000,5000.0
2019-01-14 20:00:00,21.258759288071868,0.0,0.0,0.0,0.0,penalty_5000,5000.0
2019-01-14 21:00:00,18.662499327611613,0.0,0.0,0.0,0.0,penalty_5000,5000.0
2019-01-14 22:00:00,19.070380359187148,0.0,0.0,0.0,0.0,penalty_5000,5000.0
2019-01-14 23:00:00,17.80386685298838,0.0,0.0,0.0,0.0,penalty_5000,5000.0
2019-01-15 00:00:00,15.831368876432926,0.0,0.0,0.0,0.0,penalty_5000,5000.0
2019-01-15 01:00:00,15.45057706501432,0.0,0.0,0.0,0.0,penalty_5000,5000.0
2019-01-15 02:00:00,15.628442919585584,0.0,0.0,0.0,0.0,penalty_5000,5000.0
2019-01-15 03:00:00,13.120291728059184,0.0,0.0,0.0,0.0,penalty_5000,5000.0
2019-01-15 04:00:00,12.717966893354925,0.0,0.0,0.0,0.0,penalty_5000,5000.0
2019-01-15 05:00:00,12.52141434824764,0.0,0.0,0.0,0.0,penalty_5000,5000.0
2019-01-15 06:00:00,14.455557970971691,0.0,0.0,0.0,0.0,penalty_5000,5000.0
2019-01-15 07:00:00,14.732686993808176,0.0,0.0,0.0,0.0,penalty_5000,5000.0
2019-01-15 08:00:00,13.690914269288507,0.0,0.0,0.0,0.0,penalty_5000,5000.0
2019-01-15 09:00:00,13.806436336136095,0.0,0.0,0.0,0.0,penalty_5000,5000.0
2019-01-15 10:00:00,12.674061647939682,0.0,0.0,0.0,0.0,penalty_5000,5000.0
2019-01-15 11:00:00,13.068684455109285,0.0,0.0,0.0,0.0,penalty_5000,5000.0
2019-01-15 12:00:00,-53.43579428607929,167.515904,0.0,0.0,42.0,penalty_5000,5000.0
2019-01-15 13:00:00,10.161757984821888,0.0,0.0,0.0,17.886431,penalty_5000,5000.0
2019-01-15 14:00:00,-59.945945341204826,138.272027,0.0,0.0,42.0,penalty_5000,5000.0
2019-01-15 15:00:00,10.430892431716968,0.0,0.0,0.0,0.0,penalty_5000,5000.0
2019-01-15 16:00:00,10.477751602415289,0.0,0.0,0.0,0.0,penalty_5000,5000.0
2019-01-15 17:00:00,10.638524955626199,0.0,0.0,0.0,0.0,penalty_5000,5000.0
2019-01-15 18:00:00,12.027862395545887,0.0,0.0,0.0,0.0,penalty_5000,5000.0
2019-01-15 19:00:00,13.542956597536087,0.0,0.0,0.0,0.0,penalty_5000,5000.0
2019-01-15 20:00:00,12.277754552870169,0.0,0.0,0.0,0.0,penalty_5000,5000.0
2019-01-15 21:00:00,10.466177043657822,0.0,0.0,0.0,0.0,penalty_5000,5000.0
2019-01-15 22:00:00,10.98248273036583,0.0,0.0,0.0,0.0,penalty_5000,5000.0
2019-01-15 23:00:00,10.56361221591847,0.0,0.0,0.0,0.0,penalty_5000,5000.0
2019-01-16 00:00:00,10.907968285686648,0.0,0.0,0.0,0.0,penalty_5000,5000.0
2019-01-16 01:00:00,10.60238349781329,0.0,0.0,0.0,0.0,penalty_5000,5000.0
2019-01-16 02:00:00,10.636316729884813,0.0,0.0,0.0,0.0,penalty_5000,5000.0
2019-01-16 03:00:00,10.623271204810964,0.0,0.0,0.0,0.0,penalty_5000,5000.0
2019-01-16 04:00:00,10.709188643825481,0.0,0.0,0.0,0.0,penalty_5000,5000.0
2019-01-16 05:00:00,12.128594117194236,0.0,0.0,0.0,0.0,penalty_5000,5000.0
2019-01-16 06:00:00,11.577494391210825,0.0,0.0,0.0,0.0,penalty_5000,5000.0
2019-01-16 07:00:00,12.4041076987873,0.0,0.0,0.0,0.0,penalty_5000,5000.0
2019-01-16 08:00:00,11.497516106712856,0.0,0.0,0.0,0.0,penalty_5000,5000.0
2019-01-16 09:00:00,13.448982138378168,0.0,0.0,0.0,0.0,penalty_5000,5000.0
2019-01-16 10:00:00,11.638959675166912,0.0,0.0,0.0,0.0,penalty_5000,5000.0
2019-01-16 11:00:00,-56.38686621868991,368.246341,0.0,0.0,42.0,penalty_5000,5000.0
2019-01-16 12:00:00,-70.75606716002942,1078.255433,0.0,0.0,100.0,penalty_5000,5000.0
2019-01-16 13:00:00,-73.18256312694508,168.641673,0.0,0.0,387.3,penalty_5000,5000.0
2019-01-16 14:00:00,-267.1151469654016,1005.432278,0.0,0.0,255.5,penalty_5000,5000.0
2019-01-16 15:00:00,-267.45621026944,1284.72242,0.0,0.0,130.5,penalty_5000,5000.0
2019-01-16 16:00:00,-71.11651507106032,859.208655,0.0,0.0,121.120256,penalty_5000,5000.0
2019-01-16 17:00:00,-67.61310224821094,1175.30346,0.0,0.0,100.0,penalty_5000,5000.0
2019-01-16 18:00:00,10.367136465258072,0.0,0.0,0.0,0.0,penalty_5000,5000.0
2019-01-16 19:00:00,13.845050634501712,0.0,0.0,0.0,0.0,penalty_5000,5000.0
2019-01-16 20:00:00,12.688907035240232,0.0,0.0,0.0,0.0,penalty_5000,5000.0
2019-01-16 21:00:00,10.82641123868787,0.0,0.0,0.0,0.0,penalty_5000,5000.0
2019-01-16 22:00:00,10.389194082461145,0.0,0.0,0.0,0.0,penalty_5000,5000.0
2019-01-16 23:00:00,9.792578044077457,0.0,0.0,0.0,0.0,penalty_5000,5000.0
2019-01-17 00:00:00,10.27971368121701,0.0,0.0,0.0,0.0,penalty_5000,5000.0
2019-01-17 01:00:00,10.427994238789125,0.0,0.0,0.0,0.0,penalty_5000,5000.0
2019-01-17 02:00:00,10.587423513589352,0.0,0.0,0.0,0.0,penalty_5000,5000.0
2019-01-17 03:00:00,10.643175402583793,0.0,0.0,0.0,0.0,penalty_5000,5000.0
2019-01-17 04:00:00,10.620299336012106,0.0,0.0,0.0,0.0,penalty_5000,5000.0
2019-01-17 05:00:00,13.847581448286507,0.0,0.0,0.0,0.0,penalty_5000,5000.0
2019-01-17 06:00:00,12.776991542538424,0.0,0.0,0.0,0.0,penalty_5000,5000.0
2019-01-17 07:00:00,13.413674223335924,0.0,0.0,0.0,0.0,penalty_5000,5000.0
2019-01-17 08:00:00,14.630534219762845,0.0,0.0,0.0,0.0,penalty_5000,5000.0
2019-01-17 09:00:00,14.51959068402237,0.0,0.0,0.0,0.0,penalty_5000,5000.0
2019-01-17 10:00:00,14.771192805933998,0.0,0.0,0.0,0.0,penalty_5000,5000.0
2019-01-17 11:00:00,15.454279616966698,0.0,0.0,0.0,0.0,penalty_5000,5000.0
2019-01-17 12:00:00,13.123306424327128,0.0,0.0,0.0,0.0,penalty_5000,5000.0
2019-01-17 13:00:00,11.620626418209698,0.0,0.0,0.0,0.0,penalty_5000,5000.0
2019-01-17 14:00:00,11.329231136860555,0.0,0.0,0.0,0.0,penalty_5000,5000.0
2019-01-17 15:00:00,11.502960404527096,0.0,0.0,0.0,0.0,penalty_5000,5000.0
2019-01-17 16:00:00,12.955439429100581,0.0,0.0,0.0,0.0,penalty_5000,5000.0
2019-01-17 17:00:00,14.409449521530872,0.0,0.0,0.0,0.0,penalty_5000,5000.0
2019-01-17 18:00:00,37.188542093326824,0.0,0.0,0.0,0.0,penalty_5000,5000.0
2019-01-17 19:00:00,44.652261562511804,0.0,0.0,0.0,0.0,penalty_5000,5000.0
2019-01-17 20:00:00,57.49097231183627,0.0,0.0,0.0,0.0,penalty_5000,5000.0
2019-01-17 21:00:00,16.335919922452504,0.0,0.0,0.0,0.0,penalty_5000,5000.0
2019-01-17 22:00:00,11.886383734073181,0.0,0.0,0.0,0.0,penalty_5000,5000.0
2019-01-17 23:00:00,12.372340405317095,0.0,0.0,0.0,0.0,penalty_5000,5000.0
2019-01-18 00:00:00,11.2832662733926,0.0,0.0,0.0,0.0,penalty_5000,5000.0
2019-01-18 01:00:00,11.025311503361287,0.0,0.0,0.0,0.0,penalty_5000,5000.0
2019-01-18 02:00:00,11.035167687109166,0.0,0.0,0.0,0.0,penalty_5000,5000.0
2019-01-18 03:00:00,10.515412529912982,0.0,0.0,0.0,0.0,penalty_5000,5000.0
2019-01-18 04:00:00,5.871473382268397,0.0,0.0,0.0,0.0,penalty_5000,5000.0
2019-01-18 05:00:00,-70.34476015724947,296.965508,0.0,0.0,42.0,penalty_5000,5000.0
2019-01-18 06:00:00,-48.51625633687458,745.143807,0.0,0.0,7.530726,penalty_5000,5000.0
2019-01-18 07:00:00,10.65541849631254,1145.548791,0.0,0.0,0.0,penalty_5000,5000.0
2019-01-18 08:00:00,0.9134005301070315,1369.163156,0.0,0.0,0.0,penalty_5000,5000.0
2019-01-18 09:00:00,-50.842629614925414,1334.562858,0.0,0.0,42.0,penalty_5000,5000.0
2019-01-18 10:00:00,-51.90925949925958,429.400091,0.0,0.0,42.0,penalty_5000,5000.0
2019-01-18 11:00:00,-52.91370648767735,1330.857053,0.0,0.0,100.0,penalty_5000,5000.0
2019-01-18 12:00:00,-275.9901422586799,1670.15053,0.0,0.0,255.5,penalty_5000,5000.0
2019-01-18 13:00:00,-258.2807487748126,1284.387494,0.0,0.0,417.8,penalty_5000,5000.0
2019-01-18 14:00:00,-367.1373666422324,1932.691832,0.0,0.0,286.643169,penalty_5000,5000.0
2019-01-18 15:00:00,-285.51887968502854,1832.087511,0.0,0.0,347.734429,penalty_5000,5000.0
2019-01-18 16:00:00,-285.4765165449548,981.170562,0.0,0.0,389.202687,penalty_5000,5000.0
2019-01-18 17:00:00,-78.99613081910266,987.820084,0.0,0.0,100.0,penalty_5000,5000.0
2019-01-18 18:00:00,-70.39272730365552,616.004792,0.0,0.0,100.0,penalty_5000,5000.0
2019-01-18 19:00:00,-69.4827517921185,473.954636,0.0,0.0,42.0,penalty_5000,5000.0
2019-01-18 20:00:00,-73.04123471019481,1180.842413,0.0,0.0,42.0,penalty_5000,5000.0
2019-01-18 21:00:00,-80.4214478774052,1605.424023,0.0,0.0,42.0,penalty_5000,5000.0
2019-01-18 22:00:00,-84.5383944550772,758.689137,0.0,0.0,42.0,penalty_5000,5000.0
2019-01-18 23:00:00,-100.21253299624341,846.548156,0.0,0.0,42.0,penalty_5000,5000.0
2019-01-19 00:00:00,-105.57329902497142,884.608286,0.0,0.0,42.0,penalty_5000,5000.0
2019-01-19 01:00:00,7.970291870991061,0.0,0.0,0.0,0.0,penalty_5000,5000.0
2019-01-19 02:00:00,7.81426648834201,0.0,0.0,0.0,0.0,penalty_5000,5000.0
2019-01-19 03:00:00,7.7477473408481075,0.0,0.0,0.0,0.0,penalty_5000,5000.0
2019-01-19 04:00:00,11.262583615635599,0.0,0.0,0.0,0.0,penalty_5000,5000.0
2019-01-19 05:00:00,-77.38138146356629,246.742276,0.0,0.0,42.0,penalty_5000,5000.0
2019-01-19 06:00:00,-80.46607929195802,963.079693,0.0,0.0,42.0,penalty_5000,5000.0
2019-01-19 07:00:00,-65.56343203042624,1412.716346,0.0,0.0,0.0,penalty_5000,5000.0
2019-01-19 08:00:00,15.034403476247954,1256.451172,0.0,0.0,0.0,penalty_5000,5000.0
2019-01-19 09:00:00,23.15446061326622,1233.453428,0.0,0.0,0.0,penalty_5000,5000.0
2019-01-19 10:00:00,26.223148274537092,327.103657,0.0,0.0,0.0,penalty_5000,5000.0
2019-01-19 11:00:00,25.15807032263424,1258.446291,0.0,0.0,58.0,penalty_5000,5000.0
2019-01-19 12:00:00,-235.17595397785266,1474.662166,0.0,0.0,93.196694,penalty_5000,5000.0
2019-01-19 13:00:00,-242.92401533943053,1127.358604,0.0,0.0,255.5,penalty_5000,5000.0
2019-01-19 14:00:00,-249.09597873073608,1798.483787,0.0,0.0,255.5,penalty_5000,5000.0
2019-01-19 15:00:00,-248.32754583826588,1690.373763,0.0,0.0,255.5,penalty_5000,5000.0
2019-01-19 16:00:00,-65.03765701963883,668.962363,0.0,0.0,140.315437,penalty_5000,5000.0
2019-01-19 17:00:00,-62.49475930873073,1041.599165,0.0,0.0,100.0,penalty_5000,5000.0
2019-01-19 18:00:00,-56.232699974601566,399.459388,0.0,0.0,35.153035,penalty_5000,5000.0
2019-01-19 19:00:00,14.062190450668542,0.0,0.0,0.0,0.0,penalty_5000,5000.0
2019-01-19 20:00:00,15.306347553891964,0.0,0.0,0.0,0.0,penalty_5000,5000.0
2019-01-19 21:00:00,14.734122698854724,0.0,0.0,0.0,0.0,penalty_5000,5000.0
2019-01-19 22:00:00,15.257460237911138,0.0,0.0,0.0,0.0,penalty_5000,5000.0
2019-01-19 23:00:00,15.661472795531077,0.0,0.0,0.0,0.0,penalty_5000,5000.0
2019-01-20 00:00:00,14.593786665441074,0.0,0.0,0.0,0.0,penalty_5000,5000.0
2019-01-20 01:00:00,13.76946010770749,0.0,0.0,0.0,0.0,penalty_5000,5000.0
2019-01-20 02:00:00,13.893369719688275,0.0,0.0,0.0,0.0,penalty_5000,5000.0
2019-01-20 03:00:00,14.562055713024913,0.0,0.0,0.0,0.0,penalty_5000,5000.0
2019-01-20 04:00:00,13.73901392058004,0.0,0.0,0.0,0.0,penalty_5000,5000.0
2019-01-20 05:00:00,16.257307292353836,0.0,0.0,0.0,0.0,penalty_5000,5000.0
2019-01-20 06:00:00,17.931483946111353,0.0,0.0,0.0,0.0,penalty_5000,5000.0
2019-01-20 07:00:00,42.54264409930999,0.0,0.0,0.0,0.0,penalty_5000,5000.0
2019-01-20 08:00:00,18.029510500668255,0.0,0.0,0.0,0.0,penalty_5000,5000.0
2019-01-20 09:00:00,14.10991875390688,0.0,0.0,0.0,0.0,penalty_5000,5000.0
2019-01-20 10:00:00,11.060675327646063,0.0,0.0,0.0,0.0,penalty_5000,5000.0
2019-01-20 11:00:00,10.743016489109225,0.0,0.0,0.0,0.0,penalty_5000,5000.0
2019-01-20 12:00:00,-59.831571608257754,100.723713,0.0,0.0,100.0,penalty_5000,5000.0
2019-01-20 13:00:00,-69.89007152355892,310.200149,0.0,0.0,262.3,penalty_5000,5000.0
2019-01-20 14:00:00,-73.26229119485971,940.42786,0.0,0.0,387.3,penalty_5000,5000.0
2019-01-20 15:00:00,-72.7743534798502,1341.619681,0.0,0.0,262.3,penalty_5000,5000.0
2019-01-20 16:00:00,-73.15056289608539,891.526732,0.0,0.0,262.3,penalty_5000,5000.0
2019-01-20 17:00:00,-68.8052928443977,974.057793,0.0,0.0,42.0,penalty_5000,5000.0
2019-01-20 18:00:00,10.370707387210533,0.0,0.0,0.0,0.0,penalty_5000,5000.0
2019-01-20 19:00:00,12.40997767498024,0.0,0.0,0.0,0.0,penalty_5000,5000.0
2019-01-20 20:00:00,11.641192430256153,0.0,0.0,0.0,0.0,penalty_5000,5000.0
2019-01-20 21:00:00,11.08435700907664,0.0,0.0,0.0,0.0,penalty_5000,5000.0
2019-01-20 22:00:00,11.054939725745736,0.0,0.0,0.0,0.0,penalty_5000,5000.0
2019-01-20 23:00:00,10.387583008957865,0.0,0.0,0.0,0.0,penalty_5000,5000.0
2019-01-21 00:00:00,10.573334330997714,0.0,0.0,0.0,0.0,penalty_5000,5000.0
2019-01-21 01:00:00,11.057130002126282,0.0,0.0,0.0,0.0,penalty_5000,5000.0
2019-01-21 02:00:00,10.695940486830615,0.0,0.0,0.0,0.0,penalty_5000,5000.0
2019-01-21 03:00:00,10.855692244121323,0.0,0.0,0.0,0.0,penalty_5000,5000.0
2019-01-21 04:00:00,11.251457553830663,0.0,0.0,0.0,0.0,penalty_5000,5000.0
2019-01-21 05:00:00,-43.43370639038491,231.001885,0.0,0.0,0.0,penalty_5000,5000.0
2019-01-21 06:00:00,-37.32264467235157,583.914779,0.0,0.0,0.0,penalty_5000,5000.0
2019-01-21 07:00:00,15.78919695302179,803.981047,0.0,0.0,0.0,penalty_5000,5000.0
2019-01-21 08:00:00,8.00173244063118,1280.772455,0.0,0.0,0.0,penalty_5000,5000.0
2019-01-21 09:00:00,-51.68110941005027,1286.896276,0.0,0.0,0.0,penalty_5000,5000.0
2019-01-21 10:00:00,-53.10840554749059,429.594824,0.0,0.0,12.081655,penalty_5000,5000.0
2019-01-21 11:00:00,-58.11953448105965,1369.876357,0.0,0.0,288.793545,penalty_5000,5000.0
2019-01-21 12:00:00,-247.54438161268027,1685.967416,0.0,0.0,201.145786,penalty_5000,5000.0
2019-01-21 13:00:00,-319.89187665708346,844.277116,0.0,0.0,285.28659,penalty_5000,5000.0
2019-01-21 14:00:00,-158.04302514569184,1639.187936,0.0,0.0,106.106251,penalty_5000,5000.0
2019-01-21 15:00:00,-290.1976836281329,1676.589557,0.0,0.0,417.8,penalty_5000,5000.0
2019-01-21 16:00:00,-285.75477139728696,1044.477878,0.0,0.0,417.8,penalty_5000,5000.0
2019-01-21 17:00:00,-72.9662201104072,1401.19327,0.0,0.0,42.0,penalty_5000,5000.0
2019-01-21 18:00:00,-67.33839379188738,1114.40291,0.0,0.0,42.0,penalty_5000,5000.0
2019-01-21 19:00:00,-61.23836311946699,869.699839,0.0,0.0,42.0,penalty_5000,5000.0
2019-01-21 20:00:00,-70.30739276019943,1141.427416,0.0,0.0,42.0,penalty_5000,5000.0
2019-01-21 21:00:00,-78.79924900403331,1568.787362,0.0,0.0,42.0,penalty_5000,5000.0
2019-01-21 22:00:00,-83.9345223280867,1590.67591,0.0,0.0,42.0,penalty_5000,5000.0
2019-01-21 23:00:00,-102.86416056434912,1619.733626,0.0,0.0,89.725607,penalty_5000,5000.0
2019-01-22 00:00:00,-110.97560816763068,1641.921411,0.0,0.0,42.0,penalty_5000,5000.0
2019-01-22 01:00:00,-112.53953550308877,1556.453789,0.0,0.0,100.0,penalty_5000,5000.0
2019-01-22 02:00:00,-113.90962221911495,1608.328267,0.0,0.0,42.0,penalty_5000,5000.0
2019-01-22 03:00:00,-114.49497741563978,1572.21188,0.0,0.0,100.0,penalty_5000,5000.0
2019-01-22 04:00:00,-111.38682495761098,1498.967444,0.0,0.0,100.0,penalty_5000,5000.0
2019-01-22 05:00:00,-99.94988630211515,1510.429511,0.0,0.0,42.0,penalty_5000,5000.0
2019-01-22 06:00:00,-79.78976511057562,1238.456582,0.0,0.0,42.0,penalty_5000,5000.0
2019-01-22 07:00:00,-79.24468906426925,947.672833,0.0,0.0,42.0,penalty_5000,5000.0
2019-01-22 08:00:00,-74.42000365161411,609.306249,0.0,0.0,42.0,penalty_5000,5000.0
2019-01-22 09:00:00,-72.79349536406912,775.792164,0.0,0.0,42.0,penalty_5000,5000.0
2019-01-22 10:00:00,-73.29980744055752,280.501337,0.0,0.0,42.0,penalty_5000,5000.0
2019-01-22 11:00:00,-76.13911716223492,155.375242,0.0,0.0,387.3,penalty_5000,5000.0
2019-01-22 12:00:00,-70.32758379300577,152.106054,0.0,0.0,387.3,penalty_5000,5000.0
2019-01-22 13:00:00,-193.2387183324316,682.33538,0.0,0.0,255.5,penalty_5000,5000.0
2019-01-22 14:00:00,-202.68225086109922,666.291289,0.0,0.0,326.551439,penalty_5000,5000.0
2019-01-22 15:00:00,-290.97588584986994,750.017156,0.0,0.0,382.86538,penalty_5000,5000.0
2019-01-22 16:00:00,-199.7364294554829,99.349872,0.0,0.0,255.5,penalty_5000,5000.0
2019-01-22 17:00:00,-77.68026911800064,366.821418,0.0,0.0,100.0,penalty_5000,5000.0
2019-01-22 18:00:00,-75.02834352295409,986.154652,0.0,0.0,42.0,penalty_5000,5000.0
2019-01-22 19:00:00,-68.63233710746161,808.476104,0.0,0.0,42.0,penalty_5000,5000.0
2019-01-22 20:00:00,-69.78163630381277,1068.866944,0.0,0.0,42.0,penalty_5000,5000.0
2019-01-22 21:00:00,-79.13248345998143,1508.38776,0.0,0.0,42.0,penalty_5000,5000.0
2019-01-22 22:00:00,-80.74505491416855,1502.204413,0.0,0.0,42.0,penalty_5000,5000.0
2019-01-22 23:00:00,-83.736626780967,1482.119194,0.0,0.0,42.0,penalty_5000,5000.0
2019-01-23 00:00:00,-62.16658756070291,1476.093928,0.0,0.0,0.0,penalty_5000,5000.0
2019-01-23 01:00:00,-79.19918072046542,1255.674581,0.0,0.0,42.0,penalty_5000,5000.0
2019-01-23 02:00:00,-74.23563199432232,1224.899733,0.0,0.0,0.0,penalty_5000,5000.0
2019-01-23 03:00:00,-60.552956565306836,394.570838,0.0,0.0,0.0,penalty_5000,5000.0
2019-01-23 04:00:00,11.066302896461547,0.0,0.0,0.0,0.0,penalty_5000,5000.0
2019-01-23 05:00:00,12.577775201299271,0.0,0.0,0.0,0.0,penalty_5000,5000.0
2019-01-23 06:00:00,17.880080234756516,0.0,0.0,0.0,0.0,penalty_5000,5000.0
2019-01-23 07:00:00,17.771234577064494,0.0,0.0,0.0,0.0,penalty_5000,5000.0
2019-01-23 08:00:00,17.988269509335584,0.0,0.0,0.0,0.0,penalty_5000,5000.0
2019-01-23 09:00:00,16.65477263062102,0.0,0.0,0.0,0.0,penalty_5000,5000.0
2019-01-23 10:00:00,17.330207962242685,0.0,0.0,0.0,0.0,penalty_5000,5000.0
2019-01-23 11:00:00,13.41451419796873,0.0,0.0,0.0,0.0,penalty_5000,5000.0
2019-01-23 12:00:00,12.360255263853459,0.0,0.0,0.0,0.0,penalty_5000,5000.0
2019-01-23 13:00:00,-158.09266648501827,269.01457,0.0,0.0,88.5,penalty_5000,5000.0
2019-01-23 14:00:00,-161.54556017242496,540.438726,0.0,0.0,88.5,penalty_5000,5000.0
2019-01-23 15:00:00,-165.62413435934883,634.440303,0.0,0.0,130.5,penalty_5000,5000.0
2019-01-23 16:00:00,-165.817455173565,414.200805,0.0,0.0,128.135459,penalty_5000,5000.0
2019-01-23 17:00:00,12.050133961256355,0.0,0.0,0.0,0.0,penalty_5000,5000.0
2019-01-23 18:00:00,12.870586775401081,0.0,0.0,0.0,0.0,penalty_5000,5000.0
2019-01-23 19:00:00,17.47610075640743,0.0,0.0,0.0,0.0,penalty_5000,5000.0
2019-01-23 20:00:00,18.35578877669094,0.0,0.0,0.0,0.0,penalty_5000,5000.0
2019-01-23 21:00:00,16.621165712226485,0.0,0.0,0.0,0.0,penalty_5000,5000.0
2019-01-23 22:00:00,14.073035069870544,0.0,0.0,0.0,0.0,penalty_5000,5000.0
2019-01-23 23:00:00,13.6213619246478,0.0,0.0,0.0,0.0,penalty_5000,5000.0
2019-01-24 00:00:00,13.488900163556684,0.0,0.0,0.0,0.0,penalty_5000,5000.0
2019-01-24 01:00:00,11.624245506308172,0.0,0.0,0.0,0.0,penalty_5000,5000.0
2019-01-24 02:00:00,11.412468328397315,0.0,0.0,0.0,0.0,penalty_5000,5000.0
2019-01-24 03:00:00,12.261388379022705,0.0,0.0,0.0,0.0,penalty_5000,5000.0
2019-01-24 04:00:00,13.297188485923327,0.0,0.0,0.0,0.0,penalty_5000,5000.0
2019-01-24 05:00:00,17.164358280230832,0.0,0.0,0.0,0.0,penalty_5000,5000.0
2019-01-24 06:00:00,23.295215641344118,0.0,0.0,0.0,0.0,penalty_5000,5000.0
2019-01-24 07:00:00,23.764695836346014,0.0,0.0,0.0,0.0,penalty_5000,5000.0
2019-01-24 08:00:00,19.582249176148633,0.0,0.0,0.0,0.0,penalty_5000,5000.0
2019-01-24 09:00:00,15.071880697210707,0.0,0.0,0.0,0.0,penalty_5000,5000.0
2019-01-24 10:00:00,11.361544468479378,0.0,0.0,0.0,0.0,penalty_5000,5000.0
2019-01-24 11:00:00,13.338284887518421,0.0,0.0,0.0,0.0,penalty_5000,5000.0
2019-01-24 12:00:00,-185.83797502836586,71.733073,0.0,0.0,88.5,penalty_5000,5000.0
2019-01-24 13:00:00,-258.2758171589094,1097.86851,0.0,0.0,130.5,penalty_5000,5000.0
2019-01-24 14:00:00,-271.9609228359562,1851.961754,0.0,0.0,130.5,penalty_5000,5000.0
2019-01-24 15:00:00,-284.7340737551156,1850.953048,0.0,0.0,130.5,penalty_5000,5000.0
2019-01-24 16:00:00,-284.3525934608267,1076.383208,0.0,0.0,130.5,penalty_5000,5000.0
2019-01-24 17:00:00,-71.63476148530397,1241.267261,0.0,0.0,42.0,penalty_5000,5000.0
2019-01-24 18:00:00,-61.85797725618894,895.425321,0.0,0.0,42.0,penalty_5000,5000.0
2019-01-24 19:00:00,9.814515862728504,0.0,0.0,0.0,0.0,penalty_5000,5000.0
2019-01-24 20:00:00,10.961887926330828,0.0,0.0,0.0,0.0,penalty_5000,5000.0
2019-01-24 21:00:00,10.69127131097098,0.0,0.0,0.0,0.0,penalty_5000,5000.0
2019-01-24 22:00:00,10.577540124181315,0.0,0.0,0.0,0.0,penalty_5000,5000.0
2019-01-24 23:00:00,9.299456310852321,0.0,0.0,0.0,0.0,penalty_5000,5000.0
2019-01-25 00:00:00,10.864821858393606,0.0,0.0,0.0,0.0,penalty_5000,5000.0
2019-01-25 01:00:00,11.358977575559647,0.0,0.0,0.0,0.0,penalty_5000,5000.0
2019-01-25 02:00:00,11.818524087107882,0.0,0.0,0.0,0.0,penalty_5000,5000.0
2019-01-25 03:00:00,12.853947358485323,0.0,0.0,0.0,0.0,penalty_5000,5000.0
2019-01-25 04:00:00,11.841754784650048,0.0,0.0,0.0,0.0,penalty_5000,5000.0
2019-01-25 05:00:00,13.481908208712419,0.0,0.0,0.0,0.0,penalty_5000,5000.0
2019-01-25 06:00:00,20.94612734086955,0.0,0.0,0.0,0.0,penalty_5000,5000.0
2019-01-25 07:00:00,20.40078796663749,0.0,0.0,0.0,0.0,penalty_5000,5000.0
2019-01-25 08:00:00,21.825612122151117,0.0,0.0,0.0,0.0,penalty_5000,5000.0
2019-01-25 09:00:00,21.043202457502936,0.0,0.0,0.0,0.0,penalty_5000,5000.0
2019-01-25 10:00:00,17.49498855316208,0.0,0.0,0.0,0.0,penalty_5000,5000.0
2019-01-25 11:00:00,16.535694685939895,0.0,0.0,0.0,0.0,penalty_5000,5000.0
2019-01-25 12:00:00,13.053619159905526,0.0,0.0,0.0,0.0,penalty_5000,5000.0
2019-01-25 13:00:00,-5.799208461522937,0.0,0.0,0.0,58.0,penalty_5000,5000.0
2019-01-25 14:00:00,-94.55463503182854,0.0,0.0,0.0,345.3,penalty_5000,5000.0
2019-01-25 15:00:00,11.56457527584811,0.0,0.0,0.0,0.0,penalty_5000,5000.0
2019-01-25 16:00:00,13.382623172157201,0.0,0.0,0.0,0.0,penalty_5000,5000.0
2019-01-25 17:00:00,14.465760536364936,0.0,0.0,0.0,0.0,penalty_5000,5000.0
2019-01-25 18:00:00,21.069404783346084,0.0,0.0,0.0,0.0,penalty_5000,5000.0
2019-01-25 19:00:00,23.936802842481494,0.0,0.0,0.0,0.0,penalty_5000,5000.0
2019-01-25 20:00:00,22.93838354749086,0.0,0.0,0.0,0.0,penalty_5000,5000.0
2019-01-25 21:00:00,22.212335125152173,0.0,0.0,0.0,0.0,penalty_5000,5000.0
2019-01-25 22:00:00,15.295577660086229,0.0,0.0,0.0,0.0,penalty_5000,5000.0
2019-01-25 23:00:00,15.58979841400811,0.0,142.241113,0.0,0.0,penalty_5000,5000.0
2019-01-26 00:00:00,15.36674353385368,0.0,0.0,0.0,0.0,penalty_5000,5000.0
2019-01-26 01:00:00,16.488084905777608,0.0,0.0,0.0,0.0,penalty_5000,5000.0
2019-01-26 02:00:00,16.48645597579638,0.0,0.0,0.0,0.0,penalty_5000,5000.0
2019-01-26 03:00:00,15.60852046617309,0.0,0.0,0.0,0.0,penalty_5000,5000.0
2019-01-26 04:00:00,288.7066039680641,0.0,0.0,0.0,0.0,penalty_5000,5000.0
2019-01-26 05:00:00,16.34386408759749,0.0,0.0,0.0,0.0,penalty_5000,5000.0
2019-01-26 06:00:00,18.003899467031832,0.0,0.0,0.0,0.0,penalty_5000,5000.0
2019-01-26 07:00:00,19.382436539506827,0.0,0.0,0.0,0.0,penalty_5000,5000.0
2019-01-26 08:00:00,20.57947471147251,0.0,0.0,0.0,0.0,penalty_5000,5000.0
2019-01-26 09:00:00,21.15024647392055,0.0,0.0,0.0,0.0,penalty_5000,5000.0
2019-01-26 10:00:00,18.339215784089077,0.0,0.0,0.0,0.0,penalty_5000,5000.0
2019-01-26 11:00:00,22.156599208875445,0.0,0.0,0.0,0.0,penalty_5000,5000.0
2019-01-26 12:00:00,12.84341444827052,0.0,0.0,0.0,0.0,penalty_5000,5000.0
2019-01-26 13:00:00,11.123287193863154,0.0,0.0,0.0,0.0,penalty_5000,5000.0
2019-01-26 14:00:00,11.009261694677457,0.0,0.0,0.0,0.0,penalty_5000,5000.0
2019-01-26 15:00:00,10.639337878349638,0.0,0.0,0.0,0.0,penalty_5000,5000.0
2019-01-26 16:00:00,10.32462318734156,0.0,0.0,0.0,0.0,penalty_5000,5000.0
2019-01-26 17:00:00,11.22739367635355,0.0,0.0,0.0,0.0,penalty_5000,5000.0
2019-01-26 18:00:00,14.155872071202342,0.0,0.0,0.0,0.0,penalty_5000,5000.0
2019-01-26 19:00:00,22.14160256676275,0.0,0.0,0.0,0.0,penalty_5000,5000.0
2019-01-26 20:00:00,22.16935321352902,0.0,0.0,0.0,0.0,penalty_5000,5000.0
2019-01-26 21:00:00,18.564792908091594,0.0,0.0,0.0,0.0,penalty_5000,5000.0
2019-01-26 22:00:00,13.581692198950275,0.0,0.0,0.0,0.0,penalty_5000,5000.0
2019-01-26 23:00:00,14.101758547891476,0.0,0.0,0.0,0.0,penalty_5000,5000.0
2019-01-27 00:00:00,13.619413428015067,0.0,0.0,0.0,0.0,penalty_5000,5000.0
2019-01-27 01:00:00,13.390159384975824,0.0,0.0,0.0,0.0,penalty_5000,5000.0
2019-01-27 02:00:00,13.015592104544895,0.0,0.0,0.0,0.0,penalty_5000,5000.0
2019-01-27 03:00:00,13.33165703935051,0.0,0.0,0.0,0.0,penalty_5000,5000.0
2019-01-27 04:00:00,12.915412572750713,0.0,0.0,0.0,0.0,penalty_5000,5000.0
2019-01-27 05:00:00,12.934984222534737,0.0,0.0,0.0,0.0,penalty_5000,5000.0
2019-01-27 06:00:00,13.13708067777421,0.0,0.0,0.0,0.0,penalty_5000,5000.0
2019-01-27 07:00:00,13.244312924524563,0.0,0.0,0.0,0.0,penalty_5000,5000.0
2019-01-27 08:00:00,14.353790687504098,0.0,0.0,0.0,0.0,penalty_5000,5000.0
2019-01-27 09:00:00,13.311591754372568,0.0,0.0,0.0,0.0,penalty_5000,5000.0
2019-01-27 10:00:00,10.718299177134272,0.0,0.0,0.0,0.0,penalty_5000,5000.0
2019-01-27 11:00:00,9.604475918176146,0.0,0.0,0.0,0.0,penalty_5000,5000.0
2019-01-27 12:00:00,10.05363888953977,0.0,0.0,0.0,0.0,penalty_5000,5000.0
2019-01-27 13:00:00,-16.016761484901064,0.0,0.0,0.0,58.0,penalty_5000,5000.0
2019-01-27 14:00:00,-204.35227411919132,138.906222,0.0,0.0,130.5,penalty_5000,5000.0
2019-01-27 15:00:00,-205.33812223506203,10.679416,0.0,0.0,130.5,penalty_5000,5000.0
2019-01-27 16:00:00,11.427686396840771,0.0,0.0,0.0,0.0,penalty_5000,5000.0
2019-01-27 17:00:00,10.777944247193714,0.0,0.0,0.0,0.0,penalty_5000,5000.0
2019-01-27 18:00:00,12.060663113301644,0.0,0.0,0.0,0.0,penalty_5000,5000.0
2019-01-27 19:00:00,14.638374605425916,0.0,0.0,0.0,0.0,penalty_5000,5000.0
2019-01-27 20:00:00,14.751617485437462,0.0,0.0,0.0,0.0,penalty_5000,5000.0
2019-01-27 21:00:00,13.062884253629312,0.0,0.0,0.0,0.0,penalty_5000,5000.0
2019-01-27 22:00:00,11.210359443074047,0.0,0.0,0.0,0.0,penalty_5000,5000.0
2019-01-27 23:00:00,11.003532633670568,0.0,0.0,0.0,0.0,penalty_5000,5000.0
2019-01-28 00:00:00,10.388165779558635,0.0,0.0,0.0,0.0,penalty_5000,5000.0
2019-01-28 01:00:00,7.5129492038626795,0.0,0.0,0.0,0.0,penalty_5000,5000.0
2019-01-28 02:00:00,10.529132684090932,0.0,0.0,0.0,0.0,penalty_5000,5000.0
2019-01-28 03:00:00,10.056761988177724,0.0,0.0,0.0,0.0,penalty_5000,5000.0
2019-01-28 04:00:00,10.780245973486553,0.0,0.0,0.0,0.0,penalty_5000,5000.0
2019-01-28 05:00:00,11.93207339290131,0.0,0.0,0.0,0.0,penalty_5000,5000.0
2019-01-28 06:00:00,14.270497241556212,0.0,0.0,0.0,0.0,penalty_5000,5000.0
2019-01-28 07:00:00,13.203929103116014,0.0,0.0,0.0,0.0,penalty_5000,5000.0
2019-01-28 08:00:00,14.190802475125293,0.0,0.0,0.0,0.0,penalty_5000,5000.0
2019-01-28 09:00:00,12.163699755741973,0.0,0.0,0.0,0.0,penalty_5000,5000.0
2019-01-28 10:00:00,11.638739679830676,0.0,0.0,0.0,0.0,penalty_5000,5000.0
2019-01-28 11:00:00,-7.7524217472813355,692.345711,0.0,0.0,0.0,penalty_5000,5000.0
2019-01-28 12:00:00,-285.41615397598264,1179.802468,0.0,0.0,255.5,penalty_5000,5000.0
2019-01-28 13:00:00,-213.9533229496925,797.461408,0.0,0.0,417.8,penalty_5000,5000.0
2019-01-28 14:00:00,-217.7493192745094,831.885121,0.0,0.0,348.115326,penalty_5000,5000.0
2019-01-28 15:00:00,-205.10697509939607,606.19574,0.0,0.0,255.5,penalty_5000,5000.0
2019-01-28 16:00:00,-202.4666341908683,231.018114,0.0,0.0,130.5,penalty_5000,5000.0
2019-01-28 17:00:00,-73.7860265337224,1015.957857,0.0,0.0,387.3,penalty_5000,5000.0
2019-01-28 18:00:00,-63.980360915045836,1085.219615,0.0,0.0,100.0,penalty_5000,5000.0
2019-01-28 19:00:00,-60.05016127959975,838.198036,0.0,0.0,42.0,penalty_5000,5000.0
2019-01-28 20:00:00,-62.46416079347123,1043.716483,0.0,0.0,42.0,penalty_5000,5000.0
2019-01-28 21:00:00,-74.94161000800133,1396.613259,0.0,0.0,42.0,penalty_5000,5000.0
2019-01-28 22:00:00,-70.40232494233702,334.451156,0.0,0.0,42.0,penalty_5000,5000.0
2019-01-28 23:00:00,9.58236653186467,0.0,0.0,0.0,0.0,penalty_5000,5000.0
2019-01-29 00:00:00,10.36429528253639,0.0,0.0,0.0,0.0,penalty_5000,5000.0
2019-01-29 01:00:00,10.78323268752969,0.0,0.0,0.0,0.0,penalty_5000,5000.0
2019-01-29 02:00:00,10.879711398660133,0.0,0.0,0.0,0.0,penalty_5000,5000.0
2019-01-29 03:00:00,11.042514237856267,0.0,0.0,0.0,0.0,penalty_5000,5000.0
2019-01-29 04:00:00,13.522376734289507,0.0,0.0,0.0,0.0,penalty_5000,5000.0
2019-01-29 05:00:00,12.974854325430078,0.0,0.0,0.0,0.0,penalty_5000,5000.0
2019-01-29 06:00:00,17.378372161670054,0.0,0.0,0.0,0.0,penalty_5000,5000.0
2019-01-29 07:00:00,18.684731061898802,0.0,0.0,0.0,0.0,penalty_5000,5000.0
2019-01-29 08:00:00,20.56208024139863,0.0,0.0,0.0,0.0,penalty_5000,5000.0
2019-01-29 09:00:00,30.696742706778764,0.0,0.0,0.0,0.0,penalty_5000,5000.0
2019-01-29 10:00:00,13.419791000859552,0.0,0.0,0.0,0.0,penalty_5000,5000.0
2019-01-29 11:00:00,12.954411155423397,0.0,0.0,0.0,0.0,penalty_5000,5000.0
2019-01-29 12:00:00,12.149437846506281,0.0,0.0,0.0,0.0,penalty_5000,5000.0
2019-01-29 13:00:00,10.882208516663262,0.0,0.0,0.0,0.0,penalty_5000,5000.0
2019-01-29 14:00:00,-64.51614959904195,22.657688,0.0,0.0,100.0,penalty_5000,5000.0
2019-01-29 15:00:00,-69.35332039547298,98.766788,0.0,0.0,42.0,penalty_5000,5000.0
2019-01-29 16:00:00,11.114354153779063,0.0,0.0,0.0,0.0,penalty_5000,5000.0
2019-01-29 17:00:00,13.853755873233006,0.0,0.0,0.0,0.0,penalty_5000,5000.0
2019-01-29 18:00:00,13.779925411457738,0.0,0.0,0.0,0.0,penalty_5000,5000.0
2019-01-29 19:00:00,14.413607297428811,0.0,0.0,0.0,0.0,penalty_5000,5000.0
2019-01-29 20:00:00,14.804612152231494,0.0,0.0,0.0,0.0,penalty_5000,5000.0
2019-01-29 21:00:00,13.555522246628417,0.0,0.0,0.0,0.0,penalty_5000,5000.0
2019-01-29 22:00:00,14.148633512372083,0.0,0.0,0.0,0.0,penalty_5000,5000.0
2019-01-29 23:00:00,13.753130999999994,0.0,0.0,0.0,0.0,penalty_5000,5000.0
2019-01-30 00:00:00,12.29127134586684,0.0,0.0,0.0,0.0,penalty_5000,5000.0
2019-01-30 01:00:00,11.831346398178347,0.0,0.0,0.0,0.0,penalty_5000,5000.0
2019-01-30 02:00:00,12.799676143943561,0.0,0.0,0.0,0.0,penalty_5000,5000.0
2019-01-30 03:00:00,13.415494304371322,0.0,0.0,0.0,0.0,penalty_5000,5000.0
2019-01-30 04:00:00,12.709667532145238,0.0,0.0,0.0,0.0,penalty_5000,5000.0
2019-01-30 05:00:00,14.134872875725518,0.0,0.0,0.0,0.0,penalty_5000,5000.0
2019-01-30 06:00:00,18.12065282240774,0.0,0.0,0.0,0.0,penalty_5000,5000.0
2019-01-30 07:00:00,16.00752505674639,0.0,0.0,0.0,0.0,penalty_5000,5000.0
2019-01-30 08:00:00,17.024155847207997,0.0,0.0,0.0,0.0,penalty_5000,5000.0
2019-01-30 09:00:00,15.445870946013546,0.0,0.0,0.0,0.0,penalty_5000,5000.0
2019-01-30 10:00:00,12.566973194082843,0.0,0.0,0.0,0.0,penalty_5000,5000.0
2019-01-30 11:00:00,11.51899547845198,0.0,0.0,0.0,0.0,penalty_5000,5000.0
2019-01-30 12:00:00,10.93795337715284,0.0,0.0,0.0,0.0,penalty_5000,5000.0
2019-01-30 13:00:00,11.20877493679045,0.0,0.0,0.0,0.0,penalty_5000,5000.0
2019-01-30 14:00:00,-59.800939928708225,472.241224,0.0,0.0,315.461717,penalty_5000,5000.0
2019-01-30 15:00:00,-68.01047276799954,1352.824354,0.0,0.0,262.3,penalty_5000,5000.0
2019-01-30 16:00:00,-66.25155970875745,936.777661,0.0,0.0,100.0,penalty_5000,5000.0
2019-01-30 17:00:00,-56.28482689104705,1291.090672,0.0,0.0,42.0,penalty_5000,5000.0
2019-01-30 18:00:00,10.800406345942212,0.0,0.0,0.0,0.0,penalty_5000,5000.0
2019-01-30 19:00:00,13.51474564227277,0.0,0.0,0.0,0.0,penalty_5000,5000.0
2019-01-30 20:00:00,11.583805816784638,0.0,0.0,0.0,0.0,penalty_5000,5000.0
2019-01-30 21:00:00,11.548443923597198,0.0,0.0,0.0,0.0,penalty_5000,5000.0
2019-01-30 22:00:00,11.152680659259522,0.0,0.0,0.0,0.0,penalty_5000,5000.0
2019-01-30 23:00:00,11.285510605952371,0.0,0.0,0.0,0.0,penalty_5000,5000.0
2019-01-31 00:00:00,11.558376978064794,0.0,0.0,0.0,0.0,penalty_5000,5000.0
2019-01-31 01:00:00,12.657125534926807,0.0,0.0,0.0,0.0,penalty_5000,5000.0
2019-01-31 02:00:00,12.91776703488623,0.0,0.0,0.0,0.0,penalty_5000,5000.0
2019-01-31 03:00:00,13.04123089757044,0.0,0.0,0.0,0.0,penalty_5000,5000.0
2019-01-31 04:00:00,12.86870834684399,0.0,0.0,0.0,0.0,penalty_5000,5000.0
2019-01-31 05:00:00,11.71419839112204,0.0,0.0,0.0,0.0,penalty_5000,5000.0
2019-01-31 06:00:00,26.06441291593948,0.0,0.0,0.0,0.0,penalty_5000,5000.0
2019-01-31 07:00:00,31.085268368196477,0.0,0.0,0.0,0.0,penalty_5000,5000.0
2019-01-31 08:00:00,13.282387198886621,0.0,0.0,0.0,0.0,penalty_5000,5000.0
2019-01-31 09:00:00,-44.76388407778937,15.072705,0.0,0.0,0.0,penalty_5000,5000.0
2019-01-31 10:00:00,12.73779490358061,0.0,0.0,0.0,0.0,penalty_5000,5000.0
2019-01-31 11:00:00,-49.33643410260294,854.078508,0.0,0.0,58.0,penalty_5000,5000.0
2019-01-31 12:00:00,-55.75693085994918,1095.987481,0.0,0.0,131.974087,penalty_5000,5000.0
2019-01-31 13:00:00,-246.8243514616247,164.035751,0.0,0.0,241.35781,penalty_5000,5000.0
2019-01-31 14:00:00,-246.60118942535493,642.27303,0.0,0.0,181.835822,penalty_5000,5000.0
2019-01-31 15:00:00,-67.34615164407285,107.551013,0.0,0.0,185.852368,penalty_5000,5000.0
2019-01-31 16:00:00,12.737535833105479,0.0,0.0,0.0,0.0,penalty_5000,5000.0
2019-01-31 17:00:00,13.118382112707184,0.0,0.0,0.0,0.0,penalty_5000,5000.0
2019-01-31 18:00:00,14.589685732621787,0.0,0.0,0.0,0.0,penalty_5000,5000.0
2019-01-31 19:00:00,20.147590013436904,0.0,0.0,0.0,0.0,penalty_5000,5000.0
2019-01-31 20:00:00,16.719425011909994,0.0,0.0,0.0,0.0,penalty_5000,5000.0
2019-01-31 21:00:00,15.190748335516536,0.0,0.0,0.0,0.0,penalty_5000,5000.0
2019-01-31 22:00:00,10.982275354426417,0.0,0.0,0.0,0.0,penalty_5000,5000.0
2019-01-31 23:00:00,77.79242483146791,0.0,0.0,0.0,220.3,penalty_5000,5000.0
2019-02-01 00:00:00,15.120700277542955,0.0,0.0,0.0,0.0,penalty_5000,5000.0
2019-02-01 01:00:00,10.631636414284673,0.0,0.0,0.0,0.0,penalty_5000,5000.0
2019-02-01 02:00:00,13.1154867713327,0.0,0.0,0.0,0.0,penalty_5000,5000.0
2019-02-01 03:00:00,12.21119517384186,0.0,0.0,0.0,0.0,penalty_5000,5000.0
2019-02-01 04:00:00,11.364619520424172,0.0,0.0,0.0,0.0,penalty_5000,5000.0
2019-02-01 05:00:00,12.201839004781167,0.0,0.0,0.0,0.0,penalty_5000,5000.0
2019-02-01 06:00:00,13.407510048139741,0.0,0.0,0.0,0.0,penalty_5000,5000.0
2019-02-01 07:00:00,14.243237447266397,0.0,0.0,0.0,0.0,penalty_5000,5000.0
2019-02-01 08:00:00,14.22107500879102,0.0,0.0,0.0,0.0,penalty_5000,5000.0
2019-02-01 09:00:00,13.816245259361175,0.0,0.0,0.0,0.0,penalty_5000,5000.0
2019-02-01 10:00:00,11.87968641105067,0.0,0.0,0.0,0.0,penalty_5000,5000.0
2019-02-01 11:00:00,11.195257797657305,0.0,0.0,0.0,0.0,penalty_5000,5000.0
2019-02-01 12:00:00,12.584242461776139,0.0,0.0,0.0,0.0,penalty_5000,5000.0
2019-02-01 13:00:00,10.59871746206791,0.0,0.0,0.0,0.0,penalty_5000,5000.0
2019-02-01 14:00:00,10.278767700336623,0.0,0.0,0.0,0.0,penalty_5000,5000.0
2019-02-01 15:00:00,-70.7353885529395,150.577377,0.0,0.0,114.485853,penalty_5000,5000.0
2019-02-01 16:00:00,-70.96249271054585,217.484128,0.0,0.0,52.832203,penalty_5000,5000.0
2019-02-01 17:00:00,11.32784692835969,0.0,0.0,0.0,0.0,penalty_5000,5000.0
2019-02-01 18:00:00,10.58153705877906,0.0,0.0,0.0,0.0,penalty_5000,5000.0
2019-02-01 19:00:00,11.781394450900988,0.0,0.0,0.0,0.0,penalty_5000,5000.0
2019-02-01 20:00:00,10.329316837552678,0.0,0.0,0.0,0.0,penalty_5000,5000.0
2019-02-01 21:00:00,10.886274664325008,0.0,0.0,0.0,0.0,penalty_5000,5000.0
2019-02-01 22:00:00,10.822324589539326,0.0,0.0,0.0,0.0,penalty_5000,5000.0
2019-02-01 23:00:00,9.884126413238656,0.0,0.0,0.0,0.0,penalty_5000,5000.0
2019-02-02 00:00:00,9.899753879157075,0.0,0.0,0.0,0.0,penalty_5000,5000.0
2019-02-02 01:00:00,9.94518155912503,0.0,0.0,0.0,0.0,penalty_5000,5000.0
2019-02-02 02:00:00,9.77802952995758,0.0,0.0,0.0,0.0,penalty_5000,5000.0
2019-02-02 03:00:00,9.663183248010492,0.0,0.0,0.0,0.0,penalty_5000,5000.0
2019-02-02 04:00:00,10.41476062739258,0.0,0.0,0.0,0.0,penalty_5000,5000.0
2019-02-02 05:00:00,10.442319903398499,0.0,0.0,0.0,0.0,penalty_5000,5000.0
2019-02-02 06:00:00,10.745430305812768,0.0,0.0,0.0,0.0,penalty_5000,5000.0
2019-02-02 07:00:00,9.712202161534602,0.0,0.0,0.0,0.0,penalty_5000,5000.0
2019-02-02 08:00:00,10.489497097743298,0.0,0.0,0.0,0.0,penalty_5000,5000.0
2019-02-02 09:00:00,11.900314296805611,0.0,0.0,0.0,0.0,penalty_5000,5000.0
2019-02-02 10:00:00,10.457534,0.0,0.0,0.0,0.0,penalty_5000,5000.0
2019-02-02 11:00:00,-72.35416068527628,36.304004,0.0,0.0,42.0,penalty_5000,5000.0
2019-02-02 12:00:00,-79.75455444945263,1336.683852,0.0,0.0,292.8,penalty_5000,5000.0
2019-02-02 13:00:00,-295.4604368396435,859.195811,0.0,0.0,376.552781,penalty_5000,5000.0
2019-02-02 14:00:00,-302.48244375724624,1597.708145,0.0,0.0,417.8,penalty_5000,5000.0
2019-02-02 15:00:00,-273.9239802932421,1650.799532,0.0,0.0,255.5,penalty_5000,5000.0
2019-02-02 16:00:00,-86.85648397558735,873.265065,0.0,0.0,387.3,penalty_5000,5000.0
2019-02-02 17:00:00,-73.96759980445758,457.169473,0.0,0.0,100.0,penalty_5000,5000.0
2019-02-02 18:00:00,9.699621966936505,0.0,0.0,0.0,0.0,penalty_5000,5000.0
2019-02-02 19:00:00,11.049141873407589,0.0,0.0,0.0,0.0,penalty_5000,5000.0
2019-02-02 20:00:00,10.347584763357599,0.0,0.0,0.0,0.0,penalty_5000,5000.0
2019-02-02 21:00:00,9.803944620176502,0.0,0.0,0.0,0.0,penalty_5000,5000.0
2019-02-02 22:00:00,-83.35433770248162,367.957942,0.0,0.0,42.0,penalty_5000,5000.0
2019-02-02 23:00:00,-85.49858881888497,924.876379,0.0,0.0,42.0,penalty_5000,5000.0
2019-02-03 00:00:00,-100.88647690755133,1465.075325,0.0,0.0,42.0,penalty_5000,5000.0
2019-02-03 01:00:00,-108.17327541227023,1466.783971,0.0,0.0,42.0,penalty_5000,5000.0
2019-02-03 02:00:00,-109.660135953792,1479.967586,0.0,0.0,42.0,penalty_5000,5000.0
2019-02-03 03:00:00,-111.2081011295309,925.1207,0.0,0.0,42.0,penalty_5000,5000.0
2019-02-03 04:00:00,-111.0317414492038,427.91749,0.0,0.0,42.0,penalty_5000,5000.0
2019-02-03 05:00:00,-110.7254167876683,560.100029,0.0,0.0,42.0,penalty_5000,5000.0
2019-02-03 06:00:00,-109.53762768079731,693.657684,0.0,0.0,42.0,penalty_5000,5000.0
2019-02-03 07:00:00,-103.5742058459437,739.276691,0.0,0.0,42.0,penalty_5000,5000.0
2019-02-03 08:00:00,-88.74130055138367,1207.305845,0.0,0.0,42.0,penalty_5000,5000.0
2019-02-03 09:00:00,-77.78324746750653,1409.654948,0.0,0.0,42.0,penalty_5000,5000.0
2019-02-03 10:00:00,-75.59475915135981,539.530099,0.0,0.0,42.0,penalty_5000,5000.0
2019-02-03 11:00:00,-75.05427750411336,1470.865236,0.0,0.0,250.8,penalty_5000,5000.0
2019-02-03 12:00:00,-298.54837101830174,1905.477315,0.0,0.0,255.5,penalty_5000,5000.0
2019-02-03 13:00:00,-400.5764677693452,1186.935662,0.0,0.0,417.8,penalty_5000,5000.0
2019-02-03 14:00:00,-375.3732055657696,1829.401829,0.0,0.0,350.277056,penalty_5000,5000.0
2019-02-03 15:00:00,-296.8917949431041,1795.68328,0.0,0.0,255.5,penalty_5000,5000.0
2019-02-03 16:00:00,-80.92289892332377,1002.121178,0.0,0.0,100.0,penalty_5000,5000.0
2019-02-03 17:00:00,-16.130598699748948,1501.609795,0.0,0.0,220.3,penalty_5000,5000.0
2019-02-03 18:00:00,-14.568239187934335,1239.391199,0.0,0.0,58.0,penalty_5000,5000.0
2019-02-03 19:00:00,-17.091155068771013,974.280208,0.0,0.0,0.0,penalty_5000,5000.0
2019-02-03 20:00:00,-71.3687757499201,1209.96151,0.0,0.0,42.0,penalty_5000,5000.0
2019-02-03 21:00:00,-77.71370646802802,1651.894432,0.0,0.0,42.0,penalty_5000,5000.0
2019-02-03 22:00:00,-81.27454362826421,1703.933738,0.0,0.0,42.0,penalty_5000,5000.0
2019-02-03 23:00:00,-96.4421098680902,1695.855404,0.0,0.0,42.0,penalty_5000,5000.0
2019-02-04 00:00:00,-103.82130619537382,1644.561977,0.0,0.0,42.0,penalty_5000,5000.0
2019-02-04 01:00:00,-106.24649128823754,1505.171762,0.0,0.0,42.0,penalty_5000,5000.0
2019-02-04 02:00:00,-107.0853353374303,1279.688699,0.0,0.0,42.0,penalty_5000,5000.0
2019-02-04 03:00:00,-108.63544771283377,802.412428,0.0,0.0,42.0,penalty_5000,5000.0
2019-02-04 04:00:00,-106.46974633507034,281.189606,0.0,0.0,42.0,penalty_5000,5000.0
2019-02-04 05:00:00,-83.33904659861828,0.0,0.0,0.0,42.0,penalty_5000,5000.0
2019-02-04 06:00:00,9.755049689088665,0.0,0.0,0.0,0.0,penalty_5000,5000.0
2019-02-04 07:00:00,11.489494326715425,0.0,0.0,0.0,0.0,penalty_5000,5000.0
2019-02-04 08:00:00,11.732201008014826,0.0,0.0,0.0,0.0,penalty_5000,5000.0
2019-02-04 09:00:00,10.09928585012351,0.0,0.0,0.0,0.0,penalty_5000,5000.0
2019-02-04 10:00:00,11.744229067279784,0.0,0.0,0.0,0.0,penalty_5000,5000.0
2019-02-04 11:00:00,-69.6685473973253,190.616907,0.0,0.0,100.0,penalty_5000,5000.0
2019-02-04 12:00:00,-68.11761324273901,267.913926,0.0,0.0,262.3,penalty_5000,5000.0
2019-02-04 13:00:00,-179.2617330120767,446.349668,0.0,0.0,130.5,penalty_5000,5000.0
2019-02-04 14:00:00,-184.28932126018677,283.637337,0.0,0.0,130.5,penalty_5000,5000.0
2019-02-04 15:00:00,-19.114070230488704,0.0,0.0,0.0,58.0,penalty_5000,5000.0
2019-02-04 16:00:00,3.002760453242627,0.0,0.0,0.0,0.0,penalty_5000,5000.0
2019-02-04 17:00:00,10.26697250951325,0.0,0.0,0.0,0.0,penalty_5000,5000.0
2019-02-04 18:00:00,11.009261881139928,0.0,0.0,0.0,0.0,penalty_5000,5000.0
2019-02-04 19:00:00,11.645851486434413,0.0,0.0,0.0,0.0,penalty_5000,5000.0
2019-02-04 20:00:00,12.060858802893453,0.0,0.0,0.0,0.0,penalty_5000,5000.0
2019-02-04 21:00:00,11.476896681509226,0.0,0.0,0.0,0.0,penalty_5000,5000.0
2019-02-04 22:00:00,9.77548204819324,0.0,0.0,0.0,0.0,penalty_5000,5000.0
2019-02-04 23:00:00,10.098207061429807,0.0,0.0,0.0,0.0,penalty_5000,5000.0
2019-02-05 00:00:00,9.670191919839805,0.0,0.0,0.0,0.0,penalty_5000,5000.0
2019-02-05 01:00:00,9.334329421303668,0.0,0.0,0.0,0.0,penalty_5000,5000.0
2019-02-05 02:00:00,9.632940856940413,0.0,0.0,0.0,0.0,penalty_5000,5000.0
2019-02-05 03:00:00,9.655659031836072,0.0,0.0,0.0,0.0,penalty_5000,5000.0
2019-02-05 04:00:00,9.660096784513986,0.0,0.0,0.0,0.0,penalty_5000,5000.0
2019-02-05 05:00:00,10.176384639131232,0.0,0.0,0.0,0.0,penalty_5000,5000.0
2019-02-05 06:00:00,10.498685152318302,0.0,0.0,0.0,0.0,penalty_5000,5000.0
2019-02-05 07:00:00,11.007949803491613,0.0,0.0,0.0,0.0,penalty_5000,5000.0
2019-02-05 08:00:00,10.661531944992378,0.0,0.0,0.0,0.0,penalty_5000,5000.0
2019-02-05 09:00:00,11.100975561942793,0.0,0.0,0.0,0.0,penalty_5000,5000.0
2019-02-05 10:00:00,10.412823771852956,0.0,0.0,0.0,0.0,penalty_5000,5000.0
2019-02-05 11:00:00,9.826859989231957,0.0,0.0,0.0,0.0,penalty_5000,5000.0
2019-02-05 12:00:00,-68.3753612596106,250.124277,0.0,0.0,387.3,penalty_5000,5000.0
2019-02-05 13:00:00,9.539685382500751,0.0,0.0,0.0,0.0,penalty_5000,5000.0
2019-02-05 14:00:00,-67.22258984023365,633.922594,0.0,0.0,262.3,penalty_5000,5000.0
2019-02-05 15:00:00,-67.40418866966289,938.583813,0.0,0.0,262.3,penalty_5000,5000.0
2019-02-05 16:00:00,-66.96846164480485,506.465394,0.0,0.0,100.0,penalty_5000,5000.0
2019-02-05 17:00:00,-66.3955374399908,416.706226,0.0,0.0,100.0,penalty_5000,5000.0
2019-02-05 18:00:00,9.680416886233523,0.0,0.0,0.0,0.0,penalty_5000,5000.0
2019-02-05 19:00:00,10.935258474051409,0.0,0.0,0.0,0.0,penalty_5000,5000.0
2019-02-05 20:00:00,10.456335555574904,0.0,0.0,0.0,0.0,penalty_5000,5000.0
2019-02-05 21:00:00,9.665542370987653,0.0,0.0,0.0,0.0,penalty_5000,5000.0
2019-02-05 22:00:00,10.159713083493916,0.0,0.0,0.0,0.0,penalty_5000,5000.0
2019-02-05 23:00:00,10.409941563406122,0.0,0.0,0.0,0.0,penalty_5000,5000.0
2019-02-06 00:00:00,10.181111135811749,0.0,0.0,0.0,0.0,penalty_5000,5000.0
2019-02-06 01:00:00,9.739594406374787,0.0,0.0,0.0,0.0,penalty_5000,5000.0
2019-02-06 02:00:00,9.657104511667555,0.0,0.0,0.0,0.0,penalty_5000,5000.0
2019-02-06 03:00:00,9.624310642297594,0.0,0.0,0.0,0.0,penalty_5000,5000.0
2019-02-06 04:00:00,9.763566011867924,0.0,0.0,0.0,0.0,penalty_5000,5000.0
2019-02-06 05:00:00,8.965471384278976,0.0,0.0,0.0,0.0,penalty_5000,5000.0
2019-02-06 06:00:00,9.892386758238988,0.0,0.0,0.0,0.0,penalty_5000,5000.0
2019-02-06 07:00:00,10.556268022036754,0.0,0.0,0.0,0.0,penalty_5000,5000.0
2019-02-06 08:00:00,10.831745549319335,0.0,0.0,0.0,0.0,penalty_5000,5000.0
2019-02-06 09:00:00,10.805606930752466,0.0,0.0,0.0,0.0,penalty_5000,5000.0
2019-02-06 10:00:00,10.524874812370927,0.0,0.0,0.0,0.0,penalty_5000,5000.0
2019-02-06 11:00:00,8.47576378115315,0.0,0.0,0.0,192.696316,penalty_5000,5000.0
2019-02-06 12:00:00,-66.8676034530538,1047.612105,0.0,0.0,262.3,penalty_5000,5000.0
2019-02-06 13:00:00,-68.99899492851964,669.37456,0.0,0.0,387.3,penalty_5000,5000.0
2019-02-06 14:00:00,-66.87002810063399,1284.620843,0.0,0.0,387.3,penalty_5000,5000.0
2019-02-06 15:00:00,-66.37863674029516,1364.89667,0.0,0.0,262.3,penalty_5000,5000.0
2019-02-06 16:00:00,-68.85927452705928,896.447932,0.0,0.0,387.3,penalty_5000,5000.0
2019-02-06 17:00:00,-60.798521422193055,1419.678646,0.0,0.0,262.3,penalty_5000,5000.0
2019-02-06 18:00:00,-46.576224847965484,1179.88853,0.0,0.0,42.0,penalty_5000,5000.0
2019-02-06 19:00:00,-46.41085773467325,822.119583,0.0,0.0,42.0,penalty_5000,5000.0
2019-02-06 20:00:00,-58.729485071812654,1016.715527,0.0,0.0,42.0,penalty_5000,5000.0
2019-02-06 21:00:00,-69.39171479441774,1432.320163,0.0,0.0,42.0,penalty_5000,5000.0
2019-02-06 22:00:00,-72.58259566060747,1398.040279,0.0,0.0,42.0,penalty_5000,5000.0
2019-02-06 23:00:00,-80.35398521473643,986.37854,0.0,0.0,42.0,penalty_5000,5000.0
2019-02-07 00:00:00,-95.93545534127,813.149672,0.0,0.0,100.0,penalty_5000,5000.0
2019-02-07 01:00:00,-103.68069813492689,692.027433,0.0,0.0,100.0,penalty_5000,5000.0
2019-02-07 02:00:00,-104.21838148573327,494.804496,0.0,0.0,42.0,penalty_5000,5000.0
2019-02-07 03:00:00,-106.80806948276287,947.171102,0.0,0.0,42.0,penalty_5000,5000.0
2019-02-07 04:00:00,-107.00787507338701,1317.325778,0.0,0.0,42.0,penalty_5000,5000.0
2019-02-07 05:00:00,-100.57801523666444,1637.766269,0.0,0.0,42.0,penalty_5000,5000.0
2019-02-07 06:00:00,-85.08204081998332,1603.74584,0.0,0.0,42.0,penalty_5000,5000.0
2019-02-07 07:00:00,-83.79064696478474,1421.749897,0.0,0.0,42.0,penalty_5000,5000.0
2019-02-07 08:00:00,-76.85070739927839,1270.913543,0.0,0.0,42.0,penalty_5000,5000.0
2019-02-07 09:00:00,-68.83760235129802,1079.471031,0.0,0.0,42.0,penalty_5000,5000.0
2019-02-07 10:00:00,-70.41329388246258,405.199867,0.0,0.0,337.571067,penalty_5000,5000.0
2019-02-07 11:00:00,-81.51277819794498,1375.368332,0.0,0.0,417.8,penalty_5000,5000.0
2019-02-07 12:00:00,-270.3405577938091,1941.832676,0.0,0.0,277.411049,penalty_5000,5000.0
2019-02-07 13:00:00,-355.9146421745763,1825.683969,0.0,0.0,257.630107,penalty_5000,5000.0
2019-02-07 14:00:00,-361.53827145373674,2592.885056,0.0,0.0,315.691912,penalty_5000,5000.0
2019-02-07 15:00:00,-319.00010653913006,2457.44546,0.0,0.0,387.3,penalty_5000,5000.0
2019-02-07 16:00:00,-272.37606591742417,1506.625651,0.0,0.0,327.005667,penalty_5000,5000.0
2019-02-07 17:00:00,-64.23161730365165,1224.464496,0.0,0.0,100.0,penalty_5000,5000.0
2019-02-07 18:00:00,-56.30921020024498,702.07894,0.0,0.0,23.87668,penalty_5000,5000.0
2019-02-07 19:00:00,-49.50332081924767,234.067566,0.0,0.0,0.0,penalty_5000,5000.0
2019-02-07 20:00:00,-55.91195917861811,46.871372,0.0,0.0,0.0,penalty_5000,5000.0
2019-02-07 21:00:00,-58.14978261335979,248.647411,0.0,0.0,42.0,penalty_5000,5000.0
2019-02-07 22:00:00,-54.66042257449639,473.929617,0.0,0.0,42.0,penalty_5000,5000.0
2019-02-07 23:00:00,-62.49347468463014,325.012981,0.0,0.0,42.0,penalty_5000,5000.0
2019-02-08 00:00:00,11.759385452215794,0.0,0.0,0.0,0.0,penalty_5000,5000.0
2019-02-08 01:00:00,11.831868197021933,0.0,0.0,0.0,0.0,penalty_5000,5000.0
2019-02-08 02:00:00,11.628730882182339,0.0,0.0,0.0,0.0,penalty_5000,5000.0
2019-02-08 03:00:00,23.17450353898808,0.0,0.0,0.0,0.0,penalty_5000,5000.0
2019-02-08 04:00:00,35.78958602008227,0.0,0.0,0.0,0.0,penalty_5000,5000.0
2019-02-08 05:00:00,14.470241216787072,0.0,0.0,0.0,0.0,penalty_5000,5000.0
2019-02-08 06:00:00,16.476780315595118,0.0,0.0,0.0,0.0,penalty_5000,5000.0
2019-02-08 07:00:00,16.847652426043698,0.0,0.0,0.0,0.0,penalty_5000,5000.0
2019-02-08 08:00:00,19.75220925576733,0.0,0.0,0.0,0.0,penalty_5000,5000.0
2019-02-08 09:00:00,20.416914884935206,0.0,0.0,0.0,0.0,penalty_5000,5000.0
2019-02-08 10:00:00,20.992967476089923,0.0,0.0,0.0,0.0,penalty_5000,5000.0
2019-02-08 11:00:00,16.641931996291017,0.0,0.0,0.0,0.0,penalty_5000,5000.0
2019-02-08 12:00:00,15.647699888988868,0.0,0.0,0.0,0.0,penalty_5000,5000.0
2019-02-08 13:00:00,16.144837692039633,0.0,0.0,0.0,0.0,penalty_5000,5000.0
2019-02-08 14:00:00,14.166254621668358,0.0,0.0,0.0,0.0,penalty_5000,5000.0
2019-02-08 15:00:00,13.283520279553384,0.0,0.0,0.0,0.0,penalty_5000,5000.0
2019-02-08 16:00:00,13.213138475459283,0.0,0.0,0.0,0.0,penalty_5000,5000.0
2019-02-08 17:00:00,15.61606255870651,0.0,0.0,0.0,0.0,penalty_5000,5000.0
2019-02-08 18:00:00,18.46065383645537,0.0,0.0,0.0,0.0,penalty_5000,5000.0
2019-02-08 19:00:00,19.598059475026812,0.0,0.0,0.0,0.0,penalty_5000,5000.0
2019-02-08 20:00:00,18.974503376863044,0.0,0.0,0.0,0.0,penalty_5000,5000.0
2019-02-08 21:00:00,18.663471034184326,0.0,0.0,0.0,0.0,penalty_5000,5000.0
2019-02-08 22:00:00,14.861426211847025,0.0,0.0,0.0,0.0,penalty_5000,5000.0
2019-02-08 23:00:00,14.355999478814699,0.0,0.0,0.0,0.0,penalty_5000,5000.0
2019-02-09 00:00:00,13.922388164833102,0.0,0.0,0.0,0.0,penalty_5000,5000.0
2019-02-09 01:00:00,12.70328671676241,0.0,0.0,0.0,0.0,penalty_5000,5000.0
2019-02-09 02:00:00,12.920811003532888,0.0,0.0,0.0,0.0,penalty_5000,5000.0
2019-02-09 03:00:00,13.622606985611247,0.0,0.0,0.0,0.0,penalty_5000,5000.0
2019-02-09 04:00:00,13.810557783521745,0.0,0.0,0.0,0.0,penalty_5000,5000.0
2019-02-09 05:00:00,15.429422457718195,0.0,0.0,0.0,0.0,penalty_5000,5000.0
2019-02-09 06:00:00,15.620717738417929,0.0,0.0,0.0,0.0,penalty_5000,5000.0
2019-02-09 07:00:00,20.57704964602824,0.0,0.0,0.0,0.0,penalty_5000,5000.0
2019-02-09 08:00:00,22.205749843249258,0.0,0.0,0.0,0.0,penalty_5000,5000.0
2019-02-09 09:00:00,20.4071637556398,0.0,0.0,0.0,0.0,penalty_5000,5000.0
2019-02-09 10:00:00,17.028236353317975,0.0,0.0,0.0,0.0,penalty_5000,5000.0
2019-02-09 11:00:00,12.638069613949192,0.0,0.0,0.0,0.0,penalty_5000,5000.0
2019-02-09 12:00:00,13.912309604286538,0.0,0.0,0.0,58.0,penalty_5000,5000.0
2019-02-09 13:00:00,11.50768718565679,0.0,0.0,0.0,0.0,penalty_5000,5000.0
2019-02-09 14:00:00,-53.27568146304027,107.013566,0.0,0.0,42.0,penalty_5000,5000.0
2019-02-09 15:00:00,10.688331700387824,0.0,0.0,0.0,0.0,penalty_5000,5000.0
2019-02-09 16:00:00,11.74601230407611,0.0,0.0,0.0,0.0,penalty_5000,5000.0
2019-02-09 17:00:00,12.804159834279272,0.0,0.0,0.0,0.0,penalty_5000,5000.0
2019-02-09 18:00:00,14.436670731821335,0.0,0.0,0.0,0.0,penalty_5000,5000.0
2019-02-09 19:00:00,17.503390087483552,0.0,0.0,0.0,0.0,penalty_5000,5000.0
2019-02-09 20:00:00,17.80741797726752,0.0,0.0,0.0,0.0,penalty_5000,5000.0
2019-02-09 21:00:00,16.78297536953058,0.0,0.0,0.0,0.0,penalty_5000,5000.0
2019-02-09 22:00:00,17.1267843013913,0.0,0.0,0.0,0.0,penalty_5000,5000.0
2019-02-09 23:00:00,14.77699612338762,0.0,0.0,0.0,0.0,penalty_5000,5000.0
2019-02-10 00:00:00,12.622219852039533,0.0,0.0,0.0,0.0,penalty_5000,5000.0
2019-02-10 01:00:00,10.125940505113265,0.0,0.0,0.0,0.0,penalty_5000,5000.0
2019-02-10 02:00:00,12.047314569072636,0.0,0.0,0.0,0.0,penalty_5000,5000.0
2019-02-10 03:00:00,13.119187093767431,0.0,0.0,0.0,0.0,penalty_5000,5000.0
2019-02-10 04:00:00,14.022883742663163,0.0,0.0,0.0,0.0,penalty_5000,5000.0
2019-02-10 05:00:00,13.180801570437094,0.0,0.0,0.0,0.0,penalty_5000,5000.0
2019-02-10 06:00:00,14.569358807158723,0.0,0.0,0.0,0.0,penalty_5000,5000.0
2019-02-10 07:00:00,16.151107108980778,0.0,0.0,0.0,0.0,penalty_5000,5000.0
2019-02-10 08:00:00,16.851089575523,0.0,0.0,0.0,0.0,penalty_5000,5000.0
2019-02-10 09:00:00,17.615560593266913,0.0,0.0,0.0,0.0,penalty_5000,5000.0
2019-02-10 10:00:00,14.52488825111985,0.0,0.0,0.0,0.0,penalty_5000,5000.0
2019-02-10 11:00:00,13.548428566109049,0.0,0.0,0.0,0.0,penalty_5000,5000.0
2019-02-10 12:00:00,13.42484202649134,0.0,0.0,0.0,0.0,penalty_5000,5000.0
2019-02-10 13:00:00,13.246296931315669,0.0,0.0,0.0,0.0,penalty_5000,5000.0
2019-02-10 14:00:00,12.829335084028132,0.0,0.0,0.0,0.0,penalty_5000,5000.0
2019-02-10 15:00:00,12.623046949078075,0.0,0.0,0.0,0.0,penalty_5000,5000.0
2019-02-10 16:00:00,13.18564889497587,0.0,0.0,0.0,0.0,penalty_5000,5000.0
2019-02-10 17:00:00,13.218100168874756,0.0,0.0,0.0,0.0,penalty_5000,5000.0
2019-02-10 18:00:00,15.468971752677744,0.0,0.0,0.0,0.0,penalty_5000,5000.0
2019-02-10 19:00:00,16.890179832844865,0.0,0.0,0.0,0.0,penalty_5000,5000.0
2019-02-10 20:00:00,15.02097243430115,0.0,0.0,0.0,0.0,penalty_5000,5000.0
2019-02-10 21:00:00,12.840523370285903,0.0,0.0,0.0,0.0,penalty_5000,5000.0
2019-02-10 22:00:00,12.788942762013376,0.0,0.0,0.0,0.0,penalty_5000,5000.0
2019-02-10 23:00:00,-75.79453445381652,222.883019,0.0,0.0,42.0,penalty_5000,5000.0
2019-02-11 00:00:00,-78.15644716809379,1195.529711,0.0,0.0,42.0,penalty_5000,5000.0
2019-02-11 01:00:00,-85.13525385759084,1391.883885,0.0,0.0,42.0,penalty_5000,5000.0
2019-02-11 02:00:00,-85.49690101616468,1500.039473,0.0,0.0,42.0,penalty_5000,5000.0
2019-02-11 03:00:00,-86.01697520825553,786.459557,0.0,0.0,42.0,penalty_5000,5000.0
2019-02-11 04:00:00,-84.39058745594188,109.253051,0.0,0.0,42.0,penalty_5000,5000.0
2019-02-11 05:00:00,7.864261330210921,0.0,0.0,0.0,0.0,penalty_5000,5000.0
2019-02-11 06:00:00,11.056886272719163,0.0,0.0,0.0,0.0,penalty_5000,5000.0
2019-02-11 07:00:00,12.562615104474013,0.0,0.0,0.0,0.0,penalty_5000,5000.0
2019-02-11 08:00:00,-54.22228037465363,887.926734,0.0,0.0,0.0,penalty_5000,5000.0
2019-02-11 09:00:00,-59.55244033388022,1255.401565,0.0,0.0,0.0,penalty_5000,5000.0
2019-02-11 10:00:00,-60.132448764227135,399.229504,0.0,0.0,0.0,penalty_5000,5000.0
2019-02-11 11:00:00,-62.64641841267007,1277.816391,0.0,0.0,42.0,penalty_5000,5000.0
2019-02-11 12:00:00,-62.88697086811651,1522.117206,0.0,0.0,42.0,penalty_5000,5000.0
2019-02-11 13:00:00,-2.379829457584209,0.0,0.0,0.0,0.0,penalty_5000,5000.0
2019-02-11 14:00:00,-67.62961831671616,1217.528461,0.0,0.0,117.612403,penalty_5000,5000.0
2019-02-11 15:00:00,-71.84362217215859,1305.883603,0.0,0.0,42.0,penalty_5000,5000.0
2019-02-11 16:00:00,-270.3103557046998,1364.558572,0.0,0.0,130.5,penalty_5000,5000.0
2019-02-11 17:00:00,-63.15258915914574,1470.926395,0.0,0.0,42.0,penalty_5000,5000.0
2019-02-11 18:00:00,-60.2409153203169,1190.763758,0.0,0.0,30.276873,penalty_5000,5000.0
2019-02-11 19:00:00,-61.50825194631343,767.582881,0.0,0.0,42.0,penalty_5000,5000.0
2019-02-11 20:00:00,-71.63724044756877,1123.52176,0.0,0.0,42.0,penalty_5000,5000.0
2019-02-11 21:00:00,-79.22257359082849,1476.932812,0.0,0.0,42.0,penalty_5000,5000.0
2019-02-11 22:00:00,-83.25488787980971,1000.011503,0.0,0.0,42.0,penalty_5000,5000.0
2019-02-11 23:00:00,-86.2119782887098,460.772388,0.0,0.0,42.0,penalty_5000,5000.0
2019-02-12 00:00:00,-91.25405402473856,1549.483913,0.0,0.0,42.0,penalty_5000,5000.0
2019-02-12 01:00:00,-91.14151477907579,1445.931359,0.0,0.0,42.0,penalty_5000,5000.0
2019-02-12 02:00:00,-92.26601787916623,1468.080648,0.0,0.0,42.0,penalty_5000,5000.0
2019-02-12 03:00:00,-92.54832985235407,1320.714986,0.0,0.0,42.0,penalty_5000,5000.0
2019-02-12 04:00:00,-91.8871392330996,1097.964126,0.0,0.0,42.0,penalty_5000,5000.0
2019-02-12 05:00:00,-86.2578747732123,1120.534656,0.0,0.0,42.0,penalty_5000,5000.0
2019-02-12 06:00:00,-68.35453153253248,234.875455,0.0,0.0,42.0,penalty_5000,5000.0
2019-02-12 07:00:00,15.055555362121641,0.0,0.0,0.0,0.0,penalty_5000,5000.0
2019-02-12 08:00:00,14.633390989770668,0.0,0.0,0.0,0.0,penalty_5000,5000.0
2019-02-12 09:00:00,14.071096761863105,0.0,0.0,0.0,0.0,penalty_5000,5000.0
2019-02-12 10:00:00,12.943632551522326,0.0,0.0,0.0,0.0,penalty_5000,5000.0
2019-02-12 11:00:00,14.159069056880131,0.0,0.0,0.0,0.0,penalty_5000,5000.0
2019-02-12 12:00:00,12.827922600276153,0.0,0.0,0.0,0.0,penalty_5000,5000.0
2019-02-12 13:00:00,-188.23405604518103,52.358938,0.0,0.0,88.5,penalty_5000,5000.0
2019-02-12 14:00:00,-185.62222923828267,261.568372,0.0,0.0,130.5,penalty_5000,5000.0
2019-02-12 15:00:00,-188.45786248208313,161.613703,0.0,0.0,130.5,penalty_5000,5000.0
2019-02-12 16:00:00,5.29791954829518,0.0,0.0,0.0,0.0,penalty_5000,5000.0
2019-02-12 17:00:00,16.00373107808038,0.0,0.0,0.0,0.0,penalty_5000,5000.0
2019-02-12 18:00:00,13.809428198158884,0.0,0.0,0.0,0.0,penalty_5000,5000.0
2019-02-12 19:00:00,15.947552116521983,0.0,0.0,0.0,0.0,penalty_5000,5000.0
2019-02-12 20:00:00,17.491728462753073,0.0,0.0,0.0,0.0,penalty_5000,5000.0
2019-02-12 21:00:00,15.217959244943676,0.0,0.0,0.0,0.0,penalty_5000,5000.0
2019-02-12 22:00:00,13.042020580108895,0.0,0.0,0.0,0.0,penalty_5000,5000.0
2019-02-12 23:00:00,13.184758519475263,0.0,0.0,0.0,0.0,penalty_5000,5000.0
2019-02-13 00:00:00,11.474099145909175,0.0,0.0,0.0,0.0,penalty_5000,5000.0
2019-02-13 01:00:00,10.632150186593844,0.0,0.0,0.0,0.0,penalty_5000,5000.0
2019-02-13 02:00:00,10.545642841204927,0.0,0.0,0.0,0.0,penalty_5000,5000.0
2019-02-13 03:00:00,11.0176996809576,0.0,0.0,0.0,0.0,penalty_5000,5000.0
2019-02-13 04:00:00,11.046280896767149,0.0,0.0,0.0,0.0,penalty_5000,5000.0
2019-02-13 05:00:00,11.344745968679804,0.0,0.0,0.0,0.0,penalty_5000,5000.0
2019-02-13 06:00:00,13.535533993002819,0.0,0.0,0.0,0.0,penalty_5000,5000.0
2019-02-13 07:00:00,14.572193339778124,0.0,0.0,0.0,0.0,penalty_5000,5000.0
2019-02-13 08:00:00,-38.55505572078693,547.495313,0.0,0.0,0.0,penalty_5000,5000.0
2019-02-13 09:00:00,-46.691845969041864,1384.006398,0.0,0.0,0.0,penalty_5000,5000.0
2019-02-13 10:00:00,-64.90782862085779,556.271182,0.0,0.0,42.0,penalty_5000,5000.0
2019-02-13 11:00:00,-64.68620295386266,1514.940628,0.0,0.0,365.669994,penalty_5000,5000.0
2019-02-13 12:00:00,-82.789738700115,1843.92486,0.0,0.0,417.8,penalty_5000,5000.0
2019-02-13 13:00:00,-362.7921356733708,1356.273539,0.0,0.0,261.254458,penalty_5000,5000.0
2019-02-13 14:00:00,-365.4857445055886,1917.324441,0.0,0.0,403.449274,penalty_5000,5000.0
2019-02-13 15:00:00,-284.4420716706196,1942.031506,0.0,0.0,417.8,penalty_5000,5000.0
2019-02-13 16:00:00,-281.9204705041653,656.417064,0.0,0.0,397.645882,penalty_5000,5000.0
2019-02-13 17:00:00,-75.46572503878227,674.222232,0.0,0.0,259.576861,penalty_5000,5000.0
2019-02-13 18:00:00,-66.30060574916139,1242.938892,0.0,0.0,128.252054,penalty_5000,5000.0
2019-02-13 19:00:00,-60.45229844749844,946.058458,0.0,0.0,42.0,penalty_5000,5000.0
2019-02-13 20:00:00,-64.91826036134971,1150.678703,0.0,0.0,42.0,penalty_5000,5000.0
2019-02-13 21:00:00,-70.38989693985427,1594.323902,0.0,0.0,42.0,penalty_5000,5000.0
2019-02-13 22:00:00,-73.41423116606924,1649.555517,0.0,0.0,42.0,penalty_5000,5000.0
2019-02-13 23:00:00,-85.05695861815416,1667.760991,0.0,0.0,42.0,penalty_5000,5000.0
2019-02-14 00:00:00,-101.63877793145646,1684.912799,0.0,0.0,42.0,penalty_5000,5000.0
2019-02-14 01:00:00,-101.90152026914899,1592.777197,0.0,0.0,42.0,penalty_5000,5000.0
2019-02-14 02:00:00,-102.48667575671794,1633.45371,0.0,0.0,42.0,penalty_5000,5000.0
2019-02-14 03:00:00,-101.2738717474126,1600.350354,0.0,0.0,42.0,penalty_5000,5000.0
2019-02-14 04:00:00,-88.45410706130147,1519.857458,0.0,0.0,42.0,penalty_5000,5000.0
2019-02-14 05:00:00,-80.30777354188272,1593.84201,0.0,0.0,42.0,penalty_5000,5000.0
2019-02-14 06:00:00,-69.62503959889152,1608.952631,0.0,0.0,42.0,penalty_5000,5000.0
2019-02-14 07:00:00,-64.73317320100843,1505.293316,0.0,0.0,42.0,penalty_5000,5000.0
2019-02-14 08:00:00,-65.85851691369606,1380.945653,0.0,0.0,42.0,penalty_5000,5000.0
2019-02-14 09:00:00,-65.92157275103739,1428.775051,0.0,0.0,42.0,penalty_5000,5000.0
2019-02-14 10:00:00,-71.22755384975314,561.485216,0.0,0.0,102.561902,penalty_5000,5000.0
2019-02-14 11:00:00,-74.42043806458219,1294.89612,0.0,0.0,387.3,penalty_5000,5000.0
2019-02-14 12:00:00,-278.10746620958014,1822.223853,0.0,0.0,229.876461,penalty_5000,5000.0
2019-02-14 13:00:00,-366.835386696527,1455.556995,0.0,0.0,255.5,penalty_5000,5000.0
2019-02-14 14:00:00,-367.13840737777554,2005.44701,0.0,0.0,255.5,penalty_5000,5000.0
2019-02-14 15:00:00,-282.4365718849971,1853.973468,0.0,0.0,255.5,penalty_5000,5000.0
2019-02-14 16:00:00,-283.0055969936726,915.988166,0.0,0.0,255.5,penalty_5000,5000.0
2019-02-14 17:00:00,-88.45501049407092,381.492338,0.0,0.0,417.8,penalty_5000,5000.0
2019-02-14 18:00:00,9.306228313846484,0.0,0.0,0.0,0.0,penalty_5000,5000.0
2019-02-14 19:00:00,10.301433114258723,0.0,0.0,0.0,0.0,penalty_5000,5000.0
2019-02-14 20:00:00,9.927730723747661,0.0,0.0,0.0,0.0,penalty_5000,5000.0
2019-02-14 21:00:00,9.213186215164292,0.0,0.0,0.0,0.0,penalty_5000,5000.0
2019-02-14 22:00:00,8.101609214745494,0.0,0.0,0.0,0.0,penalty_5000,5000.0
2019-02-14 23:00:00,7.398530868821629,0.0,0.0,0.0,0.0,penalty_5000,5000.0
2019-02-15 00:00:00,9.827991210075025,0.0,0.0,0.0,0.0,penalty_5000,5000.0
2019-02-15 01:00:00,9.62995211145844,0.0,0.0,0.0,0.0,penalty_5000,5000.0
2019-02-15 02:00:00,10.079015304879892,0.0,0.0,0.0,0.0,penalty_5000,5000.0
2019-02-15 03:00:00,10.298565214457764,0.0,0.0,0.0,0.0,penalty_5000,5000.0
2019-02-15 04:00:00,11.106591429300728,0.0,0.0,0.0,0.0,penalty_5000,5000.0
2019-02-15 05:00:00,10.317930703317852,0.0,0.0,0.0,0.0,penalty_5000,5000.0
2019-02-15 06:00:00,11.5146925871865,0.0,0.0,0.0,0.0,penalty_5000,5000.0
2019-02-15 07:00:00,11.714618701059676,0.0,0.0,0.0,0.0,penalty_5000,5000.0
2019-02-15 08:00:00,12.197032223503514,0.0,0.0,0.0,0.0,penalty_5000,5000.0
2019-02-15 09:00:00,12.699472858494289,0.0,0.0,0.0,0.0,penalty_5000,5000.0
2019-02-15 10:00:00,11.22528099180528,0.0,0.0,0.0,0.0,penalty_5000,5000.0
2019-02-15 11:00:00,0.6113580424798747,0.0,0.0,0.0,58.0,penalty_5000,5000.0
2019-02-15 12:00:00,-187.07832950147542,250.544179,0.0,0.0,130.5,penalty_5000,5000.0
2019-02-15 13:00:00,-190.51441410319825,783.95808,0.0,0.0,255.5,penalty_5000,5000.0
2019-02-15 14:00:00,-187.97996515577634,835.783111,0.0,0.0,229.910315,penalty_5000,5000.0
2019-02-15 15:00:00,-270.90241889212587,746.345336,0.0,0.0,255.5,penalty_5000,5000.0
2019-02-15 16:00:00,-271.9210611432326,819.562958,0.0,0.0,255.5,penalty_5000,5000.0
2019-02-15 17:00:00,-189.37188844736409,21.457332,0.0,0.0,255.5,penalty_5000,5000.0
2019-02-15 18:00:00,6.424641171091268,0.0,0.0,0.0,220.3,penalty_5000,5000.0
2019-02-15 19:00:00,-63.91620697358551,283.066173,0.0,0.0,42.0,penalty_5000,5000.0
2019-02-15 20:00:00,-66.0509283269133,229.723767,0.0,0.0,42.0,penalty_5000,5000.0
2019-02-15 21:00:00,-74.55388464717811,289.566592,0.0,0.0,42.0,penalty_5000,5000.0
2019-02-15 22:00:00,-77.03558027012146,348.0671,0.0,0.0,42.0,penalty_5000,5000.0
2019-02-15 23:00:00,-79.16909482717882,33.347344,0.0,0.0,42.0,penalty_5000,5000.0
2019-02-16 00:00:00,11.55162119425616,0.0,0.0,0.0,0.0,penalty_5000,5000.0
2019-02-16 01:00:00,11.334305153810947,0.0,0.0,0.0,0.0,penalty_5000,5000.0
2019-02-16 02:00:00,11.193133459781977,0.0,0.0,0.0,0.0,penalty_5000,5000.0
2019-02-16 03:00:00,10.57857750701212,0.0,0.0,0.0,0.0,penalty_5000,5000.0
2019-02-16 04:00:00,-80.30012654819849,77.26456,0.0,0.0,42.0,penalty_5000,5000.0
2019-02-16 05:00:00,10.77252203973562,0.0,0.0,0.0,0.0,penalty_5000,5000.0
2019-02-16 06:00:00,12.266530132103457,0.0,0.0,0.0,0.0,penalty_5000,5000.0
2019-02-16 07:00:00,13.036783616946174,0.0,0.0,0.0,0.0,penalty_5000,5000.0
2019-02-16 08:00:00,13.940314607071285,0.0,0.0,0.0,0.0,penalty_5000,5000.0
2019-02-16 09:00:00,14.11736678865658,0.0,0.0,0.0,0.0,penalty_5000,5000.0
2019-02-16 10:00:00,18.88449241655802,0.0,0.0,0.0,0.0,penalty_5000,5000.0
2019-02-16 11:00:00,18.98970600329228,0.0,0.0,0.0,0.0,penalty_5000,5000.0
2019-02-16 12:00:00,-162.01712525835356,311.077006,0.0,0.0,178.069572,penalty_5000,5000.0
2019-02-16 13:00:00,-172.30207262371724,957.113495,0.0,0.0,88.5,penalty_5000,5000.0
2019-02-16 14:00:00,-176.66182687474904,1012.035566,0.0,0.0,213.5,penalty_5000,5000.0
2019-02-16 15:00:00,-241.59888926465956,931.095343,0.0,0.0,213.5,penalty_5000,5000.0
2019-02-16 16:00:00,-31.466268115966788,572.171281,0.0,0.0,328.876872,penalty_5000,5000.0
2019-02-16 17:00:00,10.182916267381765,0.0,0.0,0.0,58.0,penalty_5000,5000.0
2019-02-16 18:00:00,4966.3585801186655,0.0,0.0,0.0,0.0,penalty_5000,5000.0
2019-02-16 19:00:00,13.906627112163857,0.0,0.0,0.0,0.0,penalty_5000,5000.0
2019-02-16 20:00:00,14.971384507552987,0.0,0.0,0.0,0.0,penalty_5000,5000.0
2019-02-16 21:00:00,12.876449842519243,0.0,0.0,0.0,0.0,penalty_5000,5000.0
2019-02-16 22:00:00,11.306440870510881,0.0,0.0,0.0,0.0,penalty_5000,5000.0
2019-02-16 23:00:00,11.895072638200633,0.0,0.0,0.0,0.0,penalty_5000,5000.0
2019-02-17 00:00:00,10.9042219201127,0.0,0.0,0.0,0.0,penalty_5000,5000.0
2019-02-17 01:00:00,7.886603993170882,0.0,0.0,0.0,0.0,penalty_5000,5000.0
2019-02-17 02:00:00,11.17218074936345,0.0,0.0,0.0,0.0,penalty_5000,5000.0
2019-02-17 03:00:00,11.408930738964917,0.0,0.0,0.0,0.0,penalty_5000,5000.0
2019-02-17 04:00:00,11.231253191858135,0.0,0.0,0.0,0.0,penalty_5000,5000.0
2019-02-17 05:00:00,11.484964888469692,0.0,0.0,0.0,0.0,penalty_5000,5000.0
2019-02-17 06:00:00,11.582187762538608,0.0,0.0,0.0,0.0,penalty_5000,5000.0
2019-02-17 07:00:00,12.34947536762187,0.0,0.0,0.0,0.0,penalty_5000,5000.0
2019-02-17 08:00:00,15.959236659263878,0.0,0.0,0.0,0.0,penalty_5000,5000.0
2019-02-17 09:00:00,16.80131641776055,0.0,0.0,0.0,0.0,penalty_5000,5000.0
2019-02-17 10:00:00,13.278155206357809,0.0,0.0,0.0,0.0,penalty_5000,5000.0
2019-02-17 11:00:00,12.165774057322466,0.0,0.0,0.0,0.0,penalty_5000,5000.0
2019-02-17 12:00:00,-12.382018994995477,1168.130672,0.0,0.0,100.0,penalty_5000,5000.0
2019-02-17 13:00:00,-283.58882477449316,847.058197,0.0,0.0,130.5,penalty_5000,5000.0
2019-02-17 14:00:00,-286.93785671874423,1414.319573,0.0,0.0,130.5,penalty_5000,5000.0
2019-02-17 15:00:00,-289.3414089815013,825.593896,0.0,0.0,130.5,penalty_5000,5000.0
2019-02-17 16:00:00,-198.14046571675408,0.0,0.0,0.0,88.5,penalty_5000,5000.0
2019-02-17 17:00:00,10.564234645428437,0.0,0.0,0.0,0.0,penalty_5000,5000.0
2019-02-17 18:00:00,12.364165194366011,0.0,0.0,0.0,0.0,penalty_5000,5000.0
2019-02-17 19:00:00,14.810894974960787,0.0,0.0,0.0,0.0,penalty_5000,5000.0
2019-02-17 20:00:00,14.417970770058627,0.0,0.0,0.0,0.0,penalty_5000,5000.0
2019-02-17 21:00:00,11.66571426909845,0.0,0.0,0.0,0.0,penalty_5000,5000.0
2019-02-17 22:00:00,13.464751177822187,0.0,0.0,0.0,0.0,penalty_5000,5000.0
2019-02-17 23:00:00,11.958185403532543,0.0,230.2597,0.0,0.0,penalty_5000,5000.0
2019-02-18 00:00:00,7.521240672334457,0.0,0.0,0.0,58.0,penalty_5000,5000.0
2019-02-18 01:00:00,-81.91719450805388,244.005966,0.0,0.0,292.8,penalty_5000,5000.0
2019-02-18 02:00:00,-68.56633700335517,299.080015,0.0,0.0,115.223552,penalty_5000,5000.0
2019-02-18 03:00:00,-68.41944968889013,258.814287,0.0,0.0,100.0,penalty_5000,5000.0
2019-02-18 04:00:00,-59.44649912999215,183.669041,0.0,0.0,42.0,penalty_5000,5000.0
2019-02-18 05:00:00,-49.12642643976982,408.834535,0.0,0.0,0.0,penalty_5000,5000.0
2019-02-18 06:00:00,10.609823764285098,677.624277,0.0,0.0,0.0,penalty_5000,5000.0
2019-02-18 07:00:00,3.210777081287526,857.794483,0.0,0.0,0.0,penalty_5000,5000.0
2019-02-18 08:00:00,5.677714027410911,1333.419244,0.0,0.0,0.0,penalty_5000,5000.0
2019-02-18 09:00:00,7.681888565187396,1395.730305,0.0,0.0,0.0,penalty_5000,5000.0
2019-02-18 10:00:00,-51.97580248660548,532.469598,0.0,0.0,345.3,penalty_5000,5000.0
2019-02-18 11:00:00,-65.15705803180698,1483.049186,0.0,0.0,417.8,penalty_5000,5000.0
2019-02-18 12:00:00,-252.40011899111792,2266.13551,0.0,0.0,145.331808,penalty_5000,5000.0
2019-02-18 13:00:00,-335.97613064516264,1828.435279,0.0,0.0,255.5,penalty_5000,5000.0
2019-02-18 14:00:00,-347.196306590363,2529.975928,0.0,0.0,255.5,penalty_5000,5000.0
2019-02-18 15:00:00,-279.27378566934283,2438.365082,0.0,0.0,417.8,penalty_5000,5000.0
2019-02-18 16:00:00,-264.9829872832363,1472.652574,0.0,0.0,255.5,penalty_5000,5000.0
2019-02-18 17:00:00,-65.14091907729953,1513.21127,0.0,0.0,47.446019,penalty_5000,5000.0
2019-02-18 18:00:00,-63.66634320745081,1206.45435,0.0,0.0,100.0,penalty_5000,5000.0
2019-02-18 19:00:00,-57.96946318578784,909.263498,0.0,0.0,0.0,penalty_5000,5000.0
2019-02-18 20:00:00,-61.45493723723096,1064.964416,0.0,0.0,42.0,penalty_5000,5000.0
2019-02-18 21:00:00,-68.84560377256368,1478.713118,0.0,0.0,42.0,penalty_5000,5000.0
2019-02-18 22:00:00,-70.71236692522423,1287.998014,0.0,0.0,42.0,penalty_5000,5000.0
2019-02-18 23:00:00,-76.36212991729171,1069.682886,0.0,0.0,42.0,penalty_5000,5000.0
2019-02-19 00:00:00,-79.89094835659306,759.230434,0.0,0.0,42.0,penalty_5000,5000.0
2019-02-19 01:00:00,-79.86615394967593,411.340786,0.0,0.0,42.0,penalty_5000,5000.0
2019-02-19 02:00:00,-75.25450052183278,457.954255,0.0,0.0,42.0,penalty_5000,5000.0
2019-02-19 03:00:00,-74.63947353506579,460.340228,0.0,0.0,42.0,penalty_5000,5000.0
2019-02-19 04:00:00,-72.21853017021999,427.20086,0.0,0.0,42.0,penalty_5000,5000.0
2019-02-19 05:00:00,-68.38739323988707,374.20018,0.0,0.0,42.0,penalty_5000,5000.0
2019-02-19 06:00:00,-54.60306139594786,331.166761,0.0,0.0,42.0,penalty_5000,5000.0
2019-02-19 07:00:00,-30.649303334794375,320.210491,0.0,0.0,0.0,penalty_5000,5000.0
2019-02-19 08:00:00,13.487621440456428,0.0,0.0,0.0,0.0,penalty_5000,5000.0
2019-02-19 09:00:00,29.29583045054655,0.0,0.0,0.0,0.0,penalty_5000,5000.0
2019-02-19 10:00:00,31.6026814228425,0.0,0.0,0.0,0.0,penalty_5000,5000.0
2019-02-19 11:00:00,12.800325873604729,0.0,0.0,0.0,0.0,penalty_5000,5000.0
2019-02-19 12:00:00,18.277092793509873,0.0,0.0,0.0,0.0,penalty_5000,5000.0
2019-02-19 13:00:00,-160.04695234724733,351.687746,0.0,0.0,88.5,penalty_5000,5000.0
2019-02-19 14:00:00,-158.7338485821639,103.670123,0.0,0.0,88.5,penalty_5000,5000.0
2019-02-19 15:00:00,19.03524648105755,0.0,0.0,0.0,0.0,penalty_5000,5000.0
2019-02-19 16:00:00,14.96176279967847,0.0,0.0,0.0,0.0,penalty_5000,5000.0
2019-02-19 17:00:00,26.064325837886447,0.0,0.0,0.0,0.0,penalty_5000,5000.0
2019-02-19 18:00:00,33.33775073070272,0.0,0.0,0.0,0.0,penalty_5000,5000.0
2019-02-19 19:00:00,23.999926276567052,0.0,0.0,0.0,0.0,penalty_5000,5000.0
2019-02-19 20:00:00,24.811727857003333,0.0,0.0,0.0,0.0,penalty_5000,5000.0
2019-02-19 21:00:00,25.446497100146214,0.0,0.0,0.0,0.0,penalty_5000,5000.0
2019-02-19 22:00:00,17.030025913350592,0.0,0.0,0.0,0.0,penalty_5000,5000.0
2019-02-19 23:00:00,20.88793915764969,0.0,0.0,0.0,0.0,penalty_5000,5000.0
2019-02-20 00:00:00,15.587256623785711,0.0,0.0,0.0,0.0,penalty_5000,5000.0
2019-02-20 01:00:00,14.039032531155947,0.0,0.0,0.0,0.0,penalty_5000,5000.0
2019-02-20 02:00:00,13.380609182132522,0.0,0.0,0.0,0.0,penalty_5000,5000.0
2019-02-20 03:00:00,12.500019929251485,0.0,0.0,0.0,0.0,penalty_5000,5000.0
2019-02-20 04:00:00,13.164405992564,0.0,0.0,0.0,0.0,penalty_5000,5000.0
2019-02-20 05:00:00,11.931861019056498,0.0,0.0,0.0,0.0,penalty_5000,5000.0
2019-02-20 06:00:00,14.16389651312958,0.0,0.0,0.0,0.0,penalty_5000,5000.0
2019-02-20 07:00:00,12.983325221023913,0.0,0.0,0.0,0.0,penalty_5000,5000.0
2019-02-20 08:00:00,11.769196884481733,0.0,0.0,0.0,0.0,penalty_5000,5000.0
2019-02-20 09:00:00,-57.82016380618824,699.592046,0.0,0.0,42.0,penalty_5000,5000.0
2019-02-20 10:00:00,-61.65244773231134,380.710157,0.0,0.0,42.0,penalty_5000,5000.0
2019-02-20 11:00:00,-62.93765371361446,1033.364292,0.0,0.0,100.0,penalty_5000,5000.0
2019-02-20 12:00:00,-267.8489656139483,1269.201468,0.0,0.0,243.10059,penalty_5000,5000.0
2019-02-20 13:00:00,-201.06472682594966,931.454048,0.0,0.0,255.5,penalty_5000,5000.0
2019-02-20 14:00:00,-286.1132529778955,1104.487327,0.0,0.0,255.5,penalty_5000,5000.0
2019-02-20 15:00:00,-278.3732144635729,918.039216,0.0,0.0,215.222749,penalty_5000,5000.0
2019-02-20 16:00:00,-192.92550332932808,447.203968,0.0,0.0,130.5,penalty_5000,5000.0
2019-02-20 17:00:00,2.0919931776088547,0.0,0.0,0.0,0.0,penalty_5000,5000.0
2019-02-20 18:00:00,10.873619999999997,0.0,0.0,0.0,0.0,penalty_5000,5000.0
2019-02-20 19:00:00,10.735756791578948,0.0,0.0,0.0,0.0,penalty_5000,5000.0
2019-02-20 20:00:00,11.287343769051386,0.0,0.0,0.0,0.0,penalty_5000,5000.0
2019-02-20 21:00:00,9.990516106498132,0.0,0.0,0.0,0.0,penalty_5000,5000.0
2019-02-20 22:00:00,9.427505779369804,0.0,0.0,0.0,0.0,penalty_5000,5000.0
2019-02-20 23:00:00,8.850539822389852,0.0,0.0,0.0,0.0,penalty_5000,5000.0
2019-02-21 00:00:00,9.69660664480313,0.0,0.0,0.0,0.0,penalty_5000,5000.0
2019-02-21 01:00:00,9.697849915451787,0.0,0.0,0.0,0.0,penalty_5000,5000.0
2019-02-21 02:00:00,9.724591760269545,0.0,0.0,0.0,0.0,penalty_5000,5000.0
2019-02-21 03:00:00,9.90736236775304,0.0,0.0,0.0,0.0,penalty_5000,5000.0
2019-02-21 04:00:00,10.185938276927784,0.0,0.0,0.0,0.0,penalty_5000,5000.0
2019-02-21 05:00:00,11.17726546671833,0.0,0.0,0.0,0.0,penalty_5000,5000.0
2019-02-21 06:00:00,12.700422982798177,0.0,0.0,0.0,0.0,penalty_5000,5000.0
2019-02-21 07:00:00,12.824937235095526,0.0,0.0,0.0,0.0,penalty_5000,5000.0
2019-02-21 08:00:00,11.249664600385415,0.0,0.0,0.0,0.0,penalty_5000,5000.0
2019-02-21 09:00:00,11.286432794343057,0.0,0.0,0.0,0.0,penalty_5000,5000.0
2019-02-21 10:00:00,10.677571371591238,0.0,0.0,0.0,0.0,penalty_5000,5000.0
2019-02-21 11:00:00,-52.59728142822807,1322.851187,0.0,0.0,220.3,penalty_5000,5000.0
2019-02-21 12:00:00,-244.26525862903347,1721.272328,0.0,0.0,213.5,penalty_5000,5000.0
2019-02-21 13:00:00,-316.12803771945835,1848.126309,0.0,0.0,213.5,penalty_5000,5000.0
2019-02-21 14:00:00,-319.3070072255681,2417.147219,0.0,0.0,255.5,penalty_5000,5000.0
2019-02-21 15:00:00,-290.6814258617552,2213.603825,0.0,0.0,387.3,penalty_5000,5000.0
2019-02-21 16:00:00,-254.42648379060333,1205.608895,0.0,0.0,320.201208,penalty_5000,5000.0
2019-02-21 17:00:00,-57.613021527963156,1549.382109,0.0,0.0,58.0,penalty_5000,5000.0
2019-02-21 18:00:00,-54.96290158716031,1259.287661,0.0,0.0,58.0,penalty_5000,5000.0
2019-02-21 19:00:00,-48.64604219713705,926.799857,0.0,0.0,0.0,penalty_5000,5000.0
2019-02-21 20:00:00,-55.66494845325493,1082.53142,0.0,0.0,0.0,penalty_5000,5000.0
2019-02-21 21:00:00,-65.44420654715681,768.518473,0.0,0.0,12.492373,penalty_5000,5000.0
2019-02-21 22:00:00,10.052437568325407,0.0,0.0,0.0,0.0,penalty_5000,5000.0
2019-02-21 23:00:00,9.824188378004797,0.0,0.0,0.0,0.0,penalty_5000,5000.0
2019-02-22 00:00:00,-70.85095508706668,1.132111,0.0,0.0,42.0,penalty_5000,5000.0
2019-02-22 01:00:00,6.953485476754819,0.0,0.0,0.0,0.0,penalty_5000,5000.0
2019-02-22 02:00:00,9.828107534003143,0.0,0.0,0.0,0.0,penalty_5000,5000.0
2019-02-22 03:00:00,9.87380822571269,0.0,0.0,0.0,0.0,penalty_5000,5000.0
2019-02-22 04:00:00,-77.72263086597751,28.052929,0.0,0.0,42.0,penalty_5000,5000.0
2019-02-22 05:00:00,11.041042000000003,0.0,0.0,0.0,0.0,penalty_5000,5000.0
2019-02-22 06:00:00,13.329268927136738,0.0,0.0,0.0,0.0,penalty_5000,5000.0
2019-02-22 07:00:00,14.17005514012198,0.0,0.0,0.0,0.0,penalty_5000,5000.0
2019-02-22 08:00:00,15.673723650833262,0.0,0.0,0.0,0.0,penalty_5000,5000.0
2019-02-22 09:00:00,14.725046327570206,0.0,0.0,0.0,0.0,penalty_5000,5000.0
2019-02-22 10:00:00,14.007346578576508,0.0,0.0,0.0,0.0,penalty_5000,5000.0
2019-02-22 11:00:00,11.6037069615546,0.0,0.0,0.0,0.0,penalty_5000,5000.0
2019-02-22 12:00:00,17.657832768704612,0.0,0.0,0.0,0.0,penalty_5000,5000.0
2019-02-22 13:00:00,-170.68626503208236,200.165713,0.0,0.0,129.001901,penalty_5000,5000.0
2019-02-22 14:00:00,-177.56442350956263,401.483506,0.0,0.0,88.5,penalty_5000,5000.0
2019-02-22 15:00:00,-181.75792682841956,366.345254,0.0,0.0,88.5,penalty_5000,5000.0
2019-02-22 16:00:00,-234.14905473338635,190.703424,0.0,0.0,88.5,penalty_5000,5000.0
2019-02-22 17:00:00,-40.33050132888392,586.481788,0.0,0.0,0.0,penalty_5000,5000.0
2019-02-22 18:00:00,-38.81686416910841,552.858793,0.0,0.0,0.0,penalty_5000,5000.0
2019-02-22 19:00:00,-55.950758601842374,517.866676,0.0,0.0,0.928599,penalty_5000,5000.0
2019-02-22 20:00:00,12.673339999488546,0.0,0.0,0.0,0.0,penalty_5000,5000.0
2019-02-22 21:00:00,11.961049204312484,0.0,0.0,0.0,0.0,penalty_5000,5000.0
2019-02-22 22:00:00,11.248716356424023,0.0,0.0,0.0,0.0,penalty_5000,5000.0
2019-02-22 23:00:00,10.799856047181015,0.0,0.0,0.0,0.0,penalty_5000,5000.0
2019-02-23 00:00:00,-71.93920712643083,334.106328,0.0,0.0,42.0,penalty_5000,5000.0
2019-02-23 01:00:00,-85.7430720889905,1009.298821,0.0,0.0,42.0,penalty_5000,5000.0
2019-02-23 02:00:00,-87.83451014387882,662.585548,0.0,0.0,51.329724,penalty_5000,5000.0
2019-02-23 03:00:00,-88.28353809962091,984.233946,0.0,0.0,42.0,penalty_5000,5000.0
2019-02-23 04:00:00,-88.93127239209689,1335.560559,0.0,0.0,42.0,penalty_5000,5000.0
2019-02-23 05:00:00,-100.76107193767014,1487.84528,0.0,0.0,42.0,penalty_5000,5000.0
2019-02-23 06:00:00,-81.7256972635373,1124.228606,0.0,0.0,42.0,penalty_5000,5000.0
2019-02-23 07:00:00,-70.44533136448547,278.719866,0.0,0.0,42.0,penalty_5000,5000.0
2019-02-23 08:00:00,-68.29622407592264,394.905083,0.0,0.0,42.0,penalty_5000,5000.0
2019-02-23 09:00:00,-66.23458134640494,464.632878,0.0,0.0,42.0,penalty_5000,5000.0
2019-02-23 10:00:00,12.333671604314867,0.0,0.0,0.0,0.0,penalty_5000,5000.0
2019-02-23 11:00:00,11.122147264756396,0.0,0.0,0.0,0.0,penalty_5000,5000.0
2019-02-23 12:00:00,-108.62271226397004,30.685566,0.0,0.0,0.0,penalty_5000,5000.0
2019-02-23 13:00:00,-220.9672397587569,133.759265,0.0,0.0,417.8,penalty_5000,5000.0
2019-02-23 14:00:00,-220.61769494763084,356.2488,0.0,0.0,417.8,penalty_5000,5000.0
2019-02-23 15:00:00,-215.46813521819465,493.604073,0.0,0.0,255.5,penalty_5000,5000.0
2019-02-23 16:00:00,-223.43078422523504,810.298645,0.0,0.0,417.8,penalty_5000,5000.0
2019-02-23 17:00:00,-221.09988050784423,76.026756,0.0,0.0,88.5,penalty_5000,5000.0
2019-02-23 18:00:00,-86.49521599926858,784.35646,0.0,0.0,417.8,penalty_5000,5000.0
2019-02-23 19:00:00,-74.21964168432517,419.643774,0.0,0.0,42.0,penalty_5000,5000.0
2019-02-23 20:00:00,-82.10620912627226,1075.208727,0.0,0.0,42.0,penalty_5000,5000.0
2019-02-23 21:00:00,-85.36755118570764,1347.218328,0.0,0.0,42.0,penalty_5000,5000.0
2019-02-23 22:00:00,9.163129670846166,0.0,0.0,0.0,0.0,penalty_5000,5000.0
2019-02-23 23:00:00,9.865962191364037,0.0,0.0,0.0,0.0,penalty_5000,5000.0
2019-02-24 00:00:00,10.292665414752397,0.0,0.0,0.0,0.0,penalty_5000,5000.0
2019-02-24 01:00:00,10.067500899713586,0.0,0.0,0.0,0.0,penalty_5000,5000.0
2019-02-24 02:00:00,10.981870440017158,0.0,0.0,0.0,0.0,penalty_5000,5000.0
2019-02-24 03:00:00,11.5404946659805,0.0,0.0,0.0,0.0,penalty_5000,5000.0
2019-02-24 04:00:00,11.41069243955824,0.0,0.0,0.0,0.0,penalty_5000,5000.0
2019-02-24 05:00:00,11.899168467660552,0.0,0.0,0.0,0.0,penalty_5000,5000.0
2019-02-24 06:00:00,12.525048796276533,0.0,0.0,0.0,0.0,penalty_5000,5000.0
2019-02-24 07:00:00,12.09146702596049,0.0,0.0,0.0,0.0,penalty_5000,5000.0
2019-02-24 08:00:00,13.881601802763207,0.0,0.0,0.0,0.0,penalty_5000,5000.0
2019-02-24 09:00:00,13.052603784129568,0.0,0.0,0.0,0.0,penalty_5000,5000.0
2019-02-24 10:00:00,10.89826624950441,0.0,0.0,0.0,0.0,penalty_5000,5000.0
2019-02-24 11:00:00,12.19571093788441,0.0,0.0,0.0,0.0,penalty_5000,5000.0
2019-02-24 12:00:00,-35.287369862763775,102.722688,0.0,0.0,130.5,penalty_5000,5000.0
2019-02-24 13:00:00,-213.39140489358144,887.268132,0.0,0.0,408.973627,penalty_5000,5000.0
2019-02-24 14:00:00,-223.19661661538197,1130.946047,0.0,0.0,255.5,penalty_5000,5000.0
2019-02-24 15:00:00,-210.98649747792183,1188.003595,0.0,0.0,375.134705,penalty_5000,5000.0
2019-02-24 16:00:00,-394.6392804713439,942.211507,0.0,0.0,417.8,penalty_5000,5000.0
2019-02-24 17:00:00,-294.48121869374665,322.35297,0.0,0.0,255.5,penalty_5000,5000.0
2019-02-24 18:00:00,6.511030100655735,0.0,0.0,0.0,216.780904,penalty_5000,5000.0
2019-02-24 19:00:00,10.417823918524643,0.0,0.0,0.0,0.0,penalty_5000,5000.0
2019-02-24 20:00:00,10.681827594880568,0.0,0.0,0.0,0.0,penalty_5000,5000.0
2019-02-24 21:00:00,11.068116945723476,0.0,0.0,0.0,0.0,penalty_5000,5000.0
2019-02-24 22:00:00,10.585934381327377,0.0,0.0,0.0,0.0,penalty_5000,5000.0
2019-02-24 23:00:00,10.396841329322942,0.0,0.0,0.0,0.0,penalty_5000,5000.0
2019-02-25 00:00:00,10.146165738780757,0.0,0.0,0.0,0.0,penalty_5000,5000.0
2019-02-25 01:00:00,9.653588590958416,0.0,0.0,0.0,0.0,penalty_5000,5000.0
2019-02-25 02:00:00,9.735751037930601,0.0,0.0,0.0,0.0,penalty_5000,5000.0
2019-02-25 03:00:00,10.630258537515298,0.0,0.0,0.0,0.0,penalty_5000,5000.0
2019-02-25 04:00:00,9.746456223327021,0.0,0.0,0.0,0.0,penalty_5000,5000.0
2019-02-25 05:00:00,10.522312879477077,0.0,0.0,0.0,0.0,penalty_5000,5000.0
2019-02-25 06:00:00,12.109915365675334,0.0,0.0,0.0,0.0,penalty_5000,5000.0
2019-02-25 07:00:00,13.469710624525112,0.0,0.0,0.0,0.0,penalty_5000,5000.0
2019-02-25 08:00:00,10.54440565426993,0.0,0.0,0.0,0.0,penalty_5000,5000.0
2019-02-25 09:00:00,10.06846114053182,0.0,0.0,0.0,0.0,penalty_5000,5000.0
2019-02-25 10:00:00,9.615932150375466,0.0,0.0,0.0,0.0,penalty_5000,5000.0
2019-02-25 11:00:00,-72.68630587596216,1067.710435,0.0,0.0,387.3,penalty_5000,5000.0
2019-02-25 12:00:00,-278.1444038532642,1942.671803,0.0,0.0,255.5,penalty_5000,5000.0
2019-02-25 13:00:00,-367.85216592390054,1947.503463,0.0,0.0,255.5,penalty_5000,5000.0
2019-02-25 14:00:00,-372.41026992095334,2790.270853,0.0,0.0,255.5,penalty_5000,5000.0
2019-02-25 15:00:00,-378.85986181198405,2829.920553,0.0,0.0,271.715214,penalty_5000,5000.0
2019-02-25 16:00:00,-288.39083133714826,1932.781182,0.0,0.0,255.5,penalty_5000,5000.0
2019-02-25 17:00:00,-276.51215639532006,1733.878863,0.0,0.0,255.5,penalty_5000,5000.0
2019-02-25 18:00:00,-71.72491733023561,1362.941691,0.0,0.0,387.3,penalty_5000,5000.0
2019-02-25 19:00:00,-69.52564447532014,990.456161,0.0,0.0,42.0,penalty_5000,5000.0
2019-02-25 20:00:00,-70.22785190897356,713.133891,0.0,0.0,42.0,penalty_5000,5000.0
2019-02-25 21:00:00,-79.18449484512071,741.905224,0.0,0.0,42.0,penalty_5000,5000.0
2019-02-25 22:00:00,-80.13021080575398,406.200965,0.0,0.0,42.0,penalty_5000,5000.0
2019-02-25 23:00:00,-84.76880892763631,217.418229,0.0,0.0,42.0,penalty_5000,5000.0
2019-02-26 00:00:00,-87.32760035631904,73.521119,0.0,0.0,42.0,penalty_5000,5000.0
2019-02-26 01:00:00,5.10956741565681,0.0,0.0,0.0,0.0,penalty_5000,5000.0
2019-02-26 02:00:00,9.987952280764231,0.0,0.0,0.0,0.0,penalty_5000,5000.0
2019-02-26 03:00:00,8.628021003439342,0.0,0.0,0.0,0.0,penalty_5000,5000.0
2019-02-26 04:00:00,10.09937250143366,0.0,0.0,0.0,0.0,penalty_5000,5000.0
2019-02-26 05:00:00,10.648847389173394,0.0,0.0,0.0,0.0,penalty_5000,5000.0
2019-02-26 06:00:00,11.93180052957831,0.0,0.0,0.0,0.0,penalty_5000,5000.0
2019-02-26 07:00:00,13.0455315769446,0.0,0.0,0.0,0.0,penalty_5000,5000.0
2019-02-26 08:00:00,12.972015194479795,0.0,0.0,0.0,0.0,penalty_5000,5000.0
2019-02-26 09:00:00,11.50106862911231,0.0,0.0,0.0,0.0,penalty_5000,5000.0
2019-02-26 10:00:00,12.491176520970939,0.0,0.0,0.0,0.0,penalty_5000,5000.0
2019-02-26 11:00:00,-68.66311510716689,591.37774,0.0,0.0,42.0,penalty_5000,5000.0
2019-02-26 12:00:00,-62.28060711594291,1316.055825,0.0,0.0,42.0,penalty_5000,5000.0
2019-02-26 13:00:00,-275.1649346627669,795.923477,0.0,0.0,130.5,penalty_5000,5000.0
2019-02-26 14:00:00,-271.3387312348247,1489.126464,0.0,0.0,130.5,penalty_5000,5000.0
2019-02-26 15:00:00,-269.42126330888027,1445.241871,0.0,0.0,130.5,penalty_5000,5000.0
2019-02-26 16:00:00,-68.9917563068278,757.981984,0.0,0.0,42.0,penalty_5000,5000.0
2019-02-26 17:00:00,-67.2971088708056,967.870214,0.0,0.0,42.0,penalty_5000,5000.0
2019-02-26 18:00:00,-65.97413805534913,378.027816,0.0,0.0,42.0,penalty_5000,5000.0
2019-02-26 19:00:00,11.931659268777707,0.0,0.0,0.0,0.0,penalty_5000,5000.0
2019-02-26 20:00:00,13.193655822213296,0.0,0.0,0.0,0.0,penalty_5000,5000.0
2019-02-26 21:00:00,12.218655350160647,0.0,0.0,0.0,0.0,penalty_5000,5000.0
2019-02-26 22:00:00,10.10444717931386,0.0,0.0,0.0,0.0,penalty_5000,5000.0
2019-02-26 23:00:00,11.768229265957322,0.0,0.0,0.0,0.0,penalty_5000,5000.0
2019-02-27 00:00:00,11.505951152515868,0.0,0.0,0.0,0.0,penalty_5000,5000.0
2019-02-27 01:00:00,4.33253670328084,0.0,0.0,0.0,0.0,penalty_5000,5000.0
2019-02-27 02:00:00,10.562136724756044,0.0,0.0,0.0,0.0,penalty_5000,5000.0
2019-02-27 03:00:00,11.254258366901176,0.0,0.0,0.0,0.0,penalty_5000,5000.0
2019-02-27 04:00:00,12.465630113384673,0.0,0.0,0.0,0.0,penalty_5000,5000.0
2019-02-27 05:00:00,11.097575257461502,0.0,0.0,0.0,0.0,penalty_5000,5000.0
2019-02-27 06:00:00,13.469257382726289,0.0,0.0,0.0,0.0,penalty_5000,5000.0
2019-02-27 07:00:00,13.482273517254276,0.0,0.0,0.0,0.0,penalty_5000,5000.0
2019-02-27 08:00:00,13.222964198721563,0.0,0.0,0.0,0.0,penalty_5000,5000.0
2019-02-27 09:00:00,13.726121707255812,0.0,0.0,0.0,0.0,penalty_5000,5000.0
2019-02-27 10:00:00,12.04206214546428,0.0,0.0,0.0,0.0,penalty_5000,5000.0
2019-02-27 11:00:00,16.766514553570694,0.0,0.0,0.0,0.0,penalty_5000,5000.0
2019-02-27 12:00:00,11.464589268203893,0.0,0.0,0.0,0.0,penalty_5000,5000.0
2019-02-27 13:00:00,10.579890753972077,0.0,0.0,0.0,0.0,penalty_5000,5000.0
2019-02-27 14:00:00,10.202032487095268,0.0,0.0,0.0,0.0,penalty_5000,5000.0
2019-02-27 15:00:00,-3.464621258124858,0.0,0.0,0.0,0.0,penalty_5000,5000.0
2019-02-27 16:00:00,-10.161468437055193,0.0,0.0,0.0,58.0,penalty_5000,5000.0
2019-02-27 17:00:00,11.376430152491602,0.0,0.0,0.0,0.0,penalty_5000,5000.0
2019-02-27 18:00:00,12.347459936921524,0.0,0.0,0.0,0.0,penalty_5000,5000.0
2019-02-27 19:00:00,13.719330586486102,0.0,0.0,0.0,0.0,penalty_5000,5000.0
2019-02-27 20:00:00,18.50195745273434,128.792763,0.0,0.0,0.0,penalty_5000,5000.0
2019-02-27 21:00:00,15.644954851836788,282.596242,0.0,0.0,0.0,penalty_5000,5000.0
2019-02-27 22:00:00,-63.31406917222908,704.755235,0.0,0.0,0.0,penalty_5000,5000.0
2019-02-27 23:00:00,-66.66646372419474,690.544976,0.0,0.0,0.0,penalty_5000,5000.0
2019-02-28 00:00:00,-57.63309576984611,708.361659,0.0,0.0,0.0,penalty_5000,5000.0
2019-02-28 01:00:00,3971.8681620343464,695.929512,0.0,0.0,42.0,penalty_5000,5000.0
2019-02-28 02:00:00,-82.13928225699496,582.685086,0.0,0.0,42.0,penalty_5000,5000.0
2019-02-28 03:00:00,-81.58187165990152,456.920543,0.0,0.0,42.0,penalty_5000,5000.0
2019-02-28 04:00:00,-70.52583566948346,336.911546,0.0,0.0,42.0,penalty_5000,5000.0
2019-02-28 05:00:00,-42.480547228964646,306.067506,0.0,0.0,6.259494,penalty_5000,5000.0
2019-02-28 06:00:00,-52.415448020108975,218.919749,0.0,0.0,0.0,penalty_5000,5000.0
2019-02-28 07:00:00,10.914632263811685,0.0,0.0,0.0,0.0,penalty_5000,5000.0
2019-02-28 08:00:00,16.468790929020358,0.0,0.0,0.0,0.0,penalty_5000,5000.0
2019-02-28 09:00:00,15.888226420265205,0.0,0.0,0.0,0.0,penalty_5000,5000.0
2019-02-28 10:00:00,17.10690194574438,0.0,0.0,0.0,0.0,penalty_5000,5000.0
2019-02-28 11:00:00,32.6527254704841,0.0,0.0,0.0,0.0,penalty_5000,5000.0
2019-02-28 12:00:00,19.574670356099322,0.0,0.0,0.0,0.0,penalty_5000,5000.0
2019-02-28 13:00:00,-116.89990838756934,110.286503,0.0,0.0,88.5,penalty_5000,5000.0
2019-02-28 14:00:00,-152.92637068745603,319.043335,0.0,0.0,88.5,penalty_5000,5000.0
2019-02-28 15:00:00,-149.91758315127166,209.503948,0.0,0.0,88.5,penalty_5000,5000.0
2019-02-28 16:00:00,-14.852895000162055,0.0,0.0,0.0,0.0,penalty_5000,5000.0
2019-02-28 17:00:00,14.143206297471846,0.0,0.0,0.0,0.0,penalty_5000,5000.0
2019-02-28 18:00:00,15.87403098662788,0.0,0.0,0.0,0.0,penalty_5000,5000.0
2019-02-28 19:00:00,20.153998550527124,0.0,0.0,0.0,0.0,penalty_5000,5000.0
2019-02-28 20:00:00,18.862555665818338,0.0,0.0,0.0,0.0,penalty_5000,5000.0
2019-02-28 21:00:00,17.41399709484111,0.0,0.0,0.0,0.0,penalty_5000,5000.0
2019-02-28 22:00:00,16.118425667183942,0.0,0.0,0.0,0.0,penalty_5000,5000.0
2019-02-28 23:00:00,15.05335676672217,0.0,0.0,0.0,0.0,penalty_5000,5000.0
2019-03-01 00:00:00,12.43137483486872,0.0,0.0,0.0,0.0,penalty_5000,5000.0
2019-03-01 01:00:00,11.707094728244515,0.0,0.0,0.0,0.0,penalty_5000,5000.0
2019-03-01 02:00:00,12.024479747502546,0.0,0.0,0.0,0.0,penalty_5000,5000.0
2019-03-01 03:00:00,12.174312120048365,0.0,0.0,0.0,0.0,penalty_5000,5000.0
2019-03-01 04:00:00,12.367179028187786,0.0,0.0,0.0,0.0,penalty_5000,5000.0
2019-03-01 05:00:00,12.212175432700466,0.0,0.0,0.0,0.0,penalty_5000,5000.0
2019-03-01 06:00:00,13.043615336357254,0.0,0.0,0.0,0.0,penalty_5000,5000.0
2019-03-01 07:00:00,13.573117266837524,0.0,0.0,0.0,0.0,penalty_5000,5000.0
2019-03-01 08:00:00,12.722384432496865,0.0,0.0,0.0,0.0,penalty_5000,5000.0
2019-03-01 09:00:00,11.938522907186844,0.0,0.0,0.0,0.0,penalty_5000,5000.0
2019-03-01 10:00:00,11.549234606868534,0.0,0.0,0.0,0.0,penalty_5000,5000.0
2019-03-01 11:00:00,-153.1895484888634,44.057328,0.0,0.0,375.8,penalty_5000,5000.0
2019-03-01 12:00:00,-161.0186029908146,609.497107,0.0,0.0,130.5,penalty_5000,5000.0
2019-03-01 13:00:00,-183.00093471970547,1268.32016,0.0,0.0,255.5,penalty_5000,5000.0
2019-03-01 14:00:00,-187.61944440491845,1332.47088,0.0,0.0,255.5,penalty_5000,5000.0
2019-03-01 15:00:00,-185.35936235236613,1202.039097,0.0,0.0,255.5,penalty_5000,5000.0
2019-03-01 16:00:00,-193.86445846456974,719.624109,0.0,0.0,378.957639,penalty_5000,5000.0
2019-03-01 17:00:00,-179.26601901996352,60.950927,0.0,0.0,130.5,penalty_5000,5000.0
2019-03-01 18:00:00,13.949818194806767,0.0,0.0,0.0,0.0,penalty_5000,5000.0
2019-03-01 19:00:00,10.885664844567678,0.0,0.0,0.0,0.0,penalty_5000,5000.0
2019-03-01 20:00:00,11.302563552445003,0.0,0.0,0.0,0.0,penalty_5000,5000.0
2019-03-01 21:00:00,11.773584091872404,0.0,0.0,0.0,0.0,penalty_5000,5000.0
2019-03-01 22:00:00,10.545850090945285,0.0,0.0,0.0,0.0,penalty_5000,5000.0
2019-03-01 23:00:00,9.849862911915501,0.0,0.0,0.0,0.0,penalty_5000,5000.0
2019-03-02 00:00:00,12.338614775977279,0.0,0.0,0.0,0.0,penalty_5000,5000.0
2019-03-02 01:00:00,-66.92736472358412,98.076819,0.0,0.0,42.0,penalty_5000,5000.0
2019-03-02 02:00:00,-66.92065967429143,368.6717,0.0,0.0,42.0,penalty_5000,5000.0
2019-03-02 03:00:00,-76.9976803877464,566.194851,0.0,0.0,42.0,penalty_5000,5000.0
2019-03-02 04:00:00,-70.59075576711182,582.693309,0.0,0.0,42.0,penalty_5000,5000.0
2019-03-02 05:00:00,-51.2576343197262,150.597337,0.0,0.0,37.986347,penalty_5000,5000.0
2019-03-02 06:00:00,12.51858291731161,0.0,0.0,0.0,0.0,penalty_5000,5000.0
2019-03-02 07:00:00,15.43765575438459,0.0,0.0,0.0,0.0,penalty_5000,5000.0
2019-03-02 08:00:00,15.259377127041219,0.0,0.0,0.0,0.0,penalty_5000,5000.0
2019-03-02 09:00:00,15.160956383686129,0.0,0.0,0.0,0.0,penalty_5000,5000.0
2019-03-02 10:00:00,15.574210123588387,0.0,0.0,0.0,0.0,penalty_5000,5000.0
2019-03-02 11:00:00,15.612332814346207,0.0,0.0,0.0,0.0,penalty_5000,5000.0
2019-03-02 12:00:00,15.465315834278712,0.0,0.0,0.0,0.0,penalty_5000,5000.0
2019-03-02 13:00:00,-60.822251525551025,0.0,0.0,0.0,220.3,penalty_5000,5000.0
2019-03-02 14:00:00,-39.715443329244216,0.0,0.0,0.0,220.3,penalty_5000,5000.0
2019-03-02 15:00:00,-18.733184956345028,0.0,0.0,0.0,199.59781,penalty_5000,5000.0
2019-03-02 16:00:00,12.733171882480036,0.0,0.0,0.0,0.0,penalty_5000,5000.0
2019-03-02 17:00:00,35.18032522768773,0.0,0.0,0.0,53.844,penalty_5000,5000.0
2019-03-02 18:00:00,12.71987735969089,0.0,0.0,0.0,0.0,penalty_5000,5000.0
2019-03-02 19:00:00,12.858258022618966,0.0,0.0,0.0,0.0,penalty_5000,5000.0
2019-03-02 20:00:00,9.266440014878464,0.0,0.0,0.0,0.0,penalty_5000,5000.0
2019-03-02 21:00:00,-41.61097593004471,761.223689,0.0,0.0,0.0,penalty_5000,5000.0
2019-03-02 22:00:00,-55.81055729677998,1286.643084,0.0,0.0,0.0,penalty_5000,5000.0
2019-03-02 23:00:00,-72.87181322102415,901.307701,0.0,0.0,25.804983,penalty_5000,5000.0
2019-03-03 00:00:00,-79.45556678585115,613.454453,0.0,0.0,42.0,penalty_5000,5000.0
2019-03-03 01:00:00,-80.82975059473735,424.805037,0.0,0.0,42.0,penalty_5000,5000.0
2019-03-03 02:00:00,-82.40928679331658,519.244534,0.0,0.0,42.0,penalty_5000,5000.0
2019-03-03 03:00:00,-83.37638490637207,894.126331,0.0,0.0,42.0,penalty_5000,5000.0
2019-03-03 04:00:00,-85.06636040997012,1268.30097,0.0,0.0,42.0,penalty_5000,5000.0
2019-03-03 05:00:00,-84.63202826483297,1424.361542,0.0,0.0,42.0,penalty_5000,5000.0
2019-03-03 06:00:00,-79.44743011957961,1525.732205,0.0,0.0,6.340072,penalty_5000,5000.0
2019-03-03 07:00:00,-75.57161665905741,1433.050532,0.0,0.0,0.0,penalty_5000,5000.0
2019-03-03 08:00:00,-66.26411512969153,1295.81427,0.0,0.0,0.0,penalty_5000,5000.0
2019-03-03 09:00:00,-10.172275458720135,1407.042056,0.0,0.0,0.0,penalty_5000,5000.0
2019-03-03 10:00:00,19.906059663106426,531.916942,0.0,0.0,58.0,penalty_5000,5000.0
2019-03-03 11:00:00,22.858538664845135,1540.207335,0.0,0.0,375.8,penalty_5000,5000.0
2019-03-03 12:00:00,-171.03412740551357,2471.67535,0.0,0.0,213.5,penalty_5000,5000.0
2019-03-03 13:00:00,-205.89981927609955,2166.236411,0.0,0.0,213.5,penalty_5000,5000.0
2019-03-03 14:00:00,-234.16847787609896,2853.159572,0.0,0.0,213.5,penalty_5000,5000.0
2019-03-03 15:00:00,-210.82524527012623,2796.992752,0.0,0.0,213.5,penalty_5000,5000.0
2019-03-03 16:00:00,-206.31255817138222,1772.533617,0.0,0.0,213.5,penalty_5000,5000.0
2019-03-03 17:00:00,-155.7425532380449,1656.295966,0.0,0.0,213.5,penalty_5000,5000.0
2019-03-03 18:00:00,32.05829954335272,1276.200327,0.0,0.0,235.029354,penalty_5000,5000.0
2019-03-03 19:00:00,35.765034695799855,1014.543794,0.0,0.0,58.0,penalty_5000,5000.0
2019-03-03 20:00:00,25.50007831816679,1147.390619,0.0,0.0,0.0,penalty_5000,5000.0
2019-03-03 21:00:00,22.778655171079368,1517.875917,0.0,0.0,0.0,penalty_5000,5000.0
2019-03-03 22:00:00,19.787357849631537,1531.144518,0.0,0.0,0.0,penalty_5000,5000.0
2019-03-03 23:00:00,-42.07629813528353,1487.87824,0.0,0.0,0.0,penalty_5000,5000.0
2019-03-04 00:00:00,-43.72567698171578,1409.272279,0.0,0.0,0.0,penalty_5000,5000.0
2019-03-04 01:00:00,-61.89140573706352,1199.507139,0.0,0.0,0.0,penalty_5000,5000.0
2019-03-04 02:00:00,-64.97152861531234,1223.992843,0.0,0.0,42.0,penalty_5000,5000.0
2019-03-04 03:00:00,-62.274152941333504,1199.397216,0.0,0.0,42.0,penalty_5000,5000.0
2019-03-04 04:00:00,-57.836991207105456,1151.599128,0.0,0.0,0.0,penalty_5000,5000.0
2019-03-04 05:00:00,-52.443068336878675,1101.337099,0.0,0.0,0.0,penalty_5000,5000.0
2019-03-04 06:00:00,38.39043736689219,966.056889,0.0,0.0,0.0,penalty_5000,5000.0
2019-03-04 07:00:00,57.11491587077268,746.680305,0.0,0.0,0.0,penalty_5000,5000.0
2019-03-04 08:00:00,42.986021230153305,569.301721,0.0,0.0,0.0,penalty_5000,5000.0
2019-03-04 09:00:00,47.896269458224154,576.268262,0.0,0.0,58.0,penalty_5000,5000.0
2019-03-04 10:00:00,14.972656663961645,0.0,0.0,0.0,0.0,penalty_5000,5000.0
2019-03-04 11:00:00,52.574752129838885,332.14501,0.0,0.0,58.0,penalty_5000,5000.0
2019-03-04 12:00:00,32.982610533356855,518.252775,0.0,0.0,58.0,penalty_5000,5000.0
2019-03-04 13:00:00,19.86717453149043,0.0,0.0,0.0,0.0,penalty_5000,5000.0
2019-03-04 14:00:00,-143.40889045602614,257.723451,0.0,0.0,88.5,penalty_5000,5000.0
2019-03-04 15:00:00,-140.662128385984,237.363028,0.0,0.0,88.5,penalty_5000,5000.0
2019-03-04 16:00:00,-132.46339057375673,214.186945,0.0,0.0,58.0,penalty_5000,5000.0
2019-03-04 17:00:00,11.662945997826538,0.0,0.0,0.0,0.0,penalty_5000,5000.0
2019-03-04 18:00:00,14.62630050150418,0.0,0.0,0.0,0.0,penalty_5000,5000.0
2019-03-04 19:00:00,20.836699649338318,0.0,0.0,0.0,0.0,penalty_5000,5000.0
2019-03-04 20:00:00,22.42925582765971,0.0,0.0,0.0,0.0,penalty_5000,5000.0
2019-03-04 21:00:00,19.68646213863531,0.0,0.0,0.0,0.0,penalty_5000,5000.0
2019-03-04 22:00:00,19.46219617440533,0.0,0.0,0.0,0.0,penalty_5000,5000.0
2019-03-04 23:00:00,17.046379919309242,0.0,0.0,0.0,0.0,penalty_5000,5000.0
2019-03-05 00:00:00,16.644903491779495,0.0,0.0,0.0,0.0,penalty_5000,5000.0
2019-03-05 01:00:00,16.048372917382988,0.0,0.0,0.0,0.0,penalty_5000,5000.0
2019-03-05 02:00:00,16.415566290615786,0.0,0.0,0.0,0.0,penalty_5000,5000.0
2019-03-05 03:00:00,16.32259655749346,0.0,0.0,0.0,0.0,penalty_5000,5000.0
2019-03-05 04:00:00,16.405595477833902,0.0,0.0,0.0,0.0,penalty_5000,5000.0
2019-03-05 05:00:00,21.183156347938688,0.0,0.0,0.0,0.0,penalty_5000,5000.0
2019-03-05 06:00:00,26.759176368285818,0.0,0.0,0.0,0.0,penalty_5000,5000.0
2019-03-05 07:00:00,27.289502031054948,0.0,0.0,0.0,0.0,penalty_5000,5000.0
2019-03-05 08:00:00,24.487198532159688,0.0,0.0,0.0,0.0,penalty_5000,5000.0
2019-03-05 09:00:00,18.01401482753053,0.0,0.0,0.0,0.0,penalty_5000,5000.0
2019-03-05 10:00:00,15.05468107176053,0.0,0.0,0.0,0.0,penalty_5000,5000.0
2019-03-05 11:00:00,-83.05217860610448,10.545566,0.0,0.0,58.0,penalty_5000,5000.0
2019-03-05 12:00:00,-144.4951661563765,171.813283,0.0,0.0,88.5,penalty_5000,5000.0
2019-03-05 13:00:00,-149.41707305291177,854.322199,0.0,0.0,88.5,penalty_5000,5000.0
2019-03-05 14:00:00,-156.9290198950742,1183.831158,0.0,0.0,130.5,penalty_5000,5000.0
2019-03-05 15:00:00,-164.7000789224241,1183.327277,0.0,0.0,130.5,penalty_5000,5000.0
2019-03-05 16:00:00,-165.3186777583854,648.323838,0.0,0.0,130.5,penalty_5000,5000.0
2019-03-05 17:00:00,-156.1948498017637,158.78896,0.0,0.0,130.5,penalty_5000,5000.0
2019-03-05 18:00:00,17.427210925286932,0.0,0.0,0.0,0.0,penalty_5000,5000.0
2019-03-05 19:00:00,11.82449371155749,0.0,0.0,0.0,0.0,penalty_5000,5000.0
2019-03-05 20:00:00,14.630653771575856,0.0,0.0,0.0,0.0,penalty_5000,5000.0
2019-03-05 21:00:00,15.777641043604472,0.0,0.0,0.0,0.0,penalty_5000,5000.0
2019-03-05 22:00:00,15.403583608571724,0.0,0.0,0.0,0.0,penalty_5000,5000.0
2019-03-05 23:00:00,14.517787917871331,0.0,0.0,0.0,0.0,penalty_5000,5000.0
2019-03-06 00:00:00,14.647756404031487,0.0,0.0,0.0,0.0,penalty_5000,5000.0
2019-03-06 01:00:00,13.948992636973896,0.0,0.0,0.0,0.0,penalty_5000,5000.0
2019-03-06 02:00:00,14.554666008131766,0.0,0.0,0.0,0.0,penalty_5000,5000.0
2019-03-06 03:00:00,14.659391330279506,0.0,0.0,0.0,0.0,penalty_5000,5000.0
2019-03-06 04:00:00,15.115426788129446,0.0,0.0,0.0,0.0,penalty_5000,5000.0
2019-03-06 05:00:00,17.16765702805359,0.0,0.0,0.0,0.0,penalty_5000,5000.0
2019-03-06 06:00:00,23.226536611793247,0.0,0.0,0.0,0.0,penalty_5000,5000.0
2019-03-06 07:00:00,21.524869429775062,0.0,0.0,0.0,0.0,penalty_5000,5000.0
2019-03-06 08:00:00,16.050946227740788,0.0,0.0,0.0,0.0,penalty_5000,5000.0
2019-03-06 09:00:00,11.256633011830704,0.0,0.0,0.0,0.0,penalty_5000,5000.0
2019-03-06 10:00:00,10.908465164670185,0.0,0.0,0.0,0.0,penalty_5000,5000.0
2019-03-06 11:00:00,-63.754815392364065,1511.407749,0.0,0.0,271.877813,penalty_5000,5000.0
2019-03-06 12:00:00,-261.49488109207283,1941.490603,0.0,0.0,255.5,penalty_5000,5000.0
2019-03-06 13:00:00,-275.06144056599277,1668.300347,0.0,0.0,263.019722,penalty_5000,5000.0
2019-03-06 14:00:00,-239.49972161864457,2341.109095,0.0,0.0,417.8,penalty_5000,5000.0
2019-03-06 15:00:00,-272.79889751745867,2307.428229,0.0,0.0,241.942902,penalty_5000,5000.0
2019-03-06 16:00:00,-264.60563282858476,1264.890281,0.0,0.0,387.3,penalty_5000,5000.0
2019-03-06 17:00:00,-257.26463453441306,1840.24227,0.0,0.0,130.5,penalty_5000,5000.0
2019-03-06 18:00:00,-59.51773333108526,1313.209445,0.0,0.0,42.0,penalty_5000,5000.0
2019-03-06 19:00:00,-56.43851137203651,979.638809,0.0,0.0,42.0,penalty_5000,5000.0
2019-03-06 20:00:00,-57.0146169903421,1118.175998,0.0,0.0,42.0,penalty_5000,5000.0
2019-03-06 21:00:00,-66.22926671653074,1556.067136,0.0,0.0,42.0,penalty_5000,5000.0
2019-03-06 22:00:00,-75.99842032867073,729.94767,0.0,0.0,42.0,penalty_5000,5000.0
2019-03-06 23:00:00,-81.01624914493664,905.765058,0.0,0.0,42.0,penalty_5000,5000.0
2019-03-07 00:00:00,-86.86616194639574,1055.652967,0.0,0.0,42.0,penalty_5000,5000.0
2019-03-07 01:00:00,-87.4670685906647,1122.589292,0.0,0.0,42.0,penalty_5000,5000.0
2019-03-07 02:00:00,-89.75765982420177,1213.665233,0.0,0.0,42.0,penalty_5000,5000.0
2019-03-07 03:00:00,-89.46835615850183,1234.448456,0.0,0.0,42.0,penalty_5000,5000.0
2019-03-07 04:00:00,-84.80813164632114,1142.94568,0.0,0.0,42.0,penalty_5000,5000.0
2019-03-07 05:00:00,-76.86313584660334,889.344631,0.0,0.0,42.0,penalty_5000,5000.0
2019-03-07 06:00:00,-65.91956059255016,657.563727,0.0,0.0,42.0,penalty_5000,5000.0
2019-03-07 07:00:00,-64.60019077302734,434.44051,0.0,0.0,42.0,penalty_5000,5000.0
2019-03-07 08:00:00,-64.49232383904312,436.085816,0.0,0.0,42.0,penalty_5000,5000.0
2019-03-07 09:00:00,-64.14891712759766,878.315144,0.0,0.0,42.0,penalty_5000,5000.0
2019-03-07 10:00:00,-69.22856068163462,3.952524,0.0,0.0,42.0,penalty_5000,5000.0
2019-03-07 11:00:00,-73.50990320434074,903.777411,0.0,0.0,262.3,penalty_5000,5000.0
2019-03-07 12:00:00,-285.5466341718631,989.815053,0.0,0.0,255.5,penalty_5000,5000.0
2019-03-07 13:00:00,-203.45471547210707,516.716318,0.0,0.0,255.5,penalty_5000,5000.0
2019-03-07 14:00:00,-365.57298380693186,1106.046171,0.0,0.0,255.5,penalty_5000,5000.0
2019-03-07 15:00:00,-292.28716202551806,1456.139803,0.0,0.0,417.8,penalty_5000,5000.0
2019-03-07 16:00:00,-291.4493689426222,999.483477,0.0,0.0,414.729198,penalty_5000,5000.0
2019-03-07 17:00:00,-80.59965051543922,905.97905,0.0,0.0,262.3,penalty_5000,5000.0
2019-03-07 18:00:00,-72.23430735019203,335.460848,0.0,0.0,157.975824,penalty_5000,5000.0
2019-03-07 19:00:00,10.056264792093165,0.0,0.0,0.0,0.0,penalty_5000,5000.0
2019-03-07 20:00:00,-70.00822012085517,601.100342,0.0,0.0,42.0,penalty_5000,5000.0
2019-03-07 21:00:00,-77.38797553608578,1015.519666,0.0,0.0,42.0,penalty_5000,5000.0
2019-03-07 22:00:00,-80.3395858497534,1020.307873,0.0,0.0,42.0,penalty_5000,5000.0
2019-03-07 23:00:00,-98.6294298534364,983.071293,0.0,0.0,42.0,penalty_5000,5000.0
2019-03-08 00:00:00,-93.7161305096278,956.9839,0.0,0.0,42.0,penalty_5000,5000.0
2019-03-08 01:00:00,-96.35517726272828,874.415443,0.0,0.0,42.0,penalty_5000,5000.0
2019-03-08 02:00:00,-101.04231300980223,863.951405,0.0,0.0,42.0,penalty_5000,5000.0
2019-03-08 03:00:00,-102.19478555865759,835.810278,0.0,0.0,42.0,penalty_5000,5000.0
2019-03-08 04:00:00,-82.52020937718484,808.107263,0.0,0.0,42.0,penalty_5000,5000.0
2019-03-08 05:00:00,-80.29073773838743,807.390371,0.0,0.0,42.0,penalty_5000,5000.0
2019-03-08 06:00:00,4.288893957076246,0.0,0.0,0.0,0.0,penalty_5000,5000.0
2019-03-08 07:00:00,9.892724797434122,0.0,0.0,0.0,0.0,penalty_5000,5000.0
2019-03-08 08:00:00,11.440620267116808,0.0,0.0,0.0,0.0,penalty_5000,5000.0
2019-03-08 09:00:00,11.374065122498322,0.0,0.0,0.0,0.0,penalty_5000,5000.0
2019-03-08 10:00:00,11.273094246144083,0.0,0.0,0.0,0.0,penalty_5000,5000.0
2019-03-08 11:00:00,11.019970500566401,0.0,0.0,0.0,0.0,penalty_5000,5000.0
2019-03-08 12:00:00,-162.38435125131002,49.756453,0.0,0.0,375.8,penalty_5000,5000.0
2019-03-08 13:00:00,-51.8245642923554,0.0,0.0,0.0,375.8,penalty_5000,5000.0
2019-03-08 14:00:00,-186.55729660277052,155.554977,0.0,0.0,185.679013,penalty_5000,5000.0
2019-03-08 15:00:00,-187.3228170568984,232.940142,0.0,0.0,112.153833,penalty_5000,5000.0
2019-03-08 16:00:00,-189.34793596545765,14.304529,0.0,0.0,213.5,penalty_5000,5000.0
2019-03-08 17:00:00,-61.4723208218043,144.241396,0.0,0.0,108.170266,penalty_5000,5000.0
2019-03-08 18:00:00,-61.408285612103846,195.413368,0.0,0.0,220.3,penalty_5000,5000.0
2019-03-08 19:00:00,-60.26741596200463,327.166327,0.0,0.0,0.0,penalty_5000,5000.0
2019-03-08 20:00:00,-47.58488428219999,235.171671,0.0,0.0,0.0,penalty_5000,5000.0
2019-03-08 21:00:00,-72.01151955938978,583.413131,0.0,0.0,42.0,penalty_5000,5000.0
2019-03-08 22:00:00,-74.41349855689212,543.999882,0.0,0.0,42.0,penalty_5000,5000.0
2019-03-08 23:00:00,-89.62130004975597,1190.180707,0.0,0.0,42.0,penalty_5000,5000.0
2019-03-09 00:00:00,-95.20487321330543,1324.056525,0.0,0.0,42.0,penalty_5000,5000.0
2019-03-09 01:00:00,-101.19688575643913,1241.428172,0.0,0.0,42.0,penalty_5000,5000.0
2019-03-09 02:00:00,-102.91118432747288,1261.109344,0.0,0.0,42.0,penalty_5000,5000.0
2019-03-09 03:00:00,6.051266922553665,0.0,0.0,0.0,0.0,penalty_5000,5000.0
2019-03-09 04:00:00,9.654395844940877,0.0,0.0,0.0,0.0,penalty_5000,5000.0
2019-03-09 05:00:00,-106.1327877159953,1248.276507,0.0,0.0,100.0,penalty_5000,5000.0
2019-03-09 06:00:00,-99.81689410976823,1173.747133,0.0,0.0,42.0,penalty_5000,5000.0
2019-03-09 07:00:00,-96.6628964092446,418.225763,0.0,0.0,42.0,penalty_5000,5000.0
2019-03-09 08:00:00,-82.63401083484408,316.472495,0.0,0.0,42.0,penalty_5000,5000.0
2019-03-09 09:00:00,10.221031630546108,0.0,0.0,0.0,0.0,penalty_5000,5000.0
2019-03-09 10:00:00,9.109569371136656,0.0,0.0,0.0,0.0,penalty_5000,5000.0
2019-03-09 11:00:00,-197.06307726706822,220.885555,0.0,0.0,213.5,penalty_5000,5000.0
2019-03-09 12:00:00,-269.6210222664306,3041.129478,0.0,0.0,255.5,penalty_5000,5000.0
2019-03-09 13:00:00,-323.7690517640797,2690.582283,0.0,0.0,347.030365,penalty_5000,5000.0
2019-03-09 14:00:00,-336.42099065807264,3394.32765,0.0,0.0,255.5,penalty_5000,5000.0
2019-03-09 15:00:00,-261.66349356504753,3256.859777,0.0,0.0,344.015252,penalty_5000,5000.0
2019-03-09 16:00:00,-258.3079617229492,2216.682904,0.0,0.0,255.5,penalty_5000,5000.0
2019-03-09 17:00:00,-254.9003589962541,1999.185002,0.0,0.0,130.5,penalty_5000,5000.0
2019-03-09 18:00:00,9.348989932612927,0.0,0.0,0.0,0.0,penalty_5000,5000.0
2019-03-09 19:00:00,10.430277,0.0,0.0,0.0,0.0,penalty_5000,5000.0
2019-03-09 20:00:00,11.448627108827418,0.0,0.0,0.0,0.0,penalty_5000,5000.0
2019-03-09 21:00:00,11.019755280352523,0.0,0.0,0.0,0.0,penalty_5000,5000.0
2019-03-09 22:00:00,10.368245465416893,0.0,0.0,0.0,0.0,penalty_5000,5000.0
2019-03-09 23:00:00,10.076678,0.0,0.0,0.0,0.0,penalty_5000,5000.0
2019-03-10 00:00:00,11.518502430936334,0.0,0.0,0.0,0.0,penalty_5000,5000.0
2019-03-10 01:00:00,10.512751003520968,0.0,0.0,0.0,0.0,penalty_5000,5000.0
2019-03-10 02:00:00,9.368678972679485,0.0,0.0,0.0,0.0,penalty_5000,5000.0
2019-03-10 03:00:00,9.17406485598162,0.0,0.0,0.0,0.0,penalty_5000,5000.0
2019-03-10 04:00:00,9.433863835304985,0.0,0.0,0.0,0.0,penalty_5000,5000.0
2019-03-10 05:00:00,9.632662224135508,0.0,0.0,0.0,0.0,penalty_5000,5000.0
2019-03-10 06:00:00,9.46489591470582,0.0,0.0,0.0,0.0,penalty_5000,5000.0
2019-03-10 07:00:00,-81.85141168603229,15.057906,0.0,0.0,42.0,penalty_5000,5000.0
2019-03-10 08:00:00,-79.1935563122042,385.939101,0.0,0.0,42.0,penalty_5000,5000.0
2019-03-10 09:00:00,-76.76785418340752,698.021742,0.0,0.0,42.0,penalty_5000,5000.0
2019-03-10 10:00:00,-75.57895081993766,106.79305,0.0,0.0,42.0,penalty_5000,5000.0
2019-03-10 11:00:00,-74.77378785318129,1308.433006,0.0,0.0,42.0,penalty_5000,5000.0
2019-03-10 12:00:00,-75.5326869253803,1482.925565,0.0,0.0,100.0,penalty_5000,5000.0
2019-03-10 13:00:00,-59.255356572789445,627.107344,0.0,0.0,345.3,penalty_5000,5000.0
2019-03-10 14:00:00,-282.8643129197032,1231.200023,0.0,0.0,229.3393,penalty_5000,5000.0
2019-03-10 15:00:00,-279.1946229937526,1445.917169,0.0,0.0,240.965787,penalty_5000,5000.0
2019-03-10 16:00:00,-283.2458652151292,987.400747,0.0,0.0,206.473544,penalty_5000,5000.0
2019-03-10 17:00:00,-75.13016096545005,875.124985,0.0,0.0,262.3,penalty_5000,5000.0
2019-03-10 18:00:00,-69.08291864033771,250.299388,0.0,0.0,100.0,penalty_5000,5000.0
2019-03-10 19:00:00,11.339852417356589,0.0,0.0,0.0,0.0,penalty_5000,5000.0
2019-03-10 20:00:00,10.730677850979623,0.0,0.0,0.0,0.0,penalty_5000,5000.0
2019-03-10 21:00:00,10.276573053571061,0.0,0.0,0.0,0.0,penalty_5000,5000.0
2019-03-10 22:00:00,10.761059318487677,0.0,0.0,0.0,0.0,penalty_5000,5000.0
2019-03-10 23:00:00,10.747383339982319,0.0,0.0,0.0,0.0,penalty_5000,5000.0
2019-03-11 00:00:00,10.417843375596,0.0,0.0,0.0,0.0,penalty_5000,5000.0
2019-03-11 01:00:00,9.490116753683925,0.0,0.0,0.0,0.0,penalty_5000,5000.0
2019-03-11 02:00:00,9.880467945010148,0.0,0.0,0.0,0.0,penalty_5000,5000.0
2019-03-11 03:00:00,10.353223673392316,0.0,0.0,0.0,0.0,penalty_5000,5000.0
2019-03-11 04:00:00,9.592308048748514,0.0,0.0,0.0,0.0,penalty_5000,5000.0
2019-03-11 05:00:00,11.244306592841907,0.0,0.0,0.0,0.0,penalty_5000,5000.0
2019-03-11 06:00:00,13.1816761309397,0.0,0.0,0.0,0.0,penalty_5000,5000.0
2019-03-11 07:00:00,13.759374376110202,0.0,0.0,0.0,0.0,penalty_5000,5000.0
2019-03-11 08:00:00,13.533408231622037,0.0,0.0,0.0,0.0,penalty_5000,5000.0
2019-03-11 09:00:00,11.137961818325554,0.0,0.0,0.0,0.0,penalty_5000,5000.0
2019-03-11 10:00:00,10.487975784085252,0.0,0.0,0.0,0.0,penalty_5000,5000.0
2019-03-11 11:00:00,10.246969982671665,0.0,0.0,0.0,0.0,penalty_5000,5000.0
2019-03-11 12:00:00,10.17057808932391,0.0,0.0,0.0,0.0,penalty_5000,5000.0
2019-03-11 13:00:00,-188.64029379915587,296.250124,0.0,0.0,130.5,penalty_5000,5000.0
2019-03-11 14:00:00,-269.70130823381226,755.273512,0.0,0.0,268.380616,penalty_5000,5000.0
2019-03-11 15:00:00,-269.6147208997883,813.668451,0.0,0.0,337.442859,penalty_5000,5000.0
2019-03-11 16:00:00,-270.84824574152987,491.312656,0.0,0.0,255.5,penalty_5000,5000.0
2019-03-11 17:00:00,-71.08274776516463,893.621325,0.0,0.0,234.478712,penalty_5000,5000.0
2019-03-11 18:00:00,-70.73603037195144,1006.706852,0.0,0.0,189.26817,penalty_5000,5000.0
2019-03-11 19:00:00,-68.80562149082203,979.762618,0.0,0.0,42.0,penalty_5000,5000.0
2019-03-11 20:00:00,-71.30611102507902,194.853764,0.0,0.0,42.0,penalty_5000,5000.0
2019-03-11 21:00:00,9.051619687710993,0.0,0.0,0.0,0.0,penalty_5000,5000.0
2019-03-11 22:00:00,10.185090135655923,0.0,0.0,0.0,0.0,penalty_5000,5000.0
2019-03-11 23:00:00,10.011204715780574,0.0,0.0,0.0,0.0,penalty_5000,5000.0
2019-03-12 00:00:00,8.813194890868374,0.0,0.0,0.0,0.0,penalty_5000,5000.0
2019-03-12 01:00:00,8.329920972468463,0.0,0.0,0.0,0.0,penalty_5000,5000.0
2019-03-12 02:00:00,8.550643345045309,0.0,0.0,0.0,0.0,penalty_5000,5000.0
2019-03-12 03:00:00,8.658244420810414,0.0,0.0,0.0,0.0,penalty_5000,5000.0
2019-03-12 04:00:00,8.442923747112811,0.0,0.0,0.0,0.0,penalty_5000,5000.0
2019-03-12 05:00:00,9.317415299333197,0.0,0.0,0.0,0.0,penalty_5000,5000.0
2019-03-12 06:00:00,9.551340000463428,0.0,0.0,0.0,0.0,penalty_5000,5000.0
2019-03-12 07:00:00,9.838251350813612,0.0,0.0,0.0,0.0,penalty_5000,5000.0
2019-03-12 08:00:00,10.350281654789962,0.0,0.0,0.0,0.0,penalty_5000,5000.0
2019-03-12 09:00:00,-63.6038164958457,353.696488,0.0,0.0,42.0,penalty_5000,5000.0
2019-03-12 10:00:00,-67.22668156519677,174.322145,0.0,0.0,292.8,penalty_5000,5000.0
2019-03-12 11:00:00,-204.75438673226293,901.411263,0.0,0.0,417.8,penalty_5000,5000.0
2019-03-12 12:00:00,-323.4340506776227,1710.88188,0.0,0.0,417.8,penalty_5000,5000.0
2019-03-12 13:00:00,-263.237783212666,1279.135305,0.0,0.0,130.5,penalty_5000,5000.0
2019-03-12 14:00:00,-264.8522071152094,2124.205491,0.0,0.0,130.5,penalty_5000,5000.0
2019-03-12 15:00:00,-265.47300207967305,1948.05331,0.0,0.0,130.5,penalty_5000,5000.0
2019-03-12 16:00:00,-66.72263884229122,588.187487,0.0,0.0,42.0,penalty_5000,5000.0
2019-03-12 17:00:00,-67.35366275554972,1095.019446,0.0,0.0,42.0,penalty_5000,5000.0
2019-03-12 18:00:00,-66.97329373253127,656.076932,0.0,0.0,42.0,penalty_5000,5000.0
2019-03-12 19:00:00,-66.40710586630426,135.276229,0.0,0.0,42.0,penalty_5000,5000.0
2019-03-12 20:00:00,-68.06746347557973,308.017822,0.0,0.0,42.0,penalty_5000,5000.0
2019-03-12 21:00:00,11.505847583522696,0.0,0.0,0.0,0.0,penalty_5000,5000.0
2019-03-12 22:00:00,9.911763334307182,0.0,0.0,0.0,0.0,penalty_5000,5000.0
2019-03-12 23:00:00,9.690451976960581,0.0,0.0,0.0,0.0,penalty_5000,5000.0
2019-03-13 00:00:00,-54.61510458657126,967.064227,0.0,0.0,42.0,penalty_5000,5000.0
2019-03-13 01:00:00,-69.73339704950395,576.522366,0.0,0.0,42.0,penalty_5000,5000.0
2019-03-13 02:00:00,-103.41917187018592,1740.267212,0.0,0.0,42.0,penalty_5000,5000.0
2019-03-13 03:00:00,-103.32070020553684,1648.787655,0.0,0.0,42.0,penalty_5000,5000.0
2019-03-13 04:00:00,-102.09565287518436,1455.67459,0.0,0.0,42.0,penalty_5000,5000.0
2019-03-13 05:00:00,-100.39054314296743,1518.80191,0.0,0.0,42.0,penalty_5000,5000.0
2019-03-13 06:00:00,-83.37313882513047,730.441828,0.0,0.0,42.0,penalty_5000,5000.0
2019-03-13 07:00:00,10.18368973298778,0.0,0.0,0.0,0.0,penalty_5000,5000.0
2019-03-13 08:00:00,10.55689382720449,0.0,0.0,0.0,0.0,penalty_5000,5000.0
2019-03-13 09:00:00,10.672861061784904,0.0,0.0,0.0,0.0,penalty_5000,5000.0
2019-03-13 10:00:00,10.065800730323215,0.0,0.0,0.0,0.0,penalty_5000,5000.0
2019-03-13 11:00:00,-174.24105820369772,153.219318,0.0,0.0,375.8,penalty_5000,5000.0
2019-03-13 12:00:00,-179.11981449338836,3.642727,0.0,0.0,130.5,penalty_5000,5000.0
2019-03-13 13:00:00,-175.25550630451767,467.6607,0.0,0.0,130.5,penalty_5000,5000.0
2019-03-13 14:00:00,-168.5550123389823,677.808045,0.0,0.0,130.5,penalty_5000,5000.0
2019-03-13 15:00:00,-162.58102723380475,565.076799,0.0,0.0,130.5,penalty_5000,5000.0
2019-03-13 16:00:00,-164.8824239338719,65.707311,0.0,0.0,130.5,penalty_5000,5000.0
2019-03-13 17:00:00,15.42218804390802,0.0,0.0,0.0,0.0,penalty_5000,5000.0
2019-03-13 18:00:00,11.187572004110455,0.0,0.0,0.0,0.0,penalty_5000,5000.0
2019-03-13 19:00:00,12.78411548925418,0.0,0.0,0.0,0.0,penalty_5000,5000.0
2019-03-13 20:00:00,12.257982273489034,0.0,0.0,0.0,0.0,penalty_5000,5000.0
2019-03-13 21:00:00,9.595399075605513,0.0,0.0,0.0,0.0,penalty_5000,5000.0
2019-03-13 22:00:00,-77.66613428590377,321.584352,0.0,0.0,42.0,penalty_5000,5000.0
2019-03-13 23:00:00,-93.79419602931165,1190.772099,0.0,0.0,42.0,penalty_5000,5000.0
2019-03-14 00:00:00,-100.48786123463728,1205.181528,0.0,0.0,42.0,penalty_5000,5000.0
2019-03-14 01:00:00,439.5858865501067,484.7668,0.0,0.0,95.511633,penalty_5000,5000.0
2019-03-14 02:00:00,-108.12420125168242,1623.781142,0.0,0.0,42.0,penalty_5000,5000.0
2019-03-14 03:00:00,-105.88358398415563,1546.476564,0.0,0.0,42.0,penalty_5000,5000.0
2019-03-14 04:00:00,-107.07548883799953,1454.312572,0.0,0.0,42.0,penalty_5000,5000.0
2019-03-14 05:00:00,-104.07306694515316,1503.184432,0.0,0.0,42.0,penalty_5000,5000.0
2019-03-14 06:00:00,-96.22386578169763,1522.222531,0.0,0.0,42.0,penalty_5000,5000.0
2019-03-14 07:00:00,-80.73538414923338,438.70131,0.0,0.0,42.0,penalty_5000,5000.0
2019-03-14 08:00:00,10.241578183182858,0.0,0.0,0.0,0.0,penalty_5000,5000.0
2019-03-14 09:00:00,8.928034592475813,0.0,0.0,0.0,0.0,penalty_5000,5000.0
2019-03-14 10:00:00,9.167511626160575,0.0,0.0,0.0,0.0,penalty_5000,5000.0
2019-03-14 11:00:00,-352.5214796198052,1015.455197,0.0,0.0,255.5,penalty_5000,5000.0
2019-03-14 12:00:00,-349.7393259981119,3094.517588,0.0,0.0,255.5,penalty_5000,5000.0
2019-03-14 13:00:00,-350.59790543446303,2207.973257,0.0,0.0,255.5,penalty_5000,5000.0
2019-03-14 14:00:00,-352.5879660028032,3165.860342,0.0,0.0,255.5,penalty_5000,5000.0
2019-03-14 15:00:00,-278.5704270761606,2337.176309,0.0,0.0,417.8,penalty_5000,5000.0
2019-03-14 16:00:00,-277.9760559105872,703.473273,0.0,0.0,313.897388,penalty_5000,5000.0
2019-03-14 17:00:00,-75.69866356310118,337.563456,0.0,0.0,42.0,penalty_5000,5000.0
2019-03-14 18:00:00,9.66173922077091,0.0,0.0,0.0,0.0,penalty_5000,5000.0
2019-03-14 19:00:00,9.295224059297281,0.0,0.0,0.0,0.0,penalty_5000,5000.0
2019-03-14 20:00:00,9.633316562701186,0.0,0.0,0.0,0.0,penalty_5000,5000.0
2019-03-14 21:00:00,8.487974923212777,0.0,0.0,0.0,0.0,penalty_5000,5000.0
2019-03-14 22:00:00,8.048183207786451,0.0,0.0,0.0,0.0,penalty_5000,5000.0
2019-03-14 23:00:00,7.761536352306345,0.0,0.0,0.0,0.0,penalty_5000,5000.0
2019-03-15 00:00:00,9.46400873725328,0.0,0.0,0.0,0.0,penalty_5000,5000.0
2019-03-15 01:00:00,9.427148749962214,0.0,0.0,0.0,0.0,penalty_5000,5000.0
2019-03-15 02:00:00,9.123023845980567,0.0,0.0,0.0,0.0,penalty_5000,5000.0
2019-03-15 03:00:00,3.7423694454725385,0.0,0.0,0.0,0.0,penalty_5000,5000.0
2019-03-15 04:00:00,-89.51024467138288,2.088713,0.0,0.0,42.0,penalty_5000,5000.0
2019-03-15 05:00:00,10.947478547679983,0.0,0.0,0.0,0.0,penalty_5000,5000.0
2019-03-15 06:00:00,11.263939386898807,0.0,0.0,0.0,0.0,penalty_5000,5000.0
2019-03-15 07:00:00,12.379114039827506,0.0,0.0,0.0,0.0,penalty_5000,5000.0
2019-03-15 08:00:00,11.684620186275236,0.0,0.0,0.0,0.0,penalty_5000,5000.0
2019-03-15 09:00:00,11.295617916630414,0.0,0.0,0.0,0.0,penalty_5000,5000.0
2019-03-15 10:00:00,10.321645975655306,0.0,0.0,0.0,0.0,penalty_5000,5000.0
2019-03-15 11:00:00,12.114920331656798,0.0,0.0,0.0,0.0,penalty_5000,5000.0
2019-03-15 12:00:00,-193.37530460784313,343.237654,0.0,0.0,130.5,penalty_5000,5000.0
2019-03-15 13:00:00,-195.41692537666808,510.174487,0.0,0.0,130.5,penalty_5000,5000.0
2019-03-15 14:00:00,-200.86113327259363,700.70763,0.0,0.0,255.5,penalty_5000,5000.0
2019-03-15 15:00:00,-199.6429405734269,667.223429,0.0,0.0,130.5,penalty_5000,5000.0
2019-03-15 16:00:00,-197.90186219442364,280.705364,0.0,0.0,130.5,penalty_5000,5000.0
2019-03-15 17:00:00,14.783865709325992,0.0,0.0,0.0,0.0,penalty_5000,5000.0
2019-03-15 18:00:00,11.303133990948544,0.0,0.0,0.0,0.0,penalty_5000,5000.0
2019-03-15 19:00:00,11.97581027250361,0.0,0.0,0.0,0.0,penalty_5000,5000.0
2019-03-15 20:00:00,12.518728103604694,0.0,0.0,0.0,0.0,penalty_5000,5000.0
2019-03-15 21:00:00,11.715495665173277,0.0,0.0,0.0,0.0,penalty_5000,5000.0
2019-03-15 22:00:00,12.617870372438366,0.0,0.0,0.0,0.0,penalty_5000,5000.0
2019-03-15 23:00:00,12.928691708885928,0.0,0.0,0.0,0.0,penalty_5000,5000.0
2019-03-16 00:00:00,12.620581755315545,0.0,0.0,0.0,0.0,penalty_5000,5000.0
2019-03-16 01:00:00,12.575876356623946,0.0,0.0,0.0,0.0,penalty_5000,5000.0
2019-03-16 02:00:00,12.990911696332079,0.0,0.0,0.0,0.0,penalty_5000,5000.0
2019-03-16 03:00:00,11.257039955107713,0.0,0.0,0.0,0.0,penalty_5000,5000.0
2019-03-16 04:00:00,11.370725517331827,0.0,0.0,0.0,0.0,penalty_5000,5000.0
2019-03-16 05:00:00,11.917348019022953,0.0,0.0,0.0,0.0,penalty_5000,5000.0
2019-03-16 06:00:00,12.977487541924502,0.0,0.0,0.0,0.0,penalty_5000,5000.0
2019-03-16 07:00:00,12.733282227060698,0.0,0.0,0.0,0.0,penalty_5000,5000.0
2019-03-16 08:00:00,12.871773410989112,0.0,0.0,0.0,0.0,penalty_5000,5000.0
2019-03-16 09:00:00,10.485452089235018,0.0,0.0,0.0,0.0,penalty_5000,5000.0
2019-03-16 10:00:00,9.886223999255126,0.0,0.0,0.0,0.0,penalty_5000,5000.0
2019-03-16 11:00:00,-1.7858594498220524,0.0,0.0,0.0,58.0,penalty_5000,5000.0
2019-03-16 12:00:00,-202.7461051789934,362.157031,0.0,0.0,130.5,penalty_5000,5000.0
2019-03-16 13:00:00,-208.100228923926,1096.188378,0.0,0.0,130.5,penalty_5000,5000.0
2019-03-16 14:00:00,-211.0726888825716,1498.083842,0.0,0.0,130.5,penalty_5000,5000.0
2019-03-16 15:00:00,-212.83252991541616,1541.705302,0.0,0.0,130.5,penalty_5000,5000.0
2019-03-16 16:00:00,-212.72297498603808,966.525834,0.0,0.0,130.5,penalty_5000,5000.0
2019-03-16 17:00:00,-211.19871163039144,301.974605,0.0,0.0,130.5,penalty_5000,5000.0
2019-03-16 18:00:00,10.528394223102664,0.0,0.0,0.0,0.0,penalty_5000,5000.0
2019-03-16 19:00:00,10.38175335742608,0.0,0.0,0.0,0.0,penalty_5000,5000.0
2019-03-16 20:00:00,11.98602384033695,0.0,0.0,0.0,0.0,penalty_5000,5000.0
2019-03-16 21:00:00,11.891152435137158,0.0,0.0,0.0,0.0,penalty_5000,5000.0
2019-03-16 22:00:00,11.807633489250481,0.0,0.0,0.0,0.0,penalty_5000,5000.0
2019-03-16 23:00:00,11.705502423396156,0.0,0.0,0.0,0.0,penalty_5000,5000.0
2019-03-17 00:00:00,11.15117570485063,0.0,0.0,0.0,0.0,penalty_5000,5000.0
2019-03-17 01:00:00,11.131348797830272,0.0,0.0,0.0,0.0,penalty_5000,5000.0
2019-03-17 02:00:00,11.175885056834385,0.0,0.0,0.0,0.0,penalty_5000,5000.0
2019-03-17 03:00:00,12.390134103299667,0.0,0.0,0.0,0.0,penalty_5000,5000.0
2019-03-17 04:00:00,10.729897403971279,0.0,0.0,0.0,0.0,penalty_5000,5000.0
2019-03-17 05:00:00,13.059942327687805,0.0,0.0,0.0,0.0,penalty_5000,5000.0
2019-03-17 06:00:00,14.123210862364688,0.0,0.0,0.0,0.0,penalty_5000,5000.0
2019-03-17 07:00:00,14.639064247144255,0.0,0.0,0.0,0.0,penalty_5000,5000.0
2019-03-17 08:00:00,14.116044075255049,0.0,0.0,0.0,0.0,penalty_5000,5000.0
2019-03-17 09:00:00,12.827727884033212,0.0,0.0,0.0,0.0,penalty_5000,5000.0
2019-03-17 10:00:00,11.171504366965467,0.0,0.0,0.0,0.0,penalty_5000,5000.0
2019-03-17 11:00:00,15.676463183265033,0.0,0.0,0.0,0.0,penalty_5000,5000.0
2019-03-17 12:00:00,-201.39162104343734,68.413985,0.0,0.0,115.902537,penalty_5000,5000.0
2019-03-17 13:00:00,-205.42762992314786,468.95863,0.0,0.0,130.5,penalty_5000,5000.0
2019-03-17 14:00:00,-207.25370298964478,639.470234,0.0,0.0,130.5,penalty_5000,5000.0
2019-03-17 15:00:00,-207.55490803276362,519.725264,0.0,0.0,130.5,penalty_5000,5000.0
2019-03-17 16:00:00,-205.4218066919108,79.279768,0.0,0.0,130.5,penalty_5000,5000.0
2019-03-17 17:00:00,11.726791330299424,0.0,0.0,0.0,0.0,penalty_5000,5000.0
2019-03-17 18:00:00,10.58424713787189,0.0,0.0,0.0,0.0,penalty_5000,5000.0
2019-03-17 19:00:00,11.794420481856221,0.0,0.0,0.0,0.0,penalty_5000,5000.0
2019-03-17 20:00:00,12.194773848700333,0.0,0.0,0.0,0.0,penalty_5000,5000.0
2019-03-17 21:00:00,11.43810836393475,0.0,0.0,0.0,0.0,penalty_5000,5000.0
2019-03-17 22:00:00,9.052941655842591,0.0,0.0,0.0,0.0,penalty_5000,5000.0
2019-03-17 23:00:00,9.041001111117781,0.0,0.0,0.0,0.0,penalty_5000,5000.0
2019-03-18 00:00:00,10.890765382080517,0.0,0.0,0.0,0.0,penalty_5000,5000.0
2019-03-18 01:00:00,9.95351230913981,0.0,0.0,0.0,0.0,penalty_5000,5000.0
2019-03-18 02:00:00,11.426577282105848,0.0,0.0,0.0,0.0,penalty_5000,5000.0
2019-03-18 03:00:00,13.322938511958093,0.0,0.0,0.0,0.0,penalty_5000,5000.0
2019-03-18 04:00:00,14.765573762722777,0.0,0.0,0.0,0.0,penalty_5000,5000.0
2019-03-18 05:00:00,14.155057193714267,0.0,0.0,0.0,0.0,penalty_5000,5000.0
2019-03-18 06:00:00,19.2023435503431,0.0,0.0,0.0,0.0,penalty_5000,5000.0
2019-03-18 07:00:00,18.238083634346633,0.0,0.0,0.0,0.0,penalty_5000,5000.0
2019-03-18 08:00:00,15.61382725017284,0.0,0.0,0.0,0.0,penalty_5000,5000.0
2019-03-18 09:00:00,14.926904580472257,0.0,0.0,0.0,0.0,penalty_5000,5000.0
2019-03-18 10:00:00,14.652642537014179,0.0,0.0,0.0,0.0,penalty_5000,5000.0
2019-03-18 11:00:00,11.344476704686457,0.0,0.0,0.0,0.0,penalty_5000,5000.0
2019-03-18 12:00:00,18.08254278652342,0.0,0.0,0.0,0.0,penalty_5000,5000.0
2019-03-18 13:00:00,-190.9131849149648,19.43388,0.0,0.0,92.147811,penalty_5000,5000.0
2019-03-18 14:00:00,-193.74408838197178,239.599987,0.0,0.0,130.5,penalty_5000,5000.0
2019-03-18 15:00:00,-194.89090144878878,201.249495,0.0,0.0,130.5,penalty_5000,5000.0
2019-03-18 16:00:00,12.393188822095857,0.0,0.0,0.0,0.0,penalty_5000,5000.0
2019-03-18 17:00:00,19.884913983750884,0.0,0.0,0.0,0.0,penalty_5000,5000.0
2019-03-18 18:00:00,12.679708126152097,0.0,0.0,0.0,0.0,penalty_5000,5000.0
2019-03-18 19:00:00,11.285626354936968,0.0,0.0,0.0,0.0,penalty_5000,5000.0
2019-03-18 20:00:00,10.470644227936765,0.0,0.0,0.0,0.0,penalty_5000,5000.0
2019-03-18 21:00:00,11.40423771996847,0.0,0.0,0.0,0.0,penalty_5000,5000.0
2019-03-18 22:00:00,10.480735324071999,0.0,0.0,0.0,0.0,penalty_5000,5000.0
2019-03-18 23:00:00,10.382754609770855,0.0,0.0,0.0,0.0,penalty_5000,5000.0
2019-03-19 00:00:00,11.839904601400404,0.0,0.0,0.0,0.0,penalty_5000,5000.0
2019-03-19 01:00:00,10.251156742625929,0.0,0.0,0.0,0.0,penalty_5000,5000.0
2019-03-19 02:00:00,11.700161874327549,0.0,0.0,0.0,0.0,penalty_5000,5000.0
2019-03-19 03:00:00,11.972730067405536,0.0,0.0,0.0,0.0,penalty_5000,5000.0
2019-03-19 04:00:00,12.14661761561279,0.0,0.0,0.0,0.0,penalty_5000,5000.0
2019-03-19 05:00:00,15.037781307502929,0.0,0.0,0.0,0.0,penalty_5000,5000.0
2019-03-19 06:00:00,18.557859173751467,0.0,0.0,0.0,0.0,penalty_5000,5000.0
2019-03-19 07:00:00,16.794272702240093,0.0,0.0,0.0,0.0,penalty_5000,5000.0
2019-03-19 08:00:00,15.090659644218979,0.0,0.0,0.0,0.0,penalty_5000,5000.0
2019-03-19 09:00:00,13.889446987612287,0.0,0.0,0.0,0.0,penalty_5000,5000.0
2019-03-19 10:00:00,12.320433689349514,0.0,0.0,0.0,0.0,penalty_5000,5000.0
2019-03-19 11:00:00,-68.36121345719333,503.723652,0.0,0.0,194.8091,penalty_5000,5000.0
2019-03-19 12:00:00,-276.72030151399485,2228.852219,0.0,0.0,243.499626,penalty_5000,5000.0
2019-03-19 13:00:00,-360.7880497618667,1974.921825,0.0,0.0,255.5,penalty_5000,5000.0
2019-03-19 14:00:00,-320.3633665057936,2395.784306,0.0,0.0,225.0,penalty_5000,5000.0
2019-03-19 15:00:00,-282.5371629579658,2159.318891,0.0,0.0,255.5,penalty_5000,5000.0
2019-03-19 16:00:00,-281.40186509958545,1075.498977,0.0,0.0,255.5,penalty_5000,5000.0
2019-03-19 17:00:00,-70.81473310682307,1008.779318,0.0,0.0,100.0,penalty_5000,5000.0
2019-03-19 18:00:00,-68.86874636770663,600.668451,0.0,0.0,42.999346,penalty_5000,5000.0
2019-03-19 19:00:00,-67.23084269217134,282.991717,0.0,0.0,42.0,penalty_5000,5000.0
2019-03-19 20:00:00,-70.12033612995951,188.921992,0.0,0.0,42.0,penalty_5000,5000.0
2019-03-19 21:00:00,9.830556573483971,0.0,0.0,0.0,0.0,penalty_5000,5000.0
2019-03-19 22:00:00,11.41718290208552,0.0,0.0,0.0,0.0,penalty_5000,5000.0
2019-03-19 23:00:00,10.401612315057937,0.0,0.0,0.0,0.0,penalty_5000,5000.0
2019-03-20 00:00:00,9.913092869690344,0.0,0.0,0.0,0.0,penalty_5000,5000.0
2019-03-20 01:00:00,9.085288014313509,0.0,0.0,0.0,0.0,penalty_5000,5000.0
2019-03-20 02:00:00,10.0272377104085,0.0,0.0,0.0,0.0,penalty_5000,5000.0
2019-03-20 03:00:00,10.758497098644524,0.0,0.0,0.0,0.0,penalty_5000,5000.0
2019-03-20 04:00:00,14.394567365286328,0.0,0.0,0.0,0.0,penalty_5000,5000.0
2019-03-20 05:00:00,13.295803732278982,0.0,0.0,0.0,0.0,penalty_5000,5000.0
2019-03-20 06:00:00,15.941690936705738,0.0,0.0,0.0,0.0,penalty_5000,5000.0
2019-03-20 07:00:00,15.92077768551562,0.0,0.0,0.0,0.0,penalty_5000,5000.0
2019-03-20 08:00:00,15.896533414368525,0.0,0.0,0.0,0.0,penalty_5000,5000.0
2019-03-20 09:00:00,16.076306405410033,0.0,0.0,0.0,0.0,penalty_5000,5000.0
2019-03-20 10:00:00,14.98510016618458,0.0,0.0,0.0,0.0,penalty_5000,5000.0
2019-03-20 11:00:00,16.587151417446318,0.0,0.0,0.0,0.0,penalty_5000,5000.0
2019-03-20 12:00:00,-189.56277229222786,141.648628,0.0,0.0,130.5,penalty_5000,5000.0
2019-03-20 13:00:00,-192.5854205597522,564.638919,0.0,0.0,130.5,penalty_5000,5000.0
2019-03-20 14:00:00,-188.62461203498316,839.355131,0.0,0.0,130.5,penalty_5000,5000.0
2019-03-20 15:00:00,-179.20878409969842,816.100943,0.0,0.0,130.5,penalty_5000,5000.0
2019-03-20 16:00:00,-186.59727355222302,422.177611,0.0,0.0,130.5,penalty_5000,5000.0
2019-03-20 17:00:00,19.174128534764964,0.0,0.0,0.0,0.0,penalty_5000,5000.0
2019-03-20 18:00:00,12.467400490247332,0.0,0.0,0.0,0.0,penalty_5000,5000.0
2019-03-20 19:00:00,15.749534956281769,0.0,0.0,0.0,0.0,penalty_5000,5000.0
2019-03-20 20:00:00,14.7581916214481,0.0,0.0,0.0,0.0,penalty_5000,5000.0
2019-03-20 21:00:00,13.67998034567961,0.0,0.0,0.0,0.0,penalty_5000,5000.0
2019-03-20 22:00:00,13.692311406491774,0.0,0.0,0.0,0.0,penalty_5000,5000.0
2019-03-20 23:00:00,12.914973647219371,0.0,389.948508,0.0,0.0,penalty_5000,5000.0
2019-03-21 00:00:00,12.742721807978715,0.0,0.0,0.0,0.0,penalty_5000,5000.0
2019-03-21 01:00:00,9.822291277373303,0.0,0.0,0.0,0.0,penalty_5000,5000.0
2019-03-21 02:00:00,10.497753359980194,0.0,0.0,0.0,0.0,penalty_5000,5000.0
2019-03-21 03:00:00,12.747951953049062,0.0,0.0,0.0,0.0,penalty_5000,5000.0
2019-03-21 04:00:00,10.93189269754014,0.0,0.0,0.0,0.0,penalty_5000,5000.0
2019-03-21 05:00:00,14.594471364145768,0.0,0.0,0.0,0.0,penalty_5000,5000.0
2019-03-21 06:00:00,16.84862899279058,0.0,0.0,0.0,0.0,penalty_5000,5000.0
2019-03-21 07:00:00,16.01357279935618,0.0,0.0,0.0,0.0,penalty_5000,5000.0
2019-03-21 08:00:00,14.952488868934193,0.0,0.0,0.0,0.0,penalty_5000,5000.0
2019-03-21 09:00:00,11.863290246285496,0.0,0.0,0.0,0.0,penalty_5000,5000.0
2019-03-21 10:00:00,10.593150319136496,0.0,0.0,0.0,0.0,penalty_5000,5000.0
2019-03-21 11:00:00,9.60109847806991,0.0,0.0,0.0,0.0,penalty_5000,5000.0
2019-03-21 12:00:00,10.129383722382745,0.0,0.0,0.0,0.0,penalty_5000,5000.0
2019-03-21 13:00:00,-4.260235587069639,0.0,0.0,0.0,0.0,penalty_5000,5000.0
2019-03-21 14:00:00,-4.961240175466804,0.0,0.0,0.0,58.0,penalty_5000,5000.0
2019-03-21 15:00:00,-182.16269920025422,4.947708,0.0,0.0,130.5,penalty_5000,5000.0
2019-03-21 16:00:00,-100.78699398481312,279.195566,0.0,0.0,0.0,penalty_5000,5000.0
2019-03-21 17:00:00,-4.313760256519815,0.0,0.0,0.0,0.0,penalty_5000,5000.0
2019-03-21 18:00:00,9.914925792757057,0.0,0.0,0.0,0.0,penalty_5000,5000.0
2019-03-21 19:00:00,11.165660841624538,0.0,0.0,0.0,0.0,penalty_5000,5000.0
2019-03-21 20:00:00,10.505835885253692,0.0,0.0,0.0,0.0,penalty_5000,5000.0
2019-03-21 21:00:00,9.35247683899815,0.0,0.0,0.0,0.0,penalty_5000,5000.0
2019-03-21 22:00:00,9.561658478567459,0.0,0.0,0.0,0.0,penalty_5000,5000.0
2019-03-21 23:00:00,9.537958608324708,0.0,0.0,0.0,0.0,penalty_5000,5000.0
2019-03-22 00:00:00,9.095277766594817,0.0,0.0,0.0,0.0,penalty_5000,5000.0
2019-03-22 01:00:00,9.17332648270146,0.0,0.0,0.0,0.0,penalty_5000,5000.0
2019-03-22 02:00:00,9.604835034643125,0.0,0.0,0.0,0.0,penalty_5000,5000.0
2019-03-22 03:00:00,11.05000752588548,0.0,0.0,0.0,0.0,penalty_5000,5000.0
2019-03-22 04:00:00,9.998118197253268,0.0,0.0,0.0,0.0,penalty_5000,5000.0
2019-03-22 05:00:00,10.784866588846526,0.0,0.0,0.0,0.0,penalty_5000,5000.0
2019-03-22 06:00:00,10.172734334922952,0.0,0.0,0.0,0.0,penalty_5000,5000.0
2019-03-22 07:00:00,10.192326122038473,0.0,0.0,0.0,0.0,penalty_5000,5000.0
2019-03-22 08:00:00,10.08726552332029,0.0,0.0,0.0,0.0,penalty_5000,5000.0
2019-03-22 09:00:00,9.775627773443938,0.0,0.0,0.0,0.0,penalty_5000,5000.0
2019-03-22 10:00:00,8.819141026911256,0.0,0.0,0.0,0.0,penalty_5000,5000.0
2019-03-22 11:00:00,-211.06782128708397,104.398312,0.0,0.0,417.8,penalty_5000,5000.0
2019-03-22 12:00:00,-312.05351649141846,2135.840717,0.0,0.0,417.8,penalty_5000,5000.0
2019-03-22 13:00:00,-370.1984840632907,2397.073842,0.0,0.0,255.5,penalty_5000,5000.0
2019-03-22 14:00:00,-366.2210935868847,3025.96181,0.0,0.0,255.5,penalty_5000,5000.0
2019-03-22 15:00:00,-368.57736363485276,2874.360591,0.0,0.0,283.899582,penalty_5000,5000.0
2019-03-22 16:00:00,-291.37470768449407,1892.024112,0.0,0.0,417.8,penalty_5000,5000.0
2019-03-22 17:00:00,-282.6227905251728,1774.428008,0.0,0.0,368.58498,penalty_5000,5000.0
2019-03-22 18:00:00,-73.36677825684741,1123.900057,0.0,0.0,417.8,penalty_5000,5000.0
2019-03-22 19:00:00,-69.67198280024374,854.378584,0.0,0.0,42.0,penalty_5000,5000.0
2019-03-22 20:00:00,-76.50518994199747,1225.388794,0.0,0.0,42.0,penalty_5000,5000.0
2019-03-22 21:00:00,-80.50287636529177,1628.888536,0.0,0.0,42.0,penalty_5000,5000.0
2019-03-22 22:00:00,-97.39466471402575,1646.203962,0.0,0.0,42.0,penalty_5000,5000.0
2019-03-22 23:00:00,-107.57091792855755,1660.177842,0.0,0.0,42.0,penalty_5000,5000.0
2019-03-23 00:00:00,-97.78864125744295,1670.389286,0.0,0.0,42.0,penalty_5000,5000.0
2019-03-23 01:00:00,-97.00696928651008,1534.006432,0.0,0.0,42.0,penalty_5000,5000.0
2019-03-23 02:00:00,-100.33467887988797,1364.861377,0.0,0.0,42.0,penalty_5000,5000.0
2019-03-23 03:00:00,-99.55351127419914,1158.973571,0.0,0.0,42.0,penalty_5000,5000.0
2019-03-23 04:00:00,-99.83818595788941,999.109449,0.0,0.0,42.0,penalty_5000,5000.0
2019-03-23 05:00:00,-94.83998069110604,929.924902,0.0,0.0,42.0,penalty_5000,5000.0
2019-03-23 06:00:00,-4.935161362248834,309.940792,0.0,0.0,0.0,penalty_5000,5000.0
2019-03-23 07:00:00,16.10613162408391,0.0,0.0,0.0,0.0,penalty_5000,5000.0
2019-03-23 08:00:00,13.263652820040301,0.0,0.0,0.0,0.0,penalty_5000,5000.0
2019-03-23 09:00:00,-52.7996903900419,300.13642,0.0,0.0,0.0,penalty_5000,5000.0
2019-03-23 10:00:00,-55.45797817458308,59.602243,0.0,0.0,204.57841,penalty_5000,5000.0
2019-03-23 11:00:00,-133.80042453082132,106.359641,0.0,0.0,375.8,penalty_5000,5000.0
2019-03-23 12:00:00,-290.33197613577784,815.915047,0.0,0.0,151.674993,penalty_5000,5000.0
2019-03-23 13:00:00,-220.69077977234082,1599.841438,0.0,0.0,255.5,penalty_5000,5000.0
2019-03-23 14:00:00,-389.8393412827844,2016.783021,0.0,0.0,255.5,penalty_5000,5000.0
2019-03-23 15:00:00,-292.2050724131521,2024.397182,0.0,0.0,255.5,penalty_5000,5000.0
2019-03-23 16:00:00,-298.93202242641337,1341.806923,0.0,0.0,213.647731,penalty_5000,5000.0
2019-03-23 17:00:00,-297.32332006731417,326.977486,0.0,0.0,130.5,penalty_5000,5000.0
2019-03-23 18:00:00,10.535016520591194,0.0,0.0,0.0,0.0,penalty_5000,5000.0
2019-03-23 19:00:00,11.732405114854044,0.0,0.0,0.0,0.0,penalty_5000,5000.0
2019-03-23 20:00:00,13.035506742255386,0.0,0.0,0.0,0.0,penalty_5000,5000.0
2019-03-23 21:00:00,10.921117327945947,0.0,0.0,0.0,0.0,penalty_5000,5000.0
2019-03-23 22:00:00,10.338276150377578,0.0,0.0,0.0,0.0,penalty_5000,5000.0
2019-03-23 23:00:00,10.328631732241245,0.0,0.0,0.0,0.0,penalty_5000,5000.0
2019-03-24 00:00:00,9.601476381757456,0.0,0.0,0.0,0.0,penalty_5000,5000.0
2019-03-24 01:00:00,9.786064728659817,0.0,0.0,0.0,0.0,penalty_5000,5000.0
2019-03-24 02:00:00,10.122239072699482,0.0,0.0,0.0,0.0,penalty_5000,5000.0
2019-03-24 03:00:00,10.227066763343624,0.0,0.0,0.0,0.0,penalty_5000,5000.0
2019-03-24 04:00:00,10.825213131850425,0.0,0.0,0.0,0.0,penalty_5000,5000.0
2019-03-24 05:00:00,11.833368421468188,0.0,0.0,0.0,0.0,penalty_5000,5000.0
2019-03-24 06:00:00,11.852351002503244,0.0,0.0,0.0,0.0,penalty_5000,5000.0
2019-03-24 07:00:00,12.253335699593622,0.0,0.0,0.0,0.0,penalty_5000,5000.0
2019-03-24 08:00:00,13.21562382728147,0.0,0.0,0.0,0.0,penalty_5000,5000.0
2019-03-24 09:00:00,11.884836590399743,0.0,0.0,0.0,0.0,penalty_5000,5000.0
2019-03-24 10:00:00,10.27296124873807,0.0,0.0,0.0,0.0,penalty_5000,5000.0
2019-03-24 11:00:00,10.571705148778328,0.0,0.0,0.0,0.0,penalty_5000,5000.0
2019-03-24 12:00:00,-197.23614801346955,655.372253,0.0,0.0,255.5,penalty_5000,5000.0
2019-03-24 13:00:00,-206.21085322298435,1446.288498,0.0,0.0,255.5,penalty_5000,5000.0
2019-03-24 14:00:00,-202.4026731807937,1452.407734,0.0,0.0,255.5,penalty_5000,5000.0
2019-03-24 15:00:00,-188.80895236527863,1279.253851,0.0,0.0,244.626157,penalty_5000,5000.0
2019-03-24 16:00:00,-187.78873201722624,756.719953,0.0,0.0,130.5,penalty_5000,5000.0
2019-03-24 17:00:00,-186.8441435274245,169.167478,0.0,0.0,130.5,penalty_5000,5000.0
2019-03-24 18:00:00,12.15799280847687,0.0,0.0,0.0,0.0,penalty_5000,5000.0
2019-03-24 19:00:00,14.02759893829673,0.0,0.0,0.0,0.0,penalty_5000,5000.0
2019-03-24 20:00:00,13.917944934849427,0.0,0.0,0.0,0.0,penalty_5000,5000.0
2019-03-24 21:00:00,12.626972591144572,0.0,0.0,0.0,0.0,penalty_5000,5000.0
2019-03-24 22:00:00,11.152609379619594,0.0,0.0,0.0,0.0,penalty_5000,5000.0
2019-03-24 23:00:00,10.361438289938807,0.0,0.0,0.0,0.0,penalty_5000,5000.0
2019-03-25 00:00:00,10.061227476156468,0.0,0.0,0.0,0.0,penalty_5000,5000.0
2019-03-25 01:00:00,9.920164848673094,0.0,0.0,0.0,0.0,penalty_5000,5000.0
2019-03-25 02:00:00,10.076678,0.0,0.0,0.0,0.0,penalty_5000,5000.0
2019-03-25 03:00:00,10.397816649257429,0.0,0.0,0.0,0.0,penalty_5000,5000.0
2019-03-25 04:00:00,10.396033065817914,0.0,0.0,0.0,0.0,penalty_5000,5000.0
2019-03-25 05:00:00,11.547696698372697,0.0,0.0,0.0,0.0,penalty_5000,5000.0
2019-03-25 06:00:00,11.223519001381172,0.0,0.0,0.0,0.0,penalty_5000,5000.0
2019-03-25 07:00:00,10.577009801267595,0.0,0.0,0.0,0.0,penalty_5000,5000.0
2019-03-25 08:00:00,10.68254464933664,0.0,0.0,0.0,0.0,penalty_5000,5000.0
2019-03-25 09:00:00,-65.849412886892,37.697803,0.0,0.0,42.0,penalty_5000,5000.0
2019-03-25 10:00:00,9.649889791626823,0.0,0.0,0.0,0.0,penalty_5000,5000.0
2019-03-25 11:00:00,-65.26774748454841,652.118511,0.0,0.0,387.3,penalty_5000,5000.0
2019-03-25 12:00:00,-256.53385546873517,1273.24911,0.0,0.0,100.0,penalty_5000,5000.0
2019-03-25 13:00:00,-184.13895928840324,1178.778366,0.0,0.0,255.5,penalty_5000,5000.0
2019-03-25 14:00:00,-277.78227809912556,1755.33409,0.0,0.0,255.5,penalty_5000,5000.0
2019-03-25 15:00:00,-238.70537856879085,1750.254074,0.0,0.0,225.0,penalty_5000,5000.0
2019-03-25 16:00:00,-244.74022711873604,1019.309335,0.0,0.0,255.5,penalty_5000,5000.0
2019-03-25 17:00:00,-249.2296585371001,529.892489,0.0,0.0,255.5,penalty_5000,5000.0
2019-03-25 18:00:00,6.562136168853071,0.0,0.0,0.0,58.0,penalty_5000,5000.0
2019-03-25 19:00:00,10.14338166395177,0.0,0.0,0.0,0.0,penalty_5000,5000.0
2019-03-25 20:00:00,10.356687947837102,0.0,0.0,0.0,0.0,penalty_5000,5000.0
2019-03-25 21:00:00,9.878192763946508,0.0,0.0,0.0,0.0,penalty_5000,5000.0
2019-03-25 22:00:00,9.792256320568468,0.0,0.0,0.0,0.0,penalty_5000,5000.0
2019-03-25 23:00:00,9.882679393997048,0.0,0.0,0.0,0.0,penalty_5000,5000.0
2019-03-26 00:00:00,9.586604846372426,0.0,0.0,0.0,0.0,penalty_5000,5000.0
2019-03-26 01:00:00,9.555776297341984,0.0,0.0,0.0,0.0,penalty_5000,5000.0
2019-03-26 02:00:00,9.617100922303251,0.0,0.0,0.0,0.0,penalty_5000,5000.0
2019-03-26 03:00:00,9.661113926542495,0.0,0.0,0.0,0.0,penalty_5000,5000.0
2019-03-26 04:00:00,8.41623674366131,0.0,0.0,0.0,0.0,penalty_5000,5000.0
2019-03-26 05:00:00,10.198366351208545,0.0,0.0,0.0,0.0,penalty_5000,5000.0
2019-03-26 06:00:00,11.037260900594669,0.0,0.0,0.0,0.0,penalty_5000,5000.0
2019-03-26 07:00:00,10.983032817511232,0.0,0.0,0.0,0.0,penalty_5000,5000.0
2019-03-26 08:00:00,11.02165487283241,0.0,0.0,0.0,0.0,penalty_5000,5000.0
2019-03-26 09:00:00,10.540146500641418,0.0,0.0,0.0,0.0,penalty_5000,5000.0
2019-03-26 10:00:00,9.469034071810261,0.0,0.0,0.0,0.0,penalty_5000,5000.0
2019-03-26 11:00:00,-12.167625099176673,0.0,0.0,0.0,220.3,penalty_5000,5000.0
2019-03-26 12:00:00,-192.0059389102914,319.1499,0.0,0.0,255.5,penalty_5000,5000.0
2019-03-26 13:00:00,-368.1249397147919,1676.941418,0.0,0.0,255.5,penalty_5000,5000.0
2019-03-26 14:00:00,-348.28124384274133,1650.548336,0.0,0.0,260.859572,penalty_5000,5000.0
2019-03-26 15:00:00,-239.46112595831778,1726.625903,0.0,0.0,339.791055,penalty_5000,5000.0
2019-03-26 16:00:00,-266.5999445288101,1318.418872,0.0,0.0,315.962155,penalty_5000,5000.0
2019-03-26 17:00:00,-265.75853930560476,1337.800501,0.0,0.0,358.01465,penalty_5000,5000.0
2019-03-26 18:00:00,-73.53752767255469,1230.725225,0.0,0.0,262.3,penalty_5000,5000.0
2019-03-26 19:00:00,-65.32200476148357,1132.14837,0.0,0.0,42.0,penalty_5000,5000.0
2019-03-26 20:00:00,-67.54418796153357,1009.669165,0.0,0.0,42.0,penalty_5000,5000.0
2019-03-26 21:00:00,-77.60460690764242,822.354658,0.0,0.0,42.0,penalty_5000,5000.0
2019-03-26 22:00:00,-82.28373714289413,307.397616,0.0,0.0,42.0,penalty_5000,5000.0
2019-03-26 23:00:00,-105.40538244189204,361.13327,0.0,0.0,42.0,penalty_5000,5000.0
2019-03-27 00:00:00,-106.86479135167035,426.68536,0.0,0.0,42.0,penalty_5000,5000.0
2019-03-27 01:00:00,-107.8668557191853,461.96326,0.0,0.0,42.0,penalty_5000,5000.0
2019-03-27 02:00:00,-108.16998622636153,227.826366,0.0,0.0,42.0,penalty_5000,5000.0
2019-03-27 03:00:00,4.391904022666919,0.0,0.0,0.0,0.0,penalty_5000,5000.0
2019-03-27 04:00:00,9.5984716421118,0.0,0.0,0.0,0.0,penalty_5000,5000.0
2019-03-27 05:00:00,11.31084722950892,0.0,0.0,0.0,0.0,penalty_5000,5000.0
2019-03-27 06:00:00,10.551350540398946,0.0,0.0,0.0,0.0,penalty_5000,5000.0
2019-03-27 07:00:00,10.671056614492244,0.0,0.0,0.0,0.0,penalty_5000,5000.0
2019-03-27 08:00:00,-71.1417724513676,42.814232,0.0,0.0,42.0,penalty_5000,5000.0
2019-03-27 09:00:00,-70.786132914025,1373.558413,0.0,0.0,42.0,penalty_5000,5000.0
2019-03-27 10:00:00,-78.86051100256695,754.486977,0.0,0.0,417.8,penalty_5000,5000.0
2019-03-27 11:00:00,-369.3287684257161,1814.962613,0.0,0.0,255.5,penalty_5000,5000.0
2019-03-27 12:00:00,-280.2897133856634,2778.886112,0.0,0.0,255.5,penalty_5000,5000.0
2019-03-27 13:00:00,-356.29601797808147,2434.872288,0.0,0.0,255.5,penalty_5000,5000.0
2019-03-27 14:00:00,-361.11055275334536,3085.865346,0.0,0.0,255.5,penalty_5000,5000.0
2019-03-27 15:00:00,-408.1065973118196,2953.700949,0.0,0.0,417.8,penalty_5000,5000.0
2019-03-27 16:00:00,-275.5773973734147,1978.979023,0.0,0.0,417.8,penalty_5000,5000.0
2019-03-27 17:00:00,-276.17571187001454,1930.35723,0.0,0.0,417.8,penalty_5000,5000.0
2019-03-27 18:00:00,-83.89106164312396,1404.481824,0.0,0.0,417.8,penalty_5000,5000.0
2019-03-27 19:00:00,-66.42895932616325,1105.571641,0.0,0.0,42.0,penalty_5000,5000.0
2019-03-27 20:00:00,-69.01624638677866,1213.936105,0.0,0.0,42.0,penalty_5000,5000.0
2019-03-27 21:00:00,-92.66279843980105,1678.277111,0.0,0.0,42.0,penalty_5000,5000.0
2019-03-27 22:00:00,-98.12774648478523,1736.265788,0.0,0.0,42.0,penalty_5000,5000.0
2019-03-27 23:00:00,-108.38338018669147,1756.8424,0.0,0.0,100.275532,penalty_5000,5000.0
2019-03-28 00:00:00,-110.20852066093667,1769.918152,0.0,0.0,42.0,penalty_5000,5000.0
2019-03-28 01:00:00,-111.38434804491892,1678.273538,0.0,0.0,262.3,penalty_5000,5000.0
2019-03-28 02:00:00,-111.30059781022892,1711.585053,0.0,0.0,43.011644,penalty_5000,5000.0
2019-03-28 03:00:00,-108.81496397659437,1316.317866,0.0,0.0,42.0,penalty_5000,5000.0
2019-03-28 04:00:00,-96.37698163259532,902.252415,0.0,0.0,42.0,penalty_5000,5000.0
2019-03-28 05:00:00,-78.33073145800785,777.395747,0.0,0.0,42.0,penalty_5000,5000.0
2019-03-28 06:00:00,-75.20119863303151,618.526124,0.0,0.0,42.0,penalty_5000,5000.0
2019-03-28 07:00:00,-74.45699682827559,357.817299,0.0,0.0,42.0,penalty_5000,5000.0
2019-03-28 08:00:00,-67.87514093742006,834.772946,0.0,0.0,42.0,penalty_5000,5000.0
2019-03-28 09:00:00,-68.02814064288805,1584.868799,0.0,0.0,42.0,penalty_5000,5000.0
2019-03-28 10:00:00,-69.65844753239675,645.742301,0.0,0.0,100.0,penalty_5000,5000.0
2019-03-28 11:00:00,-71.90929291576646,1560.362125,0.0,0.0,387.3,penalty_5000,5000.0
2019-03-28 12:00:00,-78.44230055595031,1795.160605,0.0,0.0,292.8,penalty_5000,5000.0
2019-03-28 13:00:00,-283.20150968095805,1035.992311,0.0,0.0,417.8,penalty_5000,5000.0
2019-03-28 14:00:00,-287.09164749839863,1494.712774,0.0,0.0,417.8,penalty_5000,5000.0
2019-03-28 15:00:00,-75.40146638448206,1311.893022,0.0,0.0,417.8,penalty_5000,5000.0
2019-03-28 16:00:00,-67.54591665451824,799.226259,0.0,0.0,262.3,penalty_5000,5000.0
2019-03-28 17:00:00,-65.8897869720522,1310.453765,0.0,0.0,42.0,penalty_5000,5000.0
2019-03-28 18:00:00,-65.98994631371306,1021.256637,0.0,0.0,42.0,penalty_5000,5000.0
2019-03-28 19:00:00,-64.46529224735242,776.910913,0.0,0.0,42.0,penalty_5000,5000.0
2019-03-28 20:00:00,-66.14299162085777,797.765832,0.0,0.0,42.0,penalty_5000,5000.0
2019-03-28 21:00:00,-75.14525682129279,1056.750357,0.0,0.0,42.0,penalty_5000,5000.0
2019-03-28 22:00:00,-93.70555643274392,1021.233154,0.0,0.0,42.0,penalty_5000,5000.0
2019-03-28 23:00:00,-99.80520852368035,1037.157038,0.0,0.0,42.0,penalty_5000,5000.0
2019-03-29 00:00:00,-107.98612484727762,1041.062772,0.0,0.0,42.0,penalty_5000,5000.0
2019-03-29 01:00:00,-109.97396553951697,956.752592,0.0,0.0,100.0,penalty_5000,5000.0
2019-03-29 02:00:00,-109.8631791441172,874.253672,0.0,0.0,42.0,penalty_5000,5000.0
2019-03-29 03:00:00,-107.69979504483261,760.932024,0.0,0.0,42.0,penalty_5000,5000.0
2019-03-29 04:00:00,-100.31855077927715,375.053512,0.0,0.0,42.0,penalty_5000,5000.0
2019-03-29 05:00:00,7.874589342052493,0.0,0.0,0.0,0.0,penalty_5000,5000.0
2019-03-29 06:00:00,10.056875397033084,0.0,0.0,0.0,0.0,penalty_5000,5000.0
2019-03-29 07:00:00,11.221908053169606,0.0,0.0,0.0,0.0,penalty_5000,5000.0
2019-03-29 08:00:00,10.500822155179442,0.0,0.0,0.0,0.0,penalty_5000,5000.0
2019-03-29 09:00:00,-69.53916815678107,765.652812,0.0,0.0,42.0,penalty_5000,5000.0
2019-03-29 10:00:00,7.186756503053737,0.0,0.0,0.0,58.0,penalty_5000,5000.0
2019-03-29 11:00:00,-229.67091395384085,882.16484,0.0,0.0,417.8,penalty_5000,5000.0
2019-03-29 12:00:00,-288.7127718046396,2035.307599,0.0,0.0,417.8,penalty_5000,5000.0
2019-03-29 13:00:00,-376.5448455254907,1786.069342,0.0,0.0,255.5,penalty_5000,5000.0
2019-03-29 14:00:00,-380.0451694459426,1712.080518,0.0,0.0,255.5,penalty_5000,5000.0
2019-03-29 15:00:00,-202.20211322788109,1394.223233,0.0,0.0,255.5,penalty_5000,5000.0
2019-03-29 16:00:00,-194.06747153839856,945.838122,0.0,0.0,255.5,penalty_5000,5000.0
2019-03-29 17:00:00,-191.43484046493637,322.448718,0.0,0.0,130.5,penalty_5000,5000.0
2019-03-29 18:00:00,9.09001795900533,0.0,0.0,0.0,0.0,penalty_5000,5000.0
2019-03-29 19:00:00,10.33840593402431,0.0,0.0,0.0,0.0,penalty_5000,5000.0
2019-03-29 20:00:00,10.132168894240523,0.0,0.0,0.0,0.0,penalty_5000,5000.0
2019-03-29 21:00:00,8.857600552517548,0.0,0.0,0.0,0.0,penalty_5000,5000.0
2019-03-29 22:00:00,-97.1382469577446,304.378094,0.0,0.0,42.0,penalty_5000,5000.0
2019-03-29 23:00:00,-100.17276808654205,533.133244,0.0,0.0,42.0,penalty_5000,5000.0
2019-03-30 00:00:00,-105.96754479017265,1537.33063,0.0,0.0,42.0,penalty_5000,5000.0
2019-03-30 01:00:00,-107.47091742583646,1619.337003,0.0,0.0,42.0,penalty_5000,5000.0
2019-03-30 02:00:00,-111.66557332840665,15.908714,0.0,0.0,42.0,penalty_5000,5000.0
2019-03-30 03:00:00,6.769403,0.0,0.0,0.0,0.0,penalty_5000,5000.0
2019-03-30 04:00:00,6.327332554732913,0.0,0.0,0.0,0.0,penalty_5000,5000.0
2019-03-30 05:00:00,9.301265895032264,0.0,0.0,0.0,0.0,penalty_5000,5000.0
2019-03-30 06:00:00,-86.212500533569,1071.651324,0.0,0.0,42.0,penalty_5000,5000.0
2019-03-30 07:00:00,9.356998297336448,0.0,0.0,0.0,0.0,penalty_5000,5000.0
2019-03-30 08:00:00,10.315308679591071,0.0,0.0,0.0,0.0,penalty_5000,5000.0
2019-03-30 09:00:00,8.002352427686844,0.0,0.0,0.0,0.0,penalty_5000,5000.0
2019-03-30 10:00:00,45.29682682440629,119.107686,0.0,0.0,242.3,penalty_5000,5000.0
2019-03-30 11:00:00,-196.11929469568304,375.706528,0.0,0.0,130.5,penalty_5000,5000.0
2019-03-30 12:00:00,-199.6407209744159,1125.616239,0.0,0.0,130.5,penalty_5000,5000.0
2019-03-30 13:00:00,-196.4130159836965,1799.752321,0.0,0.0,130.5,penalty_5000,5000.0
2019-03-30 14:00:00,-289.26672123295765,3026.154943,0.0,0.0,255.5,penalty_5000,5000.0
2019-03-30 15:00:00,-293.7971464029351,3027.478332,0.0,0.0,255.5,penalty_5000,5000.0
2019-03-30 16:00:00,-287.058953163714,2033.948305,0.0,0.0,130.5,penalty_5000,5000.0
2019-03-30 17:00:00,-293.44526360489556,2135.833032,0.0,0.0,255.5,penalty_5000,5000.0
2019-03-30 18:00:00,-289.21495775315236,1439.55912,0.0,0.0,255.5,penalty_5000,5000.0
2019-03-30 19:00:00,-75.74281183700847,1066.60815,0.0,0.0,42.0,penalty_5000,5000.0
2019-03-30 20:00:00,-77.67466756045555,1101.611964,0.0,0.0,42.0,penalty_5000,5000.0
2019-03-30 21:00:00,-84.78373947328001,1514.515409,0.0,0.0,42.0,penalty_5000,5000.0
2019-03-30 22:00:00,-100.96287040286865,1461.012094,0.0,0.0,42.0,penalty_5000,5000.0
2019-03-30 23:00:00,-103.88078988230575,491.908233,0.0,0.0,42.0,penalty_5000,5000.0
2019-03-31 00:00:00,9.996551090606648,0.0,0.0,0.0,0.0,penalty_5000,5000.0
2019-03-31 01:00:00,10.68251038843907,0.0,0.0,0.0,0.0,penalty_5000,5000.0
2019-03-31 02:00:00,10.757070980021867,0.0,0.0,0.0,0.0,penalty_5000,5000.0
2019-03-31 03:00:00,10.2536784582372,0.0,0.0,0.0,0.0,penalty_5000,5000.0
2019-03-31 04:00:00,10.255510601098644,0.0,0.0,0.0,0.0,penalty_5000,5000.0
2019-03-31 05:00:00,86.1414465169204,0.0,0.0,0.0,58.0,penalty_5000,5000.0
2019-03-31 06:00:00,10.726436077050499,0.0,0.0,0.0,0.0,penalty_5000,5000.0
2019-03-31 07:00:00,12.125189127650646,0.0,0.0,0.0,0.0,penalty_5000,5000.0
2019-03-31 08:00:00,13.495321206608617,0.0,0.0,0.0,0.0,penalty_5000,5000.0
2019-03-31 09:00:00,13.16255344981205,0.0,0.0,0.0,0.0,penalty_5000,5000.0
2019-03-31 10:00:00,11.845885263151192,0.0,0.0,0.0,0.0,penalty_5000,5000.0
2019-03-31 11:00:00,-188.04525792769678,205.413353,0.0,0.0,213.5,penalty_5000,5000.0
2019-03-31 12:00:00,-196.11413459728522,815.828245,0.0,0.0,88.5,penalty_5000,5000.0
2019-03-31 13:00:00,-196.97038770717202,1200.983276,0.0,0.0,213.543567,penalty_5000,5000.0
2019-03-31 14:00:00,-373.0061404929486,1603.75028,0.0,0.0,255.5,penalty_5000,5000.0
2019-03-31 15:00:00,-288.72561673777176,2021.727834,0.0,0.0,255.5,penalty_5000,5000.0
2019-03-31 16:00:00,-205.1976261595392,1344.894216,0.0,0.0,255.5,penalty_5000,5000.0
2019-03-31 17:00:00,-285.1806299167854,1197.752754,0.0,0.0,255.5,penalty_5000,5000.0
2019-03-31 18:00:00,-72.59079820202534,600.15074,0.0,0.0,279.099265,penalty_5000,5000.0
2019-03-31 19:00:00,-68.89383672876887,603.535589,0.0,0.0,42.0,penalty_5000,5000.0
2019-03-31 20:00:00,11.925033660743766,0.0,0.0,0.0,0.0,penalty_5000,5000.0
2019-03-31 21:00:00,12.569748493847078,0.0,0.0,0.0,0.0,penalty_5000,5000.0
2019-03-31 22:00:00,12.22827336655777,0.0,0.0,0.0,0.0,penalty_5000,5000.0
2019-03-31 23:00:00,11.902895891305084,0.0,0.0,0.0,0.0,penalty_5000,5000.0
2019-01-01 00:00:00,-177.2675837855434,1607.301608,0.0,0.0,42.0,penalty_10000,10000.0
2019-01-01 01:00:00,-180.36308215778664,1513.814926,0.0,0.0,42.0,penalty_10000,10000.0
2019-01-01 02:00:00,-180.27536649900054,1548.773829,0.0,0.0,42.0,penalty_10000,10000.0
2019-01-01 03:00:00,-178.82212466080756,1513.963921,0.0,0.0,42.0,penalty_10000,10000.0
2019-01-01 04:00:00,-180.08713706117177,1440.899581,0.0,0.0,42.0,penalty_10000,10000.0
2019-01-01 05:00:00,-175.95950604491634,1520.947493,0.0,0.0,42.0,penalty_10000,10000.0
2019-01-01 06:00:00,-175.30704465389667,1554.860085,0.0,0.0,42.0,penalty_10000,10000.0
2019-01-01 07:00:00,-167.35196215241476,1440.201166,0.0,0.0,42.0,penalty_10000,10000.0
2019-01-01 08:00:00,-167.76973191163685,1268.204815,0.0,0.0,42.0,penalty_10000,10000.0
2019-01-01 09:00:00,-149.7580564159989,1167.246949,0.0,0.0,42.0,penalty_10000,10000.0
2019-01-01 10:00:00,-149.11091148934216,171.291421,0.0,0.0,42.0,penalty_10000,10000.0
2019-01-01 11:00:00,-147.92070779736807,818.447966,0.0,0.0,254.464885,penalty_10000,10000.0
2019-01-01 12:00:00,-147.0490034867759,884.005504,0.0,0.0,236.178585,penalty_10000,10000.0
2019-01-01 13:00:00,-394.1577379485168,566.485352,0.0,0.0,88.5,penalty_10000,10000.0
2019-01-01 14:00:00,-559.8281067515546,858.756709,0.0,0.0,255.5,penalty_10000,10000.0
2019-01-01 15:00:00,-557.0505940439948,709.167649,0.0,0.0,130.5,penalty_10000,10000.0
2019-01-01 16:00:00,11.35546187530349,0.0,0.0,0.0,0.0,penalty_10000,10000.0
2019-01-01 17:00:00,-133.06859106033815,246.079242,0.0,0.0,42.0,penalty_10000,10000.0
2019-01-01 18:00:00,12.709652616668622,0.0,0.0,0.0,0.0,penalty_10000,10000.0
2019-01-01 19:00:00,13.557768184484834,0.0,0.0,0.0,0.0,penalty_10000,10000.0
2019-01-01 20:00:00,15.844914699886477,0.0,0.0,0.0,0.0,penalty_10000,10000.0
2019-01-01 21:00:00,17.50043589035585,0.0,0.0,0.0,0.0,penalty_10000,10000.0
2019-01-01 22:00:00,17.42900418166954,0.0,0.0,0.0,0.0,penalty_10000,10000.0
2019-01-01 23:00:00,15.857261427117136,0.0,0.0,0.0,0.0,penalty_10000,10000.0
2019-01-02 00:00:00,15.501775012112104,0.0,0.0,0.0,0.0,penalty_10000,10000.0
2019-01-02 01:00:00,15.232402619585534,0.0,0.0,0.0,0.0,penalty_10000,10000.0
2019-01-02 02:00:00,14.937746269985414,0.0,0.0,0.0,0.0,penalty_10000,10000.0
2019-01-02 03:00:00,15.993237876001034,0.0,0.0,0.0,0.0,penalty_10000,10000.0
2019-01-02 04:00:00,15.96526706499956,0.0,0.0,0.0,0.0,penalty_10000,10000.0
2019-01-02 05:00:00,18.14718985484542,0.0,0.0,0.0,0.0,penalty_10000,10000.0
2019-01-02 06:00:00,16.870228039790298,0.0,0.0,0.0,0.0,penalty_10000,10000.0
2019-01-02 07:00:00,18.893238000521922,0.0,0.0,0.0,0.0,penalty_10000,10000.0
2019-01-02 08:00:00,19.416077555177907,0.0,0.0,0.0,0.0,penalty_10000,10000.0
2019-01-02 09:00:00,19.211137414774473,0.0,0.0,0.0,0.0,penalty_10000,10000.0
2019-01-02 10:00:00,18.158644882401152,0.0,0.0,0.0,0.0,penalty_10000,10000.0
2019-01-02 11:00:00,22.59616778811578,0.0,0.0,0.0,0.0,penalty_10000,10000.0
2019-01-02 12:00:00,22.977119099879427,0.0,0.0,0.0,0.0,penalty_10000,10000.0
2019-01-02 13:00:00,23.869427213238033,0.0,0.0,0.0,0.0,penalty_10000,10000.0
2019-01-02 14:00:00,23.316700040434622,0.0,0.0,0.0,0.0,penalty_10000,10000.0
2019-01-02 15:00:00,25.154213115993624,0.0,0.0,0.0,0.0,penalty_10000,10000.0
2019-01-02 16:00:00,20.896501628491283,0.0,0.0,0.0,0.0,penalty_10000,10000.0
2019-01-02 17:00:00,24.292901371675963,0.0,0.0,0.0,0.0,penalty_10000,10000.0
2019-01-02 18:00:00,44.91732438428427,0.0,0.0,0.0,0.0,penalty_10000,10000.0
2019-01-02 19:00:00,32.81378418297841,0.0,0.0,0.0,0.0,penalty_10000,10000.0
2019-01-02 20:00:00,45.334223283555204,0.0,0.0,0.0,0.0,penalty_10000,10000.0
2019-01-02 21:00:00,20.07598528840358,0.0,0.0,0.0,0.0,penalty_10000,10000.0
2019-01-02 22:00:00,18.28102224409215,0.0,0.0,0.0,0.0,penalty_10000,10000.0
2019-01-02 23:00:00,22.692299061167496,0.0,0.0,0.0,0.0,penalty_10000,10000.0
2019-01-03 00:00:00,19.799210615444803,0.0,0.0,0.0,0.0,penalty_10000,10000.0
2019-01-03 01:00:00,18.30916113859561,0.0,0.0,0.0,0.0,penalty_10000,10000.0
2019-01-03 02:00:00,15.60454095008653,0.0,0.0,0.0,0.0,penalty_10000,10000.0
2019-01-03 03:00:00,15.806369748865913,0.0,0.0,0.0,0.0,penalty_10000,10000.0
2019-01-03 04:00:00,17.04726386564997,0.0,0.0,0.0,0.0,penalty_10000,10000.0
2019-01-03 05:00:00,16.42497001451997,0.0,0.0,0.0,0.0,penalty_10000,10000.0
2019-01-03 06:00:00,20.617151836750267,0.0,0.0,0.0,0.0,penalty_10000,10000.0
2019-01-03 07:00:00,19.23622612336862,0.0,0.0,0.0,0.0,penalty_10000,10000.0
2019-01-03 08:00:00,19.0912542992716,0.0,0.0,0.0,0.0,penalty_10000,10000.0
2019-01-03 09:00:00,17.679439035538834,0.0,0.0,0.0,0.0,penalty_10000,10000.0
2019-01-03 10:00:00,15.422773059356775,0.0,0.0,0.0,0.0,penalty_10000,10000.0
2019-01-03 11:00:00,14.437563483775458,0.0,0.0,0.0,0.0,penalty_10000,10000.0
2019-01-03 12:00:00,-303.165666642799,54.931366,0.0,0.0,213.5,penalty_10000,10000.0
2019-01-03 13:00:00,-321.9955324909567,693.06817,0.0,0.0,213.5,penalty_10000,10000.0
2019-01-03 14:00:00,-323.7616310861173,691.036685,0.0,0.0,213.5,penalty_10000,10000.0
2019-01-03 15:00:00,-330.26435006089457,510.518121,0.0,0.0,213.5,penalty_10000,10000.0
2019-01-03 16:00:00,-329.1697457279328,54.137363,0.0,0.0,213.5,penalty_10000,10000.0
2019-01-03 17:00:00,14.18176240042612,0.0,0.0,0.0,0.0,penalty_10000,10000.0
2019-01-03 18:00:00,14.905523678098406,0.0,0.0,0.0,0.0,penalty_10000,10000.0
2019-01-03 19:00:00,19.38768707263791,0.0,0.0,0.0,0.0,penalty_10000,10000.0
2019-01-03 20:00:00,18.923467238839688,0.0,0.0,0.0,0.0,penalty_10000,10000.0
2019-01-03 21:00:00,17.139101773454275,0.0,0.0,0.0,0.0,penalty_10000,10000.0
2019-01-03 22:00:00,17.849169884532333,0.0,0.0,0.0,0.0,penalty_10000,10000.0
2019-01-03 23:00:00,15.041839006409552,0.0,0.0,0.0,0.0,penalty_10000,10000.0
2019-01-04 00:00:00,14.616833072758388,0.0,0.0,0.0,0.0,penalty_10000,10000.0
2019-01-04 01:00:00,15.178796303188829,0.0,0.0,0.0,0.0,penalty_10000,10000.0
2019-01-04 02:00:00,16.976350653625286,0.0,0.0,0.0,0.0,penalty_10000,10000.0
2019-01-04 03:00:00,17.1161660480848,0.0,0.0,0.0,0.0,penalty_10000,10000.0
2019-01-04 04:00:00,15.476302922242727,0.0,0.0,0.0,0.0,penalty_10000,10000.0
2019-01-04 05:00:00,18.652011991081302,0.0,0.0,0.0,0.0,penalty_10000,10000.0
2019-01-04 06:00:00,22.96388009956164,0.0,0.0,0.0,0.0,penalty_10000,10000.0
2019-01-04 07:00:00,20.470884434486525,0.0,0.0,0.0,0.0,penalty_10000,10000.0
2019-01-04 08:00:00,22.90517191897366,0.0,0.0,0.0,0.0,penalty_10000,10000.0
2019-01-04 09:00:00,19.861931585218528,0.0,0.0,0.0,0.0,penalty_10000,10000.0
2019-01-04 10:00:00,16.42670030475327,0.0,0.0,0.0,0.0,penalty_10000,10000.0
2019-01-04 11:00:00,13.5079069248905,0.0,0.0,0.0,0.0,penalty_10000,10000.0
2019-01-04 12:00:00,18.108032778681846,0.0,0.0,0.0,0.0,penalty_10000,10000.0
2019-01-04 13:00:00,-365.1309347566557,201.488296,0.0,0.0,130.5,penalty_10000,10000.0
2019-01-04 14:00:00,-373.8570012282289,157.369738,0.0,0.0,130.5,penalty_10000,10000.0
2019-01-04 15:00:00,17.285970673718303,0.0,0.0,0.0,0.0,penalty_10000,10000.0
2019-01-04 16:00:00,11.438167942105848,0.0,0.0,0.0,0.0,penalty_10000,10000.0
2019-01-04 17:00:00,12.832928844112784,0.0,0.0,0.0,0.0,penalty_10000,10000.0
2019-01-04 18:00:00,18.769278339878145,0.0,0.0,0.0,0.0,penalty_10000,10000.0
2019-01-04 19:00:00,19.971037644322667,0.0,0.0,0.0,0.0,penalty_10000,10000.0
2019-01-04 20:00:00,19.82944030612043,0.0,0.0,0.0,0.0,penalty_10000,10000.0
2019-01-04 21:00:00,19.0509780511426,0.0,0.0,0.0,0.0,penalty_10000,10000.0
2019-01-04 22:00:00,17.08815859743151,0.0,0.0,0.0,0.0,penalty_10000,10000.0
2019-01-04 23:00:00,15.644371144074967,0.0,0.0,0.0,0.0,penalty_10000,10000.0
2019-01-05 00:00:00,11.558755889718315,0.0,0.0,0.0,0.0,penalty_10000,10000.0
2019-01-05 01:00:00,12.118133026442575,0.0,0.0,0.0,0.0,penalty_10000,10000.0
2019-01-05 02:00:00,13.681227656149394,0.0,0.0,0.0,0.0,penalty_10000,10000.0
2019-01-05 03:00:00,13.239949797726991,0.0,0.0,0.0,0.0,penalty_10000,10000.0
2019-01-05 04:00:00,14.13870930457481,0.0,0.0,0.0,0.0,penalty_10000,10000.0
2019-01-05 05:00:00,16.553701441436196,0.0,0.0,0.0,0.0,penalty_10000,10000.0
2019-01-05 06:00:00,18.610058821147394,0.0,0.0,0.0,0.0,penalty_10000,10000.0
2019-01-05 07:00:00,18.21497481979407,0.0,0.0,0.0,0.0,penalty_10000,10000.0
2019-01-05 08:00:00,18.40383998636141,0.0,0.0,0.0,0.0,penalty_10000,10000.0
2019-01-05 09:00:00,18.352503486489415,0.0,0.0,0.0,0.0,penalty_10000,10000.0
2019-01-05 10:00:00,14.098900787129072,0.0,0.0,0.0,0.0,penalty_10000,10000.0
2019-01-05 11:00:00,11.816217774029262,0.0,0.0,0.0,0.0,penalty_10000,10000.0
2019-01-05 12:00:00,13.570708960954693,0.0,0.0,0.0,0.0,penalty_10000,10000.0
2019-01-05 13:00:00,17.508918479468534,0.0,0.0,0.0,0.0,penalty_10000,10000.0
2019-01-05 14:00:00,11.216991788376289,0.0,0.0,0.0,0.0,penalty_10000,10000.0
2019-01-05 15:00:00,10.934814585810518,0.0,0.0,0.0,0.0,penalty_10000,10000.0
2019-01-05 16:00:00,11.356010124414647,0.0,0.0,0.0,0.0,penalty_10000,10000.0
2019-01-05 17:00:00,12.09948981828056,0.0,0.0,0.0,0.0,penalty_10000,10000.0
2019-01-05 18:00:00,18.309545467634187,0.0,0.0,0.0,0.0,penalty_10000,10000.0
2019-01-05 19:00:00,37.786569958720506,0.0,0.0,0.0,0.0,penalty_10000,10000.0
2019-01-05 20:00:00,14.303619699614115,0.0,0.0,0.0,0.0,penalty_10000,10000.0
2019-01-05 21:00:00,13.886428917407757,0.0,0.0,0.0,0.0,penalty_10000,10000.0
2019-01-05 22:00:00,11.348575685984164,0.0,0.0,0.0,0.0,penalty_10000,10000.0
2019-01-05 23:00:00,10.587352556294684,0.0,0.0,0.0,0.0,penalty_10000,10000.0
2019-01-06 00:00:00,9.72798085158593,0.0,0.0,0.0,0.0,penalty_10000,10000.0
2019-01-06 01:00:00,10.767078797203473,0.0,0.0,0.0,0.0,penalty_10000,10000.0
2019-01-06 02:00:00,10.257832267726268,0.0,0.0,0.0,0.0,penalty_10000,10000.0
2019-01-06 03:00:00,10.231350695616685,0.0,0.0,0.0,0.0,penalty_10000,10000.0
2019-01-06 04:00:00,9.615761478118733,0.0,0.0,0.0,0.0,penalty_10000,10000.0
2019-01-06 05:00:00,8.497871112592838,0.0,0.0,0.0,0.0,penalty_10000,10000.0
2019-01-06 06:00:00,8.051473177689248,0.0,0.0,0.0,0.0,penalty_10000,10000.0
2019-01-06 07:00:00,9.093853820186371,0.0,0.0,0.0,0.0,penalty_10000,10000.0
2019-01-06 08:00:00,-162.337401950745,89.735081,0.0,0.0,42.0,penalty_10000,10000.0
2019-01-06 09:00:00,-160.72946904939653,821.741763,0.0,0.0,42.0,penalty_10000,10000.0
2019-01-06 10:00:00,-161.6861394572905,356.900127,0.0,0.0,42.0,penalty_10000,10000.0
2019-01-06 11:00:00,-162.3589449612091,1254.878488,0.0,0.0,262.3,penalty_10000,10000.0
2019-01-06 12:00:00,-165.80817025607462,1515.12076,0.0,0.0,387.3,penalty_10000,10000.0
2019-01-06 13:00:00,-167.4397236599955,551.798347,0.0,0.0,387.3,penalty_10000,10000.0
2019-01-06 14:00:00,-168.4287644086838,1170.367768,0.0,0.0,417.8,penalty_10000,10000.0
2019-01-06 15:00:00,-165.89032500448732,1255.05034,0.0,0.0,387.3,penalty_10000,10000.0
2019-01-06 16:00:00,-165.8732930864209,787.741253,0.0,0.0,387.3,penalty_10000,10000.0
2019-01-06 17:00:00,-159.9940940414371,1314.519745,0.0,0.0,100.0,penalty_10000,10000.0
2019-01-06 18:00:00,-154.65204722404366,1030.023374,0.0,0.0,42.0,penalty_10000,10000.0
2019-01-06 19:00:00,-153.63972603404005,361.698744,0.0,0.0,42.0,penalty_10000,10000.0
2019-01-06 20:00:00,-158.4658305057968,974.714875,0.0,0.0,42.0,penalty_10000,10000.0
2019-01-06 21:00:00,-170.77583769219322,1636.247424,0.0,0.0,42.0,penalty_10000,10000.0
2019-01-06 22:00:00,-208.02350968958396,1710.57823,0.0,0.0,42.0,penalty_10000,10000.0
2019-01-06 23:00:00,-214.52705257558347,1734.294345,0.0,0.0,42.0,penalty_10000,10000.0
2019-01-07 00:00:00,-230.8397626531161,1740.53777,0.0,0.0,42.0,penalty_10000,10000.0
2019-01-07 01:00:00,-233.57130609814146,1657.354288,0.0,0.0,42.0,penalty_10000,10000.0
2019-01-07 02:00:00,-235.18223444145465,1698.6199,0.0,0.0,42.0,penalty_10000,10000.0
2019-01-07 03:00:00,-235.26512936925096,1666.294306,0.0,0.0,42.0,penalty_10000,10000.0
2019-01-07 04:00:00,-232.33910402919093,1582.622681,0.0,0.0,42.0,penalty_10000,10000.0
2019-01-07 05:00:00,-214.7264434900252,1654.806147,0.0,0.0,42.0,penalty_10000,10000.0
2019-01-07 06:00:00,-177.81120787551947,1596.789914,0.0,0.0,42.0,penalty_10000,10000.0
2019-01-07 07:00:00,-173.28834462415762,1111.510554,0.0,0.0,42.0,penalty_10000,10000.0
2019-01-07 08:00:00,-161.12439620548258,738.25652,0.0,0.0,42.0,penalty_10000,10000.0
2019-01-07 09:00:00,-144.15016028883437,378.17154,0.0,0.0,42.0,penalty_10000,10000.0
2019-01-07 10:00:00,10.612403440086826,0.0,0.0,0.0,0.0,penalty_10000,10000.0
2019-01-07 11:00:00,-142.80693226226504,170.781567,0.0,0.0,387.3,penalty_10000,10000.0
2019-01-07 12:00:00,-565.9335230151592,678.976648,0.0,0.0,141.978151,penalty_10000,10000.0
2019-01-07 13:00:00,-544.8552615772246,526.271549,0.0,0.0,387.3,penalty_10000,10000.0
2019-01-07 14:00:00,-539.7644521639327,1145.792105,0.0,0.0,387.3,penalty_10000,10000.0
2019-01-07 15:00:00,-560.5906456926464,1204.951987,0.0,0.0,130.5,penalty_10000,10000.0
2019-01-07 16:00:00,-151.3362834562746,486.56586,0.0,0.0,42.0,penalty_10000,10000.0
2019-01-07 17:00:00,-147.13680008666933,311.50448,0.0,0.0,68.871195,penalty_10000,10000.0
2019-01-07 18:00:00,10.75130666282892,0.0,0.0,0.0,0.0,penalty_10000,10000.0
2019-01-07 19:00:00,11.96903340087507,0.0,0.0,0.0,0.0,penalty_10000,10000.0
2019-01-07 20:00:00,10.75437535305366,0.0,0.0,0.0,0.0,penalty_10000,10000.0
2019-01-07 21:00:00,9.712504762879538,0.0,0.0,0.0,0.0,penalty_10000,10000.0
2019-01-07 22:00:00,9.352917327416007,0.0,0.0,0.0,0.0,penalty_10000,10000.0
2019-01-07 23:00:00,9.154612116704367,0.0,0.0,0.0,0.0,penalty_10000,10000.0
2019-01-08 00:00:00,10.43355845418507,0.0,0.0,0.0,0.0,penalty_10000,10000.0
2019-01-08 01:00:00,10.430568296030222,0.0,0.0,0.0,0.0,penalty_10000,10000.0
2019-01-08 02:00:00,10.529260256466255,0.0,0.0,0.0,0.0,penalty_10000,10000.0
2019-01-08 03:00:00,10.651638287515551,0.0,0.0,0.0,0.0,penalty_10000,10000.0
2019-01-08 04:00:00,11.277938078464006,0.0,0.0,0.0,0.0,penalty_10000,10000.0
2019-01-08 05:00:00,11.21365080043665,0.0,0.0,0.0,0.0,penalty_10000,10000.0
2019-01-08 06:00:00,11.34374034711246,0.0,0.0,0.0,0.0,penalty_10000,10000.0
2019-01-08 07:00:00,12.972404511745356,0.0,0.0,0.0,0.0,penalty_10000,10000.0
2019-01-08 08:00:00,12.950604315860662,0.0,0.0,0.0,0.0,penalty_10000,10000.0
2019-01-08 09:00:00,12.990379818675759,0.0,0.0,0.0,0.0,penalty_10000,10000.0
2019-01-08 10:00:00,11.892474021357767,0.0,0.0,0.0,0.0,penalty_10000,10000.0
2019-01-08 11:00:00,11.118529465001586,0.0,0.0,0.0,0.0,penalty_10000,10000.0
2019-01-08 12:00:00,9.833873862323388,0.0,0.0,0.0,0.0,penalty_10000,10000.0
2019-01-08 13:00:00,-150.80745821054018,167.920282,0.0,0.0,42.0,penalty_10000,10000.0
2019-01-08 14:00:00,-150.32737007546095,929.529906,0.0,0.0,42.0,penalty_10000,10000.0
2019-01-08 15:00:00,-151.4739919526434,1211.754552,0.0,0.0,42.0,penalty_10000,10000.0
2019-01-08 16:00:00,-153.17616321968285,869.783646,0.0,0.0,42.0,penalty_10000,10000.0
2019-01-08 17:00:00,-151.9594077001389,1136.680303,0.0,0.0,42.0,penalty_10000,10000.0
2019-01-08 18:00:00,-150.0603586993605,473.235493,0.0,0.0,42.0,penalty_10000,10000.0
2019-01-08 19:00:00,12.406864999999998,0.0,0.0,0.0,0.0,penalty_10000,10000.0
2019-01-08 20:00:00,10.645859347326256,0.0,0.0,0.0,0.0,penalty_10000,10000.0
2019-01-08 21:00:00,10.372057430254928,0.0,0.0,0.0,0.0,penalty_10000,10000.0
2019-01-08 22:00:00,10.196395168951092,0.0,0.0,0.0,0.0,penalty_10000,10000.0
2019-01-08 23:00:00,10.412015996055432,0.0,0.0,0.0,0.0,penalty_10000,10000.0
2019-01-09 00:00:00,13.643485809531816,0.0,0.0,0.0,0.0,penalty_10000,10000.0
2019-01-09 01:00:00,10.708043961957607,0.0,0.0,0.0,0.0,penalty_10000,10000.0
2019-01-09 02:00:00,12.975195255929126,0.0,0.0,0.0,0.0,penalty_10000,10000.0
2019-01-09 03:00:00,12.897670188631448,0.0,0.0,0.0,0.0,penalty_10000,10000.0
2019-01-09 04:00:00,18.39343369374454,0.0,0.0,0.0,0.0,penalty_10000,10000.0
2019-01-09 05:00:00,11.459282334345437,0.0,0.0,0.0,0.0,penalty_10000,10000.0
2019-01-09 06:00:00,12.271124418957632,0.0,0.0,0.0,0.0,penalty_10000,10000.0
2019-01-09 07:00:00,13.741703222457268,0.0,0.0,0.0,0.0,penalty_10000,10000.0
2019-01-09 08:00:00,13.524476765920884,0.0,0.0,0.0,0.0,penalty_10000,10000.0
2019-01-09 09:00:00,15.396391855125888,0.0,0.0,0.0,0.0,penalty_10000,10000.0
2019-01-09 10:00:00,15.417755077628003,0.0,0.0,0.0,0.0,penalty_10000,10000.0
2019-01-09 11:00:00,13.75823736231369,0.0,0.0,0.0,0.0,penalty_10000,10000.0
2019-01-09 12:00:00,12.856852627832305,0.0,0.0,0.0,0.0,penalty_10000,10000.0
2019-01-09 13:00:00,12.553117407360048,0.0,0.0,0.0,0.0,penalty_10000,10000.0
2019-01-09 14:00:00,10.978534938012055,0.0,0.0,0.0,0.0,penalty_10000,10000.0
2019-01-09 15:00:00,11.20631141799551,0.0,0.0,0.0,0.0,penalty_10000,10000.0
2019-01-09 16:00:00,11.28339657571274,0.0,0.0,0.0,0.0,penalty_10000,10000.0
2019-01-09 17:00:00,12.357161037115365,0.0,0.0,0.0,0.0,penalty_10000,10000.0
2019-01-09 18:00:00,16.62973841758276,0.0,0.0,0.0,0.0,penalty_10000,10000.0
2019-01-09 19:00:00,21.548340166070098,0.0,0.0,0.0,0.0,penalty_10000,10000.0
2019-01-09 20:00:00,22.767040003952186,0.0,0.0,0.0,0.0,penalty_10000,10000.0
2019-01-09 21:00:00,18.858756903057692,0.0,0.0,0.0,0.0,penalty_10000,10000.0
2019-01-09 22:00:00,14.366345909919389,0.0,0.0,0.0,0.0,penalty_10000,10000.0
2019-01-09 23:00:00,14.463753865833045,0.0,0.0,0.0,0.0,penalty_10000,10000.0
2019-01-10 00:00:00,12.685636988496826,0.0,0.0,0.0,0.0,penalty_10000,10000.0
2019-01-10 01:00:00,12.864008255184435,0.0,0.0,0.0,0.0,penalty_10000,10000.0
2019-01-10 02:00:00,12.9679916886198,0.0,0.0,0.0,0.0,penalty_10000,10000.0
2019-01-10 03:00:00,13.709494621646856,0.0,0.0,0.0,0.0,penalty_10000,10000.0
2019-01-10 04:00:00,12.563489396870388,0.0,0.0,0.0,0.0,penalty_10000,10000.0
2019-01-10 05:00:00,14.928322507520475,0.0,0.0,0.0,0.0,penalty_10000,10000.0
2019-01-10 06:00:00,18.026150622883097,0.0,0.0,0.0,0.0,penalty_10000,10000.0
2019-01-10 07:00:00,17.859933847647667,0.0,0.0,0.0,0.0,penalty_10000,10000.0
2019-01-10 08:00:00,16.297685556415715,0.0,0.0,0.0,0.0,penalty_10000,10000.0
2019-01-10 09:00:00,14.020842397212986,0.0,0.0,0.0,0.0,penalty_10000,10000.0
2019-01-10 10:00:00,11.927998325161676,0.0,0.0,0.0,0.0,penalty_10000,10000.0
2019-01-10 11:00:00,-114.55746167285105,577.600517,0.0,0.0,0.0,penalty_10000,10000.0
2019-01-10 12:00:00,-137.8274174080274,1480.011596,0.0,0.0,100.0,penalty_10000,10000.0
2019-01-10 13:00:00,-143.42892134749533,494.826604,0.0,0.0,387.3,penalty_10000,10000.0
2019-01-10 14:00:00,-142.80103785309765,1091.572219,0.0,0.0,387.3,penalty_10000,10000.0
2019-01-10 15:00:00,-140.34390095633486,1147.12306,0.0,0.0,115.393066,penalty_10000,10000.0
2019-01-10 16:00:00,-140.26728074795284,675.369925,0.0,0.0,387.3,penalty_10000,10000.0
2019-01-10 17:00:00,-127.84371017108154,1160.752512,0.0,0.0,58.153169,penalty_10000,10000.0
2019-01-10 18:00:00,-109.51172325331049,841.623137,0.0,0.0,0.0,penalty_10000,10000.0
2019-01-10 19:00:00,-110.41511009265135,618.385616,0.0,0.0,0.0,penalty_10000,10000.0
2019-01-10 20:00:00,-126.74152183635121,501.835236,0.0,0.0,0.0,penalty_10000,10000.0
2019-01-10 21:00:00,-143.71335471812748,337.332517,0.0,0.0,21.525217,penalty_10000,10000.0
2019-01-10 22:00:00,10.269739963619502,0.0,0.0,0.0,0.0,penalty_10000,10000.0
2019-01-10 23:00:00,10.482440547869711,0.0,0.0,0.0,0.0,penalty_10000,10000.0
2019-01-11 00:00:00,10.685658194706466,0.0,0.0,0.0,0.0,penalty_10000,10000.0
2019-01-11 01:00:00,10.626376639079732,0.0,0.0,0.0,0.0,penalty_10000,10000.0
2019-01-11 02:00:00,10.890798318765608,0.0,0.0,0.0,0.0,penalty_10000,10000.0
2019-01-11 03:00:00,10.54704654550237,0.0,0.0,0.0,0.0,penalty_10000,10000.0
2019-01-11 04:00:00,10.646137979971362,0.0,0.0,0.0,0.0,penalty_10000,10000.0
2019-01-11 05:00:00,11.005950041392659,0.0,0.0,0.0,0.0,penalty_10000,10000.0
2019-01-11 06:00:00,11.828383647077732,0.0,0.0,0.0,0.0,penalty_10000,10000.0
2019-01-11 07:00:00,11.870587179443458,0.0,0.0,0.0,0.0,penalty_10000,10000.0
2019-01-11 08:00:00,11.779253414340724,0.0,0.0,0.0,0.0,penalty_10000,10000.0
2019-01-11 09:00:00,63.532377590710574,60.946234,0.0,0.0,0.0,penalty_10000,10000.0
2019-01-11 10:00:00,11.93950868628614,0.0,0.0,0.0,0.0,penalty_10000,10000.0
2019-01-11 11:00:00,-125.02779043191853,127.931114,0.0,0.0,100.0,penalty_10000,10000.0
2019-01-11 12:00:00,-138.54220905885194,391.93532,0.0,0.0,42.0,penalty_10000,10000.0
2019-01-11 13:00:00,7.571888149754999,0.0,0.0,0.0,161.839947,penalty_10000,10000.0
2019-01-11 14:00:00,-155.23697386168496,385.779671,0.0,0.0,417.8,penalty_10000,10000.0
2019-01-11 15:00:00,-156.64895190873347,407.82088,0.0,0.0,105.827794,penalty_10000,10000.0
2019-01-11 16:00:00,-156.2713906027652,30.140178,0.0,0.0,387.3,penalty_10000,10000.0
2019-01-11 17:00:00,-137.45321026652894,337.465057,0.0,0.0,255.058948,penalty_10000,10000.0
2019-01-11 18:00:00,10.778510088098761,0.0,0.0,0.0,0.0,penalty_10000,10000.0
2019-01-11 19:00:00,11.654144181375141,0.0,0.0,0.0,0.0,penalty_10000,10000.0
2019-01-11 20:00:00,9.874006141584859,0.0,0.0,0.0,0.0,penalty_10000,10000.0
2019-01-11 21:00:00,-159.12674101636136,639.530579,0.0,0.0,42.0,penalty_10000,10000.0
2019-01-11 22:00:00,-166.5768385930188,909.437195,0.0,0.0,42.0,penalty_10000,10000.0
2019-01-11 23:00:00,-204.66810582581866,250.193698,0.0,0.0,42.0,penalty_10000,10000.0
2019-01-12 00:00:00,10.457533999999999,0.0,0.0,0.0,0.0,penalty_10000,10000.0
2019-01-12 01:00:00,9.62518541653972,0.0,0.0,0.0,0.0,penalty_10000,10000.0
2019-01-12 02:00:00,9.720388441772924,0.0,0.0,0.0,0.0,penalty_10000,10000.0
2019-01-12 03:00:00,10.980592000000001,0.0,0.0,0.0,0.0,penalty_10000,10000.0
2019-01-12 04:00:00,-186.17251846143705,246.455795,0.0,0.0,42.0,penalty_10000,10000.0
2019-01-12 05:00:00,-197.14411461320927,1322.850602,0.0,0.0,42.0,penalty_10000,10000.0
2019-01-12 06:00:00,-190.71052202470767,1566.197794,0.0,0.0,42.0,penalty_10000,10000.0
2019-01-12 07:00:00,-184.18361384408976,1427.06025,0.0,0.0,42.0,penalty_10000,10000.0
2019-01-12 08:00:00,-168.71348917352228,1271.342858,0.0,0.0,42.0,penalty_10000,10000.0
2019-01-12 09:00:00,-162.37541903574007,1212.877753,0.0,0.0,42.0,penalty_10000,10000.0
2019-01-12 10:00:00,-163.91278422510945,260.357098,0.0,0.0,42.0,penalty_10000,10000.0
2019-01-12 11:00:00,-147.23382972050047,1156.605471,0.0,0.0,262.3,penalty_10000,10000.0
2019-01-12 12:00:00,-149.16198724698552,1427.154953,0.0,0.0,292.8,penalty_10000,10000.0
2019-01-12 13:00:00,-722.697059914555,856.515052,0.0,0.0,373.015339,penalty_10000,10000.0
2019-01-12 14:00:00,-610.2690825224994,1285.165385,0.0,0.0,417.8,penalty_10000,10000.0
2019-01-12 15:00:00,-171.85162058127523,1174.143228,0.0,0.0,130.5,penalty_10000,10000.0
2019-01-12 16:00:00,-155.77664602306703,759.6655,0.0,0.0,387.3,penalty_10000,10000.0
2019-01-12 17:00:00,-139.64540719823975,1180.026618,0.0,0.0,42.0,penalty_10000,10000.0
2019-01-12 18:00:00,-139.22540247930766,602.874228,0.0,0.0,42.0,penalty_10000,10000.0
2019-01-12 19:00:00,13.107621253085348,0.0,0.0,0.0,0.0,penalty_10000,10000.0
2019-01-12 20:00:00,13.120085360731455,0.0,0.0,0.0,0.0,penalty_10000,10000.0
2019-01-12 21:00:00,12.454183297593598,0.0,0.0,0.0,0.0,penalty_10000,10000.0
2019-01-12 22:00:00,12.568976726535,0.0,0.0,0.0,0.0,penalty_10000,10000.0
2019-01-12 23:00:00,12.75749549078896,0.0,0.0,0.0,0.0,penalty_10000,10000.0
2019-01-13 00:00:00,12.43021270077909,0.0,0.0,0.0,0.0,penalty_10000,10000.0
2019-01-13 01:00:00,12.297105823652949,0.0,0.0,0.0,0.0,penalty_10000,10000.0
2019-01-13 02:00:00,13.084570864963995,0.0,0.0,0.0,0.0,penalty_10000,10000.0
2019-01-13 03:00:00,15.384705003466447,0.0,0.0,0.0,0.0,penalty_10000,10000.0
2019-01-13 04:00:00,14.97474753450224,0.0,0.0,0.0,0.0,penalty_10000,10000.0
2019-01-13 05:00:00,16.341782379196633,0.0,0.0,0.0,0.0,penalty_10000,10000.0
2019-01-13 06:00:00,18.35474974566196,0.0,0.0,0.0,0.0,penalty_10000,10000.0
2019-01-13 07:00:00,17.330293122850797,0.0,0.0,0.0,0.0,penalty_10000,10000.0
2019-01-13 08:00:00,17.436038671024672,0.0,0.0,0.0,0.0,penalty_10000,10000.0
2019-01-13 09:00:00,20.138392529079816,0.0,0.0,0.0,0.0,penalty_10000,10000.0
2019-01-13 10:00:00,17.700999489814947,0.0,0.0,0.0,0.0,penalty_10000,10000.0
2019-01-13 11:00:00,16.070564191082585,0.0,0.0,0.0,0.0,penalty_10000,10000.0
2019-01-13 12:00:00,14.60559653098301,0.0,0.0,0.0,0.0,penalty_10000,10000.0
2019-01-13 13:00:00,14.484084214673475,0.0,0.0,0.0,0.0,penalty_10000,10000.0
2019-01-13 14:00:00,12.038396087275961,0.0,0.0,0.0,0.0,penalty_10000,10000.0
2019-01-13 15:00:00,14.341462908407667,0.0,0.0,0.0,0.0,penalty_10000,10000.0
2019-01-13 16:00:00,14.865385137004901,0.0,0.0,0.0,0.0,penalty_10000,10000.0
2019-01-13 17:00:00,18.380133921079956,0.0,0.0,0.0,0.0,penalty_10000,10000.0
2019-01-13 18:00:00,18.808686436653435,0.0,0.0,0.0,0.0,penalty_10000,10000.0
2019-01-13 19:00:00,19.33216584350708,0.0,0.0,0.0,0.0,penalty_10000,10000.0
2019-01-13 20:00:00,19.532921692913053,0.0,0.0,0.0,0.0,penalty_10000,10000.0
2019-01-13 21:00:00,19.10496290444452,0.0,0.0,0.0,0.0,penalty_10000,10000.0
2019-01-13 22:00:00,19.499308683677004,0.0,0.0,0.0,0.0,penalty_10000,10000.0
2019-01-13 23:00:00,19.63649281361995,0.0,0.0,0.0,0.0,penalty_10000,10000.0
2019-01-14 00:00:00,16.739482303260594,0.0,0.0,0.0,0.0,penalty_10000,10000.0
2019-01-14 01:00:00,16.27554737435702,0.0,0.0,0.0,0.0,penalty_10000,10000.0
2019-01-14 02:00:00,16.47845938874501,0.0,0.0,0.0,0.0,penalty_10000,10000.0
2019-01-14 03:00:00,14.628606367537058,0.0,0.0,0.0,0.0,penalty_10000,10000.0
2019-01-14 04:00:00,15.427566293010742,0.0,0.0,0.0,0.0,penalty_10000,10000.0
2019-01-14 05:00:00,15.803953114704436,0.0,0.0,0.0,0.0,penalty_10000,10000.0
2019-01-14 06:00:00,19.73826012358784,0.0,0.0,0.0,0.0,penalty_10000,10000.0
2019-01-14 07:00:00,35.509630236459145,0.0,0.0,0.0,0.0,penalty_10000,10000.0
2019-01-14 08:00:00,20.89335795767113,0.0,0.0,0.0,0.0,penalty_10000,10000.0
2019-01-14 09:00:00,23.203637700859943,0.0,0.0,0.0,0.0,penalty_10000,10000.0
2019-01-14 10:00:00,18.29254014829571,0.0,0.0,0.0,0.0,penalty_10000,10000.0
2019-01-14 11:00:00,17.179209025573396,0.0,0.0,0.0,0.0,penalty_10000,10000.0
2019-01-14 12:00:00,15.696337321476665,0.0,0.0,0.0,0.0,penalty_10000,10000.0
2019-01-14 13:00:00,14.444132565893437,0.0,0.0,0.0,0.0,penalty_10000,10000.0
2019-01-14 14:00:00,13.844025923146019,0.0,0.0,0.0,0.0,penalty_10000,10000.0
2019-01-14 15:00:00,16.149238633991757,0.0,0.0,0.0,0.0,penalty_10000,10000.0
2019-01-14 16:00:00,16.996152153487017,0.0,0.0,0.0,0.0,penalty_10000,10000.0
2019-01-14 17:00:00,19.24439532946974,0.0,0.0,0.0,0.0,penalty_10000,10000.0
2019-01-14 18:00:00,22.674523470365536,0.0,0.0,0.0,0.0,penalty_10000,10000.0
2019-01-14 19:00:00,36.11659509131918,0.0,0.0,0.0,0.0,penalty_10000,10000.0
2019-01-14 20:00:00,22.275032422598994,0.0,0.0,0.0,0.0,penalty_10000,10000.0
2019-01-14 21:00:00,20.924945648367707,0.0,0.0,0.0,0.0,penalty_10000,10000.0
2019-01-14 22:00:00,20.660071420372674,0.0,0.0,0.0,0.0,penalty_10000,10000.0
2019-01-14 23:00:00,17.80386685298838,0.0,0.0,0.0,0.0,penalty_10000,10000.0
2019-01-15 00:00:00,16.098129759312634,0.0,0.0,0.0,0.0,penalty_10000,10000.0
2019-01-15 01:00:00,15.439378945717568,0.0,0.0,0.0,0.0,penalty_10000,10000.0
2019-01-15 02:00:00,15.713236220333508,0.0,0.0,0.0,0.0,penalty_10000,10000.0
2019-01-15 03:00:00,15.835081417015873,0.0,0.0,0.0,0.0,penalty_10000,10000.0
2019-01-15 04:00:00,13.865451903740887,0.0,0.0,0.0,0.0,penalty_10000,10000.0
2019-01-15 05:00:00,13.9131308500486,0.0,0.0,0.0,0.0,penalty_10000,10000.0
2019-01-15 06:00:00,33.49114885821818,0.0,0.0,0.0,0.0,penalty_10000,10000.0
2019-01-15 07:00:00,18.276374451511323,0.0,0.0,0.0,0.0,penalty_10000,10000.0
2019-01-15 08:00:00,18.094464363386177,0.0,0.0,0.0,0.0,penalty_10000,10000.0
2019-01-15 09:00:00,21.65344009037053,0.0,0.0,0.0,0.0,penalty_10000,10000.0
2019-01-15 10:00:00,14.85210798425528,0.0,0.0,0.0,0.0,penalty_10000,10000.0
2019-01-15 11:00:00,13.85940514243919,0.0,0.0,0.0,0.0,penalty_10000,10000.0
2019-01-15 12:00:00,-117.70405651363865,167.515904,0.0,0.0,42.0,penalty_10000,10000.0
2019-01-15 13:00:00,11.028313406930035,0.0,0.0,0.0,0.0,penalty_10000,10000.0
2019-01-15 14:00:00,-130.25583941764992,138.42714,0.0,0.0,100.0,penalty_10000,10000.0
2019-01-15 15:00:00,10.924792311142951,0.0,0.0,0.0,0.0,penalty_10000,10000.0
2019-01-15 16:00:00,11.0862302544752,0.0,0.0,0.0,0.0,penalty_10000,10000.0
2019-01-15 17:00:00,11.907966700825694,0.0,0.0,0.0,0.0,penalty_10000,10000.0
2019-01-15 18:00:00,15.682931059061287,0.0,0.0,0.0,0.0,penalty_10000,10000.0
2019-01-15 19:00:00,18.732668910602058,0.0,0.0,0.0,0.0,penalty_10000,10000.0
2019-01-15 20:00:00,17.465755005119142,0.0,0.0,0.0,0.0,penalty_10000,10000.0
2019-01-15 21:00:00,12.930670272641086,0.0,0.0,0.0,0.0,penalty_10000,10000.0
2019-01-15 22:00:00,12.850341409374126,0.0,0.0,0.0,0.0,penalty_10000,10000.0
2019-01-15 23:00:00,10.941709131463405,0.0,0.0,0.0,0.0,penalty_10000,10000.0
2019-01-16 00:00:00,10.660726071828298,0.0,0.0,0.0,0.0,penalty_10000,10000.0
2019-01-16 01:00:00,10.569419091709303,0.0,0.0,0.0,0.0,penalty_10000,10000.0
2019-01-16 02:00:00,9.87441558988845,0.0,0.0,0.0,0.0,penalty_10000,10000.0
2019-01-16 03:00:00,9.835735741966756,0.0,0.0,0.0,0.0,penalty_10000,10000.0
2019-01-16 04:00:00,9.725303959605691,0.0,0.0,0.0,0.0,penalty_10000,10000.0
2019-01-16 05:00:00,11.985285839895296,0.0,0.0,0.0,0.0,penalty_10000,10000.0
2019-01-16 06:00:00,11.153246363174123,0.0,0.0,0.0,0.0,penalty_10000,10000.0
2019-01-16 07:00:00,11.232117235846763,0.0,0.0,0.0,0.0,penalty_10000,10000.0
2019-01-16 08:00:00,11.261660253934158,0.0,0.0,0.0,0.0,penalty_10000,10000.0
2019-01-16 09:00:00,12.84120174088643,0.0,0.0,0.0,0.0,penalty_10000,10000.0
2019-01-16 10:00:00,10.980645574013135,0.0,0.0,0.0,0.0,penalty_10000,10000.0
2019-01-16 11:00:00,-136.3758292633608,362.852075,0.0,0.0,42.0,penalty_10000,10000.0
2019-01-16 12:00:00,-149.30436762506315,1078.255433,0.0,0.0,100.0,penalty_10000,10000.0
2019-01-16 13:00:00,-154.451124551906,168.641673,0.0,0.0,387.3,penalty_10000,10000.0
2019-01-16 14:00:00,-542.5676167306442,1005.430149,0.0,0.0,255.5,penalty_10000,10000.0
2019-01-16 15:00:00,-541.9482824601073,1284.721744,0.0,0.0,255.5,penalty_10000,10000.0
2019-01-16 16:00:00,-150.4205506232146,859.208655,0.0,0.0,262.3,penalty_10000,10000.0
2019-01-16 17:00:00,-145.58687484763206,1175.30346,0.0,0.0,100.0,penalty_10000,10000.0
2019-01-16 18:00:00,10.018559830110721,0.0,0.0,0.0,0.0,penalty_10000,10000.0
2019-01-16 19:00:00,14.80767803202598,0.0,0.0,0.0,0.0,penalty_10000,10000.0
2019-01-16 20:00:00,12.896222776291989,0.0,0.0,0.0,0.0,penalty_10000,10000.0
2019-01-16 21:00:00,10.620813804338836,0.0,0.0,0.0,0.0,penalty_10000,10000.0
2019-01-16 22:00:00,10.22641377115581,0.0,0.0,0.0,0.0,penalty_10000,10000.0
2019-01-16 23:00:00,9.792578044077457,0.0,0.0,0.0,0.0,penalty_10000,10000.0
2019-01-17 00:00:00,10.4477486273143,0.0,0.0,0.0,0.0,penalty_10000,10000.0
2019-01-17 01:00:00,10.427994238789125,0.0,0.0,0.0,0.0,penalty_10000,10000.0
2019-01-17 02:00:00,10.587423513589352,0.0,0.0,0.0,0.0,penalty_10000,10000.0
2019-01-17 03:00:00,10.643175402583793,0.0,0.0,0.0,0.0,penalty_10000,10000.0
2019-01-17 04:00:00,11.709721954855368,0.0,0.0,0.0,0.0,penalty_10000,10000.0
2019-01-17 05:00:00,13.74628511419602,0.0,0.0,0.0,0.0,penalty_10000,10000.0
2019-01-17 06:00:00,12.776991542538424,0.0,0.0,0.0,0.0,penalty_10000,10000.0
2019-01-17 07:00:00,13.413674223335924,0.0,0.0,0.0,0.0,penalty_10000,10000.0
2019-01-17 08:00:00,13.837697005563362,0.0,0.0,0.0,0.0,penalty_10000,10000.0
2019-01-17 09:00:00,14.871346162327246,0.0,0.0,0.0,0.0,penalty_10000,10000.0
2019-01-17 10:00:00,14.580830841634379,0.0,0.0,0.0,0.0,penalty_10000,10000.0
2019-01-17 11:00:00,14.545926481035277,0.0,0.0,0.0,0.0,penalty_10000,10000.0
2019-01-17 12:00:00,13.112540014046001,0.0,0.0,0.0,0.0,penalty_10000,10000.0
2019-01-17 13:00:00,11.817918325602003,0.0,0.0,0.0,0.0,penalty_10000,10000.0
2019-01-17 14:00:00,11.382988742862349,0.0,0.0,0.0,0.0,penalty_10000,10000.0
2019-01-17 15:00:00,11.491504689183483,0.0,0.0,0.0,0.0,penalty_10000,10000.0
2019-01-17 16:00:00,12.596006867586935,0.0,0.0,0.0,0.0,penalty_10000,10000.0
2019-01-17 17:00:00,14.218982380524842,0.0,0.0,0.0,0.0,penalty_10000,10000.0
2019-01-17 18:00:00,20.70129505163855,0.0,0.0,0.0,0.0,penalty_10000,10000.0
2019-01-17 19:00:00,29.320523128765988,0.0,0.0,0.0,0.0,penalty_10000,10000.0
2019-01-17 20:00:00,50.007663913170965,0.0,0.0,0.0,0.0,penalty_10000,10000.0
2019-01-17 21:00:00,16.280190544119368,0.0,0.0,0.0,0.0,penalty_10000,10000.0
2019-01-17 22:00:00,12.157862477132307,0.0,0.0,0.0,0.0,penalty_10000,10000.0
2019-01-17 23:00:00,12.445600078567997,0.0,0.0,0.0,0.0,penalty_10000,10000.0
2019-01-18 00:00:00,10.35412934374509,0.0,0.0,0.0,0.0,penalty_10000,10000.0
2019-01-18 01:00:00,9.816401598571067,0.0,0.0,0.0,0.0,penalty_10000,10000.0
2019-01-18 02:00:00,10.05634766958289,0.0,0.0,0.0,0.0,penalty_10000,10000.0
2019-01-18 03:00:00,9.677644178113372,0.0,0.0,0.0,0.0,penalty_10000,10000.0
2019-01-18 04:00:00,4.808709393438994,0.0,0.0,0.0,0.0,penalty_10000,10000.0
2019-01-18 05:00:00,-168.30308541949742,290.618437,0.0,0.0,42.0,penalty_10000,10000.0
2019-01-18 06:00:00,-138.8784837869013,733.608832,0.0,0.0,0.0,penalty_10000,10000.0
2019-01-18 07:00:00,-135.1983750086432,1116.667334,0.0,0.0,0.0,penalty_10000,10000.0
2019-01-18 08:00:00,-146.3611709622536,1346.098413,0.0,0.0,0.0,penalty_10000,10000.0
2019-01-18 09:00:00,-131.82553544161803,1320.425622,0.0,0.0,22.891941,penalty_10000,10000.0
2019-01-18 10:00:00,-151.8978773442532,422.961655,0.0,0.0,42.0,penalty_10000,10000.0
2019-01-18 11:00:00,-150.33084306691654,1328.652836,0.0,0.0,148.716778,penalty_10000,10000.0
2019-01-18 12:00:00,-561.7361103105877,1670.193784,0.0,0.0,255.5,penalty_10000,10000.0
2019-01-18 13:00:00,-589.8499892560297,1284.535502,0.0,0.0,417.8,penalty_10000,10000.0
2019-01-18 14:00:00,-744.3814516488966,1932.691832,0.0,0.0,286.643169,penalty_10000,10000.0
2019-01-18 15:00:00,-579.5580325543681,1832.087511,0.0,0.0,347.734429,penalty_10000,10000.0
2019-01-18 16:00:00,-579.5981536701091,981.170562,0.0,0.0,389.202687,penalty_10000,10000.0
2019-01-18 17:00:00,-166.86610436993854,987.820084,0.0,0.0,100.0,penalty_10000,10000.0
2019-01-18 18:00:00,-150.36017327224928,616.004792,0.0,0.0,100.0,penalty_10000,10000.0
2019-01-18 19:00:00,-150.9024358224207,473.954636,0.0,0.0,42.0,penalty_10000,10000.0
2019-01-18 20:00:00,-155.71462205984867,1180.842413,0.0,0.0,42.0,penalty_10000,10000.0
2019-01-18 21:00:00,-169.30232808544446,1605.424023,0.0,0.0,42.0,penalty_10000,10000.0
2019-01-18 22:00:00,-177.03441834174,758.689137,0.0,0.0,42.0,penalty_10000,10000.0
2019-01-18 23:00:00,-213.59909200001505,846.548156,0.0,0.0,42.0,penalty_10000,10000.0
2019-01-19 00:00:00,-222.49992180887236,852.17985,0.0,0.0,42.0,penalty_10000,10000.0
2019-01-19 01:00:00,8.411406371197138,0.0,0.0,0.0,0.0,penalty_10000,10000.0
2019-01-19 02:00:00,7.292436064736203,0.0,0.0,0.0,0.0,penalty_10000,10000.0
2019-01-19 03:00:00,7.180993806512052,0.0,0.0,0.0,0.0,penalty_10000,10000.0
2019-01-19 04:00:00,12.079278710014716,0.0,0.0,0.0,0.0,penalty_10000,10000.0
2019-01-19 05:00:00,-163.99039659889618,246.742276,0.0,0.0,42.0,penalty_10000,10000.0
2019-01-19 06:00:00,-172.54909312522418,963.079693,0.0,0.0,42.0,penalty_10000,10000.0
2019-01-19 07:00:00,-142.6495318474683,1412.716346,0.0,0.0,0.0,penalty_10000,10000.0
2019-01-19 08:00:00,24.29138802699837,1256.451172,0.0,0.0,0.0,penalty_10000,10000.0
2019-01-19 09:00:00,35.175026771575574,1233.453428,0.0,0.0,0.0,penalty_10000,10000.0
2019-01-19 10:00:00,39.30978812996743,327.103657,0.0,0.0,0.0,penalty_10000,10000.0
2019-01-19 11:00:00,38.35503737795436,1258.446291,0.0,0.0,58.0,penalty_10000,10000.0
2019-01-19 12:00:00,-480.00850782710387,1474.662166,0.0,0.0,93.196694,penalty_10000,10000.0
2019-01-19 13:00:00,-495.841237369047,1127.358604,0.0,0.0,255.5,penalty_10000,10000.0
2019-01-19 14:00:00,-504.3296033972845,1798.483787,0.0,0.0,255.5,penalty_10000,10000.0
2019-01-19 15:00:00,-506.3372129704468,1690.376049,0.0,0.0,255.5,penalty_10000,10000.0
2019-01-19 16:00:00,-138.62823733400054,668.962363,0.0,0.0,209.297923,penalty_10000,10000.0
2019-01-19 17:00:00,-135.06729497035292,1041.599165,0.0,0.0,100.0,penalty_10000,10000.0
2019-01-19 18:00:00,-121.62908835568962,399.459388,0.0,0.0,35.153035,penalty_10000,10000.0
2019-01-19 19:00:00,12.674252507676647,0.0,0.0,0.0,0.0,penalty_10000,10000.0
2019-01-19 20:00:00,12.860547856725969,0.0,0.0,0.0,0.0,penalty_10000,10000.0
2019-01-19 21:00:00,12.203357890868448,0.0,0.0,0.0,0.0,penalty_10000,10000.0
2019-01-19 22:00:00,12.870252794114384,0.0,0.0,0.0,0.0,penalty_10000,10000.0
2019-01-19 23:00:00,13.335422530202466,0.0,0.0,0.0,0.0,penalty_10000,10000.0
2019-01-20 00:00:00,12.900766685764864,0.0,0.0,0.0,0.0,penalty_10000,10000.0
2019-01-20 01:00:00,12.863539318940036,0.0,0.0,0.0,0.0,penalty_10000,10000.0
2019-01-20 02:00:00,12.167581767714786,0.0,0.0,0.0,0.0,penalty_10000,10000.0
2019-01-20 03:00:00,12.679510364855979,0.0,0.0,0.0,0.0,penalty_10000,10000.0
2019-01-20 04:00:00,12.745053575155234,0.0,0.0,0.0,0.0,penalty_10000,10000.0
2019-01-20 05:00:00,15.00928573355754,0.0,0.0,0.0,0.0,penalty_10000,10000.0
2019-01-20 06:00:00,17.073675195255518,0.0,0.0,0.0,0.0,penalty_10000,10000.0
2019-01-20 07:00:00,18.55417020771306,0.0,0.0,0.0,0.0,penalty_10000,10000.0
2019-01-20 08:00:00,16.24732914613667,0.0,0.0,0.0,0.0,penalty_10000,10000.0
2019-01-20 09:00:00,14.207762877025653,0.0,0.0,0.0,0.0,penalty_10000,10000.0
2019-01-20 10:00:00,11.461541815969557,0.0,0.0,0.0,0.0,penalty_10000,10000.0
2019-01-20 11:00:00,10.843120948239852,0.0,0.0,0.0,0.0,penalty_10000,10000.0
2019-01-20 12:00:00,-130.1773026070796,100.723713,0.0,0.0,100.0,penalty_10000,10000.0
2019-01-20 13:00:00,-146.919503601732,310.200149,0.0,0.0,262.3,penalty_10000,10000.0
2019-01-20 14:00:00,-153.06871678968105,940.42786,0.0,0.0,387.3,penalty_10000,10000.0
2019-01-20 15:00:00,-154.37121241525347,1341.619681,0.0,0.0,262.3,penalty_10000,10000.0
2019-01-20 16:00:00,-156.2122955213961,891.526732,0.0,0.0,262.3,penalty_10000,10000.0
2019-01-20 17:00:00,-146.51372740147642,974.057793,0.0,0.0,42.0,penalty_10000,10000.0
2019-01-20 18:00:00,10.937429029310856,0.0,0.0,0.0,0.0,penalty_10000,10000.0
2019-01-20 19:00:00,11.721387067599634,0.0,0.0,0.0,0.0,penalty_10000,10000.0
2019-01-20 20:00:00,11.022374522543736,0.0,0.0,0.0,0.0,penalty_10000,10000.0
2019-01-20 21:00:00,11.072252605323335,0.0,0.0,0.0,0.0,penalty_10000,10000.0
2019-01-20 22:00:00,11.054939725745736,0.0,0.0,0.0,0.0,penalty_10000,10000.0
2019-01-20 23:00:00,10.387583008957865,0.0,0.0,0.0,0.0,penalty_10000,10000.0
2019-01-21 00:00:00,10.573334330997714,0.0,0.0,0.0,0.0,penalty_10000,10000.0
2019-01-21 01:00:00,11.057130002126282,0.0,0.0,0.0,0.0,penalty_10000,10000.0
2019-01-21 02:00:00,10.695940486830615,0.0,0.0,0.0,0.0,penalty_10000,10000.0
2019-01-21 03:00:00,10.855692244121323,0.0,0.0,0.0,0.0,penalty_10000,10000.0
2019-01-21 04:00:00,11.251457553830663,0.0,0.0,0.0,0.0,penalty_10000,10000.0
2019-01-21 05:00:00,-97.1371832776593,231.001885,0.0,0.0,0.0,penalty_10000,10000.0
2019-01-21 06:00:00,-87.95852743968828,583.914779,0.0,0.0,0.0,penalty_10000,10000.0
2019-01-21 07:00:00,20.143674016060462,782.096221,0.0,0.0,0.0,penalty_10000,10000.0
2019-01-21 08:00:00,-18.874917471012832,1288.062913,0.0,0.0,0.0,penalty_10000,10000.0
2019-01-21 09:00:00,-19.222784987232707,1306.738557,0.0,0.0,0.0,penalty_10000,10000.0
2019-01-21 10:00:00,-116.68616316178387,429.594824,0.0,0.0,12.081655,penalty_10000,10000.0
2019-01-21 11:00:00,-126.75356887924731,1369.876357,0.0,0.0,262.3,penalty_10000,10000.0
2019-01-21 12:00:00,-504.1681988730338,1685.999345,0.0,0.0,255.5,penalty_10000,10000.0
2019-01-21 13:00:00,-539.1710247605573,841.327085,0.0,0.0,255.5,penalty_10000,10000.0
2019-01-21 14:00:00,-711.2000356962033,1617.057539,0.0,0.0,255.5,penalty_10000,10000.0
2019-01-21 15:00:00,-595.7172467965486,1676.537623,0.0,0.0,417.8,penalty_10000,10000.0
2019-01-21 16:00:00,-566.9057848668591,1040.826715,0.0,0.0,325.910417,penalty_10000,10000.0
2019-01-21 17:00:00,-152.6620597623972,1401.11946,0.0,0.0,42.0,penalty_10000,10000.0
2019-01-21 18:00:00,-144.53317255293584,1114.40291,0.0,0.0,42.0,penalty_10000,10000.0
2019-01-21 19:00:00,-133.7711695862801,869.699839,0.0,0.0,42.0,penalty_10000,10000.0
2019-01-21 20:00:00,-152.10601441674856,1141.427416,0.0,0.0,42.0,penalty_10000,10000.0
2019-01-21 21:00:00,-165.9794849804682,1568.787362,0.0,0.0,42.0,penalty_10000,10000.0
2019-01-21 22:00:00,-174.8929782468652,1590.67591,0.0,0.0,42.0,penalty_10000,10000.0
2019-01-21 23:00:00,-212.81328403973876,1619.733626,0.0,0.0,42.0,penalty_10000,10000.0
2019-01-22 00:00:00,-229.98705063661984,1641.921411,0.0,0.0,42.0,penalty_10000,10000.0
2019-01-22 01:00:00,-233.07459194836377,1556.453789,0.0,0.0,100.0,penalty_10000,10000.0
2019-01-22 02:00:00,-235.24001493536616,1608.328267,0.0,0.0,42.0,penalty_10000,10000.0
2019-01-22 03:00:00,-232.6810744639365,1572.21188,0.0,0.0,42.0,penalty_10000,10000.0
2019-01-22 04:00:00,-231.5352801313108,1498.967444,0.0,0.0,42.0,penalty_10000,10000.0
2019-01-22 05:00:00,-209.9275021175284,1510.429511,0.0,0.0,42.0,penalty_10000,10000.0
2019-01-22 06:00:00,-168.45350186192985,1238.456582,0.0,0.0,42.0,penalty_10000,10000.0
2019-01-22 07:00:00,-168.39181507777894,947.672833,0.0,0.0,42.0,penalty_10000,10000.0
2019-01-22 08:00:00,-158.2754913726482,609.306249,0.0,0.0,42.0,penalty_10000,10000.0
2019-01-22 09:00:00,-156.15149656003143,775.792164,0.0,0.0,42.0,penalty_10000,10000.0
2019-01-22 10:00:00,-155.2492233501181,280.501337,0.0,0.0,42.0,penalty_10000,10000.0
2019-01-22 11:00:00,-157.21001535745415,155.375242,0.0,0.0,262.3,penalty_10000,10000.0
2019-01-22 12:00:00,-145.38697928246935,152.106054,0.0,0.0,387.3,penalty_10000,10000.0
2019-01-22 13:00:00,-392.3736408818281,682.23542,0.0,0.0,222.450621,penalty_10000,10000.0
2019-01-22 14:00:00,-428.7514161092681,666.260845,0.0,0.0,281.045245,penalty_10000,10000.0
2019-01-22 15:00:00,-589.7681779219158,753.667569,0.0,0.0,414.281726,penalty_10000,10000.0
2019-01-22 16:00:00,-405.9623239539557,99.324544,0.0,0.0,130.5,penalty_10000,10000.0
2019-01-22 17:00:00,-178.20708398725114,367.081973,0.0,0.0,130.5,penalty_10000,10000.0
2019-01-22 18:00:00,-158.19525707125794,986.154652,0.0,0.0,42.0,penalty_10000,10000.0
2019-01-22 19:00:00,-147.2226742755048,808.476104,0.0,0.0,42.0,penalty_10000,10000.0
2019-01-22 20:00:00,-146.8432643227015,1068.866944,0.0,0.0,42.0,penalty_10000,10000.0
2019-01-22 21:00:00,-167.93673325519788,1508.38776,0.0,0.0,42.0,penalty_10000,10000.0
2019-01-22 22:00:00,-171.19555236501256,1502.204413,0.0,0.0,42.0,penalty_10000,10000.0
2019-01-22 23:00:00,-174.03160355060308,1482.119194,0.0,0.0,42.0,penalty_10000,10000.0
2019-01-23 00:00:00,-170.18954053717138,1474.394877,0.0,0.0,42.0,penalty_10000,10000.0
2019-01-23 01:00:00,-168.77677799610103,1255.674581,0.0,0.0,42.0,penalty_10000,10000.0
2019-01-23 02:00:00,-158.79010373544844,1224.899733,0.0,0.0,0.0,penalty_10000,10000.0
2019-01-23 03:00:00,-153.01494077053772,394.260185,0.0,0.0,0.0,penalty_10000,10000.0
2019-01-23 04:00:00,14.713469197201858,0.0,0.0,0.0,0.0,penalty_10000,10000.0
2019-01-23 05:00:00,15.289706280916167,0.0,0.0,0.0,0.0,penalty_10000,10000.0
2019-01-23 06:00:00,18.34508927763337,0.0,0.0,0.0,0.0,penalty_10000,10000.0
2019-01-23 07:00:00,19.62546006085111,0.0,0.0,0.0,0.0,penalty_10000,10000.0
2019-01-23 08:00:00,19.656330482422447,0.0,0.0,0.0,0.0,penalty_10000,10000.0
2019-01-23 09:00:00,17.671514955062847,0.0,0.0,0.0,0.0,penalty_10000,10000.0
2019-01-23 10:00:00,17.251535046716562,0.0,0.0,0.0,0.0,penalty_10000,10000.0
2019-01-23 11:00:00,15.036720925871856,0.0,0.0,0.0,0.0,penalty_10000,10000.0
2019-01-23 12:00:00,13.014480317440746,0.0,0.0,0.0,0.0,penalty_10000,10000.0
2019-01-23 13:00:00,-326.1281605392295,269.005902,0.0,0.0,88.5,penalty_10000,10000.0
2019-01-23 14:00:00,-333.73512386345914,540.384918,0.0,0.0,88.5,penalty_10000,10000.0
2019-01-23 15:00:00,-340.89252916044114,634.372727,0.0,0.0,88.5,penalty_10000,10000.0
2019-01-23 16:00:00,-340.9106618677442,414.157293,0.0,0.0,88.5,penalty_10000,10000.0
2019-01-23 17:00:00,12.889599342286289,0.0,0.0,0.0,0.0,penalty_10000,10000.0
2019-01-23 18:00:00,15.574868374000484,0.0,0.0,0.0,0.0,penalty_10000,10000.0
2019-01-23 19:00:00,21.426683921396627,0.0,0.0,0.0,0.0,penalty_10000,10000.0
2019-01-23 20:00:00,38.82258398082725,0.0,0.0,0.0,0.0,penalty_10000,10000.0
2019-01-23 21:00:00,30.53815807217969,0.0,0.0,0.0,0.0,penalty_10000,10000.0
2019-01-23 22:00:00,19.1496706714675,0.0,0.0,0.0,0.0,penalty_10000,10000.0
2019-01-23 23:00:00,16.81832748786369,0.0,0.0,0.0,0.0,penalty_10000,10000.0
2019-01-24 00:00:00,17.22013041813242,0.0,0.0,0.0,0.0,penalty_10000,10000.0
2019-01-24 01:00:00,14.794097732219232,0.0,0.0,0.0,0.0,penalty_10000,10000.0
2019-01-24 02:00:00,16.36944618168648,0.0,0.0,0.0,0.0,penalty_10000,10000.0
2019-01-24 03:00:00,17.7684195580172,0.0,0.0,0.0,0.0,penalty_10000,10000.0
2019-01-24 04:00:00,18.100078698969746,0.0,0.0,0.0,0.0,penalty_10000,10000.0
2019-01-24 05:00:00,17.17305985182957,0.0,0.0,0.0,0.0,penalty_10000,10000.0
2019-01-24 06:00:00,22.5566048573493,0.0,0.0,0.0,0.0,penalty_10000,10000.0
2019-01-24 07:00:00,23.263645082110152,0.0,0.0,0.0,0.0,penalty_10000,10000.0
2019-01-24 08:00:00,19.343172380029078,0.0,0.0,0.0,0.0,penalty_10000,10000.0
2019-01-24 09:00:00,15.037630201887428,0.0,0.0,0.0,0.0,penalty_10000,10000.0
2019-01-24 10:00:00,11.385051277876064,0.0,0.0,0.0,0.0,penalty_10000,10000.0
2019-01-24 11:00:00,15.661325043886334,0.0,0.0,0.0,0.0,penalty_10000,10000.0
2019-01-24 12:00:00,-390.65872273206475,71.733073,0.0,0.0,88.5,penalty_10000,10000.0
2019-01-24 13:00:00,-532.1358424896434,1097.867722,0.0,0.0,130.5,penalty_10000,10000.0
2019-01-24 14:00:00,-554.3914491716049,1851.961754,0.0,0.0,130.5,penalty_10000,10000.0
2019-01-24 15:00:00,-580.2239928922266,1850.953048,0.0,0.0,130.5,penalty_10000,10000.0
2019-01-24 16:00:00,-577.947524503055,1076.383208,0.0,0.0,130.5,penalty_10000,10000.0
2019-01-24 17:00:00,-151.8672158923343,1241.267261,0.0,0.0,42.0,penalty_10000,10000.0
2019-01-24 18:00:00,-136.02026633050366,895.425321,0.0,0.0,42.0,penalty_10000,10000.0
2019-01-24 19:00:00,10.529143131392246,0.0,0.0,0.0,0.0,penalty_10000,10000.0
2019-01-24 20:00:00,12.0385418531282,0.0,0.0,0.0,0.0,penalty_10000,10000.0
2019-01-24 21:00:00,12.435048921810218,0.0,0.0,0.0,0.0,penalty_10000,10000.0
2019-01-24 22:00:00,11.185232132100484,0.0,0.0,0.0,0.0,penalty_10000,10000.0
2019-01-24 23:00:00,10.285546375534198,0.0,0.0,0.0,0.0,penalty_10000,10000.0
2019-01-25 00:00:00,10.59814034502778,0.0,0.0,0.0,0.0,penalty_10000,10000.0
2019-01-25 01:00:00,11.41301147275373,0.0,0.0,0.0,0.0,penalty_10000,10000.0
2019-01-25 02:00:00,11.744504584735582,0.0,0.0,0.0,0.0,penalty_10000,10000.0
2019-01-25 03:00:00,11.939910608170171,0.0,0.0,0.0,0.0,penalty_10000,10000.0
2019-01-25 04:00:00,11.979767977789303,0.0,0.0,0.0,0.0,penalty_10000,10000.0
2019-01-25 05:00:00,14.053400177424503,0.0,0.0,0.0,0.0,penalty_10000,10000.0
2019-01-25 06:00:00,19.419155731025512,0.0,0.0,0.0,0.0,penalty_10000,10000.0
2019-01-25 07:00:00,20.089616645586823,0.0,0.0,0.0,0.0,penalty_10000,10000.0
2019-01-25 08:00:00,21.825612122151117,0.0,0.0,0.0,0.0,penalty_10000,10000.0
2019-01-25 09:00:00,21.043202457502936,0.0,0.0,0.0,0.0,penalty_10000,10000.0
2019-01-25 10:00:00,17.49498855316208,0.0,0.0,0.0,0.0,penalty_10000,10000.0
2019-01-25 11:00:00,16.1675016993253,0.0,0.0,0.0,0.0,penalty_10000,10000.0
2019-01-25 12:00:00,13.291066878231197,0.0,0.0,0.0,0.0,penalty_10000,10000.0
2019-01-25 13:00:00,-2.0686054922010904,0.0,0.0,0.0,58.0,penalty_10000,10000.0
2019-01-25 14:00:00,-75.87495651874772,0.0,0.0,0.0,345.3,penalty_10000,10000.0
2019-01-25 15:00:00,11.754946620550108,0.0,0.0,0.0,0.0,penalty_10000,10000.0
2019-01-25 16:00:00,11.904983614778036,0.0,0.0,0.0,0.0,penalty_10000,10000.0
2019-01-25 17:00:00,12.648619696856931,0.0,0.0,0.0,0.0,penalty_10000,10000.0
2019-01-25 18:00:00,19.565618519269204,0.0,0.0,0.0,0.0,penalty_10000,10000.0
2019-01-25 19:00:00,29.93690916119218,0.0,0.0,0.0,0.0,penalty_10000,10000.0
2019-01-25 20:00:00,18.999100357409688,0.0,0.0,0.0,0.0,penalty_10000,10000.0
2019-01-25 21:00:00,19.011799657598935,0.0,0.0,0.0,0.0,penalty_10000,10000.0
2019-01-25 22:00:00,13.14320328854875,0.0,0.0,0.0,0.0,penalty_10000,10000.0
2019-01-25 23:00:00,15.110108481709743,0.0,0.0,0.0,0.0,penalty_10000,10000.0
2019-01-26 00:00:00,13.171420464021622,0.0,0.0,0.0,0.0,penalty_10000,10000.0
2019-01-26 01:00:00,13.919599752612086,0.0,0.0,0.0,0.0,penalty_10000,10000.0
2019-01-26 02:00:00,14.271815866666266,0.0,0.0,0.0,0.0,penalty_10000,10000.0
2019-01-26 03:00:00,14.285528211355015,0.0,0.0,0.0,0.0,penalty_10000,10000.0
2019-01-26 04:00:00,15.67943497613701,0.0,0.0,0.0,0.0,penalty_10000,10000.0
2019-01-26 05:00:00,15.63789772833677,0.0,0.0,0.0,0.0,penalty_10000,10000.0
2019-01-26 06:00:00,20.655672467358368,0.0,0.0,0.0,0.0,penalty_10000,10000.0
2019-01-26 07:00:00,20.513564454425012,0.0,0.0,0.0,0.0,penalty_10000,10000.0
2019-01-26 08:00:00,20.556994487905634,0.0,0.0,0.0,0.0,penalty_10000,10000.0
2019-01-26 09:00:00,20.493495750749517,0.0,0.0,0.0,0.0,penalty_10000,10000.0
2019-01-26 10:00:00,15.442406246137745,0.0,0.0,0.0,0.0,penalty_10000,10000.0
2019-01-26 11:00:00,14.232439828586235,0.0,0.0,0.0,0.0,penalty_10000,10000.0
2019-01-26 12:00:00,12.930266806265418,0.0,0.0,0.0,0.0,penalty_10000,10000.0
2019-01-26 13:00:00,11.320385115494492,0.0,0.0,0.0,0.0,penalty_10000,10000.0
2019-01-26 14:00:00,10.869023325126854,0.0,0.0,0.0,0.0,penalty_10000,10000.0
2019-01-26 15:00:00,10.336641180435493,0.0,0.0,0.0,0.0,penalty_10000,10000.0
2019-01-26 16:00:00,10.32462318734156,0.0,0.0,0.0,0.0,penalty_10000,10000.0
2019-01-26 17:00:00,11.22739367635355,0.0,0.0,0.0,0.0,penalty_10000,10000.0
2019-01-26 18:00:00,14.155872071202342,0.0,0.0,0.0,0.0,penalty_10000,10000.0
2019-01-26 19:00:00,22.14160256676275,0.0,0.0,0.0,0.0,penalty_10000,10000.0
2019-01-26 20:00:00,22.16935321352902,0.0,0.0,0.0,0.0,penalty_10000,10000.0
2019-01-26 21:00:00,18.564792908091594,0.0,0.0,0.0,0.0,penalty_10000,10000.0
2019-01-26 22:00:00,13.581692198950275,0.0,0.0,0.0,0.0,penalty_10000,10000.0
2019-01-26 23:00:00,14.101758547891476,0.0,0.0,0.0,0.0,penalty_10000,10000.0
2019-01-27 00:00:00,15.733864756951833,0.0,0.0,0.0,0.0,penalty_10000,10000.0
2019-01-27 01:00:00,14.250264974347056,0.0,0.0,0.0,0.0,penalty_10000,10000.0
2019-01-27 02:00:00,15.487180548146853,0.0,0.0,0.0,0.0,penalty_10000,10000.0
2019-01-27 03:00:00,18.523217112102135,0.0,0.0,0.0,0.0,penalty_10000,10000.0
2019-01-27 04:00:00,15.338240667582896,0.0,0.0,0.0,0.0,penalty_10000,10000.0
2019-01-27 05:00:00,14.965283385993292,0.0,0.0,0.0,0.0,penalty_10000,10000.0
2019-01-27 06:00:00,14.320667627769717,0.0,0.0,0.0,0.0,penalty_10000,10000.0
2019-01-27 07:00:00,16.913126708282167,0.0,0.0,0.0,0.0,penalty_10000,10000.0
2019-01-27 08:00:00,22.838455812187046,0.0,0.0,0.0,0.0,penalty_10000,10000.0
2019-01-27 09:00:00,16.097598744346485,0.0,0.0,0.0,0.0,penalty_10000,10000.0
2019-01-27 10:00:00,11.735521592479058,0.0,0.0,0.0,0.0,penalty_10000,10000.0
2019-01-27 11:00:00,10.785670584822995,0.0,0.0,0.0,0.0,penalty_10000,10000.0
2019-01-27 12:00:00,10.627400904610234,0.0,0.0,0.0,0.0,penalty_10000,10000.0
2019-01-27 13:00:00,-38.87586300071456,0.0,0.0,0.0,58.0,penalty_10000,10000.0
2019-01-27 14:00:00,-422.80827583363964,138.883837,0.0,0.0,130.5,penalty_10000,10000.0
2019-01-27 15:00:00,-423.9474284293688,10.673456,0.0,0.0,130.5,penalty_10000,10000.0
2019-01-27 16:00:00,10.940086087483275,0.0,0.0,0.0,0.0,penalty_10000,10000.0
2019-01-27 17:00:00,10.950093484407862,0.0,0.0,0.0,0.0,penalty_10000,10000.0
2019-01-27 18:00:00,13.174501777782249,0.0,0.0,0.0,0.0,penalty_10000,10000.0
2019-01-27 19:00:00,20.420062561092603,0.0,0.0,0.0,0.0,penalty_10000,10000.0
2019-01-27 20:00:00,16.623487164812534,0.0,0.0,0.0,0.0,penalty_10000,10000.0
2019-01-27 21:00:00,13.724615911300312,0.0,0.0,0.0,0.0,penalty_10000,10000.0
2019-01-27 22:00:00,11.35951592274337,0.0,0.0,0.0,0.0,penalty_10000,10000.0
2019-01-27 23:00:00,11.141404247862573,0.0,0.0,0.0,0.0,penalty_10000,10000.0
2019-01-28 00:00:00,10.448796279342188,0.0,0.0,0.0,0.0,penalty_10000,10000.0
2019-01-28 01:00:00,5.223752601803341,0.0,0.0,0.0,0.0,penalty_10000,10000.0
2019-01-28 02:00:00,10.887114196879585,0.0,0.0,0.0,0.0,penalty_10000,10000.0
2019-01-28 03:00:00,11.16275131376814,0.0,0.0,0.0,0.0,penalty_10000,10000.0
2019-01-28 04:00:00,11.319232036433506,0.0,0.0,0.0,0.0,penalty_10000,10000.0
2019-01-28 05:00:00,11.295998238325678,0.0,0.0,0.0,0.0,penalty_10000,10000.0
2019-01-28 06:00:00,14.37370993186964,0.0,0.0,0.0,0.0,penalty_10000,10000.0
2019-01-28 07:00:00,12.86046945760411,0.0,0.0,0.0,0.0,penalty_10000,10000.0
2019-01-28 08:00:00,13.123431570152587,0.0,0.0,0.0,0.0,penalty_10000,10000.0
2019-01-28 09:00:00,11.307245239521146,0.0,0.0,0.0,0.0,penalty_10000,10000.0
2019-01-28 10:00:00,11.14268669883504,0.0,0.0,0.0,0.0,penalty_10000,10000.0
2019-01-28 11:00:00,-145.1352675142601,679.771409,0.0,0.0,42.0,penalty_10000,10000.0
2019-01-28 12:00:00,-585.8529785444498,1175.984659,0.0,0.0,255.5,penalty_10000,10000.0
2019-01-28 13:00:00,-441.7982130126682,797.120405,0.0,0.0,417.8,penalty_10000,10000.0
2019-01-28 14:00:00,-442.1192291657372,831.466443,0.0,0.0,299.274034,penalty_10000,10000.0
2019-01-28 15:00:00,-418.50895117482077,606.180432,0.0,0.0,255.5,penalty_10000,10000.0
2019-01-28 16:00:00,-414.5294855152971,230.988184,0.0,0.0,130.5,penalty_10000,10000.0
2019-01-28 17:00:00,-153.83715154784136,1015.957857,0.0,0.0,387.3,penalty_10000,10000.0
2019-01-28 18:00:00,-147.88022859313114,1080.288199,0.0,0.0,100.0,penalty_10000,10000.0
2019-01-28 19:00:00,-143.89342983281162,831.760625,0.0,0.0,42.0,penalty_10000,10000.0
2019-01-28 20:00:00,-161.26079097551516,1035.571221,0.0,0.0,42.0,penalty_10000,10000.0
2019-01-28 21:00:00,-166.87172530366138,1387.836586,0.0,0.0,42.0,penalty_10000,10000.0
2019-01-28 22:00:00,-168.63428461652072,329.15913,0.0,0.0,42.0,penalty_10000,10000.0
2019-01-28 23:00:00,9.58236653186467,0.0,0.0,0.0,0.0,penalty_10000,10000.0
2019-01-29 00:00:00,9.92517903566847,0.0,0.0,0.0,0.0,penalty_10000,10000.0
2019-01-29 01:00:00,10.78323268752969,0.0,0.0,0.0,0.0,penalty_10000,10000.0
2019-01-29 02:00:00,11.162355445173961,0.0,0.0,0.0,0.0,penalty_10000,10000.0
2019-01-29 03:00:00,11.336192836585598,0.0,0.0,0.0,0.0,penalty_10000,10000.0
2019-01-29 04:00:00,11.830262902787561,0.0,0.0,0.0,0.0,penalty_10000,10000.0
2019-01-29 05:00:00,13.60921223740899,0.0,0.0,0.0,0.0,penalty_10000,10000.0
2019-01-29 06:00:00,19.754028502721365,0.0,0.0,0.0,0.0,penalty_10000,10000.0
2019-01-29 07:00:00,19.2192131969338,0.0,0.0,0.0,0.0,penalty_10000,10000.0
2019-01-29 08:00:00,21.574319011594543,0.0,0.0,0.0,0.0,penalty_10000,10000.0
2019-01-29 09:00:00,25.6731127338628,0.0,0.0,0.0,0.0,penalty_10000,10000.0
2019-01-29 10:00:00,14.067575766483358,0.0,0.0,0.0,0.0,penalty_10000,10000.0
2019-01-29 11:00:00,12.247749482152011,0.0,0.0,0.0,0.0,penalty_10000,10000.0
2019-01-29 12:00:00,12.812205266485298,0.0,0.0,0.0,0.0,penalty_10000,10000.0
2019-01-29 13:00:00,10.90741705120049,0.0,0.0,0.0,0.0,penalty_10000,10000.0
2019-01-29 14:00:00,-137.75789662370914,22.657688,0.0,0.0,143.393702,penalty_10000,10000.0
2019-01-29 15:00:00,-138.90256813555297,98.282233,0.0,0.0,42.0,penalty_10000,10000.0
2019-01-29 16:00:00,10.20414165307329,0.0,0.0,0.0,58.0,penalty_10000,10000.0
2019-01-29 17:00:00,11.169604418850428,0.0,0.0,0.0,0.0,penalty_10000,10000.0
2019-01-29 18:00:00,13.1295286127129,0.0,0.0,0.0,0.0,penalty_10000,10000.0
2019-01-29 19:00:00,16.27874866441706,0.0,0.0,0.0,0.0,penalty_10000,10000.0
2019-01-29 20:00:00,14.076162793071838,0.0,0.0,0.0,0.0,penalty_10000,10000.0
2019-01-29 21:00:00,13.488587407151327,0.0,0.0,0.0,0.0,penalty_10000,10000.0
2019-01-29 22:00:00,14.615784076826289,0.0,0.0,0.0,0.0,penalty_10000,10000.0
2019-01-29 23:00:00,13.44639833850137,0.0,0.0,0.0,0.0,penalty_10000,10000.0
2019-01-30 00:00:00,13.228139056328844,0.0,0.0,0.0,0.0,penalty_10000,10000.0
2019-01-30 01:00:00,13.237213165700128,0.0,0.0,0.0,0.0,penalty_10000,10000.0
2019-01-30 02:00:00,14.130860229362648,0.0,0.0,0.0,0.0,penalty_10000,10000.0
2019-01-30 03:00:00,14.48865129038676,0.0,0.0,0.0,0.0,penalty_10000,10000.0
2019-01-30 04:00:00,14.6882750517453,0.0,0.0,0.0,0.0,penalty_10000,10000.0
2019-01-30 05:00:00,14.158868324591868,0.0,0.0,0.0,0.0,penalty_10000,10000.0
2019-01-30 06:00:00,23.791370490045118,0.0,0.0,0.0,0.0,penalty_10000,10000.0
2019-01-30 07:00:00,25.20470046607998,0.0,0.0,0.0,0.0,penalty_10000,10000.0
2019-01-30 08:00:00,24.502992697836905,0.0,0.0,0.0,0.0,penalty_10000,10000.0
2019-01-30 09:00:00,23.59283349269734,0.0,0.0,0.0,0.0,penalty_10000,10000.0
2019-01-30 10:00:00,14.717085665795858,0.0,0.0,0.0,0.0,penalty_10000,10000.0
2019-01-30 11:00:00,18.486951265283405,0.0,0.0,0.0,0.0,penalty_10000,10000.0
2019-01-30 12:00:00,15.148568214210487,0.0,0.0,0.0,0.0,penalty_10000,10000.0
2019-01-30 13:00:00,11.64218752183332,0.0,0.0,0.0,0.0,penalty_10000,10000.0
2019-01-30 14:00:00,-130.35660933223625,473.564012,0.0,0.0,387.3,penalty_10000,10000.0
2019-01-30 15:00:00,-139.7800673064945,1349.07892,0.0,0.0,100.0,penalty_10000,10000.0
2019-01-30 16:00:00,-143.66930837307729,935.400778,0.0,0.0,262.3,penalty_10000,10000.0
2019-01-30 17:00:00,-122.42731104071414,1292.405513,0.0,0.0,42.0,penalty_10000,10000.0
2019-01-30 18:00:00,10.55846046039436,0.0,0.0,0.0,0.0,penalty_10000,10000.0
2019-01-30 19:00:00,14.112974295666321,0.0,0.0,0.0,0.0,penalty_10000,10000.0
2019-01-30 20:00:00,13.417570887136197,0.0,0.0,0.0,0.0,penalty_10000,10000.0
2019-01-30 21:00:00,12.986603291890955,0.0,0.0,0.0,0.0,penalty_10000,10000.0
2019-01-30 22:00:00,11.801710032678509,0.0,0.0,0.0,0.0,penalty_10000,10000.0
2019-01-30 23:00:00,11.286141812009005,0.0,0.0,0.0,0.0,penalty_10000,10000.0
2019-01-31 00:00:00,11.02231164805674,0.0,0.0,0.0,0.0,penalty_10000,10000.0
2019-01-31 01:00:00,11.024099582060193,0.0,0.0,0.0,0.0,penalty_10000,10000.0
2019-01-31 02:00:00,11.177597212647516,0.0,0.0,0.0,0.0,penalty_10000,10000.0
2019-01-31 03:00:00,11.370059244364802,0.0,0.0,0.0,0.0,penalty_10000,10000.0
2019-01-31 04:00:00,11.728904815163382,0.0,0.0,0.0,0.0,penalty_10000,10000.0
2019-01-31 05:00:00,11.533638959606215,0.0,0.0,0.0,0.0,penalty_10000,10000.0
2019-01-31 06:00:00,13.2819784672003,0.0,0.0,0.0,0.0,penalty_10000,10000.0
2019-01-31 07:00:00,13.606683624537514,0.0,0.0,0.0,0.0,penalty_10000,10000.0
2019-01-31 08:00:00,11.53002966749794,0.0,0.0,0.0,0.0,penalty_10000,10000.0
2019-01-31 09:00:00,-99.77352868054123,15.072705,0.0,0.0,0.0,penalty_10000,10000.0
2019-01-31 10:00:00,12.03209112434118,0.0,0.0,0.0,0.0,penalty_10000,10000.0
2019-01-31 11:00:00,-111.83902304379062,854.078508,0.0,0.0,58.0,penalty_10000,10000.0
2019-01-31 12:00:00,-126.0241350266895,1095.987481,0.0,0.0,79.638965,penalty_10000,10000.0
2019-01-31 13:00:00,-504.73337426531907,164.143782,0.0,0.0,255.5,penalty_10000,10000.0
2019-01-31 14:00:00,-502.48753121813934,642.39254,0.0,0.0,228.609473,penalty_10000,10000.0
2019-01-31 15:00:00,-143.68151683773064,107.551013,0.0,0.0,215.609581,penalty_10000,10000.0
2019-01-31 16:00:00,11.42759009007978,0.0,0.0,0.0,0.0,penalty_10000,10000.0
2019-01-31 17:00:00,11.756215757018827,0.0,0.0,0.0,0.0,penalty_10000,10000.0
2019-01-31 18:00:00,14.44935775115573,0.0,0.0,0.0,0.0,penalty_10000,10000.0
2019-01-31 19:00:00,17.103427103905688,0.0,0.0,0.0,0.0,penalty_10000,10000.0
2019-01-31 20:00:00,17.617419398768124,0.0,0.0,0.0,0.0,penalty_10000,10000.0
2019-01-31 21:00:00,11.581614463409986,0.0,0.0,0.0,0.0,penalty_10000,10000.0
2019-01-31 22:00:00,10.515584621616659,0.0,0.0,0.0,0.0,penalty_10000,10000.0
2019-01-31 23:00:00,31.79452768092582,0.0,0.0,0.0,0.0,penalty_10000,10000.0
2019-02-01 00:00:00,17.87913478734401,0.0,0.0,0.0,0.0,penalty_10000,10000.0
2019-02-01 01:00:00,10.50124391456406,0.0,0.0,0.0,0.0,penalty_10000,10000.0
2019-02-01 02:00:00,12.002419068972685,0.0,0.0,0.0,0.0,penalty_10000,10000.0
2019-02-01 03:00:00,12.27191139563895,0.0,0.0,0.0,0.0,penalty_10000,10000.0
2019-02-01 04:00:00,15.737504401005127,0.0,0.0,0.0,0.0,penalty_10000,10000.0
2019-02-01 05:00:00,11.483436871386155,0.0,0.0,0.0,0.0,penalty_10000,10000.0
2019-02-01 06:00:00,14.705424469655103,0.0,0.0,0.0,0.0,penalty_10000,10000.0
2019-02-01 07:00:00,15.095646805051665,0.0,0.0,0.0,0.0,penalty_10000,10000.0
2019-02-01 08:00:00,14.719950401888573,0.0,0.0,0.0,0.0,penalty_10000,10000.0
2019-02-01 09:00:00,14.84387260954391,0.0,0.0,0.0,0.0,penalty_10000,10000.0
2019-02-01 10:00:00,14.25516570920405,0.0,0.0,0.0,0.0,penalty_10000,10000.0
2019-02-01 11:00:00,11.865155363347178,0.0,0.0,0.0,0.0,penalty_10000,10000.0
2019-02-01 12:00:00,11.122857424289988,0.0,0.0,0.0,0.0,penalty_10000,10000.0
2019-02-01 13:00:00,10.546630633670269,0.0,0.0,0.0,0.0,penalty_10000,10000.0
2019-02-01 14:00:00,10.671447649418907,0.0,0.0,0.0,0.0,penalty_10000,10000.0
2019-02-01 15:00:00,-152.32792287662065,150.164565,0.0,0.0,239.6731,penalty_10000,10000.0
2019-02-01 16:00:00,-153.58389629242066,217.149654,0.0,0.0,100.0,penalty_10000,10000.0
2019-02-01 17:00:00,11.41204638351626,0.0,0.0,0.0,0.0,penalty_10000,10000.0
2019-02-01 18:00:00,10.994099919452852,0.0,0.0,0.0,0.0,penalty_10000,10000.0
2019-02-01 19:00:00,12.983806719221157,0.0,0.0,0.0,0.0,penalty_10000,10000.0
2019-02-01 20:00:00,12.025248913068054,0.0,0.0,0.0,0.0,penalty_10000,10000.0
2019-02-01 21:00:00,11.001482981782086,0.0,0.0,0.0,0.0,penalty_10000,10000.0
2019-02-01 22:00:00,11.012183558327456,0.0,0.0,0.0,0.0,penalty_10000,10000.0
2019-02-01 23:00:00,18.410721463606674,0.0,0.0,0.0,0.0,penalty_10000,10000.0
2019-02-02 00:00:00,10.411787706317392,0.0,0.0,0.0,0.0,penalty_10000,10000.0
2019-02-02 01:00:00,9.724536423713943,0.0,0.0,0.0,0.0,penalty_10000,10000.0
2019-02-02 02:00:00,8.768462719936714,0.0,0.0,0.0,0.0,penalty_10000,10000.0
2019-02-02 03:00:00,9.13364845237947,0.0,0.0,0.0,0.0,penalty_10000,10000.0
2019-02-02 04:00:00,9.609269635942324,0.0,0.0,0.0,0.0,penalty_10000,10000.0
2019-02-02 05:00:00,9.660476030045368,0.0,0.0,0.0,0.0,penalty_10000,10000.0
2019-02-02 06:00:00,9.516592372038666,0.0,0.0,0.0,0.0,penalty_10000,10000.0
2019-02-02 07:00:00,9.875323936510837,0.0,0.0,0.0,0.0,penalty_10000,10000.0
2019-02-02 08:00:00,11.790325270213577,0.0,0.0,0.0,0.0,penalty_10000,10000.0
2019-02-02 09:00:00,12.018139352916242,0.0,0.0,0.0,0.0,penalty_10000,10000.0
2019-02-02 10:00:00,11.028648889841818,0.0,0.0,0.0,0.0,penalty_10000,10000.0
2019-02-02 11:00:00,-142.09400977049324,37.569635,0.0,0.0,74.551749,penalty_10000,10000.0
2019-02-02 12:00:00,-153.7431959002373,1332.337283,0.0,0.0,115.365776,penalty_10000,10000.0
2019-02-02 13:00:00,-579.895932604268,851.794948,0.0,0.0,255.5,penalty_10000,10000.0
2019-02-02 14:00:00,-595.5777924803124,1587.641373,0.0,0.0,255.5,penalty_10000,10000.0
2019-02-02 15:00:00,-602.3717534289314,1640.977271,0.0,0.0,255.5,penalty_10000,10000.0
2019-02-02 16:00:00,-171.21172685199284,863.489261,0.0,0.0,262.3,penalty_10000,10000.0
2019-02-02 17:00:00,-156.93076916733756,457.169473,0.0,0.0,100.0,penalty_10000,10000.0
2019-02-02 18:00:00,9.978919470757495,0.0,0.0,0.0,0.0,penalty_10000,10000.0
2019-02-02 19:00:00,10.522779000000003,0.0,0.0,0.0,0.0,penalty_10000,10000.0
2019-02-02 20:00:00,9.944436002398723,0.0,0.0,0.0,0.0,penalty_10000,10000.0
2019-02-02 21:00:00,9.68295239682657,0.0,0.0,0.0,0.0,penalty_10000,10000.0
2019-02-02 22:00:00,-174.92479448591,367.957942,0.0,0.0,42.0,penalty_10000,10000.0
2019-02-02 23:00:00,-178.9595226802871,924.876379,0.0,0.0,42.0,penalty_10000,10000.0
2019-02-03 00:00:00,-212.1150520894989,1465.075325,0.0,0.0,42.0,penalty_10000,10000.0
2019-02-03 01:00:00,-227.55910113445043,1466.783971,0.0,0.0,42.0,penalty_10000,10000.0
2019-02-03 02:00:00,-230.64698395029177,1479.967586,0.0,0.0,42.0,penalty_10000,10000.0
2019-02-03 03:00:00,-232.86061990215896,925.1207,0.0,0.0,42.0,penalty_10000,10000.0
2019-02-03 04:00:00,-233.38241805090212,427.91749,0.0,0.0,42.0,penalty_10000,10000.0
2019-02-03 05:00:00,-232.9052312913117,560.100029,0.0,0.0,42.0,penalty_10000,10000.0
2019-02-03 06:00:00,-231.02043093846763,693.657684,0.0,0.0,42.0,penalty_10000,10000.0
2019-02-03 07:00:00,-218.1276210708805,739.276691,0.0,0.0,42.0,penalty_10000,10000.0
2019-02-03 08:00:00,-185.3873415474633,1207.305845,0.0,0.0,42.0,penalty_10000,10000.0
2019-02-03 09:00:00,-166.10142414875241,1409.654948,0.0,0.0,42.0,penalty_10000,10000.0
2019-02-03 10:00:00,-160.46716118819964,539.530099,0.0,0.0,42.0,penalty_10000,10000.0
2019-02-03 11:00:00,-176.41776678865835,1473.916904,0.0,0.0,417.8,penalty_10000,10000.0
2019-02-03 12:00:00,-605.2642977611073,1905.460365,0.0,0.0,255.5,penalty_10000,10000.0
2019-02-03 13:00:00,-605.0526155252654,1183.768753,0.0,0.0,417.8,penalty_10000,10000.0
2019-02-03 14:00:00,-757.8717783549137,1829.401829,0.0,0.0,350.277056,penalty_10000,10000.0
2019-02-03 15:00:00,-600.4931705782818,1795.68328,0.0,0.0,255.5,penalty_10000,10000.0
2019-02-03 16:00:00,-170.44302728932882,1002.121178,0.0,0.0,100.0,penalty_10000,10000.0
2019-02-03 17:00:00,-41.8410957540881,1501.609795,0.0,0.0,220.3,penalty_10000,10000.0
2019-02-03 18:00:00,-39.16489733146088,1239.391199,0.0,0.0,58.0,penalty_10000,10000.0
2019-02-03 19:00:00,-43.22241932204249,974.280208,0.0,0.0,0.0,penalty_10000,10000.0
2019-02-03 20:00:00,-152.16440667001797,1209.96151,0.0,0.0,42.0,penalty_10000,10000.0
2019-02-03 21:00:00,-164.24858813559456,1651.894432,0.0,0.0,42.0,penalty_10000,10000.0
2019-02-03 22:00:00,-170.53098632974573,1703.933738,0.0,0.0,42.0,penalty_10000,10000.0
2019-02-03 23:00:00,-203.2790209944752,1695.855404,0.0,0.0,42.0,penalty_10000,10000.0
2019-02-04 00:00:00,-219.31571791646624,1644.561977,0.0,0.0,42.0,penalty_10000,10000.0
2019-02-04 01:00:00,-224.0475792321834,1505.171762,0.0,0.0,42.0,penalty_10000,10000.0
2019-02-04 02:00:00,-225.58469239665007,1279.688699,0.0,0.0,42.0,penalty_10000,10000.0
2019-02-04 03:00:00,-227.91244451734562,802.412428,0.0,0.0,42.0,penalty_10000,10000.0
2019-02-04 04:00:00,-224.4923225189331,281.189606,0.0,0.0,42.0,penalty_10000,10000.0
2019-02-04 05:00:00,-173.72251277128967,0.0,0.0,0.0,42.0,penalty_10000,10000.0
2019-02-04 06:00:00,9.755049689088665,0.0,0.0,0.0,0.0,penalty_10000,10000.0
2019-02-04 07:00:00,11.489494326715425,0.0,0.0,0.0,0.0,penalty_10000,10000.0
2019-02-04 08:00:00,11.732201008014826,0.0,0.0,0.0,0.0,penalty_10000,10000.0
2019-02-04 09:00:00,10.09928585012351,0.0,0.0,0.0,0.0,penalty_10000,10000.0
2019-02-04 10:00:00,11.744229067279784,0.0,0.0,0.0,0.0,penalty_10000,10000.0
2019-02-04 11:00:00,-149.32371470293603,190.616907,0.0,0.0,100.0,penalty_10000,10000.0
2019-02-04 12:00:00,-146.01166333507584,267.913926,0.0,0.0,262.3,penalty_10000,10000.0
2019-02-04 13:00:00,-375.704206364294,446.349663,0.0,0.0,130.5,penalty_10000,10000.0
2019-02-04 14:00:00,-381.58924324063827,283.637259,0.0,0.0,130.5,penalty_10000,10000.0
2019-02-04 15:00:00,-19.114070230488704,0.0,0.0,0.0,58.0,penalty_10000,10000.0
2019-02-04 16:00:00,3.002760453242627,0.0,0.0,0.0,0.0,penalty_10000,10000.0
2019-02-04 17:00:00,10.26697250951325,0.0,0.0,0.0,0.0,penalty_10000,10000.0
2019-02-04 18:00:00,11.009261881139928,0.0,0.0,0.0,0.0,penalty_10000,10000.0
2019-02-04 19:00:00,11.645851486434413,0.0,0.0,0.0,0.0,penalty_10000,10000.0
2019-02-04 20:00:00,12.060858802893453,0.0,0.0,0.0,0.0,penalty_10000,10000.0
2019-02-04 21:00:00,11.476896681509226,0.0,0.0,0.0,0.0,penalty_10000,10000.0
2019-02-04 22:00:00,9.77548204819324,0.0,0.0,0.0,0.0,penalty_10000,10000.0
2019-02-04 23:00:00,10.098207061429807,0.0,0.0,0.0,0.0,penalty_10000,10000.0
2019-02-05 00:00:00,9.670191919839805,0.0,0.0,0.0,0.0,penalty_10000,10000.0
2019-02-05 01:00:00,9.334329421303668,0.0,0.0,0.0,0.0,penalty_10000,10000.0
2019-02-05 02:00:00,9.632940856940413,0.0,0.0,0.0,0.0,penalty_10000,10000.0
2019-02-05 03:00:00,9.655659031836072,0.0,0.0,0.0,0.0,penalty_10000,10000.0
2019-02-05 04:00:00,9.660096784513986,0.0,0.0,0.0,0.0,penalty_10000,10000.0
2019-02-05 05:00:00,10.176384639131232,0.0,0.0,0.0,0.0,penalty_10000,10000.0
2019-02-05 06:00:00,10.498685152318302,0.0,0.0,0.0,0.0,penalty_10000,10000.0
2019-02-05 07:00:00,11.007949803491613,0.0,0.0,0.0,0.0,penalty_10000,10000.0
2019-02-05 08:00:00,10.661531944992378,0.0,0.0,0.0,0.0,penalty_10000,10000.0
2019-02-05 09:00:00,11.100975561942793,0.0,0.0,0.0,0.0,penalty_10000,10000.0
2019-02-05 10:00:00,10.412823771852956,0.0,0.0,0.0,0.0,penalty_10000,10000.0
2019-02-05 11:00:00,9.826859989231957,0.0,0.0,0.0,0.0,penalty_10000,10000.0
2019-02-05 12:00:00,-146.01202381384428,250.124277,0.0,0.0,387.3,penalty_10000,10000.0
2019-02-05 13:00:00,9.539685382500751,0.0,0.0,0.0,0.0,penalty_10000,10000.0
2019-02-05 14:00:00,-143.25865392000838,633.922594,0.0,0.0,262.3,penalty_10000,10000.0
2019-02-05 15:00:00,-143.63128668903744,938.583813,0.0,0.0,262.3,penalty_10000,10000.0
2019-02-05 16:00:00,-143.32311644052024,506.465394,0.0,0.0,100.0,penalty_10000,10000.0
2019-02-05 17:00:00,-142.81507751900128,416.706226,0.0,0.0,100.0,penalty_10000,10000.0
2019-02-05 18:00:00,9.680416886233523,0.0,0.0,0.0,0.0,penalty_10000,10000.0
2019-02-05 19:00:00,10.935258474051409,0.0,0.0,0.0,0.0,penalty_10000,10000.0
2019-02-05 20:00:00,10.456335555574904,0.0,0.0,0.0,0.0,penalty_10000,10000.0
2019-02-05 21:00:00,9.665542370987653,0.0,0.0,0.0,0.0,penalty_10000,10000.0
2019-02-05 22:00:00,10.159713083493916,0.0,0.0,0.0,0.0,penalty_10000,10000.0
2019-02-05 23:00:00,10.409941563406122,0.0,0.0,0.0,0.0,penalty_10000,10000.0
2019-02-06 00:00:00,10.181111135811749,0.0,0.0,0.0,0.0,penalty_10000,10000.0
2019-02-06 01:00:00,9.739594406374787,0.0,0.0,0.0,0.0,penalty_10000,10000.0
2019-02-06 02:00:00,9.657104511667555,0.0,0.0,0.0,0.0,penalty_10000,10000.0
2019-02-06 03:00:00,9.624310642297594,0.0,0.0,0.0,0.0,penalty_10000,10000.0
2019-02-06 04:00:00,9.763566011867924,0.0,0.0,0.0,0.0,penalty_10000,10000.0
2019-02-06 05:00:00,8.965471384278976,0.0,0.0,0.0,0.0,penalty_10000,10000.0
2019-02-06 06:00:00,9.892386758238988,0.0,0.0,0.0,0.0,penalty_10000,10000.0
2019-02-06 07:00:00,10.556268022036754,0.0,0.0,0.0,0.0,penalty_10000,10000.0
2019-02-06 08:00:00,10.831745549319335,0.0,0.0,0.0,0.0,penalty_10000,10000.0
2019-02-06 09:00:00,10.805606930752466,0.0,0.0,0.0,0.0,penalty_10000,10000.0
2019-02-06 10:00:00,10.524874812370927,0.0,0.0,0.0,0.0,penalty_10000,10000.0
2019-02-06 11:00:00,8.47576378115315,0.0,0.0,0.0,192.696316,penalty_10000,10000.0
2019-02-06 12:00:00,-140.4591784086144,1047.612105,0.0,0.0,262.3,penalty_10000,10000.0
2019-02-06 13:00:00,-144.62767329625663,669.37456,0.0,0.0,387.3,penalty_10000,10000.0
2019-02-06 14:00:00,-141.9610117090723,1284.620843,0.0,0.0,387.3,penalty_10000,10000.0
2019-02-06 15:00:00,-141.37506355334332,1364.89667,0.0,0.0,262.3,penalty_10000,10000.0
2019-02-06 16:00:00,-144.09349917285704,896.447932,0.0,0.0,387.3,penalty_10000,10000.0
2019-02-06 17:00:00,-129.85937500806216,1419.678646,0.0,0.0,262.3,penalty_10000,10000.0
2019-02-06 18:00:00,-103.7933838310363,1179.88853,0.0,0.0,42.0,penalty_10000,10000.0
2019-02-06 19:00:00,-104.02530507349145,822.119583,0.0,0.0,42.0,penalty_10000,10000.0
2019-02-06 20:00:00,-128.0658127766365,1016.715527,0.0,0.0,42.0,penalty_10000,10000.0
2019-02-06 21:00:00,-147.1486874634471,1432.320163,0.0,0.0,42.0,penalty_10000,10000.0
2019-02-06 22:00:00,-152.4769799957614,1398.040279,0.0,0.0,42.0,penalty_10000,10000.0
2019-02-06 23:00:00,-167.69579942621135,986.37854,0.0,0.0,42.0,penalty_10000,10000.0
2019-02-07 00:00:00,-200.73965618801643,813.149672,0.0,0.0,100.0,penalty_10000,10000.0
2019-02-07 01:00:00,-217.06388295742767,692.027433,0.0,0.0,100.0,penalty_10000,10000.0
2019-02-07 02:00:00,-218.8128070857425,494.804496,0.0,0.0,42.0,penalty_10000,10000.0
2019-02-07 03:00:00,-223.00623930407406,947.171102,0.0,0.0,42.0,penalty_10000,10000.0
2019-02-07 04:00:00,-224.4203025880877,1317.325778,0.0,0.0,42.0,penalty_10000,10000.0
2019-02-07 05:00:00,-213.1848482113349,1637.766269,0.0,0.0,42.0,penalty_10000,10000.0
2019-02-07 06:00:00,-179.12872677816193,1603.74584,0.0,0.0,42.0,penalty_10000,10000.0
2019-02-07 07:00:00,-176.90302267327831,1421.749897,0.0,0.0,42.0,penalty_10000,10000.0
2019-02-07 08:00:00,-165.7563589687084,1270.913543,0.0,0.0,42.0,penalty_10000,10000.0
2019-02-07 09:00:00,-149.15296266861228,1079.471031,0.0,0.0,42.0,penalty_10000,10000.0
2019-02-07 10:00:00,-148.97289844788787,405.199867,0.0,0.0,337.571067,penalty_10000,10000.0
2019-02-07 11:00:00,-172.4829235502358,1375.324423,0.0,0.0,417.8,penalty_10000,10000.0
2019-02-07 12:00:00,-553.3261329057798,1941.398304,0.0,0.0,265.970632,penalty_10000,10000.0
2019-02-07 13:00:00,-729.9793130896174,1819.893578,0.0,0.0,255.5,penalty_10000,10000.0
2019-02-07 14:00:00,-734.7863747960037,2587.127936,0.0,0.0,301.816981,penalty_10000,10000.0
2019-02-07 15:00:00,-566.5125338948577,2449.310968,0.0,0.0,417.8,penalty_10000,10000.0
2019-02-07 16:00:00,-553.6079425011405,1506.453828,0.0,0.0,323.866531,penalty_10000,10000.0
2019-02-07 17:00:00,-136.7393003194987,1224.464496,0.0,0.0,42.0,penalty_10000,10000.0
2019-02-07 18:00:00,-122.99331823733905,702.07894,0.0,0.0,23.87668,penalty_10000,10000.0
2019-02-07 19:00:00,-108.26893546615733,234.067566,0.0,0.0,0.0,penalty_10000,10000.0
2019-02-07 20:00:00,-123.05501817292648,46.871372,0.0,0.0,0.0,penalty_10000,10000.0
2019-02-07 21:00:00,-131.59693502006596,248.647411,0.0,0.0,42.0,penalty_10000,10000.0
2019-02-07 22:00:00,-121.80182403906088,473.929617,0.0,0.0,42.0,penalty_10000,10000.0
2019-02-07 23:00:00,-136.42103001173928,325.012981,0.0,0.0,42.0,penalty_10000,10000.0
2019-02-08 00:00:00,12.229623494391735,0.0,0.0,0.0,0.0,penalty_10000,10000.0
2019-02-08 01:00:00,12.387536822803321,0.0,0.0,0.0,0.0,penalty_10000,10000.0
2019-02-08 02:00:00,11.926165096973198,0.0,0.0,0.0,0.0,penalty_10000,10000.0
2019-02-08 03:00:00,12.544170015979512,0.0,0.0,0.0,0.0,penalty_10000,10000.0
2019-02-08 04:00:00,12.435645273099851,0.0,0.0,0.0,0.0,penalty_10000,10000.0
2019-02-08 05:00:00,12.13800338237994,0.0,0.0,0.0,0.0,penalty_10000,10000.0
2019-02-08 06:00:00,14.653273540015588,0.0,0.0,0.0,0.0,penalty_10000,10000.0
2019-02-08 07:00:00,15.926526669723545,0.0,0.0,0.0,0.0,penalty_10000,10000.0
2019-02-08 08:00:00,18.557651224922733,0.0,0.0,0.0,0.0,penalty_10000,10000.0
2019-02-08 09:00:00,19.343024950633865,0.0,0.0,0.0,0.0,penalty_10000,10000.0
2019-02-08 10:00:00,17.433886545002796,0.0,0.0,0.0,0.0,penalty_10000,10000.0
2019-02-08 11:00:00,18.03111784629685,0.0,0.0,0.0,0.0,penalty_10000,10000.0
2019-02-08 12:00:00,16.919185535552682,0.0,0.0,0.0,0.0,penalty_10000,10000.0
2019-02-08 13:00:00,17.4419491726921,0.0,0.0,0.0,0.0,penalty_10000,10000.0
2019-02-08 14:00:00,15.391945836499218,0.0,0.0,0.0,0.0,penalty_10000,10000.0
2019-02-08 15:00:00,14.458936565106784,0.0,0.0,0.0,0.0,penalty_10000,10000.0
2019-02-08 16:00:00,13.10822426946478,0.0,0.0,0.0,0.0,penalty_10000,10000.0
2019-02-08 17:00:00,14.504172349712395,0.0,0.0,0.0,0.0,penalty_10000,10000.0
2019-02-08 18:00:00,17.480753897383085,0.0,0.0,0.0,0.0,penalty_10000,10000.0
2019-02-08 19:00:00,18.931506250584363,0.0,0.0,0.0,0.0,penalty_10000,10000.0
2019-02-08 20:00:00,18.449047362720453,0.0,0.0,0.0,0.0,penalty_10000,10000.0
2019-02-08 21:00:00,17.426055477033042,0.0,0.0,0.0,0.0,penalty_10000,10000.0
2019-02-08 22:00:00,14.125482819284109,0.0,0.0,0.0,0.0,penalty_10000,10000.0
2019-02-08 23:00:00,14.926658959207414,0.0,0.0,0.0,0.0,penalty_10000,10000.0
2019-02-09 00:00:00,14.542582856876693,0.0,0.0,0.0,0.0,penalty_10000,10000.0
2019-02-09 01:00:00,13.242700165859441,0.0,0.0,0.0,0.0,penalty_10000,10000.0
2019-02-09 02:00:00,13.51467630443399,0.0,0.0,0.0,0.0,penalty_10000,10000.0
2019-02-09 03:00:00,13.274613714507234,0.0,0.0,0.0,0.0,penalty_10000,10000.0
2019-02-09 04:00:00,15.973448903674145,0.0,0.0,0.0,0.0,penalty_10000,10000.0
2019-02-09 05:00:00,13.665565648207659,0.0,0.0,0.0,0.0,penalty_10000,10000.0
2019-02-09 06:00:00,16.290878152250073,0.0,0.0,0.0,0.0,penalty_10000,10000.0
2019-02-09 07:00:00,17.926866331618854,0.0,0.0,0.0,0.0,penalty_10000,10000.0
2019-02-09 08:00:00,19.08796359748886,0.0,0.0,0.0,0.0,penalty_10000,10000.0
2019-02-09 09:00:00,17.18969292059991,0.0,0.0,0.0,0.0,penalty_10000,10000.0
2019-02-09 10:00:00,16.967537029886326,0.0,0.0,0.0,0.0,penalty_10000,10000.0
2019-02-09 11:00:00,12.218321687792612,0.0,0.0,0.0,0.0,penalty_10000,10000.0
2019-02-09 12:00:00,-0.8329038878738337,0.0,0.0,0.0,0.0,penalty_10000,10000.0
2019-02-09 13:00:00,11.024971245514479,0.0,0.0,0.0,0.0,penalty_10000,10000.0
2019-02-09 14:00:00,-119.20974036571903,107.013566,0.0,0.0,42.0,penalty_10000,10000.0
2019-02-09 15:00:00,10.193398768089395,0.0,0.0,0.0,0.0,penalty_10000,10000.0
2019-02-09 16:00:00,11.493393364566675,0.0,0.0,0.0,0.0,penalty_10000,10000.0
2019-02-09 17:00:00,12.212788709803387,0.0,0.0,0.0,0.0,penalty_10000,10000.0
2019-02-09 18:00:00,12.301656043404929,0.0,0.0,0.0,0.0,penalty_10000,10000.0
2019-02-09 19:00:00,13.242656399844567,0.0,0.0,0.0,0.0,penalty_10000,10000.0
2019-02-09 20:00:00,15.622388010817767,0.0,0.0,0.0,0.0,penalty_10000,10000.0
2019-02-09 21:00:00,14.16218202757082,0.0,0.0,0.0,0.0,penalty_10000,10000.0
2019-02-09 22:00:00,12.928383752818837,0.0,0.0,0.0,0.0,penalty_10000,10000.0
2019-02-09 23:00:00,12.257195995254369,0.0,0.0,0.0,0.0,penalty_10000,10000.0
2019-02-10 00:00:00,12.263073757209199,0.0,0.0,0.0,0.0,penalty_10000,10000.0
2019-02-10 01:00:00,10.174348288624241,0.0,0.0,0.0,0.0,penalty_10000,10000.0
2019-02-10 02:00:00,11.625383566038682,0.0,0.0,0.0,0.0,penalty_10000,10000.0
2019-02-10 03:00:00,11.976132311268582,0.0,0.0,0.0,0.0,penalty_10000,10000.0
2019-02-10 04:00:00,13.636436877935251,0.0,0.0,0.0,0.0,penalty_10000,10000.0
2019-02-10 05:00:00,13.180801570437094,0.0,0.0,0.0,0.0,penalty_10000,10000.0
2019-02-10 06:00:00,14.569358807158723,0.0,0.0,0.0,0.0,penalty_10000,10000.0
2019-02-10 07:00:00,16.151107108980778,0.0,0.0,0.0,0.0,penalty_10000,10000.0
2019-02-10 08:00:00,16.851089575523,0.0,0.0,0.0,0.0,penalty_10000,10000.0
2019-02-10 09:00:00,17.615560593266913,0.0,0.0,0.0,0.0,penalty_10000,10000.0
2019-02-10 10:00:00,14.52488825111985,0.0,0.0,0.0,0.0,penalty_10000,10000.0
2019-02-10 11:00:00,13.548428566109049,0.0,0.0,0.0,0.0,penalty_10000,10000.0
2019-02-10 12:00:00,13.42484202649134,0.0,0.0,0.0,0.0,penalty_10000,10000.0
2019-02-10 13:00:00,13.246296931315669,0.0,0.0,0.0,0.0,penalty_10000,10000.0
2019-02-10 14:00:00,12.829335084028132,0.0,0.0,0.0,0.0,penalty_10000,10000.0
2019-02-10 15:00:00,12.641280598470201,0.0,0.0,0.0,0.0,penalty_10000,10000.0
2019-02-10 16:00:00,13.18564889497587,0.0,0.0,0.0,0.0,penalty_10000,10000.0
2019-02-10 17:00:00,13.218100168874756,0.0,0.0,0.0,0.0,penalty_10000,10000.0
2019-02-10 18:00:00,15.468971752677744,0.0,0.0,0.0,0.0,penalty_10000,10000.0
2019-02-10 19:00:00,16.890179832844865,0.0,0.0,0.0,0.0,penalty_10000,10000.0
2019-02-10 20:00:00,15.02097243430115,0.0,0.0,0.0,0.0,penalty_10000,10000.0
2019-02-10 21:00:00,12.840523370285903,0.0,0.0,0.0,0.0,penalty_10000,10000.0
2019-02-10 22:00:00,12.788942762013376,0.0,0.0,0.0,0.0,penalty_10000,10000.0
2019-02-10 23:00:00,-162.06164783317908,222.883019,0.0,0.0,42.0,penalty_10000,10000.0
2019-02-11 00:00:00,-166.04278815101824,1195.529711,0.0,0.0,42.0,penalty_10000,10000.0
2019-02-11 01:00:00,-179.2976910046385,1391.883885,0.0,0.0,42.0,penalty_10000,10000.0
2019-02-11 02:00:00,-179.93375717369113,1500.039473,0.0,0.0,42.0,penalty_10000,10000.0
2019-02-11 03:00:00,-180.96481803922725,786.459557,0.0,0.0,42.0,penalty_10000,10000.0
2019-02-11 04:00:00,-177.79338274822473,109.253051,0.0,0.0,42.0,penalty_10000,10000.0
2019-02-11 05:00:00,7.864261330210921,0.0,0.0,0.0,0.0,penalty_10000,10000.0
2019-02-11 06:00:00,11.056886272719163,0.0,0.0,0.0,0.0,penalty_10000,10000.0
2019-02-11 07:00:00,12.562615104474013,0.0,0.0,0.0,0.0,penalty_10000,10000.0
2019-02-11 08:00:00,-119.22258890789472,887.926734,0.0,0.0,0.0,penalty_10000,10000.0
2019-02-11 09:00:00,-130.8907834607642,1255.401565,0.0,0.0,0.0,penalty_10000,10000.0
2019-02-11 10:00:00,-131.51406516541195,399.229504,0.0,0.0,0.0,penalty_10000,10000.0
2019-02-11 11:00:00,-137.5331791332333,1277.816391,0.0,0.0,42.0,penalty_10000,10000.0
2019-02-11 12:00:00,-137.9269650662374,1522.117206,0.0,0.0,42.0,penalty_10000,10000.0
2019-02-11 13:00:00,-2.379829457584209,0.0,0.0,0.0,0.0,penalty_10000,10000.0
2019-02-11 14:00:00,-143.87811681464424,1217.528461,0.0,0.0,117.612403,penalty_10000,10000.0
2019-02-11 15:00:00,-152.53865250854292,1305.883603,0.0,0.0,42.0,penalty_10000,10000.0
2019-02-11 16:00:00,-552.0469299413318,1364.55852,0.0,0.0,130.5,penalty_10000,10000.0
2019-02-11 17:00:00,-137.4582731627957,1470.926395,0.0,0.0,42.0,penalty_10000,10000.0
2019-02-11 18:00:00,-130.41874702421075,1190.763758,0.0,0.0,30.276873,penalty_10000,10000.0
2019-02-11 19:00:00,-136.16115981333215,767.582881,0.0,0.0,42.0,penalty_10000,10000.0
2019-02-11 20:00:00,-154.8718524370616,1123.52176,0.0,0.0,42.0,penalty_10000,10000.0
2019-02-11 21:00:00,-168.68158045899776,1476.932812,0.0,0.0,42.0,penalty_10000,10000.0
2019-02-11 22:00:00,-175.32645411846542,1000.011503,0.0,0.0,42.0,penalty_10000,10000.0
2019-02-11 23:00:00,-181.80828986573104,460.772388,0.0,0.0,42.0,penalty_10000,10000.0
2019-02-12 00:00:00,-219.03737547788782,1554.54756,0.0,0.0,42.0,penalty_10000,10000.0
2019-02-12 01:00:00,-195.10220806599915,1448.132906,0.0,0.0,42.0,penalty_10000,10000.0
2019-02-12 02:00:00,-196.84350673059177,1470.282195,0.0,0.0,42.0,penalty_10000,10000.0
2019-02-12 03:00:00,-197.38159644725718,1322.848063,0.0,0.0,42.0,penalty_10000,10000.0
2019-02-12 04:00:00,-192.6798712600956,1100.093923,0.0,0.0,42.0,penalty_10000,10000.0
2019-02-12 05:00:00,-63.21228313531039,1120.775655,0.0,0.0,42.0,penalty_10000,10000.0
2019-02-12 06:00:00,-141.86558018101144,229.189763,0.0,0.0,0.0,penalty_10000,10000.0
2019-02-12 07:00:00,11.589519346686803,0.0,0.0,0.0,0.0,penalty_10000,10000.0
2019-02-12 08:00:00,13.721854446900483,0.0,0.0,0.0,0.0,penalty_10000,10000.0
2019-02-12 09:00:00,12.321272517808941,0.0,0.0,0.0,0.0,penalty_10000,10000.0
2019-02-12 10:00:00,11.425486115628413,0.0,0.0,0.0,0.0,penalty_10000,10000.0
2019-02-12 11:00:00,11.236353725993949,0.0,0.0,0.0,0.0,penalty_10000,10000.0
2019-02-12 12:00:00,16.41808221608869,0.0,0.0,0.0,0.0,penalty_10000,10000.0
2019-02-12 13:00:00,-393.0298784480507,52.286115,0.0,0.0,130.5,penalty_10000,10000.0
2019-02-12 14:00:00,-388.0787886239019,261.456591,0.0,0.0,130.5,penalty_10000,10000.0
2019-02-12 15:00:00,-399.346095296507,161.556117,0.0,0.0,130.5,penalty_10000,10000.0
2019-02-12 16:00:00,5.326479426145735,0.0,0.0,0.0,0.0,penalty_10000,10000.0
2019-02-12 17:00:00,10.978045173016827,0.0,0.0,0.0,0.0,penalty_10000,10000.0
2019-02-12 18:00:00,14.187605945629924,0.0,0.0,0.0,0.0,penalty_10000,10000.0
2019-02-12 19:00:00,16.720271690609337,0.0,0.0,0.0,0.0,penalty_10000,10000.0
2019-02-12 20:00:00,17.203834320285356,0.0,0.0,0.0,0.0,penalty_10000,10000.0
2019-02-12 21:00:00,16.877954886843877,0.0,0.0,0.0,0.0,penalty_10000,10000.0
2019-02-12 22:00:00,12.82681313529683,0.0,0.0,0.0,0.0,penalty_10000,10000.0
2019-02-12 23:00:00,11.973342009514159,0.0,0.0,0.0,0.0,penalty_10000,10000.0
2019-02-13 00:00:00,11.816115111471005,0.0,0.0,0.0,0.0,penalty_10000,10000.0
2019-02-13 01:00:00,11.278993654407337,0.0,0.0,0.0,0.0,penalty_10000,10000.0
2019-02-13 02:00:00,11.18873988872011,0.0,0.0,0.0,0.0,penalty_10000,10000.0
2019-02-13 03:00:00,11.191139780958617,0.0,0.0,0.0,0.0,penalty_10000,10000.0
2019-02-13 04:00:00,11.612723849768209,0.0,0.0,0.0,0.0,penalty_10000,10000.0
2019-02-13 05:00:00,12.189532634432645,0.0,0.0,0.0,0.0,penalty_10000,10000.0
2019-02-13 06:00:00,14.344634152839967,0.0,0.0,0.0,0.0,penalty_10000,10000.0
2019-02-13 07:00:00,14.572193339778124,0.0,0.0,0.0,0.0,penalty_10000,10000.0
2019-02-13 08:00:00,-113.081690912535,533.661569,0.0,0.0,42.0,penalty_10000,10000.0
2019-02-13 09:00:00,-128.8481706846317,1377.878237,0.0,0.0,42.0,penalty_10000,10000.0
2019-02-13 10:00:00,-147.35459093544415,550.782359,0.0,0.0,42.0,penalty_10000,10000.0
2019-02-13 11:00:00,-153.69646681930328,1511.834217,0.0,0.0,290.405983,penalty_10000,10000.0
2019-02-13 12:00:00,-175.71058873757667,1843.686916,0.0,0.0,417.8,penalty_10000,10000.0
2019-02-13 13:00:00,-758.9996875733309,1349.095271,0.0,0.0,255.5,penalty_10000,10000.0
2019-02-13 14:00:00,-766.8166890960377,1913.75563,0.0,0.0,417.8,penalty_10000,10000.0
2019-02-13 15:00:00,-586.2080911217236,1936.593212,0.0,0.0,417.8,penalty_10000,10000.0
2019-02-13 16:00:00,-580.369371454142,650.467439,0.0,0.0,384.111554,penalty_10000,10000.0
2019-02-13 17:00:00,-157.71541368491253,671.693274,0.0,0.0,70.877043,penalty_10000,10000.0
2019-02-13 18:00:00,-149.50701397635808,1237.827752,0.0,0.0,100.0,penalty_10000,10000.0
2019-02-13 19:00:00,-144.4837038498265,940.598966,0.0,0.0,42.0,penalty_10000,10000.0
2019-02-13 20:00:00,-150.57641858040662,1147.719924,0.0,0.0,42.0,penalty_10000,10000.0
2019-02-13 21:00:00,-163.74615517492796,1589.220497,0.0,0.0,42.0,penalty_10000,10000.0
2019-02-13 22:00:00,-172.1642453277497,1647.10375,0.0,0.0,42.0,penalty_10000,10000.0
2019-02-13 23:00:00,-208.23159459779413,1670.171127,0.0,0.0,42.0,penalty_10000,10000.0
2019-02-14 00:00:00,-211.99384890139174,1684.679627,0.0,0.0,42.0,penalty_10000,10000.0
2019-02-14 01:00:00,-226.72528881679557,1597.059471,0.0,0.0,42.0,penalty_10000,10000.0
2019-02-14 02:00:00,-228.54783709026037,1638.590973,0.0,0.0,42.0,penalty_10000,10000.0
2019-02-14 03:00:00,-225.54875697711753,1605.351973,0.0,0.0,42.0,penalty_10000,10000.0
2019-02-14 04:00:00,-186.12007031805382,1519.857458,0.0,0.0,42.0,penalty_10000,10000.0
2019-02-14 05:00:00,-167.6538666370191,1593.84201,0.0,0.0,42.0,penalty_10000,10000.0
2019-02-14 06:00:00,-146.98667403054736,1608.952631,0.0,0.0,42.0,penalty_10000,10000.0
2019-02-14 07:00:00,-137.43091028199214,1505.293316,0.0,0.0,42.0,penalty_10000,10000.0
2019-02-14 08:00:00,-138.92819953101684,1380.945653,0.0,0.0,42.0,penalty_10000,10000.0
2019-02-14 09:00:00,-139.73842915875105,1428.775051,0.0,0.0,42.0,penalty_10000,10000.0
2019-02-14 10:00:00,-148.90695780149332,561.485216,0.0,0.0,100.0,penalty_10000,10000.0
2019-02-14 11:00:00,-155.81414994353267,1298.817086,0.0,0.0,387.3,penalty_10000,10000.0
2019-02-14 12:00:00,-565.8468362135662,1826.175213,0.0,0.0,219.138927,penalty_10000,10000.0
2019-02-14 13:00:00,-755.897387564803,1460.183436,0.0,0.0,255.5,penalty_10000,10000.0
2019-02-14 14:00:00,-487.0526035715669,2036.271117,0.0,0.0,292.464607,penalty_10000,10000.0
2019-02-14 15:00:00,-606.3296070042816,1872.162609,0.0,0.0,417.8,penalty_10000,10000.0
2019-02-14 16:00:00,-609.409305016832,934.78619,0.0,0.0,417.8,penalty_10000,10000.0
2019-02-14 17:00:00,-179.9169105654234,391.478833,0.0,0.0,417.8,penalty_10000,10000.0
2019-02-14 18:00:00,9.873881821254235,0.0,0.0,0.0,0.0,penalty_10000,10000.0
2019-02-14 19:00:00,10.761194840725265,0.0,0.0,0.0,0.0,penalty_10000,10000.0
2019-02-14 20:00:00,10.816283375271885,0.0,0.0,0.0,0.0,penalty_10000,10000.0
2019-02-14 21:00:00,9.766633247748729,0.0,0.0,0.0,0.0,penalty_10000,10000.0
2019-02-14 22:00:00,10.691881000000004,0.0,0.0,0.0,0.0,penalty_10000,10000.0
2019-02-14 23:00:00,8.770231,0.0,0.0,0.0,0.0,penalty_10000,10000.0
2019-02-15 00:00:00,10.711656071407036,0.0,0.0,0.0,0.0,penalty_10000,10000.0
2019-02-15 01:00:00,10.157815251062553,0.0,0.0,0.0,0.0,penalty_10000,10000.0
2019-02-15 02:00:00,11.51525254736529,0.0,0.0,0.0,0.0,penalty_10000,10000.0
2019-02-15 03:00:00,11.997245957784184,0.0,0.0,0.0,0.0,penalty_10000,10000.0
2019-02-15 04:00:00,13.17675684843257,0.0,0.0,0.0,0.0,penalty_10000,10000.0
2019-02-15 05:00:00,11.870188084434268,0.0,0.0,0.0,0.0,penalty_10000,10000.0
2019-02-15 06:00:00,13.464070476417895,0.0,0.0,0.0,0.0,penalty_10000,10000.0
2019-02-15 07:00:00,15.91095373917338,0.0,0.0,0.0,0.0,penalty_10000,10000.0
2019-02-15 08:00:00,15.146262116514496,0.0,0.0,0.0,0.0,penalty_10000,10000.0
2019-02-15 09:00:00,14.584775971476049,0.0,0.0,0.0,0.0,penalty_10000,10000.0
2019-02-15 10:00:00,13.247205343246831,0.0,0.0,0.0,0.0,penalty_10000,10000.0
2019-02-15 11:00:00,13.367182698153,0.0,0.0,0.0,0.0,penalty_10000,10000.0
2019-02-15 12:00:00,-387.94155910315004,250.524539,0.0,0.0,130.5,penalty_10000,10000.0
2019-02-15 13:00:00,-391.97137565917575,783.930893,0.0,0.0,255.5,penalty_10000,10000.0
2019-02-15 14:00:00,-403.123861543636,835.333278,0.0,0.0,130.5,penalty_10000,10000.0
2019-02-15 15:00:00,-389.3650176984462,731.913298,0.0,0.0,130.5,penalty_10000,10000.0
2019-02-15 16:00:00,-550.824489055019,819.552902,0.0,0.0,255.5,penalty_10000,10000.0
2019-02-15 17:00:00,11.318197317476983,0.0,0.0,0.0,0.0,penalty_10000,10000.0
2019-02-15 18:00:00,7.365388256393332,0.0,0.0,0.0,58.0,penalty_10000,10000.0
2019-02-15 19:00:00,-139.14146085428322,283.066173,0.0,0.0,42.0,penalty_10000,10000.0
2019-02-15 20:00:00,-143.2518830101517,229.723767,0.0,0.0,42.0,penalty_10000,10000.0
2019-02-15 21:00:00,-158.5426783754247,289.566592,0.0,0.0,42.0,penalty_10000,10000.0
2019-02-15 22:00:00,-132.5231964912653,347.084814,0.0,0.0,0.394369,penalty_10000,10000.0
2019-02-15 23:00:00,-166.08936013647082,31.802947,0.0,0.0,42.0,penalty_10000,10000.0
2019-02-16 00:00:00,16.584323140233316,0.0,0.0,0.0,0.0,penalty_10000,10000.0
2019-02-16 01:00:00,11.468533958930767,0.0,0.0,0.0,0.0,penalty_10000,10000.0
2019-02-16 02:00:00,11.589101121357986,0.0,0.0,0.0,0.0,penalty_10000,10000.0
2019-02-16 03:00:00,12.271591475897294,0.0,0.0,0.0,0.0,penalty_10000,10000.0
2019-02-16 04:00:00,-174.72105665683424,77.26456,0.0,0.0,42.0,penalty_10000,10000.0
2019-02-16 05:00:00,10.891010999193004,0.0,0.0,0.0,0.0,penalty_10000,10000.0
2019-02-16 06:00:00,12.59032992207846,0.0,0.0,0.0,0.0,penalty_10000,10000.0
2019-02-16 07:00:00,13.931519036499072,0.0,0.0,0.0,0.0,penalty_10000,10000.0
2019-02-16 08:00:00,16.02245628486639,0.0,0.0,0.0,0.0,penalty_10000,10000.0
2019-02-16 09:00:00,14.704890922595395,0.0,0.0,0.0,0.0,penalty_10000,10000.0
2019-02-16 10:00:00,15.53106592238751,0.0,0.0,0.0,0.0,penalty_10000,10000.0
2019-02-16 11:00:00,17.462397280608734,0.0,0.0,0.0,0.0,penalty_10000,10000.0
2019-02-16 12:00:00,-345.0428139643304,310.701912,0.0,0.0,88.5,penalty_10000,10000.0
2019-02-16 13:00:00,-358.245610126467,957.017605,0.0,0.0,88.5,penalty_10000,10000.0
2019-02-16 14:00:00,-363.1426589307965,1011.989163,0.0,0.0,213.5,penalty_10000,10000.0
2019-02-16 15:00:00,-488.41365985369623,931.093394,0.0,0.0,213.5,penalty_10000,10000.0
2019-02-16 16:00:00,-68.73574762882764,572.106389,0.0,0.0,328.876872,penalty_10000,10000.0
2019-02-16 17:00:00,20.188616727681534,0.0,0.0,0.0,58.0,penalty_10000,10000.0
2019-02-16 18:00:00,12.591556165047034,0.0,0.0,0.0,0.0,penalty_10000,10000.0
2019-02-16 19:00:00,15.545231600072876,0.0,0.0,0.0,0.0,penalty_10000,10000.0
2019-02-16 20:00:00,16.4680013913059,0.0,0.0,0.0,0.0,penalty_10000,10000.0
2019-02-16 21:00:00,13.282063133493283,0.0,0.0,0.0,0.0,penalty_10000,10000.0
2019-02-16 22:00:00,11.874876086129836,0.0,0.0,0.0,0.0,penalty_10000,10000.0
2019-02-16 23:00:00,13.99022497352781,0.0,0.0,0.0,0.0,penalty_10000,10000.0
2019-02-17 00:00:00,13.114601657937603,0.0,0.0,0.0,0.0,penalty_10000,10000.0
2019-02-17 01:00:00,8.657612602940663,0.0,0.0,0.0,0.0,penalty_10000,10000.0
2019-02-17 02:00:00,11.911236953901138,0.0,0.0,0.0,0.0,penalty_10000,10000.0
2019-02-17 03:00:00,12.687932748449894,0.0,0.0,0.0,0.0,penalty_10000,10000.0
2019-02-17 04:00:00,13.305053812499388,0.0,0.0,0.0,0.0,penalty_10000,10000.0
2019-02-17 05:00:00,13.033379367161519,0.0,0.0,0.0,0.0,penalty_10000,10000.0
2019-02-17 06:00:00,13.808921462246916,0.0,0.0,0.0,0.0,penalty_10000,10000.0
2019-02-17 07:00:00,11.636246029419778,0.0,0.0,0.0,0.0,penalty_10000,10000.0
2019-02-17 08:00:00,15.192976404309869,0.0,0.0,0.0,0.0,penalty_10000,10000.0
2019-02-17 09:00:00,14.841058003973313,0.0,0.0,0.0,0.0,penalty_10000,10000.0
2019-02-17 10:00:00,13.176042963275759,0.0,0.0,0.0,0.0,penalty_10000,10000.0
2019-02-17 11:00:00,11.67170531957298,0.0,0.0,0.0,0.0,penalty_10000,10000.0
2019-02-17 12:00:00,-30.8811375095432,1168.130672,0.0,0.0,262.3,penalty_10000,10000.0
2019-02-17 13:00:00,-576.8252407751454,847.261812,0.0,0.0,255.5,penalty_10000,10000.0
2019-02-17 14:00:00,-583.6519950048545,1414.328656,0.0,0.0,130.5,penalty_10000,10000.0
2019-02-17 15:00:00,-586.6223348511015,825.590624,0.0,0.0,130.5,penalty_10000,10000.0
2019-02-17 16:00:00,-406.89182503946563,0.0,0.0,0.0,88.5,penalty_10000,10000.0
2019-02-17 17:00:00,9.844228554726065,0.0,0.0,0.0,0.0,penalty_10000,10000.0
2019-02-17 18:00:00,29.052042457723296,0.0,0.0,0.0,58.0,penalty_10000,10000.0
2019-02-17 19:00:00,12.888573162216007,0.0,0.0,0.0,0.0,penalty_10000,10000.0
2019-02-17 20:00:00,15.545350887917737,0.0,0.0,0.0,0.0,penalty_10000,10000.0
2019-02-17 21:00:00,13.49098254765516,0.0,0.0,0.0,0.0,penalty_10000,10000.0
2019-02-17 22:00:00,13.125089171027595,0.0,0.0,0.0,0.0,penalty_10000,10000.0
2019-02-17 23:00:00,11.476887794686913,0.0,0.0,0.0,0.0,penalty_10000,10000.0
2019-02-18 00:00:00,9.283560267337371,0.0,0.0,0.0,58.0,penalty_10000,10000.0
2019-02-18 01:00:00,-147.24060070534546,240.213929,0.0,0.0,42.0,penalty_10000,10000.0
2019-02-18 02:00:00,-145.74850739792197,299.080015,0.0,0.0,115.223552,penalty_10000,10000.0
2019-02-18 03:00:00,-146.0895965601495,258.814287,0.0,0.0,100.0,penalty_10000,10000.0
2019-02-18 04:00:00,-128.36257946616854,183.669041,0.0,0.0,42.0,penalty_10000,10000.0
2019-02-18 05:00:00,-108.84413025918599,408.834535,0.0,0.0,0.0,penalty_10000,10000.0
2019-02-18 06:00:00,-92.52790704217736,660.90099,0.0,0.0,0.0,penalty_10000,10000.0
2019-02-18 07:00:00,-112.99820794117437,816.036816,0.0,0.0,0.0,penalty_10000,10000.0
2019-02-18 08:00:00,-110.91484331556877,1282.621077,0.0,0.0,0.0,penalty_10000,10000.0
2019-02-18 09:00:00,-110.07056435342177,1365.344609,0.0,0.0,0.0,penalty_10000,10000.0
2019-02-18 10:00:00,-136.35998570271713,513.133613,0.0,0.0,262.3,penalty_10000,10000.0
2019-02-18 11:00:00,-138.10274832452006,1482.607115,0.0,0.0,387.3,penalty_10000,10000.0
2019-02-18 12:00:00,-515.5249295363901,2265.732502,0.0,0.0,229.008736,penalty_10000,10000.0
2019-02-18 13:00:00,-705.6225408426587,1826.499615,0.0,0.0,255.5,penalty_10000,10000.0
2019-02-18 14:00:00,-700.839089570839,2527.621479,0.0,0.0,255.5,penalty_10000,10000.0
2019-02-18 15:00:00,-564.2304879513306,2437.949648,0.0,0.0,417.8,penalty_10000,10000.0
2019-02-18 16:00:00,-539.0424889359416,1472.568693,0.0,0.0,255.5,penalty_10000,10000.0
2019-02-18 17:00:00,-141.82456384891103,1513.21127,0.0,0.0,42.0,penalty_10000,10000.0
2019-02-18 18:00:00,-137.3458588280545,1206.45435,0.0,0.0,100.0,penalty_10000,10000.0
2019-02-18 19:00:00,-126.33768281264224,909.263498,0.0,0.0,0.0,penalty_10000,10000.0
2019-02-18 20:00:00,-135.62112351053253,1064.964416,0.0,0.0,42.0,penalty_10000,10000.0
2019-02-18 21:00:00,-149.04125926621552,1478.713118,0.0,0.0,42.0,penalty_10000,10000.0
2019-02-18 22:00:00,-152.68772118690785,1287.998014,0.0,0.0,42.0,penalty_10000,10000.0
2019-02-18 23:00:00,-164.92134051146442,1069.682886,0.0,0.0,42.0,penalty_10000,10000.0
2019-02-19 00:00:00,-170.54805118949022,759.230434,0.0,0.0,42.0,penalty_10000,10000.0
2019-02-19 01:00:00,-169.9714022499066,411.340786,0.0,0.0,42.0,penalty_10000,10000.0
2019-02-19 02:00:00,-159.50913642615703,457.954255,0.0,0.0,42.0,penalty_10000,10000.0
2019-02-19 03:00:00,-159.17241741974186,460.340228,0.0,0.0,42.0,penalty_10000,10000.0
2019-02-19 04:00:00,-156.03986281798453,427.20086,0.0,0.0,42.0,penalty_10000,10000.0
2019-02-19 05:00:00,-149.30034004970915,374.20018,0.0,0.0,42.0,penalty_10000,10000.0
2019-02-19 06:00:00,-123.28523597834358,331.166761,0.0,0.0,42.0,penalty_10000,10000.0
2019-02-19 07:00:00,-120.19814275718986,320.212714,0.0,0.0,42.0,penalty_10000,10000.0
2019-02-19 08:00:00,11.516765916786655,0.0,0.0,0.0,0.0,penalty_10000,10000.0
2019-02-19 09:00:00,12.467881410723784,0.0,0.0,0.0,0.0,penalty_10000,10000.0
2019-02-19 10:00:00,12.56556408786853,0.0,0.0,0.0,0.0,penalty_10000,10000.0
2019-02-19 11:00:00,12.12989389768202,0.0,0.0,0.0,0.0,penalty_10000,10000.0
2019-02-19 12:00:00,-342.9000001154064,26.29306,0.0,0.0,88.5,penalty_10000,10000.0
2019-02-19 13:00:00,-341.5691222000406,351.633015,0.0,0.0,88.5,penalty_10000,10000.0
2019-02-19 14:00:00,-342.6000834797837,103.572952,0.0,0.0,88.5,penalty_10000,10000.0
2019-02-19 15:00:00,15.915758409597307,0.0,0.0,0.0,0.0,penalty_10000,10000.0
2019-02-19 16:00:00,13.185956085836194,0.0,0.0,0.0,0.0,penalty_10000,10000.0
2019-02-19 17:00:00,13.962019179871184,0.0,0.0,0.0,0.0,penalty_10000,10000.0
2019-02-19 18:00:00,16.272227210818404,0.0,0.0,0.0,0.0,penalty_10000,10000.0
2019-02-19 19:00:00,17.28589953241091,0.0,0.0,0.0,0.0,penalty_10000,10000.0
2019-02-19 20:00:00,17.57082353602684,0.0,0.0,0.0,0.0,penalty_10000,10000.0
2019-02-19 21:00:00,15.416425102327883,0.0,0.0,0.0,0.0,penalty_10000,10000.0
2019-02-19 22:00:00,14.308826987832202,0.0,0.0,0.0,0.0,penalty_10000,10000.0
2019-02-19 23:00:00,16.325539145928467,0.0,0.0,0.0,0.0,penalty_10000,10000.0
2019-02-20 00:00:00,12.661878962281762,0.0,0.0,0.0,0.0,penalty_10000,10000.0
2019-02-20 01:00:00,11.740085721334331,0.0,0.0,0.0,0.0,penalty_10000,10000.0
2019-02-20 02:00:00,11.677244329520677,0.0,0.0,0.0,0.0,penalty_10000,10000.0
2019-02-20 03:00:00,12.197845825671001,0.0,0.0,0.0,0.0,penalty_10000,10000.0
2019-02-20 04:00:00,12.408401722951638,0.0,0.0,0.0,0.0,penalty_10000,10000.0
2019-02-20 05:00:00,11.730688956385421,0.0,0.0,0.0,0.0,penalty_10000,10000.0
2019-02-20 06:00:00,14.233588571079917,0.0,0.0,0.0,0.0,penalty_10000,10000.0
2019-02-20 07:00:00,13.442414262669777,0.0,0.0,0.0,0.0,penalty_10000,10000.0
2019-02-20 08:00:00,11.389814383467785,0.0,0.0,0.0,0.0,penalty_10000,10000.0
2019-02-20 09:00:00,-127.97726459459588,699.592046,0.0,0.0,42.0,penalty_10000,10000.0
2019-02-20 10:00:00,-133.38854242135486,380.710157,0.0,0.0,42.0,penalty_10000,10000.0
2019-02-20 11:00:00,-135.07729855094678,1033.364292,0.0,0.0,100.0,penalty_10000,10000.0
2019-02-20 12:00:00,-530.9204611121927,1266.963727,0.0,0.0,130.5,penalty_10000,10000.0
2019-02-20 13:00:00,-411.9584739173864,931.457536,0.0,0.0,255.5,penalty_10000,10000.0
2019-02-20 14:00:00,-580.4069491799667,1104.509699,0.0,0.0,417.8,penalty_10000,10000.0
2019-02-20 15:00:00,-582.2834864751687,921.543557,0.0,0.0,255.5,penalty_10000,10000.0
2019-02-20 16:00:00,-400.4811419030613,447.20388,0.0,0.0,130.5,penalty_10000,10000.0
2019-02-20 17:00:00,-4.690044464386831,0.0,0.0,0.0,0.0,penalty_10000,10000.0
2019-02-20 18:00:00,11.716895751098248,0.0,0.0,0.0,0.0,penalty_10000,10000.0
2019-02-20 19:00:00,12.742258257374525,0.0,0.0,0.0,0.0,penalty_10000,10000.0
2019-02-20 20:00:00,12.961705367817343,0.0,0.0,0.0,0.0,penalty_10000,10000.0
2019-02-20 21:00:00,11.81153694186151,0.0,0.0,0.0,0.0,penalty_10000,10000.0
2019-02-20 22:00:00,10.930469540256913,0.0,0.0,0.0,0.0,penalty_10000,10000.0
2019-02-20 23:00:00,10.054812304114229,0.0,0.0,0.0,0.0,penalty_10000,10000.0
2019-02-21 00:00:00,10.591928907060494,0.0,0.0,0.0,0.0,penalty_10000,10000.0
2019-02-21 01:00:00,10.565275445265167,0.0,0.0,0.0,0.0,penalty_10000,10000.0
2019-02-21 02:00:00,10.60067433221627,0.0,0.0,0.0,0.0,penalty_10000,10000.0
2019-02-21 03:00:00,10.816164851436575,0.0,0.0,0.0,0.0,penalty_10000,10000.0
2019-02-21 04:00:00,11.167962331696401,0.0,0.0,0.0,0.0,penalty_10000,10000.0
2019-02-21 05:00:00,11.622310351266764,0.0,0.0,0.0,0.0,penalty_10000,10000.0
2019-02-21 06:00:00,14.611918823564624,0.0,0.0,0.0,0.0,penalty_10000,10000.0
2019-02-21 07:00:00,15.379312394758276,0.0,0.0,0.0,0.0,penalty_10000,10000.0
2019-02-21 08:00:00,12.842171657154385,0.0,0.0,0.0,0.0,penalty_10000,10000.0
2019-02-21 09:00:00,20.600868959386947,0.0,0.0,0.0,220.3,penalty_10000,10000.0
2019-02-21 10:00:00,12.916835520839506,0.0,0.0,0.0,0.0,penalty_10000,10000.0
2019-02-21 11:00:00,-111.6351058324852,1322.851187,0.0,0.0,220.3,penalty_10000,10000.0
2019-02-21 12:00:00,-497.9374959169566,1721.278824,0.0,0.0,213.5,penalty_10000,10000.0
2019-02-21 13:00:00,-642.126362194916,1848.126309,0.0,0.0,213.5,penalty_10000,10000.0
2019-02-21 14:00:00,-671.5261901392663,2417.81771,0.0,0.0,255.5,penalty_10000,10000.0
2019-02-21 15:00:00,-589.6415114212234,2220.54992,0.0,0.0,417.8,penalty_10000,10000.0
2019-02-21 16:00:00,-514.0439251419144,1205.609674,0.0,0.0,353.328652,penalty_10000,10000.0
2019-02-21 17:00:00,-123.30027081445327,1549.382109,0.0,0.0,58.0,penalty_10000,10000.0
2019-02-21 18:00:00,-119.55179622018214,1259.287661,0.0,0.0,58.0,penalty_10000,10000.0
2019-02-21 19:00:00,-106.28865796072222,926.799857,0.0,0.0,0.0,penalty_10000,10000.0
2019-02-21 20:00:00,-122.81318580751902,1082.53142,0.0,0.0,0.0,penalty_10000,10000.0
2019-02-21 21:00:00,-140.1741469750416,768.518473,0.0,0.0,12.492373,penalty_10000,10000.0
2019-02-21 22:00:00,10.46404040405098,0.0,0.0,0.0,0.0,penalty_10000,10000.0
2019-02-21 23:00:00,10.813278094291356,0.0,0.0,0.0,0.0,penalty_10000,10000.0
2019-02-22 00:00:00,7.230844518405411,0.0,0.0,0.0,0.0,penalty_10000,10000.0
2019-02-22 01:00:00,-8.327835030035272,0.0,0.0,0.0,42.0,penalty_10000,10000.0
2019-02-22 02:00:00,9.828107534003143,0.0,0.0,0.0,0.0,penalty_10000,10000.0
2019-02-22 03:00:00,9.87380822571269,0.0,0.0,0.0,0.0,penalty_10000,10000.0
2019-02-22 04:00:00,-166.1391816516994,28.052929,0.0,0.0,42.0,penalty_10000,10000.0
2019-02-22 05:00:00,11.357797000000001,0.0,0.0,0.0,0.0,penalty_10000,10000.0
2019-02-22 06:00:00,13.8718325775268,0.0,0.0,0.0,0.0,penalty_10000,10000.0
2019-02-22 07:00:00,14.718944345684122,0.0,0.0,0.0,0.0,penalty_10000,10000.0
2019-02-22 08:00:00,15.791621849217568,0.0,0.0,0.0,0.0,penalty_10000,10000.0
2019-02-22 09:00:00,14.725046327570206,0.0,0.0,0.0,0.0,penalty_10000,10000.0
2019-02-22 10:00:00,14.048953235224458,0.0,0.0,0.0,0.0,penalty_10000,10000.0
2019-02-22 11:00:00,11.798247372263823,0.0,0.0,0.0,0.0,penalty_10000,10000.0
2019-02-22 12:00:00,16.113401883365125,0.0,0.0,0.0,0.0,penalty_10000,10000.0
2019-02-22 13:00:00,-363.7162438454845,200.145047,0.0,0.0,130.154801,penalty_10000,10000.0
2019-02-22 14:00:00,-371.14567238936235,401.468724,0.0,0.0,130.5,penalty_10000,10000.0
2019-02-22 15:00:00,-376.3195999348929,366.338829,0.0,0.0,130.5,penalty_10000,10000.0
2019-02-22 16:00:00,-532.8023546631158,186.376171,0.0,0.0,130.5,penalty_10000,10000.0
2019-02-22 17:00:00,-129.71359720409072,579.47309,0.0,0.0,42.0,penalty_10000,10000.0
2019-02-22 18:00:00,-127.25305230172357,549.833404,0.0,0.0,42.0,penalty_10000,10000.0
2019-02-22 19:00:00,-129.91278977327792,516.18851,0.0,0.0,42.0,penalty_10000,10000.0
2019-02-22 20:00:00,11.930241112480592,0.0,0.0,0.0,0.0,penalty_10000,10000.0
2019-02-22 21:00:00,11.610375750721516,0.0,0.0,0.0,0.0,penalty_10000,10000.0
2019-02-22 22:00:00,11.477316222975082,0.0,0.0,0.0,0.0,penalty_10000,10000.0
2019-02-22 23:00:00,11.015695811374922,0.0,0.0,0.0,0.0,penalty_10000,10000.0
2019-02-23 00:00:00,-134.49243453325937,298.967255,0.0,0.0,42.0,penalty_10000,10000.0
2019-02-23 01:00:00,-179.74591585229786,1007.097273,0.0,0.0,42.0,penalty_10000,10000.0
2019-02-23 02:00:00,-183.22917494123155,660.384001,0.0,0.0,68.303308,penalty_10000,10000.0
2019-02-23 03:00:00,-184.29566428590715,982.032399,0.0,0.0,42.0,penalty_10000,10000.0
2019-02-23 04:00:00,-185.61022778454884,1333.359011,0.0,0.0,42.0,penalty_10000,10000.0
2019-02-23 05:00:00,-184.58521188756183,1484.886424,0.0,0.0,42.0,penalty_10000,10000.0
2019-02-23 06:00:00,-184.06455338279855,1124.477863,0.0,0.0,42.0,penalty_10000,10000.0
2019-02-23 07:00:00,-150.9676970697571,287.248233,0.0,0.0,42.0,penalty_10000,10000.0
2019-02-23 08:00:00,-146.69580533650114,402.012158,0.0,0.0,42.0,penalty_10000,10000.0
2019-02-23 09:00:00,-142.93436055576157,469.175906,0.0,0.0,42.0,penalty_10000,10000.0
2019-02-23 10:00:00,301.968460237821,27.996856,0.0,0.0,80.0,penalty_10000,10000.0
2019-02-23 11:00:00,14.759084852876173,0.0,0.0,0.0,0.0,penalty_10000,10000.0
2019-02-23 12:00:00,-220.04943776518056,30.685566,0.0,0.0,0.0,penalty_10000,10000.0
2019-02-23 13:00:00,-305.00544021065195,133.275566,0.0,0.0,375.8,penalty_10000,10000.0
2019-02-23 14:00:00,-457.4135041991676,354.016912,0.0,0.0,417.8,penalty_10000,10000.0
2019-02-23 15:00:00,-430.60710463474385,493.582927,0.0,0.0,130.5,penalty_10000,10000.0
2019-02-23 16:00:00,-460.66326011431505,809.115684,0.0,0.0,417.8,penalty_10000,10000.0
2019-02-23 17:00:00,-451.1412241292581,76.05312,0.0,0.0,88.5,penalty_10000,10000.0
2019-02-23 18:00:00,-185.41174472271217,779.821759,0.0,0.0,387.3,penalty_10000,10000.0
2019-02-23 19:00:00,-159.8399781705785,419.643774,0.0,0.0,42.0,penalty_10000,10000.0
2019-02-23 20:00:00,-174.02827422254208,1075.208727,0.0,0.0,42.0,penalty_10000,10000.0
2019-02-23 21:00:00,-178.53073690510305,1347.218328,0.0,0.0,42.0,penalty_10000,10000.0
2019-02-23 22:00:00,8.894866154050833,0.0,0.0,0.0,0.0,penalty_10000,10000.0
2019-02-23 23:00:00,9.684909990810894,0.0,0.0,0.0,0.0,penalty_10000,10000.0
2019-02-24 00:00:00,10.66187138865641,0.0,0.0,0.0,0.0,penalty_10000,10000.0
2019-02-24 01:00:00,11.255161669957118,0.0,0.0,0.0,0.0,penalty_10000,10000.0
2019-02-24 02:00:00,13.677957066953107,0.0,0.0,0.0,0.0,penalty_10000,10000.0
2019-02-24 03:00:00,14.187494017412524,0.0,0.0,0.0,0.0,penalty_10000,10000.0
2019-02-24 04:00:00,14.129894882468731,0.0,0.0,0.0,0.0,penalty_10000,10000.0
2019-02-24 05:00:00,13.85743653155241,0.0,0.0,0.0,0.0,penalty_10000,10000.0
2019-02-24 06:00:00,15.384381754472319,0.0,0.0,0.0,0.0,penalty_10000,10000.0
2019-02-24 07:00:00,14.078524627417037,0.0,0.0,0.0,0.0,penalty_10000,10000.0
2019-02-24 08:00:00,17.509475507915553,0.0,0.0,0.0,0.0,penalty_10000,10000.0
2019-02-24 09:00:00,16.18547734913409,0.0,0.0,0.0,0.0,penalty_10000,10000.0
2019-02-24 10:00:00,12.452435250885774,0.0,0.0,0.0,0.0,penalty_10000,10000.0
2019-02-24 11:00:00,15.280016004296856,0.0,0.0,0.0,0.0,penalty_10000,10000.0
2019-02-24 12:00:00,-419.1849350356995,102.693166,0.0,0.0,88.5,penalty_10000,10000.0
2019-02-24 13:00:00,-450.2187031582291,886.045076,0.0,0.0,255.5,penalty_10000,10000.0
2019-02-24 14:00:00,-446.40058055836664,1130.088872,0.0,0.0,255.5,penalty_10000,10000.0
2019-02-24 15:00:00,-464.04700304637265,1187.593467,0.0,0.0,366.414974,penalty_10000,10000.0
2019-02-24 16:00:00,-457.32096650758575,923.472278,0.0,0.0,326.059902,penalty_10000,10000.0
2019-02-24 17:00:00,-595.1724554967526,318.105522,0.0,0.0,255.5,penalty_10000,10000.0
2019-02-24 18:00:00,10.113694161550603,0.0,0.0,0.0,0.0,penalty_10000,10000.0
2019-02-24 19:00:00,12.236660454722193,0.0,0.0,0.0,0.0,penalty_10000,10000.0
2019-02-24 20:00:00,13.636353861164224,0.0,0.0,0.0,0.0,penalty_10000,10000.0
2019-02-24 21:00:00,12.949172874488674,0.0,0.0,0.0,0.0,penalty_10000,10000.0
2019-02-24 22:00:00,13.074721782174295,0.0,0.0,0.0,0.0,penalty_10000,10000.0
2019-02-24 23:00:00,12.107100644483234,0.0,0.0,0.0,0.0,penalty_10000,10000.0
2019-02-25 00:00:00,12.319142446680843,0.0,0.0,0.0,0.0,penalty_10000,10000.0
2019-02-25 01:00:00,12.505307542063159,0.0,0.0,0.0,0.0,penalty_10000,10000.0
2019-02-25 02:00:00,13.02846371951344,0.0,0.0,0.0,0.0,penalty_10000,10000.0
2019-02-25 03:00:00,11.057540113802034,0.0,0.0,0.0,0.0,penalty_10000,10000.0
2019-02-25 04:00:00,11.002033644558216,0.0,0.0,0.0,0.0,penalty_10000,10000.0
2019-02-25 05:00:00,11.010721932572869,0.0,0.0,0.0,0.0,penalty_10000,10000.0
2019-02-25 06:00:00,13.498541458622055,0.0,0.0,0.0,0.0,penalty_10000,10000.0
2019-02-25 07:00:00,14.386266161006827,0.0,0.0,0.0,0.0,penalty_10000,10000.0
2019-02-25 08:00:00,11.957994804424041,0.0,0.0,0.0,0.0,penalty_10000,10000.0
2019-02-25 09:00:00,11.625294288274036,0.0,0.0,0.0,0.0,penalty_10000,10000.0
2019-02-25 10:00:00,11.476998879027207,0.0,0.0,0.0,0.0,penalty_10000,10000.0
2019-02-25 11:00:00,-137.96663658345815,1071.864301,0.0,0.0,387.3,penalty_10000,10000.0
2019-02-25 12:00:00,-560.5345062385414,1938.71001,0.0,0.0,255.5,penalty_10000,10000.0
2019-02-25 13:00:00,-741.3465592562139,1941.340726,0.0,0.0,255.5,penalty_10000,10000.0
2019-02-25 14:00:00,-749.7767391869719,2783.560617,0.0,0.0,255.5,penalty_10000,10000.0
2019-02-25 15:00:00,-754.9044060546504,2822.478021,0.0,0.0,255.5,penalty_10000,10000.0
2019-02-25 16:00:00,-572.4584210227496,1928.058846,0.0,0.0,255.5,penalty_10000,10000.0
2019-02-25 17:00:00,-560.9455196505548,1729.944419,0.0,0.0,255.5,penalty_10000,10000.0
2019-02-25 18:00:00,-148.4380397664468,1359.043849,0.0,0.0,304.291244,penalty_10000,10000.0
2019-02-25 19:00:00,-147.07372863752016,986.669525,0.0,0.0,42.0,penalty_10000,10000.0
2019-02-25 20:00:00,-148.8882270392281,709.271897,0.0,0.0,42.0,penalty_10000,10000.0
2019-02-25 21:00:00,-161.59746697799056,737.019993,0.0,0.0,42.0,penalty_10000,10000.0
2019-02-25 22:00:00,-166.2585962776158,400.705482,0.0,0.0,42.0,penalty_10000,10000.0
2019-02-25 23:00:00,-173.66987613286068,211.286225,0.0,0.0,42.0,penalty_10000,10000.0
2019-02-26 00:00:00,-182.295748599158,73.521119,0.0,0.0,42.0,penalty_10000,10000.0
2019-02-26 01:00:00,8.206920405337822,0.0,0.0,0.0,0.0,penalty_10000,10000.0
2019-02-26 02:00:00,10.573360696250715,0.0,0.0,0.0,0.0,penalty_10000,10000.0
2019-02-26 03:00:00,10.344338854255856,0.0,0.0,0.0,0.0,penalty_10000,10000.0
2019-02-26 04:00:00,10.35683286892387,0.0,0.0,0.0,0.0,penalty_10000,10000.0
2019-02-26 05:00:00,10.734921155028688,0.0,0.0,0.0,0.0,penalty_10000,10000.0
2019-02-26 06:00:00,11.357226233287042,0.0,0.0,0.0,0.0,penalty_10000,10000.0
2019-02-26 07:00:00,9995.398515131616,0.0,31.717,0.0,0.0,penalty_10000,10000.0
2019-02-26 08:00:00,12.540371562954872,0.0,0.0,0.0,0.0,penalty_10000,10000.0
2019-02-26 09:00:00,12.371874622232093,0.0,0.0,0.0,0.0,penalty_10000,10000.0
2019-02-26 10:00:00,12.337674108098303,0.0,0.0,0.0,0.0,penalty_10000,10000.0
2019-02-26 11:00:00,-147.1206343370382,591.37774,0.0,0.0,42.0,penalty_10000,10000.0
2019-02-26 12:00:00,-143.09162363103263,1316.055825,0.0,0.0,42.0,penalty_10000,10000.0
2019-02-26 13:00:00,-553.0208332842697,795.932768,0.0,0.0,130.5,penalty_10000,10000.0
2019-02-26 14:00:00,-556.6463199755026,1489.145026,0.0,0.0,130.5,penalty_10000,10000.0
2019-02-26 15:00:00,-553.1480972511695,1445.274702,0.0,0.0,106.668025,penalty_10000,10000.0
2019-02-26 16:00:00,7997.563120211507,757.981984,0.0,0.0,42.0,penalty_10000,10000.0
2019-02-26 17:00:00,-32.02469261918558,967.93235,0.0,0.0,36.53365,penalty_10000,10000.0
2019-02-26 18:00:00,-144.95367229626436,378.027816,0.0,0.0,42.0,penalty_10000,10000.0
2019-02-26 19:00:00,11.68445702966141,0.0,0.0,0.0,0.0,penalty_10000,10000.0
2019-02-26 20:00:00,12.51164741393393,0.0,0.0,0.0,0.0,penalty_10000,10000.0
2019-02-26 21:00:00,11.497816203744469,0.0,0.0,0.0,0.0,penalty_10000,10000.0
2019-02-26 22:00:00,11.602121296294643,0.0,0.0,0.0,0.0,penalty_10000,10000.0
2019-02-26 23:00:00,11.20590830841028,0.0,0.0,0.0,0.0,penalty_10000,10000.0
2019-02-27 00:00:00,10.042023569190953,0.0,0.0,0.0,0.0,penalty_10000,10000.0
2019-02-27 01:00:00,3.964206711393836,0.0,0.0,0.0,0.0,penalty_10000,10000.0
2019-02-27 02:00:00,9.653186269468835,0.0,0.0,0.0,0.0,penalty_10000,10000.0
2019-02-27 03:00:00,10.229136870221362,0.0,0.0,0.0,0.0,penalty_10000,10000.0
2019-02-27 04:00:00,9.93142320891619,0.0,0.0,0.0,0.0,penalty_10000,10000.0
2019-02-27 05:00:00,9.689250438113767,0.0,0.0,0.0,0.0,penalty_10000,10000.0
2019-02-27 06:00:00,13.613492267146615,0.0,0.0,0.0,0.0,penalty_10000,10000.0
2019-02-27 07:00:00,13.926540406301765,0.0,0.0,0.0,0.0,penalty_10000,10000.0
2019-02-27 08:00:00,16.47763931660683,0.0,0.0,0.0,0.0,penalty_10000,10000.0
2019-02-27 09:00:00,15.904847939243394,0.0,0.0,0.0,0.0,penalty_10000,10000.0
2019-02-27 10:00:00,13.584938211765191,0.0,0.0,0.0,0.0,penalty_10000,10000.0
2019-02-27 11:00:00,11.72902608733663,0.0,0.0,0.0,0.0,penalty_10000,10000.0
2019-02-27 12:00:00,-309.0412156929587,43.589077,0.0,0.0,375.8,penalty_10000,10000.0
2019-02-27 13:00:00,10.617397208180577,0.0,0.0,0.0,0.0,penalty_10000,10000.0
2019-02-27 14:00:00,10.659097821194548,0.0,0.0,0.0,0.0,penalty_10000,10000.0
2019-02-27 15:00:00,10.88320916884036,0.0,0.0,0.0,0.0,penalty_10000,10000.0
2019-02-27 16:00:00,-18.440652879621524,0.0,0.0,0.0,58.0,penalty_10000,10000.0
2019-02-27 17:00:00,11.501572629842071,0.0,0.0,0.0,0.0,penalty_10000,10000.0
2019-02-27 18:00:00,12.498975665092312,0.0,0.0,0.0,0.0,penalty_10000,10000.0
2019-02-27 19:00:00,13.977785509647198,0.0,0.0,0.0,0.0,penalty_10000,10000.0
2019-02-27 20:00:00,-76.95551428233964,37.141805,0.0,0.0,0.0,penalty_10000,10000.0
2019-02-27 21:00:00,-140.1179061470909,223.529843,0.0,0.0,42.0,penalty_10000,10000.0
2019-02-27 22:00:00,-147.05839650296969,700.92321,0.0,0.0,42.0,penalty_10000,10000.0
2019-02-27 23:00:00,-162.787878245778,688.670229,0.0,0.0,42.0,penalty_10000,10000.0
2019-02-28 00:00:00,-174.45372760255793,708.714052,0.0,0.0,42.0,penalty_10000,10000.0
2019-02-28 01:00:00,-175.855320629426,695.929512,0.0,0.0,42.0,penalty_10000,10000.0
2019-02-28 02:00:00,-177.61442017879895,582.685086,0.0,0.0,42.0,penalty_10000,10000.0
2019-02-28 03:00:00,-173.41730345407123,456.920543,0.0,0.0,42.0,penalty_10000,10000.0
2019-02-28 04:00:00,-156.91834125768727,336.911546,0.0,0.0,42.0,penalty_10000,10000.0
2019-02-28 05:00:00,-150.0552451504502,305.777816,0.0,0.0,42.0,penalty_10000,10000.0
2019-02-28 06:00:00,-115.03108179872102,218.919749,0.0,0.0,0.0,penalty_10000,10000.0
2019-02-28 07:00:00,10.222238609343686,0.0,0.0,0.0,0.0,penalty_10000,10000.0
2019-02-28 08:00:00,12.48712319215301,0.0,0.0,0.0,0.0,penalty_10000,10000.0
2019-02-28 09:00:00,12.466889155374847,0.0,0.0,0.0,0.0,penalty_10000,10000.0
2019-02-28 10:00:00,12.542482308375217,0.0,0.0,0.0,0.0,penalty_10000,10000.0
2019-02-28 11:00:00,12.121321205407474,0.0,0.0,0.0,0.0,penalty_10000,10000.0
2019-02-28 12:00:00,18.51770548659878,0.0,0.0,0.0,0.0,penalty_10000,10000.0
2019-02-28 13:00:00,-321.0309780151967,110.216758,0.0,0.0,88.5,penalty_10000,10000.0
2019-02-28 14:00:00,-324.06713596998713,319.024769,0.0,0.0,88.5,penalty_10000,10000.0
2019-02-28 15:00:00,-330.0075891035902,209.484021,0.0,0.0,88.5,penalty_10000,10000.0
2019-02-28 16:00:00,-20.44142330429259,0.0,0.0,0.0,0.0,penalty_10000,10000.0
2019-02-28 17:00:00,13.29732176317195,0.0,0.0,0.0,0.0,penalty_10000,10000.0
2019-02-28 18:00:00,16.398937794094948,0.0,0.0,0.0,0.0,penalty_10000,10000.0
2019-02-28 19:00:00,18.42817476702622,0.0,0.0,0.0,0.0,penalty_10000,10000.0
2019-02-28 20:00:00,18.579506722322808,0.0,0.0,0.0,0.0,penalty_10000,10000.0
2019-02-28 21:00:00,18.12944192003707,0.0,0.0,0.0,0.0,penalty_10000,10000.0
2019-02-28 22:00:00,14.66369317534468,0.0,0.0,0.0,0.0,penalty_10000,10000.0
2019-02-28 23:00:00,12.641722408807853,0.0,0.0,0.0,0.0,penalty_10000,10000.0
2019-03-01 00:00:00,12.596990288992307,0.0,0.0,0.0,0.0,penalty_10000,10000.0
2019-03-01 01:00:00,12.192458331709776,0.0,0.0,0.0,0.0,penalty_10000,10000.0
2019-03-01 02:00:00,12.13426058751982,0.0,0.0,0.0,0.0,penalty_10000,10000.0
2019-03-01 03:00:00,12.24960888335073,0.0,0.0,0.0,0.0,penalty_10000,10000.0
2019-03-01 04:00:00,12.327096878003564,0.0,0.0,0.0,0.0,penalty_10000,10000.0
2019-03-01 05:00:00,11.58809585888888,0.0,0.0,0.0,0.0,penalty_10000,10000.0
2019-03-01 06:00:00,12.302188571474437,0.0,0.0,0.0,0.0,penalty_10000,10000.0
2019-03-01 07:00:00,12.350424641482956,0.0,0.0,0.0,0.0,penalty_10000,10000.0
2019-03-01 08:00:00,11.861862678719445,0.0,0.0,0.0,0.0,penalty_10000,10000.0
2019-03-01 09:00:00,11.377007665366358,0.0,0.0,0.0,0.0,penalty_10000,10000.0
2019-03-01 10:00:00,11.149449794424232,0.0,0.0,0.0,0.0,penalty_10000,10000.0
2019-03-01 11:00:00,-251.07636067614322,34.495566,0.0,0.0,375.8,penalty_10000,10000.0
2019-03-01 12:00:00,-346.1958137854108,609.523981,0.0,0.0,255.5,penalty_10000,10000.0
2019-03-01 13:00:00,-378.7050517755861,1268.895098,0.0,0.0,255.5,penalty_10000,10000.0
2019-03-01 14:00:00,-387.47410600024205,1332.808231,0.0,0.0,255.5,penalty_10000,10000.0
2019-03-01 15:00:00,-376.89165754654846,1202.105924,0.0,0.0,255.5,penalty_10000,10000.0
2019-03-01 16:00:00,-388.29181597217155,719.711631,0.0,0.0,417.8,penalty_10000,10000.0
2019-03-01 17:00:00,-368.27187833438524,60.998553,0.0,0.0,130.5,penalty_10000,10000.0
2019-03-01 18:00:00,11.06172479247001,0.0,0.0,0.0,0.0,penalty_10000,10000.0
2019-03-01 19:00:00,11.618315421329118,0.0,0.0,0.0,0.0,penalty_10000,10000.0
2019-03-01 20:00:00,12.123042868679143,0.0,0.0,0.0,0.0,penalty_10000,10000.0
2019-03-01 21:00:00,10.839483289867934,0.0,0.0,0.0,0.0,penalty_10000,10000.0
2019-03-01 22:00:00,9.522162841079412,0.0,0.0,0.0,0.0,penalty_10000,10000.0
2019-03-01 23:00:00,9.311985755404566,0.0,0.0,0.0,0.0,penalty_10000,10000.0
2019-03-02 00:00:00,10.42771393846044,0.0,0.0,0.0,0.0,penalty_10000,10000.0
2019-03-02 01:00:00,-161.32711612243935,89.325039,0.0,0.0,42.0,penalty_10000,10000.0
2019-03-02 02:00:00,-162.49549067232905,364.299826,0.0,0.0,42.0,penalty_10000,10000.0
2019-03-02 03:00:00,-127.51848614602869,563.920017,0.0,0.0,42.0,penalty_10000,10000.0
2019-03-02 04:00:00,-156.8211402384792,579.380098,0.0,0.0,42.0,penalty_10000,10000.0
2019-03-02 05:00:00,-154.90528134422567,144.311307,0.0,0.0,42.0,penalty_10000,10000.0
2019-03-02 06:00:00,12.884114309986625,0.0,0.0,0.0,0.0,penalty_10000,10000.0
2019-03-02 07:00:00,13.640551740586034,0.0,0.0,0.0,0.0,penalty_10000,10000.0
2019-03-02 08:00:00,15.259377127041219,0.0,0.0,0.0,0.0,penalty_10000,10000.0
2019-03-02 09:00:00,14.709036234164786,0.0,0.0,0.0,0.0,penalty_10000,10000.0
2019-03-02 10:00:00,14.705896870133017,0.0,0.0,0.0,0.0,penalty_10000,10000.0
2019-03-02 11:00:00,14.43047871171127,0.0,0.0,0.0,0.0,penalty_10000,10000.0
2019-03-02 12:00:00,14.368705236065102,0.0,0.0,0.0,0.0,penalty_10000,10000.0
2019-03-02 13:00:00,-26.47947658956076,0.0,0.0,0.0,58.0,penalty_10000,10000.0
2019-03-02 14:00:00,-16.843736380996944,0.0,0.0,0.0,58.0,penalty_10000,10000.0
2019-03-02 15:00:00,-15.196352888403005,0.0,0.0,0.0,58.0,penalty_10000,10000.0
2019-03-02 16:00:00,12.072160646125562,0.0,0.0,0.0,0.0,penalty_10000,10000.0
2019-03-02 17:00:00,12.4893229127893,0.0,0.0,0.0,0.0,penalty_10000,10000.0
2019-03-02 18:00:00,12.360353469267256,0.0,0.0,0.0,0.0,penalty_10000,10000.0
2019-03-02 19:00:00,13.066686118016008,0.0,0.0,0.0,0.0,penalty_10000,10000.0
2019-03-02 20:00:00,8.5533403301688,0.0,0.0,0.0,0.0,penalty_10000,10000.0
2019-03-02 21:00:00,-115.89823023429497,761.223689,0.0,0.0,0.0,penalty_10000,10000.0
2019-03-02 22:00:00,-120.6901615990754,1286.643084,0.0,0.0,0.0,penalty_10000,10000.0
2019-03-02 23:00:00,-156.31804935361578,901.307701,0.0,0.0,25.804983,penalty_10000,10000.0
2019-03-03 00:00:00,-170.20024839332743,613.454453,0.0,0.0,42.0,penalty_10000,10000.0
2019-03-03 01:00:00,-169.8449839638234,424.805037,0.0,0.0,42.0,penalty_10000,10000.0
2019-03-03 02:00:00,-176.3479838276147,519.244534,0.0,0.0,42.0,penalty_10000,10000.0
2019-03-03 03:00:00,-178.2883375814297,894.126331,0.0,0.0,42.0,penalty_10000,10000.0
2019-03-03 04:00:00,-179.71157658705448,1268.30097,0.0,0.0,42.0,penalty_10000,10000.0
2019-03-03 05:00:00,-179.26487867777686,1424.361542,0.0,0.0,42.0,penalty_10000,10000.0
2019-03-03 06:00:00,-168.07366654319733,1525.732205,0.0,0.0,6.340072,penalty_10000,10000.0
2019-03-03 07:00:00,-163.02753208419526,1433.050532,0.0,0.0,0.0,penalty_10000,10000.0
2019-03-03 08:00:00,-144.58478239697436,1295.81427,0.0,0.0,0.0,penalty_10000,10000.0
2019-03-03 09:00:00,-31.177397836556917,1407.042056,0.0,0.0,0.0,penalty_10000,10000.0
2019-03-03 10:00:00,29.419945458544362,531.916942,0.0,0.0,58.0,penalty_10000,10000.0
2019-03-03 11:00:00,32.91127907049005,1540.207335,0.0,0.0,375.8,penalty_10000,10000.0
2019-03-03 12:00:00,-355.96965239561075,2471.673433,0.0,0.0,213.5,penalty_10000,10000.0
2019-03-03 13:00:00,-422.1835485755446,2166.235396,0.0,0.0,213.5,penalty_10000,10000.0
2019-03-03 14:00:00,-521.6123425041335,2853.159572,0.0,0.0,213.5,penalty_10000,10000.0
2019-03-03 15:00:00,-431.2492009241492,2796.992095,0.0,0.0,213.5,penalty_10000,10000.0
2019-03-03 16:00:00,-422.6948470066191,1772.533617,0.0,0.0,213.5,penalty_10000,10000.0
2019-03-03 17:00:00,-337.95907690304045,1656.295966,0.0,0.0,213.5,penalty_10000,10000.0
2019-03-03 18:00:00,45.70702719185351,1276.200327,0.0,0.0,139.84756,penalty_10000,10000.0
2019-03-03 19:00:00,38.1808061939716,974.301887,0.0,0.0,0.0,penalty_10000,10000.0
2019-03-03 20:00:00,-18.019219619856152,1023.439633,0.0,0.0,0.0,penalty_10000,10000.0
2019-03-03 21:00:00,-125.14280676267872,1451.282621,0.0,0.0,0.0,penalty_10000,10000.0
2019-03-03 22:00:00,-131.20825532847755,1500.677415,0.0,0.0,42.0,penalty_10000,10000.0
2019-03-03 23:00:00,-135.62161199128838,1465.711671,0.0,0.0,42.0,penalty_10000,10000.0
2019-03-04 00:00:00,-114.42547077921263,1389.965997,0.0,0.0,0.0,penalty_10000,10000.0
2019-03-04 01:00:00,-137.53604617615997,1195.744022,0.0,0.0,2.958169,penalty_10000,10000.0
2019-03-04 02:00:00,-116.86490263831665,1223.502469,0.0,0.0,0.0,penalty_10000,10000.0
2019-03-04 03:00:00,-137.86404149866016,1199.397216,0.0,0.0,42.0,penalty_10000,10000.0
2019-03-04 04:00:00,-125.35732330517226,1151.599128,0.0,0.0,0.0,penalty_10000,10000.0
2019-03-04 05:00:00,-111.73520323264655,1101.337099,0.0,0.0,0.0,penalty_10000,10000.0
2019-03-04 06:00:00,66.53852725674743,966.056889,0.0,0.0,0.0,penalty_10000,10000.0
2019-03-04 07:00:00,103.58527140898647,746.680305,0.0,0.0,0.0,penalty_10000,10000.0
2019-03-04 08:00:00,70.41435733106141,569.301721,0.0,0.0,0.0,penalty_10000,10000.0
2019-03-04 09:00:00,74.62420708695826,576.268262,0.0,0.0,58.0,penalty_10000,10000.0
2019-03-04 10:00:00,15.327318633909018,0.0,0.0,0.0,0.0,penalty_10000,10000.0
2019-03-04 11:00:00,76.42349216712418,332.14501,0.0,0.0,58.0,penalty_10000,10000.0
2019-03-04 12:00:00,47.248304525124034,518.252775,0.0,0.0,58.0,penalty_10000,10000.0
2019-03-04 13:00:00,21.178006742610652,0.0,0.0,0.0,0.0,penalty_10000,10000.0
2019-03-04 14:00:00,-302.41383638503817,257.682473,0.0,0.0,88.5,penalty_10000,10000.0
2019-03-04 15:00:00,-307.12010030952126,237.361636,0.0,0.0,88.5,penalty_10000,10000.0
2019-03-04 16:00:00,-300.8023344308491,214.189084,0.0,0.0,88.5,penalty_10000,10000.0
2019-03-04 17:00:00,10.978316007926331,0.0,0.0,0.0,0.0,penalty_10000,10000.0
2019-03-04 18:00:00,14.641747814950817,0.0,0.0,0.0,0.0,penalty_10000,10000.0
2019-03-04 19:00:00,18.964570916144318,0.0,0.0,0.0,0.0,penalty_10000,10000.0
2019-03-04 20:00:00,20.276395106215183,0.0,0.0,0.0,0.0,penalty_10000,10000.0
2019-03-04 21:00:00,20.68635917326576,0.0,0.0,0.0,0.0,penalty_10000,10000.0
2019-03-04 22:00:00,19.8706643956551,0.0,0.0,0.0,0.0,penalty_10000,10000.0
2019-03-04 23:00:00,18.00454064972653,0.0,0.0,0.0,0.0,penalty_10000,10000.0
2019-03-05 00:00:00,15.92886883990195,0.0,0.0,0.0,0.0,penalty_10000,10000.0
2019-03-05 01:00:00,14.454857228410038,0.0,0.0,0.0,0.0,penalty_10000,10000.0
2019-03-05 02:00:00,14.70627627684768,0.0,0.0,0.0,0.0,penalty_10000,10000.0
2019-03-05 03:00:00,14.534355237795092,0.0,0.0,0.0,0.0,penalty_10000,10000.0
2019-03-05 04:00:00,15.013331397687134,0.0,0.0,0.0,0.0,penalty_10000,10000.0
2019-03-05 05:00:00,17.700900901125223,0.0,0.0,0.0,0.0,penalty_10000,10000.0
2019-03-05 06:00:00,32.00033891840733,0.0,0.0,0.0,0.0,penalty_10000,10000.0
2019-03-05 07:00:00,21.531259133621454,0.0,0.0,0.0,0.0,penalty_10000,10000.0
2019-03-05 08:00:00,17.020165990156652,0.0,0.0,0.0,0.0,penalty_10000,10000.0
2019-03-05 09:00:00,15.20068483690168,0.0,0.0,0.0,0.0,penalty_10000,10000.0
2019-03-05 10:00:00,12.90583167910001,0.0,0.0,0.0,0.0,penalty_10000,10000.0
2019-03-05 11:00:00,-167.5743836134147,10.545566,0.0,0.0,58.0,penalty_10000,10000.0
2019-03-05 12:00:00,-314.91409619213414,171.799743,0.0,0.0,88.5,penalty_10000,10000.0
2019-03-05 13:00:00,-325.96299541549985,854.260524,0.0,0.0,130.5,penalty_10000,10000.0
2019-03-05 14:00:00,-336.9426808953382,1183.77025,0.0,0.0,130.5,penalty_10000,10000.0
2019-03-05 15:00:00,-346.8729670714944,1183.282319,0.0,0.0,130.5,penalty_10000,10000.0
2019-03-05 16:00:00,-347.4302583324789,648.284766,0.0,0.0,130.5,penalty_10000,10000.0
2019-03-05 17:00:00,-332.34963222363,158.726857,0.0,0.0,130.5,penalty_10000,10000.0
2019-03-05 18:00:00,15.880025379414734,0.0,0.0,0.0,0.0,penalty_10000,10000.0
2019-03-05 19:00:00,11.193839600802422,0.0,0.0,0.0,0.0,penalty_10000,10000.0
2019-03-05 20:00:00,12.245734427510909,0.0,0.0,0.0,0.0,penalty_10000,10000.0
2019-03-05 21:00:00,13.657689995289234,0.0,0.0,0.0,0.0,penalty_10000,10000.0
2019-03-05 22:00:00,13.36431208204037,0.0,0.0,0.0,0.0,penalty_10000,10000.0
2019-03-05 23:00:00,12.741669143420152,0.0,0.0,0.0,0.0,penalty_10000,10000.0
2019-03-06 00:00:00,13.191940409448907,0.0,0.0,0.0,0.0,penalty_10000,10000.0
2019-03-06 01:00:00,12.804261811232449,0.0,0.0,0.0,0.0,penalty_10000,10000.0
2019-03-06 02:00:00,13.223075580545459,0.0,0.0,0.0,0.0,penalty_10000,10000.0
2019-03-06 03:00:00,14.36175996375953,0.0,0.0,0.0,0.0,penalty_10000,10000.0
2019-03-06 04:00:00,15.028530058290828,0.0,0.0,0.0,0.0,penalty_10000,10000.0
2019-03-06 05:00:00,17.16765702805359,0.0,0.0,0.0,0.0,penalty_10000,10000.0
2019-03-06 06:00:00,23.363773867028275,0.0,0.0,0.0,0.0,penalty_10000,10000.0
2019-03-06 07:00:00,21.58383322643807,0.0,0.0,0.0,0.0,penalty_10000,10000.0
2019-03-06 08:00:00,14.553043535424663,0.0,0.0,0.0,0.0,penalty_10000,10000.0
2019-03-06 09:00:00,11.464432248454914,0.0,0.0,0.0,0.0,penalty_10000,10000.0
2019-03-06 10:00:00,10.965475480146912,0.0,0.0,0.0,0.0,penalty_10000,10000.0
2019-03-06 11:00:00,-135.7192388153858,1511.407749,0.0,0.0,262.3,penalty_10000,10000.0
2019-03-06 12:00:00,-530.5922505401697,1941.49007,0.0,0.0,255.5,penalty_10000,10000.0
2019-03-06 13:00:00,-544.4120322293355,1667.191778,0.0,0.0,255.5,penalty_10000,10000.0
2019-03-06 14:00:00,-558.972019133058,2337.685917,0.0,0.0,417.004152,penalty_10000,10000.0
2019-03-06 15:00:00,-548.1752413203694,2304.130472,0.0,0.0,387.3,penalty_10000,10000.0
2019-03-06 16:00:00,-537.410275485716,1262.498842,0.0,0.0,293.660218,penalty_10000,10000.0
2019-03-06 17:00:00,-526.5279121262696,1840.24205,0.0,0.0,255.5,penalty_10000,10000.0
2019-03-06 18:00:00,-126.78993720051336,1313.209445,0.0,0.0,47.712193,penalty_10000,10000.0
2019-03-06 19:00:00,-125.37891340743309,979.638809,0.0,0.0,42.0,penalty_10000,10000.0
2019-03-06 20:00:00,-127.88546536519502,1118.175998,0.0,0.0,42.0,penalty_10000,10000.0
2019-03-06 21:00:00,-146.72735543335983,1556.067136,0.0,0.0,42.0,penalty_10000,10000.0
2019-03-06 22:00:00,-162.84797944586074,729.94767,0.0,0.0,42.0,penalty_10000,10000.0
2019-03-06 23:00:00,-170.28978544523892,905.765058,0.0,0.0,42.0,penalty_10000,10000.0
2019-03-07 00:00:00,-181.29862239345238,1055.652967,0.0,0.0,42.0,penalty_10000,10000.0
2019-03-07 01:00:00,-183.558955907327,1122.589292,0.0,0.0,42.0,penalty_10000,10000.0
2019-03-07 02:00:00,-187.2834408079446,1213.665233,0.0,0.0,42.0,penalty_10000,10000.0
2019-03-07 03:00:00,-187.044398329606,1234.448456,0.0,0.0,42.0,penalty_10000,10000.0
2019-03-07 04:00:00,-177.82683149829953,1142.94568,0.0,0.0,42.0,penalty_10000,10000.0
2019-03-07 05:00:00,-164.23851842338672,889.344631,0.0,0.0,42.0,penalty_10000,10000.0
2019-03-07 06:00:00,-144.15419741359455,657.563727,0.0,0.0,42.0,penalty_10000,10000.0
2019-03-07 07:00:00,-141.62494895024892,434.44051,0.0,0.0,42.0,penalty_10000,10000.0
2019-03-07 08:00:00,-141.13996819740524,436.085816,0.0,0.0,42.0,penalty_10000,10000.0
2019-03-07 09:00:00,-140.25334309963534,878.315144,0.0,0.0,42.0,penalty_10000,10000.0
2019-03-07 10:00:00,-146.7121304940833,3.952524,0.0,0.0,42.0,penalty_10000,10000.0
2019-03-07 11:00:00,-151.7777156666251,903.777411,0.0,0.0,262.3,penalty_10000,10000.0
2019-03-07 12:00:00,-576.7982599291805,989.853431,0.0,0.0,255.5,penalty_10000,10000.0
2019-03-07 13:00:00,-421.325698924625,515.479467,0.0,0.0,255.5,penalty_10000,10000.0
2019-03-07 14:00:00,-772.5539003708449,1102.115591,0.0,0.0,255.5,penalty_10000,10000.0
2019-03-07 15:00:00,-591.6879915458258,1458.958013,0.0,0.0,355.469219,penalty_10000,10000.0
2019-03-07 16:00:00,-589.5837142992185,1002.591006,0.0,0.0,322.428396,penalty_10000,10000.0
2019-03-07 17:00:00,-168.14714946178734,909.380356,0.0,0.0,262.3,penalty_10000,10000.0
2019-03-07 18:00:00,-152.7415043651232,335.460848,0.0,0.0,100.0,penalty_10000,10000.0
2019-03-07 19:00:00,9.639563591516762,0.0,0.0,0.0,0.0,penalty_10000,10000.0
2019-03-07 20:00:00,-152.05519262732594,601.100342,0.0,0.0,42.0,penalty_10000,10000.0
2019-03-07 21:00:00,-163.68721830282706,1015.519666,0.0,0.0,42.0,penalty_10000,10000.0
2019-03-07 22:00:00,-169.01138715788653,1020.307873,0.0,0.0,42.0,penalty_10000,10000.0
2019-03-07 23:00:00,-206.0761246502969,979.590979,0.0,0.0,42.0,penalty_10000,10000.0
2019-03-08 00:00:00,-202.91753057098975,953.503586,0.0,0.0,42.0,penalty_10000,10000.0
2019-03-08 01:00:00,-207.63920723656975,874.415443,0.0,0.0,42.0,penalty_10000,10000.0
2019-03-08 02:00:00,-207.19407834038503,863.951405,0.0,0.0,42.0,penalty_10000,10000.0
2019-03-08 03:00:00,-209.35289298413252,835.810278,0.0,0.0,42.0,penalty_10000,10000.0
2019-03-08 04:00:00,-211.51904212943143,811.253452,0.0,0.0,42.0,penalty_10000,10000.0
2019-03-08 05:00:00,-175.8571587945018,807.050255,0.0,0.0,42.0,penalty_10000,10000.0
2019-03-08 06:00:00,-9.258638413164086,0.0,0.0,0.0,42.0,penalty_10000,10000.0
2019-03-08 07:00:00,10.457533999999999,0.0,0.0,0.0,0.0,penalty_10000,10000.0
2019-03-08 08:00:00,10.936707545896972,0.0,0.0,0.0,0.0,penalty_10000,10000.0
2019-03-08 09:00:00,10.868451116348162,0.0,0.0,0.0,0.0,penalty_10000,10000.0
2019-03-08 10:00:00,10.916289451274077,0.0,0.0,0.0,0.0,penalty_10000,10000.0
2019-03-08 11:00:00,10.681584423186687,0.0,0.0,0.0,0.0,penalty_10000,10000.0
2019-03-08 12:00:00,-357.5690375785283,40.397879,0.0,0.0,375.8,penalty_10000,10000.0
2019-03-08 13:00:00,-48.54300656545691,0.0,0.0,0.0,375.8,penalty_10000,10000.0
2019-03-08 14:00:00,-382.71531222831516,155.554977,0.0,0.0,213.5,penalty_10000,10000.0
2019-03-08 15:00:00,-380.0256422233619,232.940142,0.0,0.0,149.901495,penalty_10000,10000.0
2019-03-08 16:00:00,-383.7699386971127,14.303124,0.0,0.0,255.5,penalty_10000,10000.0
2019-03-08 17:00:00,-138.49897196678432,135.317523,0.0,0.0,100.0,penalty_10000,10000.0
2019-03-08 18:00:00,-140.63925315246152,185.606046,0.0,0.0,100.0,penalty_10000,10000.0
2019-03-08 19:00:00,-135.82132517495717,316.980107,0.0,0.0,42.0,penalty_10000,10000.0
2019-03-08 20:00:00,-139.4642389219182,231.077412,0.0,0.0,42.0,penalty_10000,10000.0
2019-03-08 21:00:00,-153.79775105889314,583.413131,0.0,0.0,42.0,penalty_10000,10000.0
2019-03-08 22:00:00,-158.4574949952278,543.999882,0.0,0.0,42.0,penalty_10000,10000.0
2019-03-08 23:00:00,-188.0616821572636,1190.180707,0.0,0.0,42.0,penalty_10000,10000.0
2019-03-09 00:00:00,-197.53506409703684,1324.056525,0.0,0.0,42.0,penalty_10000,10000.0
2019-03-09 01:00:00,-212.64710509678483,1241.428172,0.0,0.0,42.0,penalty_10000,10000.0
2019-03-09 02:00:00,-215.88647286621028,1261.109344,0.0,0.0,42.0,penalty_10000,10000.0
2019-03-09 03:00:00,6.475773156882782,0.0,0.0,0.0,0.0,penalty_10000,10000.0
2019-03-09 04:00:00,9.654395844940877,0.0,0.0,0.0,0.0,penalty_10000,10000.0
2019-03-09 05:00:00,-220.81937856255448,1248.276507,0.0,0.0,85.823566,penalty_10000,10000.0
2019-03-09 06:00:00,-206.89180849505914,1173.747133,0.0,0.0,42.0,penalty_10000,10000.0
2019-03-09 07:00:00,-203.51201165277087,418.225763,0.0,0.0,42.0,penalty_10000,10000.0
2019-03-09 08:00:00,-170.74812385137767,316.472495,0.0,0.0,42.0,penalty_10000,10000.0
2019-03-09 09:00:00,12.40012536255578,0.0,0.0,0.0,0.0,penalty_10000,10000.0
2019-03-09 10:00:00,9.905474492211981,0.0,0.0,0.0,0.0,penalty_10000,10000.0
2019-03-09 11:00:00,-409.6907990646004,220.79753,0.0,0.0,255.5,penalty_10000,10000.0
2019-03-09 12:00:00,-555.7614823312072,3047.177939,0.0,0.0,255.5,penalty_10000,10000.0
2019-03-09 13:00:00,-717.6645423133681,2694.946943,0.0,0.0,255.5,penalty_10000,10000.0
2019-03-09 14:00:00,-686.0924213386777,3396.173306,0.0,0.0,255.5,penalty_10000,10000.0
2019-03-09 15:00:00,-540.6147415434735,3263.467728,0.0,0.0,417.8,penalty_10000,10000.0
2019-03-09 16:00:00,-532.9564809706033,2223.174511,0.0,0.0,255.5,penalty_10000,10000.0
2019-03-09 17:00:00,-536.3697544420518,2003.819604,0.0,0.0,130.5,penalty_10000,10000.0
2019-03-09 18:00:00,9.144057440393189,0.0,0.0,0.0,0.0,penalty_10000,10000.0
2019-03-09 19:00:00,10.87362,0.0,0.0,0.0,0.0,penalty_10000,10000.0
2019-03-09 20:00:00,11.80382735864096,0.0,0.0,0.0,0.0,penalty_10000,10000.0
2019-03-09 21:00:00,10.839980515608465,0.0,0.0,0.0,0.0,penalty_10000,10000.0
2019-03-09 22:00:00,11.65307271484507,0.0,0.0,0.0,0.0,penalty_10000,10000.0
2019-03-09 23:00:00,11.41731820996356,0.0,0.0,0.0,0.0,penalty_10000,10000.0
2019-03-10 00:00:00,12.458626611438179,0.0,0.0,0.0,0.0,penalty_10000,10000.0
2019-03-10 01:00:00,11.22898198319908,0.0,0.0,0.0,0.0,penalty_10000,10000.0
2019-03-10 02:00:00,10.394909430537407,0.0,0.0,0.0,0.0,penalty_10000,10000.0
2019-03-10 03:00:00,9.91031954287842,0.0,0.0,0.0,0.0,penalty_10000,10000.0
2019-03-10 04:00:00,10.191312360839577,0.0,0.0,0.0,0.0,penalty_10000,10000.0
2019-03-10 05:00:00,10.222299329205535,0.0,0.0,0.0,0.0,penalty_10000,10000.0
2019-03-10 06:00:00,10.074266671238659,0.0,0.0,0.0,0.0,penalty_10000,10000.0
2019-03-10 07:00:00,-175.02386528485317,14.904629,0.0,0.0,42.0,penalty_10000,10000.0
2019-03-10 08:00:00,-170.10737619701405,387.529744,0.0,0.0,42.0,penalty_10000,10000.0
2019-03-10 09:00:00,-164.45417167616856,698.021742,0.0,0.0,42.0,penalty_10000,10000.0
2019-03-10 10:00:00,-162.24283348247747,104.397709,0.0,0.0,42.0,penalty_10000,10000.0
2019-03-10 11:00:00,-161.31488843741985,1308.433006,0.0,0.0,42.0,penalty_10000,10000.0
2019-03-10 12:00:00,-161.91643658575668,1482.925565,0.0,0.0,338.018976,penalty_10000,10000.0
2019-03-10 13:00:00,-488.5495767375555,636.210462,0.0,0.0,417.8,penalty_10000,10000.0
2019-03-10 14:00:00,-674.7303266970714,1248.980642,0.0,0.0,387.3,penalty_10000,10000.0
2019-03-10 15:00:00,-586.4260259316437,1455.240712,0.0,0.0,417.8,penalty_10000,10000.0
2019-03-10 16:00:00,-589.6314426782258,997.541889,0.0,0.0,417.8,penalty_10000,10000.0
2019-03-10 17:00:00,-173.43050331156775,881.658847,0.0,0.0,86.213415,penalty_10000,10000.0
2019-03-10 18:00:00,-146.34744926285907,250.299388,0.0,0.0,146.556875,penalty_10000,10000.0
2019-03-10 19:00:00,11.078749574907613,0.0,0.0,0.0,0.0,penalty_10000,10000.0
2019-03-10 20:00:00,10.730677850979623,0.0,0.0,0.0,0.0,penalty_10000,10000.0
2019-03-10 21:00:00,10.276573053571061,0.0,0.0,0.0,0.0,penalty_10000,10000.0
2019-03-10 22:00:00,10.077987046200263,0.0,0.0,0.0,0.0,penalty_10000,10000.0
2019-03-10 23:00:00,10.695589854705448,0.0,0.0,0.0,0.0,penalty_10000,10000.0
2019-03-11 00:00:00,10.125981352361732,0.0,0.0,0.0,0.0,penalty_10000,10000.0
2019-03-11 01:00:00,9.748382998434867,0.0,0.0,0.0,0.0,penalty_10000,10000.0
2019-03-11 02:00:00,9.922207546500177,0.0,0.0,0.0,0.0,penalty_10000,10000.0
2019-03-11 03:00:00,10.169690963924703,0.0,0.0,0.0,0.0,penalty_10000,10000.0
2019-03-11 04:00:00,10.989963313996366,0.0,0.0,0.0,0.0,penalty_10000,10000.0
2019-03-11 05:00:00,12.29204777834639,0.0,0.0,0.0,0.0,penalty_10000,10000.0
2019-03-11 06:00:00,15.268981610033789,0.0,0.0,0.0,0.0,penalty_10000,10000.0
2019-03-11 07:00:00,16.83202939571598,0.0,0.0,0.0,0.0,penalty_10000,10000.0
2019-03-11 08:00:00,16.012539397679376,0.0,0.0,0.0,0.0,penalty_10000,10000.0
2019-03-11 09:00:00,13.151571287519534,0.0,0.0,0.0,0.0,penalty_10000,10000.0
2019-03-11 10:00:00,31.66102283197185,0.0,0.0,0.0,0.0,penalty_10000,10000.0
2019-03-11 11:00:00,12.428755071689563,0.0,0.0,0.0,0.0,penalty_10000,10000.0
2019-03-11 12:00:00,20.590620446024303,0.0,0.0,0.0,0.0,penalty_10000,10000.0
2019-03-11 13:00:00,-383.06369453684266,296.27553,0.0,0.0,130.5,penalty_10000,10000.0
2019-03-11 14:00:00,-389.1864594938735,736.636429,0.0,0.0,255.5,penalty_10000,10000.0
2019-03-11 15:00:00,-543.1925632006702,815.326816,0.0,0.0,411.998069,penalty_10000,10000.0
2019-03-11 16:00:00,-549.8640201736812,491.287861,0.0,0.0,255.5,penalty_10000,10000.0
2019-03-11 17:00:00,-147.98681143559477,893.621325,0.0,0.0,292.148071,penalty_10000,10000.0
2019-03-11 18:00:00,-148.87938895970456,1006.706852,0.0,0.0,215.296022,penalty_10000,10000.0
2019-03-11 19:00:00,-149.16892584428874,979.762618,0.0,0.0,42.0,penalty_10000,10000.0
2019-03-11 20:00:00,-152.53850493935414,194.853764,0.0,0.0,42.0,penalty_10000,10000.0
2019-03-11 21:00:00,12.081690201115839,0.0,0.0,0.0,0.0,penalty_10000,10000.0
2019-03-11 22:00:00,14.908430046030697,0.0,0.0,0.0,0.0,penalty_10000,10000.0
2019-03-11 23:00:00,10.457261541750636,0.0,0.0,0.0,0.0,penalty_10000,10000.0
2019-03-12 00:00:00,10.408989339854188,0.0,0.0,0.0,0.0,penalty_10000,10000.0
2019-03-12 01:00:00,10.658799666765152,0.0,0.0,0.0,0.0,penalty_10000,10000.0
2019-03-12 02:00:00,11.176018917217991,0.0,0.0,0.0,0.0,penalty_10000,10000.0
2019-03-12 03:00:00,10.197675652743076,0.0,0.0,0.0,0.0,penalty_10000,10000.0
2019-03-12 04:00:00,13.717702610819746,0.0,0.0,0.0,0.0,penalty_10000,10000.0
2019-03-12 05:00:00,11.277354442069257,0.0,0.0,0.0,0.0,penalty_10000,10000.0
2019-03-12 06:00:00,9989.831533683322,0.0,0.0,0.0,0.0,penalty_10000,10000.0
2019-03-12 07:00:00,12.354094762529302,0.0,0.0,0.0,0.0,penalty_10000,10000.0
2019-03-12 08:00:00,11.935559844076831,0.0,0.0,0.0,0.0,penalty_10000,10000.0
2019-03-12 09:00:00,-37.77888346573692,352.628342,0.0,0.0,0.0,penalty_10000,10000.0
2019-03-12 10:00:00,-112.56552960624482,166.368392,0.0,0.0,220.3,penalty_10000,10000.0
2019-03-12 11:00:00,-153.68196532860907,880.603815,0.0,0.0,417.8,penalty_10000,10000.0
2019-03-12 12:00:00,-538.4221901650102,1690.432452,0.0,0.0,342.394869,penalty_10000,10000.0
2019-03-12 13:00:00,-535.4829605540596,1275.867289,0.0,0.0,130.5,penalty_10000,10000.0
2019-03-12 14:00:00,-83.67540031882022,2147.204985,0.0,0.0,329.3,penalty_10000,10000.0
2019-03-12 15:00:00,-539.7261054568829,1944.338733,0.0,0.0,130.5,penalty_10000,10000.0
2019-03-12 16:00:00,-115.37793672393997,585.448282,0.0,0.0,8.887728,penalty_10000,10000.0
2019-03-12 17:00:00,-143.7909586109006,1091.61097,0.0,0.0,42.0,penalty_10000,10000.0
2019-03-12 18:00:00,-127.03846423854932,653.034719,0.0,0.0,42.0,penalty_10000,10000.0
2019-03-12 19:00:00,-127.04514273487719,133.058871,0.0,0.0,42.0,penalty_10000,10000.0
2019-03-12 20:00:00,-119.27679789550957,308.228968,0.0,0.0,0.0,penalty_10000,10000.0
2019-03-12 21:00:00,12.981325961713342,0.0,0.0,0.0,0.0,penalty_10000,10000.0
2019-03-12 22:00:00,10.987327608937143,0.0,0.0,0.0,0.0,penalty_10000,10000.0
2019-03-12 23:00:00,10.693336072960118,0.0,0.0,0.0,0.0,penalty_10000,10000.0
2019-03-13 00:00:00,473.85170263856224,1050.35329,0.0,0.0,375.8,penalty_10000,10000.0
2019-03-13 01:00:00,-151.02568837589237,577.254092,0.0,0.0,42.0,penalty_10000,10000.0
2019-03-13 02:00:00,-205.4684712231088,1734.588303,0.0,0.0,42.0,penalty_10000,10000.0
2019-03-13 03:00:00,-205.31105572628354,1632.903761,0.0,0.0,42.0,penalty_10000,10000.0
2019-03-13 04:00:00,-203.623935152509,1443.231526,0.0,0.0,42.0,penalty_10000,10000.0
2019-03-13 05:00:00,-200.19419593055517,1509.433156,0.0,0.0,42.0,penalty_10000,10000.0
2019-03-13 06:00:00,-161.4057143615585,732.241547,0.0,0.0,0.0,penalty_10000,10000.0
2019-03-13 07:00:00,9.621023764640077,0.0,0.0,0.0,0.0,penalty_10000,10000.0
2019-03-13 08:00:00,10.210855141468354,0.0,0.0,0.0,0.0,penalty_10000,10000.0
2019-03-13 09:00:00,11.517751385011032,0.0,0.0,0.0,0.0,penalty_10000,10000.0
2019-03-13 10:00:00,9.145313775603672,0.0,0.0,0.0,0.0,penalty_10000,10000.0
2019-03-13 11:00:00,-398.51709395148976,146.63054,0.0,0.0,375.8,penalty_10000,10000.0
2019-03-13 12:00:00,-372.8555617388343,3.621807,0.0,0.0,130.5,penalty_10000,10000.0
2019-03-13 13:00:00,-367.38021601688246,467.643748,0.0,0.0,130.5,penalty_10000,10000.0
2019-03-13 14:00:00,-362.52724316954044,677.788008,0.0,0.0,130.5,penalty_10000,10000.0
2019-03-13 15:00:00,-358.2426305628628,564.999993,0.0,0.0,130.5,penalty_10000,10000.0
2019-03-13 16:00:00,-355.1766250955386,65.686229,0.0,0.0,130.5,penalty_10000,10000.0
2019-03-13 17:00:00,15.2801898960556,0.0,0.0,0.0,0.0,penalty_10000,10000.0
2019-03-13 18:00:00,9.926255353137211,0.0,0.0,0.0,0.0,penalty_10000,10000.0
2019-03-13 19:00:00,11.572340766429587,0.0,0.0,0.0,0.0,penalty_10000,10000.0
2019-03-13 20:00:00,10.688978757919521,0.0,0.0,0.0,0.0,penalty_10000,10000.0
2019-03-13 21:00:00,9.092191219893841,0.0,0.0,0.0,0.0,penalty_10000,10000.0
2019-03-13 22:00:00,-163.53717919340457,316.134382,0.0,0.0,42.0,penalty_10000,10000.0
2019-03-13 23:00:00,-168.94929486717484,1184.286184,0.0,0.0,42.0,penalty_10000,10000.0
2019-03-14 00:00:00,-210.47548882815383,1192.371575,0.0,0.0,42.0,penalty_10000,10000.0
2019-03-14 01:00:00,-181.57320505835486,473.175954,0.0,0.0,42.0,penalty_10000,10000.0
2019-03-14 02:00:00,-222.9148328785735,1613.781951,0.0,0.0,42.0,penalty_10000,10000.0
2019-03-14 03:00:00,-221.41705314512845,1536.477372,0.0,0.0,42.0,penalty_10000,10000.0
2019-03-14 04:00:00,-210.4475324242919,1429.654335,0.0,0.0,42.0,penalty_10000,10000.0
2019-03-14 05:00:00,-179.94893865653071,1481.609631,0.0,0.0,42.0,penalty_10000,10000.0
2019-03-14 06:00:00,-173.24514231779176,1509.762776,0.0,0.0,42.0,penalty_10000,10000.0
2019-03-14 07:00:00,-172.32522014432905,429.578119,0.0,0.0,42.0,penalty_10000,10000.0
2019-03-14 08:00:00,10.135799373202865,0.0,0.0,0.0,0.0,penalty_10000,10000.0
2019-03-14 09:00:00,8.651347196650212,0.0,0.0,0.0,0.0,penalty_10000,10000.0
2019-03-14 10:00:00,8.895228791408579,0.0,0.0,0.0,0.0,penalty_10000,10000.0
2019-03-14 11:00:00,-699.2727744899836,1016.785444,0.0,0.0,255.5,penalty_10000,10000.0
2019-03-14 12:00:00,-707.5291354464846,3094.517588,0.0,0.0,255.5,penalty_10000,10000.0
2019-03-14 13:00:00,-711.9626654591035,2208.13962,0.0,0.0,255.5,penalty_10000,10000.0
2019-03-14 14:00:00,-755.9827871442025,3186.692798,0.0,0.0,255.5,penalty_10000,10000.0
2019-03-14 15:00:00,-435.3773301337324,2337.177218,0.0,0.0,417.8,penalty_10000,10000.0
2019-03-14 16:00:00,-548.2969661924424,703.869758,0.0,0.0,387.3,penalty_10000,10000.0
2019-03-14 17:00:00,-122.02859389942805,422.225153,0.0,0.0,329.3,penalty_10000,10000.0
2019-03-14 18:00:00,9.974315007389263,0.0,0.0,0.0,0.0,penalty_10000,10000.0
2019-03-14 19:00:00,10.519134423728937,0.0,0.0,0.0,0.0,penalty_10000,10000.0
2019-03-14 20:00:00,10.637932120865694,0.0,0.0,0.0,0.0,penalty_10000,10000.0
2019-03-14 21:00:00,9.372118318107777,0.0,0.0,0.0,0.0,penalty_10000,10000.0
2019-03-14 22:00:00,9.28399690813577,0.0,0.0,0.0,0.0,penalty_10000,10000.0
2019-03-14 23:00:00,9.291238296191676,0.0,0.0,0.0,0.0,penalty_10000,10000.0
2019-03-15 00:00:00,9.694211080899208,0.0,0.0,0.0,0.0,penalty_10000,10000.0
2019-03-15 01:00:00,9.95059209786043,0.0,0.0,0.0,0.0,penalty_10000,10000.0
2019-03-15 02:00:00,9.852855167211937,0.0,0.0,0.0,0.0,penalty_10000,10000.0
2019-03-15 03:00:00,3.930239509375738,0.0,0.0,0.0,0.0,penalty_10000,10000.0
2019-03-15 04:00:00,-172.9840900181778,6.009331,0.0,0.0,42.0,penalty_10000,10000.0
2019-03-15 05:00:00,11.45367812828906,0.0,0.0,0.0,0.0,penalty_10000,10000.0
2019-03-15 06:00:00,11.596465744336497,0.0,0.0,0.0,0.0,penalty_10000,10000.0
2019-03-15 07:00:00,12.509110744233244,0.0,0.0,0.0,0.0,penalty_10000,10000.0
2019-03-15 08:00:00,14.515914565563135,0.0,0.0,0.0,0.0,penalty_10000,10000.0
2019-03-15 09:00:00,12.720393494796634,0.0,0.0,0.0,0.0,penalty_10000,10000.0
2019-03-15 10:00:00,11.849639389875957,0.0,0.0,0.0,0.0,penalty_10000,10000.0
2019-03-15 11:00:00,15.299727381326607,0.0,0.0,0.0,0.0,penalty_10000,10000.0
2019-03-15 12:00:00,-396.1680791343191,343.251816,0.0,0.0,255.5,penalty_10000,10000.0
2019-03-15 13:00:00,-404.63168725167463,510.300881,0.0,0.0,255.5,penalty_10000,10000.0
2019-03-15 14:00:00,-407.4666564960519,700.529206,0.0,0.0,130.5,penalty_10000,10000.0
2019-03-15 15:00:00,-411.21219940468546,667.278318,0.0,0.0,130.5,penalty_10000,10000.0
2019-03-15 16:00:00,-409.12940494048786,280.701385,0.0,0.0,130.5,penalty_10000,10000.0
2019-03-15 17:00:00,16.61171140966638,0.0,0.0,0.0,0.0,penalty_10000,10000.0
2019-03-15 18:00:00,11.016959568322019,0.0,0.0,0.0,0.0,penalty_10000,10000.0
2019-03-15 19:00:00,12.453021506069092,0.0,0.0,0.0,0.0,penalty_10000,10000.0
2019-03-15 20:00:00,12.241348380556227,0.0,0.0,0.0,0.0,penalty_10000,10000.0
2019-03-15 21:00:00,11.552412481444826,0.0,0.0,0.0,0.0,penalty_10000,10000.0
2019-03-15 22:00:00,12.212421068219703,0.0,0.0,0.0,0.0,penalty_10000,10000.0
2019-03-15 23:00:00,11.37492021035516,0.0,0.0,0.0,0.0,penalty_10000,10000.0
2019-03-16 00:00:00,11.23615029924384,0.0,0.0,0.0,0.0,penalty_10000,10000.0
2019-03-16 01:00:00,11.206370961947263,0.0,0.0,0.0,0.0,penalty_10000,10000.0
2019-03-16 02:00:00,12.990911696332079,0.0,0.0,0.0,0.0,penalty_10000,10000.0
2019-03-16 03:00:00,14.55732242622928,0.0,0.0,0.0,0.0,penalty_10000,10000.0
2019-03-16 04:00:00,14.663414913758645,0.0,0.0,0.0,0.0,penalty_10000,10000.0
2019-03-16 05:00:00,14.582170520494754,0.0,0.0,0.0,0.0,penalty_10000,10000.0
2019-03-16 06:00:00,17.242073444487534,0.0,0.0,0.0,0.0,penalty_10000,10000.0
2019-03-16 07:00:00,17.37299737954784,0.0,0.0,0.0,0.0,penalty_10000,10000.0
2019-03-16 08:00:00,15.597777068569172,0.0,0.0,0.0,0.0,penalty_10000,10000.0
2019-03-16 09:00:00,13.995318870671259,0.0,0.0,0.0,0.0,penalty_10000,10000.0
2019-03-16 10:00:00,11.876051229124906,0.0,0.0,0.0,0.0,penalty_10000,10000.0
2019-03-16 11:00:00,-10.659613683245569,0.0,0.0,0.0,58.0,penalty_10000,10000.0
2019-03-16 12:00:00,-416.90792925672486,362.140776,0.0,0.0,91.897936,penalty_10000,10000.0
2019-03-16 13:00:00,-425.77917030168845,1096.155976,0.0,0.0,88.5,penalty_10000,10000.0
2019-03-16 14:00:00,-432.1457075339973,1498.074867,0.0,0.0,116.738954,penalty_10000,10000.0
2019-03-16 15:00:00,-435.1113146418959,1541.693807,0.0,0.0,130.5,penalty_10000,10000.0
2019-03-16 16:00:00,-435.0448454916868,966.510236,0.0,0.0,130.5,penalty_10000,10000.0
2019-03-16 17:00:00,-431.81562678008316,301.923749,0.0,0.0,105.717895,penalty_10000,10000.0
2019-03-16 18:00:00,14.97071451249611,0.0,0.0,0.0,0.0,penalty_10000,10000.0
2019-03-16 19:00:00,13.295939223814191,0.0,0.0,0.0,0.0,penalty_10000,10000.0
2019-03-16 20:00:00,14.685896693458602,0.0,0.0,0.0,0.0,penalty_10000,10000.0
2019-03-16 21:00:00,14.085901836183675,0.0,0.0,0.0,0.0,penalty_10000,10000.0
2019-03-16 22:00:00,12.104710732397827,0.0,0.0,0.0,0.0,penalty_10000,10000.0
2019-03-16 23:00:00,11.705502423396156,0.0,0.0,0.0,0.0,penalty_10000,10000.0
2019-03-17 00:00:00,13.451877288971813,0.0,0.0,0.0,0.0,penalty_10000,10000.0
2019-03-17 01:00:00,13.913301799098392,0.0,0.0,0.0,0.0,penalty_10000,10000.0
2019-03-17 02:00:00,13.992482978576744,0.0,0.0,0.0,0.0,penalty_10000,10000.0
2019-03-17 03:00:00,14.017655988668507,0.0,0.0,0.0,0.0,penalty_10000,10000.0
2019-03-17 04:00:00,14.483035155515823,0.0,0.0,0.0,0.0,penalty_10000,10000.0
2019-03-17 05:00:00,14.816596458760873,0.0,0.0,0.0,0.0,penalty_10000,10000.0
2019-03-17 06:00:00,16.87692924222339,0.0,0.0,0.0,0.0,penalty_10000,10000.0
2019-03-17 07:00:00,18.255295984044427,0.0,0.0,0.0,0.0,penalty_10000,10000.0
2019-03-17 08:00:00,16.638940368032788,0.0,0.0,0.0,0.0,penalty_10000,10000.0
2019-03-17 09:00:00,16.88074494927138,0.0,0.0,0.0,0.0,penalty_10000,10000.0
2019-03-17 10:00:00,15.303280795370837,0.0,0.0,0.0,0.0,penalty_10000,10000.0
2019-03-17 11:00:00,20.208388456246755,0.0,0.0,0.0,0.0,penalty_10000,10000.0
2019-03-17 12:00:00,-417.65949963342933,68.386234,0.0,0.0,88.5,penalty_10000,10000.0
2019-03-17 13:00:00,-426.50257276693026,468.921053,0.0,0.0,130.5,penalty_10000,10000.0
2019-03-17 14:00:00,-430.11502515342795,639.424946,0.0,0.0,88.5,penalty_10000,10000.0
2019-03-17 15:00:00,-430.54899960657724,519.693807,0.0,0.0,88.5,penalty_10000,10000.0
2019-03-17 16:00:00,-424.9332622170612,79.263262,0.0,0.0,88.5,penalty_10000,10000.0
2019-03-17 17:00:00,17.297308551366626,0.0,0.0,0.0,0.0,penalty_10000,10000.0
2019-03-17 18:00:00,11.947233488811738,0.0,0.0,0.0,0.0,penalty_10000,10000.0
2019-03-17 19:00:00,15.476384557248274,0.0,0.0,0.0,0.0,penalty_10000,10000.0
2019-03-17 20:00:00,13.964866377054012,0.0,0.0,0.0,0.0,penalty_10000,10000.0
2019-03-17 21:00:00,11.989791637261602,0.0,0.0,0.0,0.0,penalty_10000,10000.0
2019-03-17 22:00:00,10.244553702843115,0.0,0.0,0.0,0.0,penalty_10000,10000.0
2019-03-17 23:00:00,9.822868374579718,0.0,0.0,0.0,0.0,penalty_10000,10000.0
2019-03-18 00:00:00,10.890765382080517,0.0,0.0,0.0,0.0,penalty_10000,10000.0
2019-03-18 01:00:00,9.83147991244339,0.0,0.0,0.0,0.0,penalty_10000,10000.0
2019-03-18 02:00:00,11.432231970926507,0.0,0.0,0.0,0.0,penalty_10000,10000.0
2019-03-18 03:00:00,13.147505341191422,0.0,0.0,0.0,0.0,penalty_10000,10000.0
2019-03-18 04:00:00,16.510434912387733,0.0,0.0,0.0,0.0,penalty_10000,10000.0
2019-03-18 05:00:00,22.392066757032783,0.0,0.0,0.0,0.0,penalty_10000,10000.0
2019-03-18 06:00:00,19.416645730539976,0.0,0.0,0.0,0.0,penalty_10000,10000.0
2019-03-18 07:00:00,18.53396573868724,0.0,0.0,0.0,0.0,penalty_10000,10000.0
2019-03-18 08:00:00,18.03671178629513,0.0,0.0,0.0,0.0,penalty_10000,10000.0
2019-03-18 09:00:00,14.903744026482373,0.0,0.0,0.0,0.0,penalty_10000,10000.0
2019-03-18 10:00:00,14.781473260764864,0.0,0.0,0.0,0.0,penalty_10000,10000.0
2019-03-18 11:00:00,11.130019383943461,0.0,0.0,0.0,0.0,penalty_10000,10000.0
2019-03-18 12:00:00,17.10282108114657,0.0,0.0,0.0,0.0,penalty_10000,10000.0
2019-03-18 13:00:00,-399.3647783333603,19.401707,0.0,0.0,130.5,penalty_10000,10000.0
2019-03-18 14:00:00,-404.92849083838377,239.578706,0.0,0.0,130.5,penalty_10000,10000.0
2019-03-18 15:00:00,-405.79503953896443,201.242434,0.0,0.0,130.5,penalty_10000,10000.0
2019-03-18 16:00:00,11.78488834836225,0.0,0.0,0.0,0.0,penalty_10000,10000.0
2019-03-18 17:00:00,19.884913983750884,0.0,0.0,0.0,0.0,penalty_10000,10000.0
2019-03-18 18:00:00,12.67662128037939,0.0,0.0,0.0,0.0,penalty_10000,10000.0
2019-03-18 19:00:00,10.920009203588885,0.0,0.0,0.0,0.0,penalty_10000,10000.0
2019-03-18 20:00:00,11.598119153748698,0.0,0.0,0.0,0.0,penalty_10000,10000.0
2019-03-18 21:00:00,12.38422240650736,0.0,0.0,0.0,0.0,penalty_10000,10000.0
2019-03-18 22:00:00,11.524211000675457,0.0,0.0,0.0,0.0,penalty_10000,10000.0
2019-03-18 23:00:00,10.406391421544562,0.0,0.0,0.0,0.0,penalty_10000,10000.0
2019-03-19 00:00:00,9.927439824583102,0.0,0.0,0.0,0.0,penalty_10000,10000.0
2019-03-19 01:00:00,10.155299193877664,0.0,0.0,0.0,0.0,penalty_10000,10000.0
2019-03-19 02:00:00,9.999602994168235,0.0,0.0,0.0,0.0,penalty_10000,10000.0
2019-03-19 03:00:00,10.06376799683165,0.0,0.0,0.0,0.0,penalty_10000,10000.0
2019-03-19 04:00:00,11.065987513211864,0.0,0.0,0.0,0.0,penalty_10000,10000.0
2019-03-19 05:00:00,10.46080708278355,0.0,0.0,0.0,0.0,penalty_10000,10000.0
2019-03-19 06:00:00,12.150742011645503,0.0,0.0,0.0,0.0,penalty_10000,10000.0
2019-03-19 07:00:00,11.753771461920216,0.0,0.0,0.0,0.0,penalty_10000,10000.0
2019-03-19 08:00:00,12.962991949633802,0.0,0.0,0.0,0.0,penalty_10000,10000.0
2019-03-19 09:00:00,11.099388274799994,0.0,0.0,0.0,0.0,penalty_10000,10000.0
2019-03-19 10:00:00,10.032693352302601,0.0,0.0,0.0,0.0,penalty_10000,10000.0
2019-03-19 11:00:00,-163.11641711030467,507.775275,0.0,0.0,262.3,penalty_10000,10000.0
2019-03-19 12:00:00,-578.8500166297815,2234.550661,0.0,0.0,255.5,penalty_10000,10000.0
2019-03-19 13:00:00,-759.0019046928231,1981.286653,0.0,0.0,255.5,penalty_10000,10000.0
2019-03-19 14:00:00,-767.1789021611007,2401.454513,0.0,0.0,255.5,penalty_10000,10000.0
2019-03-19 15:00:00,-573.0267872725223,2159.127881,0.0,0.0,255.5,penalty_10000,10000.0
2019-03-19 16:00:00,-571.296200854575,1075.417158,0.0,0.0,255.5,penalty_10000,10000.0
2019-03-19 17:00:00,-168.89210239998474,1012.69209,0.0,0.0,117.834417,penalty_10000,10000.0
2019-03-19 18:00:00,-151.3047124366633,600.668451,0.0,0.0,387.3,penalty_10000,10000.0
2019-03-19 19:00:00,-147.34891730554048,282.991717,0.0,0.0,42.0,penalty_10000,10000.0
2019-03-19 20:00:00,-150.61228937022517,188.921992,0.0,0.0,42.0,penalty_10000,10000.0
2019-03-19 21:00:00,8.99022391662163,0.0,0.0,0.0,0.0,penalty_10000,10000.0
2019-03-19 22:00:00,9.930856365258329,0.0,0.0,0.0,0.0,penalty_10000,10000.0
2019-03-19 23:00:00,9.662384946596374,0.0,0.0,0.0,0.0,penalty_10000,10000.0
2019-03-20 00:00:00,11.096725344804712,0.0,0.0,0.0,0.0,penalty_10000,10000.0
2019-03-20 01:00:00,9.825385608783035,0.0,0.0,0.0,0.0,penalty_10000,10000.0
2019-03-20 02:00:00,11.241955415244428,0.0,0.0,0.0,0.0,penalty_10000,10000.0
2019-03-20 03:00:00,11.427826370298565,0.0,0.0,0.0,0.0,penalty_10000,10000.0
2019-03-20 04:00:00,11.81382681823495,0.0,0.0,0.0,0.0,penalty_10000,10000.0
2019-03-20 05:00:00,12.968647776922252,0.0,0.0,0.0,0.0,penalty_10000,10000.0
2019-03-20 06:00:00,14.899187836521786,0.0,0.0,0.0,0.0,penalty_10000,10000.0
2019-03-20 07:00:00,14.320593465101016,0.0,0.0,0.0,0.0,penalty_10000,10000.0
2019-03-20 08:00:00,14.92532181524605,0.0,0.0,0.0,0.0,penalty_10000,10000.0
2019-03-20 09:00:00,13.916692873489378,0.0,0.0,0.0,0.0,penalty_10000,10000.0
2019-03-20 10:00:00,11.450200586718044,0.0,0.0,0.0,0.0,penalty_10000,10000.0
2019-03-20 11:00:00,13.677681405847242,0.0,0.0,0.0,0.0,penalty_10000,10000.0
2019-03-20 12:00:00,-395.6824498598895,141.593207,0.0,0.0,130.5,penalty_10000,10000.0
2019-03-20 13:00:00,-389.1006593182425,564.611173,0.0,0.0,112.24174,penalty_10000,10000.0
2019-03-20 14:00:00,-387.22192064870205,839.362347,0.0,0.0,100.0,penalty_10000,10000.0
2019-03-20 15:00:00,-384.8903940031168,816.073693,0.0,0.0,113.439296,penalty_10000,10000.0
2019-03-20 16:00:00,-387.7002727080405,422.144137,0.0,0.0,130.5,penalty_10000,10000.0
2019-03-20 17:00:00,-10.023482537990988,0.0,0.0,0.0,0.0,penalty_10000,10000.0
2019-03-20 18:00:00,10.662677875143569,0.0,0.0,0.0,0.0,penalty_10000,10000.0
2019-03-20 19:00:00,13.746389353961854,0.0,0.0,0.0,0.0,penalty_10000,10000.0
2019-03-20 20:00:00,13.347386178151414,0.0,0.0,0.0,0.0,penalty_10000,10000.0
2019-03-20 21:00:00,12.60251034794525,0.0,0.0,0.0,0.0,penalty_10000,10000.0
2019-03-20 22:00:00,12.596263997687755,0.0,0.0,0.0,0.0,penalty_10000,10000.0
2019-03-20 23:00:00,12.784536055585882,0.0,0.0,0.0,0.0,penalty_10000,10000.0
2019-03-21 00:00:00,10.805886509970634,0.0,0.0,0.0,0.0,penalty_10000,10000.0
2019-03-21 01:00:00,10.254623013448429,0.0,0.0,0.0,0.0,penalty_10000,10000.0
2019-03-21 02:00:00,11.152090923706352,0.0,0.0,0.0,0.0,penalty_10000,10000.0
2019-03-21 03:00:00,13.540413165561839,0.0,0.0,0.0,0.0,penalty_10000,10000.0
2019-03-21 04:00:00,10.878414520668418,0.0,0.0,0.0,0.0,penalty_10000,10000.0
2019-03-21 05:00:00,15.24951787190226,0.0,0.0,0.0,0.0,penalty_10000,10000.0
2019-03-21 06:00:00,15.830485946987297,0.0,0.0,0.0,0.0,penalty_10000,10000.0
2019-03-21 07:00:00,16.20207625160949,0.0,0.0,0.0,0.0,penalty_10000,10000.0
2019-03-21 08:00:00,15.251733630052493,0.0,0.0,0.0,0.0,penalty_10000,10000.0
2019-03-21 09:00:00,13.048781811524709,0.0,0.0,0.0,0.0,penalty_10000,10000.0
2019-03-21 10:00:00,12.870403976933108,0.0,0.0,0.0,0.0,penalty_10000,10000.0
2019-03-21 11:00:00,10.240416066845162,0.0,0.0,0.0,0.0,penalty_10000,10000.0
2019-03-21 12:00:00,10.571596735868493,0.0,0.0,0.0,0.0,penalty_10000,10000.0
2019-03-21 13:00:00,-1.5877871403158095,0.0,0.0,0.0,0.0,penalty_10000,10000.0
2019-03-21 14:00:00,-3.8417152559765153,0.0,0.0,0.0,58.0,penalty_10000,10000.0
2019-03-21 15:00:00,-378.55184866689154,4.947707,0.0,0.0,130.5,penalty_10000,10000.0
2019-03-21 16:00:00,-203.38397704317424,279.195566,0.0,0.0,0.0,penalty_10000,10000.0
2019-03-21 17:00:00,-1.9819133601599095,0.0,0.0,0.0,0.0,penalty_10000,10000.0
2019-03-21 18:00:00,10.572576732319554,0.0,0.0,0.0,0.0,penalty_10000,10000.0
2019-03-21 19:00:00,12.80903440737196,0.0,0.0,0.0,0.0,penalty_10000,10000.0
2019-03-21 20:00:00,11.119466490575695,0.0,0.0,0.0,0.0,penalty_10000,10000.0
2019-03-21 21:00:00,10.858570736118377,0.0,0.0,0.0,0.0,penalty_10000,10000.0
2019-03-21 22:00:00,10.867325531598397,0.0,0.0,0.0,0.0,penalty_10000,10000.0
2019-03-21 23:00:00,9.900547697316386,0.0,0.0,0.0,0.0,penalty_10000,10000.0
2019-03-22 00:00:00,9.302224251837977,0.0,0.0,0.0,0.0,penalty_10000,10000.0
2019-03-22 01:00:00,8.85797800430977,0.0,0.0,0.0,0.0,penalty_10000,10000.0
2019-03-22 02:00:00,9.043994268595059,0.0,0.0,0.0,0.0,penalty_10000,10000.0
2019-03-22 03:00:00,10.758282420678283,0.0,0.0,0.0,0.0,penalty_10000,10000.0
2019-03-22 04:00:00,9.681561250769422,0.0,0.0,0.0,0.0,penalty_10000,10000.0
2019-03-22 05:00:00,10.959522750094019,0.0,0.0,0.0,0.0,penalty_10000,10000.0
2019-03-22 06:00:00,11.731556904405892,0.0,0.0,0.0,0.0,penalty_10000,10000.0
2019-03-22 07:00:00,10.853555059275418,0.0,0.0,0.0,0.0,penalty_10000,10000.0
2019-03-22 08:00:00,10.52339100998788,0.0,0.0,0.0,0.0,penalty_10000,10000.0
2019-03-22 09:00:00,10.371959432457325,0.0,0.0,0.0,0.0,penalty_10000,10000.0
2019-03-22 10:00:00,9.578894153519778,0.0,0.0,0.0,0.0,penalty_10000,10000.0
2019-03-22 11:00:00,-438.46504593725365,100.185623,0.0,0.0,417.8,penalty_10000,10000.0
2019-03-22 12:00:00,-583.266079043236,2135.162441,0.0,0.0,417.8,penalty_10000,10000.0
2019-03-22 13:00:00,-756.473632704695,2400.472842,0.0,0.0,255.5,penalty_10000,10000.0
2019-03-22 14:00:00,-744.8114413902156,3028.945218,0.0,0.0,255.5,penalty_10000,10000.0
2019-03-22 15:00:00,-746.3051688372002,2879.352258,0.0,0.0,292.886943,penalty_10000,10000.0
2019-03-22 16:00:00,-744.0459524044888,1894.647938,0.0,0.0,262.908568,penalty_10000,10000.0
2019-03-22 17:00:00,-572.0246201709635,1774.501887,0.0,0.0,417.8,penalty_10000,10000.0
2019-03-22 18:00:00,-456.9327705418556,1140.687681,0.0,0.0,417.8,penalty_10000,10000.0
2019-03-22 19:00:00,-146.91644690594063,854.378584,0.0,0.0,42.0,penalty_10000,10000.0
2019-03-22 20:00:00,-160.13144591295782,1225.388794,0.0,0.0,42.0,penalty_10000,10000.0
2019-03-22 21:00:00,-167.2485672415744,1628.888536,0.0,0.0,42.0,penalty_10000,10000.0
2019-03-22 22:00:00,-198.8451242734995,1646.203962,0.0,0.0,42.0,penalty_10000,10000.0
2019-03-22 23:00:00,-217.24124184481613,1660.177842,0.0,0.0,42.0,penalty_10000,10000.0
2019-03-23 00:00:00,-222.58600471761366,1679.937772,0.0,0.0,42.0,penalty_10000,10000.0
2019-03-23 01:00:00,-224.72108778847098,1545.073421,0.0,0.0,42.0,penalty_10000,10000.0
2019-03-23 02:00:00,-229.6986276115722,1376.387547,0.0,0.0,42.0,penalty_10000,10000.0
2019-03-23 03:00:00,-222.9198239164977,1164.581197,0.0,0.0,42.0,penalty_10000,10000.0
2019-03-23 04:00:00,-220.8546641012538,1003.715362,0.0,0.0,42.0,penalty_10000,10000.0
2019-03-23 05:00:00,-222.32845152786805,937.235232,0.0,0.0,42.0,penalty_10000,10000.0
2019-03-23 06:00:00,-207.5891357298411,305.552327,0.0,0.0,42.0,penalty_10000,10000.0
2019-03-23 07:00:00,11.591473202721419,0.0,0.0,0.0,0.0,penalty_10000,10000.0
2019-03-23 08:00:00,10.177879374617238,0.0,0.0,0.0,0.0,penalty_10000,10000.0
2019-03-23 09:00:00,-169.33956805756975,289.43242,0.0,0.0,42.0,penalty_10000,10000.0
2019-03-23 10:00:00,-166.6868359175949,53.84002,0.0,0.0,387.3,penalty_10000,10000.0
2019-03-23 11:00:00,-258.6474939033281,98.542612,0.0,0.0,417.8,penalty_10000,10000.0
2019-03-23 12:00:00,-597.5163464172743,816.007171,0.0,0.0,155.96672,penalty_10000,10000.0
2019-03-23 13:00:00,-454.11488431847135,1599.888755,0.0,0.0,255.5,penalty_10000,10000.0
2019-03-23 14:00:00,-785.017028682324,2017.022402,0.0,0.0,255.5,penalty_10000,10000.0
2019-03-23 15:00:00,-596.4225369865385,2024.354286,0.0,0.0,255.5,penalty_10000,10000.0
2019-03-23 16:00:00,-616.9388561993565,1345.310824,0.0,0.0,255.5,penalty_10000,10000.0
2019-03-23 17:00:00,-604.5384852159335,329.354145,0.0,0.0,255.5,penalty_10000,10000.0
2019-03-23 18:00:00,9.846978356707636,0.0,0.0,0.0,0.0,penalty_10000,10000.0
2019-03-23 19:00:00,10.491979040736751,0.0,0.0,0.0,0.0,penalty_10000,10000.0
2019-03-23 20:00:00,10.834911327847145,0.0,0.0,0.0,0.0,penalty_10000,10000.0
2019-03-23 21:00:00,10.221548403638804,0.0,0.0,0.0,0.0,penalty_10000,10000.0
2019-03-23 22:00:00,10.203160166884185,0.0,0.0,0.0,0.0,penalty_10000,10000.0
2019-03-23 23:00:00,8.91614199386277,0.0,0.0,0.0,0.0,penalty_10000,10000.0
2019-03-24 00:00:00,9.799695457626752,0.0,0.0,0.0,0.0,penalty_10000,10000.0
2019-03-24 01:00:00,10.635309975801103,0.0,0.0,0.0,0.0,penalty_10000,10000.0
2019-03-24 02:00:00,10.40958179126036,0.0,0.0,0.0,0.0,penalty_10000,10000.0
2019-03-24 03:00:00,10.128729673721168,0.0,0.0,0.0,0.0,penalty_10000,10000.0
2019-03-24 04:00:00,10.514604105696234,0.0,0.0,0.0,0.0,penalty_10000,10000.0
2019-03-24 05:00:00,10.532773786988942,0.0,0.0,0.0,0.0,penalty_10000,10000.0
2019-03-24 06:00:00,10.324107355080294,0.0,0.0,0.0,0.0,penalty_10000,10000.0
2019-03-24 07:00:00,11.701233483889474,0.0,0.0,0.0,0.0,penalty_10000,10000.0
2019-03-24 08:00:00,11.105945733639004,0.0,0.0,0.0,0.0,penalty_10000,10000.0
2019-03-24 09:00:00,11.07879651216419,0.0,0.0,0.0,0.0,penalty_10000,10000.0
2019-03-24 10:00:00,9.285802484110928,0.0,0.0,0.0,0.0,penalty_10000,10000.0
2019-03-24 11:00:00,9.975226411501493,0.0,0.0,0.0,0.0,penalty_10000,10000.0
2019-03-24 12:00:00,-409.66342188056706,655.378867,0.0,0.0,255.5,penalty_10000,10000.0
2019-03-24 13:00:00,-427.240376280456,1446.288163,0.0,0.0,255.5,penalty_10000,10000.0
2019-03-24 14:00:00,-420.04465524485624,1452.443642,0.0,0.0,255.5,penalty_10000,10000.0
2019-03-24 15:00:00,-390.70952363958645,1279.259612,0.0,0.0,255.5,penalty_10000,10000.0
2019-03-24 16:00:00,-385.5477935880186,756.727348,0.0,0.0,130.5,penalty_10000,10000.0
2019-03-24 17:00:00,-381.3179921219807,169.169995,0.0,0.0,130.5,penalty_10000,10000.0
2019-03-24 18:00:00,12.944635717960441,0.0,0.0,0.0,0.0,penalty_10000,10000.0
2019-03-24 19:00:00,13.841404732136544,0.0,0.0,0.0,0.0,penalty_10000,10000.0
2019-03-24 20:00:00,17.73590122974973,0.0,0.0,0.0,0.0,penalty_10000,10000.0
2019-03-24 21:00:00,11.09948149860613,0.0,0.0,0.0,0.0,penalty_10000,10000.0
2019-03-24 22:00:00,11.646497917704638,0.0,0.0,0.0,0.0,penalty_10000,10000.0
2019-03-24 23:00:00,10.226687278575312,0.0,0.0,0.0,0.0,penalty_10000,10000.0
2019-03-25 00:00:00,10.05297261492398,0.0,0.0,0.0,0.0,penalty_10000,10000.0
2019-03-25 01:00:00,9.920164848673094,0.0,0.0,0.0,0.0,penalty_10000,10000.0
2019-03-25 02:00:00,10.076678,0.0,0.0,0.0,0.0,penalty_10000,10000.0
2019-03-25 03:00:00,10.397816649257429,0.0,0.0,0.0,0.0,penalty_10000,10000.0
2019-03-25 04:00:00,10.396033065817914,0.0,0.0,0.0,0.0,penalty_10000,10000.0
2019-03-25 05:00:00,11.39048961679165,0.0,0.0,0.0,0.0,penalty_10000,10000.0
2019-03-25 06:00:00,11.047132673844985,0.0,0.0,0.0,0.0,penalty_10000,10000.0
2019-03-25 07:00:00,10.577009801267595,0.0,0.0,0.0,0.0,penalty_10000,10000.0
2019-03-25 08:00:00,10.208056166563917,0.0,0.0,0.0,0.0,penalty_10000,10000.0
2019-03-25 09:00:00,-140.41248056644147,37.697803,0.0,0.0,42.0,penalty_10000,10000.0
2019-03-25 10:00:00,9.638697444502984,0.0,0.0,0.0,0.0,penalty_10000,10000.0
2019-03-25 11:00:00,-139.9290437181644,649.571308,0.0,0.0,387.3,penalty_10000,10000.0
2019-03-25 12:00:00,-521.0338194603007,1272.72781,0.0,0.0,130.5,penalty_10000,10000.0
2019-03-25 13:00:00,-371.5083618236242,1178.341022,0.0,0.0,255.5,penalty_10000,10000.0
2019-03-25 14:00:00,-636.6630966206078,1747.692068,0.0,0.0,255.5,penalty_10000,10000.0
2019-03-25 15:00:00,-492.45437120084574,1749.924927,0.0,0.0,255.5,penalty_10000,10000.0
2019-03-25 16:00:00,-495.1687208569989,1018.931173,0.0,0.0,255.5,penalty_10000,10000.0
2019-03-25 17:00:00,-504.3555170342026,529.124127,0.0,0.0,255.5,penalty_10000,10000.0
2019-03-25 18:00:00,8.24335913595357,0.0,0.0,0.0,58.0,penalty_10000,10000.0
2019-03-25 19:00:00,10.753573581206107,0.0,0.0,0.0,0.0,penalty_10000,10000.0
2019-03-25 20:00:00,11.142112251879997,0.0,0.0,0.0,0.0,penalty_10000,10000.0
2019-03-25 21:00:00,9.832679622364255,0.0,0.0,0.0,0.0,penalty_10000,10000.0
2019-03-25 22:00:00,10.640164565561365,0.0,0.0,0.0,0.0,penalty_10000,10000.0
2019-03-25 23:00:00,9.977824004168149,0.0,0.0,0.0,0.0,penalty_10000,10000.0
2019-03-26 00:00:00,10.345572519136466,0.0,0.0,0.0,0.0,penalty_10000,10000.0
2019-03-26 01:00:00,10.980592,0.0,0.0,0.0,0.0,penalty_10000,10000.0
2019-03-26 02:00:00,10.306456,0.0,0.0,0.0,0.0,penalty_10000,10000.0
2019-03-26 03:00:00,10.021830319713194,0.0,0.0,0.0,0.0,penalty_10000,10000.0
2019-03-26 04:00:00,8.882635038168953,0.0,0.0,0.0,0.0,penalty_10000,10000.0
2019-03-26 05:00:00,11.588595340339808,0.0,0.0,0.0,0.0,penalty_10000,10000.0
2019-03-26 06:00:00,11.671990245402121,0.0,0.0,0.0,0.0,penalty_10000,10000.0
2019-03-26 07:00:00,11.72474355060511,0.0,0.0,0.0,0.0,penalty_10000,10000.0
2019-03-26 08:00:00,12.267923573397717,0.0,0.0,0.0,0.0,penalty_10000,10000.0
2019-03-26 09:00:00,11.517575360077084,0.0,0.0,0.0,0.0,penalty_10000,10000.0
2019-03-26 10:00:00,9.772591268735535,0.0,0.0,0.0,0.0,penalty_10000,10000.0
2019-03-26 11:00:00,-14.512787425952132,0.0,0.0,0.0,220.3,penalty_10000,10000.0
2019-03-26 12:00:00,-394.37522056558737,319.430261,0.0,0.0,255.5,penalty_10000,10000.0
2019-03-26 13:00:00,-717.2309617693055,1666.299756,0.0,0.0,255.5,penalty_10000,10000.0
2019-03-26 14:00:00,-710.5237348481381,1647.260731,0.0,0.0,255.5,penalty_10000,10000.0
2019-03-26 15:00:00,-543.2574448053724,1721.063599,0.0,0.0,359.728053,penalty_10000,10000.0
2019-03-26 16:00:00,-539.7960557818152,1318.221798,0.0,0.0,271.059943,penalty_10000,10000.0
2019-03-26 17:00:00,-539.9815985656764,1337.616751,0.0,0.0,295.936545,penalty_10000,10000.0
2019-03-26 18:00:00,-445.1166827611998,1239.639885,0.0,0.0,417.8,penalty_10000,10000.0
2019-03-26 19:00:00,-140.5325104818589,1132.14837,0.0,0.0,42.0,penalty_10000,10000.0
2019-03-26 20:00:00,-143.61636965976825,1009.669165,0.0,0.0,42.0,penalty_10000,10000.0
2019-03-26 21:00:00,-163.09377408962857,822.354658,0.0,0.0,42.0,penalty_10000,10000.0
2019-03-26 22:00:00,-171.38144679542643,305.196068,0.0,0.0,42.0,penalty_10000,10000.0
2019-03-26 23:00:00,-219.79657131797208,364.64584,0.0,0.0,42.0,penalty_10000,10000.0
2019-03-27 00:00:00,-194.7209465505825,419.112769,0.0,0.0,42.0,penalty_10000,10000.0
2019-03-27 01:00:00,-198.85596680142768,452.960201,0.0,0.0,42.0,penalty_10000,10000.0
2019-03-27 02:00:00,-226.6153306136867,223.459197,0.0,0.0,42.0,penalty_10000,10000.0
2019-03-27 03:00:00,-30.6509685253194,0.0,0.0,0.0,0.0,penalty_10000,10000.0
2019-03-27 04:00:00,11.698718859742455,0.0,0.0,0.0,0.0,penalty_10000,10000.0
2019-03-27 05:00:00,12.12145784159321,0.0,0.0,0.0,0.0,penalty_10000,10000.0
2019-03-27 06:00:00,13.287630852557657,0.0,0.0,0.0,0.0,penalty_10000,10000.0
2019-03-27 07:00:00,12.434356999999999,0.0,0.0,0.0,0.0,penalty_10000,10000.0
2019-03-27 08:00:00,-44.82167066811765,42.792767,0.0,0.0,0.0,penalty_10000,10000.0
2019-03-27 09:00:00,-148.25748533605014,1370.332076,0.0,0.0,42.0,penalty_10000,10000.0
2019-03-27 10:00:00,-156.86678033026925,752.132395,0.0,0.0,387.3,penalty_10000,10000.0
2019-03-27 11:00:00,-316.728963378826,1831.803438,0.0,0.0,100.0,penalty_10000,10000.0
2019-03-27 12:00:00,-304.7723245799538,2787.31433,0.0,0.0,210.108139,penalty_10000,10000.0
2019-03-27 13:00:00,-717.0441822095678,2435.559791,0.0,0.0,255.5,penalty_10000,10000.0
2019-03-27 14:00:00,-711.9867609780587,3074.470035,0.0,0.0,255.5,penalty_10000,10000.0
2019-03-27 15:00:00,-708.4174026854159,2913.353243,0.0,0.0,255.5,penalty_10000,10000.0
2019-03-27 16:00:00,-540.9564933101552,1968.939358,0.0,0.0,255.5,penalty_10000,10000.0
2019-03-27 17:00:00,-543.5432880171272,1922.02463,0.0,0.0,255.5,penalty_10000,10000.0
2019-03-27 18:00:00,-141.06933207676778,1396.713411,0.0,0.0,100.0,penalty_10000,10000.0
2019-03-27 19:00:00,-141.89714158972532,1105.571641,0.0,0.0,42.0,penalty_10000,10000.0
2019-03-27 20:00:00,-145.75734413154086,1213.936105,0.0,0.0,42.0,penalty_10000,10000.0
2019-03-27 21:00:00,-191.5214175037776,1678.277111,0.0,0.0,42.0,penalty_10000,10000.0
2019-03-27 22:00:00,-199.80778623124644,1732.454709,0.0,0.0,42.0,penalty_10000,10000.0
2019-03-27 23:00:00,-217.32374642176504,1756.8424,0.0,0.0,42.0,penalty_10000,10000.0
2019-03-28 00:00:00,-222.86903467551784,1769.918152,0.0,0.0,100.0,penalty_10000,10000.0
2019-03-28 01:00:00,-224.33113096722496,1678.273538,0.0,0.0,262.3,penalty_10000,10000.0
2019-03-28 02:00:00,-227.57483109106593,1711.585053,0.0,0.0,262.3,penalty_10000,10000.0
2019-03-28 03:00:00,-225.62260928407608,1316.317866,0.0,0.0,262.3,penalty_10000,10000.0
2019-03-28 04:00:00,-206.33978627490447,902.252415,0.0,0.0,100.0,penalty_10000,10000.0
2019-03-28 05:00:00,-167.54174582986414,777.395747,0.0,0.0,42.0,penalty_10000,10000.0
2019-03-28 06:00:00,-161.8690869371442,618.526124,0.0,0.0,42.0,penalty_10000,10000.0
2019-03-28 07:00:00,-161.9368808360444,357.817299,0.0,0.0,42.0,penalty_10000,10000.0
2019-03-28 08:00:00,-160.56051019375778,838.659695,0.0,0.0,42.0,penalty_10000,10000.0
2019-03-28 09:00:00,-150.09714463599937,1584.868799,0.0,0.0,86.366071,penalty_10000,10000.0
2019-03-28 10:00:00,-161.9053394234653,647.567915,0.0,0.0,387.3,penalty_10000,10000.0
2019-03-28 11:00:00,-373.9593618349187,1589.259963,0.0,0.0,417.8,penalty_10000,10000.0
2019-03-28 12:00:00,-165.441891110544,1791.322791,0.0,0.0,417.8,penalty_10000,10000.0
2019-03-28 13:00:00,-570.2918454354431,1036.514709,0.0,0.0,417.8,penalty_10000,10000.0
2019-03-28 14:00:00,-568.8000769788598,1494.129869,0.0,0.0,375.558138,penalty_10000,10000.0
2019-03-28 15:00:00,-157.9921689139887,1312.059062,0.0,0.0,237.381322,penalty_10000,10000.0
2019-03-28 16:00:00,-144.50960495246076,799.226259,0.0,0.0,359.098193,penalty_10000,10000.0
2019-03-28 17:00:00,-142.86500256931748,1310.453765,0.0,0.0,42.0,penalty_10000,10000.0
2019-03-28 18:00:00,-143.65923631688557,1021.256637,0.0,0.0,42.0,penalty_10000,10000.0
2019-03-28 19:00:00,-142.16147281189612,776.910913,0.0,0.0,42.0,penalty_10000,10000.0
2019-03-28 20:00:00,-146.2482076004352,797.765832,0.0,0.0,42.0,penalty_10000,10000.0
2019-03-28 21:00:00,-160.67137206956718,1056.750357,0.0,0.0,42.0,penalty_10000,10000.0
2019-03-28 22:00:00,-198.34797736474434,1024.713468,0.0,0.0,42.0,penalty_10000,10000.0
2019-03-28 23:00:00,-208.51740004637657,1037.157038,0.0,0.0,42.0,penalty_10000,10000.0
2019-03-29 00:00:00,-226.4484130604025,1041.062772,0.0,0.0,92.185569,penalty_10000,10000.0
2019-03-29 01:00:00,-228.8855423473211,956.752592,0.0,0.0,262.3,penalty_10000,10000.0
2019-03-29 02:00:00,-229.8113469959748,874.253672,0.0,0.0,100.0,penalty_10000,10000.0
2019-03-29 03:00:00,-224.37002110085902,760.932024,0.0,0.0,42.0,penalty_10000,10000.0
2019-03-29 04:00:00,-210.4438828685942,375.053512,0.0,0.0,42.0,penalty_10000,10000.0
2019-03-29 05:00:00,6.399753583762219,0.0,0.0,0.0,0.0,penalty_10000,10000.0
2019-03-29 06:00:00,8.226372493714159,0.0,0.0,0.0,0.0,penalty_10000,10000.0
2019-03-29 07:00:00,9.191344838638784,0.0,0.0,0.0,0.0,penalty_10000,10000.0
2019-03-29 08:00:00,8.815941785836989,0.0,0.0,0.0,0.0,penalty_10000,10000.0
2019-03-29 09:00:00,-151.07708856157663,765.652812,0.0,0.0,42.0,penalty_10000,10000.0
2019-03-29 10:00:00,6.532267258218719,0.0,0.0,0.0,58.0,penalty_10000,10000.0
2019-03-29 11:00:00,-469.4154187912302,891.566802,0.0,0.0,417.8,penalty_10000,10000.0
2019-03-29 12:00:00,-582.1306058560403,2035.708439,0.0,0.0,417.8,penalty_10000,10000.0
2019-03-29 13:00:00,-746.304288828044,1789.337543,0.0,0.0,257.004671,penalty_10000,10000.0
2019-03-29 14:00:00,-750.5149059115839,1717.799751,0.0,0.0,341.175011,penalty_10000,10000.0
2019-03-29 15:00:00,-419.43238213827806,1394.359405,0.0,0.0,336.851644,penalty_10000,10000.0
2019-03-29 16:00:00,-403.4638023151456,945.839805,0.0,0.0,255.5,penalty_10000,10000.0
2019-03-29 17:00:00,-400.86655798962073,322.49281,0.0,0.0,107.509854,penalty_10000,10000.0
2019-03-29 18:00:00,9.09001795900533,0.0,0.0,0.0,0.0,penalty_10000,10000.0
2019-03-29 19:00:00,10.33840593402431,0.0,0.0,0.0,0.0,penalty_10000,10000.0
2019-03-29 20:00:00,10.355635859671988,0.0,0.0,0.0,0.0,penalty_10000,10000.0
2019-03-29 21:00:00,9.184257466103666,0.0,0.0,0.0,0.0,penalty_10000,10000.0
2019-03-29 22:00:00,-201.79411248355441,304.378094,0.0,0.0,42.0,penalty_10000,10000.0
2019-03-29 23:00:00,-207.33913034270267,533.133244,0.0,0.0,42.0,penalty_10000,10000.0
2019-03-30 00:00:00,-221.4329651155505,1537.33063,0.0,0.0,42.0,penalty_10000,10000.0
2019-03-30 01:00:00,-224.5568055619238,1619.337003,0.0,0.0,42.0,penalty_10000,10000.0
2019-03-30 02:00:00,-229.40995451951963,15.908714,0.0,0.0,42.0,penalty_10000,10000.0
2019-03-30 03:00:00,6.769403,0.0,0.0,0.0,0.0,penalty_10000,10000.0
2019-03-30 04:00:00,6.327332554732913,0.0,0.0,0.0,0.0,penalty_10000,10000.0
2019-03-30 05:00:00,9.301265895032264,0.0,0.0,0.0,0.0,penalty_10000,10000.0
2019-03-30 06:00:00,-180.25951707365087,1071.651324,0.0,0.0,42.0,penalty_10000,10000.0
2019-03-30 07:00:00,9.356998297336448,0.0,0.0,0.0,0.0,penalty_10000,10000.0
2019-03-30 08:00:00,10.315308679591071,0.0,0.0,0.0,0.0,penalty_10000,10000.0
2019-03-30 09:00:00,8.002352427686844,0.0,0.0,0.0,0.0,penalty_10000,10000.0
2019-03-30 10:00:00,75.3850105249475,119.10742,0.0,0.0,365.800677,penalty_10000,10000.0
2019-03-30 11:00:00,-404.00258058186023,375.706395,0.0,0.0,130.5,penalty_10000,10000.0
2019-03-30 12:00:00,-406.6480256941653,1125.615956,0.0,0.0,130.5,penalty_10000,10000.0
2019-03-30 13:00:00,-404.45684610322627,1799.752321,0.0,0.0,130.5,penalty_10000,10000.0
2019-03-30 14:00:00,-587.8404989031998,3026.154943,0.0,0.0,255.5,penalty_10000,10000.0
2019-03-30 15:00:00,-595.6463361292965,3027.455748,0.0,0.0,255.5,penalty_10000,10000.0
2019-03-30 16:00:00,-599.5960186334082,2038.954085,0.0,0.0,130.5,penalty_10000,10000.0
2019-03-30 17:00:00,-613.070672802358,2142.923511,0.0,0.0,255.5,penalty_10000,10000.0
2019-03-30 18:00:00,-586.9424277074056,1439.559138,0.0,0.0,255.5,penalty_10000,10000.0
2019-03-30 19:00:00,-160.61618627718954,1066.60815,0.0,0.0,42.0,penalty_10000,10000.0
2019-03-30 20:00:00,-164.40853300537108,1101.611964,0.0,0.0,42.0,penalty_10000,10000.0
2019-03-30 21:00:00,-177.37374804510839,1514.515409,0.0,0.0,42.0,penalty_10000,10000.0
2019-03-30 22:00:00,-213.34015629460959,1461.012094,0.0,0.0,42.0,penalty_10000,10000.0
2019-03-30 23:00:00,-218.93875029093337,491.908233,0.0,0.0,42.0,penalty_10000,10000.0
2019-03-31 00:00:00,9.99691986869006,0.0,0.0,0.0,0.0,penalty_10000,10000.0
2019-03-31 01:00:00,10.835993051174153,0.0,0.0,0.0,0.0,penalty_10000,10000.0
2019-03-31 02:00:00,10.77484550649067,0.0,0.0,0.0,0.0,penalty_10000,10000.0
2019-03-31 03:00:00,10.622106049675503,0.0,0.0,0.0,0.0,penalty_10000,10000.0
2019-03-31 04:00:00,10.165234829415503,0.0,0.0,0.0,0.0,penalty_10000,10000.0
2019-03-31 05:00:00,20.86280176415852,0.0,0.0,0.0,0.0,penalty_10000,10000.0
2019-03-31 06:00:00,11.234903963618056,0.0,0.0,0.0,0.0,penalty_10000,10000.0
2019-03-31 07:00:00,12.4189916716168,0.0,0.0,0.0,0.0,penalty_10000,10000.0
2019-03-31 08:00:00,12.863978000010889,0.0,0.0,0.0,0.0,penalty_10000,10000.0
2019-03-31 09:00:00,12.65171881557812,0.0,0.0,0.0,0.0,penalty_10000,10000.0
2019-03-31 10:00:00,11.829226208275424,0.0,0.0,0.0,0.0,penalty_10000,10000.0
2019-03-31 11:00:00,-392.74656696722803,205.413353,0.0,0.0,255.5,penalty_10000,10000.0
2019-03-31 12:00:00,-401.7566503297837,815.828686,0.0,0.0,88.5,penalty_10000,10000.0
2019-03-31 13:00:00,-405.6169535119907,1200.983718,0.0,0.0,213.5,penalty_10000,10000.0
2019-03-31 14:00:00,-755.8641807650092,1603.75028,0.0,0.0,255.5,penalty_10000,10000.0
2019-03-31 15:00:00,-585.56212403052,2021.727834,0.0,0.0,255.5,penalty_10000,10000.0
2019-03-31 16:00:00,-417.0416384014915,1344.894044,0.0,0.0,255.5,penalty_10000,10000.0
2019-03-31 17:00:00,-577.9443638275305,1197.744701,0.0,0.0,255.5,penalty_10000,10000.0
2019-03-31 18:00:00,-148.53817402464745,600.15074,0.0,0.0,225.257813,penalty_10000,10000.0
2019-03-31 19:00:00,-149.63764036507695,603.535589,0.0,0.0,42.0,penalty_10000,10000.0
2019-03-31 20:00:00,14.43502747649797,0.0,0.0,0.0,0.0,penalty_10000,10000.0
2019-03-31 21:00:00,12.922854823602659,0.0,0.0,0.0,0.0,penalty_10000,10000.0
2019-03-31 22:00:00,13.943940404217406,0.0,0.0,0.0,0.0,penalty_10000,10000.0
2019-03-31 23:00:00,12.459959403681196,0.0,0.0,0.0,0.0,penalty_10000,10000.0
