Date,Hour,TotalCosts,FixedCosts,VariableCosts,LoadShedding,OverGeneration,ReserveShortfall,RenewablesUsed,RenewablesCurtailment,Demand,Price
2035-01-01,0,311890.902022,185125.695342,126765.20668,0.0,0.0,0.0,7084.69,0.0,25898.575193,12.042782
2035-01-01,1,290649.75039,169530.791274,121118.959115,0.0,0.0,0.0,8213.48,0.0,26123.177155,11.126126
2035-01-01,2,282122.067874,167669.300529,114452.767345,0.0,0.0,0.0,8678.61,0.0,26187.229094,10.773269
2035-01-01,3,275481.01504,167669.300529,107811.714511,0.0,0.0,0.0,9038.32,0.0,26236.06636,10.500088
2035-01-01,4,273373.120957,180445.091801,92928.029155,0.0,0.0,0.0,9310.06,0.0,26387.695771,10.359871
2035-01-01,5,273510.784695,172269.133915,101241.65078,0.0,0.0,0.0,10132.13,0.0,26741.518905,10.227945
2035-01-01,6,271303.5169,172262.603937,99040.912963,0.0,0.0,0.0,10640.52,0.0,27121.491659,10.003267
2035-01-01,7,265101.375983,172262.603937,92838.772046,0.0,0.0,0.0,11102.49,0.0,27295.55141,9.712256
2035-01-01,8,281167.616649,172262.603937,108905.012712,0.0,0.0,0.0,10313.64,0.0,27270.896722,10.310171
2035-01-01,9,294155.003705,172262.603937,121892.399768,0.0,0.0,0.0,9766.04,0.0,27325.528738,10.764842
2035-01-01,10,275912.132371,228189.827401,47722.304969,0.0,0.0,0.0,11394.56,0.0,27593.13559,9.999303
2035-01-01,11,330174.957257,164931.611122,165243.346135,0.0,10.195732,0.0,11582.54,0.0,27479.618855,12.015267
2035-01-01,12,318535.765319,156997.495882,161538.269436,0.0,769.802941,0.0,12554.74,0.0,27238.749777,11.694214
2035-01-01,13,291060.545952,156997.495882,134063.050069,0.0,762.575322,0.0,13638.88,0.0,27244.323422,10.683346
2035-01-01,14,304754.97552,156997.495882,147757.479637,0.0,688.536712,0.0,13198.1,0.0,27438.560531,11.106814
2035-01-01,15,330171.22737,164006.089794,166165.137576,0.0,521.992199,0.0,12547.12,0.0,27949.786124,11.813014
2035-01-01,16,373802.37999,163993.354155,209809.025835,0.0,102.196061,0.0,11336.75,0.0,29035.163083,12.874127
2035-01-01,17,355563.742735,251310.889484,104252.853251,0.0,0.0,0.0,9771.29,0.0,30132.015208,11.800198
2035-01-01,18,363548.931159,194283.602517,169265.328641,0.0,0.0,0.0,8638.62,0.0,29959.624572,12.134629
2035-01-01,19,389367.547671,198274.38257,191093.165101,0.0,0.0,0.0,7169.14,0.0,29601.709752,13.153549
2035-01-01,20,367209.054941,198272.283417,168936.771525,0.0,0.0,0.0,7724.21,0.0,29193.924318,12.57827
2035-01-01,21,369177.384918,198272.283417,170905.101501,0.0,0.0,0.0,7142.44,0.0,28687.701086,12.868838
2035-01-01,22,379584.349982,198272.283417,181312.066565,0.0,0.0,0.0,6021.61,0.0,27969.480211,13.571377
2035-01-01,23,360304.24996,198272.283417,162031.966544,0.0,0.0,0.0,6104.6,0.0,27230.779417,13.231507
2035-01-02,0,349154.368573,204333.668059,144820.700514,0.0,0.0,0.0,6087.56,0.0,26649.081513,13.101929
2035-01-02,1,334812.926802,202637.395584,132175.531218,0.0,0.0,0.0,6466.59,0.0,26423.281205,12.671134
2035-01-02,2,338048.213898,202637.395584,135410.818314,0.0,0.0,0.0,6196.74,0.0,26313.819586,12.846794
2035-01-02,3,338343.809574,202637.395584,135706.413989,0.0,0.0,0.0,6383.79,0.0,26540.758864,12.748083
2035-01-02,4,349315.990107,216638.215409,132677.774698,0.0,0.0,0.0,6570.16,0.0,27208.679577,12.838403
2035-01-02,5,372916.144483,210656.38598,162259.758503,0.0,0.0,0.0,6470.76,0.0,28019.746202,13.309048
2035-01-02,6,374804.231049,210656.38598,164147.845069,0.0,0.0,0.0,6431.3,0.0,28067.187439,13.353822
2035-01-02,7,379950.095435,212194.232394,167755.863042,0.0,0.0,0.0,6556.88,0.0,28413.15139,13.372332
2035-01-02,8,432265.74332,222585.375679,209680.367641,0.0,0.0,0.0,5219.46,0.0,29363.888998,14.720998
2035-01-02,9,473308.064509,225451.286842,247856.777667,0.0,0.0,0.0,4689.01,0.0,30602.011424,15.466567
2035-01-02,10,459937.111228,226666.715102,233270.396125,0.0,0.0,0.0,6234.09,0.0,31579.42098,14.564457
2035-01-02,11,502971.505511,246662.147286,256309.358224,0.0,0.0,0.0,5270.36,0.0,32380.90868,15.532965
2035-01-02,12,510345.691844,283997.098976,226348.592868,0.0,0.0,0.0,5812.75,0.0,32942.180909,15.492165
2035-01-02,13,542301.267402,209767.167158,332534.100243,0.0,130.225904,0.0,6632.78,0.0,33356.54517,16.257717
2035-01-02,14,543451.625386,216171.711647,327279.913739,0.0,277.242745,0.0,6997.16,0.0,33640.456529,16.154704
2035-01-02,15,548214.373869,216440.42955,331773.944319,0.0,157.429415,0.0,6828.09,0.0,33810.270188,16.214433
2035-01-02,16,527876.150565,270837.131052,257039.019513,0.0,0.0,0.0,6265.85,0.0,33932.825201,15.556505
2035-01-02,17,551074.658205,260358.148391,290716.509814,0.0,0.0,0.0,4657.98,0.0,33901.411361,16.255213
2035-01-02,18,555454.336863,246683.329503,308771.00736,0.0,0.0,0.0,3219.11,0.0,32742.05793,16.964552
2035-01-02,19,555778.61305,246681.236516,309097.376534,0.0,0.0,0.0,2255.55,0.0,31801.810315,17.47632
2035-01-02,20,529651.236445,246681.236516,282969.99993,0.0,0.0,0.0,2438.49,0.0,30906.835972,17.137026
2035-01-02,21,505691.138105,245588.155219,260102.982887,0.0,0.0,0.0,2779.23,0.0,30220.261092,16.733513
2035-01-02,22,480308.339725,242801.887291,237506.452434,0.0,0.0,0.0,3132.81,0.0,29445.569765,16.311735
2035-01-02,23,493220.290184,244372.887408,248847.402776,0.0,0.0,0.0,1837.47,0.0,28720.84181,17.172905
2035-01-03,0,488316.140167,251932.233051,236383.907116,0.0,0.0,0.0,1374.76,0.0,28073.751917,17.394046
2035-01-03,1,478587.791898,241331.710734,237256.081163,0.0,0.0,0.0,1471.6,0.0,27769.781992,17.234121
2035-01-03,2,478961.476779,241331.710734,237629.766044,0.0,0.0,0.0,1295.07,0.0,27613.71069,17.34506
2035-01-03,3,478336.827019,241331.710734,237005.116285,0.0,0.0,0.0,1388.99,0.0,27689.330372,17.275132
2035-01-03,4,492050.988804,239284.842992,252766.145812,0.0,0.0,0.0,1635.36,0.0,28162.468465,17.47187
2035-01-03,5,525042.758842,248576.536021,276466.222821,0.0,0.0,0.0,907.71,0.0,28601.416178,18.357229
2035-01-03,6,514137.021969,248563.380747,265573.641222,0.0,0.0,0.0,1124.77,0.0,28402.692603,18.1017
2035-01-03,7,496834.151717,242771.335895,254062.815821,0.0,0.0,0.0,2369.69,0.0,28783.821096,17.260882
2035-01-03,8,483593.661655,242771.335895,240822.32576,0.0,0.0,0.0,2947.48,0.0,28794.46139,16.794676
2035-01-03,9,450202.65703,238668.599837,211534.057194,0.0,0.0,0.0,4134.39,0.0,28532.356452,15.778671
2035-01-03,10,380949.024975,284196.362369,96752.662606,0.0,0.0,0.0,7407.55,0.0,28467.33651,13.381969
2035-01-03,11,388584.037188,209385.935561,179198.101627,0.0,70.479952,0.0,10230.24,0.0,28286.486522,13.737444
2035-01-03,12,345979.680669,204448.221524,141531.459145,0.0,807.598288,0.0,12259.68,0.0,27905.266236,12.398365
2035-01-03,13,298312.181823,178536.791337,119775.390486,0.0,1467.695691,0.0,14500.31,0.0,27579.143488,10.816586
2035-01-03,14,295360.516228,168797.414111,126563.102118,0.0,1420.685656,0.0,14263.94,0.0,27317.678452,10.812065
2035-01-03,15,307074.425824,182390.187703,124684.238122,0.0,1209.716619,0.0,13705.07,0.0,27427.429572,11.195888
2035-01-03,16,333605.838447,193622.228393,139983.610054,0.0,883.564307,0.0,12873.42,0.0,28109.789094,11.867959
2035-01-03,17,408484.607074,221225.309808,187259.297265,0.0,76.941,0.0,9675.94,0.0,28972.521444,14.099035
2035-01-03,18,436325.38007,296354.194195,139971.185875,0.0,0.0,0.0,5768.68,0.0,29297.264944,14.893041
2035-01-03,19,514122.900487,258096.258269,256026.642218,0.0,0.0,0.0,2104.34,0.0,29403.124311,17.485315
2035-01-03,20,508692.539524,249390.291056,259302.248467,0.0,0.0,0.0,2214.94,0.0,29369.712459,17.320311
2035-01-03,21,499836.839192,247873.750369,251963.088823,0.0,0.0,0.0,2675.31,0.0,29453.049982,16.970631
2035-01-03,22,485241.315302,237751.879868,247489.435434,0.0,0.0,0.0,3080.42,0.0,29228.801696,16.601478
2035-01-03,23,474877.345268,229611.347283,245265.997986,0.0,0.0,0.0,3072.71,0.0,28868.092731,16.449904
2035-01-04,0,457461.530039,239016.609263,218444.920776,0.0,0.0,0.0,3213.76,0.0,28561.432503,16.016757
2035-01-04,1,446473.464564,216658.451862,229815.012702,0.0,0.0,0.0,3666.83,0.0,28643.012346,15.587518
2035-01-04,2,441745.492063,216658.451862,225087.0402,0.0,0.0,0.0,3943.99,0.0,28717.390819,15.382508
2035-01-04,3,441039.817014,216658.451862,224381.365152,0.0,0.0,0.0,4456.0,0.0,29208.779571,15.099563
2035-01-04,4,443832.304569,224939.838118,218892.466451,0.0,0.0,0.0,4938.14,0.0,29813.170426,14.887122
2035-01-04,5,477480.981875,229251.42621,248229.555665,0.0,0.0,0.0,4636.55,0.0,30620.935557,15.593285
2035-01-04,6,490061.190427,229245.412256,260815.778171,0.0,0.0,0.0,4455.68,0.0,30987.926634,15.814585
2035-01-04,7,490721.780648,228028.265023,262693.515626,0.0,0.0,0.0,4572.74,0.0,31137.694192,15.759734
2035-01-04,8,483168.05102,228028.265023,255139.785997,0.0,0.0,0.0,4308.53,0.0,30544.717799,15.818383
2035-01-04,9,442205.875197,228028.265023,214177.610174,0.0,0.0,0.0,4251.52,0.0,28715.56236,15.39952
2035-01-04,10,373061.7289,199789.384266,173272.344634,0.0,0.0,0.0,6009.58,0.0,27240.250123,13.695239
2035-01-04,11,330148.16936,245377.307137,84770.862223,0.0,0.0,0.0,6972.49,0.0,25955.636073,12.71971
2035-01-04,12,353448.383375,155449.604165,197998.77921,0.0,327.816688,0.0,8585.51,0.0,24850.00271,14.223273
2035-01-04,13,292209.256205,142335.313681,149873.942523,0.0,925.782712,0.0,10465.25,0.0,24194.092646,12.077711
2035-01-04,14,297680.09262,130005.436513,167674.656107,0.0,813.304059,0.0,9612.25,0.0,23775.433534,12.520491
2035-01-04,15,299754.812723,132904.331009,166850.481714,0.0,506.754146,0.0,8540.21,0.0,23837.11012,12.575132
2035-01-04,16,293163.120673,204229.80378,88933.316893,0.0,0.0,0.0,7076.65,0.0,24177.688275,12.125358
2035-01-04,17,345703.812173,188855.271564,156848.540609,0.0,0.0,0.0,4953.15,0.0,24880.49042,13.894574
2035-01-04,18,411919.952955,219490.596328,192429.356627,0.0,0.0,0.0,3113.72,0.0,25972.214283,15.860024
2035-01-04,19,465022.423054,219475.124908,245547.298146,0.0,0.0,0.0,1349.6,0.0,26503.636094,17.545609
2035-01-04,20,464012.914544,219475.124908,244537.789636,0.0,0.0,0.0,1753.25,0.0,26867.674954,17.270304
2035-01-04,21,452324.872803,218257.977675,234066.895128,0.0,0.0,0.0,2575.83,0.0,27190.192082,16.635589
2035-01-04,22,426642.858325,221493.186519,205149.671806,0.0,0.0,0.0,3540.86,0.0,27192.241208,15.689875
2035-01-04,23,413539.176392,205720.282501,207818.893891,0.0,0.0,0.0,3884.96,0.0,27062.872242,15.280683
2035-01-05,0,402543.706549,215126.138839,187417.56771,0.0,0.0,0.0,4151.51,0.0,27126.716342,14.839382
2035-01-05,1,401885.759708,213931.054942,187954.704766,0.0,0.0,0.0,4453.42,0.0,27510.057609,14.608685
2035-01-05,2,411439.011489,208449.262117,202989.749372,0.0,0.0,0.0,4460.07,0.0,27929.875111,14.731144
2035-01-05,3,427425.052511,216664.350475,210760.702036,0.0,0.0,0.0,4592.27,0.0,28752.784218,14.865519
2035-01-05,4,447156.70216,228736.114713,218420.587447,0.0,0.0,0.0,4618.81,0.0,29626.936805,15.09291
2035-01-05,5,475274.798206,239367.79441,235907.003796,0.0,0.0,0.0,4354.56,0.0,30584.097761,15.539932
2035-01-05,6,505436.328166,248288.002448,257148.325718,0.0,0.0,0.0,3983.12,0.0,31505.750426,16.042669
2035-01-05,7,530494.381302,249584.54939,280909.831911,0.0,0.0,0.0,3695.07,0.0,32297.135846,16.425431
2035-01-05,8,535683.434711,249582.576212,286100.8585,0.0,0.0,0.0,2741.18,0.0,31560.64203,16.973148
2035-01-05,9,487401.276175,249582.576212,237818.699963,0.0,0.0,0.0,2405.91,0.0,29146.577005,16.722419
2035-01-05,10,403070.073921,217957.258408,185112.815512,0.0,0.0,0.0,3746.81,0.0,26845.820319,15.014258
2035-01-05,11,343157.619925,193164.500398,149993.119527,0.0,0.0,0.0,4761.8,0.0,25027.308374,13.711327
2035-01-05,12,300354.458783,233110.168822,67244.289961,0.0,0.0,0.0,6136.05,0.0,23770.65063,12.635517
2035-01-05,13,315079.914158,174392.355573,140687.558585,0.0,243.427218,0.0,7407.24,0.0,23024.920054,13.6843
2035-01-05,14,302790.217865,163378.61477,139411.603095,0.0,360.49266,0.0,7964.16,0.0,22660.187802,13.362211
2035-01-05,15,297973.23492,156449.769998,141523.464923,0.0,222.142186,0.0,8030.07,0.0,22729.14528,13.109742
2035-01-05,16,256904.336662,215407.474089,41496.862573,0.0,0.0,0.0,7765.86,0.0,23255.767953,11.046908
2035-01-05,17,299868.261687,172909.141991,126959.119696,0.0,0.0,0.0,6047.92,0.0,24024.84251,12.481591
2035-01-05,18,351222.40487,188696.299939,162526.104931,0.0,0.0,0.0,4669.66,0.0,24873.587003,14.120296
2035-01-05,19,381850.204467,188684.772951,193165.431516,0.0,0.0,0.0,3453.74,0.0,24991.026677,15.279492
2035-01-05,20,358273.490399,185817.669133,172455.821266,0.0,0.0,0.0,4369.95,0.0,24897.271042,14.390071
2035-01-05,21,330574.276787,183547.655076,147026.621711,0.0,0.0,0.0,5733.02,0.0,25058.689565,13.192002
2035-01-05,22,308227.09023,166019.026843,142208.063387,0.0,0.0,0.0,6617.96,0.0,24962.810935,12.347451
2035-01-05,23,297637.919504,177227.716667,120410.202837,0.0,0.0,0.0,6854.3,0.0,24868.605031,11.96842
2035-01-06,0,280513.920139,161413.628551,119100.291589,0.0,0.0,0.0,7125.13,0.0,24639.838673,11.384568
2035-01-06,1,275962.66248,146545.387755,129417.274725,0.0,0.0,0.0,7375.5,0.0,24731.513287,11.158341
2035-01-06,2,284249.985923,158083.284465,126166.701458,0.0,0.0,0.0,7188.17,0.0,24933.380466,11.400379
2035-01-06,3,299338.606385,170440.088993,128898.517392,0.0,0.0,0.0,7090.7,0.0,25564.191058,11.709293
2035-01-06,4,318829.816478,182085.301516,136744.514962,0.0,0.0,0.0,6960.75,0.0,26168.726481,12.18362
2035-01-06,5,320654.004699,167640.542998,153013.461701,0.0,0.0,0.0,8090.3,0.0,26590.375866,12.059025
2035-01-06,6,313083.548393,167369.814738,145713.733656,0.0,0.0,0.0,9063.24,0.0,27238.518793,11.494147
2035-01-06,7,317138.98673,176002.253706,141136.733025,0.0,0.0,0.0,9491.24,0.0,27832.780221,11.394442
2035-01-06,8,306886.16745,170637.334388,136248.833063,0.0,0.0,0.0,9640.47,0.0,27523.492478,11.149972
2035-01-06,9,285408.979975,158455.844483,126953.135492,0.0,0.0,0.0,9217.62,0.0,26161.412436,10.90954
2035-01-06,10,226170.675751,156596.171021,69574.50473,0.0,0.0,0.0,10178.11,0.0,24456.533745,9.247863
2035-01-06,11,220026.270915,193000.974953,27025.295962,0.0,0.0,0.0,10355.85,0.0,23491.960037,9.366024
2035-01-06,12,258703.797188,107576.410611,151127.386577,0.0,142.869546,0.0,11566.79,0.0,22834.753617,11.329389
2035-01-06,13,234694.849256,106908.803172,127786.046084,0.0,823.178597,0.0,13642.84,0.0,22642.646883,10.365168
2035-01-06,14,232221.185378,95430.933312,136790.252066,0.0,856.066074,0.0,13656.39,0.0,22619.721825,10.266315
2035-01-06,15,243129.891459,105540.638387,137589.253072,0.0,773.802643,0.0,13459.89,0.0,22898.532282,10.617706
2035-01-06,16,254045.693093,105324.035023,148721.658069,0.0,652.542594,0.0,13368.06,0.0,23501.190379,10.809907
2035-01-06,17,276692.212185,226981.379668,49710.832518,0.0,0.0,0.0,10982.58,0.0,24194.093149,11.436354
2035-01-06,18,320687.888111,186286.832857,134401.055254,0.0,0.0,0.0,9167.5,0.0,24827.753898,12.916508
2035-01-06,19,386916.023891,186280.544882,200635.479009,0.0,0.0,0.0,6344.59,0.0,24862.972261,15.561938
2035-01-06,20,320390.428256,186280.544882,134109.883374,0.0,0.0,0.0,9000.73,0.0,24648.213918,12.998525
2035-01-06,21,229857.325708,155463.75525,74393.570458,0.0,0.0,0.0,12513.53,0.0,24218.874418,9.490834
2035-01-06,22,171463.462649,130660.475603,40802.987046,0.0,0.0,0.0,14348.58,0.0,23463.40001,7.307699
2035-01-06,23,151512.377347,117140.475205,34371.902142,0.0,0.0,0.0,14194.6,0.0,22551.273653,6.718573
2035-01-07,0,136998.327492,104414.802121,32583.525371,0.0,0.0,0.0,14123.76,0.0,21898.697286,6.256004
2035-01-07,1,134659.583481,106886.467971,27773.115511,0.0,0.0,0.0,13743.69,0.0,21474.814099,6.270582
2035-01-07,2,144601.563049,106884.308378,37717.254672,0.0,0.0,0.0,13088.85,0.0,21345.902236,6.774207
2035-01-07,3,161313.191092,120343.519621,40969.671471,0.0,0.0,0.0,12306.41,0.0,21450.929196,7.520103
2035-01-07,4,184896.813638,138597.151857,46299.661781,0.0,0.0,0.0,11452.66,0.0,21767.57108,8.494141
2035-01-07,5,222032.067299,149588.931461,72443.135837,0.0,0.0,0.0,11233.51,0.0,22668.68593,9.79466
2035-01-07,6,268031.125155,158632.889814,109398.235341,0.0,0.0,0.0,10464.46,0.0,23921.252723,11.204728
2035-01-07,7,308342.475592,175985.167035,132357.308557,0.0,0.0,0.0,9285.43,0.0,24506.395466,12.582123
2035-01-07,8,343911.483929,190325.976435,153585.507494,0.0,0.0,0.0,7749.03,0.0,24517.228465,14.027339
2035-01-07,9,361538.964058,190320.025396,171218.938662,0.0,0.0,0.0,6866.23,0.0,24397.658502,14.818593
2035-01-07,10,334979.897067,190157.027173,144822.869894,0.0,0.0,0.0,7950.26,0.0,24319.99992,13.773844
2035-01-07,11,322704.044374,254663.819102,68040.225272,0.0,0.0,0.0,8649.8,0.0,24133.579119,13.371578
2035-01-07,12,339017.288609,148604.544833,190412.743776,0.0,630.583336,0.0,10086.9,0.0,24060.436145,14.090239
2035-01-07,13,308395.193439,120298.220113,188096.973326,0.0,1288.038529,0.0,12403.05,0.0,24255.225213,12.714588
2035-01-07,14,317951.094402,121816.837738,196134.256664,0.0,1271.755833,0.0,12043.04,0.0,24383.175919,13.039774
2035-01-07,15,335730.087479,158025.549573,177704.537906,0.0,1105.730283,0.0,11328.3,0.0,24419.745963,13.748304
2035-01-07,16,343575.246147,147854.365512,195720.880635,0.0,825.381458,0.0,10713.34,0.0,24479.041251,14.035486
2035-01-07,17,355857.108445,249424.874185,106432.23426,0.0,0.0,0.0,8118.19,0.0,24775.844824,14.363067
2035-01-07,18,419833.134191,222769.518289,197063.615902,0.0,0.0,0.0,5533.64,0.0,25450.748037,16.495905
2035-01-07,19,471991.429275,221495.077924,250496.351351,0.0,0.0,0.0,3184.79,0.0,25331.330734,18.632714
2035-01-07,20,444540.322728,221495.077924,223045.244804,0.0,0.0,0.0,3982.43,0.0,24972.431064,17.801243
2035-01-07,21,407422.987556,218511.147932,188911.839624,0.0,0.0,0.0,5137.98,0.0,24539.03796,16.603055
2035-01-07,22,365878.16787,191250.425861,174627.742009,0.0,0.0,0.0,6088.44,0.0,23716.907895,15.426892
2035-01-07,23,355567.103904,189444.180607,166122.923297,0.0,0.0,0.0,5719.86,0.0,22904.810353,15.523687
2035-01-08,0,331012.205648,212553.422148,118458.7835,0.0,0.0,0.0,5634.64,0.0,22265.600705,14.866529
2035-01-08,1,316956.664538,169042.59684,147914.067698,0.0,0.0,0.0,5665.18,0.0,21953.295474,14.437772
2035-01-08,2,330950.780074,178356.123871,152594.656204,0.0,0.0,0.0,5105.06,0.0,22002.616144,15.041429
2035-01-08,3,347763.58886,185950.235179,161813.353681,0.0,0.0,0.0,4668.34,0.0,22297.776093,15.596335
2035-01-08,4,367041.65702,199103.844663,167937.812357,0.0,0.0,0.0,4223.84,0.0,22687.316764,16.178275
2035-01-08,5,403378.461441,221499.524385,181878.937056,0.0,0.0,0.0,4016.65,0.0,24035.904516,16.782329
2035-01-08,6,447291.242211,230211.283777,217079.958433,0.0,0.0,0.0,3767.48,0.0,25679.598359,17.418156
2035-01-08,7,464609.89059,237642.449022,226967.441568,0.0,0.0,0.0,3600.3,0.0,26254.837088,17.696164
2035-01-08,8,485305.347806,237640.192547,247665.15526,0.0,0.0,0.0,2141.89,0.0,25680.418976,18.897875
2035-01-08,9,480362.648277,237640.192547,242722.45573,0.0,0.0,0.0,1519.45,0.0,24850.517558,19.330086
2035-01-08,10,439740.364912,237640.192547,202100.172366,0.0,0.0,0.0,2859.73,0.0,24447.765597,17.986935
2035-01-08,11,402528.827367,231723.603035,170805.224332,0.0,0.0,0.0,4056.39,0.0,24011.57721,16.763948
2035-01-08,12,374364.945753,247387.060412,126977.885341,0.0,0.0,0.0,5841.93,0.0,23697.836575,15.797431
2035-01-08,13,360352.534073,150123.154068,210229.380005,0.0,221.514065,0.0,7762.02,0.0,23597.26466,15.270945
2035-01-08,14,349923.315823,150123.154068,199800.161754,0.0,363.791618,0.0,8377.84,0.0,23660.389717,14.789415
2035-01-08,15,336319.654597,142686.359517,193633.29508,0.0,258.160736,0.0,9050.47,0.0,23903.537732,14.069869
2035-01-08,16,304022.720688,223765.236077,80257.48461,0.0,0.0,0.0,9669.15,0.0,24461.101723,12.428824
2035-01-08,17,359189.087361,203770.805771,155418.281589,0.0,0.0,0.0,7880.23,0.0,25359.538391,14.163865
2035-01-08,18,415147.640337,224263.657202,190883.983135,0.0,0.0,0.0,6199.73,0.0,26077.865279,15.919541
2035-01-08,19,465446.195765,224247.188859,241199.006906,0.0,0.0,0.0,4073.86,0.0,26108.068104,17.827677
2035-01-08,20,423769.237246,224247.188859,199522.048387,0.0,0.0,0.0,5572.11,0.0,25837.439297,16.401364
2035-01-08,21,352215.911369,199297.518741,152918.392628,0.0,0.0,0.0,8115.88,0.0,25297.404253,13.923006
2035-01-08,22,285479.334578,168231.325189,117248.009389,0.0,0.0,0.0,10072.72,0.0,24372.333314,11.713254
2035-01-08,23,258667.7538,150887.409838,107780.343962,0.0,0.0,0.0,10382.51,0.0,23512.846413,11.001125
2035-01-09,0,211270.804617,169100.055651,42170.748966,0.0,0.0,0.0,10534.67,0.0,23020.08153,9.177674
2035-01-09,1,168517.955365,113346.225089,55171.730275,0.0,0.0,0.0,10777.9,0.0,22911.187684,7.355269
2035-01-09,2,169724.727255,123746.86894,45977.858315,0.0,0.0,0.0,10764.9,0.0,22903.66288,7.410375
2035-01-09,3,172092.027188,116692.121324,55399.905864,0.0,0.0,0.0,10818.7,0.0,23122.73016,7.442548
2035-01-09,4,195389.269541,129196.612079,66192.657462,0.0,0.0,0.0,10454.57,0.0,23665.623325,8.256249
2035-01-09,5,234030.80161,154409.415957,79621.385653,0.0,0.0,0.0,9566.72,0.0,24625.609878,9.503554
2035-01-09,6,288365.298698,164439.900942,123925.397756,0.0,0.0,0.0,8543.26,0.0,26012.340201,11.085711
2035-01-09,7,321812.948999,174161.013168,147651.93583,0.0,0.0,0.0,7617.98,0.0,26553.33301,12.119494
2035-01-09,8,339084.61079,175374.316797,163710.293994,0.0,0.0,0.0,6815.43,0.0,26509.766298,12.790932
2035-01-09,9,350456.118328,175372.180751,175083.937577,0.0,0.0,0.0,6124.48,0.0,26311.750038,13.319377
2035-01-09,10,311854.799474,177095.059812,134759.739662,0.0,0.0,0.0,7454.17,0.0,25938.482727,12.022862
2035-01-09,11,299594.006986,239721.562897,59872.444089,0.0,0.0,0.0,7796.01,0.0,25332.715544,11.826368
2035-01-09,12,324737.985895,162633.981811,162104.004084,0.0,198.754095,0.0,9055.3,0.0,24642.890304,13.177756
2035-01-09,13,299601.814082,168020.29043,131581.523652,0.0,478.033673,0.0,10314.25,0.0,24249.71134,12.354861
2035-01-09,14,292315.792981,160315.237765,132000.555216,0.0,621.312821,0.0,10566.42,0.0,24041.528588,12.158786
2035-01-09,15,292260.281626,161715.499524,130544.782102,0.0,541.174325,0.0,10505.0,0.0,24046.102343,12.154164
2035-01-09,16,258438.940167,208555.615447,49883.32472,0.0,0.0,0.0,9112.39,0.0,24673.572264,10.474322
2035-01-09,17,309931.6005,179753.756945,130177.843555,0.0,0.0,0.0,7351.05,0.0,25822.67234,12.002305
2035-01-09,18,371277.169526,204311.716609,166965.452917,0.0,0.0,0.0,5776.47,0.0,26880.550839,13.812112
2035-01-09,19,416323.267634,204296.687788,212026.579846,0.0,0.0,0.0,4112.39,0.0,27189.52011,15.311902
2035-01-09,20,420989.579661,204296.687788,216692.891873,0.0,0.0,0.0,3876.56,0.0,27182.049269,15.487779
2035-01-09,21,415760.93944,204296.687788,211464.251652,0.0,0.0,0.0,3773.46,0.0,26862.181307,15.477557
2035-01-09,22,394835.898666,204296.687788,190539.210878,0.0,0.0,0.0,3902.6,0.0,26048.558197,15.157687
2035-01-09,23,397508.370364,204296.687788,193211.682577,0.0,0.0,0.0,3078.63,0.0,25360.999646,15.674002
2035-01-10,0,395645.567635,211414.194985,184231.37265,0.0,0.0,0.0,2572.26,0.0,25142.62881,15.736046
2035-01-10,1,398112.188963,209289.759745,188822.429218,0.0,0.0,0.0,2271.05,0.0,25122.077335,15.847105
2035-01-10,2,404439.909342,209289.759745,195150.149597,0.0,0.0,0.0,1991.39,0.0,25127.73291,16.09536
2035-01-10,3,417919.54225,209289.759745,208629.782506,0.0,0.0,0.0,1812.56,0.0,25556.62331,16.35269
2035-01-10,4,437502.310686,220066.852819,217435.457867,0.0,0.0,0.0,1682.58,0.0,26276.659329,16.649845
2035-01-10,5,460341.90668,239134.097955,221207.808725,0.0,0.0,0.0,1753.75,0.0,27330.324164,16.843631
2035-01-10,6,487908.646753,239126.05673,248782.590023,0.0,0.0,0.0,1877.94,0.0,28672.661104,17.016511
2035-01-10,7,493004.552582,239126.05673,253878.495853,0.0,0.0,0.0,2018.59,0.0,29036.480947,16.978798
2035-01-10,8,464313.972768,239126.05673,225187.916038,0.0,0.0,0.0,3032.46,0.0,28807.54491,16.11779
2035-01-10,9,417077.366239,215122.515211,201954.851028,0.0,0.0,0.0,4526.28,0.0,28255.624705,14.760862
2035-01-10,10,348718.443152,195688.957177,153029.485976,0.0,0.0,0.0,6866.83,0.0,27611.042662,12.629673
2035-01-10,11,330937.25656,188023.72815,142913.52841,0.0,0.0,0.0,6941.18,0.0,26906.059054,12.29973
2035-01-10,12,305533.335438,178410.747811,127122.587627,0.0,0.0,0.0,7342.53,0.0,26150.504411,11.68365
2035-01-10,13,266446.243948,145111.950843,121334.293106,0.0,0.0,0.0,8607.75,0.0,25592.477068,10.411116
2035-01-10,14,261806.827751,145111.950843,116694.876909,0.0,0.0,0.0,8439.38,0.0,25194.894292,10.391265
2035-01-10,15,266321.322509,145111.950843,121209.371667,0.0,0.0,0.0,8269.61,0.0,25233.253102,10.554379
2035-01-10,16,276017.874004,158085.457044,117932.41696,0.0,0.0,0.0,8475.25,0.0,25888.552775,10.661773
2035-01-10,17,314897.484714,178002.137481,136895.347232,0.0,0.0,0.0,7647.58,0.0,26843.703151,11.730777
2035-01-10,18,328849.27006,177996.07919,150853.190871,0.0,0.0,0.0,7625.98,0.0,27452.517293,11.978838
2035-01-10,19,335711.844417,177996.07919,157715.765228,0.0,0.0,0.0,7322.28,0.0,27439.885455,12.234448
2035-01-10,20,290849.650379,170436.18532,120413.465059,0.0,0.0,0.0,9105.58,0.0,27168.200056,10.705518
2035-01-10,21,234237.402276,172363.110562,61874.291714,0.0,0.0,0.0,11466.21,0.0,26667.933513,8.783485
2035-01-10,22,196927.562132,143858.937219,53068.624913,0.0,0.0,0.0,12343.19,0.0,25711.386011,7.659158
2035-01-10,23,185236.986957,126987.860011,58249.126946,0.0,0.0,0.0,11920.5,0.0,24815.068653,7.464698
2035-01-11,0,187446.941206,133392.4045,54054.536706,0.0,0.0,0.0,11222.89,0.0,24232.969061,7.735203
2035-01-11,1,197963.252557,136252.892877,61710.35968,0.0,0.0,0.0,10395.79,0.0,23961.371514,8.261766
2035-01-11,2,233767.017453,152127.495922,81639.521531,0.0,0.0,0.0,8350.47,0.0,23727.13605,9.852307
2035-01-11,3,276732.521972,159268.170407,117464.351565,0.0,0.0,0.0,6454.2,0.0,23824.220678,11.615596
2035-01-11,4,353519.149462,151404.687628,202114.461834,0.0,0.0,0.0,5006.98,0.0,24273.499086,14.563996
2035-01-11,5,345609.112377,164545.48232,181063.630056,0.0,0.0,0.0,5685.03,0.0,25054.167287,13.794476
2035-01-11,6,348316.350902,164541.243963,183775.106939,0.0,0.0,0.0,6481.11,0.0,26027.20112,13.382782
2035-01-11,7,343183.014114,173605.755924,169577.25819,0.0,0.0,0.0,7123.84,0.0,26463.784013,12.968025
2035-01-11,8,297602.054281,160456.829344,137145.224937,0.0,0.0,0.0,9218.76,0.0,26570.997332,11.200259
2035-01-11,9,291064.287439,164507.246435,126557.041004,0.0,0.0,0.0,9697.14,0.0,26754.295887,10.879161
2035-01-11,10,258073.174981,164505.185256,93567.989725,0.0,0.0,0.0,11315.34,0.0,26908.356292,9.590819
2035-01-11,11,274275.049451,229766.035638,44509.013813,0.0,0.0,0.0,11584.37,0.0,26647.502487,10.292711
2035-01-11,12,298774.270158,169038.704659,129735.565498,0.0,500.798731,0.0,12611.49,0.0,26328.655826,11.347874
2035-01-11,13,265380.416663,167328.82064,98051.596023,0.0,1153.289645,0.0,14572.01,0.0,26253.139606,10.108521
2035-01-11,14,271748.294522,166977.899615,104770.394907,0.0,1177.871348,0.0,14282.05,0.0,26241.105695,10.355825
2035-01-11,15,283924.765951,169566.927281,114357.83867,0.0,1085.436776,0.0,13800.15,0.0,26353.807376,10.773577
2035-01-11,16,305115.044052,176881.050062,128233.99399,0.0,967.341543,0.0,13417.51,0.0,26931.753556,11.329193
2035-01-11,17,359874.025079,201514.617306,158359.407774,0.0,34.273983,0.0,10844.96,0.0,27590.053635,13.043615
2035-01-11,18,349073.752891,263452.246329,85621.506562,0.0,0.0,0.0,8552.09,0.0,27497.575359,12.69471
2035-01-11,19,385828.911572,204645.759709,181183.151864,0.0,0.0,0.0,6098.28,0.0,27047.493594,14.264867
2035-01-11,20,346249.203285,184071.661408,162177.541877,0.0,0.0,0.0,7251.26,0.0,26556.007875,13.038451
2035-01-11,21,290162.118419,163885.80619,126276.312229,0.0,0.0,0.0,9061.13,0.0,25946.053258,11.183285
2035-01-11,22,244961.909901,144588.669123,100373.240778,0.0,0.0,0.0,10110.62,0.0,24993.664966,9.80096
2035-01-11,23,240577.74323,131322.580173,109255.163057,0.0,0.0,0.0,9489.95,0.0,24112.397526,9.977346
2035-01-12,0,236289.13435,165660.784691,70628.349659,0.0,0.0,0.0,8382.85,0.0,23448.334803,10.077011
2035-01-12,1,254956.099632,156315.419397,98640.680235,0.0,0.0,0.0,7030.1,0.0,23186.965278,10.995665
2035-01-12,2,287676.82536,172266.888859,115409.936501,0.0,0.0,0.0,5297.4,0.0,22916.740774,12.55313
2035-01-12,3,306672.499469,166595.18678,140077.312689,0.0,0.0,0.0,4598.1,0.0,22984.672591,13.342478
2035-01-12,4,295134.832738,166595.18678,128539.645957,0.0,0.0,0.0,5460.93,0.0,23352.438494,12.638288
2035-01-12,5,266037.985462,154904.986159,111132.999303,0.0,0.0,0.0,7639.72,0.0,23922.254847,11.120941
2035-01-12,6,214368.48041,142396.131564,71972.348846,0.0,0.0,0.0,10759.19,0.0,24614.651573,8.708979
2035-01-12,7,230377.983412,143774.270001,86603.713411,0.0,0.0,0.0,10796.04,0.0,25423.002457,9.061793
2035-01-12,8,254576.723665,155596.443355,98980.28031,0.0,0.0,0.0,9735.18,0.0,25501.285199,9.982898
2035-01-12,9,267160.887969,146560.720935,120600.167033,0.0,0.0,0.0,8882.94,0.0,25222.283588,10.592256
2035-01-12,10,243193.876159,140153.695931,103040.180228,0.0,0.0,0.0,9650.42,0.0,24931.620477,9.754435
2035-01-12,11,244944.120453,166108.485194,78835.635259,0.0,0.0,0.0,9486.61,0.0,24805.051961,9.874767
2035-01-12,12,237105.715337,203137.405865,33968.309473,0.0,0.0,0.0,10272.67,0.0,24502.969282,9.676612
2035-01-12,13,265139.480067,92126.291887,173013.18818,0.0,490.32195,0.0,13263.89,0.0,24420.252347,10.85736
2035-01-12,14,282837.690976,110557.560727,172280.130249,0.0,251.884883,0.0,12488.03,0.0,24556.712178,11.517734
2035-01-12,15,252844.944395,176240.903361,76604.041034,0.0,0.0,0.0,11693.49,0.0,25042.352345,10.096693
2035-01-12,16,272793.656405,148542.279622,124251.376783,0.0,0.0,0.0,11513.73,0.0,25852.351205,10.551986
2035-01-12,17,347568.79123,213041.835725,134526.955506,0.0,0.0,0.0,8603.29,0.0,26688.936765,13.022954
2035-01-12,18,423879.204342,231272.446878,192606.757464,0.0,0.0,0.0,5748.76,0.0,27270.813546,15.543328
2035-01-12,19,497359.091649,231247.977529,266111.11412,0.0,0.0,0.0,2523.99,0.0,27199.895128,18.285331
2035-01-12,20,485514.196206,231247.977529,254266.218677,0.0,0.0,0.0,2809.64,0.0,26989.272095,17.989155
2035-01-12,21,456867.710226,231247.977529,225619.732697,0.0,0.0,0.0,3843.1,0.0,26803.578487,17.045027
2035-01-12,22,423366.312657,218159.091537,205207.221121,0.0,0.0,0.0,5013.89,0.0,26546.476699,15.948117
2035-01-12,23,425101.712049,217357.783216,207743.928832,0.0,0.0,0.0,4529.69,0.0,26137.822174,16.263854
2035-01-13,0,421323.740713,247942.167202,173381.573511,0.0,0.0,0.0,4237.54,0.0,25833.134544,16.309432
2035-01-13,1,417845.030343,238335.977037,179509.053306,0.0,0.0,0.0,3888.0,0.0,25838.644346,16.171322
2035-01-13,2,419218.315177,238332.463462,180885.851715,0.0,0.0,0.0,3724.35,0.0,25860.527965,16.210741
2035-01-13,3,429703.170532,236526.218208,193176.952324,0.0,0.0,0.0,3594.01,0.0,26193.641063,16.404866
2035-01-13,4,440117.814092,240745.472896,199372.341197,0.0,0.0,0.0,3552.17,0.0,26598.639778,16.546629
2035-01-13,5,451957.908198,257352.239842,194605.668356,0.0,0.0,0.0,3563.22,0.0,27093.132014,16.681641
2035-01-13,6,471104.044568,245252.898632,225851.145936,0.0,0.0,0.0,3629.76,0.0,27630.369722,17.050226
2035-01-13,7,481059.427091,245252.898632,235806.528459,0.0,0.0,0.0,3827.79,0.0,28256.953493,17.024462
2035-01-13,8,480361.091863,245252.898632,235108.193231,0.0,0.0,0.0,3909.15,0.0,28308.302198,16.968912
2035-01-13,9,469110.658999,245252.898632,223857.760367,0.0,0.0,0.0,4212.89,0.0,28127.486505,16.678016
2035-01-13,10,400801.947809,238490.485531,162311.462277,0.0,0.0,0.0,6390.59,0.0,27327.29257,14.666727
2035-01-13,11,373040.768905,264001.043326,109039.725579,0.0,0.0,0.0,7202.53,0.0,26723.764053,13.95914
2035-01-13,12,392200.709481,186120.811645,206079.897835,0.0,510.607405,0.0,8633.21,0.0,26096.375829,15.028934
2035-01-13,13,370114.49515,179423.884214,190690.610935,0.0,1086.804149,0.0,10000.65,0.0,25833.337529,14.32701
2035-01-13,14,371533.432471,179423.884214,192109.548257,0.0,1275.667645,0.0,10113.6,0.0,25850.969863,14.372127
2035-01-13,15,389974.001679,179423.884214,210550.117465,0.0,1179.909448,0.0,9692.28,0.0,26293.344827,14.831662
2035-01-13,16,432868.420788,192783.304787,240085.116002,0.0,870.48701,0.0,8726.1,0.0,27485.182817,15.749156
2035-01-13,17,485745.33934,194327.435909,291417.903431,0.0,39.89953,0.0,7008.75,0.0,28785.776387,16.874492
2035-01-13,18,487027.919491,289134.724646,197893.194845,0.0,0.0,0.0,5293.5,0.0,29726.603091,16.383571
2035-01-13,19,522298.056866,255238.261235,267059.795631,0.0,0.0,0.0,3476.24,0.0,29865.505857,17.488338
2035-01-13,20,527663.201405,242056.153335,285607.04807,0.0,0.0,0.0,3209.33,0.0,29838.567677,17.683932
2035-01-13,21,523277.824584,243833.82401,279444.000574,0.0,0.0,0.0,2972.83,0.0,29413.971448,17.790111
2035-01-13,22,509176.637518,243831.699674,265344.937844,0.0,0.0,0.0,2717.78,0.0,28569.46391,17.822408
2035-01-13,23,494055.875929,243831.699674,250224.176255,0.0,0.0,0.0,2650.61,0.0,27859.442532,17.733875
2035-01-14,0,483676.829794,273040.611661,210636.218133,0.0,0.0,0.0,2567.22,0.0,27327.904799,17.699009
2035-01-14,1,471969.986353,243629.833807,228340.152545,0.0,0.0,0.0,2600.8,0.0,27070.876738,17.434603
2035-01-14,2,470874.779737,243627.960661,227246.819075,0.0,0.0,0.0,2510.39,0.0,26984.875554,17.449581
2035-01-14,3,473623.819547,243627.960661,229995.858885,0.0,0.0,0.0,2546.0,0.0,27139.0513,17.451746
2035-01-14,4,486222.298859,243627.960661,242594.338197,0.0,0.0,0.0,2578.87,0.0,27712.877379,17.544995
2035-01-14,5,520455.537321,251345.630128,269109.907193,0.0,0.0,0.0,2328.98,0.0,28905.097093,18.005666
2035-01-14,6,554392.988382,251339.561845,303053.426537,0.0,0.0,0.0,2130.72,0.0,30133.651584,18.397803
2035-01-14,7,565102.40121,251339.561845,313762.839366,0.0,0.0,0.0,2005.72,0.0,30449.346808,18.558769
2035-01-14,8,561896.173796,251339.561845,310556.611951,0.0,0.0,0.0,1941.95,0.0,30253.882305,18.572696
2035-01-14,9,550563.582126,251339.561845,299224.020281,0.0,0.0,0.0,2186.24,0.0,30032.379434,18.332333
2035-01-14,10,487959.399734,245606.551148,242352.848586,0.0,0.0,0.0,4216.25,0.0,29419.155534,16.586452
2035-01-14,11,445133.286272,242659.329129,202473.957143,0.0,0.0,0.0,5399.45,0.0,28749.049005,15.483409
2035-01-14,12,406965.981676,247693.961946,159272.01973,0.0,0.0,0.0,6917.09,0.0,27863.363419,14.605774
2035-01-14,13,395487.857309,174796.442613,220691.414697,0.0,426.199098,0.0,8134.83,0.0,27206.825092,14.536347
2035-01-14,14,413818.292167,174796.442613,239021.849555,0.0,557.83188,0.0,8142.03,0.0,26864.56323,15.403872
2035-01-14,15,400938.265491,174796.442613,226141.822878,0.0,410.574274,0.0,7624.33,0.0,26919.041084,14.894225
2035-01-14,16,436610.239275,186419.801352,250190.437923,0.0,150.646973,0.0,6697.63,0.0,27909.869274,15.643579
2035-01-14,17,487794.937605,267226.024227,220568.913378,0.0,0.0,0.0,5124.33,0.0,29517.243608,16.525762
2035-01-14,18,541601.262642,232267.220636,309334.042006,0.0,0.0,0.0,3572.25,0.0,30494.92961,17.760371
2035-01-14,19,580502.196101,229221.281718,351280.914384,0.0,0.0,0.0,2065.42,0.0,30549.267828,19.002164
2035-01-14,20,578432.664976,229221.281718,349211.383259,0.0,0.0,0.0,2021.26,0.0,30421.939467,19.013668
2035-01-14,21,558447.315436,229221.281718,329226.033719,0.0,0.0,0.0,2275.93,0.0,29872.911176,18.694104
2035-01-14,22,524884.256789,226536.205769,298348.051021,0.0,0.0,0.0,2638.72,0.0,28855.532734,18.190073
2035-01-14,23,502743.599411,223324.30028,279419.299131,0.0,0.0,0.0,2833.88,0.0,28128.806883,17.872909
2035-01-15,0,462678.131237,257992.977659,204685.153578,0.0,0.0,0.0,3086.5,0.0,27680.66613,16.714848
2035-01-15,1,425609.922495,233403.82174,192206.100754,0.0,0.0,0.0,3311.97,0.0,27332.804678,15.571396
2035-01-15,2,431265.169146,223831.135025,207434.034121,0.0,0.0,0.0,2858.18,0.0,27138.823509,15.891078
2035-01-15,3,439763.460575,223831.135025,215932.32555,0.0,0.0,0.0,2450.54,0.0,27115.370756,16.218235
2035-01-15,4,454066.255479,225402.135142,228664.120337,0.0,0.0,0.0,2092.52,0.0,27376.081727,16.58624
2035-01-15,5,476839.729856,236844.310913,239995.418943,0.0,0.0,0.0,2112.58,0.0,28380.727953,16.801533
2035-01-15,6,501516.685359,236835.968907,264680.716453,0.0,0.0,0.0,2175.54,0.0,29506.543673,16.996795
2035-01-15,7,506175.368534,236835.968907,269339.399628,0.0,0.0,0.0,2247.85,0.0,29775.301182,16.99984
2035-01-15,8,495174.286373,236835.968907,258338.317467,0.0,0.0,0.0,2187.31,0.0,29248.044491,16.930167
2035-01-15,9,475992.579487,236835.968907,239156.61058,0.0,0.0,0.0,2496.26,0.0,28727.913515,16.568992
2035-01-15,10,424335.235198,236835.968907,187499.266291,0.0,0.0,0.0,4593.91,0.0,28589.808485,14.842185
2035-01-15,11,384103.80967,273421.573829,110682.235841,0.0,0.0,0.0,6273.53,0.0,28131.317296,13.653957
2035-01-15,12,399944.015694,170002.235706,229941.779988,0.0,110.732353,0.0,8364.54,0.0,27556.125256,14.513797
2035-01-15,13,348206.996199,181106.390372,167100.605827,0.0,877.050703,0.0,10995.9,0.0,27286.655323,12.761073
2035-01-15,14,369081.208039,181100.01818,187981.189859,0.0,839.967478,0.0,10366.4,0.0,27185.654831,13.576322
2035-01-15,15,390512.591889,174213.146277,216299.445612,0.0,596.444418,0.0,9376.97,0.0,27381.324201,14.262005
2035-01-15,16,419894.32658,174484.015083,245410.311497,0.0,237.960381,0.0,8388.23,0.0,28017.70963,14.986747
2035-01-15,17,419961.844444,253569.873503,166391.970941,0.0,0.0,0.0,5959.58,0.0,28745.457218,14.609677
2035-01-15,18,467606.950604,229720.594135,237886.356469,0.0,0.0,0.0,3929.16,0.0,29139.186333,16.047358
2035-01-15,19,516718.729706,221011.691076,295707.038631,0.0,0.0,0.0,1825.48,0.0,29081.334369,17.768054
2035-01-15,20,488452.587098,227940.293441,260512.293657,0.0,0.0,0.0,2666.26,0.0,28763.088727,16.981924
2035-01-15,21,432469.188674,217815.917899,214653.270776,0.0,0.0,0.0,4337.97,0.0,28049.582812,15.418026
2035-01-15,22,373601.747136,185951.176492,187650.570645,0.0,0.0,0.0,5904.93,0.0,27079.37518,13.796542
2035-01-15,23,342016.852775,181045.784948,160971.067827,0.0,0.0,0.0,6339.3,0.0,26132.723646,13.087685
2035-01-16,0,308914.010877,191214.879427,117699.13145,0.0,0.0,0.0,6784.19,0.0,25489.889875,12.11908
2035-01-16,1,289649.939277,159527.946996,130121.992281,0.0,0.0,0.0,7276.01,0.0,25262.384489,11.465661
2035-01-16,2,298379.988981,159527.946996,138852.041985,0.0,0.0,0.0,6764.76,0.0,25170.044627,11.854567
2035-01-16,3,311968.46078,170437.962328,141530.498452,0.0,0.0,0.0,6407.95,0.0,25467.957843,12.249449
2035-01-16,4,332407.717022,195699.822863,136707.894159,0.0,0.0,0.0,6073.8,0.0,26028.067138,12.771126
2035-01-16,5,366444.146913,189069.374959,177374.771955,0.0,0.0,0.0,6106.11,0.0,27042.697847,13.550577
2035-01-16,6,390158.449609,194553.810217,195604.639392,0.0,0.0,0.0,6092.38,0.0,28072.375269,13.898306
2035-01-16,7,396354.545452,197423.74387,198930.801582,0.0,0.0,0.0,5984.45,0.0,28240.767373,14.034836
2035-01-16,8,395571.895762,197419.067845,198152.827917,0.0,0.0,0.0,5683.53,0.0,27908.873042,14.173696
2035-01-16,9,379606.326876,191930.632181,187675.694695,0.0,0.0,0.0,5988.01,0.0,27517.214677,13.795231
2035-01-16,10,322456.683391,183073.942885,139382.740506,0.0,0.0,0.0,7925.22,0.0,26951.973005,11.964122
2035-01-16,11,296510.040027,232977.556517,63532.483511,0.0,0.0,0.0,9063.49,0.0,26360.456032,11.248289
2035-01-16,12,325500.644224,138584.319293,186916.324931,0.0,141.193522,0.0,10511.66,0.0,25819.284416,12.606881
2035-01-16,13,285314.238088,126472.045931,158842.192157,0.0,831.354468,0.0,12340.14,0.0,25277.272153,11.287382
2035-01-16,14,282541.569971,115356.957159,167184.612812,0.0,924.98135,0.0,12476.99,0.0,24714.41992,11.432256
2035-01-16,15,280298.579373,115612.523954,164686.055418,0.0,878.323404,0.0,12201.05,0.0,24647.387424,11.372344
2035-01-16,16,293971.238448,120740.904258,173230.33419,0.0,390.631404,0.0,11663.44,0.0,25207.479353,11.662064
2035-01-16,17,295617.41074,217840.392734,77777.018006,0.0,0.0,0.0,9202.75,0.0,25983.28871,11.377213
2035-01-16,18,365580.78929,198748.530214,166832.259077,0.0,0.0,0.0,6148.31,0.0,26398.923729,13.848322
2035-01-16,19,433388.670477,198735.633598,234653.036879,0.0,0.0,0.0,3119.81,0.0,26290.940378,16.484335
2035-01-16,20,401909.368288,198735.633598,203173.73469,0.0,0.0,0.0,4042.76,0.0,25877.978721,15.530941
2035-01-16,21,350115.659636,184370.804658,165744.854978,0.0,0.0,0.0,5573.58,0.0,25170.790656,13.909601
2035-01-16,22,300286.598666,161909.78982,138376.808846,0.0,0.0,0.0,6624.5,0.0,24061.975227,12.479715
2035-01-16,23,270402.390983,155811.890534,114590.500449,0.0,0.0,0.0,6723.54,0.0,22986.482867,11.763539
2035-01-17,0,241110.472506,159791.334821,81319.137685,0.0,0.0,0.0,6821.92,0.0,22126.89957,10.896713
2035-01-17,1,224931.233179,129164.422539,95766.81064,0.0,0.0,0.0,6973.15,0.0,21679.148701,10.375464
2035-01-17,2,237558.744043,129164.422539,108394.321504,0.0,0.0,0.0,6082.06,0.0,21389.9006,11.106117
2035-01-17,3,243414.946652,135064.360372,108350.586279,0.0,0.0,0.0,5694.25,0.0,21459.602728,11.342938
2035-01-17,4,252781.449204,139324.653688,113456.795515,0.0,0.0,0.0,5553.96,0.0,21810.653984,11.589815
2035-01-17,5,276793.567311,163243.687569,113549.879741,0.0,0.0,0.0,5520.88,0.0,22642.449141,12.224542
2035-01-17,6,295658.919615,164501.118617,131157.800997,0.0,0.0,0.0,5527.87,0.0,23498.571936,12.581995
2035-01-17,7,297285.053569,164496.640686,132788.412884,0.0,0.0,0.0,5668.26,0.0,23714.570887,12.535966
2035-01-17,8,323652.794258,177912.040337,145740.753922,0.0,0.0,0.0,4238.37,0.0,23434.517635,13.810943
2035-01-17,9,326853.272173,177908.108552,148945.163621,0.0,0.0,0.0,3600.95,0.0,22923.938548,14.258164
2035-01-17,10,284999.866402,169978.433511,115021.432891,0.0,0.0,0.0,4816.38,0.0,22287.531862,12.787413
2035-01-17,11,261692.975714,169978.433511,91714.542203,0.0,0.0,0.0,5392.54,0.0,21829.444816,11.988073
2035-01-17,12,236890.312615,177617.159097,59273.153518,0.0,0.0,0.0,6808.68,0.0,21379.216726,11.080402
2035-01-17,13,260328.241943,155566.071454,104762.170489,0.0,345.692558,0.0,8754.25,0.0,21313.871806,12.214029
2035-01-17,14,264899.588935,149158.007022,115741.581913,0.0,415.483721,0.0,8090.7,0.0,21249.707506,12.466035
2035-01-17,15,289384.589974,155992.734084,133391.85589,0.0,216.736818,0.0,7226.75,0.0,21487.646475,13.467487
2035-01-17,16,270307.302105,219593.721664,50713.580441,0.0,0.0,0.0,6098.41,0.0,21941.480752,12.319465
2035-01-17,17,298404.2168,178700.956665,119703.260136,0.0,0.0,0.0,4315.14,0.0,22275.314031,13.396185
2035-01-17,18,336079.710139,186359.985238,149719.724901,0.0,0.0,0.0,3051.65,0.0,22719.578967,14.792515
2035-01-17,19,356935.42365,183490.704242,173444.719408,0.0,0.0,0.0,2320.27,0.0,22866.25523,15.609702
2035-01-17,20,344877.206378,183490.704242,161386.502136,0.0,0.0,0.0,2829.21,0.0,22883.774417,15.070818
2035-01-17,21,318108.37162,183490.704242,134617.667378,0.0,0.0,0.0,3941.93,0.0,22829.535867,13.934071
2035-01-17,22,275291.045881,162414.00735,112877.038532,0.0,0.0,0.0,5554.17,0.0,22479.562988,12.246281
2035-01-17,23,262074.219899,158882.596518,103191.623381,0.0,0.0,0.0,5523.13,0.0,21860.306006,11.988589
2035-01-18,0,238767.634045,140591.410678,98176.223368,0.0,0.0,0.0,6055.36,0.0,21592.932865,11.057675
2035-01-18,1,218745.92026,139205.76876,79540.1515,0.0,0.0,0.0,6925.1,0.0,21606.017885,10.124305
2035-01-18,2,211043.69032,127261.604371,83782.085949,0.0,0.0,0.0,7256.53,0.0,21565.271294,9.786276
2035-01-18,3,203789.603645,127261.604371,76527.999274,0.0,0.0,0.0,7862.09,0.0,21832.504339,9.334229
2035-01-18,4,206860.653027,125540.663527,81319.9895,0.0,0.0,0.0,8225.46,0.0,22367.672384,9.248198
2035-01-18,5,196485.811134,147988.575569,48497.235565,0.0,0.0,0.0,9673.36,0.0,23216.7474,8.463107
2035-01-18,6,205572.501794,120751.31119,84821.190604,0.0,0.0,0.0,10965.14,0.0,24132.652597,8.518438
2035-01-18,7,199223.283662,120749.406461,78473.877201,0.0,0.0,0.0,11529.87,0.0,24427.782698,8.155602
2035-01-18,8,213482.375247,140257.549269,73224.825978,0.0,0.0,0.0,10674.48,0.0,24258.802268,8.800203
2035-01-18,9,221615.013051,144515.5401,77099.472951,0.0,0.0,0.0,9760.87,0.0,23738.158017,9.335813
2035-01-18,10,181861.979453,132272.95538,49589.024073,0.0,0.0,0.0,10994.49,0.0,23101.90391,7.872164
2035-01-18,11,196036.490701,188706.865307,7329.625394,0.0,0.0,0.0,11554.52,0.0,22628.646337,8.6632
2035-01-18,12,239499.441353,87552.725155,151946.716197,0.0,803.681019,0.0,12931.19,0.0,22235.816464,10.770886
2035-01-18,13,204830.996711,89703.096648,115127.900062,0.0,1467.947137,0.0,14853.78,0.0,22112.653685,9.263067
2035-01-18,14,197021.311185,88887.108438,108134.202747,0.0,1523.764532,0.0,15215.96,0.0,22020.865833,8.947028
2035-01-18,15,199754.802656,86420.294619,113334.508037,0.0,1326.037775,0.0,14784.77,0.0,21944.195688,9.102854
2035-01-18,16,208650.98764,89168.119872,119482.867769,0.0,1063.059468,0.0,14220.32,0.0,22001.696295,9.483405
2035-01-18,17,243598.784509,94065.805307,149532.979203,0.0,362.426188,0.0,12272.86,0.0,22161.841929,10.991811
2035-01-18,18,238421.715173,217761.875647,20659.839526,0.0,0.0,0.0,10747.48,0.0,22440.997757,10.624381
2035-01-18,19,271534.449814,154468.437878,117066.011936,0.0,0.0,0.0,8512.55,0.0,22248.470684,12.204634
2035-01-18,20,228468.318878,145321.615603,83146.703274,0.0,0.0,0.0,10189.18,0.0,22038.465223,10.366798
2035-01-18,21,166482.219044,115785.355404,50696.86364,0.0,0.0,0.0,12618.72,0.0,21707.266539,7.669423
2035-01-18,22,134101.839057,102225.73543,31876.103627,0.0,0.0,0.0,13832.65,0.0,21377.963638,6.272901
2035-01-18,23,111288.164678,76091.71794,35196.446737,0.0,0.0,0.0,14514.28,0.0,20716.450173,5.371971
2035-01-19,0,104529.715435,83460.758836,21068.956599,0.0,0.0,0.0,14474.36,0.0,20111.156889,5.197598
2035-01-19,1,116939.846944,89750.180866,27189.666078,0.0,0.0,0.0,13529.56,0.0,19902.972609,5.875497
2035-01-19,2,122401.632905,100658.437427,21743.195477,0.0,0.0,0.0,13218.24,0.0,19972.43122,6.128529
2035-01-19,3,136292.95181,109973.075555,26319.876255,0.0,0.0,0.0,12878.14,0.0,20538.077965,6.63611
2035-01-19,4,302543.716853,174931.025166,127612.691687,0.0,0.0,0.0,5778.4,0.0,21314.417447,14.194323
2035-01-19,5,231498.107178,174905.090945,56593.016232,0.0,0.0,0.0,9882.1,0.0,22381.197145,10.343419
2035-01-19,6,264787.712251,176476.091062,88311.621189,0.0,0.0,0.0,9318.64,0.0,23305.569834,11.361564
2035-01-19,7,292563.802409,183157.05801,109406.744399,0.0,0.0,0.0,9150.15,0.0,24349.892596,12.014994
2035-01-19,8,325334.225924,184372.567429,140961.658495,0.0,0.0,0.0,8646.63,0.0,25283.472363,12.867466
2035-01-19,9,348477.083578,193683.958414,154793.125164,0.0,0.0,0.0,8340.23,0.0,25989.521583,13.408369
2035-01-19,10,361103.029162,200501.508933,160601.520228,0.0,0.0,0.0,8186.09,0.0,26385.261451,13.685786
2035-01-19,11,373768.861197,200497.199501,173271.661696,0.0,0.0,0.0,7734.73,0.0,26489.578215,14.110034
2035-01-19,12,358439.550624,217956.093703,140483.456921,0.0,0.0,0.0,8151.39,0.0,26199.549788,13.681134
2035-01-19,13,334674.155828,181008.925577,153665.230251,0.0,0.0,0.0,9013.83,0.0,25918.689107,12.912465
2035-01-19,14,329364.537797,200619.284325,128745.253473,0.0,0.0,0.0,9041.02,0.0,25820.205204,12.756077
2035-01-19,15,332137.071398,178884.131765,153252.939633,0.0,0.0,0.0,9015.24,0.0,25954.623378,12.796836
2035-01-19,16,343601.435608,180263.977102,163337.458505,0.0,0.0,0.0,8989.99,0.0,26429.126465,13.000862
2035-01-19,17,344623.681461,188610.399387,156013.282075,0.0,0.0,0.0,9579.36,0.0,27063.644233,12.733824
2035-01-19,18,403484.328686,230986.834976,172497.49371,0.0,0.0,0.0,7818.83,0.0,27826.389078,14.500061
2035-01-19,19,466776.100693,230963.952149,235812.148544,0.0,0.0,0.0,5036.79,0.0,27787.70791,16.797935
2035-01-19,20,452363.837142,230963.952149,221399.884993,0.0,0.0,0.0,5541.18,0.0,27678.840894,16.343309
2035-01-19,21,422023.860186,227304.071445,194719.788741,0.0,0.0,0.0,6648.02,0.0,27479.577402,15.357727
2035-01-19,22,409484.03146,217083.011358,192401.020102,0.0,0.0,0.0,6954.72,0.0,27251.351271,15.026192
2035-01-19,23,438097.468882,217083.011358,221014.457524,0.0,0.0,0.0,5523.48,0.0,27041.513497,16.200923
2035-01-20,0,460904.071493,245524.580952,215379.490541,0.0,0.0,0.0,4432.99,0.0,26908.060284,17.128848
2035-01-20,1,478228.524782,245502.015751,232726.509031,0.0,0.0,0.0,3785.75,0.0,27028.779396,17.693308
2035-01-20,2,488136.287855,253631.077795,234505.210059,0.0,0.0,0.0,3439.67,0.0,27094.924521,18.015783
2035-01-20,3,496850.801562,253627.294031,243223.507531,0.0,0.0,0.0,3388.37,0.0,27422.854832,18.118128
2035-01-20,4,500897.052575,257132.734951,243764.317624,0.0,0.0,0.0,3718.54,0.0,27917.094413,17.942306
2035-01-20,5,538598.873055,265572.661789,273026.211266,0.0,0.0,0.0,2488.99,0.0,28278.8687,19.045984
2035-01-20,6,558613.870121,265566.299075,293047.571046,0.0,0.0,0.0,1946.79,0.0,28587.090309,19.540774
2035-01-20,7,569201.090383,265566.299075,303634.791308,0.0,0.0,0.0,2005.32,0.0,29088.237336,19.568085
2035-01-20,8,558949.634543,265566.299075,293383.335468,0.0,0.0,0.0,2017.26,0.0,28674.500426,19.492916
2035-01-20,9,553452.098784,265566.299075,287885.79971,0.0,0.0,0.0,2238.34,0.0,28669.389059,19.304635
2035-01-20,10,493153.546752,265566.299075,227587.247678,0.0,0.0,0.0,3364.05,0.0,27223.459499,18.115021
2035-01-20,11,453000.482411,235498.421792,217502.060618,0.0,0.0,0.0,4034.41,0.0,26199.290149,17.290563
2035-01-20,12,371217.033943,238524.692322,132692.341621,0.0,0.0,0.0,5250.74,0.0,24980.523387,14.860258
2035-01-20,13,242318.990273,157825.686552,84493.30372,0.0,0.0,0.0,8281.51,0.0,24140.853005,10.037715
2035-01-20,14,230044.950283,140585.799629,89459.150654,0.0,0.0,0.0,8324.55,0.0,23602.043773,9.746823
2035-01-20,15,226754.354307,140856.668435,85897.685872,0.0,0.0,0.0,8478.66,0.0,23577.368017,9.617458
2035-01-20,16,230262.916054,140854.62316,89408.292893,0.0,0.0,0.0,8767.0,0.0,24003.710803,9.592805
2035-01-20,17,305563.255893,172335.810632,133227.445262,0.0,0.0,0.0,6270.83,0.0,25063.452078,12.191587
2035-01-20,18,382500.528319,214701.445633,167799.082686,0.0,0.0,0.0,4148.17,0.0,26329.401012,14.527506
2035-01-20,19,439509.990368,214683.694281,224826.296087,0.0,0.0,0.0,2241.13,0.0,26928.533431,16.321349
2035-01-20,20,413260.683849,214683.694281,198576.989568,0.0,0.0,0.0,3579.77,0.0,27139.140695,15.227479
2035-01-20,21,355873.606682,209201.901456,146671.705226,0.0,0.0,0.0,6398.56,0.0,27443.14536,12.967668
2035-01-20,22,290989.667882,178488.96943,112500.698452,0.0,0.0,0.0,9196.6,0.0,27252.475724,10.67755
2035-01-20,23,263933.577112,178948.505367,84985.071744,0.0,0.0,0.0,10253.07,0.0,26971.497383,9.785648
2035-01-21,0,243922.746193,156094.197925,87828.548268,0.0,0.0,0.0,11056.75,0.0,26827.64225,9.092217
2035-01-21,1,236041.574801,156561.575156,79479.999645,0.0,0.0,0.0,11379.3,0.0,26810.656577,8.804021
2035-01-21,2,241556.154146,156559.798148,84996.355998,0.0,0.0,0.0,11350.25,0.0,27038.673634,8.933728
2035-01-21,3,249059.384695,157941.779531,91117.605164,0.0,0.0,0.0,11462.93,0.0,27510.092421,9.053382
2035-01-21,4,274120.128681,169885.923336,104234.205345,0.0,0.0,0.0,11081.81,0.0,28311.313271,9.682353
2035-01-21,5,281997.49586,178948.505367,103048.990493,0.0,0.0,0.0,11927.17,0.0,29479.008634,9.566044
2035-01-21,6,303001.633384,178946.600638,124055.032746,0.0,0.0,0.0,12215.84,0.0,30743.344298,9.855845
2035-01-21,7,320251.489762,178946.600638,141304.889123,0.0,0.0,0.0,12015.58,0.0,31372.599435,10.208
2035-01-21,8,327961.920833,183208.676018,144753.244815,0.0,0.0,0.0,10875.92,0.0,30636.643439,10.704891
2035-01-21,9,319270.916831,174141.321089,145129.595742,0.0,0.0,0.0,9651.03,0.0,29093.071876,10.974122
2035-01-21,10,289343.907023,167555.926283,121787.98074,0.0,0.0,0.0,9617.13,0.0,27683.757337,10.451757
2035-01-21,11,271297.223768,145111.950843,126185.272926,0.0,0.0,0.0,9015.63,0.0,26231.943392,10.342246
2035-01-21,12,240140.254227,140854.62316,99285.631066,0.0,0.0,0.0,9267.38,0.0,24996.627725,9.606906
2035-01-21,13,189433.333158,114073.29539,75360.037768,0.0,0.0,0.0,11006.67,0.0,24226.46167,7.819274
2035-01-21,14,173258.889233,107289.026453,65969.862779,0.0,0.0,0.0,11142.15,0.0,23557.605939,7.35469
2035-01-21,15,168417.198677,106151.773594,62265.425083,0.0,0.0,0.0,11245.7,0.0,23405.301984,7.195686
2035-01-21,16,172970.689205,107291.533813,65679.155392,0.0,0.0,0.0,11327.78,0.0,23724.100883,7.290927
2035-01-21,17,211385.057621,135799.19246,75585.865161,0.0,0.0,0.0,10121.99,0.0,24351.267354,8.680659
2035-01-21,18,248186.554072,140053.370447,108133.183625,0.0,0.0,0.0,9510.07,0.0,25476.950713,9.741611
2035-01-21,19,273582.079136,151586.519459,121995.559677,0.0,0.0,0.0,8670.34,0.0,25822.585639,10.594682
2035-01-21,20,228420.093023,147327.032184,81093.06084,0.0,0.0,0.0,10765.64,0.0,25752.056644,8.869975
2035-01-21,21,166903.568579,113032.718718,53870.849861,0.0,0.0,0.0,13526.96,0.0,25416.057403,6.566855
2035-01-21,22,127974.415919,92330.169887,35644.246032,0.0,0.0,0.0,14812.78,0.0,24597.088308,5.202828
2035-01-21,23,118516.0938,92328.265158,26187.828641,0.0,0.0,0.0,14912.66,0.0,23697.515839,5.001203
2035-01-22,0,103145.628623,72311.35873,30834.269894,0.0,0.0,0.0,14833.95,0.0,23010.56701,4.482533
2035-01-22,1,98363.358868,63242.643155,35120.715713,0.0,0.0,0.0,14592.62,0.0,22630.062421,4.346579
2035-01-22,2,97392.799675,52550.965926,44841.833749,0.0,0.0,0.0,14500.78,0.0,22425.232959,4.343001
2035-01-22,3,100002.077274,52669.55171,47332.525564,0.0,0.0,0.0,14341.02,0.0,22429.145488,4.458577
2035-01-22,4,111641.768855,72494.669948,39147.098907,0.0,0.0,0.0,13866.01,0.0,22783.624592,4.900088
2035-01-22,5,133182.861962,105900.606268,27282.255694,0.0,0.0,0.0,13822.78,0.0,23663.679111,5.628155
2035-01-22,6,173636.95901,103806.110242,69830.848769,0.0,0.0,0.0,13649.74,0.0,24944.876021,6.960827
2035-01-22,7,188770.817006,123145.055321,65625.761685,0.0,0.0,0.0,13053.78,0.0,25089.407784,7.523925
2035-01-22,8,199121.220087,115230.793945,83890.426141,0.0,0.0,0.0,11873.28,0.0,24398.517699,8.161202
2035-01-22,9,211854.751563,122013.273055,89841.478508,0.0,0.0,0.0,10622.83,0.0,23698.73682,8.939496
2035-01-22,10,183869.711214,123271.897486,60597.813728,0.0,0.0,0.0,11513.98,0.0,23260.084169,7.904946
2035-01-22,11,192108.485727,164990.676424,27117.809302,0.0,0.0,0.0,11043.85,0.0,22777.207525,8.434242
2035-01-22,12,217060.925627,107455.68464,109605.240986,0.0,620.009052,0.0,12317.02,0.0,22433.62861,9.675694
2035-01-22,13,220782.826917,91862.966437,128919.86048,0.0,1433.693873,0.0,14421.15,0.0,22299.894507,9.900622
2035-01-22,14,233455.574978,94349.032982,139106.541996,0.0,1386.173677,0.0,13855.74,0.0,22349.73126,10.445565
2035-01-22,15,245649.977436,105283.493437,140366.483999,0.0,1197.999423,0.0,13538.25,0.0,22660.759173,10.840324
2035-01-22,16,272371.934778,107191.354146,165180.580632,0.0,959.903685,0.0,12782.95,0.0,23280.242604,11.699703
2035-01-22,17,310509.558541,140015.631074,170493.927467,0.0,260.757712,0.0,11015.94,0.0,24020.216229,12.927009
2035-01-22,18,310327.334617,252025.296777,58302.03784,0.0,0.0,0.0,9444.02,0.0,24634.013914,12.597514
2035-01-22,19,347785.297814,184518.202178,163267.095635,0.0,0.0,0.0,7417.29,0.0,24947.826281,13.940505
2035-01-22,20,297607.783871,188677.322595,108930.461276,0.0,0.0,0.0,9689.75,0.0,25016.087464,11.896656
2035-01-22,21,223665.26797,143873.516964,79791.751006,0.0,0.0,0.0,13090.12,0.0,25059.804367,8.92526
2035-01-22,22,198316.310338,140097.712771,58218.597568,0.0,0.0,0.0,14097.86,0.0,24922.741972,7.957243
2035-01-22,23,209004.270756,140095.725351,68908.545405,0.0,0.0,0.0,13348.05,0.0,24633.324859,8.484615
2035-01-23,0,218552.943755,141235.48557,77317.458185,0.0,0.0,0.0,12979.76,0.0,24746.55419,8.831652
2035-01-23,1,316464.515663,185778.523541,130685.992123,0.0,0.0,0.0,8854.81,0.0,25100.008778,12.608144
2035-01-23,2,313769.67264,193189.513279,120580.159361,0.0,0.0,0.0,9422.79,0.0,25536.557145,12.287078
2035-01-23,3,345975.83922,191807.225935,154168.613286,0.0,0.0,0.0,8955.49,0.0,26482.352249,13.064392
2035-01-23,4,372096.17145,207942.124606,164154.046844,0.0,0.0,0.0,9022.98,0.0,27687.701085,13.439042
2035-01-23,5,388239.625505,244697.754168,143541.871337,0.0,0.0,0.0,9777.63,0.0,29088.52324,13.346832
2035-01-23,6,459487.350674,245651.198264,213836.152411,0.0,0.0,0.0,8851.63,0.0,30436.845694,15.096418
2035-01-23,7,505086.981164,240612.386963,264474.594201,0.0,0.0,0.0,7880.41,0.0,31164.023092,16.207374
2035-01-23,8,517237.43884,240610.268966,276627.169874,0.0,0.0,0.0,7090.47,0.0,30887.116187,16.746058
2035-01-23,9,497617.370708,240610.268966,257007.101742,0.0,0.0,0.0,6886.44,0.0,29857.307278,16.666519
2035-01-23,10,453334.255369,242387.939641,210946.315728,0.0,0.0,0.0,7652.75,0.0,28725.450938,15.781624
2035-01-23,11,417269.745452,290030.010124,127239.735328,0.0,0.0,0.0,8565.38,0.0,27607.219465,15.114515
2035-01-23,12,377176.51716,185584.13695,191592.380209,0.0,182.31373,0.0,10296.65,0.0,26504.778411,14.23051
2035-01-23,13,328100.97813,176030.819679,152070.158451,0.0,740.518551,0.0,12126.74,0.0,25796.038679,12.719045
2035-01-23,14,319539.775318,177030.673732,142509.101587,0.0,939.602186,0.0,12068.47,0.0,25151.783447,12.704458
2035-01-23,15,312873.586781,164672.669404,148200.917377,0.0,983.111507,0.0,11880.49,0.0,24727.510791,12.652854
2035-01-23,16,336108.188316,179261.819273,156846.369043,0.0,987.807934,0.0,11279.81,0.0,25044.098087,13.420655
2035-01-23,17,395113.869849,180651.409564,214462.460286,0.0,140.120028,0.0,8702.82,0.0,25732.27985,15.354795
2035-01-23,18,457989.476432,313967.605163,144021.87127,0.0,0.0,0.0,5727.42,0.0,27135.21475,16.878049
2035-01-23,19,532315.075153,279185.865259,253129.209894,0.0,0.0,0.0,2792.63,0.0,28131.559057,18.922345
2035-01-23,20,561616.020302,274026.337291,287589.683011,0.0,0.0,0.0,2075.59,0.0,28740.794895,19.540727
2035-01-23,21,569800.603618,274026.337291,295774.266328,0.0,0.0,0.0,2102.34,0.0,29109.553766,19.57435
2035-01-23,22,553023.195344,274026.337291,278996.858054,0.0,0.0,0.0,2797.58,0.0,29095.234554,19.007346
2035-01-23,23,536493.86244,277899.817832,258594.044607,0.0,0.0,0.0,3068.52,0.0,28730.048256,18.673615
2035-01-24,0,516117.687544,261401.100178,254716.587367,0.0,0.0,0.0,3769.58,0.0,28623.472119,18.031275
2035-01-24,1,493362.396768,259884.55949,233477.837277,0.0,0.0,0.0,4992.01,0.0,28872.633632,17.087544
2035-01-24,2,509777.428284,259884.55949,249892.868794,0.0,0.0,0.0,4527.0,0.0,29112.205683,17.51078
2035-01-24,3,530491.276577,266087.29686,264403.979717,0.0,0.0,0.0,4197.67,0.0,29653.296329,17.889791
2035-01-24,4,557842.292333,273786.741981,284055.550352,0.0,0.0,0.0,3821.84,0.0,30427.039741,18.333768
2035-01-24,5,593183.981428,273778.06232,319405.919108,0.0,0.0,0.0,3579.91,0.0,31678.752444,18.724979
2035-01-24,6,612123.904902,273778.06232,338345.842582,0.0,0.0,0.0,3266.76,0.0,32145.930746,19.042034
2035-01-24,7,603634.360377,273778.06232,329856.298057,0.0,0.0,0.0,2991.68,0.0,31520.703087,19.150409
2035-01-24,8,584487.710251,273778.06232,310709.647931,0.0,0.0,0.0,2603.78,0.0,30340.642203,19.264184
2035-01-24,9,525069.585646,271211.262912,253858.322734,0.0,0.0,0.0,2768.45,0.0,27988.544907,18.76016
2035-01-24,10,438033.541126,242396.318878,195637.222249,0.0,0.0,0.0,4704.56,0.0,26070.319063,16.802002
2035-01-24,11,405755.012894,277048.784115,128706.228779,0.0,0.0,0.0,5136.82,0.0,24513.647274,16.552209
2035-01-24,12,384900.296726,156872.816478,228027.480249,0.0,139.971794,0.0,6919.48,0.0,23291.333552,16.525473
2035-01-24,13,319935.036016,123716.842697,196218.193319,0.0,971.839178,0.0,9838.06,0.0,22653.888987,14.122742
2035-01-24,14,305141.219316,128755.63057,176385.588747,0.0,967.506958,0.0,9959.21,0.0,22173.966356,13.761238
2035-01-24,15,288707.338867,111075.434721,177631.904147,0.0,846.989577,0.0,10381.46,0.0,22124.231846,13.049372
2035-01-24,16,248715.526008,112570.87607,136144.649938,9.322081,763.267162,0.0,11275.02,0.0,22502.933162,11.052583
2035-01-24,17,239949.830424,180666.880186,59282.950238,0.0,0.0,0.0,8687.37,0.0,23062.789116,10.404198
2035-01-24,18,299429.072414,170325.817707,129103.254707,0.0,0.0,0.0,6727.37,0.0,24032.538375,12.459319
2035-01-24,19,361814.007037,186919.680919,174894.326118,0.0,0.0,0.0,4664.06,0.0,24690.18427,14.654164
2035-01-24,20,366331.187176,186911.807648,179419.379527,0.0,0.0,0.0,4878.75,0.0,25167.261737,14.555862
2035-01-24,21,354196.467749,177849.200417,176347.267333,0.0,0.0,0.0,5474.05,0.0,25271.617862,14.015583
2035-01-24,22,354266.592538,180958.072364,173308.520174,0.0,0.0,0.0,5389.59,0.0,25276.480052,14.015662
2035-01-24,23,351210.618044,188922.418731,162288.199313,0.0,0.0,0.0,5137.03,0.0,24981.20623,14.058994
2035-01-25,0,348378.743174,205407.153511,142971.589664,0.0,0.0,0.0,4955.6,0.0,25137.270665,13.859052
2035-01-25,1,355721.396904,189931.39649,165790.000414,0.0,0.0,0.0,4897.41,0.0,25579.605021,13.906446
2035-01-25,2,367426.886666,189931.39649,177495.490176,0.0,0.0,0.0,4846.51,0.0,26039.260035,14.110496
2035-01-25,3,380039.437371,189931.39649,190108.040881,0.0,0.0,0.0,4980.96,0.0,26735.827763,14.214613
2035-01-25,4,399189.50919,206367.037636,192822.471555,0.0,0.0,0.0,5142.56,0.0,27715.86425,14.402925
2035-01-25,5,472729.791674,215150.535679,257579.255995,0.0,0.0,0.0,3289.18,0.0,29019.377026,16.290143
2035-01-25,6,508022.025032,215146.49026,292875.534772,0.0,0.0,0.0,2732.89,0.0,29946.252968,16.96446
2035-01-25,7,495552.583112,215146.49026,280406.092852,0.0,0.0,0.0,3257.0,0.0,29961.364158,16.53972
2035-01-25,8,498841.779946,215146.49026,283695.289686,0.0,0.0,0.0,2198.89,0.0,29020.611998,17.189223
2035-01-25,9,463542.946253,215146.49026,248396.455993,0.0,0.0,0.0,2051.58,0.0,27389.265221,16.924256
2035-01-25,10,385958.60219,200558.751937,185399.850253,0.0,0.0,0.0,3858.79,0.0,25722.794341,15.004536
2035-01-25,11,335686.731504,234793.794111,100892.937393,0.0,0.0,0.0,5175.42,0.0,24424.75388,13.74371
2035-01-25,12,335783.285196,145797.908618,189985.376577,0.0,78.130049,0.0,7274.27,0.0,23333.629972,14.390529
2035-01-25,13,266668.038834,130616.050117,136051.988716,0.0,756.096408,0.0,10098.27,0.0,22672.421762,11.76178
2035-01-25,14,261429.777636,127334.123119,134095.654517,0.0,825.542742,0.0,9950.29,0.0,22209.77678,11.770932
2035-01-25,15,270541.673723,129495.436036,141046.237688,0.0,675.586374,0.0,9364.93,0.0,22180.69563,12.197168
2035-01-25,16,296746.658751,135005.452695,161741.206056,0.0,456.9687,0.0,8533.95,0.0,22604.639624,13.127688
2035-01-25,17,293775.282687,209158.622999,84616.659687,0.0,0.0,0.0,6136.64,0.0,23219.64684,12.652013
2035-01-25,18,349900.747631,178098.972996,171801.774635,0.0,0.0,0.0,4299.59,0.0,24163.833267,14.480349
2035-01-25,19,397863.133829,178092.072926,219771.060903,0.0,0.0,0.0,2791.44,0.0,24703.446115,16.105572
2035-01-25,20,395519.199615,178092.072926,217427.126689,0.0,0.0,0.0,3158.75,0.0,25005.976625,15.816987
2035-01-25,21,368850.797316,178092.072926,190758.72439,0.0,0.0,0.0,4474.83,0.0,25218.218411,14.626362
2035-01-25,22,317345.129288,171720.277755,145624.851533,0.0,0.0,0.0,6531.62,0.0,25081.357333,12.65263
2035-01-25,23,322832.438677,167476.077962,155356.360715,0.0,0.0,0.0,5845.61,0.0,24741.140509,13.048406
2035-01-26,0,323906.140792,193091.428325,130814.712467,0.0,0.0,0.0,5139.64,0.0,24550.615687,13.193402
2035-01-26,1,335102.548464,184600.526863,150502.021601,0.0,0.0,0.0,4541.95,0.0,24630.868011,13.604983
2035-01-26,2,341420.112672,184600.526863,156819.585809,0.0,0.0,0.0,4309.77,0.0,24693.985061,13.826044
2035-01-26,3,353433.430373,186323.405924,167110.024449,0.0,0.0,0.0,4052.94,0.0,25002.272033,14.136053
2035-01-26,4,368924.381097,200908.337406,168016.043691,0.0,0.0,0.0,3852.59,0.0,25474.803349,14.481932
2035-01-26,5,396326.548877,209946.936775,186379.612101,0.0,0.0,0.0,3320.38,0.0,26006.071287,15.23977
2035-01-26,6,426947.642074,216613.464007,210334.178067,0.0,0.0,0.0,2828.55,0.0,26604.491772,16.047953
2035-01-26,7,454559.668277,216604.86429,237954.803986,0.0,0.0,0.0,2470.54,0.0,27443.573788,16.563428
2035-01-26,8,466874.455735,216604.86429,250269.591444,0.0,0.0,0.0,1922.88,0.0,27411.113708,17.032305
2035-01-26,9,450386.921347,216604.86429,233782.057057,0.0,0.0,0.0,2029.29,0.0,26798.397475,16.806487
2035-01-26,10,390212.745763,216604.86429,173607.881473,0.0,0.0,0.0,3767.23,0.0,25901.562743,15.06522
2035-01-26,11,362605.628312,202025.125002,160580.503309,0.0,0.0,0.0,4474.14,0.0,25298.507922,14.333084
2035-01-26,12,338088.530427,223715.053845,114373.476581,0.0,0.0,0.0,5958.01,0.0,24806.530722,13.629013
2035-01-26,13,365024.418463,159239.001263,205785.417201,0.0,488.099789,0.0,7938.35,0.0,24387.974525,14.967394
2035-01-26,14,356719.781834,147410.912273,209308.869561,0.0,677.414551,0.0,8073.55,0.0,24047.063894,14.834234
2035-01-26,15,352563.353825,159233.427426,193329.926399,0.0,590.891305,0.0,7935.8,0.0,23865.432532,14.772971
2035-01-26,16,363442.685443,159229.313206,204213.372237,0.0,373.036727,0.0,7516.08,0.0,24119.429027,15.068461
2035-01-26,17,344499.8009,234311.727736,110188.073164,0.0,0.0,0.0,5672.41,0.0,24809.276782,13.885927
2035-01-26,18,388221.394458,208933.274142,179288.120316,0.0,0.0,0.0,3985.03,0.0,25535.371111,15.20328
2035-01-26,19,432102.028661,207702.709277,224399.319384,0.0,0.0,0.0,2165.33,0.0,25681.163478,16.825641
2035-01-26,20,435197.580985,206485.562044,228712.018941,0.0,0.0,0.0,2007.82,0.0,25679.531272,16.947256
2035-01-26,21,419648.859766,206485.562044,213163.297723,0.0,0.0,0.0,2500.08,0.0,25532.847091,16.435647
2035-01-26,22,386235.551145,197422.954812,188812.596333,0.0,0.0,0.0,3623.85,0.0,25207.387373,15.322316
2035-01-26,23,395713.120169,198852.896658,196860.22351,0.0,0.0,0.0,2778.63,0.0,24860.045401,15.917635
2035-01-27,0,384719.232473,203304.087253,181415.14522,0.0,0.0,0.0,2543.44,0.0,24479.288098,15.716112
2035-01-27,1,372803.821909,188273.654249,184530.167661,0.0,0.0,0.0,3049.48,0.0,24555.276357,15.182229
2035-01-27,2,388338.743233,188273.654249,200065.088984,0.0,0.0,0.0,2459.56,0.0,24624.606105,15.770354
2035-01-27,3,400785.919612,190825.161734,209960.757879,0.0,0.0,0.0,2332.94,0.0,25020.35455,16.018395
2035-01-27,4,405830.342758,196303.451344,209526.891414,0.0,0.0,0.0,2496.2,0.0,25417.391478,15.96664
2035-01-27,5,417760.411002,208271.871181,209488.539821,0.0,0.0,0.0,2431.55,0.0,25886.785603,16.137979
2035-01-27,6,422440.754825,209564.29437,212876.460455,0.0,0.0,0.0,2717.34,0.0,26388.896222,16.008277
2035-01-27,7,424093.022269,203268.580989,220824.441279,0.0,0.0,0.0,3632.59,0.0,27114.561296,15.640785
2035-01-27,8,439997.459727,203268.580989,236728.878738,0.0,0.0,0.0,2915.83,0.0,27067.690864,16.255449
2035-01-27,9,416864.054881,203268.580989,213595.473892,0.0,0.0,0.0,3041.15,0.0,26212.831154,15.903053
2035-01-27,10,339741.196004,196588.685056,143152.510948,0.0,0.0,0.0,5157.97,0.0,24957.214082,13.612946
2035-01-27,11,325278.760877,259783.095378,65495.665499,0.0,0.0,0.0,5793.99,0.0,24394.61181,13.334041
2035-01-27,12,354578.977222,174794.530086,179784.447135,0.0,161.941353,0.0,7140.47,0.0,23885.446718,14.84498
2035-01-27,13,313574.128392,174794.530086,138779.598306,0.0,706.491067,0.0,8554.4,0.0,23422.165844,13.387922
2035-01-27,14,301100.277155,165710.651261,135389.625894,0.0,852.026036,0.0,8985.3,0.0,23019.878337,13.080012
2035-01-27,15,299025.205021,166839.970249,132185.234772,0.0,706.701501,0.0,8851.86,0.0,22933.346048,13.038883
2035-01-27,16,313650.770001,169285.294733,144365.475267,0.0,313.381974,0.0,8331.57,0.0,23359.495582,13.427121
2035-01-27,17,328815.721642,240571.913895,88243.807747,0.0,0.0,0.0,5986.42,0.0,24033.541752,13.681534
2035-01-27,18,382139.844386,202637.858255,179501.986131,0.0,0.0,0.0,3930.77,0.0,25121.370173,15.211744
2035-01-27,19,448369.464266,202626.939732,245742.524534,0.0,0.0,0.0,1632.51,0.0,25658.751959,17.474329
2035-01-27,20,446927.205154,202626.939732,244300.265423,0.0,0.0,0.0,1973.86,0.0,25943.52643,17.226926
2035-01-27,21,412913.116117,201409.792498,211503.323618,0.0,0.0,0.0,3397.47,0.0,25928.876737,15.924836
2035-01-27,22,346533.855343,180358.5504,166175.304943,0.0,0.0,0.0,5861.18,0.0,25470.650959,13.605222
2035-01-27,23,324706.567663,168015.924308,156690.643356,0.0,0.0,0.0,6484.4,0.0,25220.526139,12.874694
2035-01-28,0,293867.764167,178884.068454,114983.695712,0.0,0.0,0.0,7022.08,0.0,24909.353745,11.797486
2035-01-28,1,278117.941814,160993.36255,117124.579264,0.0,0.0,0.0,7532.53,0.0,24861.270015,11.186795
2035-01-28,2,295436.827111,170004.359828,125432.467283,0.0,0.0,0.0,6922.3,0.0,25040.520099,11.79835
2035-01-28,3,311696.415851,181469.870885,130226.544966,0.0,0.0,0.0,6512.36,0.0,25377.054556,12.282608
2035-01-28,4,343250.977108,194838.416406,148412.560702,0.0,0.0,0.0,6178.28,0.0,26167.928558,13.117239
2035-01-28,5,370629.210993,188802.512484,181826.698509,0.0,0.0,0.0,6780.18,0.0,27559.658398,13.448251
2035-01-28,6,392138.289269,194288.961936,197849.327333,0.0,0.0,0.0,7520.62,0.0,29245.224983,13.408626
2035-01-28,7,380149.415543,194287.115747,185862.299796,0.0,0.0,0.0,8435.03,0.0,29644.223657,12.823726
2035-01-28,8,395734.427234,197158.895589,198575.531645,0.0,0.0,0.0,6621.62,0.0,28507.405482,13.881811
2035-01-28,9,369018.180097,188091.612333,180926.567764,0.0,0.0,0.0,6227.92,0.0,26966.624888,13.684255
2035-01-28,10,293430.533964,187723.168362,105707.365602,0.0,0.0,0.0,8032.57,0.0,25429.238235,11.5391
2035-01-28,11,289808.237618,217930.152539,71878.085079,0.0,0.0,0.0,7833.34,0.0,24434.347174,11.860691
2035-01-28,12,251627.896686,115329.839725,136298.056961,0.0,725.782195,0.0,12699.23,0.0,23684.969119,10.623949
2035-01-28,13,278249.970264,119912.259984,158337.71028,0.0,1166.408401,0.0,12923.3,0.0,23386.857179,11.897707
2035-01-28,14,311290.557881,119419.981068,191870.576812,0.0,1129.012708,0.0,11487.59,0.0,23325.021268,13.345778
2035-01-28,15,326527.962949,149269.242282,177258.720668,0.0,883.159458,0.0,10653.11,0.0,23566.554128,13.855567
2035-01-28,16,350712.090847,160590.113939,190121.976907,0.0,627.391583,0.0,9982.38,0.0,24395.938476,14.375839
2035-01-28,17,353192.39316,197175.928278,156016.464881,0.0,0.0,0.0,9335.42,0.0,25538.320199,13.829899
2035-01-28,18,371194.088281,234932.755538,136261.332742,0.0,0.0,0.0,9334.49,0.0,26903.366552,13.79731
2035-01-28,19,432215.855717,212139.667537,220076.18818,0.0,0.0,0.0,7094.44,0.0,27438.246196,15.752313
2035-01-28,20,396523.257737,212139.667537,184383.5902,0.0,0.0,0.0,8822.84,0.0,27641.350992,14.345292
2035-01-28,21,336967.506583,187932.567132,149034.939451,0.0,0.0,0.0,11269.47,0.0,27503.313484,12.251888
2035-01-28,22,311485.125651,169968.722092,141516.403559,0.0,0.0,0.0,12053.56,0.0,27175.53518,11.461968
2035-01-28,23,307208.95266,175944.042812,131264.909848,0.0,0.0,0.0,12064.79,0.0,27083.833125,11.34289
2035-01-29,0,322623.911348,224167.467731,98456.443616,0.0,0.0,0.0,11057.02,0.0,27255.266041,11.837122
2035-01-29,1,345166.698322,217191.058306,127975.640016,0.0,0.0,0.0,10264.75,0.0,27674.38316,12.472426
2035-01-29,2,365847.068246,218570.336843,147276.731402,0.0,0.0,0.0,9967.45,0.0,28291.955722,12.931134
2035-01-29,3,391180.503106,218985.21348,172195.289626,0.0,0.0,0.0,9833.36,0.0,29264.959131,13.366856
2035-01-29,4,464671.441201,259797.476087,204873.965114,0.0,0.0,0.0,8268.54,0.0,30799.467944,15.086996
2035-01-29,5,548036.766985,276007.157803,272029.609182,0.0,0.0,0.0,7165.06,0.0,33229.390901,16.492531
2035-01-29,6,617532.135882,277507.936723,340024.199159,0.0,0.0,0.0,6346.61,0.0,35317.679499,17.485071
2035-01-29,7,659953.4746,277505.859786,382447.614814,0.0,0.0,0.0,5177.14,0.0,35877.893948,18.394432
2035-01-29,8,647474.770314,277505.859786,369968.910527,0.0,0.0,0.0,4010.02,0.0,34230.175208,18.915322
2035-01-29,9,591932.211934,277505.859786,314426.352148,0.0,0.0,0.0,4063.56,0.0,32034.102168,18.47819
2035-01-29,10,524806.626045,275750.421351,249056.204695,0.0,0.0,0.0,5198.14,0.0,30353.071225,17.290067
2035-01-29,11,463530.494089,253260.006958,210270.487131,0.0,0.0,0.0,6073.1,0.0,28621.562619,16.19515
2035-01-29,12,395922.019262,287291.175411,108630.843851,0.0,0.0,0.0,7787.95,0.0,27150.033781,14.582745
2035-01-29,13,359728.793233,192546.536762,167182.256471,0.0,451.836668,0.0,10052.18,0.0,26089.75258,13.788126
2035-01-29,14,344800.474102,190727.019226,154073.454876,0.0,500.661433,0.0,10002.43,0.0,25378.099986,13.586536
2035-01-29,15,348971.752049,190727.019226,158244.732823,0.0,409.419758,0.0,9786.93,0.0,25424.274704,13.725928
2035-01-29,16,372552.233262,192548.543089,180003.690173,0.0,575.868255,0.0,10155.7,0.0,26555.991693,14.028933
2035-01-29,17,423802.974994,277080.408245,146722.566749,0.0,0.0,0.0,8440.24,0.0,28570.506221,14.833583
2035-01-29,18,479061.917593,262877.191782,216184.725812,0.0,0.0,0.0,7141.76,0.0,30083.263218,15.924533
2035-01-29,19,524014.089433,258598.283465,265415.805968,0.0,0.0,0.0,5433.49,0.0,30327.69213,17.278403
2035-01-29,20,531490.781939,258595.536017,272895.245922,0.0,0.0,0.0,5102.02,0.0,30315.861857,17.531772
2035-01-29,21,516315.346063,258595.536017,257719.810046,0.0,0.0,0.0,5311.97,0.0,29882.679661,17.278081
2035-01-29,22,504207.013401,258595.536017,245611.477384,0.0,0.0,0.0,4989.26,0.0,29043.69692,17.36029
2035-01-29,23,489607.771204,257325.143437,232282.627768,0.0,0.0,0.0,4813.25,0.0,28244.012381,17.334923
2035-01-30,0,486587.166175,268776.839826,217810.326349,0.0,0.0,0.0,4578.44,0.0,27877.930404,17.454207
2035-01-30,1,490869.655791,260000.834085,230868.821705,0.0,0.0,0.0,4334.4,0.0,27851.763847,17.624365
2035-01-30,2,517730.396678,263659.681816,254070.714862,0.0,0.0,0.0,3271.6,0.0,27929.261312,18.537203
2035-01-30,3,537011.098195,265389.418769,271621.679426,0.0,0.0,0.0,2782.73,0.0,28261.942755,19.00121
2035-01-30,4,561277.455434,270068.981508,291208.473925,0.0,0.0,0.0,2724.53,0.0,28942.973622,19.392529
2035-01-30,5,593523.899027,271839.554368,321684.344659,0.0,0.0,0.0,2421.58,0.0,29992.426556,19.789126
2035-01-30,6,615824.680128,271837.430032,343987.250096,0.0,0.0,0.0,2226.22,0.0,30721.978749,20.045085
2035-01-30,7,612569.371023,271837.430032,340731.940991,0.0,0.0,0.0,2115.95,0.0,30477.808765,20.098865
2035-01-30,8,600810.486807,271837.430032,328973.056775,0.0,0.0,0.0,2239.91,0.0,30117.974407,19.948569
2035-01-30,9,571791.790735,271837.430032,299954.360703,0.0,0.0,0.0,2590.68,0.0,29268.172535,19.5363
2035-01-30,10,505365.137863,266931.21641,238433.921453,0.0,0.0,0.0,4487.37,0.0,28338.870406,17.832932
2035-01-30,11,466383.02015,280010.114703,186372.905447,0.0,0.0,0.0,6015.77,0.0,27301.283963,17.082824
2035-01-30,12,412637.88609,175277.204502,237360.681587,0.0,77.379956,0.0,8255.09,0.0,26389.71398,15.636315
2035-01-30,13,357978.164402,179342.387271,178635.777131,0.0,712.913891,0.0,11069.7,0.0,25999.536061,13.768637
2035-01-30,14,319388.111226,159626.813128,159761.298098,0.0,873.024713,0.0,12597.64,0.0,25814.013156,12.372664
2035-01-30,15,308360.846039,161808.486282,146552.359757,0.0,794.895295,0.0,12959.65,0.0,25810.90351,11.946922
2035-01-30,16,293989.127073,164958.949658,129030.177416,0.0,668.422041,0.0,13070.62,0.0,26649.573148,11.031664
2035-01-30,17,303760.56766,212003.58309,91756.984569,0.0,0.0,0.0,10687.66,0.0,27886.861587,10.892605
2035-01-30,18,364687.942538,213678.475936,151009.466602,0.0,0.0,0.0,8826.55,0.0,29119.5745,12.523807
2035-01-30,19,434608.806461,204703.356219,229905.450241,0.0,0.0,0.0,6042.91,0.0,29404.883841,14.780157
2035-01-30,20,411487.283079,204703.356219,206783.92686,0.0,0.0,0.0,7026.26,0.0,29431.68663,13.981098
2035-01-30,21,365079.464987,186720.166157,178359.298831,0.0,0.0,0.0,8657.53,0.0,29083.274762,12.552901
2035-01-30,22,344250.308868,180014.583259,164235.725609,0.0,0.0,0.0,8795.54,0.0,28288.753491,12.169158
2035-01-30,23,321044.839428,177410.710833,143634.128594,0.0,0.0,0.0,8474.13,0.0,27444.768584,11.697852
2035-01-31,0,310282.555399,181565.104229,128717.45117,0.0,0.0,0.0,8097.62,0.0,27036.702542,11.476346
2035-01-31,1,315893.623968,171903.574624,143990.049344,0.0,0.0,0.0,7790.15,0.0,27042.581507,11.681341
2035-01-31,2,327827.416503,179882.450264,147944.966239,0.0,0.0,0.0,7280.12,0.0,27071.144656,12.109847
2035-01-31,3,342140.457126,190577.185682,151563.271444,0.0,0.0,0.0,6890.22,0.0,27337.517795,12.515418
2035-01-31,4,364933.020676,190569.671243,174363.349434,0.0,0.0,0.0,6434.0,0.0,27891.520467,13.084013
2035-01-31,5,368494.435774,189058.084282,179436.351493,0.0,0.0,0.0,7607.31,0.0,28889.330574,12.755382
2035-01-31,6,369785.34106,189056.179552,180729.161508,0.0,0.0,0.0,8597.97,0.0,29926.333302,12.35652
2035-01-31,7,360835.938749,179443.199213,181392.739536,0.0,0.0,0.0,9192.3,0.0,30128.837384,11.976431
2035-01-31,8,343257.131254,179443.199213,163813.93204,0.0,0.0,0.0,9184.32,0.0,29342.489603,11.698296
2035-01-31,9,323202.654609,168887.369572,154315.285037,0.0,0.0,0.0,9074.47,0.0,28358.5873,11.396994
2035-01-31,10,269401.586596,159860.086398,109541.500199,0.0,0.0,0.0,10488.44,0.0,27320.865084,9.860654
2035-01-31,11,273040.235656,216962.854446,56077.38121,0.0,0.0,0.0,10436.84,0.0,26463.869762,10.317472
2035-01-31,12,317991.882341,141838.609665,176153.272676,0.0,385.121176,0.0,11140.8,0.0,25706.227864,12.370227
2035-01-31,13,287636.104041,116507.514427,171128.589614,0.0,1031.32182,0.0,12890.55,0.0,25220.765824,11.404733
2035-01-31,14,279529.943545,105394.160786,174135.782759,0.0,985.779104,0.0,12748.49,0.0,24825.608521,11.259742
2035-01-31,15,279853.916968,116920.311519,162933.605449,0.0,848.620873,0.0,12247.12,0.0,24852.036633,11.260804
2035-01-31,16,309962.212547,128560.709341,181401.503207,0.0,632.433119,0.0,11850.82,0.0,25562.392972,12.125712
2035-01-31,17,314974.141965,213796.377576,101177.76439,0.0,0.0,0.0,8722.0,0.0,26353.272784,11.951993
2035-01-31,18,372286.873717,197239.222875,175047.650842,0.0,0.0,0.0,5929.48,0.0,26399.29358,14.102153
2035-01-31,19,428222.48595,196959.563906,231262.922044,0.0,0.0,0.0,3081.55,0.0,25959.595157,16.495731
2035-01-31,20,390599.069031,196959.563906,193639.505125,0.0,0.0,0.0,4172.37,0.0,25450.136125,15.347622
2035-01-31,21,307157.743271,174045.295335,133112.447935,0.0,0.0,0.0,6985.13,0.0,24644.894553,12.463342
2035-01-31,22,229492.082611,139395.105428,90096.977184,0.0,0.0,0.0,9393.46,0.0,23643.592954,9.706312
2035-01-31,23,205367.827051,133769.262072,71598.564978,0.0,0.0,0.0,8973.1,0.0,22568.146041,9.099898
2035-02-01,0,171320.775942,110907.087596,60413.688347,0.0,0.0,0.0,8567.64,0.0,20749.707954,8.256539
2035-02-01,1,174348.649175,105789.790813,68558.858362,0.0,0.0,0.0,7898.07,0.0,20303.514101,8.587117
2035-02-01,2,195912.790591,132577.07776,63335.712831,0.0,0.0,0.0,6483.37,0.0,19940.017289,9.825106
2035-02-01,3,216726.288213,134293.997644,82432.290568,0.0,0.0,0.0,5414.55,0.0,19918.788803,10.880495
2035-02-01,4,238851.928495,150092.031517,88759.896978,0.0,0.0,0.0,4445.98,0.0,20016.947487,11.932485
2035-02-01,5,267351.620529,159430.037914,107921.582615,0.0,0.0,0.0,3915.86,0.0,20544.984434,13.012987
2035-02-01,6,299871.603614,169458.162472,130413.441142,0.0,0.0,0.0,3581.72,0.0,21643.088117,13.855306
2035-02-01,7,314475.460487,174935.482586,139539.977901,0.0,0.0,0.0,3462.87,0.0,22172.471266,14.183149
2035-02-01,8,318576.380901,174933.421407,143642.959494,0.0,0.0,0.0,3111.8,0.0,21998.829092,14.481515
2035-02-01,9,308440.847472,176234.201132,132206.646339,0.0,0.0,0.0,3399.84,0.0,21836.067743,14.125293
2035-02-01,10,263028.538504,182051.301571,80977.236933,0.0,0.0,0.0,5398.8,0.0,21775.424541,12.079146
2035-02-01,11,257179.30024,226155.620801,31023.679438,0.0,0.0,0.0,6797.83,0.0,21818.74739,11.787079
2035-02-01,12,288453.68452,170276.084764,118177.599755,0.0,185.129078,0.0,8469.91,0.0,22001.547693,13.110609
2035-02-01,13,262803.330748,153297.151604,109506.179144,0.0,442.529878,0.0,10133.63,0.0,22319.706946,11.774497
2035-02-01,14,263244.205871,142245.981746,120998.224125,0.0,535.006529,0.0,10490.34,0.0,22637.888732,11.628479
2035-02-01,15,271950.431081,157270.794351,114679.63673,0.0,462.164069,0.0,10399.99,0.0,23031.557297,11.807731
2035-02-01,16,278103.577296,154593.647833,123509.929463,0.0,44.151316,0.0,9923.6,0.0,23511.560846,11.828376
2035-02-01,17,274520.861634,225219.25122,49301.610414,0.0,0.0,0.0,7826.58,0.0,23874.38573,11.498552
2035-02-01,18,291173.953819,169214.264697,121959.689121,0.0,0.0,0.0,6276.8,0.0,23428.241301,12.428332
2035-02-01,19,325215.951082,164823.785067,160392.166015,0.0,0.0,0.0,4440.74,0.0,23047.733821,14.110539
2035-02-01,20,300766.179912,164823.785067,135942.394845,0.0,0.0,0.0,5158.84,0.0,22745.954983,13.222842
2035-02-01,21,266917.469926,161471.028369,105446.441558,0.0,0.0,0.0,6484.78,0.0,22606.424177,11.807151
2035-02-01,22,254373.421887,153541.353328,100832.068559,0.0,0.0,0.0,6919.85,0.0,22477.10671,11.317
2035-02-01,23,234237.99691,144300.396024,89937.600885,0.0,0.0,0.0,7107.33,0.0,22183.338542,10.559186
2035-02-02,0,211641.813892,134655.658539,76986.155353,0.0,0.0,0.0,7403.4,0.0,21573.93971,9.810068
2035-02-02,1,200512.031526,120967.864169,79544.167357,0.0,0.0,0.0,7714.63,0.0,21363.865055,9.385569
2035-02-02,2,217266.713059,132913.958488,84352.754571,0.0,0.0,0.0,6683.14,0.0,21162.760129,10.266464
2035-02-02,3,232483.782306,134294.009941,98189.772365,0.0,0.0,0.0,5883.99,0.0,21114.60375,11.010568
2035-02-02,4,252774.468508,162450.995638,90323.47287,0.0,0.0,0.0,5099.8,0.0,21292.927966,11.871287
2035-02-02,5,264142.278453,152713.137408,111429.141045,0.0,0.0,0.0,5364.22,0.0,21408.060293,12.33845
2035-02-02,6,258952.869113,152704.4489,106248.420213,0.0,0.0,0.0,5614.36,0.0,21436.175512,12.08018
2035-02-02,7,261891.452792,152704.4489,109187.003892,0.0,0.0,0.0,5738.04,0.0,21695.053334,12.071482
2035-02-02,8,294953.433661,159623.912394,135329.521267,0.0,0.0,0.0,4760.55,0.0,22169.049101,13.30474
2035-02-02,9,311503.445481,159619.678637,151883.766843,0.0,0.0,0.0,4709.7,0.0,22838.754085,13.639249
2035-02-02,10,284624.798667,164274.011569,120350.787098,0.0,0.0,0.0,6396.43,0.0,23337.24077,12.196163
2035-02-02,11,264621.2006,206792.5537,57828.6469,0.0,0.0,0.0,7892.65,0.0,23580.929721,11.221831
2035-02-02,12,280116.385484,122117.763124,157998.62236,0.0,12.308546,0.0,9956.21,0.0,23361.359342,11.990586
2035-02-02,13,255133.303652,103740.647207,151392.656446,0.0,688.242133,0.0,12493.17,0.0,23147.897589,11.021878
2035-02-02,14,250798.417602,97772.797266,153025.620336,0.0,743.562776,0.0,12643.28,0.0,23046.082914,10.882475
2035-02-02,15,255648.85011,89046.047956,166602.802154,0.0,677.037274,0.0,12420.56,0.0,23170.18486,11.033527
2035-02-02,16,270628.787402,105629.140161,164999.647241,0.0,393.372604,0.0,11973.16,0.0,23635.654752,11.450023
2035-02-02,17,293681.999374,218791.081207,74890.918167,0.0,0.0,0.0,8804.15,0.0,24233.191819,12.118998
2035-02-02,18,351248.971174,211636.428183,139612.542991,0.0,0.0,0.0,6191.59,0.0,24599.627143,14.27863
2035-02-02,19,412486.639378,204771.374408,207715.26497,0.0,0.0,0.0,3287.31,0.0,24384.293669,16.916079
2035-02-02,20,392211.617436,204771.374408,187440.243028,0.0,0.0,0.0,4094.94,0.0,24326.66675,16.122703
2035-02-02,21,337766.470909,186789.007769,150977.46314,0.0,0.0,0.0,6262.17,0.0,24143.198978,13.990129
2035-02-02,22,283710.799173,165410.868858,118299.930315,0.0,0.0,0.0,8136.17,0.0,23659.816565,11.991251
2035-02-02,23,241867.761641,143933.351543,97934.410098,0.0,0.0,0.0,9322.99,0.0,23005.632562,10.513415
2035-02-03,0,205569.040893,136407.22194,69161.818953,0.0,0.0,0.0,10523.92,0.0,22582.882349,9.10287
2035-02-03,1,190302.918434,124461.184404,65841.73403,0.0,0.0,0.0,10992.44,0.0,22375.753452,8.504872
2035-02-03,2,194508.248202,126184.063465,68324.184737,0.0,0.0,0.0,10711.44,0.0,22294.064573,8.724665
2035-02-03,3,203870.927044,127564.106631,76306.820413,0.0,0.0,0.0,10299.94,0.0,22364.099795,9.115991
2035-02-03,4,221312.127544,139508.250436,81803.877108,0.0,0.0,0.0,9666.5,0.0,22555.160513,9.81204
2035-02-03,5,217425.447898,142672.676697,74752.771201,0.0,0.0,0.0,10234.62,0.0,22722.889568,9.568565
2035-02-03,6,223592.181242,137865.033643,85727.147599,0.0,0.0,0.0,10634.9,0.0,22949.406908,9.74283
2035-02-03,7,235605.342687,143375.772459,92229.570228,0.0,0.0,0.0,10585.44,0.0,23435.035495,10.053552
2035-02-03,8,260519.029497,147622.841087,112896.18841,0.0,0.0,0.0,9701.34,0.0,23647.850497,11.016605
2035-02-03,9,284330.173206,138553.607316,145776.56589,0.0,0.0,0.0,8786.65,0.0,23751.426922,11.971078
2035-02-03,10,253057.211529,135292.805512,117764.406016,0.0,0.0,0.0,9925.04,0.0,23449.413122,10.791622
2035-02-03,11,237914.062443,174307.050175,63607.012268,0.0,0.0,0.0,11101.95,0.0,23532.365134,10.110079
2035-02-03,12,254558.926487,93448.553351,161110.373136,0.0,823.223634,0.0,12625.63,0.0,23378.832541,10.888436
2035-02-03,13,231934.976498,90996.000049,140938.976448,0.0,1471.184005,0.0,14596.5,0.0,23556.476642,9.845911
2035-02-03,14,235764.549964,90449.782167,145314.767798,0.0,1506.754599,0.0,14579.5,0.0,23616.567035,9.983015
2035-02-03,15,243433.929656,96285.687874,147148.241782,0.0,1375.337615,0.0,14097.5,0.0,23576.133747,10.325439
2035-02-03,16,256432.558855,108226.614832,148205.944023,0.0,1096.395924,0.0,13605.55,0.0,23958.465313,10.703213
2035-02-03,17,282280.834558,124353.694859,157927.139698,0.0,432.251329,0.0,11671.31,0.0,24231.463757,11.649351
2035-02-03,18,264746.598192,231797.588305,32949.009887,0.0,0.0,0.0,10170.01,0.0,24324.194301,10.884085
2035-02-03,19,299466.793901,171471.988922,127994.804979,0.0,0.0,0.0,7790.6,0.0,24126.659026,12.412278
2035-02-03,20,278908.328032,172916.960063,105991.367969,0.0,0.0,0.0,8868.66,0.0,24194.008282,11.527992
2035-02-03,21,238614.399373,161319.109103,77295.29027,0.0,0.0,0.0,10708.74,0.0,24101.301125,9.900478
2035-02-03,22,214041.539132,159682.382853,54359.156279,0.0,0.0,0.0,11203.48,0.0,23553.576147,9.087433
2035-02-03,23,207000.744778,159925.181749,47075.563029,0.0,0.0,0.0,10488.27,0.0,22685.050648,9.124985
2035-02-04,0,200009.131923,152561.761071,47447.370852,0.0,0.0,0.0,9818.72,0.0,21905.127942,9.130699
2035-02-04,1,205101.326537,143495.129791,61606.196746,0.0,0.0,0.0,9100.33,0.0,21557.877645,9.513985
2035-02-04,2,216988.090818,146255.864847,70732.225971,0.0,0.0,0.0,8360.47,0.0,21388.458565,10.145102
2035-02-04,3,231535.470765,147633.978083,83901.492682,0.0,0.0,0.0,7718.84,0.0,21490.281836,10.773962
2035-02-04,4,250164.934834,147632.027569,102532.907265,0.0,0.0,0.0,7003.98,0.0,21681.662738,11.538088
2035-02-04,5,284097.740401,181434.996642,102662.743758,0.0,0.0,0.0,6518.34,0.0,22517.614982,12.616689
2035-02-04,6,337937.78295,181659.296015,156278.486935,0.0,0.0,0.0,5936.44,0.0,23875.178128,14.154357
2035-02-04,7,359771.178496,182867.625841,176903.552655,0.0,0.0,0.0,5375.53,0.0,24270.335119,14.823494
2035-02-04,8,360700.114596,182865.489795,177834.624801,0.0,0.0,0.0,5152.88,0.0,24091.619825,14.972016
2035-02-04,9,345125.509562,182865.489795,162260.019767,0.0,0.0,0.0,5577.79,0.0,23840.216725,14.47661
2035-02-04,10,294097.027018,173224.69196,120872.335058,0.0,0.0,0.0,7424.3,0.0,23343.62255,12.598603
2035-02-04,11,274739.555488,227834.043951,46905.511537,0.0,0.0,0.0,8497.69,0.0,22955.050353,11.968589
2035-02-04,12,290333.07933,138662.765591,151670.313739,0.0,451.859007,0.0,10070.95,0.0,22860.111089,12.700423
2035-02-04,13,263909.97903,111464.148918,152445.830112,0.0,1286.585178,0.0,12470.01,0.0,22858.074236,11.545591
2035-02-04,14,274917.984173,105429.825916,169488.158257,0.0,1185.239856,0.0,11907.85,0.0,22805.845797,12.054716
2035-02-04,15,285208.869925,123692.636976,161516.232948,0.0,928.719431,0.0,10988.6,0.0,22878.260385,12.46637
2035-02-04,16,303112.377382,143317.02467,159795.352712,0.0,492.975419,0.0,9952.42,0.0,23311.213492,13.002857
2035-02-04,17,285181.984991,214166.122599,71015.862392,0.0,0.0,0.0,7752.37,0.0,23814.884472,11.974947
2035-02-04,18,318105.083044,177711.09516,140393.987884,0.0,0.0,0.0,5930.79,0.0,24119.078999,13.18894
2035-02-04,19,370658.548626,176483.313534,194175.235092,0.0,0.0,0.0,3531.42,0.0,24134.11712,15.358281
2035-02-04,20,357050.139573,176483.313534,180566.826038,0.0,0.0,0.0,3892.63,0.0,23934.499693,14.917803
2035-02-04,21,330433.855866,169777.730636,160656.12523,0.0,0.0,0.0,4992.98,0.0,23888.494628,13.832343
2035-02-04,22,295491.575347,160115.010809,135376.564537,0.0,0.0,0.0,6246.98,0.0,23656.896301,12.490716
2035-02-04,23,270894.60251,164975.085449,105919.517061,0.0,0.0,0.0,6265.1,0.0,22813.231451,11.874451
2035-02-05,0,252006.838755,140976.967496,111029.871258,0.0,0.0,0.0,6345.38,0.0,22238.284932,11.332117
2035-02-05,1,239995.666989,127339.445208,112656.221781,0.0,0.0,0.0,6401.43,0.0,21801.817048,11.008058
2035-02-05,2,249455.656587,138877.341918,110578.314669,0.0,0.0,0.0,5802.04,0.0,21651.435077,11.521438
2035-02-05,3,255686.826249,138875.182325,116811.643925,0.0,0.0,0.0,5462.27,0.0,21622.236396,11.825179
2035-02-05,4,265930.436931,151234.146446,114696.290485,0.0,0.0,0.0,5258.33,0.0,21900.14558,12.142862
2035-02-05,5,271339.892944,174310.328114,97029.564829,0.0,0.0,0.0,5992.42,0.0,22823.235936,11.888756
2035-02-05,6,300270.265508,155476.93961,144793.325898,0.0,0.0,0.0,6744.32,0.0,24237.404496,12.388714
2035-02-05,7,291725.119879,155476.93961,136248.180269,0.0,0.0,0.0,7403.29,0.0,24530.271818,11.892454
2035-02-05,8,294360.61608,155476.93961,138883.67647,0.0,0.0,0.0,7073.15,0.0,24310.559501,12.108344
2035-02-05,9,280677.042453,156777.719335,123899.323118,0.0,0.0,0.0,7361.7,0.0,23992.439179,11.698562
2035-02-05,10,245947.71892,150183.788418,95763.930502,0.0,0.0,0.0,9250.49,0.0,24263.465432,10.136545
2035-02-05,11,220476.722166,184068.526126,36408.19604,0.0,0.0,0.0,10751.78,0.0,24103.477185,9.147092
2035-02-05,12,255817.013611,102687.789182,153129.224428,0.0,502.8473,0.0,12296.7,0.0,23728.016792,10.781222
2035-02-05,13,221411.899241,95310.701803,126101.197438,0.0,1341.338057,0.0,14896.61,0.0,23628.278996,9.370632
2035-02-05,14,224578.29238,91407.553093,133170.739287,0.0,1481.350407,0.0,15179.85,0.0,23939.760356,9.380975
2035-02-05,15,239383.455176,96310.078965,143073.376212,0.0,1459.454264,0.0,15119.25,0.0,24270.589888,9.863108
2035-02-05,16,252629.723933,101343.942205,151285.781727,27.875246,1322.812283,0.0,14787.34,0.0,24641.985185,10.252004
2035-02-05,17,294424.206479,117249.239096,177174.967383,0.0,601.253796,0.0,12664.67,0.0,24927.968615,11.810999
2035-02-05,18,271738.654383,219511.177914,52227.476469,0.0,0.0,0.0,10282.18,0.0,24987.265003,10.875086
2035-02-05,19,354340.555286,181532.69406,172807.861226,0.0,0.0,0.0,6043.05,0.0,24935.665048,14.210191
2035-02-05,20,351243.435383,181528.646274,169714.789109,0.0,0.0,0.0,6045.43,0.0,24811.333344,14.156572
2035-02-05,21,335123.577488,173863.417248,161260.16024,0.0,0.0,0.0,6539.93,0.0,24609.665853,13.617559
2035-02-05,22,325364.063844,172327.394436,153036.669408,0.0,0.0,0.0,6388.91,0.0,24092.256679,13.504923
2035-02-05,23,290526.773312,172218.512402,118308.26091,0.0,0.0,0.0,6628.03,0.0,23027.283069,12.616633
2035-02-06,0,262769.525817,161689.900488,101079.625329,0.0,0.0,0.0,6929.25,0.0,22174.33878,11.850163
2035-02-06,1,241873.887733,161275.231867,80598.655867,0.0,0.0,0.0,7287.34,0.0,21609.207008,11.193094
2035-02-06,2,242873.622572,161275.231867,81598.390706,0.0,0.0,0.0,6866.9,0.0,21233.049473,11.438471
2035-02-06,3,245268.097488,161275.231867,83992.865621,0.0,0.0,0.0,6657.96,0.0,21135.671564,11.604462
2035-02-06,4,243931.55994,161275.231867,82656.328074,0.0,0.0,0.0,6703.81,0.0,21122.300294,11.548532
2035-02-06,5,242045.915767,161275.231867,80770.6839,0.0,0.0,0.0,6990.63,0.0,21312.99492,11.356729
2035-02-06,6,246533.203932,155377.076097,91156.127835,0.0,0.0,0.0,7454.05,0.0,21755.655595,11.331913
2035-02-06,7,246955.158364,149718.897258,97236.261105,0.0,0.0,0.0,7994.14,0.0,22163.331634,11.142511
2035-02-06,8,270942.921957,149718.897258,121224.024699,0.0,0.0,0.0,7160.88,0.0,22382.107467,12.105336
2035-02-06,9,291182.207529,177794.759912,113387.447618,0.0,0.0,0.0,6743.93,0.0,22831.72724,12.753403
2035-02-06,10,286600.805656,223218.833666,63381.97199,0.0,0.0,0.0,8272.8,0.0,23425.178938,12.234733
2035-02-06,11,294263.825729,123926.247982,170337.577747,0.0,95.99548,0.0,11306.74,0.0,24189.988588,12.164695
2035-02-06,12,266235.239172,112526.621221,153708.617951,0.0,1097.748556,0.0,13364.69,0.0,24826.681996,10.723754
2035-02-06,13,256975.678676,116994.817768,139980.860908,0.0,1836.074869,0.0,15923.92,0.0,25534.885216,10.06371
2035-02-06,14,265130.308949,117210.481119,147919.82783,0.0,1892.020142,0.0,16077.6,0.0,25962.85872,10.211907
2035-02-06,15,276218.34783,134452.675958,141765.671873,0.0,1737.723554,0.0,15867.1,0.0,26329.273092,10.490922
2035-02-06,16,289809.861851,135006.71959,154803.142261,0.0,1477.095294,0.0,15307.01,0.0,26618.635971,10.88748
2035-02-06,17,324636.888521,155253.770695,169383.117826,0.0,719.83123,0.0,12901.6,0.0,26577.636398,12.214664
2035-02-06,18,289619.765586,222007.522783,67612.242803,0.0,0.0,0.0,11041.32,0.0,25860.696395,11.199225
2035-02-06,19,318022.252844,174756.900617,143265.352227,0.0,0.0,0.0,8373.03,0.0,25098.575929,12.670928
2035-02-06,20,267400.793351,158611.659947,108789.133404,0.0,0.0,0.0,9894.4,0.0,24496.977457,10.915665
2035-02-06,21,200790.646203,120633.188223,80157.45798,0.0,0.0,0.0,12240.27,0.0,23856.278663,8.416679
2035-02-06,22,153428.759679,108648.842548,44779.917131,0.0,0.0,0.0,13428.21,0.0,23159.961013,6.624742
2035-02-06,23,118030.803696,79239.645496,38791.1582,0.0,0.0,0.0,14205.61,0.0,22311.652905,5.290097
2035-02-07,0,109237.965746,80744.263587,28493.702159,0.0,0.0,0.0,14512.23,0.0,21515.936532,5.077072
2035-02-07,1,90237.890249,70050.681629,20187.20862,0.0,0.0,0.0,14341.8,0.0,20994.167453,4.298236
2035-02-07,2,89870.403365,60988.074397,28882.328968,0.0,0.0,0.0,13878.39,0.0,20639.759249,4.354237
2035-02-07,3,94411.370334,60988.074397,33423.295937,0.0,0.0,0.0,13535.87,0.0,20537.001975,4.597135
2035-02-07,4,103849.315845,60988.074397,42861.241448,0.0,0.0,0.0,13057.51,0.0,20556.964813,5.051783
2035-02-07,5,116450.607224,79243.785364,37206.82186,0.0,0.0,0.0,12548.25,0.0,20613.121869,5.649344
2035-02-07,6,157765.107963,121978.023318,35787.084645,0.0,0.0,0.0,11451.17,0.0,21115.925501,7.47138
2035-02-07,7,187644.996218,121779.190719,65865.805499,0.0,0.0,0.0,10989.43,0.0,21870.117245,8.579972
2035-02-07,8,213583.949079,121777.129541,91806.819538,0.0,0.0,0.0,10590.25,0.0,22608.637148,9.447007
2035-02-07,9,232904.827797,140256.449289,92648.378508,0.0,0.0,0.0,10659.7,0.0,23502.825557,9.909652
2035-02-07,10,223821.414224,202277.062398,21544.351826,0.0,0.0,0.0,12194.7,0.0,24268.24193,9.222811
2035-02-07,11,298491.976745,112429.464251,186062.512494,0.0,354.71908,527.430464,12665.42,0.0,24835.592167,12.018718
2035-02-07,12,293969.618,114252.699095,179716.918905,0.0,1069.384641,0.0,13765.94,0.0,25001.300525,11.758173
2035-02-07,13,264010.903598,114247.782794,149763.120803,0.0,1700.895362,0.0,15726.48,0.0,25181.589074,10.484283
2035-02-07,14,270671.574767,110865.559935,159806.014832,0.0,1725.90817,0.0,15675.67,0.0,25370.84601,10.668607
2035-02-07,15,286742.429253,111496.027162,175246.402091,0.0,1579.657884,0.0,15127.29,0.0,25569.271073,11.214337
2035-02-07,16,292621.497091,136646.187401,155975.30969,0.0,1243.000943,0.0,14264.38,0.0,26120.612217,11.202704
2035-02-07,17,372760.108746,165216.768183,207543.340563,0.0,341.263433,0.0,10942.32,0.0,27010.704301,13.800459
2035-02-07,18,385343.945924,276210.000072,109133.945852,0.0,0.0,0.0,8278.07,0.0,27532.829988,13.995799
2035-02-07,19,427078.728423,219034.213691,208044.514732,0.0,0.0,0.0,5661.71,0.0,27565.249359,15.493374
2035-02-07,20,425967.822796,215049.574748,210918.248048,0.0,0.0,0.0,5804.82,0.0,27749.556085,15.350437
2035-02-07,21,388458.106742,206128.991917,182329.114825,0.0,0.0,0.0,7481.27,0.0,27820.222509,13.963156
2035-02-07,22,369945.508748,209186.436562,160759.072186,0.0,0.0,0.0,8362.16,0.0,27839.19607,13.288656
2035-02-07,23,333798.601604,184119.435819,149679.165785,0.0,0.0,0.0,9614.46,0.0,27774.348212,12.018233
2035-02-08,0,302039.079758,215262.088864,86776.990894,0.0,0.0,0.0,11690.54,0.0,28014.156059,10.781659
2035-02-08,1,288828.653292,182025.394635,106803.258657,0.0,0.0,0.0,12534.0,0.0,28338.25248,10.192183
2035-02-08,2,286874.489718,182025.394635,104849.095082,0.0,0.0,0.0,13015.21,0.0,28676.866179,10.00369
2035-02-08,3,297536.586026,182025.394635,115511.191391,0.0,0.0,0.0,13175.41,0.0,29383.589074,10.125944
2035-02-08,4,321377.505546,195694.368015,125683.137531,0.0,0.0,0.0,12834.55,0.0,30185.882341,10.646616
2035-02-08,5,312079.995595,199198.198651,112881.796945,0.0,0.0,0.0,13806.43,0.0,30645.637122,10.183505
2035-02-08,6,373261.699752,226003.939023,147257.760728,0.0,0.0,0.0,11814.74,0.0,31226.339002,11.953425
2035-02-08,7,461570.392059,233141.5484,228428.843659,0.0,0.0,0.0,8827.75,0.0,32145.479709,14.358796
2035-02-08,8,471889.036232,233137.315618,238751.720614,0.0,0.0,0.0,8524.52,0.0,32283.870125,14.616867
2035-02-08,9,476437.060758,241929.050688,234508.01007,0.0,0.0,0.0,8522.5,0.0,32447.932693,14.683125
2035-02-08,10,435712.019814,269868.935508,165843.084307,0.0,0.0,0.0,10448.7,0.0,32370.237665,13.460266
2035-02-08,11,491520.622324,201310.130386,290210.491938,0.0,94.894522,0.0,10033.42,0.0,32463.491292,15.14072
2035-02-08,12,482979.16818,201161.731238,281817.436942,0.0,728.913098,0.0,10658.86,0.0,32218.156879,14.9909
2035-02-08,13,473109.806388,201159.590776,271950.215612,0.0,1224.012691,0.0,11480.27,0.0,32117.092244,14.73078
2035-02-08,14,463238.493691,201552.676961,261685.816731,0.0,1403.152032,0.0,12115.56,0.0,32174.980413,14.397476
2035-02-08,15,464476.318258,201135.931402,263340.386856,0.0,1305.408965,0.0,12364.38,0.0,32630.47659,14.234433
2035-02-08,16,496628.552063,208916.585673,287711.96639,0.0,1095.403399,0.0,12186.43,0.0,33857.421035,14.668233
2035-02-08,17,559991.1343,208896.121139,351095.013161,0.0,405.921576,0.0,10171.69,0.0,35281.866022,15.871925
2035-02-08,18,563209.603881,313118.867095,250090.736786,0.0,0.0,0.0,8287.38,0.0,35541.463579,15.846551
2035-02-08,19,592323.980149,294421.198198,297902.781951,0.0,0.0,0.0,5751.56,0.0,35143.64755,16.854368
2035-02-08,20,599433.457513,276634.602551,322798.854962,0.0,0.0,0.0,5485.87,0.0,35225.734269,17.016919
2035-02-08,21,587882.304901,281534.527229,306347.777672,0.0,0.0,0.0,5703.95,0.0,34953.17286,16.81914
2035-02-08,22,574522.320547,281529.032331,292993.288216,0.0,0.0,0.0,5719.59,0.0,34369.053613,16.716268
2035-02-08,23,542111.024879,278843.956382,263267.068497,0.0,0.0,0.0,6442.39,0.0,33706.458452,16.083298
2035-02-09,0,515917.576441,283088.114683,232829.461758,0.0,0.0,0.0,7160.04,0.0,33316.107022,15.48553
2035-02-09,1,494113.050779,256859.459643,237253.591135,0.0,0.0,0.0,7936.65,0.0,33262.937886,14.854763
2035-02-09,2,508706.055661,259731.239485,248974.816176,0.0,0.0,0.0,7162.89,0.0,33113.260484,15.362608
2035-02-09,3,523441.825438,264934.840769,258506.984668,0.0,0.0,0.0,6604.3,0.0,33224.65481,15.75462
2035-02-09,4,541864.316155,264932.935925,276931.38023,0.0,0.0,0.0,6101.29,0.0,33495.558019,16.177199
2035-02-09,5,553438.479277,267973.743066,285464.736211,0.0,0.0,0.0,5695.29,0.0,33630.743643,16.456326
2035-02-09,6,566734.213497,274449.802206,292284.411291,0.0,0.0,0.0,5248.07,0.0,33364.232053,16.986281
2035-02-09,7,589811.022452,262702.658529,327108.363923,0.0,0.0,0.0,4953.61,0.0,33510.497003,17.600784
2035-02-09,8,597887.996684,262697.755853,335190.24083,0.0,0.0,0.0,4929.48,0.0,33841.694455,17.6672
2035-02-09,9,581978.137945,278188.366518,303789.771427,0.0,0.0,0.0,5654.28,0.0,33846.996054,17.194381
2035-02-09,10,582419.19132,312256.097762,270163.093558,0.0,49.704052,0.0,8199.27,0.0,34444.177909,16.909075
2035-02-09,11,541289.032548,224588.11606,316700.916488,0.0,257.986501,0.0,10036.11,0.0,34331.095104,15.766728
2035-02-09,12,494041.49117,211632.420884,282409.070285,0.0,1070.669471,0.0,12071.12,0.0,33416.081217,14.784543
2035-02-09,13,443766.766851,194673.33545,249093.431401,0.0,1706.218212,0.0,14165.93,0.0,32519.108655,13.646339
2035-02-09,14,443817.905061,190959.404175,252858.500886,0.0,1745.317045,0.0,13851.25,0.0,32072.387853,13.838006
2035-02-09,15,462537.093478,209964.855496,252572.237981,0.0,1590.590107,0.0,12955.02,0.0,32270.197054,14.333259
2035-02-09,16,479727.359815,213351.505516,266375.854299,0.0,1303.860654,0.0,11771.78,0.0,32899.721045,14.581502
2035-02-09,17,522725.147219,212436.092227,310289.054992,0.0,559.441701,0.0,9981.83,0.0,33840.327551,15.446811
2035-02-09,18,494514.14364,297616.972815,196897.170825,0.0,0.0,0.0,8430.7,0.0,34129.080593,14.489524
2035-02-09,19,527018.242876,286292.968161,240725.274715,0.0,0.0,0.0,5819.77,0.0,33789.37724,15.597158
2035-02-09,20,540138.229526,273412.419316,266725.81021,0.0,0.0,0.0,5110.16,0.0,33862.090111,15.951119
2035-02-09,21,533372.395956,273361.310015,260011.085941,0.0,0.0,0.0,5234.75,0.0,33702.17415,15.826053
2035-02-09,22,510677.209375,269872.7897,240804.419675,0.0,0.0,0.0,5474.5,0.0,32950.816097,15.498166
2035-02-09,23,476520.145092,257031.133651,219489.011441,0.0,0.0,0.0,6151.51,0.0,32262.366763,14.770155
2035-02-10,0,446816.863136,244488.43754,202328.425596,0.0,0.0,0.0,6932.91,0.0,31842.086036,14.032274
2035-02-10,1,424857.362085,220107.414744,204749.947341,0.0,0.0,0.0,7814.56,0.0,31806.262555,13.357664
2035-02-10,2,456790.775968,226784.656688,230006.11928,0.0,0.0,0.0,6062.14,0.0,31437.706904,14.530028
2035-02-10,3,485562.139565,232270.949691,253291.189874,0.0,0.0,0.0,4736.72,0.0,31366.54387,15.480256
2035-02-10,4,513735.437299,250258.431076,263477.006223,0.0,0.0,0.0,3721.8,0.0,31535.378839,16.290765
2035-02-10,5,532036.866284,254219.100969,277817.765315,0.0,0.0,0.0,3023.12,0.0,31654.380438,16.807685
2035-02-10,6,551610.171815,248165.457749,303444.714066,0.0,0.0,0.0,2567.67,0.0,31672.933661,17.415822
2035-02-10,7,562282.057415,248163.321703,314118.735712,0.0,0.0,0.0,2257.79,0.0,31812.249458,17.675017
2035-02-10,8,560835.41304,248163.321703,312672.091337,0.0,0.0,0.0,2346.14,0.0,31840.940228,17.613657
2035-02-10,9,542373.866104,248163.321703,294210.544401,0.0,0.0,0.0,3149.86,0.0,31872.561016,17.016953
2035-02-10,10,478071.057765,248163.321703,229907.736062,0.0,0.0,0.0,5193.33,0.0,31152.369058,15.346218
2035-02-10,11,452343.354782,249950.038368,202393.316415,0.0,0.0,0.0,5974.82,0.0,30680.754088,14.743554
2035-02-10,12,420612.077977,252860.67835,167751.399628,0.0,0.0,0.0,7375.45,0.0,29902.047509,14.06633
2035-02-10,13,439340.720419,171021.243252,268319.477167,0.0,441.752699,0.0,8962.29,0.0,29226.452412,15.032297
2035-02-10,14,440969.048335,171019.298425,269949.749911,0.0,562.744531,0.0,8799.03,0.0,28677.651978,15.376749
2035-02-10,15,433555.885858,171019.298425,262536.587434,0.0,448.299529,0.0,8683.49,0.0,28508.265467,15.208077
2035-02-10,16,437369.053809,170867.425335,266501.628474,0.0,62.187096,0.0,8332.75,0.0,28829.001469,15.171148
2035-02-10,17,424747.371988,257898.752236,166848.619752,0.0,0.0,0.0,6715.48,0.0,29393.907952,14.450184
2035-02-10,18,445276.220441,236475.48723,208800.733211,0.0,0.0,0.0,5311.38,0.0,29510.349228,15.088816
2035-02-10,19,471870.645803,222104.142856,249766.502947,0.0,0.0,0.0,3653.47,0.0,29090.56315,16.220746
2035-02-10,20,467517.102343,222104.142856,245412.959486,0.0,0.0,0.0,3803.06,0.0,29046.652871,16.095386
2035-02-10,21,429715.249511,219793.914326,209921.335185,0.0,0.0,0.0,5157.65,0.0,28766.185782,14.938207
2035-02-10,22,392440.169118,196322.288599,196117.880519,0.0,0.0,0.0,5994.27,0.0,27999.675623,14.015883
2035-02-10,23,356220.181959,201466.16172,154754.020238,0.0,0.0,0.0,6739.16,0.0,27221.939041,13.085775
2035-02-11,0,316719.748077,204162.296936,112557.451142,0.0,0.0,0.0,7664.1,0.0,26777.752827,11.827719
2035-02-11,1,297120.867376,168989.363196,128131.504181,0.0,0.0,0.0,8180.19,0.0,26523.608898,11.202128
2035-02-11,2,284427.127909,164732.035514,119695.092396,0.0,0.0,0.0,8620.8,0.0,26355.811293,10.791818
2035-02-11,3,279192.286695,164732.035514,114460.251182,0.0,0.0,0.0,8872.32,0.0,26357.664772,10.592452
2035-02-11,4,287474.115414,168994.110894,118480.00452,0.0,0.0,0.0,8849.64,0.0,26723.693867,10.757275
2035-02-11,5,317634.166317,170855.139136,146779.027181,0.0,0.0,0.0,8403.78,0.0,27660.136359,11.483464
2035-02-11,6,355960.327804,180763.953919,175196.373885,0.0,0.0,0.0,7901.78,0.0,28608.314796,12.442548
2035-02-11,7,366080.167208,180757.423941,185322.743267,0.0,0.0,0.0,7417.82,0.0,28573.526803,12.811865
2035-02-11,8,343487.791526,180757.423941,162730.367585,0.0,0.0,0.0,7920.88,0.0,28101.231924,12.223229
2035-02-11,9,330374.475665,180757.423941,149617.051724,0.0,0.0,0.0,8026.49,0.0,27630.536932,11.956861
2035-02-11,10,272708.664663,169296.338068,103412.326595,0.0,0.0,0.0,9977.21,0.0,27021.930409,10.092124
2035-02-11,11,269818.754497,204998.563199,64820.191297,0.0,0.0,0.0,10253.21,0.0,26468.887922,10.193808
2035-02-11,12,296198.718627,129558.399079,166640.319549,0.0,300.676603,0.0,11065.44,0.0,25757.351667,11.49958
2035-02-11,13,264831.329798,120707.9192,144123.410599,0.0,783.16382,0.0,12749.57,0.0,25219.319204,10.501129
2035-02-11,14,269326.560882,123939.462968,145387.097913,0.0,897.656901,0.0,12811.86,0.0,25114.427321,10.723978
2035-02-11,15,282255.438971,132947.446402,149307.992569,0.0,923.36685,0.0,12542.98,0.0,25114.213557,11.238872
2035-02-11,16,284337.157791,127570.170922,156766.98687,0.0,1094.744312,0.0,12519.43,0.0,25595.982113,11.108664
2035-02-11,17,307414.36858,132941.194979,174473.1736,0.0,364.229177,0.0,10457.05,0.0,26233.929125,11.718198
2035-02-11,18,301507.21669,205840.961788,95666.254902,0.0,0.0,0.0,8848.21,0.0,26316.241753,11.457077
2035-02-11,19,356101.329001,179849.737275,176251.591725,0.0,0.0,0.0,5882.87,0.0,26077.483527,13.65551
2035-02-11,20,313651.471726,175993.66931,137657.802416,0.0,0.0,0.0,7591.92,0.0,25962.430129,12.080975
2035-02-11,21,261237.146383,137233.602782,124003.543601,0.0,0.0,0.0,9851.13,0.0,25911.505304,10.081898
2035-02-11,22,232612.264595,133630.3851,98981.879495,0.0,0.0,0.0,10790.27,0.0,25553.973545,9.102783
2035-02-11,23,218922.090018,136850.430482,82071.659536,0.0,0.0,0.0,10536.29,0.0,24859.252412,8.806463
2035-02-12,0,174843.015179,119837.697329,55005.31785,0.0,0.0,0.0,12254.36,0.0,24455.869017,7.149327
2035-02-12,1,169693.615759,116466.125077,53227.490682,0.0,0.0,0.0,12357.92,0.0,24294.017584,6.984996
2035-02-12,2,181962.785956,116466.125077,65496.660879,0.0,0.0,0.0,11940.21,0.0,24487.069838,7.430974
2035-02-12,3,183492.842567,116466.125077,67026.717489,0.0,0.0,0.0,11975.67,0.0,24601.095738,7.458726
2035-02-12,4,209652.244749,144976.291084,64675.953665,0.0,0.0,0.0,11307.71,0.0,25184.965769,8.3245
2035-02-12,5,238423.838421,144968.393691,93455.44473,0.0,0.0,0.0,11327.69,0.0,26570.318553,8.973315
2035-02-12,6,289361.847481,173759.503202,115602.344279,0.0,0.0,0.0,10433.68,0.0,27978.446938,10.342313
2035-02-12,7,345710.692378,175578.590639,170132.101739,0.0,0.0,0.0,8255.43,0.0,27991.163505,12.350708
2035-02-12,8,361688.994532,178446.020724,183242.973808,0.0,0.0,0.0,6771.33,0.0,27196.816686,13.298946
2035-02-12,9,351547.812049,179660.627978,171887.184071,0.0,0.0,0.0,6232.18,0.0,26219.437811,13.407908
2035-02-12,10,319280.080347,180092.538137,139187.54221,0.0,0.0,0.0,7021.42,0.0,25583.179828,12.480078
2035-02-12,11,296515.605652,222795.884387,73719.721265,0.0,0.0,0.0,7520.3,0.0,24705.247833,12.00213
2035-02-12,12,314135.204902,157746.314775,156388.890127,0.0,289.204529,0.0,8719.47,0.0,23741.701306,13.231369
2035-02-12,13,289897.369598,157743.567326,132153.802272,0.0,676.316109,0.0,9442.43,0.0,23263.701232,12.461361
2035-02-12,14,291496.352613,155813.22388,135683.128732,0.0,867.247034,0.0,9405.85,0.0,23024.741325,12.660136
2035-02-12,15,302635.816083,160193.940558,142441.875525,0.0,763.290233,0.0,8933.84,0.0,23068.462442,13.119028
2035-02-12,16,327277.071629,164073.980838,163203.090791,0.0,732.516642,0.0,8567.69,0.0,23618.642369,13.856727
2035-02-12,17,359271.494616,249982.003874,109289.490742,0.0,40.123202,0.0,6263.52,0.0,24090.511745,14.913402
2035-02-12,18,350904.175823,191740.872992,159163.302831,0.0,0.0,0.0,4256.35,0.0,24584.234567,14.273545
2035-02-12,19,408309.531385,205993.599016,202315.93237,0.0,0.0,0.0,2026.35,0.0,24845.003537,16.434271
2035-02-12,20,425661.778619,205989.435645,219672.342974,0.0,0.0,0.0,1631.45,0.0,25208.58221,16.88559
2035-02-12,21,405193.380344,205989.435645,199203.944699,0.0,0.0,0.0,2706.31,0.0,25429.014933,15.934293
2035-02-12,22,362510.419519,200507.64282,162002.776699,0.0,0.0,0.0,4675.35,0.0,25507.473418,14.21193
2035-02-12,23,352969.927363,201937.584667,151032.342697,0.0,0.0,0.0,5015.68,0.0,25488.826895,13.848026
2035-02-13,0,335515.849608,193608.637817,141907.21179,0.0,0.0,0.0,5644.96,0.0,25670.322879,13.070184
2035-02-13,1,319768.34461,171903.574624,147864.769986,0.0,0.0,0.0,6569.19,0.0,25975.472834,12.310396
2035-02-13,2,324972.56716,172320.401776,152652.165384,0.0,0.0,0.0,6610.36,0.0,26251.091867,12.379392
2035-02-13,3,331513.347069,174004.053297,157509.293772,0.0,0.0,0.0,6855.73,0.0,26800.862896,12.369503
2035-02-13,4,341386.105211,183014.787059,158371.318152,0.0,0.0,0.0,7146.91,0.0,27520.34336,12.404864
2035-02-13,5,364869.850002,190571.825861,174298.024141,0.0,0.0,0.0,6963.25,0.0,28414.274007,12.841076
2035-02-13,6,381843.400263,198237.077448,183606.322816,0.0,0.0,0.0,6768.92,0.0,28983.209419,13.174642
2035-02-13,7,391410.061315,198234.900269,193175.161046,0.0,0.0,0.0,6567.52,0.0,29207.300373,13.401104
2035-02-13,8,342716.788496,188991.701101,153725.087394,0.0,0.0,0.0,7942.78,0.0,28432.747075,12.053594
2035-02-13,9,302054.731107,159527.946996,142526.784111,0.0,0.0,0.0,8546.14,0.0,27207.220694,11.102006
2035-02-13,10,272039.30064,152390.360277,119648.940363,0.0,0.0,0.0,9391.17,0.0,26653.544137,10.206496
2035-02-13,11,257569.624834,140854.62316,116715.001673,0.0,0.0,0.0,9429.51,0.0,26007.47713,9.903676
2035-02-13,12,235943.662865,140854.62316,95089.039705,0.0,0.0,0.0,9814.03,0.0,25351.992336,9.306711
2035-02-13,13,221919.912742,139474.592291,82445.32045,0.0,0.0,0.0,10274.62,0.0,25118.576222,8.834892
2035-02-13,14,213449.752782,139474.592291,73975.16049,0.0,0.0,0.0,10378.49,0.0,24805.167677,8.605052
2035-02-13,15,212011.155452,127530.427902,84480.72755,0.0,0.0,0.0,10569.69,0.0,24923.853421,8.506355
2035-02-13,16,209329.255317,127530.427902,81798.827415,0.0,0.0,0.0,11242.65,0.0,25454.290538,8.223732
2035-02-13,17,243188.859351,140858.503605,102330.355746,0.0,0.0,0.0,10171.51,0.0,25979.645403,9.360746
2035-02-13,18,259435.736554,145116.69854,114319.038014,0.0,0.0,0.0,9727.44,0.0,26272.032342,9.874978
2035-02-13,19,269645.154396,145111.950843,124533.203553,0.0,0.0,0.0,8960.52,0.0,25986.472233,10.376366
2035-02-13,20,228851.570759,140854.62316,87996.947599,0.0,0.0,0.0,10631.44,0.0,25706.661512,8.902423
2035-02-13,21,175792.813378,117829.382874,57963.430505,0.0,0.0,0.0,13191.83,0.0,25546.572358,6.881268
2035-02-13,22,150361.365143,99595.899606,50765.465537,0.0,0.0,0.0,14343.06,0.0,25325.543346,5.937143
2035-02-13,23,142038.680299,108660.411567,33378.268733,0.0,0.0,0.0,14322.37,0.0,24673.23275,5.756792
2035-02-14,0,136275.668324,97122.769721,39152.898603,0.0,0.0,0.0,13974.68,0.0,24041.159088,5.668432
2035-02-14,1,137524.288834,97122.769721,40401.519114,0.0,0.0,0.0,13443.27,0.0,23774.428546,5.784547
2035-02-14,2,142493.782844,88060.162489,54433.620355,0.0,0.0,0.0,13060.16,0.0,23684.992302,6.016206
2035-02-14,3,150734.711308,88060.162489,62674.548819,0.0,0.0,0.0,12791.15,0.0,23896.870142,6.307718
2035-02-14,4,171837.548902,117836.026385,54001.522516,0.0,0.0,0.0,12208.98,0.0,24460.242225,7.025178
2035-02-14,5,185781.633156,138021.173147,47760.460009,0.0,0.0,0.0,12457.71,0.0,25181.780303,7.377621
2035-02-14,6,202374.245323,116251.944376,86122.300948,0.0,0.0,0.0,12423.21,0.0,25332.907501,7.988591
2035-02-14,7,214528.549594,121959.088101,92569.461494,0.0,0.0,0.0,12046.4,0.0,25501.747086,8.412308
2035-02-14,8,235776.30822,129479.131434,106297.176786,0.0,0.0,0.0,11088.91,0.0,25501.564364,9.245563
2035-02-14,9,249423.581945,137830.105908,111593.476037,0.0,0.0,0.0,10186.18,0.0,25189.999116,9.901691
2035-02-14,10,227249.582453,137823.368704,89426.213749,0.0,0.0,0.0,10646.14,0.0,24666.738864,9.212794
2035-02-14,11,215431.735348,144627.504931,70804.230417,0.0,0.0,0.0,10671.42,0.0,24071.959336,8.949489
2035-02-14,12,218495.028366,144110.281922,74384.746444,0.0,0.0,0.0,11263.62,0.0,23607.951943,9.255145
2035-02-14,13,220520.51847,89941.856808,130578.661663,0.0,524.254165,0.0,13107.21,0.0,23402.606786,9.422904
2035-02-14,14,224175.596382,94650.316912,129525.27947,0.0,490.604818,0.0,12669.42,0.0,23248.738989,9.642484
2035-02-14,15,238855.947288,98558.400128,140297.54716,0.0,412.12226,0.0,12093.41,0.0,23346.652413,10.230844
2035-02-14,16,249283.906236,101587.117662,147696.788574,0.0,503.087584,0.0,12216.35,0.0,23841.220271,10.456004
2035-02-14,17,298993.607823,128407.552105,170586.055718,0.0,41.126172,0.0,10393.3,0.0,24285.821689,12.311447
2035-02-14,18,323936.351898,253234.876642,70701.475256,0.0,16.736894,0.0,8013.82,0.0,24526.74174,13.207476
2035-02-14,19,339928.751789,190868.296924,149060.454865,0.0,0.0,0.0,4481.7,0.0,24416.84277,13.921896
2035-02-14,20,334019.589914,190864.262567,143155.327347,0.0,0.0,0.0,4716.51,0.0,24424.612113,13.675533
2035-02-14,21,299452.954773,176418.434169,123034.520604,0.0,0.0,0.0,6090.11,0.0,24258.440421,12.344279
2035-02-14,22,255604.596043,157397.454426,98207.141617,0.0,0.0,0.0,7439.41,0.0,23565.584258,10.846521
2035-02-14,23,219421.872829,151693.30462,67728.568209,0.0,0.0,0.0,8255.67,0.0,22653.092711,9.686177
2035-02-15,0,194967.848855,115925.13392,79042.714934,0.0,0.0,0.0,8952.36,0.0,22174.310129,8.79251
2035-02-15,1,175674.737213,114077.000508,61597.736706,0.0,0.0,0.0,9694.37,0.0,22164.36208,7.926
2035-02-15,2,202709.762142,127532.506634,75177.255508,0.0,0.0,0.0,8310.47,0.0,22142.849957,9.154637
2035-02-15,3,228081.701424,140858.503605,87223.197819,0.0,0.0,0.0,7297.68,0.0,22409.299878,10.177993
2035-02-15,4,259892.509826,143372.212775,116520.297051,0.0,0.0,0.0,6319.11,0.0,22958.919839,11.319893
2035-02-15,5,281146.279316,170864.007145,110282.272171,0.0,0.0,0.0,6307.29,0.0,23942.152417,11.742732
2035-02-15,6,303364.787966,177616.274049,125748.513917,0.0,0.0,0.0,6635.57,0.0,25111.158711,12.080876
2035-02-15,7,304704.283669,152677.642915,152026.640754,0.0,0.0,0.0,7449.37,0.0,25207.477085,12.087853
2035-02-15,8,283329.099424,152408.819384,130920.28004,0.0,0.0,0.0,8126.73,0.0,24954.848763,11.353669
2035-02-15,9,253717.896717,144112.555927,109605.34079,0.0,0.0,0.0,8692.24,0.0,24129.091813,10.515021
2035-02-15,10,214150.239169,132704.876097,81445.363071,0.0,0.0,0.0,9899.85,0.0,23593.323729,9.07673
2035-02-15,11,213496.376014,136043.536337,77452.839676,0.0,0.0,0.0,9580.92,0.0,23223.763838,9.193014
2035-02-15,12,211755.218793,155539.847017,56215.371776,0.0,0.0,0.0,9824.68,0.0,22938.669595,9.231364
2035-02-15,13,243143.542368,106649.523261,136494.019106,0.0,209.223229,0.0,11195.66,0.0,23071.681414,10.538614
2035-02-15,14,252038.9554,109640.609621,142398.345779,0.0,183.138902,0.0,11267.53,0.0,23110.253709,10.905936
2035-02-15,15,239817.478248,102826.518872,136990.959377,0.0,155.948363,0.0,11287.5,0.0,23185.9098,10.343242
2035-02-15,16,206540.305993,101653.572945,104886.733048,0.0,1401.819012,0.0,14000.02,0.0,23461.584055,8.80334
2035-02-15,17,253449.803298,117566.368873,135883.434426,0.0,698.264752,0.0,11760.0,0.0,23527.868565,10.772323
2035-02-15,18,240066.189146,181958.59563,58107.593516,0.0,0.0,0.0,9401.3,0.0,23644.409856,10.15319
2035-02-15,19,322302.599807,182799.641327,139502.95848,0.0,0.0,0.0,4867.23,0.0,23687.721597,13.606315
2035-02-15,20,326634.324362,174709.455789,151924.868573,0.0,0.0,0.0,4375.29,0.0,23641.548071,13.816114
2035-02-15,21,319500.028004,174371.536086,145128.491918,0.0,0.0,0.0,4555.7,0.0,23588.213875,13.544901
2035-02-15,22,308444.233234,175670.328391,132773.904844,0.0,0.0,0.0,4804.76,0.0,23372.056162,13.197137
2035-02-15,23,316992.601162,167324.011549,149668.589612,0.0,0.0,0.0,4049.32,0.0,22993.642138,13.786098
2035-02-16,0,321070.413265,173619.510522,147450.902743,0.0,0.0,0.0,3505.35,0.0,22806.465766,14.078043
2035-02-16,1,323730.361575,185905.246684,137825.114891,0.0,0.0,0.0,3197.07,0.0,22784.545336,14.208331
2035-02-16,2,343784.601249,184600.526863,159184.074386,0.0,0.0,0.0,2324.09,0.0,22833.171989,15.056366
2035-02-16,3,342924.237965,184600.526863,158323.711102,0.0,0.0,0.0,2598.92,0.0,23081.253851,14.857262
2035-02-16,4,328747.686188,184600.526863,144147.159325,0.0,0.0,0.0,3706.04,0.0,23563.223142,13.951728
2035-02-16,5,347049.614652,186323.405924,160726.208728,0.0,0.0,0.0,3274.01,0.0,23949.016195,14.491185
2035-02-16,6,363972.30867,200908.337406,163063.971264,0.0,0.0,0.0,2979.99,0.0,24391.820783,14.9219
2035-02-16,7,388953.738787,199309.794272,189643.944515,0.0,0.0,0.0,2879.79,0.0,25237.747163,15.411587
2035-02-16,8,409024.781926,199307.936527,209716.845399,0.0,0.0,0.0,2332.53,0.0,25563.494683,16.000347
2035-02-16,9,385884.280094,193826.143702,192058.136392,0.0,0.0,0.0,3066.68,0.0,25292.094992,15.25711
2035-02-16,10,349840.003264,189444.537321,160395.465943,0.0,0.0,0.0,4144.16,0.0,24789.235586,14.112577
2035-02-16,11,322805.405783,187204.121185,135601.284598,0.0,0.0,0.0,5097.09,0.0,24526.416986,13.161539
2035-02-16,12,285094.410424,220705.249079,64389.161345,0.0,0.0,0.0,7096.57,0.0,24277.786863,11.743015
2035-02-16,13,308078.300845,138911.994336,169166.306509,0.0,605.991183,0.0,9651.33,0.0,23956.552777,12.859876
2035-02-16,14,297740.902657,133122.94173,164617.960926,0.0,591.637987,0.0,10014.48,0.0,23531.995099,12.652599
2035-02-16,15,280073.307641,134135.408244,145937.899397,0.0,512.487238,0.0,10623.7,0.0,23295.128219,12.022827
2035-02-16,16,250435.227114,124860.940282,125574.286832,0.0,252.17614,0.0,10605.56,0.0,23757.560468,10.541285
2035-02-16,17,270583.056693,152592.573728,117990.482965,0.0,0.0,0.0,9475.33,0.0,24524.291772,11.033267
2035-02-16,18,287160.96003,179551.751111,107609.208919,0.0,0.0,0.0,8126.4,0.0,24725.702093,11.613865
2035-02-16,19,333109.464756,168886.717607,164222.74715,0.0,0.0,0.0,6030.5,0.0,24813.526458,13.424511
2035-02-16,20,308596.698804,166895.088374,141701.61043,0.0,0.0,0.0,6954.0,0.0,24744.562362,12.471293
2035-02-16,21,254090.626683,150004.189637,104086.437046,0.0,0.0,0.0,9230.75,0.0,24646.183937,10.309532
2035-02-16,22,229102.183968,132345.587085,96756.596883,0.0,0.0,0.0,10040.27,0.0,24350.468416,9.408533
2035-02-16,23,220432.390696,132345.587085,88086.803611,0.0,0.0,0.0,9916.04,0.0,23845.758399,9.244092
2035-02-17,0,219173.88959,132345.587085,86828.302505,0.0,0.0,0.0,9690.85,0.0,23563.376447,9.301464
2035-02-17,1,218749.078897,136456.229683,82292.849214,0.0,0.0,0.0,9313.55,0.0,23243.03584,9.411382
2035-02-17,2,239410.422684,139440.916415,99969.506269,0.0,0.0,0.0,8185.04,0.0,23068.27631,10.37834
2035-02-17,3,288403.81998,156221.646786,132182.173194,0.0,0.0,0.0,6168.39,0.0,23192.776402,12.435071
2035-02-17,4,325840.309331,163834.730879,162005.578453,0.0,0.0,0.0,4745.36,0.0,23410.047122,13.918823
2035-02-17,5,351844.143117,178181.519929,173662.623187,0.0,0.0,0.0,3864.6,0.0,23657.507291,14.87241
2035-02-17,6,362027.418657,178175.56889,183851.849767,0.0,0.0,0.0,3551.16,0.0,23789.88246,15.217705
2035-02-17,7,361577.831646,179898.447951,181679.383695,0.0,0.0,0.0,4054.97,0.0,24280.32735,14.891802
2035-02-17,8,401340.292942,186967.470314,214372.822628,0.0,0.0,0.0,3149.75,0.0,25057.898787,16.016518
2035-02-17,9,387741.215798,186963.192064,200778.023734,0.0,0.0,0.0,4206.51,0.0,25553.990612,15.173412
2035-02-17,10,316995.851453,178302.51979,138693.331663,0.0,0.0,0.0,6940.17,0.0,25068.355479,12.645259
2035-02-17,11,279570.531081,204308.190308,75262.340773,0.0,0.0,0.0,8363.67,0.0,24337.952286,11.487019
2035-02-17,12,276011.761727,119237.730276,156774.031451,0.0,250.756635,0.0,10887.53,0.0,23602.503616,11.694173
2035-02-17,13,230827.819615,96682.323508,134145.496107,0.0,1037.029313,0.0,13190.86,0.0,23145.449978,9.972924
2035-02-17,14,233220.813976,97685.230367,135535.583609,0.0,1234.568752,0.0,12765.31,0.0,22834.829301,10.213381
2035-02-17,15,246085.75678,104330.45994,141755.29684,0.0,1114.649437,0.0,12119.84,0.0,22909.70596,10.74155
2035-02-17,16,242409.659942,116032.980986,126376.678956,0.0,1194.683897,0.0,11687.72,0.0,23563.872462,10.287344
2035-02-17,17,319279.664819,131947.784615,187331.880204,0.0,265.541542,0.0,9602.37,0.0,24372.145828,13.100187
2035-02-17,18,291087.404357,225888.302023,65199.102333,0.0,0.0,0.0,7963.16,0.0,25045.290632,11.622441
2035-02-17,19,304594.857045,177593.401924,127001.45512,0.0,0.0,0.0,6606.44,0.0,24818.257577,12.273015
2035-02-17,20,287985.298165,157172.167422,130813.130743,0.0,0.0,0.0,7424.53,0.0,24960.299309,11.537734
2035-02-17,21,243251.337741,146630.161708,96621.176034,0.0,0.0,0.0,9665.48,0.0,25170.165647,9.664272
2035-02-17,22,221756.695512,140252.562443,81504.133069,0.0,0.0,0.0,10751.17,0.0,25285.637289,8.770066
2035-02-17,23,201308.505442,144953.335435,56355.170007,0.0,0.0,0.0,11327.51,0.0,25013.484011,8.047999
2035-02-18,0,180212.248786,117827.223281,62385.025505,0.0,0.0,0.0,12066.0,0.0,24743.130928,7.283324
2035-02-18,1,161561.112365,104545.787615,57015.32475,0.0,0.0,0.0,12921.7,0.0,24633.691878,6.558542
2035-02-18,2,162864.624553,105390.104051,57474.520502,0.0,0.0,0.0,13035.5,0.0,24781.736127,6.571962
2035-02-18,3,166404.321918,116297.959789,50106.362129,0.0,0.0,0.0,13181.6,0.0,25102.768563,6.628923
2035-02-18,4,182397.914066,117435.943,64961.971066,0.0,0.0,0.0,13030.42,0.0,25725.744549,7.090093
2035-02-18,5,189609.055746,137191.61008,52417.445666,0.0,0.0,0.0,13133.24,0.0,26215.734127,7.232643
2035-02-18,6,204372.887209,139873.85399,64499.033219,0.0,0.0,0.0,13069.1,0.0,26485.329805,7.716456
2035-02-18,7,220364.873756,141249.667521,79115.206235,0.0,0.0,0.0,13112.2,0.0,27319.003958,8.066358
2035-02-18,8,240067.274719,153193.811326,86873.463394,0.0,0.0,0.0,12614.49,0.0,27752.026847,8.650441
2035-02-18,9,257449.315279,158902.905566,98546.409713,0.0,0.0,0.0,11865.27,0.0,27852.655847,9.243259
2035-02-18,10,242418.624164,158896.031202,83522.592962,0.0,0.0,0.0,12169.03,0.0,27485.454605,8.819888
2035-02-18,11,246077.459628,159518.777907,86558.681721,0.0,0.0,0.0,11536.5,0.0,27028.768535,9.104279
2035-02-18,12,249923.640555,202617.41186,47306.228695,0.0,0.0,0.0,11684.68,0.0,26727.595599,9.350772
2035-02-18,13,289676.681898,117561.281922,172115.399976,0.0,37.792002,0.0,12828.22,0.0,26447.682851,10.952819
2035-02-18,14,235330.983126,165488.828273,69842.154854,0.0,0.0,0.0,12494.85,0.0,26286.685559,8.952478
2035-02-18,15,234248.399316,171883.035679,62365.363637,0.0,0.0,0.0,12287.57,0.0,26176.397265,8.94884
2035-02-18,16,293190.993602,133893.179952,159297.81365,0.0,535.736016,0.0,13571.79,0.0,26908.104684,10.896011
2035-02-18,17,336178.384036,130475.542061,205702.841976,0.491875,13.262538,0.0,11956.58,0.0,27917.625273,12.041797
2035-02-18,18,301080.695491,223228.806294,77851.889198,0.0,0.0,0.0,10919.26,0.0,28239.442677,10.661708
2035-02-18,19,319117.351612,165193.28275,153924.068863,0.0,0.0,0.0,9471.8,0.0,28095.764652,11.358201
2035-02-18,20,286811.199804,166524.533748,120286.666055,0.0,0.0,0.0,10689.22,0.0,27920.283887,10.272503
2035-02-18,21,230330.542002,143230.936383,87099.60562,0.0,0.0,0.0,13162.14,0.0,27679.324632,8.321393
2035-02-18,22,212855.913994,129906.741124,82949.17287,0.0,0.0,0.0,13953.34,0.0,27562.613933,7.722632
2035-02-18,23,203897.713991,129906.741124,73990.972866,0.0,0.0,0.0,14168.84,0.0,27323.704386,7.462301
2035-02-19,0,198579.644633,129906.741124,68672.903509,0.0,0.0,0.0,13959.51,0.0,26900.636761,7.381968
2035-02-19,1,193920.548341,133845.863257,60074.685083,0.0,0.0,0.0,13660.7,0.0,26557.111996,7.302019
2035-02-19,2,194151.47525,133843.97912,60307.496131,0.0,0.0,0.0,13411.22,0.0,26341.372086,7.370591
2035-02-19,3,191989.572504,133843.97912,58145.593384,0.0,0.0,0.0,13347.96,0.0,26230.828651,7.319234
2035-02-19,4,198587.666647,145933.425989,52654.240658,0.0,0.0,0.0,13070.39,0.0,26355.178968,7.535053
2035-02-19,5,200091.778866,145929.764174,54162.014693,0.0,0.0,0.0,13062.26,0.0,26486.935051,7.554358
2035-02-19,6,234012.745832,159832.396066,74180.349766,0.0,0.0,0.0,12457.59,0.0,27189.696981,8.60667
2035-02-19,7,264557.813588,161772.17266,102785.640927,0.0,0.0,0.0,11620.91,0.0,27753.575435,9.532387
2035-02-19,8,312939.41884,198316.477207,114622.941632,0.0,0.0,0.0,9720.54,0.0,28080.394757,11.14441
2035-02-19,9,346104.969174,261986.114839,84118.854335,0.0,0.0,0.0,9174.8,0.0,28625.287033,12.090882
2035-02-19,10,402244.940493,198486.875117,203758.065376,0.0,122.501593,0.0,10798.12,0.0,29569.593518,13.60333
2035-02-19,11,408271.780156,204590.653911,203681.126245,0.0,690.330532,0.0,11105.28,0.0,29827.692143,13.687676
2035-02-19,12,411408.1761,204586.508125,206821.667974,0.0,1510.551896,0.0,12228.64,0.0,30028.751522,13.700476
2035-02-19,13,395111.875519,206770.35013,188341.525389,0.0,2148.701418,0.0,13792.59,0.0,30290.240985,13.044197
2035-02-19,14,421749.20665,215069.605234,206679.601415,0.0,1974.210591,0.0,12628.75,0.0,30378.596307,13.883104
2035-02-19,15,442555.314146,212721.573171,229833.740976,0.0,1528.419196,0.0,11303.84,0.0,30738.004908,14.397659
2035-02-19,16,481878.994362,216714.481318,265164.513045,0.0,874.718629,0.0,9675.12,0.0,31499.60996,15.297935
2035-02-19,17,478820.507963,280336.8596,198483.648363,0.0,0.0,0.0,6833.25,0.0,32059.798322,14.935231
2035-02-19,18,498012.2771,276200.003064,221812.274036,0.0,0.0,0.0,4503.37,0.0,31513.295689,15.803243
2035-02-19,19,540504.496257,266309.649641,274194.846616,0.0,0.0,0.0,1806.53,0.0,30832.57449,17.530307
2035-02-19,20,560155.562774,266307.745706,293847.817068,0.0,0.0,0.0,604.02,0.0,30473.372983,18.381804
2035-02-19,21,556180.194715,266307.745706,289872.449009,0.0,0.0,0.0,548.33,0.0,30243.959265,18.389794
2035-02-19,22,537424.283646,261896.398701,275527.884945,0.0,0.0,0.0,1074.54,0.0,29950.626527,17.943674
2035-02-19,23,532873.952685,259329.599293,273544.353392,0.0,0.0,0.0,640.67,0.0,29299.290985,18.187264
2035-02-20,0,516213.501545,258112.45206,258101.049485,0.0,0.0,0.0,1127.15,0.0,29037.906656,17.777228
2035-02-20,1,504804.023125,258112.45206,246691.571065,0.0,0.0,0.0,1680.79,0.0,29044.887856,17.380133
2035-02-20,2,511694.652658,258112.45206,253582.200598,0.0,0.0,0.0,1448.55,0.0,29158.253242,17.548879
2035-02-20,3,526543.620966,258112.45206,268431.168906,0.0,0.0,0.0,1421.05,0.0,29823.329271,17.655427
2035-02-20,4,548059.176208,257428.458869,290630.717339,0.0,0.0,0.0,1861.8,0.0,30925.711399,17.721797
2035-02-20,5,570426.406884,260913.307319,309513.099565,0.0,0.0,0.0,1988.86,0.0,32012.832229,17.81868
2035-02-20,6,573970.192237,255766.674603,318203.517633,0.0,0.0,0.0,2460.48,0.0,32533.072851,17.642668
2035-02-20,7,554517.830259,242764.329467,311753.500792,0.0,0.0,0.0,3595.59,0.0,32301.637034,17.166865
2035-02-20,8,515929.1289,242764.329467,273164.799433,0.0,0.0,0.0,4551.07,0.0,31649.390534,16.301392
2035-02-20,9,428859.320564,228872.485206,199986.835358,0.0,0.0,0.0,6958.52,0.0,30321.107064,14.14392
2035-02-20,10,373742.519176,253731.732299,120010.786877,0.0,15.040215,0.0,11048.7,0.0,28957.487673,12.906593
2035-02-20,11,352837.610895,191342.7084,161494.902495,0.0,552.666663,0.0,11477.75,0.0,27608.812619,12.779891
2035-02-20,12,314535.431737,209124.54942,105410.882317,0.0,1510.497971,0.0,12754.0,0.0,26319.151204,11.95082
2035-02-20,13,266127.16494,193321.243628,72805.921312,0.0,2201.709469,0.0,14413.34,0.0,25281.638,10.5265
2035-02-20,14,261212.537003,154716.22227,106496.314733,0.0,2199.507843,0.0,13724.64,0.0,24316.402827,10.742236
2035-02-20,15,272577.40954,169434.20233,103143.20721,0.0,2000.227367,0.0,12698.95,0.0,23934.030532,11.388696
2035-02-20,16,295573.080259,189470.843138,106102.237121,0.0,1513.420153,0.0,11285.1,0.0,24122.135172,12.253189
2035-02-20,17,354564.383781,195815.859288,158748.524493,0.0,390.889457,0.0,8074.82,0.0,24643.372368,14.387819
2035-02-20,18,362028.41689,283620.737983,78407.678907,0.0,0.0,0.0,5565.83,0.0,25386.402981,14.260721
2035-02-20,19,429612.019446,239911.540538,189700.478908,0.0,0.0,0.0,2788.34,0.0,25882.162013,16.598769
2035-02-20,20,447095.685951,231712.265956,215383.419994,0.0,0.0,0.0,2384.2,0.0,26285.193158,17.009412
2035-02-20,21,428926.126698,231712.265956,197213.860741,0.0,0.0,0.0,3465.26,0.0,26576.350411,16.139392
2035-02-20,22,387390.192864,212538.637947,174851.554917,0.0,0.0,0.0,5078.6,0.0,26491.599146,14.623134
2035-02-20,23,366145.936806,198854.93098,167291.005826,0.0,0.0,0.0,5531.97,0.0,26111.328788,14.022493
2035-02-21,0,350703.585348,201635.507903,149068.077445,0.0,0.0,0.0,5887.61,0.0,25825.939273,13.579509
2035-02-21,1,346002.787165,179116.905615,166885.88155,0.0,0.0,0.0,6232.15,0.0,26000.284336,13.307654
2035-02-21,2,362106.432083,187234.048855,174872.383228,0.0,0.0,0.0,5895.31,0.0,26367.583328,13.733016
2035-02-21,3,375953.146862,194299.062996,181654.083866,0.0,0.0,0.0,5702.29,0.0,26787.594985,14.034599
2035-02-21,4,401774.185032,212893.25207,188880.932961,0.0,0.0,0.0,5438.55,0.0,27465.604948,14.628266
2035-02-21,5,434804.19797,210916.350805,223887.847164,0.0,0.0,0.0,5101.44,0.0,28326.69748,15.349626
2035-02-21,6,460975.223489,210910.218803,250065.004685,0.0,0.0,0.0,4801.88,0.0,29149.835678,15.81399
2035-02-21,7,454398.14612,210910.218803,243487.927317,0.0,0.0,0.0,4575.2,0.0,28654.723254,15.857705
2035-02-21,8,407709.122868,208225.142854,199483.980014,0.0,0.0,0.0,6128.3,0.0,28216.710382,14.449208
2035-02-21,9,338860.705241,188874.546848,149986.158393,0.0,0.0,0.0,8397.44,0.0,27490.921413,12.326277
2035-02-21,10,280050.843776,237183.534124,42867.309652,0.0,0.0,0.0,10733.49,0.0,26820.299661,10.441749
2035-02-21,11,339129.99318,145792.768016,193337.225164,0.0,319.187561,0.0,11615.8,0.0,26475.469493,12.809215
2035-02-21,12,330373.075556,130457.150884,199915.924672,0.0,1197.296766,0.0,13078.4,0.0,25795.11277,12.807584
2035-02-21,13,286204.898362,117931.857384,168273.040978,0.0,1942.935308,0.0,15219.01,0.0,25236.16844,11.34106
2035-02-21,14,267751.584337,107384.926162,160366.658175,0.0,1860.457323,0.0,15205.94,0.0,24569.198786,10.897856
2035-02-21,15,258544.207159,102466.390329,156077.81683,0.0,1598.031825,0.0,15019.36,0.0,24232.539016,10.669299
2035-02-21,16,260589.612785,104150.250677,156439.362108,0.0,1173.31235,0.0,14804.78,0.0,24568.509924,10.606651
2035-02-21,17,292421.711756,137722.822049,154698.889707,0.0,358.811072,0.0,12418.35,0.0,24983.550861,11.70457
2035-02-21,18,304574.221186,242689.593013,61884.628173,0.0,0.0,0.0,10798.47,0.0,25522.398109,11.933605
2035-02-21,19,354175.555903,199271.954631,154903.601272,0.0,0.0,0.0,8242.85,0.0,25577.732528,13.847027
2035-02-21,20,347523.017822,188454.805004,159068.212817,0.0,0.0,0.0,8505.79,0.0,25569.696806,13.591206
2035-02-21,21,321297.322924,178104.500029,143192.822895,0.0,0.0,0.0,9495.72,0.0,25420.090732,12.639503
2035-02-21,22,323533.052641,172616.064364,150916.988277,0.0,0.0,0.0,9125.79,0.0,25150.628616,12.863816
2035-02-21,23,300113.35591,182665.013283,117448.342627,0.0,0.0,0.0,9500.44,0.0,24723.020247,12.139025
2035-02-22,0,271191.912151,172158.088929,99033.823222,0.0,0.0,0.0,10087.4,0.0,24169.364893,11.220482
2035-02-22,1,254158.452649,167412.601964,86745.850685,0.0,0.0,0.0,10636.0,0.0,24118.298983,10.537992
2035-02-22,2,276014.33519,167410.780984,108603.554205,0.0,0.0,0.0,9665.06,0.0,24157.936934,11.42541
2035-02-22,3,291880.033237,167410.780984,124469.252252,0.0,0.0,0.0,9090.54,0.0,24279.241819,12.021794
2035-02-22,4,312196.351784,178360.418446,133835.933338,0.0,0.0,0.0,8603.77,0.0,24680.298103,12.649618
2035-02-22,5,370521.046969,212503.728562,158017.318406,0.0,0.0,0.0,7008.85,0.0,25363.33774,14.608529
2035-02-22,6,426414.231769,227437.557592,198976.674177,0.0,0.0,0.0,5434.45,0.0,26204.980165,16.272259
2035-02-22,7,457794.036725,243033.662946,214760.373778,0.0,0.0,0.0,4306.38,0.0,26414.387338,17.331238
2035-02-22,8,497996.821459,243019.689474,254977.131985,0.0,0.0,0.0,2481.0,0.0,26315.852629,18.923834
2035-02-22,9,490767.03864,243019.689474,247747.349166,0.0,0.0,0.0,2569.57,0.0,26098.738759,18.804243
2035-02-22,10,444585.687538,242717.471455,201868.216083,0.0,0.0,0.0,4416.75,0.0,25846.042202,17.201306
2035-02-22,11,423642.55127,267022.941395,156619.609876,0.0,0.0,0.0,6450.14,0.0,25687.951339,16.491878
2035-02-22,12,401694.838136,184917.66275,216777.175386,0.0,497.617061,0.0,8830.73,0.0,25616.167974,15.681301
2035-02-22,13,344562.007366,153328.050266,191233.9571,0.0,1114.041274,0.0,11547.79,0.0,25469.063316,13.528649
2035-02-22,14,334111.089725,145228.106504,188882.983221,0.0,1301.750226,0.0,12219.02,0.0,25387.100507,13.160664
2035-02-22,15,327358.334368,135763.731903,191594.602465,0.0,1217.732748,0.0,12392.53,0.0,25410.735014,12.882679
2035-02-22,16,327846.410138,137541.402578,190305.00756,0.0,859.117562,0.0,12284.07,0.0,25802.990286,12.705753
2035-02-22,17,364275.836812,150717.282743,213558.554069,0.0,198.595581,0.0,10598.74,0.0,26233.549615,13.885877
2035-02-22,18,350205.702156,238285.64076,111920.061396,0.0,0.0,0.0,9536.92,0.0,25954.421384,13.493104
2035-02-22,19,382965.112281,205981.804054,176983.308227,0.0,0.0,0.0,7310.85,0.0,25423.596824,15.063373
2035-02-22,20,372100.616229,193736.126324,178364.489905,0.0,0.0,0.0,7550.7,0.0,25209.520239,14.760321
2035-02-22,21,334991.850691,184815.543494,150176.307197,0.0,0.0,0.0,8859.92,0.0,24917.932708,13.443806
2035-02-22,22,312300.115842,173830.127052,138469.988789,0.0,0.0,0.0,9295.91,0.0,24438.606513,12.778966
2035-02-22,23,240814.546866,185039.335886,55775.21098,0.0,0.0,0.0,11069.51,0.0,23770.957117,10.130621
2035-02-23,0,208800.812961,142426.343208,66374.469753,0.0,0.0,0.0,11697.51,0.0,23175.245606,9.009648
2035-02-23,1,198174.256173,140095.725351,58078.530822,0.0,0.0,0.0,12015.38,0.0,22991.617271,8.619413
2035-02-23,2,183113.075984,129404.048121,53709.027862,0.0,0.0,0.0,12541.76,0.0,22737.636552,8.053303
2035-02-23,3,191823.863231,140097.7106,51726.152631,0.0,0.0,0.0,11963.46,0.0,22616.836572,8.481463
2035-02-23,4,232137.253771,161949.635208,70187.618563,0.0,0.0,0.0,10117.94,0.0,22663.940556,10.242581
2035-02-23,5,247267.475844,161514.686393,85752.78945,0.0,0.0,0.0,9898.7,0.0,22899.140172,10.798112
2035-02-23,6,294479.901566,177952.54453,116527.357037,0.0,0.0,0.0,8089.48,0.0,23153.156136,12.71878
2035-02-23,7,348093.467996,193207.921279,154885.546717,0.0,0.0,0.0,6083.45,0.0,23485.086306,14.821894
2035-02-23,8,358506.771071,202266.177487,156240.593584,0.0,0.0,0.0,6050.82,0.0,23897.686977,15.001735
2035-02-23,9,365643.641053,197586.329605,168057.311448,0.0,0.0,0.0,6121.97,0.0,24197.746253,15.110649
2035-02-23,10,332781.143316,209589.91791,123191.225405,0.0,0.0,0.0,7899.58,0.0,24268.479512,13.712484
2035-02-23,11,330833.355086,251413.850088,79419.504999,0.0,37.196396,0.0,9109.81,0.0,24238.496342,13.649087
2035-02-23,12,326342.382201,129659.098498,196683.283703,0.0,273.538059,0.0,10299.37,0.0,23902.046757,13.653324
2035-02-23,13,297170.651471,124625.284535,172545.366936,0.0,761.513455,0.0,11709.56,0.0,23645.855578,12.567558
2035-02-23,14,285864.142004,115104.122466,170760.019538,0.0,989.482725,0.0,12285.49,0.0,23374.968852,12.229498
2035-02-23,15,284917.635854,115104.122466,169813.513388,0.0,907.307516,0.0,12169.75,0.0,23290.021873,12.233464
2035-02-23,16,296900.691411,109792.42287,187108.268541,0.0,1438.993753,0.0,12476.4,0.0,23580.113301,12.591148
2035-02-23,17,292562.043893,128944.724141,163617.319752,0.0,568.933499,0.0,10765.88,0.0,23839.134194,12.272344
2035-02-23,18,207789.876854,176415.392974,31374.48388,0.0,0.0,0.0,11680.12,0.0,24363.446454,8.528755
2035-02-23,19,268575.216305,166529.290393,102045.925912,0.0,0.0,0.0,8629.11,0.0,24442.146227,10.988201
2035-02-23,20,252213.766715,159312.846789,92900.919926,0.0,0.0,0.0,9439.84,0.0,24564.608143,10.267364
2035-02-23,21,207282.827888,146110.624328,61172.20356,0.0,0.0,0.0,11528.71,0.0,24677.988813,8.399502
2035-02-23,22,327216.079177,190783.132685,136432.946492,0.0,0.0,0.0,5883.84,0.0,24495.172933,13.35839
2035-02-23,23,331800.861815,203034.483073,128766.378742,0.0,0.0,0.0,5106.59,0.0,24269.448932,13.671545
2035-02-24,0,331832.954811,193148.495135,138684.459676,0.0,0.0,0.0,4633.76,0.0,24021.444209,13.81403
2035-02-24,1,337915.448144,182890.381909,155025.066235,0.0,0.0,0.0,4544.92,0.0,24261.30382,13.928165
2035-02-24,2,372913.71822,193642.445694,179271.272526,0.0,0.0,0.0,3354.82,0.0,24586.540276,15.167393
2035-02-24,3,390493.706432,194939.190496,195554.515936,0.0,0.0,0.0,3164.49,0.0,25173.228388,15.512262
2035-02-24,4,394773.65916,191554.119287,203219.539873,0.0,0.0,0.0,3825.45,0.0,25847.499664,15.273186
2035-02-24,5,411145.349514,197039.334389,214106.015126,0.0,0.0,0.0,3868.58,0.0,26598.468579,15.457482
2035-02-24,6,418100.254357,191139.33243,226960.921927,0.0,0.0,0.0,4681.67,0.0,27445.856458,15.233638
2035-02-24,7,395865.670445,188272.228613,207593.441832,0.0,0.0,0.0,6278.96,0.0,28096.34033,14.089581
2035-02-24,8,408886.861802,192363.291734,216523.570068,0.0,0.0,0.0,5159.59,0.0,27532.807412,14.850896
2035-02-24,9,388171.752924,196072.290768,192099.462156,0.0,0.0,0.0,5180.9,0.0,26671.597861,14.553749
2035-02-24,10,350412.054932,236568.460844,113843.594088,0.0,0.0,0.0,6921.66,0.0,25375.870306,13.808868
2035-02-24,11,338849.641223,167795.666796,171053.974427,0.0,50.931385,0.0,8320.75,0.0,24288.675907,13.950931
2035-02-24,12,284052.767849,168451.97726,115600.790589,0.0,875.572761,0.0,10786.07,0.0,23235.534551,12.224929
2035-02-24,13,196526.355742,116706.209432,79820.14631,0.0,1691.83798,0.0,14167.27,0.0,22184.068538,8.858896
2035-02-24,14,184999.925304,110459.679175,74540.246129,0.0,1874.229805,0.0,14305.49,0.0,21684.013162,8.531628
2035-02-24,15,177582.066775,105145.810728,72436.256048,0.0,1878.586357,0.0,14412.65,0.0,21576.411342,8.23038
2035-02-24,16,191828.407412,111402.789812,80425.617599,0.0,1725.965015,0.0,14262.93,0.0,21967.059931,8.732548
2035-02-24,17,236376.15696,137511.355243,98864.801717,0.0,945.176543,0.0,12393.15,0.0,22758.557694,10.386254
2035-02-24,18,280781.791686,166677.664358,114104.127328,0.0,170.69808,0.0,10779.75,0.0,23916.919389,11.739881
2035-02-24,19,298658.236098,223179.070764,75479.165334,0.0,0.0,0.0,8049.01,0.0,24605.864433,12.137685
2035-02-24,20,303092.676603,163410.133041,139682.543563,0.0,0.0,0.0,8162.98,0.0,25212.26867,12.021634
2035-02-24,21,291427.995219,142364.437544,149063.557675,0.0,0.0,0.0,8938.36,0.0,25571.324829,11.396672
2035-02-24,22,301756.810202,146859.578895,154897.231308,0.0,0.0,0.0,8301.06,0.0,25451.981216,11.855926
2035-02-24,23,306315.511082,163472.649727,142842.861355,0.0,0.0,0.0,7351.67,0.0,25135.9006,12.186375
2035-02-25,0,308403.903462,180101.232886,128302.670576,0.0,0.0,0.0,6326.21,0.0,25038.996285,12.316944
2035-02-25,1,325359.797414,180094.053109,145265.744305,0.0,0.0,0.0,5509.51,0.0,25185.333705,12.918622
2035-02-25,2,336232.626964,188025.598757,148207.028207,0.0,0.0,0.0,5263.26,0.0,25412.281305,13.231108
2035-02-25,3,348673.986324,188023.72815,160650.258174,0.0,0.0,0.0,5153.7,0.0,25866.283582,13.479864
2035-02-25,4,369055.968351,197160.948973,171895.019378,0.0,0.0,0.0,5005.15,0.0,26597.206771,13.875742
2035-02-25,5,408718.774154,213014.556523,195704.21763,0.0,0.0,0.0,4550.12,0.0,27887.195543,14.656145
2035-02-25,6,448603.098698,214574.691136,234028.407561,0.0,0.0,0.0,4085.03,0.0,29167.298774,15.380344
2035-02-25,7,464081.432045,208624.873148,255456.558897,0.0,0.0,0.0,3686.45,0.0,29218.508117,15.883132
2035-02-25,8,414826.630374,208624.873148,206201.757226,0.0,0.0,0.0,4942.56,0.0,28378.400458,14.617689
2035-02-25,9,336239.366035,191209.231339,145030.134696,0.0,0.0,0.0,7310.46,0.0,27319.221788,12.307794
2035-02-25,10,241975.384622,162833.717908,79141.666714,0.0,0.0,0.0,10371.75,0.0,26045.906024,9.290342
2035-02-25,11,208061.078533,175455.620233,32605.4583,0.0,0.0,0.0,11368.17,0.0,24497.464835,8.493168
2035-02-25,12,239183.797494,105463.454906,133720.342588,0.0,639.823736,0.0,12795.77,0.0,23385.906426,10.22769
2035-02-25,13,188806.447874,91590.129279,97216.318595,0.0,1161.471507,0.0,14450.24,0.0,22455.06168,8.408191
2035-02-25,14,172965.908696,81173.848354,91792.060341,0.0,1277.035755,0.0,14519.8,0.0,21738.175238,7.956781
2035-02-25,15,167745.637943,72821.75845,94923.879493,0.0,1286.861279,0.0,14425.47,0.0,21428.021143,7.828331
2035-02-25,16,177187.508885,81214.868888,95972.639997,0.0,1303.770923,0.0,14435.17,0.0,21733.296236,8.152813
2035-02-25,17,240065.781297,85568.755754,154497.025543,0.0,635.422353,185.629365,12584.97,0.0,22552.015466,10.644981
2035-02-25,18,272222.731112,111927.086728,160295.644384,0.0,5.90316,0.0,11219.75,0.0,23444.529991,11.611354
2035-02-25,19,297290.325487,214731.203172,82559.122315,0.0,0.0,0.0,8999.18,0.0,23915.753212,12.430732
2035-02-25,20,287008.675239,180629.877553,106378.797686,0.0,0.0,0.0,9336.98,0.0,24130.777942,11.893884
2035-02-25,21,262097.246613,150170.175243,111927.07137,0.0,0.0,0.0,10480.01,0.0,24216.848609,10.82293
2035-02-25,22,285883.1627,157687.002201,128196.160499,0.0,0.0,0.0,9292.6,0.0,24152.405463,11.836633
2035-02-25,23,259222.147321,166064.070481,93158.076841,0.0,0.0,0.0,9651.08,0.0,23758.738659,10.910602
2035-02-26,0,228464.293121,159592.998101,68871.295021,0.0,0.0,0.0,10107.33,0.0,23307.574352,9.802148
2035-02-26,1,216162.191901,147012.373656,69149.818245,0.0,0.0,0.0,10420.49,0.0,23192.62772,9.320298
2035-02-26,2,213300.4369,145291.432813,68009.004087,0.0,0.0,0.0,10535.66,0.0,23142.970861,9.21664
2035-02-26,3,209457.882595,144154.179953,65303.702641,0.0,0.0,0.0,10729.71,0.0,23159.144222,9.044284
2035-02-26,4,217250.481063,145293.940172,71956.540891,0.0,0.0,0.0,10615.7,0.0,23451.375314,9.26387
2035-02-26,5,253265.449526,158619.508516,94645.94101,0.0,0.0,0.0,9760.53,0.0,24298.676035,10.423014
2035-02-26,6,288222.022944,174875.290505,113346.732439,0.0,0.0,0.0,8611.36,0.0,24768.284361,11.636737
2035-02-26,7,312150.063271,171283.030363,140867.032908,0.0,0.0,0.0,7527.27,0.0,24752.844422,12.610674
2035-02-26,8,330185.422123,179212.514833,150972.907291,0.0,0.0,0.0,6563.96,0.0,24575.132829,13.435753
2035-02-26,9,308319.815507,180781.644343,127538.171164,0.0,0.0,0.0,7112.35,0.0,24154.655099,12.764406
2035-02-26,10,263834.787822,174988.972668,88845.815154,0.0,0.0,0.0,8935.62,0.0,24009.132027,10.988935
2035-02-26,11,259053.426763,198964.416051,60089.010712,0.0,0.0,0.0,9355.08,0.0,23385.814489,11.077375
2035-02-26,12,278555.818633,132448.466254,146107.352379,0.0,673.620475,0.0,10709.5,0.0,22982.339743,12.120429
2035-02-26,13,233927.804873,119982.765525,113945.039348,0.0,1112.758096,0.0,12607.98,0.0,22905.633561,10.212676
2035-02-26,14,242878.457609,111537.035993,131341.421616,0.0,1141.357058,0.0,12088.99,0.0,23035.817078,10.543514
2035-02-26,15,274343.807729,129187.660075,145156.147654,0.0,1005.826672,0.0,11556.08,0.0,23391.771445,11.728219
2035-02-26,16,293461.854095,128166.326131,165295.527965,0.0,689.102097,0.0,11167.5,0.0,24083.067695,12.185402
2035-02-26,17,287183.136189,190454.047654,96729.088535,0.0,0.0,0.0,9562.37,0.0,24672.373077,11.639867
2035-02-26,18,303180.625755,193900.293129,109280.332626,0.0,0.0,0.0,8210.22,0.0,24542.140185,12.353471
2035-02-26,19,339527.637707,171021.473876,168506.163831,0.0,0.0,0.0,6092.03,0.0,24103.078919,14.086484
2035-02-26,20,332824.200744,169722.667329,163101.533415,0.0,0.0,0.0,6005.86,0.0,23741.604916,14.018606
2035-02-26,21,284580.117896,163049.414235,121530.703661,0.0,0.0,0.0,7521.27,0.0,23159.73054,12.287713
2035-02-26,22,252939.505055,154221.617102,98717.887953,0.0,0.0,0.0,8346.32,0.0,22582.675276,11.2006
2035-02-26,23,231149.982567,147487.749723,83662.232844,0.0,0.0,0.0,8140.84,0.0,21715.708563,10.644368
2035-02-27,0,229484.107263,174937.484592,54546.622671,0.0,0.0,0.0,7648.97,0.0,21120.982121,10.86522
2035-02-27,1,220884.156758,173204.362462,47679.794296,0.0,0.0,0.0,7586.07,0.0,20652.503656,10.695273
2035-02-27,2,233984.748037,173204.362462,60780.385575,0.0,0.0,0.0,6541.56,0.0,20282.405393,11.536341
2035-02-27,3,250027.08391,174948.848227,75078.235683,0.0,0.0,0.0,5636.86,0.0,20184.871502,12.386855
2035-02-27,4,271352.956317,186483.986109,84868.970208,0.0,0.0,0.0,4775.86,0.0,20341.981478,13.339554
2035-02-27,5,292727.140181,205265.444159,87461.696022,0.0,0.0,0.0,4203.92,0.0,20732.284415,14.119387
2035-02-27,6,319847.996882,197985.616709,121862.380172,0.0,0.0,0.0,3856.66,0.0,21357.352902,14.976013
2035-02-27,7,327929.908271,200815.11508,127114.793191,0.0,0.0,0.0,3854.51,0.0,21714.421853,15.101941
2035-02-27,8,364650.989358,200808.892833,163842.096525,0.0,0.0,0.0,2739.28,0.0,22215.610696,16.414178
2035-02-27,9,368394.746406,200808.892833,167585.853573,0.0,0.0,0.0,3116.45,0.0,22754.353449,16.190078
2035-02-27,10,352934.288324,205192.35696,147741.931365,0.0,0.0,0.0,4439.71,0.0,23384.887417,15.092409
2035-02-27,11,345823.941818,244291.425976,101532.515842,0.0,0.0,0.0,5565.12,0.0,23936.147866,14.447769
2035-02-27,12,375272.851964,154687.905041,220584.946923,0.0,159.443536,0.0,6988.5,0.0,24482.913626,15.327949
2035-02-27,13,352548.131811,172630.34624,179917.78557,0.0,800.359067,0.0,8852.87,0.0,24836.271787,14.194889
2035-02-27,14,361530.924352,172626.035744,188904.888608,0.0,1026.574964,0.0,9305.49,0.0,25240.642615,14.323364
2035-02-27,15,382388.243812,173631.046958,208757.196854,0.0,998.751974,0.0,9218.07,0.0,25951.413201,14.734775
2035-02-27,16,413416.011781,173628.933158,239787.078623,0.0,709.127999,0.0,8498.76,0.0,26920.83551,15.35673
2035-02-27,17,433393.003656,178390.565408,255002.438248,0.0,167.233689,0.0,7552.83,0.0,27865.881441,15.552819
2035-02-27,18,443729.013238,242425.098724,201303.914514,0.0,5.043275,0.0,6583.07,0.0,28162.786961,15.755863
2035-02-27,19,406148.937924,209479.074427,196669.863497,0.0,0.0,0.0,4776.42,0.0,27493.218658,14.772695
2035-02-27,20,435686.549794,202339.750399,233346.799395,0.0,0.0,0.0,3213.25,0.0,27229.2242,16.000696
2035-02-27,21,424130.829884,209266.4065,214864.423385,0.0,0.0,0.0,3634.16,0.0,27168.959706,15.61086
2035-02-27,22,370073.519858,200201.294226,169872.225632,0.0,0.0,0.0,5900.91,0.0,27097.958057,13.656878
2035-02-27,23,352162.856371,200201.294226,151961.562145,0.0,0.0,0.0,5934.62,0.0,26355.376248,13.362088
2035-02-28,0,322939.270728,201746.776031,121192.494697,0.0,0.0,0.0,6359.49,0.0,25735.131522,12.548577
2035-02-28,1,306902.517792,171625.720343,135276.797449,0.0,0.0,0.0,6822.54,0.0,25639.841788,11.969751
2035-02-28,2,321483.718131,176568.91243,144914.8057,0.0,0.0,0.0,6186.24,0.0,25676.5203,12.520533
2035-02-28,3,334704.862235,178396.455948,156308.406286,0.0,0.0,0.0,5703.26,0.0,25809.71885,12.968172
2035-02-28,4,352661.593372,191219.217787,161442.375585,0.0,0.0,0.0,5358.52,0.0,26235.415555,13.442196
2035-02-28,5,355123.627059,191215.251879,163908.37518,0.0,0.0,0.0,5387.58,0.0,26401.346141,13.450967
2035-02-28,6,365612.639967,184921.511677,180691.12829,0.0,0.0,0.0,5556.74,0.0,26804.481734,13.639982
2035-02-28,7,383369.389472,207744.119865,175625.269608,0.0,0.0,0.0,5486.77,0.0,27507.932908,13.936685
2035-02-28,8,437912.716289,213332.104992,224580.611296,0.0,0.0,0.0,4041.45,0.0,28420.88442,15.408131
2035-02-28,9,445683.63421,213328.111202,232355.523008,0.0,0.0,0.0,4328.47,0.0,29037.631263,15.348485
2035-02-28,10,424834.41786,213328.111202,211506.306658,0.0,0.0,0.0,5579.2,0.0,29386.683265,14.456698
2035-02-28,11,427463.174892,243131.25633,184331.918562,0.0,0.0,0.0,5620.67,0.0,29459.947887,14.509977
2035-02-28,12,419466.774044,255107.816392,164358.957653,0.0,0.0,0.0,6666.17,0.0,29518.474721,14.210313
2035-02-28,13,459875.595673,171070.765589,288804.830084,0.0,270.514194,0.0,7735.64,0.0,29114.283909,15.795532
2035-02-28,14,442050.284136,171070.765589,270979.518547,0.0,486.988695,0.0,8348.74,0.0,28770.303207,15.364811
2035-02-28,15,432770.026991,171070.765589,261699.261402,0.0,402.023993,0.0,8641.0,0.0,28770.971083,15.041899
2035-02-28,16,431574.173489,171070.765589,260503.4079,0.0,629.917808,0.0,9481.22,0.0,29190.621178,14.784686
2035-02-28,17,402061.284202,244066.290489,157994.993713,0.0,0.0,0.0,7936.44,0.0,29993.033233,13.405156
2035-02-28,18,436612.665083,240389.96453,196222.700554,0.0,0.0,0.0,6670.58,0.0,30708.980564,14.217752
2035-02-28,19,462464.055792,226861.946407,235602.109385,0.0,0.0,0.0,5011.13,0.0,30265.385555,15.280296
2035-02-28,20,472981.324402,225768.86511,247212.459291,0.0,0.0,0.0,4551.89,0.0,30270.241269,15.625291
2035-02-28,21,446822.125412,223252.911331,223569.214082,0.0,0.0,0.0,5559.49,0.0,30171.240394,14.809538
2035-02-28,22,423204.303497,205269.721268,217934.582229,0.0,0.0,0.0,6302.21,0.0,29896.889586,14.155463
2035-02-28,23,422370.006883,206570.500993,215799.50589,0.0,0.0,0.0,5804.84,0.0,29364.717866,14.383588
2035-03-01,0,415345.525905,208826.460064,206519.065841,0.0,0.0,0.0,6059.92,0.0,29553.359158,14.054089
2035-03-01,1,393710.179025,212872.478881,180837.700144,0.0,0.0,0.0,6913.34,0.0,29599.101955,13.301423
2035-03-01,2,416580.688704,218354.428155,198226.260549,0.0,0.0,0.0,5966.7,0.0,29650.157849,14.049864
2035-03-01,3,440564.71789,227277.18259,213287.5353,0.0,0.0,0.0,5410.17,0.0,30129.227517,14.622503
2035-03-01,4,474865.459208,242091.779371,232773.679837,0.0,0.0,0.0,4885.72,0.0,31073.202259,15.282154
2035-03-01,5,512917.596747,251977.178871,260940.417876,0.0,0.0,0.0,4762.28,0.0,32591.377661,15.737831
2035-03-01,6,561640.060881,253540.181837,308099.879043,0.0,0.0,0.0,4602.38,0.0,34516.650472,16.271569
2035-03-01,7,562174.080845,253537.478992,308636.601854,0.0,0.0,0.0,4510.03,0.0,34451.265215,16.317952
2035-03-01,8,531880.085762,253537.478992,278342.606771,0.0,0.0,0.0,4194.85,0.0,32861.087985,16.185711
2035-03-01,9,480683.262552,247306.614451,233376.6481,0.0,0.0,0.0,5192.51,0.0,31669.11106,15.1783
2035-03-01,10,435286.59377,221221.443973,214065.149798,0.0,0.0,0.0,5815.87,0.0,30343.818625,14.345149
2035-03-01,11,382871.740278,211816.695086,171055.045193,0.0,0.0,0.0,6830.32,0.0,29047.222613,13.18101
2035-03-01,12,322475.416215,215023.335808,107452.080407,0.0,0.0,0.0,8147.92,0.0,27583.341572,11.690948
2035-03-01,13,291451.037872,146998.01958,144453.018292,0.0,0.0,0.0,10080.42,0.0,26556.326263,10.974825
2035-03-01,14,255792.341369,186574.458018,69217.883351,0.0,0.0,0.0,9620.01,0.0,25846.903382,9.89644
2035-03-01,15,261501.369982,145120.578985,116380.790997,0.0,0.0,0.0,9285.79,0.0,26048.385459,10.039063
2035-03-01,16,276303.327102,156649.847553,119653.479549,0.0,0.0,0.0,9211.93,0.0,26664.275901,10.362304
2035-03-01,17,351659.191403,195705.899115,155953.292287,0.0,0.0,0.0,7124.7,0.0,27533.529678,12.772035
2035-03-01,18,411063.459985,213016.981837,198046.478149,0.0,0.0,0.0,5002.52,0.0,28355.181757,14.496943
2035-03-01,19,448125.52336,213003.69102,235121.83234,0.0,0.0,0.0,3254.28,0.0,28208.78377,15.886028
2035-03-01,20,466466.43949,213003.69102,253462.74847,0.0,0.0,0.0,2273.13,0.0,28041.348307,16.63495
2035-03-01,21,445645.460843,213003.69102,232641.769824,0.0,0.0,0.0,2850.93,0.0,27756.300682,16.05565
2035-03-01,22,390260.100435,207521.898195,182738.20224,0.0,0.0,0.0,4699.23,0.0,27196.661479,14.349559
2035-03-01,23,377839.194422,203807.96692,174031.227503,0.0,0.0,0.0,4782.93,0.0,26752.906603,14.123295
2035-03-02,0,356605.916117,203807.96692,152797.949198,0.0,0.0,0.0,5356.75,0.0,26402.964838,13.506283
2035-03-02,1,337833.382577,188023.72815,149809.654427,0.0,0.0,0.0,6091.81,0.0,26336.92399,12.827367
2035-03-02,2,328434.908276,187475.259772,140959.648504,0.0,0.0,0.0,6537.76,0.0,26347.486025,12.465512
2035-03-02,3,316288.115005,178051.970428,138236.144577,0.0,0.0,0.0,7493.11,0.0,26752.06518,11.822942
2035-03-02,4,326699.202261,144855.334738,181843.867523,0.0,0.0,0.0,8459.6,0.0,27363.893081,11.939061
2035-03-02,5,348093.683105,150566.358908,197527.324197,0.0,0.0,0.0,8315.49,0.0,28113.357316,12.38179
2035-03-02,6,390670.22798,189435.335644,201234.892336,0.0,0.0,0.0,7274.75,0.0,28966.337493,13.487043
2035-03-02,7,443484.425028,200190.152044,243294.272984,0.0,0.0,0.0,5616.9,0.0,29619.563126,14.972686
2035-03-02,8,472495.008536,201484.502905,271010.505631,0.0,0.0,0.0,4138.36,0.0,29373.3629,16.085833
2035-03-02,9,442129.396083,201482.529726,240646.866357,0.0,0.0,0.0,4560.93,0.0,28547.266302,15.487626
2035-03-02,10,386717.955045,202702.634011,184015.321033,0.0,0.0,0.0,6225.31,0.0,27822.703372,13.899367
2035-03-02,11,400099.556424,253642.031171,146457.525254,0.0,67.800615,0.0,7114.9,0.0,27115.364837,14.755455
2035-03-02,12,391582.265789,204771.907561,186810.358227,0.0,651.598765,0.0,8932.59,0.0,26460.568502,14.798709
2035-03-02,13,346418.366143,163439.025846,182979.340297,0.0,1274.552135,0.0,11164.6,0.0,26157.949039,13.243331
2035-03-02,14,339498.976753,160152.943804,179346.032949,0.0,1525.277949,0.0,11566.26,0.0,26013.176916,13.051039
2035-03-02,15,345894.784675,177958.164484,167936.620191,0.0,1485.831569,0.0,11513.39,0.0,26303.506437,13.15014
2035-03-02,16,359865.375137,185787.007629,174078.367508,0.0,1308.192539,0.0,11280.25,0.0,26845.539185,13.405034
2035-03-02,17,390380.340293,182805.345958,207574.994335,0.0,443.233503,0.0,9577.87,0.0,27665.018221,14.110974
2035-03-02,18,370987.502911,246154.098025,124833.404886,0.0,0.0,0.0,8289.28,0.0,28265.514945,13.125093
2035-03-02,19,382751.234459,210948.223635,171803.010824,0.0,0.0,0.0,7116.24,0.0,28072.49873,13.634384
2035-03-02,20,352344.629469,181578.280456,170766.349014,0.0,0.0,0.0,8022.1,0.0,27732.946252,12.704912
2035-03-02,21,279299.091212,151602.19994,127696.891272,0.0,0.0,0.0,10961.68,0.0,27499.349857,10.156571
2035-03-02,22,244703.273333,140357.030061,104346.243273,0.0,0.0,0.0,12221.96,0.0,27221.896915,8.989207
2035-03-02,23,296285.298001,147624.974699,148660.323302,0.0,0.0,0.0,9597.09,0.0,27135.563353,10.918708
2035-03-03,0,341244.666273,184973.306328,156271.359944,0.0,0.0,0.0,7534.94,0.0,27173.470322,12.558008
2035-03-03,1,371343.582137,184951.036321,186392.545817,0.0,0.0,0.0,6039.31,0.0,27066.717163,13.719565
2035-03-03,2,366009.595345,184951.036321,181058.559025,0.0,0.0,0.0,6284.97,0.0,27079.121149,13.516303
2035-03-03,3,347825.464672,192936.994494,154888.470178,0.0,0.0,0.0,7303.66,0.0,27312.41459,12.735068
2035-03-03,4,318289.662468,175406.461532,142883.200936,0.0,0.0,0.0,8831.37,0.0,27510.34356,11.569818
2035-03-03,5,325902.67298,175406.461532,150496.211449,0.0,0.0,0.0,8130.91,0.0,27192.986515,11.984806
2035-03-03,6,324155.841918,184267.255678,139888.586241,0.0,0.0,0.0,7708.12,0.0,26677.92169,12.150716
2035-03-03,7,363127.578151,180051.148694,183076.429457,0.0,0.0,0.0,7036.7,0.0,27213.880525,13.343469
2035-03-03,8,378656.424586,180047.101323,198609.323262,0.0,0.0,0.0,7146.27,0.0,27988.11722,13.529185
2035-03-03,9,344868.060474,174565.308498,170302.751976,0.0,0.0,0.0,8910.04,0.0,28273.275748,12.197669
2035-03-03,10,273668.452249,201260.886355,72407.565894,0.0,0.0,0.0,11967.5,0.0,27827.760761,9.834368
2035-03-03,11,311321.850772,123653.199955,187668.650816,0.0,531.399924,0.0,12871.6,0.0,27710.455569,11.234815
2035-03-03,12,311002.523489,121376.52628,189625.997209,0.0,1323.970896,0.0,13911.25,0.0,27609.783585,11.264214
2035-03-03,13,290079.362344,133687.170665,156392.191679,0.0,1933.251799,0.0,15639.11,0.0,27330.317621,10.613831
2035-03-03,14,280724.681144,124496.743044,156227.9381,0.0,2061.985817,0.0,16112.29,0.0,27262.893976,10.296951
2035-03-03,15,272650.911787,124571.023196,148079.888591,0.0,1966.811788,0.0,16614.06,0.0,27577.534112,9.886704
2035-03-03,16,269689.033785,138319.645232,131369.388553,0.0,1329.269489,0.0,15693.91,0.0,28210.155048,9.559998
2035-03-03,17,350767.637766,178150.918799,172616.718967,0.0,669.767813,0.0,13708.42,0.0,29242.58729,11.995096
2035-03-03,18,335514.941656,234570.321814,100944.619842,0.0,0.0,0.0,11943.55,0.0,30304.766476,11.071359
2035-03-03,19,402911.002423,211233.492265,191677.510157,0.0,0.0,0.0,8456.0,0.0,30711.600328,13.11918
2035-03-03,20,371584.984485,207501.159557,164083.824928,0.0,0.0,0.0,9878.98,0.0,30921.505817,12.01704
2035-03-03,21,293332.674434,159095.465597,134237.208837,0.0,0.0,0.0,13681.06,0.0,31195.835702,9.402943
2035-03-03,22,259078.20445,153404.701002,105673.503448,0.0,0.0,0.0,15125.1,0.0,31000.141772,8.357323
2035-03-03,23,257455.7249,153404.701002,104051.023898,0.0,0.0,0.0,15144.47,0.0,30898.641693,8.332267
2035-03-04,0,267942.769435,206704.778564,61237.990871,0.0,0.0,0.0,15042.92,0.0,31110.791071,8.612535
2035-03-04,1,274406.670798,207819.922994,66586.747804,0.0,0.0,0.0,14741.64,0.0,31216.529072,8.790429
2035-03-04,2,285156.315803,207817.415635,77338.900168,0.0,0.0,0.0,14539.68,0.0,31512.765657,9.048914
2035-03-04,3,298661.04632,209540.294696,89120.751624,0.0,0.0,0.0,14401.58,0.0,32079.563036,9.31001
2035-03-04,4,322465.08504,219700.369692,102764.715349,0.0,0.0,0.0,14038.22,0.0,33000.499051,9.771521
2035-03-04,5,339621.007553,225564.165232,114056.842322,0.0,0.0,0.0,14357.61,0.0,34164.494145,9.940759
2035-03-04,6,382710.80918,230200.288626,152510.520554,0.0,0.0,0.0,14306.92,0.0,35706.818993,10.718143
2035-03-04,7,410908.280461,231381.225694,179527.054766,0.0,0.0,0.0,13920.67,0.0,36646.00106,11.212909
2035-03-04,8,455797.691062,235471.18215,220326.508912,0.0,0.0,0.0,12474.22,0.0,37184.754562,12.25765
2035-03-04,9,471891.215485,244256.107567,227635.107918,0.0,0.0,0.0,12021.39,0.0,37410.814715,12.613765
2035-03-04,10,460159.37866,276313.861219,183845.517441,0.0,0.0,0.0,12888.43,0.0,37486.722692,12.275263
2035-03-04,11,524740.914918,222607.304016,302133.610902,0.0,105.466304,0.0,12366.44,0.0,37086.578963,14.149078
2035-03-04,12,540930.448907,213447.366574,327483.082333,0.0,539.735113,0.0,12238.24,0.0,36548.826117,14.800214
2035-03-04,13,501672.107185,220034.747572,281637.359613,0.0,1114.704078,0.0,13874.21,0.0,36090.089942,13.90055
2035-03-04,14,481415.293015,220032.761379,261382.531636,0.0,1288.094967,0.0,14148.45,0.0,35624.782946,13.513494
2035-03-04,15,465683.599168,216158.606583,249524.992585,0.0,1200.842138,0.0,14065.65,0.0,35051.886556,13.28555
2035-03-04,16,479491.189473,220569.43995,258921.749524,0.0,1069.925062,0.0,13999.76,0.0,35777.788947,13.401923
2035-03-04,17,552581.542724,223128.018593,329453.524131,0.0,283.729528,0.0,11559.78,0.0,37079.87289,14.902466
2035-03-04,18,568829.908515,322573.103617,246256.804898,0.0,0.0,0.0,9203.18,0.0,38614.747511,14.730898
2035-03-04,19,619373.082145,302138.985531,317234.096615,0.0,0.0,0.0,6525.08,0.0,38751.258275,15.983302
2035-03-04,20,645501.889053,294696.256642,350805.632411,0.0,0.0,0.0,5148.78,0.0,38525.887654,16.755017
2035-03-04,21,650902.681203,294696.256642,356206.424562,0.0,0.0,0.0,4534.05,0.0,38141.50787,17.065468
2035-03-04,22,647959.311027,294696.256642,353263.054385,0.0,0.0,0.0,3878.33,0.0,37315.125009,17.364522
2035-03-04,23,642573.668323,294696.256642,347877.411681,0.0,0.0,0.0,3675.5,0.0,36879.197042,17.423743
2035-03-05,0,636750.404711,303812.611636,332937.793075,0.0,0.0,0.0,3655.08,0.0,36625.970682,17.385216
2035-03-05,1,637672.031302,301359.792305,336312.238996,0.0,0.0,0.0,3772.71,0.0,36803.033973,17.326616
2035-03-05,2,649939.930275,302632.302882,347307.627393,0.0,0.0,0.0,3508.04,0.0,37052.494148,17.541057
2035-03-05,3,659588.281846,302715.646915,356872.634931,0.0,0.0,0.0,3377.34,0.0,37381.567199,17.644747
2035-03-05,4,676114.11577,307737.003573,368377.112197,0.0,0.0,0.0,3433.81,0.0,38092.39026,17.749322
2035-03-05,5,711661.991244,311949.302891,399712.688353,0.0,0.0,0.0,2916.57,0.0,39117.731281,18.192824
2035-03-05,6,728096.242491,311946.518213,416149.724279,0.0,0.0,0.0,2636.64,0.0,39541.049841,18.41368
2035-03-05,7,730557.367702,306154.473361,424402.894342,0.0,0.0,0.0,2648.35,0.0,39520.529179,18.485516
2035-03-05,8,702047.865254,306154.473361,395893.391893,0.0,0.0,0.0,2870.56,0.0,38563.695433,18.204891
2035-03-05,9,632512.912737,327956.754131,304556.158606,0.0,0.0,0.0,4183.18,0.0,36804.842944,17.185589
2035-03-05,10,559782.142029,333322.259472,226459.882557,0.0,0.0,0.0,6314.66,0.0,35245.348506,15.88244
2035-03-05,11,538784.053657,219573.256485,319210.797172,0.0,159.996183,0.0,7971.21,0.0,33226.436739,16.215523
2035-03-05,12,482315.495099,219449.754997,262865.740103,0.0,951.838202,0.0,9778.45,0.0,31375.074753,15.372569
2035-03-05,13,425093.287924,201466.562673,223626.72525,0.0,1527.321453,0.0,11468.28,0.0,29837.151454,14.247114
2035-03-05,14,382661.513036,200080.034352,182581.478684,0.0,1826.767901,0.0,11827.5,0.0,28460.073852,13.445556
2035-03-05,15,380355.754373,194160.839197,186194.915176,0.0,1799.123914,0.0,11922.25,0.0,28070.424295,13.550054
2035-03-05,16,392374.271133,194160.839197,198213.431936,0.0,1575.949681,0.0,11825.04,0.0,28681.826726,13.68024
2035-03-05,17,441182.069627,194246.301226,246935.768401,0.0,939.354267,0.0,10488.3,0.0,30208.618217,14.60451
2035-03-05,18,506705.803086,214413.495411,292292.307675,0.0,90.999305,0.0,9032.24,0.0,32329.607805,15.673119
2035-03-05,19,515770.580474,312736.313527,203034.266948,0.0,0.0,0.0,7217.67,0.0,33622.880998,15.339869
2035-03-05,20,555361.886589,284095.04743,271266.839159,0.0,0.0,0.0,5457.68,0.0,34051.087933,16.309666
2035-03-05,21,584050.352252,274293.871105,309756.481146,0.0,0.0,0.0,4245.84,0.0,34131.361984,17.111838
2035-03-05,22,602232.979941,281561.815744,320671.164198,0.0,0.0,0.0,2841.07,0.0,33757.287274,17.840088
2035-03-05,23,605058.075699,293250.759143,311807.316556,0.0,0.0,0.0,2376.22,0.0,33770.80604,17.916602
2035-03-06,0,608373.051558,295930.224681,312442.826877,0.0,0.0,0.0,2214.32,0.0,33945.353101,17.922131
2035-03-06,1,614331.456861,294473.170953,319858.285908,0.0,0.0,0.0,2473.33,0.0,34470.882645,17.82175
2035-03-06,2,627998.894355,296281.325399,331717.568955,0.0,0.0,0.0,2379.9,0.0,34956.602994,17.965101
2035-03-06,3,644960.904924,300498.670894,344462.23403,0.0,0.0,0.0,2416.35,0.0,35726.563081,18.052699
2035-03-06,4,670114.221602,300495.886216,369618.335387,0.0,0.0,0.0,2518.99,0.0,36882.678423,18.168806
2035-03-06,5,701034.80671,300495.886216,400538.920494,0.0,0.0,0.0,2586.42,0.0,38258.291646,18.323735
2035-03-06,6,713411.069881,300495.886216,412915.183665,0.0,0.0,0.0,2753.61,0.0,38943.851657,18.318965
2035-03-06,7,681843.056358,300495.886216,381347.170142,0.0,0.0,0.0,3013.96,0.0,37900.594187,17.9903
2035-03-06,8,596165.669477,290621.237368,305544.432109,0.0,0.0,0.0,3778.31,0.0,34875.537549,17.094093
2035-03-06,9,475495.58388,246981.083628,228514.500252,0.0,0.0,0.0,6094.73,0.0,31844.829249,14.931642
2035-03-06,10,358463.950545,263316.556324,95147.394221,0.0,0.0,0.0,9448.17,0.0,29415.011193,12.186429
2035-03-06,11,346491.989166,147198.556616,199293.43255,0.0,420.457134,0.0,11953.79,0.0,27371.634085,12.658798
2035-03-06,12,320479.841826,140908.817612,179571.024214,0.0,1275.550605,0.0,13536.86,0.0,25591.557857,12.522874
2035-03-06,13,262545.673202,125598.818383,136946.854819,0.0,2012.290074,0.0,15506.43,0.0,24460.60653,10.733408
2035-03-06,14,240474.701873,103053.333153,137421.36872,0.0,2060.750575,0.0,15489.47,0.0,23553.630029,10.209666
2035-03-06,15,241639.527094,109694.889097,131944.637997,0.0,1909.873166,0.0,15055.82,0.0,23302.021524,10.369895
2035-03-06,16,255407.837706,103107.32544,152300.512266,0.0,1478.214787,0.0,14471.58,0.0,23740.655313,10.758247
2035-03-06,17,311043.402354,133522.475056,177520.927298,0.0,861.170064,0.0,12496.62,0.0,24625.854925,12.630766
2035-03-06,18,342362.523117,234494.430682,107868.092435,0.0,0.0,0.0,10662.22,0.0,25979.356097,13.178253
2035-03-06,19,414534.561093,208406.495173,206128.065919,0.0,0.0,0.0,8006.28,0.0,26740.272607,15.502256
2035-03-06,20,394993.63735,209582.046127,185411.591224,0.0,0.0,0.0,8964.23,0.0,27001.380406,14.628646
2035-03-06,21,333458.849413,192949.130296,140509.719117,0.0,0.0,0.0,11303.59,0.0,26875.525477,12.407529
2035-03-06,22,290666.40044,164944.933395,125721.467045,0.0,0.0,0.0,11928.85,0.0,25996.796984,11.180854
2035-03-06,23,248379.501269,193022.10565,55357.395619,0.0,0.0,0.0,12333.25,0.0,25274.073207,9.827443
2035-03-07,0,233918.255377,158641.212725,75277.042651,0.0,0.0,0.0,12250.23,0.0,24805.267399,9.430185
2035-03-07,1,233856.173371,158444.213256,75411.960114,0.0,0.0,0.0,12045.48,0.0,24637.30952,9.491953
2035-03-07,2,237019.615198,153179.649959,83839.965239,0.0,0.0,0.0,11780.02,0.0,24514.413527,9.668582
2035-03-07,3,243412.468735,160739.191088,82673.277647,0.0,0.0,0.0,11554.73,0.0,24577.413416,9.903909
2035-03-07,4,265149.589127,174918.504419,90231.084708,0.0,0.0,0.0,10903.72,0.0,24905.832104,10.646084
2035-03-07,5,277069.192541,176476.091062,100593.101479,0.0,0.0,0.0,11140.14,0.0,25661.681568,10.797001
2035-03-07,6,309093.273339,171874.731305,137218.542033,0.0,0.0,0.0,10946.79,0.0,26748.275683,11.555634
2035-03-07,7,309059.946627,173092.086913,135967.859714,0.0,0.0,0.0,10544.88,0.0,26349.898674,11.729075
2035-03-07,8,313264.433201,167431.772028,145832.661173,0.0,0.0,0.0,9770.5,0.0,25607.651437,12.233236
2035-03-07,9,287312.010615,174253.143669,113058.866946,0.0,0.0,0.0,9968.11,0.0,24664.473192,11.64882
2035-03-07,10,255399.365639,218732.188807,36667.176832,0.0,0.0,0.0,11116.38,0.0,23714.502227,10.769754
2035-03-07,11,269273.03704,105785.749238,163487.287801,0.0,196.437812,0.0,11861.56,0.0,22929.223179,11.743662
2035-03-07,12,254053.721066,109374.786201,144678.934866,0.0,1001.70327,0.0,12815.14,0.0,22471.338232,11.305678
2035-03-07,13,226238.592585,97698.431848,128540.160737,0.0,1661.784553,0.0,14417.08,0.0,22318.352589,10.136886
2035-03-07,14,227915.03571,97967.362436,129947.673274,0.0,1790.025652,0.0,14632.7,0.0,22476.333887,10.140223
2035-03-07,15,241257.251228,94516.326529,146740.924699,0.0,1737.695076,0.0,14515.67,0.0,22958.897613,10.508225
2035-03-07,16,251316.475843,111511.949668,139804.526174,0.0,1456.747037,0.0,14552.06,0.0,23694.81683,10.60639
2035-03-07,17,300011.823675,138817.892972,161193.930703,0.0,740.624199,0.0,12570.77,0.0,24446.142336,12.272359
2035-03-07,18,321525.494857,219877.603723,101647.891134,0.0,0.0,0.0,10792.26,0.0,25267.00799,12.725112
2035-03-07,19,373723.516801,204363.880571,169359.63623,0.0,0.0,0.0,8272.36,0.0,25265.082016,14.792096
2035-03-07,20,340683.758487,195723.073585,144960.684903,0.0,0.0,0.0,9210.95,0.0,24917.722895,13.672347
2035-03-07,21,265263.806117,160997.212623,104266.593494,0.0,0.0,0.0,11617.02,0.0,24117.316023,10.998894
2035-03-07,22,213352.708972,144241.345976,69111.362996,0.0,0.0,0.0,12364.01,0.0,22874.686506,9.327022
2035-03-07,23,163599.201869,140108.802861,23490.399008,0.0,0.0,0.0,12628.09,0.0,21714.723781,7.534022
2035-03-08,0,142865.917892,104411.178493,38454.739399,0.0,0.0,0.0,12665.54,0.0,20847.301651,6.852969
2035-03-08,1,137208.72374,95978.229647,41230.494093,0.0,0.0,0.0,12455.34,0.0,20375.861667,6.733886
2035-03-08,2,134126.851555,95976.070054,38150.781501,0.0,0.0,0.0,12314.99,0.0,20097.723409,6.673734
2035-03-08,3,135395.156492,109435.281298,25959.875195,0.0,0.0,0.0,12146.11,0.0,20040.395727,6.756112
2035-03-08,4,149627.880301,109433.202566,40194.677736,0.0,0.0,0.0,11648.1,0.0,20294.476064,7.372838
2035-03-08,5,169553.424661,120343.217897,49210.206763,0.0,0.0,0.0,11645.34,0.0,21275.167541,7.969546
2035-03-08,6,219989.741456,152287.731941,67702.009515,0.0,0.0,0.0,11020.73,0.0,22992.864714,9.56774
2035-03-08,7,254198.665567,161634.600983,92564.064585,0.0,0.0,0.0,10072.27,0.0,23485.410316,10.823684
2035-03-08,8,282185.521931,155960.557294,126224.964637,0.0,0.0,0.0,8905.62,0.0,23395.9612,12.061292
2035-03-08,9,284133.740419,175728.231471,108405.508949,0.0,0.0,0.0,8922.22,0.0,23487.19,12.097392
2035-03-08,10,284057.798605,238153.800816,45903.997789,0.0,0.0,0.0,9688.64,0.0,23585.250454,12.043875
2035-03-08,11,312286.268922,131771.568122,180514.700799,0.0,145.618354,0.0,10914.58,0.0,24043.81834,12.988214
2035-03-08,12,302525.571329,136420.758794,166104.812535,0.0,876.729889,0.0,12223.11,0.0,24165.264579,12.519026
2035-03-08,13,291269.817435,127694.877768,163574.939667,0.0,1123.976334,0.0,13593.86,0.0,24839.767421,11.725948
2035-03-08,14,295881.676479,138460.249079,157421.427401,0.0,1270.290493,0.0,14123.02,0.0,25475.065237,11.61456
2035-03-08,15,306840.941147,139660.333712,167180.607435,0.0,1271.240722,0.0,14318.43,0.0,26013.140402,11.795613
2035-03-08,16,317587.437152,143428.243186,174159.193966,0.0,1361.909796,0.0,14439.27,0.0,26588.645631,11.944476
2035-03-08,17,354158.491613,157518.804253,196639.68736,0.0,753.661514,0.0,12677.12,0.0,26871.191268,13.179858
2035-03-08,18,378431.132071,152528.069728,225903.062344,0.0,101.195475,0.0,11239.1,0.0,27052.633037,13.988699
2035-03-08,19,392749.769111,264295.078339,128454.690772,0.0,0.0,0.0,9192.39,0.0,26759.188933,14.677193
2035-03-08,20,344792.209892,214881.175303,129911.034589,0.0,0.0,0.0,10242.81,0.0,26267.008128,13.126436
2035-03-08,21,269014.792923,152827.637281,116187.155642,0.0,0.0,0.0,12843.78,0.0,25714.838906,10.461461
2035-03-08,22,217117.881557,149154.060154,67963.821403,0.0,0.0,0.0,13931.64,0.0,24804.72912,8.753084
2035-03-08,23,186523.383922,137673.395661,48849.988261,0.0,0.0,0.0,14158.84,0.0,23765.349252,7.848544
2035-03-09,0,140520.310534,123326.385342,17193.925192,0.0,0.0,0.0,14161.54,0.0,22735.188001,6.180741
2035-03-09,1,137577.076478,123323.884123,14253.192355,0.0,0.0,0.0,13527.59,0.0,23026.493389,5.97473
2035-03-09,2,125864.620636,122186.631263,3677.989372,0.0,0.0,0.0,13548.92,0.0,21662.810385,5.81017
2035-03-09,3,122616.575857,116923.997896,5692.577961,0.0,0.0,0.0,13435.97,0.0,21596.158938,5.677703
2035-03-09,4,144761.430995,116921.490537,27839.940459,0.0,0.0,0.0,11566.41,0.0,21732.722734,6.660989
2035-03-09,5,113337.489524,102327.105165,11010.384358,0.0,0.0,0.0,13881.62,0.0,21961.192897,5.160808
2035-03-09,6,123983.82363,109839.201266,14144.622363,0.0,0.0,0.0,13718.06,0.0,22439.153166,5.525334
2035-03-09,7,160218.3122,140445.448775,19772.863425,0.0,0.0,0.0,12056.51,0.0,22736.85786,7.046634
2035-03-09,8,179866.756137,140422.740548,39444.015589,0.0,0.0,0.0,11788.81,0.0,23484.154295,7.659069
2035-03-09,9,192715.727704,142737.872396,49977.855309,0.0,0.0,0.0,11815.26,0.0,24148.396366,7.980477
2035-03-09,10,212641.184542,192044.843244,20596.341297,0.0,0.0,0.0,12349.15,0.0,24767.98294,8.585325
2035-03-09,11,264333.631988,118118.434013,146215.197974,0.0,557.175252,0.0,13006.92,0.0,25153.6302,10.508767
2035-03-09,12,267395.335006,126894.526593,140500.808412,0.0,1196.099538,0.0,13966.55,0.0,25404.70453,10.525426
2035-03-09,13,247496.801121,121151.023355,126345.777766,0.0,1684.27534,0.0,15293.0,0.0,25825.534936,9.583414
2035-03-09,14,261866.215807,125287.903616,136578.312191,0.0,1659.135168,0.0,15041.66,0.0,26256.993768,9.973199
2035-03-09,15,295097.466618,115063.841882,180033.624736,54.634596,1491.193983,0.0,14190.1,0.0,27007.731753,10.926407
2035-03-09,16,318956.993971,147037.288735,171919.705236,0.0,1157.882874,0.0,13365.48,0.0,27526.555554,11.587247
2035-03-09,17,364884.855227,147871.166629,217013.688597,0.0,580.318141,0.0,10887.61,0.0,27407.944096,13.313106
2035-03-09,18,351645.202445,256843.144557,94802.057887,0.0,0.0,0.0,7553.99,0.0,27129.076286,12.961931
2035-03-09,19,396347.593416,205392.321972,190955.271444,0.0,0.0,0.0,4389.83,0.0,26641.48597,14.877083
2035-03-09,20,405715.543183,200449.527747,205266.015436,0.0,0.0,0.0,2668.8,0.0,25394.307414,15.976634
2035-03-09,21,391715.491248,199232.380514,192483.110734,0.0,0.0,0.0,2464.32,0.0,24594.458076,15.926982
2035-03-09,22,368654.962506,189713.656258,178941.306248,0.0,0.0,0.0,2830.9,0.0,23954.085197,15.390066
2035-03-09,23,356397.722239,197159.871048,159237.851191,0.0,0.0,0.0,2591.26,0.0,23550.579389,15.133289
2035-03-10,0,341175.638208,189491.117455,151684.520753,0.0,0.0,0.0,2738.87,0.0,23132.625394,14.748678
2035-03-10,1,320151.91017,172318.243246,147833.666924,0.0,0.0,0.0,3312.23,0.0,22773.107909,14.058332
2035-03-10,2,311026.062299,170436.18532,140589.87698,0.0,0.0,0.0,3494.67,0.0,22534.326557,13.802323
2035-03-10,3,305369.427835,170436.18532,134933.242516,0.0,0.0,0.0,3793.71,0.0,22572.023758,13.528669
2035-03-10,4,301885.558519,170853.012471,131032.546048,0.0,0.0,0.0,4173.73,0.0,22790.164143,13.246309
2035-03-10,5,317133.998059,189799.508564,127334.489495,0.0,0.0,0.0,3740.61,0.0,22774.059864,13.925229
2035-03-10,6,317886.167871,183591.499342,134294.66853,0.0,0.0,0.0,3504.93,0.0,22263.343627,14.278456
2035-03-10,7,328827.556029,167475.869107,161351.686922,0.0,0.0,0.0,3532.22,0.0,22400.85208,14.679243
2035-03-10,8,353474.386111,167475.869107,185998.517003,0.0,0.0,0.0,3229.57,0.0,23152.777272,15.26704
2035-03-10,9,325616.480459,167475.869107,158140.611352,0.0,0.0,0.0,4851.52,0.0,23583.580027,13.806915
2035-03-10,10,250356.543421,166398.021078,83958.522343,0.0,0.0,0.0,7787.47,0.0,23149.677498,10.814688
2035-03-10,11,204127.297958,174704.300639,29422.99732,0.0,0.0,0.0,10555.42,0.0,22896.81044,8.915098
2035-03-10,12,222242.83543,122140.296931,100102.538499,0.0,438.843982,0.0,12509.11,0.0,22915.477365,9.698372
2035-03-10,13,194959.757942,113108.646966,81851.110976,0.0,945.557231,0.0,14284.48,0.0,23059.959454,8.454471
2035-03-10,14,199508.637968,128735.946374,70772.691594,0.0,1136.756261,0.0,14550.19,0.0,23197.39429,8.600476
2035-03-10,15,216618.878953,135540.256195,81078.622759,0.0,1243.717918,0.0,14477.49,0.0,23739.881224,9.124683
