Date,Hour,TotalCosts,FixedCosts,VariableCosts,LoadShedding,OverGeneration,ReserveShortfall,RenewablesUsed,RenewablesCurtailment,Demand,Price
2035-01-01,0,522548.872321,221409.184501,301139.68782,0.0,0.0,0.0,6928.19,0.0,25898.575194,20.176742
2035-01-01,1,498172.921079,221409.184501,276763.736578,0.0,0.0,0.0,8056.98,0.0,26123.177157,19.070151
2035-01-01,2,478603.812259,200281.857563,278321.954696,0.0,0.0,0.0,8522.11,0.0,26187.229096,18.27623
2035-01-01,3,471074.333079,201810.422238,269263.910841,0.0,0.0,0.0,8881.82,0.0,26236.066361,17.95522
2035-01-01,4,467688.811363,201507.677552,266181.133811,0.0,0.0,0.0,9140.33,0.0,26387.695773,17.723746
2035-01-01,5,450546.779237,188772.716932,261774.062305,0.0,0.0,0.0,9959.08,0.0,26741.518906,16.848212
2035-01-01,6,445941.214158,185013.755195,260927.458963,0.0,0.0,0.0,10463.62,0.0,27121.49166,16.442356
2035-01-01,7,440440.724814,188348.268155,252092.456659,0.0,0.0,0.0,10920.93,0.0,27295.551411,16.135989
2035-01-01,8,466165.741318,202611.345612,263554.395707,0.0,0.0,0.0,10175.06,0.0,27270.896724,17.093891
2035-01-01,9,484316.831138,205168.379127,279148.452012,0.0,0.0,0.0,9534.93,0.0,27325.528741,17.723969
2035-01-01,10,461230.663309,205144.047343,256086.615966,0.0,0.0,0.0,10678.7,0.0,27593.135592,16.715413
2035-01-01,11,462663.193463,203881.161625,258782.031838,0.0,0.0,0.0,10469.54,0.0,27479.618856,16.836594
2035-01-01,12,431357.833934,181955.93947,249401.894464,0.0,0.0,0.0,10967.37,0.0,27238.749778,15.836183
2035-01-01,13,394257.840729,169220.97885,225036.861879,0.0,0.0,0.0,12212.36,0.0,27244.323424,14.471192
2035-01-01,14,412025.383177,166380.949168,245644.434009,0.0,0.0,0.0,11699.24,0.0,27438.560533,15.01629
2035-01-01,15,468633.130234,222904.283289,245728.846945,0.0,0.0,0.0,11168.56,0.0,27949.786125,16.766967
2035-01-01,16,534647.320542,256383.765812,278263.554729,0.0,0.0,0.0,10305.87,0.0,29035.163084,18.413787
2035-01-01,17,603324.338664,266983.026589,336341.312074,0.0,0.0,0.0,9034.71,0.0,30132.015211,20.022701
2035-01-01,18,631784.071338,289673.585722,342110.485617,0.0,0.0,0.0,8209.53,0.0,29959.624573,21.08785
2035-01-01,19,670180.25038,309494.909777,360685.340604,0.0,0.0,0.0,7053.01,0.0,29601.709754,22.639917
2035-01-01,20,640411.673979,304778.608929,335633.06505,0.0,0.0,0.0,7568.18,0.0,29193.924319,21.936471
2035-01-01,21,624486.104985,278753.974416,345732.130569,0.0,0.0,0.0,6963.47,0.0,28687.701087,21.768426
2035-01-01,22,635395.826561,278705.919309,356689.907251,0.0,0.0,0.0,5860.79,0.0,27969.480212,22.71747
2035-01-01,23,611929.760557,278705.919309,333223.841248,0.0,0.0,0.0,5925.36,0.0,27230.779419,22.471988
2035-01-02,0,593305.001721,271651.420434,321653.581288,0.0,0.0,0.0,5882.55,0.0,26649.081515,22.263619
2035-01-02,1,568419.340656,251059.252278,317360.088378,0.0,0.0,0.0,6228.13,0.0,26423.281206,21.512065
2035-01-02,2,570999.079768,251059.252278,319939.82749,0.0,0.0,0.0,6007.31,0.0,26313.819588,21.699589
2035-01-02,3,571274.274777,251059.252278,320215.022499,0.0,0.0,0.0,6223.09,0.0,26540.758865,21.524414
2035-01-02,4,592816.219026,267512.759985,325303.459041,0.0,0.0,0.0,6421.65,0.0,27208.679578,21.787761
2035-01-02,5,617466.786331,269916.433417,347550.352915,0.0,0.0,0.0,6344.71,0.0,28019.746203,22.036844
2035-01-02,6,619027.654323,269871.235015,349156.419308,0.0,0.0,0.0,6322.34,0.0,28067.187441,22.055208
2035-01-02,7,649860.013516,309527.916627,340332.09689,0.0,0.0,0.0,6461.27,0.0,28413.151391,22.871803
2035-01-02,8,774741.554414,405128.861981,369612.692433,0.0,0.0,0.0,5150.85,0.0,29363.888999,26.38416
2035-01-02,9,822550.379014,411771.563125,410778.815889,0.0,0.0,0.0,4551.7,0.0,30602.011426,26.878965
2035-01-02,10,844250.447866,445426.996573,398823.451293,0.0,0.0,0.0,5568.18,0.0,31579.420983,26.734197
2035-01-02,11,936835.050915,488369.80615,448465.244765,0.0,0.0,0.0,4201.43,0.0,32380.908682,28.93171
2035-01-02,12,945867.281042,488346.895137,457520.385905,0.0,0.0,0.0,4298.52,0.0,32942.180911,28.712953
2035-01-02,13,945391.471867,490147.844061,455243.627805,0.0,0.0,0.0,4773.11,0.0,33356.545172,28.342008
2035-01-02,14,944981.443787,490064.091944,454917.351843,0.0,0.0,0.0,5061.71,0.0,33640.456531,28.090625
2035-01-02,15,950995.724624,490064.091944,460931.63268,0.0,0.0,0.0,5028.38,0.0,33810.27019,28.127422
2035-01-02,16,1006000.590937,543365.793571,462634.797366,0.0,0.0,0.0,4797.07,0.0,33932.825203,29.646827
2035-01-02,17,1045007.518691,561200.950255,483806.568436,0.0,0.0,0.0,3651.44,0.0,33901.411363,30.824897
2035-01-02,18,1036883.94656,561194.325215,475689.621345,0.0,0.0,0.0,2692.13,0.0,32742.057933,31.668258
2035-01-02,19,1004327.928767,535686.405072,468641.523696,0.0,0.0,0.0,2210.9,0.0,31801.810317,31.580841
2035-01-02,20,952050.747112,507961.917607,444088.829505,0.0,0.0,0.0,2372.2,0.0,30906.835973,30.803889
2035-01-02,21,890081.280587,458258.477211,431822.803376,0.0,0.0,0.0,2675.73,0.0,30220.261094,29.45313
2035-01-02,22,821662.84533,400326.087125,421336.758205,0.0,0.0,0.0,2989.68,0.0,29445.569767,27.904464
2035-01-02,23,839983.947958,399189.262785,440794.685172,0.0,0.0,0.0,1709.28,0.0,28720.841811,29.246495
2035-01-03,0,838905.540058,399108.043442,439797.496616,0.0,0.0,0.0,1250.15,0.0,28073.751919,29.882203
2035-01-03,1,817691.22304,389637.167083,428054.055957,0.0,0.0,0.0,1341.41,0.0,27769.781993,29.44536
2035-01-03,2,816231.137582,389637.167083,426593.970499,0.0,0.0,0.0,1230.24,0.0,27613.710691,29.558908
2035-01-03,3,814444.459523,389637.167083,424807.292439,0.0,0.0,0.0,1352.92,0.0,27689.330373,29.413657
2035-01-03,4,857531.548385,440538.453847,416993.094539,0.0,0.0,0.0,1605.04,0.0,28162.468466,30.449445
2035-01-03,5,885686.899406,440396.720037,445290.179369,0.0,0.0,0.0,877.57,0.0,28601.416179,30.96654
2035-01-03,6,873643.473399,440396.720037,433246.753362,0.0,0.0,0.0,1069.14,0.0,28402.692604,30.759178
2035-01-03,7,822091.578749,395449.463194,426642.115555,0.0,0.0,0.0,2253.11,0.0,28783.821098,28.560891
2035-01-03,8,805625.829876,395449.463194,410176.366683,0.0,0.0,0.0,2820.86,0.0,28794.461391,27.9785
2035-01-03,9,750218.263302,368530.930713,381687.332589,0.0,0.0,0.0,3916.18,0.0,28532.356454,26.293596
2035-01-03,10,646725.001458,318653.9441,328071.057358,0.0,0.0,0.0,6625.4,0.0,28467.336513,22.718142
2035-01-03,11,547747.157854,260064.005542,287683.152312,0.0,0.0,0.0,8940.75,0.0,28286.486522,19.36427
2035-01-03,12,486447.005973,234701.789502,251745.216471,0.0,0.0,0.0,10479.88,0.0,27905.266238,17.432086
2035-01-03,13,409631.859602,187377.857512,222254.00209,0.0,0.0,0.0,12385.51,0.0,27579.14349,14.852958
2035-01-03,14,410857.042898,187377.857512,223479.185386,0.0,0.0,0.0,12059.93,0.0,27317.678454,15.039969
2035-01-03,15,424563.388847,187377.857512,237185.531335,0.0,0.0,0.0,11650.5,0.0,27427.429574,15.479518
2035-01-03,16,477121.149654,234711.586376,242409.563279,0.0,0.0,0.0,11193.5,0.0,28109.789096,16.973487
2035-01-03,17,601982.888057,294214.214162,307768.673895,0.0,0.0,0.0,8574.71,0.0,28972.521446,20.777718
2035-01-03,18,785239.379998,425888.353405,359351.026593,0.0,0.0,0.0,5223.63,0.0,29297.264945,26.802481
2035-01-03,19,862901.941596,425656.705645,437245.23595,0.0,0.0,0.0,2087.27,0.0,29403.124313,29.347287
2035-01-03,20,857651.232985,425656.705645,431994.52734,0.0,0.0,0.0,2201.68,0.0,29369.71246,29.201894
2035-01-03,21,847408.182235,425656.705645,421751.47659,0.0,0.0,0.0,2649.58,0.0,29453.049984,28.771492
2035-01-03,22,803039.014114,385586.072734,417452.94138,0.0,0.0,0.0,3049.45,0.0,29228.801698,27.474237
2035-01-03,23,787509.094559,375958.885432,411550.209126,0.0,0.0,0.0,3043.23,0.0,28868.092733,27.279568
2035-01-04,0,765046.431731,360620.940218,404425.491513,0.0,0.0,0.0,3185.48,0.0,28561.432504,26.785997
2035-01-04,1,746587.021425,344574.411368,402012.610057,0.0,0.0,0.0,3631.68,0.0,28643.012348,26.065241
2035-01-04,2,738847.564944,340293.402422,398554.162522,0.0,0.0,0.0,3898.84,0.0,28717.390821,25.728228
2035-01-04,3,737535.521064,337929.617835,399605.903228,0.0,0.0,0.0,4399.07,0.0,29208.779573,25.250474
2035-01-04,4,762725.508595,371898.061559,390827.447035,0.0,0.0,0.0,4866.79,0.0,29813.170428,25.583509
2035-01-04,5,799513.244696,383915.163397,415598.081299,0.0,0.0,0.0,4570.61,0.0,30620.935559,26.11002
2035-01-04,6,813554.462144,385669.824851,427884.637293,0.0,0.0,0.0,4393.15,0.0,30987.926636,26.253917
2035-01-04,7,818910.220244,390713.480805,428196.739439,0.0,0.0,0.0,4511.76,0.0,31137.694194,26.299642
2035-01-04,8,809010.466812,390660.75161,418349.715202,0.0,0.0,0.0,4265.04,0.0,30544.717801,26.486101
2035-01-04,9,747020.216951,367533.906481,379486.31047,0.0,0.0,0.0,4142.87,0.0,28715.562362,26.014473
2035-01-04,10,676564.056553,359911.252513,316652.80404,0.0,0.0,0.0,5376.65,0.0,27240.250125,24.836925
2035-01-04,11,571074.939477,257739.079083,313335.860394,0.0,0.0,0.0,5910.87,0.0,25955.636074,22.001963
2035-01-04,12,486445.502027,221690.585236,264754.916791,0.0,0.0,0.0,7048.34,0.0,24850.002711,19.57527
2035-01-04,13,402961.554324,171422.748208,231538.806117,0.0,0.0,0.0,8563.38,0.0,24194.092647,16.65537
2035-01-04,14,414094.693263,166743.61942,247351.073843,0.0,0.0,0.0,7654.99,0.0,23775.433536,17.416915
2035-01-04,15,454577.913872,188675.039351,265902.874522,0.0,0.0,0.0,6740.89,0.0,23837.110121,19.070177
2035-01-04,16,523317.187996,243177.849912,280139.338083,0.0,0.0,0.0,5623.9,0.0,24177.688277,21.644633
2035-01-04,17,604478.589382,282385.376824,322093.212558,0.0,0.0,0.0,3970.71,0.0,24880.490421,24.295284
2035-01-04,18,708947.331317,344066.273381,364881.057936,0.0,0.0,0.0,2609.41,0.0,25972.214284,27.296376
2035-01-04,19,751503.444252,343970.826819,407532.617434,0.0,0.0,0.0,1344.6,0.0,26503.636095,28.35473
2035-01-04,20,751023.51567,344601.763459,406421.752211,0.0,0.0,0.0,1732.43,0.0,26867.674955,27.95268
2035-01-04,21,737067.468394,344437.372427,392630.095967,0.0,0.0,0.0,2526.85,0.0,27190.192084,27.107843
2035-01-04,22,699941.010447,323510.938673,376430.071774,0.0,0.0,0.0,3469.37,0.0,27192.24121,25.740468
2035-01-04,23,694966.369047,335998.939957,358967.429089,0.0,0.0,0.0,3812.23,0.0,27062.872244,25.679697
2035-01-05,0,689704.327442,335960.241801,353744.08564,0.0,0.0,0.0,4074.83,0.0,27126.716344,25.425279
2035-01-05,1,691746.886349,321452.393641,370294.492708,0.0,0.0,0.0,4369.83,0.0,27510.05761,25.145236
2035-01-05,2,715973.512165,339460.860175,376512.65199,0.0,0.0,0.0,4386.96,0.0,27929.875112,25.634684
2035-01-05,3,729646.34634,343003.189331,386643.157009,0.0,0.0,0.0,4519.47,0.0,28752.784219,25.376546
2035-01-05,4,764690.858284,367740.153896,396950.704388,0.0,0.0,0.0,4545.92,0.0,29626.936807,25.810662
2035-01-05,5,821722.934628,403054.057833,418668.876794,0.0,0.0,0.0,4287.69,0.0,30584.097763,26.867653
2035-01-05,6,895508.107266,454828.055769,440680.051497,0.0,0.0,0.0,3920.97,0.0,31505.750428,28.42364
2035-01-05,7,943060.269547,482471.226589,460589.042957,0.0,0.0,0.0,3636.82,0.0,32297.13585,29.199502
2035-01-05,8,963131.966094,500172.810555,462959.155539,0.0,0.0,0.0,2703.15,0.0,31560.642032,30.516869
2035-01-05,9,882661.130264,472521.418137,410139.712127,0.0,0.0,0.0,2300.53,0.0,29146.577007,30.283526
2035-01-05,10,724965.274001,366293.904259,358671.369742,0.0,0.0,0.0,3115.61,0.0,26845.820321,27.004773
2035-01-05,11,613608.894567,285171.7211,328437.173467,0.0,0.0,0.0,3701.42,0.0,25027.308375,24.517574
2035-01-05,12,535073.751847,243149.261783,291924.490064,0.0,0.0,0.0,4598.33,0.0,23770.650631,22.509849
2035-01-05,13,469448.959318,206082.930983,263366.028335,0.0,0.0,0.0,5527.26,0.0,23024.920056,20.388734
2035-01-05,14,434191.736417,171493.959613,262697.776804,0.0,0.0,0.0,5984.03,0.0,22660.187804,19.160995
2035-01-05,15,429472.415757,166814.830825,262657.584932,0.0,0.0,0.0,6166.56,0.0,22729.145281,18.895229
2035-01-05,16,457964.54441,201406.745016,256557.799393,0.0,0.0,0.0,6204.84,0.0,23255.767954,19.692514
2035-01-05,17,533611.054696,238473.053431,295138.001265,0.0,0.0,0.0,4947.25,0.0,24024.842511,22.210803
2035-01-05,18,589641.473768,259621.583132,330019.890636,0.0,0.0,0.0,4047.63,0.0,24873.587004,23.705526
2035-01-05,19,609757.934887,259597.459934,350160.474954,0.0,0.0,0.0,3339.05,0.0,24991.026679,24.399075
2035-01-05,20,586110.25297,264520.696196,321589.556773,0.0,0.0,0.0,4239.74,0.0,24897.271043,23.541144
2035-01-05,21,539564.608787,234101.38943,305463.219357,0.0,0.0,0.0,5570.23,0.0,25058.689566,21.532036
2035-01-05,22,502139.442864,212776.567347,289362.875517,0.0,0.0,0.0,6455.81,0.0,24962.810937,20.115501
2035-01-05,23,520459.181363,255302.188228,265156.993135,0.0,0.0,0.0,6699.79,0.0,24868.605032,20.928363
2035-01-06,0,506552.413051,255264.956416,251287.456635,0.0,0.0,0.0,6972.26,0.0,24639.838674,20.558268
2035-01-06,1,470937.360987,200665.599604,270271.761383,0.0,0.0,0.0,7218.54,0.0,24731.513288,19.041995
2035-01-06,2,481274.020701,200665.599604,280608.421097,0.0,0.0,0.0,7039.17,0.0,24933.380467,19.302397
2035-01-06,3,514494.39647,222597.019534,291897.376936,0.0,0.0,0.0,6948.44,0.0,25564.19106,20.125589
2035-01-06,4,532655.757182,222590.821759,310064.935423,0.0,0.0,0.0,6824.42,0.0,26168.726483,20.354669
2035-01-06,5,514043.843565,222590.821759,291453.021806,0.0,0.0,0.0,7926.33,0.0,26590.375867,19.331951
2035-01-06,6,503406.98499,214449.872668,288957.112322,0.0,0.0,0.0,8878.73,0.0,27238.518795,18.481438
2035-01-06,7,514795.627531,222378.114476,292417.513055,0.0,0.0,0.0,9306.86,0.0,27832.780222,18.496019
2035-01-06,8,500099.253887,222359.863163,277739.390724,0.0,0.0,0.0,9499.18,0.0,27523.492479,18.169905
2035-01-06,9,471115.790885,214449.872668,256665.918216,0.0,0.0,0.0,8992.79,0.0,26161.412438,18.008041
2035-01-06,10,399209.128149,179860.901298,219348.226851,0.0,0.0,0.0,9484.35,0.0,24456.533746,16.32321
2035-01-06,11,358838.538897,140232.984259,218605.554638,0.0,0.0,0.0,9224.84,0.0,23491.960038,15.274951
2035-01-06,12,324734.989993,140232.984259,184502.005734,0.0,0.0,0.0,9865.74,0.0,22834.753619,14.221086
2035-01-06,13,262294.031219,107706.22472,154587.806499,0.0,0.0,0.0,11575.98,0.0,22642.646884,11.584071
2035-01-06,14,263755.734748,107706.22472,156049.510028,0.0,0.0,0.0,11488.52,0.0,22619.721826,11.660432
2035-01-06,15,279677.258435,118498.827993,161178.430441,0.0,0.0,0.0,11437.46,0.0,22898.532283,12.213764
2035-01-06,16,292366.332611,129960.2069,162406.125711,0.0,0.0,0.0,11652.27,0.0,23501.19038,12.44049
2035-01-06,17,382523.928995,166886.307896,215637.6211,0.0,0.0,0.0,9703.83,0.0,24194.093149,15.810633
2035-01-06,18,450440.959936,207971.051314,242469.908622,0.0,0.0,0.0,8350.49,0.0,24827.7539,18.142638
2035-01-06,19,509492.75192,207863.842985,301628.908935,0.0,0.0,0.0,6034.39,0.0,24862.972263,20.492029
2035-01-06,20,433583.316421,207104.568604,226478.747817,0.0,0.0,0.0,8646.53,0.0,24648.213919,17.590861
2035-01-06,21,316070.054299,153302.093164,162767.961135,0.0,0.0,0.0,12087.54,0.0,24218.874419,13.050567
2035-01-06,22,250343.159492,127376.318949,122966.840543,0.0,0.0,0.0,13925.02,0.0,23463.400011,10.669518
2035-01-06,23,243010.745272,128416.806851,114593.938421,0.0,0.0,0.0,13776.68,0.0,22551.273655,10.775921
2035-01-07,0,231340.914247,152370.365151,78970.549096,0.0,0.0,0.0,13728.97,0.0,21898.697287,10.56414
2035-01-07,1,202000.022836,100408.842071,101591.180765,0.0,0.0,0.0,13369.82,0.0,21474.8141,9.406369
2035-01-07,2,213346.579832,102076.766824,111269.813008,0.0,0.0,0.0,12774.13,0.0,21345.902237,9.994732
2035-01-07,3,234111.907287,106406.290272,127705.617015,0.0,0.0,0.0,12035.97,0.0,21450.929197,10.913835
2035-01-07,4,262627.215356,109046.475103,153580.740253,0.0,0.0,0.0,11213.93,0.0,21767.571082,12.065068
2035-01-07,5,314927.894169,151013.813991,163914.080177,0.0,0.0,0.0,11017.16,0.0,22668.685931,13.89264
2035-01-07,6,368975.188098,178288.02596,190687.162138,0.0,0.0,0.0,10261.94,0.0,23921.252724,15.424576
2035-01-07,7,429780.454846,219084.280639,210696.174207,0.0,0.0,0.0,9093.13,0.0,24506.395467,17.537481
2035-01-07,8,468592.741702,225623.453692,242969.28801,0.0,0.0,0.0,7625.98,0.0,24517.228467,19.112794
2035-01-07,9,469054.567479,188493.039194,280561.528285,0.0,0.0,0.0,6681.61,0.0,24397.658504,19.225393
2035-01-07,10,450707.803372,188493.039194,262214.764178,0.0,0.0,0.0,7279.7,0.0,24319.999921,18.532393
2035-01-07,11,437913.979613,188493.039194,249420.940419,0.0,0.0,0.0,7582.19,0.0,24133.57912,18.145422
2035-01-07,12,410468.415997,187733.764814,222734.651183,0.0,0.0,0.0,8539.17,0.0,24060.436147,17.059891
2035-01-07,13,350950.633245,149376.44995,201574.183295,0.0,0.0,0.0,10443.3,0.0,24255.225214,14.469073
2035-01-07,14,364969.456836,146714.970461,218254.486375,0.0,0.0,0.0,10001.72,0.0,24383.17592,14.968085
2035-01-07,15,382925.661916,150340.909789,232584.752127,0.0,0.0,0.0,9443.86,0.0,24419.745965,15.680985
2035-01-07,16,407318.482867,185808.465149,221510.017718,0.0,0.0,0.0,9162.6,0.0,24479.041252,16.639479
2035-01-07,17,489207.546595,222894.946444,266312.600151,0.0,0.0,0.0,7006.65,0.0,24775.844825,19.745343
2035-01-07,18,592057.028915,272867.175397,319189.853517,0.0,0.0,0.0,4883.9,0.0,25450.748039,23.262854
2035-01-07,19,634091.833004,272853.69775,361238.135254,0.0,0.0,0.0,3041.18,0.0,25331.330736,25.03192
2035-01-07,20,602578.326191,272853.69775,329724.628441,0.0,0.0,0.0,3807.15,0.0,24972.431065,24.129742
2035-01-07,21,554446.73639,259888.203161,294558.53323,0.0,0.0,0.0,4915.36,0.0,24539.037962,22.594477
2035-01-07,22,479528.54095,206373.67421,273154.86674,0.0,0.0,0.0,5846.56,0.0,23716.907896,20.218847
2035-01-07,23,461927.876476,193172.167982,268755.708494,0.0,0.0,0.0,5509.69,0.0,22904.810354,20.167287
2035-01-08,0,449236.642114,197344.174145,251892.467969,0.0,0.0,0.0,5450.34,0.0,22265.600706,20.176264
2035-01-08,1,430436.919574,173780.114986,256656.804588,0.0,0.0,0.0,5501.53,0.0,21953.295475,19.606939
2035-01-08,2,454021.903677,188876.041212,265145.862465,0.0,0.0,0.0,4963.52,0.0,22002.616145,20.634905
2035-01-08,3,471217.813782,188515.026061,282702.787721,0.0,0.0,0.0,4545.07,0.0,22297.776095,21.132951
2035-01-08,4,512424.984728,217477.991505,294946.993223,0.0,0.0,0.0,4115.94,0.0,22687.316765,22.586408
2035-01-08,5,580902.963997,270986.478222,309916.485775,0.0,0.0,0.0,3919.84,0.0,24035.904518,24.168134
2035-01-08,6,632388.153414,280396.708743,351991.444672,0.0,0.0,0.0,3676.32,0.0,25679.59836,24.626092
2035-01-08,7,667003.103433,304991.169708,362011.933725,0.0,0.0,0.0,3509.43,0.0,26254.83709,25.404961
2035-01-08,8,690956.808773,304909.062581,386047.746193,0.0,0.0,0.0,2103.72,0.0,25680.418978,26.905979
2035-01-08,9,683217.681838,304780.544027,378437.13781,0.0,0.0,0.0,1439.65,0.0,24850.517559,27.493097
2035-01-08,10,644493.793634,295945.859733,348547.933902,0.0,0.0,0.0,2249.38,0.0,24447.765599,26.362074
2035-01-08,11,595122.870547,263261.942117,331860.92843,0.0,0.0,0.0,3013.05,0.0,24011.577211,24.78483
2035-01-08,12,539676.511394,240529.596647,299146.914747,0.0,0.0,0.0,4334.31,0.0,23697.836577,22.77324
2035-01-08,13,480695.079245,210567.356301,270127.722944,0.0,0.0,0.0,5892.53,0.0,23597.264662,20.370797
2035-01-08,14,451838.606349,173482.211859,278356.39449,0.0,0.0,0.0,6419.44,0.0,23660.389718,19.096837
2035-01-08,15,431651.394996,173482.211859,258169.183137,0.0,0.0,0.0,7227.96,0.0,23903.537734,18.058055
2035-01-08,16,434864.40462,193049.847203,241814.557417,0.0,0.0,0.0,8127.02,0.0,24461.101724,17.777793
2035-01-08,17,508864.999836,222238.971808,286626.028028,0.0,0.0,0.0,6786.37,0.0,25359.538392,20.06602
2035-01-08,18,588864.669045,270729.394496,318135.274549,0.0,0.0,0.0,5589.31,0.0,26077.86528,22.581015
2035-01-08,19,627170.853652,270628.646821,356542.206831,0.0,0.0,0.0,4005.25,0.0,26108.068106,24.022109
2035-01-08,20,580034.151123,270628.646821,309405.504302,0.0,0.0,0.0,5461.55,0.0,25837.439298,22.449367
2035-01-08,21,475608.475876,220919.718693,254688.757183,0.0,0.0,0.0,7926.99,0.0,25297.404255,18.800683
2035-01-08,22,383474.387498,172029.272675,211445.114824,0.0,0.0,0.0,9853.6,0.0,24372.333316,15.734004
2035-01-08,23,347220.772275,155611.100129,191609.672146,0.0,0.0,0.0,10179.58,0.0,23512.846415,14.767279
2035-01-09,0,330097.154063,155611.100129,174486.053935,0.0,0.0,0.0,10344.17,0.0,23020.081531,14.33953
2035-01-09,1,318942.618836,139675.470215,179267.148621,0.0,0.0,0.0,10596.67,0.0,22911.187685,13.920824
2035-01-09,2,319166.557519,139675.470215,179491.087305,0.0,0.0,0.0,10593.51,0.0,22903.662881,13.935175
2035-01-09,3,323502.909828,139675.470215,183827.439613,0.0,0.0,0.0,10664.31,0.0,23122.730162,13.990688
2035-01-09,4,361183.501577,161606.890145,199576.611432,0.0,0.0,0.0,10310.5,0.0,23665.623326,15.261948
2035-01-09,5,411658.806609,187355.243377,224303.563233,0.0,0.0,0.0,9456.68,0.0,24625.609879,16.716695
2035-01-09,6,487085.037893,221932.322976,265152.714917,0.0,0.0,0.0,8458.12,0.0,26012.340203,18.725153
2035-01-09,7,531791.441508,233509.598668,298281.84284,0.0,0.0,0.0,7549.95,0.0,26553.333011,20.027295
2035-01-09,8,556661.816113,246211.175162,310450.640951,0.0,0.0,0.0,6748.33,0.0,26509.7663,20.998368
2035-01-09,9,570197.31526,246204.321109,323992.994151,0.0,0.0,0.0,5977.34,0.0,26311.750039,21.670824
2035-01-09,10,533409.115755,238294.330615,295114.78514,0.0,0.0,0.0,6775.19,0.0,25938.482728,20.564392
2035-01-09,11,520100.841488,238294.330615,281806.510873,0.0,0.0,0.0,6651.2,0.0,25332.715545,20.530797
2035-01-09,12,461041.45074,201227.999815,259813.450925,0.0,0.0,0.0,7390.7,0.0,24642.890305,18.708903
2035-01-09,13,411374.222339,179302.777659,232071.444679,0.0,0.0,0.0,8406.39,0.0,24249.711341,16.964087
2035-01-09,14,401452.379712,179302.777659,222149.602052,0.0,0.0,0.0,8575.7,0.0,24041.528589,16.698288
2035-01-09,15,400318.841112,179302.777659,221016.063452,0.0,0.0,0.0,8625.77,0.0,24046.102344,16.647972
2035-01-09,16,451703.606932,206525.02203,245178.584902,0.0,0.0,0.0,7953.89,0.0,24673.572266,18.307183
2035-01-09,17,552653.134594,260236.626565,292416.508029,0.0,0.0,0.0,6468.16,0.0,25822.672342,21.401857
2035-01-09,18,637246.595769,301498.733502,335747.862267,0.0,0.0,0.0,5182.23,0.0,26880.55084,23.706605
2035-01-09,19,684457.817409,309335.682372,375122.135036,0.0,0.0,0.0,3841.07,0.0,27189.520112,25.173589
2035-01-09,20,690024.886654,309317.43106,380707.455594,0.0,0.0,0.0,3600.22,0.0,27182.04927,25.385315
2035-01-09,21,684377.590011,309317.43106,375060.158951,0.0,0.0,0.0,3489.19,0.0,26862.181308,25.477365
2035-01-09,22,657424.992839,306953.646473,350471.346365,0.0,0.0,0.0,3617.48,0.0,26048.558199,25.238441
2035-01-09,23,647478.065295,286027.212719,361450.852576,0.0,0.0,0.0,2876.49,0.0,25360.999647,25.530463
2035-01-10,0,664613.723104,302270.350357,362343.372747,0.0,0.0,0.0,2441.55,0.0,25142.628811,26.43374
2035-01-10,1,668718.673056,302262.932184,366455.740872,0.0,0.0,0.0,2188.27,0.0,25122.077336,26.618765
2035-01-10,2,676405.198759,302262.932184,374142.266575,0.0,0.0,0.0,1923.18,0.0,25127.732911,26.918672
2035-01-10,3,712212.61912,332908.154152,379304.464968,0.0,0.0,0.0,1756.08,0.0,25556.623311,27.868025
2035-01-10,4,741484.003352,348259.148531,393224.854822,0.0,0.0,0.0,1635.72,0.0,26276.65933,28.218351
2035-01-10,5,811238.610753,408666.672042,402571.938711,0.0,0.0,0.0,1703.08,0.0,27330.324166,29.682729
2035-01-10,6,839524.245147,408601.563624,430922.681522,0.0,0.0,0.0,1820.69,0.0,28672.661106,29.279607
2035-01-10,7,845880.534263,408601.563624,437278.970639,0.0,0.0,0.0,1952.12,0.0,29036.480948,29.131648
2035-01-10,8,812681.543364,408601.563624,404079.979739,0.0,0.0,0.0,2943.9,0.0,28807.544911,28.210719
2035-01-10,9,721483.567599,352484.401863,368999.165736,0.0,0.0,0.0,4347.19,0.0,28255.624706,25.534157
2035-01-10,10,617610.675319,303683.421597,313927.253722,0.0,0.0,0.0,6539.47,0.0,27611.042663,22.368249
2035-01-10,11,566972.730568,243615.807391,323356.923177,0.0,0.0,0.0,6561.69,0.0,26906.059056,21.072307
2035-01-10,12,538763.286721,243615.807391,295147.47933,0.0,0.0,0.0,6848.28,0.0,26150.504413,20.602405
2035-01-10,13,491373.914318,238470.132996,252903.781322,0.0,0.0,0.0,8000.02,0.0,25592.477069,19.199936
2035-01-10,14,471551.507729,200588.745497,270962.762233,0.0,0.0,0.0,7792.98,0.0,25194.894294,18.716153
2035-01-10,15,475715.290563,200588.745497,275126.545066,0.0,0.0,0.0,7677.32,0.0,25233.253102,18.852713
2035-01-10,16,503363.902265,238515.172648,264848.729616,0.0,0.0,0.0,7936.36,0.0,25888.552776,19.443493
2035-01-10,17,547793.439757,243168.075425,304625.364332,0.0,0.0,0.0,7228.02,0.0,26843.703153,20.406776
2035-01-10,18,560752.450405,243149.261783,317603.188622,0.0,0.0,0.0,7332.06,0.0,27452.517295,20.426267
2035-01-10,19,565122.609122,243149.261783,321973.347339,0.0,0.0,0.0,7176.28,0.0,27439.885457,20.594933
2035-01-10,20,511202.097475,243149.261783,268052.835692,0.0,0.0,0.0,8926.6,0.0,27168.200058,18.816193
2035-01-10,21,430307.047118,217739.335992,212567.711126,0.0,0.0,0.0,11224.66,0.0,26667.933515,16.135748
2035-01-10,22,365901.325962,161600.69237,204300.633592,0.0,0.0,0.0,12112.5,0.0,25711.386013,14.231101
2035-01-10,23,352781.198294,161600.69237,191180.505924,0.0,0.0,0.0,11706.06,0.0,24815.068654,14.21641
2035-01-11,0,372100.247478,185772.071816,186328.175662,0.0,0.0,0.0,11021.27,0.0,24232.969062,15.355124
2035-01-11,1,376944.28081,182392.648076,194551.632734,0.0,0.0,0.0,10204.14,0.0,23961.371516,15.731332
2035-01-11,2,417337.923476,183612.125932,233725.797543,0.0,0.0,0.0,8169.56,0.0,23727.136051,17.589056
2035-01-11,3,481665.478732,218567.565699,263097.913033,0.0,0.0,0.0,6305.43,0.0,23824.220679,20.21747
2035-01-11,4,532922.807272,223442.99771,309479.809562,0.0,0.0,0.0,4880.63,0.0,24273.499088,21.954923
2035-01-11,5,531926.474189,218127.014812,313799.459376,0.0,0.0,2.304018,5553.28,0.0,25054.167289,21.231058
2035-01-11,6,549846.733727,240058.434742,309788.298984,0.0,0.0,0.0,6343.37,0.0,26027.201121,21.125849
2035-01-11,7,542023.169523,238936.678604,303086.490919,0.0,0.0,0.0,6979.43,0.0,26463.784014,20.481696
2035-01-11,8,495194.438266,240286.932444,254907.505822,0.0,0.0,0.0,9040.56,0.0,26570.997333,18.636652
2035-01-11,9,476549.730061,205680.969795,270868.760266,0.0,0.0,0.0,9403.38,0.0,26754.295888,17.812083
2035-01-11,10,443441.218574,194446.91793,248994.300644,0.0,0.0,0.0,10508.28,0.0,26908.356293,16.479684
2035-01-11,11,440294.392421,191242.983702,249051.408719,0.0,0.0,0.0,10311.28,0.0,26647.502489,16.522914
2035-01-11,12,406314.183808,169317.761546,236996.422262,0.0,0.0,0.0,10814.26,0.0,26328.655827,15.432394
2035-01-11,13,357670.799137,156582.800926,201087.998211,0.0,0.0,0.0,12411.4,0.0,26253.139607,13.623925
2035-01-11,14,367659.756871,155823.526546,211836.230325,0.0,0.0,0.0,12007.01,0.0,26241.105697,14.010833
2035-01-11,15,381173.700189,158687.888012,222485.812177,0.0,0.0,0.0,11667.19,0.0,26353.807378,14.463705
2035-01-11,16,420163.393479,198388.443674,221774.949804,0.0,0.0,0.0,11608.75,0.0,26931.753558,15.601041
2035-01-11,17,496264.975021,217339.144287,278925.830734,0.0,0.0,0.0,9493.46,0.0,27590.053636,17.987097
2035-01-11,18,561839.620436,255664.821391,306174.799045,0.0,0.0,0.0,7681.48,0.0,27497.57536,20.432333
2035-01-11,19,599164.322993,259443.644419,339720.678574,0.0,0.0,0.0,5793.46,0.0,27047.493596,22.152305
2035-01-11,20,554253.540326,259421.657553,294831.882774,0.0,0.0,0.0,6953.83,0.0,26556.007876,20.871117
2035-01-11,21,472085.910215,215530.062137,256555.848078,0.0,0.0,0.0,8763.51,0.0,25946.05326,18.194903
2035-01-11,22,404437.93673,179860.901298,224577.035433,0.0,0.0,0.0,9863.88,0.0,24993.664968,16.181618
2035-01-11,23,395789.812816,175072.74208,220717.070736,0.0,0.0,0.0,9272.0,0.0,24112.397527,16.41437
2035-01-12,0,435958.495125,231023.128504,204935.366621,0.0,0.0,0.0,8182.63,0.0,23448.334804,18.592301
2035-01-12,1,439830.813131,193897.704777,245933.108354,0.0,0.0,0.0,6869.45,0.0,23186.965278,18.968882
2035-01-12,2,475879.852601,196321.267352,279558.58525,0.0,0.0,0.0,5196.79,0.0,22916.740775,20.765599
2035-01-12,3,493923.099174,196250.948299,297672.150875,0.0,0.0,0.0,4517.42,0.0,22984.672593,21.489238
2035-01-12,4,480567.664614,196772.876737,283794.787878,0.0,0.0,0.0,5367.1,0.0,23352.438495,20.578907
2035-01-12,5,456253.033966,220713.757467,235539.276499,0.0,0.0,0.0,7501.98,0.0,23922.254848,19.072326
2035-01-12,6,378703.412502,182829.449533,195873.962969,0.0,0.0,0.0,10588.99,0.0,24614.651575,15.385284
2035-01-12,7,396766.318568,177427.833613,219338.484955,0.0,0.0,0.0,10624.73,0.0,25423.002459,15.606588
2035-01-12,8,424300.349319,180010.78802,244289.5613,0.0,0.0,0.0,9625.95,0.0,25501.285201,16.638391
2035-01-12,9,440681.749325,179989.419851,260692.329474,0.0,0.0,0.0,8699.33,0.0,25222.28359,17.471921
2035-01-12,10,424127.292318,189978.624637,234148.667681,0.0,0.0,0.0,9218.96,0.0,24931.620478,17.011622
2035-01-12,11,429576.19299,189890.209155,239685.983835,0.0,0.0,0.0,8822.57,0.0,24805.051962,17.318093
2035-01-12,12,389907.554566,152823.878355,237083.676211,0.0,0.0,0.0,9285.8,0.0,24502.969284,15.912666
2035-01-12,13,321968.578398,149531.462226,172437.116172,0.0,0.0,0.0,11790.02,0.0,24420.252349,13.18449
2035-01-12,14,343620.495447,143201.532495,200418.962953,0.0,0.0,0.0,10947.9,0.0,24556.712179,13.992936
2035-01-12,15,388132.391081,159444.670133,228687.720948,0.0,0.0,0.0,10266.52,0.0,25042.352347,15.499039
2035-01-12,16,445469.968033,216519.230668,228950.737364,0.0,0.0,0.0,10011.05,0.0,25852.351207,17.231313
2035-01-12,17,547972.763255,258974.692727,288998.070528,0.0,0.0,0.870443,7550.29,0.0,26688.936767,20.531832
2035-01-12,18,672744.458202,336138.340522,336606.117679,0.0,0.0,0.0,5160.08,0.0,27270.813548,24.669028
2035-01-12,19,740029.39346,336054.820669,403974.572792,0.0,0.0,0.0,2478.05,0.0,27199.895129,27.207068
2035-01-12,20,723511.641728,336054.820669,387456.82106,0.0,0.0,0.0,2754.22,0.0,26989.272097,26.807379
2035-01-12,21,685399.088705,328144.830174,357254.258531,0.0,0.0,0.0,3759.7,0.0,26803.578489,25.571178
2035-01-12,22,623076.290268,284171.146224,338905.144044,0.0,0.0,0.0,4911.61,0.0,26546.4767,23.471148
2035-01-12,23,620153.843854,275336.46193,344817.381925,0.0,0.0,0.0,4441.07,0.0,26137.822175,23.726301
2035-01-13,0,619748.062534,275336.46193,344411.600604,0.0,0.0,0.0,4156.79,0.0,25833.134546,23.990432
2035-01-13,1,631570.406178,276080.14923,355490.256948,0.0,0.0,0.0,3809.31,0.0,25838.644348,24.442862
2035-01-13,2,647103.849259,294943.284919,352160.564339,0.0,0.0,0.0,3634.48,0.0,25860.527967,25.02284
2035-01-13,3,658276.606291,294352.941689,363923.664602,0.0,0.0,0.0,3489.08,0.0,26193.641064,25.131161
2035-01-13,4,682154.484288,308862.172648,373292.31164,0.0,0.0,0.0,3427.29,0.0,26598.63978,25.646217
2035-01-13,5,709296.674228,334695.39066,374601.283568,0.0,0.0,0.0,3441.13,0.0,27093.132015,26.179944
2035-01-13,6,720323.405315,334691.154043,385632.251271,0.0,0.0,0.0,3509.79,0.0,27630.369723,26.069988
2035-01-13,7,736222.94601,339411.672127,396811.273884,0.0,0.0,0.0,3708.5,0.0,28256.953495,26.054576
2035-01-13,8,735873.098201,339381.868333,396491.229869,0.0,0.0,0.0,3738.97,0.0,28308.302199,25.994957
2035-01-13,9,725579.321259,339381.868333,386197.452926,0.0,0.0,0.0,3896.84,0.0,28127.486508,25.796095
2035-01-13,10,661330.820444,339381.868333,321948.952112,0.0,0.0,0.0,5465.58,0.0,27327.292571,24.200378
2035-01-13,11,590917.325194,260064.005542,330853.319652,0.0,0.0,0.0,5829.62,0.0,26723.764055,22.112054
2035-01-13,12,546546.129781,260064.005542,286482.124239,0.0,0.0,0.0,6805.58,0.0,26096.375831,20.943373
2035-01-13,13,490984.110839,209026.836021,281957.274818,0.0,0.0,0.0,7846.5,0.0,25833.337531,19.005833
2035-01-13,14,490464.911155,209026.836021,281438.075134,0.0,0.0,0.0,7891.13,0.0,25850.969864,18.972786
2035-01-13,15,536545.782941,259861.887851,276683.89509,0.0,0.0,0.0,7620.62,0.0,26293.344828,20.406144
2035-01-13,16,601955.538188,290013.864077,311941.674111,0.0,0.0,0.0,6991.52,0.0,27485.182819,21.901093
2035-01-13,17,718221.435753,361873.232302,356348.203451,0.0,0.0,0.0,5765.42,0.0,28785.77639,24.950567
2035-01-13,18,791007.080221,394252.985168,396754.095053,0.0,0.0,0.0,4554.28,0.0,29726.603093,26.6094
2035-01-13,19,833579.74289,406046.645847,427533.097043,0.0,0.0,0.0,3328.6,0.0,29865.505859,27.911121
2035-01-13,20,837887.27159,406037.751485,431849.520105,0.0,0.0,0.0,3103.41,0.0,29838.56768,28.08068
2035-01-13,21,831330.512442,406037.751485,425292.760957,0.0,0.0,0.0,2894.38,0.0,29413.971451,28.263117
2035-01-13,22,807031.772165,394135.19264,412896.579525,0.0,0.0,0.0,2669.06,0.0,28569.463911,28.248054
2035-01-13,23,788144.93305,392417.995833,395726.937216,0.0,0.0,0.0,2601.26,0.0,27859.442533,28.290047
2035-01-14,0,746868.940769,344305.104595,402563.836173,0.0,0.0,0.0,2513.48,0.0,27327.904801,27.329901
2035-01-14,1,738048.234577,343791.946656,394256.28792,0.0,0.0,0.0,2538.92,0.0,27070.876739,27.263551
2035-01-14,2,737927.889179,341573.371771,396354.517408,0.0,0.0,0.0,2428.79,0.0,26984.875556,27.345981
2035-01-14,3,745241.963765,345860.743302,399381.220463,0.0,0.0,0.0,2438.29,0.0,27139.051301,27.460133
2035-01-14,4,793656.375652,391557.654948,402098.720704,0.0,0.0,0.0,2437.77,0.0,27712.87738,28.638541
2035-01-14,5,852444.340477,428441.125973,424003.214504,0.0,0.0,0.0,2191.78,0.0,28905.097095,29.491143
2035-01-14,6,909412.031066,453558.843631,455853.187436,0.0,0.0,0.0,1997.45,0.0,30133.651586,30.179284
2035-01-14,7,917529.573051,453550.922836,463978.650215,0.0,0.0,0.0,1876.01,0.0,30449.346809,30.13298
2035-01-14,8,920139.095427,460882.465849,459256.629578,0.0,0.0,0.0,1778.7,0.0,30253.882305,30.413918
2035-01-14,9,908360.123602,460689.614201,447670.509401,0.0,0.0,0.0,1912.97,0.0,30032.379436,30.246026
2035-01-14,10,827593.369558,424871.931814,402721.437744,0.0,0.0,0.0,3343.92,0.0,29419.155535,28.131106
2035-01-14,11,747802.034831,360629.505307,387172.529524,0.0,0.0,0.0,4089.12,0.0,28749.049007,26.011366
2035-01-14,12,680375.877781,334692.575581,345683.3022,0.0,0.0,0.0,5154.84,0.0,27863.36342,24.418297
2035-01-14,13,604346.120022,273438.093437,330908.026585,0.0,0.0,0.0,6030.52,0.0,27206.825095,22.213034
2035-01-14,14,586850.833371,251512.871282,335337.962089,0.0,0.0,0.0,5942.14,0.0,26864.563232,21.844793
2035-01-14,15,612002.419178,273444.291212,338558.127966,0.0,0.0,0.0,5551.88,0.0,26919.041085,22.734926
2035-01-14,16,701838.469471,348690.616573,353147.852898,0.0,0.0,0.0,4939.07,0.0,27909.869275,25.146605
2035-01-14,17,821224.649487,420304.674163,400919.975325,0.0,0.0,0.0,3853.31,0.0,29517.243609,27.821861
2035-01-14,18,904450.466673,464811.7808,439638.685872,0.0,0.0,0.0,2804.11,0.0,30494.929612,29.659044
2035-01-14,19,922149.129479,457337.620513,464811.508966,0.0,0.0,0.0,1887.26,0.0,30549.26783,30.185638
2035-01-14,20,914467.627602,451664.656473,462802.97113,0.0,0.0,0.0,1873.98,0.0,30421.939469,30.059478
2035-01-14,21,888390.094447,447383.647526,441006.44692,0.0,0.0,0.0,2134.63,0.0,29872.911177,29.738986
2035-01-14,22,822006.139457,407313.014615,414693.124842,0.0,0.0,0.0,2505.46,0.0,28855.532736,28.486951
2035-01-14,23,769455.42373,364249.921767,405205.501963,0.0,0.0,0.0,2705.52,0.0,28128.806884,27.354712
2035-01-15,0,741452.206328,348203.392916,393248.813412,0.0,0.0,0.0,2960.26,0.0,27680.666131,26.785924
2035-01-15,1,714922.356278,327327.907833,387594.448445,0.0,0.0,0.0,3184.74,0.0,27332.80468,26.156202
2035-01-15,2,721350.488455,327327.907833,394022.580623,0.0,0.0,0.0,2744.37,0.0,27138.823511,26.580021
2035-01-15,3,745162.910308,347781.633482,397381.276825,0.0,0.0,0.0,2349.17,0.0,27115.370758,27.481199
2035-01-15,4,777438.037203,371765.01667,405673.020533,0.0,0.0,0.0,2002.14,0.0,27376.081729,28.398441
2035-01-15,5,826325.286724,407327.560451,418997.726274,0.0,0.0,0.0,2022.36,0.0,28380.727954,29.115719
2035-01-15,6,855735.665378,411616.848605,444118.816772,0.0,0.0,0.0,2084.17,0.0,29506.543675,29.001556
2035-01-15,7,864353.318566,411594.023561,452759.295005,0.0,0.0,0.0,2154.37,0.0,29775.301184,29.029205
2035-01-15,8,847580.516382,411594.023561,435986.492821,0.0,0.0,0.0,2089.73,0.0,29248.044492,28.979049
2035-01-15,9,833194.621666,414378.030667,418816.590999,0.0,0.0,0.0,2311.41,0.0,28727.913516,29.002963
2035-01-15,10,771014.888517,389151.108435,381863.780082,0.0,0.0,0.0,3847.18,0.0,28589.808487,26.968173
2035-01-15,11,680910.610791,322797.914106,358112.696685,0.0,0.0,0.0,5087.86,0.0,28131.317297,24.204718
2035-01-15,12,612665.05988,302639.307491,310025.752389,0.0,0.0,0.0,6690.82,0.0,27556.125257,22.233353
2035-01-15,13,508593.83102,234554.26542,274039.5656,0.0,0.0,0.0,8937.44,0.0,27286.655324,18.638922
2035-01-15,14,524580.523959,234554.26542,290026.258539,0.0,0.0,0.0,8216.39,0.0,27185.654832,19.296225
2035-01-15,15,557359.594595,241661.190837,315698.403758,0.0,0.0,0.0,7374.59,0.0,27381.324203,20.355465
2035-01-15,16,636503.587492,312485.299516,324018.287976,0.0,0.0,0.0,6696.18,0.0,28017.709632,22.717902
2035-01-15,17,726557.800294,351152.0047,375405.795594,0.0,0.0,0.0,4759.15,0.0,28745.45722,25.275569
2035-01-15,18,829848.151664,423343.807107,406504.344557,0.0,0.0,0.0,3239.12,0.0,29139.186335,28.478769
2035-01-15,19,866205.524673,423189.272763,443016.25191,0.0,0.0,0.0,1742.06,0.0,29081.334371,29.785618
2035-01-15,20,815163.49152,404765.905156,410397.586364,0.0,0.0,0.0,2595.78,0.0,28763.088728,28.34061
2035-01-15,21,724514.318647,362633.98505,361880.333598,0.0,0.0,0.0,4222.6,0.0,28049.582814,25.829772
2035-01-15,22,616371.047041,291082.716813,325288.330227,0.0,0.0,0.0,5760.07,0.0,27079.375182,22.761642
2035-01-15,23,562882.353604,259597.459934,303284.89367,0.0,0.0,0.0,6190.83,0.0,26132.723648,21.539368
2035-01-16,0,534227.226627,259597.459934,274629.766693,0.0,0.0,0.0,6629.48,0.0,25489.889877,20.958397
2035-01-16,1,506645.084803,239856.845654,266788.239149,0.0,0.0,0.0,7110.88,0.0,25262.38449,20.055315
2035-01-16,2,517701.042566,239856.845654,277844.196912,0.0,0.0,0.0,6601.25,0.0,25170.044629,20.568142
2035-01-16,3,535331.155761,239856.845654,295474.310106,0.0,0.0,0.0,6245.78,0.0,25467.957844,21.019791
2035-01-16,4,561587.484228,243822.295255,317765.188973,0.0,0.0,0.0,5912.54,0.0,26028.067139,21.576227
2035-01-16,5,612347.433357,285694.126791,326653.306566,0.0,0.0,0.0,5954.7,0.0,27042.697848,22.643726
2035-01-16,6,636032.681794,285630.204915,350402.476879,0.0,0.0,0.0,5942.37,0.0,28072.37527,22.656889
2035-01-16,7,643501.93278,285630.204915,357871.727865,0.0,0.0,0.0,5836.1,0.0,28240.767375,22.786276
2035-01-16,8,641676.531795,285630.204915,356046.326879,0.0,0.0,0.0,5571.33,0.0,27908.873044,22.991847
2035-01-16,9,620115.318373,277720.21442,342395.103953,0.0,0.0,0.0,5782.98,0.0,27517.214679,22.535541
2035-01-16,10,559422.349767,264754.719831,294667.629936,0.0,0.0,0.0,7227.09,0.0,26951.973006,20.756267
2035-01-16,11,493552.89868,206549.476591,287003.422089,0.0,0.0,0.0,7973.03,0.0,26360.456034,18.723231
2035-01-16,12,449647.987341,198111.386067,251536.601274,0.0,0.0,0.0,8950.56,0.0,25819.284417,17.415199
2035-01-16,13,390373.245105,181608.081954,208765.163151,0.0,0.0,0.0,10421.75,0.0,25277.272154,15.443646
2035-01-16,14,360455.310079,147019.110583,213436.199496,0.0,0.0,0.0,10462.75,0.0,24714.419922,14.584818
2035-01-16,15,362235.187431,147019.110583,215216.076848,0.0,0.0,0.0,10333.76,0.0,24647.387425,14.696697
2035-01-16,16,393868.362082,181611.024774,212257.337308,0.0,0.0,0.0,10301.37,0.0,25207.479354,15.625059
2035-01-16,17,489688.498882,223257.126723,266431.372159,0.0,0.0,0.0,8216.89,0.0,25983.288711,18.846286
2035-01-16,18,611788.548126,295825.585112,315962.963014,0.0,0.0,0.0,5573.39,0.0,26398.92373,23.174753
2035-01-16,19,671760.503728,295773.431103,375987.072625,0.0,0.0,0.0,3046.14,0.0,26290.940379,25.551026
2035-01-16,20,634312.726412,295773.431103,338539.295309,0.0,0.0,0.0,3973.33,0.0,25877.978722,24.51168
2035-01-16,21,558726.762688,264754.719831,293972.042857,0.0,0.0,0.0,5472.08,0.0,25170.790657,22.197426
2035-01-16,22,470737.499576,206549.476591,264188.022985,0.0,0.0,0.0,6519.79,0.0,24061.975228,19.563544
2035-01-16,23,461213.793082,238939.599039,222274.194043,0.0,0.0,0.0,6630.91,0.0,22986.482868,20.064566
2035-01-17,0,436960.795619,238936.678604,198024.117015,0.0,0.0,0.0,6738.48,0.0,22126.899571,19.747945
2035-01-17,1,369536.745653,137653.046667,231883.698987,0.0,0.0,0.0,6886.2,0.0,21679.148703,17.045722
2035-01-17,2,388924.517421,148094.485045,240830.032377,0.0,0.0,0.0,6007.63,0.0,21389.900602,18.182624
2035-01-17,3,399311.68099,147988.376169,251323.304821,0.0,0.0,1.933002,5627.53,0.0,21459.602729,18.607599
2035-01-17,4,427899.866555,182580.29036,245319.576195,0.0,0.0,0.0,5483.02,0.0,21810.653985,19.618846
2035-01-17,5,461369.405221,202144.982883,259224.422337,0.0,0.0,0.0,5446.09,0.0,22642.449142,20.376303
2035-01-17,6,478539.856935,189403.824488,289136.032447,0.0,0.0,0.0,5452.14,0.0,23498.571938,20.364636
2035-01-17,7,490259.082627,208344.952509,281914.130119,0.0,0.0,0.0,5582.67,0.0,23714.570888,20.673327
2035-01-17,8,521366.524237,212991.431271,308375.092966,0.0,0.0,0.0,4189.13,0.0,23434.517636,22.247803
2035-01-17,9,525417.238057,210597.842891,314819.395166,0.0,0.0,0.0,3485.39,0.0,22923.938549,22.920025
2035-01-17,10,488073.245783,210597.842891,277475.402892,0.0,0.0,0.0,4172.6,0.0,22287.531863,21.898937
2035-01-17,11,464612.616792,191327.210511,273285.406282,0.0,0.0,0.0,4321.77,0.0,21829.444818,21.283758
2035-01-17,12,445265.067616,211972.974791,233292.092825,0.0,0.0,0.0,5269.97,0.0,21379.216727,20.827006
2035-01-17,13,374940.421914,155433.194707,219507.227208,0.0,0.0,0.0,6871.87,0.0,21313.871807,17.59138
2035-01-17,14,378385.50001,141011.891411,237373.608598,0.0,0.0,0.0,6124.77,0.0,21249.707507,17.806622
2035-01-17,15,419351.848268,175537.376987,243814.471281,0.0,0.0,0.0,5374.07,0.0,21487.646476,19.515951
2035-01-17,16,467875.543615,197465.854096,270409.689519,0.0,0.0,0.0,4503.37,0.0,21941.480753,21.323791
2035-01-17,17,535105.438942,235555.21357,299550.225372,0.0,0.0,0.0,3151.96,0.0,22275.314032,24.022352
2035-01-17,18,570359.884621,242623.861379,327736.023242,0.0,0.0,0.0,2303.29,0.0,22719.578968,25.104333
2035-01-17,19,580414.950978,242559.849336,337855.101642,0.0,0.0,0.0,2041.31,0.0,22866.255232,25.383035
2035-01-17,20,565238.950151,242559.849336,322679.100816,0.0,0.0,0.0,2604.18,0.0,22883.774419,24.700425
2035-01-17,21,522369.266079,223960.345284,298408.920795,0.0,0.0,0.0,3720.58,0.0,22829.535869,22.881292
2035-01-17,22,465433.750619,209559.904292,255873.846327,0.0,0.0,0.0,5343.1,0.0,22479.56299,20.704751
2035-01-17,23,431336.302245,172191.954557,259144.347688,0.0,0.0,0.0,5335.26,0.0,21860.306008,19.731485
2035-01-18,0,420333.1024,193173.836281,227159.266119,0.0,0.0,0.0,5880.08,0.0,21592.932866,19.466235
2035-01-18,1,382331.100008,158048.037829,224283.062178,0.0,0.0,0.0,6751.68,0.0,21606.017886,17.695584
2035-01-18,2,365536.938831,143073.013941,222463.92489,0.0,0.0,0.0,7087.32,0.0,21565.271295,16.950259
2035-01-18,3,357984.799878,143073.013941,214911.785937,0.0,0.0,0.0,7685.61,0.0,21832.504341,16.396873
2035-01-18,4,385451.134815,177539.242719,207911.892096,0.0,0.0,0.0,8047.57,0.0,22367.672385,17.23251
2035-01-18,5,367255.426439,174696.292603,192559.133836,0.0,0.0,0.0,9497.4,0.0,23216.747402,15.818556
2035-01-18,6,355747.10549,159182.725797,196564.379693,0.0,0.0,0.0,10790.62,0.0,24132.652598,14.741318
2035-01-18,7,350627.362554,162047.087262,188580.275292,0.0,0.0,0.0,11353.17,0.0,24427.782699,14.35363
2035-01-18,8,368486.481261,169529.477877,198957.003383,0.0,0.0,0.0,10534.52,0.0,24258.802269,15.189805
2035-01-18,9,379876.076947,169496.371139,210379.705809,0.0,0.0,0.0,9517.07,0.0,23738.158019,16.002761
2035-01-18,10,323548.377214,132430.040339,191118.336876,0.0,0.0,0.0,10241.79,0.0,23101.903911,14.005269
2035-01-18,11,305826.965445,124956.424678,180870.540766,0.0,0.0,0.0,10374.92,0.0,22628.646338,13.515036
2035-01-18,12,260877.080945,103031.202523,157845.878422,0.0,0.0,0.0,11239.78,0.0,22235.816465,11.732292
2035-01-18,13,216716.846064,94695.780355,122021.065709,0.0,0.0,0.0,12752.43,0.0,22112.653686,9.800581
2035-01-18,14,208784.522749,92072.982446,116711.540303,0.0,0.0,0.0,12950.88,0.0,22020.865835,9.481213
2035-01-18,15,213701.472847,92072.982446,121628.490401,0.0,0.0,0.0,12665.65,0.0,21944.195689,9.738405
2035-01-18,16,226942.525526,100231.521234,126711.004292,0.0,0.0,0.0,12404.25,0.0,22001.696296,10.314774
2035-01-18,17,272108.523256,118585.636268,153522.886988,0.0,0.0,0.0,10896.75,0.0,22161.841931,12.278245
2035-01-18,18,307295.963939,121177.387525,186118.576414,0.0,0.0,0.0,9834.57,0.0,22440.997758,13.693507
2035-01-18,19,356813.123997,143079.211716,213733.912281,0.0,0.0,0.0,8187.85,0.0,22248.470685,16.037647
2035-01-18,20,306055.574465,140232.984259,165822.590206,0.0,0.0,0.0,9840.24,0.0,22038.465224,13.887336
2035-01-18,21,235959.047341,108783.787539,127175.259802,0.0,0.0,0.0,12195.16,0.0,21707.26654,10.870049
2035-01-18,22,196339.048077,97568.81239,98770.235687,0.0,0.0,0.0,13409.09,0.0,21377.963639,9.184179
2035-01-18,23,174515.699433,108361.415663,66154.28377,0.0,0.0,0.0,14090.72,0.0,20716.450174,8.424016
2035-01-19,0,161781.412516,101252.116856,60529.29566,0.0,0.0,0.0,14058.89,0.0,20111.156891,8.044361
2035-01-19,1,172489.160105,92449.331452,80039.828653,0.0,0.0,0.0,13190.41,0.0,19902.97261,8.666502
2035-01-19,2,178257.667354,94530.202344,83727.46501,0.0,0.0,0.0,12929.58,0.0,19972.431222,8.925186
2035-01-19,3,253913.817317,184848.411204,69065.406114,0.0,0.0,0.0,12628.24,0.0,20538.077966,12.363076
2035-01-19,4,440863.239974,209500.159419,231363.080554,0.0,0.0,0.0,5728.28,0.0,21314.417448,20.683804
2035-01-19,5,366102.911985,228126.92633,137975.985655,0.0,0.0,0.0,9872.42,0.0,22381.197147,16.357611
2035-01-19,6,378706.691373,177299.315059,201407.376314,0.0,0.0,0.0,9143.55,0.0,23305.569835,16.249622
2035-01-19,7,411100.716629,177299.315059,233801.40157,0.0,0.0,0.0,8950.87,0.0,24349.892597,16.883061
2035-01-19,8,467326.202146,211891.229251,255434.972896,0.0,0.0,0.0,8349.71,0.0,25283.472365,18.483466
2035-01-19,9,496681.698689,212410.214867,284271.483821,0.0,0.0,0.0,7878.82,0.0,25989.521584,19.110844
2035-01-19,10,528880.085497,232197.695475,296682.390022,0.0,0.0,0.0,7511.89,0.0,26385.261453,20.044527
2035-01-19,11,539163.611901,231487.111964,307676.499938,0.0,0.0,0.0,7129.82,0.0,26489.578216,20.353801
2035-01-19,12,521908.885171,224154.811087,297754.074084,0.0,0.0,0.0,7279.71,0.0,26199.549789,19.920529
2035-01-19,13,490850.734652,217739.335992,273111.39866,0.0,0.0,0.0,8081.42,0.0,25918.689109,18.9381
2035-01-19,14,478872.362964,195814.113836,283058.249127,0.0,0.0,0.0,7982.71,0.0,25820.205205,18.54642
2035-01-19,15,486700.13272,203742.355644,282957.777076,0.0,0.0,0.0,8032.49,0.0,25954.62338,18.751963
2035-01-19,16,509354.253055,219967.24197,289387.011085,0.0,0.0,0.0,8084.6,0.0,26429.126466,19.272459
2035-01-19,17,518317.697009,238613.415515,279704.281495,0.0,0.0,0.0,8654.1,0.0,27063.644234,19.151807
2035-01-19,18,613559.282603,302344.222558,311215.060045,0.0,0.0,0.0,7152.13,0.0,27826.389079,22.049547
2035-01-19,19,674554.279385,303195.35516,371358.924225,0.0,0.0,0.0,4715.65,0.0,27787.707912,24.275276
2035-01-19,20,656554.673448,303059.272293,353495.401154,0.0,0.0,0.0,5239.06,0.0,27678.840896,23.720454
2035-01-19,21,610275.620613,281237.712118,329037.908495,0.0,0.0,0.0,6331.89,0.0,27479.577403,22.208334
2035-01-19,22,591558.640372,273718.553649,317840.086723,0.0,0.0,0.0,6694.58,0.0,27251.351273,21.707498
2035-01-19,23,624116.438008,273718.553649,350397.884359,0.0,0.0,0.0,5327.99,0.0,27041.513499,23.079937
2035-01-20,0,688831.279247,340359.488273,348471.790975,0.0,0.0,0.0,4284.48,0.0,26908.060286,25.59944
2035-01-20,1,702260.571478,340178.208442,362082.363036,0.0,0.0,0.0,3669.05,0.0,27028.779397,25.981957
2035-01-20,2,710193.574478,334691.154043,375502.420435,0.0,0.0,0.0,3340.07,0.0,27094.924522,26.211314
2035-01-20,3,721668.064828,334691.154043,386976.910784,0.0,0.0,0.0,3302.43,0.0,27422.854834,26.3163
2035-01-20,4,756317.527006,374767.139809,381550.387197,0.0,0.0,0.0,3643.27,0.0,27917.094414,27.091556
2035-01-20,5,809124.608584,394259.305764,414865.30282,0.0,0.0,0.0,2423.29,0.0,28278.868702,28.61234
2035-01-20,6,840888.454757,410350.479837,430537.97492,0.0,0.0,0.0,1881.14,0.0,28587.09031,29.414972
2035-01-20,7,852547.123618,410318.760431,442228.363187,0.0,0.0,0.0,1935.96,0.0,29088.237338,29.308999
2035-01-20,8,839407.849558,410318.760431,429089.089127,0.0,0.0,0.0,1936.75,0.0,28674.500427,29.27367
2035-01-20,9,833109.455364,410318.760431,422790.694933,0.0,0.0,0.0,2112.96,0.0,28669.38906,29.059198
2035-01-20,10,769583.532905,410318.760431,359264.772474,0.0,0.0,0.0,3026.34,0.0,27223.4595,28.269131
2035-01-20,11,656276.05235,298137.215689,358138.836661,0.0,0.0,0.0,3546.15,0.0,26199.290151,25.049383
2035-01-20,12,587172.196464,282807.936513,304364.25995,0.0,0.0,0.0,4586.02,0.0,24980.523388,23.5052
2035-01-20,13,466286.049468,222997.674742,243288.374726,0.0,0.0,0.0,7078.48,0.0,24140.853006,19.315227
2035-01-20,14,431042.339233,171960.505221,259081.834012,0.0,0.0,0.0,7049.18,0.0,23602.043774,18.262924
2035-01-20,15,423899.950149,171960.505221,251939.444928,0.0,0.0,0.0,7289.27,0.0,23577.368018,17.979104
2035-01-20,16,430862.015009,206552.419412,224309.595597,0.0,0.0,0.0,8084.47,0.0,24003.710804,17.949809
2035-01-20,17,550093.942013,260072.235534,290021.706479,0.0,0.0,0.0,5787.79,0.0,25063.452079,21.948052
2035-01-20,18,681113.848542,337990.5062,343123.342342,0.0,0.0,0.0,3867.03,0.0,26329.401014,25.868946
2035-01-20,19,737025.842607,337929.617835,399096.224772,0.0,0.0,0.0,2166.71,0.0,26928.533432,27.369699
2035-01-20,20,705453.233127,337929.617835,367523.615291,0.0,0.0,0.0,3505.6,0.0,27139.140697,25.993941
2035-01-20,21,625474.947605,312009.150568,313465.797037,0.0,0.0,0.0,6251.28,0.0,27443.145362,22.791664
2035-01-20,22,519413.909364,254530.05008,264883.859284,0.0,0.0,0.0,9006.08,0.0,27252.475726,19.059329
2035-01-20,23,468693.512531,208073.600274,260619.912256,0.0,0.0,0.0,10050.16,0.0,26971.497385,17.377363
2035-01-21,0,444354.991182,208055.348962,236299.64222,0.0,0.0,0.0,10857.78,0.0,26827.642251,16.563326
2035-01-21,1,429178.52125,194221.475391,234957.045859,0.0,0.0,0.0,11185.22,0.0,26810.656578,16.007759
2035-01-21,2,435310.270715,194221.475391,241088.795324,0.0,0.0,0.0,11164.9,0.0,27038.673635,16.099542
2035-01-21,3,446264.81073,196804.429798,249460.380932,0.0,0.0,0.0,11284.75,0.0,27510.092423,16.221858
2035-01-21,4,492764.063231,231374.975821,261389.08741,0.0,0.0,0.0,10909.32,0.0,28311.313272,17.4052
2035-01-21,5,504916.282336,239300.274808,265616.007529,0.0,0.0,0.0,11753.6,0.0,29479.008635,17.127994
2035-01-21,6,534441.836212,241914.641691,292527.19452,0.0,0.0,0.0,12040.07,0.0,30743.344299,17.383985
2035-01-21,7,559811.276696,255524.488659,304286.788037,0.0,0.0,0.0,11833.71,0.0,31372.599437,17.843956
2035-01-21,8,565503.794154,255379.280952,310124.513202,0.0,0.0,0.0,10748.53,0.0,30636.64344,18.458412
2035-01-21,9,548645.031328,239015.042934,309629.988394,0.0,0.0,0.0,9460.05,0.0,29093.071878,18.858271
2035-01-21,10,514175.624027,237934.853465,276240.770562,0.0,0.0,0.0,9317.23,0.0,27683.757338,18.573188
2035-01-21,11,474444.80762,200868.522665,273576.284955,0.0,0.0,0.0,8577.34,0.0,26231.943394,18.086529
2035-01-21,12,435841.880878,192958.53217,242883.348707,0.0,0.0,0.0,8588.23,0.0,24996.627726,17.436027
2035-01-21,13,361455.191597,155529.531118,205925.660479,0.0,0.0,0.0,10087.11,0.0,24226.461672,14.919851
2035-01-21,14,337551.525231,140232.984259,197318.540972,0.0,0.0,0.0,10097.45,0.0,23557.605941,14.32877
2035-01-21,15,324358.298871,129100.365377,195257.933494,0.0,0.0,0.0,10261.26,0.0,23405.301985,13.858326
2035-01-21,16,329210.343069,131640.736687,197569.606382,0.0,0.0,0.0,10464.64,0.0,23724.100885,13.87662
2035-01-21,17,387784.918092,166211.28271,221573.635382,0.0,0.0,0.0,9414.01,0.0,24351.267355,15.92463
2035-01-21,18,441113.583547,188139.75982,252973.823727,0.0,0.0,0.0,8969.33,0.0,25476.950714,17.314222
2035-01-21,19,466212.279591,188133.562045,278078.717546,0.0,0.0,0.0,8337.8,0.0,25822.58564,18.054438
2035-01-21,20,419958.919825,204376.699683,215582.220141,0.0,0.0,0.0,10416.7,0.0,25752.056645,16.307782
2035-01-21,21,329107.114004,164615.701444,164491.41256,0.0,0.0,0.0,13103.4,0.0,25416.057405,12.948787
2035-01-21,22,270906.596547,131114.166009,139792.430539,0.0,0.0,0.0,14389.22,0.0,24597.088309,11.013767
2035-01-21,23,256724.315707,145412.331224,111311.984484,0.0,0.0,0.0,14489.1,0.0,23697.51584,10.833385
2035-01-22,0,241342.583793,144822.247545,96520.336247,0.0,0.0,0.0,14410.39,0.0,23010.567012,10.488337
2035-01-22,1,216448.308933,93529.408792,122918.900141,0.0,0.0,0.0,14169.06,0.0,22630.062422,9.564636
2035-01-22,2,209869.20965,102393.238641,107475.97101,0.0,0.0,0.0,14077.22,0.0,22425.23296,9.358619
2035-01-22,3,214346.004252,103378.235407,110967.768845,0.0,0.0,0.0,13917.46,0.0,22429.14549,9.556584
2035-01-22,4,242378.448035,107146.340321,135232.107714,0.0,0.0,0.0,13442.45,0.0,22783.624594,10.638274
2035-01-22,5,273333.532867,129158.865033,144174.667834,0.0,0.0,0.0,13399.22,0.0,23663.679113,11.550762
2035-01-22,6,311067.517813,138419.481222,172648.036591,0.0,0.0,0.0,13226.18,0.0,24944.876023,12.470197
2035-01-22,7,331446.834149,156970.917136,174475.917014,0.0,0.0,0.0,12630.22,0.0,25089.407785,13.210628
2035-01-22,8,334938.393902,149028.111111,185910.282792,0.0,0.0,0.0,11496.99,0.0,24398.5177,13.727817
2035-01-22,9,342517.92514,143398.725614,199119.199526,0.0,0.0,0.0,10158.89,0.0,23698.736821,14.453003
2035-01-22,10,320300.90663,140348.377414,179952.529216,0.0,0.0,0.0,10598.0,0.0,23260.084171,13.77041
2035-01-22,11,315415.751493,118875.984067,196539.767427,0.0,0.0,0.0,9763.13,0.0,22777.207526,13.847867
2035-01-22,12,283470.522317,115704.739647,167765.78267,0.0,0.0,0.0,10583.82,0.0,22433.628612,12.635964
2035-01-22,13,230894.661851,97570.637311,133324.02454,0.0,0.0,0.0,12329.33,0.0,22299.894508,10.35407
2035-01-22,14,248316.513225,92657.569389,155658.943837,0.0,0.0,0.0,11662.92,0.0,22349.731261,11.110492
2035-01-22,15,266882.061129,107713.600226,159168.460903,0.0,0.0,0.0,11465.0,0.0,22660.759174,11.777278
2035-01-22,16,291444.162132,121176.920155,170267.241978,0.0,0.0,0.0,11255.89,0.0,23280.242605,12.518949
2035-01-22,17,367474.839584,155739.705977,211735.133607,0.0,0.0,0.0,9645.93,0.0,24020.21623,15.298565
2035-01-22,18,430227.565944,188273.608848,241953.957095,0.0,0.0,0.0,8518.84,0.0,24634.013916,17.464777
2035-01-22,19,474212.641019,188043.605553,286169.035467,0.0,0.0,0.0,7075.59,0.0,24947.826283,19.008175
2035-01-22,20,438568.411353,225112.856787,213455.554565,0.0,0.0,0.0,9340.81,0.0,25016.087465,17.531455
2035-01-22,21,335658.53272,174676.51715,160982.015569,0.0,0.0,0.0,12666.56,0.0,25059.804368,13.3943
2035-01-22,22,300758.711522,134056.154766,166702.556756,0.0,0.0,0.0,13692.58,0.0,24922.741973,12.067641
2035-01-22,23,310288.049709,134056.154766,176231.894943,0.0,0.0,0.0,13080.28,0.0,24633.32486,12.596272
2035-01-23,0,329147.601855,177407.03965,151740.562205,0.0,0.0,0.0,12784.7,0.0,24746.554191,13.300745
2035-01-23,1,438771.609056,180163.676525,258607.932531,0.0,0.0,0.0,8689.13,0.0,25100.00878,17.480934
2035-01-23,2,457289.110715,222659.50074,234629.609976,0.0,0.0,0.0,9263.62,0.0,25536.557147,17.907234
2035-01-23,3,492268.926481,222638.306606,269630.619874,0.0,0.0,0.0,8782.59,0.0,26482.35225,18.588565
2035-01-23,4,533879.015331,238881.444245,294997.571086,0.0,0.0,0.0,8836.34,0.0,27687.701086,19.282172
2035-01-23,5,598006.703647,297066.06136,300940.642287,0.0,0.0,0.0,9372.92,0.0,29088.523242,20.558166
2035-01-23,6,667181.852157,324831.812207,342350.039949,0.0,0.0,0.0,8454.53,0.0,30436.845695,21.920204
2035-01-23,7,719866.514041,354279.275968,365587.238073,0.0,0.0,0.0,7756.55,0.0,31164.023095,23.099281
2035-01-23,8,736580.006715,353898.211329,382681.795387,0.0,0.0,0.0,6752.92,0.0,30887.116188,23.847484
2035-01-23,9,692900.300917,326257.475982,366642.824935,0.0,0.0,0.0,6473.77,0.0,29857.307279,23.207059
2035-01-23,10,642020.849997,304479.761706,337541.08829,0.0,0.0,0.0,6753.29,0.0,28725.450939,22.350244
2035-01-23,11,576387.088482,265551.05994,310836.028542,0.0,0.0,0.0,7267.51,0.0,27607.219467,20.878129
2035-01-23,12,492817.707297,227177.639634,265640.067663,0.0,0.0,0.0,8559.84,0.0,26504.778412,18.593542
2035-01-23,13,405271.574262,172884.366027,232387.208236,0.0,0.0,0.0,10108.13,0.0,25796.038681,15.710613
2035-01-23,14,386889.710275,158923.585418,227966.124858,0.0,0.0,0.0,9961.68,0.0,25151.783449,15.382198
2035-01-23,15,379504.647355,162258.098378,217246.548976,0.0,0.0,0.0,9888.8,0.0,24727.510792,15.347467
2035-01-23,16,411840.528802,184147.421477,227693.107326,0.0,0.0,0.0,9531.22,0.0,25044.098088,16.444614
2035-01-23,17,526894.283442,255724.692351,271169.591091,0.0,0.0,0.0,7380.0,0.0,25732.279851,20.476005
2035-01-23,18,681610.067488,344173.6249,337436.442588,0.0,0.0,0.0,4846.48,0.0,27135.214751,25.119022
2035-01-23,19,790514.512668,382456.950791,408057.561877,0.0,0.0,0.0,2514.02,0.0,28131.559059,28.100629
2035-01-23,20,828707.158437,392660.603359,436046.555079,0.0,0.0,0.0,1960.15,0.0,28740.794896,28.833829
2035-01-23,21,832025.494243,392467.987896,439557.506347,0.0,0.0,0.0,2028.04,0.0,29109.553767,28.582557
2035-01-23,22,809955.297117,392467.987896,417487.309221,0.0,0.0,0.0,2731.59,0.0,29095.234555,27.838074
2035-01-23,23,777544.656266,364703.576286,412841.07998,0.0,0.0,0.0,3005.48,0.0,28730.048257,27.063813
2035-01-24,0,747991.306974,352801.017441,395190.289533,0.0,0.0,0.0,3707.04,0.0,28623.472121,26.132095
2035-01-24,1,742923.93482,372194.898963,370729.035857,0.0,0.0,0.0,4921.33,0.0,28872.633634,25.731076
2035-01-24,2,763819.325732,374523.359871,389295.965861,0.0,0.0,0.0,4463.77,0.0,29112.205684,26.237082
2035-01-24,3,782900.406995,377761.335733,405139.071261,0.0,0.0,0.0,4141.53,0.0,29653.29633,26.4018
2035-01-24,4,844828.977819,424953.937739,419875.04008,0.0,0.0,0.0,3772.05,0.0,30427.039742,27.76573
2035-01-24,5,913603.429392,464992.552624,448610.876767,0.0,0.0,0.0,3535.64,0.0,31678.752445,28.839628
2035-01-24,6,938856.126323,476898.652977,461957.473346,0.0,0.0,0.0,3227.26,0.0,32145.930748,29.206064
2035-01-24,7,927871.953968,476889.758615,450982.195353,0.0,0.0,0.0,2956.93,0.0,31520.703089,29.436905
2035-01-24,8,878505.399289,436819.125704,441686.273586,0.0,0.0,0.0,2584.58,0.0,30340.642204,28.95474
2035-01-24,9,812413.344494,436819.125704,375594.21879,0.0,0.0,0.0,2680.79,0.0,27988.544908,29.026637
2035-01-24,10,649304.01285,319517.167319,329786.845531,0.0,0.0,0.0,4155.14,0.0,26070.319064,24.905871
2035-01-24,11,567760.356759,248306.521681,319453.835078,0.0,0.0,0.0,4216.7,0.0,24513.647276,23.160991
2035-01-24,12,492378.83883,233942.515122,258436.323708,0.0,0.0,0.0,5599.83,0.0,23291.333553,21.140002
2035-01-24,13,382886.106525,184141.223702,198744.882823,0.0,0.0,0.0,8144.83,0.0,22653.888988,16.901562
2035-01-24,14,356234.027606,129889.74665,226344.280956,0.0,0.0,0.0,8122.21,0.0,22173.966358,16.065418
2035-01-24,15,335337.560071,133979.013775,201358.546297,0.0,0.0,0.0,8587.12,0.0,22124.231848,15.157026
2035-01-24,16,323089.917501,138018.596514,185071.320988,0.0,0.0,0.0,9620.26,0.0,22502.933163,14.35768
2035-01-24,17,422101.010029,195036.269043,227064.740985,0.0,0.0,0.0,7478.9,0.0,23062.789118,18.302253
2035-01-24,18,517462.743705,251961.411806,265501.331899,0.0,0.0,0.0,5973.97,0.0,24032.538376,21.531756
2035-01-24,19,558080.525672,233015.095857,325065.429814,0.0,0.0,0.0,4489.74,0.0,24690.184272,22.603336
2035-01-24,20,570684.017817,244244.152135,326439.865682,0.0,0.0,0.0,4749.77,0.0,25167.261738,22.67565
2035-01-24,21,557596.201488,244227.160857,313369.040632,0.0,0.0,0.0,5322.0,0.0,25271.617864,22.064128
2035-01-24,22,551410.333974,232993.108991,318417.224983,0.0,0.0,0.0,5255.6,0.0,25276.480053,21.815155
2035-01-24,23,593027.723898,304135.425225,288892.298673,0.0,0.0,0.0,5017.33,0.0,24981.206232,23.738955
2035-01-25,0,599221.464881,303781.615767,295439.849113,0.0,0.0,0.0,4847.4,0.0,25137.270667,23.837968
2035-01-25,1,584097.157694,252049.563005,332047.594689,0.0,0.0,0.0,4798.11,0.0,25579.605022,22.834487
2035-01-25,2,605041.157982,267170.556872,337870.60111,0.0,0.0,0.0,4744.62,0.0,26039.260037,23.235728
2035-01-25,3,619022.233678,267118.504418,351903.729261,0.0,0.0,0.0,4874.74,0.0,26735.827764,23.153285
2035-01-25,4,693462.293881,348252.7288,345209.565082,0.0,0.0,0.0,5030.1,0.0,27715.864252,25.02041
2035-01-25,5,821069.324974,414856.416927,406212.908047,0.0,0.0,0.0,3219.8,0.0,29019.377028,28.29383
2035-01-25,6,855897.09336,414758.578461,441138.514899,0.0,0.0,0.0,2672.72,0.0,29946.252969,28.581108
2035-01-25,7,850621.136095,426668.785861,423952.350234,0.0,0.0,0.0,3179.09,0.0,29961.36416,28.390601
2035-01-25,8,851564.800348,425935.084811,425629.715538,0.0,0.0,0.0,2153.66,0.0,29020.611999,29.343447
2035-01-25,9,780397.847276,380789.773023,399608.074254,0.0,0.0,0.0,1924.56,0.0,27389.265223,28.492836
2035-01-25,10,675847.410652,337463.072227,338384.338425,0.0,0.0,0.0,3193.5,0.0,25722.794343,26.274261
2035-01-25,11,575110.313953,259609.045436,315501.268517,0.0,0.0,0.0,4047.33,0.0,24424.753882,23.546207
2035-01-25,12,498830.61319,243321.450988,255509.162202,0.0,0.0,0.0,5586.61,0.0,23333.629973,21.378183
2035-01-25,13,380635.42685,168430.801757,212204.625093,0.0,0.0,0.0,7892.65,0.0,22672.421764,16.788477
2035-01-25,14,361641.536504,130653.799089,230987.737415,0.0,0.0,0.0,7639.96,0.0,22209.776781,16.282988
2035-01-25,15,386455.208484,164695.415554,221759.79293,0.0,0.0,0.0,7163.72,0.0,22180.695632,17.423043
2035-01-25,16,422500.46413,184906.695857,237593.768273,0.0,0.0,0.0,6622.61,0.0,22604.639625,18.690874
2035-01-25,17,518838.185217,234711.56399,284126.621227,0.0,0.0,0.0,4701.14,0.0,23219.646842,22.344792
2035-01-25,18,599627.206683,273184.595416,326442.611267,0.0,0.0,0.0,3349.19,0.0,24163.833268,24.81507
2035-01-25,19,643149.312681,277790.729217,365358.583464,0.0,0.0,0.0,2469.09,0.0,24703.446116,26.034801
2035-01-25,20,637011.610508,277744.116886,359267.493622,0.0,0.0,0.0,2883.82,0.0,25005.976627,25.474374
2035-01-25,21,601364.253321,272867.492954,328496.760366,0.0,0.0,0.0,4177.23,0.0,25218.218413,23.846421
2035-01-25,22,529012.188656,241300.46319,287711.725465,0.0,0.0,0.0,6212.98,0.0,25081.357334,21.091848
2035-01-25,23,523268.908156,216544.910841,306723.997315,0.0,0.0,0.0,5536.51,0.0,24741.14051,21.149749
2035-01-26,0,548456.886448,238476.330771,309980.555677,0.0,0.0,0.0,4916.62,0.0,24550.615688,22.339842
2035-01-26,1,563061.026532,238470.132996,324590.893536,0.0,0.0,0.0,4385.75,0.0,24630.868012,22.859975
2035-01-26,2,573134.049942,243799.012065,329335.037877,0.0,0.0,0.0,4186.25,0.0,24693.985062,23.20946
2035-01-26,3,597814.539481,261677.896642,336136.642839,0.0,0.0,0.0,3954.37,0.0,25002.272034,23.910409
2035-01-26,4,635969.156502,294617.577225,341351.579277,0.0,0.0,0.0,3772.4,0.0,25474.80335,24.964635
2035-01-26,5,675212.264574,310288.725775,364923.538799,0.0,0.0,0.0,3248.47,0.0,26006.071289,25.96364
2035-01-26,6,724480.157139,348854.771376,375625.385763,0.0,0.0,0.0,2762.29,0.0,26604.491773,27.231498
2035-01-26,7,758977.438582,356814.610789,402162.827794,0.0,0.0,0.0,2407.62,0.0,27443.57379,27.655926
2035-01-26,8,776728.933223,356757.441245,419971.491977,0.0,0.0,0.0,1859.95,0.0,27411.113709,28.336278
2035-01-26,9,753663.482588,356757.441245,396906.041343,0.0,0.0,0.0,1862.22,0.0,26798.397476,28.123453
2035-01-26,10,682843.938838,331636.26887,351207.669968,0.0,0.0,0.0,3022.59,0.0,25901.562745,26.36304
2035-01-26,11,627050.982458,272867.492954,354183.489504,0.0,0.0,0.0,3318.28,0.0,25298.507924,24.786086
2035-01-26,12,583260.254497,268176.778665,315083.475831,0.0,0.0,0.0,4347.97,0.0,24806.530723,23.512367
2035-01-26,13,506221.102697,226040.569073,280180.533624,0.0,0.0,0.0,5976.26,0.0,24387.974527,20.756997
2035-01-26,14,480888.507416,190796.751142,290091.756274,0.0,0.0,0.0,5950.18,0.0,24047.063896,19.997806
2035-01-26,15,479279.96301,190796.751142,288483.211868,0.0,0.0,0.0,5827.24,0.0,23865.432534,20.082601
2035-01-26,16,511031.890429,224637.233536,286394.656893,0.0,0.0,0.0,5586.57,0.0,24119.429028,21.187562
2035-01-26,17,590885.94341,268801.44558,322084.49783,0.0,0.0,0.0,4230.66,0.0,24809.276783,23.817137
2035-01-26,18,660398.491258,305724.002285,354674.488972,0.0,0.0,0.0,3072.87,0.0,25535.371113,25.862107
2035-01-26,19,696629.602012,309860.455674,386769.146338,0.0,0.0,16.509827,1926.97,0.0,25681.163479,27.126092
2035-01-26,20,698009.307738,309832.419517,388176.888221,0.0,0.0,0.0,1872.66,0.0,25679.531274,27.181544
2035-01-26,21,677622.901502,309832.419517,367790.481985,0.0,0.0,0.0,2388.62,0.0,25532.847092,26.539261
2035-01-26,22,629381.752463,292037.597488,337344.154975,0.0,0.0,0.0,3515.16,0.0,25207.387374,24.968147
2035-01-26,23,632554.316785,273984.380806,358569.935978,0.0,0.0,0.0,2708.1,0.0,24860.045403,25.444616
2035-01-27,0,628063.57443,273984.380806,354079.193624,0.0,0.0,0.0,2489.21,0.0,24479.288099,25.656938
2035-01-27,1,615112.449884,271620.59622,343491.853664,0.0,0.0,0.0,2994.88,0.0,24555.276358,25.050113
2035-01-27,2,641212.853753,285211.062895,356001.790858,0.0,0.0,0.0,2416.13,0.0,24624.606106,26.039517
2035-01-27,3,656654.847067,286935.358226,369719.488841,0.0,0.0,0.0,2292.29,0.0,25020.354551,26.244826
2035-01-27,4,673474.053891,304913.695359,368560.358532,0.0,0.0,0.0,2449.76,0.0,25417.391479,26.496584
2035-01-27,5,693859.840563,317880.874592,375978.965971,0.0,0.0,0.0,2387.89,0.0,25886.785604,26.803631
2035-01-27,6,695377.882904,311462.406284,383915.476621,0.0,0.0,0.0,2673.72,0.0,26388.896223,26.351155
2035-01-27,7,697022.8873,321799.631079,375223.25622,0.0,0.0,0.0,3576.85,0.0,27114.561298,25.706589
2035-01-27,8,715589.754691,323537.130289,392052.624402,0.0,0.0,6.919952,2879.54,0.0,27067.690866,26.437045
2035-01-27,9,690615.668937,323453.378172,367162.290766,0.0,0.0,0.0,2884.61,0.0,26212.831156,26.346474
2035-01-27,10,596939.760467,290108.194112,306831.566355,0.0,0.0,0.0,4407.5,0.0,24957.214084,23.918525
2035-01-27,11,542570.879251,221224.039628,321346.839624,0.0,0.0,3.432992,4609.14,0.0,24394.611811,22.241423
2035-01-27,12,502797.311631,221224.039628,281573.272003,0.0,0.0,0.0,5463.55,0.0,23885.446719,21.050362
2035-01-27,13,453420.231223,197025.774664,256394.456559,0.0,0.0,0.0,6510.56,0.0,23422.165845,19.358595
2035-01-27,14,413764.12916,159959.443864,253804.685296,0.0,0.0,0.0,6832.46,0.0,23019.878338,17.97421
2035-01-27,15,411604.91031,159959.443864,251645.466446,0.0,0.0,0.0,6817.62,0.0,22933.346049,17.947879
2035-01-27,16,451316.006252,197497.039933,253818.96632,0.0,0.0,0.0,6559.69,0.0,23359.495584,19.320452
2035-01-27,17,546518.860726,247737.698428,298781.162298,0.0,0.0,0.0,4724.86,0.0,24033.541753,22.739839
2035-01-27,18,652700.152434,313985.954692,338714.197742,0.0,0.0,1.097192,3180.91,0.0,25121.370174,25.981869
2035-01-27,19,707573.910229,313498.606642,394075.303587,0.0,0.0,0.0,1533.84,0.0,25658.751961,27.576318
2035-01-27,20,703023.046501,313498.606642,389524.439859,0.0,0.0,0.0,1950.39,0.0,25943.526432,27.098207
2035-01-27,21,661863.439071,310916.385986,350947.053085,0.0,0.0,0.0,3340.48,0.0,25928.876739,25.526113
2035-01-27,22,560199.764953,266942.702036,293257.062916,0.0,0.0,0.0,5762.9,0.0,25470.65096,21.993932
2035-01-27,23,510073.980019,208313.276626,301760.703393,0.0,0.0,0.0,6370.9,0.0,25220.526141,20.224557
2035-01-28,0,487263.338254,208313.276626,278950.061627,0.0,0.0,0.0,6890.57,0.0,24909.353747,19.56146
2035-01-28,1,472760.694901,208313.276626,264447.418275,0.0,0.0,0.0,7380.08,0.0,24861.270016,19.015951
2035-01-28,2,493651.958394,208313.276626,285338.681767,0.0,0.0,0.0,6786.19,0.0,25040.520101,19.714126
2035-01-28,3,520397.891153,221686.027939,298711.863214,0.0,0.0,0.0,6382.78,0.0,25377.054557,20.506631
2035-01-28,4,571747.95034,259899.710492,311848.239848,0.0,0.0,0.0,6043.67,0.0,26167.928559,21.849186
2035-01-28,5,606023.614963,285513.014853,320510.60011,0.0,0.0,0.0,6632.8,0.0,27559.658399,21.989518
2035-01-28,6,629530.146827,285454.402534,344075.744293,0.0,0.0,0.0,7353.68,0.0,29245.224984,21.525912
2035-01-28,7,616385.517858,285454.402534,330931.115324,0.0,0.0,0.0,8240.94,0.0,29644.223659,20.79277
2035-01-28,8,632804.244887,285454.402534,347349.842353,0.0,0.0,0.0,6496.47,0.0,28507.405484,22.19789
2035-01-28,9,604654.839198,285454.402534,319200.436664,0.0,0.0,0.0,5998.79,0.0,26966.624889,22.42234
2035-01-28,10,515365.660947,259888.203161,255477.457786,0.0,0.0,0.0,7307.01,0.0,25429.238236,20.266657
2035-01-28,11,475882.132312,201227.999815,274654.132498,0.0,0.0,0.0,6630.82,0.0,24434.347175,19.47595
2035-01-28,12,349113.725637,201227.999815,147885.725823,0.0,0.0,0.0,10888.31,0.0,23684.96912,14.739885
2035-01-28,13,316112.510252,156186.196798,159926.313454,0.0,0.0,0.0,10924.14,0.0,23386.85718,13.516673
2035-01-28,14,354523.067726,159520.709759,195002.357967,0.0,0.0,0.0,9448.72,0.0,23325.02127,15.19926
2035-01-28,15,379256.933368,159478.612927,219778.320441,0.0,0.0,0.0,8707.35,0.0,23566.554129,16.093016
2035-01-28,16,446944.292251,218479.284092,228465.00816,0.0,0.0,0.0,8390.0,0.0,24395.938477,18.320439
2035-01-28,17,475938.843109,218470.165882,257468.677227,0.0,0.0,0.0,8284.07,0.0,25538.3202,18.636263
2035-01-28,18,513324.080152,243180.835785,270143.244367,0.0,0.0,0.0,8685.65,0.0,26903.366554,19.080292
2035-01-28,19,569344.450709,242973.459402,326370.991307,0.0,0.0,0.0,6998.59,0.0,27438.246198,20.750031
2035-01-28,20,528209.328455,242973.459402,285235.869053,0.0,0.0,0.0,8740.96,0.0,27641.350994,19.109389
2035-01-28,21,458574.381496,218498.610372,240075.771124,0.0,0.0,0.0,11112.97,0.0,27503.313485,16.673423
2035-01-28,22,438253.343366,212432.801379,225820.541987,0.0,0.0,0.0,11897.06,0.0,27175.535182,16.12676
2035-01-28,23,432719.87545,212425.383206,220294.492244,0.0,0.0,0.0,11905.53,0.0,27083.833126,15.977054
2035-01-29,0,469727.880974,222986.243209,246741.637765,0.0,0.0,0.0,10879.33,0.0,27255.266042,17.23439
2035-01-29,1,500396.574923,236037.216181,264359.358742,0.0,0.0,0.0,10071.0,0.0,27674.383161,18.08158
2035-01-29,2,543924.791402,256679.76067,287245.030732,0.0,0.0,0.0,9653.19,0.0,28291.955724,19.225422
2035-01-29,3,598159.256859,298943.584122,299215.672737,0.0,0.0,0.0,9442.91,0.0,29264.959132,20.439436
2035-01-29,4,774050.68147,431554.639732,342496.041738,0.0,0.0,0.0,7886.94,0.0,30799.467946,25.13195
2035-01-29,5,898034.130961,488553.267426,409480.863535,0.0,0.0,0.0,6831.11,0.0,33229.390903,27.025296
2035-01-29,6,1032994.993621,571527.665818,461467.327804,0.0,0.0,0.0,6040.03,0.0,35317.679501,29.248665
2035-01-29,7,1071557.596541,570642.743279,500914.853263,0.0,0.0,0.0,4883.01,0.0,35877.89395,29.866792
2035-01-29,8,1057976.700847,573051.726267,484924.97458,0.0,0.0,0.0,3729.23,0.0,34230.17521,30.907721
2035-01-29,9,968813.975107,532935.894954,435878.080153,0.0,0.0,0.0,3703.01,0.0,32034.10217,30.243207
2035-01-29,10,818238.183222,417733.013085,400505.170137,0.0,0.0,0.0,4427.87,0.0,30353.071227,26.957344
2035-01-29,11,714557.328334,352803.620117,361753.708217,0.0,0.0,0.0,4982.37,0.0,28621.56262,24.965699
2035-01-29,12,604781.060099,293400.929849,311380.13025,0.0,0.0,0.0,6344.97,0.0,27150.033782,22.275518
2035-01-29,13,489337.553211,229036.560722,260300.99249,0.0,0.0,0.0,8330.76,0.0,26089.752582,18.755929
2035-01-29,14,451895.722416,183620.227042,268275.495375,0.0,0.0,0.0,8197.83,0.0,25378.099988,17.806523
2035-01-29,15,456175.400827,183620.227042,272555.173785,0.0,0.0,0.0,8106.08,0.0,25424.274705,17.942514
2035-01-29,16,514107.620103,248820.211555,265287.408549,0.0,0.0,0.0,8568.64,0.0,26555.991695,19.359383
2035-01-29,17,628386.423506,300933.499265,327452.92424,0.0,0.0,1.966845,7265.77,0.0,28570.506223,21.994235
2035-01-29,18,722199.276083,351254.066134,370945.209949,0.0,0.0,0.0,6376.34,0.0,30083.26322,24.00668
2035-01-29,19,761959.92037,355889.470788,406070.449582,0.0,0.0,0.0,5181.56,0.0,30327.692131,25.12423
2035-01-29,20,764363.082684,355859.666994,408503.41569,0.0,0.0,0.0,4966.61,0.0,30315.861857,25.213305
2035-01-29,21,750950.485872,364840.930477,386109.555395,0.0,0.0,0.0,5178.82,0.0,29882.679663,25.129958
2035-01-29,22,720102.26236,338480.682102,381621.580258,0.0,0.0,0.0,4879.28,0.0,29043.696921,24.793754
2035-01-29,23,695808.55106,322032.483951,373776.067108,0.0,0.0,0.0,4704.83,0.0,28244.012383,24.635613
2035-01-30,0,687066.806572,313361.932199,373704.874373,0.0,0.0,0.0,4471.42,0.0,27877.930406,24.645546
2035-01-30,1,702139.073302,329815.439906,372323.633396,0.0,0.0,0.0,4228.12,0.0,27851.763848,25.20986
2035-01-30,2,747088.645006,346053.267988,401035.377018,0.0,0.0,0.0,3201.19,0.0,27929.261314,26.749316
2035-01-30,3,780424.422757,371970.553699,408453.869058,0.0,0.0,0.0,2733.58,0.0,28261.942757,27.613969
2035-01-30,4,828606.298238,412042.302848,416563.99539,0.0,0.0,0.0,2686.34,0.0,28942.973624,28.628928
2035-01-30,5,888139.637329,449157.659669,438981.977659,0.0,0.0,0.0,2384.46,0.0,29992.426557,29.61213
2035-01-30,6,910939.985251,449140.844512,461799.140738,0.0,0.0,0.0,2188.2,0.0,30721.97875,29.651084
2035-01-30,7,906951.800455,449140.844512,457810.955942,0.0,0.0,0.0,2075.51,0.0,30477.808766,29.757776
2035-01-30,8,893865.881921,449140.844512,444725.037409,0.0,0.0,0.0,2199.67,0.0,30117.974408,29.678818
2035-01-30,9,846899.367707,423939.508838,422959.858869,0.0,0.0,0.0,2441.28,0.0,29268.172537,28.935847
2035-01-30,10,756568.428786,383868.875927,372699.552859,0.0,0.0,0.0,3796.92,0.0,28338.870407,26.697198
2035-01-30,11,664789.798043,324057.682956,340732.115086,0.0,0.0,0.0,4875.88,0.0,27301.283964,24.350129
2035-01-30,12,561039.135743,264754.719831,296284.415912,0.0,0.0,0.0,6604.75,0.0,26389.713981,21.259766
2035-01-30,13,457373.753811,206549.476591,250824.277219,0.0,0.0,0.0,8962.46,0.0,25999.536063,17.591612
2035-01-30,14,400271.211967,167281.376434,232989.835533,0.0,0.0,0.0,10355.22,0.0,25814.013157,15.505966
2035-01-30,15,386355.278303,163988.960305,222366.317998,0.0,0.0,0.0,10832.22,0.0,25810.903511,14.968685
2035-01-30,16,415422.968763,198580.874496,216842.094267,0.0,0.0,0.0,11194.48,0.0,26649.57315,15.588354
2035-01-30,17,531880.994035,260133.146007,271747.848028,0.0,0.0,0.0,9313.03,0.0,27886.861588,19.072817
2035-01-30,18,634417.836753,321504.063011,312913.773742,0.0,0.0,0.0,7957.9,0.0,29119.574501,21.786645
2035-01-30,19,695328.988098,321385.151398,373943.8367,0.0,0.0,0.0,5867.93,0.0,29404.883842,23.646718
2035-01-30,20,666251.345543,321385.151398,344866.194145,0.0,0.0,0.0,6901.36,0.0,29431.686632,22.637213
2035-01-30,21,595738.15612,285630.204915,310107.951204,0.0,0.0,0.0,8473.03,0.0,29083.274763,20.483875
2035-01-30,22,551702.459936,243554.25297,308148.206966,0.0,0.0,0.0,8606.1,0.0,28288.753492,19.502537
2035-01-30,23,537021.318257,243554.25297,293467.065286,0.0,0.0,0.0,8299.07,0.0,27444.768585,19.567347
2035-01-31,0,530994.623017,235644.262475,295350.360542,0.0,0.0,0.0,7929.37,0.0,27036.702543,19.63977
2035-01-31,1,537877.584688,231875.918982,306001.665706,0.0,0.0,0.0,7626.13,0.0,27042.581509,19.890024
2035-01-31,2,557491.685014,239838.255505,317653.429509,0.0,0.0,0.0,7122.09,0.0,27071.144657,20.593576
2035-01-31,3,587969.83525,264274.195578,323695.639672,0.0,0.0,0.0,6737.37,0.0,27337.517796,21.507799
2035-01-31,4,616522.864375,272136.217355,344386.64702,0.0,0.0,0.0,6284.72,0.0,27891.520469,22.104312
2035-01-31,5,618385.647459,281761.720388,336623.927071,0.0,0.0,0.0,7442.06,0.0,28889.330576,21.40533
2035-01-31,6,626211.758298,280926.029883,345285.728415,0.0,0.0,0.0,8433.69,0.0,29926.333304,20.925108
2035-01-31,7,609031.346366,276049.405951,332981.940415,0.0,0.0,0.0,9029.08,0.0,30128.837385,20.214233
2035-01-31,8,592354.956376,279236.653344,313118.303032,0.0,0.0,0.0,9071.18,0.0,29342.489605,20.187617
2035-01-31,9,564843.63911,262770.900798,302072.738312,0.0,0.0,0.0,8832.56,0.0,28358.587302,19.917905
2035-01-31,10,491199.394951,230435.644481,260763.75047,0.0,0.0,0.0,9746.81,0.0,27320.865086,17.978911
2035-01-31,11,457602.221112,189225.343676,268376.877436,0.0,0.0,0.0,9293.45,0.0,26463.869763,17.291584
2035-01-31,12,424898.461936,178111.418953,246787.042983,0.0,0.0,0.0,9512.14,0.0,25706.227866,16.529009
2035-01-31,13,374933.167913,175271.389272,199661.778641,0.0,0.0,0.0,10900.7,0.0,25220.765825,14.86605
2035-01-31,14,357549.169944,140682.417901,216866.752043,0.0,0.0,0.0,10616.5,0.0,24825.608523,14.402433
2035-01-31,15,369282.991675,140682.417901,228600.573774,0.0,0.0,0.0,10204.65,0.0,24852.036634,14.859265
2035-01-31,16,419874.483881,197695.603633,222178.880249,0.0,0.0,0.0,10012.47,0.0,25562.392973,16.425476
2035-01-31,17,531315.496406,240463.526068,290851.970338,0.0,0.0,0.0,7347.14,0.0,26353.272785,20.161272
2035-01-31,18,622586.305254,290453.846471,332132.458783,0.0,0.0,0.0,5044.05,0.0,26399.293581,23.583446
2035-01-31,19,665057.128071,290440.368824,374616.759247,0.0,0.0,0.0,2860.27,0.0,25959.595158,25.618933
2035-01-31,20,618764.168937,290440.368824,328323.800113,0.0,0.0,0.0,4033.12,0.0,25450.136126,24.312804
2035-01-31,21,496196.616951,240408.543435,255788.073516,0.0,0.0,0.0,6810.68,0.0,24644.894554,20.13385
2035-01-31,22,377984.725819,175271.389272,202713.336547,0.0,0.0,0.0,9198.86,0.0,23643.592955,15.986772
2035-01-31,23,383977.713128,212340.640506,171637.072621,0.0,0.0,0.0,8821.53,0.0,22568.146042,17.014145
2035-02-01,0,348784.515046,212337.720072,136446.794974,0.0,0.0,0.0,8436.25,0.0,20749.707955,16.809129
2035-02-01,1,301938.251681,118757.195746,183181.055936,0.0,0.0,0.0,7777.17,0.0,20303.514102,14.871231
2035-02-01,2,330681.184789,124204.511618,206476.673171,0.0,0.0,0.0,6364.51,0.0,19940.01729,16.583796
2035-02-01,3,361913.430094,131914.591626,229998.838468,0.0,0.0,0.0,5301.75,0.0,19918.788804,18.16945
2035-02-01,4,404476.100654,166278.031088,238198.069567,0.0,0.0,0.0,4338.66,0.0,20016.947489,20.206682
2035-02-01,5,436018.872572,179016.902939,257001.969632,0.0,0.0,0.0,3831.3,0.0,20544.984436,21.222643
2035-02-01,6,488061.516856,200941.468817,287120.048039,0.0,0.0,0.0,3508.8,0.0,21643.088119,22.550456
2035-02-01,7,502576.436354,200935.271042,301641.165312,0.0,0.0,0.0,3398.13,0.0,22172.471268,22.666686
2035-02-01,8,510343.034827,204623.2348,305719.800027,0.0,0.0,0.0,3058.63,0.0,21998.829093,23.198645
2035-02-01,9,499814.769035,204329.984638,295484.784398,0.0,0.0,0.0,3202.78,0.0,21836.067744,22.889413
2035-02-01,10,454430.002039,190798.683908,263631.318131,0.0,0.0,0.0,4628.16,0.0,21775.424542,20.868939
2035-02-01,11,416297.239012,162368.426852,253928.81216,0.0,0.0,0.0,5581.11,0.0,21818.747392,19.079796
2035-02-01,12,388211.261341,162323.22845,225888.03289,0.0,0.0,0.0,6789.71,0.0,22001.547695,17.644725
2035-02-01,13,340293.29495,127734.25708,212559.03787,0.0,0.0,0.0,8407.05,0.0,22319.706947,15.246316
2035-02-01,14,343111.213611,127913.918871,215197.29474,0.0,0.0,0.0,8623.48,0.0,22637.888734,15.156502
2035-02-01,15,354409.456018,127889.587087,226519.868931,0.0,0.0,0.0,8610.49,0.0,23031.557299,15.387994
2035-02-01,16,400414.289507,184412.921208,216001.368299,0.0,0.0,0.0,8440.76,0.0,23511.560847,17.030528
2035-02-01,17,451144.927719,181111.364484,270033.563234,0.0,0.0,0.0,6729.12,0.0,23874.385731,18.896609
2035-02-01,18,481454.151939,201359.69828,280094.453659,0.0,0.0,0.0,5569.35,0.0,23428.241303,20.550162
2035-02-01,19,508475.405752,201282.711238,307192.694513,0.0,0.0,0.0,4238.81,0.0,23047.733823,22.06184
2035-02-01,20,474947.196021,201282.711238,273664.484782,0.0,0.0,0.0,5019.27,0.0,22745.954984,20.880512
2035-02-01,21,432604.21898,193087.050724,239517.168256,0.0,0.0,0.0,6316.86,0.0,22606.424178,19.13634
2035-02-01,22,404203.49808,158498.079353,245705.418727,0.0,0.0,0.0,6750.48,0.0,22477.106711,17.982897
2035-02-01,23,391021.971341,158498.079353,232523.891988,0.0,0.0,0.0,6946.44,0.0,22183.338544,17.626832
2035-02-02,0,366050.316787,145244.786305,220805.530481,0.0,0.0,0.0,7242.56,0.0,21573.939711,16.967245
2035-02-02,1,347614.400449,144803.762781,202810.637668,0.0,0.0,0.0,7545.53,0.0,21363.865056,16.271138
2035-02-02,2,367766.341357,144803.762781,222962.578576,0.0,0.0,0.0,6546.76,0.0,21162.76013,17.377995
2035-02-02,3,396422.72867,160315.702262,236107.026408,0.0,0.0,0.0,5771.13,0.0,21114.603751,18.774813
2035-02-02,4,419827.319836,159754.071203,260073.248632,0.0,0.0,0.0,5003.51,0.0,21292.927967,19.716749
2035-02-02,5,416032.370626,159754.071203,256278.299423,0.0,0.0,0.0,5255.43,0.0,21408.060294,19.433445
2035-02-02,6,409435.988442,156914.041522,252521.946921,0.0,0.0,0.0,5490.62,0.0,21436.175513,19.100235
2035-02-02,7,428837.952913,191505.955713,237331.9972,0.0,0.0,0.0,5597.78,0.0,21695.053335,19.766624
2035-02-02,8,478962.123477,214223.402288,264738.721189,0.0,0.0,0.0,4659.64,0.0,22169.049102,21.604992
2035-02-02,9,488428.563211,193443.552379,294985.010832,0.0,0.0,0.0,4490.94,0.0,22838.754087,21.385955
2035-02-02,10,469128.254586,193260.072013,275868.182574,0.0,0.0,0.0,5667.51,0.0,23337.240772,20.10213
2035-02-02,11,440168.233486,178797.57992,261370.653565,0.0,0.0,0.0,6774.0,0.0,23580.929722,18.66628
2035-02-02,12,379811.2182,159682.859798,220128.358402,0.0,0.0,0.0,8418.92,0.0,23361.359344,16.258096
2035-02-02,13,303979.23588,125093.888428,178885.347453,0.0,0.0,0.0,10592.78,0.0,23147.89759,13.132045
2035-02-02,14,298996.629885,118932.998127,180063.631758,0.0,0.0,0.0,10597.23,0.0,23046.082915,12.973859
2035-02-02,15,305237.984428,118932.998127,186304.986301,0.0,0.0,0.0,10479.46,0.0,23170.184861,13.17374
2035-02-02,16,345398.59717,161453.154126,183945.443044,0.0,0.0,0.0,10301.19,0.0,23635.654754,14.613456
2035-02-02,17,453531.291453,202022.661963,251508.62949,0.0,0.0,0.0,7556.55,0.0,24233.19182,18.715293
2035-02-02,18,546761.732908,252877.808617,293883.924291,0.0,0.0,0.0,5383.93,0.0,24599.627144,22.226424
2035-02-02,19,598474.420814,252544.847073,345929.573741,0.0,0.0,0.0,3053.79,0.0,24384.293671,24.543439
2035-02-02,20,571802.189066,252544.847073,319257.341993,0.0,0.0,0.0,3963.43,0.0,24326.666752,23.50516
2035-02-02,21,499656.395459,229035.8893,270620.506159,0.0,0.0,0.0,6103.04,0.0,24143.198979,20.695534
2035-02-02,22,410655.083347,177383.541868,233271.541479,0.0,0.0,0.0,7968.02,0.0,23659.816566,17.356647
2035-02-02,23,349679.65217,142794.570498,206885.081673,0.0,0.0,0.0,9120.41,0.0,23005.632563,15.199741
2035-02-03,0,310654.044084,142794.570498,167859.473586,0.0,0.0,0.0,10284.91,0.0,22582.88235,13.756173
2035-02-03,1,289113.016829,113695.816961,175417.199867,0.0,0.0,0.0,10749.67,0.0,22375.753453,12.920817
2035-02-03,2,294415.733653,113695.816961,180719.916691,0.0,0.0,0.0,10464.82,0.0,22294.064574,13.206014
2035-02-03,3,310867.929457,127166.512396,183701.417061,0.0,0.0,0.0,10048.92,0.0,22364.099797,13.90031
2035-02-03,4,330876.313663,127137.384027,203738.929636,0.0,0.0,0.0,9410.68,0.0,22555.160514,14.66965
2035-02-03,5,321204.183959,127137.384027,194066.799932,0.0,0.0,0.0,9993.69,0.0,22722.88957,14.13571
2035-02-03,6,333243.326585,151308.763473,181934.563112,0.0,0.0,0.0,10406.79,0.0,22949.406909,14.520782
2035-02-03,7,348706.627629,167221.943692,181484.683937,0.0,0.0,0.0,10368.38,0.0,23435.035496,14.879714
2035-02-03,8,364072.852128,155094.523517,208978.328611,0.0,0.0,0.0,9530.99,0.0,23647.850498,15.3956
2035-02-03,9,393148.522564,154770.410663,238378.111901,0.0,0.0,0.0,8469.93,0.0,23751.426924,16.552628
2035-02-03,10,374194.400966,163103.557807,211090.843159,0.0,0.0,0.0,9107.28,0.0,23449.413123,15.957517
2035-02-03,11,345378.281351,137383.511251,207994.7701,0.0,0.0,0.0,9854.2,0.0,23532.365135,14.676735
2035-02-03,12,301159.309429,121147.791786,180011.517644,0.0,0.0,0.0,10901.1,0.0,23378.832542,12.881709
2035-02-03,13,265199.161522,105212.161872,159986.99965,0.0,0.0,0.0,12499.09,0.0,23556.476643,11.258015
2035-02-03,14,271360.491427,105212.161872,166148.329555,0.0,0.0,0.0,12313.95,0.0,23616.567036,11.49026
2035-02-03,15,279897.914348,105212.161872,174685.752476,0.0,0.0,0.0,11918.27,0.0,23576.133748,11.872087
2035-02-03,16,310435.576197,140242.401825,170193.174372,0.0,0.0,0.0,11707.79,0.0,23958.465315,12.95724
2035-02-03,17,354255.695456,141130.612294,213125.083162,0.0,0.0,0.0,10200.79,0.0,24231.463758,14.619657
2035-02-03,18,401072.799815,174517.491403,226555.308411,0.0,0.0,0.0,9151.01,0.0,24324.194302,16.488637
2035-02-03,19,440379.587803,174388.14805,265991.439753,0.0,0.0,0.0,7381.19,0.0,24126.659028,18.252821
2035-02-03,20,411924.636118,177676.653365,234247.982752,0.0,0.0,0.0,8526.47,0.0,24194.008284,17.025895
2035-02-03,21,363365.363802,177661.985312,185703.37849,0.0,0.0,0.0,10331.11,0.0,24101.301126,15.076587
2035-02-03,22,318638.790689,124534.36157,194104.429119,0.0,0.0,0.0,10860.0,0.0,23553.576148,13.528255
2035-02-03,23,312924.397319,121694.331888,191230.065431,0.0,0.0,0.0,10193.3,0.0,22685.050649,13.7943
2035-02-04,0,308872.547924,124326.950084,184545.597839,0.0,0.0,0.0,9565.18,0.0,21905.127943,14.100468
2035-02-04,1,315335.307197,118801.961859,196533.345338,0.0,0.0,0.0,8878.21,0.0,21557.877646,14.627382
2035-02-04,2,331067.30086,134740.811564,196326.489296,0.0,0.0,0.0,8176.19,0.0,21388.458566,15.478783
2035-02-04,3,348050.10375,134737.591773,213312.511977,0.0,0.0,0.0,7564.33,0.0,21490.281838,16.195697
2035-02-04,4,379404.324399,149552.182104,229852.142295,0.0,0.0,0.0,6871.92,0.0,21681.662739,17.498857
2035-02-04,5,426196.582728,182529.95683,243666.625898,0.0,0.0,0.0,6396.61,0.0,22517.614984,18.927252
2035-02-04,6,486761.039824,203757.10147,283003.938354,0.0,0.0,0.0,5823.87,0.0,23875.178129,20.387745
2035-02-04,7,511045.138669,206573.808376,304471.330294,0.0,0.0,0.0,5270.88,0.0,24270.335121,21.056369
2035-02-04,8,513868.196234,210721.482754,303146.71348,0.0,0.0,0.0,5069.18,0.0,24091.619826,21.329749
2035-02-04,9,498917.046343,210226.900988,288690.145354,0.0,0.0,0.0,5340.29,0.0,23840.216726,20.927538
2035-02-04,10,437263.270852,188301.678833,248961.592019,0.0,0.0,0.0,6698.45,0.0,23343.622552,18.731594
2035-02-04,11,400548.789473,169577.790737,230970.998736,0.0,0.0,0.0,7376.99,0.0,22955.050354,17.449266
2035-02-04,12,354873.550933,134988.819366,219884.731566,0.0,0.0,0.0,8513.02,0.0,22860.11109,15.523702
2035-02-04,13,298593.70903,122253.858746,176339.850284,0.0,0.0,0.0,10486.48,0.0,22858.074237,13.062942
2035-02-04,14,319596.059749,127693.458792,191902.600957,0.0,0.0,0.0,9749.02,0.0,22805.845798,14.013778
2035-02-04,15,342353.208657,127627.030176,214726.178481,0.0,0.0,0.0,8887.8,0.0,22878.260386,14.964128
2035-02-04,16,400262.283138,173937.516534,226324.766604,0.0,0.0,0.0,8099.1,0.0,23311.213493,17.170375
2035-02-04,17,464913.677268,192231.720671,272681.956597,0.0,0.0,0.0,6344.93,0.0,23814.884473,19.521979
2035-02-04,18,542044.413683,247999.441253,294044.97243,0.0,0.0,0.0,4982.84,0.0,24119.079001,22.473678
2035-02-04,19,584976.47125,248576.9495,336399.521751,0.0,0.0,0.0,3206.0,0.0,24134.117121,24.238569
2035-02-04,20,565716.795593,248412.558468,317304.237125,0.0,0.0,0.0,3687.88,0.0,23934.499694,23.63604
2035-02-04,21,522628.494069,224054.369822,298574.124246,0.0,0.0,0.0,4782.74,0.0,23888.494629,21.877833
2035-02-04,22,483791.587909,219045.939252,264745.648657,0.0,0.0,0.0,6049.75,0.0,23656.896303,20.450341
2035-02-04,23,438860.142039,181904.959964,256955.182075,0.0,0.0,0.0,6082.32,0.0,22813.231452,19.237088
2035-02-05,0,420971.164969,181904.959964,239066.205005,0.0,0.0,0.0,6174.47,0.0,22238.284933,18.930019
2035-02-05,1,395433.113904,156842.830117,238590.283787,0.0,0.0,0.0,6240.24,0.0,21801.817049,18.137622
2035-02-05,2,407246.812992,156842.830117,250403.982875,0.0,0.0,0.0,5659.4,0.0,21651.435078,18.80923
2035-02-05,3,417177.264664,159707.191582,257470.073082,0.0,0.0,0.0,5331.55,0.0,21622.236397,19.2939
2035-02-05,4,433070.589738,163854.865961,269215.723777,0.0,0.0,0.0,5133.38,0.0,21900.145581,19.774781
2035-02-05,5,451988.560947,187321.609349,264666.951597,0.0,0.0,0.0,5850.18,0.0,22823.235938,19.803877
2035-02-05,6,468434.23862,187014.937676,281419.300944,0.0,0.0,0.0,6579.92,0.0,24237.404497,19.326914
2035-02-05,7,457468.722735,182870.967671,274597.755064,0.0,0.0,0.0,7212.53,0.0,24530.271819,18.64915
2035-02-05,8,458624.394921,182074.627562,276549.767359,0.0,0.0,0.0,6904.13,0.0,24310.559503,18.865234
2035-02-05,9,448077.027707,183007.050537,265069.977169,0.0,0.0,0.0,6995.31,0.0,23992.439181,18.67576
2035-02-05,10,421458.331401,185279.950659,236178.380742,0.0,0.0,0.0,8308.46,0.0,24263.465433,17.37008
2035-02-05,11,379243.862687,153980.293847,225263.568839,0.0,0.0,0.0,9284.39,0.0,24103.477187,15.73399
2035-02-05,12,339731.507994,150311.526712,189419.981282,0.0,0.0,0.0,10326.72,0.0,23728.016793,14.317737
2035-02-05,13,267633.80548,112450.674642,155183.130837,0.0,0.0,0.0,12580.71,0.0,23628.278997,11.326843
2035-02-05,14,268711.333697,103234.375438,165476.958259,0.0,0.0,0.0,12707.17,0.0,23939.760358,11.224479
2035-02-05,15,282719.122508,111162.617245,171556.505263,0.0,0.0,0.0,12760.61,0.0,24270.58989,11.64863
2035-02-05,16,308079.440283,138291.358466,169788.081817,0.0,0.0,0.0,12724.45,0.0,24641.985186,12.502217
2035-02-05,17,358107.185195,154173.046488,203934.138707,0.0,0.0,0.0,11080.56,0.0,24927.968617,14.365679
2035-02-05,18,436685.936968,214992.187428,221693.74954,0.0,0.0,0.0,9199.85,0.0,24987.265004,17.47634
2035-02-05,19,526001.2778,214474.669506,311526.608295,0.0,0.0,0.0,5643.5,0.0,24935.665049,21.094335
2035-02-05,20,516298.441402,212590.685575,303707.755827,0.0,0.0,0.0,5752.36,0.0,24811.333346,20.808976
2035-02-05,21,493074.118481,206082.930983,286991.187498,0.0,0.0,0.0,6242.11,0.0,24609.665855,20.035791
2035-02-05,22,490277.475837,218192.273509,272085.202328,0.0,0.0,0.0,6172.36,0.0,24092.25668,20.350002
2035-02-05,23,443743.137601,195973.692209,247769.445392,0.0,0.0,0.0,6377.08,0.0,23027.28307,19.270321
2035-02-06,0,400072.219152,161384.720839,238687.498313,0.0,0.0,0.0,6638.07,0.0,22174.338781,18.042126
2035-02-06,1,371018.665939,147187.479374,223831.186565,0.0,0.0,0.0,6949.15,0.0,21609.20701,17.169472
2035-02-06,2,362739.72916,132621.193658,230118.535501,0.0,0.0,0.0,6555.13,0.0,21233.049474,17.083732
2035-02-06,3,365172.366897,132621.193658,232551.173239,0.0,0.0,0.0,6367.09,0.0,21135.671565,17.277538
2035-02-06,4,362799.672729,132154.64805,230645.024679,0.0,0.0,0.0,6429.88,0.0,21122.300296,17.176144
2035-02-06,5,360229.897995,132154.64805,228075.249945,0.0,0.0,0.0,6715.03,0.0,21312.994921,16.90189
2035-02-06,6,359827.541432,132154.64805,227672.893382,0.0,0.0,0.0,7170.71,0.0,21755.655596,16.539494
2035-02-06,7,372516.064371,166570.75986,205945.304512,0.0,0.0,0.0,7694.06,0.0,22163.331635,16.807765
2035-02-06,8,394651.133354,158426.867948,236224.265406,0.0,0.0,0.0,6880.08,0.0,22382.107468,17.632438
2035-02-06,9,423257.591311,158426.867948,264830.723362,0.0,0.0,0.0,6284.14,0.0,22831.727241,18.538133
2035-02-06,10,413485.056413,158426.867948,255058.188465,0.0,0.0,0.0,7230.98,0.0,23425.178939,17.651308
2035-02-06,11,365172.333581,155736.763156,209435.570425,0.0,0.0,0.0,9780.51,0.0,24189.988589,15.096011
2035-02-06,12,334181.435438,129076.033593,205105.401844,0.0,0.0,0.0,11385.61,0.0,24826.681997,13.460576
2035-02-06,13,294224.31533,129057.782281,165166.533049,0.0,0.0,0.0,13593.04,0.0,25534.885218,11.522445
2035-02-06,14,305934.937631,129057.782281,176877.15535,0.0,0.0,0.0,13568.52,0.0,25962.858721,11.783561
2035-02-06,15,331303.69173,150989.202211,180314.489519,0.0,0.0,0.0,13455.58,0.0,26329.273093,12.583093
2035-02-06,16,354536.027423,174824.898451,179711.128973,0.0,0.0,0.0,13190.78,0.0,26618.635972,13.319091
2035-02-06,17,401598.601846,174821.95563,226776.646216,0.0,0.0,0.0,11270.61,0.0,26577.636399,15.110396
2035-02-06,18,419300.401672,177404.910037,241895.491636,0.0,0.0,0.0,9912.81,0.0,25860.696397,16.213809
2035-02-06,19,451586.86485,177383.541868,274203.322982,0.0,0.0,0.0,7944.02,0.0,25098.57593,17.992529
2035-02-06,20,391737.518857,177383.541868,214353.976989,0.0,0.0,0.0,9545.46,0.0,24496.977458,15.991259
2035-02-06,21,306207.580256,137145.996426,169061.58383,0.0,0.0,0.0,11816.71,0.0,23856.278665,12.835513
2035-02-06,22,252823.142938,113664.680393,139158.462546,0.0,0.0,0.0,13004.65,0.0,23159.961015,10.916389
2035-02-06,23,211921.001415,103557.967173,108363.034241,0.0,0.0,0.0,13782.05,0.0,22311.652906,9.498221
2035-02-07,0,186683.773226,103557.967173,83125.806053,0.0,0.0,0.0,14088.67,0.0,21515.936534,8.676535
2035-02-07,1,177016.060576,92296.687795,84719.37278,0.0,0.0,0.0,13918.24,0.0,20994.167454,8.431678
2035-02-07,2,176106.108751,89857.146574,86248.962176,0.0,0.0,0.0,13454.83,0.0,20639.75925,8.532372
2035-02-07,3,181856.860904,89846.846924,92010.013979,0.0,0.0,0.0,13112.31,0.0,20537.001977,8.855083
2035-02-07,4,193916.685392,89846.846924,104069.838468,0.0,0.0,0.0,12633.95,0.0,20556.964814,9.433138
2035-02-07,5,206849.049398,93765.744805,113083.304593,0.0,0.0,0.0,12141.82,0.0,20613.121871,10.034824
2035-02-07,6,248600.246569,108275.73254,140324.514029,0.0,0.0,0.0,11081.61,0.0,21115.925503,11.773116
2035-02-07,7,281080.421387,113710.485015,167369.936372,0.0,0.0,0.0,10652.65,0.0,21870.117246,12.852259
2035-02-07,8,314817.299878,139253.988702,175563.311176,0.0,0.0,0.0,10305.62,0.0,22608.637149,13.924647
2035-02-07,9,342522.486915,141586.015789,200936.471126,0.0,0.0,0.0,10194.45,0.0,23502.825559,14.573673
2035-02-07,10,331828.285984,137396.847382,194431.438602,0.0,0.0,0.0,11189.26,0.0,24268.241932,13.673355
2035-02-07,11,344204.743671,135033.062796,209171.680875,0.0,0.0,0.0,11197.41,0.0,24835.592169,13.859333
2035-02-07,12,332225.973104,132193.033114,200032.93999,0.0,0.0,0.0,11787.24,0.0,25001.300526,13.288348
2035-02-07,13,293515.817273,126697.640628,166818.176645,0.0,0.0,0.0,13392.01,0.0,25181.589075,11.655969
2035-02-07,14,301584.370318,124136.054389,177448.315929,0.0,0.0,0.0,13234.02,0.0,25370.846011,11.887044
2035-02-07,15,329844.792333,143243.553493,186601.23884,0.0,0.0,0.0,12849.75,0.0,25569.271074,12.900047
2035-02-07,16,378114.807219,193920.112236,184194.694982,0.0,0.0,0.0,12324.13,0.0,26120.612219,14.475725
2035-02-07,17,488032.649525,225364.745005,262667.90452,0.0,0.0,0.0,9477.45,0.0,27010.704303,18.06812
2035-02-07,18,594908.450442,285032.536915,309875.913527,0.0,0.0,0.0,7228.14,0.0,27532.829989,21.607239
2035-02-07,19,643275.145678,285006.055611,358269.090067,0.0,0.0,0.0,5258.08,0.0,27565.24936,23.336453
2035-02-07,20,640900.506122,283743.169894,357157.336228,0.0,0.0,0.0,5508.33,0.0,27749.556086,23.095883
2035-02-07,21,598840.912021,283117.933871,315722.97815,0.0,0.0,0.0,7116.39,0.0,27820.22251,21.525382
2035-02-07,22,569171.19384,248768.95701,320402.23683,0.0,0.0,0.0,7938.6,0.0,27839.196072,20.444958
2035-02-07,23,530356.252749,248768.95701,281587.295739,0.0,0.0,0.0,9190.9,0.0,27774.348213,19.095183
2035-02-08,0,501233.243139,260525.842722,240707.400417,0.0,0.0,0.0,11266.98,0.0,28014.156061,17.892141
2035-02-08,1,479135.546616,234940.650478,244194.896138,0.0,0.0,0.0,12110.44,0.0,28338.252481,16.907731
2035-02-08,2,496619.827411,256237.973368,240381.854044,0.0,0.0,0.0,12591.65,0.0,28676.866181,17.317786
2035-02-08,3,508480.340428,274809.368932,233670.971496,0.0,0.0,0.0,12751.85,0.0,29383.589076,17.304909
2035-02-08,4,545105.258261,274574.812932,270530.445328,0.0,0.0,0.0,12410.99,0.0,30185.882342,18.058285
2035-02-08,5,603538.616476,361521.586154,242017.030322,0.0,0.0,0.0,13382.66,0.0,30645.637123,19.694112
2035-02-08,6,656597.57352,376774.259667,279823.313854,0.0,0.0,0.0,11422.9,0.0,31226.339003,21.027043
2035-02-08,7,750607.112274,371577.02915,379030.083124,0.0,0.0,0.0,8483.83,0.0,32145.479711,23.350316
2035-02-08,8,787188.924753,414570.433701,372618.491052,0.0,0.0,0.0,8198.54,0.0,32283.870127,24.383351
2035-02-08,9,791912.558931,414059.766797,377852.792135,0.0,0.0,0.0,8010.85,0.0,32447.932696,24.40564
2035-02-08,10,683498.137333,327526.328259,355971.809074,0.0,0.0,0.0,9387.0,0.0,32370.237666,21.115018
2035-02-08,11,707972.866108,326883.152849,381089.713259,0.0,0.0,0.0,8545.63,0.0,32463.491294,21.808279
2035-02-08,12,696543.184542,326883.152849,369660.031693,0.0,0.0,0.0,8725.39,0.0,32218.156881,21.619585
2035-02-08,13,671268.083392,309861.669522,361406.413871,0.0,0.0,0.0,9189.84,0.0,32117.092245,20.900649
2035-02-08,14,654148.625224,298526.1617,355622.463524,0.0,0.0,0.0,9675.94,0.0,32174.980415,20.330972
2035-02-08,15,658195.114759,299458.584675,358736.530084,0.0,0.0,0.0,10010.42,0.0,32630.476592,20.171177
2035-02-08,16,745739.859312,384982.247942,360757.61137,0.0,0.0,0.0,10119.02,0.0,33857.421037,22.025891
2035-02-08,17,891255.731456,472631.279001,418624.452455,0.0,0.0,0.0,8587.33,0.0,35281.866025,25.261015
2035-02-08,18,962271.312661,515830.098914,446441.213747,0.0,0.0,0.0,7196.31,0.0,35541.463581,27.074611
2035-02-08,19,1007018.563547,526293.687224,480724.876323,0.0,0.0,0.0,5337.0,0.0,35143.647552,28.654355
2035-02-08,20,1011373.592086,526234.228374,485139.363712,0.0,0.0,0.0,5196.46,0.0,35225.734271,28.711214
2035-02-08,21,996423.98924,526234.228374,470189.760866,0.0,0.0,0.0,5446.38,0.0,34953.172862,28.507397
2035-02-08,22,963358.343048,503188.151853,460170.191195,0.0,0.0,0.0,5520.96,0.0,34369.053616,28.029819
2035-02-08,23,918344.877197,488729.747833,429615.129364,0.0,0.0,0.0,6197.68,0.0,33706.458454,27.245368
2035-02-09,0,822428.58897,400767.370023,421661.218947,0.0,0.0,0.0,6857.45,0.0,33316.107023,24.685615
2035-02-09,1,789179.808471,382905.612849,406274.195622,0.0,0.0,0.0,7627.35,0.0,33262.937888,23.725499
2035-02-09,2,812664.583782,392232.875969,420431.707813,0.0,0.0,0.0,6853.44,0.0,33113.260487,24.541968
2035-02-09,3,849490.859383,418583.017858,430907.841526,0.0,0.0,0.0,6294.49,0.0,33224.654812,25.568087
2035-02-09,4,899886.424558,456876.008062,443010.416496,0.0,0.0,0.0,5790.94,0.0,33495.55802,26.865844
2035-02-09,5,917080.506917,460572.599576,456507.90734,0.0,0.0,0.0,5385.93,0.0,33630.743644,27.269112
2035-02-09,6,901794.317672,444042.129077,457752.188595,0.0,0.0,0.0,4939.74,0.0,33364.232054,27.028775
2035-02-09,7,939695.670183,481422.014401,458273.655782,0.0,0.0,0.0,4646.23,0.0,33510.497004,28.04183
2035-02-09,8,948908.081259,481401.206165,467506.875094,0.0,0.0,0.0,4629.01,0.0,33841.694457,28.039615
2035-02-09,9,913003.965097,452588.772845,460415.192252,0.0,0.0,0.0,5166.22,0.0,33846.996057,26.974446
2035-02-09,10,871014.084329,444714.561202,426299.523127,0.0,0.0,0.0,7121.0,0.0,34444.17791,25.287701
2035-02-09,11,800625.653765,399181.005837,401444.647927,0.0,0.0,0.0,8536.2,0.0,34331.095105,23.320714
2035-02-09,12,712387.129772,364604.74482,347782.384952,0.0,0.0,0.0,10149.95,0.0,33416.08122,21.318692
2035-02-09,13,596843.457751,288204.503823,308638.953927,0.0,0.0,0.0,11954.21,0.0,32519.108657,18.353623
2035-02-09,14,584262.043401,264754.719831,319507.32357,0.0,0.0,0.0,11493.41,0.0,32072.387854,18.21698
2035-02-09,15,630094.98369,293851.737396,336243.246294,0.0,0.0,0.0,10716.22,0.0,32270.197055,19.525601
2035-02-09,16,714829.972778,361654.215674,353175.757105,0.0,0.0,0.0,9849.73,0.0,32899.721047,21.727539
2035-02-09,17,802201.241245,403299.815017,398901.426228,0.0,0.0,0.0,8522.25,0.0,33840.327553,23.705481
2035-02-09,18,895654.283091,477347.661324,418306.621767,0.0,0.0,0.0,7445.67,0.0,34129.080593,26.243141
2035-02-09,19,932599.481998,481096.736863,451502.745135,0.0,0.0,0.0,5501.36,0.0,33789.377242,27.600375
2035-02-09,20,946445.831294,480959.747374,465486.08392,0.0,0.0,0.0,4961.05,0.0,33862.090113,27.950012
2035-02-09,21,937125.668004,480959.747374,456165.92063,0.0,0.0,0.0,5102.53,0.0,33702.174153,27.806089
2035-02-09,22,899734.734655,466791.581499,432943.153155,0.0,0.0,0.0,5367.72,0.0,32950.816098,27.305385
2035-02-09,23,821717.449544,410404.604857,411312.844687,0.0,0.0,0.0,6035.04,0.0,32262.366765,25.469844
2035-02-10,0,787736.270479,410381.779812,377354.490667,0.0,0.0,0.0,6802.69,0.0,31842.086037,24.73884
2035-02-10,1,728669.660065,353667.399713,375002.260352,0.0,0.0,0.0,7666.34,0.0,31806.262557,22.909629
2035-02-10,2,783807.974956,379592.103597,404215.871358,0.0,0.0,0.0,5941.31,0.0,31437.706906,24.932098
2035-02-10,3,851796.047551,425442.88773,426353.159821,0.0,0.0,0.0,4635.65,0.0,31366.543873,27.156197
2035-02-10,4,916422.755096,469828.536243,446594.218853,0.0,0.0,0.0,3633.84,0.0,31535.37884,29.060147
2035-02-10,5,944988.575678,487161.070343,457827.505335,0.0,0.0,0.0,2951.88,0.0,31654.38044,29.853327
2035-02-10,6,957111.221192,488089.914657,469021.306535,0.0,0.0,0.0,2507.06,0.0,31672.933663,30.218584
2035-02-10,7,966890.665443,487986.739787,478903.925656,0.0,0.0,0.0,2202.54,0.0,31812.249459,30.393659
2035-02-10,8,966059.949229,487986.739787,478073.209442,0.0,0.0,0.0,2295.54,0.0,31840.94023,30.340183
2035-02-10,9,957967.314596,486524.458943,471442.855654,0.0,0.0,0.0,2887.48,0.0,31872.561018,30.056176
2035-02-10,10,879859.570903,471186.513729,408673.057175,0.0,0.0,0.0,4385.04,0.0,31152.369059,28.243745
2035-02-10,11,799152.579822,383262.513632,415890.06619,0.0,0.0,0.0,4758.12,0.0,30680.75409,26.047358
2035-02-10,12,750141.99597,383232.579963,366909.416007,0.0,0.0,0.0,5729.03,0.0,29902.047511,25.086643
2035-02-10,13,655844.463797,313461.401065,342383.062731,0.0,0.0,0.0,6995.62,0.0,29226.452413,22.440098
2035-02-10,14,636349.1145,285814.734034,350534.380466,0.0,0.0,0.0,6688.01,0.0,28677.651978,22.189722
2035-02-10,15,632961.529801,285814.734034,347146.795767,0.0,0.0,0.0,6648.1,0.0,28508.265468,22.202737
2035-02-10,16,665883.902541,319871.419403,346012.483138,0.0,0.0,0.0,6578.84,0.0,28829.001471,23.09771
2035-02-10,17,731777.621935,345665.090952,386112.530983,0.0,0.0,0.0,5407.47,0.0,29393.907953,24.895554
2035-02-10,18,767950.264301,368280.660483,399669.603818,0.0,0.0,0.0,4453.41,0.0,29510.34923,26.023083
2035-02-10,19,783456.304335,368193.687146,415262.61719,0.0,0.0,0.0,3369.24,0.0,29090.563151,26.931631
2035-02-10,20,767340.151412,361504.9958,405835.155612,0.0,0.0,0.0,3712.84,0.0,29046.652873,26.417507
2035-02-10,21,714390.910485,348203.392916,366187.517568,0.0,0.0,0.0,5047.63,0.0,28766.185784,24.834398
2035-02-10,22,645344.149982,301865.92438,343478.225602,0.0,0.0,0.0,5893.25,0.0,27999.675624,23.048272
2035-02-10,23,638145.205233,353896.457355,284248.747878,0.0,0.0,0.0,6631.3,0.0,27221.939042,23.442313
2035-02-11,0,604402.705458,353804.438654,250598.266804,0.0,0.0,0.0,7543.59,0.0,26777.752828,22.571076
2035-02-11,1,507753.583797,218498.610372,289254.973425,0.0,0.0,0.0,8042.25,0.0,26523.608899,19.143458
2035-02-11,2,492094.603989,218498.610372,273595.993616,0.0,0.0,0.0,8457.82,0.0,26355.811295,18.671199
2035-02-11,3,485916.735252,218498.610372,267418.12488,0.0,0.0,0.0,8694.43,0.0,26357.664773,18.4355
2035-02-11,4,496381.382176,218498.610372,277882.771804,0.0,0.0,0.0,8664.75,0.0,26723.693868,18.57458
2035-02-11,5,557219.293555,259412.504919,297806.788635,0.0,0.0,0.0,8223.9,0.0,27660.13636,20.145211
2035-02-11,6,594798.543235,267392.558521,327405.984714,0.0,0.0,0.0,7726.43,0.0,28608.314798,20.791107
2035-02-11,7,605484.592201,267331.648047,338152.944154,0.0,0.0,0.0,7246.66,0.0,28573.526805,21.190405
2035-02-11,8,577720.625275,267331.648047,310388.977227,0.0,0.0,0.0,7803.56,0.0,28101.231926,20.558552
2035-02-11,9,553642.216881,239681.043273,313961.173608,0.0,0.0,0.0,7729.13,0.0,27630.536934,20.037331
2035-02-11,10,498625.961519,239681.043273,258944.918246,0.0,0.0,0.0,9189.13,0.0,27021.930411,18.45264
2035-02-11,11,478268.593359,218498.610372,259769.982986,0.0,0.0,0.0,9078.65,0.0,26468.887923,18.069085
2035-02-11,12,429487.564175,181432.279572,248055.284603,0.0,0.0,0.0,9413.96,0.0,25757.351668,16.674368
2035-02-11,13,378259.476003,181432.279572,196827.196431,0.0,0.0,0.0,10842.18,0.0,25219.319206,14.998798
2035-02-11,14,362831.20132,146084.033821,216747.167499,0.0,0.0,0.0,10771.33,0.0,25114.427322,14.447122
2035-02-11,15,367820.944886,146084.033821,221736.911065,0.0,0.0,0.0,10594.32,0.0,25114.213558,14.645927
2035-02-11,16,404340.835826,184050.913091,220289.922735,0.0,0.0,0.0,10620.41,0.0,25595.982114,15.797043
2035-02-11,17,474438.519611,218501.553193,255936.966418,0.0,0.0,0.0,9104.71,0.0,26233.929127,18.08492
2035-02-11,18,515686.835615,243063.210794,272623.624821,0.0,0.0,0.0,8001.47,0.0,26316.241754,19.595763
2035-02-11,19,567978.972412,242973.459402,325005.51301,0.0,0.0,0.0,5687.29,0.0,26077.483528,21.780436
2035-02-11,20,515992.430092,242973.459402,273018.97069,0.0,0.0,0.0,7501.85,0.0,25962.43013,19.874581
2035-02-11,21,448313.538607,218498.610372,229814.928235,0.0,0.0,0.0,9675.04,0.0,25911.505306,17.301717
2035-02-11,22,399180.208603,180139.344741,219040.863862,0.0,0.0,0.0,10625.15,0.0,25553.973546,15.621062
2035-02-11,23,399267.805073,196382.482379,202885.322693,0.0,0.0,0.0,10375.43,0.0,24859.252413,16.061135
2035-02-12,0,349410.558539,196375.064206,153035.494333,0.0,0.0,0.0,12074.29,0.0,24455.869019,14.287391
2035-02-12,1,323222.605563,143247.095882,179975.509681,0.0,0.0,0.0,12182.97,0.0,24294.017585,13.304617
2035-02-12,2,338581.90856,143247.095882,195334.812678,0.0,0.0,0.0,11778.23,0.0,24487.069839,13.826967
2035-02-12,3,341991.840498,146812.137054,195179.703444,0.0,0.0,0.0,11819.17,0.0,24601.09574,13.901488
2035-02-12,4,385953.8281,183984.245396,201969.582704,0.0,0.0,0.0,11150.19,0.0,25184.96577,15.324771
2035-02-12,5,424191.510161,197393.942454,226797.567707,0.0,0.0,0.0,11166.01,0.0,26570.318555,15.964864
2035-02-12,6,499489.942698,238212.342571,261277.600127,0.0,0.0,0.0,10296.13,0.0,27978.446939,17.852669
2035-02-12,7,555252.519319,243611.250094,311641.269224,0.0,0.0,0.0,8161.83,0.0,27991.163507,19.836707
2035-02-12,8,580377.578937,248363.241273,332014.337664,0.0,0.0,0.0,6626.85,0.0,27196.816688,21.339908
2035-02-12,9,582123.929242,258653.853738,323470.075504,0.0,0.0,0.0,5730.11,0.0,26219.437812,22.201999
2035-02-12,10,557156.539266,256274.202092,300882.337173,0.0,0.0,0.0,5939.53,0.0,25583.17983,21.778236
2035-02-12,11,507133.019752,211156.288294,295976.731458,0.0,0.0,0.0,5976.89,0.0,24705.247835,20.52734
2035-02-12,12,454007.265699,197459.656321,256547.609378,0.0,0.0,0.0,6700.26,0.0,23741.701307,19.122777
2035-02-12,13,413124.307065,162799.473546,250324.833519,0.0,0.0,0.0,7121.46,0.0,23263.701234,17.758322
2035-02-12,14,411610.723456,162799.473546,248811.24991,0.0,0.0,0.0,6938.55,0.0,23024.741327,17.876888
2035-02-12,15,424083.647064,162799.473546,261284.173518,0.0,0.0,0.0,6548.76,0.0,23068.462443,18.383698
2035-02-12,16,472321.493114,206583.313086,265738.180028,0.0,0.0,0.0,6371.0,0.0,23618.64237,19.997826
2035-02-12,17,556964.209511,252147.025384,304817.184128,0.0,0.0,0.0,4585.75,0.0,24090.511747,23.11965
2035-02-12,18,652526.060047,315306.027336,337220.032711,0.0,0.0,0.0,3115.68,0.0,24584.234569,26.54246
2035-02-12,19,695396.272465,324654.348861,370741.923604,0.0,0.0,0.0,1644.52,0.0,24845.003539,27.989381
2035-02-12,20,690591.001217,306225.671697,384365.32952,0.0,0.0,0.0,1523.02,0.0,25208.582211,27.395075
2035-02-12,21,664281.525851,303395.341502,360886.184349,0.0,0.0,0.0,2623.39,0.0,25429.014935,26.122975
2035-02-12,22,598735.70928,277474.874235,321260.835045,0.0,0.0,0.0,4589.85,0.0,25507.47342,23.472952
2035-02-12,23,568205.631206,237496.435397,330709.195809,0.0,0.0,0.0,4921.52,0.0,25488.826896,22.292341
2035-02-13,0,556101.744396,237496.435397,318605.308998,0.0,0.0,0.0,5536.26,0.0,25670.322881,21.663216
2035-02-13,1,536922.082063,229048.963117,307873.118946,0.0,0.0,0.0,6439.44,0.0,25975.472835,20.670349
2035-02-13,2,543808.238147,229641.845128,314166.393019,0.0,0.0,0.0,6480.03,0.0,26251.091869,20.715643
2035-02-13,3,563566.87798,244062.058053,319504.819926,0.0,0.0,0.0,6722.96,0.0,26800.862898,21.027938
2035-02-13,4,590113.215737,270173.389032,319939.826705,0.0,0.0,0.0,7008.7,0.0,27520.343362,21.4428
2035-02-13,5,622408.712072,284545.473507,337863.238565,0.0,0.0,0.0,6833.63,0.0,28414.274009,21.90479
2035-02-13,6,647490.08388,295592.563577,351897.520303,0.0,0.0,0.0,6643.65,0.0,28983.209421,22.340179
2035-02-13,7,659256.781086,296570.339748,362686.441338,0.0,0.0,0.0,6442.76,0.0,29207.300374,22.571644
2035-02-13,8,601886.941219,296539.039718,305347.901501,0.0,0.0,0.0,7821.35,0.0,28432.747077,21.168793
2035-02-13,9,524369.702755,230650.098993,293719.603762,0.0,0.0,0.0,8283.43,0.0,27207.220696,19.273182
2035-02-13,10,485411.799737,217915.138373,267496.661364,0.0,0.0,0.0,8995.02,0.0,26653.544138,18.211904
2035-02-13,11,450837.084349,180848.807573,269988.276776,0.0,0.0,0.0,8871.54,0.0,26007.477131,17.334903
2035-02-13,12,428940.334965,180848.807573,248091.527392,0.0,0.0,0.0,9025.3,0.0,25351.992338,16.919394
2035-02-13,13,416548.250411,187489.931556,229058.318855,0.0,0.0,0.0,9391.17,0.0,25118.576223,16.583275
2035-02-13,14,394081.990106,152675.311298,241406.678807,0.0,0.0,0.0,9379.84,0.0,24805.167678,15.887092
2035-02-13,15,392299.615708,152675.311298,239624.30441,0.0,0.0,0.0,9572.04,0.0,24923.853422,15.739926
2035-02-13,16,402377.980266,184903.440903,217474.539363,0.0,0.0,0.0,10281.9,0.0,25454.290539,15.807865
2035-02-13,17,437243.203146,181608.081954,255635.121192,0.0,0.0,0.0,9377.96,0.0,25979.645405,16.830222
2035-02-13,18,453169.163355,182239.018594,270930.144762,0.0,0.0,0.0,9106.75,0.0,26272.032343,17.24911
2035-02-13,19,461345.252354,183519.093792,277826.158562,0.0,0.0,0.0,8564.93,0.0,25986.472234,17.753285
2035-02-13,20,429400.427699,220404.86466,208995.563039,0.0,0.0,0.0,10331.01,0.0,25706.661513,16.703858
2035-02-13,21,343819.040077,177536.322284,166282.717793,0.0,0.0,0.0,12855.75,0.0,25546.57236,13.458519
2035-02-13,22,301354.994446,138397.724994,162957.269451,0.0,0.0,0.0,14041.35,0.0,25325.543348,11.899251
2035-02-13,23,285684.780743,138397.724994,147287.055748,0.0,0.0,0.0,14060.82,0.0,24673.232752,11.578733
2035-02-14,0,285796.774759,151441.301396,134355.473364,0.0,0.0,0.0,13742.89,0.0,24041.159089,11.887812
2035-02-14,1,278556.274615,129449.095994,149107.178621,0.0,0.0,0.0,13232.94,0.0,23774.428547,11.716634
2035-02-14,2,280372.17666,124187.583747,156184.592912,0.0,0.0,0.0,12854.26,0.0,23684.992303,11.837546
2035-02-14,3,293828.64046,129085.671401,164742.969059,0.0,0.0,0.0,12589.2,0.0,23896.870143,12.295696
2035-02-14,4,334230.310187,145317.070469,188913.239717,0.0,0.0,0.0,12010.23,0.0,24460.242226,13.664227
2035-02-14,5,344719.770183,147892.606703,196827.16348,0.0,0.0,0.0,12256.99,0.0,25181.780304,13.689253
2035-02-14,6,349691.604878,147871.238535,201820.366344,0.0,0.0,0.0,12217.57,0.0,25332.907502,13.803848
2035-02-14,7,367848.44219,174416.422209,193432.019981,0.0,0.0,0.0,11832.16,0.0,25501.747087,14.424441
2035-02-14,8,388642.838644,174479.43779,214163.400853,0.0,0.0,0.0,10914.35,0.0,25501.564366,15.239961
2035-02-14,9,409933.082378,180145.542516,229787.539862,0.0,0.0,0.0,9883.24,0.0,25189.999118,16.273644
2035-02-14,10,387273.467066,174643.952255,212629.514812,0.0,0.0,0.0,10103.88,0.0,24666.738865,15.70023
2035-02-14,11,357496.397419,137577.621455,219918.775964,0.0,0.0,0.0,9851.79,0.0,24071.959337,14.851155
2035-02-14,12,338699.833096,137577.621455,201122.211641,0.0,0.0,0.0,10095.92,0.0,23607.951944,14.346854
2035-02-14,13,280631.643958,115652.399299,164979.244659,0.0,0.0,0.0,11676.21,0.0,23402.606787,11.991469
2035-02-14,14,290060.340798,115652.399299,174407.941499,0.0,0.0,0.0,11126.02,0.0,23248.738991,12.47639
2035-02-14,15,308875.879242,121162.45984,187713.419402,0.0,0.0,0.0,10612.4,0.0,23346.652414,13.229986
2035-02-14,16,327869.023993,143079.211716,184789.812277,0.0,0.0,0.0,10895.36,0.0,23841.220272,13.752191
2035-02-14,17,393691.662638,177664.928132,216026.734506,0.0,0.0,0.0,9383.12,0.0,24285.82169,16.210761
2035-02-14,18,482175.498898,230430.697977,251744.80092,0.0,0.0,0.0,7327.03,0.0,24526.741741,19.659175
2035-02-14,19,558223.594174,229679.086254,328544.507919,0.0,0.0,0.0,4260.07,0.0,24416.842771,22.862235
2035-02-14,20,546237.91245,229543.003388,316694.909062,0.0,0.0,0.0,4593.13,0.0,24424.612115,22.364241
2035-02-14,21,501087.426414,222332.547474,278754.87894,0.0,0.0,0.0,5941.95,0.0,24258.440422,20.656209
2035-02-14,22,430417.270136,188206.755642,242210.514494,0.0,0.0,0.0,7289.35,0.0,23565.584259,18.264655
2035-02-14,23,383801.233903,174287.840751,209513.393152,0.0,0.0,0.0,8099.28,0.0,22653.092712,16.942553
2035-02-15,0,351211.334573,168130.607306,183080.727267,0.0,0.0,0.0,8787.94,0.0,22174.310131,15.838659
2035-02-15,1,318318.391071,140682.417901,177635.97317,0.0,0.0,0.0,9519.45,0.0,22164.362082,14.361721
2035-02-15,2,351884.51783,140682.417901,211202.099929,0.0,0.0,0.0,8151.29,0.0,22142.849959,15.891564
2035-02-15,3,400975.899109,175274.332092,225701.567017,0.0,0.0,0.0,7151.3,0.0,22409.299879,17.893281
2035-02-15,4,440604.806456,177854.343678,262750.462778,0.0,0.0,0.0,6182.83,0.0,22958.919841,19.191008
2035-02-15,5,478171.081992,200080.275632,278090.80636,0.0,0.0,0.0,6182.56,0.0,23942.152418,19.971934
2035-02-15,6,498217.65525,200621.44354,297596.211711,0.0,0.0,0.0,6512.13,0.0,25111.158712,19.840488
2035-02-15,7,478373.111236,200142.659162,278230.452074,0.0,0.0,0.0,7316.04,0.0,25207.477086,18.977429
2035-02-15,8,447391.413107,184724.695701,262666.717406,0.0,0.0,0.0,7998.65,0.0,24954.848764,17.928035
2035-02-15,9,412824.148047,180673.005192,232151.142856,0.0,0.0,0.0,8416.38,0.0,24129.091814,17.10898
2035-02-15,10,359764.388975,146084.033821,213680.355154,0.0,0.0,0.0,9401.17,0.0,23593.32373,15.248567
2035-02-15,11,363321.710974,146084.033821,217237.677153,0.0,0.0,0.0,8861.64,0.0,23223.76384,15.644394
2035-02-15,12,357010.084237,146084.033821,210926.050415,0.0,0.0,0.0,8819.19,0.0,22938.669597,15.563679
2035-02-15,13,317458.827601,121113.260051,196345.567551,0.0,0.0,0.0,10106.29,0.0,23071.681415,13.759675
2035-02-15,14,316028.92032,121607.525077,194421.395242,0.0,0.0,0.0,10076.56,0.0,23110.25371,13.674836
2035-02-15,15,314997.370724,118757.195746,196240.174978,0.0,0.0,0.0,10142.01,0.0,23185.909801,13.585724
2035-02-15,16,274133.885026,118757.195746,155376.68928,0.0,0.0,0.0,12030.3,0.0,23461.584056,11.684372
2035-02-15,17,320423.946832,118757.195746,201666.751087,0.0,0.0,0.0,10312.02,0.0,23527.868567,13.618911
2035-02-15,18,415212.042238,202715.950418,212496.09182,0.0,0.0,0.0,8472.0,0.0,23644.409857,17.560685
2035-02-15,19,516176.399636,211288.808317,304887.591319,0.0,0.0,10.963758,4621.58,0.0,23687.721598,21.790884
2035-02-15,20,522094.99668,211240.190881,310854.805799,0.0,0.0,0.0,4326.09,0.0,23641.548072,22.083791
2035-02-15,21,515568.702726,210773.645272,304795.057454,0.0,0.0,0.0,4492.78,0.0,23588.213876,21.857047
2035-02-15,22,503509.700096,210254.937146,293254.76295,0.0,0.0,0.0,4729.94,0.0,23372.056164,21.543235
2035-02-15,23,513395.711554,205547.772201,307847.939353,0.0,0.0,0.0,3988.16,0.0,22993.642139,22.327725
2035-02-16,0,555535.820825,258860.161074,296675.659751,0.0,0.0,0.0,3453.69,0.0,22806.465767,24.358698
2035-02-16,1,559720.089182,258849.822466,300870.266716,0.0,0.0,0.0,3151.21,0.0,22784.545337,24.565778
2035-02-16,2,572743.891437,238470.132996,334273.758441,0.0,0.0,0.0,2270.91,0.0,22833.17199,25.083851
2035-02-16,3,572528.241028,238470.132996,334058.108032,0.0,0.0,0.0,2527.81,0.0,23081.253852,24.804902
2035-02-16,4,560656.079796,246398.374803,314257.704993,0.0,0.0,0.0,3602.09,0.0,23563.223144,23.793692
2035-02-16,5,584434.167768,251078.06592,333356.101848,0.0,0.0,0.0,3181.1,0.0,23949.016196,24.403264
2035-02-16,6,623676.503762,283755.897624,339920.606138,0.0,0.0,0.0,2896.52,0.0,24391.820784,25.569084
2035-02-16,7,656415.55258,301805.259144,354610.293436,0.0,0.0,0.0,2805.16,0.0,25237.747164,26.009277
2035-02-16,8,679283.401398,301796.386576,377487.014822,0.0,0.0,0.0,2279.94,0.0,25563.494685,26.5724
2035-02-16,9,657611.378099,301796.386576,355814.991523,0.0,0.0,0.0,2762.83,0.0,25292.094994,26.000669
2035-02-16,10,603861.590979,275833.179399,328028.41158,0.0,0.0,0.0,3698.52,0.0,24789.235588,24.359831
2035-02-16,11,560507.820321,243149.261783,317358.558538,0.0,0.0,0.0,4413.87,0.0,24526.416987,22.853229
2035-02-16,12,507110.782931,242973.459402,264137.32353,0.0,0.0,0.0,6167.54,0.0,24277.786865,20.887851
2035-02-16,13,414434.996182,183965.421321,230469.574862,0.0,0.0,0.0,8262.93,0.0,23956.552779,17.299442
2035-02-16,14,384818.051997,149376.44995,235441.602047,0.0,0.0,0.0,8494.27,0.0,23531.9951,16.352972
2035-02-16,15,360323.955368,149376.44995,210947.505418,0.0,0.0,0.0,9116.95,0.0,23295.12822,15.467782
2035-02-16,16,388670.948481,184865.992176,203804.956305,0.0,0.0,0.0,9104.11,0.0,23757.56047,16.359885
2035-02-16,17,427114.331767,184724.695701,242389.636066,0.0,0.0,0.0,8340.31,0.0,24524.291773,17.41597
2035-02-16,18,488086.618707,234535.761608,253550.857099,0.0,0.0,0.0,7352.66,0.0,24725.702094,19.740051
2035-02-16,19,529029.099009,234525.987121,294503.111888,0.0,0.0,0.0,5752.97,0.0,24813.526459,21.32019
2035-02-16,20,499118.036851,234525.987121,264592.04973,0.0,0.0,0.0,6797.55,0.0,24744.562363,20.170817
2035-02-16,21,433188.735875,218498.610372,214690.125503,0.0,0.0,0.0,9026.21,0.0,24646.183938,17.576301
2035-02-16,22,388658.187458,180139.344741,208518.842717,0.0,0.0,0.0,9853.77,0.0,24350.468418,15.961015
2035-02-16,23,377132.121726,166934.7849,210197.336825,0.0,0.0,0.0,9730.67,0.0,23845.758401,15.81548
2035-02-17,0,375647.438856,166934.7849,208712.653956,0.0,0.0,0.0,9506.54,0.0,23563.376448,15.942004
2035-02-17,1,382022.949451,181713.125032,200309.824419,0.0,0.0,0.0,9128.49,0.0,23243.035841,16.436018
2035-02-17,2,402410.636513,175129.503003,227281.13351,0.0,0.0,0.0,8015.01,0.0,23068.276311,17.444331
2035-02-17,3,468586.730332,209684.967402,258901.76293,0.0,0.0,0.0,6042.44,0.0,23192.776404,20.203995
2035-02-17,4,514003.407663,217296.345416,296707.062248,0.0,0.0,0.0,4644.92,0.0,23410.047124,21.95653
2035-02-17,5,555576.336052,238446.15891,317130.177143,0.0,0.0,0.0,3792.32,0.0,23657.507292,23.484145
2035-02-17,6,564272.989614,238439.961135,325833.028479,0.0,0.0,0.0,3488.83,0.0,23789.882462,23.719032
2035-02-17,7,583850.267199,270670.060872,313180.206327,0.0,0.0,0.0,3986.91,0.0,24280.327351,24.046227
2035-02-17,8,634280.389356,278585.57495,355694.814406,0.0,0.0,0.0,3098.09,0.0,25057.898788,25.312593
2035-02-17,9,622610.593815,278567.323637,344043.270178,0.0,0.0,0.0,3918.12,0.0,25553.990613,24.364515
2035-02-17,10,548277.728661,274039.705763,274238.022898,0.0,0.0,0.0,6134.68,0.0,25068.355481,21.871308
2035-02-17,11,457660.273516,188714.467045,268945.80647,0.0,0.0,0.0,7139.55,0.0,24337.952287,18.804387
2035-02-17,12,376194.778879,174950.474183,201244.304696,0.0,0.0,0.0,9200.69,0.0,23602.503617,15.938766
2035-02-17,13,290602.364676,118436.280658,172166.084019,0.0,0.0,0.0,11025.84,0.0,23145.449979,12.555486
2035-02-17,14,298947.069819,118436.280658,180510.789161,0.0,0.0,0.0,10373.21,0.0,22834.829302,13.091715
2035-02-17,15,318471.309012,118436.280658,200035.028354,0.0,0.0,0.0,9701.42,0.0,22909.705961,13.901152
2035-02-17,16,362916.587937,156362.707809,206553.880128,0.0,0.0,0.0,9353.3,0.0,23563.872463,15.401398
2035-02-17,17,448422.949643,196867.501833,251555.44781,0.0,0.0,0.0,7806.26,0.0,24372.145829,18.398993
2035-02-17,18,498407.690456,207167.092398,291240.598059,0.0,0.0,0.0,6703.88,0.0,25045.290633,19.900256
2035-02-17,19,509140.277076,208080.840658,301059.436418,0.0,0.0,3.273336,6051.01,0.0,24818.257578,20.514747
2035-02-17,20,483892.182067,207867.605163,276024.576904,0.0,0.0,0.0,7103.25,0.0,24960.29931,19.386474
2035-02-17,21,425660.552413,193299.811426,232360.740987,0.0,0.0,0.0,9296.13,0.0,25170.165649,16.911313
2035-02-17,22,403614.516797,180642.259985,222972.256811,0.0,0.0,0.0,10384.18,0.0,25285.63729,15.962205
2035-02-17,23,379160.730029,178033.039754,201127.690275,0.0,0.0,0.0,10955.78,0.0,25013.484012,15.158253
2035-02-18,0,352174.423481,162097.409839,190077.013642,0.0,0.0,0.0,11689.67,0.0,24743.130929,14.23322
2035-02-18,1,326668.961913,151320.070074,175348.891839,0.0,0.0,0.0,12540.3,0.0,24633.691879,13.261064
2035-02-18,2,327690.815937,147609.436486,180081.379451,0.0,0.0,0.0,12675.06,0.0,24781.736128,13.223077
2035-02-18,3,352570.231113,182770.357215,169799.873898,0.0,0.0,0.0,12864.56,0.0,25102.768565,14.045074
2035-02-18,4,371155.985536,176904.899947,194251.085588,0.0,0.0,0.0,12746.7,0.0,25725.744551,14.427415
2035-02-18,5,373467.047795,173821.353971,199645.693824,0.0,0.0,0.0,12811.15,0.0,26215.734128,14.245912
2035-02-18,6,385947.21046,192337.560807,193609.649653,0.0,0.0,0.0,12686.82,0.0,26485.329807,14.572113
2035-02-18,7,412715.83775,187814.90357,224900.93418,0.0,0.0,0.0,12686.94,0.0,27319.003959,15.10728
2035-02-18,8,430005.058346,196247.206933,233757.851413,0.0,0.0,0.0,12238.2,0.0,27752.026848,15.494546
2035-02-18,9,455810.638453,196212.013918,259598.624535,0.0,0.0,0.0,11348.06,0.0,27852.655849,16.365069
2035-02-18,10,437339.885639,199267.865183,238072.020456,0.0,0.0,0.0,11566.76,0.0,27485.454606,15.911685
2035-02-18,11,433768.701631,183021.846068,250746.855564,0.0,0.0,0.0,10826.0,0.0,27028.768537,16.048408
2035-02-18,12,426287.930015,183021.846068,243266.083948,0.0,0.0,0.0,10812.47,0.0,26727.595601,15.949356
2035-02-18,13,389113.245161,167933.295347,221179.949813,0.0,0.0,0.0,11735.42,0.0,26447.682852,14.712565
2035-02-18,14,394632.574835,165371.709109,229260.865726,0.0,0.0,0.0,11320.06,0.0,26286.685561,15.012641
2035-02-18,15,402915.866691,180467.635335,222448.231356,0.0,0.0,0.0,11160.82,0.0,26176.397266,15.392335
2035-02-18,16,397664.08732,183043.214236,214620.873084,0.0,0.0,0.0,12125.6,0.0,26908.104686,14.778599
2035-02-18,17,474497.179491,217613.760259,256883.419232,0.0,0.0,0.0,10801.79,0.0,27917.625275,16.99633
2035-02-18,18,502312.366801,221842.958433,280469.408367,0.0,0.0,0.0,10062.17,0.0,28239.442679,17.787616
2035-02-18,19,534213.778211,229590.749755,304623.028456,0.0,0.0,0.0,8931.97,0.0,28095.764654,19.014032
2035-02-18,20,505321.969147,249987.642244,255334.326904,0.0,0.0,0.0,10341.56,0.0,27920.283888,18.09874
2035-02-18,21,424498.857233,214063.339889,210435.517344,0.0,0.0,0.0,12807.63,0.0,27679.324633,15.336316
2035-02-18,22,402660.765283,188832.893628,213827.871655,0.0,0.0,0.0,13652.98,0.0,27562.613934,14.608947
2035-02-18,23,391098.80607,186229.871171,204868.934899,0.0,0.0,0.0,13894.48,0.0,27323.704387,14.313535
2035-02-19,0,383994.69295,185678.631302,198316.061647,0.0,0.0,0.0,13707.48,0.0,26900.636763,14.274558
2035-02-19,1,378928.941038,177746.653941,201182.287097,0.0,0.0,0.0,13427.84,0.0,26557.111998,14.268454
2035-02-19,2,375284.257925,183554.632525,191729.6254,0.0,0.0,0.0,13201.03,0.0,26341.372088,14.246952
2035-02-19,3,372663.381105,184130.555401,188532.825704,0.0,0.0,0.0,13155.32,0.0,26230.828652,14.207076
2035-02-19,4,383897.878382,178319.880676,205577.997706,0.0,0.0,0.0,12890.21,0.0,26355.178969,14.566317
2035-02-19,5,384418.417639,184127.85926,200290.558379,0.0,0.0,0.0,12891.39,0.0,26486.935052,14.513511
2035-02-19,6,421183.137686,199919.927922,221263.209765,0.0,0.0,0.0,12304.93,0.0,27189.696983,15.490542
2035-02-19,7,461105.048233,221057.196528,240047.851705,0.0,0.0,0.0,11476.88,0.0,27753.575436,16.614257
2035-02-19,8,529358.083027,255594.92702,273763.156007,0.0,0.0,0.0,9621.4,0.0,28080.394757,18.851519
2035-02-19,9,552253.615105,235212.294729,317041.320376,0.0,0.0,0.0,8775.96,0.0,28625.287034,19.292509
2035-02-19,10,564360.831926,253505.92548,310854.906446,0.0,0.0,0.0,9767.01,0.0,29569.593519,19.08585
2035-02-19,11,573692.911871,252802.352736,320890.559134,0.0,0.0,0.0,9579.34,0.0,29827.692145,19.233567
2035-02-19,12,561891.737545,248111.638447,313780.099098,0.0,0.0,0.0,10165.68,0.0,30028.751524,18.711792
2035-02-19,13,536894.087851,248111.638447,288782.449404,0.0,0.0,0.0,11377.12,0.0,30290.240986,17.724986
2035-02-19,14,590116.494572,275827.900923,314288.593649,0.0,0.0,0.0,10051.29,0.0,30378.596309,19.425404
2035-02-19,15,645579.935644,304113.554185,341466.381459,0.0,0.0,0.0,8824.02,0.0,30738.004909,21.002662
2035-02-19,16,789287.141818,424700.350934,364586.790884,0.0,0.0,0.0,7522.56,0.0,31499.609963,25.057045
2035-02-19,17,889800.580549,464295.304598,425505.27595,0.0,0.0,0.0,5257.63,0.0,32059.798324,27.754404
2035-02-19,18,949915.229257,507116.864023,442798.365234,0.0,0.0,0.0,3493.35,0.0,31513.295692,30.143316
2035-02-19,19,977467.221106,503567.618979,473899.602127,0.0,0.0,0.0,1569.71,0.0,30832.574491,31.70242
2035-02-19,20,1008421.000821,518804.216983,489616.783838,0.0,0.0,0.0,604.02,0.0,30473.372984,33.091873
2035-02-19,21,998211.66075,518797.988658,479413.672092,0.0,0.0,0.0,537.33,0.0,30243.959266,33.005324
2035-02-19,22,963798.30391,503572.924438,460225.379473,0.0,0.0,0.0,1039.26,0.0,29950.62653,32.179571
2035-02-19,23,941698.500097,478245.753547,463452.74655,0.0,0.0,0.0,611.08,0.0,29299.290987,32.140658
2035-02-20,0,900973.819771,450605.018199,450368.801572,0.0,0.0,0.0,1081.42,0.0,29037.906657,31.027506
2035-02-20,1,875790.701559,431753.124112,444037.577447,0.0,0.0,0.0,1598.23,0.0,29044.887857,30.153007
2035-02-20,2,913271.081936,464633.304009,448637.777927,0.0,0.0,0.0,1384.82,0.0,29158.253243,31.321186
2035-02-20,3,934895.340546,472770.506424,462124.834122,0.0,0.0,0.0,1368.56,0.0,29823.329272,31.347786
2035-02-20,4,998938.567478,526863.931529,472074.635949,0.0,0.0,0.0,1811.2,0.0,30925.711401,32.301232
2035-02-20,5,1017742.374159,528917.479865,488824.894294,0.0,0.0,0.0,1942.74,0.0,32012.83223,31.7917
2035-02-20,6,1015682.528616,527839.22052,487843.308096,0.0,0.0,0.0,2403.67,0.0,32533.072853,31.22
2035-02-20,7,976205.623324,525955.236589,450250.386734,0.0,0.0,0.0,3507.51,0.0,32301.637036,30.221553
2035-02-20,8,875729.484126,447350.074983,428379.409143,0.0,0.0,0.0,4421.57,0.0,31649.390535,27.669711
2035-02-20,9,758735.10817,405253.933728,353481.174442,0.0,0.0,0.0,6445.78,0.0,30321.107067,25.023331
2035-02-20,10,570618.80408,302189.054741,268429.749339,0.0,0.0,0.0,9815.02,0.0,28957.487674,19.705397
2035-02-20,11,504536.559134,237734.037586,266802.521547,0.0,0.0,0.0,9812.54,0.0,27608.812621,18.274475
2035-02-20,12,420010.785202,187012.206365,232998.578838,0.0,0.0,0.0,10602.23,0.0,26319.151206,15.958371
2035-02-20,13,354671.581366,175241.669719,179429.911647,0.0,0.0,0.0,11915.63,0.0,25281.638001,14.028821
2035-02-20,14,333612.446511,140868.519932,192743.926579,0.0,0.0,0.0,11115.33,0.0,24316.402828,13.719646
2035-02-20,15,345890.985744,140858.220282,205032.765461,0.0,0.0,0.0,10233.67,0.0,23934.030533,14.451849
2035-02-20,16,398048.034348,182721.047275,215326.987073,0.0,0.0,0.0,9161.58,0.0,24122.135174,16.50136
2035-02-20,17,508035.690448,230502.463856,277533.226592,0.0,0.0,0.0,6491.66,0.0,24643.372369,20.61551
2035-02-20,18,613677.575985,293914.850432,319762.725554,0.0,0.0,0.0,4521.35,0.0,25386.402982,24.173475
2035-02-20,19,688231.884304,313443.437034,374788.44727,0.0,0.0,0.0,2507.8,0.0,25882.162014,26.590974
2035-02-20,20,702703.507866,313359.645262,389343.862604,0.0,0.0,0.0,2331.96,0.0,26285.193159,26.733816
2035-02-20,21,680035.632874,313359.645262,366675.987612,0.0,0.0,0.0,3401.08,0.0,26576.350412,25.587999
2035-02-20,22,622408.95176,291162.458574,331246.493185,0.0,0.0,0.0,5000.48,0.0,26491.599147,23.494578
2035-02-20,23,616059.581516,314789.005046,301270.57647,0.0,0.0,0.0,5451.58,0.0,26111.328789,23.593575
2035-02-21,0,599239.116485,314761.881165,284477.23532,0.0,0.0,0.0,5806.36,0.0,25825.939274,23.202994
2035-02-21,1,553642.388534,243149.261783,310493.126751,0.0,0.0,0.0,6140.95,0.0,26000.284337,21.293705
2035-02-21,2,575682.61005,247869.779866,327812.830183,0.0,0.0,0.0,5802.87,0.0,26367.58333,21.832968
2035-02-21,3,607043.276717,272221.725587,334821.55113,0.0,0.0,0.074485,5608.6,0.0,26787.594986,22.661358
2035-02-21,4,652253.952316,306503.391607,345750.56071,0.0,0.0,0.0,5343.43,0.0,27465.604949,23.748028
2035-02-21,5,698413.652052,334414.525502,363999.12655,0.0,0.0,0.0,5016.47,0.0,28326.697481,24.655668
2035-02-21,6,727656.011499,335629.950724,392026.060775,0.0,0.0,0.0,4723.56,0.0,29149.835679,24.962611
2035-02-21,7,716701.55302,330755.756068,385945.796952,0.0,0.0,0.0,4500.06,0.0,28654.723256,25.011638
2035-02-21,8,656804.058963,320481.980987,336322.077976,0.0,0.0,0.0,6033.12,0.0,28216.710384,23.277131
2035-02-21,9,552131.586362,259597.459934,292534.126428,0.0,0.0,0.0,7964.31,0.0,27490.921414,20.084143
2035-02-21,10,469663.3614,215075.108691,254588.252709,0.0,0.0,0.0,9721.17,0.0,26820.299663,17.511488
2035-02-21,11,435626.772266,180486.137321,255140.634945,0.0,0.0,0.0,10158.68,0.0,26475.469495,16.453977
2035-02-21,12,395336.949018,185545.785019,209791.163999,0.0,0.0,0.0,11124.07,0.0,25795.112771,15.326041
2035-02-21,13,317467.108883,142540.088583,174927.0203,0.0,0.0,0.0,12957.14,0.0,25236.168442,12.579846
2035-02-21,14,298478.343833,129660.309934,168818.033899,0.0,0.0,0.0,12768.66,0.0,24569.198788,12.148477
2035-02-21,15,287546.161132,116824.175425,170721.985707,0.0,0.0,0.0,12637.56,0.0,24232.539018,11.866118
2035-02-21,16,300811.798146,132763.02513,168048.773015,0.0,0.0,0.0,12560.42,0.0,24568.509925,12.243795
2035-02-21,17,364160.087219,148173.396877,215986.690342,0.0,0.0,0.0,10718.94,0.0,24983.550862,14.575994
2035-02-21,18,422422.156638,186967.059667,235455.096971,0.0,0.0,0.0,9645.38,0.0,25522.39811,16.551037
2035-02-21,19,469887.911441,187437.313797,282450.597644,0.0,0.0,0.0,7862.19,0.0,25577.732529,18.370976
2035-02-21,20,458820.111245,186958.529419,271861.581826,0.0,0.0,0.0,8306.22,0.0,25569.696808,17.943901
2035-02-21,21,431884.572994,189973.824125,241910.748869,0.0,0.0,0.0,9226.16,0.0,25420.090733,16.989891
2035-02-21,22,431305.702143,189931.727293,241373.97485,0.0,0.0,0.0,8865.41,0.0,25150.628617,17.148903
2035-02-21,23,419741.139536,192412.007157,227329.132378,0.0,0.0,0.0,9239.39,0.0,24723.020248,16.977745
2035-02-22,0,386578.787727,184085.441383,202493.346344,0.0,0.0,0.0,9823.48,0.0,24169.364894,15.994578
2035-02-22,1,348680.873077,146259.836203,202421.036875,0.0,0.0,0.0,10368.88,0.0,24118.298985,14.457109
2035-02-22,2,374491.831744,149594.349163,224897.482581,0.0,0.0,0.0,9450.61,0.0,24157.936935,15.501813
2035-02-22,3,392977.73855,153342.582691,239635.155859,0.0,0.0,0.0,8915.92,0.0,24279.241821,16.18575
2035-02-22,4,430912.157871,187912.510016,242999.647855,0.0,0.0,0.0,8455.84,0.0,24680.298104,17.459763
2035-02-22,5,519128.434203,240987.843123,278140.591081,0.0,0.0,0.0,6911.12,0.0,25363.337741,20.46767
2035-02-22,6,596394.229271,263286.280644,333107.948627,0.0,0.0,0.0,5367.33,0.0,26204.980166,22.758812
2035-02-22,7,658727.263423,315413.860955,343313.402469,0.0,0.0,0.0,4254.85,0.0,26414.387339,24.9382
2035-02-22,8,696922.294749,310478.560974,386443.733775,0.0,0.0,0.0,2456.03,0.0,26315.85263,26.482984
2035-02-22,9,696527.676859,310478.560974,386049.115885,0.0,0.0,0.0,2253.14,0.0,26098.738761,26.688174
2035-02-22,10,656300.213189,309682.220865,346617.992324,0.0,0.0,0.0,3460.11,0.0,25846.042203,25.392677
2035-02-22,11,584691.469257,262427.790128,322263.679128,0.0,0.0,0.0,4989.74,0.0,25687.95134,22.761312
2035-02-22,12,517407.743562,232993.108991,284414.63457,0.0,0.0,0.0,6859.65,0.0,25616.167975,20.198483
2035-02-22,13,435835.513344,197201.577045,238633.936299,0.0,0.0,0.0,9215.46,0.0,25469.063317,17.11235
2035-02-22,14,406968.920717,162612.605675,244356.315042,0.0,0.0,0.0,9719.23,0.0,25387.100508,16.03054
2035-02-22,15,399441.264199,159320.189546,240121.074653,0.0,0.0,0.0,9984.98,0.0,25410.735015,15.71939
2035-02-22,16,421953.355288,192977.026975,228976.328312,0.0,0.0,0.0,10164.69,0.0,25802.990288,16.352886
2035-02-22,17,461310.885627,192974.084155,268336.801472,0.0,0.0,0.0,8985.5,0.0,26233.549617,17.584768
2035-02-22,18,474080.806945,202963.288941,271117.518005,0.0,0.0,0.0,8421.07,0.0,25954.421386,18.265898
2035-02-22,19,499147.937609,202874.873459,296273.06415,0.0,0.0,0.0,6908.52,0.0,25423.596825,19.633254
2035-02-22,20,480379.0595,202874.873459,277504.186042,0.0,0.0,0.0,7378.53,0.0,25209.520241,19.055462
2035-02-22,21,434603.244755,192653.169067,241950.075689,0.0,0.0,0.0,8654.46,0.0,24917.93271,17.441384
2035-02-22,22,396681.091807,158064.197696,238616.894111,0.0,0.0,0.0,9100.07,0.0,24438.606514,16.231739
2035-02-22,23,336174.599293,155374.092904,180800.506389,0.0,0.0,0.0,10846.69,0.0,23770.957118,14.142241
2035-02-23,0,306229.707953,155374.092904,150855.615049,0.0,0.0,0.0,11480.65,0.0,23175.245608,13.213655
2035-02-23,1,287518.211653,121321.873727,166196.337926,0.0,0.0,0.0,11808.05,0.0,22991.617272,12.50535
2035-02-23,2,266983.498942,121321.873727,145661.625215,0.0,0.0,0.0,12347.48,0.0,22737.636553,11.74192
2035-02-23,3,277926.007956,123954.491923,153971.516033,0.0,0.0,0.0,11781.13,0.0,22616.836573,12.288456
2035-02-23,4,328003.058892,139863.745889,188139.313003,0.0,0.0,0.0,9940.35,0.0,22663.940557,14.472464
2035-02-23,5,340253.574977,150466.860067,189786.71491,0.0,0.0,0.0,9729.24,0.0,22899.140173,14.858793
2035-02-23,6,403109.34595,174045.113514,229064.232436,0.0,0.0,0.0,7923.97,0.0,23153.156138,17.410557
2035-02-23,7,474907.381581,208554.970083,266352.411499,0.0,0.0,0.0,6075.33,0.0,23485.086308,20.221658
2035-02-23,8,490053.700248,218765.152063,271288.548185,0.0,0.0,0.0,6050.82,0.0,23897.686978,20.506324
2035-02-23,9,499518.945283,205989.3972,293529.548083,0.0,0.0,0.0,5816.15,0.0,24197.746254,20.643201
2035-02-23,10,481696.86534,217120.589427,264576.275913,0.0,0.0,0.0,6952.94,0.0,24268.479513,19.848663
2035-02-23,11,462131.413818,217080.463931,245050.949887,0.0,0.0,0.0,7646.43,0.0,24238.496343,19.06601
2035-02-23,12,399911.185679,161590.765523,238320.420155,0.0,0.0,0.0,8239.7,0.0,23902.046758,16.731253
2035-02-23,13,366792.718775,161590.765523,205201.953252,0.0,0.0,0.0,9232.37,0.0,23645.85558,15.511924
2035-02-23,14,337167.906726,127899.422188,209268.484539,0.0,0.0,0.0,9666.95,0.0,23374.968853,14.424315
2035-02-23,15,337544.27214,131933.074696,205611.197444,0.0,0.0,0.0,9645.85,0.0,23290.021874,14.493085
2035-02-23,16,362490.247635,181866.716972,180623.530663,0.0,0.0,0.0,10260.68,0.0,23580.113302,15.37271
2035-02-23,17,394652.153525,185062.532503,209589.621022,0.0,0.0,0.0,9056.0,0.0,23839.134196,16.554802
2035-02-23,18,357746.014059,157277.710705,200468.303354,0.0,0.0,0.0,10471.4,0.0,24363.446456,14.68372
2035-02-23,19,433017.521918,179209.130635,253808.391283,0.0,0.0,0.0,8169.43,0.0,24442.146229,17.716019
2035-02-23,20,416184.796123,195446.070498,220738.725625,0.0,0.0,0.0,9227.58,0.0,24564.608144,16.942456
2035-02-23,21,371794.481019,203635.098243,168159.382776,0.0,0.0,0.0,11287.9,0.0,24677.988814,15.065834
2035-02-23,22,512244.715004,216261.86531,295982.849694,0.0,0.0,0.0,5772.61,0.0,24495.172935,20.912068
2035-02-23,23,526294.776239,216255.011258,310039.764981,0.0,0.0,0.0,5014.07,0.0,24269.448934,21.685485
2035-02-24,0,541559.236077,226022.587884,315536.648192,0.0,0.0,0.0,4547.53,0.0,24021.44421,22.544824
2035-02-24,1,568310.148936,262906.635665,305403.513271,0.0,0.0,0.0,4455.1,0.0,24261.303821,23.424551
2035-02-24,2,612637.490068,274678.094151,337959.395917,0.0,0.0,0.0,3271.61,0.0,24586.540277,24.917597
2035-02-24,3,633597.540582,274672.784594,358924.755988,0.0,0.0,0.0,3076.77,0.0,25173.228389,25.169499
2035-02-24,4,645641.010045,292734.873844,352906.136201,0.0,0.0,0.0,3722.4,0.0,25847.499665,24.978857
2035-02-24,5,668629.826676,300654.243083,367975.583592,0.0,0.0,0.0,3775.2,0.0,26598.468581,25.137907
2035-02-24,6,668421.490786,300635.991771,367785.499015,0.0,0.0,0.0,4596.86,0.0,27445.856459,24.354186
2035-02-24,7,644142.0613,301790.88454,342351.176759,0.0,0.0,0.0,6201.4,0.0,28096.340331,22.926191
2035-02-24,8,656870.232114,293834.281714,363035.950399,0.0,0.0,0.0,5057.92,0.0,27532.807414,23.857728
2035-02-24,9,641953.561493,297624.612074,344328.949419,0.0,0.0,0.0,4705.46,0.0,26671.597862,24.068808
2035-02-24,10,566355.305834,272726.715131,293628.590703,0.0,0.0,0.0,5742.11,0.0,25375.870307,22.318655
2035-02-24,11,479103.199279,208020.128606,271083.070673,0.0,0.0,0.0,6634.35,0.0,24288.675909,19.725373
2035-02-24,12,383430.947446,178873.646139,204557.301307,0.0,0.0,0.0,8617.27,0.0,23235.534553,16.501921
2035-02-24,13,250359.004196,116104.785746,134254.218449,0.0,0.0,0.0,11672.53,0.0,22184.068539,11.285531
2035-02-24,14,233437.87798,86275.20232,147162.675661,0.0,0.0,0.0,11645.21,0.0,21684.013164,10.765437
2035-02-24,15,225501.269337,86275.20232,139226.067017,0.0,0.0,0.0,11849.91,0.0,21576.411343,10.451287
2035-02-24,16,237975.343056,102391.596829,135583.746227,0.0,0.0,0.0,12010.17,0.0,21967.059932,10.833281
2035-02-24,17,307221.109702,140242.401825,166978.707876,0.0,0.0,0.0,10632.5,0.0,22758.557695,13.499147
2035-02-24,18,379077.472087,174824.898451,204252.573636,0.0,0.0,0.0,9521.21,0.0,23916.919391,15.849762
2035-02-24,19,448815.227782,177686.317096,271128.910686,0.0,0.0,0.0,7580.9,0.0,24605.864435,18.240173
2035-02-24,20,466920.963293,193905.12295,273015.840343,0.0,0.0,0.0,7976.71,0.0,25212.268671,18.519593
2035-02-24,21,453720.252415,193897.704777,259822.547638,0.0,0.0,0.0,8758.61,0.0,25571.324831,17.743322
2035-02-24,22,465601.483341,195794.257155,269807.226187,0.0,0.0,0.0,8168.5,0.0,25451.981217,18.29333
2035-02-24,23,482187.606148,197396.638434,284790.967715,0.0,0.0,0.0,7244.21,0.0,25135.900601,19.183224
2035-02-25,0,541491.743006,259906.749957,281584.993049,0.0,0.0,0.0,6237.99,0.0,25038.996286,21.625936
2035-02-25,1,560721.757384,259675.724475,301046.032909,0.0,0.0,0.0,5436.02,0.0,25185.333706,22.263821
2035-02-25,2,573568.757947,259675.724475,313893.033471,0.0,0.0,0.0,5187.04,0.0,25412.281306,22.570534
2035-02-25,3,588926.987035,259675.724475,329251.262559,0.0,0.0,0.0,5073.86,0.0,25866.283583,22.768133
2035-02-25,4,638531.75293,302119.563241,336412.18969,0.0,0.0,0.0,4921.51,0.0,26597.206772,24.007474
2035-02-25,5,710966.614094,348117.38656,362849.227534,0.0,0.0,0.0,4471.59,0.0,27887.195545,25.494375
2035-02-25,6,762326.949376,359939.043742,402387.905634,0.0,0.0,0.0,4010.67,0.0,29167.298776,26.136358
2035-02-25,7,774309.111234,359930.14938,414378.961854,0.0,0.0,0.0,3615.05,0.0,29218.508118,26.500638
2035-02-25,8,716346.548558,359930.14938,356416.399178,0.0,0.0,0.0,4839.5,0.0,28378.40046,25.242668
2035-02-25,9,594858.512574,290542.124627,304316.387947,0.0,0.0,0.0,6833.18,0.0,27319.22179,21.774358
2035-02-25,10,471310.03434,243440.00501,227870.02933,0.0,0.0,0.0,9333.11,0.0,26045.906026,18.09536
2035-02-25,11,389056.273277,180139.344741,208916.928536,0.0,0.0,0.0,9937.56,0.0,24497.464836,15.881491
2035-02-25,12,302986.500834,121147.791786,181838.709048,0.0,0.0,0.0,10902.78,0.0,23385.906428,12.955944
2035-02-25,13,240159.860387,110546.254402,129613.605985,0.0,0.0,0.0,12349.39,0.0,22455.061681,10.695133
2035-02-25,14,219743.327929,84255.542927,135487.785002,0.0,0.0,0.0,12252.32,0.0,21738.175239,10.108637
2035-02-25,15,212587.475137,84255.542927,128331.93221,0.0,0.0,0.0,12221.5,0.0,21428.021144,9.921004
2035-02-25,16,222974.473082,94676.290581,128298.182501,0.0,0.0,0.0,12315.17,0.0,21733.296237,10.259579
2035-02-25,17,293151.679187,132480.894123,160670.785064,0.0,0.0,0.0,10948.47,0.0,22552.015467,12.998913
2035-02-25,18,339271.006209,145660.764933,193610.241276,0.0,0.0,0.0,10082.08,0.0,23444.529992,14.471222
2035-02-25,19,413686.421801,182703.851414,230982.570386,0.0,0.0,0.0,8558.59,0.0,23915.753213,17.297654
2035-02-25,20,400378.840483,182700.93098,217677.909504,0.0,0.0,0.0,9162.17,0.0,24130.777944,16.59204
2035-02-25,21,374863.792519,180139.344741,194724.447778,0.0,0.0,0.0,10271.2,0.0,24216.84861,15.479462
2035-02-25,22,402086.100063,180139.344741,221946.755322,0.0,0.0,0.0,9105.28,0.0,24152.405464,16.64787
2035-02-25,23,382762.735486,180139.344741,202623.390745,0.0,0.0,0.0,9468.43,0.0,23758.73866,16.110398
2035-02-26,0,371740.531268,196382.482379,175358.048889,0.0,0.0,0.0,9929.05,0.0,23307.574353,15.949344
2035-02-26,1,338388.274603,141513.768335,196874.506267,0.0,0.0,0.0,10246.02,0.0,23192.627722,14.590338
2035-02-26,2,336346.581626,138045.444508,198301.137118,0.0,0.0,0.0,10358.01,0.0,23142.970862,14.533423
2035-02-26,3,331033.343536,140678.062704,190355.280831,0.0,0.0,0.0,10548.06,0.0,23159.144223,14.29385
2035-02-26,4,346679.289507,161390.259473,185289.030034,0.0,0.0,0.0,10429.21,0.0,23451.375315,14.782898
2035-02-26,5,409378.188496,190506.073814,218872.114682,0.0,0.0,0.0,9579.39,0.0,24298.676037,16.847757
2035-02-26,6,444153.441997,198973.550958,245179.891039,0.0,0.0,0.0,8434.48,0.0,24768.284362,17.932346
2035-02-26,7,468670.518684,193006.280372,275664.238312,0.0,0.0,0.0,7353.64,0.0,24752.844423,18.934007
2035-02-26,8,482605.329356,192424.479103,290180.850253,0.0,0.0,0.0,6436.11,0.0,24575.13283,19.637954
2035-02-26,9,465835.750394,192424.479103,273411.271291,0.0,0.0,0.0,6625.87,0.0,24154.6551,19.285548
2035-02-26,10,425549.93822,185791.363167,239758.575054,0.0,0.0,0.0,7878.95,0.0,24009.132029,17.724503
2035-02-26,11,395586.638854,151064.038142,244522.600712,0.0,0.0,0.0,7869.47,0.0,23385.81449,16.915667
2035-02-26,12,361511.417139,151064.038142,210447.378996,0.0,0.0,0.0,8741.13,0.0,22982.339744,15.729966
2035-02-26,13,298124.921533,122078.056365,176046.865168,0.0,0.0,0.0,10526.22,0.0,22905.633562,13.015354
2035-02-26,14,319489.914409,122078.056365,197411.858044,0.0,0.0,0.0,9817.76,0.0,23035.81708,13.869268
2035-02-26,15,349889.999375,132113.175698,217776.823677,0.0,0.0,0.0,9299.82,0.0,23391.771446,14.957824
2035-02-26,16,389446.89412,169043.51543,220403.37869,0.0,0.0,0.0,9132.76,0.0,24083.067697,16.170984
2035-02-26,17,432610.31227,169885.532345,262724.779925,0.0,0.0,0.0,7974.33,0.0,24672.373078,17.5342
2035-02-26,18,466183.614381,195267.056198,270916.558183,0.0,0.0,0.0,7066.59,0.0,24542.140186,18.995231
2035-02-26,19,493811.305996,195180.375327,298630.930668,0.0,0.0,0.0,5569.59,0.0,24103.07892,20.487478
2035-02-26,20,476072.625213,195180.375327,280892.249885,0.0,0.0,0.0,5786.73,0.0,23741.604917,20.052251
2035-02-26,21,411092.052971,177898.218752,233193.834219,0.0,0.0,0.0,7318.82,0.0,23159.730541,17.750295
2035-02-26,22,356884.476493,137653.046667,219231.429827,0.0,0.0,0.0,8182.09,0.0,22582.675277,15.803463
2035-02-26,23,349639.225503,149005.747603,200633.4779,0.0,0.0,0.0,7974.74,0.0,21715.708564,16.100751
2035-02-27,0,346402.764599,148281.9963,198120.768298,0.0,0.0,0.0,7474.48,0.0,21120.982122,16.400883
2035-02-27,1,320643.539634,122253.858746,198389.680888,0.0,0.0,0.0,7396.46,0.0,20652.503657,15.52565
2035-02-27,2,337994.774638,122253.858746,215740.915892,0.0,0.0,0.0,6367.58,0.0,20282.405394,16.664432
2035-02-27,3,369281.97135,142120.516739,227161.454611,0.0,0.0,0.0,5477.15,0.0,20184.871503,18.294987
2035-02-27,4,412545.947811,166365.371509,246180.576302,0.0,0.0,0.0,4629.36,0.0,20341.981479,20.280519
2035-02-27,5,453645.02949,203785.279129,249859.750361,0.0,0.0,0.0,4090.44,0.0,20732.284416,21.881092
2035-02-27,6,460775.799612,184157.708828,276618.090784,0.0,0.0,0.0,3763.32,0.0,21357.352904,21.574574
2035-02-27,7,483376.762192,205913.326377,277463.435815,0.0,0.0,0.0,3770.3,0.0,21714.421855,22.260632
2035-02-27,8,536636.441424,223969.217852,312667.223571,0.0,0.0,0.0,2683.9,0.0,22215.610697,24.155827
2035-02-27,9,548404.849326,223960.345284,324444.504042,0.0,0.0,0.0,2753.98,0.0,22754.353451,24.101096
2035-02-27,10,542990.064786,223960.345284,319029.719502,0.0,0.0,0.0,3569.53,0.0,23384.887419,23.2197
2035-02-27,11,540192.226089,223960.345284,316231.880805,0.0,0.0,0.0,4254.01,0.0,23936.147867,22.568052
2035-02-27,12,527935.691513,223960.345284,303975.346229,0.0,0.0,0.0,5204.3,0.0,24482.913627,21.563434
2035-02-27,13,489561.268603,205907.128602,283654.140002,0.0,0.0,0.0,6587.9,0.0,24836.271789,19.711544
2035-02-27,14,492579.479777,201227.999815,291351.479963,0.0,0.0,0.0,6829.2,0.0,25240.642616,19.51533
2035-02-27,15,535148.345856,238297.251049,296851.094807,0.0,0.0,0.0,6818.8,0.0,25951.413203,20.621164
2035-02-27,16,586193.017814,272809.927572,313383.090242,0.0,0.0,0.0,6544.84,0.0,26920.835512,21.774696
2035-02-27,17,640449.784153,296967.124893,343482.65926,0.0,0.0,0.0,6030.45,0.0,27865.881442,22.983295
2035-02-27,18,660956.460325,296941.455407,364015.004918,0.0,0.0,0.0,5487.66,0.0,28162.786963,23.469142
2035-02-27,19,702015.212719,331961.401717,370053.811002,0.0,0.0,0.0,4226.06,0.0,27493.21866,25.534122
2035-02-27,20,727390.804929,332513.453252,394877.351677,0.0,0.0,0.0,2947.43,0.0,27229.224202,26.713607
2035-02-27,21,737607.819113,365171.599267,372436.219847,0.0,0.0,0.0,3416.85,0.0,27168.959707,27.148917
2035-02-27,22,660926.606613,339115.907039,321810.699574,0.0,0.0,0.0,5678.2,0.0,27097.958059,24.390273
2035-02-27,23,601331.584509,281347.79144,319983.793069,0.0,0.0,0.0,5718.28,0.0,26355.376249,22.816278
2035-02-28,0,559953.722836,262440.040575,297513.682261,0.0,0.0,0.0,6144.96,0.0,25735.131524,21.758339
2035-02-28,1,536890.539828,239804.290651,297086.249177,0.0,0.0,0.0,6605.3,0.0,25639.84179,20.939698
2035-02-28,2,554775.334941,240435.227291,314340.107651,0.0,0.0,0.0,6000.01,0.0,25676.520302,21.606329
2035-02-28,3,600074.056392,281287.664851,318786.39154,0.0,0.0,0.0,5538.9,0.0,25809.718852,23.249926
2035-02-28,4,616972.209095,280785.776669,336186.432426,0.0,0.0,0.0,5208.82,0.0,26235.415556,23.516769
2035-02-28,5,648267.748891,315158.910823,333108.838068,0.0,0.0,0.0,5246.38,0.0,26401.346143,24.554345
2035-02-28,6,635710.302301,294531.094129,341179.208171,0.0,0.0,0.0,5414.4,0.0,26804.481735,23.716568
2035-02-28,7,688798.821287,350732.349808,338066.471479,0.0,0.0,0.0,5334.29,0.0,27507.93291,25.040007
2035-02-28,8,817998.220898,438306.496127,379691.72477,0.0,0.0,0.0,3928.97,0.0,28420.884422,28.781589
2035-02-28,9,808260.341689,403937.315791,404323.025898,0.0,0.0,0.0,3875.21,0.0,29037.631265,27.834927
2035-02-28,10,793661.035463,397279.80887,396381.226593,0.0,0.0,0.0,4615.57,0.0,29386.683267,27.007506
2035-02-28,11,806441.053677,397279.80887,409161.244808,0.0,0.0,0.0,4248.79,0.0,29459.947889,27.374151
2035-02-28,12,790995.278173,397279.80887,393715.469304,0.0,0.0,0.0,4840.38,0.0,29518.474723,26.796618
2035-02-28,13,757165.222551,397279.80887,359885.413681,0.0,0.0,0.0,5648.05,0.0,29114.283911,26.006658
2035-02-28,14,664268.179621,306953.646473,357314.533147,0.0,0.0,0.0,6133.44,0.0,28770.303209,23.088675
2035-02-28,15,646094.988031,290038.902715,356056.085317,0.0,0.0,0.0,6490.52,0.0,28770.971084,22.456489
2035-02-28,16,643716.423746,306492.410422,337224.013324,0.0,0.0,0.0,7318.9,0.0,29190.621179,22.052166
2035-02-28,17,767140.786961,396862.146818,370278.640143,0.0,0.0,0.0,6255.55,0.0,29993.033235,25.577299
2035-02-28,18,813631.72685,410420.251703,403211.475147,0.0,0.0,0.0,5462.88,0.0,30708.980568,26.494912
2035-02-28,19,832906.040233,415481.560425,417424.479808,0.0,0.0,0.0,4415.47,0.0,30265.385557,27.520087
2035-02-28,20,836080.866537,415322.652514,420758.214023,0.0,0.0,0.0,4269.65,0.0,30270.241271,27.620555
2035-02-28,21,846426.090799,463625.83483,382800.255969,0.0,0.0,0.0,5311.72,0.0,30171.240396,28.05407
2035-02-28,22,745434.217414,373257.403187,372176.814227,0.0,0.0,0.0,6102.86,0.0,29896.889588,24.933504
2035-02-28,23,734163.95354,356010.899651,378153.053889,0.0,0.0,0.0,5650.81,0.0,29364.717867,25.001567
2035-03-01,0,732533.7443,356010.899651,376522.844648,0.0,0.0,0.0,5934.89,0.0,29553.359159,24.786818
2035-03-01,1,744974.809827,396031.447565,348943.362262,0.0,0.0,0.0,6801.71,0.0,29599.101956,25.168832
2035-03-01,2,771675.368096,396851.919906,374823.44819,0.0,0.0,0.0,5874.58,0.0,29650.157851,26.026012
2035-03-01,3,876337.67096,498035.324626,378302.346334,0.0,0.0,0.0,5334.87,0.0,30129.227518,29.085965
2035-03-01,4,896673.595235,483341.913959,413331.681276,0.0,0.0,0.0,4824.83,0.0,31073.202261,28.856813
2035-03-01,5,985651.340212,548851.333847,436800.006365,0.0,0.0,0.0,4718.8,0.0,32591.377663,30.242703
2035-03-01,6,1035209.201792,548780.221175,486428.980616,0.0,0.0,0.0,4569.01,0.0,34516.650472,29.991589
2035-03-01,7,1036020.02787,549712.644151,486307.383719,0.0,0.0,1.681738,4481.21,0.0,34451.265216,30.072046
2035-03-01,8,998922.467619,549576.561284,449345.906334,0.0,0.0,0.0,4161.47,0.0,32861.087987,30.398338
2035-03-01,9,904669.295817,489771.510968,414897.784849,0.0,0.0,0.0,4947.68,0.0,31669.111062,28.566299
2035-03-01,10,813935.24587,423696.658671,390238.587199,0.0,0.0,0.0,5345.93,0.0,30343.818627,26.823758
2035-03-01,11,740222.877595,388398.600977,351824.276618,0.0,0.0,0.0,6097.04,0.0,29047.222615,25.48343
2035-03-01,12,597321.991191,292487.319995,304834.671196,0.0,0.0,0.0,7164.89,0.0,27583.341574,21.655171
2035-03-01,13,494794.962147,233944.545723,260850.416424,0.0,0.0,0.0,8926.1,0.0,26556.326264,18.631906
2035-03-01,14,473735.539217,204680.158498,269055.380718,0.0,0.0,0.0,8382.98,0.0,25846.903384,18.328522
2035-03-01,15,487692.193845,204652.122341,283040.071505,0.0,0.0,0.0,8049.33,0.0,26048.38546,18.72255
2035-03-01,16,528523.180595,245181.016182,283342.164414,0.0,0.0,0.0,8064.74,0.0,26664.275902,19.821396
2035-03-01,17,643988.868031,316881.036433,327107.831598,0.0,0.0,0.0,6185.8,0.0,27533.52968,23.389259
2035-03-01,18,732494.813682,351822.621913,380672.191769,0.0,0.0,0.0,4321.58,0.0,28355.181758,25.832838
2035-03-01,19,800077.581031,391114.10784,408963.473191,0.0,0.0,0.0,2823.31,0.0,28208.783771,28.362711
2035-03-01,20,813818.102497,392651.217531,421166.884967,0.0,0.0,0.0,2007.04,0.0,28041.348309,29.022075
2035-03-01,21,782022.561569,385860.457437,396162.104133,0.0,0.0,0.0,2657.04,0.0,27756.300683,28.174596
2035-03-01,22,698631.939271,355357.589191,343274.35008,0.0,0.0,0.0,4548.63,0.0,27196.66148,25.688151
2035-03-01,23,665339.407888,334250.222254,331089.185634,0.0,0.0,0.0,4671.96,0.0,26752.906605,24.869799
2035-03-02,0,639711.008913,333442.92782,306268.081092,0.0,0.0,0.0,5262.84,0.0,26402.96484,24.228757
2035-03-02,1,570733.106534,246846.669099,323886.437435,0.0,0.0,0.0,5996.23,0.0,26336.923992,21.670454
2035-03-02,2,558889.610947,246846.669099,312042.941848,0.0,0.0,0.0,6434.33,0.0,26347.486027,21.212256
2035-03-02,3,554802.238836,255269.772735,299532.466101,0.0,0.0,0.0,7355.67,0.0,26752.065181,20.73867
2035-03-02,4,550942.078525,259434.360724,291507.7178,0.0,0.0,0.0,8303.1,0.0,27363.893083,20.133907
2035-03-02,5,604067.887469,294677.086755,309390.800713,0.0,0.0,0.0,8166.55,0.0,28113.357318,21.486864
2035-03-02,6,675256.513902,345589.99492,329666.518983,0.0,0.0,0.0,7162.9,0.0,28966.337495,23.311767
2035-03-02,7,747992.857838,371387.815545,376605.042293,0.0,0.0,0.0,5532.61,0.0,29619.563127,25.253339
2035-03-02,8,779336.719589,371383.578928,407953.14066,0.0,0.0,0.0,4091.51,0.0,29373.362903,26.53209
2035-03-02,9,754224.438202,371383.578928,382840.859274,0.0,0.0,0.0,4149.75,0.0,28547.266303,26.420198
2035-03-02,10,689351.399385,340772.397371,348579.002014,0.0,0.0,0.0,5208.5,0.0,27822.703374,24.776579
2035-03-02,11,621445.475696,277904.743539,343540.732157,0.0,0.0,0.0,5492.27,0.0,27115.364838,22.918573
2035-03-02,12,568435.054937,277438.19793,290996.857006,0.0,0.0,0.0,6788.85,0.0,26460.568504,21.482345
2035-03-02,13,485374.271757,225735.172376,259639.099381,0.0,0.0,0.0,8608.26,0.0,26157.94904,18.555517
2035-03-02,14,466000.163097,200041.606727,265958.55637,0.0,0.0,0.0,8807.71,0.0,26013.176916,17.914004
2035-03-02,15,479909.477441,207969.848534,271939.628907,0.0,0.0,0.0,8791.72,0.0,26303.506439,18.245076
2035-03-02,16,505125.651981,233673.347512,271452.304469,0.0,0.0,0.0,8858.44,0.0,26845.539186,18.816
2035-03-02,17,575142.356914,267538.42768,307603.929235,0.0,0.0,0.0,7646.14,0.0,27665.018222,20.789517
2035-03-02,18,612904.284907,267507.450429,345396.834478,0.0,0.0,0.0,6974.19,0.0,28265.514946,21.683818
2035-03-02,19,612984.779222,267507.450429,345477.328793,0.0,0.0,0.0,6522.37,0.0,28072.498732,21.835775
2035-03-02,20,571383.595233,267507.450429,303876.144804,0.0,0.0,0.0,7673.16,0.0,27732.946254,20.603061
2035-03-02,21,475299.759832,230176.94436,245122.815472,0.0,0.0,0.0,10537.21,0.0,27499.349859,17.284036
2035-03-02,22,436936.983888,230176.94436,206760.039528,0.0,0.0,0.0,11801.6,0.0,27221.896917,16.050938
2035-03-02,23,497289.83616,230176.94436,267112.891799,0.0,0.0,0.0,9294.82,0.0,27135.563355,18.326129
2035-03-03,0,573136.89851,267825.288701,305311.609809,0.0,0.0,0.0,7327.2,0.0,27173.470324,21.091781
2035-03-03,1,599994.900677,259675.724475,340319.176201,0.0,0.0,0.0,5901.78,0.0,27066.717165,22.167258
2035-03-03,2,592632.077141,259675.724475,332956.352665,0.0,0.0,0.0,6158.91,0.0,27079.12115,21.885204
2035-03-03,3,575970.063034,263369.077181,312600.985852,0.0,0.0,0.0,7163.4,0.0,27312.414592,21.088215
2035-03-03,4,536845.862789,245177.462081,291668.400709,0.0,0.0,0.0,8645.57,0.0,27510.343562,19.514328
2035-03-03,5,543659.553337,241885.045952,301774.507386,0.0,0.0,0.0,7946.57,0.0,27192.986517,19.992639
2035-03-03,6,539994.735511,242463.328246,297531.407265,0.0,0.0,0.0,7528.63,0.0,26677.921691,20.241259
2035-03-03,7,579020.523798,258498.855371,320521.668427,0.0,0.0,0.0,6859.03,0.0,27213.880526,21.276661
2035-03-03,8,593799.344717,259347.532521,334451.812195,0.0,0.0,0.0,7022.68,0.0,27988.117222,21.216123
2035-03-03,9,564042.344108,259209.178867,304833.165241,0.0,0.0,0.0,8404.19,0.0,28273.27575,19.949664
2035-03-03,10,469947.060876,226946.082653,243000.978223,0.0,0.0,0.0,10940.81,0.0,27827.760763,16.887707
2035-03-03,11,439209.751652,183150.364621,256059.387031,0.0,0.0,0.0,11298.63,0.0,27710.455571,15.849965
2035-03-03,12,421740.523336,183150.364621,238590.158715,0.0,0.0,0.0,11862.62,0.0,27609.783586,15.275039
2035-03-03,13,365589.014181,161225.142466,204363.871715,0.0,0.0,0.0,13284.37,0.0,27330.317622,13.376684
2035-03-03,14,355357.051135,155823.526546,199533.524589,0.0,0.0,0.0,13527.86,0.0,27262.893977,13.034458
2035-03-03,15,351283.969687,155823.526546,195460.443141,0.0,0.0,0.0,13988.55,0.0,27577.534114,12.738049
2035-03-03,16,394358.548862,186460.990804,207897.558058,0.0,0.0,0.0,13631.26,0.0,28210.155049,13.979312
2035-03-03,17,477801.960366,215912.31379,261889.646576,0.0,0.0,0.0,12044.73,0.0,29242.587292,16.339251
2035-03-03,18,581521.861148,299141.207621,282380.653527,0.0,0.0,0.0,10789.58,0.0,30304.766477,19.189122
2035-03-03,19,663240.825252,300387.823018,362853.002233,0.0,0.0,0.0,7915.39,0.0,30711.60033,21.595775
2035-03-03,20,631290.167154,307783.611076,323506.556078,0.0,0.0,0.0,9530.04,0.0,30921.505819,20.415893
2035-03-03,21,548753.324659,290542.674726,258210.649933,0.0,0.0,0.0,13257.5,0.0,31195.835704,17.590595
2035-03-03,22,497174.987773,253131.113995,244043.873777,0.0,0.0,0.0,14701.54,0.0,31000.141774,16.037829
2035-03-03,23,496980.272743,247327.014294,249653.258449,0.0,0.0,0.0,14720.91,0.0,30898.641695,16.084211
2035-03-04,0,533868.669882,281233.602839,252635.067043,0.0,0.0,0.0,14619.36,0.0,31110.791073,17.160241
2035-03-04,1,535610.397679,290089.793716,245520.603963,0.0,0.0,0.0,14318.08,0.0,31216.529073,17.15791
2035-03-04,2,528792.601663,272657.608153,256134.993509,0.0,0.0,0.0,14116.12,0.0,31512.765658,16.780266
2035-03-04,3,551764.628915,269500.485303,282264.143612,0.0,0.0,0.0,13978.02,0.0,32079.563038,17.19988
2035-03-04,4,651545.999113,363248.846512,288297.152601,0.0,0.0,0.0,13614.66,0.0,33000.499053,19.74352
2035-03-04,5,680004.465206,383247.444469,296757.020737,0.0,0.0,0.0,13934.05,0.0,34164.494148,19.903835
2035-03-04,6,724476.869773,381913.498924,342563.370848,0.0,0.0,0.0,13883.36,0.0,35706.818995,20.289594
2035-03-04,7,767370.141518,406052.224129,361317.917389,0.0,0.0,0.0,13497.11,0.0,36646.001062,20.940079
2035-03-04,8,827252.926758,433660.674862,393592.251896,0.0,0.0,0.0,12097.69,0.0,37184.754565,22.247099
2035-03-04,9,848165.87938,433541.682016,414624.197364,0.0,0.0,0.0,11317.66,0.0,37410.814717,22.671676
2035-03-04,10,865068.377993,471377.839107,393690.538886,0.0,0.0,0.0,11654.36,0.0,37486.722694,23.076661
2035-03-04,11,919915.975219,516950.241114,402965.734105,0.0,0.0,0.0,10624.82,0.0,37086.578964,24.804552
2035-03-04,12,847747.701652,428645.120158,419102.581494,0.0,0.0,0.0,10053.91,0.0,36548.826119,23.194937
2035-03-04,13,797573.136608,424501.150153,373071.986455,0.0,0.0,0.0,11398.72,0.0,36090.089944,22.099505
2035-03-04,14,738955.146424,359907.288482,379047.857942,0.0,0.0,0.0,11507.69,0.0,35624.782948,20.742727
2035-03-04,15,722072.446991,357543.503896,364528.943096,0.0,0.0,0.0,11514.51,0.0,35051.886558,20.600102
2035-03-04,16,795638.84875,435134.580654,360504.268095,0.0,0.0,0.0,11755.07,0.0,35777.78895,22.238346
2035-03-04,17,946037.260257,530228.089648,415809.170609,0.0,0.0,0.0,9750.13,0.0,37079.872892,25.513498
2035-03-04,18,1082418.96698,604299.372217,478119.594763,0.0,0.0,0.0,7959.28,0.0,38614.747512,28.031233
2035-03-04,19,1170838.85178,644251.127756,526587.724024,0.0,0.0,0.0,5961.97,0.0,38751.258277,30.214215
2035-03-04,20,1202269.426578,659112.449452,543156.977126,0.0,0.0,0.0,4845.63,0.0,38525.887656,31.206794
2035-03-04,21,1212312.70861,662463.797373,549848.911237,0.0,0.0,0.0,4229.83,0.0,38141.507872,31.784604
2035-03-04,22,1202151.939914,657208.392104,544943.54781,0.0,0.0,0.0,3593.86,0.0,37315.12501,32.216211
2035-03-04,23,1186064.091928,640555.732305,545508.359623,0.0,0.0,0.0,3391.05,0.0,36879.197044,32.160789
2035-03-05,0,1189221.34592,652913.968672,536307.377248,0.0,0.0,0.0,3370.72,0.0,36625.970685,32.469347
2035-03-05,1,1193654.807065,654196.18988,539458.617185,0.0,0.0,0.0,3488.52,0.0,36803.033976,32.433598
2035-03-05,2,1213025.482501,665841.5426,547183.939901,0.0,0.0,14.463564,3226.46,0.0,37052.494149,32.738025
2035-03-05,3,1236769.071155,673973.076456,562795.994699,0.0,0.0,0.0,3097.63,0.0,37381.567203,33.084998
2035-03-05,4,1321077.646294,757259.746959,563817.899335,0.0,0.0,2.429287,3155.32,0.0,38092.390261,34.680881
2035-03-05,5,1378453.264065,790173.042249,588280.221815,0.0,0.0,9.174411,2642.22,0.0,39117.731283,35.238579
2035-03-05,6,1397013.726664,790095.971411,606917.755253,0.0,0.0,0.0,2364.27,0.0,39541.049843,35.330719
2035-03-05,7,1394493.886445,790095.971411,604397.915034,0.0,0.0,0.0,2376.22,0.0,39520.529182,35.285304
2035-03-05,8,1358771.432261,788211.98748,570559.444781,0.0,0.0,0.0,2599.11,0.0,38563.695435,35.234472
2035-03-05,9,1240575.183518,725338.004566,515237.178952,0.0,0.0,0.0,3529.5,0.0,36804.842947,33.706846
2035-03-05,10,1059194.654227,594162.503324,465032.150903,0.0,0.0,0.0,5081.34,0.0,35245.348508,30.052041
2035-03-05,11,916800.424492,506321.033457,410479.391035,0.0,0.0,0.0,6142.7,0.0,33226.436741,27.592499
2035-03-05,12,737272.39933,379587.866981,357684.532349,0.0,0.0,0.0,7466.67,0.0,31375.074754,23.498666
2035-03-05,13,612017.867225,297590.471405,314427.39582,0.0,0.0,0.0,8835.7,0.0,29837.151456,20.51194
2035-03-05,14,540274.478189,242470.923923,297803.554266,0.0,0.0,0.0,9029.65,0.0,28460.073854,18.983594
2035-03-05,15,511635.517138,213057.231183,298578.285955,0.0,0.0,0.0,9201.06,0.0,28070.424296,18.226854
2035-03-05,16,545114.546602,252414.444016,292700.102585,0.0,0.0,0.0,9518.05,0.0,28681.826727,19.005573
2035-03-05,17,645983.354158,320456.479735,325526.874424,0.0,0.0,0.0,8688.61,0.0,30208.618219,21.384075
2035-03-05,18,760009.288799,381542.701956,378466.586843,0.0,0.0,0.0,7857.26,0.0,32329.607806,23.508151
2035-03-05,19,872566.443262,450562.440469,422004.002793,0.0,0.0,0.0,6781.02,0.0,33622.881001,25.951567
2035-03-05,20,954805.250268,498735.123932,456070.126335,0.0,0.0,0.0,5360.0,0.0,34051.087934,28.040374
2035-03-05,21,1058190.089835,586622.481141,471567.608693,0.0,0.0,0.0,4176.54,0.0,34131.361987,31.003453
2035-03-05,22,1063530.202462,565998.618265,497531.584198,0.0,0.0,0.0,2801.19,0.0,33757.287276,31.505203
2035-03-05,23,1145574.497218,662039.3185,483535.178719,0.0,0.0,0.0,2346.68,0.0,33770.806042,33.922036
2035-03-06,0,1148945.849799,660928.122028,488017.727771,0.0,0.0,0.0,2187.36,0.0,33945.353102,33.846926
2035-03-06,1,1108389.651497,592521.799026,515867.852471,0.0,0.0,0.0,2442.09,0.0,34470.882648,32.154374
2035-03-06,2,1144777.268194,619429.470838,525347.797355,0.0,0.0,0.0,2345.08,0.0,34956.602997,32.748527
2035-03-06,3,1194837.991983,659189.303213,535648.68877,0.0,0.0,0.0,2376.64,0.0,35726.563083,33.443967
2035-03-06,4,1254049.08401,704127.114899,549921.969111,0.0,0.0,0.0,2473.01,0.0,36882.678425,34.001031
2035-03-06,5,1310190.267197,733835.174518,576355.092679,0.0,0.0,0.0,2526.82,0.0,38258.291648,34.245917
2035-03-06,6,1333593.102195,743190.177259,590402.924935,0.0,0.0,0.0,2675.74,0.0,38943.851659,34.243996
2035-03-06,7,1292103.320976,740839.158765,551264.162211,0.0,0.0,0.0,2912.16,0.0,37900.594189,34.091901
2035-03-06,8,1134744.214946,663779.364543,470964.850404,0.0,0.0,0.0,3667.61,0.0,34875.537551,32.536967
2035-03-06,9,863863.109858,477874.282765,385988.827093,0.0,0.0,0.0,5556.44,0.0,31844.829251,27.127265
2035-03-06,10,637178.050988,337828.183693,299349.867295,0.0,0.0,0.0,8337.12,0.0,29415.011194,21.661663
2035-03-06,11,468030.019131,223794.014851,244236.00428,0.0,0.0,0.0,10275.98,0.0,27371.634087,17.099089
2035-03-06,12,367531.747226,164309.373049,203222.374176,0.0,0.0,0.0,11362.47,0.0,25591.557858,14.361445
2035-03-06,13,287858.071553,140858.220282,146999.85127,0.0,0.0,0.0,13009.53,0.0,24460.606532,11.768231
2035-03-06,14,254233.822192,100394.345756,153839.476436,0.0,0.0,0.0,12829.9,0.0,23553.630031,10.793828
2035-03-06,15,260292.50854,107430.713385,152861.795155,0.0,0.0,0.0,12509.47,0.0,23302.021525,11.170383
2035-03-06,16,284854.739598,122730.386444,162124.353154,0.0,0.0,0.0,12273.59,0.0,23740.655314,11.998605
2035-03-06,17,364237.304828,165553.432563,198683.872264,0.0,0.0,0.0,10782.68,0.0,24625.854926,14.790849
2035-03-06,18,452609.293189,215375.797694,237233.495495,0.0,0.0,0.0,9560.37,0.0,25979.356098,17.421883
2035-03-06,19,520049.036835,215140.351933,304908.684901,0.0,0.0,0.0,7622.62,0.0,26740.272608,19.448158
2035-03-06,20,507521.552715,237071.771864,270449.780851,0.0,0.0,0.0,8859.43,0.0,27001.380408,18.796134
2035-03-06,21,434994.033959,212513.522453,222480.511506,0.0,0.0,0.0,11131.18,0.0,26875.525479,16.185508
2035-03-06,22,380603.743128,170409.499203,210194.243925,0.0,0.0,0.0,11759.77,0.0,25996.796985,14.640409
2035-03-06,23,409100.199511,273460.412938,135639.786573,0.0,0.0,0.0,12164.81,0.0,25274.073208,16.186556
2035-03-07,0,398185.230967,269598.161626,128587.069342,0.0,0.0,0.0,12082.24,0.0,24805.267401,16.052447
2035-03-07,1,339829.999502,149512.235028,190317.764473,0.0,0.0,0.0,11876.64,0.0,24637.309521,13.793308
2035-03-07,2,339934.658981,149347.3869,190587.272081,0.0,0.0,0.0,11617.0,0.0,24514.413529,13.866726
2035-03-07,3,346892.013322,148211.661603,198680.351719,0.0,0.0,0.0,11396.25,0.0,24577.413417,14.11426
2035-03-07,4,383926.33103,170113.485794,213812.845236,0.0,0.0,0.0,10743.68,0.0,24905.832105,15.415118
2035-03-07,5,395353.173728,181902.167719,213451.006009,0.0,0.0,0.0,10979.26,0.0,25661.68157,15.406363
2035-03-07,6,427008.181479,177796.032529,249212.14895,0.0,0.0,0.0,10785.16,0.0,26748.275684,15.963952
2035-03-07,7,426363.639578,177796.032529,248567.60705,0.0,0.0,0.0,10382.63,0.0,26349.898675,16.180846
2035-03-07,8,424938.731105,177796.032529,247142.698576,0.0,0.0,0.0,9656.35,0.0,25607.651439,16.594209
2035-03-07,9,405408.29076,177796.032529,227612.258232,0.0,0.0,0.0,9441.1,0.0,24664.473193,16.436933
2035-03-07,10,342736.137037,140729.701729,202006.435308,0.0,0.0,0.0,10086.95,0.0,23714.502228,14.452597
2035-03-07,11,315144.915164,129952.361964,185192.553201,0.0,0.0,0.0,10295.3,0.0,22929.22318,13.744247
2035-03-07,12,278220.576087,105424.117352,172796.458735,0.0,0.0,0.0,10773.22,0.0,22471.338233,12.381131
2035-03-07,13,240449.046162,100512.087929,139936.958232,0.0,0.0,0.0,12078.41,0.0,22318.35259,10.773602
2035-03-07,14,243558.608924,100512.087929,143046.520995,0.0,0.0,0.0,12102.69,0.0,22476.333889,10.836225
2035-03-07,15,261613.170987,111514.108435,150099.062553,0.0,0.0,0.0,12057.51,0.0,22958.897614,11.394849
2035-03-07,16,278445.555488,118728.849738,159716.705751,0.0,0.0,0.0,12391.62,0.0,23694.816831,11.751328
2035-03-07,17,345894.528944,146433.855927,199460.673017,0.0,0.0,0.0,10842.88,0.0,24446.142338,14.149248
2035-03-07,18,414613.526963,182844.026077,231769.500886,0.0,0.0,0.0,9618.56,0.0,25267.007991,16.409285
2035-03-07,19,461586.84173,182566.646736,279020.194994,0.0,0.0,0.340219,7769.05,0.0,25265.082018,18.269754
2035-03-07,20,424283.052669,190494.888544,233788.164125,0.0,0.0,0.0,9018.8,0.0,24917.722897,17.027361
2035-03-07,21,329265.104751,154624.780143,174640.324608,0.0,0.0,0.0,11393.67,0.0,24117.316024,13.652643
2035-03-07,22,272808.636221,121842.814681,150965.82154,0.0,0.0,0.0,12170.73,0.0,22874.686507,11.926224
2035-03-07,23,261985.099915,158912.065916,103073.034,0.0,0.0,0.0,12431.87,0.0,21714.723782,12.06486
2035-03-08,0,227118.038242,136983.923326,90134.114916,0.0,0.0,0.0,12466.28,0.0,20847.301652,10.894361
2035-03-08,1,191700.79484,74328.823164,117371.971676,0.0,0.0,0.0,12252.67,0.0,20375.861668,9.40823
2035-03-08,2,186263.050565,77091.250132,109171.800433,0.0,0.0,0.0,12100.65,0.0,20097.723411,9.267868
2035-03-08,3,188267.306865,80141.504121,108125.802744,0.0,0.0,0.0,11918.14,0.0,20040.395729,9.394391
2035-03-08,4,220100.605414,102062.624401,118037.981013,0.0,0.0,0.0,11404.57,0.0,20294.476065,10.845346
2035-03-08,5,248505.222507,120235.006836,128270.215672,0.0,0.0,0.0,11422.04,0.0,21275.167541,11.68053
2035-03-08,6,317852.673759,147386.524561,170466.149197,0.0,0.0,0.0,10812.53,0.0,22992.864715,13.82397
2035-03-08,7,356798.430268,150857.843304,205940.586965,0.0,0.0,0.0,9873.24,0.0,23485.410317,15.192344
2035-03-08,8,372525.304441,145965.814917,226559.489524,0.0,0.0,0.0,8720.54,0.0,23395.961201,15.922633
2035-03-08,9,391261.830858,155857.300259,235404.530599,0.0,0.0,0.0,8263.48,0.0,23487.190002,16.65852
2035-03-08,10,388836.858881,159706.887604,229129.971276,0.0,0.0,0.0,8472.51,0.0,23585.250455,16.486442
2035-03-08,11,371542.293553,137346.158733,234196.13482,0.0,0.0,0.230175,9088.37,0.0,24043.818341,15.452716
2035-03-08,12,353427.488025,138790.624963,214636.863062,0.0,0.0,0.0,9931.58,0.0,24165.26458,14.625434
2035-03-08,13,329498.416962,122579.767848,206918.649114,0.0,0.0,0.0,11286.68,0.0,24839.767422,13.264956
2035-03-08,14,337210.019005,125080.771485,212129.247521,0.0,0.0,0.0,11678.38,0.0,25475.065238,13.236866
2035-03-08,15,349295.363319,133810.610293,215484.753027,0.0,0.0,0.0,11958.29,0.0,26013.140404,13.427651
2035-03-08,16,374016.131946,168344.684532,205671.447414,0.0,0.0,0.0,12216.13,0.0,26588.645632,14.066761
2035-03-08,17,422370.52648,180223.721495,242146.804985,0.0,0.0,0.0,10880.32,0.0,26871.19127,15.71834
2035-03-08,18,469629.415354,210571.603783,259057.811572,0.0,0.0,0.0,9988.34,0.0,27052.633039,17.359841
2035-03-08,19,486886.244996,199324.50009,287561.744906,0.0,0.0,0.0,8590.03,0.0,26759.188935,18.195105
2035-03-08,20,435721.827915,194167.240192,241554.587722,0.0,0.0,0.0,9892.53,0.0,26267.008129,16.588179
2035-03-08,21,355858.059078,175629.898265,180228.160814,0.0,0.0,0.0,12418.84,0.0,25714.838908,13.838627
2035-03-08,22,286399.924113,130913.275564,155486.648549,0.0,0.0,0.0,13507.75,0.0,24804.729121,11.546182
2035-03-08,23,251372.048907,112832.525243,138539.523664,0.0,0.0,0.0,13735.28,0.0,23765.349254,10.57725
2035-03-09,0,226011.987842,112832.525243,113179.462599,0.0,0.0,0.0,13737.98,0.0,22735.188003,9.941065
2035-03-09,1,246540.599205,104807.743089,141732.856116,0.0,0.0,0.0,13104.03,0.0,23026.49339,10.706823
2035-03-09,2,211976.405296,104807.743089,107168.662207,0.0,0.0,0.0,13125.36,0.0,21662.810386,9.785268
2035-03-09,3,214405.5499,104807.743089,109597.806811,0.0,0.0,0.0,13012.26,0.0,21596.15894,9.927948
2035-03-09,4,262730.826967,104807.743089,157923.083878,0.0,0.0,0.0,11177.33,0.0,21732.722735,12.089181
2035-03-09,5,212190.571777,104807.743089,107382.828688,0.0,0.0,0.0,13458.06,0.0,21961.192899,9.662069
2035-03-09,6,229001.411276,109157.606735,119843.804541,0.0,0.0,0.0,13294.5,0.0,22439.153167,10.205439
2035-03-09,7,278669.064576,114073.08131,164595.983266,0.0,0.0,0.0,11618.85,0.0,22736.857862,12.25627
2035-03-09,8,304172.032024,130000.192445,174171.839579,0.0,0.0,0.0,11411.6,0.0,23484.154296,12.952224
2035-03-09,9,331820.625445,143235.924819,188584.700626,0.0,0.0,0.0,11036.71,0.0,24148.396368,13.740897
2035-03-09,10,343261.696786,143201.532495,200060.164292,0.0,0.0,0.0,11154.89,0.0,24767.982941,13.85909
2035-03-09,11,348275.732356,143201.532495,205074.199861,0.0,0.0,0.0,11349.48,0.0,25153.630201,13.845943
2035-03-09,12,329028.418154,121276.310339,207752.107814,0.0,0.0,0.0,11897.59,0.0,25404.704531,12.951476
2035-03-09,13,311194.911098,121276.310339,189918.600759,0.0,0.0,0.0,13001.72,0.0,25825.534938,12.049892
2035-03-09,14,350311.28608,160092.494272,190218.791807,0.0,0.0,0.0,12598.28,0.0,26256.993769,13.341637
2035-03-09,15,397670.397158,181438.477347,216231.91981,0.0,0.0,0.0,11946.31,0.0,27007.731755,14.724317
2035-03-09,16,422260.596415,181432.279572,240828.316843,0.0,0.0,0.0,11492.57,0.0,27526.555555,15.340117
2035-03-09,17,499847.432484,228394.724436,271452.708048,0.0,0.0,0.0,9423.46,0.0,27407.944097,18.237319
2035-03-09,18,591672.489329,277733.692068,313938.797262,0.0,0.0,0.0,6611.91,0.0,27129.076287,21.809533
2035-03-09,19,655669.600842,295782.303671,359887.297171,0.0,0.0,0.0,4001.91,0.0,26641.485972,24.610849
2035-03-09,20,658394.17339,295773.431103,362620.742287,0.0,0.0,0.0,2599.03,0.0,25394.307415,25.926841
2035-03-09,21,642477.958345,295773.431103,346704.527242,0.0,0.0,0.0,2386.61,0.0,24594.458077,26.122875
2035-03-09,22,599400.613488,264754.719831,334645.893657,0.0,0.0,0.0,2745.07,0.0,23954.085198,25.022897
2035-03-09,23,592639.385849,260064.005542,332575.380306,0.0,0.0,0.0,2514.1,0.0,23550.57939,25.164535
2035-03-10,0,577223.794287,260064.005542,317159.788745,0.0,0.0,0.0,2666.11,0.0,23132.625395,24.952801
2035-03-10,1,544864.666968,241411.813491,303452.853477,0.0,0.0,0.0,3239.6,0.0,22773.10791,23.925793
2035-03-10,2,513865.630745,204243.413942,309622.216803,0.0,0.0,0.0,3421.65,0.0,22534.326558,22.803683
2035-03-10,3,506510.112778,204243.413942,302266.698836,0.0,0.0,0.0,3720.01,0.0,22572.023759,22.43973
2035-03-10,4,504728.582165,206064.340833,298664.241331,0.0,0.0,0.0,4098.43,0.0,22790.164144,22.146773
2035-03-10,5,517789.549433,206014.317809,311775.231623,0.0,0.0,0.0,3671.97,0.0,22774.059865,22.735935
2035-03-10,6,509626.215025,206014.317809,303611.897216,0.0,0.0,0.0,3439.31,0.0,22263.343628,22.890821
2035-03-10,7,524117.251152,224354.674874,299762.576278,0.0,0.0,0.0,3466.0,0.0,22400.852081,23.397202
2035-03-10,8,561316.150801,242196.110456,319120.040345,0.0,0.0,0.0,3169.33,0.0,23152.777273,24.244009
2035-03-10,9,537224.801488,240303.253957,296921.547532,0.0,0.0,0.0,4379.53,0.0,23583.580028,22.779612
2035-03-10,10,434066.413227,197459.656321,236606.756906,0.0,0.0,0.0,6859.56,0.0,23149.677499,18.75043
2035-03-10,11,341951.257678,140945.462795,201005.794883,0.0,0.0,0.0,9117.37,0.0,22896.810441,14.934449
2035-03-10,12,292122.793977,112812.369618,179310.424359,0.0,0.0,0.0,10641.2,0.0,22915.477366,12.747838
2035-03-10,13,256633.977212,102210.832234,154423.144979,0.0,0.0,0.0,12124.44,0.0,23059.959455,11.128986
2035-03-10,14,257384.26312,102210.832234,155173.430886,0.0,0.0,0.0,12227.61,0.0,23197.394292,11.095395
2035-03-10,15,274451.344825,107720.892774,166730.452051,0.0,0.0,0.0,12222.56,0.0,23739.881225,11.560772
2035-03-10,16,291157.650254,121176.920155,169980.730099,0.0,0.0,0.0,12550.53,0.0,24534.001291,11.867516
2035-03-10,17,361386.327307,155739.705977,205646.62133,0.0,0.0,0.0,11180.38,0.0,25268.010641,14.302128
2035-03-10,18,431194.129573,184483.278488,246710.851084,0.0,0.0,0.0,10082.63,0.0,26226.72201,16.441023
2035-03-10,19,475880.384246,197017.076732,278863.307514,0.0,0.0,0.0,8725.2,0.0,26472.447791,17.976441
2035-03-10,20,422869.891076,201182.228842,221687.662233,0.0,0.0,0.0,9806.96,0.0,25486.395478,16.591985
2035-03-10,21,347738.083865,147492.29295,200245.790915,0.0,0.0,0.0,11147.15,0.0,24611.674051,14.128989
2035-03-10,22,352140.063241,147185.847378,204954.215864,0.0,0.0,0.0,9850.79,0.0,23666.262374,14.879412
2035-03-10,23,353266.784802,137629.961803,215636.822999,0.0,0.0,0.0,9052.73,0.0,23071.093111,15.312096
2035-03-11,0,390953.614687,181053.368616,209900.246071,0.0,0.0,0.0,8006.74,0.0,22733.254668,17.197433
2035-03-11,1,404841.568219,180954.40144,223887.166778,0.0,0.0,0.0,7184.28,0.0,22572.904586,17.934846
2035-03-11,2,419780.061945,185700.59962,234079.462325,0.0,0.0,0.0,6451.06,0.0,22328.889885,18.799863
2035-03-11,3,428315.62434,184724.695701,243590.928639,0.0,0.0,0.0,6127.61,0.0,22387.242634,19.132129
2035-03-11,4,458878.556066,205954.783163,252923.772904,0.0,0.0,0.0,5821.96,0.0,22825.784035,20.103518
2035-03-11,5,532258.534891,242976.379837,289282.155054,0.0,0.0,0.0,4510.3,0.0,23487.212586,22.661631
2035-03-11,6,596156.412739,277489.05636,318667.35638,0.0,0.0,0.0,3389.91,0.0,24096.51445,24.740359
2035-03-11,7,635898.931639,277474.874235,358424.057405,0.0,0.0,0.0,2549.55,0.0,24780.305427,25.661465
2035-03-11,8,621792.939166,277474.874235,344318.064931,0.0,0.0,0.0,3633.99,0.0,25388.738493,24.490895
2035-03-11,9,569150.035444,259421.657553,309728.377891,0.0,0.0,0.0,5750.41,0.0,25926.850618,21.952147
2035-03-11,10,476275.647348,222355.326753,253920.320596,0.0,0.0,0.0,8582.51,0.0,26029.876041,18.297269
2035-03-11,11,467680.299766,197459.656321,270220.643445,0.0,0.0,0.0,8474.69,0.0,26018.349054,17.975018
2035-03-11,12,428140.083918,175534.434166,252605.649752,0.0,0.0,0.0,9385.62,0.0,25898.395702,16.531529
2035-03-11,13,379651.684892,162799.473546,216852.211346,0.0,0.0,0.0,10670.19,0.0,25541.163533,14.864307
2035-03-11,14,316361.920643,128210.502175,188151.418468,0.0,0.0,0.0,12339.1,0.0,25299.292612,12.504773
2035-03-11,15,298225.738567,124158.811666,174066.926901,0.0,0.0,0.0,13016.14,0.0,25338.052504,11.769876
2035-03-11,16,303080.823998,124158.811666,178922.012332,0.0,0.0,0.0,13187.84,0.0,25649.11241,11.816425
2035-03-11,17,382265.088329,181579.773822,200685.314507,0.0,0.0,0.0,11759.61,0.0,26134.245882,14.62698
2035-03-11,18,429016.12654,194174.094245,234842.032295,0.0,0.0,0.0,10682.52,0.0,26740.327976,16.043787
2035-03-11,19,465768.239841,194167.240192,271600.999649,0.0,0.0,0.0,9138.92,0.0,26625.499463,17.493315
2035-03-11,20,430807.186093,194167.240192,236639.9459,0.0,0.0,0.0,9881.46,0.0,26068.786909,16.525786
2035-03-11,21,374516.952246,181432.279572,193084.672674,0.0,0.0,0.0,11172.28,0.0,25353.258414,14.771946
2035-03-11,22,359772.712445,140469.991484,219302.720961,0.0,0.0,0.0,10439.94,0.0,24585.737681,14.633391
2035-03-11,23,365909.496879,140469.991484,225439.505395,0.0,0.0,0.0,9647.73,0.0,23944.460797,15.281593
2035-03-12,0,364563.604673,143804.504445,220759.100229,0.0,0.0,0.0,8956.07,0.0,23278.753597,15.660787
2035-03-12,1,359027.048143,143762.407613,215264.64053,0.0,0.0,0.0,8619.52,0.0,22763.161273,15.772284
2035-03-12,2,355202.147147,143762.407613,211439.739534,0.0,0.0,0.0,8458.88,0.0,22480.998662,15.800105
2035-03-12,3,353108.730446,143102.60968,210006.120766,0.0,0.0,0.0,8629.16,0.0,22579.960823,15.638146
2035-03-12,4,362027.580645,143073.013941,218954.566704,0.0,0.0,0.0,8727.91,0.0,22864.459698,15.833638
2035-03-12,5,381700.258297,143073.013941,238627.244356,0.0,0.0,0.0,8398.87,0.0,23354.352262,16.34386
2035-03-12,6,409073.563963,177664.928132,231408.635831,0.0,0.0,0.0,8508.75,0.0,24018.971633,17.031269
2035-03-12,7,401848.766779,177661.985312,224186.781467,0.0,0.0,0.0,9414.58,0.0,24690.230532,16.275618
2035-03-12,8,406848.276011,177661.985312,229186.2907,0.0,0.0,0.0,9682.92,0.0,25173.719016,16.161628
2035-03-12,9,381325.212646,177661.985312,203663.227334,0.0,0.0,0.0,10866.43,0.0,25372.993696,15.028783
2035-03-12,10,339780.600588,143073.013941,196707.586647,0.0,0.0,0.0,12100.95,0.0,25559.197445,13.293868
2035-03-12,11,323739.455972,143073.013941,180666.442031,0.0,0.0,0.0,12426.52,0.0,25284.416924,12.803912
2035-03-12,12,290764.866877,121147.791786,169617.075091,0.0,0.0,0.0,12972.86,0.0,25031.879941,11.615782
2035-03-12,13,313988.930528,125893.989965,188094.940563,0.0,0.0,0.0,11809.52,0.0,24666.353641,12.729443
2035-03-12,14,339362.982429,124918.086046,214444.896382,0.0,0.0,0.0,10588.78,0.0,24481.207402,13.862183
2035-03-12,15,386170.589801,179376.65823,206793.931571,0.0,0.0,0.0,9933.63,0.0,24642.525426,15.670902
2035-03-12,16,479806.433469,201234.197589,278572.235879,0.0,0.0,0.0,7184.64,0.0,25048.852479,19.154827
2035-03-12,17,539090.302223,260079.637826,279010.664397,0.0,0.0,0.0,6782.37,0.0,25623.133923,21.039202
2035-03-12,18,624577.477459,290533.425128,334044.052331,0.0,0.0,0.0,4995.75,0.0,26487.112816,23.580429
2035-03-12,19,655469.142195,290499.384718,364969.757478,0.0,0.0,0.0,3861.05,0.0,26563.739684,24.675334
2035-03-12,20,659397.581513,290499.384718,368898.196796,0.0,0.0,0.0,3253.09,0.0,26101.372978,25.262946
2035-03-12,21,641395.712137,290499.384718,350896.327419,0.0,0.0,0.0,3162.56,0.0,25361.666922,25.289967
2035-03-12,22,613439.961285,290499.384718,322940.576568,0.0,0.0,0.0,3516.8,0.0,24683.355411,24.852373
2035-03-12,23,563587.388234,243440.00501,320147.383224,0.0,0.0,0.0,3705.91,0.0,23909.527356,23.571666
2035-03-13,0,507924.317649,242973.459402,264950.858247,0.0,0.0,0.0,5327.93,0.0,23449.987583,21.659897
2035-03-13,1,469451.95818,181884.666019,287567.29216,0.0,0.0,0.0,5538.32,0.0,23210.167979,20.226134
2035-03-13,2,337292.410633,181884.666019,155407.744613,0.0,0.0,0.0,10385.24,0.0,23050.309649,14.63288
2035-03-13,3,314367.155111,138079.395444,176287.759666,0.0,0.0,0.0,10711.89,0.0,23200.446847,13.550047
2035-03-13,4,375942.785044,177781.264875,198161.520169,0.0,0.0,0.0,9663.39,0.0,23647.111649,15.898042
2035-03-13,5,403937.653728,177748.748701,226188.905027,0.0,0.0,0.0,8963.38,0.0,24038.905476,16.803496
2035-03-13,6,405049.509856,200786.321326,204263.188529,0.0,0.0,0.0,9756.04,0.0,24586.404983,16.474532
2035-03-13,7,512672.743837,216932.05137,295740.692467,0.0,0.0,0.0,6809.8,0.0,25196.902785,20.346657
2035-03-13,8,500936.866642,216924.633197,284012.233445,0.0,0.0,0.0,7188.41,0.0,25299.547928,19.80023
2035-03-13,9,445525.760822,205039.675179,240486.085643,0.0,0.0,0.0,8480.57,0.0,24921.722091,17.877005
2035-03-13,10,433276.573759,177165.198306,256111.375452,0.0,0.0,0.0,8062.24,0.0,24395.075694,17.760821
2035-03-13,11,450705.721286,211739.35172,238966.369566,0.0,0.0,0.0,7523.62,0.0,23930.351348,18.834062
2035-03-13,12,472524.856375,203809.95022,268714.906154,0.0,0.0,0.0,6186.03,0.0,23718.12152,19.922524
2035-03-13,13,431913.427423,166743.61942,265169.808003,0.0,0.0,0.0,6855.6,0.0,23634.526897,18.27468
2035-03-13,14,438328.135836,176162.079933,262166.055903,0.0,0.0,0.0,6929.24,0.0,23758.113447,18.449619
2035-03-13,15,456288.538123,176744.399137,279544.138986,0.0,0.0,0.0,6609.0,0.0,24104.649455,18.929482
2035-03-13,16,512275.750986,231878.756578,280396.994408,0.0,0.0,0.0,6226.78,0.0,24586.602153,20.835565
2035-03-13,17,572311.42469,254104.3802,318207.044491,0.0,0.0,0.0,4935.94,0.0,25212.340568,22.699655
2035-03-13,18,638569.820431,291035.808347,347534.012084,0.0,0.0,0.0,3852.77,0.0,25736.950139,24.811402
2035-03-13,19,664239.041586,291032.887912,373206.153674,0.0,0.0,0.0,2932.21,0.0,25989.690849,25.557789
2035-03-13,20,601748.813781,290566.342303,311182.471477,0.0,0.0,0.0,4782.86,0.0,25551.833613,23.550123
2035-03-13,21,463372.541335,220950.767845,242421.773489,0.0,0.0,0.0,7989.04,0.0,24933.346505,18.58445
2035-03-13,22,391423.232796,157016.682583,234406.550213,0.0,0.0,0.0,9147.61,0.0,24317.758917,16.096189
2035-03-13,23,363510.044007,143522.447583,219987.596424,0.0,0.0,0.0,9350.73,0.0,23712.106448,15.330146
2035-03-14,0,362741.852594,164323.916833,198417.935761,0.0,0.0,0.0,9384.87,0.0,23196.454524,15.637814
2035-03-14,1,417639.818356,163692.931166,253946.88719,0.0,0.0,0.0,7220.94,0.0,22963.414287,18.187183
2035-03-14,2,278950.085668,163692.931166,115257.154502,0.0,0.0,0.0,12353.39,0.0,22679.336265,12.299746
2035-03-14,3,287720.709619,126452.209446,161268.500173,0.0,0.0,0.0,11754.43,0.0,22838.221905,12.59821
2035-03-14,4,314997.555098,144986.785222,170010.769876,0.0,0.0,0.0,11628.24,0.0,23405.01411,13.45855
2035-03-14,5,318323.344605,149766.680128,168556.664477,0.0,0.0,0.0,12168.75,0.0,23993.295088,13.267179
2035-03-14,6,339230.284534,161015.033366,178215.251168,0.0,0.0,0.0,12050.0,0.0,24444.920338,13.877332
2035-03-14,7,368137.666423,164059.371423,204078.295,0.0,0.0,0.0,11282.82,0.0,24814.24182,14.835741
2035-03-14,8,392366.88663,169857.050357,222509.836273,0.0,0.0,0.0,10094.31,0.0,24825.539258,15.804969
2035-03-14,9,377867.16213,169209.105091,208658.057039,0.0,0.0,0.0,10114.32,0.0,24348.426118,15.519162
2035-03-14,10,312451.422658,145063.395131,167388.027527,0.0,0.0,0.0,11364.99,0.0,23636.468853,13.21904
2035-03-14,11,266911.382792,111542.228146,155369.154646,0.0,0.0,0.0,12139.04,0.0,22914.882073,11.647949
2035-03-14,12,206951.302969,89617.005991,117334.296978,0.0,0.0,0.0,13359.25,0.0,22266.564776,9.294263
2035-03-14,13,146800.503126,66570.874233,80229.628893,0.0,0.0,0.0,14920.83,0.0,21661.650626,6.776977
2035-03-14,14,155221.446607,67003.927589,88217.519018,0.0,0.0,0.0,14198.31,0.0,21381.352613,7.259665
2035-03-14,15,206858.705016,90504.723885,116353.981131,0.0,0.0,0.0,12280.43,0.0,21389.937214,9.670842
2035-03-14,16,268695.793075,109901.911776,158793.881299,0.0,0.0,0.0,10255.1,0.0,21614.082101,12.431515
2035-03-14,17,348032.543414,144909.744535,203122.798878,0.0,0.0,0.0,8357.57,0.0,22154.779719,15.70914
2035-03-14,18,444695.916392,201237.14041,243458.775982,0.0,0.0,0.0,6688.9,0.0,23193.858563,19.173003
2035-03-14,19,504715.56754,201227.999815,303487.567725,0.0,0.0,0.0,5397.85,0.0,24140.11466,20.907754
2035-03-14,20,505735.619829,201227.999815,304507.620014,0.0,0.0,0.0,5280.79,0.0,24043.722159,21.033999
2035-03-14,21,469230.925837,201227.999815,268002.926022,0.0,0.0,0.0,6030.11,0.0,23582.468295,19.897448
2035-03-14,22,454198.755427,200208.558959,253990.196468,0.0,0.0,0.0,6219.14,0.0,23022.108643,19.728808
2035-03-14,23,432853.570185,178275.91863,254577.651554,0.0,0.0,0.0,6239.18,0.0,22741.829516,19.033366
2035-03-15,0,432054.618756,188189.974923,243864.643833,0.0,0.0,0.0,6433.14,0.0,22612.490026,19.106901
2035-03-15,1,430862.658932,185152.055679,245710.603253,0.0,0.0,0.0,6692.44,0.0,22859.42794,18.848357
2035-03-15,2,425883.348254,207083.475609,218799.872645,0.0,0.0,0.0,7809.41,0.0,23171.9467,18.379265
2035-03-15,3,394272.79325,177962.074863,216310.718387,0.0,0.0,0.0,9441.0,0.0,23999.066084,16.428672
2035-03-15,4,455781.826777,222959.567905,232822.258872,0.0,0.0,0.0,9913.91,0.0,25609.865962,17.797119
2035-03-15,5,465360.78092,222938.396157,242422.384763,0.0,0.0,0.0,11159.71,0.0,27458.591187,16.94773
2035-03-15,6,472842.296936,225521.350564,247320.946372,0.0,0.0,0.0,12125.98,0.0,28594.633429,16.53605
2035-03-15,7,510691.559899,241438.832101,269252.727798,0.0,0.0,0.0,10823.55,0.0,28735.664191,17.772046
2035-03-15,8,502042.993045,225199.892845,276843.1002,0.0,0.0,0.0,9938.78,0.0,28023.723457,17.914928
2035-03-15,9,464958.47821,219798.276925,245160.201286,0.0,0.0,0.0,10070.89,0.0,26826.760507,17.331891
2035-03-15,10,393302.898665,185209.305554,208093.593111,0.0,0.0,0.0,10998.95,0.0,25554.810904,15.390562
2035-03-15,11,348429.777829,148142.974754,200286.803075,0.0,0.0,0.0,10772.85,0.0,24435.496652,14.259165
2035-03-15,12,304809.094269,126217.752599,178591.34167,0.0,0.0,0.0,11196.28,0.0,23664.275961,12.880559
2035-03-15,13,257964.378724,102794.195298,155170.183426,0.0,0.0,0.0,11876.3,0.0,22816.103284,11.306242
2035-03-15,14,256456.308723,97298.802812,159157.505911,0.0,0.0,0.0,11296.87,0.0,22262.053211,11.519886
2035-03-15,15,275222.583894,107732.631344,167489.95255,0.0,0.0,0.0,10569.02,0.0,22090.901325,12.45864
2035-03-15,16,310761.217336,124511.433115,186249.784221,0.0,0.0,0.0,9647.17,0.0,22340.719326,13.910081
2035-03-15,17,385090.990267,162512.704547,222578.28572,0.0,0.0,0.0,8271.27,0.0,23163.078455,16.625208
2035-03-15,18,494310.561837,227550.024417,266760.53742,0.0,0.0,0.0,6722.21,0.0,24310.639405,20.333096
2035-03-15,19,566854.539699,249633.996124,317220.543575,0.0,0.0,0.0,4964.51,0.0,25065.586598,22.614852
2035-03-15,20,589070.261896,249578.524636,339491.73726,0.0,0.0,0.0,4198.52,0.0,25208.425095,23.367991
2035-03-15,21,595787.338397,265821.662274,329965.676123,0.0,0.0,0.0,4305.35,0.0,25162.048191,23.678014
2035-03-15,22,592772.174414,262389.145549,330383.028865,0.0,0.0,0.0,4241.11,0.0,25039.134821,23.673828
2035-03-15,23,597132.000616,261572.963453,335559.037163,0.0,0.0,0.0,3754.86,0.0,24810.386375,24.067824
2035-03-16,0,605999.957166,263729.20508,342270.752085,0.0,0.0,0.0,3554.66,0.0,24875.319435,24.361494
2035-03-16,1,630504.538898,283637.165422,346867.373475,0.0,0.0,0.0,3429.67,0.0,25251.044646,24.969444
2035-03-16,2,651910.229039,291532.061515,360378.167523,0.0,0.0,0.0,3214.29,0.0,25669.733768,25.396065
2035-03-16,3,687024.416662,319308.900463,367715.516199,0.0,0.0,0.0,3172.32,0.0,26256.010593,26.166367
2035-03-16,4,721703.954987,331860.166133,389843.788854,0.0,0.0,0.0,3169.1,0.0,27178.948196,26.553785
2035-03-16,5,756337.193617,359507.026957,396830.166661,0.0,0.0,0.0,3741.77,0.0,28154.475843,26.863835
2035-03-16,6,758062.3857,359490.344267,398572.041432,0.0,0.0,0.0,4417.23,0.0,29077.441043,26.070464
2035-03-16,7,772808.330472,390607.962216,382200.368256,0.0,0.0,0.0,5122.17,0.0,29400.601923,26.285459
2035-03-16,8,765075.07148,362690.498314,402384.573166,0.0,0.0,0.0,3993.7,0.0,28585.514768,26.764432
2035-03-16,9,696203.998327,342070.320592,354133.677734,0.0,0.0,0.0,4203.36,0.0,27271.417004,25.528706
2035-03-16,10,592228.871598,278117.222224,314111.649373,0.0,0.0,0.0,5169.26,0.0,25829.140233,22.92871
2035-03-16,11,511919.015309,230880.846771,281038.168537,0.0,0.0,0.0,5800.53,0.0,24278.21877,21.085526
2035-03-16,12,427871.987042,185994.481969,241877.505073,0.0,0.0,0.0,6913.88,0.0,23122.627093,18.504471
2035-03-16,13,348714.89556,156083.555736,192631.339824,0.0,0.0,0.0,8410.41,0.0,22202.258463,15.70628
2035-03-16,14,314679.727001,121494.584366,193185.142636,0.0,0.0,0.0,8590.27,0.0,21581.217741,14.581185
2035-03-16,15,320962.791996,127693.458792,193269.333204,0.0,0.0,0.0,8451.26,0.0,21543.633792,14.898266
2035-03-16,16,341013.692881,131799.036339,209214.656542,0.0,0.0,0.0,8176.81,0.0,21867.37484,15.594633
2035-03-16,17,420268.208631,188294.334303,231973.874328,0.0,0.0,4.886491,6854.61,0.0,22508.524083,18.671513
2035-03-16,18,518529.535688,242927.20158,275602.334107,0.0,0.0,0.0,5133.39,0.0,23435.43145,22.12588
2035-03-16,19,612295.545189,278133.077462,334162.467726,0.0,0.0,0.0,3032.26,0.0,24255.362419,25.243719
2035-03-16,20,635071.265571,277980.541683,357090.723888,0.0,0.0,0.0,2116.81,0.0,24305.479884,26.128728
2035-03-16,21,632331.84578,273903.970804,358427.874976,0.0,0.0,0.0,2060.49,0.0,24222.597653,26.105039
2035-03-16,22,642338.218504,276176.870926,366161.347579,0.0,0.0,0.0,1908.76,0.0,24334.956156,26.395701
2035-03-16,23,663885.204135,297072.752592,366812.451543,0.0,0.0,0.0,1677.69,0.0,24408.745485,27.198661
2035-03-17,0,664576.16824,297046.520777,367529.647463,0.0,0.0,0.0,1470.17,0.0,24376.47616,27.263012
2035-03-17,1,678233.727189,301849.46358,376384.263609,0.0,0.0,0.0,1396.65,0.0,24655.622918,27.508278
2035-03-17,2,711915.41651,327581.740275,384333.676235,0.0,0.0,0.0,1075.78,0.0,24928.458037,28.558341
2035-03-17,3,733235.23479,340428.981728,392806.253063,0.0,0.0,0.0,970.65,0.0,25347.842333,28.926929
2035-03-17,4,738766.766707,339567.777975,399198.988731,0.0,0.0,0.0,1120.39,0.0,25733.924895,28.707893
2035-03-17,5,741249.943812,341368.7269,399881.216913,0.0,0.0,0.0,1099.55,0.0,25780.368033,28.752497
2035-03-17,6,755033.235415,347449.959095,407583.27632,0.0,0.0,0.0,1244.79,0.0,26249.758614,28.763435
2035-03-17,7,760557.060742,348967.100543,411589.960199,0.0,0.0,4.429522,1650.3,0.0,26836.299566,28.340609
2035-03-17,8,751847.516628,348352.233298,403495.28333,0.0,0.0,0.0,1148.68,0.0,26162.450653,28.737656
2035-03-17,9,684144.213219,335565.618872,348578.594348,0.0,0.0,0.0,1859.24,0.0,24712.907821,27.683679
2035-03-17,10,572929.360984,267710.233057,305219.127927,0.0,0.0,0.0,2977.57,0.0,23060.269066,24.844869
2035-03-17,11,474012.089344,211401.187045,262610.902299,0.0,0.0,0.0,4442.01,0.0,21927.400935,21.61734
2035-03-17,12,386749.694527,171422.748208,215326.94632,0.0,0.0,0.0,5912.78,0.0,20947.829223,18.462519
2035-03-17,13,301879.143786,117489.29615,184389.847636,0.0,0.0,0.0,7606.12,0.0,20193.055171,14.949652
2035-03-17,14,295851.174824,117489.29615,178361.878674,0.0,0.0,0.0,7475.22,0.0,19828.066662,14.920828
2035-03-17,15,318406.623212,123630.29333,194776.329881,0.0,0.0,0.0,6985.47,0.0,20079.616383,15.857206
2035-03-17,16,373839.069249,145382.654175,228456.415075,0.0,0.0,0.0,6135.57,0.0,20765.07784,18.003259
2035-03-17,17,420397.777931,179968.370591,240429.40734,0.0,0.0,0.0,5414.96,0.0,21333.783135,19.70573
2035-03-17,18,479882.263836,209970.344056,269911.91978,0.0,0.0,0.0,4618.21,0.0,22226.672734,21.590378
2035-03-17,19,540133.433093,227701.17751,312432.255583,0.0,0.0,0.0,3781.69,0.0,23235.972373,23.24557
2035-03-17,20,554834.596963,227692.304941,327142.292021,0.0,0.0,0.0,3261.58,0.0,23366.603553,23.744769
2035-03-17,21,531919.812798,226431.319078,305488.49372,0.0,0.0,0.0,3600.68,0.0,22968.76845,23.158395
2035-03-17,22,509505.209221,204234.13239,305271.07683,0.0,0.0,0.0,3409.48,0.0,22380.840264,22.76524
2035-03-17,23,527262.452324,243637.541468,283624.910855,0.0,0.0,0.0,3460.88,0.0,22216.590777,23.732825
2035-03-18,0,524657.681347,243615.807391,281041.873956,0.0,0.0,0.0,3557.1,0.0,22336.534792,23.488768
2035-03-18,1,515868.875284,221690.585236,294178.290048,0.0,0.0,0.0,3782.98,0.0,22681.961095,22.743575
2035-03-18,2,575414.917232,260075.512874,315339.404358,0.0,0.0,0.0,2924.67,0.0,23182.52813,24.82106
2035-03-18,3,635923.507067,294369.232431,341554.274636,0.0,0.0,0.0,2335.88,0.0,24145.710925,26.336914
2035-03-18,4,730285.597914,360770.491807,369515.106107,0.0,0.0,0.0,1882.7,0.0,25717.863544,28.396045
2035-03-18,5,854426.57788,433834.42426,420592.15362,0.0,0.0,0.0,1224.18,0.0,27791.504727,30.744164
2035-03-18,6,876663.467863,433802.899298,442860.568565,0.0,0.0,0.0,995.44,0.0,28590.600049,30.662647
2035-03-18,7,857813.788617,433802.899298,424010.889319,0.0,0.0,0.0,1273.76,0.0,28196.009773,30.423233
2035-03-18,8,820169.881667,408601.563624,411568.318042,0.0,0.0,0.0,1062.14,0.0,27202.712102,30.150298
2035-03-18,9,724683.717654,368530.930713,356152.786941,0.0,0.0,0.0,2093.7,0.0,25766.82909,28.124676
2035-03-18,10,601111.039934,278117.222224,322993.81771,0.0,0.0,0.0,3393.01,0.0,24380.44158,24.655462
2035-03-18,11,518061.670947,243149.261783,274912.409164,0.0,0.0,0.0,4779.38,0.0,23318.17227,22.217079
2035-03-18,12,438832.480573,188668.841576,250163.638997,0.0,0.0,0.0,6191.3,0.0,22789.96415,19.255514
2035-03-18,13,382180.086412,162975.275927,219204.810485,0.0,0.0,0.0,7285.19,0.0,22269.187518,17.161833
2035-03-18,14,343298.931117,128386.304556,214912.62656,0.0,0.0,0.0,7778.33,0.0,21802.589468,15.745787
2035-03-18,15,338323.383094,128386.304556,209937.078537,0.0,0.0,0.0,8065.34,0.0,21903.200338,15.446299
2035-03-18,16,362495.013108,162978.218748,199516.794361,0.0,0.0,0.0,8378.49,0.0,22526.114351,16.092212
2035-03-18,17,390689.895022,162975.275927,227714.619095,0.0,0.0,0.0,7631.17,0.0,22925.965863,17.041371
2035-03-18,18,454560.263497,206136.783319,248423.480178,0.0,0.0,0.0,6984.41,0.0,23741.907399,19.145903
2035-03-18,19,507626.989584,222536.438691,285090.550894,0.0,0.0,0.0,6292.4,0.0,24839.301252,20.436444
2035-03-18,20,528545.261718,222531.129134,306014.132584,0.0,0.0,0.0,5180.82,0.0,24552.083869,21.527511
2035-03-18,21,508143.541075,222531.129134,285612.411941,0.0,0.0,0.0,5006.58,0.0,23675.978533,21.462409
2035-03-18,22,500067.691484,206082.930983,293984.760501,0.0,0.0,0.0,4281.75,0.0,22916.951236,21.820865
2035-03-18,23,495482.466644,206082.930983,289399.535661,0.0,0.0,0.0,3990.13,0.0,22455.641059,22.064944
2035-03-19,0,493150.534621,206082.930983,287067.603638,0.0,0.0,0.0,3866.69,0.0,22245.929792,22.168124
2035-03-19,1,492769.678432,198068.488446,294701.189986,0.0,0.0,0.0,3852.97,0.0,22272.385735,22.124692
2035-03-19,2,514210.289341,213189.482313,301020.807028,0.0,0.0,0.0,3581.83,0.0,22528.75225,22.824624
2035-03-19,3,549558.525817,233274.921979,316283.603838,0.0,0.0,0.0,3330.13,0.0,23141.287387,23.747967
2035-03-19,4,616494.234716,286440.936955,330053.297762,0.0,0.0,0.0,3090.39,0.0,24269.931151,25.401565
2035-03-19,5,679962.902213,310059.226108,369903.676105,0.0,0.0,0.0,3031.19,0.0,26217.177406,25.935778
2035-03-19,6,701119.647503,313285.189688,387834.457815,0.0,0.0,0.0,2988.64,0.0,26903.028539,26.060993
2035-03-19,7,693097.74687,313017.957204,380079.789666,0.0,0.0,0.0,2921.36,0.0,26587.121487,26.068928
2035-03-19,8,657211.873194,299398.201552,357813.671642,0.0,0.0,0.0,3120.32,0.0,25798.50256,25.474807
2035-03-19,9,581004.836115,274290.485995,306714.350121,0.0,0.0,0.0,4461.81,0.0,24795.993132,23.4314
2035-03-19,10,489540.898141,218872.623191,270668.27495,0.0,0.0,0.0,6029.73,0.0,24034.594221,20.368178
2035-03-19,11,387360.137157,171246.945826,216113.19133,0.0,0.0,0.0,8142.71,0.0,23192.287703,16.70211
2035-03-19,12,292672.143389,123837.896578,168834.246812,0.0,0.0,0.0,10512.19,0.0,22639.353792,12.927584
2035-03-19,13,227382.993639,97005.258257,130377.735382,0.0,0.0,0.0,12599.81,0.0,22285.239988,10.2033
2035-03-19,14,226818.248605,86403.720873,140414.527732,0.0,0.0,0.0,12344.2,0.0,22138.131646,10.245591
2035-03-19,15,247859.401579,94778.142879,153081.2587,0.0,0.0,0.0,12000.9,0.0,22449.816575,11.040598
2035-03-19,16,266168.535414,110677.992746,155490.542667,0.0,0.0,0.0,11846.32,0.0,22939.646922,11.602992
2035-03-19,17,332840.123032,143212.526854,189627.596178,0.0,0.0,0.0,10402.36,0.0,23515.297492,14.154196
2035-03-19,18,397384.777123,177793.446686,219591.330438,0.0,0.0,0.0,9443.86,0.0,24507.913578,16.214549
2035-03-19,19,451378.740963,177790.503865,273588.237098,0.0,0.0,0.0,8061.3,0.0,25183.152005,17.923838
2035-03-19,20,435669.926349,177790.503865,257879.422484,0.0,0.0,0.0,8210.7,0.0,24754.953691,17.599303
2035-03-19,21,423543.271301,178383.385876,245159.885424,0.0,0.0,0.0,7557.0,0.0,23684.90796,17.882412
2035-03-19,22,460020.042131,179607.621581,280412.42055,0.0,0.0,0.0,5391.52,0.0,22832.497176,20.147601
2035-03-19,23,418782.350111,178870.693334,239911.656777,0.0,0.0,0.0,6206.21,0.0,22162.148019,18.896289
2035-03-20,0,377002.386121,164114.438605,212887.947515,0.0,0.0,0.0,7199.29,0.0,21751.766007,17.332036
2035-03-20,1,347646.887741,164096.187293,183550.700448,0.0,0.0,0.0,8405.31,0.0,21768.502918,15.970179
2035-03-20,2,401206.089431,169985.752723,231220.336708,0.0,0.0,0.0,6457.23,0.0,21889.679116,18.328551
2035-03-20,3,479515.777278,211578.910421,267936.866857,0.0,0.0,0.0,4935.8,0.0,22467.85207,21.342306
2035-03-20,4,570962.134224,266533.003855,304429.130369,0.0,0.0,0.0,3720.73,0.0,23613.404323,24.179577
2035-03-20,5,648578.538349,292993.742324,355584.796025,0.0,0.0,0.0,2924.02,0.0,25265.847218,25.670168
2035-03-20,6,685999.007155,310634.515327,375364.491828,0.0,0.0,0.98324,2269.15,0.0,25671.757491,26.721934
2035-03-20,7,692030.19907,310625.642759,381404.556311,0.0,0.0,0.0,1815.23,0.0,25478.566499,27.161269
2035-03-20,8,700632.475417,311256.579399,389375.896018,0.0,0.0,0.0,1193.58,0.0,25122.144728,27.889039
2035-03-20,9,648672.866069,311092.188367,337580.677702,0.0,0.0,0.0,2264.43,0.0,24350.550377,26.638941
2035-03-20,10,554763.392881,250670.306267,304093.086614,0.0,0.0,0.0,3789.14,0.0,23561.735153,23.545099
2035-03-20,11,483910.805588,208446.715569,275464.090018,0.0,0.0,0.0,5027.96,0.0,23021.02765,21.020382
2035-03-20,12,426807.926215,182060.468401,244747.457814,0.0,0.0,0.0,6368.32,0.0,22606.506536,18.879871
2035-03-20,13,379531.965009,160135.246245,219396.718764,0.0,0.0,0.0,7366.35,0.0,22295.430852,17.022859
2035-03-20,14,350691.540196,125546.274875,225145.265322,0.0,0.0,0.0,7772.66,0.0,22107.984587,15.862664
2035-03-20,15,351864.735447,125546.274875,226318.460572,0.0,0.0,5.913064,8066.73,0.0,22438.493695,15.681299
2035-03-20,16,378339.277835,163002.550532,215336.727303,0.0,0.0,0.0,8314.27,0.0,23039.658102,16.421219
2035-03-20,17,466545.477472,201438.840889,265106.636582,0.0,0.0,0.0,6471.82,0.0,23765.011789,19.631611
2035-03-20,18,578095.874379,277686.592818,300409.281561,0.0,0.0,0.0,4791.61,0.0,24688.540545,23.415555
2035-03-20,19,651105.454851,286543.200862,364562.253989,0.0,0.0,0.0,2895.59,0.0,25511.442689,25.522095
2035-03-20,20,660139.11153,286485.36091,373653.750619,0.0,0.0,2.913038,2147.25,0.0,25120.511853,26.278888
2035-03-20,21,622304.182404,286485.36091,335818.821494,0.0,0.0,0.0,2515.16,0.0,24130.951517,25.78863
2035-03-20,22,575858.888158,247137.858713,328721.029445,0.0,0.0,0.0,2669.59,0.0,23286.107469,24.729719
2035-03-20,23,562978.470858,242294.338894,320684.131964,0.0,0.0,0.0,2379.5,0.0,22582.826026,24.929496
2035-03-21,0,551712.128177,225846.140743,325865.987434,0.0,0.0,0.0,2337.18,0.0,22353.67896,24.681044
2035-03-21,1,553979.669588,242089.278382,311890.391206,0.0,0.0,0.0,2684.18,0.0,22448.661002,24.677626
2035-03-21,2,597546.327397,265109.650927,332436.67647,0.0,0.0,0.0,1734.02,0.0,22579.447315,26.46417
2035-03-21,3,643603.776596,294254.860866,349348.91573,0.0,0.0,0.0,1282.33,0.0,23253.935268,27.677198
2035-03-21,4,729603.051418,362299.773913,367303.277504,0.0,0.0,0.0,1012.22,0.0,24658.811475,29.587924
2035-03-21,5,814420.377307,402310.505616,412109.871691,0.0,0.0,0.0,746.93,0.0,26549.912215,30.675069
2035-03-21,6,828440.097395,396721.829824,431718.267572,0.0,0.0,0.0,590.93,0.0,27204.499543,30.452319
2035-03-21,7,811616.962262,396699.004779,414917.957483,0.0,0.0,0.0,562.49,0.0,26617.149161,30.492257
2035-03-21,8,760879.169429,356628.371868,404250.797561,0.0,0.0,0.0,476.03,0.0,25715.409447,29.588452
2035-03-21,9,687373.644858,335752.886784,351620.758074,0.0,0.0,0.0,1685.85,0.0,24671.978371,27.8605
2035-03-21,10,596396.789171,272867.492954,323529.296216,0.0,0.0,0.0,3042.24,0.0,23908.929758,24.944521
2035-03-21,11,523014.72614,231110.447865,291904.278274,0.0,0.0,0.0,4398.4,0.0,23384.909339,22.36548
2035-03-21,12,464144.897728,196178.300558,267966.597171,0.0,0.0,0.0,5707.61,0.0,23131.738222,20.065284
2035-03-21,13,421288.203963,167210.165029,254078.038934,0.0,0.0,0.0,6689.97,0.0,23076.679404,18.256015
2035-03-21,14,417468.011889,167210.165029,250257.846861,0.0,0.0,0.0,6932.89,0.0,23178.614613,18.010913
2035-03-21,15,430072.771371,171908.107458,258164.663913,0.0,0.0,0.0,6996.7,0.0,23606.500682,18.218404
2035-03-21,16,470072.748357,193820.713746,276252.034611,0.0,0.0,0.0,6474.66,0.0,24043.863358,19.550633
2035-03-21,17,508751.435594,217857.837878,290893.597716,0.0,0.0,0.0,5884.92,0.0,24470.245075,20.790615
2035-03-21,18,585764.31042,275574.538405,310189.772015,0.0,0.0,0.0,4966.3,0.0,25221.245695,23.225035
2035-03-21,19,633421.154343,275543.483369,357877.670974,0.0,0.0,0.0,3674.07,0.0,25907.749657,24.4491
2035-03-21,20,626172.370618,275543.483369,350628.887249,0.0,0.0,0.0,3283.78,0.0,25263.02874,24.786116
2035-03-21,21,564651.724741,264754.719831,299897.00491,0.0,0.0,0.0,4139.86,0.0,24061.504895,23.467016
2035-03-21,22,476810.136621,212739.221476,264070.915145,0.0,0.0,0.0,5348.11,0.0,22954.953706,20.771557
2035-03-21,23,449851.650393,182838.038141,267013.612252,0.0,0.0,0.0,5162.06,0.0,22150.433876,20.308932
2035-03-22,0,443360.423842,176651.21951,266709.204332,0.0,0.0,0.0,4957.57,0.0,21888.187384,20.255694
2035-03-22,1,449129.261914,176008.871521,273120.390393,0.0,0.0,0.0,4771.76,0.0,21923.09918,20.486577
2035-03-22,2,482262.653729,210600.785712,271661.868017,0.0,0.0,0.0,4377.2,0.0,22189.84723,21.733482
2035-03-22,3,516138.531154,226840.98053,289297.550625,0.0,0.0,0.0,4192.87,0.0,22890.157831,22.548492
2035-03-22,4,604590.938609,293727.69626,310863.242349,0.0,0.0,0.0,4038.22,0.0,24571.184394,24.60569
2035-03-22,5,708276.458696,340281.061864,367995.396831,0.0,0.0,0.0,3725.08,0.0,27029.473584,26.203857
2035-03-22,6,737805.307475,344423.244852,393382.062623,0.0,0.0,0.0,3456.75,0.0,27847.259343,26.494719
2035-03-22,7,724192.209323,344395.208694,379797.000628,0.0,0.0,0.0,3225.28,0.0,27143.270433,26.680359
2035-03-22,8,663444.916211,307218.396419,356226.519792,0.0,0.0,0.0,3485.05,0.0,26170.110995,25.351246
2035-03-22,9,591471.976558,277153.959146,314318.017412,0.0,0.0,0.0,4702.56,0.0,25353.965943,23.328578
2035-03-22,10,503046.873447,222034.411664,281012.461783,0.0,0.0,0.0,6205.9,0.0,24696.037125,20.369538
2035-03-22,11,391729.487719,188172.124106,203557.363612,0.0,0.0,0.0,9360.75,0.0,24162.465775,16.212314
2035-03-22,12,322776.116157,118436.280658,204339.835499,0.0,0.0,0.0,10679.16,0.0,24019.837307,13.437898
2035-03-22,13,251804.618739,112940.888171,138863.730568,0.0,0.0,0.0,13239.8,0.0,23860.780917,10.553075
2035-03-22,14,259758.458223,102339.350787,157419.107436,0.0,0.0,0.0,12842.42,0.0,23877.220317,10.878924
2035-03-22,15,273759.262296,107849.411328,165909.850969,0.0,0.0,0.0,12610.27,0.0,24080.636824,11.368439
2035-03-22,16,258487.865393,110699.104739,147788.760654,0.0,0.0,0.0,13464.5,0.0,24266.140653,10.652203
2035-03-22,17,310245.365581,129209.348732,181036.016849,0.0,0.0,0.0,11968.48,0.0,24476.466618,12.675251
2035-03-22,18,377839.253806,170871.973422,206967.280384,0.0,0.0,0.0,10830.43,0.0,24998.544327,15.11445
2035-03-22,19,412785.118197,161682.897656,251102.220541,0.0,0.0,0.0,9365.72,0.0,25310.578449,16.308798
2035-03-22,20,369574.117927,161682.897656,207891.220271,0.0,0.0,0.0,10489.35,0.0,24804.193531,14.899663
2035-03-22,21,294675.524487,141942.441746,152733.082742,0.0,0.0,0.0,12948.8,0.0,24187.808535,12.182812
2035-03-22,22,239494.23597,114588.683768,124905.552202,0.0,0.0,0.0,14020.11,0.0,23488.303687,10.196319
2035-03-22,23,217498.98312,97568.81239,119930.170731,0.0,0.0,0.0,13960.48,0.0,22719.237092,9.57334
2035-03-23,0,207274.404413,97568.81239,109705.592023,0.0,0.0,0.0,13812.8,0.0,22184.600045,9.343166
2035-03-23,1,208393.33452,97568.81239,110824.52213,0.0,0.0,0.0,13439.33,0.0,21888.680605,9.520598
2035-03-23,2,223164.479796,99236.737142,123927.742654,0.0,0.0,0.0,12854.37,0.0,21906.949354,10.186926
2035-03-23,3,245865.681367,103566.26059,142299.420777,0.0,0.0,0.0,12237.84,0.0,22184.876262,11.082581
2035-03-23,4,286978.123631,128772.915011,158205.20862,0.0,0.0,0.0,11448.54,0.0,22631.634772,12.680397
2035-03-23,5,312956.231512,141875.917598,171080.313914,0.0,0.0,0.0,11498.21,0.0,23284.645526,13.440455
2035-03-23,6,325922.026799,144924.35069,180997.676109,0.0,0.0,0.0,11336.91,0.0,23749.269062,13.723455
2035-03-23,7,352540.736521,156708.930741,195831.805781,0.0,0.0,0.0,10733.06,0.0,24163.259896,14.589949
2035-03-23,8,369431.576117,161426.229033,208005.347085,0.0,0.0,0.0,10426.2,0.0,24481.668336,15.090131
2035-03-23,9,366023.272744,155594.043931,210429.228812,0.0,0.0,0.0,10770.11,0.0,24629.61823,14.861102
2035-03-23,10,337350.426886,149338.309213,188012.117674,0.0,0.0,0.0,11598.95,0.0,24734.908206,13.638637
2035-03-23,11,341311.266938,152614.179004,188697.087934,0.0,0.0,0.0,11388.78,0.0,24694.754653,13.821205
2035-03-23,12,308611.292649,130161.844019,178449.44863,0.0,0.0,0.0,11947.01,0.0,24509.831885,12.591326
2035-03-23,13,249129.741282,107433.977886,141695.763395,0.0,0.0,0.0,13907.49,0.0,24239.311505,10.277922
2035-03-23,14,244681.483236,100272.948323,144408.534913,0.0,0.0,0.0,13774.78,0.0,24168.7578,10.123875
2035-03-23,15,259198.694245,102937.381905,156261.312339,0.0,0.0,0.0,13498.49,0.0,24397.030773,10.62419
2035-03-23,16,280154.395988,115916.385855,164238.010133,0.0,0.0,0.0,13091.03,0.0,24491.205959,11.438979
2035-03-23,17,353909.398211,160446.268139,193463.130072,0.0,0.0,0.0,10913.96,0.0,24692.328165,14.332767
2035-03-23,18,437882.129926,199239.189732,238642.940194,0.0,0.0,0.0,8545.24,0.0,24748.563116,17.693234
2035-03-23,19,496256.34732,199064.035158,297192.312162,0.0,0.0,0.0,6302.87,0.0,24736.556297,20.061659
2035-03-23,20,494005.95369,199996.458134,294009.495556,0.0,0.0,0.0,6018.93,0.0,24398.870657,20.247083
2035-03-23,21,432460.466504,191752.546756,240707.919749,0.0,0.0,0.0,7466.3,0.0,23864.929292,18.121171
2035-03-23,22,378396.276623,159478.612927,218917.663696,0.0,0.0,0.0,8574.02,0.0,23443.358219,16.140873
2035-03-23,23,342736.291362,124889.641556,217846.649806,0.0,0.0,0.0,8567.09,0.0,22579.641959,15.178996
2035-03-24,0,324158.346769,124889.641556,199268.705212,0.0,0.0,0.0,8609.83,0.0,21940.983522,14.774103
2035-03-24,1,310322.551058,116101.832941,194220.718117,0.0,0.0,0.0,8631.63,0.0,21539.584098,14.407082
2035-03-24,2,307506.752786,116101.832941,191404.919845,0.0,0.0,0.0,8347.21,0.0,21156.514924,14.534849
2035-03-24,3,304234.775407,113261.803259,190972.972148,0.0,0.0,0.0,8223.2,0.0,20932.858244,14.533838
2035-03-24,4,303566.233699,113261.803259,190304.430439,0.0,0.0,0.0,7956.52,0.0,20655.49258,14.696635
2035-03-24,5,296534.304075,113261.803259,183272.500816,0.0,0.0,0.0,7678.98,0.0,20119.03285,14.738994
2035-03-24,6,319432.047184,127553.692633,191878.354551,0.0,0.0,0.0,7136.16,0.0,20192.433737,15.819393
2035-03-24,7,373783.162967,143694.365433,230088.797534,0.0,0.0,0.0,6525.71,0.0,21272.941562,17.570826
2035-03-24,8,374082.663863,143686.94726,230395.716603,0.0,0.0,0.0,7528.28,0.0,22342.643636,16.74299
2035-03-24,9,345926.605462,140394.531131,205532.074331,0.0,0.0,0.0,9083.8,0.0,22856.194413,15.134917
2035-03-24,10,318422.07944,137348.979516,181073.099924,0.0,0.0,0.0,10231.01,0.0,22877.371156,13.918648
2035-03-24,11,304429.167784,113567.573932,190861.593852,0.0,0.0,0.0,10533.02,0.0,23127.007777,13.163362
2035-03-24,12,289517.403289,110717.2446,178800.158689,0.0,0.0,0.0,11383.9,0.0,23462.95039,12.339343
2035-03-24,13,258927.698459,104914.863293,154012.835166,0.0,0.0,0.0,13080.61,0.0,23856.311302,10.853635
2035-03-24,14,280200.003768,118767.589607,161432.414161,0.0,0.0,0.0,12720.15,0.0,24345.16818,11.509471
2035-03-24,15,331919.873759,140688.615676,191231.258083,0.0,0.0,0.0,11937.94,0.0,25060.987893,13.244485
2035-03-24,16,396789.141072,175274.332092,221514.80898,0.0,0.0,0.0,10878.18,0.0,25895.376936,15.322779
2035-03-24,17,449483.322031,186846.136063,262637.185967,0.0,0.0,0.0,9536.45,0.0,26379.438372,17.039154
2035-03-24,18,516492.676308,239787.181198,276705.49511,0.0,0.0,0.0,8367.66,0.0,26616.569335,19.40493
2035-03-24,19,574777.008076,251907.80864,322869.199435,0.0,0.0,0.0,6657.19,0.0,27024.214989,21.268962
2035-03-24,20,594894.606525,260397.225954,334497.380571,0.0,0.0,0.0,5524.07,0.0,26556.360568,22.40121
2035-03-24,21,576603.085934,260217.997662,316385.088272,0.0,0.0,0.0,5090.47,0.0,25520.73155,22.593517
2035-03-24,22,535143.005051,226527.332915,308615.672135,0.0,0.0,0.0,4899.43,0.0,24405.175626,21.927439
2035-03-24,23,510089.203161,227130.233398,282958.969763,0.0,0.0,0.0,4605.46,0.0,23212.253942,21.974997
2035-03-25,0,479845.355245,192376.870996,287468.484249,0.0,0.0,0.0,4371.11,0.0,22372.502131,21.447997
2035-03-25,1,463356.932809,192376.870996,270980.061814,0.0,0.0,0.0,4408.29,0.0,21807.019795,21.248063
2035-03-25,2,499809.87256,210438.960246,289370.912314,0.0,0.0,0.0,3201.93,0.0,21545.715437,23.197646
2035-03-25,3,511983.742351,210430.087678,301553.654673,0.0,0.0,0.0,2880.38,0.0,21720.81825,23.571108
2035-03-25,4,530041.304345,240878.031864,289163.272482,0.0,0.0,0.0,3413.63,0.0,22451.770639,23.607996
2035-03-25,5,581914.788207,249849.90913,332064.879078,0.0,0.0,0.0,3002.34,0.0,23716.134854,24.536662
2035-03-25,6,599224.487018,253579.676813,345644.810205,0.0,0.0,0.0,3127.23,0.0,24429.140089,24.529086
2035-03-25,7,591254.263913,253556.851769,337697.412144,0.0,0.0,0.0,3667.41,0.0,24731.312722,23.907112
2035-03-25,8,559469.610325,243414.676011,316054.934314,0.0,0.0,0.0,4523.31,0.0,24692.940877,22.657067
2035-03-25,9,492226.008811,220682.330541,271543.67827,0.0,0.0,0.0,6816.49,0.0,24905.6636,19.763617
2035-03-25,10,427832.82963,188941.426654,238891.402977,0.0,0.0,0.0,8815.64,0.0,24967.790658,17.13539
2035-03-25,11,402161.955973,161053.061656,241108.894317,0.0,0.0,0.0,9616.45,0.0,25112.624131,16.014334
2035-03-25,12,386438.334801,161024.60104,225413.73376,0.0,0.0,0.0,10452.84,0.0,25355.180684,15.241001
2035-03-25,13,333716.641782,142128.266028,191588.375754,0.0,0.0,0.0,12311.08,0.0,25564.039804,13.054143
2035-03-25,14,329970.700203,129368.973624,200601.726579,0.0,0.0,0.0,12648.61,0.0,25953.17284,12.714079
2035-03-25,15,357920.153883,144464.89985,213455.254033,0.0,0.0,0.0,12519.95,0.0,26583.299745,13.464098
2035-03-25,16,365353.130015,149303.195225,216049.934789,0.0,0.0,0.0,12665.34,0.0,26932.095024,13.565715
2035-03-25,17,420359.799093,187581.33257,232778.466523,0.0,0.0,0.0,11305.01,0.0,27003.976991,15.566589
2035-03-25,18,449256.94948,201452.75308,247804.1964,0.0,0.0,0.0,10182.41,0.0,26880.978661,16.71282
2035-03-25,19,497126.608132,202967.161811,294159.44632,0.0,0.0,0.0,8393.16,0.0,26913.245901,18.471447
2035-03-25,20,480347.476886,202666.687913,277680.788973,0.0,0.0,0.0,8168.11,0.0,26110.844839,18.396474
2035-03-25,21,443810.956454,186163.3838,257647.572654,0.0,0.0,0.0,8062.52,0.0,24869.905425,17.845301
2035-03-25,22,419142.871187,162975.275927,256167.59526,0.0,0.0,0.0,7263.18,0.0,23624.701254,17.741722
2035-03-25,23,409246.393058,167673.218356,241573.174702,0.0,0.0,0.0,7035.73,0.0,22923.004294,17.853087
2035-03-26,0,400570.56004,170063.387703,230507.172338,0.0,0.0,0.0,6614.09,0.0,22162.17148,18.074518
2035-03-26,1,395997.49832,157360.63786,238636.86046,0.0,0.0,0.0,6402.5,0.0,21703.734473,18.245593
2035-03-26,2,386478.840234,157354.440085,229124.400148,0.0,0.0,0.0,6503.22,0.0,21584.027317,17.90578
2035-03-26,3,372574.953282,143244.00414,229330.949142,0.0,0.0,0.0,7094.9,0.0,21852.336426,17.049662
2035-03-26,4,396620.833284,177835.918331,218784.914953,0.0,0.0,0.0,7591.93,0.0,22665.378498,17.498972
2035-03-26,5,466665.620347,196773.664609,269891.955738,0.0,0.0,0.0,6431.68,0.0,23828.322673,19.584493
2035-03-26,6,506873.884233,207969.329486,298904.554747,0.0,0.0,0.0,5607.35,0.0,24281.782146,20.874657
2035-03-26,7,517890.866568,207735.754406,310155.112162,0.0,0.0,0.0,5207.6,0.0,24245.90511,21.359931
2035-03-26,8,508534.586812,207735.754406,300798.832406,0.0,0.0,0.0,5234.01,0.0,24043.419521,21.150676
2035-03-26,9,463533.003493,203591.784401,259941.219092,0.0,0.0,0.0,6407.72,0.0,23690.753511,19.565988
2035-03-26,10,394861.41433,169002.81303,225858.6013,0.0,0.0,0.0,8386.51,0.0,23563.009922,16.757681
2035-03-26,11,332222.389173,143974.83403,188247.555143,0.0,0.0,0.0,9854.92,0.0,23015.225446,14.434896
2035-03-26,12,274965.607857,122049.611875,152915.995982,0.0,0.0,0.0,11282.05,0.0,22707.401814,12.109074
2035-03-26,13,220263.488273,90844.24109,129419.247183,0.0,0.0,0.0,13119.27,0.0,22594.20629,9.748671
2035-03-26,14,214290.45122,79981.807059,134308.644161,0.0,0.0,0.0,13209.56,0.0,22612.308679,9.476717
2035-03-26,15,236197.448731,95067.433635,141130.015097,0.0,0.0,0.0,13204.76,0.0,23144.983331,10.205125
2035-03-26,16,252754.348469,105113.326538,147641.021931,0.0,0.0,0.0,13274.35,0.0,23819.862946,10.611075
2035-03-26,17,311429.41768,140703.711911,170725.705769,0.0,0.0,0.0,11959.15,0.0,24253.006178,12.840858
2035-03-26,18,363386.300547,162851.387002,200534.913545,0.0,0.0,0.0,10756.28,0.0,24713.656465,14.703866
2035-03-26,19,414979.794993,161945.270732,253034.524261,0.0,0.0,0.0,9067.29,0.0,25091.808482,16.538457
2035-03-26,20,374062.261249,161945.270732,212116.990516,0.0,0.0,0.0,9992.59,0.0,24472.620194,15.284929
2035-03-26,21,310967.333265,143757.833576,167209.499689,0.0,0.0,0.0,11285.98,0.0,23521.662589,13.220466
2035-03-26,22,298584.97462,130594.709953,167990.264666,0.0,0.0,0.0,10781.49,0.0,22734.900423,13.133331
2035-03-26,23,275876.952768,108783.787539,167093.165229,0.0,0.0,0.0,10909.98,0.0,22038.357065,12.518036
2035-03-27,0,265343.907823,108783.787539,156560.120284,0.0,0.0,0.0,10945.52,0.0,21667.526911,12.246156
2035-03-27,1,263241.559209,108783.787539,154457.77167,0.0,0.0,0.0,10970.95,0.0,21580.339525,12.198212
2035-03-27,2,289435.703549,124313.8895,165121.814049,0.0,0.0,0.0,10120.73,0.0,21630.507355,13.380902
2035-03-27,3,348061.765351,155560.97313,192500.792222,0.0,0.0,0.0,8622.42,0.0,22099.226383,15.749952
2035-03-27,4,445613.571334,197157.812938,248455.758396,0.0,0.0,0.0,6765.19,0.0,23327.107604,19.102821
2035-03-27,5,492428.023822,205134.957565,287293.066256,0.0,0.0,0.0,6438.24,0.0,24665.101416,19.964565
2035-03-27,6,514996.798023,216059.865689,298936.932334,0.0,0.0,0.0,6049.32,0.0,24910.720927,20.673701
2035-03-27,7,528326.826464,223193.991401,305132.835063,0.0,0.0,0.0,5608.42,0.0,24808.110438,21.296536
2035-03-27,8,438391.169736,214155.146151,224236.023584,0.0,0.0,0.0,8704.07,0.0,24747.356312,17.714667
2035-03-27,9,335492.943717,151303.919524,184189.024193,0.0,0.0,0.0,11517.81,0.0,24564.093286,13.65786
2035-03-27,10,286858.128594,124766.752226,162091.376368,0.0,0.0,0.0,12919.79,0.0,24193.774428,11.856692
2035-03-27,11,270951.745177,116599.686456,154352.058721,0.0,0.0,0.0,13004.26,0.0,23886.086113,11.343497
2035-03-27,12,240970.539983,94653.096133,146317.44385,0.0,0.0,0.0,13579.37,0.0,23784.304996,10.131494
2035-03-27,13,208201.929395,88850.714825,119351.21457,0.0,0.0,0.0,14946.6,0.0,23741.721855,8.769454
2035-03-27,14,209347.912398,83998.692227,125349.220171,0.0,0.0,0.0,14635.94,0.0,23710.593846,8.829299
2035-03-27,15,228360.498143,92367.516957,135992.981186,0.0,0.0,0.0,14323.42,0.0,23975.062079,9.524918
2035-03-27,16,249926.716359,104061.305635,145865.410723,0.0,0.0,0.0,14045.82,0.0,24249.56551,10.306441
2035-03-27,17,302158.418535,130951.415671,171207.002864,0.0,0.0,0.0,12475.28,0.0,24496.619399,12.334699
2035-03-27,18,353569.043325,164081.527711,189487.515614,0.0,0.0,0.0,11177.82,0.0,24616.837977,14.362894
2035-03-27,19,396858.325049,157026.517684,239831.807365,0.0,0.0,0.0,9424.77,0.0,24831.792863,15.981864
2035-03-27,20,357025.640261,156888.16403,200137.476231,0.0,0.0,0.0,10551.62,0.0,24461.03876,14.595686
2035-03-27,21,261239.500787,128217.573496,133021.927292,0.0,0.0,0.0,13186.98,0.0,23470.040916,11.130765
2035-03-27,22,197476.733235,99216.396945,98260.33629,0.0,0.0,0.0,14497.08,0.0,22486.425185,8.782042
2035-03-27,23,184834.924087,90502.09668,94332.827407,3.44685,0.0,0.0,14550.05,0.0,21821.29087,8.470394
2035-03-28,0,177897.943389,93557.947945,84339.995445,0.0,0.0,0.0,14458.47,0.0,21503.893987,8.272825
2035-03-28,1,182977.813133,97321.742526,85656.070607,0.0,0.0,0.0,14143.09,0.0,21415.005206,8.544374
2035-03-28,2,193360.385342,100604.549145,92755.836197,0.0,0.0,0.0,13686.45,0.0,21363.914508,9.050794
2035-03-28,3,218044.229794,104312.311653,113731.918141,0.0,0.0,0.0,13329.5,0.0,21910.675647,9.951506
2035-03-28,4,281434.400189,138559.416569,142874.983619,0.0,0.0,0.0,12745.92,0.0,22919.252199,12.279388
2035-03-28,5,301706.787722,148704.038714,153002.749008,0.0,0.0,0.0,12843.93,0.0,24020.110217,12.560591
2035-03-28,6,319576.890544,151010.893556,168565.996987,0.0,0.0,0.0,12604.43,0.0,24476.645281,13.056401
2035-03-28,7,336222.419086,161605.488955,174616.930131,0.0,0.0,0.0,12018.9,0.0,24469.232589,13.74062
2035-03-28,8,341639.32731,139675.470215,201963.857095,0.0,0.0,0.0,11484.0,0.0,24611.616251,13.881223
2035-03-28,9,338307.22952,139675.470215,198631.759305,0.0,0.0,0.0,11399.3,0.0,24485.052184,13.816888
2035-03-28,10,315011.019118,136835.440533,178175.578585,0.0,0.0,0.0,12067.3,0.0,24314.139986,12.955877
2035-03-28,11,323011.072823,152774.290238,170236.782585,0.0,0.0,0.0,11799.38,0.0,24296.556903,13.29452
2035-03-28,12,301566.108699,115704.739647,185861.369052,0.0,0.0,0.0,12043.35,0.0,24569.160304,12.274172
2035-03-28,13,272621.837789,115704.739647,156917.098142,0.0,0.0,0.0,13403.35,0.0,24800.359328,10.992657
2035-03-28,14,295914.593948,115704.739647,180209.854301,0.0,0.0,0.0,12815.66,0.0,25118.693328,11.780652
2035-03-28,15,336726.907145,137636.159577,199090.747568,0.0,0.0,0.0,12276.87,0.0,25657.004091,13.124171
2035-03-28,16,352999.812475,142845.534406,210154.27807,0.0,0.0,0.0,11966.13,0.0,25948.430022,13.603899
2035-03-28,17,406543.375389,177386.484689,229156.8907,0.0,0.0,0.0,10448.47,0.0,25901.41011,15.695801
2035-03-28,18,434031.7641,187372.746654,246659.017446,0.0,0.0,0.0,9538.79,0.0,25909.432671,16.751882
2035-03-28,19,468286.687483,187284.331172,281002.356311,0.0,0.0,0.0,8718.4,0.0,26387.412466,17.746594
2035-03-28,20,429060.953853,195212.57298,233848.380874,0.0,0.0,0.0,9929.77,0.0,25896.410109,16.568356
2035-03-28,21,329531.624891,178627.383121,150904.24177,0.0,0.0,0.0,12554.89,0.0,24740.745495,13.319389
2035-03-28,22,245169.163607,114878.446543,130290.717064,0.0,0.0,0.0,13829.29,0.0,23435.388835,10.461493
2035-03-28,23,221370.011056,100408.842071,120961.168984,0.0,0.0,0.0,13942.95,0.0,22782.175361,9.716807
2035-03-29,0,206234.376226,100408.842071,105825.534155,0.0,0.0,0.0,13947.51,0.0,22193.875796,9.2924
2035-03-29,1,204826.335305,97568.81239,107257.522916,0.0,0.0,0.0,13734.28,0.0,21944.168253,9.333976
2035-03-29,2,214563.693748,100217.290638,114346.40311,0.0,0.0,0.0,13343.61,0.0,21978.021064,9.762648
2035-03-29,3,241055.914085,113997.528155,127058.38593,0.0,0.0,0.0,12933.16,0.0,22464.116558,10.73071
2035-03-29,4,311741.475534,151002.075421,160739.400113,0.0,0.0,0.0,12276.47,0.0,23742.662052,13.130014
2035-03-29,5,360555.740937,166938.004691,193617.736245,0.0,0.0,0.0,12394.16,0.0,25801.83158,13.974037
2035-03-29,6,382246.026432,166677.709626,215568.316806,0.0,0.0,0.0,12064.2,0.0,26345.99251,14.508697
2035-03-29,7,387097.775718,166656.341457,220441.434261,0.0,0.0,0.0,11300.26,0.0,25798.210243,15.004831
2035-03-29,8,373877.983954,166656.341457,207221.642496,0.0,0.0,0.0,11540.76,0.0,25556.167625,14.629658
2035-03-29,9,351628.718963,142169.533063,209459.1859,0.0,0.0,0.0,11633.94,0.0,25290.271931,13.903714
2035-03-29,10,332735.817857,164100.952994,168634.864864,0.0,0.0,0.0,12291.15,0.0,24716.093418,13.462314
2035-03-29,11,295887.461077,127028.424419,168859.036658,0.0,0.0,0.0,12427.11,0.0,24272.85151,12.190058
2035-03-29,12,251760.940819,99607.809777,152153.131042,0.0,0.0,0.0,13579.23,0.0,24294.580674,10.362844
2035-03-29,13,223169.282394,99607.809777,123561.472617,0.0,0.0,0.0,14897.27,0.0,24459.203097,9.124144
2035-03-29,14,239798.012248,102240.427973,137557.584274,0.0,0.0,0.0,14439.21,0.0,24665.499396,9.722001
2035-03-29,15,287879.492084,121661.739703,166217.752381,0.0,0.0,0.0,13207.34,0.0,25054.891705,11.489952
2035-03-29,16,345473.156253,140532.996078,204940.160175,0.0,0.0,0.0,11667.14,0.0,25408.040608,13.597001
2035-03-29,17,396562.779332,161989.089791,234573.689541,0.0,0.0,1.06984,10389.67,0.0,25655.945309,15.456955
2035-03-29,18,453755.473691,202801.313312,250954.160379,0.0,0.0,0.0,9072.91,0.0,25851.867216,17.552135
2035-03-29,19,500929.578057,202476.812163,298452.765893,0.0,0.0,0.0,7526.34,0.0,26185.251657,19.130218
2035-03-29,20,492693.997736,202476.812163,290217.185573,0.0,0.0,0.0,7348.0,0.0,25729.718816,19.148829
2035-03-29,21,405447.132622,195396.989807,210050.142814,0.0,0.0,0.0,9886.33,0.0,25054.252659,16.182767
2035-03-29,22,292711.104318,143393.929029,149317.175288,0.0,0.0,0.0,12715.71,0.0,24239.386719,12.075846
2035-03-29,23,256255.271155,105405.806352,150849.464803,0.0,0.0,0.0,13291.49,0.0,23321.27612,10.988047
2035-03-30,0,228467.426987,114269.6362,114197.790787,0.0,0.0,0.0,13547.26,0.0,22576.077037,10.11989
2035-03-30,1,218794.533354,102056.426627,116738.106728,0.0,0.0,0.0,13477.34,0.0,22246.59837,9.834966
2035-03-30,2,242985.165229,109628.672867,133356.492363,0.0,0.0,0.0,12405.07,0.0,22077.419182,11.006049
2035-03-30,3,264615.088472,109591.253958,155023.834514,0.0,0.0,0.0,11745.45,0.0,22257.864218,11.888611
2035-03-30,4,315876.506248,182584.734592,133291.771656,0.0,0.0,0.0,11188.25,0.0,22738.745141,13.891554
2035-03-30,5,460645.535535,182495.348989,278150.186546,0.0,0.0,0.0,6156.35,0.0,23457.217409,19.637689
2035-03-30,6,432336.263413,182495.348989,249840.914424,0.0,0.0,0.0,7643.14,0.0,23976.908485,18.03136
2035-03-30,7,398446.71388,176157.381245,222289.332636,0.0,0.0,0.0,9801.27,0.0,24594.312216,16.200767
2035-03-30,8,442596.794381,181845.850706,260750.943675,0.0,0.0,0.0,8291.52,0.0,24883.213663,17.786963
2035-03-30,9,437100.003561,180996.498272,256103.505289,0.0,0.0,0.0,8026.78,0.0,24589.936924,17.775564
2035-03-30,10,460328.352186,180954.40144,279373.950746,0.0,0.0,0.0,6723.8,0.0,24123.103932,19.082468
2035-03-30,11,414264.409527,180954.40144,233310.008086,0.0,0.0,0.0,7790.51,0.0,23525.52251,17.609148
2035-03-30,12,354135.781548,146365.43007,207770.351478,0.0,0.0,0.0,8955.47,0.0,22923.622996,15.448508
2035-03-30,13,319206.534444,124440.207914,194766.32653,0.0,0.0,0.0,9314.79,0.0,22391.142311,14.255929
2035-03-30,14,296230.758067,121147.791786,175082.966281,0.0,0.0,0.0,9683.24,0.0,21959.480996,13.48988
2035-03-30,15,290397.246746,121147.791786,169249.45496,0.0,0.0,0.0,9583.12,0.0,21642.628734,13.417836
2035-03-30,16,319532.992703,121147.791786,198385.200918,0.0,0.0,0.0,8560.7,0.0,21701.619857,14.723924
2035-03-30,17,309229.312156,125698.252144,183531.060012,0.0,0.0,0.0,9385.76,0.0,22066.543033,14.013491
2035-03-30,18,365061.383173,152746.37084,212315.012333,0.0,0.0,0.0,9018.12,0.0,23086.833537,15.812536
2035-03-30,19,397690.754323,152050.339794,245640.414529,0.0,0.0,0.0,8098.98,0.0,23617.748471,16.83864
2035-03-30,20,341247.464042,159978.581601,181268.88244,0.0,0.0,0.0,10392.75,0.0,23510.382171,14.514756
2035-03-30,21,266340.590239,124445.837138,141894.753101,0.0,0.0,0.0,13053.54,0.0,23411.945236,11.376269
2035-03-30,22,284476.176956,121628.727688,162847.449268,0.0,0.0,0.0,12123.76,0.0,23255.732748,12.232518
2035-03-30,23,301416.894914,121609.914046,179806.980868,0.0,0.0,0.0,11406.3,0.0,23121.508807,13.036212
2035-03-31,0,371548.869732,192886.352507,178662.517225,0.0,0.0,0.0,9381.07,0.0,23002.434916,16.152589
2035-03-31,1,422182.40337,197051.371516,225131.031855,0.0,0.0,0.0,7537.31,0.0,23138.798962,18.245649
2035-03-31,2,394778.00546,157627.926425,237150.079034,0.0,0.0,0.0,8048.5,0.0,23288.651001,16.951519
2035-03-31,3,385561.889625,162637.012198,222924.877427,0.0,0.0,0.0,8974.95,0.0,23679.156536,16.282754
2035-03-31,4,365410.090395,159308.733406,206101.356989,0.0,0.0,0.0,9721.96,0.0,23718.057828,15.406409
2035-03-31,5,359553.34574,156705.710949,202847.63479,0.0,0.0,0.0,9854.24,0.0,23665.110708,15.193394
2035-03-31,6,415489.677059,211943.389421,203546.287639,0.0,0.0,0.0,9749.35,0.0,24384.158348,17.039328
2035-03-31,7,465097.791447,211914.860042,253182.931405,0.0,0.0,0.0,9220.19,0.0,25721.62709,18.081974
2035-03-31,8,471173.157954,214547.478238,256625.679716,0.0,0.0,0.0,9195.49,0.0,26067.801644,18.07491
2035-03-31,9,418988.587806,193897.704777,225090.883029,0.0,0.0,0.0,9868.58,0.0,25452.139236,16.461822
2035-03-31,10,322296.461421,143073.013941,179223.44748,0.0,0.0,0.0,11395.9,0.0,24192.296508,13.322276
2035-03-31,11,300091.920066,132471.476557,167620.443509,0.0,0.0,0.0,11018.66,0.0,23018.566581,13.036951
2035-03-31,12,254351.020681,95457.703681,158893.316999,0.0,0.0,0.0,10889.62,0.0,21884.484142,11.622436
2035-03-31,13,207706.354191,90014.651543,117691.702648,0.0,0.0,0.0,11871.29,0.0,21067.480545,9.859098
2035-03-31,14,171771.235173,66544.194298,105227.040876,0.0,0.0,0.0,12692.82,0.0,20571.146171,8.350105
2035-03-31,15,166145.416284,74116.440538,92028.975746,0.0,0.0,0.0,12925.79,0.0,20465.719808,8.11823
2035-03-31,16,171895.838651,71033.470013,100862.368637,0.0,0.0,0.0,13077.21,0.0,20770.760768,8.275857
2035-03-31,17,233363.058649,107756.715406,125606.343243,0.0,0.0,0.0,11693.94,0.0,21494.288072,10.85698
2035-03-31,18,313904.478022,144990.176798,168914.301224,0.0,0.0,0.0,10498.2,0.0,22819.014514,13.756268
2035-03-31,19,408656.338385,191337.007384,217319.331001,0.0,0.0,0.0,8960.43,0.0,24214.905997,16.876231
2035-03-31,20,435269.087725,191327.210511,243941.877215,0.0,0.0,0.0,8290.21,0.0,24684.905887,17.633006
2035-03-31,21,523042.854093,239293.278601,283749.575492,0.0,0.0,0.0,5958.37,0.0,24563.726147,21.293303
2035-03-31,22,590329.219026,257814.865243,332514.353783,0.0,0.0,0.0,3369.54,0.0,24237.209739,24.356319
2035-03-31,23,611528.106686,261953.383571,349574.723115,0.0,0.0,0.0,2809.34,0.0,24394.675781,25.068097
2035-04-01,0,661014.970701,307097.222547,353917.748154,0.0,0.0,0.0,2310.49,0.0,24602.827531,26.867439
2035-04-01,1,672420.545579,306983.942743,365436.602836,0.0,0.0,0.0,1977.7,0.0,24945.818723,26.955241
2035-04-01,2,672946.061449,301407.440565,371538.620884,0.0,0.0,0.0,2264.19,0.0,25386.478391,26.508051
2035-04-01,3,680817.814279,301407.440565,379410.373714,0.0,0.0,0.0,2727.99,0.0,26119.277644,26.065721
2035-04-01,4,736101.202353,358513.227136,377587.975217,0.0,0.0,0.0,3409.44,0.0,27432.423697,26.833254
2035-04-01,5,847386.852852,435542.264116,411844.588736,0.0,0.0,0.0,2780.21,0.0,29005.519707,29.214676
2035-04-01,6,863922.058941,435520.096105,428401.962836,0.0,0.0,0.0,2300.13,0.0,29385.794706,29.399309
2035-04-01,7,863537.597125,435520.096105,428017.50102,0.0,0.0,0.0,2100.11,0.0,29164.944474,29.608752
2035-04-01,8,828449.668563,423617.53726,404832.131303,0.0,0.0,0.0,2309.2,0.0,28323.49628,29.249555
2035-04-01,9,721000.795858,352347.362922,368653.432937,0.0,0.0,0.0,3532.48,0.0,27389.047699,26.32442
2035-04-01,10,618528.114517,301407.440565,317120.673952,0.0,0.0,0.0,5170.36,0.0,26317.697584,23.502364
2035-04-01,11,520130.98989,243615.807391,276515.182499,0.0,0.0,0.0,6440.09,0.0,25049.426754,20.764187
2035-04-01,12,433947.267216,201403.802196,232543.46502,0.0,0.0,0.0,7709.91,0.0,23933.73612,18.131196
2035-04-01,13,355265.045122,144889.60867,210375.436452,0.0,0.0,0.0,8634.14,0.0,22863.517003,15.538513
2035-04-01,14,343355.094568,132154.64805,211200.446518,0.0,0.0,0.0,8168.14,0.0,22144.437423,15.505253
2035-04-01,15,357957.595759,132154.64805,225802.947709,0.0,0.0,0.0,7601.97,0.0,22125.542088,16.178478
2035-04-01,16,413042.016402,179488.376914,233553.639488,0.0,0.0,0.131078,6689.64,0.0,22416.228253,18.426027
2035-04-01,17,497421.349244,238479.251205,258942.098039,0.0,0.0,0.0,5282.59,0.0,22969.248314,21.65597
2035-04-01,18,584581.427579,278314.609023,306266.818556,0.0,0.0,0.0,3778.84,0.0,24012.574344,24.344804
2035-04-01,19,663979.10189,308762.444192,355216.657698,0.0,0.0,0.0,2333.93,0.0,24923.081476,26.641132
2035-04-01,20,685223.448191,308728.403781,376495.04441,0.0,0.0,0.0,1511.2,0.0,24985.815694,27.424498
2035-04-01,21,653769.89472,308728.403781,345041.490939,0.0,0.0,0.0,2267.39,0.0,24595.962899,26.580374
2035-04-01,22,588183.190925,260064.005542,328119.185383,0.0,0.0,0.0,3523.66,0.0,24394.373752,24.111428
2035-04-01,23,564352.449768,243615.807391,320736.642376,0.0,0.0,0.0,4143.31,0.0,24391.325105,23.137425
2035-04-02,0,550515.353493,243615.807391,306899.546102,0.0,0.0,0.0,4996.33,0.0,24733.836539,22.25758
2035-04-02,1,515784.56735,213719.04032,302065.52703,0.0,0.0,0.0,6173.31,0.0,25165.884467,20.495388
2035-04-02,2,504504.193668,212493.220331,292010.973336,0.0,0.0,0.0,7078.24,0.0,25669.858138,19.653564
2035-04-02,3,509996.389753,217213.738414,292782.651338,0.0,0.0,0.0,7984.85,0.0,26550.253854,19.20872
2035-04-02,4,571955.133458,266831.617026,305123.516432,0.0,0.0,0.0,8275.99,0.0,28063.469063,20.380771
2035-04-02,5,626404.201514,288172.131365,338232.070149,0.0,0.0,0.0,8296.07,0.0,29873.582204,20.9685
2035-04-02,6,635658.75993,288005.605077,347653.154853,0.0,0.0,0.0,8029.59,0.0,30007.646259,21.183226
2035-04-02,7,617382.072373,280484.53052,336897.541854,0.0,0.0,0.0,7626.04,0.0,29134.159661,21.191003
2035-04-02,8,561119.325187,262828.321641,298291.003545,0.0,0.0,0.0,7791.03,0.0,27535.585428,20.37797
2035-04-02,9,474574.650247,216139.644981,258435.005266,0.0,0.0,0.0,8706.75,0.0,26002.348246,18.251223
2035-04-02,10,400271.137616,186197.211829,214073.925787,0.0,0.0,0.0,9813.0,0.0,24837.653333,16.115497
2035-04-02,11,341597.328837,151608.240459,189989.088378,0.0,0.0,0.0,10401.35,0.0,23729.37616,14.395546
2035-04-02,12,304402.181085,133096.71258,171305.468504,0.0,0.0,0.0,11006.52,0.0,23135.073501,13.157606
2035-04-02,13,259691.54334,122486.302017,137205.241323,0.0,0.0,0.0,12522.49,0.0,22695.723052,11.442312
2035-04-02,14,247111.545472,100542.828549,146568.716924,0.0,0.0,0.0,12257.76,0.0,22464.555656,11.000064
2035-04-02,15,254947.515389,100542.828549,154404.686841,0.0,0.0,0.0,12119.85,0.0,22644.784946,11.258553
2035-04-02,16,243047.115262,103175.446745,139871.668517,0.0,0.0,0.0,12835.2,0.0,22835.757959,10.643269
2035-04-02,17,279288.435432,119084.700711,160203.734721,0.0,0.0,0.0,11633.89,0.0,22989.763835,12.148382
2035-04-02,18,337479.555997,151619.234819,185860.321179,0.0,0.0,0.0,10604.68,0.0,23631.117368,14.281151
2035-04-02,19,395001.642737,155719.75954,239281.883196,0.0,0.0,0.0,9059.27,0.0,24308.687437,16.249402
2035-04-02,20,365527.39727,155395.646686,210131.750584,0.0,0.0,0.0,9820.7,0.0,24022.891826,15.215795
2035-04-02,21,293459.41169,138993.471164,154465.940527,0.0,0.0,0.0,11984.21,0.0,23256.201199,12.618545
2035-04-02,22,254833.876359,120559.548161,134274.328198,0.0,0.0,0.0,12629.99,0.0,22518.579027,11.316606
2035-04-02,23,250125.241216,139044.042363,111081.198852,0.0,0.0,0.0,12993.65,0.0,22071.744542,11.332373
2035-04-03,0,247925.242856,138844.197001,109081.045855,0.0,0.0,0.0,12969.12,0.0,21958.587519,11.290582
2035-04-03,1,245193.889547,119022.416549,126171.472998,0.0,0.0,0.0,12700.71,0.0,22136.448985,11.076478
2035-04-03,2,260538.653599,113220.035241,147318.618358,0.0,0.0,0.0,12429.38,0.0,22387.535981,11.637665
2035-04-03,3,301427.091486,156097.26506,145329.826426,0.0,0.0,0.0,12271.02,0.0,23041.225119,13.082077
2035-04-03,4,335339.089805,152528.620499,182810.469305,0.0,0.0,0.0,11775.86,0.0,24149.395114,13.886024
2035-04-03,5,367059.043615,168459.176788,198599.866827,0.0,0.0,0.0,11940.98,0.0,25485.632715,14.402587
2035-04-03,6,383165.99271,169543.419646,213622.573064,0.0,0.0,0.0,11506.62,0.0,25759.059104,14.875
2035-04-03,7,396125.381832,169496.371139,226629.010693,0.0,0.0,0.0,10811.48,0.0,25506.413529,15.530423
2035-04-03,8,375517.966751,169496.371139,206021.595612,0.0,0.0,0.0,10802.47,0.0,24846.087853,15.113766
2035-04-03,9,348050.946924,159182.725797,188868.221128,0.0,0.0,0.0,11059.22,0.0,24140.064823,14.417979
2035-04-03,10,298103.081745,122116.394997,175986.686748,0.0,0.0,0.0,11493.24,0.0,23467.600054,12.702751
2035-04-03,11,279906.014003,124749.013193,155157.00081,0.0,0.0,0.0,11597.6,0.0,22873.200861,12.237291
2035-04-03,12,237839.079387,102794.195298,135044.884089,0.0,0.0,0.0,12263.93,0.0,22387.113962,10.623928
2035-04-03,13,189900.389292,81056.184076,108844.205216,0.0,0.0,0.0,13936.16,0.0,22095.208917,8.594641
2035-04-03,14,182357.66661,69172.589483,113185.077128,0.0,0.0,0.0,13779.22,0.0,22035.332836,8.275694
2035-04-03,15,189379.614912,69166.992207,120212.622705,0.0,0.0,0.0,13432.25,0.0,21986.045134,8.613628
2035-04-03,16,218113.586425,100201.768138,117911.818287,0.0,0.0,0.0,12926.57,0.0,22200.565194,9.824686
2035-04-03,17,270332.36598,113430.125006,156902.240974,0.0,0.0,0.0,11585.68,0.0,22872.561785,11.819068
2035-04-03,18,329887.653821,142372.36729,187515.286531,0.0,0.0,0.0,10686.18,0.0,23689.179937,13.925668
2035-04-03,19,375109.315391,141634.606629,233474.708761,0.0,0.0,0.0,9446.47,0.0,24251.572265,15.467423
2035-04-03,20,330315.444241,141634.606629,188680.837611,0.0,0.0,0.0,10648.61,0.0,23783.950085,13.888166
2035-04-03,21,250626.176129,124719.417453,125906.758676,0.0,0.0,0.0,13027.98,0.0,23015.771348,10.889323
2035-04-03,22,215123.013752,97568.81239,117554.201362,0.0,0.0,0.0,13671.44,0.0,22416.829413,9.596496
2035-04-03,23,202937.8252,100433.173855,102504.651345,0.0,0.0,0.0,13755.85,0.0,21852.74158,9.286607
2035-04-04,0,194590.21762,100408.842071,94181.375549,0.0,0.0,0.0,13767.74,0.0,21528.305379,9.038808
2035-04-04,1,207076.004998,100408.842071,106667.162927,0.0,0.0,0.0,13140.66,0.0,21468.304095,9.645662
2035-04-04,2,215663.647659,100408.842071,115254.805588,0.0,0.0,0.0,12857.57,0.0,21525.304572,10.019075
2035-04-04,3,242634.888675,109649.013064,132985.87561,0.0,0.0,0.0,12353.35,0.0,21985.720241,11.036022
2035-04-04,4,313159.231318,151010.368838,162148.86248,0.0,0.0,0.0,11544.24,0.0,23078.409688,13.569359
2035-04-04,5,351640.05352,161605.488955,190034.564565,0.0,0.0,0.0,11305.46,0.0,24386.947098,14.419191
2035-04-04,6,380838.351072,177539.542075,203298.808997,0.0,0.0,0.0,10518.61,0.0,24697.819585,15.419918
2035-04-04,7,417995.064301,219507.052851,198488.01145,0.0,0.0,0.0,9833.24,0.0,24761.318155,16.88097
2035-04-04,8,423010.599017,181432.279572,241578.319444,0.0,0.0,0.0,8528.14,0.0,24627.470317,17.176372
2035-04-04,9,424752.303477,181432.279572,243320.023905,0.0,0.0,0.0,8251.87,0.0,24419.791428,17.393773
2035-04-04,10,401744.863431,181432.279572,220312.583859,0.0,0.0,0.0,9036.99,0.0,24340.733625,16.505043
2035-04-04,11,374006.502259,159507.057417,214499.444842,0.0,0.0,0.0,9625.18,0.0,24337.907105,15.367242
2035-04-04,12,332679.730119,124918.086046,207761.644072,0.0,0.0,0.0,11017.37,0.0,24594.035381,13.526846
2035-04-04,13,309399.629288,146090.231596,163309.397691,0.0,0.0,0.0,12958.17,0.0,25150.698735,12.30183
2035-04-04,14,369868.468405,180675.948012,189192.520393,0.0,0.0,0.0,11832.53,0.0,25806.508332,14.332372
2035-04-04,15,453958.93191,201437.291219,252521.640691,0.0,0.0,0.0,10102.99,0.0,26955.787374,16.840871
2035-04-04,16,549434.078757,265393.03792,284041.040836,0.0,0.0,0.0,8711.89,0.0,27818.744354,19.750499
2035-04-04,17,668536.535411,324126.547756,344409.987655,0.0,0.0,0.0,6102.73,0.0,28505.427978,23.452956
2035-04-04,18,786546.00209,401828.911516,384717.090574,0.0,0.0,0.0,4009.62,0.0,28992.725581,27.129081
2035-04-04,19,841044.272363,401730.633101,439313.639262,0.0,0.0,0.0,2131.22,0.0,29261.336923,28.74251
2035-04-04,20,847360.511451,401730.633101,445629.87835,0.0,0.0,0.0,1074.36,0.0,28370.283672,29.86789
2035-04-04,21,791045.544005,401730.633101,389314.910904,0.0,0.0,0.0,1256.74,0.0,26683.346176,29.645665
2035-04-04,22,684433.097949,321693.89837,362739.199579,0.0,0.0,0.0,1865.65,0.0,25082.376986,27.28741
2035-04-04,23,649377.517154,282807.936513,366569.58064,0.0,0.0,0.0,1445.2,0.0,24124.573319,26.917679
2035-04-05,0,630165.05082,282807.936513,347357.114307,0.0,0.0,0.0,1365.28,0.0,23356.854853,26.979876
2035-04-05,1,605350.62075,266359.738363,338990.882387,0.0,0.0,0.0,1519.53,0.0,22851.845397,26.490229
2035-04-05,2,580939.148389,243615.807391,337323.340998,0.0,0.0,0.0,1867.83,0.0,22717.475664,25.572346
2035-04-05,3,572128.259389,243615.807391,328512.451998,0.0,0.0,0.0,2537.83,0.0,23069.890122,24.799783
2035-04-05,4,589559.330085,273045.3669,316513.963184,0.0,0.0,0.0,3650.92,0.0,24218.617159,24.343228
2035-04-05,5,646408.130179,287909.511443,358498.618735,0.0,0.0,0.0,3706.74,0.0,26108.926368,24.758128
2035-04-05,6,653060.534329,287674.187408,365386.346922,0.0,0.0,0.0,3739.27,0.0,26419.422406,24.718956
2035-04-05,7,636611.642439,283595.566108,353016.076331,0.0,0.0,0.0,3805.12,0.0,26004.128274,24.481176
2035-04-05,8,644981.446395,278835.772784,366145.673612,0.0,0.0,0.0,3327.06,0.0,25884.053643,24.9181
2035-04-05,9,630454.110094,278835.772784,351618.33731,0.0,0.0,0.0,3749.0,0.0,25831.814135,24.40611
2035-04-05,10,603049.43778,266518.404316,336531.033465,0.0,0.0,0.0,4645.3,0.0,25940.982394,23.246978
2035-04-05,11,548005.673541,256965.080873,291040.592669,0.0,0.0,0.0,6684.85,0.0,26088.552011,21.005599
2035-04-05,12,461278.973049,196712.542054,264566.430996,0.0,0.0,0.0,9011.94,0.0,26442.363584,17.444695
2035-04-05,13,380984.617296,171658.546038,209326.071258,0.0,0.0,0.0,12301.91,0.0,27058.961918,14.079794
2035-04-05,14,381897.142258,171658.546038,210238.59622,0.0,0.0,0.0,12834.62,0.0,27630.691647,13.821483
2035-04-05,15,382205.295704,159000.994598,223204.301106,0.0,0.0,0.0,13277.89,0.0,28070.886683,13.615719
2035-04-05,16,384982.565525,160523.361497,224459.204028,0.0,0.0,0.0,13387.01,0.0,28292.580476,13.607192
2035-04-05,17,440219.616569,197221.513991,242998.102578,0.0,0.0,0.0,11875.79,0.0,28232.224148,15.592807
2035-04-05,18,474546.888288,213716.676601,260830.211687,0.0,0.0,0.0,10692.28,0.0,28123.680053,16.87357
2035-04-05,19,516797.139348,213603.975467,303193.163881,0.0,0.0,0.0,8917.9,0.0,28014.191771,18.44769
2035-04-05,20,493902.774148,229847.113105,264055.661043,0.0,0.0,0.0,9640.44,0.0,27450.707196,17.992352
2035-04-05,21,414619.070198,196459.291015,218159.779183,0.0,0.0,0.0,11434.4,0.0,26759.302409,15.49439
2035-04-05,22,389154.865166,185857.753631,203297.111534,0.0,0.0,0.0,11508.63,0.0,25934.326583,15.005397
2035-04-05,23,357441.35727,151268.782261,206172.575009,0.0,0.0,0.0,11122.13,0.0,24877.805726,14.367881
2035-04-06,0,353019.27709,161875.11623,191144.160861,0.0,0.0,0.0,10622.68,0.0,24132.739603,14.62823
2035-04-06,1,346499.846928,143073.013941,203426.832987,0.0,0.0,0.0,10071.78,0.0,23799.648067,14.559032
2035-04-06,2,326346.25264,143073.013941,183273.238699,0.0,0.0,0.0,10569.84,0.0,23487.551575,13.894435
2035-04-06,3,315388.215126,143073.013941,172315.201185,0.0,0.0,0.0,11074.55,0.0,23517.649942,13.410703
2035-04-06,4,359946.483593,181513.498277,178432.985316,0.0,0.0,0.0,10462.63,0.0,23923.448783,15.045761
2035-04-06,5,455850.035736,206135.233649,249714.802088,0.0,0.0,0.0,7572.79,0.0,24432.98167,18.657159
2035-04-06,6,537163.009584,243607.316477,293555.693107,0.0,0.0,0.0,5917.99,0.0,25010.551342,21.477456
2035-04-06,7,564309.089595,243440.00501,320869.084584,0.0,0.0,0.0,5437.34,0.0,25686.016219,21.969506
2035-04-06,8,578042.484982,259893.512718,318148.972265,0.0,0.0,0.0,5649.96,0.0,26079.816625,22.164362
2035-04-06,9,597025.969262,259888.203161,337137.766101,0.0,0.0,0.0,5185.54,0.0,26384.632048,22.627792
2035-04-06,10,570320.27877,259888.203161,310432.075609,0.0,0.0,0.0,5837.55,0.0,26050.599782,21.892789
2035-04-06,11,503713.100608,222821.872361,280891.228248,0.0,0.0,0.0,6988.11,0.0,25489.757199,19.761393
2035-04-06,12,418008.06934,183981.906447,234026.162893,0.0,0.0,0.0,9016.76,0.0,25016.41347,16.709352
2035-04-06,13,333542.939611,163522.265424,170020.674187,0.0,0.0,0.0,11931.48,0.0,24870.228283,13.411334
2035-04-06,14,336457.585217,131989.145318,204468.439899,0.0,0.0,0.0,11159.18,0.0,24805.838807,13.563645
2035-04-06,15,351708.369875,131978.845669,219729.524207,0.0,0.0,0.0,10609.19,0.0,24817.955604,14.171529
2035-04-06,16,391504.064186,166570.75986,224933.304326,0.0,0.0,0.0,9720.53,0.0,24829.757509,15.767535
2035-04-06,17,444216.179919,184007.574141,260208.605778,0.0,0.0,0.0,8005.47,0.0,24895.599022,17.843161
2035-04-06,18,524639.050394,242982.577611,281656.472782,0.0,0.0,0.0,6449.37,0.0,25076.576658,20.921478
2035-04-06,19,552998.34144,242973.459402,310024.882039,0.0,0.0,0.0,5258.74,0.0,25096.458422,22.034916
2035-04-06,20,559388.344998,242973.459402,316414.885596,0.0,0.0,0.0,4755.49,0.0,24820.257831,22.537572
2035-04-06,21,537446.238483,242973.459402,294472.779081,0.0,0.0,0.0,5480.57,0.0,24739.43202,21.724276
2035-04-06,22,495803.41662,205907.128602,289896.288018,0.0,0.0,0.0,6120.13,0.0,24599.862882,20.154723
2035-04-06,23,487521.629595,205907.128602,281614.500993,0.0,0.0,0.0,5793.43,0.0,23966.783821,20.341554
2035-04-07,0,475166.083353,205907.128602,269258.954752,0.0,0.0,0.0,5754.67,0.0,23470.178231,20.245525
2035-04-07,1,446590.805363,175534.434166,271056.371197,0.0,0.0,0.0,5940.16,0.0,23147.502931,19.293261
2035-04-07,2,456836.178745,178574.353794,278261.824951,0.0,0.0,0.0,5417.32,0.0,22911.48523,19.939178
2035-04-07,3,466580.000847,178364.764361,288215.236487,0.0,0.0,0.0,4987.83,0.0,22794.175015,20.469265
2035-04-07,4,471025.703125,182536.770523,288488.932602,0.0,0.0,0.0,4606.74,0.0,22385.721824,21.041345
2035-04-07,5,497463.766306,204440.154296,293023.61201,0.0,0.0,0.0,3172.81,0.0,21544.604732,23.089946
2035-04-07,6,497976.443111,204433.956521,293542.48659,0.0,0.0,0.0,2834.76,0.0,21355.280013,23.318657
2035-04-07,7,515379.41112,222142.406126,293237.004994,0.0,0.0,0.0,3493.43,0.0,22275.150304,23.136967
2035-04-07,8,548863.06364,222111.546691,326751.516949,0.0,0.0,0.063818,2914.42,0.0,22882.076198,23.986594
2035-04-07,9,528363.882138,222111.546691,306252.335447,0.0,0.0,0.0,3764.86,0.0,23070.565364,22.902078
2035-04-07,10,481428.842191,217876.65759,263552.184601,0.0,0.0,0.0,5200.96,0.0,22858.537601,21.061227
2035-04-07,11,464549.117757,196361.711856,268187.405901,0.0,0.0,0.0,5609.23,0.0,22745.773753,20.423536
2035-04-07,12,422693.569456,196321.58636,226371.983096,0.0,0.0,0.0,6766.91,0.0,22418.9577,18.854292
2035-04-07,13,335885.103015,130574.286762,205310.816254,0.0,0.0,0.0,8287.34,0.0,21986.60536,15.276806
2035-04-07,14,322776.334149,118757.195746,204019.138404,0.0,0.0,0.0,8474.41,0.0,21839.408306,14.779537
2035-04-07,15,317197.192811,118757.195746,198439.997065,0.0,0.0,0.0,8706.44,0.0,21862.225235,14.508916
2035-04-07,16,356974.723871,153349.109937,203625.613934,0.0,0.0,0.0,8099.86,0.0,22170.750444,16.101157
2035-04-07,17,412574.645406,170154.761017,242419.884389,0.0,0.0,0.0,6696.28,0.0,22583.488465,18.268862
2035-04-07,18,477456.84389,200825.316471,276631.527419,0.0,0.0,0.0,5403.48,0.0,23050.088265,20.713884
2035-04-07,19,549671.86019,250496.273604,299175.586587,0.0,0.0,0.0,4042.72,0.0,23439.096527,23.451069
2035-04-07,20,591153.139922,248306.521681,342846.618241,0.0,0.0,0.0,1936.26,0.0,23084.33704,25.608409
2035-04-07,21,581616.192706,247839.976072,333776.216634,0.0,0.0,0.0,1510.89,0.0,22321.139421,26.056743
2035-04-07,22,557476.680942,243149.261783,314327.419159,0.0,0.0,0.0,1568.15,0.0,21569.651576,25.845419
2035-04-07,23,558100.332189,262011.752479,296088.57971,0.0,0.0,0.0,1505.92,0.0,21146.437474,26.392168
2035-04-08,0,544656.65524,261961.24452,282695.410719,0.0,0.0,0.0,1534.66,0.0,20676.222206,26.342175
2035-04-08,1,520301.838004,238470.132996,281831.705008,0.0,0.0,0.0,1819.35,0.0,20505.962019,25.373198
2035-04-08,2,545017.771852,238470.132996,306547.638856,0.0,0.0,0.0,907.97,0.0,20509.758612,26.573583
2035-04-08,3,556235.02004,238470.132996,317764.887045,0.0,0.0,0.0,875.29,0.0,20890.415151,26.626327
2035-04-08,4,557989.592364,243168.075425,314821.516939,0.0,0.0,0.0,1854.27,0.0,21846.120439,25.541816
2035-04-08,5,597749.674327,259602.769491,338146.904836,0.0,0.0,0.0,1987.14,0.0,23132.143585,25.840652
2035-04-08,6,599350.784713,259597.459934,339753.324779,0.0,0.0,0.0,2272.04,0.0,23561.88047,25.437307
2035-04-08,7,593939.96911,259597.459934,334342.509177,0.0,0.0,0.0,2671.33,0.0,23762.11098,24.995253
2035-04-08,8,616646.2258,259597.459934,357048.765867,0.0,0.0,0.0,2033.97,0.0,23836.594312,25.869729
2035-04-08,9,596690.866276,259597.459934,337093.406342,0.0,0.0,0.0,2716.36,0.0,23907.592646,24.958216
2035-04-08,10,566191.106423,259597.459934,306593.646489,0.0,0.0,0.0,3858.87,0.0,23923.115745,23.667114
2035-04-08,11,528775.151394,243149.261783,285625.889611,0.0,0.0,0.0,5184.6,0.0,24123.511809,21.919493
2035-04-08,12,483841.450638,206082.930983,277758.519655,0.0,0.0,0.0,6446.47,0.0,24480.962086,19.763988
2035-04-08,13,468892.774432,206082.930983,262809.843449,0.0,0.0,0.0,7380.66,0.0,24861.286665,18.860358
2035-04-08,14,479559.203536,206082.930983,273476.272553,0.0,0.0,0.0,7388.14,0.0,25264.088412,18.981853
2035-04-08,15,500305.075259,206713.867623,293591.207636,0.0,0.0,0.0,7126.76,0.0,25755.135972,19.425449
2035-04-08,16,583360.756655,282854.842867,300505.913788,0.0,0.0,0.0,6493.88,0.0,26512.151307,22.003524
2035-04-08,17,646912.024472,298192.971303,348719.053169,0.0,0.0,0.0,4761.57,0.0,27025.357207,23.937224
2035-04-08,18,731181.09905,355649.23075,375531.8683,0.0,0.0,0.0,3090.09,0.0,27065.796233,27.014949
2035-04-08,19,767144.785836,355631.347636,411513.4382,0.0,0.0,0.0,1417.36,0.0,26938.944529,28.477166
2035-04-08,20,765733.345669,355631.347636,410101.998034,0.0,0.0,0.0,547.13,0.0,26023.086497,29.425155
2035-04-08,21,705279.419842,340293.402422,364986.01742,0.0,0.0,0.0,1140.69,0.0,24724.472318,28.52556
2035-04-08,22,600142.310474,282807.936513,317334.373961,0.0,0.0,0.0,2641.27,0.0,23523.299454,25.512676
2035-04-08,23,557291.116549,243615.807391,313675.309157,0.0,0.0,0.0,2622.65,0.0,22610.752881,24.647172
2035-04-09,0,531018.785603,248725.21254,282293.573063,0.0,0.0,0.0,3066.09,0.0,21922.498848,24.222548
2035-04-09,1,472658.696058,187558.3627,285100.333358,0.0,0.0,0.0,3749.25,0.0,21508.53012,21.975407
2035-04-09,2,469468.55232,182527.014009,286941.538311,0.0,0.0,0.0,3611.79,0.0,21406.6876,21.930929
2035-04-09,3,476253.414863,189181.705834,287071.709028,0.0,0.0,0.0,3570.84,0.0,21490.42956,22.161186
2035-04-09,4,505811.512827,213156.133437,292655.37939,0.0,0.0,0.0,3665.59,0.0,22226.557504,22.757078
2035-04-09,5,528876.115225,213057.231183,315818.884042,0.0,0.0,0.0,3817.84,0.0,23289.038486,22.709229
2035-04-09,6,529313.679217,217361.065174,311952.614044,0.0,0.0,0.0,4035.18,0.0,23468.325721,22.554386
2035-04-09,7,544605.731622,228759.364586,315846.367036,0.0,0.0,0.0,4183.64,0.0,23819.959872,22.863419
2035-04-09,8,547048.675069,230798.319602,316250.355466,0.0,0.0,0.0,4509.03,0.0,24249.328744,22.559333
2035-04-09,9,527474.754238,219631.929403,307842.824835,0.0,0.0,0.0,5334.72,0.0,24702.315527,21.353251
2035-04-09,10,513532.764192,211240.190881,302292.573311,0.0,0.0,0.0,6540.44,0.0,25586.439329,20.070505
2035-04-09,11,500957.054726,208646.696018,292310.358708,0.0,0.0,0.0,7843.56,0.0,26440.572933,18.946528
2035-04-09,12,488647.791541,213069.286201,275578.50534,0.0,0.0,0.0,9548.64,0.0,27524.073987,17.753469
2035-04-09,13,448192.890353,191125.812733,257067.07762,0.0,0.0,0.0,11668.25,0.0,28473.35684,15.740782
2035-04-09,14,473598.219821,207853.184523,265745.035297,0.0,0.0,0.0,12228.58,0.0,29561.540635,16.020756
2035-04-09,15,485227.124194,211584.587913,273642.536281,0.0,0.0,0.0,12814.79,0.0,30595.801278,15.859272
2035-04-09,16,507091.611019,237098.773907,269992.837113,0.0,0.0,0.0,13178.38,0.0,31223.848598,16.240522
2035-04-09,17,558854.582522,244637.922346,314216.660176,0.0,0.0,0.0,11237.08,0.0,31241.417145,17.88826
2035-04-09,18,609129.085495,294664.97407,314464.111425,0.0,0.0,0.0,9635.68,0.0,30384.200073,20.04756
2035-04-09,19,652931.473365,302290.058262,350641.415103,0.0,0.0,0.0,7264.31,0.0,29673.784979,22.003646
2035-04-09,20,595156.192365,297602.056907,297554.135458,0.0,0.0,0.0,8140.62,0.0,28461.995151,20.910558
2035-04-09,21,450563.269811,226586.726252,223976.543559,0.0,0.0,0.0,10892.08,0.0,27032.192205,16.667656
2035-04-09,22,348899.168756,159755.070134,189144.098622,0.0,0.0,0.0,12070.52,0.0,25339.889493,13.768772
2035-04-09,23,296077.331201,136432.318376,159645.012824,0.0,0.0,0.0,12922.92,0.0,24124.820252,12.272727
2035-04-10,0,267424.036126,135344.199636,132079.83649,0.0,0.0,0.0,13139.14,0.0,23307.986299,11.473494
2035-04-10,1,251988.877206,114357.50559,137631.371617,0.0,0.0,0.0,13061.45,0.0,22855.174535,11.025463
2035-04-10,2,252996.741584,114357.50559,138639.235994,0.0,0.0,0.0,12993.67,0.0,22829.51975,11.082
2035-04-10,3,281926.93251,136288.92552,145638.00699,0.0,0.0,0.0,12948.13,0.0,23354.884919,12.071433
2035-04-10,4,314067.042381,140632.59139,173434.450991,0.0,0.0,0.0,12506.83,0.0,24195.912738,12.980169
2035-04-10,5,330401.071833,143272.776221,187128.295612,0.0,0.0,0.0,12739.39,0.0,25091.765242,13.167709
2035-04-10,6,333556.625923,143247.095882,190309.53004,0.0,0.0,0.0,12632.52,0.0,25137.857714,13.269095
2035-04-10,7,360933.426972,166974.075046,193959.351926,0.0,0.0,0.0,12094.86,0.0,25447.206289,14.183617
2035-04-10,8,370691.893729,177541.118869,193150.77486,0.0,0.0,0.0,11968.48,0.0,25751.22271,14.395118
2035-04-10,9,364872.939922,155611.100129,209261.839793,0.0,0.0,0.0,11967.05,0.0,26015.362384,14.025288
2035-04-10,10,357543.761015,155611.100129,201932.660886,0.0,0.0,0.0,12610.66,0.0,26418.091957,13.534049
2035-04-10,11,347586.476582,155403.688643,192182.787939,0.0,0.0,0.0,13445.3,0.0,26901.61398,12.920655
2035-04-10,12,338024.364752,140285.542184,197738.822568,0.0,0.0,0.0,14241.94,0.0,27568.151724,12.261408
2035-04-10,13,331928.009714,143264.989709,188663.020005,0.0,0.0,0.0,15288.01,0.0,28121.350993,11.803416
2035-04-10,14,388714.748849,183577.0857,205137.663149,0.0,0.0,0.0,14183.68,0.0,28744.432914,13.523132
2035-04-10,15,453855.62528,209294.54818,244561.0771,0.0,0.0,0.0,12995.02,0.0,29538.760786,15.364748
2035-04-10,16,525267.163516,239980.707786,285286.45573,0.0,0.0,0.0,11235.33,0.0,29984.208685,17.518127
2035-04-10,17,576923.180115,261899.442654,315023.737461,0.0,0.0,0.0,10093.59,0.0,30374.449423,18.9937
2035-04-10,18,598779.756968,268119.751984,330660.004984,0.0,0.0,0.0,9156.6,0.0,30177.546277,19.841897
2035-04-10,19,603331.274249,264505.777527,338825.496722,0.0,0.0,0.0,8796.89,0.0,30041.508996,20.083255
2035-04-10,20,538513.782938,264505.777527,274008.005412,0.0,0.0,0.0,10241.69,0.0,29078.396797,18.519377
2035-04-10,21,412233.299632,214728.316112,197504.983521,0.0,0.0,0.0,13007.5,0.0,27795.208116,14.831092
2035-04-10,22,332559.068727,153602.177443,178956.891284,0.0,0.0,0.0,13811.34,0.0,26216.669876,12.685023
2035-04-10,23,310345.664932,128631.403672,181714.26126,0.0,0.0,0.0,13154.03,0.0,25072.662624,12.37785
2035-04-11,0,285266.31216,131687.254937,153579.057222,0.0,0.0,0.0,13152.24,0.0,24150.379517,11.812084
2035-04-11,1,253361.706958,119820.33318,133541.373778,0.0,0.0,0.0,13964.84,0.0,23677.401937,10.70057
2035-04-11,2,264376.395253,119820.33318,144556.062072,0.0,0.0,0.0,13269.0,0.0,23476.345497,11.261395
2035-04-11,3,303573.886508,151025.384748,152548.501759,0.0,0.0,0.0,12498.03,0.0,23639.365105,12.84188
2035-04-11,4,367720.011513,177544.33866,190175.672853,0.0,0.0,0.0,10747.86,0.0,24321.854299,15.118914
2035-04-11,5,408771.385546,177536.322284,231235.063262,0.0,0.0,0.0,10006.93,0.0,25268.26732,16.177262
2035-04-11,6,408688.935982,177536.322284,231152.613698,0.0,0.0,0.0,10035.15,0.0,25309.156558,16.147869
2035-04-11,7,404258.596209,177536.322284,226722.273925,0.0,0.0,0.0,10318.34,0.0,25410.417868,15.909168
2035-04-11,8,371231.157455,177536.322284,193694.83517,0.0,0.0,0.0,11634.07,0.0,25473.861792,14.573022
2035-04-11,9,356884.954196,166934.7849,189950.169296,0.0,0.0,0.0,11934.62,0.0,25268.754816,14.123567
2035-04-11,10,298798.923015,129868.4541,168930.468915,0.0,0.0,0.0,13007.01,0.0,24910.9951,11.99466
2035-04-11,11,291610.190338,129868.4541,161741.736238,0.0,0.0,0.0,12883.18,0.0,24545.12908,11.880573
2035-04-11,12,255695.273874,105103.202263,150592.07161,0.0,0.0,0.0,13478.84,0.0,24286.920843,10.528106
2035-04-11,13,201895.789603,90014.651543,111881.13806,0.0,0.0,0.0,15126.78,0.0,24054.00248,8.393438
2035-04-11,14,218633.449531,90014.651543,128618.797988,0.0,0.0,0.0,14592.72,0.0,24219.613831,9.027124
2035-04-11,15,252698.948406,105110.577769,147588.370637,0.0,0.0,0.0,14104.84,0.0,24741.724504,10.213474
2035-04-11,16,305876.799157,157499.076649,148377.722508,0.0,0.0,0.0,13485.84,0.0,25275.931999,12.101504
2035-04-11,17,370900.752084,159517.357067,211383.395017,0.0,0.0,0.0,11256.02,0.0,25791.525974,14.380721
2035-04-11,18,471475.581134,223680.404128,247795.177006,0.0,0.0,0.0,9330.11,0.0,26294.147074,17.930819
2035-04-11,19,570905.678371,260066.925977,310838.752394,0.0,0.0,0.0,6836.76,0.0,26945.430638,21.187476
2035-04-11,20,597924.381717,260064.005542,337860.376175,0.0,0.0,0.0,5253.55,0.0,26482.540039,22.57806
2035-04-11,21,609783.298627,260064.005542,349719.293085,0.0,0.0,0.0,3470.0,0.0,25131.185463,24.264009
2035-04-11,22,600830.225516,260064.005542,340766.219974,0.0,0.0,0.0,2612.51,0.0,23950.186025,25.086662
2035-04-11,23,594796.795493,278126.094792,316670.7007,0.0,0.0,0.0,2218.98,0.0,22934.702667,25.934358
2035-04-12,0,567287.580972,280526.205212,286761.375759,0.0,0.0,0.0,2865.48,0.0,22498.481237,25.214483
2035-04-12,1,464091.141473,191499.17177,272591.969702,0.0,0.0,0.0,4900.38,0.0,22372.755135,20.743585
2035-04-12,2,461070.498062,184724.695701,276345.802361,0.0,0.0,0.0,4959.51,0.0,22428.532175,20.557319
2035-04-12,3,468577.893599,184724.695701,283853.197898,0.0,0.0,0.0,5233.77,0.0,22973.393731,20.396547
2035-04-12,4,530721.271408,246735.727432,283985.543976,0.0,0.0,0.0,5678.46,0.0,24378.774101,21.76981
2035-04-12,5,599999.246653,268538.100966,331461.145687,0.0,0.0,0.0,5678.56,0.0,26680.800973,22.488052
2035-04-12,6,615271.011588,268457.587896,346813.423692,0.0,0.0,0.0,5689.59,0.0,27227.271363,22.597601
2035-04-12,7,584029.603052,261785.442139,322244.160913,0.0,0.0,0.0,5769.18,0.0,26452.085459,22.078773
2035-04-12,8,550234.89687,238294.330615,311940.566256,0.0,0.0,0.0,6044.73,0.0,25840.189261,21.293764
2035-04-12,9,506941.221317,225559.369994,281381.851323,0.0,0.0,0.0,6867.18,0.0,25228.654224,20.093867
2035-04-12,10,450152.845251,188493.039194,261659.806056,0.0,0.0,0.0,7852.6,0.0,24870.553735,18.099832
2035-04-12,11,355195.382434,162799.473546,192395.908888,0.0,0.0,0.0,10490.65,0.0,24404.345311,14.554596
2035-04-12,12,287459.830752,121276.310339,166183.520413,0.0,0.0,0.0,12464.81,0.0,24399.552251,11.781357
2035-04-12,13,230491.174798,96536.96948,133954.205318,0.0,0.0,0.0,14673.41,0.0,24439.303352,9.431168
2035-04-12,14,243071.38981,102344.948064,140726.441746,0.0,0.0,0.0,14333.2,0.0,24700.591284,9.840711
2035-04-12,15,268299.259055,105203.712253,163095.546802,0.0,0.0,0.0,14002.24,0.0,25282.743288,10.611952
2035-04-12,16,285471.446069,121295.774978,164175.671091,0.0,0.0,0.0,13816.38,0.0,25570.06017,11.164285
2035-04-12,17,345820.786979,141946.366819,203874.42016,0.0,0.0,0.0,12316.1,0.0,25978.095658,13.312015
2035-04-12,18,404549.460529,176513.175645,228036.284884,0.0,0.0,0.0,11179.66,0.0,26548.541995,15.238105
2035-04-12,19,474382.447537,209135.968953,265246.478584,0.0,0.0,0.0,9639.99,0.0,26947.680579,17.603832
2035-04-12,20,444694.823941,208351.586082,236343.237859,0.0,0.0,0.0,10356.63,0.0,26703.494777,16.653057
2035-04-12,21,371478.844459,164909.25331,206569.59115,0.0,0.0,0.0,12005.46,0.0,26130.865878,14.216094
2035-04-12,22,352398.468405,154763.598346,197634.870058,0.0,0.0,0.0,11672.95,0.0,25331.187948,13.911644
2035-04-12,23,295961.375267,138817.668782,157143.706484,0.0,0.0,0.0,12983.82,0.0,24445.307125,12.107084
2035-04-13,0,262679.971111,116664.365196,146015.605915,0.0,0.0,0.0,13214.1,0.0,23697.546106,11.084691
2035-04-13,1,250834.854318,106180.765082,144654.089235,0.0,0.0,0.0,13225.81,0.0,23363.669131,10.736107
2035-04-13,2,252590.864777,106180.765082,146410.099695,0.0,0.0,0.0,12958.2,0.0,23173.636015,10.899924
2035-04-13,3,263621.952575,113968.89454,149653.058035,0.0,0.0,0.0,12797.81,0.0,23305.999679,11.311334
2035-04-13,4,300401.730803,124539.158155,175862.572648,0.0,0.0,0.0,11745.7,0.0,23649.161032,12.702427
2035-04-13,5,321040.912678,140777.499208,180263.41347,0.0,0.0,0.0,11866.46,0.0,24133.374422,13.302778
2035-04-13,6,333929.406449,140770.081035,193159.325414,0.0,0.0,0.0,11941.76,0.0,24788.48395,13.471151
2035-04-13,7,376720.940711,193933.463128,182787.477583,0.0,0.0,0.0,11783.65,0.0,25555.214602,14.741451
2035-04-13,8,470585.794823,206639.519449,263946.275374,0.0,0.0,0.0,9185.47,0.0,26467.896888,17.779493
2035-04-13,9,498675.036273,206632.665397,292042.370876,0.0,0.0,0.0,8747.26,0.0,27114.778051,18.391264
2035-04-13,10,469257.485194,206632.665397,262624.819797,0.0,0.0,0.0,9895.92,0.0,27162.434265,17.275973
2035-04-13,11,414821.126464,177661.985312,237159.141152,0.0,0.0,0.0,10968.49,0.0,26768.088196,15.496853
2035-04-13,12,363159.660858,155736.763156,207422.897702,0.0,0.0,0.0,12144.19,0.0,26450.156723,13.729963
2035-04-13,13,344736.815419,152691.211541,192045.603878,0.0,0.0,0.0,12345.32,0.0,25883.543145,13.318764
2035-04-13,14,316572.543559,121158.091435,195414.452124,0.0,0.0,0.0,11968.54,0.0,25018.149639,12.653715
2035-04-13,15,320310.640003,121147.791786,199162.848217,0.0,0.0,0.0,11745.69,0.0,24942.651186,12.841884
2035-04-13,16,367626.936691,155739.705977,211887.230714,0.0,0.0,0.0,11143.12,0.0,25493.126241,14.42063
2035-04-13,17,387794.681719,155736.763156,232057.918563,0.0,0.0,0.0,10394.07,0.0,25606.522948,15.144371
2035-04-13,18,440546.234299,195388.968798,245157.265501,0.0,0.0,0.0,9315.25,0.0,25594.407138,17.212598
2035-04-13,19,484922.625173,196262.308229,288660.316943,0.0,0.0,0.0,7513.19,0.0,25532.667436,18.992243
2035-04-13,20,441036.373075,196123.954575,244912.4185,0.0,0.0,0.0,8699.89,0.0,25135.819666,17.546131
2035-04-13,21,387256.834369,161534.983205,225721.851164,0.0,0.0,0.0,9988.09,0.0,24899.623373,15.552719
2035-04-13,22,384787.485127,158214.122586,226573.362541,0.0,0.0,0.0,9935.79,0.0,24790.648077,15.521477
2035-04-13,23,384571.120707,155611.100129,228960.020578,0.0,0.0,0.0,9611.43,0.0,24312.219039,15.818018
2035-04-14,0,361077.336121,155611.100129,205466.235992,0.0,0.0,0.0,10194.55,0.0,23974.609658,15.060822
2035-04-14,1,357097.973382,158243.718325,198854.255057,0.0,0.0,0.0,9966.42,0.0,23740.355251,15.041813
2035-04-14,2,383664.220757,159795.359904,223868.860854,0.0,0.0,0.0,8758.6,0.0,23539.55383,16.298704
2035-04-14,3,412316.502696,167689.693145,244626.80955,0.0,0.0,0.0,7723.63,0.0,23420.681005,17.604804
2035-04-14,4,416862.280207,162903.348902,253958.931305,0.0,0.0,0.0,7110.12,0.0,23133.07922,18.020181
2035-04-14,5,405691.833052,162436.803293,243255.029758,0.0,0.0,0.0,6845.43,0.0,22468.490778,18.056034
2035-04-14,6,437160.760563,199893.07895,237267.681612,0.0,0.0,0.0,6548.23,0.0,22716.069518,19.24456
2035-04-14,7,504357.274443,208507.452697,295849.821746,0.0,0.0,0.0,5220.48,0.0,23747.753166,21.238105
2035-04-14,8,508883.892522,208458.737029,300425.155494,0.0,0.0,0.0,5243.51,0.0,23969.73227,21.23027
2035-04-14,9,492534.029307,203634.147839,288899.881468,0.0,0.0,0.0,5173.48,0.0,23443.290646,21.009594
2035-04-14,10,449931.009364,197025.774664,252905.2347,0.0,0.0,0.0,5577.97,0.0,22360.27893,20.121887
2035-04-14,11,402630.519781,159959.443864,242671.075917,0.0,0.0,0.0,5888.3,0.0,21678.617599,18.572703
2035-04-14,12,365247.436205,159959.443864,205287.992341,0.0,0.0,0.0,6751.72,0.0,21140.910328,17.276807
2035-04-14,13,290373.906821,106989.505644,183384.401176,0.0,0.0,0.0,8307.83,0.0,20661.937187,14.053566
2035-04-14,14,297692.105219,106101.71271,191590.392509,0.0,0.0,0.0,7929.9,0.0,20576.072736,14.467878
2035-04-14,15,314261.083521,106101.71271,208159.37081,0.0,0.0,0.0,7892.04,0.0,21118.918141,14.880548
2035-04-14,16,309437.196095,121197.638936,188239.557159,0.0,0.0,0.0,9190.65,0.0,21979.96297,14.078149
2035-04-14,17,375065.554241,155782.177622,219283.376619,0.0,0.0,0.0,8164.73,0.0,22885.755924,16.388602
2035-04-14,18,430732.426717,192848.486036,237883.940681,0.0,0.0,0.0,7637.03,0.0,23662.182993,18.20341
2035-04-14,19,476514.062365,190283.979363,286230.083002,0.0,0.0,0.0,6395.67,0.0,24209.640592,19.682823
2035-04-14,20,474482.381131,190283.979363,284198.401768,0.0,0.0,0.0,6553.89,0.0,24294.629322,19.53034
2035-04-14,21,442382.845699,190283.979363,252098.866336,0.0,0.0,0.0,7275.23,0.0,23839.583471,18.556652
2035-04-14,22,399141.926577,175195.428642,223946.497934,0.0,0.0,0.0,7921.44,0.0,23112.936801,17.2692
2035-04-14,23,320317.738939,159492.713857,160825.025081,0.0,0.0,0.0,10065.43,0.0,22313.380216,14.355411
2035-04-15,0,278577.499217,159463.351486,119114.147732,0.0,0.0,0.0,11362.64,0.0,21820.581404,12.766731
2035-04-15,1,251730.981298,106795.801651,144935.179646,0.0,0.0,0.0,11633.98,0.0,21673.462078,11.61471
2035-04-15,2,241886.612824,106771.469867,135115.142957,0.0,0.0,0.0,12066.47,0.0,21687.368229,11.153341
2035-04-15,3,256929.532486,121867.396093,135062.136393,0.0,0.0,0.0,12125.69,0.0,22045.401262,11.654564
2035-04-15,4,302766.831496,144210.60696,158556.224537,0.0,0.0,0.0,11640.33,0.0,23102.268214,13.105502
2035-04-15,5,325397.55948,141094.803693,184302.755787,0.0,0.0,0.0,12029.54,0.0,24379.305908,13.347286
2035-04-15,6,338089.755207,154287.123356,183802.631851,0.0,0.0,0.0,12053.9,0.0,24703.87031,13.6857
2035-04-15,7,351495.129128,154273.603915,197221.525213,0.0,0.0,0.0,11568.01,0.0,24863.423466,14.137037
2035-04-15,8,333474.449221,149159.130027,184315.319194,0.0,0.0,0.0,11687.14,0.0,24472.18608,13.626672
2035-04-15,9,323303.21205,142169.533063,181133.678987,0.0,0.0,0.0,11356.11,0.0,23948.65424,13.499849
2035-04-15,10,306048.171514,142169.533063,163878.638451,0.0,0.0,0.0,11587.9,0.0,23514.746644,13.015159
2035-04-15,11,280626.128287,105103.202263,175522.926024,0.0,0.0,0.0,11454.73,0.0,23251.19529,12.069321
2035-04-15,12,271963.021514,107967.563729,163995.457785,0.0,0.0,0.0,11934.73,0.0,23337.435454,11.653509
2035-04-15,13,239939.874474,103461.015194,136478.859281,0.0,0.0,0.0,13270.03,0.0,23581.125769,10.175081
2035-04-15,14,261697.053573,103456.218609,158240.834964,0.0,0.0,0.0,12883.86,0.0,24054.645169,10.879273
2035-04-15,15,293427.114684,118552.144834,174874.96985,0.0,0.0,0.0,12700.33,0.0,24818.13376,11.823093
2035-04-15,16,310437.069359,129306.972035,181130.097324,0.0,0.0,0.0,13057.51,0.0,25640.598333,12.107247
2035-04-15,17,379407.740303,163232.722917,216175.017386,0.0,0.0,0.0,11731.67,0.0,26343.990162,14.402061
2035-04-15,18,422405.718945,185683.128464,236722.59048,0.0,0.0,0.0,10854.75,0.0,26720.06462,15.808559
2035-04-15,19,461959.0802,185283.520805,276675.559394,0.0,0.0,0.0,9584.3,0.0,26980.947996,17.121677
2035-04-15,20,423669.569073,193211.762613,230457.80646,0.0,0.0,0.0,10754.27,0.0,26537.228998,15.965102
2035-04-15,21,320963.067257,157688.56068,163274.506577,0.0,0.0,0.0,13257.5,0.0,25521.507348,12.57618
2035-04-15,22,253214.225567,121074.755264,132139.470302,0.0,0.0,0.0,14642.85,0.0,24482.434296,10.34269
2035-04-15,23,222227.972989,96254.045319,125973.92767,0.0,0.0,0.0,14704.48,0.0,23491.199645,9.460052
2035-04-16,0,206964.096085,102062.023903,104902.072182,0.0,0.0,0.0,14580.77,0.0,22841.984558,9.060688
2035-04-16,1,206198.514768,97568.81239,108629.702378,0.0,0.0,0.0,14191.83,0.0,22481.3321,9.171988
2035-04-16,2,211836.425116,97568.81239,114267.612726,0.0,0.0,0.0,13843.47,0.0,22405.854112,9.454512
2035-04-16,3,228958.616008,112177.426259,116781.189749,0.0,0.0,0.0,13616.17,0.0,22569.222711,10.144728
2035-04-16,4,266655.026492,122988.117998,143666.908494,0.0,0.0,0.0,13158.24,0.0,23352.88482,11.418505
2035-04-16,5,290647.65726,122941.233071,167706.42419,0.0,0.0,0.0,13338.68,0.0,24549.670827,11.839167
2035-04-16,6,306679.482446,133547.56704,173131.915406,0.0,0.0,0.0,13149.68,0.0,24834.267993,12.349045
2035-04-16,7,323525.594698,133542.770455,189982.824243,0.0,0.0,0.0,12640.99,0.0,25083.137603,12.898131
2035-04-16,8,328867.76113,139231.239916,189636.521214,0.0,0.0,0.0,12320.44,0.0,25036.035738,13.135776
2035-04-16,9,334088.220762,150986.224227,183101.996535,0.0,0.0,0.0,11863.67,0.0,24855.270659,13.441343
2035-04-16,10,324741.623354,150983.004436,173758.618919,0.0,0.0,0.0,12255.58,0.0,24928.217126,13.02707
2035-04-16,11,318138.408383,127984.463221,190153.945162,0.0,0.0,0.0,11814.48,0.0,24734.666796,12.862045
2035-04-16,12,316580.272322,127984.463221,188595.809102,0.0,0.0,0.0,12008.5,0.0,24871.222038,12.728778
2035-04-16,13,299855.499831,121155.167291,178700.33254,0.0,0.0,0.0,12694.47,0.0,24996.96143,11.995678
2035-04-16,14,311359.604065,121147.791786,190211.812279,0.0,0.0,0.0,12210.69,0.0,25093.146625,12.408153
2035-04-16,15,326854.911713,118307.762104,208547.149609,0.0,0.0,0.0,11967.58,0.0,25456.999567,12.839491
2035-04-16,16,360543.515581,152899.676295,207643.839286,0.0,0.0,0.0,11617.31,0.0,25765.972181,13.99301
2035-04-16,17,399455.082949,161678.562308,237776.520641,0.0,0.0,0.0,10719.08,0.0,26242.241655,15.221835
2035-04-16,18,456994.129765,198660.016758,258334.113006,0.0,0.0,0.0,10144.6,0.0,26980.928767,16.937672
2035-04-16,19,483654.946118,198657.096323,284997.849794,0.0,0.0,0.0,9513.71,0.0,27467.345768,17.608361
2035-04-16,20,441661.283689,198657.096323,243004.187366,0.0,0.0,0.0,10632.3,0.0,27059.766995,16.321696
2035-04-16,21,348349.35113,164068.124953,184281.226177,0.0,0.0,0.0,12996.02,0.0,26263.143008,13.26381
2035-04-16,22,287246.514953,129073.932831,158172.582122,0.0,0.0,0.0,14204.69,0.0,25348.322098,11.331974
2035-04-16,23,264923.771406,118699.075818,146224.695588,0.0,0.0,0.0,14225.22,0.0,24545.933012,10.79298
2035-04-17,0,251569.189066,118699.075818,132870.113248,0.0,0.0,0.0,14140.74,0.0,23939.127125,10.508704
2035-04-17,1,252486.168892,108862.113103,143624.055789,0.0,0.0,0.0,13878.89,0.0,23783.229196,10.616143
2035-04-17,2,251420.918006,108862.113103,142558.804903,0.0,0.0,0.0,13761.52,0.0,23641.249342,10.634841
2035-04-17,3,274773.302271,135415.115318,139358.186953,0.0,0.0,0.0,13635.6,0.0,24043.694647,11.428082
2035-04-17,4,312280.824633,135739.880073,176540.94456,0.0,0.0,0.0,13177.2,0.0,24991.859708,12.495302
2035-04-17,5,349180.011245,162237.723444,186942.287801,0.0,0.0,0.0,13239.56,0.0,26154.938688,13.350443
2035-04-17,6,362383.656339,167441.500996,194942.155343,0.0,0.0,0.0,12996.45,0.0,26454.606346,13.69832
2035-04-17,7,381501.989847,180283.835178,201218.154669,0.0,0.0,0.0,12489.18,0.0,26561.483798,14.362977
2035-04-17,8,380555.20377,161411.244497,219143.959273,0.0,0.0,0.0,11816.33,0.0,26439.767832,14.393288
2035-04-17,9,390316.493589,162031.881487,228284.612102,0.0,0.0,0.0,10932.0,0.0,25963.552728,15.033247
2035-04-17,10,399594.11254,187258.065019,212336.047521,0.0,0.0,0.0,10657.19,0.0,25488.436376,15.677467
2035-04-17,11,379074.007332,153471.33802,225602.669312,0.0,0.0,0.0,10386.06,0.0,25214.986319,15.033679
2035-04-17,12,374565.306055,140361.990796,234203.315259,0.0,0.0,0.0,10233.8,0.0,25229.771794,14.846163
2035-04-17,13,356211.202971,144152.321156,212058.881815,0.0,0.0,0.0,11113.24,0.0,25347.645124,14.053029
2035-04-17,14,385631.04249,148828.276719,236802.765771,0.0,0.0,0.0,10518.83,0.0,25787.32732,14.954285
2035-04-17,15,445008.408271,205332.797198,239675.611073,0.0,0.0,2.338182,10058.84,0.0,26489.871075,16.799191
2035-04-17,16,458877.847381,205323.656603,253554.190779,0.0,0.0,0.0,10306.77,0.0,27384.664455,16.756745
2035-04-17,17,509831.231968,222471.714567,287359.517401,0.0,0.0,0.0,9500.32,0.0,28066.405856,18.165177
2035-04-17,18,550846.537701,248510.501379,302336.036322,0.0,0.0,0.0,9049.28,0.0,28603.623119,19.257929
2035-04-17,19,574389.272612,247869.802477,326519.470135,0.0,0.0,0.0,8263.85,0.0,28793.387089,19.948652
2035-04-17,20,527771.157073,243725.832472,284045.324601,0.0,0.0,0.0,9403.73,0.0,28309.724341,18.642752
2035-04-17,21,456675.782759,202077.230687,254598.552072,0.0,0.0,0.0,10551.88,0.0,27502.452954,16.604911
2035-04-17,22,402020.892311,178111.418953,223909.473358,0.0,0.0,0.0,11052.76,0.0,26351.539231,15.256069
2035-04-17,23,369031.987867,140682.417901,228349.569966,0.0,0.0,0.0,10287.79,0.0,24836.56932,14.858412
2035-04-18,0,400292.595633,165996.391766,234296.203866,0.0,0.0,0.0,8426.26,0.0,23691.538925,16.896015
2035-04-18,1,402790.029046,170577.696493,232212.332554,0.0,0.0,0.0,7857.79,0.0,23265.982375,17.312402
2035-04-18,2,431535.615414,183225.574887,248310.040528,0.0,0.0,0.0,6669.42,0.0,23050.999795,18.720907
2035-04-18,3,469390.579933,184120.260101,285270.319832,0.0,0.0,0.0,5194.53,0.0,23100.469816,20.319525
2035-04-18,4,524342.506663,234048.842336,290293.664327,0.0,0.0,0.0,4916.7,0.0,23716.360386,22.108894
2035-04-18,5,558920.515515,233846.025913,325074.489603,0.0,0.0,0.0,4529.46,0.0,24777.457154,22.557622
2035-04-18,6,454728.24379,231624.470688,223103.773102,0.0,0.0,0.0,8669.16,0.0,24993.290547,18.194013
2035-04-18,7,385135.626839,155618.004612,229517.622227,0.0,0.0,0.0,10532.79,0.0,25253.30608,15.250899
2035-04-18,8,353011.762921,158673.855877,194337.907044,0.0,0.0,0.0,11669.26,0.0,25245.880978,13.982945
2035-04-18,9,374622.448351,196736.05286,177886.395491,0.0,0.0,0.0,11119.26,0.0,24902.84423,15.04336
2035-04-18,10,448134.181097,199907.901177,248226.279919,0.0,0.0,0.0,8260.28,0.0,24894.729392,18.001167
2035-04-18,11,366690.722965,159753.92193,206936.801034,0.0,0.0,0.0,10360.36,0.0,24661.565643,14.868915
2035-04-18,12,310890.665737,127461.527444,183429.138292,0.0,0.0,0.0,11588.1,0.0,24356.185852,12.764341
2035-04-18,13,268731.194383,109070.260946,159660.933437,0.0,0.0,0.0,12812.78,0.0,24245.730413,11.08365
2035-04-18,14,311471.243746,113768.203375,197703.040371,0.0,0.0,0.0,11421.73,0.0,24388.223773,12.771379
2035-04-18,15,337903.143347,129742.943993,208160.199354,0.0,0.0,2.374024,11133.91,0.0,24811.549113,13.618785
2035-04-18,16,359475.406504,150056.754838,209418.651667,0.0,0.0,0.0,10957.32,0.0,25116.036114,14.312585
2035-04-18,17,406190.05446,166821.0286,239369.02586,0.0,0.0,0.0,9701.68,0.0,25304.031888,16.052385
2035-04-18,18,419806.483296,171512.773255,248293.710041,0.0,0.0,0.0,9369.13,0.0,25465.973522,16.484996
2035-04-18,19,430658.146882,171318.157231,259339.98965,0.0,0.0,0.0,9363.04,0.0,25876.512969,16.64282
2035-04-18,20,431498.424455,171318.157231,260180.267224,0.0,0.0,0.0,8931.18,0.0,25493.412678,16.925879
2035-04-18,21,462253.403488,217267.089251,244986.314237,0.0,0.0,0.0,7813.36,0.0,24533.056073,18.842064
2035-04-18,22,543331.395163,251746.994077,291584.401086,0.0,0.0,0.0,4320.22,0.0,23520.394885,23.100437
2035-04-18,23,522023.869805,235295.853106,286728.016699,0.0,0.0,0.0,3683.94,0.0,22516.659508,23.183895
2035-04-19,0,506963.507496,223960.345284,283003.162212,0.0,0.0,0.0,3451.8,0.0,21981.457121,23.063235
2035-04-19,1,478472.705057,188493.039194,289979.665863,0.0,0.0,0.0,3814.48,0.0,21866.587697,21.881453
2035-04-19,2,479253.104199,190649.280821,288603.823377,0.0,0.0,0.0,3787.35,0.0,21813.050335,21.970935
2035-04-19,3,480072.896109,189931.727293,290141.168816,0.0,0.0,0.0,4136.96,0.0,22222.928178,21.602594
2035-04-19,4,486687.094512,198905.198472,287781.89604,0.0,0.0,0.0,4884.87,0.0,23025.809112,21.13659
2035-04-19,5,507249.877845,206030.246118,301219.631727,0.0,0.0,0.0,5234.12,0.0,23947.479071,21.181765
2035-04-19,6,502187.162936,206011.994806,296175.16813,0.0,0.0,0.0,5736.74,0.0,24316.624791,20.652009
2035-04-19,7,489542.671707,201727.871109,287814.800598,0.0,0.0,0.0,6404.41,0.0,24568.734716,19.925433
2035-04-19,8,441530.952085,198435.45498,243095.497105,0.0,0.0,0.0,8015.32,0.0,24454.957773,18.054865
2035-04-19,9,383782.446419,155936.493115,227845.953304,0.0,0.0,0.0,8966.18,0.0,23925.387326,16.040804
2035-04-19,10,342802.227108,143201.532495,199600.694613,0.0,0.0,0.0,9750.81,0.0,23355.553602,14.677547
2035-04-19,11,347323.312599,143201.532495,204121.780104,0.0,0.0,0.0,9110.1,0.0,22903.919932,15.164361
2035-04-19,12,319412.190566,121276.310339,198135.880226,0.0,0.0,0.0,9281.95,0.0,22492.042886,14.20112
2035-04-19,13,256449.414642,106187.759619,150261.655023,0.0,0.0,0.0,11270.02,0.0,22276.327249,11.512195
2035-04-19,14,265614.853754,103347.729937,162267.123816,0.0,0.0,0.0,10695.13,0.0,22127.056644,12.004075
2035-04-19,15,290403.258709,103347.729937,187055.528772,0.0,0.0,0.0,9954.01,0.0,22351.447915,12.992593
2035-04-19,16,328340.662629,141701.633629,186639.029,0.0,0.0,0.0,9592.61,0.0,22716.956212,14.45355
2035-04-19,17,419229.885572,176034.900936,243194.984636,0.0,0.0,0.0,7114.47,0.0,23077.383966,18.166266
2035-04-19,18,523885.439821,239154.04744,284731.392381,0.0,0.0,0.0,4972.08,0.0,23511.604442,22.281994
2035-04-19,19,613886.575416,277486.381566,336400.19385,0.0,0.0,11.867794,2628.93,0.0,23942.525267,25.64001
2035-04-19,20,640865.189569,277474.874235,363390.315334,0.0,0.0,0.0,1278.95,0.0,23716.468429,27.021949
2035-04-19,21,630895.921309,277474.874235,353421.047074,0.0,0.0,0.0,1091.39,0.0,23175.09392,27.223015
2035-04-19,22,585497.543785,259421.657553,326075.886233,0.0,0.0,0.0,1730.43,0.0,22511.791084,26.008483
2035-04-19,23,564320.271058,234525.987121,329794.283937,0.0,0.0,0.0,1483.71,0.0,21835.295528,25.844407
2035-04-20,0,531970.464025,234525.987121,297444.476903,0.0,0.0,0.0,2271.29,0.0,21440.806382,24.811122
2035-04-20,1,460381.488551,197459.656321,262921.83223,0.0,0.0,0.0,4178.92,0.0,21456.59278,21.456412
2035-04-20,2,457315.977359,181884.666019,275431.311339,0.0,0.0,0.0,4157.09,0.0,21521.889635,21.248877
2035-04-20,3,462395.113655,181884.666019,280510.447636,0.0,0.0,0.0,4291.45,0.0,21834.723248,21.177054
2035-04-20,4,480994.153429,197490.842158,283503.311271,0.0,0.0,0.0,4508.38,0.0,22426.09466,21.447968
2035-04-20,5,513870.712056,213702.79396,300167.918096,0.0,0.0,0.0,4363.04,0.0,23105.651466,22.240044
2035-04-20,6,546774.756842,236178.732036,310596.024805,0.0,0.0,4.011094,4124.46,0.0,23706.146449,23.064683
2035-04-20,7,567904.981686,238392.464558,329512.517127,0.0,0.0,0.0,3829.25,0.0,24186.164587,23.480572
2035-04-20,8,539788.752068,238347.266156,301441.485911,0.0,0.0,0.0,4668.61,0.0,24064.998657,22.43045
2035-04-20,9,471625.094306,204058.330009,267566.764297,0.0,0.0,0.0,5907.93,0.0,23503.069398,20.066532
2035-04-20,10,398700.950824,173103.607788,225597.343036,0.0,0.0,0.0,7559.97,0.0,22960.346877,17.364762
2035-04-20,11,308531.032923,134718.256767,173812.776156,0.0,0.0,0.0,10173.59,0.0,22704.29241,13.589106
2035-04-20,12,247473.215709,108049.622256,139423.593454,0.0,0.0,0.0,12302.09,0.0,22796.2864,10.855857
2035-04-20,13,200992.828397,86311.611034,114681.217363,0.0,0.0,0.0,14393.85,0.0,23006.233064,8.736451
2035-04-20,14,205035.351505,77374.082228,127661.269277,0.0,0.0,0.0,14360.12,0.0,23416.561552,8.755997
2035-04-20,15,236091.662307,92464.411178,143627.251128,0.0,0.0,0.0,14232.61,0.0,24155.378564,9.773875
2035-04-20,16,264840.128568,119002.219347,145837.909221,0.0,0.0,0.0,13929.65,0.0,24857.236814,10.654448
2035-04-20,17,318039.706718,121164.223958,196875.482759,0.0,0.0,0.0,12356.51,0.0,25284.932639,12.57823
2035-04-20,18,358548.348588,150788.48964,207759.858948,0.0,0.0,0.0,11168.49,0.0,25124.66302,14.270772
2035-04-20,19,392318.060167,150611.651695,241706.408472,0.0,0.0,4.797507,9534.54,0.0,24878.034097,15.769657
2035-04-20,20,360698.877725,150611.651695,210087.22603,0.0,0.0,0.0,10352.58,0.0,24528.687003,14.705185
2035-04-20,21,305093.21304,141004.444392,164088.768648,0.0,0.0,0.0,12442.61,0.0,24146.636793,12.635019
2035-04-20,22,254161.226963,122811.710724,131349.516239,0.0,0.0,0.0,13354.8,0.0,23413.460075,10.855347
2035-04-20,23,221443.556924,101839.194854,119604.36207,0.0,0.0,0.0,13694.05,0.0,22594.816857,9.800635
2035-04-21,0,195597.353118,101839.194854,93758.158264,0.0,0.0,0.0,13978.32,0.0,21797.693083,8.973305
2035-04-21,1,189022.474482,97568.81239,91453.662092,0.0,0.0,0.0,13833.12,0.0,21406.769499,8.830033
2035-04-21,2,186630.448874,100433.173855,86197.275018,0.0,0.0,0.0,13590.91,0.0,21042.767318,8.869102
2035-04-21,3,194442.781676,104833.563964,89609.217712,0.0,0.0,0.0,13425.73,0.0,20876.76269,9.313838
2035-04-21,4,191007.276736,85467.786235,105539.490501,0.0,0.0,0.0,12789.8,0.0,20647.991522,9.250647
2035-04-21,5,173389.064455,88518.040224,84871.024231,0.0,0.0,0.0,12957.37,0.0,20140.874231,8.608815
2035-04-21,6,175378.031353,80591.229104,94786.80225,0.0,0.0,0.0,12854.8,0.0,20089.364429,8.729894
2035-04-21,7,229099.077888,109998.55237,119100.525518,0.0,0.0,0.0,12265.9,0.0,21232.630427,10.789953
2035-04-21,8,239700.861738,114316.280767,125384.580971,0.0,0.0,0.0,12568.14,0.0,21983.088642,10.903876
2035-04-21,9,236762.349492,97663.861638,139098.487854,0.0,0.0,0.0,12487.11,0.0,22276.908254,10.628151
2035-04-21,10,239721.13892,97608.58556,142112.55336,0.0,0.0,0.0,12490.84,0.0,22471.974516,10.66756
2035-04-21,11,245437.248177,86858.565384,158578.682794,0.0,0.0,0.0,12424.93,0.0,22889.740516,10.722588
2035-04-21,12,237644.559433,86858.565384,150785.994049,0.0,0.0,0.0,13058.32,0.0,23207.099006,10.240167
2035-04-21,13,216197.258024,81363.172897,134834.085126,0.0,0.0,0.0,14168.08,0.0,23535.57296,9.185978
2035-04-21,14,239213.090722,97302.022603,141911.068119,0.0,0.0,0.0,13644.38,0.0,23837.346581,10.035223
2035-04-21,15,258745.699574,102808.863352,155936.836222,0.0,0.0,0.0,13221.79,0.0,24144.16083,10.716699
2035-04-21,16,266359.977276,116264.890733,150095.086544,0.0,0.0,0.0,13433.41,0.0,24507.391341,10.868557
2035-04-21,17,312404.331853,121159.530356,191244.801497,0.0,0.0,0.0,11799.27,0.0,24675.163292,12.660679
2035-04-21,18,350362.846366,145662.166123,204700.680243,0.0,0.0,0.0,10742.06,0.0,24539.673939,14.277404
2035-04-21,19,381606.083275,145634.60018,235971.483095,0.0,0.0,0.0,9590.48,0.0,24612.229757,15.504734
2035-04-21,20,364841.133996,145634.60018,219206.533817,0.0,0.0,0.0,10089.01,0.0,24515.258913,14.882206
2035-04-21,21,293439.568065,135320.954837,158118.613228,0.0,0.0,0.0,12117.26,0.0,23795.772437,12.331584
2035-04-21,22,238412.492754,103557.967173,134854.525581,0.0,0.0,0.0,13199.67,0.0,22898.783088,10.411579
2035-04-21,23,217332.930196,96989.823966,120343.10623,0.0,0.0,0.0,13347.02,0.0,22167.854333,9.803968
2035-04-22,0,200973.657085,96989.823966,103983.833119,0.0,0.0,0.0,13473.45,0.0,21622.756627,9.294544
2035-04-22,1,195962.312325,95342.239411,100620.072915,0.0,0.0,0.0,13413.94,0.0,21368.238149,9.170729
2035-04-22,2,204641.622895,95342.239411,109299.383485,0.0,0.0,0.0,12963.86,0.0,21295.007837,9.60984
2035-04-22,3,219773.829034,99261.137291,120512.691743,0.0,0.0,0.0,12522.3,0.0,21423.988615,10.258306
2035-04-22,4,258106.610881,109079.100304,149027.510577,0.0,0.0,0.0,11757.79,0.0,22052.365297,11.70426
2035-04-22,5,279316.223463,111653.41296,167662.810503,0.0,0.0,0.0,11668.64,0.0,22856.720457,12.220311
2035-04-22,6,310565.99425,143092.768887,167473.225363,0.0,0.0,0.0,11014.13,0.0,23198.96292,13.387064
2035-04-22,7,379765.215353,143073.013941,236692.201412,0.0,0.0,4.70654,8775.85,0.0,23718.687763,16.011224
2035-04-22,8,331823.92724,143073.013941,188750.913299,0.0,0.0,0.0,10878.97,0.0,24038.14646,13.804056
2035-04-22,9,317547.24408,133215.163857,184332.080222,0.0,0.0,0.0,11549.5,0.0,24186.47391,13.129125
2035-04-22,10,298636.144259,132792.391645,165843.752614,0.0,0.0,0.0,12251.06,0.0,24181.163303,12.349949
2035-04-22,11,299658.960997,110867.16949,188791.791507,0.0,0.0,0.0,11630.12,0.0,24092.354162,12.437928
2035-04-22,12,297027.220815,108027.139808,189000.081007,0.0,0.0,0.0,11584.46,0.0,23965.400908,12.394002
2035-04-22,13,271261.397282,102531.747322,168729.64996,0.0,0.0,0.0,12323.97,0.0,23778.122249,11.408024
2035-04-22,14,277030.453413,105396.108788,171634.344625,0.0,0.0,0.0,12192.49,0.0,23783.783886,11.647871
2035-04-22,15,293963.669744,124822.684473,169140.98527,0.0,0.0,0.0,11951.96,0.0,23982.137835,12.257609
2035-04-22,16,316688.645281,121715.571387,194973.073894,0.0,0.0,0.0,11365.51,0.0,24284.249333,13.040907
2035-04-22,17,334102.320103,124771.422652,209330.897451,0.0,0.0,0.0,10764.82,0.0,24395.115663,13.69546
2035-04-22,18,382999.094191,164067.805125,218931.289066,0.0,0.0,0.0,10159.62,0.0,24801.247301,15.442735
2035-04-22,19,416949.334745,163337.230559,253612.104186,0.0,0.0,0.0,9408.6,0.0,25497.003358,16.352876
2035-04-22,20,385331.169297,163337.230559,221993.938738,0.0,0.0,0.0,10247.54,0.0,25161.077909,15.314573
2035-04-22,21,307027.738092,144264.302195,162763.435898,0.0,0.0,0.0,12305.63,0.0,24244.502875,12.663808
2035-04-22,22,246636.45771,113879.829695,132756.628015,0.0,0.0,0.0,13277.02,0.0,23104.161718,10.67498
2035-04-22,23,226224.897939,102056.426627,124168.471312,0.0,0.0,0.0,13483.94,0.0,22558.831265,10.028219
2035-04-23,0,212464.737387,102056.426627,110408.31076,0.0,0.0,0.0,13543.38,0.0,22066.187276,9.628521
2035-04-23,1,205499.933903,99216.396945,106283.536958,0.0,0.0,0.0,13547.23,0.0,21796.310931,9.428198
2035-04-23,2,255713.446061,124786.20674,130927.239322,0.0,0.0,0.0,11466.35,0.0,21660.427542,11.805559
2035-04-23,3,340099.296208,140249.519415,199849.776793,0.0,0.0,0.0,8428.82,0.0,21876.338474,15.546445
2035-04-23,4,416640.457887,181023.772877,235616.68501,0.0,0.0,0.0,6902.28,0.0,22606.26263,18.430311
2035-04-23,5,467670.537947,195255.928014,272414.609933,0.0,0.0,0.0,6200.53,0.0,23597.071146,19.819008
2035-04-23,6,491286.357535,197603.304655,293683.05288,0.0,0.0,0.0,5868.89,0.0,24031.922206,20.443074
2035-04-23,7,494101.851955,197558.106253,296543.745702,0.0,0.0,0.0,5815.0,0.0,24091.323034,20.509536
2035-04-23,8,464349.429525,204419.292455,259930.13707,0.0,0.0,0.0,6944.68,0.0,24108.403477,19.260895
2035-04-23,9,425989.792579,195535.952568,230453.840011,0.0,0.0,0.0,7926.85,0.0,23917.736171,17.810623
2035-04-23,10,366387.870875,139021.759042,227366.111833,0.0,0.0,0.0,9259.65,0.0,23951.140836,15.297304
2035-04-23,11,358125.816747,131978.845669,226146.971078,0.0,0.0,0.0,9096.0,0.0,23605.879838,15.171043
2035-04-23,12,336602.842425,129138.815987,207464.026438,0.0,0.0,0.0,9663.94,0.0,23408.392023,14.37958
2035-04-23,13,257474.133374,118273.230369,139200.903005,0.0,0.0,0.0,12512.43,0.0,23189.638225,11.102982
2035-04-23,14,256343.107391,97336.472995,159006.634396,0.0,0.0,0.0,12337.61,0.0,23173.819546,11.061755
2035-04-23,15,254485.953746,97326.173345,157159.780401,0.0,0.0,0.0,12460.36,0.0,23236.558297,10.951964
2035-04-23,16,265174.226618,111134.576445,154039.650173,0.0,0.0,0.0,12786.82,0.0,23508.427436,11.279964
2035-04-23,17,318675.611884,140382.450152,178293.161733,0.0,0.0,0.0,11329.82,0.0,24001.625033,13.277251
2035-04-23,18,380227.883357,174947.295963,205280.587394,0.0,0.0,0.0,10199.61,0.0,24709.787843,15.387744
2035-04-23,19,437172.910831,169500.756018,267672.154813,0.0,0.0,0.0,8648.71,0.0,25415.570966,17.200987
2035-04-23,20,430018.662109,191432.175948,238586.48616,0.0,0.0,0.0,9007.12,0.0,25055.155607,17.162881
2035-04-23,21,332233.968414,175435.412333,156798.556081,0.0,0.0,0.0,11418.58,0.0,23967.853425,13.861649
2035-04-23,22,244260.127306,106557.21456,137702.912746,0.0,0.0,0.0,13142.96,0.0,23043.67862,10.599876
2035-04-23,23,221146.499222,101331.394194,119815.105027,0.0,0.0,0.0,13264.42,0.0,22237.355988,9.94482
2035-04-24,0,216936.207278,103582.367322,113353.839956,0.0,0.0,0.0,13112.89,0.0,21859.307711,9.924203
2035-04-24,1,241842.94651,106206.445421,135636.501089,0.0,0.0,0.0,12091.32,0.0,21860.769013,11.062875
2035-04-24,2,290727.194423,127043.38278,163683.811643,0.0,0.0,0.0,10302.79,0.0,21867.620056,13.294871
2035-04-24,3,358736.231859,182469.85042,176266.381439,0.0,0.0,0.0,8841.43,0.0,22244.00726,16.12732
2035-04-24,4,450189.325805,205996.879994,244192.44581,0.0,0.0,0.0,6501.1,0.0,23137.185943,19.457393
2035-04-24,5,541097.070027,242976.379837,298120.69019,0.0,0.0,0.0,4938.58,0.0,24231.400188,22.330409
2035-04-24,6,558496.52093,242973.459402,315523.061528,0.0,0.0,0.0,4490.38,0.0,24531.381248,22.766615
2035-04-24,7,536120.329923,242973.459402,293146.870521,0.0,0.0,0.0,5355.72,0.0,24569.174391,21.820852
2035-04-24,8,492023.968747,225559.369994,266464.598752,0.0,0.0,0.0,6407.54,0.0,24218.8285,20.315763
2035-04-24,9,431310.879904,184724.695701,246586.184203,0.0,0.0,0.0,7376.84,0.0,23747.477787,18.162387
2035-04-24,10,371872.070244,162040.199165,209831.871078,0.0,0.0,0.0,8551.38,0.0,23142.926263,16.068498
2035-04-24,11,339363.693697,127451.227795,211912.465902,0.0,0.0,0.0,8736.75,0.0,22618.787272,15.00362
2035-04-24,12,320486.661083,127451.227795,193035.433288,0.0,0.0,0.0,9067.68,0.0,22247.223437,14.405693
2035-04-24,13,290835.305279,109522.647393,181312.657886,0.0,0.0,0.0,9630.66,0.0,21971.641464,13.236849
2035-04-24,14,304830.930711,109522.647393,195308.283319,0.0,0.0,0.0,9052.34,0.0,21928.535953,13.901107
2035-04-24,15,322157.158372,112387.008858,209770.149513,0.0,0.0,0.0,8673.85,0.0,22098.786377,14.578048
2035-04-24,16,357488.350378,162948.145526,194540.204852,0.0,0.0,0.0,8545.51,0.0,22462.3824,15.914979
2035-04-24,17,430048.413174,184029.561007,246018.852166,0.0,0.0,0.0,6785.86,0.0,23167.051214,18.562933
2035-04-24,18,508914.043134,222997.770724,285916.27241,0.0,0.0,0.0,5327.26,0.0,23833.264239,21.353099
2035-04-24,19,574154.273736,264611.641679,309542.632058,0.0,0.0,0.0,4124.75,0.0,24275.078205,23.652005
2035-04-24,20,607257.61541,264578.91745,342678.69796,0.0,0.0,0.0,2524.29,0.0,24024.523689,25.276573
2035-04-24,21,595569.199612,264578.91745,330990.282162,0.0,0.0,0.0,1898.53,0.0,22968.038748,25.930346
2035-04-24,22,556460.781619,243440.00501,313020.776609,0.0,0.0,0.0,1903.4,0.0,21863.125632,25.452023
2035-04-24,23,546923.496638,243440.00501,303483.491628,0.0,0.0,0.0,1677.01,0.0,21283.889694,25.696595
2035-04-25,0,537272.173798,243440.00501,293832.168788,0.0,0.0,0.0,1681.02,0.0,20930.34127,25.669537
2035-04-25,1,508492.460891,205907.128602,302585.332289,0.0,0.0,0.0,1912.62,0.0,20790.210616,24.458264
2035-04-25,2,503972.597475,205907.128602,298065.468873,0.0,0.0,0.0,2091.74,0.0,20837.880838,24.185405
2035-04-25,3,501121.127103,205907.128602,295213.998501,0.0,0.0,0.0,2517.17,0.0,21174.432759,23.666331
2035-04-25,4,531685.136675,243569.261848,288115.874828,0.0,0.0,0.0,3123.34,0.0,22060.497497,24.101231
2035-04-25,5,556784.858508,243149.261783,313635.596724,0.0,0.0,0.0,3369.83,0.0,23345.95865,23.849304
2035-04-25,6,554530.602799,243149.261783,311381.341016,0.0,0.0,0.0,3632.81,0.0,23525.511123,23.571458
2035-04-25,7,546987.128297,243149.261783,303837.866514,0.0,0.0,0.0,3956.71,0.0,23570.37315,23.206554
2035-04-25,8,499485.257875,206082.930983,293402.326892,0.0,0.0,0.0,4997.78,0.0,23607.886937,21.157559
2035-04-25,9,466229.932846,206082.930983,260147.001863,0.0,0.0,0.0,6207.78,0.0,23589.278672,19.764485
2035-04-25,10,411517.435426,162975.275927,248542.159499,0.0,0.0,0.0,7763.81,0.0,23843.944697,17.258782
2035-04-25,11,416886.516508,162975.275927,253911.240581,0.0,0.0,0.0,7699.91,0.0,23977.456665,17.386603
2035-04-25,12,400557.752949,162975.275927,237582.477022,0.0,0.0,0.0,8758.23,0.0,24432.625027,16.394381
2035-04-25,13,381003.184393,159682.859798,221320.324595,0.0,0.0,0.0,10370.99,0.0,25349.975024,15.029726
2035-04-25,14,401557.221476,159682.859798,241874.361678,0.0,0.0,0.0,10428.46,0.0,26138.860665,15.362461
2035-04-25,15,434213.54731,181614.279728,252599.267582,0.0,0.0,0.0,10913.62,0.0,27262.370828,15.927212
2035-04-25,16,450087.636438,211524.137099,238563.499339,0.0,0.0,0.0,11521.8,0.0,28048.22533,16.04692
2035-04-25,17,539058.877235,240669.75039,298389.126845,0.0,0.0,0.0,9132.58,0.0,28511.745793,18.906555
2035-04-25,18,624038.466145,298194.207094,325844.259051,0.0,0.0,0.0,7006.45,0.0,28291.32861,22.057588
2035-04-25,19,695158.018323,324061.919573,371096.098749,0.0,0.0,0.0,4560.81,0.0,28049.996295,24.78282
2035-04-25,20,704282.023753,324057.682956,380224.340797,0.0,0.0,0.0,3344.52,0.0,27254.640906,25.840811
2035-04-25,21,672830.051547,324057.682956,348772.36859,0.0,0.0,0.0,3218.06,0.0,25953.023808,25.924919
2035-04-25,22,607384.924055,277720.21442,329664.709634,0.0,0.0,0.0,3235.49,0.0,24490.913771,24.800419
2035-04-25,23,605217.284765,260064.005542,345153.279223,0.0,0.0,0.0,2087.22,0.0,23576.984052,25.669835
2035-04-26,0,598677.15892,260064.005542,338613.153378,0.0,0.0,0.0,1603.6,0.0,22861.396779,26.187252
2035-04-26,1,583141.334219,243149.261783,339992.072435,0.0,0.0,0.0,1662.17,0.0,22593.667701,25.809946
2035-04-26,2,583827.623853,243149.261783,340678.362069,0.0,0.0,0.0,1564.85,0.0,22505.407237,25.94166
2035-04-26,3,583539.397804,243149.261783,340390.136021,0.0,0.0,0.0,2030.18,0.0,22972.246501,25.40193
2035-04-26,4,608542.977501,282385.376824,326157.600677,0.0,0.0,0.0,3087.94,0.0,24146.702262,25.201908
2035-04-26,5,650559.693732,282341.390905,368218.302827,0.0,0.0,0.0,3205.45,0.0,25922.496514,25.096336
2035-04-26,6,650431.224974,282341.390905,368089.834069,0.0,0.0,7.200672,3596.98,0.0,26305.982429,24.725601
2035-04-26,7,616900.818621,283904.750521,332996.0681,0.0,0.0,0.0,4754.81,0.0,26222.067197,23.526018
2035-04-26,8,567199.82482,256181.216864,311018.607956,0.0,0.0,0.0,5893.21,0.0,26032.668344,21.788002
2035-04-26,9,490975.785161,219114.886064,271860.899097,0.0,0.0,0.0,7684.75,0.0,25759.027217,19.060339
2035-04-26,10,413591.89285,181432.279572,232159.613277,0.0,0.0,0.0,9959.93,0.0,25691.378653,16.09847
2035-04-26,11,405497.290507,156186.196798,249311.093709,0.0,0.0,0.0,9868.44,0.0,25739.455909,15.753918
2035-04-26,12,399750.346598,153346.167116,246404.179482,0.0,0.0,0.0,10425.61,0.0,26101.719492,15.315096
2035-04-26,13,362762.677777,153346.167116,209416.510661,0.0,0.0,0.0,12116.76,0.0,26411.374393,13.735093
2035-04-26,14,379734.495776,153346.167116,226388.32866,0.0,0.0,0.0,11823.81,0.0,26768.079545,14.186094
2035-04-26,15,415007.095282,175277.587046,239729.508236,0.0,0.0,0.0,11700.97,0.0,27445.786585,15.120977
2035-04-26,16,436099.338556,190596.158351,245503.180205,0.0,0.0,0.0,11507.6,0.0,27841.68986,15.663537
2035-04-26,17,479196.635534,198590.407485,280606.228048,0.0,0.0,0.0,10208.81,0.0,28062.673847,17.075944
2035-04-26,18,516503.993281,227124.299818,289379.693463,0.0,0.0,0.0,9190.48,0.0,27923.936442,18.496819
2035-04-26,19,543991.529013,227046.041042,316945.487971,0.0,0.0,0.0,7780.28,0.0,27694.544485,19.642552
2035-04-26,20,529234.874994,227046.041042,302188.833953,0.0,0.0,0.0,7795.49,0.0,27173.811177,19.475916
2035-04-26,21,467922.439952,213495.988902,254426.451049,0.0,0.0,0.0,8925.09,0.0,26156.543669,17.889307
2035-04-26,22,403544.817254,189247.600762,214297.216492,0.0,0.0,0.0,9860.65,0.0,25025.841217,16.125125
2035-04-26,23,360825.402503,154471.413316,206353.989188,0.0,0.0,0.0,10011.73,0.0,24026.621615,15.017734
2035-04-27,0,332930.757598,154471.413316,178459.344282,0.0,0.0,0.0,10314.63,0.0,23244.460422,14.323015
2035-04-27,1,313637.613908,132792.391645,180845.222263,0.0,0.0,0.0,10372.4,0.0,22860.476865,13.719644
2035-04-27,2,311374.557338,132792.391645,178582.165692,0.0,0.0,0.0,10235.83,0.0,22627.43234,13.760932
2035-04-27,3,318925.092994,135375.346052,183549.746941,0.0,0.0,0.0,10128.77,0.0,22742.669867,14.023204
2035-04-27,4,355554.914132,151597.115522,203957.798609,0.0,0.0,0.0,9656.31,0.0,23245.230076,15.295823
2035-04-27,5,362349.110174,151589.697349,210759.412825,0.0,0.0,0.0,9824.29,0.0,23759.046841,15.250995
2035-04-27,6,385795.570743,171926.614088,213868.956656,0.0,0.0,0.0,9716.63,0.0,24102.222194,16.006639
2035-04-27,7,418804.366354,171333.557191,247470.809163,0.0,0.0,0.0,9382.83,0.0,25047.665197,16.720296
2035-04-27,8,393686.357516,164661.411434,229024.946082,0.0,0.0,0.0,10392.43,0.0,25425.317953,15.484029
2035-04-27,9,388006.542611,159758.167048,228248.375563,0.0,0.0,0.0,10512.23,0.0,25442.499612,15.250331
2035-04-27,10,394435.067449,178114.361774,216320.705675,0.0,0.0,0.0,10546.68,0.0,25509.412272,15.462335
2035-04-27,11,421536.264648,182222.938035,239313.326613,0.0,0.0,0.0,9836.89,0.0,25838.211169,16.314452
2035-04-27,12,420556.04198,164277.437016,256278.604964,0.0,0.0,0.0,10076.22,0.0,26414.25106,15.921558
2035-04-27,13,345183.119757,164254.611972,180928.507785,0.0,0.0,0.0,13716.97,0.0,27169.484459,12.704809
2035-04-27,14,412942.080052,188032.901542,224909.17851,0.0,0.0,0.0,12576.57,0.0,28191.134903,14.647941
2035-04-27,15,487008.119753,209844.766285,277163.353467,0.0,0.0,0.0,11440.44,0.0,29464.059668,16.528887
2035-04-27,16,554147.212533,263361.327453,290785.88508,0.0,0.0,0.0,11122.51,0.0,30510.478704,18.162521
2035-04-27,17,611648.378426,276329.149263,335319.229164,0.0,0.0,0.0,9398.11,0.0,30787.532323,19.866756
2035-04-27,18,653178.947703,303206.551143,349972.39656,0.0,0.0,0.0,7987.55,0.0,30322.727324,21.540904
2035-04-27,19,675686.691573,303041.073608,372645.617966,0.0,0.0,0.0,6385.51,0.0,29622.344303,22.810034
2035-04-27,20,667917.75099,303041.073608,364876.677382,0.0,0.0,0.0,5766.71,0.0,28690.249118,23.280305
2035-04-27,21,616781.303842,294302.167171,322479.13667,0.0,0.0,0.0,6675.41,0.0,27862.340589,22.136737
2035-04-27,22,525966.684607,264724.0834,261242.601207,0.0,0.0,0.0,8731.58,0.0,27044.875056,19.447924
2035-04-27,23,443544.324962,187247.229437,256297.095525,0.0,0.0,0.0,9131.73,0.0,25805.769111,17.187797
2035-04-28,0,398101.860052,186021.409448,212080.450604,0.0,0.0,0.0,9838.36,0.0,24798.369519,16.05355
2035-04-28,1,337710.052066,143201.532495,194508.519571,0.0,0.0,0.0,10795.82,0.0,24124.541704,13.99861
2035-04-28,2,344486.030162,143201.532495,201284.497667,0.0,0.0,0.0,9853.82,0.0,23506.93968,14.654652
2035-04-28,3,353004.362313,143201.532495,209802.829818,0.0,0.0,0.0,9097.37,0.0,23085.639459,15.29108
2035-04-28,4,354315.980542,143201.532495,211114.448047,0.0,0.0,0.0,8385.57,0.0,22432.957937,15.794439
2035-04-28,5,328880.471852,121276.310339,207604.161513,0.0,0.0,0.0,7934.5,0.0,21490.188576,15.30375
2035-04-28,6,360284.442395,158532.499349,201751.943046,0.0,0.0,0.0,7458.61,0.0,21416.669001,16.822618
2035-04-28,7,408198.420649,158498.079353,249700.341296,0.0,0.0,0.0,6896.33,0.0,22763.702763,17.931987
2035-04-28,8,401924.914797,158498.079353,243426.835444,0.0,0.0,0.0,8358.45,0.0,23987.396219,16.755671
2035-04-28,9,387558.927671,158498.079353,229060.848317,0.0,0.0,0.0,9576.06,0.0,24672.771807,15.707961
2035-04-28,10,354026.904951,158498.079353,195528.825598,0.0,0.0,0.0,11309.58,0.0,25114.205909,14.096679
2035-04-28,11,356371.516606,136572.857198,219798.659408,0.0,0.0,0.0,11573.19,0.0,25876.392056,13.772071
2035-04-28,12,358435.873615,136572.857198,221863.016417,0.0,0.0,0.0,12196.54,0.0,26663.421764,13.442981
2035-04-28,13,340728.795013,138540.363149,202188.431864,0.0,0.0,0.0,13748.71,0.0,27462.180962,12.407201
2035-04-28,14,363072.584234,142234.062705,220838.521529,0.0,0.0,0.0,13749.7,0.0,28140.130669,12.902306
2035-04-28,15,391276.88375,164146.668993,227130.214757,0.0,0.0,0.0,13740.85,0.0,28806.659245,13.582862
2035-04-28,16,440986.651537,198732.38541,242254.266127,0.0,0.0,0.0,12893.7,0.0,29282.913583,15.059521
2035-04-28,17,478644.861483,198984.722634,279660.138849,0.0,0.0,0.0,11629.31,0.0,29501.386782,16.224487
2035-04-28,18,525396.54334,239250.133175,286146.410165,0.0,0.0,0.0,10788.49,0.0,29495.572063,17.812726
2035-04-28,19,551565.648961,239205.115909,312360.533053,0.0,0.0,0.0,9396.3,0.0,29200.142305,18.889142
2035-04-28,20,507518.424659,246812.442628,260705.982031,0.0,0.0,0.0,10778.24,0.0,28738.897555,17.659634
2035-04-28,21,406693.906142,199470.259324,207223.646817,0.0,0.0,0.0,13204.41,0.0,28010.912608,14.519124
2035-04-28,22,330293.748565,158609.061202,171684.687363,0.0,0.0,0.0,14441.07,0.0,26940.145223,12.260281
2035-04-28,23,296947.317701,132071.893904,164875.423797,0.0,0.0,0.0,14390.91,0.0,25679.229703,11.563716
2035-04-29,0,281677.758451,132071.893904,149605.864547,0.0,0.0,0.0,14137.35,0.0,24821.529975,11.348122
2035-04-29,1,269340.523169,116980.303499,152360.21967,0.0,0.0,0.0,13848.29,0.0,24285.228783,11.090714
2035-04-29,2,273403.284496,116980.303499,156422.980998,0.0,0.0,0.0,13362.85,0.0,24005.851263,11.389027
2035-04-29,3,289333.180695,129118.296602,160214.884093,0.0,0.0,0.0,13023.45,0.0,24140.049903,11.985608
2035-04-29,4,334060.706107,145317.070469,188743.635638,0.0,0.0,0.0,12362.09,0.0,24803.8017,13.468125
2035-04-29,5,353140.510096,155915.986265,197224.523831,0.0,0.0,0.0,12679.85,0.0,25876.973815,13.646901
2035-04-29,6,368843.772359,158543.807876,210299.964483,0.0,0.0,0.0,12578.46,0.0,26384.44611,13.979591
2035-04-29,7,395433.675857,178372.58556,217061.090297,0.0,0.0,0.0,12163.78,0.0,26835.51151,14.735463
2035-04-29,8,409588.785214,182728.016626,226860.768588,0.0,0.0,0.0,11791.52,0.0,27051.619541,15.141008
2035-04-29,9,426060.439837,179452.824947,246607.61489,0.0,0.0,0.0,11054.81,0.0,27126.331622,15.706526
2035-04-29,10,409000.670356,180977.21053,228023.459826,0.0,0.0,0.0,11737.97,0.0,27177.248638,15.049377
2035-04-29,11,447270.097496,218286.49965,228983.597846,0.0,0.0,0.0,10997.94,0.0,27271.805416,16.400458
2035-04-29,12,447921.200396,181175.129197,266746.071199,0.0,0.0,0.0,10498.36,0.0,27681.40621,16.181302
2035-04-29,13,458337.784692,184646.241302,273691.543389,0.0,0.0,0.0,10493.31,0.0,27998.271572,16.370217
2035-04-29,14,479297.820687,201077.762144,278220.058544,0.0,0.0,0.0,10161.64,0.0,28137.975037,17.033842
2035-04-29,15,496366.719404,205244.45875,291122.260654,0.0,0.0,0.0,10049.16,0.0,28603.18567,17.353547
2035-04-29,16,511524.417066,227945.845155,283578.571911,0.0,0.0,0.0,10502.52,0.0,29020.947201,17.626041
2035-04-29,17,555830.521763,246198.044493,309632.477271,0.0,0.0,0.0,9427.9,0.0,29339.362394,18.944874
2035-04-29,18,577158.498438,261906.015113,315252.483325,0.0,0.0,0.0,9237.27,0.0,29602.016208,19.49727
2035-04-29,19,593962.352784,259679.234549,334283.118235,0.0,0.0,1.718678,8933.05,0.0,29975.880616,19.814676
2035-04-29,20,554821.817668,259679.234549,295142.583119,0.0,0.0,0.0,9860.6,0.0,29414.420145,18.862239
2035-04-29,21,492631.16144,221316.520134,271314.641305,0.0,0.0,0.0,10984.91,0.0,28737.23509,17.142608
2035-04-29,22,459156.370199,217548.176641,241608.193559,0.0,0.0,0.0,10963.56,0.0,27651.227842,16.60528
2035-04-29,23,410146.859008,182959.20527,227187.653738,0.0,0.0,0.0,11531.36,0.0,26797.366429,15.305491
2035-04-30,0,401468.904413,216982.90489,184485.999524,0.0,0.0,0.0,12295.71,0.0,26258.350732,15.28919
2035-04-30,1,354887.909582,182187.309409,172700.600173,0.0,0.0,0.0,12894.94,0.0,25874.481463,13.71575
2035-04-30,2,363464.229668,159257.380158,204206.849511,0.0,0.0,0.0,12133.44,0.0,25721.875666,14.130549
2035-04-30,3,388195.863836,177828.848059,210367.015776,0.0,0.0,0.0,11467.04,0.0,25906.864274,14.984286
2035-04-30,4,423989.259054,177796.032529,246193.226525,0.0,0.0,0.0,10757.56,0.0,26564.596558,15.960689
2035-04-30,5,466989.301603,220316.188527,246673.113076,0.0,0.0,0.0,11032.9,0.0,27734.345992,16.837942
2035-04-30,6,473783.263925,225742.310267,248040.953659,0.0,0.0,0.0,11288.27,0.0,28260.056535,16.765121
2035-04-30,7,471071.357926,203771.388159,267299.969767,0.0,0.0,0.0,11186.07,0.0,28426.28901,16.57168
2035-04-30,8,447946.369516,197969.006852,249977.362664,0.0,0.0,0.0,12062.07,0.0,28387.867806,15.7795
2035-04-30,9,443029.60751,193305.408702,249724.198808,0.0,0.0,0.0,11777.09,0.0,28256.900602,15.678634
2035-04-30,10,446946.200035,193299.811426,253646.388609,0.0,0.0,0.0,11791.46,0.0,28451.76326,15.70891
2035-04-30,11,478448.382655,213378.649938,265069.732717,0.0,0.0,0.0,10913.52,0.0,28416.420352,16.837039
2035-04-30,12,510586.114195,212776.567347,297809.546848,0.0,0.0,0.0,9797.42,0.0,28608.621003,17.847282
2035-04-30,13,509748.708885,212776.567347,296972.141537,0.0,0.0,0.0,9901.07,0.0,28658.098125,17.787248
2035-04-30,14,503602.97213,212776.567347,290826.404783,0.0,0.0,0.0,9707.47,0.0,28266.775712,17.816074
2035-04-30,15,538520.308418,241000.10539,297520.203028,0.0,0.0,0.0,9123.17,0.0,28363.052523,18.986684
2035-04-30,16,558139.27607,240791.955476,317347.320595,0.0,0.0,0.0,8296.02,0.0,28363.426846,19.678133
2035-04-30,17,535793.711397,233459.654599,302334.056798,0.0,0.0,0.0,9007.71,0.0,28446.327974,18.83525
2035-04-30,18,549164.429551,238157.597029,311006.832522,0.0,0.0,0.0,9028.03,0.0,28855.123309,19.031782
2035-04-30,19,559384.668812,238138.783387,321245.885425,0.0,0.0,0.0,8957.02,0.0,29175.302386,19.173226
2035-04-30,20,532884.273492,238138.783387,294745.490105,0.0,0.0,0.0,9338.61,0.0,28598.52625,18.633277
2035-04-30,21,463183.035788,212959.76594,250223.269849,0.0,0.0,0.0,10645.86,0.0,27666.692011,16.74154
2035-04-30,22,418148.276473,175767.772112,242380.50436,0.0,0.0,0.0,11226.82,0.0,26903.215464,15.542688
2035-04-30,23,416155.006633,183696.01392,232458.992713,0.0,0.0,0.0,11253.35,0.0,26780.792016,15.539309
2035-05-01,0,402773.984096,183677.762607,219096.221489,0.0,0.0,0.0,11122.37,0.0,26135.750049,15.410845
2035-05-01,1,396371.716765,168999.942649,227371.774116,0.0,0.0,0.0,10768.38,0.0,25893.277471,15.307901
2035-05-01,2,435591.031195,182567.692785,253023.338411,0.0,0.0,0.0,9326.44,0.0,25721.705037,16.934765
2035-05-01,3,484062.390752,217014.399269,267047.991483,0.0,0.0,0.0,8328.77,0.0,26020.033609,18.60345
2035-05-01,4,531063.092468,234397.387132,296665.705336,0.0,0.0,0.0,7670.64,0.0,26830.433352,19.79331
2035-05-01,5,572011.441714,249313.737587,322697.704127,0.0,0.0,0.0,7468.72,0.0,27791.92121,20.581932
2035-05-01,6,617225.734845,293911.935689,323313.799156,0.0,0.0,0.0,6774.91,0.0,27868.150861,22.148069
2035-05-01,7,655082.445676,290251.3814,364831.064276,0.0,0.0,0.0,5444.68,0.0,28150.333626,23.270859
2035-05-01,8,634310.254348,290251.3814,344058.872948,0.0,0.0,0.0,6420.29,0.0,28380.475679,22.350233
2035-05-01,9,632701.732543,290882.31804,341819.414503,0.0,0.0,0.0,6821.66,0.0,28707.391148,22.039681
2035-05-01,10,640035.664811,298045.353168,341990.311643,0.0,0.0,0.0,7010.76,0.0,28933.627504,22.120823
2035-05-01,11,655811.03965,295610.753464,360200.286186,0.0,0.0,0.0,6498.08,0.0,29094.895615,22.540416
2035-05-01,12,631209.107653,286859.224458,344349.883195,0.0,0.0,0.0,7242.46,0.0,29201.141942,21.615905
2035-05-01,13,607865.892906,276109.970866,331755.92204,0.0,0.0,0.0,7813.46,0.0,29043.5419,20.929468
2035-05-01,14,593139.402,260746.023973,332393.378027,0.0,0.0,0.0,7677.67,0.0,28680.455416,20.680962
2035-05-01,15,572873.275867,251104.277976,321768.997891,0.0,0.0,0.0,8011.19,0.0,28519.322493,20.087198
2035-05-01,16,583495.134582,270255.582459,313239.552123,0.0,0.0,0.0,8099.91,0.0,28396.193702,20.548357
2035-05-01,17,626006.296639,294578.430982,331427.865656,0.0,0.0,0.0,7213.56,0.0,28524.706388,21.946108
2035-05-01,18,621194.717297,274926.739109,346267.978188,0.0,0.0,0.0,6916.51,0.0,28719.38146,21.629808
2035-05-01,19,607894.743099,267883.825736,340010.917364,0.0,0.0,0.0,7227.45,0.0,28647.635665,21.219718
2035-05-01,20,583228.100682,269804.027376,313424.073306,0.0,0.0,0.0,7452.43,0.0,27851.192097,20.940867
2035-05-01,21,494134.215251,232534.072661,261600.14259,0.0,0.0,0.0,8965.46,0.0,26830.830023,18.416658
2035-05-01,22,421633.083145,173065.127423,248567.955722,0.0,0.0,0.0,9751.88,0.0,25986.63756,16.224996
2035-05-01,23,410976.130245,178117.616728,232858.513517,0.0,0.0,0.0,9404.33,0.0,25018.700164,16.426758
2035-05-02,0,406980.814243,184926.514355,222054.299887,0.0,0.0,0.0,8985.53,0.0,24395.273042,16.682773
2035-05-02,1,391620.271112,150135.72433,241484.546782,0.0,0.0,0.0,8723.53,0.0,24096.186175,16.252376
2035-05-02,2,348652.493138,150135.72433,198516.768808,0.0,0.0,0.0,10159.6,0.0,23913.976614,14.579444
2035-05-02,3,330617.425074,143522.447583,187094.977492,0.0,0.0,0.0,11019.69,0.0,24127.61696,13.702863
2035-05-02,4,412881.43395,180697.316181,232184.117769,0.0,0.0,0.0,9351.46,0.0,24960.513897,16.541384
2035-05-02,5,443102.047775,188601.246999,254500.800776,0.0,0.0,0.0,9697.85,0.0,26148.943972,16.945313
2035-05-02,6,428354.638156,188582.995687,239771.64247,0.0,0.0,0.0,10444.7,0.0,26406.914839,16.221306
2035-05-02,7,412410.570055,188582.995687,223827.574369,0.0,0.0,0.0,10946.73,0.0,26374.480379,15.636728
2035-05-02,8,413800.170136,188582.995687,225217.17445,0.0,0.0,0.0,10883.34,0.0,26423.249897,15.660457
2035-05-02,9,441931.064262,180673.005192,261258.059071,0.0,0.0,0.0,9686.69,0.0,26495.495775,16.679479
2035-05-02,10,454978.898827,193393.418976,261585.479851,0.0,0.0,0.0,9519.94,0.0,26575.042122,17.120533
2035-05-02,11,474704.735214,193172.167982,281532.567232,0.0,0.0,0.0,8783.59,0.0,26649.974412,17.812578
2035-05-02,12,453774.104431,193172.167982,260601.936449,0.0,0.0,0.0,9590.5,0.0,26683.513222,17.005786
2035-05-02,13,404777.650185,166567.817039,238209.833146,0.0,0.0,0.0,10675.81,0.0,26460.586516,15.29738
2035-05-02,14,387584.77902,162516.12653,225068.65249,0.0,0.0,0.0,11055.35,0.0,26242.818505,14.769175
2035-05-02,15,369658.514143,158747.783036,210910.731107,0.0,0.0,0.0,11541.31,0.0,26076.984276,14.175662
2035-05-02,16,373048.308373,158747.783036,214300.525336,0.0,0.0,0.0,11314.98,0.0,25817.361462,14.449513
2035-05-02,17,393611.041799,158426.867948,235184.173851,0.0,0.0,0.0,10595.95,0.0,25858.808957,15.221546
2035-05-02,18,428325.758558,195496.119183,232829.639375,0.0,0.0,0.0,10401.57,0.0,26202.051895,16.347031
2035-05-02,19,458383.823983,195493.198748,262890.625235,0.0,0.0,0.0,9523.36,0.0,26594.855887,17.235808
2035-05-02,20,423640.594772,195493.198748,228147.396024,0.0,0.0,0.0,10412.13,0.0,26200.773728,16.169011
2035-05-02,21,334954.587068,160775.708824,174178.878244,0.0,0.0,0.0,12501.25,0.0,25310.44866,13.233846
2035-05-02,22,276038.940451,129073.932831,146965.00762,0.0,0.0,0.0,13486.71,0.0,24159.633033,11.425626
2035-05-02,23,257340.544394,124732.362602,132608.181792,0.0,0.0,0.0,13349.94,0.0,23203.324013,11.090676
2035-05-03,0,263882.471679,124732.362602,139150.109076,0.0,0.0,0.0,12713.54,0.0,22881.962012,11.532336
2035-05-03,1,275153.811537,121330.167144,153823.644393,0.0,0.0,0.0,12190.29,0.0,22868.221133,12.032148
2035-05-03,2,297999.290701,121321.873727,176677.416974,0.0,0.0,0.0,11426.03,0.0,23017.662693,12.946549
2035-05-03,3,348486.79898,174076.508076,174410.290904,0.0,0.0,0.0,10803.83,0.0,23574.854079,14.78214
2035-05-03,4,427363.680627,192830.645531,234533.035095,0.0,0.0,0.0,9206.64,0.0,25032.50284,17.072351
2035-05-03,5,497945.53366,218583.084031,279362.449629,0.0,0.0,0.0,9103.47,0.0,26958.003465,18.471158
2035-05-03,6,520039.769675,217739.335992,302300.433683,0.0,0.0,2.261447,8747.26,0.0,27641.019497,18.814059
2035-05-03,7,515820.232627,217739.335992,298080.896635,0.0,0.0,0.0,8519.27,0.0,27264.974105,18.918787
2035-05-03,8,512400.199778,217739.335992,294660.863786,0.0,0.0,0.0,8464.72,0.0,27109.498328,18.901132
2035-05-03,9,508564.795925,223195.295638,285369.500287,0.0,0.0,0.0,8784.97,0.0,27190.058775,18.704071
2035-05-03,10,500051.314908,230361.616298,269689.69861,0.0,0.0,0.0,9651.06,0.0,27556.93725,18.146114
2035-05-03,11,443605.845299,189984.618057,253621.227242,0.0,0.0,0.0,11151.95,0.0,27776.913714,15.970307
2035-05-03,12,410587.455924,188758.798068,221828.657856,0.0,0.0,0.0,12786.77,0.0,28188.808394,14.565619
2035-05-03,13,349222.814088,154169.826697,195052.987391,0.0,0.0,0.0,14653.62,0.0,28137.70682,12.411204
2035-05-03,14,388680.439973,188761.740889,199918.699085,0.0,0.0,0.0,13179.59,0.0,27690.690279,14.036502
2035-05-03,15,423598.004261,179553.989697,244044.014565,0.0,0.0,0.0,11284.99,0.0,27419.277839,15.448912
2035-05-03,16,475974.787975,208504.965799,267469.822177,0.0,0.0,7.154689,9738.53,0.0,27278.07699,17.448986
2035-05-03,17,544275.321444,247079.32642,297195.995024,0.0,0.0,0.0,7926.95,0.0,27258.91651,19.966873
2035-05-03,18,589926.472922,259424.691977,330501.780945,0.0,0.0,0.0,6754.12,0.0,27563.913319,21.402131
2035-05-03,19,613834.951863,275830.144578,338004.807285,0.0,0.0,0.0,6311.8,0.0,27716.841884,22.146641
2035-05-03,20,633694.571733,277625.783946,356068.787787,0.0,0.0,0.0,5052.27,0.0,27192.273471,23.304214
2035-05-03,21,632223.615374,277542.031828,354681.583546,0.0,0.0,0.0,4436.86,0.0,26528.839462,23.831559
2035-05-03,22,606320.541471,273649.320171,332671.2213,0.0,0.0,0.0,4215.6,0.0,25420.343035,23.851784
2035-05-03,23,615556.46092,262747.008383,352809.452537,0.0,0.0,0.0,2612.98,0.0,24432.963269,25.193688
2035-05-04,0,597761.426881,262747.008383,335014.418498,0.0,0.0,0.0,2654.84,0.0,23829.202198,25.085247
2035-05-04,1,536802.183132,240502.567973,296299.615159,0.0,0.0,0.0,3863.18,0.0,23233.455044,23.104708
2035-05-04,2,550474.329909,232993.108991,317481.220918,0.0,0.0,0.0,2800.33,0.0,22779.203384,24.165653
2035-05-04,3,592169.908255,254924.528921,337245.379334,0.0,0.0,0.996113,2112.91,0.0,23002.369193,25.743866
2035-05-04,4,619017.87351,272980.420397,346037.453113,0.0,0.0,0.0,1775.4,0.0,23438.995634,26.409744
2035-05-04,5,638325.332186,272971.547829,365353.784357,0.0,0.0,0.0,1663.32,0.0,24058.707175,26.531988
2035-05-04,6,646002.297499,282390.008341,363612.289158,0.0,0.0,0.0,1871.08,0.0,24358.50964,26.5206
2035-05-04,7,659662.599016,289275.641855,370386.957161,0.0,0.0,0.0,2474.19,0.0,25288.143887,26.085845
2035-05-04,8,643793.063582,289175.128081,354617.935501,0.0,0.0,0.0,3859.82,0.0,26132.02696,24.63617
2035-05-04,9,612327.099994,278281.613256,334045.486738,0.0,0.0,0.0,5374.97,0.0,26777.799553,22.866969
2035-05-04,10,567811.289201,264236.011705,303575.277496,0.0,0.0,0.0,7538.46,0.0,27546.586542,20.612764
2035-05-04,11,549228.905084,232794.585806,316434.319278,0.0,0.0,0.0,8121.12,0.0,28031.79554,19.593069
2035-05-04,12,530980.122055,232628.699146,298351.422909,0.0,0.0,0.0,9038.38,0.0,28349.411015,18.729847
2035-05-04,13,481817.654685,212036.53099,269781.123695,0.0,0.0,0.0,10672.54,0.0,28504.354381,16.9033
2035-05-04,14,449366.058278,185828.811894,263537.246384,0.0,0.0,0.0,11608.03,0.0,28599.53338,15.712356
2035-05-04,15,425408.399445,178768.052272,246640.347173,0.0,0.0,0.0,12553.55,0.0,28743.672732,14.800071
2035-05-04,16,409462.760208,184511.548221,224951.211987,0.0,0.0,0.0,13489.64,0.0,28945.298199,14.146089
2035-05-04,17,464143.009923,193807.100879,270335.909045,0.0,0.0,0.0,11370.78,0.0,28705.127346,16.169342
2035-05-04,18,500296.143569,219847.264877,280448.878692,0.0,0.0,0.0,9727.67,0.0,27962.47183,17.8917
2035-05-04,19,525456.125067,217884.984413,307571.140654,0.0,0.0,1.349825,7955.27,0.0,27316.563477,19.235806
2035-05-04,20,519778.273221,217884.984413,301893.288808,0.0,0.0,0.0,7483.64,0.0,26637.94977,19.512698
2035-05-04,21,517846.493313,213603.975467,304242.517846,0.0,0.0,0.0,6788.09,0.0,25949.707086,19.955774
2035-05-04,22,523355.379097,213603.975467,309751.40363,0.0,0.0,0.0,5729.5,0.0,25089.683028,20.859386
2035-05-04,23,511471.774025,213603.975467,297867.798558,0.0,0.0,0.0,5099.58,0.0,24028.225688,21.28629
2035-05-05,0,483859.024378,201870.347804,281988.676574,0.0,0.0,0.0,5114.12,0.0,23204.099522,20.852308
2035-05-05,1,441346.384678,179302.777659,262043.607019,0.0,0.0,0.0,5747.72,0.0,22717.382725,19.427695
2035-05-05,2,439663.720838,166567.817039,273095.903799,0.0,0.0,0.0,5171.74,0.0,22234.180705,19.774226
2035-05-05,3,442467.662462,166567.817039,275899.845423,0.0,0.0,0.0,4789.77,0.0,21948.235094,20.159601
2035-05-05,4,444306.764413,166567.817039,277738.947374,0.0,0.0,0.0,4420.05,0.0,21627.363646,20.543732
2035-05-05,5,423528.462252,166567.817039,256960.645212,0.0,0.0,0.0,4539.04,0.0,21018.445106,20.150323
2035-05-05,6,427066.808284,175129.422649,251937.385635,0.0,0.0,0.0,4593.56,0.0,21021.489975,20.315725
2035-05-05,7,459707.285738,175122.568596,284584.717142,0.0,0.0,0.0,4678.3,0.0,22307.649616,20.607607
2035-05-05,8,418322.20382,197053.988527,221268.215294,0.0,0.0,0.0,7744.68,0.0,23377.09794,17.894531
2035-05-05,9,380823.795553,165966.9964,214856.799153,0.0,0.0,0.0,9790.28,0.0,24157.925936,15.763928
2035-05-05,10,322795.546487,144034.356071,178761.190416,0.0,0.0,0.0,11735.86,0.0,24521.816677,13.163607
2035-05-05,11,305676.511113,126781.973867,178894.537245,0.0,0.0,0.0,12781.53,0.0,25072.953917,12.191484
2035-05-05,12,284454.767799,107706.22472,176748.543079,0.0,0.0,0.0,13961.02,0.0,25831.846859,11.011786
2035-05-05,13,258796.241339,104660.673105,154135.568234,0.0,0.0,0.0,15825.06,0.0,26657.179193,9.708313
2035-05-05,14,305835.236762,140254.278269,165580.958493,0.0,0.0,0.0,15421.13,0.0,27500.178245,11.121209
2035-05-05,15,339208.939655,140232.984259,198975.955396,0.0,0.0,0.0,14931.46,0.0,28388.831431,11.948676
2035-05-05,16,386435.878499,174824.898451,211610.980048,0.0,0.0,0.0,14526.57,0.0,29145.511371,13.258847
2035-05-05,17,444206.566332,187563.770302,256642.79603,0.0,0.0,0.0,12832.13,0.0,29460.457559,15.078061
2035-05-05,18,496543.4044,221070.155511,275473.24889,0.0,0.0,9.910116,11521.76,0.0,29431.463742,16.871176
2035-05-05,19,523530.597973,220934.140045,302596.457928,0.0,0.0,0.0,9952.69,0.0,29050.459239,18.021422
2035-05-05,20,498707.27876,233034.388015,265672.890745,0.0,0.0,0.0,10745.1,0.0,28593.770693,17.441116
2035-05-05,21,426065.84763,212884.24459,213181.60304,0.0,0.0,0.0,12464.91,0.0,27601.13765,15.436532
2035-05-05,22,358129.193004,177158.659117,180970.533887,0.0,0.0,0.0,12954.33,0.0,26141.677641,13.699549
2035-05-05,23,310051.011905,153816.563837,156234.448067,0.0,0.0,0.0,13407.67,0.0,24889.936106,12.456883
2035-05-06,0,286463.208336,150771.012222,135692.196114,0.0,0.0,0.0,13469.74,0.0,23962.590135,11.954601
2035-05-06,1,262807.940905,120925.243651,141882.697255,0.0,0.0,0.0,13395.44,0.0,23484.426196,11.190733
2035-05-06,2,268511.416515,120914.944001,147596.472514,0.0,0.0,0.0,12873.41,0.0,23207.318685,11.570118
2035-05-06,3,282585.389089,130188.575639,152396.813451,0.0,0.0,0.0,12576.81,0.0,23364.41698,12.09469
2035-05-06,4,342477.468282,174798.57724,167678.891043,0.0,0.0,0.0,11981.97,0.0,24144.026389,14.18477
2035-05-06,5,357594.110312,161610.99202,195983.118292,0.0,0.0,0.0,11986.94,0.0,25308.455364,14.129432
2035-05-06,6,380316.431342,174699.512394,205616.918949,0.0,0.0,0.0,11506.96,0.0,25688.98017,14.804653
2035-05-06,7,421161.327186,180193.272264,240968.054922,0.0,0.0,0.0,10301.71,0.0,26021.938955,16.184856
2035-05-06,8,417174.049451,181363.163392,235810.886059,0.0,0.0,0.0,10639.18,0.0,26231.305744,15.903671
2035-05-06,9,402080.662995,158856.470575,243224.192419,0.0,0.0,0.0,10919.55,0.0,26322.070058,15.27542
2035-05-06,10,369081.829351,158680.668194,210401.161157,0.0,0.0,0.0,12035.0,0.0,26271.512118,14.048747
2035-05-06,11,360696.834172,153147.519925,207549.314247,0.0,0.0,0.0,12200.89,0.0,26197.074892,13.768592
2035-05-06,12,365235.479459,153147.519925,212087.959534,0.0,0.0,0.0,12150.17,0.0,26326.948575,13.873065
2035-05-06,13,344502.989056,142545.982541,201957.006515,0.0,0.0,0.0,13074.34,0.0,26480.523915,13.009674
2035-05-06,14,342164.486598,142545.982541,199618.504057,0.0,0.0,0.0,13400.14,0.0,26720.161994,12.805479
2035-05-06,15,348293.461013,142545.982541,205747.478471,0.0,0.0,0.0,13640.01,0.0,27178.011925,12.815266
2035-05-06,16,348652.92473,155403.289638,193249.635091,0.0,0.0,0.0,14117.04,0.0,27523.597163,12.667419
2035-05-06,17,402608.363521,170698.861983,231909.501537,0.0,0.0,0.0,12682.35,0.0,27920.765136,14.419675
2035-05-06,18,457655.817962,209024.543454,248631.274508,0.0,0.0,0.0,11509.03,0.0,28231.046735,16.211082
2035-05-06,19,505970.631682,210287.854468,295682.777214,0.0,0.0,0.0,9973.67,0.0,28576.157384,17.706042
2035-05-06,20,483928.305672,231576.098988,252352.206684,0.0,0.0,0.0,10759.87,0.0,28081.996499,17.232689
2035-05-06,21,400499.979907,196661.711588,203838.268318,0.0,0.0,0.0,12333.76,0.0,26974.559361,14.847322
2035-05-06,22,381559.454302,172624.292862,208935.16144,0.0,0.0,0.0,11601.51,0.0,25868.068192,14.750211
2035-05-06,23,346824.628977,156688.662948,190135.966029,0.0,0.0,0.0,11894.12,0.0,24846.25966,13.958827
2035-05-07,0,307711.127142,134763.440793,172947.68635,0.0,0.0,0.0,12181.8,0.0,24056.030758,12.791434
2035-05-07,1,287249.293614,124161.903409,163087.390206,0.0,0.0,0.0,12455.6,0.0,23588.861686,12.177327
2035-05-07,2,298313.431124,126794.521605,171518.909519,0.0,0.0,0.0,11785.19,0.0,23360.978625,12.769732
2035-05-07,3,347939.670755,158233.877532,189705.793223,0.0,0.0,0.0,10336.49,0.0,23636.90841,14.720185
2035-05-07,4,422906.849805,185890.832454,237016.017351,0.0,0.0,0.0,8698.45,0.0,24453.874697,17.294063
2035-05-07,5,487913.371767,218721.524673,269191.847094,0.0,0.0,1.063824,7949.99,0.0,25757.212568,18.942786
2035-05-07,6,559257.811138,256658.989804,302598.821334,0.0,0.0,0.0,6305.59,0.0,26052.10625,21.466894
2035-05-07,7,599940.569354,256591.332374,343349.236979,0.0,0.0,0.0,4951.37,0.0,26304.813565,22.807254
2035-05-07,8,533423.967463,253751.302693,279672.664771,0.0,0.0,0.0,7455.73,0.0,26421.529861,20.188989
2035-05-07,9,444311.842738,202191.913974,242119.928763,0.0,0.0,0.0,10090.58,0.0,26540.134901,16.74113
2035-05-07,10,412399.198292,184047.308135,228351.890156,0.0,0.0,0.0,11656.43,0.0,26995.139623,15.276794
2035-05-07,11,384442.93505,177427.833613,207015.101438,0.0,0.0,0.0,12546.61,0.0,26963.482224,14.257911
2035-05-07,12,343421.359831,134866.110327,208555.249505,0.0,0.0,0.0,13331.74,0.0,27052.047499,12.694838
2035-05-07,13,301360.450814,134866.110327,166494.340487,0.0,0.0,0.0,15265.86,0.0,27310.138719,11.034746
2035-05-07,14,322000.204391,132263.08787,189737.116521,0.0,0.0,0.0,14801.51,0.0,27645.547969,11.647452
2035-05-07,15,365119.805429,175229.424067,189890.381362,0.0,0.0,0.0,14351.2,0.0,28110.704106,12.98864
2035-05-07,16,385034.146101,179359.487571,205674.65853,0.0,0.0,0.0,14075.91,0.0,28507.165868,13.506574
2035-05-07,17,433755.125899,181964.06961,251791.056289,0.0,0.0,0.0,12451.28,0.0,28674.922763,15.126636
2035-05-07,18,487051.290108,224921.192473,262130.097636,0.0,0.0,0.0,11258.86,0.0,28648.639489,17.000852
2035-05-07,19,528480.221217,226910.15038,301570.070836,0.0,0.0,0.0,9807.6,0.0,28840.338821,18.324342
2035-05-07,20,486805.118652,226842.965112,259962.15354,0.0,0.0,0.0,10687.27,0.0,28235.782726,17.240716
2035-05-07,21,394769.351662,189761.690602,205007.66106,0.0,0.0,0.0,12810.05,0.0,27339.82186,14.439353
2035-05-07,22,330937.393753,156688.662948,174248.730805,0.0,0.0,0.0,14041.58,0.0,26349.834128,12.559373
2035-05-07,23,304143.920371,146087.125564,158056.794807,0.0,0.0,0.0,14139.84,0.0,25443.209734,11.953835
2035-05-08,0,311424.087169,169532.697669,141891.3895,0.0,0.0,0.0,13340.9,0.0,24748.258874,12.583677
2035-05-08,1,341093.043439,144731.119302,196361.924137,0.0,0.0,0.0,11339.33,0.0,24538.066375,13.900567
2035-05-08,2,284958.300856,144731.119302,140227.181554,0.0,0.0,0.0,13457.05,0.0,24345.980291,11.704532
2035-05-08,3,295200.983911,131659.850853,163541.133057,0.0,0.0,0.0,13155.31,0.0,24525.59975,12.036443
2035-05-08,4,340042.24853,147878.656708,192163.591823,0.0,0.0,0.0,12652.34,0.0,25280.079868,13.450996
2035-05-08,5,361019.781846,162649.578666,198370.203179,0.0,0.0,0.0,13053.28,0.0,26402.423001,13.673737
2035-05-08,6,405459.282412,208960.457227,196498.825185,0.0,0.0,0.0,12460.85,0.0,26828.368918,15.11308
2035-05-08,7,458696.913404,191967.583021,266729.330384,0.0,0.0,0.0,9936.34,0.0,26862.035826,17.076029
2035-05-08,8,407850.949562,187823.613015,220027.336547,0.0,0.0,0.0,11425.98,0.0,26581.182886,15.343597
2035-05-08,9,353298.243272,143201.532495,210096.710777,0.0,0.0,0.0,12075.67,0.0,26017.546039,13.57923
2035-05-08,10,309975.015348,140598.510038,169376.505311,0.0,0.0,0.0,13167.93,0.0,25464.347387,12.172902
2035-05-08,11,308498.42374,140598.510038,167899.913702,0.0,0.0,0.0,12616.91,0.0,24872.188344,12.403349
2035-05-08,12,282112.249249,118673.287882,163438.961367,0.0,0.0,0.0,12577.97,0.0,24297.420289,11.61079
2035-05-08,13,235307.796662,100539.185547,134768.611115,0.0,0.0,0.0,13649.73,0.0,23746.912603,9.908985
2035-05-08,14,250527.946172,103595.036812,146932.909361,0.0,0.0,0.0,12945.21,0.0,23705.653327,10.568278
2035-05-08,15,279907.604201,106217.355358,173690.248843,0.0,0.0,0.0,12391.05,0.0,24260.738667,11.537472
2035-05-08,16,322115.185396,133252.541075,188862.644321,0.0,0.0,0.0,11937.51,0.0,24870.3112,12.951796
2035-05-08,17,394103.442782,167636.55743,226466.885352,0.0,0.0,0.0,10259.78,0.0,25453.055652,15.483541
2035-05-08,18,474234.755126,217860.019835,256374.735292,0.0,0.0,0.0,8850.58,0.0,26122.583273,18.154206
2035-05-08,19,554606.075571,241071.442258,313534.633313,0.0,0.0,0.0,6827.64,0.0,26723.998879,20.75311
2035-05-08,20,572800.683154,240478.081239,332322.601915,0.0,0.0,3.931197,5737.9,0.0,26461.210179,21.646806
2035-05-08,21,550134.553575,240478.081239,309656.472336,0.0,0.0,0.0,5609.89,0.0,25507.225749,21.567793
2035-05-08,22,520947.683847,222355.326753,298592.357094,0.0,0.0,0.0,5732.07,0.0,24877.828622,20.940239
2035-05-08,23,500749.38415,208316.11159,292433.27256,0.0,0.0,0.0,5614.79,0.0,24212.636087,20.681325
2035-05-09,0,490565.440415,208270.913188,282294.527227,0.0,0.0,0.0,5648.66,0.0,23874.355684,20.547798
2035-05-09,1,471279.278355,188702.42453,282576.853825,0.0,0.0,0.0,5862.27,0.0,23748.177912,19.844861
2035-05-09,2,536504.037685,242195.379678,294308.658007,0.0,0.0,0.0,4529.87,0.0,23658.181158,22.677315
2035-05-09,3,565392.092313,242187.149686,323204.942627,0.0,0.0,0.0,3804.53,0.0,24205.714519,23.357794
2035-05-09,4,649062.828325,318418.887587,330643.940738,0.0,0.0,0.0,3500.65,0.0,25211.537071,25.744675
2035-05-09,5,710247.977005,317430.523286,392817.453719,0.0,0.0,0.0,2286.28,0.0,26512.816073,26.788855
2035-05-09,6,675205.347749,317430.523286,357774.824462,0.0,0.0,0.0,3691.98,0.0,26644.907252,25.340878
2035-05-09,7,553073.155176,277650.676616,275422.47856,0.0,0.0,0.0,7370.49,0.0,26559.911828,20.823607
2035-05-09,8,493863.418686,199474.557808,294388.860878,0.0,0.0,0.0,7848.2,0.0,26332.746012,18.754725
2035-05-09,9,449701.712707,199474.557808,250227.154899,0.0,0.0,0.0,9055.02,0.0,25901.707013,17.361856
2035-05-09,10,386248.539571,164564.671349,221683.868221,0.0,0.0,0.0,10829.23,0.0,25782.148835,14.981239
2035-05-09,11,351762.142442,143553.844878,208208.297564,0.0,0.0,0.0,11837.59,0.0,25781.284777,13.644089
2035-05-09,12,309584.492091,119067.036485,190517.455606,0.0,0.0,0.0,12941.83,0.0,25740.438287,12.027165
2035-05-09,13,258522.589039,115262.210489,143260.37855,0.0,0.0,0.0,14779.33,0.0,25561.7585,10.113646
2035-05-09,14,238268.678538,97570.637311,140698.041226,0.0,0.0,0.0,14850.64,0.0,25137.223861,9.478719
2035-05-09,15,243727.937791,103490.850042,140237.087748,0.0,0.0,0.0,14609.75,0.0,25096.268788,9.71172
2035-05-09,16,252029.041983,97653.837301,154375.204682,0.0,0.0,0.0,14327.71,0.0,24950.070367,10.101336
2035-05-09,17,294931.417407,121190.360307,173741.0571,0.0,0.0,0.0,12837.64,0.0,24986.34903,11.803702
2035-05-09,18,356524.355306,158403.980795,198120.37451,0.0,0.0,0.0,11573.44,0.0,25340.806061,14.06918
2035-05-09,19,406249.387308,158369.5608,247879.826508,0.0,0.0,0.0,9971.82,0.0,25723.724688,15.79279
2035-05-09,20,367913.294849,158369.5608,209543.73405,0.0,0.0,0.0,10826.55,0.0,25170.737396,14.616707
2035-05-09,21,278825.316753,135320.954837,143504.361916,0.0,0.0,0.0,12628.15,0.0,23745.286758,11.742344
2035-05-09,22,218569.620022,101839.194854,116730.425168,0.0,0.0,0.0,13566.09,0.0,22434.334009,9.742639
2035-05-09,23,189041.29076,101839.194854,87202.095906,0.0,0.0,0.0,13994.79,0.0,21557.281827,8.769255
2035-05-10,0,175292.029789,101839.194854,73452.834935,0.0,0.0,0.0,14172.63,0.0,21135.940598,8.293552
2035-05-10,1,176368.335847,89027.868288,87340.467559,0.0,0.0,0.0,13998.04,0.0,21090.933882,8.362282
2035-05-10,2,183156.007303,92083.719553,91072.28775,0.0,0.0,0.0,13735.64,0.0,21189.129201,8.643867
2035-05-10,3,204191.021671,103096.320157,101094.701514,0.0,0.0,0.0,13574.83,0.0,21644.06305,9.434043
2035-05-10,4,259168.716617,126992.924911,132175.791706,0.0,0.0,0.0,13164.15,0.0,22790.330134,11.371872
2035-05-10,5,300918.890976,139203.497266,161715.39371,0.0,0.0,0.0,13524.71,0.0,24673.982589,12.195797
2035-05-10,6,317326.177381,139176.952536,178149.224844,0.0,0.0,0.0,13559.02,0.0,25312.690324,12.536249
2035-05-10,7,305435.343639,139176.952536,166258.391102,0.0,0.0,0.0,13428.01,0.0,24806.188431,12.312869
2035-05-10,8,284015.940837,134899.361384,149116.579452,0.0,0.0,0.0,13272.96,0.0,24091.105767,11.789245
2035-05-10,9,256137.624595,112821.157168,143316.467427,0.0,0.0,0.0,13005.96,0.0,23083.719029,11.096029
2035-05-10,10,197040.056315,92013.199307,105026.857008,0.0,0.0,0.0,13765.63,0.0,22168.824971,8.88816
2035-05-10,11,177634.766721,79406.172039,98228.594682,0.0,0.0,0.0,13408.93,0.0,21256.149367,8.356865
2035-05-10,12,170264.872047,58822.228832,111442.643215,0.0,0.0,0.0,12801.52,0.0,20745.206186,8.207432
2035-05-10,13,162576.761835,58822.228832,103754.533002,0.0,0.0,0.0,12618.05,0.0,20259.196082,8.024838
2035-05-10,14,161952.542313,58822.228832,103130.31348,0.0,0.0,0.0,12306.98,0.0,19935.786959,8.12371
2035-05-10,15,188181.480551,74761.078538,113420.402013,0.0,0.0,0.0,11454.01,0.0,20024.489455,9.397567
2035-05-10,16,213433.504538,82289.928319,131143.576219,0.0,0.0,0.0,10795.77,0.0,20303.44023,10.512184
2035-05-10,17,250966.74966,92644.080624,158322.669036,0.0,0.0,0.0,9935.92,0.0,20778.539823,12.078171
2035-05-10,18,288711.454155,118319.934195,170391.51996,0.0,0.0,0.0,9366.26,0.0,21342.832272,13.527326
2035-05-10,19,336867.757006,122310.272983,214557.484023,0.0,0.0,0.0,8318.44,0.0,22129.296342,15.222705
2035-05-10,20,359088.774312,136633.19425,222455.580062,0.0,0.0,0.0,7818.15,0.0,22144.873029,16.215436
2035-05-10,21,378463.277497,148888.157283,229575.120214,0.0,0.0,0.0,6852.3,0.0,21714.722468,17.428879
2035-05-10,22,388599.202633,157874.897867,230724.304765,0.0,0.0,0.0,6017.56,0.0,21226.803562,18.307005
2035-05-10,23,420326.835077,161204.101271,259122.733806,0.0,0.0,0.0,4573.03,0.0,20961.851216,20.05199
2035-05-11,0,480975.947864,232823.169865,248152.777999,0.0,0.0,0.0,3528.03,0.0,20758.43826,23.170141
2035-05-11,1,490364.55702,216240.589906,274123.967114,0.0,0.0,0.0,2822.13,0.0,20848.06447,23.520867
2035-05-11,2,514263.04786,216240.589906,298022.457955,0.0,0.0,0.0,2111.41,0.0,21014.570489,24.471737
2035-05-11,3,552703.175857,238172.009836,314531.166021,0.0,0.0,0.0,1764.72,0.0,21532.798612,25.667968
2035-05-11,4,583813.235377,260925.843741,322887.391637,0.0,0.0,0.0,1657.56,0.0,22203.577632,26.293656
2035-05-11,5,630582.549322,277141.295169,353441.254154,0.0,0.0,0.0,1203.72,0.0,23094.828447,27.304059
2035-05-11,6,643201.45256,279542.859984,363658.592577,0.0,0.0,0.0,1405.34,0.0,23777.872075,27.050421
2035-05-11,7,628905.8708,279497.661582,349408.209218,0.0,0.0,0.0,2385.43,0.0,24253.085442,25.930963
2035-05-11,8,599295.41353,263261.942117,336033.471413,0.0,0.0,0.0,3384.19,0.0,24496.755892,24.464277
2035-05-11,9,557971.484374,245208.725435,312762.75894,0.0,0.0,0.0,4152.51,0.0,24131.125716,23.122481
2035-05-11,10,500314.043433,230109.980228,270204.063205,0.0,0.0,0.0,5575.42,0.0,23632.894045,21.17024
2035-05-11,11,452423.543065,193043.649428,259379.893637,0.0,0.0,0.0,5839.37,0.0,22883.017455,19.771149
2035-05-11,12,405325.326299,171118.427273,234206.899026,0.0,0.0,0.0,6467.75,0.0,22207.802603,18.251483
2035-05-11,13,342971.375511,136529.455902,206441.919609,0.0,0.0,0.0,7678.07,0.0,21573.578791,15.897751
2035-05-11,14,327402.101071,121949.537811,205452.563259,0.0,0.0,0.0,7667.21,0.0,21186.297411,15.453484
2035-05-11,15,331093.646686,121949.537811,209144.108875,0.0,0.0,0.0,7579.75,0.0,21241.861174,15.586847
2035-05-11,16,359625.360454,144680.55727,214944.803184,0.0,0.0,0.0,7220.47,0.0,21524.767759,16.707514
2035-05-11,17,426528.651097,181586.184915,244942.466183,0.0,0.0,0.0,5821.08,0.0,22098.543396,19.301211
2035-05-11,18,506972.555381,221531.552872,285441.002508,0.0,0.0,0.0,4609.46,0.0,22809.354997,22.226519
2035-05-11,19,546585.806707,235106.949205,311478.857502,0.0,0.0,0.0,3861.39,0.0,23559.072606,23.20065
2035-05-11,20,567551.76511,235030.295611,332521.469499,0.0,0.0,0.0,3046.78,0.0,23549.183139,24.100699
2035-05-11,21,567747.739661,235030.295611,332717.444049,0.0,0.0,0.0,2863.68,0.0,23384.79149,24.278503
2035-05-11,22,559701.977809,235030.295611,324671.682198,0.0,0.0,0.0,2922.98,0.0,23157.049089,24.169832
2035-05-11,23,549006.133201,226195.611317,322810.521885,0.0,0.0,0.0,2662.98,0.0,22627.566013,24.262713
2035-05-12,0,538125.035624,221516.482529,316608.553094,0.0,0.0,0.0,2531.88,0.0,22157.117318,24.28678
2035-05-12,1,549770.414561,252453.605684,297316.808877,0.0,0.0,0.0,2520.28,0.0,21889.349481,25.115886
2035-05-12,2,545343.233962,234397.468568,310945.765394,0.0,0.0,0.0,2021.05,0.0,21684.7279,25.148724
2035-05-12,3,555777.011944,240596.781915,315180.230029,0.0,0.0,0.0,1743.09,0.0,21663.759225,25.654689
2035-05-12,4,546766.032295,218604.374492,328161.657803,0.0,0.0,0.0,1569.19,0.0,21397.132424,25.553239
2035-05-12,5,539496.193948,218604.374492,320891.819456,0.0,0.0,0.0,1176.14,0.0,20845.839173,25.880282
2035-05-12,6,557354.136386,240535.794422,316818.341963,0.0,0.0,0.0,1015.15,0.0,20932.166699,26.626682
2035-05-12,7,577602.740465,240529.596647,337073.143818,0.0,0.0,0.0,1123.53,0.0,21868.029025,26.413114
2035-05-12,8,580597.75123,245227.539077,335370.212153,0.0,0.0,0.0,1699.92,0.0,22473.609374,25.834646
2035-05-12,9,555852.026816,245208.725435,310643.301381,0.0,0.0,0.0,2402.01,0.0,22302.944648,24.922809
2035-05-12,10,501668.216784,208142.394635,293525.822149,0.0,0.0,0.0,3215.22,0.0,21864.208184,22.944724
2035-05-12,11,474772.146373,195407.434014,279364.712358,0.0,0.0,0.0,3876.09,0.0,21703.353454,21.87552
2035-05-12,12,440030.016524,173482.211859,266547.804665,0.0,0.0,0.0,4674.78,0.0,21656.319739,20.318781
2035-05-12,13,419631.926756,162670.954992,256960.971764,0.0,0.0,0.0,5572.95,0.0,21954.497408,19.113711
2035-05-12,14,420014.986582,159378.538863,260636.447719,0.0,0.0,0.0,6083.59,0.0,22511.876406,18.657485
2035-05-12,15,423631.574883,159378.538863,264253.03602,0.0,0.0,0.0,6692.59,0.0,23249.311299,18.221253
2035-05-12,16,413801.098767,172120.353536,241680.745231,0.0,0.0,0.0,7982.11,0.0,23956.389732,17.273099
2035-05-12,17,479972.324912,205843.288884,274129.036028,0.0,0.0,0.0,6883.48,0.0,24587.922729,19.520654
2035-05-12,18,527397.579398,224507.361975,302890.217423,0.0,0.0,2.241465,5740.33,0.0,24948.528605,21.139426
2035-05-12,19,562017.300856,245231.770155,316785.5307,0.0,0.0,0.0,4807.58,0.0,24888.697696,22.581226
2035-05-12,20,587305.543772,250445.404948,336860.138823,0.0,0.0,0.0,3792.51,0.0,24706.107139,23.771675
2035-05-12,21,578560.082224,250140.866672,328419.215552,0.0,0.0,0.0,3422.1,0.0,24059.137753,24.047416
2035-05-12,22,540282.809731,232827.644672,307455.165059,0.0,0.0,0.0,3334.84,0.0,22919.416507,23.573149
2035-05-12,23,524039.447428,210095.299202,313944.148226,0.0,0.0,0.0,2617.56,0.0,21954.331728,23.869524
2035-05-13,0,507262.458111,210095.299202,297167.158909,0.0,0.0,0.0,2484.19,0.0,21255.983199,23.864455
2035-05-13,1,485111.257598,201403.802196,283707.455403,0.0,0.0,0.0,2694.88,0.0,20837.553758,23.280624
2035-05-13,2,478222.080163,201403.802196,276818.277967,0.0,0.0,0.0,2763.44,0.0,20651.135589,23.157181
2035-05-13,3,477103.846778,201403.802196,275700.044582,0.0,0.0,0.0,2938.88,0.0,20785.067241,22.954164
2035-05-13,4,494008.74066,206101.744625,287906.996035,0.0,0.0,0.0,3177.09,0.0,21542.932201,22.93136
2035-05-13,5,545782.134206,243152.182218,302629.951988,0.0,0.0,0.0,3192.02,0.0,22648.968657,24.097439
2035-05-13,6,552174.003074,243149.261783,309024.741291,0.0,0.0,0.0,3154.17,0.0,22959.813967,24.049585
2035-05-13,7,557603.393489,243149.261783,314454.131706,0.0,0.0,0.0,3172.35,0.0,23178.74368,24.05667
2035-05-13,8,542784.993034,243149.261783,299635.731251,0.0,0.0,0.0,3980.78,0.0,23438.849068,23.157493
2035-05-13,9,503688.397241,206082.930983,297605.466258,0.0,0.0,0.0,4935.89,0.0,23698.822365,21.253731
2035-05-13,10,467351.86176,206082.930983,261268.930777,0.0,0.0,0.0,6406.91,0.0,23820.085675,19.620075
2035-05-13,11,427083.142921,162799.473546,264283.669375,0.0,0.0,0.0,7364.81,0.0,23990.905866,17.801876
2035-05-13,12,400387.076025,162799.473546,237587.602479,0.0,0.0,0.0,8645.42,0.0,24287.686763,16.485188
2035-05-13,13,368080.825462,162799.473546,205281.351916,0.0,0.0,0.0,10290.61,0.0,24702.198532,14.900731
2035-05-13,14,365673.158444,158747.783036,206925.375408,0.0,0.0,0.0,10860.34,0.0,25223.865642,14.49711
2035-05-13,15,376557.716204,180679.202967,195878.513237,0.0,0.0,0.0,11598.35,0.0,25834.47315,14.575785
2035-05-13,16,372841.832914,177627.453576,195214.379337,0.0,0.0,0.0,12253.43,0.0,26327.662423,14.1616
2035-05-13,17,420274.949575,180683.304841,239591.644733,0.0,0.0,0.0,10728.1,0.0,26683.316645,15.750476
2035-05-13,18,461377.481201,198102.778259,263274.702943,0.0,0.0,0.0,9434.45,0.0,26634.136818,17.322787
2035-05-13,19,488301.655785,197935.583686,290366.0721,0.0,0.0,0.0,8317.77,0.0,26602.201147,18.355686
2035-05-13,20,491650.638109,197935.583686,293715.054424,0.0,0.0,0.0,7573.0,0.0,25986.073476,18.919774
2035-05-13,21,494694.463702,201270.096646,293424.367056,0.0,0.0,0.0,6122.66,0.0,24584.195446,20.122459
2035-05-13,22,499885.662746,201227.999815,298657.662931,0.0,0.0,0.0,4567.19,0.0,23245.391683,21.504721
2035-05-13,23,493872.596495,201227.999815,292644.596681,0.0,0.0,0.0,4049.07,0.0,22510.438696,21.939714
2035-05-14,0,485589.062433,201227.999815,284361.062618,0.0,0.0,0.0,3712.75,0.0,21875.701945,22.197645
2035-05-14,1,481359.753924,201227.999815,280131.75411,0.0,0.0,0.0,3413.81,0.0,21420.17084,22.472265
2035-05-14,2,487057.976772,201227.999815,285829.976958,0.0,0.0,0.0,3070.92,0.0,21288.073214,22.879383
2035-05-14,3,500865.478136,205925.942244,294939.535893,0.0,0.0,0.0,2833.19,0.0,21453.254873,23.346829
2035-05-14,4,557887.187988,260653.706195,297233.481792,0.0,0.0,0.0,2692.97,0.0,22238.612806,25.08642
2035-05-14,5,601585.457537,260064.005542,341521.451995,0.0,0.0,0.0,2001.64,0.0,23367.056542,25.745025
2035-05-14,6,636043.641347,282846.612876,353197.028471,0.0,0.0,0.0,1603.84,0.0,23715.784936,26.819422
2035-05-14,7,651061.27075,282807.936513,368253.334237,0.0,0.0,0.0,1572.35,0.0,24296.477663,26.796529
2035-05-14,8,639168.528451,282807.936513,356360.591938,0.0,0.0,0.0,2444.79,0.0,24760.81105,25.813715
2035-05-14,9,621916.330767,282807.936513,339108.394254,0.0,0.0,0.0,3513.56,0.0,25201.212817,24.678032
2035-05-14,10,589389.635845,264754.719831,324634.916013,0.0,0.0,0.0,5022.94,0.0,25861.572889,22.79017
2035-05-14,11,563721.090268,260064.005542,303657.084726,0.0,0.0,0.0,6174.96,0.0,26141.117998,21.564536
2035-05-14,12,519672.12314,222997.674742,296674.448398,0.0,0.0,0.0,7251.22,0.0,26343.532562,19.726744
2035-05-14,13,501732.512725,222997.674742,278734.837983,0.0,0.0,0.0,8250.7,0.0,26677.893659,18.807051
2035-05-14,14,520776.92978,222997.674742,297779.255038,0.0,0.0,0.0,7983.47,0.0,27081.044955,19.230311
2035-05-14,15,569864.193616,260066.925977,309797.267639,0.0,0.0,0.0,7616.12,0.0,27634.981873,20.621117
2035-05-14,16,589674.686192,264784.523625,324890.162566,0.0,0.0,0.0,7322.89,0.0,28147.448722,20.94949
2035-05-14,17,621672.922399,277730.771633,343942.150766,0.0,0.0,0.0,6767.48,0.0,28424.007822,21.871403
2035-05-14,18,635514.516971,277720.21442,357794.30255,0.0,0.0,0.0,6478.16,0.0,28449.92664,22.338002
2035-05-14,19,618997.037584,277720.21442,341276.823164,0.0,0.0,0.0,6683.49,0.0,28361.306937,21.825406
2035-05-14,20,624217.932926,277720.21442,346497.718505,0.0,0.0,0.0,5798.05,0.0,27672.909337,22.557004
2035-05-14,21,593137.818583,277720.21442,315417.604162,0.0,0.0,0.0,5639.22,0.0,26362.116047,22.499629
2035-05-14,22,555927.449932,243615.807391,312311.64254,0.0,0.0,0.0,5240.16,0.0,25177.331797,22.080475
2035-05-14,23,537303.216561,243615.807391,293687.409169,0.0,0.0,0.0,4869.6,0.0,24117.719923,22.278359
2035-05-15,0,524463.944581,243615.807391,280848.13719,0.0,0.0,0.0,4598.22,0.0,23370.472418,22.441307
2035-05-15,1,500552.354677,206549.476591,294002.878085,0.0,0.0,0.0,4445.1,0.0,23060.841574,21.705728
2035-05-15,2,509865.955545,206549.476591,303316.478954,0.0,0.0,0.0,4049.74,0.0,22974.8882,22.192315
2035-05-15,3,546416.41366,243618.727826,302797.685834,0.0,0.0,0.0,3760.58,0.0,23227.022022,23.525031
2035-05-15,4,583129.575929,260069.315099,323060.26083,0.0,0.0,0.0,3472.65,0.0,24087.990076,24.208312
2035-05-15,5,630101.936677,282846.612876,347255.323801,0.0,0.0,0.0,3201.17,0.0,25102.229684,25.101433
2035-05-15,6,661494.833096,301460.05714,360034.775956,0.0,0.0,0.0,2943.59,0.0,25599.01969,25.840631
2035-05-15,7,685517.58879,309335.682372,376181.906417,0.0,0.0,0.0,2799.36,0.0,26202.06012,26.162736
2035-05-15,8,685595.290176,309317.43106,376277.859117,0.0,0.0,0.0,3385.5,0.0,26819.987866,25.562849
2035-05-15,9,681333.580309,309317.43106,372016.149249,0.0,0.0,0.0,4162.03,0.0,27441.922366,24.828202
2035-05-15,10,662979.208987,309317.43106,353661.777927,0.0,0.0,0.0,5258.07,0.0,27861.415343,23.795604
2035-05-15,11,653092.527511,293081.711595,360010.815916,0.0,0.0,0.0,5560.22,0.0,28151.615884,23.199113
2035-05-15,12,653392.402665,293081.711595,360310.691071,0.0,0.0,0.0,6242.86,0.0,28852.251196,22.64615
2035-05-15,13,639831.534138,293081.711595,346749.822543,0.0,0.0,0.0,6925.35,0.0,29038.88257,22.033614
2035-05-15,14,658949.699697,310361.597387,348588.10231,0.0,0.0,0.0,7207.43,0.0,29639.011093,22.232513
2035-05-15,15,701175.413225,326571.352768,374604.060457,0.0,0.0,0.0,7050.62,0.0,30673.060409,22.85965
2035-05-15,16,836958.777876,456538.160814,380420.617062,0.0,0.0,0.0,6794.76,0.0,31805.5747,26.314845
2035-05-15,17,862927.35268,456493.308523,406434.044158,0.0,0.0,0.0,6036.78,0.0,32222.199829,26.780523
2035-05-15,18,865604.590862,456493.308523,409111.28234,0.0,0.0,0.0,5505.72,0.0,31791.449064,27.227592
2035-05-15,19,775410.446346,368530.930713,406879.515633,0.0,0.0,0.0,5592.74,0.0,31108.451157,24.926038
2035-05-15,20,755137.001925,364386.960708,390750.041217,0.0,0.0,0.0,5363.83,0.0,30255.539183,24.958636
2035-05-15,21,690246.867437,338466.49344,351780.373997,0.0,0.0,0.0,5750.56,0.0,28800.561012,23.966438
2035-05-15,22,604971.938562,285630.204915,319341.733646,0.0,0.0,0.0,6277.72,0.0,27257.519192,22.194681
2035-05-15,23,542888.341594,243615.807391,299272.534203,0.0,0.0,0.0,6342.13,0.0,25797.212812,21.044457
2035-05-16,0,512094.733483,244413.810024,267680.923459,0.0,0.0,0.0,6484.17,0.0,24762.124196,20.680566
2035-05-16,1,463873.136652,182393.845816,281479.290835,0.0,0.0,0.0,6727.01,0.0,24313.666524,19.078699
2035-05-16,2,441440.598533,182393.845816,259046.752717,0.0,0.0,0.0,7242.48,0.0,24011.756515,18.384353
2035-05-16,3,425420.636036,180848.807573,244571.828463,0.0,0.0,0.0,8065.3,0.0,24244.239457,17.547287
2035-05-16,4,441116.766554,201518.864053,239597.902501,0.0,0.0,0.0,8867.33,0.0,25094.597127,17.578157
2035-05-16,5,533407.062167,242795.150918,290611.911249,0.0,0.0,0.0,7310.1,0.0,26208.075695,20.352775
2035-05-16,6,616638.909828,300155.061161,316483.848667,0.0,0.0,0.0,5821.37,0.0,26710.773048,23.085775
2035-05-16,7,664078.725255,291879.056922,372199.668332,0.0,0.0,0.0,4384.36,0.0,27418.367554,24.220214
2035-05-16,8,614476.74177,291879.056922,322597.684848,0.0,0.0,0.0,6762.18,0.0,27993.594643,21.950619
2035-05-16,9,536972.721346,243615.807391,293356.913955,0.0,0.0,0.0,9281.04,0.0,28516.913063,18.829974
2035-05-16,10,467053.586056,217915.138373,249138.447683,0.0,0.0,0.0,12122.25,0.0,29071.837775,16.065499
2035-05-16,11,477404.860285,199324.429178,278080.431106,0.0,0.0,0.0,11927.69,0.0,29567.310275,16.146374
2035-05-16,12,479179.044213,199282.332346,279896.711867,0.0,0.0,0.0,11985.55,0.0,29794.216727,16.082955
2035-05-16,13,463077.964929,199282.332346,263795.632582,0.0,0.0,0.0,12994.07,0.0,30202.738055,15.332317
2035-05-16,14,499198.169291,221410.047843,277788.121449,0.0,0.0,0.0,12518.31,0.0,30662.246197,16.280548
2035-05-16,15,537233.649173,237677.547335,299556.101838,0.0,0.0,0.0,12040.92,0.0,31390.450321,17.114557
2035-05-16,16,578853.337246,264324.175792,314529.161454,0.0,0.0,0.0,11715.89,0.0,32051.79212,18.059937
2035-05-16,17,614921.829418,282350.263473,332571.565944,0.0,0.0,0.0,11162.71,0.0,32519.900797,18.909093
2035-05-16,18,638934.138788,298658.84867,340275.290118,0.0,0.0,0.0,10761.89,0.0,32680.729609,19.550792
2035-05-16,19,660429.889139,298467.01019,361962.878949,0.0,0.0,0.0,9667.44,0.0,32434.439255,20.361995
2035-05-16,20,622899.493586,303235.127302,319664.366284,0.0,0.0,0.0,10531.44,0.0,31762.347822,19.611255
2035-05-16,21,512797.743243,259535.905513,253261.83773,0.0,0.0,0.0,12433.91,0.0,30298.221173,16.925012
2035-05-16,22,407165.645193,191995.431878,215170.213315,0.0,0.0,0.0,13695.62,0.0,28645.346887,14.214024
2035-05-16,23,355959.73575,167377.478281,188582.25747,0.0,0.0,0.0,14235.68,0.0,27271.201445,13.052587
2035-05-17,0,326961.039417,159467.487786,167493.551632,0.0,0.0,0.0,14382.22,0.0,26467.518026,12.353294
2035-05-17,1,319463.778794,143422.898264,176040.88053,0.0,0.0,0.0,14166.15,0.0,26073.628886,12.252371
2035-05-17,2,327468.069497,145319.450641,182148.618856,0.0,0.0,0.0,13695.22,0.0,25887.080127,12.649865
2035-05-17,3,352094.472358,166163.961769,185930.510589,0.0,0.0,0.0,13384.91,0.0,26303.013592,13.386089
2035-05-17,4,411984.992349,194751.150441,217233.841908,0.0,0.0,0.0,12682.86,0.0,27420.290615,15.024822
2035-05-17,5,459505.950105,207988.341702,251517.608403,0.0,0.0,0.0,12866.48,0.0,29332.088286,15.66564
2035-05-17,6,481074.72851,212159.835357,268914.893153,0.0,0.0,0.0,12654.9,0.0,29871.859193,16.104613
2035-05-17,7,484586.878164,211999.494836,272587.383328,0.0,0.0,0.0,12230.04,0.0,29676.735769,16.328847
2035-05-17,8,469453.538141,212797.497469,256656.040672,0.0,0.0,0.0,12753.02,0.0,29628.977752,15.844406
2035-05-17,9,483132.445924,246910.627282,236221.818642,0.0,0.0,0.0,12857.17,0.0,29682.566813,16.27664
2035-05-17,10,436052.125551,207279.767423,228772.358128,0.0,0.0,0.0,13971.92,0.0,29875.631397,14.595579
2035-05-17,11,434678.542435,191682.911118,242995.631317,0.0,0.0,0.0,13765.76,0.0,29953.777768,14.511643
2035-05-17,12,428645.859155,175447.191653,253198.667503,0.0,0.0,0.0,14194.11,0.0,30496.885908,14.055398
2035-05-17,13,406355.131202,175447.191653,230907.939549,0.0,0.0,0.0,15724.31,0.0,31163.140857,13.039608
2035-05-17,14,443047.819013,193636.322198,249411.496815,0.0,0.0,0.0,15289.31,0.0,31781.516713,13.940424
2035-05-17,15,483608.506055,210037.275901,273571.230154,0.0,0.0,4.729717,14826.62,0.0,32600.027015,14.834604
2035-05-17,16,539915.866742,252721.598948,287194.267793,0.0,0.0,0.0,14166.98,0.0,33081.665387,16.320698
2035-05-17,17,584854.577786,262126.258763,322728.319023,0.0,0.0,0.0,12602.7,0.0,33182.030492,17.625642
2035-05-17,18,643689.045179,312828.202174,330860.843005,0.0,0.0,0.0,11444.5,0.0,33144.134035,19.420904
2035-05-17,19,681682.213985,312644.221721,369037.992264,0.0,0.0,0.0,9771.75,0.0,33036.904385,20.633962
2035-05-17,20,638138.314024,315085.40913,323052.904894,0.0,0.0,0.0,10967.31,0.0,32506.502416,19.631097
2035-05-17,21,551892.649515,263793.786974,288098.862541,0.0,0.0,0.0,12590.18,0.0,31862.562561,17.321038
2035-05-17,22,503297.241499,227328.476959,275968.76454,0.0,0.0,0.0,13127.25,0.0,30786.433361,16.34802
2035-05-17,23,463615.661778,227328.476959,236287.184819,0.0,0.0,0.0,13081.54,0.0,29597.023815,15.664266
2035-05-18,0,440557.054584,223093.587858,217463.466726,0.0,0.0,0.0,13083.17,0.0,28764.353575,15.316077
2035-05-18,1,419210.746858,183103.000567,236107.746291,0.0,0.0,0.0,12963.27,0.0,28423.165765,14.748911
2035-05-18,2,405768.082879,183103.000567,222665.082312,0.0,0.0,0.0,13103.6,0.0,28072.597665,14.454241
2035-05-18,3,409660.648947,185967.362033,223693.286915,0.0,0.0,0.0,13087.15,0.0,28110.313138,14.573322
2035-05-18,4,432971.164006,187617.996716,245353.167289,0.0,0.0,0.0,12695.4,0.0,28392.500936,15.24949
2035-05-18,5,430959.23215,197530.832585,233428.399565,0.0,0.0,0.0,13062.8,0.0,28700.428748,15.015777
2035-05-18,6,449497.360604,200108.957919,249388.402685,0.0,0.0,0.0,12891.77,0.0,29093.879597,15.449894
2035-05-18,7,461215.457644,200079.362179,261136.095464,0.0,0.0,0.0,12504.63,0.0,29303.562844,15.739228
2035-05-18,8,446966.753719,195798.353233,251168.400486,0.0,0.0,0.0,12978.63,0.0,29390.123642,15.20806
2035-05-18,9,430407.796791,183197.648449,247210.148342,0.0,0.0,0.0,12933.31,0.0,29001.661954,14.840798
2035-05-18,10,389530.450372,177796.032529,211734.417843,0.0,0.0,0.0,13778.28,0.0,28347.653298,13.741189
2035-05-18,11,360068.450818,160347.55182,199720.898998,0.0,0.0,0.0,13649.85,0.0,27289.351463,13.194467
2035-05-18,12,318927.210478,139833.714542,179093.495936,0.0,0.0,0.0,13899.59,0.0,26392.648388,12.083941
2035-05-18,13,237821.103209,101456.1411,136364.962109,0.0,0.0,0.0,15424.06,0.0,25643.5304,9.274117
2035-05-18,14,242778.543284,103726.228503,139052.314781,0.0,0.0,0.0,14869.92,0.0,25365.246898,9.571306
2035-05-18,15,268807.982374,110752.296482,158055.685892,0.0,0.0,0.0,14169.55,0.0,25506.681898,10.538728
2035-05-18,16,312360.629738,128162.261296,184198.368443,0.0,0.0,0.0,13047.02,0.0,25642.565917,12.181333
2035-05-18,17,378231.230989,162717.517641,215513.713349,0.0,0.0,0.0,11554.96,0.0,26142.219849,14.468214
2035-05-18,18,437708.801282,201102.228019,236606.573263,0.0,0.0,0.0,10464.24,0.0,26606.319544,16.45131
2035-05-18,19,481908.869143,196151.64016,285757.228983,0.0,0.0,0.0,9174.86,0.0,27230.62661,17.697311
2035-05-18,20,483439.98258,196151.64016,287288.342419,0.0,0.0,0.0,9286.0,0.0,27298.698568,17.709268
2035-05-18,21,522316.952889,258739.215145,263577.737744,0.0,0.0,0.0,8760.75,0.0,27030.15156,19.323493
2035-05-18,22,600651.157517,258707.100303,341944.057214,0.0,0.0,0.0,5795.39,0.0,27199.50667,22.083164
2035-05-18,23,658922.821574,323930.942383,334991.879192,0.0,0.0,0.0,4574.56,0.0,26588.472689,24.782274
2035-05-19,0,665100.465029,323911.709413,341188.755617,0.0,0.0,0.0,3746.6,0.0,26084.455623,25.497962
2035-05-19,1,651510.988023,285216.919502,366294.068522,0.0,0.0,0.0,3132.8,0.0,25822.797719,25.23007
2035-05-19,2,669707.185444,298147.772901,371559.412542,0.0,0.0,0.0,2506.52,0.0,25601.727431,26.158672
2035-05-19,3,681077.332415,298137.215689,382940.116726,0.0,0.0,0.430736,1970.14,0.0,25527.518851,26.680123
2035-05-19,4,677286.172921,298137.215689,379148.957232,0.0,0.0,0.0,1640.18,0.0,25063.83365,27.022449
2035-05-19,5,662533.112959,293446.5014,369086.611559,0.0,0.0,0.0,1259.57,0.0,24234.202408,27.338763
2035-05-19,6,673144.563147,305204.225373,367940.337774,0.0,0.0,0.0,1113.0,0.0,24203.542563,27.81182
2035-05-19,7,693047.742702,304931.761551,388115.981151,0.0,0.0,0.0,1295.37,0.0,25158.810609,27.54692
2035-05-19,8,687330.695288,304931.761551,382398.933737,0.0,0.0,0.0,2116.24,0.0,25789.435349,26.651638
2035-05-19,9,667826.004292,302418.224635,365407.779657,0.0,0.0,0.0,3117.78,0.0,26137.059032,25.550924
2035-05-19,10,628903.86775,289452.730046,339451.137704,0.0,0.0,0.0,4387.08,0.0,26208.732051,23.995967
2035-05-19,11,587252.546149,252386.399246,334866.146903,0.0,0.0,0.0,5523.84,0.0,26558.627153,22.111555
2035-05-19,12,556208.186624,245741.605713,310466.580911,0.0,0.0,0.0,6964.4,0.0,26979.219757,20.61617
2035-05-19,13,476572.681776,219125.669269,257447.012507,0.0,0.0,0.0,9892.29,0.0,27461.214942,17.354392
2035-05-19,14,465069.782944,186916.324842,278153.458102,0.0,0.0,0.0,10191.09,0.0,27895.300718,16.671976
2035-05-19,15,479874.351702,201876.168201,277998.1835,0.0,0.0,0.0,10437.33,0.0,28416.68512,16.887063
2035-05-19,16,506726.852381,223800.212626,282926.639755,0.0,0.0,0.0,10422.63,0.0,28934.011049,17.513191
2035-05-19,17,524885.928775,222531.129134,302354.799642,0.0,0.0,0.0,10028.95,0.0,29302.822174,17.91247
2035-05-19,18,531561.381437,229660.630205,301900.751232,0.0,0.0,0.0,10105.75,0.0,29464.925857,18.040479
2035-05-19,19,543761.064539,229585.628009,314175.43653,0.0,0.0,0.0,9738.64,0.0,29570.082495,18.388892
2035-05-19,20,521962.877474,241685.87598,280277.001494,0.0,0.0,0.0,10582.24,0.0,29291.70813,17.819476
2035-05-19,21,435924.458331,210199.924429,225724.533902,0.0,0.0,0.0,12327.53,0.0,28286.00403,15.411313
2035-05-19,22,364910.55205,158185.278149,206725.2739,0.0,0.0,0.0,13152.89,0.0,27243.771406,13.394274
2035-05-19,23,341616.88878,152382.896842,189233.991939,0.0,0.0,0.0,13627.95,0.0,26550.28203,12.866789
2035-05-20,0,318307.237425,155587.852968,162719.384457,0.0,0.0,0.0,13860.48,0.0,25986.453902,12.248968
2035-05-20,1,315814.568597,134039.487924,181775.080673,0.0,0.0,0.0,13607.31,0.0,25752.93308,12.263247
2035-05-20,2,316189.030965,132951.369184,183237.661781,0.0,0.0,0.0,13384.38,0.0,25693.069409,12.306394
2035-05-20,3,353800.764097,170010.320769,183790.443328,0.0,0.0,0.0,13218.68,0.0,26085.530435,13.563104
2035-05-20,4,384390.695405,178036.259545,206354.435861,0.0,0.0,0.0,12847.81,0.0,27102.220838,14.182996
2035-05-20,5,408024.136031,178033.039754,229991.096277,0.0,0.0,0.0,13162.33,0.0,28343.79731,14.395535
2035-05-20,6,414787.897538,178033.039754,236754.857784,0.0,0.0,0.0,13160.59,0.0,28631.799574,14.486966
2035-05-20,7,416556.637675,177620.106335,238936.53134,0.0,0.0,0.0,13218.92,0.0,28632.610609,14.548329
2035-05-20,8,412868.253504,180646.36186,232221.891644,0.0,0.0,0.0,13632.73,0.0,29047.241236,14.213682
2035-05-20,9,427338.488437,180636.062211,246702.426227,0.0,0.0,0.0,13407.05,0.0,29377.012794,14.546696
2035-05-20,10,452858.997643,261634.600533,191224.39711,0.0,0.0,0.0,14243.64,0.0,29636.231429,15.280586
2035-05-20,11,537497.499608,228827.29987,308670.199737,0.0,0.0,0.0,10324.71,0.0,29908.577182,17.97135
2035-05-20,12,580782.689342,267093.79002,313688.899322,0.0,0.0,0.0,9912.34,0.0,30162.40225,19.255187
2035-05-20,13,608971.985528,267054.674234,341917.311294,0.0,0.0,0.0,8902.19,0.0,30279.406814,20.111754
2035-05-20,14,614656.507441,279234.385926,335422.121514,0.0,0.0,0.0,8792.24,0.0,30186.613582,20.36189
2035-05-20,15,647965.500329,296976.985241,350988.515089,0.0,0.0,0.0,8163.71,0.0,30410.909554,21.307008
2035-05-20,16,686427.959176,333994.809749,352433.149427,0.0,0.0,0.0,7558.88,0.0,30473.626758,22.525312
2035-05-20,17,691314.658477,321928.176012,369386.482465,0.0,0.0,0.0,6934.42,0.0,30383.370636,22.75306
2035-05-20,18,746435.640452,358977.847484,387457.792967,0.0,0.0,0.0,5681.29,0.0,30244.398588,24.680128
2035-05-20,19,772081.388463,358708.969917,413372.418546,0.0,0.0,0.0,4819.62,0.0,30385.242909,25.409749
2035-05-20,20,644986.748814,358708.969917,286277.778897,0.0,0.0,0.0,9081.91,0.0,29910.161026,21.564135
2035-05-20,21,523240.900092,229195.485405,294045.414687,0.0,0.0,0.0,9887.73,0.0,28736.589502,18.208177
2035-05-20,22,410548.798562,218723.241258,191825.557304,0.0,0.0,0.0,13059.31,0.0,27658.94989,14.843253
2035-05-20,23,442004.363457,184051.53085,257952.832607,0.0,0.0,0.0,10555.3,0.0,26985.8907,16.379091
2035-05-21,0,435797.119535,198623.396533,237173.723002,0.0,0.0,0.0,10588.48,0.0,26526.354113,16.428836
2035-05-21,1,461914.243019,192393.785031,269520.457988,0.0,0.0,0.0,9185.25,0.0,26325.60784,17.546195
2035-05-21,2,434415.961566,192393.785031,242022.176536,0.0,0.0,0.0,10031.81,0.0,26140.703001,16.618373
2035-05-21,3,396012.995318,174578.360604,221434.634713,0.0,0.0,0.0,11411.62,0.0,26282.58651,15.067505
2035-05-21,4,383416.474061,179298.878688,204117.595374,0.0,0.0,0.0,12607.55,0.0,26815.391411,14.298373
2035-05-21,5,403779.491857,173466.693586,230312.798271,0.0,0.0,0.0,12654.29,0.0,27562.870648,14.649399
2035-05-21,6,396993.440543,179274.67217,217718.768373,0.0,0.0,0.0,12574.87,0.0,27362.045162,14.50891
2035-05-21,7,432319.841263,196509.780535,235810.060729,0.0,0.0,0.0,11268.17,0.0,27035.794953,15.990647
2035-05-21,8,381682.816805,180267.863295,201414.95351,0.0,0.0,0.0,12371.7,0.0,26618.353572,14.339084
2035-05-21,9,323301.971745,134712.928741,188589.043005,0.0,0.0,0.0,13356.88,0.0,26119.89062,12.377616
2035-05-21,10,307884.445586,137768.780006,170115.66558,0.0,0.0,0.0,13702.9,0.0,25944.501267,11.86704
2035-05-21,11,314393.6901,141959.411133,172434.278967,0.0,0.0,0.0,13544.76,0.0,25965.119424,12.108309
2035-05-21,12,310576.339174,126605.566351,183970.772823,0.0,0.0,0.0,13727.51,0.0,26355.079856,11.784307
2035-05-21,13,298755.250759,124096.539497,174658.711261,0.0,0.0,0.0,14672.27,0.0,26678.218501,11.198471
2035-05-21,14,341747.293227,151678.486976,190068.80625,0.0,0.0,0.0,13886.43,0.0,27168.59291,12.578763
2035-05-21,15,387516.297368,186258.606116,201257.691251,0.0,0.0,0.0,13430.58,0.0,27923.062978,13.878001
2035-05-21,16,447503.311948,181315.353181,266187.958766,0.0,0.0,0.0,11616.94,0.0,28515.874278,15.69313
2035-05-21,17,457109.606286,186003.311576,271106.29471,0.0,0.0,0.0,11677.41,0.0,28822.809822,15.859301
2035-05-21,18,483091.830943,208181.59071,274910.240232,0.0,0.0,0.0,10859.97,0.0,28630.84626,16.873124
2035-05-21,19,506273.432412,208011.757436,298261.674976,0.0,0.0,0.0,9558.62,0.0,28320.171359,17.876779
2035-05-21,20,477938.844814,208011.757436,269927.087378,0.0,0.0,0.0,10198.92,0.0,27834.666194,17.170633
2035-05-21,21,414190.874518,192133.202378,222057.67214,0.0,0.0,0.0,11284.27,0.0,26571.34954,15.587875
2035-05-21,22,437020.424297,190851.97685,246168.447448,0.0,0.0,0.0,8782.46,0.0,25195.891963,17.344908
2035-05-21,23,417059.92347,190846.379573,226213.543896,0.0,0.0,0.0,8637.63,0.0,24347.402755,17.129545
2035-05-22,0,400098.071202,190846.379573,209251.691629,0.0,0.0,0.0,8860.15,0.0,23916.588286,16.728894
2035-05-22,1,369129.017965,141168.857483,227960.160483,0.0,0.0,0.0,9274.29,0.0,23838.017611,15.484887
2035-05-22,2,380744.728375,148173.078889,232571.649486,0.0,0.0,0.0,9064.94,0.0,23885.08395,15.94069
2035-05-22,3,418578.78467,182557.247014,236021.537656,0.0,0.0,0.0,8866.61,0.0,24427.716978,17.135403
2035-05-22,4,451104.305827,197650.230419,253454.075408,0.0,0.0,0.0,8519.79,0.0,25379.440494,17.774399
2035-05-22,5,483489.868308,200510.822266,282979.046042,0.0,0.0,0.0,8247.59,0.0,26302.107721,18.382172
2035-05-22,6,516196.165219,221620.175571,294575.989648,0.0,0.0,0.0,7855.65,0.0,26724.592316,19.315399
2035-05-22,7,534915.159229,221596.052372,313319.106857,0.0,0.0,0.0,7468.68,0.0,27126.02331,19.719631
2035-05-22,8,495389.395047,221596.052372,273793.342675,0.0,0.0,0.0,9492.69,0.0,27686.517831,17.892802
2035-05-22,9,501447.672695,208454.465244,292993.207451,0.0,0.0,0.0,9685.58,0.0,28298.084523,17.720198
2035-05-22,10,503669.592547,208270.913188,295398.679358,0.0,0.0,0.0,10239.79,0.0,28962.152596,17.390613
2035-05-22,11,501922.090901,208270.913188,293651.177713,0.0,0.0,0.0,10828.73,0.0,29491.020582,17.019489
2035-05-22,12,487287.996393,208270.913188,279017.083204,0.0,0.0,0.0,11881.01,0.0,30001.690499,16.242018
2035-05-22,13,465522.547163,201227.999815,264294.547348,0.0,0.0,0.0,12880.53,0.0,30270.077024,15.378968
2035-05-22,14,499911.640089,217681.507522,282230.132567,0.0,0.0,0.0,12182.17,0.0,30513.324006,16.383388
2035-05-22,15,553532.203511,254745.4492,298786.754311,0.0,0.0,0.0,11348.54,0.0,30914.869541,17.905047
2035-05-22,16,584129.322418,261849.454183,322279.868235,0.0,0.0,0.0,10504.81,0.0,31144.445279,18.75549
2035-05-22,17,600413.917435,266505.960222,333907.957213,0.0,0.0,0.0,10225.97,0.0,31412.011201,19.114151
2035-05-22,18,593469.967145,266476.156428,326993.810717,0.0,0.0,0.0,10493.56,0.0,31436.179882,18.878565
2035-05-22,19,606154.437087,266476.156428,339678.280659,0.0,0.0,0.0,9994.67,0.0,31380.513227,19.316269
2035-05-22,20,576044.128255,266476.156428,309567.971826,0.0,0.0,0.0,10751.59,0.0,31045.511994,18.554828
2035-05-22,21,506364.298589,238294.330615,268069.967975,0.0,0.0,0.0,11682.84,0.0,29820.641301,16.980329
2035-05-22,22,466828.337597,212513.191086,254315.146512,0.0,0.0,0.0,11708.57,0.0,28436.078008,16.416762
2035-05-22,23,406083.587226,186773.337967,219310.249259,0.0,0.0,0.0,12427.01,0.0,27454.317796,14.791247
2035-05-23,0,372459.104514,167475.411215,204983.693299,0.0,0.0,0.0,13027.45,0.0,26852.622165,13.870493
2035-05-23,1,354553.653823,148034.894351,206518.759472,0.0,0.0,0.0,13165.96,0.0,26603.999002,13.327081
2035-05-23,2,337185.266134,148034.894351,189150.371782,0.0,0.0,0.0,13687.5,0.0,26471.326188,12.737755
2035-05-23,3,356614.467285,169966.314281,186648.153003,0.0,0.0,0.0,13715.23,0.0,26708.555179,13.352069
2035-05-23,4,370676.304776,162050.126012,208626.178764,0.0,0.0,0.0,13400.2,0.0,27195.917888,13.629851
2035-05-23,5,385581.94006,169146.677616,216435.262444,0.0,0.0,0.0,13706.34,0.0,27884.709224,13.82772
2035-05-23,6,394061.408751,185029.929903,209031.478848,0.0,0.0,0.0,13635.92,0.0,28084.966018,14.031045
2035-05-23,7,398540.345386,175145.726244,223394.619141,0.0,0.0,0.0,13520.18,0.0,28370.961326,14.047474
2035-05-23,8,412360.967513,180361.298847,231999.668665,0.0,0.0,0.0,13397.21,0.0,28784.888365,14.325606
2035-05-23,9,440729.394119,188144.705201,252584.688918,0.0,0.0,2.489865,12822.18,0.0,29117.62715,15.136171
2035-05-23,10,446225.339006,222205.467072,224019.871934,0.0,0.0,0.0,13459.43,0.0,29420.88111,15.16696
2035-05-23,11,445327.436094,200612.659531,244714.776563,0.0,0.0,0.0,13245.31,0.0,29737.836807,14.975112
2035-05-23,12,478193.597883,195605.928291,282587.669592,0.0,0.0,0.0,12011.0,0.0,29879.775898,16.003922
2035-05-23,13,472741.713117,195605.928291,277135.784826,0.0,0.0,0.0,12470.0,0.0,30107.053748,15.702025
2035-05-23,14,530487.38115,264409.105348,266078.275802,0.0,0.0,0.0,11922.57,0.0,30256.410094,17.533058
2035-05-23,15,604105.511762,264288.174223,339817.337539,0.0,0.0,0.0,9306.22,0.0,30627.751784,19.724122
2035-05-23,16,642272.079728,310670.488813,331601.590915,0.0,0.0,0.0,9028.98,0.0,30706.21908,20.916677
2035-05-23,17,708430.947671,329927.887975,378503.059696,0.0,0.0,0.0,7143.55,0.0,30906.209545,22.921962
2035-05-23,18,769295.391398,378756.249513,390539.141885,0.0,0.0,0.0,6219.93,0.0,31136.765487,24.706978
2035-05-23,19,807741.397181,378472.422348,429268.974833,0.0,0.0,0.0,4930.87,0.0,31322.359876,25.788012
2035-05-23,20,766659.157299,378472.422348,388186.734951,0.0,0.0,0.0,6147.08,0.0,31182.422442,24.58626
2035-05-23,21,671216.537375,333991.889314,337224.64806,0.0,0.0,0.0,7633.62,0.0,30094.751798,22.303442
2035-05-23,22,531778.641317,270971.55645,260807.084868,0.0,0.0,0.0,10171.93,0.0,28638.772466,18.568486
2035-05-23,23,433182.546449,180818.635712,252363.910737,0.0,0.0,0.0,11182.72,0.0,27546.25475,15.725642
2035-05-24,0,431929.453405,204613.066498,227316.386907,0.0,0.0,0.0,11081.95,0.0,26825.660363,16.101354
2035-05-24,1,480376.329286,200888.34154,279487.987746,0.0,0.0,0.0,9189.88,0.0,26627.895921,18.040341
2035-05-24,2,408595.518556,197255.501459,211340.017097,0.0,0.0,0.0,11431.81,0.0,26567.326581,15.379625
2035-05-24,3,407586.160623,188501.689312,219084.47131,0.0,0.0,0.0,11898.24,0.0,26820.16487,15.197004
2035-05-24,4,399796.515815,185453.217262,214343.298553,0.0,0.0,0.0,13314.55,0.0,27835.053811,14.363059
2035-05-24,5,426647.286316,193229.58661,233417.699705,0.0,0.0,0.0,13738.69,0.0,29313.340129,14.554714
2035-05-24,6,442834.335536,194087.111201,248747.224334,0.0,0.0,0.0,13518.44,0.0,29733.955532,14.89322
2035-05-24,7,455580.55746,193948.757547,261631.799913,0.0,0.0,0.0,13018.98,0.0,29667.690794,15.356118
2035-05-24,8,452837.921995,200322.042314,252515.879681,0.0,0.0,0.0,13238.18,0.0,29767.31249,15.21259
2035-05-24,9,464218.827086,204351.237076,259867.590009,0.0,0.0,0.0,12912.74,0.0,29885.6416,15.533173
2035-05-24,10,448014.512276,204344.383024,243670.129252,0.0,0.0,0.0,13680.31,0.0,30066.056183,14.901007
2035-05-24,11,465193.146196,212376.838414,252816.307782,0.0,0.0,0.0,13291.65,0.0,30205.390933,15.400997
2035-05-24,12,452515.31842,190390.705785,262124.612635,0.0,0.0,0.0,13484.56,0.0,30415.319438,14.877875
2035-05-24,13,450098.221354,195853.558434,254244.66292,0.0,0.0,0.0,13883.11,0.0,30502.293922,14.756209
2035-05-24,14,465737.094874,199256.286841,266480.808034,0.0,0.0,0.0,13429.55,0.0,30667.007921,15.18691
2035-05-24,15,501502.158429,233825.375988,267676.782441,0.0,0.0,0.0,12952.73,0.0,30975.356608,16.190359
2035-05-24,16,553087.926067,249479.600765,303608.325302,0.0,0.0,0.0,11171.67,0.0,30856.624842,17.924447
2035-05-24,17,578850.178005,249474.291209,329375.886797,0.0,0.0,0.0,9983.67,0.0,30631.672214,18.897113
2035-05-24,18,605404.331393,276501.435264,328902.89613,0.0,0.0,0.0,9294.14,0.0,30339.690629,19.954203
2035-05-24,19,625011.856686,275694.549378,349317.307307,0.0,0.0,0.0,8266.49,0.0,30161.173386,20.722399
2035-05-24,20,550222.594761,275694.549378,274528.045383,0.0,0.0,0.0,10630.86,0.0,29728.165469,18.508461
2035-05-24,21,444161.175069,208255.969478,235905.205591,0.0,0.0,0.0,12527.5,0.0,28715.178844,15.467819
2035-05-24,22,368992.437516,177634.328319,191358.109197,0.0,0.0,0.0,13890.58,0.0,27642.815495,13.348584
2035-05-24,23,321698.96485,148494.138564,173204.826286,0.0,0.0,0.0,14576.76,0.0,26560.475834,12.111943
2035-05-25,0,310673.933044,153609.473158,157064.459886,0.0,0.0,0.0,14504.71,0.0,25965.787499,11.964741
2035-05-25,1,297971.690528,126028.381215,171943.309312,0.0,0.0,0.0,14303.69,0.0,25735.409408,11.578277
2035-05-25,2,304563.257498,126028.381215,178534.876282,0.0,0.0,0.0,13946.93,0.0,25643.831791,11.876667
2035-05-25,3,323451.193845,151015.652411,172435.541434,0.0,0.0,0.0,13693.07,0.0,25658.585907,12.605963
2035-05-25,4,346855.38954,150999.154986,195856.234554,0.0,0.0,0.0,13082.35,0.0,26006.639329,13.337186
2035-05-25,5,351678.228503,153631.773182,198046.455321,0.0,0.0,0.0,13199.21,0.0,26284.505417,13.379678
2035-05-25,6,376095.513845,172136.753219,203958.760625,0.0,0.0,0.0,12958.89,0.0,26716.534345,14.077257
2035-05-25,7,410894.983465,190635.509434,220259.474031,0.0,0.0,0.0,12532.3,0.0,27552.160502,14.913349
2035-05-25,8,397100.236756,190610.921474,206489.315281,0.0,0.0,0.0,13228.5,0.0,27819.341838,14.27425
2035-05-25,9,399701.2901,165640.147704,234061.142396,0.0,0.0,0.0,13003.79,0.0,28063.027668,14.242985
2035-05-25,10,379027.273075,168695.998969,210331.274107,0.0,0.0,0.0,13972.27,0.0,28337.731528,13.375357
2035-05-25,11,398680.596095,173517.523497,225163.072598,0.0,0.0,0.0,13674.54,0.0,28766.76867,13.859068
2035-05-25,12,413491.899577,176845.182405,236646.717173,0.0,0.0,0.0,13699.14,0.0,29315.43987,14.104919
2035-05-25,13,401711.042799,173757.533958,227953.508841,0.0,0.0,0.0,14706.3,0.0,29826.656205,13.468189
2035-05-25,14,417858.544206,176813.385223,241045.158983,0.0,0.0,0.0,14333.67,0.0,30116.490418,13.874742
2035-05-25,15,446509.105772,211394.999764,235114.106007,0.0,0.0,0.0,13678.46,0.0,29969.271242,14.898898
2035-05-25,16,476269.450209,208997.26885,267272.181359,0.0,0.0,0.0,12728.37,0.0,30217.456627,15.761401
2035-05-25,17,500843.612936,208858.915195,291984.69774,0.0,0.0,0.0,11961.57,0.0,30374.780986,16.488798
2035-05-25,18,532349.480171,244509.673253,287839.806918,0.0,0.0,0.0,11313.59,0.0,30150.31475,17.656515
2035-05-25,19,566474.479071,243440.00501,323034.474061,0.0,0.0,0.0,9528.21,0.0,29815.806352,18.999133
2035-05-25,20,509821.558055,243440.00501,266381.553045,0.0,0.0,0.0,11098.27,0.0,29296.614883,17.402064
2035-05-25,21,413506.613321,199204.235093,214302.378228,0.0,0.0,0.0,13202.61,0.0,28326.163383,14.598045
2035-05-25,22,342471.247716,161600.69237,180870.555346,0.0,0.0,0.0,14537.45,0.0,27285.16705,12.551554
2035-05-25,23,309720.092297,139125.019806,170595.072491,0.0,0.0,0.0,14637.02,0.0,26242.325482,11.802311
2035-05-26,0,290539.788123,144148.377022,146391.411101,0.0,0.0,0.0,14565.75,0.0,25392.159914,11.442106
2035-05-26,1,303983.264737,147628.223341,156355.041396,0.0,0.0,0.0,13744.76,0.0,24949.704772,12.183842
2035-05-26,2,277104.652543,125374.710592,151729.941951,0.0,0.0,0.0,13894.7,0.0,24570.544233,11.277921
2035-05-26,3,280930.818387,124732.362602,156198.455785,0.0,0.0,0.0,13603.14,0.0,24437.98099,11.495664
2035-05-26,4,298579.579152,123115.75026,175463.828893,0.0,0.0,0.0,13068.04,0.0,24420.698284,12.226496
2035-05-26,5,284089.273738,122472.57485,161616.698889,0.0,0.0,0.0,13410.79,0.0,24312.466883,11.684922
2035-05-26,6,294237.865481,141657.006952,152580.85853,0.0,0.0,0.0,13426.05,0.0,24542.940496,11.988697
2035-05-26,7,314091.668039,139726.851519,174364.81652,0.0,0.0,0.0,13451.92,0.0,25355.520613,12.387506
2035-05-26,8,325136.071365,155621.49399,169514.577375,0.0,0.0,0.0,13489.28,0.0,25927.314373,12.540291
2035-05-26,9,335730.521061,152771.070447,182959.450614,0.0,0.0,0.0,13270.01,0.0,26246.206919,12.791582
2035-05-26,10,318167.792158,152771.070447,165396.721711,0.0,0.0,0.0,14142.12,0.0,26428.19631,12.038952
2035-05-26,11,344759.094687,174702.490377,170056.60431,0.0,0.0,0.0,14119.24,0.0,26937.866998,12.798307
2035-05-26,12,324713.547133,137629.961803,187083.58533,0.0,0.0,0.0,14473.02,0.0,27379.423011,11.859766
2035-05-26,13,308382.214219,134584.410187,173797.804032,0.0,0.0,0.0,15611.12,0.0,27834.453899,11.079154
2035-05-26,14,327713.978993,140272.879648,187441.099345,0.0,0.0,0.0,15183.07,0.0,28170.385438,11.63328
2035-05-26,15,346144.091778,140232.984259,205911.107518,0.0,0.0,0.0,14742.09,0.0,28449.207211,12.167091
2035-05-26,16,379466.08231,174824.898451,204641.18386,0.0,0.0,0.0,14385.92,0.0,28746.378744,13.200483
2035-05-26,17,424248.178456,175565.64293,248682.535526,0.0,0.0,0.0,12802.07,0.0,28901.235035,14.67924
2035-05-26,18,476826.976326,215692.704394,261134.271932,0.0,0.0,0.0,11612.05,0.0,28787.145163,16.563885
2035-05-26,19,511909.778624,215530.062137,296379.716487,0.0,0.0,0.0,9954.41,0.0,28571.426453,17.916844
2035-05-26,20,468053.7181,215530.062137,252523.655963,0.0,0.0,0.0,11221.02,0.0,28243.530116,16.572069
2035-05-26,21,381141.472047,180941.090767,200200.381281,0.0,0.0,0.0,13257.5,0.0,27447.254204,13.886324
2035-05-26,22,321978.527355,153947.424315,168031.10304,0.0,0.0,0.0,14671.16,0.0,26623.113129,12.093947
2035-05-26,23,303305.297285,148905.455099,154399.842186,0.0,0.0,0.0,14689.24,0.0,25829.418927,11.74263
2035-05-27,0,294853.597939,151796.915332,143056.682607,0.0,0.0,0.0,14342.89,0.0,25180.559195,11.709573
2035-05-27,1,282615.42655,118680.437189,163934.989361,0.0,0.0,0.0,13916.44,0.0,24714.844343,11.435048
2035-05-27,2,280884.06457,124488.415773,156395.648797,0.0,0.0,0.0,13496.35,0.0,24312.778324,11.55294
2035-05-27,3,280443.031835,124161.903409,156281.128427,0.0,0.0,0.0,13209.39,0.0,24055.970352,11.657939
2035-05-27,4,287099.453324,118276.322112,168823.131212,0.0,0.0,0.0,12659.14,0.0,23747.98906,12.089422
2035-05-27,5,262137.7885,121332.173377,140805.615123,0.0,0.0,0.0,12924.35,0.0,23126.180706,11.335109
2035-05-27,6,263734.689764,118690.842706,145043.847058,0.0,0.0,0.0,12748.05,0.0,23033.123559,11.450236
2035-05-27,7,294867.209679,123590.278915,171276.930764,0.0,0.0,0.0,12463.93,0.0,23948.276366,12.312669
2035-05-27,8,327305.687862,147610.404997,179695.282865,0.0,0.0,0.0,12645.13,0.0,25191.674952,12.992613
2035-05-27,9,358124.120643,150203.76718,207920.353463,0.0,0.0,0.0,12423.4,0.0,26210.767496,13.663244
2035-05-27,10,357275.033094,155285.112923,201989.920171,0.0,0.0,0.0,13145.77,0.0,26944.409202,13.259709
2035-05-27,11,372321.312465,152440.286656,219881.025809,0.0,0.0,0.0,13209.93,0.0,27693.106374,13.444549
2035-05-27,12,381574.87297,152440.286656,229134.586314,0.0,0.0,0.0,13621.14,0.0,28443.018452,13.415414
2035-05-27,13,369045.483055,152440.286656,216605.196399,0.0,0.0,0.0,14785.67,0.0,29120.598675,12.673005
2035-05-27,14,397846.718191,171589.789904,226256.928287,0.0,0.0,0.0,14650.41,0.0,29717.532979,13.387609
2035-05-27,15,427517.014749,182853.454056,244663.560692,0.0,0.0,0.0,14408.8,0.0,30376.901172,14.073753
2035-05-27,16,469307.982232,217238.394119,252069.588113,0.0,0.0,0.0,13853.02,0.0,30816.33724,15.229194
2035-05-27,17,527874.441983,237920.355827,289954.086156,0.0,0.0,0.0,12323.77,0.0,31151.99423,16.945125
2035-05-27,18,593729.586309,283081.217968,310648.368341,0.0,0.0,0.0,10877.31,0.0,31251.49765,18.998436
2035-05-27,19,633911.762098,282532.408669,351379.353429,0.0,0.0,0.0,9075.06,0.0,31136.378838,20.3592
2035-05-27,20,573215.801274,282532.408669,290683.392605,0.0,0.0,0.0,11078.39,0.0,30866.542992,18.570781
2035-05-27,21,465855.981103,225520.807933,240335.17317,0.0,0.0,0.0,13131.08,0.0,29795.037952,15.635355
2035-05-27,22,398491.485007,190931.836563,207559.648445,0.0,0.0,0.0,14155.59,0.0,28738.682388,13.866032
2035-05-27,23,370710.660116,176036.818254,194673.841862,0.0,0.0,0.0,14250.32,0.0,27749.009185,13.35942
2035-05-28,0,349014.465841,175861.230497,173153.235343,0.0,0.0,0.0,14294.81,0.0,26936.618212,12.956878
2035-05-28,1,335017.740242,162018.228813,172999.511429,0.0,0.0,0.0,14154.36,0.0,26306.864743,12.734993
2035-05-28,2,323213.947251,138996.533829,184217.413423,0.0,0.0,0.0,13870.42,0.0,25984.532834,12.438705
2035-05-28,3,344093.903954,163954.209284,180139.69467,0.0,0.0,0.0,13651.4,0.0,26140.227124,13.163386
2035-05-28,4,363845.958305,164705.228881,199140.729424,0.0,0.0,0.0,13197.78,0.0,26688.674416,13.632972
2035-05-28,5,381281.33256,168702.943175,212578.389385,0.0,0.0,0.0,13341.11,0.0,27487.672355,13.870994
2035-05-28,6,392256.238021,184088.661174,208167.576847,0.0,0.0,0.0,13246.28,0.0,27763.440503,14.128517
2035-05-28,7,414808.004053,178283.060076,236524.943977,0.0,0.0,0.0,12834.25,0.0,28058.881118,14.783483
2035-05-28,8,406176.526671,183331.764279,222844.762393,0.0,0.0,0.0,13275.19,0.0,28404.317842,14.299816
2035-05-28,9,409748.353724,180486.137321,229262.216403,0.0,0.0,0.0,13299.9,0.0,28635.996097,14.308856
2035-05-28,10,419777.924632,194125.580028,225652.344604,0.0,0.0,0.0,13759.26,0.0,29190.46799,14.380651
2035-05-28,11,433788.260995,198878.244898,234910.016097,0.0,0.0,0.0,13413.89,0.0,29342.792421,14.783469
2035-05-28,12,424643.293838,198535.674168,226107.61967,0.0,0.0,0.0,13768.8,0.0,29368.725754,14.45903
2035-05-28,13,374668.109571,161469.343368,213198.766204,0.0,0.0,0.0,14683.56,0.0,29194.942495,12.833322
2035-05-28,14,372913.092619,151418.649035,221494.443583,0.0,0.0,0.0,14491.05,0.0,29062.33454,12.831491
2035-05-28,15,411053.606155,186010.563226,225043.042929,0.0,0.0,0.0,13810.9,0.0,29235.518356,14.060076
2035-05-28,16,462154.622445,206204.828161,255949.794284,0.0,0.0,0.0,12556.11,0.0,29567.152313,15.630678
2035-05-28,17,534966.507229,243272.928203,291693.579025,0.0,0.0,0.0,10972.43,0.0,30025.751149,17.816923
2035-05-28,18,603881.599492,280086.919442,323794.680051,0.0,0.0,0.0,9600.99,0.0,30533.041155,19.777971
2035-05-28,19,662394.285935,310057.541464,352336.744471,0.0,0.0,0.0,8219.32,0.0,30754.676192,21.538002
2035-05-28,20,682460.969651,310039.774534,372421.195117,0.0,0.0,0.0,7150.45,0.0,30552.851065,22.337063
2035-05-28,21,649963.145149,305349.060245,344614.084905,0.0,0.0,0.0,7329.88,0.0,29613.955844,21.947866
2035-05-28,22,591547.926272,275126.719558,316421.206714,0.0,0.0,0.0,7857.22,0.0,28467.060616,20.780085
2035-05-28,23,545305.381482,236540.063756,308765.317726,0.0,0.0,0.0,7983.84,0.0,27669.254661,19.70799
2035-05-29,0,514410.891991,221690.585236,292720.306755,0.0,0.0,0.0,8428.17,0.0,27263.636981,18.868022
2035-05-29,1,487665.992311,212776.567347,274889.424963,0.0,0.0,0.0,9140.73,0.0,27100.727135,17.994572
2035-05-29,2,461618.695044,196749.190598,264869.504446,0.0,0.0,0.0,9797.95,0.0,26970.479426,17.115702
2035-05-29,3,467838.517772,204677.432406,263161.085367,0.0,0.0,0.0,10204.02,0.0,27413.333083,17.066094
2035-05-29,4,489627.482649,217400.995766,272226.486883,0.0,0.0,0.0,10504.77,0.0,28283.034825,17.311702
2035-05-29,5,539607.861554,251021.889893,288585.971661,0.0,0.0,0.0,9542.83,0.0,28604.212129,18.864629
2035-05-29,6,611524.941215,285646.959902,325877.981312,0.0,0.0,0.0,7760.99,0.0,28871.235097,21.181115
2035-05-29,7,633772.475587,285630.204915,348142.270672,0.0,0.0,0.0,6920.33,0.0,28965.523372,21.880236
2035-05-29,8,602072.075465,285630.204915,316441.870549,0.0,0.0,0.0,8103.96,0.0,28975.276162,20.778821
2035-05-29,9,573565.689657,272664.710326,300900.979331,0.0,0.0,0.0,8895.38,0.0,28951.962796,19.810943
2035-05-29,10,517381.205004,222997.674742,294383.530261,0.0,0.0,0.0,9773.37,0.0,28775.892476,17.979675
2035-05-29,11,520212.72485,222997.674742,297215.050108,0.0,0.0,0.0,9595.53,0.0,28710.217956,18.119428
2035-05-29,12,518654.168574,222997.674742,295656.493832,0.0,0.0,0.0,9670.67,0.0,28712.655072,18.063609
2035-05-29,13,487548.375844,222997.674742,264550.701101,0.0,0.0,0.0,10506.03,0.0,28380.163396,17.179196
2035-05-29,14,480383.146983,201072.452587,279310.694396,0.0,0.0,0.0,10118.29,0.0,28188.066026,17.042075
2035-05-29,15,495515.204685,205792.97067,289722.234015,0.0,0.0,0.0,9765.21,0.0,28302.177093,17.508024
2035-05-29,16,528911.763202,236801.307928,292110.455274,0.0,0.0,0.0,9452.12,0.0,28566.816172,18.514901
2035-05-29,17,567416.369141,258713.298077,308703.071063,0.0,0.0,0.0,8613.98,0.0,28745.290773,19.739455
2035-05-29,18,606502.401505,276460.256829,330042.144676,0.0,0.0,0.0,7802.29,0.0,29026.310716,20.894919
2035-05-29,19,617217.454889,276408.830103,340808.624786,0.0,0.0,0.0,7436.4,0.0,29119.607857,21.19594
2035-05-29,20,628048.283494,276408.830103,351639.453391,0.0,0.0,0.0,6788.73,0.0,28876.956049,21.749117
2035-05-29,21,598602.510518,276408.830103,322193.680415,0.0,0.0,0.0,6695.13,0.0,27690.180962,21.617862
2035-05-29,22,542157.424494,239145.662734,303011.761761,0.0,0.0,0.0,6944.48,0.0,26588.560936,20.390627
2035-05-29,23,561654.172354,276214.913968,285439.258386,0.0,0.0,0.0,6185.5,0.0,25702.134109,21.852433
2035-05-30,0,561330.784492,276211.993534,285118.790959,0.0,0.0,0.0,5742.04,0.0,25243.250443,22.236866
2035-05-30,1,534268.857271,216401.731762,317867.125508,0.0,0.0,0.0,5407.97,0.0,25062.772484,21.317229
2035-05-30,2,554344.055504,238333.151692,316010.903811,0.0,0.0,0.0,4954.88,0.0,24916.602529,22.247979
2035-05-30,3,572779.865778,243047.472001,329732.393777,0.0,0.0,0.0,4651.8,0.0,25294.912255,22.644074
2035-05-30,4,630732.728625,298149.008692,332583.719933,0.0,0.0,0.0,4542.84,0.0,26104.777819,24.161582
2035-05-30,5,670853.960125,313481.389227,357372.570898,0.0,0.0,0.0,3945.66,0.0,26804.574665,25.027592
2035-05-30,6,690643.521259,313475.160903,377168.360356,0.0,0.0,0.0,3304.19,0.0,26954.071966,25.622975
2035-05-30,7,697560.999881,313475.160903,384085.838979,0.0,0.0,0.0,3056.13,0.0,26959.082951,25.874804
2035-05-30,8,653932.456084,313475.160903,340457.295181,0.0,0.0,0.0,4488.17,0.0,26781.180243,24.417612
2035-05-30,9,585712.038242,258707.100303,327004.937939,0.0,0.0,0.0,6082.48,0.0,26941.221859,21.740367
2035-05-30,10,544202.360324,240653.88362,303548.476703,0.0,0.0,0.0,7737.85,0.0,27397.168397,19.863453
2035-05-30,11,529154.866535,218728.661465,310426.20507,0.0,0.0,0.0,8298.68,0.0,27822.492953,19.018959
2035-05-30,12,511111.935869,218728.661465,292383.274404,0.0,0.0,0.0,9214.75,0.0,28068.207565,18.209639
2035-05-30,13,488411.360013,201072.452587,287338.907426,0.0,0.0,0.0,10004.87,0.0,28294.056357,17.261977
2035-05-30,14,463571.03203,201072.452587,262498.579443,0.0,0.0,0.0,11074.03,0.0,28454.243316,16.291807
2035-05-30,15,447991.622144,203263.258238,244728.363907,0.0,0.0,0.0,12203.05,0.0,28811.252464,15.549189
2035-05-30,16,450025.837945,203257.060463,246768.777482,0.0,0.0,0.0,12477.72,0.0,29216.183898,15.403307
2035-05-30,17,504677.212599,223045.081131,281632.131468,0.0,0.0,0.0,11197.96,0.0,29582.619645,17.059923
2035-05-30,18,553275.26416,260066.925977,293208.338183,0.0,0.0,0.0,10409.75,0.0,29856.189084,18.531342
2035-05-30,19,576743.915236,260064.005542,316679.909694,0.0,0.0,0.0,9595.17,0.0,30007.425503,19.22004
2035-05-30,20,536218.412955,260064.005542,276154.407413,0.0,0.0,0.0,10548.72,0.0,29457.696466,18.202999
2035-05-30,21,485412.254432,235644.262475,249767.991956,0.0,0.0,0.0,10693.8,0.0,28086.337599,17.28286
2035-05-30,22,480506.118955,198577.931675,281928.18728,0.0,0.0,0.0,8635.16,0.0,26630.025635,18.043772
2035-05-30,23,475338.034237,198577.931675,276760.102562,0.0,0.0,0.0,7706.93,0.0,25511.985457,18.63195
2035-05-31,0,476727.628934,198577.931675,278149.697259,0.0,0.0,0.0,7027.37,0.0,24889.254904,19.153953
2035-05-31,1,475690.675286,201445.899028,274244.776258,0.0,0.0,0.0,6740.73,0.0,24501.915188,19.414428
2035-05-31,2,528851.454809,227275.770416,301575.684393,0.0,0.0,0.0,5014.57,0.0,24245.630188,21.812238
2035-05-31,3,588521.037798,264291.094658,324229.94314,0.0,0.0,0.0,3972.4,0.0,24680.417263,23.845668
2035-05-31,4,642600.225479,289806.615871,352793.609608,0.0,0.0,0.0,3549.87,0.0,25772.036838,24.93401
2035-05-31,5,658465.585965,289622.773265,368842.8127,0.0,0.0,0.0,4297.82,0.0,27212.644647,24.197045
2035-05-31,6,634895.110582,289622.773265,345272.337317,0.0,0.0,0.0,5861.16,0.0,27909.501195,22.74835
2035-05-31,7,574982.075738,284465.513368,290516.56237,0.0,0.0,0.0,7740.52,0.0,27623.572803,20.814906
2035-05-31,8,585756.170905,254528.683639,331227.487266,0.0,0.0,0.0,6425.26,0.0,27337.070194,21.427174
2035-05-31,9,593191.12995,254453.681443,338737.448506,0.0,0.0,0.0,6011.23,0.0,27230.178375,21.784328
2035-05-31,10,587722.455812,258757.515434,328964.940378,0.0,0.0,0.0,6533.94,0.0,27439.481293,21.418862
2035-05-31,11,560179.813653,246832.131545,313347.682108,0.0,0.0,0.0,7586.65,0.0,27720.101749,20.208433
2035-05-31,12,522290.825206,224906.909389,297383.915817,0.0,0.0,0.0,8932.67,0.0,28084.451783,18.597152
2035-05-31,13,496890.052294,209223.76547,287666.286824,0.0,0.0,0.0,10031.75,0.0,28502.252989,17.433361
2035-05-31,14,508571.043524,208923.291571,299647.751952,0.0,0.0,0.0,9976.65,0.0,28909.685207,17.591718
2035-05-31,15,541146.834185,245992.542806,295154.291379,0.0,0.0,0.0,10005.99,0.0,29305.307661,18.46583
2035-05-31,16,539302.896835,242362.952068,296939.944768,0.0,0.0,0.0,10235.14,0.0,29617.41216,18.208981
2035-05-31,17,563317.802206,242362.952068,320954.850138,0.0,0.0,0.0,9634.11,0.0,29904.393239,18.837292
2035-05-31,18,588253.825561,264294.371998,323959.453563,0.0,0.0,0.0,9173.06,0.0,29873.019619,19.69181
2035-05-31,19,598795.975937,264919.110863,333876.865074,0.0,0.0,0.0,8518.84,0.0,29659.951333,20.188704
2035-05-31,20,572150.115922,264754.719831,307395.396091,0.0,0.0,0.0,8935.86,0.0,29112.696644,19.652941
2035-05-31,21,511469.030194,222997.674742,288471.355452,0.0,0.0,0.0,9286.25,0.0,28057.516701,18.229305
2035-05-31,22,475960.570671,205727.319272,270233.251398,0.0,0.0,0.0,9253.11,0.0,26884.721874,17.703757
2035-05-31,23,441790.353501,184992.777578,256797.575922,0.0,0.0,0.0,9086.85,0.0,25778.431817,17.137984
2035-06-01,0,422281.273338,184992.777578,237288.495759,0.0,0.0,0.0,9045.58,0.0,25020.664189,16.877301
2035-06-01,1,402127.592813,180848.807573,221278.78524,0.0,0.0,0.0,9422.46,0.0,24730.163969,16.260612
2035-06-01,2,422605.266662,181746.435608,240858.831054,0.0,0.0,0.0,8626.38,0.0,24701.526901,17.108467
2035-06-01,3,437158.755121,181608.081954,255550.673168,0.0,0.0,0.0,8334.26,0.0,24959.56433,17.514679
2035-06-01,4,478720.494508,206803.619016,271916.875492,0.0,0.0,0.0,7677.78,0.0,25375.080435,18.865772
2035-06-01,5,562878.553459,260072.235534,302806.317926,0.0,0.0,0.289421,6075.94,0.0,25843.190383,21.780537
2035-06-01,6,627519.930927,295822.664677,331697.26625,0.0,0.0,0.0,4671.53,0.0,26209.38905,23.942562
2035-06-01,7,662455.945864,295773.431103,366682.514762,0.0,0.0,0.0,3661.05,0.0,26600.522654,24.90387
2035-06-01,8,657684.812968,295773.431103,361911.381866,0.0,0.0,0.0,4586.48,0.0,27354.858084,24.042706
2035-06-01,9,644263.961379,295773.431103,348490.530276,0.0,0.0,0.0,5909.95,0.0,28183.826139,22.859351
2035-06-01,10,602988.870235,277720.21442,325268.655814,0.0,0.0,0.0,8023.8,0.0,29106.754081,20.716459
2035-06-01,11,571615.07034,264754.719831,306860.350509,0.0,0.0,0.0,9419.29,0.0,29570.220378,19.330768
2035-06-01,12,508989.015791,227688.389031,281300.62676,0.0,0.0,0.0,10646.85,0.0,29192.701655,17.435489
2035-06-01,13,442789.670762,203503.924976,239285.745786,0.0,0.0,0.0,12596.42,0.0,28934.978616,15.30292
2035-06-01,14,450135.223433,201414.101846,248721.121588,0.0,0.0,0.0,12411.94,0.0,28971.755399,15.537037
2035-06-01,15,459982.474756,201403.802196,258578.67256,0.0,0.0,0.0,12024.94,0.0,29142.713289,15.78379
2035-06-01,16,434941.740925,176433.028425,258508.7125,0.0,0.0,0.0,11904.86,0.0,28408.822276,15.310094
2035-06-01,17,438287.628646,179488.87969,258798.748955,0.0,0.0,0.0,11384.49,0.0,28120.461051,15.586075
2035-06-01,18,451553.003052,184176.52247,267376.480583,0.0,0.0,0.0,10755.67,0.0,27848.130724,16.214841
2035-06-01,19,484048.691536,206089.128758,277959.562778,0.0,0.0,0.0,9840.08,0.0,27738.895357,17.450179
2035-06-01,20,479210.464944,206082.930983,273127.533961,0.0,0.0,0.0,9973.74,0.0,27801.873867,17.236625
2035-06-01,21,499608.319965,222536.438691,277071.881274,0.0,0.0,0.0,9446.06,0.0,27720.03869,18.023363
2035-06-01,22,521962.516306,222531.129134,299431.387172,0.0,0.0,0.0,8114.6,0.0,27287.733851,19.128101
2035-06-01,23,427262.87067,222531.129134,204731.741536,0.0,0.0,0.0,10878.43,0.0,26354.7442,16.211991
2035-06-02,0,365727.968224,209332.044003,156395.924221,0.0,0.0,0.0,12560.76,0.0,25635.03059,14.266726
2035-06-02,1,330613.20379,133069.588088,197543.615702,0.0,0.0,0.0,12279.1,0.0,25195.35225,13.121992
2035-06-02,2,334840.067661,149008.437793,185831.629868,0.0,0.0,0.0,11799.28,0.0,24809.157406,13.496632
2035-06-02,3,336570.911387,141095.227507,195475.683879,0.0,0.0,0.0,11365.02,0.0,24653.573927,13.652013
2035-06-02,4,350877.100871,137875.800607,213001.300264,0.0,0.0,0.0,10464.84,0.0,24102.563056,14.557668
2035-06-02,5,350701.261311,157591.878701,193109.38261,0.0,0.0,0.0,9768.01,0.0,23337.995372,15.027052
2035-06-02,6,398128.839162,170131.257866,227997.581296,0.0,0.0,0.0,7948.1,0.0,23294.185461,17.09134
2035-06-02,7,439395.370169,178726.159712,260669.210456,0.0,0.0,0.0,7243.45,0.0,24077.164879,18.249465
2035-06-02,8,473490.514942,198479.42439,275011.090552,0.0,0.0,0.0,7120.8,0.0,24873.281396,19.03611
2035-06-02,9,496393.321665,198290.562777,298102.758887,0.0,0.0,0.0,6765.79,0.0,25452.846555,19.502468
2035-06-02,10,476661.657512,198290.562777,278371.094734,0.0,0.0,0.0,7655.84,0.0,25608.819416,18.613184
2035-06-02,11,429744.205848,180109.516681,249634.689167,0.0,0.0,0.0,9588.93,0.0,26074.74448,16.481243
2035-06-02,12,375281.868554,164856.574928,210425.293626,0.0,0.0,0.0,11258.41,0.0,25914.697765,14.481429
2035-06-02,13,329868.731619,131942.570026,197926.161593,0.0,0.0,0.0,12702.43,0.0,25986.775789,12.693715
2035-06-02,14,363000.808364,148838.723734,214162.08463,0.0,0.0,0.0,12215.1,0.0,26530.355291,13.682471
2035-06-02,15,397538.981898,165064.186217,232474.795681,0.0,0.0,0.0,11772.76,0.0,27010.213641,14.718098
2035-06-02,16,418686.155853,195880.338742,222805.817112,0.0,0.0,0.0,11454.33,0.0,26998.717348,15.507631
2035-06-02,17,443949.4148,191186.681632,252762.733168,0.0,0.0,0.0,10846.82,0.0,27511.782867,16.136701
2035-06-02,18,466546.54497,196882.382097,269664.162873,0.0,0.0,0.0,10439.47,0.0,27795.056859,16.785234
2035-06-02,19,491245.035637,201564.142716,289680.892921,0.0,0.0,0.0,9664.97,0.0,27910.360567,17.600813
2035-06-02,20,493986.531398,201403.802196,292582.729202,0.0,0.0,2.151373,9874.52,0.0,28288.155794,17.462663
2035-06-02,21,492965.331616,201403.802196,291561.529421,0.0,0.0,0.0,9846.96,0.0,28241.556085,17.455318
2035-06-02,22,485998.189635,201403.802196,284594.387439,0.0,0.0,0.0,9388.95,0.0,27542.816338,17.645189
2035-06-02,23,452671.259919,201403.802196,251267.457723,0.0,0.0,0.0,9592.23,0.0,26507.98077,17.076791
2035-06-03,0,421885.860149,166814.830825,255071.029324,0.0,0.0,0.0,9447.45,0.0,25691.648905,16.421128
2035-06-03,1,419064.977311,174146.373838,244918.603473,0.0,0.0,0.0,9396.48,0.0,25310.212127,16.55715
2035-06-03,2,465209.119343,208545.436382,256663.682961,0.0,0.0,0.0,7937.42,0.0,25045.869372,18.574285
2035-06-03,3,483661.164601,207726.007042,275935.157559,0.0,0.0,0.0,7258.12,0.0,25170.8827,19.215105
2035-06-03,4,506684.181013,207543.311845,299140.869168,0.0,0.0,0.0,6769.98,0.0,25528.794506,19.847556
2035-06-03,5,493324.727277,202666.687913,290658.039364,0.0,0.0,0.0,7697.1,0.0,26119.992235,18.886863
2035-06-03,6,490097.532976,214821.069314,275276.463662,0.0,0.0,0.0,9019.47,0.0,26805.637788,18.283375
2035-06-03,7,527657.908295,234601.671808,293056.236486,0.0,0.0,0.0,8756.1,0.0,27612.950847,19.109074
2035-06-03,8,565717.746365,249939.30021,315778.446156,0.0,0.0,0.0,8164.83,0.0,28297.853639,19.991543
2035-06-03,9,582088.312623,254581.487025,327506.825599,0.0,0.0,0.0,8318.89,0.0,29042.680366,20.042513
2035-06-03,10,574323.463568,254562.673383,319760.790186,0.0,0.0,0.0,9072.73,0.0,29519.921894,19.455453
2035-06-03,11,547002.541207,238326.953918,308675.587289,0.0,0.0,0.0,10066.61,0.0,29855.893157,18.321426
2035-06-03,12,512327.688584,237719.695695,274607.992889,0.0,0.0,0.0,11097.63,0.0,29459.000373,17.391211
2035-06-03,13,462168.668105,206160.507947,256008.160157,0.0,0.0,0.0,12375.44,0.0,29321.243789,15.762246
2035-06-03,14,457159.3704,186295.357502,270864.012898,0.0,0.0,0.0,12278.2,0.0,29477.746202,15.508627
2035-06-03,15,478356.861656,207640.225322,270716.636334,0.0,0.0,0.0,12255.75,0.0,29600.800179,16.160268
2035-06-03,16,471141.634313,220367.621381,250774.012932,0.0,0.0,0.0,12328.22,0.0,29164.428477,16.154667
2035-06-03,17,502517.325834,216704.312353,285813.013481,0.0,0.0,0.0,10832.08,0.0,29162.622472,17.231555
2035-06-03,18,552496.57728,248641.570563,303855.006717,0.0,0.0,0.0,9563.96,0.0,29129.252767,18.96707
2035-06-03,19,596754.551215,266625.963366,330128.58785,0.0,0.0,0.0,8200.74,0.0,29144.341767,20.475829
2035-06-03,20,608090.871745,266617.090797,341473.780948,0.0,0.0,0.0,7971.37,0.0,29394.428007,20.687284
2035-06-03,21,601411.093839,273921.053887,327490.039952,0.0,0.0,0.0,8114.75,0.0,29117.40149,20.654697
2035-06-03,22,551238.122191,255841.835526,295396.286665,0.0,0.0,0.0,8648.34,0.0,28166.603489,19.570628
2035-06-03,23,495349.429465,210773.645272,284575.784192,0.0,0.0,0.0,8789.02,0.0,27144.898203,18.248344
2035-06-04,0,470396.386959,206255.120188,264141.266771,0.0,0.0,0.0,8749.02,0.0,26204.477708,17.950993
2035-06-04,1,469735.629097,189549.284891,280186.344207,0.0,0.0,0.0,7967.88,0.0,25609.760611,18.342055
2035-06-04,2,451963.269914,184724.695701,267238.574213,0.0,0.0,0.0,8182.35,0.0,25317.067627,17.852118
2035-06-04,3,430391.080789,178111.418953,252279.661836,0.0,0.0,0.0,8923.9,0.0,25321.268868,16.997216
2035-06-04,4,423274.15473,178111.418953,245162.735776,0.0,0.0,0.0,9663.04,0.0,25635.499719,16.51125
2035-06-04,5,475344.141309,215180.670188,260163.471121,0.0,0.0,0.0,9035.14,0.0,26241.261331,18.114379
2035-06-04,6,507957.908961,222448.662554,285509.246407,0.0,0.0,0.0,8487.87,0.0,26871.003428,18.903571
2035-06-04,7,540679.199198,235008.768538,305670.43066,0.0,0.0,0.0,8198.95,0.0,27603.187234,19.587564
2035-06-04,8,548308.578504,239173.920649,309134.657856,0.0,0.0,0.0,8634.22,0.0,28284.573417,19.385429
2035-06-04,9,537449.996898,239145.884491,298304.112407,0.0,0.0,0.0,9560.29,0.0,28814.221897,18.652247
2035-06-04,10,513783.883948,217220.662336,296563.221612,0.0,0.0,0.0,10769.96,0.0,29442.806736,17.450235
2035-06-04,11,514378.978074,217220.662336,297158.315739,0.0,0.0,0.0,10756.33,0.0,29581.946261,17.388274
2035-06-04,12,473259.893549,217220.662336,256039.231214,0.0,0.0,0.0,11437.7,0.0,28730.525126,16.472372
2035-06-04,13,397122.219002,173824.401804,223297.817198,0.0,0.0,0.0,12820.72,0.0,27933.47355,14.216715
2035-06-04,14,380445.027545,157727.144347,222717.883199,0.0,0.0,0.0,12623.17,0.0,27404.526145,13.882562
2035-06-04,15,358249.829352,153262.259253,204987.570099,0.0,0.0,0.0,12748.47,0.0,26804.414821,13.365329
2035-06-04,16,321358.436693,150216.707638,171141.729055,0.0,0.0,0.0,13368.37,0.0,25898.130589,12.408557
2035-06-04,17,352635.576153,155905.177099,196730.399054,0.0,0.0,0.0,12087.41,0.0,25896.174976,13.617284
2035-06-04,18,395750.20961,177796.70164,217953.50797,0.0,0.0,0.0,11030.51,0.0,26006.732265,15.217222
2035-06-04,19,433789.876596,177790.503865,255999.372731,0.0,0.0,0.0,9747.53,0.0,26190.251365,16.563028
2035-06-04,20,450160.644466,180373.458272,269787.186194,0.0,0.0,0.0,9573.38,0.0,26603.807275,16.920911
2035-06-04,21,453894.065634,180352.090104,273541.975531,0.0,0.0,0.0,9270.74,0.0,26494.360528,17.131724
2035-06-04,22,444310.445045,180352.090104,263958.354942,0.0,0.0,0.0,8981.93,0.0,25872.63338,17.172989
2035-06-04,23,448893.870252,193072.503888,255821.366364,0.0,0.0,0.0,8192.93,0.0,25018.474879,17.942495
2035-06-05,0,452515.509219,192851.252894,259664.256326,0.0,0.0,0.0,7482.2,0.0,24501.205029,18.469112
2035-06-05,1,461393.682452,190139.630057,271254.052394,0.0,0.0,0.0,6989.27,0.0,24372.22923,18.931124
2035-06-05,2,490482.706368,201877.201857,288605.504512,0.0,0.0,0.0,6002.47,0.0,24263.401022,20.21492
2035-06-05,3,503301.625426,201870.347804,301431.277621,0.0,0.0,0.0,5785.29,0.0,24567.89563,20.486151
2035-06-05,4,539507.77074,243492.870179,296014.900561,0.0,0.0,0.0,6073.76,0.0,25304.441099,21.320675
2035-06-05,5,642097.975034,306408.63113,335689.343904,0.0,0.0,0.0,4309.18,0.0,26034.651538,24.663206
2035-06-05,6,693894.903671,324098.043963,369796.859709,0.0,0.0,0.0,2972.39,0.0,26416.878778,26.267104
2035-06-05,7,718822.083289,321693.89837,397128.184919,0.0,0.0,0.0,2395.09,0.0,26853.273826,26.768508
2035-06-05,8,713322.250638,321693.89837,391628.352268,0.0,0.0,0.0,2713.09,0.0,26986.551533,26.432508
2035-06-05,9,699880.232508,321693.89837,378186.334138,0.0,0.0,0.0,3330.8,0.0,27124.427193,25.802581
2035-06-05,10,655994.889399,303640.681688,352354.207711,0.0,0.0,0.0,4405.35,0.0,26931.091574,24.358273
2035-06-05,11,609818.152358,272562.954523,337255.197835,0.0,0.0,0.0,5455.2,0.0,26892.920323,22.675788
2035-06-05,12,564956.852604,263769.466097,301187.386508,0.0,0.0,0.0,6550.12,0.0,26459.274419,21.35194
2035-06-05,13,523443.805148,226675.099139,296768.706009,0.0,0.0,0.0,7223.87,0.0,26371.928171,19.848522
2035-06-05,14,502360.626767,204749.876984,297610.749783,0.0,0.0,0.0,7789.66,0.0,26549.75762,18.921477
2035-06-05,15,497235.351515,200605.906979,296629.444537,0.0,0.0,0.0,8315.62,0.0,26952.846629,18.448343
2035-06-05,16,488716.696385,205957.361702,282759.334683,0.0,0.0,0.0,8450.58,0.0,26709.149932,18.297726
2035-06-05,17,546305.64221,240670.638608,305635.003602,0.0,0.0,0.0,7541.52,0.0,27034.702414,20.20757
2035-06-05,18,563758.64924,240653.88362,323104.76562,0.0,0.0,0.0,6956.39,0.0,27344.442146,20.616937
2035-06-05,19,563050.943323,248299.123575,314751.819749,0.0,0.0,0.0,7143.17,0.0,27325.97497,20.604972
2035-06-05,20,619902.555273,285164.268497,334738.286776,0.0,0.0,0.0,5986.5,0.0,27459.225667,22.575384
2035-06-05,21,644490.742059,292639.02191,351851.720149,0.0,0.0,0.0,4872.28,0.0,27151.511097,23.736828
2035-06-05,22,629735.787218,279655.766544,350080.020674,0.0,0.0,0.0,4343.39,0.0,26268.387199,23.973142
2035-06-05,23,623171.711854,267914.844527,355256.867327,0.0,0.0,0.0,3114.69,0.0,25122.226308,24.805593
2035-06-06,0,614372.101718,265551.05994,348821.041778,0.0,0.0,0.0,2641.76,0.0,24378.233315,25.201666
2035-06-06,1,601822.575957,260064.005542,341758.570415,0.0,0.0,0.0,2677.85,0.0,24050.452707,25.023337
2035-06-06,2,611950.932282,262472.98853,349477.943751,0.0,0.0,0.0,1973.09,0.0,23657.976107,25.86658
2035-06-06,3,620080.516163,263360.213104,356720.303059,0.0,0.0,0.0,1731.49,0.0,23699.357181,26.164445
2035-06-06,4,655918.91813,300632.88899,355286.02914,0.0,0.0,0.0,1805.66,0.0,24232.3851,27.067865
2035-06-06,5,704232.246424,323170.000789,381062.245635,0.0,0.0,0.0,1099.58,0.0,24844.09434,28.346062
2035-06-06,6,714142.019107,316697.281455,397444.737652,0.0,0.0,0.0,913.16,0.0,25255.557611,28.276628
2035-06-06,7,710688.021497,316697.281455,393990.740042,0.0,0.0,0.0,1642.97,0.0,25897.20988,27.442648
2035-06-06,8,705327.691888,314980.084648,390347.60724,0.0,0.0,0.0,2444.17,0.0,26565.298134,26.550716
2035-06-06,9,686590.499693,314980.084648,371610.415045,0.0,0.0,0.0,3791.69,0.0,27244.64385,25.200935
2035-06-06,10,640672.983359,298933.555798,341739.427561,0.0,0.0,0.0,5909.31,0.0,27989.33059,22.8899
2035-06-06,11,613545.071495,271228.567035,342316.50446,0.0,0.0,0.0,7322.91,0.0,28849.164729,21.267343
2035-06-06,12,575867.12816,271204.853235,304662.274925,0.0,0.0,0.0,9007.3,0.0,29129.749833,19.769038
2035-06-06,13,494851.218828,232859.665413,261991.553415,0.0,0.0,0.0,11573.17,0.0,29315.544851,16.880164
2035-06-06,14,474252.882997,197645.758352,276607.124645,0.0,0.0,11.422979,11974.0,0.0,29640.748163,16.000031
2035-06-06,15,472037.887324,197635.458702,274402.428621,0.0,0.0,0.0,12291.64,0.0,29890.396923,15.792292
2035-06-06,16,433434.553654,194589.907087,238844.646567,0.0,0.0,0.0,12879.85,0.0,29002.985976,14.94448
2035-06-06,17,463938.138403,197645.758352,266292.380051,0.0,0.0,0.0,11402.7,0.0,28702.440976,16.163717
2035-06-06,18,500806.609171,215309.452933,285497.156238,0.0,0.0,0.0,10284.56,0.0,28578.424195,17.523941
2035-06-06,19,534844.043979,231733.589786,303110.454193,0.0,0.0,0.0,8876.47,0.0,28194.743603,18.969637
2035-06-06,20,591795.048087,272587.861824,319207.186263,0.0,0.0,0.0,7500.45,0.0,28127.353104,21.039841
2035-06-06,21,606437.487735,272562.954523,333874.533212,0.0,0.0,0.0,6086.71,0.0,27399.562659,22.133108
2035-06-06,22,596717.804607,255358.250451,341359.554156,0.0,0.0,3.475523,4810.1,0.0,26082.968658,22.87768
2035-06-06,23,574669.833697,255328.446657,319341.38704,0.0,0.0,0.0,4227.58,0.0,24725.060777,23.242403
2035-06-07,0,555028.082242,238880.248506,316147.833736,0.0,0.0,0.0,3827.26,0.0,23861.542507,23.260361
2035-06-07,1,558427.940731,252251.623467,306176.317263,0.0,0.0,0.0,3628.6,0.0,23466.769058,23.796541
2035-06-07,2,583899.224113,252242.750899,331656.473214,0.0,0.0,0.0,2492.8,0.0,23308.908232,25.050475
2035-06-07,3,626981.252967,279525.625552,347455.627415,0.0,0.0,0.525978,1983.67,0.0,23757.087253,26.391335
2035-06-07,4,665078.824873,302359.72981,362719.095062,0.0,0.0,0.0,1954.13,0.0,24751.863287,26.869849
2035-06-07,5,700707.106754,317625.359233,383081.747522,0.0,0.0,0.0,1878.73,0.0,25703.555854,27.261096
2035-06-07,6,710984.792077,317619.130908,393365.661169,0.0,0.0,0.0,2196.74,0.0,26425.039924,26.905723
2035-06-07,7,707821.593831,321922.964899,385898.628933,0.0,0.0,0.0,3196.48,0.0,27241.51914,25.983191
2035-06-07,8,713822.067836,321900.139854,391921.927982,0.0,0.0,0.0,3679.54,0.0,27966.65587,25.524041
2035-06-07,9,706877.080584,321900.139854,384976.94073,0.0,0.0,0.0,4563.65,0.0,28637.30288,24.683787
2035-06-07,10,679120.782966,317756.169849,361364.613117,0.0,0.0,0.0,6141.44,0.0,29285.634852,23.189553
2035-06-07,11,660310.516305,295830.947694,364479.568611,0.0,0.0,0.0,7007.67,0.0,29889.864455,22.091452
2035-06-07,12,625145.057958,295830.947694,329314.110265,0.0,0.0,0.0,8157.6,0.0,29747.450019,21.015081
2035-06-07,13,570259.342481,254073.902605,316185.439876,0.0,0.0,0.0,9322.7,0.0,29690.285598,19.206934
2035-06-07,14,596867.715062,271457.748429,325409.966634,0.0,0.0,0.0,9066.52,0.0,29979.54465,19.909165
2035-06-07,15,620221.390817,275542.149149,344679.241668,0.0,0.0,0.0,8719.3,0.0,30477.669241,20.350027
2035-06-07,16,636486.987069,304280.562141,332206.424928,0.0,0.0,0.0,8631.89,0.0,30349.068007,20.972209
2035-06-07,17,714979.759853,343724.755953,371255.003899,0.0,0.0,0.0,7117.01,0.0,30862.085389,23.16693
2035-06-07,18,746006.334416,343676.637117,402329.697299,0.0,0.0,0.0,5732.76,0.0,30790.374398,24.228557
2035-06-07,19,776971.675105,372763.650938,404208.024168,0.0,0.0,0.0,4655.42,0.0,30119.898375,25.795959
2035-06-07,20,801802.2552,378450.365353,423351.889848,0.0,0.0,0.0,3664.51,0.0,30024.744898,26.704715
2035-06-07,21,789766.788679,378419.065323,411347.723357,0.0,0.0,0.0,3363.02,0.0,29292.19072,26.961684
2035-06-07,22,724046.448644,355579.195962,368467.252683,0.0,0.0,0.0,4157.69,0.0,28185.688347,25.688443
2035-06-07,23,662350.088401,298137.215689,364212.872712,0.0,0.0,0.0,3812.01,0.0,26709.901293,24.797923
2035-06-08,0,630227.146408,298137.215689,332089.930719,0.0,0.0,0.0,3906.05,0.0,25616.277416,24.602605
2035-06-08,1,581887.203198,267118.504418,314768.698781,0.0,0.0,0.0,4424.92,0.0,24941.712477,23.329882
2035-06-08,2,595875.885894,267118.504418,328757.381476,0.0,0.0,0.0,3434.91,0.0,24469.858233,24.351424
2035-06-08,3,600451.984153,267118.504418,333333.479736,0.0,0.0,0.0,3044.58,0.0,24248.784992,24.762147
2035-06-08,4,608336.643927,267118.504418,341218.13951,0.0,0.0,0.0,2958.83,0.0,24453.632045,24.877149
2035-06-08,5,654494.389049,298156.645469,356337.743579,0.0,0.0,0.0,2313.46,0.0,24812.146591,26.377983
2035-06-08,6,693896.232378,324061.919573,369834.312805,0.0,0.0,0.0,1937.62,0.0,25365.932855,27.355439
2035-06-08,7,722995.556958,339401.856495,383593.700464,0.0,0.0,0.0,2249.22,0.0,26493.044068,27.290015
2035-06-08,8,735033.598787,339395.62817,395637.970617,0.0,0.0,0.0,2985.11,0.0,27705.144958,26.530581
2035-06-08,9,737922.216533,339395.62817,398526.588362,0.0,0.0,0.0,3987.57,0.0,28826.167304,25.59904
2035-06-08,10,723028.722433,339395.62817,383633.094263,0.0,0.0,0.0,5392.93,0.0,29704.060843,24.341073
2035-06-08,11,724642.510215,339395.62817,385246.882044,0.0,0.0,0.0,5840.48,0.0,30212.445108,23.984901
2035-06-08,12,704728.702388,339395.62817,365333.074218,0.0,0.0,0.0,6439.83,0.0,30068.469147,23.437465
2035-06-08,13,674352.592752,313475.160903,360877.431849,0.0,0.0,0.0,7099.51,0.0,30148.542094,22.367668
2035-06-08,14,692554.499945,329690.4481,362864.051845,0.0,0.0,0.0,7239.55,0.0,30580.18629,22.647164
2035-06-08,15,713052.597344,329658.728694,383393.86865,0.0,0.0,0.0,7026.75,0.0,31190.664015,22.861091
2035-06-08,16,730191.759001,355583.432578,374608.326423,0.0,0.0,0.0,6739.13,0.0,30924.705732,23.611923
2035-06-08,17,752712.698939,355579.195962,397133.502977,0.0,0.0,0.0,6168.46,0.0,31248.015407,24.088336
2035-06-08,18,762181.992937,355579.195962,406602.796975,0.0,0.0,0.0,5865.48,0.0,31278.096076,24.367915
2035-06-08,19,753954.448025,355579.195962,398375.252063,0.0,0.0,0.0,5625.19,0.0,30736.00707,24.530006
2035-06-08,20,767676.112247,355579.195962,412096.916286,0.0,0.0,0.0,4979.77,0.0,30602.337162,25.085539
2035-06-08,21,755497.47711,355579.195962,399918.281148,0.0,0.0,0.0,5070.15,0.0,30235.898209,24.986771
2035-06-08,22,696853.210846,355579.195962,341274.014885,0.0,0.0,0.0,6391.75,0.0,29379.131934,23.719326
2035-06-08,23,620293.573135,298137.215689,322156.357446,0.0,0.0,0.0,6696.28,0.0,28037.683425,22.123567
2035-06-09,0,568037.002571,298137.215689,269899.786882,0.0,0.0,0.0,7571.58,0.0,26896.033355,21.119731
2035-06-09,1,471629.779367,187740.210033,283889.569334,0.0,0.0,0.0,8587.88,0.0,26196.082783,18.003828
2035-06-09,2,460119.072401,185376.425447,274742.646955,0.0,0.0,0.0,8172.19,0.0,25547.101597,18.010617
2035-06-09,3,458844.868445,181608.081954,277236.786491,0.0,0.0,0.0,7790.45,0.0,25210.754844,18.200362
2035-06-09,4,461064.620446,181608.081954,279456.538493,0.0,0.0,0.0,7267.52,0.0,24767.835061,18.615459
2035-06-09,5,459578.003044,182239.018594,277338.984451,0.0,0.0,0.0,6751.74,0.0,24183.438535,19.003832
2035-06-09,6,508684.03091,227813.253774,280870.777135,0.0,0.0,0.0,6070.93,0.0,24449.018852,20.805908
2035-06-09,7,566422.561636,244836.446996,321586.11464,0.0,0.0,0.0,5604.05,0.0,25945.502945,21.831242
2035-06-09,8,582376.777405,252726.095433,329650.681972,0.0,0.0,0.0,6676.62,0.0,27454.614288,21.212346
2035-06-09,9,574832.339807,252707.844121,322124.495687,0.0,0.0,0.0,8113.94,0.0,28637.825839,20.072485
2035-06-09,10,564181.940278,286565.548326,277616.391952,0.0,0.0,0.0,9858.65,0.0,29178.454484,19.335566
2035-06-09,11,636188.102334,282820.38852,353367.713814,0.0,0.0,0.0,7588.88,0.0,29796.98015,21.350758
2035-06-09,12,600403.245663,282797.563476,317605.682187,0.0,0.0,0.0,8162.53,0.0,29067.415062,20.655543
2035-06-09,13,505095.283811,253947.178057,251148.105754,0.0,0.0,0.0,10169.21,0.0,27967.616245,18.060005
2035-06-09,14,496088.788904,210051.551328,286037.237576,0.0,0.0,0.0,9767.62,0.0,28180.275051,17.604115
2035-06-09,15,505712.166405,210044.175822,295667.990583,0.0,0.0,0.0,10125.29,0.0,28948.750397,17.469223
2035-06-09,16,469750.078344,205763.166876,263986.911468,0.0,0.0,0.0,11429.21,0.0,28975.120515,16.212187
2035-06-09,17,493283.997255,201072.452587,292211.544669,0.0,0.0,0.0,10751.11,0.0,29219.064205,16.882265
2035-06-09,18,535569.544982,241279.534854,294290.010128,0.0,0.0,0.0,10150.52,0.0,29213.607941,18.332879
2035-06-09,19,565523.691985,240887.791167,324635.900818,0.0,0.0,0.0,8594.26,0.0,28904.202004,19.565449
2035-06-09,20,552210.811534,254381.921025,297828.890509,0.0,0.0,0.0,9459.55,0.0,28983.95428,19.052294
2035-06-09,21,480507.181257,253327.539832,227179.641424,0.0,0.0,0.0,12165.96,0.0,28798.609241,16.685083
2035-06-09,22,407626.956316,196375.064206,211251.89211,0.0,0.0,0.0,13353.84,0.0,28119.73732,14.496115
2035-06-09,23,373063.932162,162686.2183,210377.713862,0.0,0.0,0.0,13219.51,0.0,27077.263827,13.777756
2035-06-10,0,418889.437148,198153.941922,220735.495226,0.0,0.0,0.0,11306.38,0.0,26528.678472,15.79006
2035-06-10,1,452504.774431,197942.049424,254562.725007,0.0,0.0,0.0,9453.78,0.0,26101.449682,17.336385
2035-06-10,2,401387.11637,183021.295019,218365.821352,0.0,0.0,0.0,10969.61,0.0,25892.144727,15.502274
2035-06-10,3,357237.719121,163521.090624,193716.628497,0.0,0.0,0.0,12313.26,0.0,25850.403906,13.819425
2035-06-10,4,374105.148057,163521.090624,210584.057433,0.0,0.0,0.0,11861.42,0.0,26029.230202,14.372501
2035-06-10,5,369895.226801,163521.090624,206374.136178,0.0,0.0,0.0,12288.26,0.0,26327.883264,14.049562
2035-06-10,6,371751.403572,163521.090624,208230.312949,0.0,0.0,0.0,12405.1,0.0,26519.372114,14.018107
2035-06-10,7,369384.076585,163521.090624,205862.985961,0.0,0.0,0.0,12730.63,0.0,26753.294516,13.80705
2035-06-10,8,367538.454405,155611.100129,211927.354277,0.0,0.0,0.0,12919.89,0.0,27103.801106,13.560403
2035-06-10,9,365636.311828,152771.070447,212865.24138,0.0,0.0,0.0,12958.54,0.0,27106.52972,13.488865
2035-06-10,10,337897.219208,152771.070447,185126.148761,0.0,0.0,0.0,13807.73,0.0,26883.78895,12.568809
2035-06-10,11,336094.453522,155403.688643,180690.764879,0.0,0.0,0.0,13674.15,0.0,26670.228693,12.601859
2035-06-10,12,300122.31382,118307.762104,181814.551716,0.0,0.0,0.0,13930.31,0.0,26340.678795,11.393872
2035-06-10,13,273095.349679,112505.380797,160589.968883,0.0,0.0,0.0,14923.45,0.0,26223.109592,10.414301
2035-06-10,14,295450.300413,118313.35938,177136.941033,0.0,0.0,0.0,14286.47,0.0,26540.104792,11.132221
2035-06-10,15,321767.04202,133017.082728,188749.959292,0.0,0.0,0.0,13596.94,0.0,26592.37498,12.099974
2035-06-10,16,320931.404913,129482.362624,191449.042289,0.0,0.0,0.0,13174.71,0.0,26058.861092,12.315634
2035-06-10,17,382381.85176,169319.672603,213062.179157,0.0,0.0,0.0,11279.38,0.0,26031.511629,14.689191
2035-06-10,18,422656.408774,177307.533319,245348.875454,0.0,0.0,0.0,9808.17,0.0,26035.801221,16.233662
2035-06-10,19,495281.6876,218817.477454,276464.210145,0.0,0.0,0.0,8221.82,0.0,26297.126444,18.834061
2035-06-10,20,571762.879248,258722.170646,313040.708602,0.0,0.0,0.0,6501.05,0.0,26727.676116,21.392166
2035-06-10,21,616442.738722,269591.923444,346850.815278,0.0,0.0,0.0,4640.61,0.0,26342.518269,23.401056
2035-06-10,22,663820.574767,306565.115075,357255.459692,0.0,0.0,0.0,2925.28,0.0,25564.605886,25.966392
2035-06-10,23,634500.624821,306562.19464,327938.430181,0.0,0.0,0.0,2898.49,0.0,24591.263752,25.801871
2035-06-11,0,613585.418499,302418.224635,311167.193864,0.0,0.0,0.0,2888.31,0.0,23887.256871,25.686726
2035-06-11,1,578981.147763,260064.005542,318917.142221,0.0,0.0,0.0,2922.93,0.0,23453.408164,24.68644
2035-06-11,2,583386.253478,260064.005542,323322.247936,0.0,0.0,0.0,2654.55,0.0,23348.985287,24.985508
2035-06-11,3,590060.09634,260064.005542,329996.090797,0.0,0.0,0.0,2455.72,0.0,23396.185019,25.220355
2035-06-11,4,612667.105166,277760.575427,334906.529739,0.0,0.0,0.0,2325.17,0.0,23712.471828,25.837336
2035-06-11,5,654874.914662,295782.303671,359092.610992,0.0,0.0,0.0,1747.48,0.0,24361.238826,26.88184
2035-06-11,6,672494.328144,295773.431103,376720.897042,0.0,0.0,0.0,1359.21,0.0,24659.179332,27.271562
2035-06-11,7,669951.682379,295773.431103,374178.251276,0.0,0.0,0.0,1389.1,0.0,24597.732099,27.236319
2035-06-11,8,641687.19191,295773.431103,345913.760807,0.0,0.0,0.0,2486.99,0.0,24665.455137,26.015623
2035-06-11,9,601497.085847,277720.21442,323776.871426,0.0,0.0,0.0,3828.1,0.0,24872.929185,24.182801
2035-06-11,10,534245.935702,240653.88362,293592.052081,0.0,0.0,0.0,5900.79,0.0,25214.260051,21.188246
2035-06-11,11,488787.778759,201072.452587,287715.326172,0.0,0.0,0.0,6802.92,0.0,25198.654394,19.397376
2035-06-11,12,445537.953238,201072.452587,244465.500652,0.0,0.0,0.0,7848.14,0.0,24622.898613,18.094456
2035-06-11,13,390404.953578,175710.236547,214694.71703,0.0,0.0,0.0,9076.63,0.0,24170.549011,16.152093
2035-06-11,14,357573.452756,141121.265177,216452.187579,0.0,0.0,0.0,9529.77,0.0,23900.25683,14.961072
2035-06-11,15,350211.69753,137828.849048,212382.848482,0.0,0.0,0.0,9679.17,0.0,23812.832241,14.706848
2035-06-11,16,328226.545692,137828.849048,190397.696644,0.0,0.0,0.0,10053.47,0.0,23334.623637,14.066074
2035-06-11,17,355928.029678,137828.849048,218099.18063,0.0,0.0,0.0,9300.98,0.0,23641.761121,15.055056
2035-06-11,18,397773.32441,172420.763239,225352.561171,0.0,0.0,0.0,8677.53,0.0,24005.70977,16.569946
2035-06-11,19,456533.084896,194349.240349,262183.844548,0.0,0.0,0.0,7332.17,0.0,24437.182186,18.681904
2035-06-11,20,499648.052313,223250.272671,276397.779642,0.0,0.0,0.0,6780.45,0.0,24985.82112,19.997264
2035-06-11,21,549444.513967,240694.244627,308750.26934,0.0,0.0,0.0,4932.41,0.0,24740.052606,22.208704
2035-06-11,22,565943.901653,240653.88362,325290.018033,0.0,0.0,0.0,3498.49,0.0,23975.102966,23.605484
2035-06-11,23,546479.226056,240653.88362,305825.342435,0.0,0.0,0.0,3151.34,0.0,22917.927891,23.845054
2035-06-12,0,531368.504306,240653.88362,290714.620685,0.0,0.0,0.0,3068.77,0.0,22271.606473,23.858562
2035-06-12,1,510307.49965,200605.906979,309701.592671,0.0,0.0,0.0,3142.8,0.0,22126.469981,23.063213
2035-06-12,2,509316.525766,207186.89613,302129.629637,0.0,0.0,0.0,3220.31,0.0,22145.443383,22.998705
2035-06-12,3,528974.120871,211834.179653,317139.941218,0.0,0.0,0.0,3240.4,0.0,22620.674155,23.384543
2035-06-12,4,565470.732336,248873.627094,316597.105242,0.0,0.0,0.0,3207.95,0.0,23276.263502,24.293879
2035-06-12,5,607609.150437,267563.73255,340045.417887,0.0,0.0,0.0,2648.01,0.0,24046.577909,25.268009
2035-06-12,6,620559.860824,263246.498944,357313.361879,0.0,0.0,0.0,2398.55,0.0,24386.473668,25.446888
2035-06-12,7,623318.440426,268994.799165,354323.641261,0.0,0.0,0.0,2779.59,0.0,24734.772629,25.200088
2035-06-12,8,628231.57509,268788.493754,359443.081336,0.0,0.0,8.000238,2933.57,0.0,25097.245671,25.031893
2035-06-12,9,612365.51692,268788.493754,343577.023166,0.0,0.0,0.0,3816.36,0.0,25436.990598,24.073819
2035-06-12,10,564710.716634,255137.641731,309573.074903,0.0,0.0,0.0,5660.96,0.0,25743.119784,21.936375
2035-06-12,11,526585.087792,216810.325068,309774.762724,0.0,0.0,0.0,6683.84,0.0,26115.636667,20.163594
2035-06-12,12,494303.667679,216810.325068,277493.342612,0.0,0.0,0.0,7859.8,0.0,26116.388998,18.926953
2035-06-12,13,445727.997682,187006.852664,258721.145017,0.0,0.0,0.0,9278.15,0.0,26244.080944,16.983944
2035-06-12,14,434575.79414,168596.877687,265978.916453,0.0,0.0,0.0,9947.72,0.0,26746.144869,16.248166
2035-06-12,15,431782.674706,176525.119495,255257.555212,0.0,0.0,0.0,10912.75,0.0,27376.932072,15.77177
2035-06-12,16,411182.239858,176506.868182,234675.371676,0.0,0.0,0.0,11656.5,0.0,27315.719106,15.052953
2035-06-12,17,460529.564612,191657.665843,268871.898769,0.0,0.0,0.0,10471.34,0.0,27652.57488,16.65413
2035-06-12,18,506140.275169,228674.864623,277465.410546,0.0,0.0,0.0,9497.64,0.0,27692.761427,18.276988
2035-06-12,19,527277.645316,224096.466654,303181.178661,0.0,0.0,0.0,8115.7,0.0,27353.155285,19.276666
2035-06-12,20,570439.368346,258204.447414,312234.920931,0.0,0.0,0.0,7248.05,0.0,27401.305879,20.817963
2035-06-12,21,621056.510396,276220.866102,344835.644294,0.0,0.0,0.0,5090.37,0.0,26852.172711,23.128725
2035-06-12,22,638949.978851,276211.993534,362737.985318,0.0,0.0,0.0,3324.64,0.0,25778.345189,24.786307
2035-06-12,23,595919.921539,276211.993534,319707.928006,0.0,0.0,0.0,3497.26,0.0,24381.895359,24.441083
2035-06-13,0,545920.314476,228745.084112,317175.230364,0.0,0.0,0.0,3671.64,0.0,23555.221261,23.176191
2035-06-13,1,519421.672975,221690.585236,297731.087739,0.0,0.0,0.0,4017.17,0.0,23047.857326,22.536658
2035-06-13,2,517834.899071,217853.077659,299981.821412,0.0,0.0,0.0,3873.81,0.0,22762.110777,22.749863
2035-06-13,3,526689.972386,222139.920372,304550.052015,0.0,0.0,0.0,3961.14,0.0,23071.609253,22.828489
2035-06-13,4,550232.54245,242432.477395,307800.065055,0.0,0.0,0.0,4011.53,0.0,23704.621991,23.212036
2035-06-13,5,615041.6922,277327.264065,337714.428136,0.0,0.0,0.0,2907.61,0.0,24332.224511,25.276838
2035-06-13,6,654989.087613,292188.137008,362800.950606,0.0,0.0,0.0,2243.83,0.0,24908.247927,26.296072
2035-06-13,7,666137.10046,292181.908683,373955.191777,0.0,0.0,0.0,2519.35,0.0,25653.039951,25.96718
2035-06-13,8,656500.027245,292181.908683,364318.118562,0.0,0.0,0.0,3662.35,0.0,26449.958417,24.820456
2035-06-13,9,619424.175725,287326.977515,332097.19821,0.0,0.0,0.0,5560.53,0.0,27041.327047,22.906575
2035-06-13,10,539534.754017,250260.646715,289274.107302,0.0,0.0,0.0,8135.82,0.0,27398.676105,19.692001
2035-06-13,11,492744.904744,200031.984756,292712.919987,0.0,0.0,0.0,9210.61,0.0,27697.31121,17.790352
2035-06-13,12,462958.104662,200031.984756,262926.119906,0.0,0.0,0.0,10148.04,0.0,27523.986681,16.820169
2035-06-13,13,406744.161097,176010.361531,230733.799566,0.0,0.0,0.0,11861.79,0.0,27490.397118,14.795863
2035-06-13,14,412890.423031,163275.40091,249615.02212,0.0,0.0,0.0,11871.74,0.0,27847.568575,14.826803
2035-06-13,15,443479.291325,185206.820841,258272.470485,0.0,0.0,0.0,11715.87,0.0,28360.622769,15.637149
2035-06-13,16,431634.138653,185200.623066,246433.515588,0.0,0.0,0.0,11969.74,0.0,28271.712046,15.267351
2035-06-13,17,459899.39394,189921.141149,269978.252791,0.0,0.0,0.0,11424.97,0.0,28643.497485,16.055979
2035-06-13,18,479268.808788,202633.152027,276635.65676,0.0,0.0,0.0,10863.74,0.0,28602.264645,16.756324
2035-06-13,19,493247.610476,202626.297975,290621.312501,0.0,0.0,0.0,9967.25,0.0,28291.29808,17.434605
2035-06-13,20,492037.206726,223041.441776,268995.764949,0.0,0.0,0.0,10527.33,0.0,28323.410422,17.372103
2035-06-13,21,455011.481205,222246.713065,232764.76814,0.0,0.0,0.0,11305.92,0.0,27703.876149,16.424109
2035-06-13,22,429230.190683,183889.398201,245340.792481,0.0,0.0,0.0,10672.63,0.0,26762.358044,16.038579
2035-06-13,23,374152.884319,171154.437581,202998.446738,0.0,0.0,0.0,11159.48,0.0,25311.17464,14.782123
2035-06-14,0,334300.879507,154918.718116,179382.161391,0.0,0.0,0.0,11519.32,0.0,24463.836132,13.665105
2035-06-14,1,314333.544351,131689.351456,182644.192896,0.0,0.0,0.0,11756.36,0.0,24087.868954,13.049454
2035-06-14,2,324246.698673,131276.418036,192970.280636,0.0,0.0,0.0,11413.31,0.0,24015.149755,13.501756
2035-06-14,3,366642.155378,171371.924797,195270.230582,0.0,0.0,0.0,11067.78,0.0,24535.710916,14.943205
2035-06-14,4,404087.87661,183153.584412,220934.292198,0.0,0.0,0.0,10486.86,0.0,25503.587219,15.844354
2035-06-14,5,427026.476017,183150.364621,243876.111396,0.0,0.0,0.0,10544.81,0.0,26509.917997,16.108178
2035-06-14,6,443348.263176,183150.364621,260197.898555,0.0,0.0,0.697239,10365.11,0.0,26947.09749,16.452542
2035-06-14,7,471473.895364,217742.278812,253731.616552,0.0,0.0,0.0,10259.92,0.0,27317.655127,17.258945
2035-06-14,8,459740.023897,231420.887392,228319.136505,0.0,0.0,0.0,11644.1,0.0,27921.950275,16.465183
2035-06-14,9,453240.466262,202275.380226,250965.086036,0.0,0.0,0.0,11817.63,0.0,28438.919579,15.937331
2035-06-14,10,445452.80866,205471.01996,239981.788699,0.0,0.0,0.0,12645.15,0.0,28931.545897,15.396786
2035-06-14,11,448514.236848,181139.5508,267374.686048,0.0,0.0,0.512671,12446.99,0.0,29449.82061,15.229778
2035-06-14,12,439294.367915,181139.5508,258154.817115,0.0,0.0,0.0,12840.02,0.0,29483.018818,14.899911
2035-06-14,13,399062.678424,177832.97551,221229.702914,0.0,0.0,0.0,14435.57,0.0,29597.891001,13.482808
2035-06-14,14,421731.532442,181167.488471,240564.043971,0.0,0.0,0.0,14082.95,0.0,30054.587061,14.032185
2035-06-14,15,445953.12096,181125.391639,264827.729321,0.0,0.0,0.0,13677.9,0.0,30563.094332,14.591229
2035-06-14,16,426494.492694,193867.206311,232627.286383,0.0,0.0,0.0,14077.89,0.0,29974.804351,14.228433
2035-06-14,17,460507.889656,191465.564165,269042.325491,0.0,0.0,0.0,12630.02,0.0,29884.73787,15.409467
2035-06-14,18,507708.919734,228396.461746,279312.457989,0.0,0.0,0.915739,11624.76,0.0,29788.159763,17.043984
2035-06-14,19,531392.051506,228393.541311,302998.510195,0.0,0.0,0.0,10353.71,0.0,29508.63118,18.008021
2035-06-14,20,513115.844889,227634.26693,285481.577959,0.0,0.0,0.0,11305.31,0.0,29828.140673,17.202408
2035-06-14,21,458443.882471,218356.549787,240087.332684,0.0,0.0,0.0,13060.93,0.0,29613.81683,15.480743
2035-06-14,22,405261.065017,196330.934387,208930.13063,0.0,0.0,0.0,14425.03,0.0,28911.517909,14.017288
2035-06-14,23,360285.256094,164797.814281,195487.441812,0.0,0.0,0.0,14522.44,0.0,27875.040653,12.925013
2035-06-15,0,346492.424192,161947.48495,184544.939242,0.0,0.0,0.0,14407.08,0.0,27278.479433,12.702043
2035-06-15,1,350330.816621,159385.898711,190944.91791,0.0,0.0,0.0,14111.77,0.0,27142.77366,12.906965
2035-06-15,2,357461.728738,159385.898711,198075.830026,0.0,0.0,0.0,13789.11,0.0,27131.750417,13.175034
2035-06-15,3,375363.774083,178189.109882,197174.664201,0.0,0.0,0.0,13554.13,0.0,27414.734113,13.692045
2035-06-15,4,403068.884398,172359.177,230709.707398,0.0,0.0,0.0,13061.14,0.0,27868.841278,14.463066
2035-06-15,5,408886.958953,178167.155583,230719.803369,0.0,0.0,0.0,13303.7,0.0,28316.541615,14.439862
2035-06-15,6,410103.85748,178161.558307,231942.299173,0.0,0.0,0.0,13184.52,0.0,28451.291052,14.414244
2035-06-15,7,418550.537924,178161.558307,240388.979617,0.0,0.0,0.0,13063.58,0.0,28578.588718,14.645599
2035-06-15,8,427765.308798,180794.176503,246971.132294,0.0,0.0,0.0,13184.22,0.0,29148.150713,14.675556
2035-06-15,9,460034.711125,215356.494955,244678.21617,0.0,0.0,0.0,12830.53,0.0,29459.004012,15.616099
2035-06-15,10,456708.236423,223532.077005,233176.159418,0.0,0.0,0.0,13449.38,0.0,29888.258989,15.280523
2035-06-15,11,451685.871629,188696.193729,262989.6779,0.0,0.0,0.0,13162.94,0.0,30167.10429,14.972795
2035-06-15,12,422367.68844,183971.86654,238395.8219,0.0,0.0,0.0,13671.79,0.0,29666.579359,14.237155
2035-06-15,13,378646.558211,172008.594932,206637.963279,0.0,0.0,0.0,15052.23,0.0,29331.021895,12.909423
2035-06-15,14,385838.331355,175452.788929,210385.542426,0.0,0.0,0.0,14676.71,0.0,29364.441241,13.139645
2035-06-15,15,423805.269343,175447.191653,248358.077691,0.0,0.0,0.0,13638.08,0.0,29774.757426,14.23371
2035-06-15,16,472747.036808,211708.190705,261038.846103,0.0,0.0,0.0,12275.79,0.0,29536.343186,16.005605
2035-06-15,17,529042.143242,235227.361125,293814.782118,0.0,0.0,0.0,11025.65,0.0,29845.039612,17.726301
2035-06-15,18,569834.571863,272089.744532,297744.82733,0.0,0.0,0.0,10408.08,0.0,29881.180306,19.070016
2035-06-15,19,579832.48658,251466.646376,328365.840204,0.0,0.0,0.0,9104.22,0.0,29731.808055,19.502093
2035-06-15,20,577455.725273,250670.306267,326785.419006,0.0,0.0,0.0,9464.17,0.0,30055.541818,19.212953
2035-06-15,21,536132.37263,258598.548074,277533.824556,0.0,0.0,0.0,11157.55,0.0,29980.724181,17.882569
2035-06-15,22,474540.972435,229705.557575,244835.41486,0.0,0.0,0.0,12849.8,0.0,29639.487944,16.010431
2035-06-15,23,422684.766116,193205.630426,229479.13569,0.0,0.0,0.0,13155.18,0.0,28610.513742,14.773757
2035-06-16,0,394548.878148,186633.246798,207915.63135,0.0,0.0,0.0,13417.96,0.0,27911.980877,14.135467
2035-06-16,1,386282.964796,162443.874614,223839.090183,0.0,0.0,0.0,13024.6,0.0,27426.808643,14.084138
2035-06-16,2,362061.695847,162443.874614,199617.821233,0.0,0.0,0.0,13085.06,0.0,26632.352697,13.594807
2035-06-16,3,351188.112105,158760.662688,192427.449416,0.0,0.0,0.0,13052.75,0.0,26202.254622,13.402973
2035-06-16,4,346500.462397,161625.024154,184875.438243,0.0,0.0,0.0,12725.44,0.0,25638.831296,13.514675
2035-06-16,5,304053.974682,124534.36157,179519.613112,0.0,0.0,0.0,13040.57,0.0,25105.076331,12.111255
2035-06-16,6,298167.02844,124534.36157,173632.66687,0.0,0.0,0.0,13020.82,0.0,24886.245279,11.981198
2035-06-16,7,319751.432474,127166.979766,192584.452708,0.0,0.0,0.0,12803.79,0.0,25478.298972,12.549952
2035-06-16,8,354623.297618,180145.484967,174477.812651,0.0,0.0,0.0,12894.54,0.0,25989.161773,13.645046
2035-06-16,9,376233.795374,173538.891665,202694.903709,0.0,0.0,0.0,11776.05,0.0,25953.059115,14.496703
2035-06-16,10,367187.08386,139778.851605,227408.232255,0.0,0.0,0.0,10843.52,0.0,25563.134876,14.36393
2035-06-16,11,374447.4124,141899.998546,232547.413855,0.0,0.0,0.944046,10511.86,0.0,25488.067314,14.691087
2035-06-16,12,358580.870697,140945.462795,217635.407902,0.0,0.0,0.0,10660.14,0.0,25085.440076,14.294382
2035-06-16,13,327847.261638,125856.912075,201990.349563,0.0,0.0,0.0,11252.95,0.0,24758.482989,13.241815
2035-06-16,14,341840.598678,129647.242435,212193.356243,0.0,0.0,0.0,10622.42,0.0,24585.645315,13.904073
2035-06-16,15,353708.076698,130256.192208,223451.88449,0.0,0.0,0.0,9876.63,0.0,24291.63382,14.560901
2035-06-16,16,371866.754211,145187.727403,226679.026809,0.0,0.0,0.0,9118.31,0.0,23912.605165,15.551077
2035-06-16,17,426155.357317,184492.784171,241662.573146,0.0,0.0,0.648051,7976.02,0.0,24185.21641,17.62049
2035-06-16,18,463048.178861,189157.979986,273890.198874,0.0,0.0,0.0,6889.13,0.0,24488.04853,18.90915
2035-06-16,19,496646.462544,205126.128443,291520.3341,0.0,0.0,0.866791,6241.95,0.0,24768.451628,20.051575
2035-06-16,20,506301.2056,205120.818886,301180.386714,0.0,0.0,0.0,6355.52,0.0,25320.163905,19.995969
2035-06-16,21,437137.13081,200430.104597,236707.026213,0.0,0.0,0.0,8934.78,0.0,25395.453054,17.213205
2035-06-16,22,316948.127782,147401.340988,169546.786794,0.0,0.0,0.0,12194.37,0.0,24830.203903,12.76462
2035-06-16,23,309481.934092,183339.909999,126142.024093,0.0,0.0,0.0,12786.02,0.0,23756.396398,13.02731
2035-06-17,0,279242.486959,183269.042901,95973.444058,0.0,0.0,0.0,12961.11,0.0,22685.106185,12.309508
2035-06-17,1,233109.444373,105005.709947,128103.734425,0.0,0.0,0.0,12881.54,0.0,22196.797516,10.50194
2035-06-17,2,292250.244929,129766.292669,162483.95226,0.0,0.0,0.0,10318.03,0.0,22092.275116,13.228617
2035-06-17,3,377834.254117,186270.510074,191563.744043,0.0,0.0,0.0,8480.5,0.0,22449.289834,16.830566
2035-06-17,4,422184.360343,188893.987674,233290.372668,0.0,0.0,0.0,7276.77,0.0,23090.800806,18.28366
2035-06-17,5,486812.027702,212700.009457,274112.018245,0.0,0.0,0.0,6178.56,0.0,23980.407261,20.300407
2035-06-17,6,530670.865152,220705.001429,309965.863723,0.0,0.0,0.0,5169.68,0.0,24451.852014,21.702686
2035-06-17,7,534612.27753,219150.181376,315462.096155,0.0,0.0,0.0,5114.27,0.0,24687.868536,21.654858
2035-06-17,8,520313.609743,219150.181376,301163.428368,0.0,0.0,0.0,5730.73,0.0,24814.741623,20.967924
2035-06-17,9,498329.717336,206094.516485,292235.200851,0.0,0.0,0.0,6324.2,0.0,24861.274514,20.044416
2035-06-17,10,468114.39448,206094.516485,262019.877994,0.0,0.0,0.0,7752.1,0.0,25168.782364,18.599008
2035-06-17,11,476992.225527,193359.555865,283632.669662,0.0,0.0,0.0,7846.6,0.0,25773.956533,18.506752
2035-06-17,12,465738.868881,188668.841576,277070.027306,0.0,0.0,0.0,8412.75,0.0,26005.309253,17.909376
2035-06-17,13,482275.164495,209820.291712,272454.872782,0.0,0.0,0.0,8822.18,0.0,26613.172743,18.121671
2035-06-17,14,539621.37242,243266.19513,296355.17729,0.0,0.0,0.0,8403.29,0.0,27658.147803,19.510394
2035-06-17,15,581461.751704,255740.436872,325721.314832,0.0,0.0,0.617951,7765.18,0.0,28436.089047,20.448021
2035-06-17,16,630789.723493,292802.834055,337986.889438,0.0,0.0,0.0,6951.97,0.0,28657.781503,22.011115
2035-06-17,17,672851.74003,308144.087158,364707.652871,0.0,0.0,0.0,6203.4,0.0,29213.740464,23.03203
2035-06-17,18,688244.060275,310400.575308,377843.484968,0.0,0.0,0.0,5744.61,0.0,29308.648986,23.482627
2035-06-17,19,710428.490632,341475.748392,368952.74224,0.0,0.0,0.0,5339.82,0.0,28936.048249,24.551676
2035-06-17,20,740860.652245,339249.654627,401610.997618,0.0,0.0,0.0,4302.3,0.0,29222.118449,25.352736
2035-06-17,21,743752.75082,340694.120857,403058.629964,0.0,0.0,0.0,3677.2,0.0,28675.610899,25.936771
2035-06-17,22,702016.617123,340510.64049,361505.976633,0.0,0.0,0.0,4295.6,0.0,27777.621097,25.272741
2035-06-17,23,652525.623024,292988.62183,359537.001194,0.0,0.0,0.0,4117.23,0.0,26726.529842,24.414903
2035-06-18,0,620589.052965,277650.676616,342938.376349,0.0,0.0,0.0,4315.99,0.0,26039.043613,23.83302
2035-06-18,1,581682.134253,256356.391101,325325.743152,0.0,0.0,0.0,4846.16,0.0,25545.920706,22.770059
2035-06-18,2,586807.075165,253523.818176,333283.256988,0.0,0.0,0.0,4296.94,0.0,25182.456354,23.302218
2035-06-18,3,604499.927475,275399.482492,329100.444983,0.0,0.0,0.0,4016.99,0.0,25134.294342,24.050802
2035-06-18,4,620386.780563,277750.018214,342636.762349,0.0,0.0,0.0,3865.72,0.0,25585.889571,24.247223
2035-06-18,5,673932.631153,311126.477209,362806.153944,0.0,0.0,0.0,3070.78,0.0,26017.208837,25.903341
2035-06-18,6,725431.222439,337036.080201,388395.142238,0.0,0.0,0.0,2442.47,0.0,26703.16368,27.16649
2035-06-18,7,745750.752783,337031.843584,408718.909199,0.0,0.0,0.0,2409.56,0.0,27507.637352,27.11068
2035-06-18,8,735475.906003,338832.792509,396643.113495,0.0,0.0,0.0,3545.25,0.0,28285.14986,26.002192
2035-06-18,9,683965.502479,338749.040391,345216.462088,0.0,0.0,0.0,6058.42,0.0,28897.455134,23.668711
2035-06-18,10,573763.344992,271662.072981,302101.272011,0.0,0.0,0.0,9669.76,0.0,29680.962167,19.331022
2035-06-18,11,520933.872499,219062.910624,301870.961876,0.0,0.0,0.0,10973.74,0.0,30133.986478,17.287254
2035-06-18,12,485459.916815,219062.910624,266397.006191,0.0,0.0,0.0,12170.56,0.0,29993.225105,16.185652
2035-06-18,13,418058.861202,191121.688577,226937.172625,0.0,0.0,0.0,14347.56,0.0,29930.484136,13.967661
2035-06-18,14,432823.773458,189930.852011,242892.921447,0.0,0.0,0.0,14181.35,0.0,30386.468867,14.243964
2035-06-18,15,459221.596699,206793.572688,252428.02401,0.0,0.0,0.0,13830.68,0.0,30736.62834,14.940533
2035-06-18,16,465812.344387,217409.808878,248402.535509,0.0,0.0,0.0,13799.67,0.0,30498.096918,15.273489
2035-06-18,17,510493.391252,223212.477905,287280.913347,0.0,0.0,0.0,12275.59,0.0,30796.246019,16.576481
2035-06-18,18,559482.101227,260276.131864,299205.969363,0.0,0.0,0.0,11121.14,0.0,30701.198284,18.223461
2035-06-18,19,588185.447927,256129.241424,332056.206504,0.0,0.0,0.0,9706.96,0.0,30549.295702,19.25365
2035-06-18,20,587645.335108,256129.241424,331516.093684,0.0,0.0,0.0,10097.84,0.0,30950.433822,18.986659
2035-06-18,21,575991.097257,267391.996192,308599.101065,0.0,0.0,0.0,10481.66,0.0,30613.904317,18.814689
2035-06-18,22,574725.746101,250883.449897,323842.296205,0.0,0.0,0.0,9389.77,0.0,29830.889191,19.266129
2035-06-18,23,524897.896871,250883.449897,274014.446974,0.0,0.0,0.0,9872.55,0.0,28455.044255,18.446568
2035-06-19,0,488565.908557,255924.180912,232641.727645,0.0,0.0,0.0,10627.26,0.0,27601.153858,17.700923
2035-06-19,1,472676.678896,203913.70196,268762.976936,0.0,0.0,0.616715,10360.71,0.0,27367.187923,17.271657
2035-06-19,2,434445.415975,187677.982495,246767.43348,0.0,0.0,0.0,10874.22,0.0,27023.922793,16.076327
2035-06-19,3,428858.779659,187677.982495,241180.797164,0.0,0.0,0.0,11126.36,0.0,27076.257313,15.838924
2035-06-19,4,448569.388676,187677.982495,260891.406181,0.0,0.0,0.0,10900.98,0.0,27546.026232,16.284359
2035-06-19,5,449955.544149,187677.982495,262277.561654,0.0,0.0,0.0,11062.89,0.0,27826.549521,16.170009
2035-06-19,6,480046.106802,222269.896686,257776.210115,0.0,0.0,0.0,10832.96,0.0,28142.381692,17.057764
2035-06-19,7,511494.187388,218498.610372,292995.577016,0.0,0.0,0.0,10432.94,0.0,29051.027902,17.60675
2035-06-19,8,546483.715621,253400.43559,293083.280031,0.0,0.0,0.0,11068.51,0.0,30258.45423,18.06053
2035-06-19,9,575044.214478,253247.234483,321796.979995,0.0,0.0,0.0,11079.22,0.0,31494.586854,18.25851
2035-06-19,10,584648.15291,274421.260274,310226.892637,0.0,0.0,0.0,12147.75,0.0,32480.392078,18.000034
2035-06-19,11,612321.578212,274979.028934,337342.549278,0.0,0.0,0.0,11859.31,0.0,33297.238671,18.38956
2035-06-19,12,603411.57691,274561.949304,328849.627606,0.0,0.0,0.0,12134.48,0.0,33238.416586,18.154041
2035-06-19,13,572862.872497,261961.24452,310901.627977,0.0,0.0,0.0,13111.67,0.0,33307.224325,17.199358
2035-06-19,14,593717.944769,282897.049801,310820.894969,0.0,0.0,0.0,13051.77,0.0,33523.05779,17.710734
2035-06-19,15,612739.699799,287638.469403,325101.230396,0.0,0.0,0.0,12624.51,0.0,33763.681611,18.147894
2035-06-19,16,641886.522414,312681.801959,329204.720455,0.0,0.0,0.0,11851.88,0.0,33309.164787,19.270568
2035-06-19,17,674257.468844,318470.350762,355787.118082,0.0,0.0,0.0,10635.3,0.0,33473.500323,20.143022
2035-06-19,18,706690.884269,329126.367193,377564.517076,0.0,0.0,0.0,9476.16,0.0,33224.492689,21.270178
2035-06-19,19,770921.747952,386400.295957,384521.451995,0.0,0.0,0.0,8034.02,0.0,32807.22977,23.498532
2035-06-19,20,837325.972692,414039.830879,423286.141813,0.0,0.0,0.0,6477.69,0.0,32970.346849,25.396335
2035-06-19,21,845195.37357,412305.951383,432889.422187,0.0,0.0,0.0,5543.97,0.0,32431.267894,26.061126
2035-06-19,22,822233.56738,413750.417613,408483.149767,0.0,0.0,0.0,5390.52,0.0,31346.899178,26.23014
2035-06-19,23,755352.565084,382045.424242,373307.140843,0.0,0.0,0.0,5784.44,0.0,30004.45963,25.174677
2035-06-20,0,663541.907678,312248.502162,351293.405516,0.0,0.0,0.0,6581.31,0.0,29160.384234,22.75491
2035-06-20,1,593862.18427,281229.79089,312632.393379,0.0,0.0,0.0,7992.28,0.0,28618.500102,20.750989
2035-06-20,2,600465.303842,260064.005542,340401.2983,0.0,0.0,0.0,7180.31,0.0,28426.315408,21.123571
2035-06-20,3,633302.612643,294057.633252,339244.979391,0.0,0.0,0.0,6983.23,0.0,28524.584829,22.201992
2035-06-20,4,639431.136702,293995.159533,345435.97717,0.0,0.0,0.0,7170.43,0.0,28994.310632,22.053676
2035-06-20,5,620235.65067,272664.710326,347570.940344,0.0,0.0,0.0,7569.59,0.0,29343.777295,21.136872
2035-06-20,6,627913.861674,292282.560418,335631.301256,0.0,0.0,0.0,8218.77,0.0,29675.559477,21.159293
2035-06-20,7,609558.299684,284281.875605,325276.42408,0.0,0.0,0.0,9557.51,0.0,30445.487714,20.021302
2035-06-20,8,599650.098046,271811.08098,327839.017066,0.0,0.0,0.0,10565.24,0.0,31536.674309,19.014373
2035-06-20,9,608726.966265,271736.078784,336990.887481,0.0,0.0,0.0,11085.36,0.0,32431.347606,18.769709
2035-06-20,10,620834.216438,288046.643546,332787.572892,0.0,0.0,0.0,11761.92,0.0,33218.763816,18.689263
2035-06-20,11,638575.475632,290727.361401,347848.114231,0.0,0.0,0.0,11676.91,0.0,33783.159847,18.902183
2035-06-20,12,620052.452294,290507.526417,329544.925877,0.0,0.0,0.0,12377.75,0.0,33804.822495,18.34213
2035-06-20,13,559614.560085,268582.304262,291032.255823,0.0,0.0,0.0,14229.38,0.0,33796.308186,16.558452
2035-06-20,14,551610.536019,249770.089432,301840.446587,0.0,0.0,0.0,14172.78,0.0,33724.354082,16.356445
2035-06-20,15,561222.65228,249746.651858,311476.000421,0.0,0.0,0.0,13944.49,0.0,33836.724047,16.586199
2035-06-20,16,574938.15672,270316.016017,304622.140704,0.0,0.0,0.0,13607.33,0.0,33539.688139,17.142025
2035-06-20,17,637252.606633,303502.013304,333750.593329,0.0,0.0,2.716625,12363.37,0.0,33987.751477,18.749478
2035-06-20,18,681657.763262,327160.721698,354497.041564,0.0,0.0,0.0,11329.82,0.0,34180.524046,19.94287
2035-06-20,19,719898.466833,341772.259041,378126.207792,0.0,0.0,0.0,10033.06,0.0,34004.325193,21.170791
2035-06-20,20,726207.383306,341764.840868,384442.542438,0.0,0.0,0.0,10110.24,0.0,34400.715823,21.11024
2035-06-20,21,680267.740279,339401.056282,340866.683997,0.0,0.0,0.0,11440.75,0.0,34027.245975,19.991854
2035-06-20,22,628259.612198,322138.025195,306121.587003,0.0,0.0,0.0,13178.73,0.0,33267.653364,18.884999
2035-06-20,23,559211.505862,309892.787096,249318.718766,0.0,0.0,0.0,13719.49,0.0,31969.128084,17.492235
2035-06-21,0,518639.883581,284639.601282,234000.282299,0.0,0.0,0.0,13871.16,0.0,31242.226107,16.600606
2035-06-21,1,499817.615908,236767.721084,263049.894824,0.0,0.0,0.0,13605.4,0.0,31179.715197,16.030217
2035-06-21,2,505523.264567,240939.727247,264583.53732,0.0,0.0,0.0,13461.53,0.0,31121.103471,16.243745
2035-06-21,3,535095.212758,257365.198797,277730.013961,0.0,0.0,0.0,13280.24,0.0,31633.417102,16.915505
2035-06-21,4,601628.563182,291733.023394,309895.539789,0.0,0.0,0.0,12859.64,0.0,32700.761675,18.397998
2035-06-21,5,614728.776943,291725.384422,323003.392521,0.0,0.0,0.0,13199.53,0.0,33599.73989,18.295641
2035-06-21,6,610564.075379,294358.002618,316206.072761,0.0,0.0,0.0,13264.7,0.0,33585.788804,18.179239
2035-06-21,7,599583.41844,290184.436874,309398.981567,0.0,0.0,0.0,13074.54,0.0,33139.972587,18.092454
2035-06-21,8,576678.632178,272563.267243,304115.364935,0.0,0.0,0.0,13333.54,0.0,33239.147765,17.349381
2035-06-21,9,604679.179609,291934.677722,312744.501887,0.0,0.0,0.0,12883.46,0.0,33507.721162,18.045965
2035-06-21,10,628744.115072,303485.295927,325258.819145,0.0,0.0,0.0,12475.45,0.0,33780.717701,18.612515
2035-06-21,11,652452.117813,300679.858828,351772.258985,0.0,0.0,0.0,11842.83,0.0,34253.596708,19.047697
2035-06-21,12,650638.698376,295773.431103,354865.267273,0.0,0.0,0.0,11600.65,0.0,34109.791209,19.074837
2035-06-21,13,584578.922986,295306.885494,289272.037492,0.0,0.0,0.0,13964.66,0.0,33954.756731,17.216407
2035-06-21,14,579780.799353,262938.865898,316841.933455,0.0,0.0,0.0,13400.68,0.0,33862.323901,17.121707
2035-06-21,15,591711.208011,262757.584629,328953.623382,0.0,0.0,0.96812,12998.82,0.0,33922.625564,17.442966
2035-06-21,16,604950.349789,295367.507309,309582.84248,0.0,0.0,0.0,12957.42,0.0,33613.734011,17.997118
2035-06-21,17,657176.208937,305964.673631,351211.535305,0.0,0.0,0.0,11623.48,0.0,34080.886356,19.282838
2035-06-21,18,703047.720431,337504.455911,365543.264519,0.0,0.0,0.242153,10772.59,0.0,34170.574685,20.574653
2035-06-21,19,723278.777524,337111.995086,386166.782438,0.0,0.0,0.0,9691.72,0.0,33960.578257,21.297599
2035-06-21,20,716359.934685,366385.104713,349974.829973,0.0,0.0,0.0,11194.16,0.0,34338.418561,20.861763
2035-06-21,21,657225.644297,334087.38826,323138.256036,0.0,0.0,0.0,12905.45,0.0,34204.306703,19.214704
2035-06-21,22,588024.659257,288571.060917,299453.598339,0.0,0.0,0.0,14054.44,0.0,33673.865818,17.462345
2035-06-21,23,553093.163666,266235.723252,286857.440414,0.0,0.0,0.0,14096.9,0.0,32833.482451,16.845401
2035-06-22,0,544470.489048,273789.448924,270681.040124,0.0,0.0,0.0,14043.45,0.0,32511.612947,16.746954
2035-06-22,1,523992.274398,246681.663596,277310.610801,0.0,0.0,0.0,13844.5,0.0,32162.301774,16.292126
2035-06-22,2,517487.298521,240868.982639,276618.315881,0.0,0.0,0.0,13774.54,0.0,31730.491491,16.308833
2035-06-22,3,519980.728122,242521.373453,277459.354669,0.0,0.0,0.0,13732.47,0.0,31623.719764,16.442744
2035-06-22,4,562365.892478,285739.523814,276626.368664,0.0,0.0,0.0,13401.98,0.0,31928.493562,17.613292
2035-06-22,5,564481.348685,293650.155248,270831.193437,0.0,0.0,0.0,13478.15,0.0,32077.689622,17.597319
2035-06-22,6,574820.593688,281093.927426,293726.666262,0.0,0.0,0.0,13286.92,0.0,32173.619041,17.866209
2035-06-22,7,585314.864215,281093.927426,304220.93679,0.0,0.0,0.0,12826.23,0.0,32160.934542,18.19956
2035-06-22,8,565529.89783,283873.774162,281656.123667,0.0,0.0,0.0,12963.24,0.0,31809.46814,17.778666
2035-06-22,9,545023.960981,249502.681704,295521.279276,0.0,0.0,0.0,12486.35,0.0,31616.671298,17.238499
2035-06-22,10,527180.884399,244225.309406,282955.574993,0.0,0.0,0.0,13273.99,0.0,31903.014956,16.524485
2035-06-22,11,524901.550856,234333.278968,290568.271888,0.0,0.0,0.0,12809.86,0.0,31668.358046,16.574953
2035-06-22,12,513469.810184,236552.640407,276917.169777,0.0,0.0,0.0,12435.99,0.0,30839.625749,16.649677
2035-06-22,13,436606.107958,199403.570569,237202.537389,0.0,0.0,0.0,13772.47,0.0,29976.561537,14.564916
2035-06-22,14,426245.861132,180720.28902,245525.572113,0.0,0.0,0.0,13314.41,0.0,29516.044357,14.441158
2035-06-22,15,435634.086372,180720.28902,254913.797353,0.0,0.0,0.0,12898.05,0.0,29450.308975,14.792174
2035-06-22,16,452872.580309,200569.02911,252303.5512,0.0,0.0,0.0,12236.65,0.0,29068.378962,15.579561
2035-06-22,17,495406.74628,208520.634368,286886.111912,0.0,0.0,0.0,11277.13,0.0,29579.607034,16.748253
2035-06-22,18,555628.641024,261840.955958,293787.685066,0.0,0.0,0.0,10702.14,0.0,30102.109615,18.45813
2035-06-22,19,594132.682304,261832.725967,332299.956337,0.0,0.0,0.0,9512.81,0.0,30506.169246,19.475821
2035-06-22,20,568705.584203,256176.525252,312529.058951,0.0,0.0,0.0,11161.84,0.0,31336.956808,18.14808
2035-06-22,21,531665.384248,247656.568908,284008.81534,0.0,0.0,0.0,12829.66,0.0,31602.770125,16.823379
2035-06-22,22,493278.197857,225696.610314,267581.587543,0.0,0.0,0.0,13937.74,0.0,31614.961705,15.602682
2035-06-22,23,500252.543813,258853.568788,241398.975025,0.0,0.0,0.0,14074.99,0.0,31222.322218,16.022272
2035-06-23,0,496080.497256,258811.260405,237269.236851,0.0,0.0,0.0,13989.37,0.0,30989.778156,16.007875
2035-06-23,1,486581.258865,223135.024076,263446.234789,0.0,0.0,0.0,13709.07,0.0,31174.099039,15.608511
2035-06-23,2,490512.244971,223135.024076,267377.220895,0.0,0.0,0.0,13506.7,0.0,31086.00758,15.779197
2035-06-23,3,497787.168213,223135.024076,274652.144137,0.0,0.0,0.0,13358.35,0.0,31185.594399,15.962087
2035-06-23,4,493934.991229,223135.024076,270799.967153,0.0,0.0,0.0,12966.53,0.0,30704.447617,16.086757
2035-06-23,5,459778.825962,223135.024076,236643.801886,0.0,0.0,0.0,13257.86,0.0,29710.536532,15.475278
2035-06-23,6,449617.821301,223135.024076,226482.797225,0.0,0.0,0.0,13246.37,0.0,29299.730299,15.345459
2035-06-23,7,466133.798584,223135.024076,242998.774508,0.0,0.0,0.0,12988.51,0.0,29692.628571,15.698637
2035-06-23,8,477869.770506,227137.534955,250732.235551,0.0,0.0,0.0,13226.74,0.0,30319.084306,15.761352
2035-06-23,9,473422.338446,218674.412754,254747.925692,0.0,0.0,0.0,12905.91,0.0,30092.974043,15.731989
2035-06-23,10,440224.665833,218674.412754,221550.25308,0.0,0.0,0.0,13487.84,0.0,29415.50883,14.965733
2035-06-23,11,430856.32559,181608.081954,249248.243636,0.0,0.0,0.0,12812.42,0.0,29200.295156,14.755204
2035-06-23,12,420132.83826,181608.081954,238524.756306,0.0,0.0,0.0,12659.49,0.0,28641.506293,14.668671
2035-06-23,13,385335.319564,181608.081954,203727.23761,0.0,0.0,0.0,13793.24,0.0,28438.523694,13.549765
2035-06-23,14,405172.124624,181608.081954,223564.04267,0.0,0.0,0.0,13492.68,0.0,28898.472904,14.020538
2035-06-23,15,457394.928652,198140.226986,259254.701666,0.0,0.0,0.0,12561.32,0.0,29601.944556,15.451516
2035-06-23,16,500763.732615,227948.803888,272814.928728,0.0,0.0,0.0,11704.41,0.0,29799.81267,16.804258
2035-06-23,17,560936.891444,258726.530083,302210.361361,0.0,0.0,0.0,10481.23,0.0,30274.565832,18.528322
2035-06-23,18,583696.422023,258707.100303,324989.32172,0.0,0.0,0.0,9672.37,0.0,30399.199709,19.201046
2035-06-23,19,644165.411415,313529.508064,330635.903351,0.0,0.0,0.0,8777.42,0.0,30473.163955,21.138777
2035-06-23,20,694151.680018,321403.40271,372748.277308,0.0,0.0,0.0,6712.61,0.0,30257.497267,22.941477
2035-06-23,21,704066.23749,321385.151398,382681.086092,0.0,0.0,0.0,5983.73,0.0,29928.290275,23.525107
2035-06-23,22,674564.118288,321385.151398,353178.966891,0.0,0.0,0.0,6550.81,0.0,29409.434484,22.936997
2035-06-23,23,655769.741574,337628.289036,318141.452538,0.0,0.0,0.0,6716.12,0.0,28442.132124,23.056279
2035-06-24,0,629042.259726,337620.870863,291421.388863,0.0,0.0,0.0,7058.46,0.0,27745.533421,22.671839
2035-06-24,1,527906.674371,222997.674742,304908.999629,0.0,0.0,0.0,8000.75,0.0,27382.342491,19.279091
2035-06-24,2,536471.760597,235973.726544,300498.034053,0.0,0.0,0.0,8003.81,0.0,27421.504736,19.563907
2035-06-24,3,559038.183454,240683.687414,318354.49604,0.0,0.0,0.0,7202.44,0.0,27393.021925,20.408051
2035-06-24,4,583423.274102,258715.972871,324707.301231,0.0,0.0,0.0,6514.42,0.0,27231.177315,21.424827
2035-06-24,5,597512.267718,258707.100303,338805.167416,0.0,0.0,0.0,5925.07,0.0,27207.684035,21.961159
2035-06-24,6,638805.715665,295776.351537,343029.364128,0.0,0.0,0.0,5383.87,0.0,27343.476245,23.362271
2035-06-24,7,640345.533082,295773.431103,344572.101979,0.0,0.0,0.0,5102.64,0.0,27229.5378,23.516577
2035-06-24,8,618739.283225,295773.431103,322965.852123,0.0,0.0,0.0,5805.68,0.0,27134.156986,22.802967
2035-06-24,9,567461.456077,277720.21442,289741.241657,0.0,0.0,0.0,7097.98,0.0,26862.452105,21.124708
2035-06-24,10,485933.59516,201072.452587,284861.142574,0.0,0.0,0.0,8402.43,0.0,26646.647266,18.2362
2035-06-24,11,482839.349077,201072.452587,281766.89649,0.0,0.0,0.0,8496.58,0.0,26652.803356,18.115894
2035-06-24,12,448708.216483,201072.452587,247635.763896,0.0,0.0,0.0,9311.96,0.0,26206.247887,17.122185
2035-06-24,13,422951.690842,172242.018037,250709.672805,0.0,0.0,0.0,9461.4,0.0,25838.089217,16.36931
2035-06-24,14,432313.852208,172242.018037,260071.83417,0.0,0.0,0.0,9173.38,0.0,25896.572233,16.693864
2035-06-24,15,436288.97891,172242.018037,264046.960873,0.0,0.0,0.0,9159.17,0.0,26026.671569,16.763149
2035-06-24,16,449456.295716,194173.437967,255282.857749,0.0,0.0,0.0,9065.72,0.0,25914.879957,17.343561
2035-06-24,17,468179.869291,194167.240192,274012.629098,0.0,0.0,0.0,8696.52,0.0,26303.262861,17.799308
2035-06-24,18,467896.481403,194167.240192,273729.241211,0.0,0.0,0.0,8857.78,0.0,26454.079872,17.68712
2035-06-24,19,507745.369335,231236.491427,276508.877908,0.0,0.0,0.0,8329.99,0.0,26541.132736,19.130509
2035-06-24,20,486636.211221,231233.570992,255402.640229,0.0,0.0,0.0,9447.11,0.0,26963.163258,18.048187
2035-06-24,21,440103.085814,217739.335992,222363.749822,0.0,0.0,0.0,10749.64,0.0,26639.610967,16.520627
2035-06-24,22,418160.941443,215177.749753,202983.191689,0.0,0.0,0.0,10725.18,0.0,25826.181993,16.191357
2035-06-24,23,383648.698004,181592.001395,202056.69661,0.0,0.0,0.0,10600.09,0.0,24889.054324,15.414354
2035-06-25,0,354764.101578,181432.279572,173331.822006,0.0,0.0,0.0,10996.83,0.0,24268.760152,14.618139
2035-06-25,1,338305.436792,151574.251655,186731.185137,0.0,0.0,0.0,11107.04,0.0,23948.309568,14.126485
2035-06-25,2,359423.795676,151574.251655,207849.544021,0.0,0.0,0.0,10200.18,0.0,23910.87875,15.03181
2035-06-25,3,389054.548988,178119.435329,210935.113658,0.0,0.0,0.0,9501.04,0.0,24159.627622,16.103499
2035-06-25,4,415237.501524,178111.418953,237126.08257,0.0,0.0,0.0,8882.95,0.0,24584.587989,16.890155
2035-06-25,5,505149.567052,237995.144314,267154.422738,0.0,0.0,0.0,7400.38,0.0,25298.999626,19.967176
2035-06-25,6,633846.82421,301840.298487,332006.525723,0.0,0.0,0.0,4269.43,0.0,25809.608098,24.558561
2035-06-25,7,686195.176553,302368.758657,383826.417897,0.0,0.0,0.0,2702.57,0.0,26335.053975,26.056342
2035-06-25,8,647012.510049,301951.679027,345060.831022,0.0,0.0,0.0,4444.86,0.0,26698.763101,24.233801
2035-06-25,9,588044.561268,264112.371842,323932.189426,0.0,0.0,0.0,6322.58,0.0,27120.609973,21.682571
2035-06-25,10,536564.893673,242973.459402,293591.434271,0.0,0.0,0.0,8698.73,0.0,27928.658185,19.211983
2035-06-25,11,491024.068549,210758.446594,280265.621955,0.0,0.0,0.0,10180.29,0.0,28356.582266,17.316053
2035-06-25,12,445031.591723,198991.829382,246039.762341,0.0,0.0,0.0,11470.59,0.0,28084.683405,15.84606
2035-06-25,13,383687.493523,173044.816293,210642.677231,0.0,0.0,0.0,13245.63,0.0,27918.53116,13.743112
2035-06-25,14,390266.517284,175525.096157,214741.421127,0.0,0.0,0.0,13565.73,0.0,28122.307448,13.877471
2035-06-25,15,390116.204758,175522.175722,214594.029036,0.0,0.0,0.0,13611.72,0.0,28250.378706,13.809238
2035-06-25,16,360017.40574,154494.581602,205522.824139,0.0,0.0,0.0,13749.85,0.0,27651.562181,13.019785
2035-06-25,17,403496.206312,169360.759094,234135.447218,0.0,0.0,0.0,12577.32,0.0,27796.845959,14.515899
2035-06-25,18,444094.575854,198900.874934,245193.70092,0.0,0.0,0.0,11706.27,0.0,27874.989807,15.93165
2035-06-25,19,471295.108359,196644.599622,274650.508737,0.0,0.0,2.674243,10383.25,0.0,27756.203857,16.979811
2035-06-25,20,456798.289929,196644.599622,260153.690307,0.0,0.0,0.0,11375.75,0.0,28237.935623,16.176759
2035-06-25,21,415205.431468,197241.657976,217963.773491,0.0,0.0,0.0,12955.66,0.0,27972.188918,14.843509
2035-06-25,22,396964.957739,182371.211124,214593.746615,0.0,0.0,0.0,12573.82,0.0,27244.354834,14.57054
2035-06-25,23,344862.419765,161868.18224,182994.237525,0.0,0.0,0.0,13155.36,0.0,25971.667853,13.278409
2035-06-26,0,321304.864182,161868.18224,159436.681942,0.0,0.0,0.0,13328.88,0.0,25224.300859,12.73791
2035-06-26,1,316737.886138,151047.886919,165689.999219,0.0,0.0,0.0,13089.95,0.0,24828.402624,12.757079
2035-06-26,2,324320.422876,155619.116505,168701.306371,0.0,0.0,0.0,12406.36,0.0,24751.783786,13.102911
2035-06-26,3,370541.606541,165183.15169,205358.454851,0.0,0.0,0.0,11256.8,0.0,25116.700083,14.752798
2035-06-26,4,439532.876346,205546.594673,233986.281672,0.0,0.0,0.0,9690.58,0.0,25792.054964,17.041406
2035-06-26,5,500309.679594,218947.644786,281362.034808,0.0,0.0,0.0,8276.45,0.0,26513.351155,18.870103
2035-06-26,6,568117.974582,259921.697359,308196.277223,0.0,0.0,0.0,6957.91,0.0,26928.711347,21.09711
2035-06-26,7,603436.725959,259888.203161,343548.522798,0.0,0.0,0.0,5871.63,0.0,27300.383199,22.103599
2035-06-26,8,551522.958713,259888.203161,291634.755553,0.0,0.0,0.0,8260.75,0.0,27770.783262,19.859827
2035-06-26,9,496607.341325,223180.525004,273426.816321,0.0,0.0,0.0,10224.53,0.0,28151.615755,17.640456
2035-06-26,10,434872.102858,202822.390856,232049.712001,0.0,0.0,0.0,12761.77,0.0,28663.550566,15.171606
2035-06-26,11,431127.832453,195756.806688,235371.025765,0.0,0.0,0.0,13184.46,0.0,29100.340601,14.815216
2035-06-26,12,391696.662677,162862.482051,228834.180626,0.0,0.0,0.0,13817.13,0.0,28861.309609,13.571687
2035-06-26,13,349547.928214,159788.894278,189759.033936,0.0,0.0,0.0,15235.97,0.0,28614.624944,12.215709
2035-06-26,14,359028.659368,158038.02673,200990.632638,0.0,0.0,0.0,14965.83,0.0,28758.878171,12.484098
2035-06-26,15,370394.887685,153865.505763,216529.381922,0.0,0.0,0.0,14619.49,0.0,28977.721253,12.782057
2035-06-26,16,387520.86981,185411.868338,202109.001472,0.0,0.0,0.0,14067.01,0.0,28423.742175,13.633703
2035-06-26,17,429278.79305,188464.776783,240814.016267,0.0,0.0,0.0,12704.53,0.0,28763.18048,14.924594
2035-06-26,18,481034.891178,222301.696267,258733.19491,0.0,0.0,0.0,11664.49,0.0,28895.863341,16.647189
2035-06-26,19,525806.050604,222138.435312,303667.615292,0.0,0.0,0.0,9849.05,0.0,28885.853952,18.202891
2035-06-26,20,500934.190016,226310.441475,274623.748541,0.0,0.0,0.0,11067.83,0.0,29113.75223,17.206102
2035-06-26,21,490854.924863,204357.183162,286497.741701,0.0,0.0,0.0,10906.65,0.0,28894.071744,16.988084
2035-06-26,22,491638.562733,204357.183162,287281.379571,0.0,0.0,0.0,9902.75,0.0,28019.513308,17.546292
2035-06-26,23,443492.170021,200213.213157,243278.956864,0.0,0.0,0.0,10367.97,0.0,26844.752661,16.520628
2035-06-27,0,400262.690546,165624.241786,234638.44876,0.0,0.0,0.0,10766.06,0.0,26120.12236,15.323921
2035-06-27,1,386521.369098,166146.170224,220375.198874,0.0,0.0,0.0,10990.3,0.0,25780.915884,14.992538
2035-06-27,2,436728.672348,186527.030402,250201.641946,0.0,0.0,3.968283,9361.49,0.0,25711.016621,16.986052
2035-06-27,3,490898.664525,221051.180067,269847.484458,0.0,0.0,0.0,8102.14,0.0,25998.345926,18.881919
2035-06-27,4,554739.407354,245855.064676,308884.342677,0.0,0.0,0.0,6845.42,0.0,26668.303942,20.801451
2035-06-27,5,590305.8287,258169.334064,332136.494636,0.0,0.0,0.0,6497.52,0.0,27478.186878,21.482707
2035-06-27,6,620717.775656,280090.196782,340627.578874,0.0,0.0,0.0,6214.84,0.0,27868.164403,22.273364
2035-06-27,7,633674.553606,280083.999007,353590.5546,0.0,0.0,0.0,6027.4,0.0,28218.075307,22.456335
2035-06-27,8,566125.2463,291636.422356,274488.823944,0.0,0.0,0.0,9399.03,0.0,28702.822022,19.723679
2035-06-27,9,502851.648073,211045.307647,291806.340426,0.0,0.0,0.0,10765.54,0.0,29147.638111,17.251883
2035-06-27,10,494298.452904,215312.243583,278986.20932,0.0,0.0,0.0,11591.14,0.0,29686.874401,16.650404
2035-06-27,11,509317.624795,215134.063885,294183.56091,0.0,0.0,3.157996,11318.55,0.0,29992.461815,16.981521
2035-06-27,12,491455.545373,215134.063885,276321.481488,0.0,0.0,0.0,11391.94,0.0,29400.672476,16.715793
2035-06-27,13,408048.709719,191503.012892,216545.696827,0.0,0.0,0.0,13411.3,0.0,28713.542013,14.21102
2035-06-27,14,404962.249608,175447.191653,229515.057955,0.0,0.0,0.0,12977.31,0.0,28402.226323,14.258116
2035-06-27,15,427084.145293,178311.553119,248772.592175,0.0,0.0,0.0,12318.28,0.0,28512.09058,14.979054
2035-06-27,16,415576.345745,178287.221335,237289.12441,0.0,0.0,0.0,12405.51,0.0,28046.424964,14.817445
2035-06-27,17,446375.100475,194530.358973,251844.741502,0.0,0.0,0.0,11681.83,0.0,28126.209648,15.870432
2035-06-27,18,479092.777921,209847.709879,269245.068041,0.0,0.0,0.0,11022.76,0.0,28489.6552,16.816377
2035-06-27,19,516036.005913,222550.672269,293485.333644,0.0,0.0,0.0,10063.7,0.0,28649.586602,18.011988
2035-06-27,20,520750.485012,222339.993767,298410.491246,0.0,0.0,0.0,10413.02,0.0,29053.591636,17.92379
2035-06-27,21,524764.778604,230362.465122,294402.313482,0.0,0.0,0.0,9797.21,0.0,28611.288693,18.341179
2035-06-27,22,527495.147237,226016.057764,301479.089472,0.0,0.0,0.0,8491.17,0.0,27633.365901,19.089066
2035-06-27,23,502280.513332,218106.067269,284174.446063,0.0,0.0,0.0,7874.21,0.0,26278.028657,19.114087
2035-06-28,0,484710.036201,198102.004311,286608.031891,0.0,0.0,0.0,7258.03,0.0,25419.258627,19.068614
2035-06-28,1,490965.947308,198102.004311,292863.942998,0.0,0.0,0.0,6776.2,0.0,25158.512411,19.514904
2035-06-28,2,486732.249862,198102.004311,288630.245551,0.0,0.0,0.0,6836.82,0.0,25079.556499,19.40753
2035-06-28,3,488371.057598,198102.004311,290269.053287,0.0,0.0,0.0,7204.16,0.0,25505.926382,19.147356
2035-06-28,4,534566.998378,243659.528334,290907.470043,0.0,0.0,0.0,7542.58,0.0,26541.438292,20.140845
2035-06-28,5,580174.581435,260069.315099,320105.266337,0.0,0.0,0.0,7100.54,0.0,27597.936246,21.02239
2035-06-28,6,619272.81379,285688.817234,333583.996556,0.0,0.0,0.0,6712.75,0.0,28127.118288,22.016931
2035-06-28,7,638371.811313,285630.204915,352741.606397,0.0,0.0,0.0,6423.41,0.0,28638.115975,22.290985
2035-06-28,8,599061.285538,285630.204915,313431.080623,0.0,0.0,0.0,8595.95,0.0,29351.112541,20.410173
2035-06-28,9,553769.923214,240323.391263,313446.531951,0.0,0.0,0.0,9954.19,0.0,29850.267549,18.55159
2035-06-28,10,532679.163747,243657.904223,289021.259524,0.0,0.0,0.0,11222.05,0.0,30271.389853,17.596786
2035-06-28,11,578570.514502,260069.315099,318501.199403,0.0,0.0,0.0,10268.73,0.0,30715.572091,18.836391
2035-06-28,12,593887.806203,260064.005542,333823.800661,0.0,0.0,0.0,9528.73,0.0,30609.927668,19.401804
2035-06-28,13,606470.851508,277760.575427,328710.276081,0.0,0.0,0.0,9426.74,0.0,30578.098329,19.833505
2035-06-28,14,624233.442356,277720.21442,346513.227935,0.0,0.0,0.0,8917.0,0.0,30793.394036,20.271667
2035-06-28,15,628191.006711,277720.21442,350470.79229,0.0,0.0,0.0,8934.86,0.0,30946.638806,20.299168
2035-06-28,16,587799.109067,277720.21442,310078.894647,0.0,0.0,0.0,9818.31,0.0,30296.25578,19.401708
2035-06-28,17,607576.822245,272682.961639,334893.860606,0.0,0.0,0.0,9484.36,0.0,30708.391615,19.785368
2035-06-28,18,617019.75917,272664.710326,344355.048844,0.0,0.0,0.0,9357.25,0.0,30961.380803,19.92869
2035-06-28,19,635793.886601,303702.851378,332091.035223,0.0,0.0,0.0,9016.23,0.0,30649.538136,20.743996
2035-06-28,20,678402.63541,319926.559236,358476.076175,0.0,0.0,0.0,8090.17,0.0,31001.515716,21.882886
2035-06-28,21,708753.970329,345843.844947,362910.125382,0.0,0.0,0.0,7080.08,0.0,30565.47732,23.188055
2035-06-28,22,718450.277326,345839.60833,372610.668995,0.0,0.0,0.0,5827.41,0.0,29744.587486,24.153984
2035-06-28,23,681416.890835,345839.60833,335577.282505,0.0,0.0,0.0,5792.45,0.0,28316.43666,24.064359
2035-06-29,0,622586.544464,285630.204915,336956.339548,0.0,0.0,0.0,5883.95,0.0,27503.705661,22.63646
2035-06-29,1,599333.137762,267973.996037,331359.141725,0.0,0.0,0.0,6011.09,0.0,27095.028129,22.119672
2035-06-29,2,609235.819698,267973.996037,341261.823661,0.0,0.0,0.0,5428.77,0.0,26875.761534,22.668597
2035-06-29,3,637105.548591,286036.085287,351069.463304,0.0,0.0,18.883357,4975.47,0.0,27031.593961,23.568923
2035-06-29,4,668167.250359,303175.270683,364991.979675,0.0,0.0,0.0,4597.39,0.0,27419.271986,24.368526
2035-06-29,5,707216.16694,329061.381198,378154.785742,0.0,0.0,0.0,3862.8,0.0,27569.887992,25.651761
2035-06-29,6,752983.511423,361932.253509,391051.257914,0.0,0.0,0.0,3282.14,0.0,27990.316317,26.901572
2035-06-29,7,778493.815834,361886.13718,416607.678653,0.0,0.0,0.0,2985.44,0.0,28761.578337,27.067145
2035-06-29,8,774255.267239,361886.13718,412369.130059,0.0,0.0,0.0,4088.82,0.0,29728.181076,26.044488
2035-06-29,9,760009.880585,361886.13718,398123.743405,0.0,0.0,0.0,5430.01,0.0,30562.850726,24.867114
2035-06-29,10,707935.478737,357742.167175,350193.311562,0.0,0.0,0.0,8025.41,0.0,31297.456591,22.619585
2035-06-29,11,759004.438513,357742.167175,401262.271338,0.0,0.0,0.0,6629.71,0.0,31807.270082,23.862609
2035-06-29,12,752088.528342,357742.167175,394346.361167,0.0,0.0,0.0,6365.4,0.0,31282.5904,24.04176
2035-06-29,13,720316.801739,345839.60833,374477.193409,0.0,0.0,0.0,6519.85,0.0,30487.937174,23.626289
2035-06-29,14,687732.659712,319919.141063,367813.518649,0.0,0.0,0.0,6885.08,0.0,30204.287186,22.769372
2035-06-29,15,689215.521702,319919.141063,369296.380639,0.0,0.0,0.0,7136.07,0.0,30496.254879,22.600005
2035-06-29,16,701427.995593,335263.314601,366164.680992,0.0,0.0,0.0,6671.45,0.0,30114.218152,23.292253
2035-06-29,17,718801.217918,335257.086277,383544.131642,0.0,0.0,0.0,5889.38,0.0,30019.508889,23.94447
2035-06-29,18,749424.842233,361181.790161,388243.052072,0.0,0.0,0.0,5051.82,0.0,29707.093436,25.227135
2035-06-29,19,760723.52428,360711.007936,400012.516344,0.0,0.0,0.0,4148.85,0.0,29269.663938,25.990169
2035-06-29,20,770168.422172,360711.007936,409457.414237,0.0,0.0,0.0,3781.41,0.0,29266.120875,26.31604
2035-06-29,21,757850.586752,360711.007936,397139.578817,0.0,0.0,0.0,3814.18,0.0,28873.606766,26.247174
2035-06-29,22,718127.659068,345373.062722,372754.596346,0.0,0.0,0.0,4459.89,0.0,28362.770532,25.319376
2035-06-29,23,679068.994615,314761.881165,364307.11345,0.0,0.0,0.0,4427.83,0.0,27512.857897,24.681878
2035-06-30,0,655433.610189,314761.881165,340671.729024,0.0,0.0,0.0,4577.96,0.0,26788.994388,24.466525
2035-06-30,1,601174.549607,259597.459934,341577.089673,0.0,0.0,0.0,4921.65,0.0,26269.035127,22.885292
2035-06-30,2,594378.887193,259597.459934,334781.42726,0.0,0.0,0.0,4530.08,0.0,25635.881566,23.185428
2035-06-30,3,589193.714376,259597.459934,329596.254442,0.0,0.0,0.0,4371.41,0.0,25286.248848,23.300954
2035-06-30,4,576298.83772,259597.459934,316701.377786,0.0,0.0,0.0,4324.8,0.0,24763.357702,23.272241
2035-06-30,5,576614.722095,259597.459934,317017.262161,0.0,0.0,0.0,3643.67,0.0,24093.971172,23.931909
2035-06-30,6,586335.30961,260228.396574,326106.913037,0.0,0.0,0.0,3173.7,0.0,23967.376167,24.463892
2035-06-30,7,616403.454627,278126.094792,338277.359835,0.0,0.0,0.0,3084.21,0.0,24585.909047,25.071412
2035-06-30,8,620684.766103,278117.222224,342567.543878,0.0,0.0,0.0,3536.3,0.0,25242.3598,24.589015
2035-06-30,9,610435.571739,278117.222224,332318.349514,0.0,0.0,0.0,4238.42,0.0,25576.743463,23.866822
2035-06-30,10,576257.804843,260064.005542,316193.7993,0.0,0.0,0.0,5117.47,0.0,25547.519791,22.556311
2035-06-30,11,576261.228544,243615.807391,332645.421152,0.0,0.0,0.0,5289.05,0.0,25970.081611,22.189427
2035-06-30,12,558863.9061,243615.807391,315248.098709,0.0,0.0,0.0,5704.29,0.0,25750.478314,21.70305
2035-06-30,13,543904.267338,243615.807391,300288.459946,0.0,0.0,0.0,6250.68,0.0,25743.409046,21.127904
2035-06-30,14,574349.60943,260069.315099,314280.294331,0.0,0.0,0.0,5993.17,0.0,26285.521986,21.850417
2035-06-30,15,589415.835987,260064.005542,329351.830445,0.0,0.0,0.0,6011.72,0.0,26929.356514,21.887483
2035-06-30,16,575282.216391,264784.523625,310497.692766,0.0,0.0,0.0,6824.53,0.0,27116.34474,21.215331
2035-06-30,17,626496.616059,295792.860883,330703.755176,0.0,0.0,0.0,6171.21,0.0,27694.97719,22.621308
2035-06-30,18,652726.655651,295773.431103,356953.224549,0.0,0.0,0.0,5521.97,0.0,28107.602245,23.222424
2035-06-30,19,677842.316927,321454.829437,356387.48749,0.0,0.0,0.0,5278.53,0.0,28158.710617,24.072207
2035-06-30,20,710697.002019,321385.151398,389311.850621,0.0,0.0,0.0,4590.79,0.0,28736.635939,24.731392
2035-06-30,21,703314.073613,321385.151398,381928.922216,0.0,0.0,0.0,4673.7,0.0,28539.46263,24.643564
2035-06-30,22,636277.398269,321385.151398,314892.246871,0.0,0.0,0.0,6371.23,0.0,27780.762227,22.903526
2035-06-30,23,570143.762732,267973.996037,302169.766695,0.0,0.0,0.0,6043.66,0.0,26052.090297,21.884761
2035-07-01,0,552296.959946,260996.428518,291300.531429,0.0,0.0,0.0,5855.16,0.0,25368.850273,21.770674
2035-07-01,1,523793.400874,214039.453065,309753.947809,0.0,0.0,0.0,5679.73,0.0,24937.829022,21.00397
2035-07-01,2,519291.907224,214039.453065,305252.45416,0.0,0.0,0.0,5717.23,0.0,24813.578277,20.927732
2035-07-01,3,516866.45111,212776.567347,304089.883763,0.0,0.0,0.0,5957.54,0.0,24982.185365,20.689401
2035-07-01,4,522263.286689,220704.809155,301558.477535,0.0,0.0,0.0,6442.35,0.0,25427.874763,20.539007
2035-07-01,5,530585.154206,223290.529064,307294.625142,0.0,0.0,0.0,6759.09,0.0,26023.934828,20.388352
2035-07-01,6,553324.863713,243058.305476,310266.558238,0.0,0.0,0.0,6827.02,0.0,26550.914258,20.840144
2035-07-01,7,590124.247071,263676.773333,326447.473738,0.0,0.0,0.0,6826.76,0.0,27290.876307,21.623499
2035-07-01,8,576777.089385,261523.277208,315253.812178,0.0,0.0,0.0,8004.7,0.0,28083.36337,20.538035
2035-07-01,9,536945.630003,233842.339864,303103.29014,0.0,0.0,0.0,9356.28,0.0,28736.47764,18.685158
2035-07-01,10,493758.11442,225932.349369,267825.765051,0.0,0.0,0.0,11555.91,0.0,29280.56664,16.862997
2035-07-01,11,550665.700885,244837.01545,305828.685435,0.0,0.0,0.0,9897.39,0.0,29589.583658,18.61012
2035-07-01,12,569793.483627,243945.056039,325848.427588,0.0,0.0,0.0,8822.42,0.0,29353.097692,19.411699
2035-07-01,13,561283.551551,243945.056039,317338.495512,0.0,0.0,0.0,9135.41,0.0,29352.312384,19.122294
2035-07-01,14,562968.859627,242187.149686,320781.709941,0.0,0.0,0.0,9584.61,0.0,29896.577408,18.830545
2035-07-01,15,559123.659956,242187.149686,316936.51027,0.0,0.0,0.0,10218.21,0.0,30388.346757,18.399279
2035-07-01,16,533548.800005,237496.435397,296052.364607,0.0,0.0,0.0,10696.56,0.0,29975.308957,17.79961
2035-07-01,17,523607.819423,221048.237247,302559.582177,0.0,0.0,0.0,10943.17,0.0,30097.292317,17.397174
2035-07-01,18,520026.885333,225768.75533,294258.130003,0.0,0.0,0.0,11081.63,0.0,29984.38433,17.343257
2035-07-01,19,539625.952926,230662.187799,308963.765128,0.0,0.0,0.0,10260.95,0.0,29751.590224,18.137718
2035-07-01,20,539024.965476,252418.476844,286606.488632,0.0,0.0,0.0,11160.29,0.0,30146.593483,17.880129
2035-07-01,21,512706.696935,232474.906109,280231.790826,0.0,0.0,0.0,11534.41,0.0,29681.197208,17.273788
2035-07-01,22,512810.212165,218477.925761,294332.286404,0.0,0.0,0.0,10426.49,0.0,28999.779871,17.683245
2035-07-01,23,447255.763658,218138.75936,229117.004298,0.0,0.0,0.0,11825.1,0.0,27992.375432,15.977771
2035-07-02,0,413044.806412,240070.179291,172974.627121,0.0,0.0,0.0,13094.8,0.0,27273.641162,15.144469
2035-07-02,1,352343.868013,158760.662688,193583.205325,0.0,0.0,0.0,13713.5,0.0,26817.590205,13.138536
2035-07-02,2,368685.568819,158760.662688,209924.906131,0.0,0.0,0.0,12846.18,0.0,26622.364616,13.848716
2035-07-02,3,397186.039699,187200.085406,209985.954294,0.0,0.0,0.0,12209.52,0.0,26661.472327,14.897378
2035-07-02,4,433998.777961,186800.916685,247197.861276,0.0,0.0,0.0,11361.98,0.0,27156.990002,15.981108
2035-07-02,5,442842.60806,189433.762327,253408.845733,0.0,0.0,0.0,11257.06,0.0,27574.211215,16.060028
2035-07-02,6,472506.306477,224015.376868,248490.929609,0.0,0.0,0.0,10975.01,0.0,27897.079406,16.937483
2035-07-02,7,488148.622141,212337.720072,275810.902069,0.0,0.0,0.0,10600.55,0.0,28408.675774,17.183083
2035-07-02,8,475825.262541,212337.720072,263487.542469,0.0,0.0,0.0,11669.07,0.0,29018.311447,16.397414
2035-07-02,9,478298.857959,212337.720072,265961.137887,0.0,0.0,0.0,12085.08,0.0,29516.503508,16.204455
2035-07-02,10,467861.367932,212337.720072,255523.64786,0.0,0.0,0.0,13332.1,0.0,30334.838002,15.423236
2035-07-02,11,496371.542779,228560.117186,267811.425594,0.0,0.0,0.0,12724.46,0.0,30523.933265,16.261716
2035-07-02,12,506507.995663,216957.471016,289550.524647,0.0,0.0,0.0,11614.54,0.0,30087.471077,16.834515
2035-07-02,13,526548.427768,228791.98328,297756.444488,0.0,0.0,0.0,10901.12,0.0,29943.605923,17.58467
2035-07-02,14,550955.589814,243455.344961,307500.244854,0.0,0.0,0.0,10443.02,0.0,30196.315732,18.245788
2035-07-02,15,560368.910689,242653.695295,317715.215395,0.0,0.0,0.0,10313.6,0.0,30512.931167,18.364965
2035-07-02,16,585708.131241,263797.654528,321910.476713,0.0,0.0,0.0,9377.61,0.0,30012.707829,19.515338
2035-07-02,17,596811.94963,263791.456754,333020.492877,0.0,0.0,0.0,8978.44,0.0,30096.246484,19.830112
2035-07-02,18,598936.880795,263952.060456,334984.820339,0.0,0.0,0.0,8896.56,0.0,30039.201973,19.938508
2035-07-02,19,594650.361317,270859.582604,323790.778713,0.0,0.0,0.0,9024.24,0.0,29770.447137,19.974519
2035-07-02,20,575694.745181,254646.977678,321047.767504,0.0,0.0,0.0,9588.93,0.0,29906.521526,19.249806
2035-07-02,21,521072.942471,251561.273247,269511.669224,0.0,0.0,0.0,11027.43,0.0,29356.105083,17.750071
2035-07-02,22,465039.99607,222359.863163,242680.132906,0.0,0.0,0.0,11805.01,0.0,28538.773571,16.295024
2035-07-02,23,400390.042123,187770.891793,212619.15033,0.0,0.0,0.0,12790.22,0.0,27539.808364,14.538592
2035-07-03,0,370045.941762,187770.891793,182275.049969,0.0,0.0,0.0,13398.88,0.0,26918.222294,13.747042
2035-07-03,1,347767.255984,150762.147761,197005.108222,0.0,0.0,0.0,13675.96,0.0,26633.379767,13.057571
2035-07-03,2,348589.847913,150762.147761,197827.700152,0.0,0.0,0.0,13320.91,0.0,26338.272473,13.235107
2035-07-03,3,368835.864781,164232.843196,204603.021585,0.0,0.0,0.0,13000.93,0.0,26652.050895,13.83893
2035-07-03,4,414834.880104,198795.629018,216039.251086,0.0,0.0,0.0,12350.9,0.0,27181.800862,15.261494
2035-07-03,5,446099.61517,214731.535903,231368.079267,0.0,0.0,0.0,11556.27,0.0,27642.0387,16.138448
2035-07-03,6,523523.746064,245602.474328,277921.271736,0.0,0.0,0.0,9420.56,0.0,27907.959082,18.758941
2035-07-03,7,571737.650923,244236.345119,327501.305803,0.0,0.0,0.0,7859.99,0.0,28328.087306,20.182713
2035-07-03,8,544705.13443,244236.345119,300468.789311,0.0,0.0,0.0,9280.83,0.0,28768.372722,18.934166
2035-07-03,9,501026.12639,222719.340313,278306.786077,0.0,0.0,0.0,10665.98,0.0,28835.317842,17.375433
2035-07-03,10,443375.226835,211888.28643,231486.940406,0.0,0.0,0.0,12723.9,0.0,28847.815782,15.369456
2035-07-03,11,434232.661982,174821.95563,259410.706352,0.0,0.0,0.0,12290.56,0.0,28833.120717,15.060203
2035-07-03,12,425101.51987,174821.95563,250279.56424,0.0,0.0,0.0,12245.48,0.0,28472.243716,14.930384
2035-07-03,13,376124.589368,174821.95563,201302.633738,0.0,0.0,0.0,14116.54,0.0,28479.64298,13.206787
2035-07-03,14,400836.784252,174821.95563,226014.828622,0.0,0.0,0.0,13729.24,0.0,29044.226739,13.800911
2035-07-03,15,417714.097331,177686.317096,240027.780235,0.0,0.0,0.0,13534.57,0.0,29422.410918,14.19714
2035-07-03,16,421194.026997,180244.939718,240949.087279,0.0,0.0,0.0,12996.4,0.0,28925.220551,14.56148
2035-07-03,17,462008.825616,192965.386223,269043.439393,0.0,0.0,0.0,11731.6,0.0,28913.783664,15.978844
2035-07-03,18,505462.716355,230027.783405,275434.93295,0.0,0.0,0.0,10852.99,0.0,28951.180965,17.45914
2035-07-03,19,539281.125454,230024.86297,309256.262484,0.0,0.0,0.0,9365.52,0.0,28800.749944,18.724551
2035-07-03,20,507176.600377,230024.86297,277151.737407,0.0,0.0,0.0,10885.63,0.0,29164.451051,17.390233
2035-07-03,21,459006.370441,230693.010307,228313.360134,0.0,0.0,0.0,12671.51,0.0,28902.19357,15.881368
2035-07-03,22,412741.348264,200979.310955,211762.037309,0.0,0.0,0.0,13644.74,0.0,28260.0112,14.605137
2035-07-03,23,353394.074759,171845.561528,181548.513231,0.0,0.0,0.0,14327.39,0.0,27205.443997,12.989829
2035-07-04,0,326356.87206,163925.271384,162431.600676,0.0,0.0,0.0,14592.33,0.0,26624.118907,12.257941
2035-07-04,1,338690.499181,150720.711543,187969.787638,0.0,0.0,0.0,13876.49,0.0,26491.390021,12.784927
2035-07-04,2,340350.157657,152883.955315,187466.202341,0.0,0.0,0.0,13751.2,0.0,26382.512768,12.900597
2035-07-04,3,401530.152064,195752.327624,205777.82444,0.0,0.0,0.0,12060.46,0.0,26584.214507,15.104082
2035-07-04,4,470819.458958,195373.146623,275446.312336,0.0,0.0,0.0,9751.44,0.0,26985.683321,17.447009
2035-07-04,5,455928.888164,203301.38843,252627.499734,0.0,0.0,0.0,10729.0,0.0,27266.731279,16.721069
2035-07-04,6,438150.098344,203817.770732,234332.327612,0.0,0.0,0.0,11441.32,0.0,27241.599614,16.083861
2035-07-04,7,444378.983597,203273.181159,241105.802437,0.0,0.0,1.621864,11833.72,0.0,27505.838058,16.155806
2035-07-04,8,450196.977285,212129.592835,238067.38445,0.0,0.0,0.0,12315.03,0.0,28219.22765,15.953554
2035-07-04,9,457383.336939,195877.976444,261505.360496,0.0,0.0,0.0,12230.17,0.0,28946.150787,15.80118
2035-07-04,10,470321.248214,233102.508831,237218.739383,0.0,0.0,0.0,12883.46,0.0,29578.31965,15.900878
2035-07-04,11,488368.084736,209934.616268,278433.468468,0.0,0.0,0.0,12323.87,0.0,30313.922652,16.110356
2035-07-04,12,499539.463462,209774.894445,289764.569017,0.0,0.0,0.0,12238.65,0.0,30666.34794,16.2895
2035-07-04,13,484344.539274,209774.894445,274569.644829,0.0,0.0,0.0,13197.81,0.0,31063.246051,15.592206
2035-07-04,14,497759.021982,213565.224805,284193.797177,0.0,0.0,0.0,13238.96,0.0,31533.776525,15.784948
2035-07-04,15,507135.642062,215952.220927,291183.421135,0.0,0.0,0.0,13094.08,0.0,31700.939829,15.997495
2035-07-04,16,509033.533105,220604.964954,288428.56815,0.0,0.0,0.0,12483.19,0.0,31062.868364,16.387203
2035-07-04,17,540154.436091,242051.025634,298103.410456,0.0,0.0,0.0,11682.28,0.0,30950.307811,17.452312
2035-07-04,18,550978.379508,242044.827859,308933.551649,0.0,0.0,0.0,10981.14,0.0,30710.737712,17.940903
2035-07-04,19,562069.275061,242044.827859,320024.447201,0.0,0.0,0.0,10105.81,0.0,30219.084265,18.599812
2035-07-04,20,544646.26504,242044.827859,302601.43718,0.0,0.0,0.0,10824.36,0.0,30331.680796,17.95635
2035-07-04,21,524366.810654,236494.931713,287871.878941,0.0,0.0,0.0,11549.81,0.0,30260.648706,17.32834
2035-07-04,22,519885.615782,223284.721826,296600.893956,0.0,0.0,0.0,11160.02,0.0,29899.008066,17.388056
2035-07-04,23,468204.949728,223284.721826,244920.227902,0.0,0.0,0.0,12114.12,0.0,28932.354526,16.182746
2035-07-05,0,427854.45929,222488.381717,205366.077573,0.0,0.0,0.0,12982.52,0.0,28207.122361,15.168313
2035-07-05,1,398993.762665,185599.163117,213394.599549,0.0,0.0,0.0,13289.34,0.0,27903.74195,14.298934
2035-07-05,2,405316.918372,185574.831333,219742.08704,0.0,0.0,0.0,12842.09,0.0,27751.698539,14.605121
2035-07-05,3,440168.229188,220166.745524,220001.483664,0.0,0.0,0.0,12416.37,0.0,28050.742037,15.691857
2035-07-05,4,489620.991838,236406.940342,253214.051496,0.0,0.0,0.0,11717.27,0.0,28880.593336,16.953287
2035-07-05,5,484628.725694,236399.522168,248229.203526,0.0,0.0,0.0,12567.77,0.0,29584.689003,16.381065
2035-07-05,6,484306.925199,239032.140364,245274.784834,0.0,0.0,0.0,12778.52,0.0,29751.796025,16.278242
2035-07-05,7,504650.732027,239002.544625,265648.187402,0.0,0.0,0.0,12521.11,0.0,30299.251878,16.655551
2035-07-05,8,523692.427249,255968.629039,267723.79821,0.0,0.0,0.0,12695.42,0.0,30900.066874,16.947938
2035-07-05,9,524176.954644,231233.570992,292943.383651,0.0,0.0,0.0,12327.87,0.0,31226.846205,16.7861
2035-07-05,10,532544.356645,244280.175393,288264.181252,0.0,0.0,0.0,12624.31,0.0,31564.98131,16.871366
2035-07-05,11,558860.194163,243615.807391,315244.386772,0.0,0.0,0.0,11948.07,0.0,31978.366896,17.476196
2035-07-05,12,560049.917967,243615.807391,316434.110576,0.0,0.0,0.0,11739.09,0.0,31807.052954,17.607727
2035-07-05,13,510206.303618,243615.807391,266590.496227,0.0,0.0,0.0,13744.43,0.0,31933.061723,15.977369
2035-07-05,14,548971.629563,260069.315099,288902.314464,0.0,0.0,0.0,13339.03,0.0,32657.816486,16.809808
2035-07-05,15,563986.629911,260064.005542,303922.624369,0.0,0.0,0.0,13155.13,0.0,33098.911611,17.039431
2035-07-05,16,546491.841281,264784.523625,281707.317655,0.0,0.0,0.0,13559.99,0.0,32703.958224,16.710266
2035-07-05,17,576557.078596,264754.719831,311802.358765,0.0,0.0,0.0,12432.82,0.0,32721.789479,17.619974
2035-07-05,18,602766.488965,277730.771633,325035.717333,0.0,0.0,0.0,11609.72,0.0,32582.461636,18.499722
2035-07-05,19,622936.559043,277720.21442,345216.344623,0.0,0.0,0.0,10279.42,0.0,32051.462419,19.435511
2035-07-05,20,607868.86434,277720.21442,330148.649919,0.0,0.0,0.0,10786.48,0.0,32040.98026,18.971606
2035-07-05,21,620313.2056,285648.456228,334664.749372,0.0,0.0,0.0,10117.74,0.0,31634.778874,19.608584
2035-07-05,22,622860.69979,285630.204915,337230.494874,0.0,0.0,0.0,9253.13,0.0,30893.689106,20.161422
2035-07-05,23,571806.882736,272664.710326,299142.17241,0.0,0.0,0.0,9698.61,0.0,29683.54104,19.263432
2035-07-06,0,533262.483132,267973.996037,265288.487095,0.0,0.0,0.0,10322.02,0.0,28910.255562,18.445443
2035-07-06,1,487763.139514,225825.128868,261938.010647,0.0,0.0,0.0,10963.27,0.0,28494.93385,17.117539
2035-07-06,2,478881.930214,225825.128868,253056.801347,0.0,0.0,0.0,10947.86,0.0,28146.394537,17.013971
2035-07-06,3,469437.199735,225825.128868,243612.070867,0.0,0.0,0.0,11315.36,0.0,28123.982576,16.691704
2035-07-06,4,470997.897433,225825.128868,245172.768565,0.0,0.0,0.0,11527.96,0.0,28336.287793,16.621722
2035-07-06,5,485315.322327,225825.128868,259490.193459,0.0,0.0,0.0,10809.95,0.0,28223.624077,17.195358
2035-07-06,6,544281.224857,268371.801672,275909.423185,0.0,0.0,0.0,9515.62,0.0,28351.473611,19.197634
2035-07-06,7,595793.202293,267973.996037,327819.206256,0.0,0.0,0.0,8128.43,0.0,29089.155383,20.481626
2035-07-06,8,568618.843983,260064.005542,308554.838441,0.0,0.0,0.0,9725.25,0.0,29870.456712,19.036162
2035-07-06,9,551586.403649,240323.391263,311263.012386,0.0,0.0,0.0,10799.44,0.0,30615.023334,18.016854
2035-07-06,10,546082.824013,260111.411931,285971.412082,0.0,0.0,0.0,12121.41,0.0,31323.674099,17.43355
2035-07-06,11,590048.377002,264784.523625,325263.853376,0.0,0.0,0.0,11179.38,0.0,31991.541419,18.443887
2035-07-06,12,599441.701245,264754.719831,334686.981414,0.0,0.0,0.0,10701.0,0.0,31875.735314,18.80558
2035-07-06,13,597500.683031,264754.719831,332745.963199,0.0,0.0,0.0,10686.24,0.0,31791.332229,18.794452
2035-07-06,14,593203.161668,264754.719831,328448.441837,0.0,0.0,0.0,11220.48,0.0,32152.315154,18.449781
2035-07-06,15,593099.484482,264754.719831,328344.76465,0.0,0.0,0.0,11602.68,0.0,32500.993835,18.248657
2035-07-06,16,574581.120586,264754.719831,309826.400755,0.0,0.0,0.0,11630.97,0.0,31816.242948,18.059364
2035-07-06,17,585887.143965,264754.719831,321132.424133,0.0,0.0,0.0,10538.15,0.0,31158.981482,18.803155
2035-07-06,18,594896.475753,277730.771633,317165.70412,0.0,0.0,0.0,9565.86,0.0,30249.399155,19.66639
2035-07-06,19,615201.566393,277720.21442,337481.351972,0.0,0.0,0.0,8299.93,0.0,29788.9698,20.651992
2035-07-06,20,629220.067032,277720.21442,351499.852612,0.0,0.0,0.0,7613.28,0.0,29649.534104,21.221921
2035-07-06,21,645553.587155,293064.387959,352489.199196,0.0,0.0,0.0,6954.25,0.0,29271.436234,22.054046
2035-07-06,22,660765.154632,293058.159634,367706.994998,0.0,0.0,0.0,5886.98,0.0,28821.785036,22.925893
2035-07-06,23,624609.544226,293058.159634,331551.384592,0.0,0.0,0.0,6283.21,0.0,27888.86211,22.39638
2035-07-07,0,594024.704199,293058.159634,300966.544565,0.0,0.0,0.0,6690.2,0.0,27139.556464,21.887782
2035-07-07,1,537767.51685,232539.707023,305227.809827,0.0,0.0,0.0,7201.94,0.0,26710.482604,20.133201
2035-07-07,2,573882.958697,251165.098848,322717.859849,0.0,0.0,0.0,5938.58,0.0,26273.705093,21.842483
2035-07-07,3,584352.500263,250459.899246,333892.601018,0.0,0.0,0.0,5247.16,0.0,26099.669413,22.389268
2035-07-07,4,587440.503325,250431.863088,337008.640237,0.0,0.0,0.0,4831.34,0.0,25807.833353,22.762101
2035-07-07,5,588847.198941,250431.863088,338415.335853,0.0,0.0,0.0,4186.98,0.0,25228.204806,23.340828
2035-07-07,6,616980.148837,281470.00414,335510.144697,0.0,0.0,0.0,3711.21,0.0,25113.981195,24.567198
2035-07-07,7,642940.32093,281450.574359,361489.74657,0.0,0.0,0.0,3695.61,0.0,26135.703599,24.600077
2035-07-07,8,640373.958341,281450.574359,358923.383982,0.0,0.0,0.0,4993.13,0.0,27342.915539,23.420105
2035-07-07,9,621588.684307,281450.574359,340138.109947,0.0,0.0,0.0,6515.02,0.0,28203.324378,22.039554
2035-07-07,10,578074.775342,260524.140605,317550.634737,0.0,0.0,0.0,8177.7,0.0,28688.419543,20.150109
2035-07-07,11,599666.762159,260524.140605,339142.621554,0.0,0.0,0.0,8325.49,0.0,29475.305329,20.344718
2035-07-07,12,599114.968017,260524.140605,338590.827412,0.0,0.0,0.0,8532.87,0.0,29813.894012,20.09516
2035-07-07,13,613046.272675,280588.832226,332457.440449,0.0,0.0,0.0,8879.39,0.0,30220.658167,20.285669
2035-07-07,14,680994.186056,329533.50455,351460.681506,0.0,0.0,0.0,8196.16,0.0,31011.323739,21.959533
2035-07-07,15,737144.584676,350167.454033,386977.130642,0.0,0.0,0.0,7499.41,0.0,31843.991335,23.148624
2035-07-07,16,755162.081406,383994.813166,371167.26824,0.0,0.0,0.0,7615.14,0.0,31801.588238,23.746049
2035-07-07,17,744776.899571,347305.618665,397471.280905,0.0,0.0,0.0,7235.09,0.0,32109.729437,23.194742
2035-07-07,18,750948.679946,349866.040666,401082.63928,0.0,0.0,0.0,7051.15,0.0,32075.328679,23.412034
2035-07-07,19,752323.336395,365967.585801,386355.750594,0.0,0.0,0.0,6963.68,0.0,31609.350127,23.800658
2035-07-07,20,773739.039265,363541.33813,410197.701135,0.0,0.0,0.0,6138.73,0.0,31722.988256,24.390484
2035-07-07,21,773199.48456,363541.33813,409658.14643,0.0,0.0,0.0,5716.07,0.0,31300.346095,24.702586
2035-07-07,22,768193.590966,361177.553544,407016.037422,0.0,0.0,0.0,5222.08,0.0,30678.167696,25.0404
2035-07-07,23,731531.784512,356486.839255,375044.945257,0.0,0.0,0.0,5188.08,0.0,29365.445787,24.911312
2035-07-08,0,674280.185557,314330.652522,359949.533035,0.0,0.0,0.0,5495.78,0.0,28419.260345,23.726169
2035-07-08,1,626667.211656,286027.212719,340639.998937,0.0,0.0,0.0,5970.43,0.0,27712.179041,22.613422
2035-07-08,2,614048.290428,267973.996037,346074.294391,0.0,0.0,0.0,5655.59,0.0,27266.423521,22.520309
2035-07-08,3,613957.649681,267973.996037,345983.653644,0.0,0.0,0.0,5611.06,0.0,27222.563136,22.553264
2035-07-08,4,630157.679618,290756.60337,339401.076248,0.0,0.0,0.0,5743.41,0.0,27456.806636,22.950873
2035-07-08,5,645800.250454,290717.927008,355082.323446,0.0,0.0,0.0,5464.85,0.0,27823.779015,23.210372
2035-07-08,6,680312.001381,321447.135336,358864.866045,0.0,0.0,0.0,5329.54,0.0,28248.438751,24.083172
2035-07-08,7,700983.880858,321385.151398,379598.72946,0.0,0.0,0.0,5321.35,0.0,29067.720876,24.115543
2035-07-08,8,687656.017301,321385.151398,366270.865903,0.0,0.0,0.0,6567.67,0.0,29883.846978,23.01096
2035-07-08,9,684235.118348,321385.151398,362849.96695,0.0,0.0,0.0,7546.28,0.0,30765.979909,22.239991
2035-07-08,10,678572.981611,321385.151398,357187.830213,0.0,0.0,0.0,8581.43,0.0,31593.571403,21.478198
2035-07-08,11,697512.173857,321385.151398,376127.022459,0.0,0.0,0.0,8744.15,0.0,32456.887282,21.490421
2035-07-08,12,689302.703313,321385.151398,367917.551916,0.0,0.0,0.0,9270.92,0.0,32680.526978,21.092154
2035-07-08,13,685648.604318,329690.4481,355958.156217,0.0,0.0,0.0,9988.74,0.0,33073.303955,20.73118
2035-07-08,14,732365.557604,355583.432578,376782.125026,0.0,0.0,0.0,9222.36,0.0,33484.524034,21.871763
2035-07-08,15,743994.918484,355579.195962,388415.722522,0.0,0.0,0.0,8617.62,0.0,33369.667296,22.295545
2035-07-08,16,732382.016117,355579.195962,376802.820156,0.0,0.0,0.0,8014.66,0.0,32320.225514,22.660177
2035-07-08,17,736221.121534,355579.195962,380641.925572,0.0,0.0,0.0,7157.75,0.0,31620.995944,23.282667
2035-07-08,18,744274.715063,355579.195962,388695.519101,0.0,0.0,0.0,6488.52,0.0,31251.728461,23.815474
2035-07-08,19,742713.437371,363507.437769,379205.999602,0.0,0.0,0.0,6480.24,0.0,30942.093987,24.003335
2035-07-08,20,761126.739699,363489.186456,397637.553243,0.0,0.0,0.0,5950.98,0.0,31135.763745,24.445417
2035-07-08,21,752908.014295,363489.186456,389418.827839,0.0,0.0,0.0,5818.89,0.0,30711.842818,24.515234
2035-07-08,22,699833.775797,337568.719189,362265.056608,0.0,0.0,0.0,6552.54,0.0,30030.125779,23.30439
2035-07-08,23,616540.441816,299459.929242,317080.512573,0.0,0.0,0.0,7819.32,0.0,28967.177242,21.284105
2035-07-09,0,546323.271101,291549.938748,254773.332353,0.0,0.0,0.0,9659.13,0.0,28258.775274,19.332871
2035-07-09,1,465450.663719,196749.190598,268701.47312,0.0,0.0,0.0,10362.49,0.0,27704.187597,16.800733
2035-07-09,2,441713.299193,196749.190598,244964.108595,0.0,0.0,0.0,11030.68,0.0,27490.213213,16.06802
2035-07-09,3,428928.209196,195989.916218,232938.292979,0.0,0.0,0.0,11582.71,0.0,27538.294344,15.5757
2035-07-09,4,436272.736266,195989.916218,240282.820048,0.0,0.0,0.0,11691.47,0.0,27898.471153,15.637873
2035-07-09,5,466987.683941,217921.336148,249066.347793,0.0,0.0,0.0,11517.17,0.0,28339.412161,16.478383
2035-07-09,6,480140.112284,218812.766408,261327.345877,0.0,0.0,0.0,11222.84,0.0,28656.547746,16.754988
2035-07-09,7,514880.315698,218674.412754,296205.902944,0.0,0.0,0.0,10518.79,0.0,29239.882057,17.608837
2035-07-09,8,505281.676804,218674.412754,286607.264051,0.0,0.0,0.0,11546.39,0.0,29910.119203,16.893335
2035-07-09,9,520589.600586,231416.227426,289173.37316,0.0,0.0,0.0,11844.0,0.0,30540.088988,17.046106
2035-07-09,10,547580.184392,251791.337571,295788.846821,0.0,0.0,0.0,12413.63,0.0,31726.285364,17.259511
2035-07-09,11,603448.79908,285675.875478,317772.923602,0.0,0.0,0.0,11491.36,0.0,32277.730976,18.695515
2035-07-09,12,619207.296328,285630.204915,333577.091412,0.0,0.0,0.0,10963.43,0.0,32465.3891,19.072844
2035-07-09,13,637289.986614,321445.450692,315844.535922,0.0,0.0,0.0,11601.38,0.0,32930.006303,19.352866
2035-07-09,14,736014.469465,363525.142479,372489.326986,0.0,0.0,0.0,9343.19,0.0,33468.266542,21.991413
2035-07-09,15,771851.544341,363489.186456,408362.357885,0.0,0.0,0.0,8236.44,0.0,33781.966013,22.848035
2035-07-09,16,777659.102324,379732.324095,397926.778229,0.0,0.0,0.0,7815.22,0.0,33160.027434,23.451703
2035-07-09,17,823046.894973,408887.46216,414159.432813,0.0,0.0,0.0,7069.01,0.0,33421.742726,24.626092
2035-07-09,18,844051.53691,408683.988047,435367.548863,0.0,0.0,0.0,6233.97,0.0,33426.434715,25.251019
2035-07-09,19,843299.563123,408683.988047,434615.575076,0.0,0.0,0.0,5861.61,0.0,32989.185663,25.562909
2035-07-09,20,844311.501988,408683.988047,435627.513941,0.0,0.0,0.0,5838.05,0.0,33027.711324,25.56373
2035-07-09,21,798013.377477,408683.988047,389329.38943,0.0,0.0,0.0,6930.63,0.0,32461.365827,24.583481
2035-07-09,22,689981.727204,353804.438654,336177.28855,0.0,0.0,0.0,8983.2,0.0,31677.135304,21.781696
2035-07-09,23,592271.022308,288900.429791,303370.592517,0.0,0.0,0.0,10043.86,0.0,30416.008864,19.472345
2035-07-10,0,550730.865873,272664.710326,278066.155547,0.0,0.0,0.0,10333.23,0.0,29497.85231,18.670202
2035-07-10,1,513120.136793,219927.283461,293192.853332,0.0,0.0,0.0,10392.87,0.0,28956.906401,17.72013
2035-07-10,2,516514.51035,219927.283461,296587.226888,0.0,0.0,0.0,9921.47,0.0,28523.154303,18.108604
2035-07-10,3,533627.370929,241858.703392,291768.667537,0.0,0.0,0.0,9683.34,0.0,28588.03762,18.666107
2035-07-10,4,550617.329483,242750.133651,307867.195831,0.0,0.0,0.0,9408.52,0.0,29056.691037,18.94976
2035-07-10,5,570197.489021,251100.052786,319097.436235,0.0,0.0,0.0,8983.61,0.0,29209.239238,19.521135
2035-07-10,6,624074.807641,298550.901037,325523.906604,0.0,0.0,0.0,8125.45,0.0,29382.105807,21.239962
2035-07-10,7,680641.344991,313870.335238,366771.009753,0.0,0.0,0.0,7089.92,0.0,30243.862272,22.505107
2035-07-10,8,694353.508916,318036.113077,376317.395839,0.0,0.0,0.0,7605.09,0.0,31205.325899,22.251122
2035-07-10,9,712033.162132,338653.841199,373379.320933,0.0,0.0,0.0,8304.55,0.0,31909.368785,22.314235
2035-07-10,10,732373.194489,385516.614247,346856.580242,0.0,0.0,0.0,9594.74,0.0,32796.574727,22.330783
2035-07-10,11,816619.022676,411138.587423,405480.435253,0.0,0.0,0.0,7784.62,0.0,33620.726765,24.289154
2035-07-10,12,811126.455743,389794.242164,421332.213579,0.0,0.0,0.0,7404.0,0.0,33642.338447,24.110288
2035-07-10,13,787234.536149,385103.527874,402131.008274,0.0,0.0,0.0,7992.17,0.0,33563.391884,23.455154
2035-07-10,14,808499.750687,395076.371363,413423.379323,0.0,0.0,0.0,7970.54,0.0,33893.512313,23.854115
2035-07-10,15,810155.336958,395050.784805,415104.552153,0.0,0.0,0.0,8148.7,0.0,34151.366889,23.722486
2035-07-10,16,774185.114711,390906.814799,383278.299912,0.0,0.0,0.0,8799.6,0.0,33600.667574,23.040766
2035-07-10,17,756962.049454,356407.651109,400554.398345,0.0,0.0,0.0,7757.65,0.0,32882.062649,23.020516
2035-07-10,18,767425.312002,360350.189919,407075.122083,0.0,0.0,0.0,6587.22,0.0,32031.911255,23.958149
2035-07-10,19,792406.564178,379673.848759,412732.715419,0.0,0.0,0.0,5563.2,0.0,31435.730138,25.207195
2035-07-10,20,805167.166558,379583.4716,425583.694958,0.0,0.0,3.774352,4824.41,0.0,31245.349411,25.769184
2035-07-10,21,804246.863602,379583.4716,424663.392002,0.0,0.0,0.0,4068.55,0.0,30496.209602,26.372027
2035-07-10,22,775668.47771,377069.934684,398598.543026,0.0,0.0,0.0,4069.97,0.0,29508.930892,26.285889
2035-07-10,23,737438.589652,357439.714733,379998.874919,0.0,0.0,0.0,3803.59,0.0,28182.528165,26.166517
2035-07-11,0,712384.224432,357348.544442,355035.67999,0.0,0.0,0.0,3772.13,0.0,27225.424895,26.166138
2035-07-11,1,659375.665806,298137.215689,361238.450117,0.0,0.0,0.0,3875.24,0.0,26663.754707,24.729288
2035-07-11,2,667000.421107,298137.215689,368863.205418,0.0,0.0,0.0,3241.61,0.0,26310.341812,25.351264
2035-07-11,3,696176.614591,324061.919573,372114.695018,0.0,0.0,0.0,2852.16,0.0,26380.625865,26.389693
2035-07-11,4,730380.035703,344604.654585,385775.381118,0.0,0.0,0.0,2565.78,0.0,26922.314671,27.129169
2035-07-11,5,768811.340942,359918.584906,408892.756036,0.0,0.0,0.0,1902.14,0.0,27393.484896,28.065481
2035-07-11,6,773000.359186,359912.356582,413088.002604,0.0,0.0,0.0,1853.13,0.0,27557.481061,28.050472
2035-07-11,7,770571.076608,359912.356582,410658.720026,0.0,0.0,0.0,2388.38,0.0,28008.893655,27.511657
2035-07-11,8,762693.463624,359912.356582,402781.107042,0.0,0.0,0.0,3233.95,0.0,28564.241153,26.700988
2035-07-11,9,746864.157614,344574.411368,402289.746246,0.0,0.0,0.0,4402.85,0.0,29440.149203,25.368899
2035-07-11,10,724027.00486,344574.411368,379452.593492,0.0,0.0,0.0,6163.63,0.0,30360.058956,23.848011
2035-07-11,11,678390.823583,328338.691903,350052.13168,0.0,0.0,0.0,8384.11,0.0,31246.004582,21.711282
2035-07-11,12,607251.39883,295773.431103,311477.967728,0.0,0.0,0.0,10505.69,0.0,31394.823425,19.342405
2035-07-11,13,517750.701636,243615.807391,274134.894244,0.0,0.0,0.0,12980.31,0.0,31471.199396,16.451572
2035-07-11,14,531767.462226,243615.807391,288151.654835,0.0,0.0,0.0,12908.65,0.0,31920.517203,16.659112
2035-07-11,15,547950.360156,243615.807391,304334.552765,0.0,0.0,0.0,12757.39,0.0,32355.895114,16.935101
2035-07-11,16,562630.785333,264789.833182,297840.952151,0.0,0.0,0.0,12205.68,0.0,31916.172725,17.628391
2035-07-11,17,616611.342287,285659.01344,330952.328847,0.0,0.0,0.0,10896.88,0.0,32189.069214,19.155923
2035-07-11,18,656792.466438,306101.277154,350691.189284,0.0,0.0,0.0,9822.89,0.0,32226.312735,20.380627
2035-07-11,19,708348.321221,341938.351351,366409.96987,0.0,0.0,0.0,8299.67,0.0,31815.591715,22.264188
2035-07-11,20,760500.237837,367826.583694,392673.654143,0.0,0.0,0.0,6927.94,0.0,31907.600532,23.834454
2035-07-11,21,811406.874699,401774.188662,409632.686037,0.0,0.0,0.0,5068.09,0.0,31164.375151,26.036359
2035-07-11,22,833970.626166,401730.633101,432239.993065,0.0,0.0,0.0,3040.25,0.0,30073.333027,27.731234
2035-07-11,23,815965.148049,401730.633101,414234.514947,0.0,0.0,0.0,2310.43,0.0,28691.731593,28.439035
2035-07-12,0,782749.93914,371814.915427,410935.023713,0.0,0.0,0.0,1856.21,0.0,27683.867156,28.274588
2035-07-12,1,766194.527395,359912.356582,406282.170813,0.0,0.0,0.0,1649.53,0.0,27108.574519,28.263918
2035-07-12,2,748790.405726,344574.411368,404215.994358,0.0,0.0,0.0,1590.33,0.0,26698.418623,28.046246
2035-07-12,3,751442.157833,344574.411368,406867.746465,0.0,0.0,0.0,1655.53,0.0,26859.812159,27.976449
2035-07-12,4,801978.801757,393870.426491,408108.375266,0.0,0.0,0.0,1741.34,0.0,27616.34413,29.040006
2035-07-12,5,847241.565278,408871.052274,438370.513004,0.0,0.0,0.0,1128.42,0.0,28382.294776,29.851059
2035-07-12,6,889888.004182,433893.244516,455994.759666,0.0,0.0,0.0,771.17,0.0,28788.152267,30.911605
2035-07-12,7,898668.3236,433885.323721,464782.999879,0.0,0.0,0.0,907.38,0.0,29449.272776,30.515807
2035-07-12,8,893356.852061,433885.323721,459471.528339,0.0,0.0,0.0,1826.06,0.0,30240.290893,29.54194
2035-07-12,9,879677.427735,433885.323721,445792.104014,0.0,0.0,0.0,2880.23,0.0,30840.328549,28.523608
2035-07-12,10,840441.891737,425975.333226,414466.558511,0.0,0.0,0.0,4622.26,0.0,31335.285313,26.820943
2035-07-12,11,776860.85139,371814.915427,405045.935963,0.0,0.0,0.0,5993.4,0.0,31617.211127,24.570822
2035-07-12,12,729909.454153,355579.195962,374330.258191,0.0,0.0,0.0,7273.89,0.0,31516.849158,23.159341
2035-07-12,13,681145.574923,317756.169849,363389.405074,0.0,0.0,0.0,8196.75,0.0,31415.56139,21.681789
2035-07-12,14,659085.459686,313475.160903,345610.298783,0.0,0.0,0.0,9125.61,0.0,31609.57925,20.850814
2035-07-12,15,635582.368305,295421.944221,340160.424084,0.0,0.0,0.0,10023.6,0.0,31991.805564,19.867036
2035-07-12,16,626928.334198,295421.944221,331506.389977,0.0,0.0,0.0,9952.75,0.0,31594.900781,19.842706
2035-07-12,17,664521.751641,313484.033471,351037.71817,0.0,0.0,0.0,8884.68,0.0,31522.535878,21.080847
2035-07-12,18,675112.252062,313475.160903,361637.091159,0.0,0.0,0.0,8081.9,0.0,31158.434759,21.667079
2035-07-12,19,682151.246027,317778.994893,364372.251134,0.0,0.0,0.0,7257.36,0.0,30492.82298,22.370879
2035-07-12,20,726174.771066,343680.873734,382493.897332,0.0,0.0,0.0,6159.6,0.0,30419.398952,23.872095
2035-07-12,21,764650.606414,363516.332131,401134.274283,0.0,0.0,0.0,4643.25,0.0,29894.56874,25.578245
2035-07-12,22,775667.940944,363489.186456,412178.754488,0.0,0.0,0.0,3272.0,0.0,28984.27316,26.761683
2035-07-12,23,745195.76161,363489.186456,381706.575153,0.0,0.0,0.0,3116.16,0.0,27727.878672,26.875325
2035-07-13,0,708641.019895,343676.637117,364964.382778,0.0,0.0,0.0,3054.01,0.0,26743.974049,26.497222
2035-07-13,1,666788.129897,298137.215689,368650.914208,0.0,0.0,0.0,3090.98,0.0,26152.01085,25.496629
2035-07-13,2,664138.832703,298137.215689,366001.617014,0.0,0.0,0.0,2727.35,0.0,25690.717922,25.851315
2035-07-13,3,666531.691154,298137.215689,368394.475465,0.0,0.0,0.0,2600.58,0.0,25648.411421,25.98725
2035-07-13,4,693941.362339,324061.919573,369879.442766,0.0,0.0,0.0,2570.98,0.0,26017.010249,26.672602
2035-07-13,5,716116.993898,324057.682956,392059.310942,0.0,0.0,0.0,1943.81,0.0,26277.420372,27.25218
2035-07-13,6,768253.981629,371860.281331,396393.700298,0.0,0.0,0.0,1595.33,0.0,26665.16757,28.811144
2035-07-13,7,790041.666909,371814.915427,418226.751482,0.0,0.0,0.0,1708.03,0.0,27764.408709,28.455195
2035-07-13,8,793344.927858,371814.915427,421530.012431,0.0,0.0,0.0,2688.05,0.0,28861.737766,27.487774
2035-07-13,9,777667.858638,371814.915427,405852.943211,0.0,0.0,0.0,3844.58,0.0,29493.716657,26.367238
2035-07-13,10,740235.650956,355631.347636,384604.303321,0.0,0.0,0.0,5476.54,0.0,30059.683475,24.62553
2035-07-13,11,685283.931018,329710.880368,355573.05065,0.0,0.0,0.0,7230.09,0.0,30315.914714,22.604759
2035-07-13,12,597932.141228,298137.215689,299794.925539,0.0,0.0,0.0,9195.34,0.0,29687.698789,20.140737
2035-07-13,13,486445.972297,243615.807391,242830.164905,0.0,0.0,0.0,12068.19,0.0,29374.114679,16.560362
2035-07-13,14,464236.09575,201055.291105,263180.804645,0.0,0.0,0.0,12533.16,0.0,29631.990008,15.66672
2035-07-13,15,466531.54214,201055.291105,265476.251035,0.0,0.0,0.0,12909.06,0.0,30067.337458,15.516224
2035-07-13,16,469120.795086,235647.205296,233473.58979,0.0,0.0,0.0,13049.05,0.0,29707.276134,15.791444
2035-07-13,17,509560.03201,235644.262475,273915.769534,0.0,0.0,0.0,11639.79,0.0,29892.54115,17.046394
2035-07-13,18,544770.715176,243676.717865,301093.99731,0.0,0.0,0.0,10579.36,0.0,29986.119194,18.16743
2035-07-13,19,594201.37514,277765.884983,316435.490157,0.0,0.0,0.0,9171.49,0.0,29733.117777,19.984496
2035-07-13,20,660695.724414,317839.294188,342856.430226,0.0,0.0,0.0,7646.97,0.0,29940.432481,22.067007
2035-07-13,21,735102.22572,353839.002502,381263.223218,0.0,0.0,0.0,5424.65,0.0,29668.543457,24.777159
2035-07-13,22,754809.604086,353804.438654,401005.165432,0.0,0.0,0.0,4142.91,0.0,29255.459255,25.800641
2035-07-13,23,730579.305939,353804.438654,376774.867285,0.0,0.0,0.0,3987.74,0.0,28231.766395,25.877917
2035-07-14,0,691007.861911,325666.160344,365341.701567,0.0,0.0,0.0,4029.45,0.0,27390.65569,25.227869
2035-07-14,1,664398.478844,299209.249398,365189.229446,0.0,0.0,0.0,4137.31,0.0,26938.56294,24.663471
2035-07-14,2,652571.795576,291198.745129,361373.050447,0.0,0.0,0.0,3910.05,0.0,26464.457715,24.658423
2035-07-14,3,642697.731635,280083.999007,362613.732628,0.0,0.0,0.0,3706.44,0.0,26199.026075,24.53136
2035-07-14,4,636759.301918,280083.999007,356675.302911,0.0,0.0,0.0,3635.51,0.0,25909.249428,24.576524
2035-07-14,5,640209.127379,278652.637396,361556.489983,0.0,0.0,0.0,2925.21,0.0,25354.442687,25.250373
2035-07-14,6,665545.947515,298987.626768,366558.320747,0.0,0.0,0.0,2317.2,0.0,25221.925243,26.387595
2035-07-14,7,714181.279259,332786.50149,381394.777769,0.0,0.0,0.0,2030.7,0.0,25959.583713,27.511276
2035-07-14,8,726251.60012,332764.01356,393487.58656,0.0,0.0,0.0,2352.38,0.0,26833.049144,27.065564
2035-07-14,9,708766.679604,324057.682956,384708.996647,0.0,0.0,0.0,3229.6,0.0,27307.428115,25.955087
2035-07-14,10,666415.267834,324057.682956,342357.584878,0.0,0.0,0.0,4788.62,0.0,27297.390185,24.41315
2035-07-14,11,622253.489398,282415.752708,339837.736689,0.0,0.0,0.0,6120.31,0.0,27612.029945,22.535594
2035-07-14,12,577658.706205,277710.619806,299948.086399,0.0,0.0,0.0,7489.16,0.0,27436.382886,21.054478
2035-07-14,13,501279.047066,214037.947176,287241.09989,0.0,0.0,0.0,8917.62,0.0,27529.920526,18.208518
2035-07-14,14,485379.325572,197304.109093,288075.216478,0.0,0.0,0.0,9653.82,0.0,27959.561628,17.360048
2035-07-14,15,493292.979426,204781.782942,288511.196484,0.0,0.0,0.0,10065.44,0.0,28459.492875,17.333161
2035-07-14,16,491440.45772,220785.690218,270654.767502,0.0,0.0,0.0,10523.0,0.0,28497.662001,17.24494
2035-07-14,17,554126.880154,254029.964871,300096.915283,0.0,0.0,0.0,9360.65,0.0,28975.260327,19.124138
2035-07-14,18,589752.711033,265912.399583,323840.311449,0.0,0.0,0.0,8362.45,0.0,29114.899257,20.256045
2035-07-14,19,630162.607166,298661.624044,331500.983122,0.0,0.0,0.0,7381.8,0.0,28895.897537,21.80803
2035-07-14,20,689872.127973,325392.82064,364479.307333,0.0,0.0,0.0,5955.78,0.0,29233.34763,23.598807
2035-07-14,21,718149.370082,325377.719748,392771.650334,0.0,0.0,0.0,4497.32,0.0,28889.779657,24.85825
2035-07-14,22,716144.827673,333305.961555,382838.866118,0.0,0.0,0.0,3981.41,0.0,28097.914117,25.487473
2035-07-14,23,693302.15181,317949.765029,375352.386782,0.0,0.0,0.0,3547.39,0.0,27152.343198,25.533787
2035-07-15,0,673963.13175,315585.980442,358377.151308,0.0,0.0,0.0,3489.21,0.0,26429.711025,25.500208
2035-07-15,1,635404.586928,277720.21442,357684.372508,0.0,0.0,0.0,3699.1,0.0,25975.525936,24.461664
2035-07-15,2,638951.446774,277720.21442,361231.232354,0.0,0.0,0.0,3356.22,0.0,25766.697813,24.797568
2035-07-15,3,660397.158068,295782.303671,364614.854397,0.0,0.0,5.79796,3021.84,0.0,25822.670872,25.574317
2035-07-15,4,697050.253448,321698.134987,375352.118461,0.0,0.0,0.0,2684.15,0.0,26285.727463,26.518203
2035-07-15,5,732745.563508,336334.957156,396410.606351,0.0,0.0,0.0,2219.0,0.0,26835.773936,27.304805
2035-07-15,6,767762.059086,363504.309143,404257.749943,0.0,0.0,0.0,1972.95,0.0,27305.369628,28.117622
2035-07-15,7,787083.856436,363489.186456,423594.669979,0.0,0.0,0.0,2098.09,0.0,28185.498817,27.925135
2035-07-15,8,785304.457026,363489.186456,421815.27057,0.0,0.0,0.0,3007.21,0.0,29032.225451,27.049406
2035-07-15,9,769590.636911,363489.186456,406101.450454,0.0,0.0,0.0,4318.44,0.0,29817.146031,25.810339
2035-07-15,10,746053.238666,359208.17751,386845.061156,0.0,0.0,0.0,5781.87,0.0,30508.445599,24.45399
2035-07-15,11,716767.706231,325377.719748,391389.986483,0.0,0.0,11.227663,6633.83,0.0,30913.234239,23.186435
2035-07-15,12,686034.775716,325377.719748,360657.055968,0.0,0.0,0.0,7472.44,0.0,30720.488706,22.331506
2035-07-15,13,656878.656908,296354.367196,360524.289711,0.0,0.0,0.0,8090.3,0.0,30820.184329,21.313262
2035-07-15,14,685094.903516,322208.615388,362886.288128,0.0,0.0,0.0,8177.87,0.0,31340.330322,21.859849
2035-07-15,15,696163.95622,322181.491507,373982.464713,0.0,0.0,0.0,8180.85,0.0,31825.481142,21.87442
2035-07-15,16,709297.439786,339436.510613,369860.929173,0.0,0.0,0.0,7785.41,0.0,31436.028606,22.563201
2035-07-15,17,786948.154171,395392.161191,391555.992981,0.0,0.0,0.0,6920.4,0.0,31940.889478,24.637641
2035-07-15,18,814277.077914,395326.043483,418951.034431,0.0,0.0,0.0,6142.17,0.0,32269.280353,25.233816
2035-07-15,19,827794.937655,411541.33068,416253.606974,0.0,0.0,0.0,5756.4,0.0,31962.522459,25.898924
2035-07-15,20,846396.244631,411509.611274,434886.633357,0.0,0.0,9.269326,5331.93,0.0,32241.999387,26.251357
2035-07-15,21,820081.568614,411509.611274,408571.95734,0.0,0.0,0.0,5695.48,0.0,31747.405355,25.831452
2035-07-15,22,761227.359058,385201.530191,376025.828867,0.0,0.0,0.0,6725.18,0.0,31069.897051,24.500479
2035-07-15,23,697825.616792,342035.515462,355790.101329,0.0,0.0,0.0,7177.26,0.0,30108.337514,23.177155
2035-07-16,0,621732.815162,293878.051704,327854.763459,0.0,0.0,0.0,7963.03,0.0,29378.542213,21.16282
2035-07-16,1,579632.421404,256216.512176,323415.909228,0.0,0.0,0.0,8220.84,0.0,28762.841243,20.152127
2035-07-16,2,574473.748494,248219.222596,326254.525898,0.0,0.0,0.0,7947.11,0.0,28413.488377,20.218346
2035-07-16,3,587014.284132,264672.730304,322341.553828,0.0,0.0,0.0,7766.82,0.0,28375.422052,20.68742
2035-07-16,4,605512.420303,264667.420747,340844.999556,0.0,0.0,0.0,7514.33,0.0,28862.134329,20.979475
2035-07-16,5,605431.681538,264667.420747,340764.260791,0.0,0.0,12.618851,7950.93,0.0,29309.317137,20.656629
2035-07-16,6,601940.609842,268162.718853,333777.89099,0.0,0.0,0.0,8446.11,0.0,29606.421721,20.331421
2035-07-16,7,608724.856327,267973.996037,340750.86029,0.0,0.0,0.089797,8913.74,0.0,30351.481634,20.055853
2035-07-16,8,581916.986783,267973.996037,313942.990746,0.0,0.0,0.0,10830.08,0.0,31245.997818,18.623729
2035-07-16,9,562844.796266,248233.381758,314611.414508,0.0,0.0,0.0,11965.17,0.0,31923.826236,17.630869
2035-07-16,10,562572.348766,257220.835777,305351.512989,0.0,0.0,0.0,13110.39,0.0,32911.099597,17.093697
2035-07-16,11,577951.964551,257012.852285,320939.112266,0.0,0.0,0.0,12861.74,0.0,33311.934275,17.349697
2035-07-16,12,568620.889613,257012.852285,311608.037329,0.0,0.0,0.0,12966.66,0.0,33059.448598,17.199951
2035-07-16,13,528040.646673,243149.261783,284891.38489,0.0,0.0,0.0,14098.55,0.0,32950.921576,16.025065
2035-07-16,14,551919.090361,247869.779866,304049.310495,0.0,0.0,0.0,13454.98,0.0,33107.29368,16.670619
2035-07-16,15,563601.632261,247839.976072,315761.656189,0.0,0.0,0.0,13128.18,0.0,33226.230202,16.962551
2035-07-16,16,550746.45363,264293.48378,286452.96985,0.0,0.0,0.0,13526.4,0.0,32705.327261,16.839656
2035-07-16,17,591721.976082,273971.809896,317750.166186,0.0,0.0,0.0,12518.74,0.0,33016.351257,17.922089
2035-07-16,18,639572.855427,301467.14509,338105.710337,0.0,0.0,0.0,11465.12,0.0,33190.452375,19.269784
2035-07-16,19,659810.147224,301399.378772,358410.768452,0.0,0.0,0.0,10187.5,0.0,32774.737917,20.131668
2035-07-16,20,654915.854698,301399.378772,353516.475925,0.0,0.0,0.0,10480.5,0.0,32919.740416,19.89432
2035-07-16,21,676562.93543,322045.143052,354517.792378,0.0,0.0,0.0,9857.8,0.0,32452.614028,20.847718
2035-07-16,22,670005.429977,322019.556494,347985.873483,0.0,0.0,0.0,9352.89,0.0,31668.0063,21.157171
2035-07-16,23,633828.245583,309054.061905,324774.183679,0.0,0.0,0.0,9209.04,0.0,30492.285799,20.786511
2035-07-17,0,593808.865312,272198.164718,321610.700594,0.0,0.0,0.0,9039.45,0.0,29853.69573,19.890632
2035-07-17,1,592469.720053,267507.450429,324962.269625,0.0,0.0,0.0,8738.52,0.0,29579.799467,20.029538
2035-07-17,2,570594.36704,267507.450429,303086.916612,0.0,0.0,0.0,9365.45,0.0,29390.427359,19.414293
2035-07-17,3,535646.322032,239319.363869,296326.958163,0.0,0.0,0.0,10460.77,0.0,29596.182653,18.098494
2035-07-17,4,544701.015054,242827.540887,301873.474167,0.0,0.0,0.0,10908.9,0.0,30048.695971,18.127276
2035-07-17,5,530361.204273,242820.122714,287541.081559,0.0,0.0,0.0,11543.78,0.0,30272.675451,17.519469
2035-07-17,6,519332.317221,242060.848333,277271.468888,0.0,0.0,0.0,12013.26,0.0,30297.241968,17.141241
2035-07-17,7,535575.574039,242060.848333,293514.725705,0.0,0.0,0.0,11873.09,0.0,30783.541539,17.398114
2035-07-17,8,526989.989786,242060.848333,284929.141453,0.0,0.0,0.0,12779.47,0.0,31397.502649,16.784456
2035-07-17,9,521355.870202,242060.848333,279295.021869,0.0,0.0,0.0,13268.25,0.0,31669.055285,16.462628
2035-07-17,10,486473.090928,218812.766408,267660.32452,0.0,0.0,0.0,14311.53,0.0,31934.378406,15.233523
2035-07-17,11,499491.694879,218674.412754,280817.282125,0.0,0.0,0.0,14097.27,0.0,32223.075512,15.501056
2035-07-17,12,493046.557456,218674.412754,274372.144702,0.0,0.0,0.0,14114.08,0.0,31994.046559,15.410572
2035-07-17,13,462543.535256,218674.412754,243869.122503,0.0,0.0,0.0,15041.58,0.0,31773.929515,14.557329
2035-07-17,14,495837.331303,235206.557786,260630.773517,0.0,0.0,0.0,14361.77,0.0,32058.138242,15.466816
2035-07-17,15,524791.73437,235177.716867,289614.017503,0.0,0.0,0.0,13644.6,0.0,32502.728822,16.146082
2035-07-17,16,550243.690541,260294.616604,289949.073937,0.0,0.0,0.0,12901.22,0.0,32192.845869,17.092111
2035-07-17,17,596776.424586,277760.575427,319015.849159,0.0,0.0,0.0,11724.43,0.0,32479.601586,18.373884
2035-07-17,18,631551.35158,293963.352059,337587.999521,0.0,0.0,0.0,10927.82,0.0,32614.202523,19.364305
2035-07-17,19,643482.228347,293955.933886,349526.294461,0.0,0.0,0.0,10089.99,0.0,32266.505788,19.94273
2035-07-17,20,622998.199783,301884.175693,321114.02409,0.0,0.0,0.0,11221.27,0.0,32436.324698,19.206806
2035-07-17,21,582966.632295,280450.753765,302515.87853,0.0,0.0,0.0,11953.57,0.0,32054.142646,18.186936
2035-07-17,22,584578.344928,259323.426827,325254.918101,0.0,0.0,0.0,10985.33,0.0,31359.974413,18.640906
2035-07-17,23,510792.865152,259323.426827,251469.438325,0.0,0.0,0.0,12517.5,0.0,30211.48841,16.907239
2035-07-18,0,472689.949276,259323.426827,213366.522449,0.0,0.0,0.0,13466.06,0.0,29578.480095,15.980874
2035-07-18,1,441206.887789,204549.087877,236657.799911,0.0,0.0,0.0,13499.87,0.0,29253.414072,15.082236
2035-07-18,2,435797.292981,204549.087877,231248.205104,0.0,0.0,0.0,13456.89,0.0,28989.640923,15.032863
2035-07-18,3,450753.398361,220487.937582,230265.460778,0.0,0.0,0.0,13246.22,0.0,29219.710016,15.426347
2035-07-18,4,485530.436861,236727.85543,248802.581431,0.0,0.0,0.0,12773.3,0.0,29733.31288,16.32951
2035-07-18,5,483554.026025,236720.437257,246833.588768,0.0,0.0,0.0,13063.74,0.0,30027.07139,16.103936
2035-07-18,6,488670.331353,239353.055453,249317.2759,0.0,0.0,0.0,13004.56,0.0,30134.47391,16.216322
2035-07-18,7,512351.434584,239323.459713,273027.974871,0.0,0.0,0.0,12633.05,0.0,30706.167772,16.68562
2035-07-18,8,514729.082433,241906.41412,272822.668313,0.0,0.0,0.0,13171.79,0.0,31306.903015,16.441393
2035-07-18,9,512638.50194,217739.335992,294899.165948,0.0,0.0,0.0,13074.7,0.0,31554.719849,16.246017
2035-07-18,10,490688.40561,218636.964026,272051.441584,0.0,0.0,0.0,14040.5,0.0,31823.714153,15.418955
2035-07-18,11,504585.94711,218498.610372,286087.336737,0.0,0.0,0.0,13815.4,0.0,32132.281269,15.703396
2035-07-18,12,496294.500185,218498.610372,277795.889812,0.0,0.0,0.0,13984.93,0.0,31968.96476,15.524259
2035-07-18,13,475990.637955,218498.610372,257492.027582,0.0,0.0,0.0,14818.42,0.0,32028.411423,14.861513
2035-07-18,14,508494.583344,239728.697834,268765.88551,0.0,0.0,0.0,14424.17,0.0,32472.383882,15.659293
2035-07-18,15,524308.423655,239681.043273,284627.380381,0.0,0.0,0.0,14072.28,0.0,32821.607265,15.97449
2035-07-18,16,554038.390651,264820.518664,289217.871987,0.0,0.0,0.0,13150.57,0.0,32478.449844,17.058646
2035-07-18,17,602354.894341,277554.969252,324799.92509,0.0,0.0,0.0,11907.44,0.0,32871.431258,18.324572
2035-07-18,18,647762.628832,311849.638928,335912.989904,0.0,0.0,0.0,11199.66,0.0,33086.402785,19.57791
2035-07-18,19,666403.556891,311833.348187,354570.208704,0.0,0.0,0.0,10035.0,0.0,32717.170408,20.368618
2035-07-18,20,646629.221858,319761.589994,326867.631864,0.0,0.0,0.0,11273.52,0.0,32999.133061,19.59534
2035-07-18,21,562603.83833,275595.822596,287008.015734,0.0,0.0,0.0,13208.09,0.0,32532.549863,17.293567
2035-07-18,22,532598.277745,258204.725549,274393.552196,0.0,0.0,0.0,13066.88,0.0,31620.560523,16.843417
2035-07-18,23,484636.188243,225520.807933,259115.38031,0.0,0.0,0.0,13094.08,0.0,30415.731401,15.933734
2035-07-19,0,465654.20776,225520.807933,240133.399827,0.0,0.0,0.0,13000.33,0.0,29648.987589,15.705569
2035-07-19,1,461919.166724,220356.199238,241562.967486,0.0,0.0,0.0,12741.7,0.0,29263.124787,15.785025
2035-07-19,2,451495.963294,220356.199238,231139.764056,0.0,0.0,0.0,12864.23,0.0,28980.252229,15.579435
2035-07-19,3,458658.561012,220356.199238,238302.361774,0.0,0.0,0.0,12950.53,0.0,29234.550823,15.688921
2035-07-19,4,502506.677539,240771.343039,261735.3345,0.0,0.0,0.0,12515.3,0.0,29948.618251,16.77896
2035-07-19,5,511366.848006,256060.657788,255306.190218,0.0,0.0,0.0,12960.41,0.0,30548.132459,16.739709
2035-07-19,6,521825.278562,255619.502148,266205.776414,0.0,0.0,0.0,12945.95,0.0,30899.639887,16.887746
2035-07-19,7,539041.903958,258645.757673,280396.146285,0.0,0.0,0.0,12656.26,0.0,31378.627692,17.178632
2035-07-19,8,537323.98588,255013.416456,282310.569424,0.0,0.0,0.0,13007.96,0.0,31796.766281,16.898699
2035-07-19,9,543677.465869,254620.006572,289057.459297,0.0,0.0,0.0,12922.11,0.0,31985.024525,16.997876
2035-07-19,10,523412.161437,238496.767967,284915.393471,0.0,0.0,0.0,13562.45,0.0,32265.559262,16.222008
2035-07-19,11,535151.797093,238294.330615,296857.466479,0.0,0.0,0.0,13398.04,0.0,32610.313189,16.410508
2035-07-19,12,524631.704398,238294.330615,286337.373784,0.0,0.0,0.0,13596.14,0.0,32400.430848,16.192121
2035-07-19,13,500256.810562,238294.330615,261962.479948,0.0,0.0,0.0,14570.18,0.0,32434.914901,15.423404
2035-07-19,14,519655.795429,243623.209684,276032.585745,0.0,0.0,0.0,14291.68,0.0,32788.446417,15.848747
2035-07-19,15,535719.724498,243440.00501,292279.719488,0.0,0.0,0.0,14023.51,0.0,33158.612151,16.156277
2035-07-19,16,540923.959776,259893.512718,281030.447059,0.0,0.0,0.0,13804.43,0.0,32758.042169,16.512707
2035-07-19,17,594098.757963,277584.773045,316513.984917,0.0,0.0,0.0,12408.07,0.0,33028.004551,17.987728
2035-07-19,18,629881.489462,293787.549678,336093.939784,0.0,0.0,0.0,11363.62,0.0,32975.964112,19.10123
2035-07-19,19,641604.375719,293780.131504,347824.244215,0.0,0.0,0.0,10370.53,0.0,32481.67909,19.752808
2035-07-19,20,624364.249322,301708.373312,322655.87601,0.0,0.0,0.0,11426.76,0.0,32697.937181,19.094912
2035-07-19,21,562744.504442,280274.951384,282469.553059,0.0,0.0,0.0,13032.04,0.0,32350.996432,17.394967
2035-07-19,22,570177.181713,271068.204723,299108.976991,0.0,0.0,0.0,11850.26,0.0,31650.266981,18.014925
2035-07-19,23,515829.535157,238384.287107,277445.24805,0.0,0.0,0.0,12127.57,0.0,30526.764735,16.897616
2035-07-20,0,491465.653112,238384.287107,253081.366005,0.0,0.0,0.0,12269.39,0.0,29727.407107,16.532409
2035-07-20,1,480795.831382,212574.727296,268221.104086,0.0,0.0,0.0,12027.97,0.0,29355.517199,16.378381
2035-07-20,2,477617.460226,228817.864935,248799.595291,0.0,0.0,0.0,12174.99,0.0,29051.988834,16.440095
2035-07-20,3,474502.011606,228810.446762,245691.564844,0.0,0.0,0.0,12268.17,0.0,29105.664858,16.302737
2035-07-20,4,484688.262615,228810.446762,255877.815854,0.0,0.0,0.0,12069.59,0.0,29277.566858,16.554937
2035-07-20,5,481409.36376,228810.446762,252598.916998,0.0,0.0,0.0,12351.89,0.0,29390.460242,16.379783
2035-07-20,6,488183.470131,231443.064958,256740.405173,0.0,0.0,0.0,12236.65,0.0,29488.604771,16.554987
2035-07-20,7,517888.554482,231413.469219,286475.085264,0.0,0.0,0.0,11622.56,0.0,30106.876954,17.20167
2035-07-20,8,509038.602685,233996.423625,275042.17906,0.0,0.0,0.0,12680.86,0.0,30794.775252,16.530031
2035-07-20,9,516075.009288,233975.055457,282099.953831,0.0,0.0,0.0,12885.22,0.0,31291.362865,16.492571
2035-07-20,10,488509.362499,218636.964026,269872.398472,0.0,0.0,0.0,13881.98,0.0,31604.125397,15.457139
2035-07-20,11,504193.536848,218498.610372,285694.926476,0.0,0.0,0.0,13600.23,0.0,31929.683759,15.790746
2035-07-20,12,490271.693312,218498.610372,271773.082939,0.0,0.0,0.0,13711.21,0.0,31517.563672,15.555507
2035-07-20,13,463306.824414,218498.610372,244808.214042,0.0,0.0,0.0,14623.21,0.0,31403.180957,14.7535
2035-07-20,14,489443.046131,231240.425045,258202.621086,0.0,0.0,0.0,14098.13,0.0,31646.18907,15.466098
2035-07-20,15,506385.250424,231233.570992,275151.679432,0.0,0.0,0.0,13743.0,0.0,31981.883844,15.833503
2035-07-20,16,502098.452997,239721.843781,262376.609215,0.0,0.0,0.0,13628.99,0.0,31517.928231,15.930567
2035-07-20,17,552663.056642,259469.063941,293193.992701,0.0,0.0,0.0,12288.0,0.0,31722.667877,17.421708
2035-07-20,18,574479.505611,259421.657553,315057.848059,0.0,0.0,0.0,11412.07,0.0,31742.720986,18.097992
2035-07-20,19,594638.399502,259421.657553,335216.74195,0.0,0.0,0.0,10172.22,0.0,31234.929152,19.03761
2035-07-20,20,572925.748436,259421.657553,313504.090884,0.0,0.0,0.0,11082.83,0.0,31375.136664,18.260502
2035-07-20,21,557040.507663,250901.701209,306138.806454,0.0,0.0,0.0,11346.85,0.0,31048.087575,17.941218
2035-07-20,22,545085.653936,239143.561487,305942.092449,0.0,0.0,0.0,11142.01,0.0,30636.043708,17.792299
2035-07-20,23,513995.008533,239143.561487,274851.447046,0.0,0.0,0.0,11356.45,0.0,29691.430875,17.311224
2035-07-21,0,491126.448278,239157.996017,251968.452261,0.0,0.0,0.0,11472.75,0.0,28879.19089,17.00624
2035-07-21,1,464309.947172,207293.606329,257016.340842,0.0,0.0,0.0,11470.74,0.0,28337.153435,16.385201
2035-07-21,2,422050.665204,187844.40312,234206.262084,0.0,0.0,0.0,12133.41,0.0,27755.833249,15.205837
2035-07-21,3,405510.268162,178679.724975,226830.543187,0.0,0.0,0.0,12538.59,0.0,27363.457837,14.819409
2035-07-21,4,401335.810182,172341.757231,228994.052951,0.0,0.0,0.0,12256.91,0.0,26859.660513,14.941954
2035-07-21,5,379274.250964,181205.58708,198068.663884,0.0,0.0,0.0,12123.03,0.0,26151.906468,14.502738
2035-07-21,6,409772.048516,197461.751057,212310.297459,0.0,0.0,0.0,11007.95,0.0,26008.089712,15.755561
2035-07-21,7,479800.139145,204764.62146,275035.517685,0.0,0.0,0.0,9419.91,0.0,26957.862572,17.798152
2035-07-21,8,472013.207916,204746.860682,267266.347233,0.0,0.0,0.0,10712.65,0.0,27979.411197,16.870019
2035-07-21,9,470587.894723,235551.368646,235036.526077,0.0,0.0,0.0,12044.48,0.0,28683.836551,16.40603
2035-07-21,10,423635.933613,215353.552135,208282.381478,0.0,0.0,0.0,13541.68,0.0,28835.480638,14.691482
2035-07-21,11,437629.172302,190256.076565,247373.095737,0.0,0.0,0.0,13151.43,0.0,29410.682325,14.879939
2035-07-21,12,453538.758708,196989.805184,256548.953523,0.0,0.0,0.0,12618.95,0.0,29434.342263,15.40849
2035-07-21,13,456899.591214,202181.860774,254717.73044,0.0,0.0,0.0,12860.77,0.0,29467.148954,15.505388
2035-07-21,14,477782.443224,214414.429428,263368.013796,0.0,0.0,0.0,12438.76,0.0,29949.640055,15.952861
2035-07-21,15,500802.885058,218227.027712,282575.857346,0.0,0.0,0.0,12061.66,0.0,30396.859596,16.475481
2035-07-21,16,529072.815762,239221.182313,289851.633449,0.0,0.0,0.0,11396.39,0.0,30200.664771,17.518582
2035-07-21,17,549411.465907,242253.472708,307157.993199,0.0,0.0,0.0,10741.46,0.0,30442.299352,18.047634
2035-07-21,18,599505.128039,279312.424294,320192.703746,0.0,0.0,0.0,9723.04,0.0,30440.089933,19.694591
2035-07-21,19,645713.640367,310347.644911,335365.995456,0.0,0.0,0.0,8394.3,0.0,30260.041165,21.338822
2035-07-21,20,676996.933414,311260.638106,365736.295308,0.0,0.0,0.0,7528.18,0.0,30643.795331,22.092464
2035-07-21,21,687491.608976,311124.555239,376367.053737,0.0,0.0,0.0,6878.74,0.0,30393.730399,22.619521
2035-07-21,22,674472.008455,310328.21513,364143.793325,0.0,0.0,0.0,6698.04,0.0,29755.528424,22.667116
2035-07-21,23,650393.793847,297362.720541,353031.073306,0.0,0.0,0.0,6340.44,0.0,28758.779727,22.615486
2035-07-22,0,623519.022683,297362.720541,326156.302142,0.0,0.0,0.0,6580.99,0.0,28008.47518,22.261798
2035-07-22,1,581457.853239,260064.005542,321393.847697,0.0,0.0,0.0,6927.78,0.0,27547.531506,21.107439
2035-07-22,2,603713.109653,264784.523625,338928.586028,0.0,0.0,0.0,5916.23,0.0,27241.023179,22.16191
2035-07-22,3,646909.23768,295792.860883,351116.376797,0.0,0.0,0.0,5016.68,0.0,27220.693606,23.765347
2035-07-22,4,709256.680349,340350.255614,368906.424736,0.0,0.0,0.0,4109.02,0.0,27638.407338,25.661995
2035-07-22,5,772189.713749,371852.863157,400336.850592,0.0,0.0,0.0,2923.68,0.0,28229.72722,27.353779
2035-07-22,6,816682.174953,393855.303805,422826.871149,0.0,0.0,0.0,2183.75,0.0,28628.991143,28.526404
2035-07-22,7,837016.593723,393820.642606,443195.951117,0.0,0.0,0.0,1929.44,0.0,29081.547306,28.781708
2035-07-22,8,829502.468002,393820.642606,435681.825396,0.0,0.0,0.0,2621.44,0.0,29569.270829,28.052855
2035-07-22,9,792668.463659,393820.642606,398847.821053,0.0,0.0,0.0,4124.57,0.0,29820.322798,26.581485
2035-07-22,10,726719.253536,359912.356582,366806.896954,0.0,0.0,0.0,6094.76,0.0,30094.364089,24.148018
2035-07-22,11,659313.198215,313475.160903,345838.037312,0.0,0.0,0.0,7916.98,0.0,30409.331267,21.681279
2035-07-22,12,553801.53388,276408.830103,277392.703777,0.0,0.0,0.0,10829.92,0.0,30103.171652,18.396784
2035-07-22,13,447178.289427,201227.999815,245950.289612,0.0,0.0,0.0,13351.19,0.0,29983.22142,14.914284
2035-07-22,14,452658.782594,185200.623066,267458.159529,0.0,0.0,0.0,13165.98,0.0,30217.672497,14.979935
2035-07-22,15,483665.379874,222269.8743,261395.505574,0.0,0.0,0.0,13021.8,0.0,30380.862609,15.920067
2035-07-22,16,472570.78367,222266.953866,250303.829804,0.0,0.0,0.0,12896.37,0.0,29937.269586,15.785367
2035-07-22,17,511262.308356,238343.281499,272919.026857,0.0,0.0,0.0,11864.77,0.0,30066.08769,17.004617
2035-07-22,18,524532.356929,238294.330615,286238.026315,0.0,0.0,0.0,11084.37,0.0,29871.105434,17.559858
2035-07-22,19,544843.310327,238294.330615,306548.979713,0.0,0.0,0.0,10046.86,0.0,29581.090481,18.418635
2035-07-22,20,529949.801885,238294.330615,291655.47127,0.0,0.0,0.0,10714.84,0.0,29727.847725,17.826713
2035-07-22,21,483958.087392,218498.610372,265459.47702,0.0,0.0,0.0,11592.57,0.0,29167.383922,16.592441
2035-07-22,22,476324.041897,218498.610372,257825.431525,0.0,0.0,0.0,11044.5,0.0,28355.003568,16.798589
2035-07-22,23,454721.421948,218498.610372,236222.811576,0.0,0.0,0.0,10915.93,0.0,27390.357458,16.601515
2035-07-23,0,438194.096745,218498.610372,219695.486373,0.0,0.0,0.0,10815.95,0.0,26650.315784,16.44236
2035-07-23,1,408489.69416,161984.416846,246505.277314,0.0,0.0,0.0,10459.3,0.0,26124.474656,15.636284
2035-07-23,2,394020.319014,161984.416846,232035.902167,0.0,0.0,0.0,10653.68,0.0,25788.597843,15.278858
2035-07-23,3,388299.400926,161225.142466,227074.25846,0.0,0.0,0.0,10875.09,0.0,25769.484112,15.068187
2035-07-23,4,416903.825845,192771.505042,224132.320804,0.0,0.0,0.0,10888.51,0.0,26215.727784,15.902813
2035-07-23,5,445940.657351,195824.413486,250116.243865,0.0,0.0,0.0,10200.92,0.0,26793.292695,16.643742
2035-07-23,6,517014.475567,236348.502629,280665.972937,0.0,0.0,0.0,8662.57,0.0,27157.72077,19.037477
2035-07-23,7,559172.105529,236091.87649,323080.229038,0.0,0.0,0.0,7360.56,0.0,27611.976718,20.251071
2035-07-23,8,505620.720427,236091.87649,269528.843937,0.0,0.0,0.0,9699.68,0.0,27925.383249,18.106134
2035-07-23,9,459370.253962,195814.113836,263556.140126,0.0,0.0,0.0,11101.71,0.0,28131.675491,16.329289
2035-07-23,10,446854.262207,195814.113836,251040.14837,0.0,0.0,0.0,11994.93,0.0,28628.131967,15.608921
2035-07-23,11,454965.076604,192974.084155,261990.992449,0.0,0.0,0.0,11788.34,0.0,28777.825399,15.809571
2035-07-23,12,461172.125863,214905.504085,246266.621778,0.0,0.0,0.0,11620.21,0.0,28335.342218,16.275509
2035-07-23,13,414176.27028,177832.97551,236343.29477,0.0,0.0,0.0,12482.12,0.0,28265.601858,14.653014
2035-07-23,14,420610.220635,177832.97551,242777.245125,0.0,0.0,0.0,12607.64,0.0,28622.965551,14.694851
2035-07-23,15,441428.157699,180697.336976,260730.820723,0.0,0.0,0.0,12490.54,0.0,29210.192271,15.112128
2035-07-23,16,433385.806129,194312.447899,239073.35823,0.0,0.0,0.0,12995.99,0.0,29178.746404,14.85279
2035-07-23,17,492036.277282,210620.7479,281415.529382,0.0,0.0,0.0,11457.39,0.0,29547.675439,16.652284
2035-07-23,18,540130.304416,242291.035604,297839.268812,0.0,0.0,0.0,10156.08,0.0,29404.793961,18.368784
2035-07-23,19,585304.190483,259512.31298,325791.877503,0.0,0.0,0.0,8104.86,0.0,28888.581652,20.260745
2035-07-23,20,637360.294832,296572.691646,340787.603185,0.0,0.0,0.0,7058.36,0.0,28961.149921,22.007424
2035-07-23,21,665426.091364,303282.58819,362143.503173,0.0,0.0,0.0,5393.19,0.0,28273.004887,23.53574
2035-07-23,22,684974.137521,303214.564744,381759.572777,0.0,0.0,13.676977,3676.71,0.0,27291.98816,25.097993
2035-07-23,23,641032.437859,303214.564744,337817.873115,0.0,0.0,0.0,3935.63,0.0,25943.481434,24.708806
2035-07-24,0,599691.848951,284365.007953,315326.840998,0.0,0.0,0.0,4258.86,0.0,25105.523753,23.886849
2035-07-24,1,552548.102151,233903.894285,318644.207866,0.0,0.0,0.0,4598.69,0.0,24645.632299,22.419717
2035-07-24,2,563240.978804,238207.728276,325033.250529,0.0,0.0,0.0,3978.47,0.0,24305.487524,23.173408
2035-07-24,3,592405.780691,260116.323162,332289.457529,0.0,0.0,0.0,3550.88,0.0,24473.064413,24.206441
2035-07-24,4,629096.778363,282593.481637,346503.296727,0.0,0.0,0.0,3151.7,0.0,25014.893315,25.148889
2035-07-24,5,658483.576389,289527.732242,368955.844148,0.0,0.0,0.0,2661.49,0.0,25512.713325,25.810017
2035-07-24,6,689462.565439,315377.43393,374085.131509,0.0,0.0,0.0,2298.99,0.0,25706.596157,26.820453
2035-07-24,7,720237.245061,328349.249115,391887.995945,0.0,0.0,0.0,2142.52,0.0,26470.690457,27.208858
2035-07-24,8,712921.923478,328338.691903,384583.231575,0.0,0.0,0.0,3086.31,0.0,27201.150701,26.209256
2035-07-24,9,690644.272423,310285.475221,380358.797202,0.0,0.0,0.0,4219.97,0.0,27865.961974,24.784512
2035-07-24,10,656170.839496,306004.466274,350166.373222,0.0,0.0,0.0,5947.63,0.0,28409.714643,23.096706
2035-07-24,11,631046.820214,277720.21442,353326.605794,0.0,0.0,0.0,6807.65,0.0,28944.429572,21.802013
2035-07-24,12,599404.245026,277720.21442,321684.030606,0.0,0.0,0.0,7768.95,0.0,28736.22669,20.858836
2035-07-24,13,553848.342418,240653.88362,313194.458798,0.0,0.0,0.0,8753.41,0.0,28792.049005,19.236156
2035-07-24,14,584720.592373,265428.789849,319291.802523,0.0,0.0,0.0,8790.81,0.0,29408.021781,19.88303
2035-07-24,15,607184.427946,265351.893835,341832.534111,0.0,0.0,0.0,8711.32,0.0,30212.782482,20.096938
2035-07-24,16,638707.995172,302421.14507,336286.850102,0.0,0.0,0.0,8280.83,0.0,30100.617991,21.219099
2035-07-24,17,697051.384689,330606.274356,366445.110333,0.0,0.0,0.0,6954.5,0.0,30392.050167,22.93532
2035-07-24,18,725463.389351,330455.068803,395008.320548,0.0,0.0,0.0,5589.64,0.0,30143.289045,24.067161
2035-07-24,19,751247.185644,360551.77885,390695.406793,0.0,0.0,0.0,4436.33,0.0,29178.371997,25.746714
2035-07-24,20,769961.319253,360519.506076,409441.813177,0.0,0.0,0.0,3277.34,0.0,28798.480759,26.736178
2035-07-24,21,749838.847114,345181.560862,404657.286252,0.0,0.0,0.0,2729.56,0.0,27861.431912,26.913148
2035-07-24,22,703663.79853,339774.705139,363889.093391,0.0,0.0,0.0,3052.05,0.0,26625.091004,26.428597
2035-07-24,23,640108.743238,288986.184438,351122.5588,0.0,0.0,0.0,2900.24,0.0,25140.356444,25.461403
2035-07-25,0,610200.756862,288986.184438,321214.572425,0.0,0.0,0.0,2942.12,0.0,24072.358644,25.348607
2035-07-25,1,567137.597806,243149.261783,323988.336023,0.0,0.0,0.0,3135.03,0.0,23492.028614,24.141704
2035-07-25,2,565727.481607,243149.261783,322578.219824,0.0,0.0,0.0,2773.68,0.0,23078.825291,24.512837
2035-07-25,3,563466.837595,243149.261783,320317.575811,0.0,0.0,0.0,2937.53,0.0,23159.54604,24.329788
2035-07-25,4,573734.766852,260233.706131,313501.060721,0.0,0.0,0.0,3494.34,0.0,23755.084231,24.152083
2035-07-25,5,592810.029672,260064.005542,332746.02413,0.0,0.0,0.0,3253.79,0.0,24296.544369,24.398944
2035-07-25,6,618404.684815,277760.575427,340644.109388,0.0,0.0,0.0,3028.94,0.0,24628.195729,25.109622
2035-07-25,7,640145.440125,277720.21442,362425.225705,0.0,0.0,0.0,2883.53,0.0,25350.452048,25.251835
2035-07-25,8,627951.386229,277720.21442,350231.171809,0.0,0.0,0.0,3980.07,0.0,26003.145361,24.149055
2035-07-25,9,605030.631829,277720.21442,327310.417408,0.0,0.0,0.0,5185.54,0.0,26361.308578,22.951464
2035-07-25,10,548710.292859,240653.88362,308056.409238,0.0,0.0,0.0,6823.28,0.0,26672.289252,20.572298
2035-07-25,11,558490.340587,240653.88362,317836.456967,0.0,0.0,0.0,6936.84,0.0,27135.697143,20.581389
2035-07-25,12,546474.085774,240653.88362,305820.202153,0.0,0.0,0.0,7482.93,0.0,27249.327571,20.05459
2035-07-25,13,527530.013013,227688.389031,299841.623982,0.0,0.0,0.0,8214.36,0.0,27521.685838,19.167794
2035-07-25,14,544929.806898,240664.440833,304265.366065,0.0,0.0,0.0,8488.61,0.0,28152.788607,19.356157
2035-07-25,15,556230.238143,240653.88362,315576.354522,0.0,0.0,0.0,8636.96,0.0,28764.784169,19.337195
2035-07-25,16,550854.634553,240653.88362,310200.750932,0.0,0.0,0.0,8724.08,0.0,28640.908153,19.233141
2035-07-25,17,603269.316001,277723.134855,325546.181146,0.0,0.0,0.0,7846.9,0.0,28851.766956,20.909268
2035-07-25,18,624335.026523,277720.21442,346614.812103,0.0,0.0,0.0,6845.64,0.0,28732.728429,21.729055
2035-07-25,19,660806.097009,311126.477209,349679.6198,0.0,0.0,0.0,5846.37,0.0,28311.691059,23.340397
2035-07-25,20,681270.945469,311111.376317,370159.569153,0.0,0.0,0.0,4966.79,0.0,28311.598053,24.063317
2035-07-25,21,669683.980522,311111.376317,358572.604205,0.0,0.0,0.0,4673.18,0.0,27591.159693,24.271687
2035-07-25,22,622515.079899,295773.431103,326741.648796,0.0,0.0,0.0,5065.98,0.0,26534.436537,23.460648
2035-07-25,23,585025.89698,264754.719831,320271.177149,0.0,0.0,0.0,4535.07,0.0,25212.188607,23.20409
2035-07-26,0,549517.150242,227688.389031,321828.761211,0.0,0.0,0.0,4233.92,0.0,24266.003768,22.645556
2035-07-26,1,540972.638986,222997.674742,317974.964244,0.0,0.0,0.0,4063.43,0.0,23871.37983,22.661976
2035-07-26,2,571683.526698,260066.925977,311616.600721,0.0,0.0,0.0,3453.12,0.0,23591.655294,24.232447
2035-07-26,3,576007.464786,260064.005542,315943.459244,0.0,0.0,0.0,3379.21,0.0,23800.541524,24.201444
2035-07-26,4,590329.195247,264784.523625,325544.671621,0.0,0.0,0.0,3680.9,0.0,24530.608327,24.065004
2035-07-26,5,624985.100234,277730.771633,347254.328601,0.0,0.0,0.0,3518.11,0.0,25382.873343,24.622315
2035-07-26,6,649788.815381,295782.303671,354006.51171,0.0,0.0,0.0,3450.99,0.0,25872.355242,25.115178
2035-07-26,7,665594.08487,295773.431103,369820.653767,0.0,0.0,0.0,3523.13,0.0,26568.374085,25.05212
2035-07-26,8,657228.419644,295773.431103,361454.988542,0.0,0.0,0.0,4438.07,0.0,27189.624114,24.17203
2035-07-26,9,645631.306638,295773.431103,349857.875536,0.0,0.0,0.0,5406.41,0.0,27730.912545,23.282007
2035-07-26,10,622021.098044,295773.431103,326247.666941,0.0,0.0,0.0,6858.1,0.0,28308.24322,21.973144
2035-07-26,11,597726.256818,258707.100303,339019.156515,0.0,0.0,0.0,7297.45,0.0,28560.249787,20.928607
2035-07-26,12,579084.128772,258707.100303,320377.028469,0.0,0.0,0.0,7829.26,0.0,28448.549804,20.355489
2035-07-26,13,553465.374586,240653.88362,312811.490966,0.0,0.0,0.0,8562.77,0.0,28582.418251,19.36384
2035-07-26,14,570669.103856,258715.972871,311953.130985,0.0,0.0,0.0,8782.55,0.0,29034.403007,19.654928
2035-07-26,15,574678.227307,258707.100303,315971.127004,0.0,0.0,0.0,9054.05,0.0,29493.23926,19.485083
2035-07-26,16,547985.16607,258707.100303,289278.065767,0.0,0.0,0.0,9683.62,0.0,29085.499156,18.840494
2035-07-26,17,575151.921826,258707.100303,316444.821523,0.0,0.0,0.0,8628.36,0.0,29062.402978,19.79024
2035-07-26,18,632341.885526,295776.351537,336565.533988,0.0,0.0,0.0,7260.83,0.0,28961.083325,21.834193
2035-07-26,19,671479.046719,311117.604641,360361.442078,0.0,0.0,0.0,5687.34,0.0,28584.025605,23.491409
2035-07-26,20,691127.781416,311111.376317,380016.405099,0.0,0.0,0.0,4894.35,0.0,28595.205444,24.169359
2035-07-26,21,689403.408942,311111.376317,378292.032625,0.0,0.0,0.0,4555.93,0.0,28200.364006,24.446614
2035-07-26,22,657915.737168,311111.376317,346804.360851,0.0,0.0,0.0,4988.41,0.0,27473.013197,23.947709
2035-07-26,23,628301.269186,277720.21442,350581.054766,0.0,0.0,0.0,4328.78,0.0,26364.721388,23.831136
2035-07-27,0,611512.689379,277720.21442,333792.474959,0.0,0.0,0.0,4106.62,0.0,25522.534374,23.959717
2035-07-27,1,586332.893885,251104.277976,335228.615909,0.0,0.0,0.0,4111.76,0.0,25112.61701,23.34814
2035-07-27,2,589636.025292,251104.277976,338531.747316,0.0,0.0,0.0,3609.09,0.0,24724.565744,23.848185
2035-07-27,3,602329.28885,258233.779047,344095.509803,0.0,0.0,0.0,3359.11,0.0,24763.062209,24.3237
2035-07-27,4,633346.7805,284083.480736,349263.299764,0.0,0.0,0.0,3247.78,0.0,25197.831179,25.134972
2035-07-27,5,657328.583712,288383.07811,368945.505603,0.0,0.0,0.0,2733.43,0.0,25541.88173,25.735323
2035-07-27,6,700042.380613,328353.762246,371688.618367,0.0,0.0,0.0,2415.92,0.0,25920.488067,27.007299
2035-07-27,7,726617.22825,331072.063803,395545.164447,0.0,0.0,0.0,2367.76,0.0,26942.418675,26.969265
2035-07-27,8,729944.096008,330852.228819,399091.867189,0.0,0.0,0.0,3432.51,0.0,28150.57076,25.929993
2035-07-27,9,722898.767817,330852.228819,392046.538998,0.0,0.0,0.0,4686.28,0.0,29149.473223,24.79972
2035-07-27,10,693421.582562,328338.691903,365082.89066,0.0,0.0,0.0,6415.62,0.0,29846.763454,23.232723
2035-07-27,11,674624.86627,302418.224635,372206.641635,0.0,0.0,0.0,7003.46,0.0,30270.332759,22.286668
2035-07-27,12,645089.567696,307527.629784,337561.937913,0.0,0.0,0.0,7900.49,0.0,29920.629905,21.560026
2035-07-27,13,601597.826246,268019.45794,333578.368306,0.0,0.0,0.0,8547.28,0.0,29735.3177,20.231761
2035-07-27,14,588224.886804,254948.808989,333276.077815,0.0,0.0,0.0,9104.26,0.0,30094.882076,19.545678
2035-07-27,15,595459.904083,261746.977072,333712.92701,0.0,0.0,0.0,9412.64,0.0,30444.75496,19.558702
2035-07-27,16,592766.451228,266366.981381,326399.469847,0.0,0.0,0.0,9371.08,0.0,30163.461745,19.651804
2035-07-27,17,633199.296209,295776.351537,337422.944671,0.0,0.0,0.0,8709.91,0.0,30426.503911,20.810781
2035-07-27,18,644995.037974,295773.431103,349221.606872,0.0,0.0,0.0,8080.74,0.0,30350.247711,21.251722
2035-07-27,19,657120.486585,307710.294442,349410.192144,0.0,0.0,0.0,7421.46,0.0,29809.941101,22.043669
2035-07-27,20,679350.645905,307522.925915,371827.71999,0.0,0.0,0.0,6613.71,0.0,29871.18495,22.742675
2035-07-27,21,674387.75618,308779.021965,365608.734215,0.0,0.0,0.0,6582.63,0.0,29644.105209,22.749472
2035-07-27,22,645712.493472,304479.761706,341232.731766,0.0,0.0,0.0,7143.66,0.0,29256.323439,22.070869
2035-07-27,23,596102.741968,269589.044962,326513.697006,0.0,0.0,0.0,7406.5,0.0,28370.969604,21.011011
2035-07-28,0,553056.853091,261679.054467,291377.798624,0.0,0.0,0.0,7974.54,0.0,27520.652303,20.096066
2035-07-28,1,518570.759241,221224.039628,297346.719613,0.0,0.0,0.0,8026.29,0.0,27028.588165,19.18601
2035-07-28,2,524656.188642,221224.039628,303432.149014,0.0,0.0,0.0,7342.3,0.0,26569.251866,19.746743
2035-07-28,3,528631.857119,221224.039628,307407.817491,0.0,0.0,0.0,6978.03,0.0,26347.226295,20.064042
2035-07-28,4,530121.247093,221224.039628,308897.207465,0.0,0.0,0.0,6748.13,0.0,26162.398184,20.262716
2035-07-28,5,523391.12067,221224.039628,302167.081042,0.0,0.0,0.0,6591.62,0.0,25770.542575,20.309666
2035-07-28,6,535505.408848,243155.459558,292349.94929,0.0,0.0,0.0,6550.5,0.0,25681.480678,20.851812
2035-07-28,7,567923.195431,243149.261783,324773.933648,0.0,0.0,0.0,6379.09,0.0,26759.545173,21.223201
2035-07-28,8,557902.981123,243149.261783,314753.71934,0.0,0.0,0.0,8053.5,0.0,28068.866103,19.876221
2035-07-28,9,535857.605984,243149.261783,292708.344201,0.0,0.0,0.0,9625.17,0.0,28778.354292,18.620162
2035-07-28,10,479613.224734,235177.716867,244435.507867,0.0,0.0,0.0,11633.58,0.0,28818.058233,16.642802
2035-07-28,11,478293.929303,198111.386067,280182.543236,0.0,0.0,0.0,11016.96,0.0,28947.547181,16.522779
2035-07-28,12,469286.46482,198111.386067,271175.078753,0.0,0.0,0.0,10906.64,0.0,28503.920463,16.463927
2035-07-28,13,406587.576705,198111.386067,208476.190638,0.0,0.0,0.0,13009.09,0.0,28205.753376,14.415058
2035-07-28,14,433440.287974,198111.386067,235328.901907,0.0,0.0,0.0,12498.51,0.0,28737.600617,15.082689
2035-07-28,15,466605.299359,202809.328496,263795.970862,0.0,0.0,0.0,11989.91,0.0,29384.130414,15.8795
2035-07-28,16,513059.645039,223209.472162,289850.172877,0.0,0.0,0.0,10692.57,0.0,29370.062446,17.468797
2035-07-28,17,571230.148558,264787.44406,306442.704497,0.0,0.0,0.0,9730.45,0.0,29754.873229,19.197869
2035-07-28,18,598651.948318,277730.771633,320921.176685,0.0,0.0,0.0,8953.94,0.0,29832.228474,20.067289
2035-07-28,19,631616.038565,295782.303671,335833.734894,0.0,0.0,0.0,7874.57,0.0,29608.074385,21.332561
2035-07-28,20,656110.963508,295773.431103,360337.532405,0.0,0.0,0.0,7382.02,0.0,30085.903551,21.80792
2035-07-28,21,648252.717154,303701.67291,344551.044244,0.0,0.0,0.0,7665.1,0.0,29864.768644,21.70627
2035-07-28,22,612237.201603,285630.204915,326606.996687,0.0,0.0,0.0,8031.54,0.0,29280.309308,20.90952
2035-07-28,23,588202.309606,267973.996037,320228.313569,0.0,0.0,0.0,7632.64,0.0,28311.490218,20.776099
2035-07-29,0,570182.287496,260064.005542,310118.281953,0.0,0.0,0.0,7377.45,0.0,27572.160822,20.679637
2035-07-29,1,548069.31821,243615.807391,304453.510818,0.0,0.0,0.0,7382.72,0.0,27028.8277,20.277214
2035-07-29,2,544937.797613,243615.807391,301321.990222,0.0,0.0,0.0,7198.31,0.0,26729.305015,20.387279
2035-07-29,3,540644.778083,243615.807391,297028.970692,0.0,0.0,0.0,7393.5,0.0,26765.445123,20.199357
2035-07-29,4,545359.943952,243615.807391,301744.136561,0.0,0.0,0.0,7732.73,0.0,27279.390013,19.991647
2035-07-29,5,558097.100276,243615.807391,314481.292885,0.0,0.0,0.0,7851.55,0.0,27854.522912,20.036139
2035-07-29,6,571442.73202,260069.315099,311373.416921,0.0,0.0,0.0,8056.42,0.0,28205.81801,20.259747
2035-07-29,7,596068.134619,272712.765433,323355.369186,0.0,0.0,0.0,8160.52,0.0,28997.829856,20.555612
2035-07-29,8,618547.352798,285640.762128,332906.59067,0.0,0.0,0.0,8384.55,0.0,29821.738394,20.741492
2035-07-29,9,631381.361151,285630.204915,345751.156235,0.0,0.0,0.0,8375.05,0.0,30332.861615,20.815094
2035-07-29,10,616147.535305,285630.204915,330517.330389,0.0,0.0,0.0,9150.02,0.0,30544.102404,20.17239
2035-07-29,11,621028.9462,277720.21442,343308.73178,0.0,0.0,0.0,9148.78,0.0,30916.698188,20.087169
2035-07-29,12,599234.315784,277720.21442,321514.101364,0.0,0.0,0.0,9695.5,0.0,30656.479777,19.546742
2035-07-29,13,573967.286419,277720.21442,296247.071999,0.0,0.0,0.0,10332.62,0.0,30339.934869,18.917881
2035-07-29,14,579601.503244,277720.21442,301881.288823,0.0,0.0,0.0,10257.2,0.0,30472.256789,19.020629
2035-07-29,15,585583.580893,277720.21442,307863.366473,0.0,0.0,0.0,10296.32,0.0,30727.670788,19.057207
2035-07-29,16,587358.368781,277720.21442,309638.154361,0.0,0.0,0.0,9807.64,0.0,30264.713803,19.407366
2035-07-29,17,630521.018306,295782.303671,334738.714635,0.0,0.0,0.0,8810.52,0.0,30482.041142,20.685
2035-07-29,18,675989.502088,317830.42162,358159.080468,0.0,0.0,0.0,7665.03,0.0,30560.380331,22.1198
2035-07-29,19,737764.089055,363520.568748,374243.520307,0.0,0.0,0.0,6401.01,0.0,30520.924211,24.172403
2035-07-29,20,759050.928213,363489.186456,395561.741756,0.0,0.0,0.0,5733.29,0.0,30782.674552,24.658381
2035-07-29,21,737658.761221,363489.186456,374169.574765,0.0,0.0,0.0,6018.13,0.0,30319.51273,24.329506
2035-07-29,22,673517.265586,325666.160344,347851.105242,0.0,0.0,0.0,6854.37,0.0,29581.810662,22.767953
2035-07-29,23,626766.718165,285630.204915,341136.513249,0.0,0.0,0.0,6776.34,0.0,28560.831523,21.944974
2035-07-30,0,593783.929117,280129.197409,313654.731709,0.0,0.0,0.0,6965.48,0.0,27662.88588,21.465003
2035-07-30,1,556440.629861,237935.345647,318505.284214,0.0,0.0,0.0,7091.02,0.0,27071.892857,20.554183
2035-07-30,2,569253.149319,248313.375733,320939.773586,0.0,0.0,0.0,6360.34,0.0,26641.84534,21.366881
2035-07-30,3,580521.432343,250279.556262,330241.87608,0.0,0.0,0.0,5890.88,0.0,26594.986076,21.828228
2035-07-30,4,619539.800862,284483.482597,335056.318265,0.0,0.0,0.0,5585.69,0.0,27009.992005,22.93743
2035-07-30,5,654124.298639,292397.542279,361726.75636,0.0,0.0,0.0,5047.0,0.0,27612.745245,23.689216
2035-07-30,6,707329.495599,339225.898915,368103.596684,0.0,0.0,0.0,4558.0,0.0,27995.179142,25.266118
2035-07-30,7,743343.633256,344049.030871,399294.602385,0.0,0.0,0.0,4099.83,0.0,28919.629907,25.703774
2035-07-30,8,737638.549905,345043.030146,392595.519758,0.0,0.0,0.0,5683.63,0.0,30301.215146,24.34353
2035-07-30,9,743164.357902,344867.442389,398296.915513,0.0,0.0,0.0,7021.56,0.0,31675.068713,23.462123
2035-07-30,10,812462.279081,438938.288269,373523.990813,0.0,0.0,0.0,8633.55,0.0,33182.486693,24.484671
2035-07-30,11,869521.402708,450476.326588,419045.076119,0.0,0.0,0.0,7424.65,0.0,33920.378471,25.634189
2035-07-30,12,868019.459678,468305.750432,399713.709247,0.0,0.0,0.0,7672.36,0.0,33743.760905,25.72385
2035-07-30,13,780036.674329,380336.747581,399699.926748,0.0,0.0,0.0,8001.15,0.0,33418.993676,23.341118
2035-07-30,14,748989.668494,356317.97557,392671.692924,0.0,0.0,0.0,8232.48,0.0,33101.913963,22.626778
2035-07-30,15,741949.067778,347159.645121,394789.422657,0.0,0.0,0.0,8259.65,0.0,33046.358913,22.451764
2035-07-30,16,729184.084815,347159.645121,382024.439693,0.0,0.0,0.0,8014.1,0.0,32314.892093,22.564955
2035-07-30,17,743231.781471,349568.62811,393663.153361,0.0,0.0,0.0,7704.03,0.0,32442.571527,22.909151
2035-07-30,18,752175.825691,349523.429708,402652.395983,0.0,0.0,1.083023,7428.2,0.0,32402.166385,23.213751
2035-07-30,19,746575.75883,355713.174592,390862.584238,0.0,0.0,0.0,7373.97,0.0,32052.070273,23.292591
2035-07-30,20,810891.163631,406554.7467,404336.416931,0.0,0.0,0.0,6396.64,0.0,32067.28433,25.287179
2035-07-30,21,807707.397683,410674.104643,397033.293039,0.0,0.0,0.0,5758.04,0.0,31406.862332,25.717545
2035-07-30,22,768747.257449,378942.45896,389804.79849,0.0,0.0,0.0,5635.49,0.0,30414.367403,25.275793
2035-07-30,23,726348.29056,359170.959474,367177.331086,0.0,0.0,0.0,5317.23,0.0,28958.301619,25.082558
2035-07-31,0,677829.877223,331218.480876,346611.396348,0.0,0.0,0.0,5248.12,0.0,27930.704838,24.26827
2035-07-31,1,631633.523221,277914.773932,353718.749288,0.0,0.0,0.0,5381.4,0.0,27420.160506,23.035369
2035-07-31,2,625858.761321,273224.059643,352634.701678,0.0,0.0,0.0,4975.46,0.0,26898.922259,23.267057
2035-07-31,3,634008.703023,277944.577726,356064.125297,0.0,0.0,2.017832,4720.53,0.0,26825.398029,23.634643
2035-07-31,4,670692.788737,312822.245664,357870.543073,0.0,0.0,0.0,4540.39,0.0,27230.698597,24.630025
2035-07-31,5,708407.722849,324716.943884,383690.778965,0.0,0.0,0.0,3636.03,0.0,27584.552091,25.68132
2035-07-31,6,756957.181043,362414.444432,394542.736611,0.0,0.0,0.0,2961.98,0.0,27817.975448,27.211081
2035-07-31,7,795791.259522,377507.451272,418283.80825,0.0,0.0,0.0,2477.95,0.0,28551.321349,27.872309
2035-07-31,8,798234.291757,377501.222948,420733.068809,0.0,0.0,0.0,3266.5,0.0,29475.521855,27.081261
2035-07-31,9,795949.447508,373876.452498,422072.99501,0.0,0.0,0.0,4268.98,0.0,30487.898174,26.107062
2035-07-31,10,781935.74745,373876.452498,408059.294952,0.0,0.0,0.0,5708.06,0.0,31433.367878,24.875977
2035-07-31,11,768804.410038,362492.051025,406312.359013,0.0,0.0,0.0,6826.91,0.0,32276.097345,23.819621
2035-07-31,12,739999.16914,361668.982113,378330.187027,0.0,0.0,0.0,8089.08,0.0,32498.632462,22.770163
2035-07-31,13,682038.534646,323013.935161,359024.599485,0.0,0.0,0.0,9483.5,0.0,32612.151921,20.913632
2035-07-31,14,672963.52551,309264.55247,363698.97304,0.0,0.0,0.0,9681.83,0.0,32721.704922,20.566273
2035-07-31,15,678857.388049,309241.727426,369615.660624,0.0,0.0,0.0,9685.44,0.0,32916.944707,20.623341
2035-07-31,16,670989.855023,310174.150401,360815.704622,0.0,0.0,0.0,9499.41,0.0,32425.774874,20.693102
2035-07-31,17,701949.64373,329901.105709,372048.538021,0.0,0.0,0.0,9078.69,0.0,32668.904184,21.486783
2035-07-31,18,708528.258953,329808.481024,378719.777929,0.0,0.0,0.0,8547.5,0.0,32435.698241,21.844088
2035-07-31,19,745650.87891,360861.391535,384789.487374,0.0,0.0,0.0,7503.58,0.0,31961.44782,23.329697
2035-07-31,20,772041.005374,364929.799763,407111.205611,0.0,0.0,0.0,6449.81,0.0,31951.938097,24.162572
2035-07-31,21,771070.545329,364901.763605,406168.781724,0.0,0.0,0.0,5802.15,0.0,31280.016594,24.65058
2035-07-31,22,748735.965033,363057.813808,385678.151225,0.0,0.0,0.0,5698.36,0.0,30360.073143,24.661863
2035-07-31,23,690995.815095,336501.561717,354494.253378,0.0,0.0,0.0,5381.88,0.0,28443.964383,24.293232
2035-08-01,0,660180.260699,312870.708974,347309.551725,0.0,0.0,0.0,5146.58,0.0,27625.735256,23.897292
2035-08-01,1,629822.923186,273029.500131,356793.423055,0.0,0.0,8.248147,5000.42,0.0,27159.152861,23.19008
2035-08-01,2,617344.249833,273029.500131,344314.749701,0.0,0.0,0.0,5070.84,0.0,26778.608755,23.053634
2035-08-01,3,598717.750844,259597.459934,339120.29091,0.0,0.0,0.0,5516.09,0.0,26782.65231,22.354685
2035-08-01,4,611522.1641,280068.532172,331453.631927,0.0,0.0,0.0,5973.46,0.0,27255.892846,22.436328
2035-08-01,5,658783.712775,297711.031087,361072.681689,0.0,0.0,0.0,4979.38,0.0,27653.330695,23.822943
2035-08-01,6,709108.38104,338939.547503,370168.833537,0.0,0.0,0.0,4065.34,0.0,27688.466338,25.610244
2035-08-01,7,739381.545811,336565.297976,402816.247835,0.0,0.0,0.0,3330.27,0.0,28240.522115,26.181582
2035-08-01,8,736014.767103,338128.657591,397886.109511,0.0,0.0,0.0,4253.3,0.0,29022.451504,25.360186
2035-08-01,9,717290.349169,337828.183693,379462.165476,0.0,0.0,0.0,5517.67,0.0,29644.452828,24.196444
2035-08-01,10,687454.425975,328123.003623,359331.422352,0.0,0.0,0.0,7134.55,0.0,30312.007491,22.679277
2035-08-01,11,718221.25874,327294.944108,390926.314632,0.0,0.0,0.0,6608.79,0.0,30952.372889,23.204077
2035-08-01,12,723481.010136,343538.081746,379942.928389,0.0,0.0,0.0,6845.52,0.0,31017.404476,23.325002
2035-08-01,13,742512.770464,343530.663573,398982.106891,0.0,0.0,0.0,6197.16,0.0,31128.243957,23.853346
2035-08-01,14,740078.212017,345939.646561,394138.565455,0.0,0.0,0.0,6627.31,0.0,31412.050005,23.560328
2035-08-01,15,732281.122047,345894.448159,386386.673888,0.0,0.0,0.0,7220.2,0.0,31730.929007,23.077834
2035-08-01,16,670829.645964,329658.728694,341170.91727,0.0,0.0,0.0,8766.69,0.0,31324.976326,21.415168
2035-08-01,17,665605.519415,301675.987749,363929.531667,0.0,0.0,0.0,8681.09,0.0,31572.847439,21.08158
2035-08-01,18,668190.688705,301364.317125,366826.37158,0.0,0.0,0.0,8626.7,0.0,31632.958033,21.123244
2035-08-01,19,681818.091744,327354.648183,354463.443561,0.0,0.0,0.0,8390.6,0.0,31294.765087,21.786969
2035-08-01,20,713101.342717,327327.524302,385773.818415,0.0,0.0,0.0,7149.08,0.0,31298.883655,22.783603
2035-08-01,21,712514.49334,327327.524302,385186.969038,0.0,0.0,0.0,6432.17,0.0,30553.398488,23.320302
2035-08-01,22,690648.998408,323046.515356,367602.483052,0.0,0.0,0.0,6176.41,0.0,29585.383373,23.344264
2035-08-01,23,669057.858892,308419.656809,360638.202084,0.0,0.0,0.0,5540.99,0.0,28440.766018,23.524608
2035-08-02,0,658462.735742,303539.308716,354923.427026,0.0,0.0,0.0,4966.03,0.0,27574.207553,23.879661
2035-08-02,1,655318.608482,287852.04514,367466.563342,0.0,0.0,4.83729,4542.72,0.0,27325.324809,23.982098
2035-08-02,2,665063.181615,298944.11301,366119.068605,0.0,0.0,0.0,4080.93,0.0,26985.55568,24.645154
2035-08-02,3,687591.972545,314380.353327,373211.619218,0.0,0.0,0.0,3774.69,0.0,27156.62669,25.319491
2035-08-02,4,740757.227124,356512.926236,384244.300888,0.0,0.0,0.0,3518.31,0.0,27938.227786,26.514109
2035-08-02,5,779983.589113,365337.634996,414645.954117,0.0,0.0,0.0,3059.09,0.0,28816.685937,27.067082
2035-08-02,6,817608.176634,398395.85657,419212.320064,0.0,0.0,0.0,2773.72,0.0,29140.38023,28.057567
2035-08-02,7,835912.591021,398383.003205,437529.587816,0.0,0.0,0.0,2592.42,0.0,29704.958917,28.140507
2035-08-02,8,802440.046118,393305.65415,409134.391968,0.0,0.0,0.0,4011.4,0.0,30071.225763,26.684647
2035-08-02,9,747803.484319,356844.392924,390959.091395,0.0,0.0,0.0,5654.33,0.0,30501.829134,24.516677
2035-08-02,10,703063.468648,346652.671128,356410.79752,0.0,0.0,0.0,7685.1,0.0,31078.461268,22.62221
2035-08-02,11,757795.120378,355631.8248,402163.295578,0.0,0.0,0.0,6415.48,0.0,31648.88535,23.943817
2035-08-02,12,765673.21811,355579.195962,410094.022148,0.0,0.0,0.0,6005.76,0.0,31548.613497,24.269631
2035-08-02,13,752860.244826,355579.195962,397281.048865,0.0,0.0,0.0,6493.86,0.0,31575.553665,23.843137
2035-08-02,14,761229.762748,355579.195962,405650.566786,0.0,0.0,0.0,6487.86,0.0,31861.165189,23.892088
2035-08-02,15,764527.512957,355579.195962,408948.316996,0.0,0.0,0.0,6626.42,0.0,32107.808019,23.811265
2035-08-02,16,725434.752345,355579.195962,369855.556384,0.0,0.0,0.0,7632.56,0.0,31647.613259,22.922258
2035-08-02,17,763223.712399,365177.540067,398046.172332,0.0,0.0,0.0,6625.93,0.0,31756.211944,24.03384
2035-08-02,18,789975.537666,375507.34669,414468.190976,0.0,0.0,0.0,5597.97,0.0,31504.322244,25.075148
2035-08-02,19,822924.020771,400246.53014,422677.490631,0.0,0.0,0.0,4716.89,0.0,31181.234074,26.391644
2035-08-02,20,833344.448242,400139.391325,433205.056917,0.0,0.0,0.0,4327.21,0.0,31249.8878,26.667118
2035-08-02,21,802556.053587,393305.65415,409250.399437,0.0,0.0,0.0,4729.71,0.0,30776.908825,26.076565
2035-08-02,22,740897.133851,365021.402296,375875.731555,0.0,0.0,0.0,5734.45,0.0,30096.472124,24.617408
2035-08-02,23,693240.384608,315585.980442,377654.404166,0.0,0.0,0.0,5480.27,0.0,29129.925805,23.79822
2035-08-03,0,672821.668179,307675.989947,365145.678232,0.0,0.0,0.0,5480.91,0.0,28567.65463,23.551869
2035-08-03,1,654401.378812,295773.431103,358627.947709,0.0,0.0,0.0,5603.96,0.0,28246.660343,23.167389
2035-08-03,2,659014.545822,295773.431103,363241.114719,0.0,0.0,0.0,5057.34,0.0,27861.857321,23.652929
2035-08-03,3,664493.401055,303701.67291,360791.728145,0.0,0.0,0.0,4947.97,0.0,27741.260147,23.953252
2035-08-03,4,667559.019536,303683.421597,363875.597939,0.0,0.0,0.0,5144.84,0.0,28077.840257,23.775298
2035-08-03,5,654894.073574,303683.421597,351210.651977,0.0,0.0,0.0,5772.71,0.0,28245.426902,23.185844
2035-08-03,6,625393.287439,285630.204915,339763.082524,0.0,0.0,0.0,6498.59,0.0,28234.784228,22.149746
2035-08-03,7,610050.722218,272664.710326,337386.011892,0.0,0.0,0.0,7115.21,0.0,28525.349112,21.386267
2035-08-03,8,570719.302222,264754.719831,305964.58239,0.0,0.0,0.0,8079.88,0.0,28226.84459,20.219026
2035-08-03,9,516173.301419,222997.674742,293175.626677,0.0,0.0,0.0,9011.88,0.0,27871.65408,18.519651
2035-08-03,10,469286.0061,206549.476591,262736.529509,0.0,0.0,0.0,10378.94,0.0,27856.578355,16.846506
2035-08-03,11,487627.443201,206549.476591,281077.966609,0.0,0.0,0.0,9841.98,0.0,28010.089866,17.408992
2035-08-03,12,479934.679555,206549.476591,273385.202964,0.0,0.0,0.0,9766.38,0.0,27649.426134,17.357853
2035-08-03,13,445452.490855,184624.254436,260828.236418,0.0,0.0,0.0,10494.51,0.0,27545.480602,16.171527
2035-08-03,14,494630.002541,218774.332028,275855.670513,0.0,0.0,0.0,9736.06,0.0,27888.706616,17.735853
2035-08-03,15,520114.858054,218728.661465,301386.196589,0.0,0.0,0.0,9109.46,0.0,28345.061451,18.3494
2035-08-03,16,539203.073317,236790.750716,302412.322602,0.0,0.0,0.0,8608.62,0.0,28132.885218,19.166291
2035-08-03,17,620263.617614,298191.5323,322072.085314,0.0,0.0,0.0,7161.16,0.0,28330.063157,21.894184
2035-08-03,18,654409.38188,298137.215689,356272.166191,0.0,0.0,0.0,5781.39,0.0,28386.996998,23.053139
2035-08-03,19,712124.216536,343709.927102,368414.289434,0.0,0.0,0.0,4730.73,0.0,28388.205693,25.085214
2035-08-03,20,738154.44971,343676.637117,394477.812593,0.0,0.0,0.0,3840.39,0.0,28598.445555,25.810999
2035-08-03,21,741949.2658,343676.637117,398272.628684,0.0,0.0,0.0,3715.0,0.0,28590.749907,25.950675
2035-08-03,22,711845.723644,343676.637117,368169.086528,0.0,0.0,0.0,4502.77,0.0,28308.973527,25.145586
2035-08-03,23,683700.344328,318661.362274,365038.982055,0.0,0.0,0.0,4627.97,0.0,27780.086483,24.611167
2035-08-04,0,650584.761505,318653.9441,331930.817405,0.0,0.0,0.0,5467.48,0.0,27420.98332,23.7258
2035-08-04,1,563343.087597,260064.005542,303279.082055,0.0,0.0,0.0,7204.37,0.0,27156.520697,20.744303
2035-08-04,2,558075.046481,243615.807391,314459.23909,0.0,0.0,0.0,6769.28,0.0,26786.364135,20.834296
2035-08-04,3,558449.759333,243615.807391,314833.951941,0.0,0.0,0.0,6646.64,0.0,26677.469364,20.933386
2035-08-04,4,553801.489975,243615.807391,310185.682583,0.0,0.0,0.0,6599.49,0.0,26458.541052,20.930916
2035-08-04,5,571627.315435,243615.807391,328011.508044,0.0,0.0,0.0,5534.97,0.0,26048.973765,21.944331
2035-08-04,6,608528.810727,277765.884983,330762.925743,0.0,0.0,0.0,4516.27,0.0,25677.397694,23.699006
2035-08-04,7,630761.28947,277720.21442,353041.07505,0.0,0.0,0.0,3824.86,0.0,25946.034369,24.310509
2035-08-04,8,624940.8803,277720.21442,347220.66588,0.0,0.0,0.0,4267.26,0.0,26177.427086,23.873274
2035-08-04,9,599931.440198,264754.719831,335176.720367,0.0,0.0,0.0,4969.0,0.0,26197.57725,22.900264
2035-08-04,10,558195.896049,264754.719831,293441.176218,0.0,0.0,0.0,6437.38,0.0,26116.116124,21.373618
2035-08-04,11,535351.160933,222997.674742,312353.486191,0.0,0.0,0.0,6879.65,0.0,26552.420913,20.162047
2035-08-04,12,499292.409503,222997.674742,276294.734761,0.0,0.0,0.0,8319.61,0.0,26658.432929,18.729248
2035-08-04,13,456763.621161,203257.060463,253506.560698,0.0,0.0,0.0,10013.83,0.0,27067.15264,16.8752
2035-08-04,14,498143.545858,223045.081131,275098.464727,0.0,0.0,0.0,9539.7,0.0,27744.735821,17.954525
2035-08-04,15,513039.701802,222997.674742,290042.02706,0.0,0.0,0.0,9427.9,0.0,28271.19902,18.14708
2035-08-04,16,534206.26378,240694.244627,293512.019153,0.0,0.0,0.0,9402.07,0.0,28625.572369,18.661854
2035-08-04,17,561306.085972,240653.88362,320652.202352,0.0,0.0,0.0,8671.95,0.0,28960.212073,19.381974
2035-08-04,18,563801.412935,240653.88362,323147.529314,0.0,0.0,0.0,8539.35,0.0,28904.087075,19.505941
2035-08-04,19,585780.91834,277723.134855,308057.783485,0.0,0.0,0.0,8383.97,0.0,28714.149107,20.400428
2035-08-04,20,611628.653662,277720.21442,333908.439242,0.0,0.0,0.0,7563.53,0.0,28973.953028,21.109603
2035-08-04,21,613843.883579,285648.456228,328195.427351,0.0,0.0,0.0,7298.82,0.0,28575.715896,21.481313
2035-08-04,22,599153.280138,285630.204915,313523.075223,0.0,0.0,0.0,7232.99,0.0,27991.581965,21.404767
2035-08-04,23,561272.115096,272664.710326,288607.40477,0.0,0.0,0.0,7432.47,0.0,27023.010086,20.770155
2035-08-05,0,529263.671031,260064.005542,269199.665489,0.0,0.0,0.0,7759.66,0.0,26421.268538,20.031728
2035-08-05,1,485020.743996,206549.476591,278471.267405,0.0,0.0,0.0,8023.93,0.0,26091.040224,18.589552
2035-08-05,2,493528.477763,206549.476591,286979.001172,0.0,0.0,0.0,7570.37,0.0,25953.762828,19.015681
2035-08-05,3,507691.834741,206549.476591,301142.358149,0.0,0.0,0.0,7223.1,0.0,26111.058027,19.443557
2035-08-05,4,563729.190597,264792.753617,298936.43698,0.0,0.0,0.0,6950.36,0.0,26639.298669,21.161563
2035-08-05,5,669159.83552,324126.547756,345033.287765,0.0,0.0,0.0,4792.0,0.0,27221.858465,24.58171
2035-08-05,6,737484.552512,356516.107792,380968.444719,0.0,0.0,0.0,3262.62,0.0,27601.705957,26.718803
2035-08-05,7,802720.367024,389689.525966,413030.841057,0.0,0.0,0.0,2503.68,0.0,28549.088986,28.117197
2035-08-05,8,825209.966945,398537.337384,426672.62956,0.0,0.0,0.0,2757.23,0.0,29482.807524,27.989531
2035-08-05,9,826490.693066,398383.003205,428107.689861,0.0,0.0,0.0,3440.23,0.0,30285.205799,27.290245
2035-08-05,10,807913.634152,398383.003205,409530.630947,0.0,0.0,0.0,4850.86,0.0,31016.503591,26.047863
2035-08-05,11,819313.777835,398383.003205,420930.77463,0.0,0.0,0.0,5197.11,0.0,31784.669234,25.777011
2035-08-05,12,802625.245788,398383.003205,404242.242583,0.0,0.0,0.0,5889.87,0.0,31857.196124,25.194472
2035-08-05,13,808209.732625,398383.003205,409826.72942,0.0,0.0,0.0,5983.91,0.0,32152.379504,25.136856
2035-08-05,14,816615.996818,398383.003205,418232.993613,0.0,0.0,0.0,6239.99,0.0,32718.942838,24.958508
2035-08-05,15,821420.637009,398383.003205,423037.633804,0.0,0.0,0.0,6365.38,0.0,33021.717951,24.875164
2035-08-05,16,808454.076681,398383.003205,410071.073476,0.0,0.0,0.0,6637.78,0.0,32792.37477,24.653722
2035-08-05,17,857013.069951,431479.925549,425533.144402,0.0,0.0,0.0,6144.82,0.0,33253.786979,25.771894
2035-08-05,18,867846.980783,431410.846314,436436.134469,0.0,0.0,0.0,5563.03,0.0,33152.525482,26.177402
2035-08-05,19,871106.093949,431410.846314,439695.247635,0.0,0.0,0.0,5186.23,0.0,32849.574463,26.518033
2035-08-05,20,884720.859345,431410.846314,453310.013031,0.0,0.0,0.0,4799.04,0.0,32921.33651,26.873783
2035-08-05,21,848153.695362,431410.846314,416742.849048,0.0,0.0,0.0,5345.55,0.0,32198.019154,26.341797
2035-08-05,22,764088.42329,379724.905922,384363.517368,0.0,0.0,0.0,6421.22,0.0,31359.591575,24.365382
2035-08-05,23,714534.918291,341901.879809,372633.038482,0.0,0.0,0.0,6504.39,0.0,30395.877445,23.507626
2035-08-06,0,685435.26213,341901.879809,343533.382321,0.0,0.0,0.0,6660.45,0.0,29456.768861,23.269194
2035-08-06,1,619996.748394,275028.494912,344968.253481,0.0,0.0,0.0,6994.46,0.0,28718.879051,21.588473
2035-08-06,2,640726.777524,290726.799576,349999.977948,0.0,0.0,0.0,6001.89,0.0,28125.872993,22.780689
2035-08-06,3,658701.97832,294571.376226,364130.602093,0.0,0.0,0.0,5218.53,0.0,27947.20738,23.56951
2035-08-06,4,734867.532722,365701.87798,369165.654742,0.0,0.0,0.0,4361.36,0.0,28217.616569,26.042863
2035-08-06,5,800922.027163,380992.12011,419929.907054,0.0,0.0,0.0,2515.04,0.0,28692.364031,27.914118
2035-08-06,6,868186.125525,433158.772895,435027.35263,0.0,0.0,0.0,1578.64,0.0,28844.738751,30.098596
2035-08-06,7,912268.952493,453715.342851,458553.609642,0.0,0.0,0.0,1365.07,0.0,29710.165139,30.705617
2035-08-06,8,912471.96704,453689.756292,458782.210748,0.0,0.0,0.0,2242.2,0.0,30613.064238,29.80662
2035-08-06,9,911381.586453,456445.98766,454935.598792,0.0,0.0,0.0,3363.28,0.0,31623.894202,28.819398
2035-08-06,10,917866.109724,467451.493482,450414.616242,0.0,0.0,0.0,4780.15,0.0,33083.644144,27.743803
2035-08-06,11,927541.287974,466138.0194,461403.268575,0.0,0.0,0.0,5469.92,0.0,34096.303492,27.203573
2035-08-06,12,893772.391541,467938.968324,425833.423217,0.0,0.0,0.0,6487.25,0.0,33917.779471,26.351147
2035-08-06,13,822275.844329,403447.829908,418828.014421,0.0,0.0,0.0,7294.92,0.0,33833.084511,24.303898
2035-08-06,14,799510.673491,384801.298902,414709.374588,0.0,0.0,0.0,7769.44,0.0,33887.846091,23.592844
2035-08-06,15,786907.323206,387917.964907,398989.358298,0.0,0.0,0.0,8378.7,0.0,33927.65194,23.193687
2035-08-06,16,738040.225667,361911.002222,376129.223445,0.0,0.0,0.0,9264.45,0.0,33537.037946,22.006721
2035-08-06,17,803836.182353,406592.648688,397243.533665,0.0,0.0,0.0,8294.92,0.0,33857.565706,23.7417
2035-08-06,18,847089.132499,425199.021146,421890.111354,0.0,0.0,0.0,7098.88,0.0,33744.479993,25.103043
2035-08-06,19,895593.485888,459793.149792,435800.336096,0.0,0.0,0.0,5846.0,0.0,33351.796695,26.852931
2035-08-06,20,908874.611987,454572.704122,454301.907865,0.0,0.0,0.0,5017.16,0.0,33277.519331,27.31197
2035-08-06,21,885871.339749,449881.989833,435989.349916,0.0,0.0,0.0,5034.99,0.0,32589.395282,27.18281
2035-08-06,22,830817.971261,424680.654159,406137.317102,0.0,0.0,0.0,5674.99,0.0,31743.237381,26.17307
2035-08-06,23,742427.16017,380898.429717,361528.730453,0.0,0.0,0.0,6865.08,0.0,30662.22423,24.213089
2035-08-07,0,674664.224116,353257.69437,321406.529746,0.0,0.0,0.0,7769.11,0.0,29863.860472,22.591327
2035-08-07,1,623176.822864,283303.275212,339873.547652,0.0,0.0,0.0,7793.14,0.0,29459.866109,21.153417
2035-08-07,2,631327.847803,283303.275212,348024.572591,0.0,0.0,0.0,7147.74,0.0,29084.725816,21.706508
2035-08-07,3,656460.705955,299546.412851,356914.293104,0.0,0.0,0.0,6827.15,0.0,29263.863824,22.432469
2035-08-07,4,681588.95321,322321.602011,359267.351199,0.0,0.0,0.0,6722.35,0.0,29684.526827,22.961085
2035-08-07,5,692041.740197,322282.925649,369758.814548,0.0,0.0,0.0,6650.67,0.0,30081.293011,23.005718
2035-08-07,6,709048.328112,337627.099187,371421.228925,0.0,0.0,0.0,6279.46,0.0,29989.508168,23.643213
2035-08-07,7,730540.064206,337620.870863,392919.193343,0.0,0.0,0.0,5739.54,0.0,30293.384505,24.115498
2035-08-07,8,707745.145749,337620.870863,370124.274886,0.0,0.0,0.0,7273.66,0.0,30997.501279,22.832329
2035-08-07,9,679080.180152,319567.654181,359512.525971,0.0,0.0,0.0,8733.06,0.0,31750.569861,21.387968
2035-08-07,10,669392.08829,341933.577422,327458.510868,0.0,0.0,0.0,10433.41,0.0,32572.749716,20.550678
2035-08-07,11,734694.670762,353813.333016,380881.337746,0.0,0.0,0.0,8794.86,0.0,33154.924268,22.159443
2035-08-07,12,743898.541228,353804.438654,390094.102574,0.0,0.0,0.0,8501.5,0.0,33249.000397,22.373561
2035-08-07,13,742070.350669,353804.438654,388265.912015,0.0,0.0,0.0,8640.41,0.0,33320.335549,22.270795
2035-08-07,14,744913.222401,353804.438654,391108.783746,0.0,0.0,0.0,8730.06,0.0,33515.278366,22.226079
2035-08-07,15,745562.91175,353804.438654,391758.473096,0.0,0.0,0.0,8902.6,0.0,33711.644983,22.115886
2035-08-07,16,759678.661183,379729.142538,379949.518645,0.0,0.0,0.0,8795.27,0.0,33485.635008,22.686703
2035-08-07,17,780157.694873,379724.905922,400432.788951,0.0,0.0,0.0,8414.37,0.0,33905.416846,23.009825
2035-08-07,18,784687.328124,379724.905922,404962.422203,0.0,0.0,0.0,8113.27,0.0,33755.326745,23.246326
2035-08-07,19,799813.194383,397593.288137,402219.906247,0.0,0.0,0.0,7644.43,0.0,33374.966302,23.964464
2035-08-07,20,812865.105305,397586.663096,415278.442209,0.0,0.0,0.0,6999.65,0.0,33299.870185,24.410459
2035-08-07,21,788387.163869,397586.663096,390800.500773,0.0,0.0,0.0,7184.88,0.0,32603.614226,24.180974
2035-08-07,22,738673.991985,353804.438654,384869.55333,0.0,0.0,0.0,7380.74,0.0,31775.917444,23.246347
2035-08-07,23,673751.485138,337620.870863,336130.614275,0.0,0.0,0.0,8197.82,0.0,30641.898916,21.987916
2035-08-08,0,646459.256916,337620.870863,308838.386053,0.0,0.0,0.0,8623.18,0.0,30021.756983,21.533025
2035-08-08,1,596420.73641,272664.710326,323756.026084,0.0,0.0,0.0,8740.62,0.0,29645.500974,20.118423
2035-08-08,2,589402.298988,272664.710326,316737.588662,0.0,0.0,0.0,8710.35,0.0,29355.933755,20.077791
2035-08-08,3,581789.121952,267973.996037,313815.125915,0.0,0.0,0.0,9046.76,0.0,29488.813446,19.729147
2035-08-08,4,583918.885002,267973.996037,315944.888965,0.0,0.0,0.0,9471.34,0.0,29991.031685,19.469783
2035-08-08,5,601023.623351,267973.996037,333049.627314,0.0,0.0,0.0,9183.34,0.0,30336.280681,19.812041
2035-08-08,6,631405.057051,306141.63816,325263.41889,0.0,0.0,0.0,8853.8,0.0,30284.702113,20.848977
2035-08-08,7,657857.293357,306047.206184,351810.087173,0.0,0.0,0.0,8199.15,0.0,30728.763131,21.408518
2035-08-08,8,617558.775028,306047.206184,311511.568844,0.0,0.0,0.0,10298.23,0.0,31300.362771,19.730084
2035-08-08,9,566528.812545,269372.294197,297156.518348,0.0,0.0,0.0,12095.56,0.0,31900.513584,17.759238
2035-08-08,10,543841.232073,261462.303703,282378.92837,0.0,0.0,0.0,13436.11,0.0,32558.163208,16.703683
2035-08-08,11,580889.024653,267205.799651,313683.225002,0.0,0.0,0.0,12987.25,0.0,33418.48041,17.382269
2035-08-08,12,598785.918333,267118.504418,331667.413915,0.0,0.0,0.0,12567.0,0.0,33684.562169,17.776271
2035-08-08,13,601149.201212,280094.556219,321054.644993,0.0,0.0,0.0,12845.38,0.0,33746.430639,17.813712
2035-08-08,14,649151.677851,313490.261795,335661.416056,0.0,0.0,0.0,11869.8,0.0,33832.54746,19.187195
2035-08-08,15,666343.698455,313475.160903,352868.537553,0.0,0.0,0.0,11325.69,0.0,34033.704751,19.578935
2035-08-08,16,662870.160628,313475.160903,349394.999725,0.0,0.0,0.0,10843.81,0.0,33396.308409,19.848606
2035-08-08,17,718225.48383,345933.585739,372291.898092,0.0,0.0,0.0,9758.6,0.0,33498.697142,21.440401
2035-08-08,18,757470.635843,371819.152044,385651.483799,0.0,0.0,0.0,8640.33,0.0,33418.317128,22.666331
2035-08-08,19,807460.621063,401783.545612,405677.075451,0.0,0.0,0.0,7294.66,0.0,33173.825558,24.340293
2035-08-08,20,820657.048466,401730.633101,418926.415365,0.0,0.0,0.0,6774.16,0.0,33287.639021,24.653507
2035-08-08,21,792965.291424,401730.633101,391234.658323,0.0,0.0,0.0,7160.17,0.0,32664.657173,24.275941
2035-08-08,22,724751.382613,349523.429708,375227.952906,0.0,0.0,0.0,7652.49,0.0,31767.164054,22.814482
2035-08-08,23,668613.45292,322282.925649,346330.527271,0.0,0.0,0.0,8193.28,0.0,30763.361246,21.734083
2035-08-09,0,647668.98938,306047.206184,341621.783196,0.0,0.0,0.0,7921.45,0.0,30074.585122,21.535426
2035-08-09,1,634003.984025,280939.490626,353064.493399,0.0,0.0,0.0,7683.44,0.0,29792.102538,21.280941
2035-08-09,2,641801.526897,289041.456348,352760.070549,0.0,0.0,0.0,7435.92,0.0,29597.647421,21.684207
2035-08-09,3,674661.590109,322841.89718,351819.692929,0.0,0.0,0.0,7349.72,0.0,29934.802478,22.5377
2035-08-09,4,716668.658709,341141.809375,375526.849334,0.0,0.0,0.0,7073.12,0.0,30877.333575,23.210186
2035-08-09,5,732747.370164,340997.018604,391750.35156,0.0,0.0,0.0,7392.16,0.0,31777.535119,23.05866
2035-08-09,6,738857.164912,359020.417181,379836.747731,0.0,0.0,0.0,7835.66,0.0,31933.125005,23.13764
2035-08-09,7,739177.351462,358949.632221,380227.719242,0.0,0.0,0.0,8090.45,0.0,32222.507335,22.939784
2035-08-09,8,686917.358009,328689.612128,358227.745881,0.0,0.0,0.0,9320.77,0.0,32395.499357,21.204098
2035-08-09,9,655928.03031,306409.686403,349518.343908,0.0,0.0,0.0,10331.94,0.0,32720.935895,20.046127
2035-08-09,10,637666.931949,310359.912742,327307.019206,0.0,0.0,0.0,11675.04,0.0,33276.996045,19.162395
2035-08-09,11,674800.085254,310328.21513,364471.870124,0.0,0.0,0.0,10674.9,0.0,33760.34842,19.987948
2035-08-09,12,675555.919595,310328.21513,365227.704465,0.0,0.0,0.0,10503.16,0.0,33615.569002,20.096519
2035-08-09,13,668535.360641,310328.21513,358207.145511,0.0,0.0,0.0,10813.15,0.0,33665.978455,19.857892
2035-08-09,14,680382.720719,315179.533122,365203.187597,0.0,0.0,0.0,10780.54,0.0,33940.32247,20.046442
2035-08-09,15,684427.294267,315152.80432,369274.489947,0.0,0.0,6.846091,10823.83,0.0,34143.523719,20.045596
2035-08-09,16,675299.836868,321853.410693,353446.426176,0.0,0.0,0.0,11163.46,0.0,33913.891082,19.91219
2035-08-09,17,677653.399353,315180.156544,362473.242809,0.0,0.0,0.0,11125.71,0.0,34060.718575,19.895452
2035-08-09,18,667394.024576,308919.678563,358474.346013,0.0,0.0,0.0,10891.08,0.0,33631.199686,19.844491
2035-08-09,19,681156.416181,312006.185807,369150.230374,0.0,0.0,0.0,9710.84,0.0,32914.378166,20.694798
2035-08-09,20,677187.8306,311738.953323,365448.877277,0.0,0.0,0.0,9716.13,0.0,32818.045669,20.634618
2035-08-09,21,681721.281883,322440.096152,359281.185732,0.0,0.0,0.0,9289.98,0.0,32277.230051,21.120811
2035-08-09,22,668349.823463,319452.595454,348897.228009,0.0,0.0,0.0,8900.94,0.0,31488.469292,21.225224
2035-08-09,23,635249.950665,301399.378772,333850.571893,0.0,0.0,0.0,8730.13,0.0,30469.931739,20.848421
2035-08-10,0,611991.1282,285163.659307,326827.468893,0.0,0.0,0.0,8525.66,0.0,29767.592466,20.558973
2035-08-10,1,597403.786536,267507.450429,329896.336108,0.0,0.0,0.0,8398.56,0.0,29422.42727,20.304368
2035-08-10,2,573456.836817,267507.450429,305949.386388,0.0,0.0,0.0,8765.96,0.0,28906.065416,19.838633
2035-08-10,3,540398.589801,242611.779997,297786.809804,0.0,0.0,0.0,9492.54,0.0,28776.706418,18.779028
2035-08-10,4,520948.614851,226584.403248,294364.211603,0.0,0.0,0.0,10208.97,0.0,28978.704086,17.976947
2035-08-10,5,520309.875503,226584.403248,293725.472254,0.0,0.0,0.0,10388.51,0.0,29132.150426,17.860332
2035-08-10,6,525074.765496,239326.217921,285748.547575,0.0,0.0,0.0,10499.82,0.0,29194.347016,17.985494
2035-08-10,7,555418.618832,243109.694228,312308.924604,0.0,0.0,0.0,10303.4,0.0,30104.536679,18.449665
2035-08-10,8,567597.92771,259541.215069,308056.71264,0.0,0.0,0.0,10978.27,0.0,30919.44936,18.35731
2035-08-10,9,566550.755069,259535.905513,307014.849557,0.0,0.0,0.0,11727.28,0.0,31665.304401,17.891846
2035-08-10,10,559189.449581,264233.847942,294955.601639,0.0,0.0,0.0,13133.1,0.0,32632.683756,17.135871
2035-08-10,11,600236.456072,272901.001984,327335.454088,0.0,0.0,0.0,12533.96,0.0,33505.632813,17.914494
2035-08-10,12,608593.229602,272664.710326,335928.519276,0.0,0.0,0.0,12073.47,0.0,33392.27942,18.225567
2035-08-10,13,605530.469977,285640.762128,319889.70785,0.0,0.0,0.0,12458.2,0.0,33357.707111,18.152641
2035-08-10,14,645880.140119,303692.294166,342187.845954,0.0,0.0,0.0,11570.68,0.0,33618.630931,19.21197
2035-08-10,15,651460.594148,303683.421597,347777.172551,0.0,0.0,0.0,11403.96,0.0,33702.408451,19.329793
2035-08-10,16,627530.450452,303683.421597,323847.028855,0.0,0.0,0.0,11770.72,0.0,33137.047898,18.937428
2035-08-10,17,673289.309946,321436.578124,351852.731822,0.0,0.0,0.0,10650.06,0.0,33313.908525,20.210457
2035-08-10,18,697890.93191,325688.985388,372201.946522,0.0,0.0,0.0,9618.88,0.0,33177.88654,21.034822
2035-08-10,19,736364.616273,353820.751189,382543.865083,0.0,0.0,0.0,8225.26,0.0,32540.037089,22.629495
2035-08-10,20,751337.01716,353804.438654,397532.578506,0.0,0.0,0.0,7391.23,0.0,32401.896783,23.188057
2035-08-10,21,747000.874289,353804.438654,393196.435635,0.0,0.0,0.0,7193.36,0.0,32048.358198,23.308554
2035-08-10,22,736049.750487,353804.438654,382245.311833,0.0,0.0,0.0,6911.2,0.0,31359.446868,23.471388
2035-08-10,23,688967.830452,341901.879809,347065.950642,0.0,0.0,0.0,7436.44,0.0,30375.143916,22.681961
2035-08-11,0,624131.364938,303683.421597,320447.943341,0.0,0.0,0.0,8256.93,0.0,29577.946648,21.10124
2035-08-11,1,581383.80613,250272.942563,331110.863567,0.0,0.0,0.0,8466.05,0.0,29167.660873,19.93248
2035-08-11,2,571535.664787,250272.942563,321262.722225,0.0,0.0,0.0,8168.04,0.0,28553.262649,20.016475
2035-08-11,3,562154.956214,250272.942563,311882.013651,0.0,0.0,0.0,8142.27,0.0,28212.803466,19.925526
2035-08-11,4,543574.96076,233824.744412,309750.216348,0.0,0.0,0.0,8087.18,0.0,27745.152583,19.591709
2035-08-11,5,520653.460557,225914.753917,294738.70664,0.0,0.0,0.0,7929.8,0.0,26933.492338,19.331079
2035-08-11,6,554622.104845,259608.967265,295013.13758,0.0,0.0,0.0,7064.08,0.0,26576.564571,20.868841
2035-08-11,7,602282.462758,259597.459934,342685.002825,0.0,0.0,0.0,6407.14,0.0,27803.888794,21.661807
2035-08-11,8,563149.452494,259597.459934,303551.99256,0.0,0.0,0.0,9377.63,0.0,29321.974416,19.205714
2035-08-11,9,523203.323822,230414.301163,292789.022659,0.0,0.0,0.0,11784.93,0.0,30654.337036,17.06784
2035-08-11,10,516825.232806,239863.699707,276961.5331,0.0,0.0,0.0,12993.37,0.0,31432.807869,16.442223
2035-08-11,11,557902.319491,247911.876698,309990.442793,0.0,0.0,0.0,12715.23,0.0,32582.16361,17.122937
2035-08-11,12,565485.545633,247839.976072,317645.569561,0.0,0.0,0.0,12636.7,0.0,32818.272493,17.230814
2035-08-11,13,584019.059623,277269.535581,306749.524041,0.0,0.0,0.0,13041.08,0.0,33280.783729,17.548236
2035-08-11,14,670959.71826,330499.626615,340460.091645,0.0,0.0,0.0,11703.72,0.0,34047.769948,19.706422
2035-08-11,15,717429.16131,337801.133667,379628.027643,0.0,0.0,0.0,10607.92,0.0,34676.718253,20.689073
2035-08-11,16,749072.241674,363493.423073,385578.818601,0.0,0.0,0.0,9814.77,0.0,34442.572915,21.74844
2035-08-11,17,792538.88873,393230.193162,399308.695568,0.0,0.0,0.0,9134.21,0.0,34503.396886,22.96988
2035-08-11,18,803840.737898,393129.958115,410710.779783,0.0,0.0,0.0,8506.1,0.0,34288.88734,23.443185
2035-08-11,19,795042.749501,388752.918032,406289.831469,0.0,0.0,0.0,7839.28,0.0,33547.292615,23.699163
2035-08-11,20,804379.801108,383868.875927,420510.925182,0.0,0.0,0.0,7320.92,0.0,33617.839459,23.927171
2035-08-11,21,807646.245445,411526.293963,396119.951482,0.0,0.0,0.0,7582.34,0.0,33136.507554,24.373306
2035-08-11,22,766862.003688,381308.13506,385553.868628,0.0,0.0,0.0,7673.94,0.0,32292.450056,23.747409
2035-08-11,23,685469.643425,351703.846415,333765.79701,0.0,0.0,0.0,8945.18,0.0,31218.1523,21.957406
2035-08-12,0,621747.018215,326325.827542,295421.190674,0.0,0.0,0.0,9667.03,0.0,30321.178549,20.505371
2035-08-12,1,551385.697265,239267.674162,312118.023103,0.0,0.0,0.0,9862.94,0.0,29576.137611,18.642924
2035-08-12,2,533197.312345,239267.674162,293929.638182,0.0,0.0,0.0,10027.17,0.0,29077.973443,18.336811
2035-08-12,3,527723.785935,242140.186031,285583.599904,0.0,0.0,0.0,10233.12,0.0,28898.427352,18.261332
2035-08-12,4,520521.188776,225898.268791,294622.919985,0.0,0.0,0.0,10356.58,0.0,29176.831219,17.840223
2035-08-12,5,536300.376025,235347.667335,300952.70869,0.0,0.0,0.0,10472.53,0.0,29572.078411,18.135363
2035-08-12,6,610922.155089,300311.977863,310610.177226,0.0,0.0,0.0,9073.79,0.0,29675.619238,20.586669
2035-08-12,7,662656.029272,299942.820295,362713.208977,0.0,0.0,0.0,7858.35,0.0,30661.972987,21.611657
2035-08-12,8,651626.291417,298225.623489,353400.667929,0.0,0.0,0.0,9610.48,0.0,32048.461367,20.33253
2035-08-12,9,647918.451327,300497.664581,347420.786747,0.0,0.0,0.0,11407.83,0.0,33472.609216,19.356676
2035-08-12,10,659695.672308,325366.918277,334328.754031,0.0,0.0,0.0,12926.91,0.0,34926.826351,18.887936
2035-08-12,11,715611.612386,349153.051901,366458.560484,0.0,0.0,0.0,12324.75,0.0,36032.035091,19.860427
2035-08-12,12,735328.488349,349056.884099,386271.604249,0.0,0.0,0.0,12028.64,0.0,36547.572706,20.119763
2035-08-12,13,725897.02509,349056.884099,376840.140991,0.0,0.0,0.0,12505.04,0.0,36671.374603,19.79465
2035-08-12,14,771334.367438,385475.166859,385859.200579,0.0,0.0,0.0,11600.84,0.0,36572.964658,21.090288
2035-08-12,15,797976.971695,385415.37515,412561.596544,0.0,0.0,0.0,10615.63,0.0,36671.768011,21.759981
2035-08-12,16,836852.070889,421154.017182,415698.053707,0.0,0.0,0.0,9394.99,0.0,35937.041846,23.286615
2035-08-12,17,898442.592137,461776.037288,436666.554849,0.0,0.0,0.0,8576.75,0.0,36331.122386,24.729283
2035-08-12,18,914313.646816,461727.598761,452586.048055,0.0,0.0,0.0,7995.87,0.0,36324.800653,25.170507
2035-08-12,19,915062.931527,468505.753633,446557.177894,0.0,0.0,0.0,7511.16,0.0,35642.64196,25.673263
2035-08-12,20,932421.048251,489990.635771,442430.412479,0.0,0.0,0.0,7396.77,0.0,35454.540051,26.299059
2035-08-12,21,865488.29959,452894.566824,412593.732766,0.0,0.0,0.0,8096.62,0.0,34875.760247,24.816328
2035-08-12,22,878315.766128,490408.347297,387907.418831,0.0,0.0,0.0,8538.58,0.0,34232.188576,25.657599
2035-08-12,23,787085.771253,436843.459528,350242.311725,0.0,0.0,0.0,9533.4,0.0,33252.837327,23.669733
2035-08-13,0,678384.058792,349512.018358,328872.040434,0.0,0.0,0.0,9799.16,0.0,32145.887979,21.103292
2035-08-13,1,601172.3736,267798.193656,333374.179944,0.0,0.0,0.0,10087.11,0.0,31234.852968,19.246845
2035-08-13,2,587855.876669,267331.648047,320524.228621,0.0,0.0,0.0,9946.44,0.0,30613.819692,19.202304
2035-08-13,3,568229.690616,250883.449897,317346.24072,0.0,0.0,0.0,10038.24,0.0,30241.776414,18.789561
2035-08-13,4,591217.134464,273620.835303,317596.299161,0.0,0.0,0.0,9781.43,0.0,30365.525824,19.470011
2035-08-13,5,663422.019216,319236.707312,344185.311904,0.0,0.0,0.0,8348.66,0.0,30673.706527,21.628362
2035-08-13,6,781006.919761,402602.342567,378404.577193,0.0,0.0,0.0,5908.86,0.0,30680.369221,25.456243
2035-08-13,7,841696.054487,402526.97321,439169.081277,0.0,0.0,0.0,4093.04,0.0,31363.892465,26.836467
2035-08-13,8,851537.745619,430184.391246,421353.354373,0.0,0.0,0.0,5228.91,0.0,32011.642386,26.600876
2035-08-13,9,824411.011976,409942.166797,414468.845179,0.0,0.0,0.0,6644.35,0.0,32843.432463,25.101244
2035-08-13,10,849225.372472,461046.175354,388179.197119,0.0,0.0,0.0,8454.47,0.0,33976.763513,24.994299
2035-08-13,11,892148.938473,453132.499704,439016.438769,0.0,0.0,0.0,7173.88,0.0,34562.456976,25.81266
2035-08-13,12,899888.625081,462578.688583,437309.936499,0.0,0.0,0.0,7173.26,0.0,34605.110001,26.004501
2035-08-13,13,906807.37086,462290.830152,444516.540707,0.0,0.0,0.0,7238.79,0.0,34967.292478,25.933016
2035-08-13,14,926576.666815,488087.454175,438489.21264,0.0,0.0,0.0,7442.92,0.0,35234.250121,26.297613
2035-08-13,15,937788.600712,514002.799051,423785.801662,0.0,0.0,0.0,7724.59,0.0,35158.063389,26.6735
2035-08-13,16,867894.744239,443037.756516,424856.987723,0.0,0.0,0.0,7590.23,0.0,34623.70504,25.06649
2035-08-13,17,915378.090068,471053.390179,444324.699889,0.0,0.0,0.0,6712.06,0.0,34822.479788,26.286987
2035-08-13,18,964585.57724,505311.729459,459273.847781,0.0,0.0,0.0,5752.27,0.0,34697.130995,27.800154
2035-08-13,19,996653.611702,523079.104526,473574.507175,0.0,0.0,0.0,4986.61,0.0,34582.021998,28.819992
2035-08-13,20,1000708.040501,523053.517968,477654.522533,0.0,0.0,0.0,4726.21,0.0,34507.626388,28.99962
2035-08-13,21,963394.488792,523053.517968,440340.970824,0.0,0.0,0.0,5368.3,0.0,33788.763475,28.512274
2035-08-13,22,888759.139778,471782.990133,416976.149644,0.0,0.0,0.0,6200.09,0.0,32990.900394,26.939524
2035-08-13,23,864951.364199,464074.708754,400876.655445,0.0,0.0,0.0,5946.76,0.0,32016.062864,27.016169
2035-08-14,0,811782.603937,409082.838075,402699.765862,0.0,0.0,0.0,5552.54,0.0,31356.693807,25.888654
2035-08-14,1,772481.909136,363541.33813,408940.571006,0.0,0.0,0.0,5355.98,0.0,30874.464717,25.020091
2035-08-14,2,782912.479059,367713.344293,415199.134766,0.0,0.0,0.0,4746.2,0.0,30529.647087,25.644334
2035-08-14,3,822881.79514,404536.155388,418345.639752,0.0,0.0,0.0,4249.08,0.0,30527.616077,26.955324
2035-08-14,4,859819.788409,430581.302577,429238.485832,0.0,0.0,0.0,3792.36,0.0,30843.036213,27.877275
2035-08-14,5,891796.193205,436712.428692,455083.764513,0.0,0.0,0.0,2947.94,0.0,31059.546582,28.712467
2035-08-14,6,914424.411338,454548.080859,459876.330479,0.0,0.0,0.0,2269.92,0.0,30787.84759,29.700823
2035-08-14,7,922603.403419,454541.455818,468061.947601,0.0,0.0,0.0,1808.82,0.0,30721.574442,30.031124
2035-08-14,8,923498.582422,454541.455818,468957.126604,0.0,0.0,0.0,2053.63,0.0,31046.416747,29.745738
2035-08-14,9,904024.210315,455473.878794,448550.331521,0.0,0.0,0.0,3197.35,0.0,31498.436941,28.700605
2035-08-14,10,851039.95972,423584.338879,427455.620841,0.0,0.0,0.0,5036.13,0.0,32192.769365,26.435749
2035-08-14,11,801085.194931,390473.01271,410612.18222,0.0,0.0,0.0,6425.9,0.0,32525.660319,24.629329
2035-08-14,12,744174.672332,367533.906481,376640.765852,0.0,0.0,0.0,7863.91,0.0,32330.506161,23.017724
2035-08-14,13,712986.45106,329681.553738,383304.897322,0.0,0.0,0.0,8372.3,0.0,32506.572421,21.933609
2035-08-14,14,743700.538974,358002.114303,385698.424671,0.0,0.0,0.0,8306.27,0.0,32852.780732,22.63737
2035-08-14,15,758647.609948,357948.408659,400699.201288,0.0,0.0,0.0,8203.51,0.0,33401.392848,22.713053
2035-08-14,16,788089.767535,386606.484444,401483.283091,0.0,0.0,0.0,7671.69,0.0,33242.590185,23.707231
2035-08-14,17,828089.742383,404250.795058,423838.947326,0.0,0.0,0.0,6607.68,0.0,33279.570057,24.882826
2035-08-14,18,843524.610579,410433.914902,433090.695677,0.0,0.0,0.0,5617.19,0.0,32755.717728,25.751981
2035-08-14,19,852647.175135,409604.844745,443042.33039,0.0,0.0,6.78078,4783.34,0.0,32251.382527,26.437539
2035-08-14,20,853523.40016,409604.844745,443918.555416,0.0,0.0,4.680519,4359.58,0.0,31864.236835,26.78625
2035-08-14,21,828163.876499,409604.844745,418559.031754,0.0,0.0,0.0,4392.02,0.0,31033.426005,26.686189
2035-08-14,22,785560.650332,375443.896975,410116.753357,0.0,0.0,0.0,4290.1,0.0,30122.907919,26.078513
2035-08-14,23,779753.308205,400729.700508,379023.607698,0.0,0.0,0.0,4199.66,0.0,29148.167456,26.751366
2035-08-15,0,754861.56097,400427.806825,354433.754145,0.0,0.0,0.0,4380.53,0.0,28394.91593,26.584391
2035-08-15,1,683616.532663,314372.935154,369243.597509,0.0,0.0,0.0,4707.16,0.0,28022.58677,24.395197
2035-08-15,2,715184.174563,333633.151697,381551.022866,0.0,0.0,0.0,3876.78,0.0,27876.672212,25.655292
2035-08-15,3,753932.23081,360464.921735,393467.309074,0.0,0.0,0.0,3270.93,0.0,28092.383972,26.837602
2035-08-15,4,797910.439478,386185.023105,411725.416373,0.0,0.0,0.0,2828.44,0.0,28715.921871,27.786342
2035-08-15,5,820400.926877,385926.2019,434474.724978,0.0,0.0,0.0,2559.25,0.0,29372.687595,27.930741
2035-08-15,6,841437.940429,410518.769302,430919.171127,0.0,0.0,0.0,2310.99,0.0,29256.233841,28.760979
2035-08-15,7,901479.659143,450457.765578,451021.893565,0.0,0.0,12.503254,2133.23,0.0,30115.902959,29.933675
2035-08-15,8,930150.433663,467256.283315,462894.150348,0.0,0.0,3.219931,2453.42,0.0,31249.490846,29.765299
2035-08-15,9,938004.529876,467247.236144,470757.293732,0.0,0.0,0.0,3073.75,0.0,32099.07528,29.222167
2035-08-15,10,931124.868944,473436.981028,457687.887915,0.0,0.0,0.0,4338.05,0.0,33024.454444,28.195011
2035-08-15,11,936891.077291,473378.945041,463512.13225,0.0,0.0,0.0,4945.48,0.0,33933.71536,27.609446
2035-08-15,12,918225.036366,473352.216239,444872.820127,0.0,0.0,0.0,5535.39,0.0,33877.712719,27.104104
2035-08-15,13,870088.576288,433281.583327,436806.992961,0.0,0.0,0.0,5979.29,0.0,33605.928407,25.890925
2035-08-15,14,862110.770555,422325.869724,439784.900831,0.0,0.0,0.0,6011.97,0.0,33587.256689,25.667794
2035-08-15,15,867344.789816,422294.569694,445050.220122,0.0,0.0,0.0,5935.78,0.0,33696.950613,25.739563
2035-08-15,16,862490.182753,431207.682622,431282.500131,0.0,0.0,0.0,5951.45,0.0,33282.807802,25.913985
2035-08-15,17,967138.399067,519055.214379,448083.184687,0.0,0.0,0.0,5259.15,0.0,33803.391032,28.610692
2035-08-15,18,992537.598631,519051.529224,473486.069407,0.0,0.0,0.0,4350.62,0.0,33957.881658,29.22849
2035-08-15,19,1018758.264813,536050.276748,482707.988064,0.0,0.0,0.0,3744.57,0.0,33828.588926,30.115305
2035-08-15,20,1027578.890042,536037.781542,491541.1085,0.0,0.0,0.0,3225.8,0.0,33680.645979,30.509477
2035-08-15,21,986444.535553,536037.781542,450406.754011,0.0,0.0,0.0,3837.74,0.0,32826.207959,30.050517
2035-08-15,22,882181.095552,472627.593846,409553.501706,0.0,0.0,0.0,5483.78,0.0,32067.139537,27.510439
2035-08-15,23,774119.090368,367822.347077,406296.743292,0.0,0.0,0.0,5487.32,0.0,31025.306087,24.951215
2035-08-16,0,744048.22015,367822.347077,376225.873073,0.0,0.0,0.0,5927.68,0.0,30362.503829,24.505496
2035-08-16,1,688699.98091,321873.220306,366826.760604,0.0,0.0,0.0,6652.67,0.0,29962.423674,22.985456
2035-08-16,2,677739.900658,307009.432953,370730.467705,0.0,0.0,0.0,6440.33,0.0,29640.858577,22.865056
2035-08-16,3,688605.63179,314321.220141,374284.411649,0.0,0.0,0.0,6517.71,0.0,29920.127382,23.014796
2035-08-16,4,755735.325054,383726.927632,372008.397423,0.0,0.0,0.0,6612.44,0.0,30806.638111,24.531574
2035-08-16,5,820039.818002,398280.625462,421759.19254,0.0,0.0,0.0,5319.37,0.0,31770.940102,25.811003
2035-08-16,6,903194.778141,466983.506869,436211.271272,0.0,0.0,0.0,4210.59,0.0,31867.728986,28.341988
2035-08-16,7,973283.65408,508209.921816,465073.732264,0.0,0.0,0.0,3344.31,0.0,32411.515128,30.028947
2035-08-16,8,998588.494266,530195.237436,468393.25683,0.0,0.0,0.0,4167.45,0.0,33389.311759,29.90743
2035-08-16,9,959751.022179,509091.831417,450659.190762,0.0,0.0,0.0,5618.01,0.0,34217.118907,28.048855
2035-08-16,10,912860.131903,490080.240628,422779.891275,0.0,0.0,0.0,7734.02,0.0,35036.29868,26.054697
2035-08-16,11,919096.546751,469427.332859,449669.213892,0.0,0.0,0.0,7570.46,0.0,35742.868001,25.714124
2035-08-16,12,911865.787863,469427.332859,442438.455004,0.0,0.0,0.0,7930.82,0.0,35870.714782,25.420898
2035-08-16,13,926205.858235,480651.775213,445554.083021,0.0,0.0,0.0,7765.92,0.0,35928.969928,25.778804
2035-08-16,14,968292.589519,522163.275273,446129.314246,0.0,0.0,0.0,7625.85,0.0,36321.809267,26.65871
2035-08-16,15,1035371.20743,582468.186889,452903.02054,0.0,0.0,0.0,7481.75,0.0,36910.145791,28.051128
2035-08-16,16,1042989.734483,562830.111009,480159.623474,0.0,0.0,0.0,6460.71,0.0,36803.008714,28.339795
2035-08-16,17,1075385.406253,571038.414488,504346.991765,0.0,0.0,0.0,6048.01,0.0,37366.500806,28.779398
2035-08-16,18,1082024.591905,570825.864819,511198.727086,0.0,0.0,2.535123,5703.05,0.0,37246.53193,29.050345
2035-08-16,19,1065817.968952,570825.864819,494992.104133,0.0,0.0,0.0,5418.96,0.0,36405.940012,29.275936
2035-08-16,20,1055091.510939,555272.553716,499818.957223,0.0,0.0,0.0,5358.14,0.0,36311.490494,29.056684
2035-08-16,21,1022500.510265,562119.223822,460381.286443,0.0,0.0,0.0,6034.43,0.0,35681.961308,28.65595
2035-08-16,22,943766.792316,507464.841339,436301.950977,0.0,0.0,0.0,6857.51,0.0,34903.735151,27.039135
2035-08-16,23,846917.468607,460934.406643,385983.061964,0.0,0.0,0.0,8283.85,0.0,33792.603103,25.062215
2035-08-17,0,799149.514695,477075.475534,322074.039162,0.0,0.0,0.0,9590.68,0.0,32825.734506,24.345213
2035-08-17,1,670446.941002,324063.111068,346383.829934,0.0,0.0,0.0,9615.9,0.0,32197.205822,20.823141
2035-08-17,2,663954.223728,324063.111068,339891.11266,0.0,0.0,0.0,9331.25,0.0,31670.405837,20.9645
2035-08-17,3,667295.400657,324063.111068,343232.289589,0.0,0.0,0.0,9205.43,0.0,31664.340083,21.074035
2035-08-17,4,680170.803244,324063.111068,356107.692176,0.0,0.0,0.0,9098.15,0.0,32034.023281,21.232762
2035-08-17,5,651921.688175,324063.111068,327858.577107,0.0,0.0,0.0,10029.5,0.0,31838.448491,20.475925
2035-08-17,6,619158.227377,300417.028419,318741.198958,0.0,0.0,0.0,10777.55,0.0,31749.156513,19.501565
2035-08-17,7,663693.659432,305108.742524,358584.916908,0.0,0.0,0.0,10234.5,0.0,32719.621772,20.284271
2035-08-17,8,690372.652218,329977.43389,360395.218328,0.0,0.0,0.0,10913.44,0.0,33825.925144,20.409572
2035-08-17,9,701534.537447,329957.982316,371576.555131,0.0,0.0,0.0,11205.27,0.0,34757.687308,20.183579
2035-08-17,10,720607.747024,358067.401505,362540.345519,0.0,0.0,0.0,11978.44,0.0,35589.41566,20.247811
2035-08-17,11,745201.846482,357948.408659,387253.437823,0.0,0.0,0.0,11222.35,0.0,35923.782281,20.74397
2035-08-17,12,732003.442797,357948.408659,374055.034137,0.0,0.0,0.0,10949.34,0.0,35156.823326,20.821092
2035-08-17,13,676898.065624,345894.448159,331003.617465,0.0,0.0,0.0,12352.22,0.0,34758.668884,19.474223
2035-08-17,14,704399.468595,345894.448159,358505.020436,0.0,0.0,0.0,11693.81,0.0,35154.781056,20.037089
2035-08-17,15,741267.79913,353822.689967,387445.109163,0.0,0.0,0.0,11226.53,0.0,35840.624432,20.682335
2035-08-17,16,751334.997497,379729.142538,371605.854958,0.0,0.0,0.0,11398.85,0.0,35764.560061,21.007808
2035-08-17,17,802820.848767,401765.2943,401055.554467,0.0,0.0,0.0,10424.92,0.0,36179.220604,22.190109
2035-08-17,18,812176.160533,401730.633101,410445.527431,0.0,0.0,0.0,9960.94,0.0,36137.677327,22.474498
2035-08-17,19,809110.774424,401730.633101,407380.141323,0.0,0.0,0.0,9372.55,0.0,35419.640056,22.843563
2035-08-17,20,772736.615657,383868.875927,388867.73973,0.0,0.0,0.0,10196.66,0.0,35294.134109,21.894194
2035-08-17,21,728125.309654,351303.615127,376821.694527,0.0,0.0,0.0,11167.62,0.0,35095.160959,20.747171
2035-08-17,22,707538.323301,333250.398445,374287.924856,0.0,0.0,0.0,10837.77,0.0,34603.021134,20.447299
2035-08-17,23,654769.605982,333250.398445,321519.207537,0.0,0.0,0.0,11762.54,0.0,33506.131225,19.541785
2035-08-18,0,631355.29684,329106.428439,302248.8684,0.0,0.0,0.0,11641.98,0.0,32576.817928,19.380509
2035-08-18,1,579774.24306,258847.499462,320926.743598,0.0,0.0,0.0,11496.86,0.0,31843.837861,18.206795
2035-08-18,2,531145.470751,258847.499462,272297.971288,0.0,0.0,0.0,12717.85,0.0,31222.591278,17.011576
2035-08-18,3,499299.73489,236896.239638,262403.495252,0.0,0.0,0.0,13093.57,0.0,30660.054415,16.285024
2035-08-18,4,495932.205283,230112.703691,265819.501593,0.0,0.0,0.0,12617.0,0.0,30069.005812,16.493136
2035-08-18,5,461526.026265,213848.948068,247677.078198,0.0,0.0,0.0,12747.22,0.0,29228.153557,15.790461
2035-08-18,6,449769.479714,213848.948068,235920.531646,0.0,0.0,0.0,12557.71,0.0,28663.146397,15.69156
2035-08-18,7,501734.009957,227465.659336,274268.35062,0.0,0.0,0.0,12060.89,0.0,29871.012244,16.796686
2035-08-18,8,547618.505768,252118.182538,295500.32323,0.0,0.0,0.0,12350.91,0.0,31479.976287,17.395772
2035-08-18,9,569428.739616,251910.806155,317517.933461,0.0,0.0,0.0,12328.79,0.0,32467.070311,17.538655
2035-08-18,10,578452.435385,281340.365663,297112.069722,0.0,0.0,0.0,13104.66,0.0,32998.831425,17.529482
2035-08-18,11,623652.376808,291298.077245,332354.299563,0.0,0.0,0.0,12454.1,0.0,33965.814779,18.361178
2035-08-18,12,642926.251685,291082.716813,351843.534871,0.0,0.0,0.0,12175.96,0.0,34477.290844,18.647818
2035-08-18,13,671921.425545,323247.656405,348673.76914,0.0,0.0,0.0,12623.19,0.0,35213.665143,19.081269
2035-08-18,14,735878.666103,368479.167756,367399.498347,0.0,0.0,0.0,12240.22,0.0,36223.536852,20.314931
2035-08-18,15,779440.514175,384691.413638,394749.100537,0.0,0.0,0.0,11912.49,0.0,37189.184664,20.958795
2035-08-18,16,871170.03386,465190.145359,405979.888501,0.0,0.0,0.0,11069.59,0.0,37277.170796,23.370068
2035-08-18,17,931117.560352,498054.623709,433062.936643,0.0,0.0,0.0,10254.25,0.0,37924.910418,24.551609
2035-08-18,18,931928.555776,489824.019184,442104.536592,0.0,0.0,0.0,9875.51,0.0,37805.336189,24.650715
2035-08-18,19,910137.810043,470078.278079,440059.531965,0.0,0.0,0.0,9192.83,0.0,36797.950959,24.733383
2035-08-18,20,879967.346698,470078.278079,409889.06862,0.0,0.0,0.0,10140.57,0.0,36673.870204,23.994396
2035-08-18,21,809300.135453,432255.251966,377044.883487,0.0,0.0,0.0,11363.15,0.0,36085.366808,22.427377
2035-08-18,22,786803.515207,423277.225344,363526.289863,0.0,0.0,0.0,11120.29,0.0,35092.426153,22.420893
2035-08-18,23,677613.467854,335270.594543,342342.873311,0.0,0.0,0.0,11565.96,0.0,33993.49426,19.933622
2035-08-19,0,629309.14527,321347.8396,307961.30567,0.0,0.0,0.0,11979.59,0.0,32984.245431,19.079083
2035-08-19,1,583615.764071,269159.815512,314455.948559,0.0,0.0,0.0,11919.87,0.0,32270.599588,18.085061
2035-08-19,2,605635.893805,276679.500319,328956.393485,0.0,0.0,0.0,10952.33,0.0,31941.472476,18.960801
2035-08-19,3,628350.116648,292868.332911,335481.783737,0.0,0.0,0.0,10084.71,0.0,31620.095952,19.87186
2035-08-19,4,671956.516498,323143.89394,348812.622558,0.0,0.0,0.0,9040.52,0.0,31611.920457,21.256428
2035-08-19,5,699389.696916,323079.265758,376310.431158,0.0,0.0,0.0,8284.69,0.0,31975.8543,21.872432
2035-08-19,6,742443.288261,368651.977171,373791.311089,0.0,0.0,0.0,7581.21,0.0,31795.26498,23.35075
2035-08-19,7,786755.670537,372790.693349,413964.977188,0.0,0.0,0.0,6908.12,0.0,32727.869318,24.039318
2035-08-19,8,818960.903596,407135.791345,411825.112251,0.0,0.0,0.0,7976.02,0.0,33973.361128,24.105972
2035-08-19,9,818009.154495,407128.152373,410881.002122,0.0,0.0,0.0,8921.9,0.0,34976.980211,23.387072
2035-08-19,10,800410.833324,422285.020734,378125.81259,0.0,0.0,0.0,10821.3,0.0,35835.862134,22.33547
2035-08-19,11,856271.77654,428698.826119,427572.950421,0.0,0.0,0.0,9668.02,0.0,36652.771824,23.36172
2035-08-19,12,858578.935255,428017.725181,430561.210074,0.0,0.0,0.0,9585.48,0.0,36693.034751,23.398962
2035-08-19,13,854591.52428,427152.701332,427438.822948,0.0,0.0,0.0,9944.6,0.0,36895.52022,23.162474
2035-08-19,14,851284.906822,423378.178553,427906.728269,0.0,0.0,0.0,10209.61,0.0,37133.357795,22.925072
2035-08-19,15,844049.615821,423378.178553,420671.437269,0.0,0.0,0.0,10731.05,0.0,37375.744132,22.582818
2035-08-19,16,840211.962049,424310.601528,415901.36052,0.0,0.0,0.0,10769.55,0.0,37174.709909,22.601709
2035-08-19,17,871320.663954,442042.900877,429277.763077,0.0,0.0,0.0,10485.42,0.0,37599.238928,23.173891
2035-08-19,18,894130.556523,454065.130537,440065.425986,0.0,0.0,0.0,10000.32,0.0,37692.397303,23.721775
2035-08-19,19,929001.798157,481658.518496,447343.279661,0.0,0.0,0.0,9114.38,0.0,37268.233285,24.927444
2035-08-19,20,927976.008219,481641.835807,446334.172412,0.0,0.0,0.0,8904.76,0.0,37125.720448,24.995502
2035-08-19,21,880846.28055,470690.218576,410156.061974,0.0,0.0,0.0,9634.35,0.0,36335.145014,24.242267
2035-08-19,22,891426.044185,508717.042262,382709.001923,0.0,0.0,0.0,9879.2,0.0,35415.864599,25.170247
2035-08-19,23,795374.407008,451656.539542,343717.867466,0.0,0.0,0.0,10856.23,0.0,34256.005806,23.218539
2035-08-20,0,671118.717536,362897.821624,308220.895912,0.0,0.0,0.0,11852.5,0.0,33194.896896,20.217527
2035-08-20,1,600447.814721,291362.147691,309085.66703,0.0,0.0,0.0,12260.74,0.0,32431.349473,18.514426
2035-08-20,2,597221.154225,268419.354773,328801.799451,0.0,0.0,0.0,11510.76,0.0,32198.36115,18.548185
2035-08-20,3,599498.82008,268400.541132,331098.278948,0.0,0.0,0.0,11003.54,0.0,31874.100633,18.808337
2035-08-20,4,638006.746016,314417.558479,323589.187537,0.0,0.0,0.0,10052.95,0.0,31423.145341,20.30372
2035-08-20,5,720932.050361,352042.743066,368889.307295,0.0,0.0,0.0,8022.14,0.0,31800.416941,22.670522
2035-08-20,6,841530.542806,445681.385448,395849.157358,0.0,0.0,0.0,5517.05,0.0,31494.763385,26.719697
2035-08-20,7,902977.700623,439682.804351,463294.896272,0.0,0.0,0.0,3635.6,0.0,32152.371381,28.084327
2035-08-20,8,908594.244262,460328.568631,448265.675631,0.0,0.0,0.0,5239.36,0.0,33355.271661,27.239899
2035-08-20,9,863724.040208,448147.761482,415576.278726,0.0,0.0,0.0,7321.48,0.0,34164.480939,25.281345
2035-08-20,10,790255.733374,402720.884048,387534.849326,0.0,0.0,0.0,9965.49,0.0,35118.605515,22.50248
2035-08-20,11,821289.889811,409433.701026,411856.188784,0.0,0.0,0.0,9227.33,0.0,35376.419008,23.215744
2035-08-20,12,774126.507674,388745.499859,385381.007815,0.0,0.0,0.0,9682.3,0.0,34741.208188,22.282659
2035-08-20,13,712720.096239,346045.849814,366674.246424,0.0,0.0,0.0,10757.21,0.0,34461.754022,20.681481
2035-08-20,14,726975.986403,346843.852447,380132.133956,0.0,0.0,0.0,10646.16,0.0,34858.034334,20.855335
2035-08-20,15,760136.553725,372289.771953,387846.781772,0.0,0.0,0.0,10607.81,0.0,35430.284599,21.45443
2035-08-20,16,772039.34182,374699.688982,397339.652838,0.0,0.0,0.0,10069.4,0.0,35272.973654,21.88756
2035-08-20,17,867509.831834,462445.916962,405063.914872,0.0,0.0,0.0,9555.1,0.0,35611.087971,24.360666
2035-08-20,18,869302.174506,453735.901204,415566.273303,0.0,0.0,0.0,9257.96,0.0,35691.480798,24.356013
2035-08-20,19,874378.725871,454668.324179,419710.401692,0.0,0.0,0.0,8730.81,0.0,35318.192544,24.757176
2035-08-20,20,893759.679887,454532.241313,439227.438575,0.0,0.0,0.0,7649.69,0.0,34997.589482,25.53775
2035-08-20,21,903700.766946,474371.936327,429328.830619,0.0,0.0,0.0,7074.46,0.0,34325.406423,26.32746
2035-08-20,22,952194.742532,532562.029262,419632.71327,0.0,0.0,0.0,6213.12,0.0,33483.57948,28.437663
2035-08-20,23,855336.487372,444530.48284,410806.004532,0.0,0.0,0.0,6133.23,0.0,32368.680724,26.424818
2035-08-21,0,825553.129315,442016.945924,383536.18339,0.0,0.0,0.0,6052.83,0.0,31361.405416,26.323856
2035-08-21,1,755871.191001,366718.70525,389152.485751,0.0,0.0,0.0,6301.47,0.0,30831.366047,24.516306
2035-08-21,2,764851.616254,366718.70525,398132.911005,0.0,0.0,0.0,5602.68,0.0,30464.882552,25.106009
2035-08-21,3,789995.252048,388781.233309,401214.018739,0.0,0.0,0.0,5168.39,0.0,30402.512394,25.984538
2035-08-21,4,836099.411346,426051.103518,410048.307828,0.0,0.0,0.0,4747.15,0.0,30841.60295,27.109467
2035-08-21,5,869832.880053,425765.723473,444067.15658,0.0,0.0,0.0,3942.68,0.0,31320.045292,27.772402
2035-08-21,6,863722.098557,431955.468358,431766.630199,0.0,0.0,0.0,3756.0,0.0,30905.970248,27.946772
2035-08-21,7,862297.009494,422833.584014,439463.42548,0.0,0.0,0.0,4200.79,0.0,31560.258487,27.322242
2035-08-21,8,853831.432382,422354.799636,431476.632746,0.0,0.0,0.0,5378.87,0.0,32457.804184,26.30589
2035-08-21,9,809035.755207,410789.484358,398246.270849,0.0,0.0,0.0,7210.1,0.0,32936.707621,24.563346
2035-08-21,10,717293.222264,360535.205555,356758.016709,0.0,0.0,0.0,9738.92,0.0,33244.331488,21.576407
2035-08-21,11,763714.321963,360535.205555,403179.116408,0.0,0.0,0.0,8369.7,0.0,33655.065856,22.692403
2035-08-21,12,763268.522917,360535.205555,402733.317362,0.0,0.0,0.0,8124.22,0.0,33385.419111,22.862332
2035-08-21,13,755021.593862,360535.205555,394486.388308,0.0,0.0,0.0,8357.85,0.0,33309.92124,22.666568
2035-08-21,14,757933.763799,362967.091119,394966.67268,0.0,0.0,0.0,8578.36,0.0,33574.87951,22.57443
2035-08-21,15,767083.401578,362718.94797,404364.453608,0.0,0.0,0.0,8864.68,0.0,34211.487903,22.421808
2035-08-21,16,771360.440096,375136.026921,396224.413175,0.0,0.0,0.0,8876.24,0.0,34028.207742,22.668265
2035-08-21,17,787383.80754,374663.533738,412720.273802,0.0,0.0,0.0,8565.61,0.0,34363.189377,22.913583
2035-08-21,18,785616.626169,374663.533738,410953.092431,0.0,0.0,0.0,8611.04,0.0,34326.888729,22.886334
2035-08-21,19,781171.944787,375283.923719,405888.021068,0.0,0.0,0.0,8451.49,0.0,33967.882319,22.99737
2035-08-21,20,789134.886184,374342.861309,414792.024875,0.0,0.0,0.0,7789.42,0.0,33668.452606,23.438407
2035-08-21,21,796053.561287,422326.825371,373726.735916,0.0,0.0,0.0,8248.89,0.0,32871.383833,24.217221
2035-08-21,22,740481.660334,373120.364246,367361.296089,0.0,0.0,0.0,8665.93,0.0,32202.865588,22.994279
2035-08-21,23,704985.535102,349113.547557,355871.987545,0.0,0.0,0.0,8294.03,0.0,31091.995803,22.674181
2035-08-22,0,678854.705845,328493.369835,350361.33601,0.0,0.0,0.0,7820.56,0.0,30296.303351,22.407179
2035-08-22,1,648253.003745,296708.664483,351544.339262,0.0,0.0,0.0,7428.54,0.0,29704.251848,21.823576
2035-08-22,2,652043.522502,296708.664483,355334.85802,0.0,0.0,0.0,6923.02,0.0,29332.607952,22.229306
2035-08-22,3,648642.906658,296708.664483,351934.242175,0.0,0.0,0.0,6930.5,0.0,29241.313446,22.182414
2035-08-22,4,669130.747989,322531.191445,346599.556544,0.0,0.0,0.0,7266.86,0.0,29762.005856,22.482717
2035-08-22,5,717348.711622,337627.099187,379721.612435,0.0,0.0,0.0,6273.44,0.0,30283.183097,23.688022
2035-08-22,6,749736.792982,363545.574747,386191.218235,0.0,0.0,0.0,5403.78,0.0,30065.949437,24.936408
2035-08-22,7,771672.86366,363541.33813,408131.52553,0.0,0.0,0.0,4844.0,0.0,30396.779778,25.386665
2035-08-22,8,755670.288618,363541.33813,392128.950487,0.0,0.0,0.0,5970.11,0.0,30931.994276,24.430054
2035-08-22,9,696546.399925,339395.62817,357150.771755,0.0,0.0,0.0,7986.67,0.0,31267.291089,22.277159
2035-08-22,10,611284.893067,295421.944221,315862.948846,0.0,0.0,0.0,10772.09,0.0,31791.510187,19.227929
2035-08-22,11,664193.978921,313484.033471,350709.94545,0.0,0.0,0.0,9679.3,0.0,32305.135051,20.560012
2035-08-22,12,668492.893471,313475.160903,355017.732568,0.0,0.0,0.0,9466.58,0.0,32296.28589,20.698755
2035-08-22,13,658865.663938,313475.160903,345390.503035,0.0,0.0,0.0,9921.19,0.0,32380.182944,20.347805
2035-08-22,14,694572.030795,337618.689908,356953.340888,0.0,0.0,0.0,9684.31,0.0,32869.302771,21.131328
2035-08-22,15,713510.300667,337568.719189,375941.581478,0.0,0.0,0.0,9736.8,0.0,33712.256013,21.164715
2035-08-22,16,713747.193896,337568.719189,376178.474708,0.0,0.0,0.0,9807.67,0.0,33762.038782,21.140524
2035-08-22,17,750283.63217,363493.423073,386790.209097,0.0,0.0,0.0,9587.6,0.0,34248.203006,21.907241
2035-08-22,18,758913.463278,363489.186456,395424.276821,0.0,0.0,0.0,9198.34,0.0,34204.970457,22.187228
2035-08-22,19,780248.874412,379732.324095,400516.550317,0.0,0.0,0.0,8473.87,0.0,33848.295384,23.051349
2035-08-22,20,796061.74998,379724.905922,416336.844059,0.0,0.0,0.0,7566.97,0.0,33649.14608,23.65771
2035-08-22,21,763853.260405,379724.905922,384128.354483,0.0,0.0,0.0,7939.85,0.0,32862.701775,23.243775
2035-08-22,22,711870.089757,337620.870863,374249.218894,0.0,0.0,0.0,8166.77,0.0,31897.814894,22.317205
2035-08-22,23,674451.801886,319919.141063,354532.660824,0.0,0.0,0.0,8078.15,0.0,30907.417221,21.821681
2035-08-23,0,638861.206474,303683.421597,335177.784877,0.0,0.0,0.0,8304.87,0.0,30167.59041,21.177071
2035-08-23,1,598887.211017,273820.778701,325066.432315,0.0,0.0,0.0,8957.07,0.0,29831.617253,20.075586
2035-08-23,2,577825.010272,255767.562019,322057.448253,0.0,0.0,0.0,9159.18,0.0,29609.708251,19.514715
2035-08-23,3,596794.508104,275801.030017,320993.478087,0.0,0.0,0.0,9329.47,0.0,29979.44945,19.906787
2035-08-23,4,673578.054683,333761.93798,339816.116703,0.0,0.0,0.0,8676.61,0.0,30913.781118,21.788925
2035-08-23,5,754064.803165,372144.161618,381920.641547,0.0,0.0,0.0,7704.46,0.0,32008.617465,23.558181
2035-08-23,6,811332.256793,418155.66573,393176.591063,0.0,0.0,0.0,6442.24,0.0,31923.46757,25.414916
2035-08-23,7,866454.310747,438715.566157,427738.744591,0.0,0.0,0.0,5175.05,0.0,32171.740204,26.932156
2035-08-23,8,824617.38885,413379.087587,411238.301263,0.0,0.0,0.0,6285.87,0.0,32482.573664,25.386455
2035-08-23,9,732662.424368,370753.182686,361909.241681,0.0,0.0,0.0,8312.08,0.0,32242.442119,22.72354
2035-08-23,10,640170.000816,310069.578328,330100.422488,0.0,0.0,0.0,10621.07,0.0,32423.876163,19.743784
2035-08-23,11,680096.488563,310039.774534,370056.714029,0.0,0.0,0.0,9422.88,0.0,32744.530243,20.769774
2035-08-23,12,681241.340168,310039.774534,371201.565634,0.0,0.0,0.0,8901.03,0.0,32264.227722,21.114447
2035-08-23,13,668133.720713,314343.608524,353790.112189,0.0,0.0,0.0,9044.91,0.0,31823.623048,20.994898
2035-08-23,14,667964.511691,302418.224635,365546.287056,0.0,0.0,0.0,8933.98,0.0,31945.565567,20.90946
2035-08-23,15,663077.720738,302418.224635,360659.496103,0.0,0.0,0.0,9325.76,0.0,32168.714641,20.612503
2035-08-23,16,636990.962454,295773.431103,341217.531352,0.0,0.0,0.0,9493.36,0.0,31488.108455,20.229572
2035-08-23,17,659081.526961,300882.836251,358198.690709,0.0,0.0,0.0,8728.77,0.0,31387.62573,20.998133
2035-08-23,18,665714.285895,300804.779793,364909.506101,0.0,0.0,0.0,8403.26,0.0,31295.699379,21.27175
2035-08-23,19,667891.751212,306267.009978,361624.741234,0.0,0.0,0.0,8273.72,0.0,31115.063009,21.465223
2035-08-23,20,681666.808389,308620.437874,373046.370515,0.0,0.0,18.543316,7846.32,0.0,31200.05756,21.848255
2035-08-23,21,655868.63522,308575.239472,347293.395748,0.0,0.0,0.0,8498.88,0.0,30924.126647,21.208962
2035-08-23,22,643925.96629,289929.465174,353996.501116,0.0,0.0,0.0,8216.99,0.0,30520.541059,21.098118
2035-08-23,23,625312.888514,289911.213862,335401.674653,0.0,0.0,0.0,7895.23,0.0,29539.801369,21.168487
2035-08-24,0,613288.395674,289911.213862,323377.181813,0.0,0.0,0.0,7632.42,0.0,28824.853223,21.276375
2035-08-24,1,607298.305737,272664.710326,334633.59541,0.0,0.0,0.0,7201.06,0.0,28507.585773,21.303042
2035-08-24,2,624219.315901,285640.762128,338578.553774,0.0,0.0,0.0,6654.42,0.0,28301.130479,22.056339
2035-08-24,3,633025.94306,285630.204915,347395.738144,0.0,0.0,0.0,6542.78,0.0,28561.550239,22.163571
2035-08-24,4,665548.370286,321445.450692,344102.919594,0.0,0.0,0.0,6573.23,0.0,28984.099046,22.962534
2035-08-24,5,729062.524042,347309.855282,381752.66876,0.0,0.0,0.0,4951.14,0.0,29190.546285,24.975981
2035-08-24,6,800582.842954,398564.848692,402017.994263,0.0,0.0,0.0,3575.7,0.0,29239.177699,27.380484
2035-08-24,7,838493.227488,398383.003205,440110.224283,0.0,0.0,0.0,2499.96,0.0,29713.931276,28.218859
2035-08-24,8,831301.619847,398383.003205,432918.616642,0.0,0.0,0.0,3225.44,0.0,30229.5808,27.499608
2035-08-24,9,796146.918542,398383.003205,397763.915337,0.0,0.0,0.0,4567.3,0.0,30292.4458,26.282028
2035-08-24,10,728664.384838,354600.778763,374063.606075,0.0,0.0,0.0,6352.06,0.0,30518.467444,23.876179
2035-08-24,11,735632.228368,354600.778763,381031.449605,0.0,0.0,0.0,6421.52,0.0,30845.826618,23.848679
2035-08-24,12,718079.533401,353804.438654,364275.094747,0.0,0.0,0.0,6973.59,0.0,30765.006697,23.340789
2035-08-24,13,682551.048639,317756.169849,364794.87879,0.0,0.0,0.0,7543.6,0.0,30814.311514,22.150456
2035-08-24,14,680753.649501,317756.169849,362997.479651,0.0,0.0,0.0,7977.51,0.0,31182.111488,21.831544
2035-08-24,15,672763.317957,317756.169849,355007.148108,0.0,0.0,0.0,8425.97,0.0,31334.721036,21.470219
2035-08-24,16,638151.38179,317756.169849,320395.211941,0.0,0.0,0.0,8920.68,0.0,30531.391785,20.901484
2035-08-24,17,647488.212471,317756.169849,329732.042622,0.0,0.0,0.0,8421.51,0.0,30388.491933,21.30702
2035-08-24,18,647278.859257,317756.169849,329522.689408,0.0,0.0,0.0,8236.54,0.0,30193.586631,21.437627
2035-08-24,19,652085.974522,317756.169849,334329.804673,0.0,0.0,0.0,7930.32,0.0,30050.096869,21.699962
2035-08-24,20,672349.251739,317756.169849,354593.08189,0.0,0.0,0.0,7285.44,0.0,30172.128049,22.283786
2035-08-24,21,702089.025718,343680.873734,358408.151985,0.0,0.0,0.0,6815.67,0.0,30190.661678,23.255172
2035-08-24,22,736387.335363,343676.637117,392710.698246,0.0,0.0,0.0,5462.68,0.0,30176.533132,24.402649
2035-08-24,23,741706.477759,343676.637117,398029.840642,0.0,0.0,0.0,4515.88,0.0,29422.890425,25.208485
2035-08-25,0,734190.185727,343676.637117,390513.54861,0.0,0.0,0.0,4003.82,0.0,28644.126192,25.631439
2035-08-25,1,721354.88025,325974.907316,395379.972933,0.0,0.0,0.0,3773.3,0.0,28270.540852,25.516133
2035-08-25,2,722729.345713,325974.907316,396754.438396,0.0,0.0,0.0,3313.94,0.0,27862.868664,25.938799
2035-08-25,3,726088.909701,332555.896468,393533.013234,0.0,0.0,0.0,3065.37,0.0,27577.528546,26.329006
2035-08-25,4,715194.045167,334283.610832,380910.434334,0.0,0.0,0.0,2965.02,0.0,27059.421869,26.4305
2035-08-25,5,675023.530259,308279.391447,366744.138811,0.0,0.0,0.0,3140.7,0.0,26287.181093,25.67881
2035-08-25,6,664937.230915,306562.19464,358375.036274,0.0,0.0,0.0,3350.12,0.0,26169.877055,25.408497
2035-08-25,7,694712.628408,312345.935608,382366.6928,0.0,0.0,0.0,3508.68,0.0,27250.924538,25.493176
2035-08-25,8,679167.481256,318372.868824,360794.612432,0.0,0.0,0.0,5100.83,0.0,28140.959483,24.134482
2035-08-25,9,628066.604866,294665.992795,333400.61207,0.0,0.0,0.0,7232.56,0.0,28904.692791,21.72888
2035-08-25,10,557892.320122,267513.718288,290378.601834,0.0,0.0,0.0,10058.11,0.0,29497.280558,18.913348
2035-08-25,11,570880.387233,250460.173632,320420.213601,0.0,0.0,0.0,9969.79,0.0,30302.760823,18.83922
2035-08-25,12,553890.55412,247031.674637,306858.879483,0.0,0.0,0.0,10289.0,0.0,30073.698421,18.417773
2035-08-25,13,523408.317746,232204.207594,291204.110152,0.0,0.0,0.0,11073.32,0.0,30074.828256,17.403535
2035-08-25,14,586865.456061,276001.035906,310864.420155,0.0,0.0,0.0,10324.54,0.0,30615.348588,19.168995
2035-08-25,15,617761.376656,280444.999144,337316.377512,0.0,0.0,0.0,9853.01,0.0,31310.55356,19.730133
2035-08-25,16,644971.477656,309378.682686,335592.79497,0.0,0.0,0.0,9442.22,0.0,31306.853799,20.601606
2035-08-25,17,698141.819108,326834.61598,371307.203128,0.0,0.0,0.0,8504.22,0.0,31916.076329,21.8743
2035-08-25,18,768216.272664,384640.467434,383575.80523,0.0,0.0,0.0,7647.67,0.0,32123.830947,23.914217
2035-08-25,19,791121.847,384411.111677,406710.735322,0.0,0.0,0.0,6580.01,0.0,32115.920861,24.633323
2035-08-25,20,765136.972988,359646.96395,405490.009038,0.0,0.0,0.0,6997.13,0.0,32349.198401,23.652425
2035-08-25,21,701770.199389,359646.96395,342123.235439,0.0,0.0,0.0,9181.41,0.0,32161.074584,21.820484
2035-08-25,22,613149.910131,287369.840198,325780.069933,0.0,0.0,0.0,10861.35,0.0,31973.376582,19.17689
2035-08-25,23,558696.188641,265265.441332,293430.747309,0.0,0.0,0.0,11743.22,0.0,31229.301377,17.890128
2035-08-26,0,527574.464164,265265.441332,262309.022832,0.0,0.0,0.0,12276.58,0.0,30540.484621,17.274594
2035-08-26,1,484102.386443,223263.542629,260838.843814,0.0,0.0,0.0,12663.72,0.0,30043.18582,16.11355
2035-08-26,2,479625.401212,223263.542629,256361.858583,0.0,0.0,0.0,12626.39,0.0,29830.581766,16.078312
2035-08-26,3,491334.589041,223263.542629,268071.046412,0.0,0.0,0.0,12163.01,0.0,29816.893142,16.478397
2035-08-26,4,538738.615202,247076.584498,291662.030705,0.0,0.0,0.0,11212.95,0.0,30196.112396,17.841324
2035-08-26,5,573769.100064,252668.642036,321100.458027,0.0,0.0,0.0,10703.97,0.0,30898.516557,18.569471
2035-08-26,6,643041.958863,319401.356521,323640.602341,0.0,0.0,0.0,9335.75,0.0,30822.960679,20.862433
2035-08-26,7,699674.266251,319340.585066,380333.681185,0.0,0.0,0.0,7463.98,0.0,31262.827779,22.38039
2035-08-26,8,656151.290435,319021.366811,337129.923624,0.0,0.0,0.0,9519.78,0.0,31725.085144,20.682412
2035-08-26,9,616280.748201,275073.693314,341207.054886,0.0,0.0,0.0,10662.32,0.0,32183.483383,19.148976
2035-08-26,10,615316.830526,288004.546714,327312.283812,0.0,0.0,0.0,11653.2,0.0,32918.28962,18.692248
2035-08-26,11,636559.490175,287993.989502,348565.500673,0.0,0.0,1.884768,11531.03,0.0,33636.922517,18.924427
2035-08-26,12,628714.687272,287993.989502,340720.69777,0.0,0.0,0.0,11938.34,0.0,33753.997415,18.626377
2035-08-26,13,601362.049296,277720.21442,323641.834876,0.0,0.0,0.0,13176.53,0.0,34084.527833,17.643256
2035-08-26,14,642766.751449,304642.968454,338123.782996,0.0,0.0,0.0,12666.34,0.0,34527.902182,18.615865
2035-08-26,15,663553.603096,304479.761706,359073.84139,0.0,0.0,0.0,12252.51,0.0,35029.858213,18.942515
2035-08-26,16,700070.059126,353935.455098,346134.604028,0.0,0.0,0.0,11909.91,0.0,34810.057848,20.111143
2035-08-26,17,772054.488541,380880.499051,391173.98949,0.0,0.0,0.0,10316.75,0.0,35405.531448,21.806042
2035-08-26,18,816405.402195,404116.353297,412289.048898,0.0,0.0,0.0,9136.62,0.0,35339.724223,23.101635
2035-08-26,19,879177.424082,452290.794361,426886.62972,0.0,0.0,0.0,8069.04,0.0,35056.2687,25.079036
2035-08-26,20,840960.75664,446506.877333,394453.879307,0.0,0.0,0.0,9256.92,0.0,35020.62826,24.013297
2035-08-26,21,727047.67785,376697.619447,350350.058403,0.0,0.0,0.0,11412.04,0.0,34566.83618,21.033099
2035-08-26,22,738476.821307,406404.467081,332072.354226,0.0,0.0,0.0,12051.44,0.0,34217.69475,21.581723
2035-08-26,23,662495.14892,367008.572668,295486.576252,0.0,0.0,0.0,13080.61,0.0,33509.990965,19.770078
2035-08-27,0,630820.085226,365275.724722,265544.360504,0.0,0.0,0.0,13413.25,0.0,32623.446609,19.336402
2035-08-27,1,535368.852679,244333.666338,291035.186341,0.0,0.0,0.0,13460.75,0.0,31860.997185,16.803267
2035-08-27,2,521757.040771,253197.496186,268559.544585,0.0,0.0,0.0,13174.93,0.0,31279.103344,16.68069
2035-08-27,3,523929.863506,252422.32488,271507.538626,0.0,0.0,0.0,12679.07,0.0,30972.032846,16.916225
2035-08-27,4,553809.471382,253319.952915,300489.518467,0.0,0.0,0.0,11642.02,0.0,31083.074409,17.817075
2035-08-27,5,550018.819992,236945.879795,313072.940197,0.0,0.0,0.0,11542.26,0.0,31071.635059,17.701637
2035-08-27,6,540540.574385,236945.879795,303594.69459,0.0,0.0,0.0,11300.2,0.0,30657.758767,17.631445
2035-08-27,7,559835.630181,260057.685214,299777.944967,0.0,0.0,0.0,10678.83,0.0,30294.455273,18.479805
2035-08-27,8,592521.972771,264708.810043,327813.162728,0.0,0.0,0.0,9042.82,0.0,29883.972253,19.827417
2035-08-27,9,600260.393925,264962.256289,335298.137636,0.0,0.0,1.898347,8301.3,0.0,29485.262134,20.357981
2035-08-27,10,588282.521142,264754.719831,323527.80131,0.0,0.0,0.0,8690.36,0.0,29488.076797,19.949844
2035-08-27,11,524725.530308,242829.497676,281896.032632,0.0,0.0,0.0,10598.92,0.0,29483.069952,17.79752
2035-08-27,12,442230.411978,198232.422905,243997.989073,0.0,0.0,0.0,12481.8,0.0,29171.047949,15.159908
2035-08-27,13,374415.563772,163643.451535,210772.112238,0.0,0.0,0.0,14183.08,0.0,28781.865977,13.008731
2035-08-27,14,373244.482502,149593.069241,223651.413261,0.0,0.0,0.0,13755.87,0.0,28550.780769,13.073004
2035-08-27,15,385471.122916,149568.737457,235902.385459,0.0,0.0,0.0,13448.15,0.0,28685.889233,13.437656
2035-08-27,16,410132.428078,180059.551448,230072.876629,0.0,0.0,0.0,12989.6,0.0,28447.601545,14.417118
2035-08-27,17,475827.457043,214072.267188,261755.189856,0.0,0.0,5.183662,11324.46,0.0,28815.994238,16.512616
2035-08-27,18,555575.279351,266173.8615,289401.417852,0.0,0.0,0.0,9803.01,0.0,29192.726813,19.031291
2035-08-27,19,623083.366834,280229.521765,342853.845068,0.0,0.0,0.0,7642.57,0.0,29358.622934,21.223181
2035-08-27,20,638195.212832,280223.293441,357971.919391,0.0,0.0,0.0,7095.07,0.0,29392.28228,21.71302
2035-08-27,21,636401.834647,280223.293441,356178.541206,0.0,0.0,0.0,6678.42,0.0,28898.416729,22.022031
2035-08-27,22,638360.412553,292185.422133,346174.99042,0.0,0.0,0.0,6443.48,0.0,28466.857837,22.424688
2035-08-27,23,709807.24029,405100.957694,304706.282596,0.0,0.0,0.0,5936.35,0.0,27744.253533,25.583937
2035-08-28,0,705093.537731,404801.829129,300291.708602,0.0,0.0,0.0,5546.04,0.0,27192.361732,25.929838
2035-08-28,1,623928.757558,278324.950394,345603.807164,0.0,0.0,0.0,5274.11,0.0,26848.276201,23.239062
2035-08-28,2,601168.295021,278307.395999,322860.899022,0.0,0.0,0.0,5911.04,0.0,26736.891987,22.484599
2035-08-28,3,551388.190259,235963.169331,315425.020927,0.0,0.0,0.0,6935.6,0.0,26962.516968,20.450175
2035-08-28,4,565768.01852,277297.673927,288470.344593,0.0,0.0,0.0,8152.99,0.0,27695.422232,20.428214
2035-08-28,5,663049.901446,314333.572957,348716.328489,0.0,0.0,0.0,5930.97,0.0,28363.903804,23.376539
2035-08-28,6,739006.022296,358423.52608,380582.496215,0.0,0.0,0.0,4044.57,0.0,28373.52646,26.045618
2035-08-28,7,777333.00334,358092.732877,419240.270463,0.0,0.0,0.0,2980.0,0.0,28859.933962,26.934677
2035-08-28,8,774958.764582,358092.732877,416866.031705,0.0,0.0,0.0,3319.42,0.0,29123.452352,26.60944
2035-08-28,9,752770.141747,358092.732877,394677.40887,0.0,0.0,0.0,4390.51,0.0,29431.385143,25.577122
2035-08-28,10,700126.822079,332172.26561,367954.55647,0.0,0.0,0.0,6223.74,0.0,29855.263951,23.450699
2035-08-28,11,705174.775029,320269.706765,384905.068264,0.0,0.0,0.0,6326.3,0.0,30375.610902,23.215164
2035-08-28,12,687830.854456,320269.706765,367561.147691,0.0,0.0,0.0,6856.28,0.0,30266.24134,22.726008
2035-08-28,13,670523.460014,302418.224635,368105.235379,0.0,0.0,0.0,7294.33,0.0,30403.278024,22.054315
2035-08-28,14,705860.15897,338408.162454,367451.996516,0.0,0.0,0.0,7570.78,0.0,30956.53731,22.801651
2035-08-28,15,720328.531709,338376.347571,381952.184138,0.0,0.0,0.0,7632.33,0.0,31508.969967,22.861062
2035-08-28,16,720508.464141,347262.598912,373245.865228,0.0,0.0,0.0,7237.23,0.0,30979.591354,23.25752
2035-08-28,17,760244.62819,375237.26902,385007.35917,0.0,0.0,0.0,6360.07,0.0,30919.418121,24.587935
2035-08-28,18,781226.032413,380525.482648,400700.549765,0.0,0.0,0.0,5400.69,0.0,30896.013535,25.285658
2035-08-28,19,795333.093913,375443.896975,419889.196937,0.0,0.0,0.0,4521.06,0.0,30666.825004,25.934641
2035-08-28,20,801659.954739,380428.875725,421231.079014,0.0,0.0,0.0,4241.57,0.0,30478.236342,26.302702
2035-08-28,21,763272.824867,380412.413265,382860.411602,0.0,0.0,0.0,4922.04,0.0,29768.270476,25.640483
2035-08-28,22,694854.494424,330566.371987,364288.122436,0.0,0.0,0.0,5727.71,0.0,29097.077837,23.880559
2035-08-28,23,665359.15591,298992.707308,366366.448602,0.0,0.0,0.0,5303.27,0.0,28239.73066,23.561101
2035-08-29,0,651035.06836,291082.716813,359952.351547,0.0,0.0,0.0,5070.03,0.0,27669.963521,23.528584
2035-08-29,1,647697.275447,291082.716813,356614.558634,0.0,0.0,0.0,4871.99,0.0,27347.31843,23.684124
2035-08-29,2,640503.807579,291082.716813,349421.090766,0.0,0.0,0.0,4943.4,0.0,27153.3625,23.588379
2035-08-29,3,622791.84378,273029.500131,349762.343648,0.0,0.0,0.0,5472.9,0.0,27367.04137,22.757003
2035-08-29,4,625790.148178,285678.260022,340111.888156,0.0,0.0,0.0,6272.62,0.0,27959.803356,22.381779
2035-08-29,5,640704.498752,285630.204915,355074.293837,0.0,0.0,0.0,6260.54,0.0,28558.071441,22.435146
2035-08-29,6,629812.145429,285630.204915,344181.940514,0.0,0.0,0.0,6580.49,0.0,28480.31267,22.113948
2035-08-29,7,622957.1072,277720.21442,345236.892779,0.0,0.0,0.0,7101.31,0.0,28937.733959,21.527501
2035-08-29,8,616373.805693,277720.21442,338653.591272,0.0,0.0,0.0,8020.71,0.0,29616.483664,20.81185
2035-08-29,9,592988.272099,264754.719831,328233.552268,0.0,0.0,0.0,9373.37,0.0,30344.567512,19.541826
2035-08-29,10,592070.423816,277730.771633,314339.652183,0.0,0.0,0.0,10644.6,0.0,31290.911535,18.921482
2035-08-29,11,634133.958673,295782.303671,338351.655003,0.0,0.0,0.0,10489.21,0.0,32341.461982,19.607461
2035-08-29,12,641068.533156,295773.431103,345295.102053,0.0,0.0,0.0,10528.45,0.0,32684.297094,19.613961
2035-08-29,13,641939.911072,302486.248081,339453.66299,0.0,0.0,0.0,11033.06,0.0,33056.291528,19.419599
2035-08-29,14,691108.040936,329673.85138,361434.189556,0.0,0.0,0.0,10438.75,0.0,33685.453991,20.516513
2035-08-29,15,709615.629064,329658.728694,379956.90037,0.0,0.0,0.0,10314.98,0.0,34352.731841,20.656745
2035-08-29,16,728577.092874,363511.674386,365065.418488,0.0,0.0,0.0,10134.93,0.0,34018.216144,21.417263
2035-08-29,17,761587.403945,363489.186456,398098.217488,0.0,0.0,0.0,9090.0,0.0,34269.067547,22.223756
2035-08-29,18,786384.950701,379732.324095,406652.626606,0.0,0.0,0.0,8417.03,0.0,34082.253127,23.07315
2035-08-29,19,813206.87682,397593.288137,415613.588683,0.0,0.0,0.0,7526.68,0.0,33779.776184,24.073779
2035-08-29,20,815002.505715,397586.663096,417415.842619,0.0,0.0,0.0,7098.92,0.0,33512.543536,24.319327
2035-08-29,21,792417.359237,397586.663096,394830.696141,0.0,0.0,0.0,7161.97,0.0,32747.152403,24.198054
2035-08-29,22,780423.401986,379724.905922,400698.496064,0.0,0.0,0.0,6463.59,0.0,32011.86111,24.379195
2035-08-29,23,746977.652682,379724.905922,367252.74676,0.0,0.0,0.0,6557.42,0.0,30856.403259,24.208189
2035-08-30,0,687247.835401,337568.719189,349679.116212,0.0,0.0,0.0,6968.21,0.0,29936.516401,22.956841
2035-08-30,1,630905.484684,283303.275212,347602.209472,0.0,0.0,0.0,7416.53,0.0,29389.526259,21.467018
2035-08-30,2,623840.989989,275393.284718,348447.705271,0.0,0.0,0.0,7156.58,0.0,28995.517305,21.515084
2035-08-30,3,634815.159612,283321.526525,351493.633087,0.0,0.0,0.0,7212.93,0.0,29297.547235,21.66786
2035-08-30,4,704109.111966,352557.558059,351551.553906,0.0,0.0,0.0,7321.38,0.0,30364.491289,23.188569
2035-08-30,5,769752.363349,367828.575401,401923.787947,0.0,0.0,0.0,6290.81,0.0,31629.248441,24.336726
2035-08-30,6,810434.309163,397602.182499,412832.126665,0.0,0.0,0.0,5345.35,0.0,31508.144086,25.721423
2035-08-30,7,832172.185828,397586.663096,434585.522732,0.0,0.0,0.0,4572.71,0.0,31617.05856,26.320354
2035-08-30,8,810403.925843,397586.663096,412817.262748,0.0,0.0,0.0,5467.16,0.0,31741.000888,25.53177
2035-08-30,9,743424.499997,367533.906481,375890.593516,0.0,0.0,0.0,7115.32,0.0,31580.694643,23.540473
2035-08-30,10,666129.583047,323013.935161,343115.647886,0.0,0.0,0.0,9357.6,0.0,31902.320517,20.880286
2035-08-30,11,709459.329258,329714.541535,379744.787724,0.0,0.0,0.0,8336.75,0.0,32299.524004,21.965009
2035-08-30,12,714651.770824,332095.063907,382556.706917,0.0,0.0,0.0,7986.36,0.0,32082.857014,22.275191
2035-08-30,13,674855.243324,325377.719748,349477.523576,0.0,0.0,0.0,8374.36,0.0,31196.810034,21.632187
2035-08-30,14,641372.749077,288311.388948,353061.360129,0.0,0.0,0.0,8257.23,0.0,30590.435569,20.966447
2035-08-30,15,618531.461201,288311.388948,330220.072254,0.0,0.0,0.0,8949.26,0.0,30423.132674,20.330959
2035-08-30,16,544581.562952,254483.607948,290097.955005,0.0,0.0,0.0,10379.94,0.0,29744.901241,18.3084
2035-08-30,17,554648.044278,236430.391265,318217.653012,0.0,0.0,0.0,9644.72,0.0,29733.483213,18.653988
2035-08-30,18,578961.127545,258361.811196,320599.316349,0.0,0.0,0.0,9009.11,0.0,29506.964628,19.621169
2035-08-30,19,616783.106347,280721.536662,336061.569685,0.0,0.0,0.0,7846.98,0.0,29332.058862,21.02761
2035-08-30,20,636611.627549,280689.839049,355921.7885,0.0,0.0,0.0,7071.64,0.0,29361.333768,21.681972
2035-08-30,21,632512.355977,280689.839049,351822.516928,0.0,0.0,0.0,7048.56,0.0,29188.308841,21.670058
2035-08-30,22,638550.693586,280689.839049,357860.854537,0.0,0.0,0.0,6452.99,0.0,28805.75684,22.167468
2035-08-30,23,648835.083474,325687.332091,323147.751382,0.0,0.0,0.0,6210.04,0.0,27912.073346,23.245679
2035-08-31,0,619412.154205,321385.151398,298027.002808,0.0,0.0,0.0,6400.3,0.0,27151.167917,22.813463
2035-08-31,1,550298.903394,238138.783387,312160.120007,0.0,0.0,0.0,6760.55,0.0,26674.003273,20.630533
2035-08-31,2,567719.729586,242859.30147,324860.428116,0.0,0.0,0.0,5856.38,0.0,26310.01414,21.578085
2035-08-31,3,608576.15031,277736.969408,330839.180903,0.0,0.0,0.0,5186.62,0.0,26381.510656,23.068283
2035-08-31,4,642586.849195,295782.303671,346804.545524,0.0,0.0,0.0,4531.96,0.0,26695.420745,24.071052
2035-08-31,5,667463.681771,295773.431103,371690.250668,0.0,0.0,0.0,3753.46,0.0,26864.922856,24.845174
2035-08-31,6,715610.259862,339451.291513,376158.968349,0.0,0.0,0.0,3132.9,0.0,26978.757045,26.524953
2035-08-31,7,743611.498488,339395.62817,404215.870318,0.0,0.0,0.0,2643.83,0.0,27669.159592,26.875102
2035-08-31,8,745494.050629,339395.62817,406098.422459,0.0,0.0,0.0,3133.4,0.0,28252.487033,26.386847
2035-08-31,9,717907.571036,339395.62817,378511.942865,0.0,0.0,0.0,4169.32,0.0,28294.07864,25.373068
2035-08-31,10,671715.34083,313475.160903,358240.179927,0.0,0.0,0.0,5560.8,0.0,28512.615578,23.558531
2035-08-31,11,676274.305532,313475.160903,362799.144629,0.0,0.0,0.0,5836.57,0.0,28957.235229,23.354243
2035-08-31,12,661294.599878,313475.160903,347819.438975,0.0,0.0,0.0,6266.63,0.0,28832.461344,22.935766
2035-08-31,13,640526.767795,298137.215689,342389.552106,0.0,0.0,0.0,6700.06,0.0,28791.951099,22.24673
2035-08-31,14,631362.830729,298137.215689,333225.61504,0.0,0.0,0.0,7307.52,0.0,29059.831435,21.726307
2035-08-31,15,615773.318505,280083.999007,335689.319498,0.0,0.0,0.0,7948.56,0.0,29469.361834,20.895373
2035-08-31,16,603856.181667,280083.999007,323772.18266,0.0,0.0,0.0,8137.84,0.0,29178.985041,20.6949
2035-08-31,17,626542.545021,280083.999007,346458.546014,0.0,0.0,0.0,7584.29,0.0,29470.470683,21.260011
2035-08-31,18,654240.371348,298146.088257,356094.283091,0.0,0.0,0.0,6818.57,0.0,29334.569342,22.302709
2035-08-31,19,683865.419221,313481.389227,370384.029994,0.0,0.0,0.0,5763.46,0.0,29077.095452,23.519042
2035-08-31,20,698940.373833,313475.160903,385465.21293,0.0,0.0,0.0,5083.25,0.0,28997.073198,24.103825
2035-08-31,21,694191.906292,313475.160903,380716.74539,0.0,0.0,0.0,4894.02,0.0,28658.527495,24.222874
2035-08-31,22,688979.744538,313475.160903,375504.583635,0.0,0.0,0.0,4893.62,0.0,28432.710355,24.23194
2035-08-31,23,681239.97121,313475.160903,367764.810307,0.0,0.0,0.0,4325.29,0.0,27625.785906,24.659569
2035-09-01,0,655551.349598,298137.215689,357414.133909,0.0,0.0,0.0,4226.41,0.0,26873.491956,24.393977
2035-09-01,1,629430.156455,277720.21442,351709.942034,0.0,0.0,0.0,4266.0,0.0,26343.453255,23.893229
2035-09-01,2,658708.034552,295782.303671,362925.730881,0.0,0.0,0.0,3136.3,0.0,25887.314964,25.445205
2035-09-01,3,682700.806991,306658.254244,376042.552747,0.0,0.0,0.0,2355.89,0.0,25750.730612,26.5119
2035-09-01,4,695851.529913,306562.19464,389289.335272,0.0,0.0,0.0,1824.75,0.0,25689.325063,27.087186
2035-09-01,5,707786.406851,322805.332279,384981.074572,0.0,0.0,0.0,1656.93,0.0,25593.846294,27.654554
2035-09-01,6,723341.603045,344578.647985,378762.955061,0.0,0.0,0.0,1535.47,0.0,25626.458069,28.226359
2035-09-01,7,771397.3518,367040.752766,404356.599034,0.0,0.0,0.0,1449.27,0.0,26840.741959,28.739792
2035-09-01,8,800728.323855,373799.962478,426928.361377,0.0,0.0,0.0,1653.3,0.0,27918.247744,28.681181
2035-09-01,9,792087.900396,373699.448703,418388.451692,0.0,0.0,0.0,2522.39,0.0,28532.405932,27.760992
2035-09-01,10,750532.274934,359912.356582,390619.918352,0.0,0.0,0.0,3700.73,0.0,28583.160047,26.257848
2035-09-01,11,747088.067062,346873.302019,400214.765044,0.0,0.0,0.0,4437.44,0.0,29388.515016,25.421089
2035-09-01,12,726066.978113,346855.541241,379211.436872,0.0,0.0,0.0,5359.53,0.0,29577.047756,24.548325
2035-09-01,13,694018.017338,313475.160903,380542.856435,0.0,0.0,0.0,6060.59,0.0,29824.15884,23.27033
2035-09-01,14,691455.120589,317778.994893,373676.125695,0.0,0.0,0.0,6591.22,0.0,30169.034429,22.919365
2035-09-01,15,693534.349999,319853.389276,373680.960724,0.0,0.0,0.0,7093.63,0.0,30563.167554,22.691835
2035-09-01,16,651615.054305,304302.208566,347312.845738,0.0,0.0,0.0,7693.92,0.0,30020.369314,21.705764
2035-09-01,17,668240.477389,298137.215689,370103.2617,0.0,0.0,0.0,7033.96,0.0,30086.854252,22.21038
2035-09-01,18,681911.864988,318782.979969,363128.885019,0.0,0.0,0.0,6773.32,0.0,29711.80297,22.950875
2035-09-01,19,684939.489654,337627.598419,347311.891234,0.0,0.0,0.0,6716.96,0.0,29263.397198,23.406014
2035-09-01,20,713380.22301,327913.447049,385466.775962,0.0,0.0,0.0,5019.03,0.0,29097.641774,24.516771
2035-09-01,21,757308.316836,362817.113682,394491.203154,0.0,0.0,0.0,4150.85,0.0,28908.657333,26.196593
2035-09-01,22,775839.046008,362737.43436,413101.611648,0.0,0.0,0.0,3151.83,0.0,28608.758706,27.118934
2035-09-01,23,758657.877989,362737.43436,395920.443629,0.0,0.0,0.0,3134.07,0.0,28025.407891,27.07036
2035-09-02,0,710940.998942,332775.119794,378165.879148,0.0,0.0,0.0,3191.98,0.0,27124.810398,26.20999
2035-09-02,1,674420.180739,306713.060023,367707.120716,0.0,0.0,0.0,3320.62,0.0,26409.984215,25.536561
2035-09-02,2,659523.444877,288659.843341,370863.601536,0.0,0.0,0.0,3012.43,0.0,25854.676511,25.508865
2035-09-02,3,651435.326045,286241.013844,365194.312202,0.0,0.0,0.0,2829.29,0.0,25487.331896,25.559181
2035-09-02,4,640963.848758,280083.999007,360879.849751,0.0,0.0,0.0,2655.78,0.0,25090.870939,25.545699
2035-09-02,5,625333.855849,273029.500131,352304.355718,0.0,0.0,0.0,2377.55,0.0,24380.420854,25.649018
2035-09-02,6,623981.845184,277750.018214,346231.82697,0.0,0.0,0.0,2122.59,0.0,23974.702264,26.026678
2035-09-02,7,686373.980574,321707.007555,364666.973019,0.0,0.0,0.0,1949.42,0.0,25097.382473,27.348429
2035-09-02,8,734230.428004,339447.054897,394783.373108,0.0,0.0,0.0,1984.98,0.0,26606.249471,27.596164
2035-09-02,9,763990.13214,355610.915368,408379.216772,0.0,0.0,0.0,2839.56,0.0,28190.268093,27.101201
2035-09-02,10,772118.323457,371822.3336,400295.989857,0.0,0.0,0.0,4117.17,0.0,29473.984399,26.196605
2035-09-02,11,763847.329862,356476.970213,407370.359649,0.0,0.0,0.0,5175.65,0.0,30607.819246,24.955954
2035-09-02,12,723734.894533,354113.185627,369621.708907,0.0,0.0,0.0,6593.85,0.0,30573.626447,23.671869
2035-09-02,13,661228.710114,307675.989947,353552.720166,0.0,0.0,0.0,7958.78,0.0,30627.26294,21.589546
2035-09-02,14,648956.497291,298159.16002,350797.337271,0.0,0.0,0.0,8699.58,0.0,30996.95637,20.936136
2035-09-02,15,644794.864962,297969.039317,346825.825645,0.0,0.0,0.0,9274.13,0.0,31444.744799,20.505648
2035-09-02,16,625432.359902,278788.519062,346643.84084,0.0,0.0,0.0,9271.57,0.0,31123.839868,20.094961
2035-09-02,17,664117.261204,320293.554914,343823.70629,0.0,0.0,0.0,9132.58,0.0,31177.489738,21.301178
2035-09-02,18,666045.741126,342199.084559,323846.656566,0.0,0.0,0.0,9120.44,0.0,30753.254643,21.657732
2035-09-02,19,617835.632052,280129.197409,337706.434643,0.0,0.0,0.0,8741.64,0.0,30298.308252,20.391753
2035-09-02,20,649513.639784,300759.337057,348754.302726,0.0,0.0,0.0,7725.89,0.0,29942.109874,21.692314
2035-09-02,21,692544.538178,329005.900191,363538.637986,0.0,0.0,0.0,5935.73,0.0,29134.952445,23.770231
2035-09-02,22,716195.951806,321693.89837,394502.053436,0.0,0.0,0.0,3924.0,0.0,28215.390058,25.383167
2035-09-02,23,686022.652204,321693.89837,364328.753834,0.0,0.0,0.0,3881.91,0.0,27158.07855,25.260353
2035-09-03,0,653617.708382,300624.749095,352992.959288,0.0,0.0,0.0,3810.14,0.0,26273.594264,24.877362
2035-09-03,1,626465.513218,274085.745827,352379.767391,0.0,0.0,0.0,3728.93,0.0,25675.594986,24.39926
2035-09-03,2,621122.942942,268794.61103,352328.331913,0.0,0.0,0.0,3469.22,0.0,25354.194182,24.497838
2035-09-03,3,628603.055751,272584.941389,356018.114362,0.0,0.0,0.0,3329.82,0.0,25399.741453,24.748404
2035-09-03,4,666290.973,306868.181412,359422.791588,0.0,0.0,0.0,3192.37,0.0,25874.486397,25.750887
2035-09-03,5,687782.393012,306851.89067,380930.502342,0.0,0.0,0.0,3088.92,0.0,26681.093516,25.777894
2035-09-03,6,710497.660928,332776.594555,377721.066374,0.0,0.0,0.0,2942.94,0.0,26765.174066,26.545602
2035-09-03,7,754638.76365,356748.082847,397890.680804,0.0,0.0,0.0,2822.19,0.0,27795.549296,27.149626
2035-09-03,8,794268.127258,379749.385559,414518.741699,0.0,0.0,0.0,3327.71,0.0,29264.963931,27.140581
2035-09-03,9,805597.710249,379724.905922,425872.804327,0.0,0.0,0.0,4554.75,0.0,30974.634728,26.008304
2035-09-03,10,864335.399948,446859.88725,417475.512698,0.0,0.0,0.0,6279.6,0.0,32833.212894,26.325033
2035-09-03,11,906896.904116,467317.210845,439579.69327,0.0,0.0,0.0,6330.75,0.0,33925.239122,26.732218
2035-09-03,12,896947.748207,467291.624287,429656.123921,0.0,0.0,0.0,7135.1,0.0,34368.173922,26.098208
2035-09-03,13,864469.731071,450448.755327,414020.975743,0.0,0.0,0.0,8119.71,0.0,34486.56258,25.066857
2035-09-03,14,821877.803525,416083.260145,405794.543379,0.0,0.0,0.0,8925.12,0.0,34701.440203,23.684256
2035-09-03,15,805961.799736,416083.260145,389878.53959,0.0,0.0,0.0,9784.03,0.0,34969.728377,23.047414
2035-09-03,16,737908.13045,369542.615156,368365.515293,0.0,0.0,0.0,10455.46,0.0,34311.545669,21.506117
2035-09-03,17,839801.170813,457508.678121,382292.492692,0.0,0.0,0.0,9396.22,0.0,34335.35908,24.458785
2035-09-03,18,821921.305175,421954.267124,399967.038051,0.0,0.0,0.0,8630.79,0.0,34044.911256,24.142266
2035-09-03,19,823987.173333,413342.079023,410645.09431,0.0,0.0,0.0,7620.95,0.0,33217.858776,24.805547
2035-09-03,20,829735.998237,417048.657265,412687.340972,0.0,0.0,0.0,7009.3,0.0,32782.889314,25.310033
2035-09-03,21,818492.004547,424954.912206,393537.092341,0.0,0.0,0.0,6758.04,0.0,31931.527097,25.632723
2035-09-03,22,815293.920344,424936.660893,390357.25945,0.0,0.0,0.0,5843.52,0.0,30922.47735,26.365737
2035-09-03,23,706925.655218,336974.283083,369951.372134,0.0,0.0,0.0,5778.79,0.0,29470.16456,23.987842
2035-09-04,0,691672.765054,341957.69265,349715.072405,0.0,0.0,0.0,5706.35,0.0,28667.987555,24.127008
2035-09-04,1,653234.106461,295937.365354,357296.741107,0.0,0.0,0.0,5627.9,0.0,28092.186512,23.253231
2035-09-04,2,644466.259059,284586.090809,359880.16825,0.0,0.0,0.0,5359.37,0.0,27753.891224,23.220753
2035-09-04,3,691506.612959,335161.392806,356345.220153,0.0,0.0,0.0,5163.93,0.0,27853.077796,24.826937
2035-09-04,4,750620.328261,389067.120371,361553.207891,0.0,0.0,0.0,5059.18,0.0,28544.984373,26.29605
2035-09-04,5,758095.001193,367309.697628,390785.303565,0.0,0.0,0.0,4425.71,0.0,29038.026283,26.106974
2035-09-04,6,769682.282434,370422.916653,399259.365782,0.0,0.0,0.0,3912.74,0.0,29133.141086,26.419475
2035-09-04,7,827052.870547,405901.680396,421151.190152,0.0,0.0,0.0,3505.12,0.0,29964.523509,27.601069
2035-09-04,8,868638.049502,426483.968789,442154.080713,0.0,0.0,0.0,4028.16,0.0,31395.38363,27.6677
2035-09-04,9,863980.398042,426458.38223,437522.015812,0.0,0.0,0.0,5048.66,0.0,32333.152163,26.721193
2035-09-04,10,843649.597924,420148.520179,423501.077745,0.0,0.0,0.0,6396.45,0.0,33096.310296,25.490745
2035-09-04,11,795963.448406,392781.480177,403181.968229,0.0,0.0,0.0,7906.15,0.0,33616.227256,23.677953
2035-09-04,12,710735.241535,361177.553544,349557.687991,0.0,0.0,0.0,9989.51,0.0,33244.625178,21.378952
2035-09-04,13,594241.98663,296277.43584,297964.55079,0.0,0.0,0.0,12801.03,0.0,33054.131968,17.977843
2035-09-04,14,580549.167975,260064.005542,320485.162433,0.0,0.0,0.0,12687.27,0.0,33186.034417,17.493779
2035-09-04,15,588511.640824,260064.005542,328447.635282,0.0,0.0,0.0,12593.76,0.0,33397.048949,17.621666
2035-09-04,16,589758.560261,275449.040332,314309.519929,0.0,0.0,0.0,12399.82,0.0,32895.396086,17.928301
2035-09-04,17,645745.407552,301383.615775,344361.791776,0.0,0.0,0.0,10923.06,0.0,32935.361296,19.606447
2035-09-04,18,692195.871671,332943.803071,359252.0686,0.0,0.0,0.0,9736.9,0.0,32789.210862,21.110477
2035-09-04,19,720065.198943,336731.3563,383333.842642,0.0,0.0,0.0,8072.86,0.0,32186.598886,22.371584
2035-09-04,20,726319.057017,336518.07214,389800.984877,0.0,0.0,0.0,7276.15,0.0,31681.318063,22.925784
2035-09-04,21,735011.784456,352201.740465,382810.04399,0.0,0.0,0.0,6670.71,0.0,30981.271643,23.72439
2035-09-04,22,754583.964883,351916.8688,402667.096083,0.0,0.0,0.0,5197.07,0.0,30225.67688,24.964998
2035-09-04,23,724284.047478,346842.189924,377441.857555,0.0,0.0,0.0,4936.79,0.0,29053.01374,24.929739
2035-09-05,0,695780.114404,325220.666508,370559.447896,0.0,0.0,0.0,4687.19,0.0,28143.644142,24.72246
2035-09-05,1,670564.01411,302803.837533,367760.176577,0.0,0.0,0.0,4632.51,0.0,27607.762361,24.288966
2035-09-05,2,669237.882549,301701.705025,367536.177524,0.0,0.0,0.0,4263.08,0.0,27190.069241,24.61332
2035-09-05,3,680094.90938,309198.654692,370896.254687,0.0,0.0,0.0,4062.19,0.0,27196.071372,25.007101
2035-09-05,4,725510.311413,350471.848369,375038.463045,0.0,0.0,19.586595,3970.15,0.0,27827.05145,26.072123
2035-09-05,5,760879.184709,350430.155175,410449.029534,0.0,0.0,0.0,3361.38,0.0,28495.997992,26.701265
2035-09-05,6,788270.448893,381812.678074,406457.770818,0.0,0.0,0.0,2836.2,0.0,28403.783164,27.752305
2035-09-05,7,809465.531135,381750.943057,427714.588078,0.0,0.0,0.0,2696.12,0.0,29009.552165,27.903414
2035-09-05,8,812803.355537,386471.46114,426331.894397,0.0,0.0,0.0,3732.39,0.0,30119.066498,26.98634
2035-09-05,9,776203.340406,386441.657346,389761.68306,0.0,0.0,0.0,5718.76,0.0,30895.783161,25.123278
2035-09-05,10,703860.197968,347337.088489,356523.109479,0.0,0.0,0.0,8653.56,0.0,31962.102385,22.021712
2035-09-05,11,720794.096319,333287.710243,387506.386076,0.0,0.0,0.0,8490.02,0.0,32773.702761,21.993063
2035-09-05,12,712099.688789,333287.710243,378811.978547,0.0,0.0,0.0,8719.51,0.0,32715.522393,21.766417
2035-09-05,13,697698.325794,330923.925656,366774.400138,0.0,0.0,0.0,9129.51,0.0,32655.20522,21.365608
2035-09-05,14,693277.917352,319021.366811,374256.550541,0.0,0.0,0.0,9081.71,0.0,32677.568257,21.215713
2035-09-05,15,720335.904508,346149.327591,374186.576916,0.0,0.0,0.0,8924.91,0.0,32836.493239,21.937053
2035-09-05,16,765016.393137,371970.553699,393045.839438,0.0,0.0,0.0,7421.5,0.0,32475.196925,23.556944
2035-09-05,17,797035.759667,383877.770289,413157.989378,0.0,0.0,0.0,6699.5,0.0,32711.154669,24.365871
2035-09-05,18,804209.780937,383868.875927,420340.90501,0.0,0.0,0.0,6367.24,0.0,32674.234887,24.612964
2035-09-05,19,824466.009592,405915.096272,418550.91332,0.0,0.0,0.0,5768.96,0.0,32269.128685,25.549683
2035-09-05,20,845038.350239,405505.155881,439533.194359,0.0,0.0,0.0,4556.77,0.0,31884.134685,26.503412
2035-09-05,21,836501.859136,405505.155881,430996.703256,0.0,0.0,0.0,3965.97,0.0,30989.819795,26.992795
2035-09-05,22,845474.615102,401730.633101,443743.982001,0.0,0.0,0.0,2863.46,0.0,30177.413569,28.016802
2035-09-05,23,814859.302659,401730.633101,413128.669558,0.0,0.0,0.0,2682.0,0.0,29000.445523,28.098165
2035-09-06,0,786149.586056,383868.875927,402280.710129,0.0,0.0,0.0,2530.77,0.0,28201.150079,27.876508
2035-09-06,1,760288.696078,356476.970213,403811.725865,0.0,0.0,0.0,2432.71,0.0,27728.998946,27.418541
2035-09-06,2,756262.970121,356476.970213,399785.999909,0.0,0.0,0.0,2293.57,0.0,27445.344724,27.555237
2035-09-06,3,764216.690942,356476.970213,407739.720729,0.0,0.0,0.0,2258.97,0.0,27690.8115,27.598205
2035-09-06,4,844753.141908,430244.44556,414508.696349,0.0,0.0,0.0,2255.96,0.0,28741.208541,29.391706
2035-09-06,5,881496.643925,429910.151445,451586.492479,0.0,0.0,0.0,2280.72,0.0,30254.788106,29.135773
2035-09-06,6,914880.111592,469986.137211,444893.974381,0.0,0.0,0.0,2253.11,0.0,30378.147919,30.116389
2035-09-06,7,921688.530824,469980.784357,451707.746467,0.0,0.0,0.0,2212.78,0.0,30732.433423,29.990744
2035-09-06,8,912021.891335,469980.784357,442041.106978,0.0,0.0,0.0,3486.97,0.0,31659.75644,28.806977
2035-09-06,9,845786.198485,429910.151445,415876.047039,0.0,0.0,0.0,5730.16,0.0,32538.386546,25.993489
2035-09-06,10,755837.21759,379724.905922,376112.311669,0.0,0.0,0.0,8649.79,0.0,33257.079044,22.727108
2035-09-06,11,790229.787928,379724.905922,410504.882006,0.0,0.0,0.0,8168.95,0.0,34078.411431,23.188575
2035-09-06,12,793447.235922,379724.905922,413722.33,0.0,0.0,0.0,8123.89,0.0,34136.756756,23.243193
2035-09-06,13,783113.859319,379724.905922,403388.953398,0.0,0.0,0.0,8526.09,0.0,34145.31988,22.934735
2035-09-06,14,786751.675596,379724.905922,407026.769674,0.0,0.0,0.0,8586.11,0.0,34336.100948,22.91325
2035-09-06,15,792452.87147,379724.905922,412727.965549,0.0,0.0,0.0,8662.69,0.0,34606.699856,22.898828
2035-09-06,16,777385.931947,379724.905922,397661.026026,0.0,0.0,0.0,8625.26,0.0,33987.893028,22.872437
2035-09-06,17,792657.937867,379724.905922,412933.031945,0.0,0.0,0.0,8129.97,0.0,34030.331131,23.29269
2035-09-06,18,789225.838731,379724.905922,409500.93281,0.0,0.0,0.0,7663.47,0.0,33450.55081,23.593807
2035-09-06,19,805525.985976,402697.717275,402828.2687,0.0,0.0,0.0,6784.98,0.0,32612.760893,24.699718
2035-09-06,20,831988.051598,405772.388365,426215.663233,0.0,0.0,0.0,5352.96,0.0,32198.54654,25.839305
2035-09-06,21,866419.173741,430714.412349,435704.761391,0.0,0.0,0.0,4215.63,0.0,31699.863177,27.331953
2035-09-06,22,892358.52679,430706.491555,461652.035235,0.0,0.0,4.946462,2893.39,0.0,31237.214966,28.56716
2035-09-06,23,860281.656471,430706.491555,429575.164916,0.0,0.0,0.0,2971.06,0.0,30242.403883,28.446206
2035-09-07,0,811609.908835,401730.633101,409879.275734,0.0,0.0,0.0,3085.63,0.0,29282.574573,27.716481
2035-09-07,1,767672.768831,359912.356582,407760.412249,0.0,0.0,0.0,3229.71,0.0,28686.664695,26.760614
2035-09-07,2,761570.036276,349509.271736,412060.76454,0.0,0.0,0.0,2707.52,0.0,28129.814105,27.073412
2035-09-07,3,776444.03964,363882.419828,412561.619813,0.0,0.0,0.0,2323.89,0.0,27924.596333,27.805023
2035-09-07,4,798227.749172,377503.336087,420724.413085,0.0,0.0,0.0,2024.09,0.0,28145.528932,28.36073
2035-09-07,5,808661.504551,377410.689607,431250.814944,0.0,0.0,0.0,1841.2,0.0,28359.748721,28.51441
2035-09-07,6,829107.648217,402619.946076,426487.702141,0.0,0.0,0.0,1757.94,0.0,28386.98492,29.207316
2035-09-07,7,874810.608133,429327.821733,445482.7864,0.0,0.0,0.0,1815.08,0.0,29436.129325,29.718942
2035-09-07,8,909545.705796,447708.273671,461837.432125,0.0,0.0,0.0,2520.16,0.0,30821.967121,29.509658
2035-09-07,9,897227.026796,447668.148175,449558.878622,0.0,0.0,0.0,3889.47,0.0,31893.633671,28.131853
2035-09-07,10,851746.305994,427240.629015,424505.676979,0.0,0.0,0.0,5662.39,0.0,32714.790422,26.035512
2035-09-07,11,835018.532273,401880.385431,433138.146842,0.0,0.0,0.0,6154.7,0.0,33209.174626,25.144212
2035-09-07,12,813485.70701,401880.385431,411605.321579,0.0,0.0,0.0,6764.31,0.0,33038.335423,24.622479
2035-09-07,13,776652.221935,379078.318142,397573.903793,0.0,0.0,0.0,7563.96,0.0,32972.728385,23.554381
2035-09-07,14,742379.7927,350940.039832,391439.752868,0.0,0.0,0.0,8518.25,0.0,33247.250353,22.329058
2035-09-07,15,716246.950395,347095.724668,369151.225727,0.0,0.0,0.0,9724.5,0.0,33474.305202,21.396918
2035-09-07,16,677394.828322,321814.314387,355580.513935,0.0,0.0,0.0,10190.12,0.0,33038.591274,20.503139
2035-09-07,17,690535.067604,317626.860084,372908.20752,0.0,0.0,0.0,9747.7,0.0,33223.441153,20.784574
2035-09-07,18,674068.742685,317490.777218,356577.965467,0.0,0.0,0.0,9834.06,0.0,32715.145037,20.60418
2035-09-07,19,658710.822036,298114.387555,360596.434481,0.0,0.0,0.0,9139.97,0.0,31806.605558,20.709875
2035-09-07,20,640893.260444,297938.799798,342954.460646,0.0,0.0,0.0,9353.94,0.0,31402.382148,20.409065
2035-09-07,21,605824.345173,277921.725797,327902.619376,0.0,0.0,0.0,9954.67,0.0,31061.588799,19.503972
2035-09-07,22,624606.350369,287297.39364,337308.956729,0.0,0.0,0.0,9620.56,0.0,30850.132341,20.246472
2035-09-07,23,597473.201373,287130.214578,310342.986796,0.0,0.0,0.0,9387.23,0.0,29707.220787,20.112053
2035-09-08,0,572703.829817,284235.947317,288467.8825,0.0,0.0,0.0,9016.2,0.0,28668.910808,19.976477
2035-09-08,1,533555.639964,229935.912171,303619.727793,0.0,0.0,0.0,8543.77,0.0,27853.148879,19.156026
2035-09-08,2,521493.713611,227095.882489,294397.831122,0.0,0.0,0.0,8250.13,0.0,27153.142768,19.205648
2035-09-08,3,503658.270897,210738.419714,292919.851184,0.0,0.0,0.0,8195.65,0.0,26735.911192,18.838268
2035-09-08,4,488332.860925,207446.003585,280886.85734,0.0,0.0,0.0,8113.16,0.0,26131.090235,18.68781
2035-09-08,5,453102.802456,194711.042965,258391.759491,0.0,0.0,0.0,8220.08,0.0,25103.127784,18.049655
2035-09-08,6,469435.430483,217442.062423,251993.368059,0.0,0.0,0.0,7784.05,0.0,24857.198424,18.885291
2035-09-08,7,523593.281819,217346.792889,306246.48893,0.0,0.0,0.0,7004.25,0.0,26196.731407,19.98697
2035-09-08,8,514095.442762,229447.040859,284648.401903,0.0,0.0,0.0,9344.08,0.0,27692.273927,18.56458
2035-09-08,9,500546.122428,219294.442152,281251.680276,0.0,0.0,0.0,11312.95,0.0,29093.145327,17.20495
2035-09-08,10,513267.217129,259419.544651,253847.672477,0.0,0.0,0.0,12497.94,0.0,30205.744849,16.992371
2035-09-08,11,534008.448479,238560.089488,295448.358991,0.0,0.0,0.0,12390.96,0.0,31484.386425,16.961056
2035-09-08,12,533461.425575,230650.098993,302811.326582,0.0,0.0,0.0,12834.19,0.0,32083.156241,16.627461
2035-09-08,13,511043.036094,230650.098993,280392.937101,0.0,0.0,0.0,13978.34,0.0,32376.354357,15.784453
2035-09-08,14,543547.436796,248721.967501,294825.469295,0.0,0.0,0.0,13595.73,0.0,32855.693457,16.543478
2035-09-08,15,565061.237177,248306.521681,316754.715496,0.0,0.0,0.0,13333.84,0.0,33506.502871,16.864226
2035-09-08,16,569560.872271,264760.029388,304800.842883,0.0,0.0,0.0,13235.87,0.0,33128.902057,17.192265
2035-09-08,17,603091.326603,266727.754413,336363.57219,0.0,0.0,0.0,11907.25,0.0,33077.219401,18.23283
2035-09-08,18,631742.850401,294736.309129,337006.541272,0.0,0.0,0.0,10945.88,0.0,32606.071727,19.375006
2035-09-08,19,654918.021515,294719.523593,360198.497923,0.0,0.0,0.0,9293.26,0.0,31929.161535,20.511595
2035-09-08,20,621473.016608,305158.407605,316314.609003,0.0,0.0,0.0,10561.37,0.0,31669.15219,19.623923
2035-09-08,21,523109.67173,259618.803252,263490.868477,0.0,0.0,0.0,13050.53,0.0,31072.660961,16.835046
2035-09-08,22,482078.554107,240567.582645,241510.971462,0.0,0.0,0.0,13338.6,0.0,30303.110139,15.90855
2035-09-08,23,425197.493762,195876.26885,229321.224912,0.0,0.0,0.0,13941.79,0.0,29206.02873,14.558552
2035-09-09,0,396491.094842,179911.043197,216580.051646,0.0,0.0,0.0,13960.87,0.0,28402.280032,13.959833
2035-09-09,1,384218.660916,168972.920855,215245.740061,0.0,0.0,0.0,13565.38,0.0,27749.631161,13.845902
2035-09-09,2,375978.285767,164828.95085,211149.334917,0.0,0.0,0.0,13377.72,0.0,27373.892394,13.734922
2035-09-09,3,379574.558686,161988.921168,217585.637518,0.0,0.0,0.0,13257.05,0.0,27385.399351,13.860472
2035-09-09,4,423700.939176,201504.071622,222196.867554,0.0,0.0,0.0,12753.1,0.0,27832.980853,15.222981
2035-09-09,5,451009.061282,201454.51647,249554.544812,0.0,0.0,0.0,12152.71,0.0,28398.344856,15.881526
2035-09-09,6,478021.196796,220717.842769,257303.354027,0.0,0.0,0.0,11132.76,0.0,28324.001945,16.876895
2035-09-09,7,523202.639017,223389.458827,299813.18019,0.0,0.0,0.0,9902.32,0.0,28854.52743,18.132428
2035-09-09,8,523399.023027,223996.063683,299402.959344,0.0,0.0,0.0,10966.41,0.0,29894.413168,17.508255
2035-09-09,9,551564.007397,260989.331554,290574.675843,0.0,0.0,0.0,11973.47,0.0,31082.711638,17.745041
2035-09-09,10,550472.992446,257881.593305,292591.399141,0.0,0.0,0.0,13248.34,0.0,32240.147586,17.074146
2035-09-09,11,581628.302311,268969.89996,312658.402351,0.0,0.0,0.0,13268.66,0.0,33489.079373,17.367701
2035-09-09,12,575180.352404,264288.174223,310892.178181,0.0,0.0,0.0,13770.25,0.0,34015.893021,16.909165
2035-09-09,13,563130.475013,271461.844717,291668.630296,0.0,0.0,0.0,15100.0,0.0,34486.980563,16.328785
2035-09-09,14,584002.036024,272568.551799,311433.484225,0.0,0.0,0.0,14619.21,0.0,35009.421128,16.681282
2035-09-09,15,614805.078423,280491.19633,334313.882093,0.0,0.0,0.0,14163.02,0.0,35455.550994,17.340164
2035-09-09,16,595043.911736,280472.945018,314570.966718,0.0,0.0,0.0,13762.96,0.0,34340.256411,17.327882
2035-09-09,17,638855.094643,296716.082656,342139.011987,0.0,0.0,0.0,12083.9,0.0,33903.445514,18.843368
2035-09-09,18,658362.636319,314770.753733,343591.882586,0.0,0.0,0.0,10905.68,0.0,33124.452071,19.875427
2035-09-09,19,686379.820723,315392.817805,370987.002917,0.0,0.0,0.0,9060.47,0.0,32350.318335,21.217096
2035-09-09,20,634499.605864,315228.426773,319271.17909,0.0,0.0,0.0,10540.83,0.0,31920.498904,19.877497
2035-09-09,21,528774.272674,264469.101223,264305.171451,0.0,0.0,0.0,13091.77,0.0,31305.628128,16.89071
2035-09-09,22,475201.59692,232154.677263,243046.919657,0.0,0.0,0.0,14090.21,0.0,30384.469397,15.639621
2035-09-09,23,437209.429009,241018.507112,196190.921897,0.0,0.0,0.0,14407.94,0.0,29351.079519,14.895855
2035-09-10,0,416222.189241,241002.610186,175219.579055,0.0,0.0,0.0,14315.02,0.0,28423.698048,14.643492
2035-09-10,1,380131.491702,165832.010648,214299.481053,0.0,0.0,0.0,13891.42,0.0,27778.674811,13.684292
2035-09-10,2,371606.852828,174302.430613,197304.422215,0.0,0.0,0.0,13629.01,0.0,27358.448143,13.582892
2035-09-10,3,378218.410645,185394.46945,192823.941195,0.0,0.0,0.0,13436.12,0.0,27264.647928,13.872118
2035-09-10,4,408889.715699,180650.84974,228238.86596,0.0,0.0,0.0,12896.92,0.0,27729.681993,14.745561
2035-09-10,5,412030.054092,186430.792166,225599.261926,0.0,0.0,0.0,13165.49,0.0,28230.241496,14.595343
2035-09-10,6,419575.115009,201074.201788,218500.913221,0.0,0.0,0.0,13015.09,0.0,28198.01609,14.879597
2035-09-10,7,464876.635516,212645.071707,252231.563808,0.0,0.0,0.0,12307.6,0.0,28801.669622,16.140614
2035-09-10,8,511552.123129,246881.587168,264670.535961,0.0,0.0,0.0,12286.5,0.0,30025.806546,17.037082
2035-09-10,9,535589.078601,252686.622931,282902.45567,0.0,0.0,0.0,12419.53,0.0,31193.289501,17.17001
2035-09-10,10,548995.405896,255482.34316,293513.062736,0.0,0.0,0.0,13521.52,0.0,32656.69635,16.811113
2035-09-10,11,575274.404298,255457.237795,319817.166503,0.0,0.0,0.0,13372.79,0.0,33718.734347,17.060973
2035-09-10,12,569983.680591,255457.237795,314526.442796,0.0,0.0,0.0,13747.07,0.0,33868.198514,16.829466
2035-09-10,13,523194.409975,247547.2473,275647.162674,0.0,0.0,0.0,15051.92,0.0,33593.477197,15.574286
2035-09-10,14,527440.993368,235306.688765,292134.304603,0.0,0.0,0.0,14674.73,0.0,33572.183033,15.710655
2035-09-10,15,537471.142162,235168.335111,302302.807051,0.0,0.0,0.0,14296.25,0.0,33562.942494,16.013827
2035-09-10,16,513170.601877,231875.918982,281294.682895,0.0,0.0,0.0,14008.19,0.0,32343.43959,15.866296
2035-09-10,17,542175.534912,234284.90197,307890.632942,0.0,0.0,0.0,12308.92,0.0,31729.39243,17.087486
2035-09-10,18,576747.678157,269993.670873,306754.007284,0.0,0.0,0.0,11050.0,0.0,31035.922831,18.58323
2035-09-10,19,605950.644474,269421.157591,336529.486883,0.0,0.0,0.0,9267.35,0.0,30501.669951,19.866147
2035-09-10,20,561470.942334,269130.211947,292340.730387,0.0,0.0,0.0,10596.63,0.0,30157.293388,18.618081
2035-09-10,21,466744.549528,241891.333095,224853.216433,0.0,0.0,0.0,13257.5,0.0,29478.749943,15.833254
2035-09-10,22,403576.207986,208959.234001,194616.973985,0.0,0.0,0.0,14654.97,0.0,28800.93739,14.012607
2035-09-10,23,357125.683986,164774.455824,192351.228162,0.0,0.0,0.0,14658.12,0.0,27693.500761,12.89565
2035-09-11,0,350198.661864,164774.455824,185424.20604,0.0,0.0,0.0,14158.6,0.0,26976.447044,12.981645
2035-09-11,1,352188.270305,153848.633266,198339.637039,0.0,0.0,0.0,13388.32,0.0,26541.504763,13.269341
2035-09-11,2,349820.509099,153848.633266,195971.875833,0.0,0.0,0.0,13176.16,0.0,26250.150054,13.326419
2035-09-11,3,375753.90836,175015.538897,200738.369463,0.0,0.0,0.0,12891.97,0.0,26445.690038,14.208512
2035-09-11,4,415114.37527,190935.231859,224179.143412,0.0,0.0,0.0,12223.21,0.0,27228.142155,15.245784
2035-09-11,5,424547.60751,193796.373533,230751.233977,0.0,0.0,0.0,12515.45,0.0,27935.741193,15.197292
2035-09-11,6,428892.642187,209146.474618,219746.167569,0.0,0.0,0.0,12413.61,0.0,27780.431293,15.43866
2035-09-11,7,460139.521445,195457.259768,264682.261677,0.0,0.0,0.0,11004.24,0.0,27937.606624,16.470256
2035-09-11,8,448632.118466,195435.8916,253196.226867,0.0,0.0,0.0,11820.87,0.0,28379.192547,15.808488
2035-09-11,9,469157.771673,217292.845171,251864.926502,0.0,0.0,0.0,12057.18,0.0,29008.884789,16.172899
2035-09-11,10,461616.534391,221461.908513,240154.625878,0.0,0.0,0.0,13326.86,0.0,29937.28168,15.419454
2035-09-11,11,492930.768317,223075.18769,269855.580626,0.0,0.0,0.0,13300.79,0.0,31077.49878,15.86134
2035-09-11,12,480254.448874,200588.839669,279665.609205,0.0,0.0,0.0,13778.21,0.0,31442.96085,15.27383
2035-09-11,13,442944.930772,200588.839669,242356.091103,0.0,0.0,0.0,15180.4,0.0,31408.465628,14.102724
2035-09-11,14,443810.861533,197226.542831,246584.318702,0.0,0.0,0.0,14753.46,0.0,31134.726006,14.254529
2035-09-11,15,452254.221197,197857.479472,254396.741726,0.0,0.0,0.0,14332.97,0.0,31018.819429,14.579995
2035-09-11,16,444365.668017,198215.016877,246150.65114,0.0,0.0,0.0,13946.94,0.0,30116.701123,14.754792
2035-09-11,17,483402.21475,202863.208178,280539.006573,0.0,0.0,0.0,12257.66,0.0,29909.337696,16.162251
2035-09-11,18,526873.676192,245484.119994,281389.556198,0.0,0.0,0.0,11013.9,0.0,29556.776842,17.825816
2035-09-11,19,560895.142469,241124.660809,319770.48166,0.0,0.0,0.0,9178.48,0.0,29266.336505,19.165198
2035-09-11,20,518055.542353,238760.876223,279294.66613,0.0,0.0,0.0,10342.13,0.0,28920.060689,17.913363
2035-09-11,21,454242.550535,235862.962032,218379.588504,0.0,0.0,0.0,12244.39,0.0,28165.464468,16.127643
2035-09-11,22,430590.325458,192831.36493,237758.960528,0.0,0.0,0.0,12121.13,0.0,27456.721564,15.682511
2035-09-11,23,368104.055552,182403.624048,185700.431504,0.0,0.0,0.0,13009.97,0.0,26529.882457,13.875073
2035-09-12,0,347613.424045,177707.312483,169906.111562,0.0,0.0,0.0,13036.81,0.0,25834.363677,13.455467
2035-09-12,1,346594.817718,148608.558946,197986.258772,0.0,0.0,0.0,12451.6,0.0,25434.739122,13.626828
2035-09-12,2,346285.762485,148608.558946,197677.203539,0.0,0.0,0.0,12256.42,0.0,25240.307307,13.719554
2035-09-12,3,362994.827136,167180.026848,195814.800288,0.0,0.0,0.0,11978.51,0.0,25480.844836,14.245792
2035-09-12,4,408111.521976,185322.307845,222789.214131,0.0,0.0,0.0,11352.2,0.0,26384.244824,15.468001
2035-09-12,5,474869.037946,231885.715855,242983.322091,0.0,0.0,0.0,10484.11,0.0,27390.871361,17.336763
2035-09-12,6,510803.951455,239000.762302,271803.189152,0.0,0.0,0.0,9116.67,0.0,27389.263029,18.649788
2035-09-12,7,562141.992117,238936.678604,323205.313513,0.0,0.0,5.782478,7589.69,0.0,27814.065889,20.210709
2035-09-12,8,535431.021745,238936.678604,296494.343141,0.0,0.0,0.0,9391.17,0.0,28630.321228,18.701537
2035-09-12,9,523764.691796,222909.301855,300855.38994,0.0,0.0,0.0,10502.97,0.0,29518.347557,17.7437
2035-09-12,10,510060.993219,235651.116528,274409.876691,0.0,0.0,0.0,11941.58,0.0,30209.537449,16.884105
2035-09-12,11,525358.177825,235644.262475,289713.915349,0.0,0.0,0.0,12011.9,0.0,30898.889435,17.002494
2035-09-12,12,509271.248786,213719.04032,295552.208466,0.0,0.0,0.0,12369.73,0.0,31011.839756,16.421833
2035-09-12,13,473334.060458,213719.04032,259615.020138,0.0,0.0,0.0,13759.82,0.0,31031.77764,15.253205
2035-09-12,14,495427.868033,227746.996709,267680.871324,0.0,0.0,0.0,13582.95,0.0,31309.042102,15.823795
2035-09-12,15,519600.559328,231909.839429,287690.719898,0.0,0.0,0.0,13467.44,0.0,31944.08065,16.265942
2035-09-12,16,505743.770141,230548.174539,275195.595602,0.0,0.0,0.0,13439.39,0.0,31506.759274,16.051913
2035-09-12,17,551847.964239,242365.650732,309482.313507,0.0,0.0,0.0,11984.36,0.0,31636.773856,17.443244
2035-09-12,18,602653.317328,284319.726195,318333.591133,0.0,0.0,0.0,10776.0,0.0,31509.443523,19.126117
2035-09-12,19,638436.178097,284227.969012,354208.209085,0.0,0.0,0.0,9019.46,0.0,31247.590873,20.431533
2035-09-12,20,593312.064172,284227.969012,309084.09516,0.0,0.0,0.0,10349.13,0.0,30911.508015,19.193889
2035-09-12,21,562023.028985,279190.71623,282832.312754,0.0,0.0,0.0,10665.08,0.0,30068.22966,18.69159
2035-09-12,22,630739.983185,279172.464918,351567.518267,0.0,0.0,0.0,7233.61,0.0,29265.913784,21.552034
2035-09-12,23,562235.67002,279172.464918,283063.205102,0.0,0.0,0.0,7942.34,0.0,27419.331845,20.505083
2035-09-13,0,494129.727836,243080.648609,251049.079226,0.0,0.0,0.0,9084.96,0.0,26660.363724,18.534246
2035-09-13,1,435716.72282,184085.441383,251631.281437,0.0,0.0,0.0,10364.85,0.0,26629.448445,16.362214
2035-09-13,2,465774.532684,218677.355574,247097.17711,0.0,0.0,0.0,9653.21,0.0,26481.564181,17.588634
2035-09-13,3,488029.948489,218674.412754,269355.535735,0.0,0.0,0.0,9083.29,0.0,26831.952672,18.188387
2035-09-13,4,573334.021199,285948.269215,287385.751984,0.0,0.0,0.0,8394.38,0.0,27902.483696,20.547777
2035-09-13,5,660179.720629,306101.277154,354078.443475,0.0,0.0,0.0,6947.77,0.0,29512.297337,22.369649
2035-09-13,6,726368.410575,351619.917597,374748.492979,0.0,0.0,0.0,5580.85,0.0,29567.917724,24.5661
2035-09-13,7,786775.794571,383913.22462,402862.569952,0.0,0.0,0.0,4341.33,0.0,29881.680242,26.329704
2035-09-13,8,807557.751889,383868.875927,423688.875962,0.0,0.0,0.0,4282.29,0.0,30737.270858,26.272917
2035-09-13,9,803732.919587,383868.875927,419864.04366,0.0,0.0,0.0,5329.07,0.0,31640.755861,25.401824
2035-09-13,10,784021.767554,383868.875927,400152.891627,0.0,0.0,0.0,6910.9,0.0,32471.313809,24.145058
2035-09-13,11,801948.571778,383868.875927,418079.695851,0.0,0.0,0.0,7326.82,0.0,33523.511667,23.921974
2035-09-13,12,792527.416424,383868.875927,408658.540497,0.0,0.0,0.0,7864.64,0.0,33714.066265,23.507322
2035-09-13,13,781232.6046,383868.875927,397363.728674,0.0,0.0,0.0,8518.04,0.0,33939.35164,23.018489
2035-09-13,14,796191.431789,383868.875927,412322.555862,0.0,0.0,0.0,8382.17,0.0,34359.827126,23.172161
2035-09-13,15,803097.376673,383868.875927,419228.500746,0.0,0.0,0.0,8248.95,0.0,34471.315864,23.297555
2035-09-13,16,772131.079344,383868.875927,388262.203417,0.0,0.0,0.0,8047.29,0.0,33129.482988,23.306463
2035-09-13,17,731424.925283,341901.879809,389523.045474,0.0,0.0,0.0,7986.74,0.0,32473.418758,22.523804
2035-09-13,18,710308.2891,341901.879809,368406.409291,0.0,0.0,0.0,8206.21,0.0,31913.704436,22.257156
2035-09-13,19,701784.531699,341901.879809,359882.65189,0.0,0.0,0.0,7804.95,0.0,31204.666455,22.48973
2035-09-13,20,723647.585728,341901.879809,381745.705918,0.0,0.0,0.0,6631.72,0.0,30862.004962,23.447847
2035-09-13,21,750331.643847,367826.583694,382505.060154,0.0,0.0,0.0,5597.52,0.0,30200.197517,24.845256
2035-09-13,22,769703.844212,367822.347077,401881.497136,0.0,0.0,0.0,4020.82,0.0,29417.098313,26.165186
2035-09-13,23,736801.55088,367822.347077,368979.203803,0.0,0.0,0.0,4041.44,0.0,28204.100804,26.123916
2035-09-14,0,710614.045943,367822.347077,342791.698866,0.0,0.0,0.0,4123.03,0.0,27291.348743,26.03807
2035-09-14,1,643614.530269,280083.999007,363530.531263,0.0,0.0,0.0,4225.74,0.0,26729.626814,24.078695
2035-09-14,2,641335.215007,280083.999007,361251.216,0.0,0.0,0.0,3868.4,0.0,26287.158172,24.397282
2035-09-14,3,655624.128544,286989.37707,368634.751475,0.0,0.0,0.0,3638.09,0.0,26286.777151,24.941214
2035-09-14,4,689430.21047,321046.732817,368383.477654,0.0,0.0,0.0,3421.95,0.0,26648.821606,25.870945
2035-09-14,5,716387.945161,325334.276066,391053.669096,0.0,0.0,0.0,2742.07,0.0,26996.374168,26.53645
2035-09-14,6,757897.312384,363147.608113,394749.704271,0.0,0.0,0.0,2236.09,0.0,27141.688755,27.923735
2035-09-14,7,808833.191372,393884.566328,414948.625044,0.0,0.0,0.0,1908.16,0.0,28037.525673,28.848237
2035-09-14,8,848963.892262,416633.944391,432329.94787,0.0,0.0,0.0,2587.32,0.0,29665.316866,28.618063
2035-09-14,9,857605.356064,416469.557284,441135.798779,0.0,0.0,0.0,3931.44,0.0,31418.976214,27.295777
2035-09-14,10,889495.292996,458806.116213,430689.176783,0.0,0.0,0.0,5631.51,0.0,33113.578792,26.86195
2035-09-14,11,895858.223857,449730.751105,446127.472751,0.0,0.0,0.0,6546.18,0.0,34522.95808,25.949637
2035-09-14,12,854423.434751,437434.418498,416989.016252,0.0,0.0,0.0,7630.11,0.0,34521.77253,24.750277
2035-09-14,13,780223.696516,396819.801378,383403.895138,0.0,0.0,0.0,9177.46,0.0,34229.863976,22.793655
2035-09-14,14,789967.883867,388030.514553,401937.369314,0.0,0.0,0.0,8732.85,0.0,34404.696054,22.961048
2035-09-14,15,808394.605346,387844.693687,420549.911659,0.0,0.0,0.0,8346.42,0.0,34712.728188,23.288132
2035-09-14,16,798986.954341,387844.693687,411142.260654,0.0,0.0,0.0,8019.21,0.0,34017.386158,23.487606
2035-09-14,17,805715.391349,383868.875927,421846.515422,0.0,0.0,0.0,7389.93,0.0,33718.599122,23.895281
2035-09-14,18,798344.112548,383868.875927,414475.236622,0.0,0.0,0.0,6897.01,0.0,32958.363202,24.222808
2035-09-14,19,789437.450693,383868.875927,405568.574766,0.0,0.0,0.0,6154.75,0.0,31883.859088,24.759784
2035-09-14,20,835708.780187,409078.132396,426630.647792,0.0,0.0,0.0,4816.84,0.0,31613.564809,26.435133
2035-09-14,21,853598.163013,415788.566121,437809.596892,0.0,0.0,0.0,4027.83,0.0,31305.416478,27.266788
2035-09-14,22,885900.332393,434222.396051,451677.936343,0.0,0.0,0.0,3031.79,0.0,30791.637197,28.77081
2035-09-14,23,855485.214415,434182.270554,421302.943861,0.0,0.0,0.0,3022.4,0.0,29745.264859,28.760383
2035-09-15,0,797075.552707,390557.567273,406517.985435,0.0,0.0,0.0,3071.17,0.0,28871.50252,27.607692
2035-09-15,1,757524.867489,352347.362922,405177.504567,0.0,0.0,0.0,3158.14,0.0,28328.317963,26.740905
2035-09-15,2,748208.101952,352347.362922,395860.739031,0.0,0.0,0.0,2852.2,0.0,27713.763587,26.997708
2035-09-15,3,742123.00004,351098.016831,391024.98321,0.0,0.0,0.0,2704.27,0.0,27251.291054,27.232581
2035-09-15,4,717659.405387,343178.979165,374480.426222,0.0,0.0,0.0,2592.13,0.0,26449.665063,27.133024
2035-09-15,5,679291.795224,306910.906564,372380.88866,0.0,0.0,0.0,2316.97,0.0,25576.793789,26.558911
2035-09-15,6,686992.919083,322295.941354,364696.977729,0.0,0.0,0.0,2100.24,0.0,25302.911556,27.150746
2035-09-15,7,754181.740692,362490.517275,391691.223418,0.0,0.0,0.0,1976.37,0.0,26765.500249,28.177383
2035-09-15,8,830584.782766,412227.363905,418357.418861,0.0,0.0,0.0,2376.6,0.0,28823.635493,28.816101
2035-09-15,9,858401.734331,412919.200158,445482.534173,0.0,0.0,0.0,3474.9,0.0,30914.799134,27.766693
2035-09-15,10,859880.00196,420270.530165,439609.471795,0.0,0.0,0.0,4855.87,0.0,32278.237603,26.639621
2035-09-15,11,850819.07262,420216.901999,430602.170621,0.0,0.0,0.0,6467.62,0.0,33587.006407,25.331792
2035-09-15,12,805584.313886,401730.633101,403853.680785,0.0,0.0,0.0,8255.49,0.0,34226.206335,23.537061
2035-09-15,13,724237.470057,367633.156462,356604.313596,0.0,0.0,0.0,10890.25,0.0,34553.8309,20.959687
2035-09-15,14,748211.819899,367633.156462,380578.663437,0.0,0.0,0.0,10547.43,0.0,35120.082597,21.304387
2035-09-15,15,773493.775789,367633.156462,405860.619327,0.0,0.0,0.0,10278.04,0.0,35740.570069,21.641898
2035-09-15,16,808977.074776,414008.786832,394968.287945,0.0,0.0,0.0,10016.51,0.0,35572.941975,22.74136
2035-09-15,17,863746.268734,430050.63671,433695.632024,0.0,0.0,0.0,8631.83,0.0,35857.405207,24.088365
2035-09-15,18,887166.977523,442306.607609,444860.369914,0.0,0.0,0.0,7525.22,0.0,35271.947788,25.152197
2035-09-15,19,930402.672448,479359.590895,451043.081553,0.0,0.0,0.0,6027.97,0.0,34356.419977,27.080897
2035-09-15,20,976248.954573,519077.14269,457171.811883,0.0,0.0,0.0,5003.3,0.0,33931.558073,28.771121
2035-09-15,21,940430.759819,484960.686385,455470.073434,0.0,0.0,0.0,4603.83,0.0,33195.024146,28.330474
2035-09-15,22,898001.628614,441695.749636,456305.878979,0.0,0.0,0.0,3835.46,0.0,32060.907165,28.00924
2035-09-15,23,878642.940358,441695.749636,436947.190722,0.0,0.0,0.0,3243.14,0.0,30773.374013,28.552051
2035-09-16,0,857090.343902,424766.415437,432323.928465,0.0,0.0,0.0,2883.33,0.0,30005.497088,28.564444
2035-09-16,1,829139.528237,396302.6322,432836.896037,0.0,0.0,0.0,2760.94,0.0,29528.596786,28.079205
2035-09-16,2,823336.066655,391919.554505,431416.51215,0.0,0.0,0.0,2591.97,0.0,29257.424109,28.141099
2035-09-16,3,816265.295637,387297.148965,428968.146671,0.0,0.0,0.0,2518.19,0.0,29052.961387,28.095769
2035-09-16,4,843496.16984,419635.906506,423860.263334,0.0,0.0,0.0,2431.14,0.0,29177.313285,28.909316
2035-09-16,5,876913.303076,425657.76643,451255.536646,0.0,0.0,0.0,1987.82,0.0,29873.168767,29.354546
2035-09-16,6,902838.332426,446397.195803,456441.136623,0.0,0.0,0.0,1623.93,0.0,29923.626803,30.171421
2035-09-16,7,976018.64884,509094.853745,466923.795095,0.0,0.0,0.0,1514.15,0.0,30724.250805,31.767045
2035-09-16,8,1011806.429246,516341.421303,495465.007943,0.0,0.0,0.0,1620.41,0.0,32152.752353,31.468735
2035-09-16,9,1042351.737651,543544.47731,498807.26034,0.0,0.0,0.0,2621.53,0.0,33450.167888,31.161331
2035-09-16,10,1034643.228852,543527.794621,491115.434231,0.0,0.0,0.0,3899.28,0.0,34568.268854,29.930432
2035-09-16,11,1012241.916216,528949.923403,483291.992813,0.0,0.0,0.0,5117.59,0.0,35319.789774,28.659341
2035-09-16,12,975956.960006,532208.160642,443748.799363,0.0,0.0,0.0,6415.8,0.0,35227.114517,27.704709
2035-09-16,13,876585.750747,451654.186616,424931.564131,0.0,0.0,0.0,7818.84,0.0,35125.032572,24.956155
2035-09-16,14,864358.513853,425164.965714,439193.548138,0.0,0.0,0.0,7925.54,0.0,35430.889745,24.39562
2035-09-16,15,865251.980969,425164.965714,440087.015255,0.0,0.0,0.0,8081.07,0.0,35600.368143,24.30458
2035-09-16,16,857369.314444,450374.222183,406995.092261,0.0,0.0,0.0,8269.48,0.0,34877.21405,24.582506
2035-09-16,17,900788.88069,460159.242739,440629.637951,0.0,0.0,0.0,7210.5,0.0,34987.249251,25.746205
2035-09-16,18,950292.893625,495092.388589,455200.505036,0.0,0.0,0.0,6448.25,0.0,34918.457567,27.21463
2035-09-16,19,943438.687076,484161.572667,459277.11441,0.0,0.0,0.0,5518.04,0.0,34222.461846,27.567821
2035-09-16,20,940807.500273,477016.793906,463790.706367,0.0,0.0,0.0,4947.62,0.0,33812.397379,27.824336
2035-09-16,21,916135.612034,476777.971852,439357.640182,0.0,0.0,0.0,5067.36,0.0,33102.12391,27.676037
2035-09-16,22,860133.131593,416538.794649,443594.336944,0.0,0.0,0.0,4567.67,0.0,32072.033479,26.81879
2035-09-16,23,825154.966629,410381.779812,414773.186816,0.0,0.0,0.0,4349.08,0.0,30786.793592,26.802238
2035-09-17,0,811929.730684,409120.793949,402808.936736,0.0,0.0,0.0,4062.33,0.0,30047.606247,27.021445
2035-09-17,1,779734.662203,368530.930713,411203.73149,0.0,0.0,0.0,3757.71,0.0,29457.140887,26.470141
2035-09-17,2,789525.059304,368530.930713,420994.128591,0.0,0.0,0.0,3092.26,0.0,29125.412159,27.107773
2035-09-17,3,814681.824014,395541.136106,419140.687908,0.0,0.0,0.0,2595.59,0.0,28846.739131,28.24173
2035-09-17,4,834113.501938,410793.636732,423319.865206,0.0,0.0,0.0,2146.01,0.0,28813.020927,28.949186
2035-09-17,5,849259.081771,410787.408408,438471.673364,0.0,0.0,0.0,2251.75,0.0,29511.736295,28.776995
2035-09-17,6,847564.76634,410787.408408,436777.357932,0.0,0.0,0.0,2342.28,0.0,29578.849829,28.654419
2035-09-17,7,859971.490844,410787.408408,449184.082436,0.0,0.0,0.0,2400.21,0.0,30040.867315,28.62672
2035-09-17,8,849001.808365,410787.408408,438214.399958,0.0,0.0,0.0,3466.8,0.0,30756.886949,27.603633
2035-09-17,9,817179.002599,410787.408408,406391.594192,0.0,0.0,0.0,5387.55,0.0,31561.551758,25.891598
2035-09-17,10,757460.964597,383868.875927,373592.08867,0.0,0.0,0.0,7998.11,0.0,32589.669844,23.242364
2035-09-17,11,803966.06557,383868.875927,420097.189643,0.0,0.0,0.0,6964.18,0.0,33247.265531,24.181419
2035-09-17,12,795873.816701,383868.875927,412004.940775,0.0,0.0,0.0,6938.52,0.0,32931.56688,24.167505
2035-09-17,13,772996.596404,375958.885432,397037.710972,0.0,0.0,0.0,7301.87,0.0,32636.317953,23.685166
2035-09-17,14,775394.22215,375958.885432,399435.336718,0.0,0.0,0.0,7389.64,0.0,32814.144398,23.629878
2035-09-17,15,779826.18645,375958.885432,403867.301018,0.0,0.0,0.0,7601.16,0.0,33162.707994,23.515154
2035-09-17,16,754508.200441,375958.885432,378549.315009,0.0,0.0,0.0,8051.27,0.0,32714.994916,23.063069
2035-09-17,17,777324.557911,375958.885432,401365.672479,0.0,0.0,0.0,7468.35,0.0,32949.800753,23.591176
2035-09-17,18,788328.328505,375958.885432,412369.443073,0.0,0.0,0.0,7258.23,0.0,33105.866329,23.812346
2035-09-17,19,800305.087945,383887.12724,416417.960705,0.0,0.0,0.0,6609.64,0.0,32726.790702,24.454127
2035-09-17,20,805858.012579,383868.875927,421989.136652,0.0,0.0,0.0,6265.94,0.0,32623.027255,24.702122
2035-09-17,21,798548.935036,383868.875927,414680.059109,0.0,0.0,0.0,5974.43,0.0,32062.16162,24.906273
2035-09-17,22,811789.664196,383868.875927,427920.788269,0.0,0.0,0.0,4789.35,0.0,31264.704542,25.965052
2035-09-17,23,771700.28199,383868.875927,387831.406063,0.0,0.0,0.0,4886.18,0.0,29989.033735,25.732749
2035-09-18,0,742297.338796,383868.875927,358428.46287,0.0,0.0,0.0,5114.56,0.0,29109.629131,25.500062
2035-09-18,1,682853.936855,306047.206184,376806.730671,0.0,0.0,0.0,5336.89,0.0,28725.030114,23.772088
2035-09-18,2,678963.15911,306047.206184,372915.952927,0.0,0.0,0.0,5064.58,0.0,28332.400043,23.964195
2035-09-18,3,698806.523603,317958.659391,380847.864212,0.0,0.0,10.82768,4751.86,0.0,28439.370619,24.5718
2035-09-18,4,743678.550245,360117.606551,383560.943694,0.0,0.0,0.0,4477.32,0.0,28855.893431,25.772155
2035-09-18,5,788184.418822,375450.1253,412734.293522,0.0,0.0,0.0,3832.99,0.0,29651.082843,26.581978
2035-09-18,6,824159.788962,404825.159607,419334.629355,0.0,0.0,0.0,3149.34,0.0,29590.16255,27.852493
2035-09-18,7,880607.412101,439078.469751,441528.94235,0.0,0.0,0.0,2557.76,0.0,30089.566075,29.266205
2035-09-18,8,898002.740772,438602.044914,459400.695859,0.0,0.0,0.0,2868.9,0.0,30879.967891,29.08043
2035-09-18,9,865247.509611,419001.749217,446245.760394,0.0,0.0,0.0,3959.8,0.0,31595.392287,27.385243
2035-09-18,10,853280.179892,417740.763354,435539.416538,0.0,0.0,0.0,5076.82,0.0,32353.643448,26.373542
2035-09-18,11,863156.240503,417740.763354,445415.47715,0.0,0.0,0.0,5634.94,0.0,33258.036193,25.953314
2035-09-18,12,842534.412792,417740.763354,424793.649439,0.0,0.0,0.0,6465.81,0.0,33404.105086,25.222481
2035-09-18,13,827299.57495,397963.992865,429335.582085,0.0,0.0,15.313722,6862.96,0.0,33646.248838,24.588167
2035-09-18,14,855404.43543,427743.828287,427660.607143,0.0,0.0,0.0,6909.53,0.0,33991.781387,25.165037
2035-09-18,15,872745.107452,427728.308884,445016.798567,0.0,0.0,0.0,6856.17,0.0,34630.177855,25.201866
2035-09-18,16,916364.037566,472727.530913,443636.506653,0.0,0.0,0.0,6332.81,0.0,34420.288604,26.622788
2035-09-18,17,943628.483325,475920.980882,467707.502444,0.0,0.0,0.0,5659.13,0.0,34648.190082,27.234568
2035-09-18,18,951038.413522,481843.493282,469194.92024,0.0,0.0,0.0,5186.39,0.0,34440.174853,27.614216
2035-09-18,19,939857.666754,486662.081227,453195.585527,0.0,0.0,0.0,4868.06,0.0,33625.204361,27.950987
2035-09-18,20,909382.233228,446564.719513,462817.513716,0.0,0.0,0.0,4867.56,0.0,33435.867269,27.197806
2035-09-18,21,868124.772328,446564.719513,421560.052816,0.0,0.0,0.0,5591.5,0.0,32804.372382,26.463691
2035-09-18,22,795406.718951,390822.230873,404584.488078,0.0,0.0,0.0,6171.17,0.0,31955.800845,24.89084
2035-09-18,23,733140.954108,358744.748768,374396.20534,0.0,0.0,0.0,6597.95,0.0,30833.885588,23.777119
2035-09-19,0,692167.352531,358744.748768,333422.603763,0.0,0.0,0.0,7357.66,0.0,30044.182465,23.038315
2035-09-19,1,620523.777596,285393.214123,335130.563473,0.0,0.0,0.0,8170.07,0.0,29701.667891,20.891883
2035-09-19,2,684107.309744,328432.174182,355675.135562,0.0,0.0,0.0,6584.51,0.0,29388.138224,23.278348
2035-09-19,3,756944.212803,370656.037984,386288.174819,0.0,0.0,0.0,5284.82,0.0,29610.905061,25.563022
2035-09-19,4,825441.594899,421109.170632,404332.424266,0.0,0.0,0.0,4278.1,0.0,30137.83869,27.388878
2035-09-19,5,865521.906836,425637.063294,439884.843542,0.0,0.0,0.0,3575.78,0.0,31042.577653,27.881767
2035-09-19,6,901516.227335,447267.041613,454249.185721,0.0,0.0,0.0,2981.06,0.0,31199.538288,28.895178
2035-09-19,7,918364.860978,451793.934672,466570.926306,0.0,0.0,0.0,2585.62,0.0,31333.815185,29.309066
2035-09-19,8,914375.306337,451712.715328,462662.591009,0.0,0.0,0.0,2900.26,0.0,31576.447739,28.95751
2035-09-19,9,874244.591015,444209.286551,430035.304463,0.0,0.0,0.0,3923.19,0.0,31394.572979,27.846997
2035-09-19,10,798987.482119,393820.642606,405166.839512,0.0,0.0,0.0,5218.43,0.0,31152.223791,25.647847
2035-09-19,11,755486.138317,355579.195962,399906.942355,0.0,0.0,0.0,5937.49,0.0,31121.727703,24.275199
2035-09-19,12,707045.375587,343676.637117,363368.73847,0.0,0.0,0.0,6845.99,0.0,30468.880673,23.205492
2035-09-19,13,653490.098029,311111.376317,342378.721712,0.0,0.0,0.0,7725.43,0.0,30046.075448,21.749599
2035-09-19,14,611288.050538,274045.045517,337243.005021,0.0,0.0,0.0,8354.49,0.0,29838.88989,20.486287
2035-09-19,15,575227.906831,258707.100303,316520.806529,0.0,0.0,0.0,9273.07,0.0,29737.124215,19.343764
2035-09-19,16,531336.721394,247354.489994,283982.2314,0.0,0.0,0.0,10396.22,0.0,29345.692479,18.106123
2035-09-19,17,614000.489056,291108.097591,322892.391465,0.0,0.0,0.0,8688.61,0.0,29709.768448,20.66662
2035-09-19,18,684745.941966,329682.723949,355063.218017,0.0,0.0,0.0,7292.94,0.0,30239.485211,22.6441
2035-09-19,19,723968.732537,329658.728694,394310.003843,0.0,0.0,0.0,5841.79,0.0,30315.074105,23.881477
2035-09-19,20,714308.735554,329658.728694,384650.00686,0.0,0.0,0.0,6284.01,0.0,30372.531061,23.518249
2035-09-19,21,659666.745244,319557.118774,340109.626471,0.0,0.0,0.0,7608.11,0.0,29934.903518,22.036709
2035-09-19,22,596393.702609,276763.943032,319629.759577,0.0,0.0,0.0,8560.78,0.0,29350.20644,20.319915
2035-09-19,23,579428.152318,272664.710326,306763.441992,0.0,0.0,0.0,8314.66,0.0,28587.017742,20.268926
2035-09-20,0,577142.646674,272664.710326,304477.936348,0.0,0.0,0.0,8005.45,0.0,28188.911063,20.474102
2035-09-20,1,573015.830334,251525.797886,321490.032447,0.0,0.0,0.0,7866.23,0.0,28237.977316,20.292382
2035-09-20,2,593826.016338,264501.849688,329324.16665,0.0,0.0,0.0,7497.52,0.0,28349.613274,20.94653
2035-09-20,3,605223.999559,269211.810559,336012.189001,0.0,0.0,0.0,7722.84,0.0,28944.600433,20.909738
2035-09-20,4,648300.494512,308591.469089,339709.025423,0.0,0.0,0.0,8260.02,0.0,30193.226844,21.471719
2035-09-20,5,673767.785452,308510.717913,365257.067539,0.0,0.0,0.0,8596.34,0.0,31615.150886,21.311547
2035-09-20,6,665220.320487,306146.933327,359073.38716,0.0,0.0,0.0,9220.71,0.0,31958.032709,20.815434
2035-09-20,7,649920.709909,304274.907369,345645.802541,0.0,0.0,0.0,9905.78,0.0,32099.45715,20.247093
2035-09-20,8,630408.305974,291264.214378,339144.091597,0.0,0.0,0.0,10784.65,0.0,32528.669691,19.380083
2035-09-20,9,606035.440548,275028.494912,331006.945635,0.0,0.0,0.0,11701.44,0.0,32902.208016,18.419294
2035-09-20,10,572896.069103,272293.409811,300602.659292,0.0,0.0,0.0,12961.7,0.0,32941.343044,17.3914
2035-09-20,11,578498.384167,263326.624035,315171.760132,0.0,0.0,0.0,12765.76,0.0,33114.420782,17.469682
2035-09-20,12,555701.586032,255794.992265,299906.593767,0.0,0.0,0.0,13137.87,0.0,32828.684843,16.927318
2035-09-20,13,505643.476815,227179.302158,278464.174657,0.0,0.0,0.0,14467.66,0.0,32786.398665,15.422355
2035-09-20,14,512199.954117,218263.097679,293936.856438,0.0,0.0,0.0,14056.58,0.0,32757.388433,15.636166
2035-09-20,15,512026.654396,218127.014812,293899.639584,0.0,0.0,0.0,13751.11,0.0,32461.267533,15.773465
2035-09-20,16,508508.144361,233690.217942,274817.926419,0.0,0.0,0.0,13454.47,0.0,31679.331554,16.051732
2035-09-20,17,556394.246193,250023.181009,306371.065184,0.0,0.0,0.0,11721.66,0.0,31469.966614,17.680166
2035-09-20,18,621347.54758,299607.309474,321740.238106,0.0,0.0,0.0,10012.95,0.0,31150.665484,19.946526
2035-09-20,19,663555.944847,299398.201552,364157.743294,0.0,0.0,0.0,7887.07,0.0,30757.85575,21.573544
2035-09-20,20,606202.349239,303235.127302,302967.221937,0.0,0.0,0.0,10424.29,0.0,31028.598251,19.536891
2035-09-20,21,513853.525292,242115.062528,271738.462764,0.0,0.0,0.0,12922.36,0.0,31168.172259,16.486482
2035-09-20,22,460176.656802,220035.28415,240141.372652,0.0,0.0,0.0,14362.58,0.0,30796.103111,14.942691
2035-09-20,23,430145.299617,220035.28415,210110.015468,0.0,0.0,0.0,14590.17,0.0,29861.730094,14.404567
2035-09-21,0,405169.763672,213499.917595,191669.846077,0.0,0.0,0.0,14707.99,0.0,29120.096848,13.913751
2035-09-21,1,389113.102383,175278.231365,213834.871017,0.0,0.0,0.0,14462.91,0.0,28741.012733,13.538601
2035-09-21,2,388565.248595,178334.08263,210231.165965,0.0,0.0,0.0,14142.49,0.0,28508.511661,13.629798
2035-09-21,3,417261.829616,195569.163671,221692.665945,0.0,0.0,0.0,13805.18,0.0,28641.230367,14.568572
2035-09-21,4,440277.959813,195037.567992,245240.39182,0.0,0.0,0.0,13215.82,0.0,29011.708475,15.175872
2035-09-21,5,435011.765943,200845.546576,234166.219367,0.0,0.0,0.0,13491.14,0.0,29190.295224,14.902616
2035-09-21,6,445722.196298,197794.397684,247927.798614,0.0,0.0,0.0,13419.32,0.0,29316.596719,15.20375
2035-09-21,7,483717.164943,235442.163141,248275.001802,0.0,0.0,0.0,13065.01,0.0,30050.879138,16.096606
2035-09-21,8,528821.32609,246039.203821,282782.122269,0.0,0.0,0.0,12448.96,0.0,31058.005899,17.026892
2035-09-21,9,531324.83439,228847.787135,302477.047255,0.0,0.0,0.0,12464.09,0.0,31629.9303,16.798166
2035-09-21,10,520850.926613,228671.984754,292178.941859,0.0,0.0,0.0,13254.9,0.0,32019.006697,16.26693
2035-09-21,11,531829.620504,235220.388761,296609.231743,0.0,0.0,0.0,13081.93,0.0,32146.414528,16.543979
2035-09-21,12,507135.267391,237089.752156,270045.515235,0.0,0.0,0.0,13459.71,0.0,31571.656165,16.062992
2035-09-21,13,459741.427756,209148.913198,250592.514559,0.0,0.0,0.0,14589.02,0.0,31276.762902,14.699137
2035-09-21,14,475776.525111,213072.90785,262703.617261,0.0,0.0,0.0,14170.43,0.0,31609.35203,15.051765
2035-09-21,15,498251.998092,216857.640934,281394.357158,0.0,0.0,0.0,13812.18,0.0,32011.968133,15.564554
2035-09-21,16,531968.435447,233289.161775,298679.273672,0.0,0.0,0.0,12161.14,0.0,31262.46549,17.016202
2035-09-21,17,544912.823676,233283.852218,311628.971458,0.0,0.0,0.0,11187.96,0.0,30862.464146,17.656167
2035-09-21,18,582114.973302,266078.198891,316036.774411,0.0,0.0,0.0,9990.5,0.0,30332.501791,19.19113
2035-09-21,19,608439.059741,265839.903314,342599.156427,0.0,0.0,0.0,8324.84,0.0,29778.078056,20.432449
2035-09-21,20,555045.406561,272040.613649,283004.792912,0.0,0.0,0.0,10594.45,0.0,29912.433222,18.555676
2035-09-21,21,473764.884938,222959.221695,250805.663243,0.0,0.0,0.0,13182.4,0.0,30180.792744,15.697563
2035-09-21,22,431042.899663,197784.703008,233258.196655,0.0,0.0,0.0,14465.6,0.0,30119.727661,14.310983
2035-09-21,23,415124.22542,191531.071865,223593.153555,0.0,0.0,0.0,14547.11,0.0,29417.240017,14.111597
2035-09-22,0,400506.365848,194114.026272,206392.339577,0.0,0.0,0.0,14320.64,0.0,28626.598112,13.990708
2035-09-22,1,387897.899118,176055.016278,211842.88284,0.0,0.0,0.0,13892.81,0.0,28079.704885,13.814173
2035-09-22,2,378016.967193,171905.448996,206111.518197,0.0,0.0,0.0,13604.17,0.0,27533.821718,13.729186
2035-09-22,3,369941.986994,162050.126012,207891.860982,0.0,0.0,0.0,13381.8,0.0,27108.316438,13.646808
2035-09-22,4,377064.547325,161637.192593,215427.354733,0.0,0.0,0.0,12900.96,0.0,26761.272784,14.089933
2035-09-22,5,363224.428449,164663.448118,198560.98033,0.0,0.0,0.0,12406.25,0.0,25925.099622,14.010532
2035-09-22,6,384105.296702,177751.968492,206353.32821,0.0,0.0,0.0,11300.23,0.0,25627.077907,14.98826
2035-09-22,7,464294.156189,212340.662892,251953.493296,0.0,0.0,0.0,9977.56,0.0,26820.454973,17.311196
2035-09-22,8,487692.244609,220053.399529,267638.84508,0.0,0.0,0.0,10729.17,0.0,28342.923309,17.206843
2035-09-22,9,500295.590595,227930.58075,272365.009844,0.0,0.0,0.0,11404.28,0.0,29286.779354,17.082643
2035-09-22,10,485777.078656,216487.287172,269289.791484,0.0,0.0,0.0,12298.71,0.0,29852.761584,16.272434
2035-09-22,11,505612.348706,217090.001592,288522.347114,0.0,0.0,0.0,12138.01,0.0,30602.579784,16.521886
2035-09-22,12,491341.008975,209015.620065,282325.38891,0.0,0.0,0.0,12482.09,0.0,30605.229987,16.054152
2035-09-22,13,454326.754969,205709.044775,248617.710194,0.0,0.0,0.0,14106.11,0.0,30877.873891,14.713667
2035-09-22,14,487897.607098,219653.27721,268244.329888,0.0,0.0,0.0,13486.98,0.0,31258.508821,15.608474
2035-09-22,15,521269.757213,224275.339021,296994.418191,0.0,0.0,0.0,12515.78,0.0,31506.953969,16.544594
2035-09-22,16,576575.605226,278730.564564,297845.040662,0.0,0.0,0.0,11207.31,0.0,31087.369796,18.546941
2035-09-22,17,654773.076288,306071.655271,348701.421017,0.0,0.0,0.0,8784.33,0.0,31123.079531,21.038184
2035-09-22,18,725589.172074,353849.804558,371739.367516,0.0,0.0,0.0,6933.63,0.0,30820.901193,23.542114
2035-09-22,19,757269.158871,353804.438654,403464.720217,0.0,0.0,0.0,5187.75,0.0,30417.404292,24.895917
2035-09-22,20,750153.050174,353804.438654,396348.611519,0.0,0.0,0.0,5439.01,0.0,30389.767533,24.684396
2035-09-22,21,702176.243912,341901.879809,360274.364103,0.0,0.0,0.0,6706.7,0.0,30125.92497,23.308039
2035-09-22,22,647849.991425,299538.994678,348310.996747,0.0,0.0,0.0,7559.91,0.0,29786.557529,21.749744
2035-09-22,23,616879.790994,286573.500088,330306.290906,0.0,0.0,0.0,7644.83,0.0,28974.230562,21.290636
2035-09-23,0,587209.164616,270125.301938,317083.862679,0.0,0.0,0.0,7781.77,0.0,28272.598196,20.769551
2035-09-23,1,559787.797169,242611.462266,317176.334903,0.0,0.0,0.0,7890.55,0.0,27876.812304,20.080768
2035-09-23,2,537886.345048,238843.118773,299043.226275,0.0,0.0,0.0,8399.53,0.0,27625.256607,19.470818
2035-09-23,3,517826.510562,223744.373567,294082.136996,0.0,0.0,0.0,9030.58,0.0,27725.56067,18.676863
2035-09-23,4,540705.211512,243771.816705,296933.394808,0.0,0.0,0.0,9224.36,0.0,28396.398194,19.041331
2035-09-23,5,564686.785138,244486.675946,320200.109192,0.0,0.0,8.813052,9027.94,0.0,29169.775502,19.358626
2035-09-23,6,596669.575933,277156.812249,319512.763684,0.0,0.0,0.0,8674.18,0.0,29261.736889,20.390778
2035-09-23,7,634516.180975,295721.919232,338794.261743,0.0,0.0,0.0,7996.57,0.0,29703.826122,21.361429
2035-09-23,8,644464.852664,287527.443893,356937.40877,0.0,0.0,0.283939,7983.41,0.0,30386.99449,21.208575
2035-09-23,9,640112.678937,287527.443893,352585.235044,0.0,0.0,0.0,8724.14,0.0,30966.450979,20.671167
2035-09-23,10,635828.107439,303225.748557,332602.358882,0.0,0.0,0.0,10161.61,0.0,31854.464811,19.960408
2035-09-23,11,669385.976486,307189.218593,362196.757893,0.0,0.0,0.0,9719.75,0.0,32636.97282,20.510051
2035-09-23,12,674066.550257,306843.546293,367223.003965,0.0,0.0,0.0,9508.09,0.0,32613.2074,20.668515
2035-09-23,13,651543.074838,306047.206184,345495.868654,0.0,0.0,0.0,10181.52,0.0,32465.456014,20.06881
2035-09-23,14,667871.685204,310351.040174,357520.64503,0.0,0.0,0.0,9756.8,0.0,32549.035272,20.518939
2035-09-23,15,690409.467781,321315.442101,369094.025679,0.0,0.0,0.0,9464.17,0.0,32751.612055,21.080167
2035-09-23,16,709713.155133,348531.6158,361181.539334,0.0,0.0,0.0,9118.55,0.0,32478.613406,21.851707
2035-09-23,17,741486.713931,351448.072241,390038.64169,0.0,0.0,0.0,7956.92,0.0,32565.00579,22.769433
2035-09-23,18,765180.657602,366012.337028,399168.320574,0.0,0.0,0.0,7018.04,0.0,32206.21678,23.758787
2035-09-23,19,777229.828038,365822.620303,411407.207735,0.0,0.0,2.857573,5859.29,0.0,31551.225066,24.633903
2035-09-23,20,767519.188957,365822.620303,401696.568654,0.0,0.0,0.0,6000.45,0.0,31346.209946,24.485231
2035-09-23,21,713008.491374,353157.850874,359850.640499,0.0,0.0,0.0,7227.1,0.0,30816.752769,23.137042
2035-09-23,22,660491.598277,301865.92438,358625.673897,0.0,0.0,0.0,7835.92,0.0,30502.314803,21.653819
2035-09-23,23,640432.413611,299025.894699,341406.518912,0.0,0.0,0.0,7585.15,0.0,29545.534408,21.676115
2035-09-24,0,619057.10989,285654.536699,333402.57319,0.0,0.0,0.0,7256.8,0.0,28712.46338,21.560571
2035-09-24,1,602817.534323,275073.693314,327743.841008,0.0,0.0,0.0,7077.46,0.0,28151.233777,21.413539
2035-09-24,2,578997.640452,250670.306267,328327.334185,0.0,0.0,0.0,7242.72,0.0,27787.35939,20.836728
2035-09-24,3,552802.830841,243615.807391,309187.023449,0.0,0.0,0.0,7921.47,0.0,27724.805681,19.938925
2035-09-24,4,572162.148162,267997.556906,304164.591256,0.0,0.0,0.0,8246.2,0.0,28239.295208,20.261205
2035-09-24,5,617722.425483,275103.497108,342618.928374,0.0,0.0,0.0,7436.13,0.0,29047.95513,21.265608
2035-09-24,6,661378.016069,311302.89293,350075.123138,0.0,0.0,2.22849,6603.9,0.0,29052.034991,22.76529
2035-09-24,7,689767.859201,311124.555239,378643.303962,0.0,0.0,0.0,5866.15,0.0,29483.887569,23.394739
2035-09-24,8,654288.134611,311124.555239,343163.579372,0.0,0.0,0.0,7763.89,0.0,30071.678231,21.75762
2035-09-24,9,597796.113472,272195.853473,325600.259999,0.0,0.0,0.0,9545.33,0.0,30547.657764,19.569295
2035-09-24,10,570966.540023,261961.24452,309005.295503,0.0,0.0,0.0,11257.98,0.0,31432.652503,18.164758
2035-09-24,11,594153.968684,261961.24452,332192.724164,0.0,0.0,0.0,11290.14,0.0,32344.941099,18.369301
2035-09-24,12,593746.045195,261961.24452,331784.800675,0.0,0.0,0.0,11514.86,0.0,32552.385466,18.239709
2035-09-24,13,554407.679582,261961.24452,292446.435062,0.0,0.0,0.0,13031.98,0.0,32590.541729,17.011306
2035-09-24,14,570021.569984,264317.978017,305703.591967,0.0,0.0,0.0,12826.39,0.0,32925.722135,17.312348
2035-09-24,15,602775.023643,272216.41603,330558.607612,0.0,0.0,0.0,12153.51,0.0,33275.494589,18.114683
2035-09-24,16,640306.714246,318580.479308,321726.234938,0.0,0.0,0.0,11351.94,0.0,32839.324796,19.498169
2035-09-24,17,705492.022905,334438.617014,371053.405891,0.0,0.0,0.0,8939.59,0.0,32619.653316,21.627821
2035-09-24,18,765976.269219,376251.891874,389724.377344,0.0,0.0,0.0,7253.52,0.0,32194.795926,23.791928
2035-09-24,19,796055.208757,376240.237084,419814.971673,0.0,0.0,0.0,5637.02,0.0,31773.154909,25.054333
2035-09-24,20,774963.284683,376240.237084,398723.047599,0.0,0.0,0.0,6104.81,0.0,31498.036297,24.603543
2035-09-24,21,716811.793844,354491.77598,362320.017864,0.0,0.0,0.0,7431.18,0.0,31108.55594,23.042272
2035-09-24,22,686617.207079,335632.527424,350984.679655,0.0,0.0,0.0,7948.83,0.0,30509.99367,22.504666
2035-09-24,23,637190.495702,313691.784208,323498.711495,0.0,0.0,0.0,8263.49,0.0,29492.265671,21.605342
2035-09-25,0,592624.95867,310216.828462,282408.130208,0.0,0.0,0.0,8760.86,0.0,28619.51967,20.70702
2035-09-25,1,519814.111938,231670.157038,288143.9549,0.0,0.0,0.0,9505.55,0.0,28162.571195,18.457623
2035-09-25,2,508428.069778,222985.099186,285442.970592,0.0,0.0,0.0,9474.77,0.0,27828.589359,18.269991
2035-09-25,3,509680.51976,222985.099186,286695.420573,0.0,0.0,0.0,9595.43,0.0,27994.512326,18.206444
2035-09-25,4,540674.179709,242381.605684,298292.574025,0.0,0.0,0.0,9508.04,0.0,28699.448776,18.839183
2035-09-25,5,559990.551241,242328.432981,317662.11826,0.0,0.0,0.0,9352.99,0.0,29350.477105,19.079436
2035-09-25,6,580113.977095,263014.081684,317099.895412,0.0,0.0,0.0,8962.83,0.0,29309.765662,19.792515
2035-09-25,7,627801.182186,290955.607218,336845.574968,0.0,0.0,0.0,8187.73,0.0,29777.323758,21.083197
2035-09-25,8,648488.023325,290230.432116,358257.591209,0.0,0.0,2.631488,8131.78,0.0,30632.010444,21.170273
2035-09-25,9,641358.903928,290230.432116,351128.471812,0.0,0.0,0.0,8976.5,0.0,31213.238329,20.547657
2035-09-25,10,618900.800253,296878.851297,322021.948956,0.0,0.0,0.0,10385.56,0.0,31628.984477,19.56752
2035-09-25,11,645386.030705,292591.614026,352794.416679,0.0,0.0,0.0,9930.26,0.0,32312.067562,19.973529
2035-09-25,12,649655.4281,292591.614026,357063.814074,0.0,0.0,0.0,9995.76,0.0,32534.937365,19.967932
2035-09-25,13,640190.511468,300519.855834,339670.655635,0.0,0.0,0.0,10904.51,0.0,32869.176147,19.476926
2035-09-25,14,686964.377696,330475.146978,356489.230718,0.0,0.0,0.0,10346.36,0.0,33392.728858,20.572274
2035-09-25,15,712383.961173,330457.380048,381926.581125,0.0,0.0,0.0,9865.91,0.0,33944.998339,20.986419
2035-09-25,16,735057.233475,362985.97566,372071.257815,0.0,0.0,0.0,9625.5,0.0,33741.370176,21.785044
2035-09-25,17,794420.889072,387105.980583,407314.908489,0.0,0.0,0.0,8036.01,0.0,33798.055697,23.504929
2035-09-25,18,828123.552426,406298.218297,421825.334128,0.0,0.0,0.0,6941.61,0.0,33534.909699,24.694373
2035-09-25,19,838469.132145,406084.915804,432384.216341,0.0,0.0,0.0,5941.89,0.0,32898.755909,25.486348
2035-09-25,20,822174.677258,398625.002733,423549.674526,0.0,0.0,0.0,6033.45,0.0,32631.806061,25.1955
2035-09-25,21,794979.249127,405310.980316,389668.268811,0.0,0.0,0.0,7046.98,0.0,32331.90173,24.588076
2035-09-25,22,777588.499952,393969.892852,383618.6071,0.0,0.0,0.0,7207.44,0.0,31617.340959,24.593735
2035-09-25,23,699945.824549,367555.120145,332390.704403,0.0,0.0,0.0,8234.28,0.0,30465.573587,22.974976
2035-09-26,0,624871.35677,323373.530218,301497.826552,0.0,0.0,0.0,8611.28,0.0,29429.362404,21.232922
2035-09-26,1,573731.281423,253964.936182,319766.345241,0.0,0.0,0.0,8646.76,0.0,28900.851778,19.851708
2035-09-26,2,564186.670338,246632.635305,317554.035033,0.0,0.0,0.0,8543.36,0.0,28650.548945,19.692002
2035-09-26,3,557178.257614,245836.295196,311341.962418,0.0,0.0,0.0,8728.81,0.0,28542.742207,19.520838
2035-09-26,4,585604.70377,284221.222834,301383.480937,0.0,0.0,0.0,8904.09,0.0,28976.896443,20.209366
2035-09-26,5,653098.979519,301906.285387,351192.694132,0.0,0.0,0.0,7453.63,0.0,29776.927632,21.933055
2035-09-26,6,739479.456109,372081.714195,367397.741913,0.0,0.0,0.0,5669.6,0.0,29622.099536,24.963776
2035-09-26,7,792833.931946,371966.317082,420867.614864,0.0,0.0,0.0,3999.83,0.0,30138.29251,26.306531
2035-09-26,8,790583.713186,376144.155212,414439.557974,0.0,0.0,0.0,5194.56,0.0,31156.700334,25.374436
2035-09-26,9,759876.643216,375740.839861,384135.803355,0.0,0.0,0.0,7151.9,0.0,32009.091544,23.7394
2035-09-26,10,699575.71472,345496.106336,354079.608384,0.0,0.0,0.0,9336.25,0.0,32573.585363,21.47678
2035-09-26,11,727750.845465,342509.029303,385241.816161,0.0,0.0,0.0,9044.07,0.0,33438.107336,21.764116
2035-09-26,12,736613.650764,347360.347295,389253.303468,0.0,0.0,0.0,9299.63,0.0,33895.857002,21.731672
2035-09-26,13,714335.665003,347333.618493,367002.04651,0.0,0.0,0.0,10513.25,0.0,34296.613992,20.828169
2035-09-26,14,681000.592991,321900.139854,359100.453137,0.0,0.0,0.0,11297.36,0.0,34363.457043,19.817581
2035-09-26,15,650688.852862,303846.923172,346841.92969,0.0,0.0,0.0,11974.27,0.0,34326.612344,18.955813
2035-09-26,16,629147.906732,304282.609004,324865.297729,0.0,0.0,0.0,12376.88,0.0,33841.112983,18.59123
2035-09-26,17,685381.619549,324750.786076,360630.833473,0.0,0.0,0.0,10711.29,0.0,33816.914543,20.26742
2035-09-26,18,727471.138501,352754.911849,374716.226651,0.0,0.0,0.0,9579.17,0.0,33590.564099,21.657009
2035-09-26,19,752544.609825,356158.879634,396385.730192,0.0,0.0,0.0,8060.74,0.0,33010.50001,22.797128
2035-09-26,20,750508.196233,356127.579604,394380.616629,0.0,0.0,0.0,8021.76,0.0,32922.232596,22.796394
2035-09-26,21,728666.49755,353827.263698,374839.233852,0.0,0.0,0.0,8019.27,0.0,32182.175285,22.641928
2035-09-26,22,710528.553254,326563.934595,383964.618659,0.0,0.0,0.0,7150.54,0.0,31186.245989,22.783395
2035-09-26,23,674965.314465,326563.934595,348401.37987,0.0,0.0,0.0,7236.62,0.0,29958.926472,22.52969
2035-09-27,0,618749.625984,292274.998448,326474.627537,0.0,0.0,0.0,7709.8,0.0,29053.185178,21.297136
2035-09-27,1,584155.014424,267973.996037,316181.018387,0.0,0.0,0.0,8138.35,0.0,28665.332278,20.378449
2035-09-27,2,560868.176244,246846.669099,314021.507145,0.0,0.0,0.0,8540.39,0.0,28529.016031,19.65957
2035-09-27,3,553642.227877,243554.25297,310087.974907,0.0,0.0,0.0,9277.41,0.0,29037.402771,19.06652
2035-09-27,4,610983.252752,304348.045327,306635.207425,0.0,0.0,0.0,9504.14,0.0,30032.62714,20.343983
2035-09-27,5,670884.575881,317214.426807,353670.149075,0.0,0.0,0.0,8570.09,0.0,31280.223291,21.447564
2035-09-27,6,715418.637699,349586.39504,365832.242659,0.0,0.0,0.0,7626.1,0.0,31294.309586,22.860982
2035-09-27,7,739883.286993,349523.429708,390359.857285,0.0,0.0,0.0,6683.66,0.0,31363.807272,23.590353
2035-09-27,8,735742.365703,349523.429708,386218.935995,0.0,0.0,0.0,7479.69,0.0,32007.229214,22.986756
2035-09-27,9,710414.881198,341613.439213,368801.441985,0.0,0.0,0.0,8721.16,0.0,32503.352574,21.856665
2035-09-27,10,670112.518495,313475.160903,356637.357592,0.0,0.0,0.0,10028.27,0.0,32916.51458,20.357943
2035-09-27,11,658980.915593,298137.215689,360843.699904,0.0,0.0,0.0,10312.01,0.0,33086.008804,19.917208
2035-09-27,12,637724.177396,298137.215689,339586.961708,0.0,0.0,0.0,10797.41,0.0,32785.448061,19.45144
2035-09-27,13,574581.202657,280083.999007,294497.20365,0.0,0.0,0.0,12544.76,0.0,32522.238552,17.667333
2035-09-27,14,608474.031568,298146.088257,310327.943311,0.0,0.0,0.0,12110.54,0.0,32966.404343,18.457398
2035-09-27,15,639702.559197,298137.215689,341565.343508,0.0,0.0,0.0,11301.18,0.0,33362.529153,19.174283
2035-09-27,16,660152.119644,317785.223218,342366.896427,0.0,0.0,0.0,10393.37,0.0,32751.054597,20.156668
2035-09-27,17,723003.544204,345910.760694,377092.78351,0.0,0.0,0.0,8707.83,0.0,32732.729906,22.088092
2035-09-27,18,769700.022853,379747.393851,389952.629002,0.0,0.0,0.0,7451.83,0.0,32504.31113,23.679936
2035-09-27,19,792714.021477,379724.905922,412989.115556,0.0,0.0,0.0,6169.89,0.0,32131.025586,24.671295
2035-09-27,20,781878.076698,379724.905922,402153.170777,0.0,0.0,0.0,7026.05,0.0,32608.817939,23.977504
2035-09-27,21,733421.151581,379724.905922,353696.24566,0.0,0.0,0.0,8894.03,0.0,32659.882184,22.456332
2035-09-27,22,646717.81448,301865.92438,344851.8901,0.0,0.0,0.0,10103.4,0.0,32250.096395,20.053206
2035-09-27,23,578347.451063,288900.429791,289447.021272,0.0,0.0,0.0,11574.09,0.0,31368.463532,18.437226
2035-09-28,0,523856.40729,269372.294197,254484.113093,0.0,0.0,0.0,12547.0,0.0,30600.83576,17.119023
2035-09-28,1,492122.818308,223263.542629,268859.275679,0.0,0.0,0.0,12813.09,0.0,30446.489781,16.163532
2035-09-28,2,499462.882459,223263.542629,276199.33983,0.0,0.0,0.0,12496.27,0.0,30326.461371,16.46954
2035-09-28,3,523303.729494,239506.680268,283797.049226,0.0,0.0,0.0,12223.49,0.0,30568.875251,17.118841
2035-09-28,4,543650.359666,243671.268258,299979.091408,0.0,0.0,0.0,11747.63,0.0,30895.178723,17.596608
2035-09-28,5,546976.589585,243643.2321,303333.357485,0.0,0.0,0.0,11764.2,0.0,30874.782415,17.715966
2035-09-28,6,576257.058937,273736.182515,302520.876422,0.0,0.0,0.0,11244.81,0.0,30879.922381,18.661221
2035-09-28,7,612022.178419,279958.950018,332063.228401,0.0,0.0,0.0,10029.96,0.0,31186.66701,19.624482
2035-09-28,8,620454.016089,281100.504047,339353.512042,0.0,0.0,0.0,11037.85,0.0,32402.860524,19.148125
2035-09-28,9,624436.26426,284251.812334,340184.451926,0.0,0.0,0.0,11533.24,0.0,33145.555539,18.839216
2035-09-28,10,621970.922753,297185.767304,324785.155449,0.0,0.0,0.0,12502.17,0.0,33749.075705,18.429273
2035-09-28,11,635490.384336,288798.673988,346691.710348,0.0,0.0,0.0,12112.13,0.0,34119.563452,18.625396
2035-09-28,12,610767.08921,288798.673988,321968.415222,0.0,0.0,0.0,12321.8,0.0,33403.54664,18.284498
2035-09-28,13,572616.090095,275833.179399,296782.910696,0.0,0.0,0.0,12986.56,0.0,32883.463171,17.413497
2035-09-28,14,551472.296364,238766.848599,312705.447765,0.0,0.0,0.0,12868.08,0.0,32665.2631,16.88253
2035-09-28,15,544730.943751,238766.848599,305964.095152,0.0,0.0,0.0,12859.44,0.0,32461.219541,16.780976
2035-09-28,16,518464.664294,237037.792086,281426.872208,0.0,0.0,0.0,13073.56,0.0,31657.291644,16.377417
2035-09-28,17,565998.966865,253047.88295,312951.083916,0.0,0.0,0.0,11459.57,0.0,31469.676284,17.985535
2035-09-28,18,615226.442042,290064.48014,325161.961902,0.0,0.0,0.0,10262.83,0.0,31359.337553,19.618605
2035-09-28,19,646018.634368,289265.219596,356753.414771,0.0,0.0,0.0,8661.68,0.0,31024.248936,20.823023
2035-09-28,20,613028.629933,289265.219596,323763.410337,0.0,0.0,0.0,10411.22,0.0,31571.538557,19.417129
2035-09-28,21,546625.461004,267137.420674,279488.040329,0.0,0.0,0.0,13072.65,0.0,31989.791832,17.087497
2035-09-28,22,502398.653756,243046.032235,259352.621521,0.0,0.0,0.0,14507.45,0.0,32065.91836,15.667683
2035-09-28,23,498608.792226,234170.063154,264438.729072,0.0,0.0,0.0,14591.87,0.0,31814.850022,15.672203
2035-09-29,0,484593.788747,243033.893003,241559.895745,0.0,0.0,0.0,14486.15,0.0,31298.048151,15.483195
2035-09-29,1,497889.389075,251065.155867,246824.233208,0.0,0.0,0.0,13990.59,0.0,31232.187717,15.941547
2035-09-29,2,476298.851161,216002.240322,260296.610838,0.0,0.0,0.0,13900.58,0.0,30867.541929,15.430411
2035-09-29,3,470188.500748,212956.688707,257231.812041,0.0,0.0,0.0,13704.01,0.0,30384.881506,15.474423
2035-09-29,4,455685.704666,210395.102468,245290.602198,0.0,0.0,0.0,13248.19,0.0,29395.330726,15.501976
2035-09-29,5,421099.928368,210847.931277,210251.997092,0.0,0.0,0.0,13458.85,0.0,28360.961437,14.847872
2035-09-29,6,402920.982709,185767.227867,217153.754841,0.0,0.0,0.0,13322.96,0.0,28126.94745,14.325087
2035-09-29,7,469477.933983,222991.760255,246486.173728,0.0,0.0,0.0,12557.68,0.0,29257.403896,16.046466
2035-09-29,8,527335.010336,243493.877606,283841.13273,0.0,0.0,0.0,12354.46,0.0,30902.737507,17.064346
2035-09-29,9,556725.037687,242911.904981,313813.132706,0.0,0.0,0.0,12294.76,0.0,32086.481296,17.350766
2035-09-29,10,539197.545814,246246.417941,292951.127873,0.0,0.0,0.0,13268.89,0.0,32408.478156,16.637546
2035-09-29,11,555425.55128,247712.791127,307712.760153,0.0,0.0,0.0,13165.58,0.0,32935.316942,16.864133
2035-09-29,12,544649.368053,247664.173691,296985.194362,0.0,0.0,0.0,13488.36,0.0,32893.570891,16.557928
2035-09-29,13,493290.556528,225738.951536,267551.604992,0.0,0.0,0.0,14741.8,0.0,32618.56983,15.122998
2035-09-29,14,502903.457841,217755.821118,285147.636723,0.0,0.0,0.0,14266.07,0.0,32661.858691,15.39727
2035-09-29,15,513732.932766,219320.170711,294412.762055,0.0,0.0,0.0,13834.9,0.0,32588.870623,15.764061
2035-09-29,16,513277.337998,235671.609669,277605.728328,0.0,0.0,0.0,13442.75,0.0,31837.119884,16.121978
2035-09-29,17,563252.246333,250514.58403,312737.662302,0.0,0.0,0.0,11744.25,0.0,31755.817005,17.736979
2035-09-29,18,618890.771929,292254.035598,326636.736331,0.0,0.0,0.0,10511.6,0.0,31671.358436,19.541024
2035-09-29,19,649162.922534,291962.157126,357200.765409,0.0,0.0,0.0,8832.71,0.0,31276.157268,20.75584
2035-09-29,20,606628.934239,291962.157126,314666.777113,0.0,0.0,0.0,10594.45,0.0,31474.242637,19.273821
2035-09-29,21,526069.140258,251735.003773,274334.136485,0.0,0.0,0.0,13202.58,0.0,31671.583737,16.610131
2035-09-29,22,470355.069895,224500.169243,245854.900652,0.0,0.0,0.0,14519.23,0.0,31263.319126,15.04495
2035-09-29,23,458693.494264,237697.755266,220995.738998,0.0,0.0,0.0,14603.35,0.0,30344.582891,15.116158
2035-09-30,0,440074.754437,237690.337093,202384.417344,0.0,0.0,0.0,14479.78,0.0,29529.974107,14.902646
2035-09-30,1,422950.948395,191047.405222,231903.543173,0.0,0.0,0.0,14181.8,0.0,29422.997664,14.374842
2035-09-30,2,430134.364393,194103.256487,236031.107906,0.0,0.0,0.0,13783.68,0.0,29427.858822,14.61657
2035-09-30,3,439876.421916,194092.956838,245783.465079,0.0,0.0,0.0,13555.37,0.0,29505.947039,14.90806
2035-09-30,4,470521.342596,228684.871029,241836.471567,0.0,0.0,0.0,13060.92,0.0,29643.031065,15.872916
2035-09-30,5,484013.330584,228681.928208,255331.402376,0.0,0.0,0.0,13355.07,0.0,30545.293328,15.845758
2035-09-30,6,495182.703821,231314.546404,263868.157417,0.0,0.0,0.0,13324.81,0.0,30884.258527,16.033498
2035-09-30,7,522544.362965,238555.863466,283988.499498,0.0,0.0,0.0,12882.42,0.0,31378.519122,16.652933
2035-09-30,8,571295.684269,267569.477157,303726.207111,0.0,0.0,0.0,12321.53,0.0,32154.018323,17.767474
2035-09-30,9,584905.848305,267557.313548,317348.534757,0.0,0.0,0.0,12320.38,0.0,32794.660789,17.835399
2035-09-30,10,571951.835543,261099.796562,310852.038982,0.0,0.0,0.0,13110.21,0.0,33250.47871,17.201311
2035-09-30,11,588690.711615,260064.005542,328626.706073,0.0,0.0,3.336551,12846.34,0.0,33702.25141,17.4674
2035-09-30,12,576137.276781,264784.523625,311352.753156,0.0,0.0,0.0,13096.96,0.0,33365.083198,17.267671
2035-09-30,13,597393.62351,264288.174223,333105.449287,0.0,0.0,0.0,11854.05,0.0,32961.969796,18.123723
2035-09-30,14,574324.801375,264288.174223,310036.627152,0.0,0.0,0.0,12641.86,0.0,32902.4484,17.455382
2035-09-30,15,591584.866988,267525.701741,324059.165247,0.0,0.0,0.0,12377.42,0.0,33135.020271,17.853765
2035-09-30,16,600120.505146,274636.9515,325483.553646,0.0,0.0,0.0,11876.19,0.0,32781.370728,18.306754
2035-09-30,17,638038.819185,296927.872545,341110.94664,0.0,0.0,0.0,11027.84,0.0,32863.512037,19.414809
2035-09-30,18,689818.440899,331716.309808,358102.131091,0.0,0.0,0.0,10088.84,0.0,33063.38293,20.863517
2035-09-30,19,714244.86544,331027.122855,383217.742586,0.0,0.0,0.0,8751.97,0.0,32784.8431,21.785825
2035-09-30,20,675664.220179,331027.122855,344637.097325,0.0,0.0,0.0,10451.1,0.0,33057.828278,20.438857
2035-09-30,21,604863.276056,306852.306611,298010.969445,0.0,0.0,0.0,12996.62,0.0,32807.718431,18.436615
2035-09-30,22,540500.403521,279377.020222,261123.383299,0.0,0.0,0.0,14355.0,0.0,32295.343796,16.736171
2035-09-30,23,510816.178104,249963.327482,260852.850621,0.0,0.0,0.0,14453.56,0.0,31811.264568,16.057714
2035-10-01,0,495662.908489,250416.15629,245246.752198,0.0,0.0,0.0,14324.66,0.0,31245.356073,15.86357
2035-10-01,1,481367.093374,236773.31836,244593.775014,0.0,0.0,0.0,14058.79,0.0,30899.591864,15.578429
2035-10-01,2,485982.652486,236767.721084,249214.931401,0.0,0.0,0.0,13551.03,0.0,30568.276918,15.898268
2035-10-01,3,492844.552296,236767.721084,256076.831211,0.0,0.0,0.0,13261.58,0.0,30514.374745,16.151226
2035-10-01,4,516238.734171,242359.283719,273879.450451,0.0,0.0,0.0,12631.3,0.0,30673.973986,16.829862
2035-10-01,5,522506.355029,238580.057123,283926.297906,0.0,0.0,0.0,12935.28,0.0,31044.554984,16.830853
2035-10-01,6,513324.143339,246999.285734,266324.857605,0.0,0.0,0.0,12867.61,0.0,30775.591005,16.679587
2035-10-01,7,551941.328719,247241.389713,304699.939005,0.0,0.0,0.0,11693.59,0.0,31137.068428,17.726182
2035-10-01,8,584175.165528,274912.152186,309263.013342,0.0,0.0,1.112152,11807.58,0.0,31928.611047,18.296291
2035-10-01,9,603534.136949,274233.730739,329300.40621,0.0,0.0,0.0,11588.53,0.0,32589.993865,18.519001
2035-10-01,10,609038.349583,282777.247952,326261.101632,0.0,0.0,0.0,12435.76,0.0,33483.546331,18.189183
2035-10-01,11,623058.260508,281309.657551,341748.602957,0.0,0.0,0.0,12153.51,0.0,33833.481166,18.415435
2035-10-01,12,618437.23642,281309.657551,337127.578869,0.0,0.0,0.0,12369.07,0.0,33868.717668,18.259836
2035-10-01,13,597825.842748,281309.657551,316516.185197,0.0,0.0,0.0,13094.91,0.0,33825.737663,17.673697
2035-10-01,14,600737.371638,270310.195052,330427.176586,0.0,0.0,0.0,12730.77,0.0,33823.626316,17.76088
2035-10-01,15,618254.812628,283127.338942,335127.473685,0.0,0.0,0.0,12444.85,0.0,33930.67121,18.221119
2035-10-01,16,659331.254762,316523.044519,342808.210243,0.0,0.0,0.0,11655.07,0.0,33948.160842,19.421708
2035-10-01,17,697709.051359,323639.845325,374069.206035,0.0,0.0,0.0,10373.17,0.0,33967.041736,20.540766
2035-10-01,18,741483.380399,364546.918893,376936.461506,0.0,0.0,0.0,9722.13,0.0,33956.258107,21.836428
2035-10-01,19,768052.998167,364105.423496,403947.574671,0.0,0.0,0.0,8497.13,0.0,33891.49347,22.662117
2035-10-01,20,710192.750544,364105.423496,346087.327048,0.0,0.0,0.0,10210.79,0.0,33416.835355,21.252544
2035-10-01,21,588921.586056,296858.863135,292062.722922,0.0,0.0,0.0,12634.71,0.0,32564.201866,18.084938
2035-10-01,22,523889.134796,249609.183692,274279.951104,0.0,0.0,0.0,13831.4,0.0,31907.717659,16.418885
2035-10-01,23,497736.544238,237712.332239,260024.211999,0.0,0.0,0.0,13889.14,0.0,31101.505529,16.003616
2035-10-02,0,484499.338828,243520.310823,240979.028005,0.0,0.0,0.0,13585.4,0.0,30398.778512,15.938119
2035-10-02,1,487364.741882,222938.396157,264426.345724,0.0,0.0,0.0,13039.92,0.0,30150.778273,16.164251
2035-10-02,2,484408.424351,222938.396157,261470.028194,0.0,0.0,0.0,12796.66,0.0,29803.595862,16.253355
2035-10-02,3,497663.012695,238877.245863,258785.766832,0.0,0.0,0.0,12556.63,0.0,29945.233862,16.619106
2035-10-02,4,520390.869416,241456.980478,278933.888938,0.0,0.0,0.0,11990.78,0.0,30302.635422,17.173122
2035-10-02,5,538434.114107,238390.060695,300044.053412,0.0,0.0,0.0,11980.56,0.0,30814.989824,17.473123
2035-10-02,6,529066.399024,241445.91196,287620.487064,0.0,0.0,0.0,11776.85,0.0,30447.876669,17.376134
2035-10-02,7,562506.732114,261302.270303,301204.461811,0.0,0.0,0.0,11224.36,0.0,30819.597867,18.251592
2035-10-02,8,611014.646577,287625.22921,323389.417367,0.0,0.0,0.0,10588.97,0.0,31547.680414,19.367974
2035-10-02,9,634784.445442,287177.892333,347606.553109,0.0,0.0,0.01743,10366.34,0.0,32339.324937,19.628871
2035-10-02,10,637501.764721,300153.944135,337347.820586,0.0,0.0,0.0,11119.54,0.0,32905.579738,19.373668
2035-10-02,11,647852.315372,296030.953389,351821.361983,0.0,0.0,0.0,10944.23,0.0,33257.038181,19.480157
2035-10-02,12,643638.674536,294752.273995,348886.400541,0.0,0.0,0.0,11261.45,0.0,33481.279626,19.223837
2035-10-02,13,613236.80584,290061.559706,323175.246135,0.0,0.0,0.0,12727.36,0.0,33890.907073,18.094435
2035-10-02,14,636572.969567,299019.831189,337553.138378,0.0,0.0,0.0,12178.63,0.0,33978.536007,18.734561
2035-10-02,15,704547.053459,349123.799954,355423.253505,0.0,0.0,0.0,11410.75,0.0,34390.270229,20.486814
2035-10-02,16,788089.234312,407409.015465,380680.218847,0.0,0.0,0.0,9717.44,0.0,34503.005128,22.841177
2035-10-02,17,864529.031429,442425.999056,422103.032373,0.0,0.0,0.0,7528.63,0.0,34409.774629,25.124519
2035-10-02,18,930331.461091,482126.750006,448204.711085,0.0,0.0,0.0,6121.74,0.0,34233.587698,27.175985
2035-10-02,19,950853.777057,484094.431733,466759.345324,0.0,0.0,0.0,4848.89,0.0,33746.732898,28.176173
2035-10-02,20,907386.666547,483782.76111,423603.905438,0.0,0.0,0.0,5574.12,0.0,32998.930637,27.497457
2035-10-02,21,864274.728309,504437.687104,359837.041205,0.0,0.0,0.0,7124.63,0.0,31887.090939,27.10422
2035-10-02,22,764009.718921,396473.095723,367536.623198,0.0,0.0,0.0,7414.21,0.0,31076.326582,24.584943
2035-10-02,23,671535.599732,308510.717913,363024.881819,0.0,0.0,0.0,7173.11,0.0,30119.459357,22.295739
2035-10-03,0,652122.268928,308510.717913,343611.551015,0.0,0.0,0.0,7104.45,0.0,29336.395258,22.229121
2035-10-03,1,621424.880695,275028.494912,346396.385783,0.0,0.0,0.0,7214.58,0.0,28999.447218,21.428853
2035-10-03,2,619858.084195,275028.494912,344829.589283,0.0,0.0,0.0,6968.31,0.0,28696.239981,21.600673
2035-10-03,3,623439.993684,275028.494912,348411.498772,0.0,0.0,0.0,6957.73,0.0,28817.67957,21.633941
2035-10-03,4,671124.514646,331991.339849,339133.174797,0.0,0.0,0.0,7010.6,0.0,29334.454478,22.87837
2035-10-03,5,715583.15102,331967.673451,383615.477569,0.0,0.0,0.0,5700.15,0.0,29838.076395,23.982215
2035-10-03,6,772170.265762,379770.271825,392399.993937,0.0,0.0,0.0,4441.37,0.0,29510.591382,26.165869
2035-10-03,7,822923.999841,401765.2943,421158.705541,0.0,0.0,0.0,3383.86,0.0,29923.438871,27.500984
2035-10-03,8,827789.167596,401730.633101,426058.534495,0.0,0.0,0.0,4057.53,0.0,30849.233652,26.833379
2035-10-03,9,802459.877381,401730.633101,400729.24428,0.0,0.0,0.0,5575.4,0.0,31445.802859,25.518823
2035-10-03,10,749857.457779,379724.905922,370132.551857,0.0,0.0,0.0,7560.39,0.0,31955.814825,23.465446
2035-10-03,11,750363.979632,353804.438654,396559.540978,0.0,0.0,0.0,7367.8,0.0,32340.024763,23.202332
2035-10-03,12,745660.751809,353804.438654,391856.313155,0.0,0.0,0.0,7640.3,0.0,32444.745073,22.982481
2035-10-03,13,747474.481654,353804.438654,393670.043,0.0,0.0,0.0,7886.15,0.0,32753.991043,22.820867
2035-10-03,14,716148.916573,353804.438654,362344.477919,0.0,0.0,0.0,9094.99,0.0,32800.824019,21.83326
2035-10-03,15,650077.291655,310328.21513,339749.076525,0.0,0.0,0.0,10769.34,0.0,32910.744461,19.752737
2035-10-03,16,596927.174332,292274.998448,304652.175884,0.0,0.0,0.0,12564.47,0.0,33041.42161,18.066026
2035-10-03,17,653678.497834,310337.087698,343341.410136,0.0,0.0,0.0,11076.29,0.0,33292.495762,19.63441
2035-10-03,18,697983.311516,341915.526307,356067.785209,0.0,0.0,0.0,10158.78,0.0,33298.988026,20.961097
2035-10-03,19,726489.684516,341901.879809,384587.804707,0.0,0.0,0.0,8515.37,0.0,32835.389541,22.125204
2035-10-03,20,680312.121428,341901.879809,338410.241619,0.0,0.0,0.0,9605.37,0.0,32194.979466,21.131
2035-10-03,21,590624.043758,288900.429791,301723.613966,0.0,0.0,0.0,10572.12,0.0,30844.928949,19.148173
2035-10-03,22,557481.868463,255555.083334,301926.785129,0.0,0.0,0.0,9855.54,0.0,29445.564335,18.932626
2035-10-03,23,526088.770133,247645.092839,278443.677294,0.0,0.0,0.0,9767.45,0.0,28370.427861,18.543561
2035-10-04,0,513871.815487,247645.092839,266226.722648,0.0,0.0,0.0,9607.36,0.0,27749.387739,18.518312
2035-10-04,1,491375.84588,215834.383072,275541.462808,0.0,0.0,0.0,9343.12,0.0,27245.299023,18.035252
2035-10-04,2,526319.218381,235701.041065,290618.177317,0.0,0.0,0.0,8138.61,0.0,26980.843821,19.507144
2035-10-04,3,579159.785136,259645.914917,319513.87022,0.0,0.0,0.0,6868.07,0.0,27295.201001,21.218374
2035-10-04,4,695493.339128,355106.463194,340386.875934,0.0,0.0,0.0,5912.19,0.0,28449.032672,24.446994
2035-10-04,5,794645.34832,390577.560173,404067.788147,0.0,0.0,0.0,4444.19,0.0,30101.96586,26.398454
2035-10-04,6,843869.634554,410795.329203,433074.305351,0.0,0.0,0.0,3308.0,0.0,30299.74001,27.850722
2035-10-04,7,854460.171239,410787.408408,443672.762832,0.0,0.0,0.0,2733.0,0.0,30164.441421,28.326736
2035-10-04,8,850662.0888,410787.408408,439874.680392,0.0,0.0,0.0,2455.44,0.0,29817.269383,28.529175
2035-10-04,9,817269.317868,402877.417913,414391.899955,0.0,0.0,0.0,3375.79,0.0,29748.6461,27.472488
2035-10-04,10,756601.019097,361440.362774,395160.656323,0.0,0.0,0.0,4840.13,0.0,29907.525226,25.298015
2035-10-04,11,728746.146725,335519.895506,393226.251219,0.0,0.0,0.0,5813.33,0.0,30389.696722,23.98004
2035-10-04,12,717682.952899,335519.895506,382163.057393,0.0,0.0,0.0,6951.7,0.0,31143.381926,23.044477
2035-10-04,13,681232.556013,322554.400917,358678.155096,0.0,0.0,0.0,8687.23,0.0,31776.059361,21.438547
2035-10-04,14,703315.219751,331249.443772,372065.775979,0.0,0.0,0.0,8625.76,0.0,32323.096549,21.758906
2035-10-04,15,718035.224148,331238.88656,386796.337588,0.0,0.0,0.0,8538.86,0.0,32803.245536,21.889152
2035-10-04,16,767623.10806,382732.590987,384890.517073,0.0,0.0,0.0,8433.73,0.0,33069.919519,23.212125
2035-10-04,17,789423.419999,380938.958674,408484.461324,0.0,0.0,0.0,7541.27,0.0,33045.462978,23.889011
2035-10-04,18,770058.163576,360318.780952,409739.382623,0.0,0.0,0.0,7048.05,0.0,32560.877066,23.649798
2035-10-04,19,793497.774696,382666.701506,410831.07319,0.0,0.0,0.0,6176.67,0.0,32012.389229,24.787209
2035-10-04,20,805048.899462,382552.706171,422496.193291,0.0,0.0,0.0,5023.63,0.0,31414.665778,25.626531
2035-10-04,21,825816.155384,405333.500275,420482.655109,0.0,0.0,0.0,4105.5,0.0,30503.393153,27.072928
2035-10-04,22,832149.901585,405316.817586,426833.084,0.0,0.0,0.0,3073.31,0.0,29569.841147,28.141846
2035-10-04,23,789046.706282,377908.604212,411138.10207,0.0,0.0,0.0,2887.93,0.0,28745.610336,27.449294
2035-10-05,0,771449.94631,382971.39703,388478.54928,0.0,0.0,0.0,2854.06,0.0,27907.83155,27.642776
2035-10-05,1,725868.22128,328679.326304,397188.894976,0.0,0.0,0.0,2940.85,0.0,27427.045543,26.465418
2035-10-05,2,717368.108229,323647.977613,393720.130616,0.0,0.0,0.0,2612.98,0.0,26946.661789,26.62178
2035-10-05,3,714370.623936,319366.968667,395003.655269,0.0,0.0,0.0,2604.79,0.0,26899.832626,26.556694
2035-10-05,4,723534.313128,328259.492913,395274.820215,0.0,0.0,0.0,2779.5,0.0,27187.22752,26.613023
2035-10-05,5,729926.11589,328201.652962,401724.462929,0.0,0.0,0.0,2806.66,0.0,27467.63291,26.574045
2035-10-05,6,740424.539992,344444.7906,395979.749392,0.0,0.0,0.0,2762.03,0.0,27456.816354,26.966875
2035-10-05,7,790307.743624,387365.794857,402941.948768,0.0,0.0,0.0,2685.89,0.0,28230.371446,27.994947
2035-10-05,8,820510.485354,387063.032027,433447.453327,0.0,0.0,0.0,2443.17,0.0,29189.659548,28.109628
2035-10-05,9,813617.133071,382238.442837,431378.690234,0.0,0.0,4.678746,3146.06,0.0,29816.126132,27.287822
2035-10-05,10,808054.649578,382238.442837,425816.206741,0.0,0.0,0.0,4145.51,0.0,30647.46959,26.366113
2035-10-05,11,805119.824437,380521.246031,424598.578406,0.0,0.0,2.883209,5063.62,0.0,31503.184736,25.556776
2035-10-05,12,794057.176774,380521.246031,413535.930743,0.0,0.0,0.0,6088.09,0.0,32135.442738,24.709701
2035-10-05,13,765212.128401,375443.896975,389768.231425,0.0,0.0,0.0,7574.23,0.0,32655.538201,23.432844
2035-10-05,14,815833.549988,418560.39418,397273.155808,0.0,0.0,0.0,7071.1,0.0,32865.792712,24.823182
2035-10-05,15,875790.981137,458414.779219,417376.201918,0.0,0.0,0.0,6525.62,0.0,33438.287593,26.191263
2035-10-05,16,907854.867706,472638.076821,435216.790885,0.0,0.0,0.0,6031.86,0.0,33888.526591,26.789446
2035-10-05,17,967887.222693,499484.608912,468402.613781,0.0,0.0,0.0,4737.8,0.0,33945.323642,28.513124
2035-10-05,18,980192.56948,507636.57764,472555.991839,0.0,0.0,0.0,3699.24,0.0,33157.126506,29.562048
2035-10-05,19,967393.603548,481944.713952,485448.889596,0.0,0.0,0.0,2534.86,0.0,32117.523342,30.12043
2035-10-05,20,935740.155195,481861.974914,453878.180281,0.0,0.0,0.0,2438.34,0.0,31178.172562,30.012668
2035-10-05,21,867961.573141,429910.151445,438051.421696,0.0,0.0,0.0,2840.35,0.0,30392.228435,28.558668
2035-10-05,22,818484.542938,401730.633101,416753.909837,0.0,0.0,0.0,3256.21,0.0,29706.749265,27.552141
2035-10-05,23,770347.391197,368530.930713,401816.460484,0.0,0.0,0.0,3310.02,0.0,28699.54477,26.841798
2035-10-06,0,739565.510021,368530.930713,371034.579308,0.0,0.0,0.0,3547.83,0.0,27792.744598,26.610021
2035-10-06,1,680434.446219,308728.403781,371706.042438,0.0,0.0,0.0,3818.73,0.0,27118.179749,25.09145
2035-10-06,2,670867.10959,308728.403781,362138.705809,0.0,0.0,0.0,3462.1,0.0,26421.586297,25.390872
2035-10-06,3,651040.543089,282807.936513,368232.606576,0.0,0.0,0.0,3297.68,0.0,25982.309587,25.05707
2035-10-06,4,637441.654087,282807.936513,354633.717573,0.0,0.0,0.0,3211.11,0.0,25425.799084,25.070664
2035-10-06,5,599112.97472,278117.222224,320995.752496,0.0,0.0,0.0,3231.24,0.0,24152.824682,24.805089
2035-10-06,6,576785.856089,260064.005542,316721.850547,0.0,0.0,0.0,3206.07,0.0,23655.986407,24.382237
2035-10-06,7,634929.969045,295822.664677,339107.304368,0.0,0.0,0.0,3109.4,0.0,24915.175441,25.483664
2035-10-06,8,663602.860548,295773.431103,367829.429445,0.0,0.0,0.0,3828.27,0.0,26765.774166,24.792963
2035-10-06,9,661462.047455,295773.431103,365688.616353,0.0,0.0,0.0,5348.63,0.0,28237.196348,23.425203
2035-10-06,10,643625.814485,306110.655898,337515.158586,0.0,0.0,0.0,7273.01,0.0,29247.6138,22.006097
2035-10-06,11,707448.816859,336275.744059,371173.0728,0.0,0.0,0.0,7064.9,0.0,30713.954296,23.033466
2035-10-06,12,724408.158935,336248.682398,388159.476537,0.0,0.0,0.0,7502.52,0.0,31882.316718,22.721315
2035-10-06,13,752576.588536,379747.446781,372829.141755,0.0,0.0,0.0,8483.81,0.0,32850.950721,22.908822
2035-10-06,14,861377.404197,452427.569473,408949.834724,0.0,0.0,0.0,6921.32,0.0,33431.010509,25.76582
2035-10-06,15,884184.649187,452119.027183,432065.622004,0.0,0.0,0.0,6296.98,0.0,33827.399222,26.138121
2035-10-06,16,890586.573147,452119.027183,438467.545964,0.0,0.0,0.0,6044.54,0.0,33729.10494,26.404097
2035-10-06,17,923356.631433,469987.409398,453369.222036,0.0,0.0,0.0,4988.16,0.0,33381.965638,27.660343
2035-10-06,18,931398.925307,469980.784357,461418.14095,0.0,0.0,0.0,4098.01,0.0,32913.996679,28.297959
2035-10-06,19,929791.454407,469980.784357,459810.67005,0.0,0.0,0.0,3128.93,0.0,31910.904058,29.137108
2035-10-06,20,827975.783348,452119.027183,375856.756165,0.0,0.0,0.0,5326.61,0.0,30753.606812,26.922884
2035-10-06,21,630072.409148,329658.728694,300413.680454,0.0,0.0,0.0,8548.96,0.0,29534.969601,21.333098
2035-10-06,22,531112.594395,238294.330615,292818.263781,0.0,0.0,0.0,9141.89,0.0,28222.806493,18.818561
2035-10-06,23,477790.96508,221791.026501,255999.938579,0.0,0.0,0.0,9391.24,0.0,26718.984326,17.882078
2035-10-07,0,444004.89524,221791.026501,222213.868739,0.0,0.0,0.0,9941.7,0.0,25962.156676,17.102004
2035-10-07,1,442220.514569,183150.364621,259070.149947,0.0,0.0,0.0,8912.02,0.0,25452.184486,17.37456
2035-10-07,2,355448.923322,183150.364621,172298.558701,0.0,0.0,0.0,11924.7,0.0,25076.899447,14.174357
2035-10-07,3,358077.667191,177985.755926,180091.911265,0.0,0.0,0.0,11649.8,0.0,24974.189677,14.337909
2035-10-07,4,385139.606648,177985.755926,207153.850722,0.0,0.0,0.0,11061.52,0.0,25446.167263,15.135466
2035-10-07,5,387584.142242,177985.755926,209598.386316,0.0,0.0,0.0,11617.34,0.0,26099.781209,14.850092
2035-10-07,6,378021.00747,177985.755926,200035.251545,0.0,0.0,0.0,11915.68,0.0,26024.765348,14.525434
2035-10-07,7,393634.554182,183201.328529,210433.225653,0.0,0.0,0.0,11555.85,0.0,26206.384866,15.020559
2035-10-07,8,426218.542608,184047.992656,242170.549952,0.0,0.0,0.0,10662.86,0.0,26595.145393,16.026178
2035-10-07,9,431053.012843,183909.639002,247143.373841,0.0,0.0,0.0,10562.75,0.0,26685.112591,16.153314
2035-10-07,10,405254.673465,183909.639002,221345.034464,0.0,0.0,0.0,11516.51,0.0,26655.903359,15.203187
2035-10-07,11,403164.827436,181435.222393,221729.605043,0.0,0.0,0.0,11326.01,0.0,26598.13497,15.157635
2035-10-07,12,404630.93339,181432.279572,223198.653818,0.0,0.0,0.0,11603.04,0.0,27007.206609,14.982332
2035-10-07,13,367562.148384,159507.057417,208055.090967,0.0,0.0,0.0,12901.62,0.0,27329.349847,13.449356
2035-10-07,14,406468.003144,172248.87209,234219.131055,0.0,0.0,0.0,12222.22,0.0,27832.859481,14.603889
2035-10-07,15,450179.128802,194173.437967,256005.690835,0.0,0.0,0.0,11643.42,0.0,28424.678405,15.837616
2035-10-07,16,498767.381148,228387.870384,270379.510764,0.0,0.0,0.0,10859.68,0.0,28904.011561,17.255992
2035-10-07,17,591113.52095,277733.692068,313379.828883,0.0,0.0,0.0,8595.35,0.0,29110.10359,20.306129
2035-10-07,18,652469.061447,313535.460197,338933.60125,0.0,0.0,0.0,7151.09,0.0,29270.089896,22.291324
2035-10-07,19,694666.752299,313475.160903,381191.591396,0.0,0.0,0.0,5139.56,0.0,28878.643797,24.054688
2035-10-07,20,674865.982357,313475.160903,361390.821454,0.0,0.0,0.0,5054.42,0.0,28109.835767,24.008179
2035-10-07,21,637569.632235,295773.431103,341796.201132,0.0,0.0,0.0,5032.98,0.0,27058.815177,23.562363
2035-10-07,22,603268.618981,264754.719831,338513.899149,0.0,0.0,0.0,4647.79,0.0,25997.943323,23.204475
2035-10-07,23,585718.377769,264754.719831,320963.657938,0.0,0.0,0.0,4309.18,0.0,25011.959237,23.417533
2035-10-08,0,572419.047533,264754.719831,307664.327702,0.0,0.0,0.0,4164.46,0.0,24374.418077,23.484419
2035-10-08,1,554874.557723,243615.807391,311258.750332,0.0,0.0,0.0,4120.71,0.0,24011.659961,23.108546
2035-10-08,2,561732.977319,243615.807391,318117.169927,0.0,0.0,0.0,3678.52,0.0,23826.257716,23.576215
2035-10-08,3,572255.606185,243615.807391,328639.798793,0.0,0.0,0.0,3375.12,0.0,23906.635748,23.937103
2035-10-08,4,609750.955034,277765.884983,331985.070051,0.0,0.0,0.0,3234.28,0.0,24435.953675,24.953025
2035-10-08,5,633101.934469,277720.21442,355381.720048,0.0,0.0,0.0,3038.55,0.0,25242.999654,25.080297
2035-10-08,6,653688.597817,295782.303671,357906.294146,0.0,0.0,0.0,2857.26,0.0,25416.993206,25.718565
2035-10-08,7,661642.636054,295773.431103,365869.204951,0.0,0.0,0.0,2723.79,0.0,25620.340598,25.824896
2035-10-08,8,670009.821045,295773.431103,374236.389942,0.0,0.0,0.0,2674.51,0.0,25860.908388,25.908209
2035-10-08,9,651064.811514,295773.431103,355291.380411,0.0,0.0,0.0,3502.8,0.0,26026.022984,25.015916
2035-10-08,10,625361.186788,277720.21442,347640.972368,0.0,0.0,0.0,4676.2,0.0,26603.864704,23.506404
2035-10-08,11,606377.814533,277720.21442,328657.600113,0.0,0.0,0.0,5566.36,0.0,26792.0499,22.632752
2035-10-08,12,580068.100759,264754.719831,315313.380928,0.0,0.0,0.0,6913.23,0.0,27406.632071,21.165246
2035-10-08,13,516505.92803,227688.389031,288817.538999,0.0,0.0,0.0,9030.28,0.0,27915.667921,18.502367
2035-10-08,14,515235.262572,222997.674742,292237.58783,0.0,0.0,0.0,9573.5,0.0,28491.782534,18.083644
2035-10-08,15,521307.660261,222997.674742,298309.985519,0.0,0.0,0.0,9981.6,0.0,29123.027046,17.900188
2035-10-08,16,549668.490643,264787.44406,284881.046583,0.0,0.0,0.0,10226.55,0.0,29462.348303,18.656642
2035-10-08,17,591205.701454,277730.771633,313474.929821,0.0,0.0,0.0,8691.11,0.0,29301.600816,20.176567
2035-10-08,18,644039.843582,311126.477209,332913.366373,0.0,0.0,0.0,7519.01,0.0,29383.722332,21.918252
2035-10-08,19,680701.398909,311111.376317,369590.022593,0.0,0.0,0.0,5596.67,0.0,28924.112484,23.534046
2035-10-08,20,628747.703215,311111.376317,317636.326899,0.0,0.0,0.0,6602.62,0.0,27993.969579,22.460112
2035-10-08,21,521513.163933,240653.88362,280859.280313,0.0,0.0,0.0,8318.43,0.0,27115.34769,19.233136
2035-10-08,22,446897.41006,194167.240192,252730.169868,0.0,0.0,0.0,9396.18,0.0,26211.04627,17.049965
2035-10-08,23,408108.471584,181432.279572,226676.192011,0.0,0.0,0.0,9847.94,0.0,25368.392813,16.087281
2035-10-09,0,392797.032844,181432.279572,211364.753271,0.0,0.0,0.0,9994.45,0.0,24914.622502,15.765723
2035-10-09,1,392734.995759,167693.827029,225041.16873,0.0,0.0,0.0,10065.04,0.0,24811.186263,15.828949
2035-10-09,2,376582.503602,167668.157543,208914.34606,0.0,0.0,0.0,10632.93,0.0,24848.88873,15.154903
2035-10-09,3,384807.241375,188501.689312,196305.552063,0.0,0.0,0.0,11172.07,0.0,25247.592281,15.241344
2035-10-09,4,396844.458419,180588.778383,216255.680036,0.0,0.0,0.0,11226.66,0.0,26041.167932,15.239119
2035-10-09,5,412056.813518,177748.748701,234308.064817,0.0,0.0,0.0,11512.67,0.0,26962.269402,15.28272
2035-10-09,6,431358.107533,195536.209656,235821.897876,0.0,0.0,0.0,11417.12,0.0,27232.489639,15.839834
2035-10-09,7,465702.039964,225661.380211,240040.659752,0.0,0.0,0.0,11000.44,0.0,27588.021935,16.880588
2035-10-09,8,467215.939135,206789.0665,260426.872634,0.0,0.0,0.0,11002.68,0.0,28132.364331,16.607774
2035-10-09,9,476834.03427,195989.916218,280844.118052,0.0,0.0,0.0,11206.84,0.0,28827.71297,16.540821
2035-10-09,10,478187.48413,208731.73089,269455.75324,0.0,0.0,0.0,11903.51,0.0,29451.050224,16.236687
2035-10-09,11,493753.961007,208724.876838,285029.084169,0.0,0.0,0.0,12197.28,0.0,30423.598615,16.229308
2035-10-09,12,517294.1125,230973.885156,286320.227344,0.0,0.0,0.0,12797.98,0.0,31426.024835,16.460692
2035-10-09,13,538767.312805,230487.651215,308279.66159,0.0,0.0,5.547917,12680.65,0.0,32172.907197,16.745994
2035-10-09,14,524529.919262,234277.981575,290251.937687,0.0,0.0,0.0,13765.36,0.0,32698.564191,16.041375
2035-10-09,15,542668.131992,234255.994709,308412.137284,0.0,0.0,0.22821,13450.28,0.0,33076.462009,16.406475
2035-10-09,16,586085.701537,278581.926953,307503.774584,0.0,0.0,0.0,13082.4,0.0,33310.767376,17.594482
2035-10-09,17,639411.484577,295782.303671,343629.180906,0.0,0.0,0.0,11439.05,0.0,33446.639249,19.117361
2035-10-09,18,697748.419687,339433.139809,358315.279878,0.0,0.0,0.0,10380.33,0.0,33540.508294,20.803156
2035-10-09,19,729876.36256,339348.904608,390527.457953,0.0,0.0,0.0,8683.58,0.0,33195.021549,21.987525
2035-10-09,20,658658.124528,339348.904608,319309.21992,0.0,0.0,0.0,10527.28,0.0,32363.381295,20.351956
2035-10-09,21,530969.601863,259893.936572,271075.66529,0.0,0.0,0.0,12974.17,0.0,31541.633756,16.833928
2035-10-09,22,467628.873115,213565.076793,254063.796323,0.0,0.0,0.0,14071.8,0.0,30943.542086,15.112325
2035-10-09,23,439264.338052,197380.737,241883.601053,0.0,0.0,0.0,14008.99,0.0,29975.809106,14.653961
2035-10-10,0,429532.050627,197380.737,232151.313627,0.0,0.0,0.0,13894.77,0.0,29533.661535,14.543813
2035-10-10,1,434011.728719,188546.052705,245465.676014,0.0,0.0,0.0,13572.32,0.0,29445.643043,14.739421
2035-10-10,2,441426.072122,204789.190344,236636.881778,0.0,0.0,0.0,13466.95,0.0,29312.417984,15.059354
2035-10-10,3,453924.073001,204781.772171,249142.30083,0.0,0.0,0.0,13354.26,0.0,29713.323948,15.276785
2035-10-10,4,501454.937195,239373.686362,262081.250833,0.0,0.0,0.0,12947.55,0.0,30464.69985,16.460196
2035-10-10,5,513587.432151,239370.743541,274216.68861,0.0,0.0,0.0,13211.9,0.0,31249.751984,16.434928
2035-10-10,6,520168.174655,236325.191926,283842.982729,0.0,0.0,0.0,13108.43,0.0,31222.007055,16.660305
2035-10-10,7,541527.801187,256125.368743,285402.432445,0.0,0.0,0.0,12530.63,0.0,31356.903268,17.269811
2035-10-10,8,570316.568748,268008.805723,302307.763024,0.0,0.0,0.0,11922.0,0.0,31738.854757,17.969034
2035-10-10,9,572247.031517,259851.526857,312395.504661,0.0,0.0,0.0,11646.72,0.0,31817.736511,17.985158
2035-10-10,10,559350.892522,260069.315099,299281.577423,0.0,0.0,0.0,12232.3,0.0,31962.35011,17.500306
2035-10-10,11,568892.164052,260064.005542,308828.15851,0.0,0.0,0.0,12035.92,0.0,32192.352134,17.671656
2035-10-10,12,561695.796937,260064.005542,301631.791395,0.0,0.0,0.0,12574.97,0.0,32442.507299,17.313575
2035-10-10,13,532947.030943,260064.005542,272883.025401,0.0,0.0,0.0,13969.21,0.0,32724.015241,16.286114
2035-10-10,14,554191.26287,264784.523625,289406.739245,0.0,0.0,0.0,13565.95,0.0,33034.763411,16.776002
2035-10-10,15,580993.637835,264754.719831,316238.918003,0.0,0.0,0.0,13059.12,0.0,33551.102285,17.316678
2035-10-10,16,632637.560515,311137.034422,321500.526094,0.0,0.0,0.0,12700.41,0.0,34045.555246,18.58209
2035-10-10,17,721274.707623,353907.025948,367367.681675,0.0,0.0,0.0,10900.8,0.0,34619.780183,20.834179
2035-10-10,18,832004.694201,449713.958682,382290.735519,0.0,0.0,0.0,9271.17,0.0,34844.946881,23.877341
2035-10-10,19,892190.382047,449658.827042,442531.555005,0.0,0.0,0.0,6256.26,0.0,34191.068546,26.094253
2035-10-10,20,871891.802765,449658.827042,422232.975724,0.0,0.0,0.0,5373.35,0.0,32591.121735,26.752433
2035-10-10,21,757778.907251,401730.633101,356048.27415,0.0,0.0,0.0,6563.73,0.0,30732.384458,24.657342
2035-10-10,22,588424.099657,295773.431103,292650.668554,0.0,0.0,0.0,9158.41,0.0,29321.977423,20.067681
2035-10-10,23,449217.01617,221791.026501,227425.989669,0.0,0.0,0.0,11894.12,0.0,28124.335456,15.972538
2035-10-11,0,393270.444425,221791.026501,171479.417924,0.0,0.0,0.0,13261.45,0.0,27231.142628,14.441937
2035-10-11,1,545207.982966,243652.050603,301555.932363,0.0,0.0,0.0,7381.13,0.0,26799.564779,20.343912
2035-10-11,2,607871.206353,277590.082602,330281.12375,0.0,0.0,0.0,5271.97,0.0,26406.116948,23.020091
2035-10-11,3,647062.366918,295606.50129,351455.865628,0.0,0.0,0.0,4059.7,0.0,26384.209729,24.524607
2035-10-11,4,667086.262468,295597.628721,371488.633746,0.0,0.0,0.0,3885.1,0.0,26957.917758,24.745467
2035-10-11,5,633360.587442,295597.628721,337762.958721,0.0,0.0,0.0,6108.1,0.0,27914.824738,22.68904
2035-10-11,6,581610.31359,259888.203161,321722.110429,0.0,0.0,0.0,7345.66,0.0,27943.013119,20.814159
2035-10-11,7,563805.397236,242973.459402,320831.937834,0.0,0.0,0.0,7477.83,0.0,27649.16997,20.391404
2035-10-11,8,464885.598769,239205.115909,225680.48286,0.0,0.0,0.0,10227.49,0.0,26764.084775,17.369755
2035-10-11,9,354266.307233,146843.308202,207422.999032,0.0,0.0,0.0,11459.1,0.0,25445.856972,13.922357
2035-10-11,10,343107.114099,143201.532495,199905.581605,0.0,0.0,0.0,10417.1,0.0,24042.810905,14.270674
2035-10-11,11,251649.43772,118436.280658,133213.157063,0.0,0.0,0.0,12251.34,0.0,22812.808711,11.031059
2035-10-11,12,210334.810977,85231.140674,125103.670302,0.0,0.0,0.0,12750.38,0.0,22100.769228,9.517081
2035-10-11,13,187329.3862,85231.140674,102098.245526,0.0,0.0,0.0,13061.01,0.0,21437.167624,8.738533
2035-10-11,14,162957.108855,66672.712851,96284.396003,0.0,0.0,0.0,13312.7,0.0,20849.804581,7.815762
2035-10-11,15,170004.445515,66672.712851,103331.732664,0.0,0.0,0.0,12811.29,0.0,20643.495782,8.235255
2035-10-11,16,213615.740725,87892.659,125723.081725,0.0,0.0,0.0,11434.37,0.0,20845.936415,10.247356
2035-10-11,17,279168.142613,107853.857349,171314.285263,0.0,0.0,0.0,9941.84,0.0,21535.596165,12.963103
2035-10-11,18,349007.693907,160121.622641,188886.071266,0.0,0.0,0.0,8744.45,0.0,22326.971609,15.631663
2035-10-11,19,398188.40431,159507.057417,238681.346893,0.0,0.0,0.0,6888.47,0.0,22517.736735,17.683323
2035-10-11,20,392843.359589,159507.057417,233336.302172,0.0,0.0,0.0,6847.7,0.0,22278.900284,17.632978
2035-10-11,21,380538.824713,159507.057417,221031.767296,0.0,0.0,0.0,7102.4,0.0,22069.125452,17.243041
2035-10-11,22,382379.834263,159507.057417,222872.776846,0.0,0.0,0.0,6681.64,0.0,21705.105641,17.617046
2035-10-11,23,413029.147033,240784.092001,172245.055032,0.0,0.0,0.0,7004.46,0.0,21374.610035,19.323354
2035-10-12,0,421654.378305,240478.081239,181176.297065,0.0,0.0,0.0,6447.31,0.0,21238.516369,19.853288
2035-10-12,1,396390.444883,163463.566962,232926.877921,0.0,0.0,0.0,6025.45,0.0,21379.282112,18.540868
2035-10-12,2,446016.850339,183079.95533,262936.895009,0.0,0.0,0.959488,4879.12,0.0,21601.035898,20.647938
2035-10-12,3,491382.784684,217642.464482,273740.320202,0.0,0.0,0.0,4134.65,0.0,22046.219963,22.288755
2035-10-12,4,544979.46806,254708.772896,290270.695164,0.0,0.0,0.0,3647.96,0.0,22750.219165,23.954911
2035-10-12,5,563505.688691,250937.508968,312568.179723,0.0,0.0,0.0,3594.38,0.0,23553.36421,23.924637
2035-10-12,6,580195.9719,250937.508968,329258.462933,0.0,0.0,0.0,3661.51,0.0,24224.750498,23.950545
2035-10-12,7,589119.162736,250937.508968,338181.653768,0.0,0.0,0.814193,3779.59,0.0,24662.458357,23.887285
2035-10-12,8,585733.648194,255109.515131,330624.133063,0.0,0.0,0.0,3614.94,0.0,24274.855537,24.129233
2035-10-12,9,546483.45818,254777.158038,291706.300142,0.0,0.0,0.0,4094.0,0.0,23340.041606,23.413988
2035-10-12,10,462494.552251,201475.107773,261019.444478,0.0,0.0,0.0,4944.21,0.0,22198.689225,20.834318
2035-10-12,11,409161.232434,166886.136402,242275.096031,0.0,0.0,0.0,5384.78,0.0,21153.57368,19.342416
2035-10-12,12,352873.794707,141614.946874,211258.847833,0.0,0.0,0.0,6170.29,0.0,20351.904228,17.338613
2035-10-12,13,309555.618129,110751.064917,198804.553212,0.0,0.0,0.0,6820.9,0.0,19843.388562,15.599937
2035-10-12,14,292681.394378,106059.241065,186622.153312,0.0,0.0,0.0,7386.54,0.0,19823.508842,14.764359
2035-10-12,15,278782.031576,106059.241065,172722.790511,0.0,0.0,0.0,8081.44,0.0,19986.751519,13.948341
2035-10-12,16,264175.901081,106059.241065,158116.660016,0.0,0.0,0.0,9169.42,0.0,20458.000258,12.913085
2035-10-12,17,318574.759625,121155.167291,197419.592334,0.0,0.0,0.0,7911.48,0.0,20962.784338,15.197159
2035-10-12,18,368247.710816,155739.705977,212508.004839,0.0,0.0,0.0,7057.26,0.0,21498.552025,17.128954
2035-10-12,19,409661.118071,152896.733475,256764.384597,0.0,0.0,0.0,5514.73,0.0,21611.789712,18.955446
2035-10-12,20,398631.205038,152896.733475,245734.471563,0.0,0.0,0.0,5795.92,0.0,21499.080548,18.541779
2035-10-12,21,397475.993804,152896.733475,244579.26033,0.0,0.0,0.0,5718.32,0.0,21381.379722,18.58982
2035-10-12,22,423009.99545,160684.331203,262325.664247,0.0,0.0,0.0,4922.71,0.0,21280.901923,19.877447
2035-10-12,23,415437.416037,160613.387088,254824.028949,0.0,0.0,0.0,4779.84,0.0,20905.572983,19.872089
2035-10-13,0,410045.805744,155736.763156,254309.042588,0.0,0.0,0.0,4626.96,0.0,20683.03986,19.82522
2035-10-13,1,412919.349597,159071.276117,253848.073481,0.0,0.0,0.0,4496.12,0.0,20576.798977,20.06723
2035-10-13,2,445254.611421,180960.599215,264294.012206,0.0,0.0,0.0,3691.09,0.0,20475.994383,21.745201
2035-10-13,3,454141.072598,180954.40144,273186.671157,0.0,0.0,0.0,3256.31,0.0,20489.676743,22.164384
2035-10-13,4,460252.543679,180954.40144,279298.142239,0.0,0.0,0.0,3052.94,0.0,20497.248331,22.454358
2035-10-13,5,453725.987639,180954.40144,272771.586198,0.0,0.0,0.0,2879.62,0.0,20099.222794,22.574305
2035-10-13,6,461549.911798,187500.857583,274049.054215,0.0,0.0,0.0,2700.62,0.0,20064.850664,23.002908
2035-10-13,7,482630.67918,186107.255337,296523.423843,0.0,0.0,0.0,2462.25,0.0,20624.300918,23.401069
2035-10-13,8,490241.452559,198849.07001,291392.38255,0.0,0.0,0.0,2767.78,0.0,20997.38853,23.347734
2035-10-13,9,463224.037514,202988.52998,260235.507534,0.0,0.0,0.0,3731.05,0.0,21000.940395,22.0573
2035-10-13,10,418507.671156,168077.716543,250429.954614,0.0,0.0,0.0,4458.46,0.0,20591.398474,20.324393
2035-10-13,11,396561.252162,146152.494387,250408.757775,0.0,0.0,0.0,4760.35,0.0,20520.728757,19.324911
2035-10-13,12,379553.086683,144889.60867,234663.478013,0.0,0.0,0.0,5323.57,0.0,20482.757736,18.53037
2035-10-13,13,382056.892473,144889.60867,237167.283803,0.0,0.0,0.0,5514.04,0.0,20766.050957,18.398149
2035-10-13,14,416554.306508,168450.041795,248104.264713,0.0,0.0,0.0,5302.18,0.0,21355.140201,19.506044
2035-10-13,15,437725.650838,168380.720194,269344.930644,0.0,0.0,0.0,4974.62,0.0,21918.452336,19.970646
2035-10-13,16,506975.638581,240041.88562,266933.752961,0.0,0.0,0.0,4462.82,0.0,22522.324355,22.509916
2035-10-13,17,546468.988349,237672.237779,308796.750571,0.0,0.0,0.0,3376.43,0.0,23152.560669,23.602961
2035-10-13,18,600345.547424,264324.175792,336021.371632,0.0,0.0,0.0,2602.43,0.0,23702.837,25.328004
2035-10-13,19,622096.194627,264288.174223,357808.020404,0.0,0.0,0.0,1692.09,0.0,23733.289595,26.211967
2035-10-13,20,600039.460275,266697.157211,333342.303063,0.0,0.0,0.0,2465.69,0.0,23648.399537,25.373364
2035-10-13,21,542330.088496,250203.760659,292126.327837,0.0,0.0,0.0,3973.8,0.0,23292.481473,23.283483
2035-10-13,22,461758.143817,191212.207703,270545.936113,0.0,0.0,0.0,5410.33,0.0,22930.469091,20.137318
2035-10-13,23,435928.335928,166743.61942,269184.716508,0.0,0.0,0.0,5581.9,0.0,22506.750078,19.368782
2035-10-14,0,420018.191127,166743.61942,253274.571707,0.0,0.0,0.0,5723.13,0.0,22070.250452,19.030966
2035-10-14,1,412051.10888,166743.61942,245307.48946,0.0,0.0,0.0,5810.22,0.0,21862.170776,18.847676
2035-10-14,2,429960.74726,166743.61942,263217.12784,0.0,0.0,0.0,5124.82,0.0,21834.431611,19.691868
2035-10-14,3,458969.319751,184183.376522,274785.943229,0.0,0.0,0.0,4612.71,0.0,22043.763274,20.820824
2035-10-14,4,502618.282614,206089.128758,296529.153856,0.0,0.0,0.0,4141.84,0.0,22645.661843,22.194904
2035-10-14,5,512131.27848,206713.867623,305417.410857,0.0,0.0,0.0,3996.18,0.0,23052.288319,22.216071
2035-10-14,6,561496.224296,260072.235534,301423.988763,0.0,0.0,0.0,3824.18,0.0,23541.604791,23.85123
2035-10-14,7,578526.627186,260064.005542,318462.621644,0.0,0.0,0.0,3615.88,0.0,24130.633788,23.97478
2035-10-14,8,579233.844585,260064.005542,319169.839043,0.0,0.0,0.0,4155.46,0.0,24696.394053,23.454187
2035-10-14,9,547191.658427,260064.005542,287127.652885,0.0,0.0,0.0,5732.81,0.0,25080.361249,21.817535
2035-10-14,10,471417.022082,206549.476591,264867.54549,0.0,0.0,0.0,7873.67,0.0,25441.047065,18.529781
2035-10-14,11,458667.942663,179945.125649,278722.817014,0.0,0.0,0.0,8158.26,0.0,25752.508621,17.810612
2035-10-14,12,447277.141541,179945.125649,267332.015893,0.0,0.0,0.0,8809.9,0.0,25990.11421,17.20951
2035-10-14,13,421768.852905,179945.125649,241823.727256,0.0,0.0,0.0,10062.48,0.0,26291.031261,16.042309
2035-10-14,14,423637.458546,179945.125649,243692.332897,0.0,0.0,0.0,10192.01,0.0,26495.362716,15.989117
2035-10-14,15,433011.114781,179945.125649,253065.989132,0.0,0.0,0.0,10413.99,0.0,27065.612604,15.998571
2035-10-14,16,471351.919513,227748.513799,243603.405715,0.0,0.0,0.0,10788.91,0.0,27827.402482,16.938409
2035-10-14,17,543114.131,240664.440833,302449.690167,0.0,0.0,0.0,8975.44,0.0,28572.472998,19.0083
2035-10-14,18,615450.234736,295785.224106,319665.01063,0.0,0.0,0.0,7785.32,0.0,28852.403248,21.330987
2035-10-14,19,662556.736538,295773.431103,366783.305436,0.0,0.0,0.0,5584.04,0.0,28528.292318,23.224549
2035-10-14,20,635279.237145,295773.431103,339505.806043,0.0,0.0,0.0,6073.38,0.0,28012.083417,22.678757
2035-10-14,21,569045.091997,258707.100303,310337.991695,0.0,0.0,0.0,6926.99,0.0,27174.848004,20.940139
2035-10-14,22,528481.647719,227688.389031,300793.258688,0.0,0.0,0.0,7275.73,0.0,26618.058581,19.854252
2035-10-14,23,524606.401285,222997.674742,301608.726543,0.0,0.0,0.0,6817.91,0.0,26092.272543,20.105815
2035-10-15,0,521314.959774,225406.65773,295908.302043,0.0,0.0,0.0,6508.58,0.0,25606.686055,20.358548
2035-10-15,1,513479.443753,208446.715569,305032.728183,0.0,0.0,0.0,6299.86,0.0,25365.304379,20.243378
2035-10-15,2,510049.726452,208446.715569,301603.010882,0.0,0.0,0.0,6276.99,0.0,25226.815484,20.218554
2035-10-15,3,509014.831501,206082.930983,302931.900518,0.0,0.0,0.0,6489.18,0.0,25442.017423,20.006858
2035-10-15,4,539967.554283,241343.019229,298624.535053,0.0,0.0,0.0,6910.27,0.0,26177.887757,20.626857
2035-10-15,5,580042.677234,257496.107995,322546.569239,0.0,0.0,0.0,6555.6,0.0,27023.979362,21.463999
2035-10-15,6,585273.603976,257488.689822,327784.914154,0.0,0.0,0.0,6373.75,0.0,27096.304547,21.599757
2035-10-15,7,600534.664642,274495.70394,326038.960702,0.0,0.0,0.0,6467.71,0.0,27422.602364,21.899259
2035-10-15,8,622518.302688,274476.274159,348042.028529,0.0,0.0,0.0,6107.1,0.0,27971.509111,22.255442
2035-10-15,9,620223.529433,274476.274159,345747.255273,0.0,0.0,0.0,7112.62,0.0,28894.042919,21.465446
2035-10-15,10,638438.54207,312176.462034,326262.080036,0.0,0.0,0.0,8652.23,0.0,30240.284876,21.112187
2035-10-15,11,660320.812127,295773.431103,364547.381025,0.0,0.0,0.0,8462.79,0.0,31324.208815,21.080207
2035-10-15,12,655666.652835,295773.431103,359893.221733,0.0,0.0,0.0,9534.41,0.0,32193.81035,20.366233
2035-10-15,13,639557.29231,312050.027616,327507.264694,0.0,0.0,0.0,11274.73,0.0,32931.900823,19.420601
2035-10-15,14,753336.238478,382253.314518,371082.92396,0.0,0.0,0.0,9759.92,0.0,33981.689771,22.168887
2035-10-15,15,821777.411962,404006.893771,417770.518191,0.0,0.0,2.422538,8551.63,0.0,34969.265944,23.49999
2035-10-15,16,872848.55548,442809.440186,430039.115293,0.0,0.0,0.0,7672.35,0.0,35016.059886,24.927092
2035-10-15,17,902124.472636,447400.868677,454723.603959,0.0,0.0,0.0,5756.26,0.0,34130.890497,26.43132
2035-10-15,18,945704.598867,484803.891217,460900.70765,0.0,0.0,0.0,4308.08,0.0,33128.567779,28.546498
2035-10-15,19,963719.508491,484769.257488,478950.251003,0.0,0.0,0.0,3045.59,0.0,32284.63462,29.850718
2035-10-15,20,850250.786372,464149.079766,386101.706606,0.0,0.0,0.0,5060.92,0.0,31134.763268,27.308728
2035-10-15,21,650060.844023,336316.235615,313744.608408,0.0,0.0,0.0,8198.22,0.0,29814.394457,21.80359
2035-10-15,22,546625.980768,245989.622371,300636.358397,0.0,0.0,0.0,8949.58,0.0,28573.863273,19.130279
2035-10-15,23,483785.170019,224850.709932,258934.460087,0.0,0.0,0.0,9360.7,0.0,26954.500356,17.948215
2035-10-16,0,448607.393678,224850.709932,223756.683746,0.0,0.0,0.0,9924.17,0.0,26122.72331,17.173071
2035-10-16,1,378089.047332,152899.589001,225189.458331,0.0,0.0,0.0,10986.23,0.0,25622.217992,14.756297
2035-10-16,2,339790.869103,152899.589001,186891.280102,0.0,0.0,0.0,12211.39,0.0,25333.104742,13.412918
2035-10-16,3,344953.809953,155763.950467,189189.859486,0.0,0.0,0.0,12152.12,0.0,25413.907715,13.573427
2035-10-16,4,380427.456825,171982.756321,208444.700504,0.0,0.0,0.0,11711.73,0.0,25882.484455,14.698259
2035-10-16,5,392188.268004,171975.338148,220212.929856,0.0,0.0,0.0,11755.83,0.0,26473.642652,14.814292
2035-10-16,6,399321.658436,171975.338148,227346.320288,0.0,0.0,0.0,11335.91,0.0,26333.613182,15.163952
2035-10-16,7,436503.18645,193085.395712,243417.790738,0.0,0.0,0.0,10399.31,0.0,26451.9079,16.501766
2035-10-16,8,468959.839146,213205.371418,255754.467728,0.0,0.0,0.0,9865.86,0.0,26576.256747,17.64582
2035-10-16,9,449720.116735,196944.065394,252776.051341,0.0,0.0,0.0,10231.08,0.0,26561.73892,16.931125
2035-10-16,10,392665.426291,173960.103086,218705.323205,0.0,0.0,0.0,11567.0,0.0,26483.250548,14.826935
2035-10-16,11,426883.746126,212342.347637,214541.398489,0.0,0.0,0.0,10726.15,0.0,26303.413323,16.229215
2035-10-16,12,414754.207535,183255.640602,231498.566933,0.0,0.0,0.0,10317.38,0.0,26084.159323,15.900616
2035-10-16,13,387893.053083,148464.303534,239428.74955,0.0,0.0,0.0,10401.55,0.0,25804.158916,15.032191
2035-10-16,14,378480.500767,150727.020007,227753.480759,0.0,0.0,0.0,10666.26,0.0,25640.3556,14.761125
2035-10-16,15,381457.313701,147773.373759,233683.939942,0.0,0.0,0.0,10693.34,0.0,25779.417617,14.796972
2035-10-16,16,398928.14828,180157.274356,218770.873924,0.0,0.0,0.0,10678.7,0.0,25863.257602,15.424513
2035-10-16,17,512138.265875,234849.823935,277288.44194,0.0,0.0,0.0,7629.37,0.0,25915.331866,19.76198
2035-10-16,18,620960.951701,294614.945474,326346.006227,0.0,0.0,0.0,4940.18,0.0,26107.679596,23.784609
2035-10-16,19,673654.858315,294584.338829,379070.519485,0.0,0.0,0.0,2563.94,0.0,25844.817418,26.065375
2035-10-16,20,654681.301237,294584.338829,360096.962408,0.0,0.0,0.0,2659.1,0.0,25285.166329,25.891912
2035-10-16,21,610535.743284,277474.874235,333060.869049,0.0,0.0,0.0,3025.54,0.0,24365.504197,25.057382
2035-10-16,22,553193.686151,242973.459402,310220.226749,0.0,0.0,0.0,3650.32,0.0,23483.139285,23.557059
2035-10-16,23,600706.697031,316959.717962,283746.979069,0.0,0.0,0.0,2688.87,0.0,22495.259424,26.703702
2035-10-17,0,597828.91548,316170.066908,281658.848572,0.0,0.0,0.0,2425.24,0.0,22155.151679,26.983743
2035-10-17,1,522116.058526,212776.567347,309339.491179,0.0,0.0,0.0,2864.87,0.0,22054.836883,23.67354
2035-10-17,2,520629.008988,212776.567347,307852.44164,0.0,0.0,0.0,2938.01,0.0,22100.583311,23.557252
2035-10-17,3,525084.10237,212776.567347,312307.535023,0.0,0.0,0.0,3179.09,0.0,22503.190585,23.333762
2035-10-17,4,553338.114761,243196.260066,310141.854695,0.0,0.0,0.0,3672.64,0.0,23384.05014,23.663057
2035-10-17,5,602433.328693,266732.270562,335701.058131,0.0,0.0,0.0,3411.57,0.0,24560.822124,24.528223
2035-10-17,6,624552.806815,274129.632657,350423.174157,0.0,0.0,0.0,3093.5,0.0,24950.900991,25.031273
2035-10-17,7,636779.978151,287483.246841,349296.731309,0.0,0.0,0.0,3026.9,0.0,25044.131455,25.426315
2035-10-17,8,641453.363164,277650.676616,363802.686548,0.0,0.0,0.0,2496.39,0.0,24968.569008,25.690434
2035-10-17,9,610582.004321,277650.676616,332931.327705,0.0,0.0,0.0,3235.3,0.0,24588.571901,24.831943
2035-10-17,10,554165.980663,243149.261783,311016.71888,0.0,0.0,0.0,4297.24,0.0,24176.536605,22.921645
2035-10-17,11,518740.683043,238470.132996,280270.550047,0.0,0.0,0.0,5345.84,0.0,23974.582202,21.63711
2035-10-17,12,453788.11472,179478.580041,274309.53468,0.0,0.0,0.0,6561.67,0.0,23895.633227,18.99042
2035-10-17,13,420174.574541,189527.977193,230646.597348,0.0,0.0,0.0,8003.33,0.0,23965.723723,17.532313
2035-10-17,14,407712.447173,157134.980343,250577.46683,0.0,0.0,0.623788,8142.19,0.0,24138.285262,16.890696
2035-10-17,15,408210.558611,157089.781941,251120.776669,0.0,0.0,0.0,8458.99,0.0,24469.713277,16.682278
2035-10-17,16,432216.308325,213613.116063,218603.192262,0.0,0.0,0.0,9013.21,0.0,24826.512144,17.409466
2035-10-17,17,487906.244016,211240.190881,276666.053136,0.0,0.0,0.0,7170.82,0.0,25270.363176,19.307449
2035-10-17,18,571434.665788,264762.949823,306671.715965,0.0,0.0,0.0,5818.97,0.0,25780.073743,22.16575
2035-10-17,19,614408.274612,264754.719831,349653.55478,0.0,0.0,0.0,4117.3,0.0,25865.444945,23.754019
2035-10-17,20,578407.331664,271688.970781,306718.360883,0.0,0.0,0.0,5114.73,0.0,25317.444246,22.846198
2035-10-17,21,480070.798121,221383.939637,258686.858484,0.0,0.0,0.0,6938.32,0.0,24435.840247,19.646175
2035-10-17,22,393594.358697,174821.95563,218772.403067,0.0,0.0,0.0,8328.3,0.0,23384.069827,16.83173
2035-10-17,23,372683.837365,140232.984259,232450.853106,0.0,0.0,0.0,8094.56,0.0,22844.425078,16.313995
2035-10-18,0,365645.439131,140232.984259,225412.454872,0.0,0.0,0.0,8073.31,0.0,22591.462795,16.185116
2035-10-18,1,363208.471275,142815.938666,220392.532609,0.0,0.0,0.0,8195.06,0.0,22576.542794,16.087869
2035-10-18,2,396756.606328,158923.447594,237833.158734,0.0,0.0,0.0,7348.62,0.0,22689.323247,17.486489
2035-10-18,3,446941.834579,194836.862787,252104.971793,0.0,0.0,0.0,6650.64,0.0,23356.283889,19.135828
2035-10-18,4,522630.413084,235734.641529,286895.771555,0.0,0.0,0.0,5987.83,0.0,24720.176647,21.141856
2035-10-18,5,597499.260666,272201.085153,325298.175513,0.0,0.0,0.0,5756.28,0.0,26573.089713,22.485126
2035-10-18,6,620364.205859,272198.164718,348166.041141,0.0,0.0,0.0,5367.23,0.0,27163.497058,22.838157
2035-10-18,7,612601.669835,265086.176855,347515.49298,0.0,0.0,0.0,4923.95,0.0,26592.120665,23.036962
2035-10-18,8,591911.98597,263848.118097,328063.867873,0.0,0.0,0.0,5334.43,0.0,26271.153639,22.530871
2035-10-18,9,536459.451309,242709.205657,293750.245652,0.0,0.0,0.0,6906.53,0.0,26128.381568,20.531675
2035-10-18,10,467572.74059,201855.438093,265717.302497,0.0,0.0,0.0,8548.51,0.0,26010.875013,17.976048
2035-10-18,11,438733.221257,178111.418953,260621.802303,0.0,0.0,0.0,9331.92,0.0,26038.254368,16.849564
2035-10-18,12,430039.573244,178111.418953,251928.15429,0.0,0.0,0.0,10201.89,0.0,26586.481747,16.175122
2035-10-18,13,388189.194031,163022.868233,225166.325798,0.0,0.0,0.0,12096.92,0.0,26986.281995,14.384686
2035-10-18,14,403335.327674,178118.794459,225216.533215,0.0,0.0,0.0,12147.95,0.0,27479.026422,14.677934
2035-10-18,15,417383.03656,175271.389272,242111.647288,0.0,0.0,0.0,12203.91,0.0,28133.95811,14.83556
2035-10-18,16,428256.83481,186507.751673,241749.083137,0.0,0.0,0.0,12313.79,0.0,28421.165793,15.068236
2035-10-18,17,478247.269001,202523.733892,275723.535109,0.0,0.0,0.0,10548.03,0.0,28283.85705,16.908842
2035-10-18,18,557841.449572,265532.364749,292309.084823,0.0,0.0,0.0,8569.52,0.0,27962.428042,19.949679
2035-10-18,19,612097.793294,264961.647493,347136.145801,0.0,0.0,1.353499,6025.64,0.0,27620.448636,22.161037
2035-10-18,20,558845.680474,264961.647493,293884.032982,0.0,0.0,0.0,7421.5,0.0,27094.141545,20.626071
2035-10-18,21,464932.578063,214029.629961,250902.948102,0.0,0.0,0.0,9390.34,0.0,26410.81227,17.603873
2035-10-18,22,438016.339179,194870.363402,243145.975777,0.0,0.0,0.0,9699.66,0.0,25647.501292,17.078324
2035-10-18,23,402034.85452,181678.197656,220356.656865,0.0,0.0,0.0,10144.01,0.0,24926.168039,16.129028
2035-10-19,0,387090.002047,197003.220664,190086.781383,0.0,0.0,0.0,10465.89,0.0,24445.281838,15.834958
2035-10-19,1,366887.626788,180764.580764,186123.046023,0.0,0.0,0.0,10613.89,0.0,24280.421606,15.110431
2035-10-19,2,372810.759862,180764.580764,192046.179098,0.0,0.0,0.0,10242.08,0.0,24147.185248,15.439098
2035-10-19,3,386778.170094,180764.580764,206013.58933,0.0,0.0,0.0,9939.76,0.0,24399.668271,15.85178
2035-10-19,4,415430.224871,183347.535171,232082.6897,0.0,0.0,0.0,9397.64,0.0,24917.482105,16.672239
2035-10-19,5,488660.244639,239589.979291,249070.265349,0.0,0.0,0.0,8230.19,0.0,25528.348644,19.141867
2035-10-19,6,536032.18207,243171.248649,292860.93342,0.0,0.0,0.0,6904.99,0.0,26089.594556,20.545823
2035-10-19,7,578130.679197,267363.207202,310767.471995,0.0,0.0,0.0,6299.29,0.0,26564.350793,21.763403
2035-10-19,8,635125.323413,285180.593668,349944.729745,0.0,0.0,0.0,5117.62,0.0,27188.891183,23.359736
2035-10-19,9,645250.012898,285171.7211,360078.291798,0.0,0.0,0.0,5634.81,0.0,28134.16724,22.934747
2035-10-19,10,625587.435054,298147.772901,327439.662153,0.0,0.0,0.0,7413.9,0.0,28907.070595,21.641329
2035-10-19,11,663767.596543,298137.215689,365630.380855,0.0,0.0,0.0,6942.25,0.0,29892.266435,22.205329
2035-10-19,12,650038.537566,298137.215689,351901.321877,0.0,0.0,0.0,8337.24,0.0,30781.113947,21.118097
2035-10-19,13,597238.541041,298137.215689,299101.325352,0.0,0.0,0.0,10843.72,0.0,31307.441581,19.076568
2035-10-19,14,652825.675839,325713.465025,327112.210814,0.0,0.0,0.0,9988.9,0.0,31860.989379,20.489812
2035-10-19,15,693341.030276,325666.160344,367674.869932,0.0,0.0,0.0,8717.84,0.0,32194.43392,21.536053
2035-10-19,16,754483.767564,379745.455074,374738.31249,0.0,0.0,0.0,7589.66,0.0,32014.956404,23.566603
2035-10-19,17,787713.491547,379724.905922,407988.585626,0.0,0.0,0.0,5485.37,0.0,31317.566735,25.152449
2035-10-19,18,804001.613796,383896.912085,420104.701711,0.0,0.0,0.0,3882.22,0.0,30206.442947,26.616891
2035-10-19,19,815208.268295,383868.875927,431339.392368,0.0,0.0,0.0,2449.47,0.0,29193.28027,27.924518
2035-10-19,20,789962.42872,383868.875927,406093.552794,0.0,0.0,0.0,2685.34,0.0,28502.947266,27.715114
2035-10-19,21,746562.655639,359912.356582,386650.299057,0.0,0.0,0.0,3256.99,0.0,27988.316305,26.674082
2035-10-19,22,684936.643237,317756.169849,367180.473387,0.0,0.0,0.0,4108.91,0.0,27466.084927,24.937542
2035-10-19,23,677269.922798,298137.215689,379132.707109,0.0,0.0,0.0,3296.09,0.0,26731.396814,25.336122
2035-10-20,0,662123.358571,298137.215689,363986.142882,0.0,0.0,0.0,3096.64,0.0,25985.124026,25.480862
2035-10-20,1,640894.368297,290616.171205,350278.197092,0.0,0.0,0.0,3310.73,0.0,25544.122674,25.0897
2035-10-20,2,634282.339455,290616.171205,343666.16825,0.0,0.0,0.0,3113.33,0.0,25102.959205,25.267234
2035-10-20,3,600957.76305,253549.840405,347407.922645,0.0,0.0,0.0,3437.3,0.0,24881.949146,24.152359
2035-10-20,4,560937.408296,253549.840405,307387.567891,0.0,0.0,0.0,4335.74,0.0,24368.20909,23.01923
2035-10-20,5,529273.190219,217852.000346,311421.189872,0.0,0.0,0.0,3947.68,0.0,23460.824177,22.559872
2035-10-20,6,528118.829975,217852.000346,310266.829629,0.0,0.0,0.0,4020.68,0.0,23492.215648,22.480588
2035-10-20,7,543980.176705,227270.460859,316709.715846,0.0,0.0,0.0,4611.09,0.0,24472.662684,22.228075
2035-10-20,8,550862.362241,227221.843423,323640.518818,0.0,0.0,1.896968,5220.42,0.0,25389.742698,21.696256
2035-10-20,9,528899.113425,229630.826411,299268.287014,0.0,0.0,0.0,6802.33,0.0,26110.337807,20.256311
2035-10-20,10,496905.546949,210297.400177,286608.146772,0.0,0.0,0.0,8067.13,0.0,26488.94266,18.75898
2035-10-20,11,458639.610041,194795.429021,263844.18102,0.0,0.0,0.0,9924.86,0.0,27172.396176,16.87888
2035-10-20,12,407366.074555,169577.790737,237788.283818,0.0,0.0,0.0,12039.6,0.0,27834.215287,14.635443
2035-10-20,13,374236.630904,156842.830117,217393.800787,0.0,0.0,0.0,13829.07,0.0,28532.396725,13.1162
2035-10-20,14,410157.507518,168665.615866,241491.891652,0.0,0.0,0.0,13481.75,0.0,29305.376838,13.995981
2035-10-20,15,448244.689427,190514.138456,257730.550971,0.0,0.0,0.0,13215.68,0.0,30025.709588,14.928696
2035-10-20,16,492736.001943,225542.372878,267193.629065,0.0,0.0,0.0,12695.58,0.0,30495.466189,16.157681
2035-10-20,17,564665.86671,262568.160474,302097.706236,0.0,0.0,0.0,11136.62,0.0,30892.314489,18.278523
2035-10-20,18,620785.100463,295380.450853,325404.64961,0.0,0.0,0.0,10017.42,0.0,31270.751192,19.851941
2035-10-20,19,660165.590554,295306.885494,364858.70506,0.0,0.0,0.0,8017.16,0.0,30860.553462,21.391891
2035-10-20,20,595542.020459,295306.885494,300235.134964,0.0,0.0,0.0,9421.73,0.0,29866.125342,19.940384
2035-10-20,21,525660.825815,222531.129134,303129.696681,0.0,0.0,0.0,10269.81,0.0,29425.594209,17.864068
2035-10-20,22,520571.050442,224094.488749,296476.561692,0.0,0.0,0.0,9943.32,0.0,29028.019016,17.933399
2035-10-20,23,537872.806966,223794.014851,314078.792115,0.0,0.0,0.200442,8639.33,0.0,28325.754947,18.988825
2035-10-21,0,494558.739825,223794.014851,270764.724974,0.0,0.0,0.0,9315.96,0.0,27446.408523,18.019069
2035-10-21,1,410702.135586,197635.458702,213066.676884,0.0,0.0,0.0,11477.0,0.0,26840.17805,15.301766
2035-10-21,2,454081.22991,194343.042574,259738.187336,0.0,0.0,0.0,9055.66,0.0,26134.711507,17.374641
2035-10-21,3,459885.025466,194343.042574,265541.982893,0.0,0.0,0.0,8291.45,0.0,25581.938178,17.976942
2035-10-21,4,440195.604023,194343.042574,245852.561449,0.0,0.0,0.0,9021.18,0.0,25573.832555,17.212735
2035-10-21,5,516448.714217,227970.790754,288477.923463,0.0,0.0,0.0,7491.25,0.0,26192.010627,19.717796
2035-10-21,6,548701.435573,227688.389031,321013.046542,0.0,0.0,0.0,5995.54,0.0,26056.905666,21.057813
2035-10-21,7,548070.628169,227688.389031,320382.239138,0.0,0.0,0.0,6015.74,0.0,26034.505917,21.051701
2035-10-21,8,518339.326719,227688.389031,290650.937688,0.0,0.0,0.0,6728.55,0.0,25675.532692,20.188065
2035-10-21,9,491491.880187,206549.476591,284942.403596,0.0,0.0,0.0,6801.48,0.0,25112.68517,19.571459
2035-10-21,10,453286.505249,206549.476591,246737.028658,0.0,0.0,0.0,7677.48,0.0,24561.919834,18.454848
2035-10-21,11,468119.880672,184624.254436,283495.626236,0.0,0.0,0.0,6386.37,0.0,24241.889107,19.310371
2035-10-21,12,471775.802217,184624.254436,287151.547781,0.0,0.0,0.0,6457.89,0.0,24460.580544,19.287187
2035-10-21,13,446513.057663,184624.254436,261888.803227,0.0,0.0,0.0,7612.02,0.0,24702.29106,18.075775
2035-10-21,14,478253.445402,201077.762144,277175.683259,0.0,0.0,0.0,7203.83,0.0,25142.206449,19.021936
2035-10-21,15,518306.795171,223003.872517,295302.922654,0.0,0.0,0.0,6697.14,0.0,25675.537942,20.186794
2035-10-21,16,545958.729549,240694.244627,305264.484922,0.0,0.0,0.0,6366.1,0.0,26044.638306,20.962423
2035-10-21,17,631128.121795,295785.224106,335342.89769,0.0,0.0,0.0,4747.56,0.0,26262.137643,24.031864
2035-10-21,18,683442.202893,324107.117975,359335.084918,0.0,0.0,0.0,3186.77,0.0,26237.881202,26.047919
2035-10-21,19,710853.103869,324057.682956,386795.420913,0.0,0.0,0.0,1559.82,0.0,25703.86363,27.655496
2035-10-21,20,690596.316853,324057.682956,366538.633896,0.0,0.0,0.0,1384.4,0.0,24790.065332,27.857785
2035-10-21,21,627191.130499,282807.936513,344383.193985,0.0,0.0,0.0,2113.17,0.0,23965.807826,26.170248
2035-10-21,22,532441.537526,260064.005542,272377.531984,0.0,0.0,0.0,4252.74,0.0,23030.625156,23.118849
2035-10-21,23,534494.327171,295822.664677,238671.662494,0.0,0.0,0.0,4225.19,0.0,22216.136421,24.058834
2035-10-22,0,520769.778027,295773.431103,224996.346924,0.0,0.0,0.0,4341.85,0.0,21784.836287,23.90515
2035-10-22,1,445544.588331,188668.841576,256875.746756,0.0,0.0,0.0,4734.83,0.0,21576.755529,20.649286
2035-10-22,2,483052.678669,193366.784005,289685.894664,0.0,0.0,0.0,3429.14,0.0,21525.975667,22.440455
2035-10-22,3,530907.825891,230417.221598,300490.604293,0.0,0.0,0.0,2823.54,0.0,21841.589808,24.307197
2035-10-22,4,549624.313239,247876.633919,301747.67932,0.0,0.0,0.0,2935.0,0.0,22468.200922,24.46232
2035-10-22,5,606636.998279,265902.065323,340734.932957,0.0,0.0,0.0,2484.76,0.0,23787.440844,25.502407
2035-10-22,6,617851.328305,265893.192754,351958.13555,0.0,0.0,0.0,2337.49,0.0,24094.451151,25.642889
2035-10-22,7,617269.78483,268933.112383,348336.672447,0.0,0.0,0.0,2363.52,0.0,24031.035069,25.686359
2035-10-22,8,631947.91289,272895.529112,359052.383777,0.0,0.0,0.0,1703.5,0.0,23817.949395,26.532423
2035-10-22,9,600688.716757,272867.492954,327821.223802,0.0,0.0,0.0,2500.91,0.0,23526.425033,25.532511
2035-10-22,10,542199.316154,235801.162154,306398.153999,0.0,0.0,0.0,3813.86,0.0,23428.257724,23.142964
2035-10-22,11,503082.023614,211240.190881,291841.832734,0.0,0.0,0.0,4709.07,0.0,23370.873199,21.526026
2035-10-22,12,477128.300732,198505.230261,278623.070472,0.0,0.0,0.0,5787.36,0.0,23657.870621,20.167846
2035-10-22,13,442296.635811,176580.008105,265716.627705,0.0,0.0,0.0,7035.14,0.0,24060.481653,18.382701
2035-10-22,14,480738.72044,210274.221454,270464.498987,0.0,0.0,0.0,6936.21,0.0,24627.243237,19.520606
2035-10-22,15,515970.704587,223004.528795,292966.175792,0.0,0.0,0.0,6678.02,0.0,25577.515016,20.172824
2035-10-22,16,574044.845241,260066.925977,313977.919264,0.0,0.0,0.0,6095.23,0.0,26335.841445,21.797095
2035-10-22,17,619414.492944,278126.094792,341288.398152,0.0,0.0,0.0,4737.73,0.0,26362.207757,23.496306
2035-10-22,18,648115.519633,285246.723296,362868.796338,0.0,0.0,0.0,3832.92,0.0,26388.684805,24.560357
2035-10-22,19,671407.395125,302968.020982,368439.374144,0.0,0.0,0.0,3151.47,0.0,26033.196959,25.790432
2035-10-22,20,621797.835955,302958.85754,318838.978416,0.0,0.0,0.0,4258.75,0.0,25390.520899,24.489369
2035-10-22,21,507875.999094,235729.414647,272146.584447,0.0,0.0,0.0,6234.54,0.0,24584.961425,20.657995
2035-10-22,22,405713.126755,188280.331911,217432.794844,0.0,0.0,0.0,8559.36,0.0,23794.790954,17.050502
2035-10-22,23,337680.508581,150983.004436,186697.504145,0.0,0.0,0.0,9683.87,0.0,22881.803515,14.7576
2035-10-23,0,301427.012531,150983.004436,150444.008095,0.0,0.0,0.0,10764.08,0.0,22459.875482,13.420689
2035-10-23,1,278962.952315,113932.824186,165030.128129,0.0,0.0,0.0,11043.96,0.0,22234.741318,12.546265
2035-10-23,2,276445.661148,113932.824186,162512.836962,0.0,0.0,0.0,11195.7,0.0,22266.621271,12.41525
2035-10-23,3,295489.300237,126033.072156,169456.22808,0.0,0.0,0.0,11292.03,0.0,22693.015935,13.021156
2035-10-23,4,333748.386693,152836.256294,180912.130399,0.0,0.0,0.0,11046.44,0.0,23487.815826,14.209426
2035-10-23,5,350625.668982,152824.041535,197801.627446,0.0,0.0,0.0,11445.44,0.0,24611.216508,14.24658
2035-10-23,6,347753.856918,152824.041535,194929.815383,0.0,0.0,0.0,11598.37,0.0,24647.098224,14.109322
2035-10-23,7,364711.394392,164618.921235,200092.473157,0.0,0.0,0.0,11205.2,0.0,24905.142151,14.64402
2035-10-23,8,383717.802515,167248.31964,216469.482874,0.0,0.0,0.0,10797.6,0.0,25285.140575,15.175625
2035-10-23,9,401829.06317,167218.723901,234610.339269,0.0,0.0,0.0,10391.32,0.0,25642.802814,15.670247
2035-10-23,10,409370.566624,193900.647597,215469.919027,0.0,0.0,0.0,10755.33,0.0,25902.911317,15.804037
2035-10-23,11,414451.414464,174821.95563,239629.458834,0.0,0.0,0.0,10427.69,0.0,26275.042221,15.773577
2035-10-23,12,399636.161932,152896.733475,246739.428458,0.0,0.0,0.0,10918.13,0.0,26654.746824,14.993058
2035-10-23,13,364955.137283,152896.733475,212058.403808,0.0,0.0,0.0,12611.13,0.0,27060.155967,13.486808
2035-10-23,14,414840.760225,179419.546773,235421.213452,0.0,0.0,0.0,11989.23,0.0,27798.73764,14.923007
2035-10-23,15,472025.431837,202712.108243,269313.323594,0.0,0.0,0.0,11313.82,0.0,28841.34479,16.366277
2035-10-23,16,528310.923431,244335.552917,283975.370514,0.0,0.0,0.0,10569.73,0.0,29380.432721,17.981727
2035-10-23,17,603063.442125,279136.010727,323927.431398,0.0,0.0,0.0,8434.29,0.0,29407.516814,20.507119
2035-10-23,18,671914.593627,316725.941833,355188.651794,0.0,0.0,0.0,6497.95,0.0,29201.887404,23.009287
2035-10-23,19,702277.679341,316647.369432,385630.309909,0.0,0.0,0.0,4861.32,0.0,28736.233837,24.438752
2035-10-23,20,638252.773974,316647.369432,321605.404541,0.0,0.0,0.0,6419.99,0.0,27993.898605,22.79971
2035-10-23,21,505301.396571,256592.700324,248708.696247,0.0,0.0,0.0,9324.51,0.0,27054.865771,18.676914
2035-10-23,22,390565.015857,193940.176422,196624.839435,0.0,0.0,0.0,11459.21,0.0,25939.188672,15.056948
2035-10-23,23,361844.036083,153548.823744,208295.21234,0.0,0.0,0.0,11248.17,0.0,25046.882475,14.44667
2035-10-24,0,341987.195868,145985.444328,196001.75154,0.0,0.0,0.0,10952.53,0.0,24245.371188,14.105257
2035-10-24,1,337558.988167,142909.963652,194649.024515,0.0,0.0,0.0,10708.95,0.0,23947.901621,14.095556
2035-10-24,2,375060.239516,149541.613016,225518.6265,0.0,0.0,0.0,9062.97,0.0,23739.204127,15.799192
2035-10-24,3,428813.623382,190351.58434,238462.039042,0.0,0.0,0.0,7916.24,0.0,23912.473294,17.932634
2035-10-24,4,478172.548102,209730.993126,268441.554976,0.0,0.0,0.0,6983.78,0.0,24543.814788,19.482405
2035-10-24,5,537235.53664,238473.053431,298762.48321,0.0,0.0,0.0,6199.79,0.0,25381.968636,21.166031
2035-10-24,6,541066.796232,238470.132996,302596.663236,0.0,0.0,0.0,6024.03,0.0,25479.698116,21.235212
2035-10-24,7,557222.456,238470.132996,318752.323004,0.0,0.0,0.0,5907.54,0.0,25954.350244,21.469328
2035-10-24,8,568028.239698,243273.075799,324755.163899,0.0,0.0,0.0,6374.22,0.0,26689.951642,21.282475
2035-10-24,9,536333.270408,243080.648609,293252.621798,0.0,0.0,0.0,8248.95,0.0,27429.631317,19.553062
2035-10-24,10,473795.523035,206014.317809,267781.205225,0.0,0.0,0.0,10974.82,0.0,28376.569528,16.696716
2035-10-24,11,484420.906602,202245.974316,282174.932286,0.0,0.0,0.0,10948.46,0.0,28983.330069,16.713777
2035-10-24,12,465460.395115,211052.72582,254407.669294,0.0,0.0,0.0,12379.11,0.0,29411.651115,15.825715
2035-10-24,13,423640.829313,187718.463122,235922.366191,0.0,0.0,0.0,13710.47,0.0,29568.969431,14.32721
2035-10-24,14,439949.935143,187718.463122,252231.472021,0.0,0.0,0.0,12924.9,0.0,29513.338586,14.906817
2035-10-24,15,465826.663975,194359.587105,271467.076869,0.0,0.0,0.0,12305.67,0.0,29711.329957,15.678418
2035-10-24,16,539084.190444,260865.488032,278218.702412,0.0,0.0,0.0,11012.02,0.0,29715.820754,18.141319
2035-10-24,17,585154.783771,260786.653738,324368.130033,0.0,0.0,0.0,9111.35,0.0,29798.843335,19.636829
2035-10-24,18,570675.337404,244550.934273,326124.403131,0.0,0.0,0.0,8949.0,0.0,29472.156542,19.363203
2035-10-24,19,572158.767533,244550.934273,327607.83326,0.0,0.0,0.0,8226.41,0.0,28812.998856,19.857661
2035-10-24,20,489197.270985,244550.934273,244646.336712,0.0,0.0,0.0,10343.16,0.0,27800.446958,17.596741
2035-10-24,21,358705.649194,170799.158316,187906.490878,0.0,0.0,0.0,12791.03,0.0,26348.862475,13.613705
2035-10-24,22,391878.369898,155374.092904,236504.276994,0.0,0.0,0.0,9865.51,0.0,25017.199296,15.664358
2035-10-24,23,312042.288356,155374.092904,156668.195452,0.0,0.0,0.0,12557.16,0.0,24505.910383,12.733348
2035-10-25,0,303397.895463,155374.092904,148023.802559,0.0,0.0,0.0,12415.77,0.0,24030.070175,12.62576
2035-10-25,1,294231.580471,118429.503697,175802.076773,0.0,0.0,0.0,12258.12,0.0,23824.044352,12.350194
2035-10-25,2,292262.701425,118429.503697,173833.197727,0.0,0.0,0.0,12260.19,0.0,23728.60639,12.316893
2035-10-25,3,289749.539382,139469.666199,150279.873184,0.0,0.0,0.0,13097.88,0.0,24180.243673,11.982904
2035-10-25,4,383580.783621,177308.732625,206272.050996,0.0,0.0,0.0,11399.93,0.0,25667.252828,14.944365
2035-10-25,5,422222.797097,177299.315059,244923.482037,0.0,0.0,0.0,11970.95,0.0,27817.837288,15.178132
2035-10-25,6,427719.69868,177930.251699,249789.44698,0.0,0.0,0.0,12625.86,0.0,28588.567625,14.961215
2035-10-25,7,438464.737308,192645.221248,245819.51606,0.0,0.0,0.0,12256.22,0.0,28308.793212,15.488641
2035-10-25,8,453171.60621,191004.527815,262167.078394,0.0,0.0,0.0,11112.24,0.0,27930.224781,16.225133
2035-10-25,9,444177.745268,188640.743229,255537.002039,0.0,0.0,0.0,10960.87,0.0,27498.649651,16.152711
2035-10-25,10,451984.618567,187844.40312,264140.215447,0.0,0.0,0.0,10065.12,0.0,26911.490631,16.795228
2035-10-25,11,419113.70769,187844.40312,231269.30457,0.0,0.0,0.0,10622.17,0.0,26232.724342,15.976751
2035-10-25,12,367195.55272,147938.042638,219257.510082,0.0,0.0,0.0,11103.75,0.0,25577.861609,14.355991
2035-10-25,13,303801.924834,135362.827796,168439.097038,0.0,0.0,0.0,12730.76,0.0,24861.285446,12.21988
2035-10-25,14,296551.148032,124761.290412,171789.85762,0.0,0.0,0.0,12257.24,0.0,24196.074027,12.256168
2035-10-25,15,304174.392522,127625.651878,176548.740644,0.0,0.0,0.0,11841.95,0.0,24022.964361,12.661818
2035-10-25,16,328184.730555,143717.714603,184467.015952,0.0,0.0,0.0,11369.04,0.0,24280.028989,13.516653
2035-10-25,17,406554.364422,178290.164155,228264.200267,0.0,0.0,0.0,9765.8,0.0,25160.845393,16.158216
2035-10-25,18,472269.805392,213905.167459,258364.637934,0.0,0.0,0.0,8607.91,0.0,25736.674314,18.350071
2035-10-25,19,519924.449779,220704.928359,299219.52142,0.0,0.0,0.0,6915.95,0.0,25778.777811,20.168701
2035-10-25,20,476519.430624,216520.776544,259998.65408,0.0,0.0,0.0,8198.23,0.0,25634.521531,18.588973
2035-10-25,21,437707.84117,182972.416779,254735.424391,0.0,0.0,0.0,8885.9,0.0,25335.08046,17.27675
2035-10-25,22,456362.876684,189921.672342,266441.204342,0.0,0.0,0.0,7901.23,0.0,24919.397689,18.31356
2035-10-25,23,449618.442565,189857.588644,259760.853921,0.0,0.0,0.0,7433.88,0.0,24267.025759,18.527958
2035-10-26,0,468822.581438,209826.096565,258996.484873,0.0,0.0,0.0,7023.95,0.0,24104.413027,19.449658
2035-10-26,1,475915.584059,209026.836021,266888.748038,0.0,0.0,0.0,6687.68,0.0,24139.998104,19.714814
2035-10-26,2,487976.618836,209026.836021,278949.782815,0.0,0.0,0.0,6464.57,0.0,24361.336548,20.030782
2035-10-26,3,501082.317252,209026.836021,292055.481231,0.0,0.0,0.0,6471.61,0.0,24848.918637,20.165156
2035-10-26,4,532814.92079,243618.750212,289196.170578,0.0,0.0,0.0,6592.01,0.0,25580.818715,20.828689
2035-10-26,5,566421.447657,251544.049199,314877.398458,0.0,0.0,0.0,6401.96,0.0,26464.92402,21.402723
2035-10-26,6,607088.998733,277450.501771,329638.496962,0.0,0.0,0.0,6236.59,0.0,27225.499118,22.298544
2035-10-26,7,617716.813433,277446.265154,340270.548279,0.0,0.0,0.0,5959.86,0.0,27406.580759,22.538996
2035-10-26,8,593983.292104,277446.265154,316537.02695,0.0,0.0,0.0,5932.75,0.0,26530.364866,22.38881
2035-10-26,9,534886.49349,242973.459402,291913.034088,0.0,0.0,0.0,6080.08,0.0,25246.478757,21.186578
2035-10-26,10,465391.523781,242973.459402,222418.064379,0.0,0.0,0.0,6946.76,0.0,23433.069302,19.860459
2035-10-26,11,364251.685163,136657.974456,227593.710707,0.0,0.0,0.0,7302.49,0.0,21979.64106,16.572231
2035-10-26,12,309609.675078,127451.227795,182158.447284,0.0,0.0,0.0,8190.78,0.0,20947.398587,14.78034
2035-10-26,13,253261.476639,106961.061154,146300.415485,0.0,0.0,0.0,9371.08,0.0,20248.070209,12.507932
2035-10-26,14,279191.400704,109825.42262,169365.978084,0.0,0.0,0.0,8135.64,0.0,19977.915351,13.975002
2035-10-26,15,306421.42098,109801.090836,196620.330144,0.0,0.0,0.0,7328.0,0.0,20199.759142,15.169558
2035-10-26,16,364102.445238,162969.513694,201132.931543,0.0,0.0,0.0,6487.77,0.0,20638.741963,17.641698
2035-10-26,17,452984.826998,201263.038508,251721.78849,0.0,0.0,0.0,4609.65,0.0,21420.493141,21.147264
2035-10-26,18,527875.648194,238297.251049,289578.397145,0.0,0.0,0.0,3359.58,0.0,22235.811187,23.739887
2035-10-26,19,557512.118503,238294.330615,319217.787889,0.0,0.0,0.0,2293.11,0.0,22357.452666,24.936299
2035-10-26,20,532855.616181,238294.330615,294561.285566,0.0,0.0,0.0,3238.87,0.0,22393.027606,23.795604
2035-10-26,21,471895.968587,201227.999815,270667.968772,0.0,0.0,0.0,4891.0,0.0,22547.011305,20.929424
2035-10-26,22,419013.009965,184724.695701,234288.314264,0.0,0.0,0.0,6633.92,0.0,22545.327997,18.585359
2035-10-26,23,405929.707664,181432.279572,224497.428092,0.0,0.0,0.0,7066.17,0.0,22522.917649,18.022963
2035-10-27,0,393456.419781,181432.279572,212024.140209,0.0,0.0,0.0,7456.9,0.0,22428.227894,17.542912
2035-10-27,1,372743.574664,143201.532495,229542.042169,0.0,0.0,0.0,7824.26,0.0,22569.979449,16.515016
2035-10-27,2,369356.279652,143201.532495,226154.747158,0.0,0.0,0.0,7999.75,0.0,22615.782886,16.331793
2035-10-27,3,369571.536409,143201.532495,226370.003914,0.0,0.0,0.0,8199.44,0.0,22786.572669,16.218829
2035-10-27,4,372006.495614,143201.532495,228804.963119,0.0,0.0,0.0,7983.32,0.0,22673.759468,16.406917
2035-10-27,5,365759.297023,143201.532495,222557.764529,0.0,0.0,0.0,7865.6,0.0,22351.674263,16.363843
2035-10-27,6,402465.305501,181274.029127,221191.276374,0.0,0.0,0.0,7361.87,0.0,22588.858478,17.816983
2035-10-27,7,442603.612453,181111.364484,261492.247969,0.0,0.0,0.0,6751.52,0.0,23583.66673,18.767379
2035-10-27,8,446683.847311,181111.364484,265572.482827,0.0,0.0,0.0,6610.04,0.0,23593.094603,18.932821
2035-10-27,9,404315.948975,181111.364484,223204.584491,0.0,0.0,0.0,7361.68,0.0,22765.151653,17.760301
2035-10-27,10,333682.288177,143201.532495,190480.755683,0.0,0.0,0.0,8471.6,0.0,21741.240022,15.347896
2035-10-27,11,293181.224151,107834.743274,185346.480877,0.0,0.0,0.0,9032.75,0.0,21309.518899,13.758228
2035-10-27,12,275664.207735,107834.743274,167829.464462,0.0,0.0,0.0,9630.22,0.0,21239.899755,12.978602
2035-10-27,13,236251.770197,107834.743274,128417.026923,0.0,0.0,0.0,11476.24,0.0,21501.294102,10.987793
2035-10-27,14,259155.074248,107834.743274,151320.330974,0.0,0.0,0.0,11065.4,0.0,22024.652311,11.766591
2035-10-27,15,294370.324266,118441.077243,175929.247024,0.0,0.0,0.0,10523.81,0.0,22766.651111,12.929891
2035-10-27,16,355009.986102,163451.339017,191558.647086,0.0,0.0,0.0,9901.64,0.0,23694.287578,14.982936
2035-10-27,17,457353.581055,200483.068715,256870.512341,0.0,0.0,0.0,7255.65,0.0,24307.329856,18.81546
2035-10-27,18,562427.958548,259430.775762,302997.182786,0.0,0.0,0.0,5197.14,0.0,24824.027939,22.656595
2035-10-27,19,582012.780951,259421.657553,322591.123398,0.0,0.0,0.0,3974.54,0.0,24623.920915,23.636073
2035-10-27,20,554945.903904,259421.657553,295524.246352,0.0,0.0,0.0,4613.01,0.0,24262.78605,22.872308
2035-10-27,21,488251.321582,205907.128602,282344.19298,0.0,0.0,0.0,5617.31,0.0,23816.37429,20.500657
2035-10-27,22,433594.687835,183981.906447,249612.781389,0.0,0.0,0.0,6354.5,0.0,22968.8446,18.877514
2035-10-27,23,433980.965522,184730.893476,249250.072046,0.0,0.0,0.0,5872.25,0.0,22274.510129,19.4833
2035-10-28,0,425705.921435,186880.937328,238824.984107,0.0,0.0,0.0,5630.27,0.0,21732.985478,19.588009
2035-10-28,1,404882.426337,155364.742789,249517.683549,0.0,0.0,0.0,5722.11,0.0,21485.401337,18.844536
2035-10-28,2,409265.623585,156955.398802,252310.224783,0.0,0.0,0.0,5552.34,0.0,21469.752527,19.062429
2035-10-28,3,413465.352261,161761.518392,251703.833869,0.0,0.0,0.0,5701.36,0.0,21650.013506,19.097695
2035-10-28,4,440698.348713,193962.919194,246735.429519,0.0,0.0,0.0,5865.75,0.0,22314.254146,19.749634
2035-10-28,5,488515.729244,205122.349283,283393.379961,0.0,0.0,0.0,5201.44,0.0,23300.280833,20.966088
2035-10-28,6,537918.89991,232758.726167,305160.173743,0.0,0.0,0.0,4463.04,0.0,23731.204308,22.667156
2035-10-28,7,565839.015854,247854.831397,317984.184457,0.0,0.0,0.0,3943.37,0.0,24062.736944,23.515156
2035-10-28,8,577602.438142,241130.633185,336471.804957,0.0,0.0,5.03717,3621.98,0.0,24365.197428,23.706044
2035-10-28,9,554660.381263,241130.633185,313529.748078,0.0,0.0,0.0,4497.56,0.0,24481.94084,22.655899
2035-10-28,10,499125.787309,222142.848067,276982.939241,0.0,0.0,0.0,6038.1,0.0,24272.503733,20.563424
2035-10-28,11,485732.930743,193172.167982,292560.762761,0.0,0.0,0.0,5941.24,0.0,24206.187095,20.066478
2035-10-28,12,457197.806514,193172.167982,264025.638532,0.0,0.0,0.0,7124.35,0.0,24344.23223,18.780539
2035-10-28,13,417050.507705,166246.901951,250803.605754,0.0,0.0,0.0,8370.69,0.0,24613.198658,16.944182
2035-10-28,14,425364.704138,170944.84438,254419.859758,0.0,0.0,0.0,8501.83,0.0,24963.181561,17.039683
2035-10-28,15,456608.219823,186076.828399,270531.391424,0.0,0.0,0.0,8282.91,0.0,25634.145215,17.8125
2035-10-28,16,533513.911323,248440.059133,285073.85219,0.0,0.0,0.627442,7643.22,0.0,26479.288584,20.148348
2035-10-28,17,625721.486497,290927.920371,334793.566126,0.0,0.0,0.0,5820.67,0.0,27307.095456,22.914245
2035-10-28,18,670062.937274,303747.309326,366315.627948,0.0,0.0,0.0,4514.81,0.0,27480.473638,24.383238
2035-10-28,19,684326.286242,303736.752114,380589.534129,0.0,0.0,0.0,3703.31,0.0,27187.99238,25.170166
2035-10-28,20,608391.229472,301317.922616,307073.306856,0.0,0.0,0.0,5975.0,0.0,26775.398222,22.722024
2035-10-28,21,434529.778834,221105.780122,213423.998712,0.0,0.0,0.0,10269.71,0.0,26040.535832,16.686668
2035-10-28,22,333978.882431,151001.255748,182977.626682,0.0,0.0,0.0,12047.69,0.0,25059.665129,13.327348
2035-10-28,23,329165.350106,135047.374522,194117.975584,0.0,0.0,0.0,11592.66,0.0,24425.905006,13.476076
2035-10-29,0,324821.82611,135047.374522,189774.451588,0.0,0.0,0.0,11369.36,0.0,24017.934816,13.524136
2035-10-29,1,327651.503481,135047.374522,192604.12896,0.0,0.0,0.0,10940.33,0.0,23743.90581,13.799394
2035-10-29,2,333216.23075,143939.898768,189276.331983,0.0,0.0,0.0,10819.24,0.0,23576.672124,14.133302
2035-10-29,3,346290.084985,159820.908521,186469.176463,0.0,0.0,0.0,10589.74,0.0,23747.422828,14.582218
2035-10-29,4,384036.302135,161132.27949,222904.022645,0.0,0.0,0.0,9785.0,0.0,24257.967518,15.831347
2035-10-29,5,426172.694708,197735.403478,228437.29123,0.0,0.0,0.0,9976.42,0.0,25197.340054,16.9134
2035-10-29,6,429082.13437,203540.461627,225541.672744,0.0,0.0,0.0,9970.79,0.0,25536.30889,16.802825
2035-10-29,7,449667.843868,221757.730264,227910.113604,0.0,0.0,0.0,9909.18,0.0,26037.147831,17.270242
2035-10-29,8,469446.494582,195685.595283,273760.899299,0.0,0.0,0.0,8883.41,0.0,26344.180248,17.819742
2035-10-29,9,459185.980733,195685.595283,263500.38545,0.0,0.0,0.0,9168.25,0.0,26301.914555,17.458272
2035-10-29,10,423448.924362,192845.565601,230603.35876,0.0,0.0,0.0,10384.38,0.0,26217.563382,16.151346
2035-10-29,11,436691.43892,194265.122074,242426.316847,0.0,0.0,0.0,9546.17,0.0,25851.627271,16.892222
2035-10-29,12,412870.189996,156667.027735,256203.162261,0.0,0.0,0.923421,9294.11,0.0,25479.730382,16.203868
2035-10-29,13,396754.667404,155907.753355,240846.914049,0.0,0.0,0.0,9543.59,0.0,25162.416352,15.767749
2035-10-29,14,375130.366555,155907.753355,219222.6132,0.0,0.0,0.0,10296.92,0.0,25113.108451,14.937632
2035-10-29,15,381917.74677,177839.173285,204078.573486,0.0,0.0,0.0,11122.29,0.0,25674.083284,14.875614
2035-10-29,16,401132.785882,188719.808331,212412.977552,0.0,0.0,0.0,11526.79,0.0,26608.847694,15.075166
2035-10-29,17,503637.533068,225562.290429,278075.242638,0.0,0.0,0.0,9724.28,0.0,27867.47891,18.07259
2035-10-29,18,542239.520828,238301.184667,303938.336161,0.0,0.0,0.0,8839.07,0.0,28279.92009,19.174012
2035-10-29,19,559940.136683,238294.330615,321645.806069,0.0,0.0,0.0,7992.94,0.0,28139.842005,19.898482
2035-10-29,20,490906.417738,239518.149266,251388.268472,0.0,0.0,0.0,10182.12,0.0,27706.913933,17.717831
2035-10-29,21,385793.37211,181711.95731,204081.4148,0.0,0.0,0.0,12785.19,0.0,27124.091458,14.223274
2035-10-29,22,345961.294557,152948.217033,193013.077525,0.0,0.0,0.0,13601.89,0.0,26537.354088,13.036767
2035-10-29,23,352449.584036,149130.638944,203318.945092,0.0,0.0,0.0,12899.91,0.0,26109.360388,13.498974
2035-10-30,0,364547.239197,167320.461778,197226.777419,0.0,0.0,0.0,12311.69,0.0,25875.542092,14.088487
2035-10-30,1,379687.922421,166826.296229,212861.626192,0.0,0.0,0.0,11765.11,0.0,25953.904696,14.629318
2035-10-30,2,401192.340338,180296.991664,220895.348674,0.0,0.0,0.0,11144.97,0.0,26067.461173,15.390541
2035-10-30,3,444723.236857,218186.419193,226536.817664,0.0,0.0,0.0,10613.15,0.0,26586.408522,16.727466
2035-10-30,4,481117.675798,217739.335992,263378.339806,0.0,0.0,0.0,9998.74,0.0,27470.466254,17.513997
2035-10-30,5,509123.021658,217739.335992,291383.685666,0.0,0.0,0.0,10183.52,0.0,28383.372365,17.937369
2035-10-30,6,519021.240363,231378.778699,287642.461663,0.0,0.0,0.0,9945.8,0.0,28510.816396,18.204363
2035-10-30,7,553180.989529,239721.843781,313459.145748,0.0,0.0,0.0,9448.4,0.0,29142.507061,18.981929
2035-10-30,8,556477.216866,239681.043273,316796.173593,0.0,0.0,0.0,9233.52,0.0,29217.811145,19.045822
2035-10-30,9,512754.963807,239681.043273,273073.920534,0.0,0.0,0.0,10340.1,0.0,28696.976073,17.867909
2035-10-30,10,450027.490507,218498.610372,231528.880135,0.0,0.0,0.0,11734.26,0.0,28026.051905,16.05747
2035-10-30,11,424051.251507,183909.639002,240141.612505,0.0,0.0,0.0,11558.32,0.0,27416.476291,15.467022
2035-10-30,12,400780.023213,183909.639002,216870.384212,0.0,0.0,0.0,11793.47,0.0,26764.428429,14.974354
2035-10-30,13,329122.619289,143522.447583,185600.171706,0.0,0.0,0.0,13080.7,0.0,26138.840402,12.591324
2035-10-30,14,326796.237472,143522.447583,183273.789889,0.0,0.0,0.0,13136.95,0.0,26105.65877,12.518215
2035-10-30,15,352043.226802,143522.447583,208520.779219,0.0,0.0,0.0,12884.32,0.0,26821.221932,13.125548
2035-10-30,16,437492.985917,218664.19545,218828.790467,0.0,0.0,0.0,12181.68,0.0,27762.884253,15.758197
2035-10-30,17,519672.893352,225623.453692,294049.43966,0.0,0.0,0.0,10549.6,0.0,29318.620963,17.725011
2035-10-30,18,577901.577582,275695.772442,302205.80514,0.0,0.0,0.0,9774.37,0.0,29671.953648,19.476358
2035-10-30,19,608550.564348,275657.377018,332893.187331,0.0,0.0,0.0,8406.12,0.0,29661.970054,20.516188
2035-10-30,20,563533.52184,283585.618825,279947.903015,0.0,0.0,0.0,10214.09,0.0,29535.695016,19.079745
2035-10-30,21,474389.657384,241435.61231,232954.045073,0.0,0.0,0.0,12821.7,0.0,29378.7816,16.147356
2035-10-30,22,495080.507869,238874.026072,256206.481798,0.0,0.0,0.0,11669.93,0.0,29125.866612,16.997967
2035-10-30,23,507865.031792,238874.026072,268991.00572,0.0,0.0,0.0,11070.77,0.0,29002.530791,17.511059
2035-10-31,0,584381.758616,277982.610625,306399.147991,0.0,0.0,0.0,9374.74,0.0,29382.477078,19.888785
2035-10-31,1,700030.691725,364043.065055,335987.62667,0.0,0.0,0.0,8208.96,0.0,30063.104819,23.285376
2035-10-31,2,634929.601365,354868.403542,280061.197823,0.0,0.0,0.0,11156.11,0.0,30805.450008,20.61095
2035-10-31,3,719878.002869,395305.553426,324572.449444,0.0,0.0,0.0,9894.44,0.0,31888.430073,22.574896
2035-10-31,4,865701.190271,465006.510806,400694.679465,0.0,0.0,0.0,7702.61,0.0,33442.311013,25.886404
2035-10-31,5,925647.56823,478161.23826,447486.32997,0.0,0.0,0.0,6985.49,0.0,34789.138554,26.607372
2035-10-31,6,968412.832193,509896.474521,458516.357672,0.0,0.0,0.0,6416.48,0.0,34951.350817,27.707451
2035-10-31,7,987604.058529,509858.890552,477745.167977,0.0,0.0,0.0,5263.61,0.0,34554.151517,28.581343
2035-10-31,8,953661.444559,509858.890552,443802.554007,0.0,0.0,0.0,4914.75,0.0,33118.11204,28.795767
2035-10-31,9,868051.08863,461369.932454,406681.156175,0.0,0.0,0.0,5037.26,0.0,31286.18211,27.74551
2035-10-31,10,722774.503961,369126.545698,353647.958262,0.0,0.0,0.0,5967.6,0.0,29508.214132,24.49401
2035-10-31,11,622667.911678,288390.997305,334276.914372,0.0,0.0,0.0,6130.26,0.0,27676.050653,22.498438
2035-10-31,12,557778.366453,264032.80866,293745.557793,0.0,0.0,0.0,6513.67,0.0,26121.218786,21.353459
2035-10-31,13,480972.805208,204234.13239,276738.672818,0.0,0.0,0.0,6910.42,0.0,24848.903789,19.355896
2035-10-31,14,449906.849673,188668.841576,261238.008097,0.0,0.0,0.0,6921.36,0.0,23930.396953,18.800643
2035-10-31,15,444986.235492,173580.290855,271405.944637,0.0,0.0,0.0,6910.52,0.0,23807.003312,18.691401
2035-10-31,16,484285.074238,217661.169392,266623.904846,0.0,0.0,0.0,6603.02,0.0,24130.824588,20.069147
2035-10-31,17,584801.728115,275860.223032,308941.505082,0.0,0.0,0.0,5135.25,0.0,25324.121937,23.092675
2035-10-31,18,703295.908225,349737.140858,353558.767367,0.0,0.0,0.0,3872.96,0.0,26888.5456,26.155967
2035-10-31,19,771141.402837,361285.298646,409856.104191,0.0,0.0,0.0,2842.46,0.0,28243.960476,27.302878
2035-10-31,20,779488.22156,362208.82726,417279.3943,0.0,0.0,0.306485,3360.06,0.0,29080.514987,26.804485
2035-10-31,21,772326.438804,380536.237497,391790.201307,0.0,0.0,0.0,4255.37,0.0,29182.862617,26.465068
2035-10-31,22,735526.956935,354743.305415,380783.651521,0.0,0.0,0.0,4921.03,0.0,28961.24252,25.396941
2035-10-31,23,738290.096611,350768.988377,387521.108234,0.0,0.0,0.0,4844.53,0.0,29073.330278,25.394067
2035-11-01,0,773289.266082,385793.33199,387495.934092,0.0,0.0,0.0,4876.55,0.0,29786.91152,25.960706
2035-11-01,1,816434.246708,419959.206887,396475.039821,0.0,0.0,0.0,5144.07,0.0,30734.311003,26.564261
2035-11-01,2,840172.138231,419951.567916,420220.570315,0.0,0.0,0.0,5034.57,0.0,31586.875937,26.598773
2035-11-01,3,984345.626917,550370.505851,433975.121066,0.0,0.0,0.0,4920.52,0.0,32904.743688,29.915007
2035-11-01,4,1098699.6816,632853.462114,465846.219486,0.0,0.0,0.0,4719.39,0.0,35029.463442,31.365016
2035-11-01,5,1160403.97764,632818.108042,527585.869599,0.0,0.0,0.0,4890.41,0.0,37538.87435,30.912061
2035-11-01,6,1165114.412527,632818.108042,532296.304486,0.0,0.0,0.0,5010.0,0.0,37834.365062,30.795136
2035-11-01,7,1114586.824584,632818.108042,481768.716542,0.0,0.0,0.0,5032.02,0.0,36097.60319,30.877031
2035-11-01,8,977222.677059,553034.364546,424188.312513,0.0,0.0,0.0,5358.68,0.0,33385.544141,29.270833
2035-11-01,9,761856.943602,401730.633101,360126.310501,0.0,0.0,0.0,6391.67,0.0,30702.133906,24.814462
2035-11-01,10,603689.476269,303683.421597,300006.054672,0.0,0.0,0.0,7797.3,0.0,28339.337565,21.302173
2035-11-01,11,497943.701407,239856.845654,258086.855753,0.0,0.0,0.0,8344.83,0.0,26165.690963,19.030405
2035-11-01,12,412866.910607,181608.081954,231258.828653,0.0,0.0,0.0,8994.12,0.0,24716.248356,16.704271
2035-11-01,13,328014.878663,147019.110583,180995.76808,0.0,0.0,0.0,10684.42,0.0,23674.10737,13.855428
2035-11-01,14,315404.254039,124334.614047,191069.639992,0.0,0.0,0.0,9981.64,0.0,22822.389741,13.819949
2035-11-01,15,333373.964827,124334.614047,209039.35078,0.0,0.0,0.0,9176.83,0.0,22742.466528,14.658655
2035-11-01,16,400719.900307,201622.234196,199097.666111,0.0,0.0,0.0,8452.95,0.0,23196.010329,17.27538
2035-11-01,17,545941.829367,260255.440207,285686.389159,0.0,0.0,0.0,5112.22,0.0,24213.970374,22.546564
2035-11-01,18,661354.708698,320293.936315,341060.772383,0.0,0.0,0.0,2967.62,0.0,25097.523882,26.351393
2035-11-01,19,711141.489821,322682.391945,388459.097876,0.0,0.0,0.0,1555.01,0.0,25645.412681,27.729774
2035-11-01,20,713896.279331,322637.193543,391259.085788,0.0,0.0,0.0,1589.22,0.0,25786.341197,27.685055
2035-11-01,21,693705.462246,322637.193543,371068.268702,0.0,0.0,0.0,2299.47,0.0,25772.810872,26.916174
2035-11-01,22,607443.859434,296716.726276,310727.133159,0.0,0.0,0.0,4754.76,0.0,25568.130742,23.757852
2035-11-01,23,568818.736696,301437.244359,267381.492337,0.0,0.0,0.0,6450.43,0.0,25656.681798,22.170394
2035-11-02,0,543729.447108,301407.440565,242322.006543,0.0,0.0,0.0,7823.92,0.0,26002.63916,20.910548
2035-11-02,1,516542.399906,218381.683981,298160.715925,0.0,0.0,0.0,8074.55,0.0,26875.427284,19.219877
2035-11-02,2,534617.484957,234624.82162,299992.663337,0.0,0.0,0.0,8278.8,0.0,27326.847952,19.563818
2035-11-02,3,554511.152638,247359.218119,307151.934518,0.0,0.0,0.0,8480.04,0.0,28080.961705,19.746872
2035-11-02,4,606647.930491,282225.050314,324422.880177,0.0,0.0,0.0,8448.6,0.0,29097.01319,20.849148
2035-11-02,5,684894.018773,346442.171515,338451.847258,0.0,0.0,0.0,8397.5,0.0,30274.381951,22.62289
2035-11-02,6,748793.993962,370529.498409,378264.495553,0.0,0.0,0.0,7029.08,0.0,31090.314975,24.084478
2035-11-02,7,772785.318518,370434.282381,402351.036137,0.0,0.0,0.0,5551.4,0.0,30516.978219,25.323127
2035-11-02,8,735851.27956,370434.282381,365416.997179,0.0,0.0,0.0,5061.96,0.0,28720.399944,25.621206
2035-11-02,9,620880.907417,301796.386576,319084.520841,0.0,0.0,0.0,5265.88,0.0,26434.530505,23.487495
2035-11-02,10,512507.505511,238470.132996,274037.372515,0.0,0.0,0.0,5974.83,0.0,24371.627162,21.028859
2035-11-02,11,452582.064503,188668.841576,263913.222927,0.0,0.0,0.0,5474.98,0.0,22582.493864,20.041279
2035-11-02,12,396310.0644,166743.61942,229566.444979,0.0,0.0,0.0,5910.17,0.0,21375.939953,18.540006
2035-11-02,13,349277.060244,132154.64805,217122.412194,0.0,0.0,0.0,6482.8,0.0,20689.621431,16.881752
2035-11-02,14,359395.414321,132154.64805,227240.766272,0.0,0.0,0.0,6037.93,0.0,20620.296091,17.429207
2035-11-02,15,402132.488937,166746.562241,235385.926696,0.0,0.0,0.0,5465.96,0.0,21059.421975,19.095134
2035-11-02,16,452808.769069,188675.039351,264133.729718,0.0,0.0,0.0,4676.12,0.0,21721.468044,20.84614
2035-11-02,17,520158.913263,234711.56399,285447.349273,0.0,0.0,0.0,3533.57,0.0,22099.682042,23.536941
2035-11-02,18,587949.071731,257461.821182,330487.250548,0.0,0.0,0.0,2635.37,0.0,23368.820935,25.159552
2035-11-02,19,628196.589462,278779.002791,349417.58667,0.0,0.0,0.0,2256.64,0.0,23873.740188,26.313288
2035-11-02,20,629243.69606,282554.914538,346688.781522,0.0,0.0,0.0,2657.91,0.0,24254.342015,25.943548
2035-11-02,21,595355.991321,261202.478465,334153.512856,0.0,0.0,0.0,3469.86,0.0,24514.698694,24.285674
2035-11-02,22,563498.908559,243149.261783,320349.646775,0.0,0.0,0.0,4507.48,0.0,24730.675365,22.785423
2035-11-02,23,571278.534859,251077.503591,320201.031269,0.0,0.0,0.0,4601.26,0.0,24893.99042,22.948452
2035-11-03,0,577768.595345,251059.252278,326709.343067,0.0,0.0,0.0,4648.86,0.0,25180.217767,22.945338
2035-11-03,1,593419.040459,259602.769491,333816.270969,0.0,0.0,0.0,4645.68,0.0,25619.876161,23.162448
2035-11-03,2,625899.381894,275840.597572,350058.784321,0.0,0.0,0.0,4260.3,0.0,25942.863768,24.126071
2035-11-03,3,646903.415216,293895.268649,353008.146566,0.0,0.0,0.0,3937.06,0.0,26195.173626,24.695519
2035-11-03,4,651243.672788,293886.396081,357357.276707,0.0,0.0,0.0,3582.15,0.0,26049.658605,25.000085
2035-11-03,5,631440.417016,293886.396081,337554.020935,0.0,0.0,0.0,3910.33,0.0,25667.719138,24.600566
2035-11-03,6,629836.462795,277650.676616,352185.786179,0.0,0.0,0.0,4309.54,0.0,26329.687756,23.921152
2035-11-03,7,637389.957409,277650.676616,359739.280793,0.0,0.0,0.0,4694.77,0.0,26982.475336,23.622368
2035-11-03,8,594790.772958,277650.676616,317140.096342,0.0,0.0,0.0,5258.46,0.0,26026.611913,22.853177
2035-11-03,9,500922.268414,243149.261783,257773.006631,0.0,0.0,0.0,6328.84,0.0,24215.711575,20.685837
2035-11-03,10,383681.851214,181432.279572,202249.571641,0.0,0.0,0.0,7626.32,0.0,22231.913129,17.258157
2035-11-03,11,311829.2181,118436.280658,193392.937442,0.0,0.0,0.0,8065.05,0.0,21026.141291,14.830549
2035-11-03,12,274352.90702,102339.350787,172013.556232,0.0,0.0,0.0,8597.64,0.0,20236.358588,13.557425
2035-11-03,13,219526.160095,87250.800067,132275.360028,0.0,0.0,0.0,10220.52,0.0,19942.736976,11.007825
2035-11-03,14,229461.671262,87250.800067,142210.871195,0.0,0.0,0.0,9878.77,0.0,20033.120182,11.454115
2035-11-03,15,258219.318813,92760.860607,165458.458206,0.0,0.0,0.0,9490.5,0.0,20594.102117,12.538508
2035-11-03,16,296841.645183,118448.452748,178393.192435,0.0,0.0,0.0,9225.05,0.0,21424.747712,13.855082
2035-11-03,17,371787.577388,162707.651717,209079.925672,0.0,0.0,0.0,7751.45,0.0,22208.254077,16.740964
2035-11-03,18,491575.057801,242709.317084,248865.740717,0.0,0.0,0.0,6332.51,0.0,23641.198759,20.793153
2035-11-03,19,558546.23713,242652.544314,315893.692816,0.0,0.0,0.0,4080.19,0.0,24126.276477,23.150951
2035-11-03,20,510325.943281,242652.544314,267673.398967,0.0,0.0,0.0,6190.76,0.0,24442.743019,20.878424
2035-11-03,21,400297.531945,191560.26883,208737.263115,0.0,0.0,0.0,9712.49,0.0,24531.430228,16.317741
2035-11-03,22,339577.576043,166934.7849,172642.791143,0.0,0.0,0.0,11309.42,0.0,23977.479043,14.162355
2035-11-03,23,321163.919411,166934.7849,154229.13451,0.0,0.0,0.0,11398.87,0.0,23309.084222,13.778487
2035-11-04,0,312858.88706,166934.7849,145924.10216,0.0,0.0,0.0,11184.46,0.0,22756.646147,13.748023
2035-11-04,1,295670.293928,126822.902485,168847.391443,0.0,0.0,0.0,10684.07,0.0,22361.791835,13.22212
2035-11-04,2,325797.092343,132511.371946,193285.720397,0.0,0.0,0.0,9485.38,0.0,22393.978257,14.548424
2035-11-04,3,389650.18554,177669.724717,211980.460823,0.0,0.0,0.0,7958.15,0.0,22693.094963,17.170429
2035-11-04,4,440644.651566,180766.868156,259877.78341,0.0,0.0,0.0,6504.28,0.0,23230.674801,18.968224
2035-11-04,5,507327.549174,228343.74162,278983.807554,0.0,0.0,0.0,6177.71,0.0,24317.240607,20.862875
2035-11-04,6,559701.187203,244437.815195,315263.372008,0.0,0.0,0.0,5758.86,0.0,25723.427117,21.758422
2035-11-04,7,581977.961229,251760.910836,330217.050393,0.0,0.0,0.0,5265.39,0.0,25947.197642,22.429319
2035-11-04,8,565760.788197,251744.448377,314016.33982,0.0,0.0,0.0,4942.95,0.0,25030.45511,22.602897
2035-11-04,9,510010.617347,222486.925345,287523.692002,0.0,0.0,0.0,5231.54,0.0,23895.393213,21.34347
2035-11-04,10,458569.058159,200041.606727,258527.451432,0.0,0.0,0.0,5998.43,0.0,23061.717292,19.884428
2035-11-04,11,418746.869659,162975.275927,255771.593732,0.0,0.0,0.0,6247.85,0.0,22595.097512,18.532643
2035-11-04,12,388401.626502,162975.275927,225426.350575,0.0,0.0,0.0,7280.16,0.0,22503.023267,17.259975
2035-11-04,13,326451.685593,128386.304556,198065.381037,0.0,0.0,0.0,9265.7,0.0,22650.295583,14.41269
2035-11-04,14,350284.26083,140368.844849,209915.415981,0.0,0.0,0.0,8955.87,0.0,23006.193548,15.22565
2035-11-04,15,373587.543334,141294.413772,232293.129563,0.0,0.0,0.0,8614.6,0.0,23502.298349,15.895788
2035-11-04,16,450739.065807,212819.496331,237919.569476,0.0,0.0,0.0,7950.6,0.0,24302.252203,18.547214
2035-11-04,17,529746.742766,238487.638138,291259.104628,0.0,0.0,0.0,6104.09,0.0,25108.005579,21.098719
2035-11-04,18,611127.06591,278132.292567,332994.773343,0.0,0.0,0.0,4016.55,0.0,25252.054918,24.201083
2035-11-04,19,640312.115806,278117.222224,362194.893582,0.0,0.0,0.0,2695.71,0.0,25098.72891,25.511735
2035-11-04,20,622464.916819,278289.411429,344175.50539,0.0,0.0,0.0,3264.34,0.0,24957.443531,24.941053
2035-11-04,21,569618.174225,261814.484476,307803.689749,0.0,0.0,0.0,4573.62,0.0,24582.28756,23.171895
2035-11-04,22,476713.463935,215512.873003,261200.590931,0.0,0.0,0.0,6374.65,0.0,23890.383833,19.954199
2035-11-04,23,452365.599568,178592.249891,273773.349677,0.0,0.0,0.0,5709.62,0.0,22914.859268,19.741147
2035-11-05,0,441911.921422,178592.249891,263319.671532,0.0,0.0,0.0,5355.05,0.0,22186.882314,19.917712
2035-11-05,1,439559.945201,181926.762851,257633.18235,0.0,0.0,0.0,5228.89,0.0,21904.93558,20.066708
2035-11-05,2,470857.933206,188539.357845,282318.575361,0.0,0.0,0.0,4096.81,0.0,21811.111653,21.587984
2035-11-05,3,494761.388942,201234.853867,293526.535075,0.0,0.0,0.0,3518.36,0.0,21917.622476,22.57368
2035-11-05,4,505381.188354,201227.999815,304153.188539,0.0,0.0,0.0,3311.89,0.0,22118.078132,22.849236
2035-11-05,5,577205.292143,270699.744329,306505.547813,0.0,0.0,0.0,3006.22,0.0,22900.002424,25.205469
2035-11-05,6,611431.601613,270655.709418,340775.892195,0.0,0.0,0.0,2894.51,0.0,24365.438026,25.094218
2035-11-05,7,619884.399147,270655.709418,349228.689729,0.0,0.0,0.0,2879.18,0.0,24660.678921,25.13655
2035-11-05,8,613474.484144,264142.175636,349332.308509,0.0,0.0,0.0,2860.11,0.0,24565.121042,24.973396
2035-11-05,9,582545.884384,264112.371842,318433.512542,0.0,0.0,0.0,3744.86,0.0,24339.246661,23.934425
2035-11-05,10,513402.104903,225738.951536,287663.153367,0.0,0.0,0.0,5332.13,0.0,24070.923143,21.328725
2035-11-05,11,521622.160435,238844.537128,282777.623306,0.0,0.0,0.0,5717.46,0.0,24340.55718,21.430165
2035-11-05,12,478787.272617,201769.042886,277018.229731,0.0,0.0,0.0,6568.69,0.0,24364.486815,19.65103
2035-11-05,13,436359.902438,179302.777659,257057.124778,0.0,0.0,0.0,7698.71,0.0,24483.593197,17.822543
2035-11-05,14,436845.72703,169401.988355,267443.738675,0.0,0.0,0.0,7785.43,0.0,24707.739022,17.680522
2035-11-05,15,439101.530687,169401.988355,269699.542331,0.0,0.0,0.0,7812.7,0.0,24816.264566,17.694103
2035-11-05,16,482694.671534,217776.120779,264918.550755,0.0,0.0,0.0,7686.07,0.0,25289.351547,19.086874
2035-11-05,17,558247.233337,245787.684368,312459.548969,0.0,0.0,0.0,5766.22,0.0,25745.723824,21.683105
2035-11-05,18,627991.632093,289347.871546,338643.760547,0.0,0.0,0.309048,4194.43,0.0,25835.062771,24.307726
2035-11-05,19,661928.2581,289276.927665,372651.330435,0.0,0.0,0.0,2742.0,0.0,25772.751487,25.683259
2035-11-05,20,644287.663598,289276.927665,355010.735933,0.0,0.0,0.0,3114.55,0.0,25506.121633,25.260119
2035-11-05,21,612747.418079,289276.927665,323470.490414,0.0,0.0,0.0,3863.37,0.0,25088.799839,24.423146
2035-11-05,22,551934.071559,245408.423326,306525.648233,0.0,0.0,0.0,4789.67,0.0,24550.971787,22.48115
2035-11-05,23,525940.385594,224195.679343,301744.706251,0.0,0.0,0.0,4537.69,0.0,23688.921812,22.201955
2035-11-06,0,493263.88636,203591.784401,289672.101959,0.0,0.0,0.0,4601.73,0.0,22996.260422,21.449743
2035-11-06,1,469530.48698,190856.823781,278673.663199,0.0,0.0,0.0,4993.28,0.0,22684.585554,20.698218
2035-11-06,2,480173.637402,188493.039194,291680.598208,0.0,0.0,0.0,4685.35,0.0,22767.532163,21.09028
2035-11-06,3,484863.674473,196421.281002,288442.393471,0.0,0.0,0.0,4828.11,0.0,22851.490249,21.218033
2035-11-06,4,499483.16956,213514.263049,285968.90651,0.0,0.0,0.0,5173.62,0.0,23321.30668,21.417461
2035-11-06,5,548878.482266,250546.726562,298331.755703,0.0,0.0,0.0,5070.72,0.0,24279.307643,22.606842
2035-11-06,6,568632.885087,244238.078561,324394.806526,0.0,0.0,0.0,5124.59,0.0,25446.163174,22.346508
2035-11-06,7,576535.048753,243615.807391,332919.241361,0.0,0.0,0.0,5228.93,0.0,25919.831368,22.243009
2035-11-06,8,570725.171735,243615.807391,327109.364343,0.0,0.0,0.0,5678.79,0.0,26160.276298,21.816481
2035-11-06,9,557242.128679,242214.185021,315027.943657,0.0,0.0,0.0,6305.98,0.0,26306.819051,21.182421
2035-11-06,10,520076.367729,242214.185021,277862.182708,0.0,0.0,0.0,7614.77,0.0,26238.77912,19.820906
2035-11-06,11,449360.244133,183222.632066,266137.612067,0.0,0.0,0.0,9340.34,0.0,26408.667768,17.015635
2035-11-06,12,404825.68526,183222.632066,221603.053194,0.0,0.0,0.0,11072.06,0.0,26591.501333,15.223875
2035-11-06,13,333455.349969,135898.700075,197556.649894,0.0,0.0,0.0,13203.19,0.0,26693.349528,12.492076
2035-11-06,14,340291.581919,132117.199323,208174.382596,0.0,0.0,0.0,12780.34,0.0,26599.684191,12.793068
2035-11-06,15,359419.802782,138083.628583,221336.174199,0.0,0.0,0.0,12345.71,0.0,26734.198987,13.444196
2035-11-06,16,410450.16056,194500.385543,215949.775017,0.0,0.0,0.0,11929.3,0.0,27136.529105,15.125374
2035-11-06,17,473372.087547,201234.853867,272137.23368,0.0,0.0,0.0,10013.21,0.0,27623.830344,17.136367
2035-11-06,18,560613.7133,268341.225432,292272.487867,0.0,0.0,0.0,8258.13,0.0,27709.255247,20.232002
2035-11-06,19,618779.253852,268256.341847,350522.912005,0.0,0.0,0.0,5508.2,0.0,27339.594415,22.633081
2035-11-06,20,571931.534623,268256.341847,303675.192775,0.0,0.0,0.0,6923.17,0.0,27030.97657,21.158375
2035-11-06,21,470438.034193,217768.477461,252669.556731,0.0,0.0,0.0,9135.33,0.0,26385.019366,17.82974
2035-11-06,22,404159.583822,180312.933073,223846.650749,0.0,0.0,0.0,10160.86,0.0,25371.315676,15.929784
2035-11-06,23,365445.808413,151111.522989,214334.285424,0.0,0.0,0.0,10140.28,0.0,24375.361867,14.992426
2035-11-07,0,345810.452513,151111.522989,194698.929523,0.0,0.0,0.0,10052.43,0.0,23539.823581,14.690444
2035-11-07,1,332315.938129,143201.532495,189114.405634,0.0,0.0,0.0,9949.62,0.0,23117.249745,14.375237
2035-11-07,2,409106.27286,177793.446686,231312.826174,0.0,0.0,0.0,7560.17,0.0,23085.488318,17.721361
2035-11-07,3,458082.968866,183707.971232,274374.997634,0.0,0.0,0.0,5731.11,0.0,23017.28073,19.901698
2035-11-07,4,506354.449906,220713.757467,285640.692439,0.0,0.0,0.0,5098.92,0.0,23345.846992,21.689273
2035-11-07,5,556299.432308,249906.159412,306393.272896,0.0,0.0,0.0,4487.71,0.0,24173.84913,23.012447
2035-11-07,6,588558.151055,254581.954197,333976.196857,0.0,0.0,0.0,4549.26,0.0,25429.781428,23.144444
2035-11-07,7,564339.303959,254421.613677,309917.690282,0.0,0.0,0.0,5839.61,0.0,25902.089303,21.787405
2035-11-07,8,524694.327366,217355.282877,307339.044489,0.0,0.0,0.0,6668.91,0.0,26015.953902,20.168176
2035-11-07,9,493196.687608,215453.751392,277742.936216,0.0,0.0,0.0,7824.2,0.0,26005.676603,18.964963
2035-11-07,10,441359.529391,195269.659551,246089.869839,0.0,0.0,0.0,9348.94,0.0,25929.637848,17.021431
2035-11-07,11,405894.294589,165059.412356,240834.882233,0.0,0.0,0.0,10264.35,0.0,25932.972753,15.651669
2035-11-07,12,385718.112733,160337.178459,225380.934274,0.0,0.0,0.0,10927.17,0.0,25892.497411,14.896906
2035-11-07,13,337510.322624,142923.089051,194587.233573,0.0,0.0,0.0,12464.28,0.0,25865.860455,13.048486
2035-11-07,14,346279.913101,142923.089051,203356.82405,0.0,0.0,0.0,12294.11,0.0,26040.380985,13.297805
2035-11-07,15,375276.020578,154459.379625,220816.640953,0.0,0.0,0.0,11940.86,0.0,26478.48689,14.172865
2035-11-07,16,430713.215065,202225.381215,228487.83385,0.0,0.0,0.0,11888.15,0.0,27616.140615,15.59643
2035-11-07,17,539358.968242,252939.666777,286419.301465,0.0,0.0,0.0,10317.42,0.0,29130.463739,18.515289
2035-11-07,18,582941.624074,273262.24152,309679.382554,0.0,0.0,0.0,9352.73,0.0,29523.776864,19.744819
2035-11-07,19,603681.740239,264029.850162,339651.890077,0.0,0.0,0.0,8281.33,0.0,29557.605324,20.423906
2035-11-07,20,547452.670052,264029.850162,283422.81989,0.0,0.0,0.0,10226.34,0.0,29404.313968,18.618107
2035-11-07,21,448335.419424,223847.014629,224488.404796,0.0,0.0,0.0,12677.35,0.0,28641.64057,15.653273
2035-11-07,22,379374.33532,173322.413344,206051.921976,0.0,0.0,0.0,13587.55,0.0,27510.882857,13.789973
2035-11-07,23,362597.081423,159559.93119,203037.150232,0.0,0.0,0.0,13209.86,0.0,26574.870668,13.644359
2035-11-08,0,366755.018185,160303.61849,206451.399695,0.0,0.0,0.0,12650.34,0.0,26168.262029,14.015261
2035-11-08,1,387721.614868,175819.695984,211901.918884,0.0,0.0,0.0,11721.83,0.0,25987.59465,14.919488
2035-11-08,2,417580.061935,186422.810161,231157.251773,0.0,0.0,0.0,10711.05,0.0,26108.903598,15.99378
2035-11-08,3,464901.146691,221009.927768,243891.218924,0.0,0.0,0.0,9626.23,0.0,26291.352282,17.682664
2035-11-08,4,511137.18342,226924.452314,284212.731105,0.0,0.0,0.0,8659.32,0.0,27025.298516,18.913285
2035-11-08,5,631278.457895,328187.509198,303090.948698,0.0,0.0,0.0,8581.84,0.0,28721.291298,21.979459
2035-11-08,6,691419.120779,336559.795379,354859.3254,0.0,0.0,0.0,8377.74,0.0,30835.079869,22.423134
2035-11-08,7,792440.175651,442547.147085,349893.028566,0.0,0.0,0.0,7904.7,0.0,31090.848955,25.487891
2035-11-08,8,763285.210949,399801.328935,363483.882014,0.0,0.0,0.0,6906.69,0.0,30418.886776,25.092477
2035-11-08,9,695356.354327,321121.312256,374235.042071,0.0,0.0,0.0,6323.14,0.0,29800.930294,23.333377
2035-11-08,10,666725.228693,323321.069551,343404.159142,0.0,0.0,0.0,6534.83,0.0,28921.722319,23.05275
2035-11-08,11,621725.235799,273579.4908,348145.744999,0.0,0.0,0.0,6132.22,0.0,27971.468459,22.227122
2035-11-08,12,591439.938746,267118.504418,324321.434329,0.0,0.0,0.0,6322.1,0.0,27192.620829,21.750016
2035-11-08,13,559645.391289,238138.783387,321506.607903,0.0,0.0,0.0,6540.42,0.0,26790.866204,20.88941
2035-11-08,14,566547.381899,242310.78955,324236.592349,0.0,0.0,0.0,6286.78,0.0,26647.910521,21.26048
2035-11-08,15,596786.332432,264214.173322,332572.15911,0.0,0.0,0.0,5668.31,0.0,26639.50988,22.402302
2035-11-08,16,667679.922474,319628.103744,348051.81873,0.0,0.0,0.713955,4708.79,0.0,27144.058141,24.597646
2035-11-08,17,756451.289312,365765.672959,390685.616354,0.0,0.0,0.0,3389.3,0.0,28067.912939,26.950749
2035-11-08,18,818747.538684,400184.753888,418562.784796,0.0,0.0,0.0,2189.66,0.0,28410.78796,28.818192
2035-11-08,19,839204.727459,400040.29584,439164.431619,0.0,0.0,0.0,1461.72,0.0,28448.719933,29.498857
2035-11-08,20,835420.449074,397169.545599,438250.903475,0.0,0.0,0.0,1500.14,0.0,28434.05027,29.380987
2035-11-08,21,823138.073428,395908.559735,427229.513693,0.0,0.0,0.0,1614.8,0.0,28164.260032,29.226334
2035-11-08,22,794760.180291,382626.047651,412134.13264,0.0,0.0,0.0,1839.21,0.0,27699.510681,28.69221
2035-11-08,23,763389.964881,357424.711977,405965.252904,0.0,0.0,0.0,1895.2,0.0,27201.810632,28.063939
2035-11-09,0,745847.141868,344459.217388,401387.92448,0.0,0.0,0.0,2087.89,0.0,26995.394688,27.628681
2035-11-09,1,729819.414226,340666.617358,389152.796868,0.0,0.0,0.0,2469.93,0.0,26857.025774,27.174246
2035-11-09,2,740299.615544,343566.005194,396733.610351,0.0,0.0,0.0,2462.79,0.0,27100.421685,27.316904
2035-11-09,3,748699.358449,347408.30431,401291.054139,0.0,0.0,0.0,2393.4,0.0,27293.791537,27.431123
2035-11-09,4,780297.221564,372599.309466,407697.912097,0.0,0.0,0.0,2432.29,0.0,27870.156497,27.99759
2035-11-09,5,811731.354941,390287.958556,421443.396385,0.0,0.0,0.0,2484.04,0.0,28708.871231,28.274583
2035-11-09,6,824085.07836,389451.257441,434633.820919,0.0,0.0,0.0,2646.92,0.0,29385.819724,28.043631
2035-11-09,7,856897.010403,428128.225585,428768.784818,0.0,0.0,0.0,2759.74,0.0,29605.154442,28.944183
2035-11-09,8,841100.408543,428097.761569,413002.646974,0.0,0.0,0.0,2549.68,0.0,28884.420231,29.119518
2035-11-09,9,744373.690528,368530.930713,375842.759815,0.0,0.0,0.0,3161.03,0.0,27585.817311,26.983927
2035-11-09,10,641477.550879,306562.19464,334915.356238,0.0,0.0,0.0,4261.46,0.0,26198.182287,24.485575
2035-11-09,11,574511.889046,259353.679873,315158.209174,0.0,0.0,0.0,4641.74,0.0,24930.876185,23.044192
2035-11-09,12,506615.301282,222287.349073,284327.95221,0.0,0.0,0.0,5395.86,0.0,23929.734856,21.170953
2035-11-09,13,445436.199244,189135.387184,256300.81206,0.0,0.0,0.0,6377.7,0.0,23214.256185,19.188045
2035-11-09,14,454257.564783,189135.387184,265122.177599,0.0,0.0,0.0,5854.66,0.0,23018.045997,19.734845
2035-11-09,15,475962.009377,192476.793148,283485.21623,0.0,0.0,0.0,5261.45,0.0,23139.497547,20.569246
2035-11-09,16,535902.358942,242106.577787,293795.781156,0.0,0.0,1.944994,4493.19,0.0,23498.940904,22.805383
2035-11-09,17,586050.162567,260158.89255,325891.270017,0.0,0.0,0.0,3287.11,0.0,23933.938792,24.486156
2035-11-09,18,620592.434974,271369.429418,349223.005555,0.0,0.0,0.0,2395.79,0.0,24116.871246,25.732709
2035-11-09,19,631802.701899,271237.059865,360565.642034,0.0,0.0,0.0,1886.48,0.0,24071.626135,26.246781
2035-11-09,20,611362.524578,271237.059865,340125.464713,0.0,0.0,0.0,2622.69,0.0,24077.760607,25.39117
2035-11-09,21,588187.717536,274786.195168,313401.522368,0.0,0.0,0.0,3695.72,0.0,24036.836724,24.470263
2035-11-09,22,546396.587145,237710.700926,308685.886219,0.0,0.0,0.0,4356.05,0.0,23865.362092,22.894963
2035-11-09,23,565064.643018,282864.783941,282199.859077,0.0,0.0,0.0,4375.36,0.0,23746.704384,23.795497
2035-11-10,0,559536.817315,282807.936513,276728.880802,0.0,0.0,0.0,4316.22,0.0,23572.310723,23.737037
2035-11-10,1,522816.066151,217011.456449,305804.609702,0.0,0.0,0.0,4247.63,0.0,23460.291485,22.285148
2035-11-10,2,533721.156376,217011.456449,316709.699927,0.0,0.0,0.0,3989.07,0.0,23591.0027,22.623928
2035-11-10,3,549038.605755,233010.906112,316027.699643,0.0,0.0,0.0,3818.12,0.0,23625.563238,23.239175
2035-11-10,4,560722.148451,232889.054117,327833.094334,0.0,0.0,0.0,3580.63,0.0,23862.994478,23.49756
2035-11-10,5,563221.105727,232889.054117,330332.05161,0.0,0.0,0.0,3405.39,0.0,23765.436032,23.69917
2035-11-10,6,577347.5892,254820.474047,322527.115153,0.0,0.0,0.0,3129.81,0.0,23578.479805,24.486209
2035-11-10,7,585814.361706,248306.521681,337507.840025,0.0,0.0,0.0,2779.15,0.0,23734.792569,24.681672
2035-11-10,8,545151.842811,243615.807391,301536.03542,0.0,0.0,0.0,4029.67,0.0,23568.626381,23.130404
2035-11-10,9,451319.799859,207110.667145,244209.132714,0.0,0.0,0.0,6183.67,0.0,22871.438614,19.7329
2035-11-10,10,354002.940514,157225.148916,196777.791598,0.0,0.0,0.0,8484.16,0.0,22209.242134,15.939443
2035-11-10,11,303723.20044,114604.440704,189118.759736,0.0,0.0,0.0,8868.24,0.0,21527.056645,14.108905
2035-11-10,12,292531.313669,104002.90332,188528.410349,0.0,0.0,0.0,9211.59,0.0,21462.068635,13.630155
2035-11-10,13,256495.44072,98507.510834,157987.929886,0.0,0.0,0.0,10740.98,0.0,21687.073053,11.827112
2035-11-10,14,263705.893843,97748.236453,165957.65739,0.0,0.0,0.0,10684.85,0.0,21923.364503,12.028532
2035-11-10,15,276564.046186,103258.296994,173305.749192,0.0,0.0,0.0,10514.16,0.0,22145.23252,12.488649
2035-11-10,16,298938.224327,125118.674808,173819.549519,0.0,0.0,0.0,10344.51,0.0,22597.393536,13.228881
2035-11-10,17,371363.103882,147193.727027,224169.376855,0.0,0.0,0.0,8624.14,0.0,23265.422568,15.962018
2035-11-10,18,462750.783033,218738.756301,244012.026732,0.0,0.0,0.0,6938.2,0.0,23717.18425,19.511202
2035-11-10,19,521971.478553,218732.893046,303238.585508,0.0,0.0,0.0,4631.73,0.0,23781.188012,21.948924
2035-11-10,20,450094.249534,206468.319155,243625.930378,0.0,0.0,0.0,7040.44,0.0,23691.953107,18.997769
2035-11-10,21,339566.563765,158385.112784,181181.450981,0.0,0.0,0.0,10469.24,0.0,23577.587827,14.402091
2035-11-10,22,275856.937723,124245.811272,151611.126451,0.0,0.0,0.0,12389.9,0.0,23158.174328,11.91186
2035-11-10,23,249064.506615,117301.218587,131763.288029,0.0,0.0,0.0,12724.01,0.0,22458.008986,11.090231
2035-11-11,0,277382.678509,170440.385591,106942.292918,0.0,0.0,0.0,12629.43,0.0,22003.434151,12.606336
2035-11-11,1,251788.674381,133289.819589,118498.854792,0.0,0.0,0.0,12372.16,0.0,21659.855445,11.62467
2035-11-11,2,229908.373504,99537.312033,130371.061471,0.0,0.0,0.0,12238.64,0.0,21547.619765,10.669781
2035-11-11,3,234221.656697,103887.175679,130334.481018,0.0,0.0,0.0,12078.41,0.0,21538.911664,10.87435
2035-11-11,4,260472.13697,111451.128502,149021.008469,0.0,0.0,0.0,11449.57,0.0,21863.08668,11.913786
2035-11-11,5,336554.06303,157335.837015,179218.226015,0.0,0.0,0.0,9666.83,0.0,22610.100915,14.88512
2035-11-11,6,445373.22673,195295.602932,250077.623798,0.0,0.0,1.180193,7281.7,0.0,23916.972903,18.621639
2035-11-11,7,527642.474381,235019.784948,292622.689433,0.0,0.0,0.0,5706.23,0.0,24529.307847,21.510696
2035-11-11,8,581217.740779,255638.29701,325579.443769,0.0,0.0,0.0,4479.07,0.0,24779.135878,23.455933
2035-11-11,9,521654.672055,255612.710451,266041.961604,0.0,0.0,0.0,6923.7,0.0,25028.180909,20.842692
2035-11-11,10,469018.131363,199865.804346,269152.327017,0.0,0.0,0.0,7933.03,0.0,25385.218817,18.476033
2035-11-11,11,478433.433987,199865.804346,278567.629642,0.0,0.0,0.0,7967.26,0.0,25767.455242,18.567353
2035-11-11,12,490508.350936,199865.804346,290642.54659,0.0,0.0,0.0,7952.3,0.0,26171.538116,18.742053
2035-11-11,13,494167.631044,204037.810509,290129.820536,0.0,0.0,0.0,8296.49,0.0,26518.158884,18.635066
2035-11-11,14,529570.49628,237659.766448,291910.729832,0.0,0.0,0.0,8108.19,0.0,26867.411508,19.710514
2035-11-11,15,601394.318924,287069.355044,314324.96388,0.0,0.0,0.0,7111.65,0.0,27573.05571,21.810942
2035-11-11,16,746208.349978,392052.439699,354155.910279,0.0,0.0,0.0,5586.73,0.0,28901.19849,25.819287
2035-11-11,17,813018.139123,393762.50641,419255.632713,0.0,0.0,0.0,4454.63,0.0,30461.440455,26.690075
2035-11-11,18,852082.37695,428682.825087,423399.551863,0.0,0.0,0.0,4627.0,0.0,31005.204948,27.481914
2035-11-11,19,874548.763795,443854.968621,430693.795174,0.0,0.0,0.0,4645.92,0.0,31666.679654,27.617318
2035-11-11,20,840693.895842,446852.061573,393841.834269,0.0,0.0,0.0,6519.02,0.0,32261.052118,26.059097
2035-11-11,21,722323.068069,373590.749082,348732.318986,0.0,0.0,0.0,9619.38,0.0,32564.243844,22.181478
2035-11-11,22,712323.45196,342572.037811,369751.414148,0.0,0.0,0.0,9169.05,0.0,32464.673594,21.941494
2035-11-11,23,718029.845042,342572.037811,375457.80723,0.0,0.0,1.660741,9007.21,0.0,32661.609764,21.983909
2035-11-12,0,809816.841001,443514.152577,366302.688424,0.0,0.0,0.0,9246.5,0.0,33314.795432,24.308024
2035-11-12,1,818841.320517,439355.940205,379485.380312,0.0,0.0,0.0,9226.6,0.0,33847.258366,24.19225
2035-11-12,2,808430.058893,412296.144013,396133.914881,0.0,0.0,0.0,9563.89,0.0,34581.348533,23.377633
2035-11-12,3,888722.008956,486519.468595,402202.540361,0.0,0.0,0.0,9299.67,0.0,35337.059234,25.149858
2035-11-12,4,927495.755846,486433.296488,441062.459358,0.0,0.0,0.0,8705.13,0.0,36395.855424,25.483554
2035-11-12,5,895846.887833,507079.060768,388767.827065,0.0,0.0,0.0,11873.63,0.0,37519.424664,23.876882
2035-11-12,6,963401.890728,534752.335811,428649.554917,0.0,0.0,0.0,11314.99,0.0,38815.284628,24.820168
2035-11-12,7,1014393.919446,563220.141398,451173.778048,0.0,0.0,0.0,10255.48,0.0,39150.749066,25.909949
2035-11-12,8,1018347.204869,542504.355413,475842.849456,0.0,0.0,0.0,8895.78,0.0,38670.850841,26.333716
2035-11-12,9,1003582.849267,542504.355413,461078.493853,0.0,0.0,0.0,8310.57,0.0,37573.020108,26.710199
2035-11-12,10,996098.397064,574799.033983,421299.363081,0.0,0.0,0.0,8427.24,0.0,36176.990425,27.534032
2035-11-12,11,932126.720014,482074.009462,450052.710551,0.0,0.0,0.0,7203.56,0.0,35230.104553,26.458244
2035-11-12,12,884355.395358,482074.009462,402281.385896,0.0,0.0,0.0,7276.07,0.0,33658.627142,26.274256
2035-11-12,13,744099.083398,368389.3981,375709.685298,0.0,0.0,0.0,7772.62,0.0,32172.839049,23.128176
2035-11-12,14,693461.628515,327130.985618,366330.642896,0.0,0.0,0.0,7698.37,0.0,31076.371697,22.314755
2035-11-12,15,705375.592871,338432.492853,366943.100019,0.0,0.0,0.0,7275.25,0.0,30825.86425,22.882589
2035-11-12,16,828762.093837,437513.263161,391248.830675,0.0,0.0,0.0,6239.28,0.0,31833.177286,26.034539
2035-11-12,17,996562.558945,540052.220659,456510.338286,0.0,0.0,0.0,4799.81,0.0,33663.096314,29.604008
2035-11-12,18,1108062.678296,615398.906084,492663.772212,0.0,0.0,0.0,3404.9,0.0,34578.554186,32.044795
2035-11-12,19,1175843.170863,645689.452761,530153.718102,0.0,0.0,0.0,2539.2,0.0,35478.497644,33.142417
2035-11-12,20,1198040.353588,645305.522482,552734.831106,0.0,0.0,0.0,2387.48,0.0,36004.501747,33.274738
2035-11-12,21,1183761.927495,645305.522482,538456.405013,0.0,0.0,0.0,2510.31,0.0,35789.215088,33.07594
2035-11-12,22,1143949.829925,630695.260195,513254.56973,0.0,0.0,0.0,3084.03,0.0,35380.142871,32.333104
2035-11-12,23,1134200.967446,607968.401928,526232.565517,0.0,0.0,13.577158,2886.62,0.0,35311.088326,32.12025
2035-11-13,0,1155207.318698,630703.573225,524503.745473,0.0,0.0,0.0,3096.92,0.0,35694.644351,32.363604
2035-11-13,1,1155373.993066,629434.274331,525939.718734,0.0,0.0,0.0,3510.23,0.0,36165.867018,31.946531
2035-11-13,2,1200704.579323,663807.408485,536897.170838,0.0,0.0,0.0,3661.66,0.0,36937.665671,32.506239
2035-11-13,3,1218421.129303,680798.517037,537622.612266,0.0,0.0,0.0,3838.5,0.0,37464.310954,32.522182
2035-11-13,4,1232459.778858,681380.906532,551078.872326,0.0,0.0,0.0,4238.15,0.0,38323.303618,32.159539
2035-11-13,5,1257275.886895,703376.240008,553899.646887,0.0,0.0,0.0,4812.07,0.0,39195.37725,32.077147
2035-11-13,6,1255983.793572,703248.584701,552735.208871,0.0,0.0,0.0,5453.13,0.0,39818.534008,31.542693
2035-11-13,7,1202306.906236,682628.40698,519678.499256,0.0,0.0,0.0,6060.56,0.0,39120.90918,30.733102
2035-11-13,8,1088693.850485,617196.514857,471497.335628,0.0,0.0,0.0,7170.83,0.0,37800.960681,28.800693
2035-11-13,9,953931.845541,538755.697214,415176.148327,0.0,0.0,0.0,8473.43,0.0,35989.058405,26.506163
2035-11-13,10,787372.432477,436433.351497,350939.08098,0.0,0.0,0.0,10256.32,0.0,34083.896454,23.10101
2035-11-13,11,657276.319269,301483.138586,355793.180683,0.0,0.0,0.0,9812.0,0.0,32450.418329,20.254787
2035-11-13,12,605344.136766,293058.159634,312285.977132,0.0,0.0,0.0,9968.54,0.0,30846.705007,19.624272
2035-11-13,13,511743.577426,238138.783387,273604.79404,0.0,0.0,0.0,11325.55,0.0,29788.078312,17.179476
2035-11-13,14,499121.989671,221690.585236,277431.404435,0.0,0.0,0.0,11117.22,0.0,29387.358798,16.984241
2035-11-13,15,526913.337802,224099.568224,302813.769578,0.0,0.0,0.0,10676.88,0.0,29907.039534,17.618372
2035-11-13,16,632556.210367,329785.267772,302770.942595,0.0,0.0,0.0,10485.33,0.0,31219.121493,20.26182
2035-11-13,17,740616.604643,359939.418243,380677.1864,0.0,0.0,0.0,8417.67,0.0,32818.010861,22.567383
2035-11-13,18,865982.806377,462150.065047,403832.74133,0.0,0.0,0.0,6566.53,0.0,32910.763877,26.313057
2035-11-13,19,929209.567177,466543.19682,462666.370357,0.0,0.0,0.0,4212.97,0.0,33025.175667,28.1364
2035-11-13,20,932549.566424,466496.584489,466052.981934,0.0,0.0,0.0,4024.51,0.0,32915.01984,28.332037
2035-11-13,21,927154.066522,466496.584489,460657.482033,0.0,0.0,0.0,3567.58,0.0,32323.22366,28.683837
2035-11-13,22,920781.114935,456609.427561,464171.687375,0.0,0.0,0.0,2676.05,0.0,31397.246612,29.326811
2035-11-13,23,1033026.636303,624089.163167,408937.473136,0.0,0.0,0.0,2576.15,0.0,30701.588369,33.647335
2035-11-14,0,1022659.932997,624006.568849,398653.364148,0.0,0.0,0.0,2488.11,0.0,30239.085017,33.819143
2035-11-14,1,902515.672974,460770.764787,441744.908187,0.0,0.0,0.0,2447.36,0.0,30183.665326,29.900798
2035-11-14,2,946328.255732,485954.434697,460373.821035,0.0,0.0,0.0,1870.41,0.0,30524.772414,31.001976
2035-11-14,3,966986.306171,490869.750165,476116.556006,0.0,0.0,0.0,1675.24,0.0,30934.935465,31.258714
2035-11-14,4,1010659.541316,534045.021384,476614.519932,0.0,0.0,0.0,2108.77,0.0,31743.298941,31.838516
2035-11-14,5,1081233.928285,583681.44067,497552.487615,0.0,0.0,0.0,2048.19,0.0,32868.245873,32.896003
2035-11-14,6,1091645.926456,583667.573374,507978.353081,0.0,0.0,0.0,2377.55,0.0,33997.096056,32.109976
2035-11-14,7,1039213.303247,563047.395652,476165.907595,0.0,0.0,0.0,3257.36,0.0,33617.060437,30.913271
2035-11-14,8,889869.40709,491652.231709,398217.175381,0.0,0.0,0.0,5222.47,0.0,31990.028342,27.817087
2035-11-14,9,689445.039664,355730.597617,333714.442047,0.0,0.0,0.0,7585.11,0.0,30223.831639,22.811305
2035-11-14,10,558525.487267,264288.174223,294237.313044,0.0,0.0,0.0,8893.13,0.0,28587.942092,19.5371
2035-11-14,11,493252.046707,210773.645272,282478.401434,0.0,0.0,0.0,9159.03,0.0,27460.485117,17.962248
2035-11-14,12,449315.109098,201403.802196,247911.306902,0.0,0.0,0.0,9775.38,0.0,26569.32419,16.911048
2035-11-14,13,375765.197675,166814.830825,208950.366849,0.0,0.0,0.0,11479.56,0.0,25968.707951,14.469923
2035-11-14,14,374882.110334,158270.153727,216611.956608,0.0,0.0,0.0,11292.05,0.0,25747.470966,14.559959
2035-11-14,15,391560.316721,160662.145437,230898.171284,0.0,0.0,0.0,10985.46,0.0,26004.470181,15.057423
2035-11-14,16,453553.722587,221833.52377,231720.198817,0.0,0.0,0.0,10853.19,0.0,27186.556272,16.683015
2035-11-14,17,606080.444273,298211.356564,307869.087709,0.0,0.0,0.0,8461.72,0.0,29026.278025,20.880405
2035-11-14,18,781780.106555,411644.070274,370136.036281,0.0,0.0,0.0,5432.27,0.0,29848.592711,26.191523
2035-11-14,19,855038.443075,411331.457621,443706.985455,0.0,0.0,0.0,3196.18,0.0,30542.95085,27.994625
2035-11-14,20,869549.914554,422318.684592,447231.229962,0.0,0.0,0.0,3351.74,0.0,30823.111449,28.210971
2035-11-14,21,852362.713419,422279.231545,430083.481874,0.0,0.0,0.0,3659.67,0.0,30656.139146,27.803981
2035-11-14,22,803120.22127,387462.078624,415658.142646,0.0,0.0,0.0,3908.98,0.0,30039.85797,26.735154
2035-11-14,23,799703.121658,378158.393009,421544.728649,0.0,0.0,0.0,3498.9,0.0,29619.421328,26.999282
2035-11-15,0,823496.986654,398202.538962,425294.447692,0.0,0.0,0.0,3196.69,0.0,29672.18726,27.753161
2035-11-15,1,862370.027626,427817.332283,434552.695343,0.0,0.0,0.0,2978.71,0.0,30142.132036,28.61012
2035-11-15,2,899620.644313,443106.972695,456513.671617,0.0,0.0,0.0,2817.48,0.0,30833.77943,29.176464
2035-11-15,3,989929.228412,529882.565232,460046.66318,0.0,0.0,0.0,2712.87,0.0,31607.658087,31.319284
2035-11-15,4,1045251.990355,570482.433589,474769.556766,0.0,0.0,0.0,2709.24,0.0,32831.361384,31.836998
2035-11-15,5,1197007.267853,687265.07912,509742.188733,0.0,0.0,0.0,2485.14,0.0,34977.704451,34.222008
2035-11-15,6,1261666.429482,687150.755203,574515.674279,0.0,0.0,0.0,2316.17,0.0,37235.551645,33.883382
2035-11-15,7,1229994.320145,687150.755203,542843.564942,0.0,0.0,0.0,2166.47,0.0,36147.725207,34.02688
2035-11-15,8,1107582.438854,643228.132659,464354.306195,0.0,0.0,0.0,1995.22,0.0,32649.922727,33.922973
2035-11-15,9,884972.255253,471879.225618,413093.029634,0.0,0.0,0.0,2425.7,0.0,29505.211502,29.993761
2035-11-15,10,725725.714621,367822.347077,357903.367545,0.0,0.0,0.0,3477.4,0.0,27229.319623,26.652363
2035-11-15,11,618328.959168,285171.7211,333157.238068,0.0,0.0,0.0,4144.89,0.0,25653.925781,24.102703
2035-11-15,12,550065.333821,246798.300794,303267.033028,0.0,0.0,0.0,5051.49,0.0,24739.85487,22.233976
2035-11-15,13,506956.88545,212776.567347,294180.318103,0.0,0.0,0.0,5665.21,0.0,24349.359746,20.820132
2035-11-15,14,510067.110423,212776.567347,297290.543076,0.0,0.0,0.0,5469.68,0.0,24268.200108,21.017921
2035-11-15,15,536676.339981,233020.405414,303655.934567,0.0,0.0,0.0,4998.62,0.0,24378.633276,22.014209
2035-11-15,16,602041.444424,277684.560601,324356.883823,0.0,0.0,0.0,4255.33,0.0,25086.897836,23.998242
2035-11-15,17,663260.646674,303575.3805,359685.266173,0.0,0.0,0.0,3414.4,0.0,26086.433187,25.425502
2035-11-15,18,702044.959797,319587.115313,382457.844484,0.0,0.0,0.0,2687.21,0.0,26510.874541,26.481396
2035-11-15,19,714323.700832,319366.968667,394956.732165,0.0,0.0,0.0,2431.17,0.0,26757.313536,26.696391
2035-11-15,20,706326.25454,319366.968667,386959.285872,0.0,0.0,0.0,3061.94,0.0,27118.733643,26.045695
2035-11-15,21,683662.516981,316536.638473,367125.878508,0.0,0.0,0.0,4048.76,0.0,27329.073591,25.015942
2035-11-15,22,652907.930502,290616.171205,362291.759297,0.0,0.0,0.0,4821.84,0.0,27497.990532,23.743842
2035-11-15,23,690404.807908,341540.337342,348864.470566,0.0,0.0,0.0,4433.62,0.0,27311.407926,25.27899
2035-11-16,0,691225.558279,341312.85253,349912.705748,0.0,0.0,0.0,4064.96,0.0,27095.409495,25.510799
2035-11-16,1,693967.036668,325974.907316,367992.129352,0.0,0.0,0.0,3732.82,0.0,27226.523871,25.488639
2035-11-16,2,735993.932691,344627.027943,391366.904748,0.0,0.0,0.0,3081.18,0.0,27642.251473,26.625687
2035-11-16,3,770009.08399,364090.591069,405918.49292,0.0,0.0,0.0,2667.18,0.0,28093.496859,27.408802
2035-11-16,4,822842.589488,401764.403817,421078.185671,0.0,0.0,0.0,2427.35,0.0,28875.367053,28.496351
2035-11-16,5,873402.909828,431117.7277,442285.182128,0.0,0.0,0.0,2416.12,0.0,30017.288885,29.096662
2035-11-16,6,929414.855443,470782.47732,458632.378123,0.0,0.0,0.0,2383.29,0.0,30996.728882,29.984288
2035-11-16,7,929840.21895,470777.124466,459063.094484,0.0,0.0,0.0,2284.84,0.0,31084.788768,29.91303
2035-11-16,8,887793.718771,470777.124466,417016.594305,0.0,0.0,0.0,2209.28,0.0,29443.731363,30.152215
2035-11-16,9,754898.145111,375958.885432,378939.259679,0.0,0.0,0.0,2906.6,0.0,27594.956992,27.356381
2035-11-16,10,647862.723535,324057.682956,323805.040578,0.0,0.0,0.0,4138.0,0.0,25932.538347,24.982619
2035-11-16,11,538274.903834,243615.807391,294659.096443,0.0,0.0,0.0,5370.45,0.0,24654.576853,21.832656
2035-11-16,12,453866.449406,201870.347804,251996.101602,0.0,0.0,0.0,6778.47,0.0,23754.214082,19.106776
2035-11-16,13,367582.169332,163917.7489,203664.420432,0.0,0.0,0.0,8774.0,0.0,23169.274352,15.86507
2035-11-16,14,351595.856624,129328.777529,222267.079095,0.0,0.0,0.0,8876.85,0.0,23144.270251,15.191486
2035-11-16,15,375407.328184,151260.19746,224147.130725,0.0,0.0,0.0,8768.28,0.0,23475.597804,15.991385
2035-11-16,16,413487.858311,189180.426836,224307.431474,0.0,0.0,0.0,8687.98,0.0,24232.42424,17.063413
2035-11-16,17,524790.901211,243644.395521,281146.50569,0.0,0.0,0.0,6584.95,0.0,25186.95951,20.835818
2035-11-16,18,598125.638201,278131.404349,319994.233852,0.0,0.0,0.0,4667.02,0.0,25437.21498,23.513802
2035-11-16,19,643698.567974,278117.222224,365581.34575,0.0,0.0,0.0,2935.13,0.0,25474.668075,25.268183
2035-11-16,20,613079.618227,278117.222224,334962.396003,0.0,0.0,0.0,4197.7,0.0,25636.907514,23.913946
2035-11-16,21,548506.938335,260064.005542,288442.932793,0.0,0.0,0.0,6266.07,0.0,25663.629961,21.372929
2035-11-16,22,492872.164224,221690.585236,271181.578988,0.0,0.0,0.0,7584.56,0.0,25619.906555,19.23786
2035-11-16,23,509896.451307,243622.005166,266274.446141,0.0,0.0,0.0,7281.74,0.0,25454.889169,20.031376
2035-11-17,0,512242.410024,243615.807391,268626.602633,0.0,0.0,0.0,6943.57,0.0,25206.845518,20.321559
2035-11-17,1,505066.44301,221690.585236,283375.857774,0.0,0.0,0.0,6630.98,0.0,25130.230694,20.097963
2035-11-17,2,555701.448111,242316.099106,313385.349005,0.0,0.0,0.0,5355.57,0.0,25276.917869,21.984541
2035-11-17,3,597638.817772,264214.173322,333424.644449,0.0,0.0,0.0,4280.64,0.0,25272.883937,23.647433
2035-11-17,4,635613.407256,282270.064798,353343.342458,0.0,0.0,0.0,3355.89,0.0,25441.283565,24.983543
2035-11-17,5,648726.3031,282261.19223,366465.110871,0.0,0.0,0.0,2989.54,0.0,25592.745821,25.348054
2035-11-17,6,627933.091873,278117.222224,349815.869649,0.0,0.0,0.0,2934.36,0.0,24907.378128,25.210726
2035-11-17,7,638365.467142,299279.748018,339085.719124,0.0,0.0,0.0,3159.41,0.0,25005.067343,25.529444
2035-11-17,8,680253.876883,299079.917348,381173.959535,0.0,0.0,0.0,2018.45,0.0,25415.897287,26.764897
2035-11-17,9,646196.349293,299079.917348,347116.431945,0.0,0.0,0.0,2726.54,0.0,24953.860119,25.895647
2035-11-17,10,529831.118696,266298.066307,263533.052389,0.0,0.0,0.0,5321.03,0.0,23805.752479,22.256432
2035-11-17,11,430414.101528,173415.765178,256998.336351,0.0,0.0,0.0,6163.99,0.0,22702.30528,18.959048
2035-11-17,12,359639.081042,154281.243878,205357.837164,0.0,0.0,0.0,7976.58,0.0,22217.693741,16.187057
2035-11-17,13,293096.186991,119692.272508,173403.914483,0.0,0.0,0.0,9862.32,0.0,22079.075486,13.27484
2035-11-17,14,310956.851629,122275.226914,188681.624715,0.0,0.0,0.0,9226.68,0.0,22102.911834,14.068592
2035-11-17,15,350274.454648,129378.702066,220895.752582,0.0,0.0,0.0,8272.84,0.0,22510.070714,15.560789
2035-11-17,16,427665.588629,201444.128628,226221.460001,0.0,0.0,0.0,7451.51,0.0,23247.861729,18.395911
2035-11-17,17,549585.123683,248522.450583,301062.6731,0.0,0.0,0.0,4865.74,0.0,24326.427062,22.592102
2035-11-17,18,637325.656188,297265.722424,340059.933764,0.0,0.0,0.0,2920.45,0.0,24673.201932,25.830683
2035-11-17,19,677010.15123,297182.941691,379827.209539,0.0,0.0,0.0,1498.39,0.0,24876.986665,27.214315
2035-11-17,20,677866.027273,297182.941691,380683.085582,0.0,0.0,0.0,1516.6,0.0,24902.048281,27.221296
2035-11-17,21,673545.95208,304660.615539,368885.336541,0.0,0.0,0.0,1778.99,0.0,24819.10155,27.138208
2035-11-17,22,645428.047099,292977.840272,352450.206827,0.0,0.0,0.0,2035.58,0.0,24280.232288,26.582449
2035-11-17,23,647503.277845,303580.016452,343923.261394,0.0,0.0,0.0,1639.8,0.0,23761.349205,27.250274
2035-11-18,0,646742.952562,303571.143883,343171.808678,0.0,0.0,0.0,1452.65,0.0,23575.45895,27.432889
2035-11-18,1,634567.123464,287122.945733,347444.177731,0.0,0.0,0.0,1603.29,0.0,23560.510077,26.933505
2035-11-18,2,640589.18959,287122.945733,353466.243857,0.0,0.0,0.0,1484.61,0.0,23661.578843,27.072969
2035-11-18,3,636216.137031,287122.945733,349093.191298,0.0,0.0,0.0,1947.01,0.0,23970.575591,26.541546
2035-11-18,4,625185.24771,287753.882373,337431.365338,0.0,0.0,0.0,2991.51,0.0,24593.255688,25.421004
2035-11-18,5,700958.868983,340391.68956,360567.179423,0.0,0.0,0.0,2645.47,0.0,25861.375848,27.104469
2035-11-18,6,754655.939801,355637.57596,399018.363841,0.0,0.0,0.0,2206.2,0.0,27228.934031,27.715222
2035-11-18,7,769074.5248,355631.347636,413443.177164,0.0,0.0,0.0,1786.98,0.0,27320.064781,28.150538
2035-11-18,8,761708.257884,355631.347636,406076.910249,0.0,0.0,0.0,1459.44,0.0,26742.766233,28.482777
2035-11-18,9,717133.882933,340293.402422,376840.480512,0.0,0.0,0.0,1927.27,0.0,25948.416674,27.636903
2035-11-18,10,649627.635238,304037.689492,345589.945746,0.0,0.0,0.0,3007.95,0.0,25263.06483,25.714522
2035-11-18,11,590117.526715,260064.005542,330053.521173,0.0,0.0,0.0,3918.36,0.0,24859.655363,23.737961
2035-11-18,12,559278.606385,260064.005542,299214.600843,0.0,0.0,0.0,4939.04,0.0,24738.440262,22.607675
2035-11-18,13,512169.221191,222997.674742,289171.546449,0.0,0.0,0.0,6027.9,0.0,24836.434828,20.621688
2035-11-18,14,522462.954657,222997.674742,299465.279915,0.0,0.0,0.0,5680.48,0.0,24829.572651,21.041963
2035-11-18,15,566008.274059,260066.925977,305941.348082,0.0,0.0,0.0,5091.54,0.0,25014.141337,22.627532
2035-11-18,16,605798.770787,278126.094792,327672.675994,0.0,0.0,0.0,4264.68,0.0,25387.399126,23.862183
2035-11-18,17,672523.638533,311171.42718,361352.211353,0.0,0.0,0.0,2801.67,0.0,25635.908581,26.233657
2035-11-18,18,724142.831471,340311.377807,383831.453663,0.0,0.0,0.0,1503.19,0.0,25657.799666,28.223107
2035-11-18,19,739661.619783,340293.402422,399368.217361,0.0,0.0,0.0,716.2,0.0,25559.257507,28.939089
2035-11-18,20,723101.040441,340293.402422,382807.638019,0.0,0.0,0.0,1032.5,0.0,25274.323581,28.610105
2035-11-18,21,685984.068821,322637.193543,363346.875277,0.0,0.0,0.0,1628.13,0.0,24817.796703,27.640813
2035-11-18,22,635965.020985,294352.941689,341612.079295,0.0,0.0,0.0,2160.56,0.0,24078.986874,26.411619
2035-11-18,23,592730.464884,259851.526857,332878.938028,0.0,0.0,0.0,2371.55,0.0,23301.58093,25.43735
2035-11-19,0,569219.513681,259851.526857,309367.986825,0.0,0.0,0.0,2795.73,0.0,22857.585647,24.902871
2035-11-19,1,523444.133349,216544.910841,306899.222508,0.0,0.0,0.0,3502.96,0.0,22738.636371,23.020032
2035-11-19,2,557425.86891,238476.330771,318949.53814,0.0,0.0,0.0,2761.27,0.0,22736.053597,24.517266
2035-11-19,3,575890.898106,245577.058413,330313.839693,0.0,0.0,0.0,2330.8,0.0,22917.872299,25.128463
2035-11-19,4,609097.185226,268378.078423,340719.106803,0.0,0.0,0.0,2046.77,0.0,23370.433438,26.062725
2035-11-19,5,667569.930488,310554.990257,357014.940232,0.0,0.0,2.178291,1957.06,0.0,24563.780265,27.177003
2035-11-19,6,697260.894774,310545.444083,386715.450691,0.0,0.0,0.0,1909.45,0.0,25764.532361,27.06282
2035-11-19,7,711239.495036,324453.91886,386785.576176,0.0,0.0,0.0,1850.97,0.0,25914.647966,27.445462
2035-11-19,8,727416.377644,326664.012278,400752.365365,0.0,0.0,0.0,1014.85,0.0,25607.634975,28.40623
2035-11-19,9,701532.188405,326634.208485,374897.97992,0.0,0.0,0.0,1331.34,0.0,25075.12342,27.977218
2035-11-19,10,638387.558817,296413.499846,341974.058971,0.0,0.0,0.0,2560.8,0.0,24539.796748,26.014378
2035-11-19,11,587537.201358,265323.533911,322213.667447,0.0,0.0,0.0,3735.32,0.0,24465.730707,24.014701
2035-11-19,12,528508.996615,227460.863002,301048.133613,0.0,0.0,0.0,5273.2,0.0,24593.984097,21.489361
2035-11-19,13,462153.32346,206165.828723,255987.494737,0.0,0.0,0.0,7665.06,0.0,24848.42238,18.5989
2035-11-19,14,415390.416642,159390.131026,256000.285616,0.0,0.0,0.0,8768.09,0.0,25026.210845,16.598215
2035-11-19,15,399108.931649,159390.131026,239718.800623,0.0,0.0,0.0,9592.13,0.0,25252.270771,15.804873
2035-11-19,16,404556.755576,175466.458659,229090.296917,0.0,0.0,0.0,10202.06,0.0,25675.840163,15.75632
2035-11-19,17,491275.142388,218280.023738,272995.11865,0.0,0.0,0.0,8085.64,0.0,25934.434114,18.942967
2035-11-19,18,564923.32853,257319.606656,307603.721874,0.0,0.0,0.0,6103.88,0.0,26002.820023,21.725464
2035-11-19,19,599761.880798,257286.610889,342475.269908,0.0,0.0,0.0,4611.58,0.0,25912.11784,23.146
2035-11-19,20,525352.101535,256527.336509,268824.765026,0.0,0.0,0.0,7199.94,0.0,25755.145049,20.397948
2035-11-19,21,383669.386498,194989.486408,188679.90009,0.0,0.0,0.0,11182.66,0.0,25311.341694,15.158003
2035-11-19,22,288175.988287,133863.34774,154312.640548,0.0,0.0,0.0,13299.19,0.0,24373.697125,11.823237
2035-11-19,23,266819.557709,108779.695352,158039.862357,0.0,0.0,0.0,13031.03,0.0,23489.96384,11.358875
2035-11-20,0,254628.693458,117643.5252,136985.168258,0.0,0.0,0.0,12804.13,0.0,22906.815322,11.115849
2035-11-20,1,251872.20402,106847.430497,145024.773523,0.0,0.0,0.0,12385.68,0.0,22538.462049,11.175217
2035-11-20,2,254433.907826,104007.400815,150426.507011,0.0,0.0,0.0,12181.82,0.0,22484.759738,11.315838
2035-11-20,3,266267.435912,111579.647055,154687.788857,0.0,0.0,0.0,11818.62,0.0,22509.597987,11.829062
2035-11-20,4,297485.644395,117670.144448,179815.499947,0.0,0.0,0.0,11032.69,0.0,22876.919769,13.003746
2035-11-20,5,319799.888917,133694.963531,186104.925386,0.0,0.0,0.0,11298.83,0.0,23597.759544,13.552129
2035-11-20,6,353028.650243,160232.729032,192795.921211,0.0,0.0,0.0,11293.26,0.0,24743.667937,14.267434
2035-11-20,7,370409.270393,160224.712656,210184.557737,0.0,0.0,0.0,10675.7,0.0,24908.733309,14.870659
2035-11-20,8,370954.347125,143988.993191,226965.353934,0.0,0.0,0.0,10333.3,0.0,24892.670258,14.902152
2035-11-20,9,370200.30608,143201.532495,226998.773585,0.0,0.0,0.0,10124.57,0.0,24774.97483,14.94251
2035-11-20,10,335890.002897,140361.502813,195528.500084,0.0,0.0,0.0,11249.39,0.0,24629.463909,13.637731
2035-11-20,11,334455.699816,138134.929834,196320.769982,0.0,0.0,0.0,11205.58,0.0,24566.04021,13.614555
2035-11-20,12,309846.020715,116209.707679,193636.313036,0.0,0.0,0.0,11799.29,0.0,24687.519333,12.550715
2035-11-20,13,280487.305572,116209.707679,164277.597893,0.0,0.0,0.0,13287.91,0.0,25012.602026,11.21384
2035-11-20,14,302493.875503,118460.680807,184033.194697,0.0,0.0,0.0,12809.83,0.0,25366.618579,11.92488
2035-11-20,15,333753.582998,125472.648286,208280.934712,0.0,0.0,0.0,12324.18,0.0,25902.202403,12.885143
2035-11-20,16,390776.832875,181943.614466,208833.218409,0.0,0.0,0.0,11884.93,0.0,26481.042512,14.756852
2035-11-20,17,431253.37826,181934.47387,249318.90439,0.0,0.0,0.0,10423.65,0.0,26736.258677,16.129907
2035-11-20,18,464446.301027,194643.837619,269802.463407,0.0,0.0,0.0,9298.24,0.0,26641.951918,17.432893
2035-11-20,19,483621.852501,194312.870713,289308.981788,0.0,0.0,3.773973,8269.77,0.0,26426.130884,18.300895
2035-11-20,20,430214.448466,202241.11252,227973.335946,0.0,0.0,0.0,10219.08,0.0,26160.717032,16.445056
2035-11-20,21,335091.655174,153544.590674,181547.064499,0.0,0.0,0.0,12699.41,0.0,25680.420937,13.048527
2035-11-20,22,283014.15656,124445.837138,158568.319422,0.0,0.0,0.0,13859.52,0.0,24961.584764,11.337988
2035-11-20,23,254628.404737,105975.243149,148653.161589,0.0,0.0,0.0,13799.31,0.0,23945.861424,10.633504
2035-11-21,0,234163.105514,109031.094414,125132.0111,0.0,0.0,0.0,13718.92,0.0,23138.22938,10.120183
2035-11-21,1,224805.711916,102056.426627,122749.285289,0.0,0.0,0.0,13372.71,0.0,22482.780927,9.999017
2035-11-21,2,227953.333052,102056.426627,125896.906425,0.0,0.0,0.0,12960.67,0.0,22200.175044,10.268087
2035-11-21,3,240684.627933,109054.76852,131629.859413,0.0,0.0,0.0,12291.11,0.0,21998.464244,10.940974
2035-11-21,4,282216.270546,113944.562756,168271.707789,0.0,0.0,0.0,10929.42,0.0,22229.609524,12.695512
2035-11-21,5,303618.519031,140478.00786,163140.511171,0.0,0.0,0.0,10763.8,0.0,22763.962274,13.337683
2035-11-21,6,334912.866259,143102.60968,191810.256579,0.0,0.0,0.0,10394.05,0.0,23674.308858,14.14668
2035-11-21,7,360311.76087,146921.584086,213390.176785,0.0,0.0,0.0,9820.51,0.0,24009.351415,15.007143
2035-11-21,8,397873.94917,181573.576047,216300.373123,0.0,0.0,0.0,9003.17,0.0,24074.929321,16.526485
2035-11-21,9,400160.619212,159507.057417,240653.561795,0.0,0.0,0.0,8700.5,0.0,24374.683739,16.417059
2035-11-21,10,401269.073745,162841.570378,238427.503367,0.0,0.0,0.0,9016.95,0.0,24699.510286,16.246034
2035-11-21,11,411708.929736,162799.473546,248909.45619,0.0,0.0,0.0,9136.45,0.0,25226.374036,16.320575
2035-11-21,12,412312.036017,162799.473546,249512.562471,0.0,0.0,0.0,9817.44,0.0,25928.079197,15.902143
2035-11-21,13,381949.070232,162799.473546,219149.596686,0.0,0.0,0.0,11659.95,0.0,26612.021296,14.352501
2035-11-21,14,408119.287162,175541.288218,232577.998944,0.0,0.0,0.0,11322.79,0.0,27030.127171,15.098682
2035-11-21,15,427163.923239,175534.434166,251629.489073,0.0,0.0,0.0,10867.39,0.0,27341.315004,15.623386
2035-11-21,16,465142.711073,206585.063525,258557.647548,0.0,0.0,0.0,10354.0,0.0,27536.261916,16.892006
2035-11-21,17,531280.839685,235803.233719,295477.605966,0.0,0.0,0.0,8045.3,0.0,27208.315088,19.526415
2035-11-21,18,597603.495151,277577.136268,320026.358884,0.0,0.0,0.0,6002.14,0.0,26774.431404,22.319932
2035-11-21,19,627442.627386,277544.412039,349898.215347,0.0,0.0,0.0,4505.33,0.0,26503.924393,23.673574
2035-11-21,20,612417.993776,277544.412039,334873.581737,0.0,0.0,0.0,4612.94,0.0,26049.132639,23.510111
2035-11-21,21,568031.009962,264578.91745,303452.092512,0.0,0.0,0.0,5352.46,0.0,25387.303268,22.37461
2035-11-21,22,492175.184873,211064.388499,281110.796374,0.0,0.0,0.0,6238.77,0.0,24486.846101,20.099574
2035-11-21,23,486551.598921,205907.128602,280644.470319,0.0,0.0,0.0,5403.2,0.0,23529.14172,20.67868
2035-11-22,0,468561.053173,205907.128602,262653.924571,0.0,0.0,0.0,5160.7,0.0,22621.866477,20.712749
2035-11-22,1,432714.880299,179302.777659,253412.10264,0.0,0.0,0.0,5499.84,0.0,22096.664988,19.582814
2035-11-22,2,393920.428366,175534.434166,218385.9942,0.0,0.0,0.0,6633.94,0.0,21871.374002,18.010776
2035-11-22,3,330330.332897,124918.086046,205412.246851,0.0,0.0,0.0,8307.24,0.0,21862.595228,15.109383
2035-11-22,4,348921.253,146849.505977,202071.747023,0.0,0.0,0.0,8706.37,0.0,22378.602242,15.591736
2035-11-22,5,415484.78293,183912.559437,231572.223493,0.0,0.0,0.0,8280.55,0.0,23733.236604,17.506453
2035-11-22,6,489230.273639,231243.367866,257986.905773,0.0,0.0,0.0,8179.44,0.0,25661.206123,19.064976
2035-11-22,7,503248.888333,231233.570992,272015.317341,0.0,0.0,0.0,7966.19,0.0,26111.864958,19.272805
2035-11-22,8,504998.277615,231233.570992,273764.706623,0.0,0.0,0.0,7482.57,0.0,25693.099807,19.655016
2035-11-22,9,468961.8812,194167.240192,274794.641008,0.0,0.0,0.0,7982.79,0.0,25618.278659,18.305753
2035-11-22,10,468815.747593,201292.083513,267523.664081,0.0,0.0,0.0,8173.13,0.0,25671.223435,18.262306
2035-11-22,11,503864.433805,207149.760895,296714.67291,0.0,0.0,0.0,7062.24,0.0,25769.770101,19.552539
2035-11-22,12,504934.6356,206549.476591,298385.159008,0.0,0.0,0.0,6973.88,0.0,25773.649337,19.591119
2035-11-22,13,498860.363725,206549.476591,292310.887134,0.0,0.0,0.0,7463.99,0.0,26047.642243,19.151843
2035-11-22,14,522424.96621,223002.984299,299421.981911,0.0,0.0,0.0,7177.84,0.0,26268.348013,19.888002
2035-11-22,15,557012.086487,260066.925977,296945.16051,0.0,0.0,0.0,6996.05,0.0,26593.618111,20.945329
2035-11-22,16,609621.051527,294369.232431,315251.819096,0.0,0.0,0.0,6345.7,0.0,27187.418011,22.422911
2035-11-22,17,698677.073969,331579.152808,367097.921161,0.0,0.0,0.0,4203.11,0.0,27533.472901,25.375552
2035-11-22,18,789670.052674,392452.157212,397217.895462,0.0,0.0,0.0,2248.61,0.0,27399.450127,28.820653
2035-11-22,19,814311.892488,392417.995833,421893.896655,0.0,0.0,0.0,1043.86,0.0,27276.488523,29.853985
2035-11-22,20,799354.272699,392417.995833,406936.276865,0.0,0.0,0.0,1521.71,0.0,27205.778024,29.381783
2035-11-22,21,730354.627332,344437.372427,385917.254905,0.0,0.0,0.0,2698.86,0.0,27053.583992,26.996594
2035-11-22,22,676753.688122,326781.163549,349972.524573,0.0,0.0,0.0,3736.07,0.0,26472.023586,25.564864
2035-11-22,23,653471.226538,294352.941689,359118.284849,0.0,0.0,0.0,3414.22,0.0,25962.297579,25.170008
2035-11-23,0,641989.850042,294352.941689,347636.908352,0.0,0.0,0.0,3512.83,0.0,25649.175186,25.029649
2035-11-23,1,621946.666019,276299.725007,345646.941012,0.0,0.0,0.0,3948.66,0.0,25689.842884,24.209828
2035-11-23,2,653349.595914,294361.814258,358987.781656,0.0,0.0,0.0,3603.54,0.0,25955.936088,25.17149
2035-11-23,3,663981.714626,300933.930841,363047.783786,0.0,0.0,0.0,3443.19,0.0,26175.885832,25.36616
2035-11-23,4,700901.341377,334713.641973,366187.699404,0.0,0.0,0.0,3581.28,0.0,26852.40316,26.101997
2035-11-23,5,763724.678733,376568.088733,387156.59,0.0,0.0,0.0,3385.86,0.0,27854.664381,27.418197
2035-11-23,6,787547.851397,376478.983762,411068.867635,0.0,0.0,0.0,3301.5,0.0,28781.410722,27.363073
2035-11-23,7,801476.336396,389455.035563,412021.300833,0.0,0.0,0.0,3760.76,0.0,29462.918489,27.202883
2035-11-23,8,813862.955243,389444.478351,424418.476893,0.0,0.0,0.0,2931.25,0.0,29140.219735,27.929198
2035-11-23,9,780484.582151,389444.478351,391040.1038,0.0,0.0,0.0,3166.08,0.0,28188.999801,27.687559
2035-11-23,10,669747.305902,334691.154043,335056.151859,0.0,0.0,0.0,4452.08,0.0,26735.79498,25.050585
2035-11-23,11,570060.963325,260064.005542,309996.957783,0.0,0.0,0.0,5246.28,0.0,25444.900786,22.403741
2035-11-23,12,501496.819804,243615.807391,257881.012413,0.0,0.0,0.0,6514.56,0.0,24415.541731,20.540065
2035-11-23,13,409674.289736,185367.043691,224307.246045,0.0,0.0,0.0,8243.63,0.0,23772.993197,17.23276
2035-11-23,14,394809.519285,163441.821535,231367.69775,0.0,0.0,0.0,8200.11,0.0,23530.056884,16.778945
2035-11-23,15,405862.044245,163441.821535,242420.22271,0.0,0.0,0.0,7776.75,0.0,23625.30645,17.179123
2035-11-23,16,460531.352956,206603.328927,253928.024029,0.0,0.0,0.0,7327.85,0.0,24299.449714,18.952337
2035-11-23,17,585369.948356,278134.324784,307235.623572,0.0,0.0,0.0,4983.68,0.0,25042.143634,23.375393
2035-11-23,18,652652.100774,304041.926109,348610.174665,0.0,0.0,0.0,3060.46,0.0,25321.448361,25.774675
2035-11-23,19,707420.240022,322689.810118,384730.429903,0.0,0.0,0.0,1572.59,0.0,25420.179157,27.829082
2035-11-23,20,728400.918332,335613.245345,392787.672987,0.0,0.0,0.0,1163.84,0.0,25593.921601,28.459918
2035-11-23,21,748403.819411,350948.351257,397455.468154,0.0,0.0,0.0,824.73,0.0,25611.419504,29.221489
2035-11-23,22,754330.408193,350634.831303,403695.57689,0.0,0.0,0.0,562.71,0.0,25639.044125,29.42116
2035-11-23,23,755427.33807,350634.831303,404792.506767,0.0,0.0,0.0,627.92,0.0,25717.553357,29.373997
2035-11-24,0,751369.893081,350634.831303,400735.061778,0.0,0.0,0.0,931.36,0.0,25885.90469,29.026217
2035-11-24,1,730524.903718,334048.806054,396476.097664,0.0,0.0,0.0,1478.74,0.0,26007.115594,28.089424
2035-11-24,2,729818.131279,331685.021468,398133.109812,0.0,0.0,0.0,1799.57,0.0,26341.712066,27.705797
2035-11-24,3,715701.001566,331685.021468,384015.980099,0.0,0.0,0.0,2500.89,0.0,26552.057394,26.954634
2035-11-24,4,686202.906336,311305.331997,374897.574339,0.0,0.0,0.0,3590.14,0.0,26946.167408,25.465696
2035-11-24,5,686688.421213,306626.20321,380062.218003,0.0,0.0,0.0,3558.46,0.0,26998.992088,25.433854
2035-11-24,6,689466.965611,313838.129001,375628.83661,0.0,0.0,0.0,3510.53,0.0,26898.671973,25.632008
2035-11-24,7,705839.377157,326336.277195,379503.099962,0.0,0.0,0.0,3560.12,0.0,27082.662882,26.062407
2035-11-24,8,703798.762722,326310.690636,377488.072086,0.0,0.0,0.0,3196.95,0.0,26675.403305,26.38381
2035-11-24,9,639008.194268,301546.542909,337461.651358,0.0,0.0,0.0,3499.86,0.0,25380.989478,25.176646
2035-11-24,10,563461.403701,273633.258395,289828.145307,0.0,0.0,0.0,4434.58,0.0,23990.212308,23.487137
2035-11-24,11,477445.463981,210597.842891,266847.62109,0.0,0.0,0.0,5037.79,0.0,22750.559118,20.986098
2035-11-24,12,432736.461552,181847.981337,250888.480215,0.0,0.0,0.0,5920.98,0.0,22307.552795,19.398652
2035-11-24,13,380291.032799,159891.459152,220399.573647,0.0,0.0,0.0,7355.9,0.0,22232.094049,17.105498
2035-11-24,14,346338.319024,124918.086046,221420.232978,0.0,0.0,0.0,8181.41,0.0,22370.888298,15.481653
2035-11-24,15,338705.190387,124918.086046,213787.10434,0.0,0.0,0.0,8798.49,0.0,22705.241234,14.917489
2035-11-24,16,361673.123634,167767.749461,193905.374173,0.0,0.0,0.0,9388.84,0.0,23277.820801,15.537242
2035-11-24,17,429300.885675,180417.91215,248882.973525,0.0,0.0,0.0,7557.79,0.0,23917.316389,17.949375
2035-11-24,18,518408.681726,237785.364313,280623.317413,0.0,0.0,0.0,5500.8,0.0,23937.013517,21.6572
2035-11-24,19,562930.188991,232795.029579,330135.159413,0.0,0.0,0.0,3688.42,0.0,24035.1775,23.421096
2035-11-24,20,524220.914784,233425.966219,290794.948566,0.0,0.0,0.0,4951.91,0.0,23942.430502,21.895058
2035-11-24,21,460763.227441,206447.325748,254315.901693,0.0,0.0,0.0,6838.5,0.0,23885.731056,19.290313
2035-11-24,22,401672.756164,171423.023435,230249.732728,0.0,0.0,0.0,8296.15,0.0,23663.684669,16.974227
2035-11-24,23,379245.773371,181873.014016,197372.759355,0.0,0.0,0.0,8913.13,0.0,23054.544121,16.449936
2035-11-25,0,358144.320141,181870.093581,176274.22656,0.0,0.0,0.0,9374.07,0.0,22663.497229,15.802694
2035-11-25,1,323771.818746,135503.005938,188268.812808,0.0,0.0,0.0,9831.81,0.0,22424.873108,14.438067
2035-11-25,2,296923.351654,135496.808163,161426.543491,0.0,0.0,0.0,10728.35,0.0,22336.147438,13.2934
2035-11-25,3,283048.675771,124983.795212,158064.88056,0.0,0.0,0.0,11133.79,0.0,22393.837151,12.639579
2035-11-25,4,299850.356095,129155.801375,170694.554721,0.0,0.0,0.0,10963.23,0.0,22748.541071,13.181081
2035-11-25,5,320709.082179,142021.063307,178688.018872,0.0,0.0,0.0,10918.31,0.0,23370.567836,13.722777
2035-11-25,6,345983.053666,147706.312977,198276.740689,0.0,0.0,0.0,10307.07,0.0,23830.050684,14.518771
2035-11-25,7,386823.301124,160408.232261,226415.068864,0.0,0.0,0.0,9418.34,0.0,24318.225068,15.906724
2035-11-25,8,407596.613872,165105.779301,242490.834571,0.0,0.0,0.0,8756.92,0.0,24420.113496,16.69102
2035-11-25,9,413213.53101,160220.616812,252992.914198,0.0,0.0,0.0,8363.27,0.0,24363.544368,16.960321
2035-11-25,10,395517.879146,160220.616812,235297.262335,0.0,0.0,0.0,9056.11,0.0,24428.08495,16.191113
2035-11-25,11,408076.459589,160220.616812,247855.842778,0.0,0.0,0.0,8557.17,0.0,24406.712147,16.719846
2035-11-25,12,402973.102862,160220.616812,242752.48605,0.0,0.0,0.0,8864.05,0.0,24513.1793,16.439039
2035-11-25,13,371506.976112,157380.58713,214126.388982,0.0,0.0,0.0,10474.65,0.0,24965.109546,14.881047
2035-11-25,14,404202.138774,172067.734345,232134.404429,0.0,0.0,0.0,10110.7,0.0,25557.562327,15.815364
2035-11-25,15,432517.384087,172892.928196,259624.45589,0.0,0.0,0.0,9620.76,0.0,26178.627786,16.521774
2035-11-25,16,469176.426814,225410.848772,243765.578042,0.0,0.0,0.0,9621.23,0.0,26570.022914,17.658111
2035-11-25,17,546374.804353,241852.54109,304522.263263,0.0,0.0,0.0,7292.23,0.0,26897.983287,20.312854
2035-11-25,18,613447.425903,279957.094374,333490.331529,0.0,0.0,0.0,5420.96,0.0,26670.300139,23.001144
2035-11-25,19,643726.962819,279778.586182,363948.376637,0.0,0.0,0.0,3856.24,0.0,26376.360612,24.40545
2035-11-25,20,594460.819857,279778.586182,314682.233675,0.0,0.0,0.0,5238.04,0.0,25948.888369,22.908913
2035-11-25,21,510043.624883,223794.014851,286249.610032,0.0,0.0,0.0,6955.54,0.0,25675.580358,19.864931
2035-11-25,22,432889.473546,193846.325104,239043.148442,0.0,0.0,0.0,8625.34,0.0,24907.32495,17.380007
2035-11-25,23,351344.912718,177661.985312,173682.927407,0.0,0.0,0.0,10797.77,0.0,24072.273315,14.595419
2035-11-26,0,291474.369802,134225.081018,157249.288784,0.0,0.0,0.0,12104.3,0.0,23372.251002,12.470958
2035-11-26,1,267910.938382,111344.858419,156566.079963,0.0,0.0,0.0,12623.2,0.0,23060.626464,11.617678
2035-11-26,2,258037.232001,117152.837002,140884.394998,0.0,0.0,0.0,12643.79,0.0,22784.843504,11.324951
2035-11-26,3,252991.619466,106545.702342,146445.917124,0.0,0.0,0.0,12641.57,0.0,22675.13552,11.157226
2035-11-26,4,267411.638892,112685.214457,154726.424435,0.0,0.0,0.0,12264.87,0.0,22716.21605,11.771839
2035-11-26,5,286377.768488,128418.001502,157959.766986,0.0,0.0,0.0,12522.72,0.0,23240.815662,12.322191
2035-11-26,6,311732.269482,135422.888355,176309.381128,0.0,0.0,0.0,12338.82,0.0,24150.634537,12.907829
2035-11-26,7,334095.815105,161949.478962,172146.336143,0.0,0.0,0.0,11774.11,0.0,24375.550368,13.706186
2035-11-26,8,350240.391259,154285.395357,195954.995902,0.0,0.0,0.0,11018.21,0.0,24414.413073,14.34564
2035-11-26,9,354579.194339,141105.527157,213473.667182,0.0,0.0,0.0,10332.78,0.0,24346.022693,14.564153
2035-11-26,10,347504.862098,143727.845703,203777.016395,0.0,0.0,0.0,10678.62,0.0,24433.625826,14.222403
2035-11-26,11,353934.702134,143698.249964,210236.45217,0.0,0.0,0.0,10763.49,0.0,24785.359891,14.27999
2035-11-26,12,336682.194445,125253.61025,211428.584194,0.0,0.0,0.0,11102.09,0.0,24857.971081,13.544235
2035-11-26,13,377696.291345,159685.802619,218010.488726,0.0,0.0,0.0,10334.14,0.0,25107.305953,15.043282
2035-11-26,14,421825.244656,174833.657459,246991.587197,0.0,0.0,0.0,9310.59,0.0,25528.77229,16.523523
2035-11-26,15,502399.867381,229709.836475,272690.030906,0.0,0.0,0.0,8042.31,0.0,26151.328438,19.211256
2035-11-26,16,583251.776596,266654.879244,316596.897352,0.0,0.0,0.0,6437.08,0.0,26892.381459,21.688365
2035-11-26,17,607872.905561,266651.958809,341220.946751,0.0,0.0,0.0,6081.67,0.0,27565.986281,22.051557
2035-11-26,18,587377.656708,259597.459934,327780.196774,0.0,0.0,0.0,6582.19,0.0,27418.04774,21.42303
2035-11-26,19,568559.127081,258838.185553,309720.941528,0.0,0.0,0.0,7134.71,0.0,27283.698092,20.838785
2035-11-26,20,509586.561783,238014.992392,271571.569392,0.0,0.0,0.0,8683.77,0.0,26944.398962,18.912523
2035-11-26,21,434028.28506,200852.870532,233175.414528,0.0,0.0,0.0,10485.65,0.0,26491.663271,16.38358
2035-11-26,22,421212.806093,194522.9408,226689.865293,0.0,0.0,0.0,10080.28,0.0,25729.274928,16.370955
2035-11-26,23,439903.588362,178287.221335,261616.367028,0.0,0.0,0.0,8111.53,0.0,24857.323617,17.697142
2035-11-27,0,478059.671975,201644.445804,276415.226171,0.0,0.0,0.0,6485.68,0.0,24222.059334,19.736541
2035-11-27,1,484881.017906,201379.510728,283501.507178,0.0,0.0,0.0,5870.81,0.0,23973.292209,20.225884
2035-11-27,2,494433.073192,196700.381941,297732.691251,0.0,0.0,0.0,5648.04,0.0,24151.40827,20.472225
2035-11-27,3,482538.941881,200872.388104,281666.553778,0.0,0.0,0.0,6130.66,0.0,24104.032293,20.019013
2035-11-27,4,466605.218465,196037.633133,270567.585332,0.0,0.0,0.0,7144.72,0.0,24516.197518,19.032528
2035-11-27,5,486532.15736,229796.216927,256735.940434,0.0,0.0,0.0,8325.27,0.0,25647.931945,18.969645
2035-11-27,6,483781.842346,225649.326487,258132.51586,0.0,0.0,0.0,9718.16,0.0,27112.236546,17.843671
2035-11-27,7,481585.815281,228983.839447,252601.975833,0.0,0.0,0.0,10564.25,0.0,27782.411963,17.334197
2035-11-27,8,461718.054269,194352.771245,267365.283024,0.0,0.0,0.0,10451.25,0.0,27433.79699,16.830264
2035-11-27,9,455159.44332,194352.771245,260806.672076,0.0,0.0,0.0,10022.54,0.0,26803.760468,16.981179
2035-11-27,10,437902.682596,201511.701324,236390.981272,0.0,0.0,0.0,9946.69,0.0,25936.769116,16.883471
2035-11-27,11,407469.382182,163987.72933,243481.652852,0.0,0.0,0.0,9617.72,0.0,25300.235444,16.105359
2035-11-27,12,400665.47083,156077.738835,244587.731995,0.0,0.0,0.0,9441.01,0.0,25058.253421,15.989361
2035-11-27,13,391995.737014,155281.398726,236714.338287,0.0,0.0,0.0,10004.1,0.0,25304.306377,15.491266
2035-11-27,14,430774.528755,189278.248755,241496.28,0.0,0.0,0.0,9575.17,0.0,25762.136393,16.721227
2035-11-27,15,465493.943385,199189.362228,266304.581157,0.0,0.0,0.0,9364.91,0.0,26639.065486,17.474109
2035-11-27,16,540445.822316,256901.770578,283544.051738,0.0,0.0,0.0,9387.66,0.0,28086.094359,19.24247
2035-11-27,17,596908.806058,273327.252486,323581.553572,0.0,0.0,0.0,8367.11,0.0,29074.202571,20.530531
2035-11-27,18,612479.153836,274985.554071,337493.599765,0.0,0.0,0.0,7734.65,0.0,29104.349634,21.044248
2035-11-27,19,626073.828166,274724.173978,351349.654188,0.0,0.0,0.338828,6986.33,0.0,28900.517117,21.663067
2035-11-27,20,557465.330966,274724.173978,282741.156989,0.0,0.0,0.0,9301.95,0.0,28682.253488,19.435897
2035-11-27,21,441806.104044,222959.221695,218846.882349,0.0,0.0,0.0,12421.29,0.0,28152.443508,15.693348
2035-11-27,22,364082.218388,169831.597953,194250.620435,0.0,0.0,0.0,14071.83,0.0,27403.113409,13.286163
2035-11-27,23,356945.138101,169831.597953,187113.540148,0.0,0.0,0.0,13713.13,0.0,26698.931096,13.369267
2035-11-28,0,366163.725768,170927.510421,195236.215347,0.0,0.0,0.0,12520.52,0.0,25995.794531,14.085499
2035-11-28,1,390850.599859,193732.842717,197117.757142,0.0,0.0,0.0,11458.9,0.0,25513.330403,15.319466
2035-11-28,2,404561.747465,177605.525302,226956.222163,0.0,0.0,0.0,10228.83,0.0,25471.821851,15.882717
2035-11-28,3,428023.543183,179575.080481,248448.462702,0.0,0.0,0.0,9325.01,0.0,25436.182839,16.82735
2035-11-28,4,467236.590193,202316.833212,264919.756981,0.0,0.0,5.529173,8552.95,0.0,25679.771975,18.194733
2035-11-28,5,518311.817661,236764.195975,281547.621686,0.0,0.0,0.0,7689.44,0.0,26222.09516,19.766224
2035-11-28,6,579499.186895,254823.342404,324675.84449,0.0,0.0,0.0,6287.38,0.0,26707.317919,21.698142
2035-11-28,7,643498.740439,304277.497343,339221.243096,0.0,0.0,0.0,5356.45,0.0,27067.395072,23.773944
2035-11-28,8,686299.258658,308930.167964,377369.090694,0.0,0.0,0.0,4170.69,0.0,27554.903983,24.90661
2035-11-28,9,691227.26738,308911.354322,382315.913058,0.0,0.0,0.0,4181.66,0.0,27808.466347,24.85672
2035-11-28,10,641257.181149,308911.354322,332345.826828,0.0,0.0,0.0,5682.79,0.0,27520.83105,23.300793
2035-11-28,11,559433.9325,257292.180276,302141.752224,0.0,0.0,0.0,7287.63,0.0,27089.964768,20.650966
2035-11-28,12,473431.396435,223812.828493,249618.567942,0.0,0.0,0.0,8946.93,0.0,26240.293313,18.042153
2035-11-28,13,379866.405564,172756.84533,207109.560234,0.0,0.0,0.0,10934.94,0.0,25451.851137,14.924903
2035-11-28,14,376152.583581,152720.5097,223432.073881,0.0,0.0,0.0,10291.68,0.0,25021.670046,15.033073
2035-11-28,15,406825.863645,165417.125971,241408.737674,0.0,0.0,0.0,9246.68,0.0,24900.203822,16.338254
2035-11-28,16,447780.07114,204423.453109,243356.618031,0.0,0.0,0.0,8508.93,0.0,25090.533406,17.846574
2035-11-28,17,546265.453432,246867.840846,299397.612585,0.0,0.0,0.0,6293.36,0.0,25577.75761,21.35705
2035-11-28,18,631743.701817,302303.346124,329440.355693,0.0,0.0,0.0,3933.93,0.0,25273.74403,24.996047
2035-11-28,19,672867.335541,301287.19264,371580.142901,0.0,0.0,0.0,2402.94,0.0,25393.331973,26.497796
2035-11-28,20,659850.97213,301186.678865,358664.293265,0.0,0.0,0.0,2930.57,0.0,25487.397597,25.889304
2035-11-28,21,615333.679877,276299.725007,339033.95487,0.0,0.0,0.0,3951.98,0.0,25459.020421,24.169574
2035-11-28,22,571080.175106,254918.331146,316161.84396,0.0,0.0,0.0,4942.01,0.0,25246.787135,22.619915
2035-11-28,23,537165.131152,238470.132996,298694.998156,0.0,0.0,0.0,5621.31,0.0,24932.1629,21.545067
2035-11-29,0,495040.59539,238470.132996,256570.462394,0.0,0.0,0.0,7011.0,0.0,24744.897538,20.005765
2035-11-29,1,415628.160363,181196.665089,234431.495273,0.0,0.0,0.0,8891.46,0.0,24564.977883,16.919541
2035-11-29,2,455427.199983,185894.607519,269532.592464,0.0,0.0,0.0,7471.7,0.0,24596.079066,18.516252
2035-11-29,3,494780.018541,220467.708068,274312.310473,0.0,0.0,0.450878,6545.45,0.0,24587.982616,20.122839
2035-11-29,4,519592.889089,221993.329922,297599.559167,0.0,0.0,0.0,6053.87,0.0,25030.579088,20.758325
2035-11-29,5,565942.643734,248342.52325,317600.120484,0.0,0.0,2.503852,5597.64,0.0,25664.667138,22.051431
2035-11-29,6,581182.963661,248306.521681,332876.441981,0.0,0.0,0.0,5356.14,0.0,26129.683419,22.24225
2035-11-29,7,585278.916324,251515.264766,333763.651558,0.0,0.0,0.0,5534.42,0.0,26365.759591,22.198447
2035-11-29,8,556222.08428,251487.228608,304734.855672,0.0,0.0,0.0,6379.39,0.0,26168.927282,21.255059
2035-11-29,9,500370.252212,214420.897808,285949.354404,0.0,0.0,0.0,7545.68,0.0,26010.248276,19.237427
2035-11-29,10,447377.73243,201282.711238,246095.021192,0.0,0.0,0.0,9222.93,0.0,25900.7113,17.272797
2035-11-29,11,414750.749259,162549.769862,252200.979397,0.0,0.0,3.770205,9941.24,0.0,25949.009277,15.983298
2035-11-29,12,403455.654614,162549.769862,240905.884751,0.0,0.0,0.0,10349.55,0.0,25973.860744,15.533142
2035-11-29,13,362669.484633,155529.531118,207139.953515,0.0,0.0,0.0,11879.04,0.0,26027.358743,13.934164
2035-11-29,14,355667.741072,142794.570498,212873.170574,0.0,0.0,0.0,11908.97,0.0,26005.950627,13.676398
2035-11-29,15,407075.98756,180250.846155,226825.141405,0.0,0.0,0.0,10787.02,0.0,26175.977109,15.551511
2035-11-29,16,452591.729425,180223.57155,272368.157875,0.0,0.0,0.0,9497.21,0.0,26657.310159,16.978147
2035-11-29,17,443170.870294,180223.57155,262947.298744,0.0,0.0,0.0,10253.2,0.0,27077.6587,16.366661
2035-11-29,18,456771.535633,187348.41487,269423.120763,0.0,0.0,0.0,9307.79,0.0,26510.889497,17.229582
2035-11-29,19,469440.63443,187284.331172,282156.303258,0.0,0.0,0.0,8379.48,0.0,26097.578772,17.9879
2035-11-29,20,414852.704641,195212.57298,219640.131661,0.0,0.0,0.0,10289.33,0.0,25751.898575,16.109597
2035-11-29,21,324210.881367,150983.004436,173227.876931,0.0,0.0,0.0,12806.01,0.0,25383.112287,12.7727
2035-11-29,22,282776.380544,121842.814681,160933.565863,0.0,0.0,0.0,13874.13,0.0,24966.90828,11.326047
2035-11-29,23,282133.913547,148162.045739,133971.867808,0.0,0.0,0.0,13998.42,0.0,24375.37526,11.574546
2035-11-30,0,264013.348926,148159.125304,115854.223621,0.0,0.0,0.0,14004.79,0.0,23659.877154,11.158695
2035-11-30,1,230926.868553,96343.802368,134583.066186,0.0,0.0,0.0,13813.8,0.0,23226.215598,9.942509
2035-11-30,2,233324.006016,96343.802368,136980.203649,0.0,0.0,0.0,13441.48,0.0,22980.911254,10.152948
2035-11-30,3,246992.133201,108481.795471,138510.33773,0.0,0.0,0.0,12892.89,0.0,22847.088411,10.810661
2035-11-30,4,285069.328931,108437.4317,176631.897231,0.0,0.0,0.0,11401.27,0.0,22887.402692,12.455294
2035-11-30,5,284175.939635,111070.049896,173105.889739,0.0,0.0,0.0,11757.33,0.0,23197.431207,12.250319
2035-11-30,6,287040.491785,116550.514697,170489.977088,0.0,0.0,0.0,12058.8,0.0,23504.568803,12.212115
2035-11-30,7,303398.1845,132474.696348,170923.488151,0.0,0.0,0.0,11883.44,0.0,23919.623914,12.68407
2035-11-30,8,361279.930588,155819.625199,205460.30539,0.0,0.0,0.0,10518.72,0.0,24526.838241,14.729984
2035-11-30,9,405294.231987,160554.17274,244740.059247,0.0,0.0,0.0,9432.63,0.0,25120.101652,16.134259
2035-11-30,10,407296.979997,159578.268822,247718.711175,0.0,0.0,0.0,9917.04,0.0,25740.428332,15.82324
2035-11-30,11,397581.482846,159578.268822,238003.214024,0.0,0.0,0.0,10797.26,0.0,26248.6172,15.146759
2035-11-30,12,418977.02682,205992.968763,212984.058058,0.0,0.0,0.0,11230.24,0.0,26663.258396,15.713647
2035-11-30,13,503884.578525,205907.128602,297977.449923,0.0,0.0,0.0,8365.97,0.0,27129.824534,18.573087
2035-11-30,14,485573.047556,205907.128602,279665.918954,0.0,0.0,0.0,9201.03,0.0,27279.73619,17.799771
2035-11-30,15,490346.772163,199298.755427,291048.016736,0.0,0.0,0.0,9195.05,0.0,27522.853434,17.815986
2035-11-30,16,465258.277778,199298.755427,265959.522351,0.0,0.0,0.0,10263.4,0.0,27669.7069,16.814717
2035-11-30,17,448597.019581,177373.533272,271223.48631,0.0,0.0,0.0,9996.11,0.0,27215.197135,16.483328
2035-11-30,18,486291.72115,213089.146098,273202.575052,0.0,0.0,0.0,8693.78,0.0,26538.132459,18.324263
2035-11-30,19,520639.430936,212961.627477,307677.803458,0.0,0.0,0.0,6605.04,0.0,25873.661273,20.122372
2035-11-30,20,473448.53525,212961.627477,260486.907773,0.0,0.0,0.0,7892.12,0.0,25417.951108,18.626542
2035-11-30,21,411908.767396,177191.398525,234717.36887,0.0,0.0,0.0,9378.1,0.0,25063.756241,16.434439
2035-11-30,22,416606.462831,163970.472918,252635.989914,0.0,0.0,0.0,8750.44,0.0,24836.544357,16.77393
2035-11-30,23,409058.755052,163970.472918,245088.282135,0.0,0.0,0.0,8460.6,0.0,24264.297874,16.858462
2035-12-01,0,390644.11325,158950.4658,231693.64745,0.0,0.0,0.0,8087.14,0.0,23296.999263,16.768001
2035-12-01,1,387404.36934,155658.049672,231746.319668,0.0,0.0,0.0,7655.83,0.0,22796.353254,16.994138
2035-12-01,2,425412.186147,177437.748558,247974.437589,0.0,0.0,0.0,6520.48,0.0,22526.737273,18.884767
2035-12-01,3,438181.605357,184073.052526,254108.552831,0.0,0.0,0.0,5948.45,0.0,22332.17556,19.621089
2035-12-01,4,441546.873555,177234.01215,264312.861406,0.0,0.0,0.0,5610.72,0.0,22359.095503,19.747976
2035-12-01,5,445418.213682,176689.801799,268728.411884,0.0,0.0,0.0,5340.82,0.0,22280.139016,19.991716
2035-12-01,6,438636.577563,180386.483859,258250.093704,0.0,0.0,0.0,5541.04,0.0,22168.322262,19.786638
2035-12-01,7,462943.027181,188256.885715,274686.141466,0.0,0.0,0.0,5386.84,0.0,22716.87184,20.378819
2035-12-01,8,527785.133664,252119.561018,275665.572647,0.0,0.0,0.0,5148.25,0.0,23616.68081,22.347981
2035-12-01,9,528391.974506,251728.155564,276663.818942,0.0,0.0,0.0,5313.0,0.0,23860.169173,22.145357
2035-12-01,10,466427.063074,191218.716926,275208.346148,0.0,0.0,0.0,6291.81,0.0,23733.743227,19.652486
2035-12-01,11,439330.28066,188705.18001,250625.10065,0.0,0.0,0.0,6695.74,0.0,23185.41782,18.94856
2035-12-01,12,388401.281877,154725.997355,233675.284522,0.0,0.0,0.0,7759.25,0.0,23094.503348,16.81791
2035-12-01,13,352500.499984,138281.235495,214219.264489,0.0,0.0,0.0,8854.51,0.0,23088.467931,15.267384
2035-12-01,14,356562.931218,138281.235495,218281.695723,0.0,0.0,0.0,8537.44,0.0,22925.603771,15.553044
2035-12-01,15,389529.838882,155047.617656,234482.221226,0.0,0.0,0.0,7886.43,0.0,23141.025513,16.832868
2035-12-01,16,450980.655833,214402.769164,236577.886669,0.0,0.0,0.0,7119.1,0.0,23549.786808,19.150095
2035-12-01,17,552281.535518,257966.480766,294315.054752,0.0,0.0,0.0,5086.34,0.0,24429.777691,22.6069
2035-12-01,18,649500.918673,301735.454476,347765.464197,0.0,0.0,0.0,3254.14,0.0,25362.386939,25.608825
2035-12-01,19,689194.386021,306420.28772,382774.098301,0.0,0.0,0.0,1983.83,0.0,25567.248314,26.956142
2035-12-01,20,681170.891613,311121.992161,370048.899452,0.0,0.0,0.0,2213.52,0.0,25450.667454,26.764363
2035-12-01,21,652863.659363,294643.990217,358219.669146,0.0,0.0,0.0,2683.71,0.0,25190.574292,25.916982
2035-12-01,22,615180.557,276590.773535,338589.783465,0.0,0.0,0.0,3135.18,0.0,24605.163679,25.002092
2035-12-01,23,585375.223695,250670.306267,334704.917428,0.0,0.0,0.0,3174.23,0.0,24052.937894,24.336953
2035-12-02,0,573568.962796,245979.591978,327589.370818,0.0,0.0,0.0,3120.25,0.0,23623.103126,24.280001
2035-12-02,1,577127.898266,254713.270634,322414.627632,0.0,0.0,0.0,3179.71,0.0,23503.996337,24.554458
2035-12-02,2,603841.164309,272767.941711,331073.222597,0.0,0.0,0.0,2554.9,0.0,23538.070614,25.653809
2035-12-02,3,623620.314831,277457.011572,346163.303258,0.0,0.0,0.0,2154.84,0.0,23823.382789,26.176816
2035-12-02,4,662076.190078,303362.901815,358713.288263,0.0,0.0,0.0,1983.97,0.0,24496.723704,27.027132
2035-12-02,5,744822.894337,368062.457555,376760.436782,0.0,0.0,0.0,1919.12,0.0,25933.261885,28.720756
2035-12-02,6,809395.142032,391462.39496,417932.747072,0.0,0.0,0.0,1996.14,0.0,27925.477433,28.984111
2035-12-02,7,826277.362104,395352.356226,430925.005878,0.0,0.0,0.0,2216.98,0.0,28713.125209,28.776992
2035-12-02,8,813076.597783,395251.842452,417824.755331,0.0,0.0,0.0,1904.78,0.0,27989.786726,29.049046
2035-12-02,9,759096.180384,375631.490849,383464.689535,0.0,0.0,0.0,2019.94,0.0,26690.531093,28.440655
2035-12-02,10,661130.023439,314622.530979,346507.49246,0.0,0.0,0.0,3015.26,0.0,25469.465053,25.957751
2035-12-02,11,592808.201323,269595.455635,323212.745688,0.0,0.0,0.0,3585.79,0.0,24390.126122,24.305254
2035-12-02,12,538671.893032,242119.790203,296552.102829,0.0,0.0,0.0,4490.97,0.0,23714.192683,22.715169
2035-12-02,13,476986.108245,197635.458702,279350.649543,0.0,0.0,0.0,5607.62,0.0,23498.018864,20.298992
2035-12-02,14,474894.09316,194795.429021,280098.664139,0.0,0.0,0.0,5701.68,0.0,23551.074511,20.164434
2035-12-02,15,492356.715321,199922.837092,292433.878228,0.0,0.0,0.0,5486.25,0.0,23816.909113,20.67257
2035-12-02,16,554562.979425,260047.558665,294515.42076,0.0,0.0,0.0,5321.41,0.0,24649.355751,22.498072
2035-12-02,17,654499.562842,311201.386257,343298.176586,0.0,0.0,0.0,3964.87,0.0,26051.380232,25.123412
2035-12-02,18,728156.496061,344969.480225,383187.015836,0.0,0.0,0.0,2864.53,0.0,27056.979627,26.911965
2035-12-02,19,753065.36208,344629.456279,408435.905801,0.0,0.0,0.0,2126.64,0.0,27342.934417,27.541498
2035-12-02,20,733931.709086,342210.626782,391721.082304,0.0,0.0,0.0,2989.3,0.0,27594.144103,26.597372
2035-12-02,21,684235.896705,325974.907316,358260.989389,0.0,0.0,0.0,4399.06,0.0,27526.682499,24.857187
2035-12-02,22,613972.494508,282001.223367,331971.271141,0.0,0.0,0.0,5612.09,0.0,27033.246065,22.711756
2035-12-02,23,589978.614271,251616.533261,338362.081009,0.0,0.0,4.118099,5697.26,0.0,26737.616454,22.06549
2035-12-03,0,581122.454142,251616.533261,329505.920881,0.0,0.0,0.0,5827.52,0.0,26545.749723,21.891356
2035-12-03,1,581187.147482,260104.80605,321082.341431,0.0,0.0,0.0,5970.5,0.0,26532.446857,21.90477
2035-12-03,2,604895.793742,264784.523625,340111.270117,0.0,0.0,0.0,5402.48,0.0,26785.398626,22.583042
2035-12-03,3,655156.961184,308741.512966,346415.448218,0.0,0.0,0.0,4985.6,0.0,27215.860267,24.072616
2035-12-03,4,691549.465298,321704.455582,369845.009715,0.0,0.0,0.0,4562.88,0.0,27958.91072,24.734492
2035-12-03,5,769841.663401,384005.727703,385835.935698,0.0,0.0,0.0,4561.73,0.0,29318.413922,26.257957
2035-12-03,6,822216.912583,401737.258142,420479.654441,0.0,0.0,0.0,4490.31,0.0,30973.577023,26.545753
2035-12-03,7,830522.155091,401730.633101,428791.52199,0.0,0.0,0.0,4426.5,0.0,31248.053359,26.578365
2035-12-03,8,787406.406742,401730.633101,385675.773641,0.0,0.0,0.0,4371.79,0.0,29652.888616,26.554121
2035-12-03,9,676070.598265,340293.402422,335777.195844,0.0,0.0,0.0,4943.48,0.0,27431.078769,24.646154
2035-12-03,10,536337.96776,264754.719831,271583.247929,0.0,0.0,0.0,6769.99,0.0,25612.391061,20.940566
2035-12-03,11,460886.833132,184900.498082,275986.33505,0.0,0.0,0.0,7102.68,0.0,24559.200396,18.766362
2035-12-03,12,405453.192307,184900.498082,220552.694224,0.0,0.0,0.0,8394.92,0.0,23779.684358,17.050403
2035-12-03,13,318168.15171,127627.030176,190541.121534,0.0,0.0,0.0,10498.82,0.0,23538.322192,13.517028
2035-12-03,14,333450.568336,127627.030176,205823.53816,0.0,0.0,0.0,9972.99,0.0,23545.971432,14.161682
2035-12-03,15,368543.130038,149558.450106,218984.679931,0.0,0.0,0.0,9404.66,0.0,23853.646441,15.45018
2035-12-03,16,402006.633689,185041.794557,216964.839132,0.0,0.0,0.0,9397.06,0.0,24566.338037,16.364125
2035-12-03,17,540703.468041,260284.281126,280419.186915,0.0,0.0,0.0,6770.62,0.0,25592.281268,21.127599
2035-12-03,18,656744.198767,324156.35155,332587.847218,0.0,0.0,0.0,4187.49,0.0,26136.266204,25.127698
2035-12-03,19,694773.481085,324057.682956,370715.798129,0.0,0.0,0.0,2653.14,0.0,26213.800871,26.504111
2035-12-03,20,686671.105207,324057.682956,362613.42225,0.0,0.0,0.0,2857.99,0.0,26119.229067,26.289869
2035-12-03,21,643040.618884,298137.215689,344903.403195,0.0,0.0,0.0,3436.62,0.0,25618.516283,25.100619
2035-12-03,22,596733.799161,280083.999007,316649.800154,0.0,0.0,0.0,3964.96,0.0,24780.140554,24.081131
2035-12-03,23,597711.418073,296327.136645,301384.281427,0.0,0.0,0.0,3633.46,0.0,24056.384357,24.84627
2035-12-04,0,590740.120893,296319.718472,294420.402421,0.0,0.0,0.0,3251.74,0.0,23401.5783,25.243602
2035-12-04,1,561793.186465,240309.232101,321483.954364,0.0,0.0,0.0,2952.3,0.0,23147.948084,24.269675
2035-12-04,2,571748.70945,243173.593567,328575.115883,0.0,0.0,0.0,2740.23,0.0,23243.52077,24.598197
2035-12-04,3,580503.253359,243149.261783,337353.991576,0.0,0.0,0.0,2636.3,0.0,23475.822157,24.727707
2035-12-04,4,631265.097855,293907.996379,337357.101476,0.0,0.0,0.0,2519.29,0.0,24079.436794,26.215941
2035-12-04,5,715369.165289,347419.086389,367950.0789,0.0,0.0,0.0,1809.35,0.0,25338.398555,28.232612
2035-12-04,6,778909.242187,367079.912058,411829.330128,0.0,0.0,0.0,1348.94,0.0,26855.998894,29.003175
2035-12-04,7,794138.855853,366741.799423,427397.056429,0.0,0.0,0.0,1133.24,0.0,27177.95964,29.219959
2035-12-04,8,773358.799438,366741.799423,406617.000015,0.0,0.0,0.0,797.33,0.0,26261.899092,29.447939
2035-12-04,9,720605.60981,344824.007193,375781.602617,0.0,0.0,0.0,1044.86,0.0,25081.938524,28.73006
2035-12-04,10,642620.192288,318903.539926,323716.652362,0.0,0.0,0.0,2397.79,0.0,24075.034273,26.69239
2035-12-04,11,567003.170839,253938.025321,313065.145518,0.0,0.0,0.0,3216.65,0.0,23352.710119,24.279973
2035-12-04,12,515975.109255,216871.694521,299103.414734,0.0,0.0,0.0,4094.28,0.0,23099.768309,22.336809
2035-12-04,13,496240.778587,201403.802196,294836.976391,0.0,0.0,0.0,4727.01,0.0,23277.649899,21.318337
2035-12-04,14,499437.685765,208752.565531,290685.120234,0.0,0.0,0.0,5011.08,0.0,23487.667635,21.263826
2035-12-04,15,513214.206065,211145.08606,302069.120004,0.0,0.0,0.0,4940.39,0.0,23859.888227,21.509497
2035-12-04,16,550471.766254,247153.132332,303318.633922,0.0,0.0,0.0,4857.57,0.0,24438.701062,22.524592
2035-12-04,17,624997.391314,285725.701235,339271.690079,0.0,0.0,0.0,3693.23,0.0,25250.562366,24.751821
2035-12-04,18,667661.492304,298596.763853,369064.728451,0.0,0.0,0.0,2600.48,0.0,25587.294444,26.093478
2035-12-04,19,678593.13924,301844.44388,376748.69536,0.0,0.0,0.0,2009.53,0.0,25364.494003,26.753664
2035-12-04,20,645189.467876,299471.619005,345717.848871,0.0,0.0,0.0,2896.73,0.0,25095.440165,25.70943
2035-12-04,21,567370.747835,261314.656741,306056.091094,0.0,0.0,0.0,4464.68,0.0,24527.418459,23.132102
2035-12-04,22,479467.371057,211067.82479,268399.546267,0.0,0.0,0.0,5810.44,0.0,23571.167934,20.341265
2035-12-04,23,418215.907643,175271.389272,242944.518372,0.0,0.0,0.0,6524.18,0.0,22507.400812,18.581262
2035-12-05,0,378310.992675,175271.389272,203039.603404,0.0,0.0,0.0,7239.8,0.0,21717.54287,17.419604
2035-12-05,1,346949.726326,140682.417901,206267.308425,0.0,0.0,0.0,7565.66,0.0,21381.665021,16.226506
2035-12-05,2,356134.361073,140682.417901,215451.943172,0.0,0.0,0.0,7177.24,0.0,21341.558586,16.687364
2035-12-05,3,371089.71333,144163.000343,226926.712987,0.0,0.0,0.0,6769.15,0.0,21435.093182,17.312251
2035-12-05,4,409941.606162,181459.554177,228482.051985,0.0,0.0,0.0,6431.83,0.0,21946.341517,18.679269
2035-12-05,5,467733.128776,205996.879994,261736.248781,0.0,0.0,0.0,5888.56,0.0,23199.736309,20.16114
2035-12-05,6,522351.406594,222360.636309,299990.770284,0.0,0.0,0.0,5431.0,0.0,24561.108047,21.26742
2035-12-05,7,535510.362311,222355.326753,313155.035558,0.0,0.0,0.0,5247.81,0.0,24902.583829,21.504209
2035-12-05,8,515994.177626,222355.326753,293638.850874,0.0,0.0,0.0,5504.97,0.0,24471.994483,21.085089
2035-12-05,9,468780.480218,201227.999815,267552.480404,0.0,0.0,0.0,6379.87,0.0,23920.433492,19.597491
2035-12-05,10,397210.687583,181432.279572,215778.40801,0.0,0.0,0.0,8284.51,0.0,23414.880131,16.964028
2035-12-05,11,341305.206496,124158.811666,217146.39483,0.0,0.0,0.0,9213.05,0.0,23218.782364,14.699531
2035-12-05,12,320679.821991,121318.781984,199361.040007,0.0,0.0,0.0,10022.13,0.0,23286.022987,13.771344
2035-12-05,13,292422.852002,118757.195746,173665.656256,0.0,0.0,0.0,11424.72,0.0,23621.311963,12.379619
2035-12-05,14,305707.306509,118757.195746,186950.110763,0.0,0.0,0.0,11290.61,0.0,24002.090857,12.736695
2035-12-05,15,322364.057292,118757.195746,203606.861546,0.0,0.0,0.0,11015.84,0.0,24355.839998,13.235596
2035-12-05,16,352280.244459,159694.053844,192586.190615,0.0,0.0,0.0,11023.44,0.0,24785.651278,14.213072
2035-12-05,17,405579.303006,172248.87209,233330.430916,0.0,0.0,0.0,9551.5,0.0,25210.236262,16.087882
2035-12-05,18,482161.27827,222449.731424,259711.546845,0.0,0.0,0.0,8094.32,0.0,25605.48153,18.830393
2035-12-05,19,525353.187622,222355.326753,302997.86087,0.0,0.0,0.0,6166.62,0.0,25480.593547,20.617777
2035-12-05,20,490818.024117,222355.326753,268462.697365,0.0,0.0,0.0,7106.17,0.0,25133.380627,19.528532
2035-12-05,21,440613.368646,194167.240192,246446.128453,0.0,0.0,0.0,7870.02,0.0,24453.312451,18.018556
2035-12-05,22,417890.114981,194167.240192,223722.874788,0.0,0.0,0.0,7623.5,0.0,23343.083829,17.902095
2035-12-05,23,391930.18166,172242.018037,219688.163623,0.0,0.0,0.0,6844.97,0.0,22053.894452,17.771473
2035-12-06,0,357337.90004,137653.046667,219684.853374,0.0,0.0,0.0,6622.83,0.0,21046.776844,16.978272
2035-12-06,1,330575.753346,124918.086046,205657.667299,0.0,0.0,0.0,6902.7,0.0,20505.180667,16.121572
2035-12-06,2,350943.531104,124918.086046,226025.445058,0.0,0.0,0.0,6046.81,0.0,20404.436779,17.199374
2035-12-06,3,329979.481388,124918.086046,205061.395341,0.0,0.0,0.0,6797.0,0.0,20375.351411,16.195033
2035-12-06,4,329321.084775,146849.505977,182471.578798,0.0,0.0,0.0,7947.73,0.0,20955.603683,15.71518
2035-12-06,5,383068.677559,181435.222393,201633.455166,0.0,0.0,0.0,7782.95,0.0,22289.83673,17.1858
2035-12-06,6,422311.957042,181432.279572,240879.67747,0.0,0.0,0.0,8352.44,0.0,24349.472675,17.343782
2035-12-06,7,412804.503471,181432.279572,231372.223899,0.0,0.0,0.0,9475.62,0.0,24937.865984,16.553321
2035-12-06,8,421569.036683,181432.279572,240136.75711,0.0,0.0,0.0,8868.53,0.0,24812.490517,16.990194
2035-12-06,9,449212.687958,181432.279572,267780.408386,0.0,0.0,0.0,7955.77,0.0,24995.774571,17.971545
2035-12-06,10,435003.921077,181432.279572,253571.641504,0.0,0.0,0.0,8499.26,0.0,25046.793957,17.367649
2035-12-06,11,451905.674504,181432.279572,270473.394932,0.0,0.0,0.0,8039.81,0.0,25212.003003,17.924227
2035-12-06,12,453833.493356,181432.279572,272401.213783,0.0,0.0,0.0,8332.45,0.0,25574.130588,17.745803
2035-12-06,13,434912.398728,181432.279572,253480.119156,0.0,0.0,0.0,9392.66,0.0,25937.074818,16.767982
2035-12-06,14,452608.187529,188557.122892,264051.064636,0.0,0.0,0.0,9148.36,0.0,26215.713237,17.264767
2035-12-06,15,467272.266684,188493.039194,278779.22749,0.0,0.0,0.0,8610.98,0.0,26262.786069,17.792182
2035-12-06,16,496679.021006,223017.240644,273661.780363,0.0,0.0,0.0,8220.77,0.0,26304.512031,18.881894
2035-12-06,17,581062.292993,264611.641679,316450.651314,0.0,0.0,0.0,5943.81,0.0,26314.795204,22.081201
2035-12-06,18,659985.664394,308565.710585,351419.953809,0.0,0.0,0.0,3863.19,0.0,26283.126872,25.110622
2035-12-06,19,689607.620622,308552.6014,381055.019222,0.0,0.0,0.0,2283.93,0.0,25913.49264,26.611913
2035-12-06,20,665980.392125,308552.6014,357427.790725,0.0,0.0,0.0,2816.7,0.0,25599.525143,26.015342
2035-12-06,21,615095.56526,277941.419843,337154.145417,0.0,0.0,0.0,3656.67,0.0,25170.26405,24.43739
2035-12-06,22,570908.067908,259888.203161,311019.864747,0.0,0.0,0.0,4325.35,0.0,24559.645303,23.245778
2035-12-06,23,555908.823259,243440.00501,312468.818248,0.0,0.0,0.0,3919.55,0.0,23852.77825,23.305831
2035-12-07,0,548778.882588,243440.00501,305338.877578,0.0,0.0,0.0,3511.0,0.0,23182.637189,23.671978
2035-12-07,1,544401.816817,243440.00501,300961.811807,0.0,0.0,0.0,3352.36,0.0,22858.552395,23.816111
2035-12-07,2,549205.575659,243440.00501,305765.570648,0.0,0.0,0.0,3137.42,0.0,22824.780748,24.061812
2035-12-07,3,556387.242725,244032.887021,312354.355704,0.0,0.0,0.0,2971.12,0.0,22903.997363,24.292146
2035-12-07,4,581951.986294,259858.94503,322093.041264,0.0,0.0,0.0,2890.87,0.0,23358.188754,24.91426
2035-12-07,5,628213.559371,294367.123814,333846.435557,0.0,0.0,0.0,2632.26,0.0,24135.19964,26.028936
2035-12-07,6,659035.549297,294352.941689,364682.607607,0.0,0.0,0.0,2398.77,0.0,25097.722143,26.258779
2035-12-07,7,711936.581078,334786.876532,377149.704545,0.0,0.0,0.0,2305.4,0.0,25919.706139,27.467
2035-12-07,8,735570.041406,334691.154043,400878.887363,0.0,0.0,0.0,1688.23,0.0,26367.712303,27.89662
2035-12-07,9,726905.930106,334691.154043,392214.776063,0.0,0.0,0.0,1757.81,0.0,26162.065374,27.78473
2035-12-07,10,672789.775616,322637.193543,350152.582072,0.0,0.0,0.0,2977.13,0.0,25677.459245,26.201571
2035-12-07,11,615712.33035,278117.222224,337595.108126,0.0,0.0,0.0,3728.81,0.0,25263.681177,24.371442
2035-12-07,12,570196.267384,260064.005542,310132.261842,0.0,0.0,0.0,4673.04,0.0,24879.142735,22.918646
2035-12-07,13,513056.908755,222997.674742,290059.234012,0.0,0.0,0.0,5624.24,0.0,24473.369569,20.963885
2035-12-07,14,483888.591468,206549.476591,277339.114877,0.0,0.0,0.0,6080.69,0.0,24110.252645,20.069827
2035-12-07,15,468327.900646,184624.254436,283703.64621,0.0,0.0,0.0,6273.96,0.0,24144.221453,19.397101
2035-12-07,16,491215.036199,223009.182074,268205.854125,0.0,0.0,0.0,6724.79,0.0,24641.641281,19.934347
2035-12-07,17,566922.742961,260066.925977,306855.816984,0.0,0.0,0.0,5137.01,0.0,25121.428361,22.567297
2035-12-07,18,620469.002824,282846.612876,337622.389948,0.0,0.0,0.0,3721.61,0.0,25284.269926,24.539724
2035-12-07,19,646471.042236,282807.936513,363663.105723,0.0,0.0,0.0,2533.87,0.0,25100.295712,25.755515
2035-12-07,20,622897.72409,282807.936513,340089.787576,0.0,0.0,0.0,3364.66,0.0,25087.353023,24.829153
2035-12-07,21,573705.880467,260064.005542,313641.874924,0.0,0.0,0.0,4690.76,0.0,25026.90517,22.923565
2035-12-07,22,528463.655982,222997.674742,305465.98124,0.0,0.0,0.0,5535.95,0.0,24903.623029,21.220352
2035-12-07,23,521443.948106,222997.674742,298446.273364,0.0,0.0,0.0,5657.9,0.0,24773.97576,21.048053
2035-12-08,0,497655.543945,222997.674742,274657.869202,0.0,0.0,0.0,5983.47,0.0,24247.564223,20.52394
2035-12-08,1,458451.651913,182074.627562,276377.024352,0.0,0.0,0.0,6483.15,0.0,23883.353039,19.195448
2035-12-08,2,461945.75731,182074.627562,279871.129748,0.0,0.0,0.0,6363.9,0.0,23890.046897,19.336327
2035-12-08,3,462765.844428,183519.093792,279246.750636,0.0,0.0,0.0,6319.65,0.0,23836.551361,19.414127
2035-12-08,4,468255.594666,185136.56235,283119.032316,0.0,0.0,0.0,6179.84,0.0,23859.676733,19.625396
2035-12-08,5,440360.463878,185052.810232,255307.653646,0.0,0.0,0.0,7122.0,0.0,23784.8267,18.514344
2035-12-08,6,412402.879051,190002.869369,222400.009681,0.0,0.0,0.0,8100.85,0.0,23551.320189,17.510818
2035-12-08,7,386324.606763,159185.977046,227138.629717,0.0,0.0,0.0,9025.69,0.0,23900.569153,16.163825
2035-12-08,8,405062.224816,159163.99018,245898.234636,0.0,0.0,0.0,8915.34,0.0,24498.004895,16.534498
2035-12-08,9,400943.625248,159163.99018,241779.635068,0.0,0.0,0.0,8736.41,0.0,24252.423763,16.532105
2035-12-08,10,353565.7323,151253.999685,202311.732615,0.0,0.0,0.0,9635.55,0.0,23556.598583,15.009201
2035-12-08,11,317313.480687,128433.896862,188879.583824,0.0,0.0,0.0,9844.36,0.0,22745.513793,13.950596
2035-12-08,12,300162.634602,117832.359479,182330.275123,0.0,0.0,0.0,10223.15,0.0,22497.757925,13.341891
2035-12-08,13,250186.621473,95907.137323,154279.48415,0.0,0.0,0.0,11674.86,0.0,22492.363376,11.123181
2035-12-08,14,252547.056694,95907.137323,156639.919371,0.0,0.0,0.0,11791.84,0.0,22709.484838,11.120774
2035-12-08,15,277741.790335,108163.033867,169578.756468,0.0,0.0,0.0,11503.69,0.0,23128.756643,12.008505
2035-12-08,16,314920.949612,153353.906522,161567.04309,0.0,0.0,0.0,11453.28,0.0,23846.78806,13.206011
2035-12-08,17,401790.845493,175277.587046,226513.258447,0.0,0.0,0.0,9812.98,0.0,25111.224823,16.000448
2035-12-08,18,499517.480436,240696.530559,258820.949878,0.0,0.0,0.0,8215.56,0.0,25918.532792,19.272599
2035-12-08,19,576395.684847,241039.480075,335356.204772,0.0,0.0,0.0,5115.6,0.0,25860.215655,22.288897
2035-12-08,20,516312.969229,240875.089043,275437.880186,0.0,0.0,0.0,7016.83,0.0,25622.694314,20.150612
2035-12-08,21,400267.426896,188959.584803,211307.842093,0.0,0.0,0.0,10117.0,0.0,25204.881302,15.880552
2035-12-08,22,310078.328964,136241.770818,173836.558146,0.0,0.0,0.0,12073.66,0.0,24369.610638,12.723976
2035-12-08,23,288666.216855,127866.954859,160799.261996,0.0,0.0,0.0,12479.83,0.0,23615.426527,12.223629
2035-12-09,0,267548.283232,127859.536686,139688.746546,0.0,0.0,0.0,12557.07,0.0,22846.155455,11.710867
2035-12-09,1,242249.956553,100685.372596,141564.583957,0.0,0.0,0.0,12528.94,0.0,22393.658638,10.817793
2035-12-09,2,255834.935808,105609.140588,150225.795219,0.0,0.0,0.0,11860.31,0.0,22229.296932,11.508908
2035-12-09,3,279306.110298,116203.735987,163102.374311,0.0,0.0,0.0,11022.49,0.0,22243.763383,12.556603
2035-12-09,4,320731.964891,140512.211113,180219.753778,0.0,0.0,0.0,10033.89,0.0,22614.725562,14.182439
2035-12-09,5,361252.551633,160016.430516,201236.121117,0.0,0.0,0.0,9627.27,0.0,23511.595669,15.364867
2035-12-09,6,446955.304903,203080.387297,243874.917607,0.0,0.0,0.0,8469.35,0.0,24860.046505,17.97886
2035-12-09,7,500150.145047,205414.066652,294736.078395,0.0,0.0,0.0,6667.57,0.0,25250.613639,19.807445
2035-12-09,8,516321.749477,220325.300954,295996.448522,0.0,0.0,0.0,6160.86,0.0,24946.965025,20.696776
2035-12-09,9,510886.128746,229591.527314,281294.601432,0.0,0.0,0.0,6126.89,0.0,24473.262448,20.875277
2035-12-09,10,449071.482852,190288.107765,258783.375087,0.0,0.0,0.0,7223.77,0.0,24153.899048,18.592091
2035-12-09,11,456279.421242,175710.236547,280569.184695,0.0,0.0,0.0,6469.31,0.0,24026.088362,18.990999
2035-12-09,12,437871.309677,175710.236547,262161.07313,0.0,0.0,0.0,7162.75,0.0,24049.618321,18.206996
2035-12-09,13,413010.990087,162975.275927,250035.71416,0.0,0.0,0.0,8236.88,0.0,24362.01662,16.953071
2035-12-09,14,451155.909335,185768.723004,265387.186331,0.0,0.0,0.0,7564.66,0.0,24669.41925,18.288064
2035-12-09,15,477308.018997,190141.112628,287166.906369,0.0,0.0,0.0,6991.01,0.0,25093.226129,19.021389
2035-12-09,16,529920.879913,241472.288273,288448.59164,0.0,0.0,0.0,6840.39,0.0,25800.533139,20.539145
2035-12-09,17,611538.322985,280320.423889,331217.899097,0.0,0.0,0.0,5642.86,0.0,26889.432322,22.742701
2035-12-09,18,639991.603059,280233.751336,359757.851723,0.0,0.0,0.0,5044.26,0.0,27443.068234,23.320702
2035-12-09,19,629676.258477,279961.020759,349715.237717,0.0,0.0,0.0,5161.8,0.0,27171.722024,23.173955
2035-12-09,20,575328.318449,285387.949238,289940.369212,0.0,0.0,0.0,7045.06,0.0,26794.622356,21.471783
2035-12-09,21,456641.155946,217639.521661,239001.634285,0.0,0.0,0.0,9534.67,0.0,26192.701458,17.433908
2035-12-09,22,361952.815157,163079.027667,198873.78749,0.0,0.0,0.0,11264.94,0.0,25127.003259,14.404934
2035-12-09,23,312108.953698,141363.134342,170745.819356,0.0,0.0,0.0,12152.84,0.0,24114.800666,12.94263
2035-12-10,0,286495.267352,144227.495808,142267.771544,0.0,0.0,0.0,12524.36,0.0,23413.910487,12.236114
2035-12-10,1,273895.235256,121043.462554,152851.772701,0.0,0.0,0.0,12354.39,0.0,22944.639277,11.937221
2035-12-10,2,281256.090773,141876.994324,139379.096449,0.0,0.0,0.0,12355.23,0.0,22707.720591,12.385924
2035-12-10,3,280024.758795,141874.073889,138150.684906,0.0,0.0,0.0,12257.51,0.0,22630.859435,12.37358
2035-12-10,4,305156.586596,141874.073889,163282.512707,0.0,0.0,0.0,11717.64,0.0,23081.30622,13.220941
2035-12-10,5,328095.613629,154726.083689,173369.52994,0.0,0.0,0.0,12194.35,0.0,24140.2121,13.591248
2035-12-10,6,369972.162489,189288.007997,180684.154492,0.0,0.0,0.0,12719.54,0.0,25645.440967,14.42643
2035-12-10,7,391909.344564,193634.928822,198274.415742,0.0,0.0,0.0,12509.91,0.0,26362.595333,14.866114
2035-12-10,8,441523.186488,227028.707017,214494.479471,0.0,0.0,0.0,10673.72,0.0,26257.083086,16.815394
2035-12-10,9,517888.121557,243063.210794,274824.910762,0.0,0.0,0.0,7660.48,0.0,26062.969644,19.870649
2035-12-10,10,553141.908018,242973.459402,310168.448616,0.0,0.0,0.0,6037.8,0.0,25880.180089,21.373186
2035-12-10,11,552714.740368,242973.459402,309741.280966,0.0,0.0,0.0,6226.91,0.0,26054.676469,21.213648
2035-12-10,12,536660.469744,242973.459402,293687.010342,0.0,0.0,0.0,6671.31,0.0,25904.77986,20.716658
2035-12-10,13,498955.958088,205907.128602,293048.829486,0.0,0.0,0.0,7321.98,0.0,25886.778168,19.274548
2035-12-10,14,518500.342165,223584.45496,294915.887204,0.0,0.0,0.0,6889.63,0.0,25780.578851,20.112052
2035-12-10,15,562484.618676,260066.925977,302417.692699,0.0,0.0,0.0,6447.51,0.0,26233.281322,21.441642
2035-12-10,16,640134.262057,314474.785304,325659.476754,0.0,0.0,0.0,5583.85,0.0,27110.116834,23.612376
2035-12-10,17,746668.272726,370414.123131,376254.149595,0.0,0.0,0.0,4099.24,0.0,28352.109449,26.335546
2035-12-10,18,817721.424921,395457.383989,422264.040933,0.0,0.0,0.0,2589.55,0.0,28944.054288,28.251793
2035-12-10,19,824030.168996,395449.463194,428580.705803,0.0,0.0,0.0,2296.41,0.0,28892.244068,28.520809
2035-12-10,20,812541.855449,395449.463194,417092.392256,0.0,0.0,0.0,2509.51,0.0,28731.446977,28.280576
2035-12-10,21,762745.197842,370248.12752,392497.070322,0.0,0.0,0.0,3305.1,0.0,28354.241986,26.900567
2035-12-10,22,680424.725076,348203.392916,332221.33216,0.0,0.0,0.0,5069.52,0.0,27510.621119,24.733165
2035-12-10,23,638513.026014,286027.212719,352485.813295,0.0,0.0,0.0,4607.12,0.0,26759.175357,23.861461
2035-12-11,0,626633.848022,286027.212719,340606.635302,0.0,0.0,0.0,4482.28,0.0,26217.916887,23.900978
2035-12-11,1,620976.487474,277579.740438,343396.747036,0.0,0.0,0.0,4463.19,0.0,26079.739632,23.810686
2035-12-11,2,651575.058028,293822.878077,357752.179951,0.0,0.0,0.0,3919.18,0.0,26235.783345,24.835357
2035-12-11,3,678741.772905,309433.233764,369308.539142,0.0,0.0,3.194157,3451.75,0.0,26517.976507,25.595534
2035-12-11,4,723112.803244,341431.879829,381680.923415,0.0,0.0,7.545523,3197.52,0.0,27217.823202,26.567621
2035-12-11,5,784919.307638,383752.227598,401167.080041,0.0,0.0,0.0,3176.69,0.0,28509.249336,27.532093
2035-12-11,6,813334.899326,386439.085332,426895.813993,0.0,0.0,0.0,3240.2,0.0,29603.842422,27.473964
2035-12-11,7,820279.444015,390523.084339,429756.359676,0.0,0.0,0.0,3298.14,0.0,29863.343095,27.46777
2035-12-11,8,818927.056571,390500.259295,428426.797276,0.0,0.0,0.0,3095.69,0.0,29644.769866,27.624672
2035-12-11,9,784913.552627,384639.092483,400274.460144,0.0,0.0,0.0,3286.39,0.0,28781.911441,27.271071
2035-12-11,10,696305.75064,341089.742531,355216.008109,0.0,0.0,0.0,4494.19,0.0,27725.954028,25.113861
2035-12-11,11,600605.039069,280481.006811,320124.032258,0.0,0.0,0.0,5666.99,0.0,26600.697434,22.578545
2035-12-11,12,517414.925929,235905.217029,281509.7089,0.0,0.0,0.0,7133.21,0.0,25849.80012,20.016206
2035-12-11,13,435722.414665,198111.386067,237611.028597,0.0,0.0,0.0,9265.21,0.0,25606.036973,17.016394
2035-12-11,14,417231.111203,168220.357126,249010.754077,0.0,0.0,0.0,9457.05,0.0,25517.869676,16.350546
2035-12-11,15,423419.353501,168201.543484,255217.810017,0.0,0.0,0.0,9415.72,0.0,25733.144539,16.454241
2035-12-11,16,467983.15082,212411.848334,255571.302486,0.0,0.0,2.46021,9482.38,0.0,26623.654736,17.57772
2035-12-11,17,599194.872693,297146.601109,302048.271584,0.0,0.0,6.461842,7582.43,0.0,27825.974402,21.533653
2035-12-11,18,713365.610233,354087.569556,359278.040677,0.0,0.0,0.0,5638.11,0.0,29081.986289,24.529467
2035-12-11,19,766850.845114,354063.903158,412786.941956,0.0,0.0,0.0,4059.21,0.0,29598.001145,25.908873
2035-12-11,20,729670.495559,354063.903158,375606.592401,0.0,0.0,0.0,5549.49,0.0,29768.075326,24.511847
2035-12-11,21,626030.853305,310469.028327,315561.824978,0.0,0.0,0.0,8248.64,0.0,29519.132143,21.207631
2035-12-11,22,530642.844774,242973.459402,287669.385372,0.0,0.0,0.0,9712.23,0.0,28706.948298,18.484823
2035-12-11,23,500873.930033,212209.201518,288664.728515,0.0,0.0,0.0,9735.41,0.0,28018.736999,17.876392
2035-12-12,0,496654.558927,219076.073863,277578.485064,0.0,0.0,0.0,9454.58,0.0,27459.983635,18.086484
2035-12-12,1,504564.359938,218498.610372,286065.749565,0.0,0.0,0.0,8940.85,0.0,27304.936879,18.478869
2035-12-12,2,525696.763402,231240.425045,294456.338357,0.0,0.0,0.0,8467.88,0.0,27385.539694,19.196144
2035-12-12,3,547371.711697,244280.175393,303091.536303,0.0,0.0,0.0,8011.47,0.0,27535.106194,19.879049
2035-12-12,4,596728.720673,277765.884983,318962.83569,0.0,0.0,0.0,7432.99,0.0,28163.728019,21.187846
2035-12-12,5,699675.558904,348287.369989,351388.188915,0.0,0.0,0.0,6682.31,0.0,29649.616182,23.598132
2035-12-12,6,772096.603358,375459.019662,396637.583697,0.0,0.0,0.0,5954.38,0.0,31183.336447,24.75991
2035-12-12,7,795299.174597,375443.896975,419855.277622,0.0,0.0,0.0,5144.65,0.0,31311.785904,25.399355
2035-12-12,8,769494.427743,375443.896975,394050.530768,0.0,0.0,0.0,5530.16,0.0,30762.339908,25.014171
2035-12-12,9,704715.412353,348203.392916,356512.019436,0.0,0.0,0.0,6384.26,0.0,29749.010049,23.688701
2035-12-12,10,590533.134341,295773.431103,294759.703239,0.0,0.0,0.0,8216.66,0.0,28451.984161,20.755429
2035-12-12,11,535983.217238,243615.807391,292367.409847,0.0,0.0,0.0,8083.54,0.0,27282.745911,19.645501
2035-12-12,12,484708.747223,206549.476591,278159.270631,0.0,0.0,0.0,8356.51,0.0,26416.38642,18.348791
2035-12-12,13,433551.892705,198577.931675,234973.961029,0.0,0.0,0.0,9496.6,0.0,25737.893291,16.844887
2035-12-12,14,416519.078974,163988.960305,252530.118669,0.0,0.0,0.0,9164.97,0.0,25281.601585,16.475186
2035-12-12,15,455306.050659,201915.387457,253390.663203,0.0,0.0,0.0,8329.04,0.0,25254.105041,18.028992
2035-12-12,16,516149.040683,243637.541468,272511.499215,0.0,0.0,0.0,7528.99,0.0,25873.110616,19.949246
2035-12-12,17,638398.762945,311185.609305,327213.15364,0.0,0.0,0.0,5353.18,0.0,26839.117349,23.786131
2035-12-12,18,730876.259423,355655.551346,375220.708078,0.0,0.0,0.0,3583.29,0.0,27628.17739,26.454016
2035-12-12,19,774981.725991,355631.347636,419350.378356,0.0,0.0,0.0,2206.34,0.0,27918.320453,27.758895
2035-12-12,20,752308.872887,355631.347636,396677.525251,0.0,0.0,0.0,2944.11,0.0,27938.58998,26.927231
2035-12-12,21,702809.037856,340293.402422,362515.635435,0.0,0.0,0.0,4064.6,0.0,27556.902408,25.50392
2035-12-12,22,636761.045793,298137.215689,338623.830104,0.0,0.0,0.0,4753.11,0.0,26689.915128,23.85774
2035-12-12,23,623428.198343,298137.215689,325290.982654,0.0,0.0,0.0,4471.84,0.0,25903.874167,24.066987
2035-12-13,0,614893.043782,298137.215689,316755.828093,0.0,0.0,0.0,4248.59,0.0,25358.462308,24.248041
2035-12-13,1,589844.758261,260064.005542,329780.752719,0.0,0.0,0.0,4224.46,0.0,25156.012021,23.447467
2035-12-13,2,602108.573805,260064.005542,342044.568263,0.0,0.0,0.0,4000.37,0.0,25374.768281,23.728633
2035-12-13,3,609436.851723,264784.523625,344652.328098,0.0,0.0,0.0,4146.47,0.0,25683.034822,23.72916
2035-12-13,4,649811.23082,299059.94672,350751.2841,0.0,0.0,0.0,4409.03,0.0,26631.35311,24.400233
2035-12-13,5,726292.525789,363625.809998,362666.715791,0.0,0.0,0.0,4725.14,0.0,28368.494633,25.602082
2035-12-13,6,777037.584861,363541.33813,413496.246731,0.0,0.0,0.0,4930.75,0.0,30609.327829,25.385647
2035-12-13,7,764965.97065,363541.33813,401424.632519,0.0,0.0,0.0,5498.15,0.0,30737.860776,24.886767
2035-12-13,8,716177.053008,348203.392916,367973.660091,0.0,0.0,0.0,5472.08,0.0,29263.170874,24.473665
2035-12-13,9,635298.024138,312009.150568,323288.87357,0.0,0.0,0.0,5884.15,0.0,27444.336621,23.148602
2035-12-13,10,529768.83778,260064.005542,269704.832238,0.0,0.0,0.0,7555.87,0.0,26237.08938,20.191601
2035-12-13,11,454684.904427,184900.498082,269784.406345,0.0,0.0,0.0,8388.92,0.0,25568.782377,17.782814
2035-12-13,12,414950.279798,184900.498082,230049.781716,0.0,0.0,0.0,9516.58,0.0,25252.423867,16.432097
2035-12-13,13,349908.837235,150311.526712,199597.310524,0.0,0.0,0.0,11452.18,0.0,25220.195728,13.874152
2035-12-13,14,359111.124385,147019.110583,212092.013802,0.0,0.0,0.0,11082.46,0.0,25266.233109,14.213085
2035-12-13,15,376375.668656,147019.110583,229356.558073,0.0,0.0,0.0,10726.42,0.0,25562.018961,14.72402
2035-12-13,16,413245.524991,181611.024774,231634.500216,0.0,0.0,0.0,10333.41,0.0,25965.621289,15.915103
2035-12-13,17,493551.596966,223257.126723,270294.470243,0.0,0.0,0.0,8504.71,0.0,26407.343306,18.689938
2035-12-13,18,619234.903849,314477.705738,304757.198111,0.0,0.0,0.0,6071.07,0.0,26700.777828,23.191643
2035-12-13,19,696365.296883,314372.935154,381992.361728,0.0,0.0,0.0,2791.89,0.0,26552.607405,26.225873
2035-12-13,20,694756.819401,314372.935154,380383.884247,0.0,0.0,0.0,2755.39,0.0,26442.339558,26.274408
2035-12-13,21,686038.654981,314372.935154,371665.719826,0.0,0.0,0.0,2826.55,0.0,26193.922748,26.190757
2035-12-13,22,672327.928796,296716.726276,375611.20252,0.0,0.0,0.0,2707.76,0.0,25884.733434,25.973917
2035-12-13,23,664961.971551,296716.726276,368245.245275,0.0,0.0,0.0,2650.83,0.0,25551.263496,26.024622
2035-12-14,0,654714.340657,296716.726276,357997.614381,0.0,0.0,0.0,2530.49,0.0,25074.46089,26.110804
2035-12-14,1,657960.585664,296250.180667,361710.404996,0.0,0.0,0.0,2491.38,0.0,25141.575652,26.170221
2035-12-14,2,700128.22535,322174.884552,377953.340799,0.0,0.0,0.0,1914.41,0.0,25413.81252,27.549122
2035-12-14,3,730281.524729,343074.941544,387206.583185,0.0,0.0,0.0,1582.9,0.0,25844.615562,28.256622
2035-12-14,4,790732.715773,383122.118784,407610.596989,0.0,0.0,0.0,1376.1,0.0,26758.330152,29.550899
2035-12-14,5,842612.641687,420237.475606,422375.166081,0.0,0.0,0.0,1297.52,0.0,27780.860534,30.330689
2035-12-14,6,878271.011152,429744.121335,448526.889816,0.0,0.0,0.0,1409.9,0.0,28998.402328,30.286876
2035-12-14,7,914126.407131,460953.291894,453173.115237,0.0,0.0,0.0,1827.84,0.0,29814.078835,30.660897
2035-12-14,8,922802.846261,460541.186464,462261.659797,0.0,0.0,0.0,1182.8,0.0,29566.498469,31.211097
2035-12-14,9,880975.707455,460541.186464,420434.520991,0.0,0.0,0.0,1319.74,0.0,28231.136751,31.205818
2035-12-14,10,760693.621899,387211.090084,373482.531816,0.0,0.0,0.0,2585.97,0.0,26930.26161,28.246797
2035-12-14,11,661277.260667,310879.709682,350397.550985,0.0,0.0,0.0,3443.11,0.0,25899.586485,25.532348
2035-12-14,12,595119.888323,268723.522949,326396.365374,0.0,0.0,0.0,4296.6,0.0,25206.492945,23.609785
2035-12-14,13,547213.877133,238294.330615,308919.546518,0.0,0.0,0.0,5098.12,0.0,24783.611836,22.079666
2035-12-14,14,515330.388519,216369.108459,298961.280059,0.0,0.0,0.0,5718.57,0.0,24666.393696,20.892004
2035-12-14,15,503253.058586,216369.108459,286883.950127,0.0,0.0,0.0,6360.86,0.0,24863.601892,20.240553
2035-12-14,16,488727.253366,216369.108459,272358.144907,0.0,0.0,0.0,7239.82,0.0,25187.680005,19.403425
2035-12-14,17,572562.304643,261860.961514,310701.343128,0.0,0.0,0.0,5422.09,0.0,25497.588747,22.455547
2035-12-14,18,639930.880782,288740.055635,351190.825146,0.0,0.0,0.0,3544.34,0.0,25651.313706,24.947295
2035-12-14,19,666826.099815,288673.343115,378152.756699,0.0,0.0,0.0,2382.43,0.0,25401.421115,26.251527
2035-12-14,20,642211.019235,288673.343115,353537.676119,0.0,0.0,0.0,2971.93,0.0,25229.321569,25.454946
2035-12-14,21,592403.583171,268081.17496,324322.408211,0.0,0.0,0.0,4288.26,0.0,25106.801118,23.595343
2035-12-14,22,522573.914192,237818.085519,284755.828673,0.0,0.0,0.0,6206.87,0.0,24972.771801,20.925747
2035-12-14,23,518837.471498,218950.996819,299886.474679,0.0,0.0,0.0,5954.34,0.0,24834.668076,20.891661
2035-12-15,0,506954.175743,218950.996819,288003.178923,0.0,0.0,0.0,5781.45,0.0,24227.645764,20.924616
2035-12-15,1,484587.185387,197656.711304,286930.474083,0.0,0.0,0.0,5855.41,0.0,23876.466895,20.295598
2035-12-15,2,493500.191331,197492.320272,296007.871059,0.0,0.0,0.0,5324.62,0.0,23688.305282,20.833073
2035-12-15,3,493742.183766,197492.320272,296249.863494,0.0,0.0,0.0,5062.39,0.0,23441.442391,21.06279
2035-12-15,4,494476.525504,197492.320272,296984.205232,0.0,0.0,0.0,4855.37,0.0,23263.733392,21.255252
2035-12-15,5,485675.491044,197492.320272,288183.170772,0.0,0.0,0.0,4804.57,0.0,22893.993832,21.214101
2035-12-15,6,474761.727257,191530.382178,283231.345079,0.0,0.0,0.0,4800.04,0.0,22552.931546,21.050998
2035-12-15,7,467730.70489,191530.382178,276200.322713,0.0,0.0,0.0,5149.09,0.0,22639.516725,20.659924
2035-12-15,8,479890.781155,199904.804184,279985.976971,0.0,0.0,0.0,5067.46,0.0,22858.561709,20.993918
2035-12-15,9,467905.02106,199865.804346,268039.216714,0.0,0.0,0.0,5205.39,0.0,22616.949418,20.688246
2035-12-15,10,400641.603578,166589.803905,234051.799673,0.0,0.0,0.0,6310.48,0.0,21918.759056,18.27848
2035-12-15,11,365466.526741,150719.991938,214746.534803,0.0,0.0,0.0,6820.42,0.0,21375.51811,17.097435
2035-12-15,12,323993.265426,116131.020568,207862.244859,0.0,0.0,0.0,7962.18,0.0,21431.434105,15.117666
2035-12-15,13,284849.356394,112362.677074,172486.67932,0.0,0.0,0.0,9669.96,0.0,21727.965718,13.109803
2035-12-15,14,304713.040355,117083.195157,187629.845198,0.0,0.0,0.0,9542.75,0.0,22244.113985,13.698592
2035-12-15,15,336813.011945,121741.349758,215071.662187,0.0,0.0,0.0,8988.1,0.0,22791.647672,14.777914
2035-12-15,16,374725.726557,156172.923429,218552.803129,0.0,0.0,0.0,8511.83,0.0,23190.630674,16.158497
2035-12-15,17,458988.427895,200461.229214,258527.198682,0.0,0.0,0.0,6713.78,0.0,23688.351676,19.376124
2035-12-15,18,537057.016373,231636.277074,305420.739299,0.0,0.0,0.0,4801.03,0.0,24180.082408,22.210719
2035-12-15,19,562365.398918,230848.513727,331516.885191,0.0,0.0,0.0,3453.85,0.0,23930.02712,23.500408
2035-12-15,20,545949.134232,230848.513727,315100.620505,0.0,0.0,0.0,3869.62,0.0,23769.831299,22.968154
2035-12-15,21,471157.409959,217317.212998,253840.196962,0.0,0.0,0.0,6094.13,0.0,23417.285742,20.120069
2035-12-15,22,327910.317963,159507.057417,168403.260546,0.0,0.0,0.0,10046.78,0.0,22905.545541,14.315761
2035-12-15,23,346529.984634,154777.747784,191752.23685,0.0,0.0,0.0,8809.92,0.0,22251.082016,15.573624
2035-12-16,0,355243.761322,154753.298697,200490.462625,0.0,0.0,0.0,7600.08,0.0,21387.684329,16.609735
2035-12-16,1,353204.2114,128252.599007,224951.612393,0.0,0.0,0.0,6638.86,0.0,20996.750602,16.821851
2035-12-16,2,373230.026886,140952.316848,232277.710038,0.0,0.0,0.0,6018.5,0.0,20914.813318,17.845248
2035-12-16,3,387887.573403,141538.344806,246349.228597,0.0,0.0,0.0,5519.01,0.0,20995.156063,18.475098
2035-12-16,4,429216.673053,183641.421175,245575.251878,0.0,0.0,0.0,5233.54,0.0,21470.332651,19.991152
2035-12-16,5,494117.068869,220689.478277,273427.590592,0.0,0.0,0.0,4801.85,0.0,22634.287485,21.830467
2035-12-16,6,541322.754924,237361.522836,303961.232088,0.0,0.0,0.0,4717.67,0.0,24058.813815,22.499977
2035-12-16,7,562201.789289,236985.942676,325215.846613,0.0,0.0,0.0,4764.66,0.0,24913.159043,22.566459
2035-12-16,8,537898.629381,231296.329638,306602.299744,0.0,0.0,0.0,5453.03,0.0,24910.522557,21.593229
2035-12-16,9,492894.249917,213243.112955,279651.136962,0.0,0.0,0.0,6859.3,0.0,25013.386221,19.705219
2035-12-16,10,429230.475961,201952.618565,227277.857396,0.0,0.0,0.0,9284.64,0.0,25142.790693,17.071712
2035-12-16,11,418912.078378,167180.166828,251731.911549,0.0,0.0,0.0,9091.47,0.0,25124.90746,16.673179
2035-12-16,12,408903.460137,165919.180965,242984.279173,0.0,0.0,0.0,9372.52,0.0,25070.21821,16.310327
2035-12-16,13,368399.994758,161867.490456,206532.504302,0.0,0.0,0.0,10792.55,0.0,25011.597802,14.729167
2035-12-16,14,375186.028758,147711.362711,227474.666047,0.0,0.0,0.0,10653.38,0.0,25271.260823,14.846352
2035-12-16,15,392132.124666,162671.20607,229460.918596,0.0,0.0,0.0,10662.31,0.0,25703.786827,15.255811
2035-12-16,16,420427.696739,195992.859038,224434.8377,0.0,0.0,0.0,10969.0,0.0,26556.565057,15.831403
2035-12-16,17,490026.925732,217686.625221,272340.300511,0.0,0.0,0.0,9375.93,0.0,27246.935747,17.984662
2035-12-16,18,603893.239025,299449.865988,304443.373037,0.0,0.0,0.0,7555.0,0.0,27902.641721,21.64287
2035-12-16,19,670843.41252,298577.11037,372266.302149,0.0,0.0,0.0,5048.93,0.0,28150.229854,23.830833
2035-12-16,20,626733.50122,298401.307989,328332.193231,0.0,0.0,0.0,6906.98,0.0,28414.473825,22.05684
2035-12-16,21,524008.776442,250974.185272,273034.59117,0.0,0.0,0.0,9832.98,0.0,28399.157886,18.45156
2035-12-16,22,448682.859316,212209.201518,236473.657798,0.0,0.0,0.0,11736.52,0.0,27890.998305,16.087013
2035-12-16,23,427152.6979,206932.883485,220219.814415,0.0,0.0,0.0,12065.45,0.0,27343.790674,15.621561
2035-12-17,0,403146.522719,188147.567374,214998.955346,0.0,0.0,0.0,12267.5,0.0,27031.200685,14.914118
2035-12-17,1,399604.90268,182289.425573,217315.477107,0.0,0.0,0.0,12401.3,0.0,26910.170884,14.849586
2035-12-17,2,405748.411144,185535.817919,220212.593225,0.0,0.0,0.0,12169.35,0.0,27073.337768,14.987011
2035-12-17,3,443206.520856,198272.035315,244934.485541,0.0,0.0,0.0,11332.79,0.0,27473.103844,16.132379
2035-12-17,4,501364.762553,232857.095454,268507.6671,0.0,0.0,0.0,10513.76,0.0,28344.225437,17.688427
2035-12-17,5,616731.898281,316662.762283,300069.135998,0.0,0.0,0.0,9795.99,0.0,29886.651699,20.635697
2035-12-17,6,723594.435127,367275.106092,356319.329035,0.0,0.0,0.0,8782.74,0.0,31918.743731,22.669891
2035-12-17,7,860460.851339,474069.501361,386391.349979,0.0,0.0,0.0,7503.49,0.0,32785.305727,26.24532
2035-12-17,8,850394.292543,446307.946484,404086.346058,0.0,0.0,0.0,6530.7,0.0,32359.394255,26.279673
2035-12-17,9,765827.101238,358345.568675,407481.532563,0.0,0.0,0.0,5706.7,0.0,31103.477793,24.621912
2035-12-17,10,716466.931584,358345.568675,358121.362909,0.0,0.0,0.0,6041.94,0.0,29625.414697,24.184199
2035-12-17,11,660683.915244,316658.764678,344025.150567,0.0,0.0,0.0,6375.19,0.0,28578.104935,23.118535
2035-12-17,12,595114.862567,294447.159377,300667.70319,0.0,0.0,0.0,7213.36,0.0,27433.909745,21.692674
2035-12-17,13,512269.061404,219602.18122,292666.880183,0.0,0.0,0.0,7819.08,0.0,26640.51987,19.228944
2035-12-17,14,492053.93748,201403.802196,290650.135285,0.0,0.0,0.0,7682.47,0.0,26082.196614,18.86551
2035-12-17,15,490788.734839,201403.802196,289384.932644,0.0,0.0,0.0,7539.44,0.0,25892.494058,18.954865
2035-12-17,16,546959.568705,261187.863183,285771.705522,0.0,0.0,0.0,7639.92,0.0,26763.126314,20.437058
2035-12-17,17,686303.971763,345499.663288,340804.308475,0.0,0.0,0.0,5962.38,0.0,28464.133318,24.111185
2035-12-17,18,811320.665682,414859.118924,396461.546758,0.0,0.0,0.0,4413.31,0.0,30051.448149,26.997723
2035-12-17,19,869161.625248,421973.532132,447188.093115,0.0,0.0,0.0,3292.96,0.0,30931.100539,28.099926
2035-12-17,20,877395.229373,421765.214328,455630.015045,0.0,0.0,0.597111,3651.13,0.0,31547.388283,27.811977
2035-12-17,21,856734.603993,424742.838648,431991.765345,0.0,0.0,0.0,4465.71,0.0,31683.079549,27.040762
2035-12-17,22,804438.303417,398569.605046,405868.698371,0.0,0.0,0.0,5354.28,0.0,31326.169305,25.679434
2035-12-17,23,784374.954555,367822.347077,416552.607478,0.0,0.0,0.0,5271.67,0.0,31173.492689,25.1616
2035-12-18,0,792458.481608,376172.191369,416286.290238,0.0,0.0,0.0,5279.79,0.0,31254.103025,25.355342
2035-12-18,1,811975.576095,394882.649559,417092.926536,0.0,0.0,0.0,5289.72,0.0,31548.70241,25.73721
2035-12-18,2,854588.851569,419874.693861,434714.157708,0.0,0.0,0.0,5100.73,0.0,32247.058078,26.501297
2035-12-18,3,931135.293727,487600.176868,443535.116859,0.0,0.0,0.0,4951.15,0.0,32961.214621,28.249423
2035-12-18,4,987678.279662,527316.670987,460361.608675,0.0,0.0,0.0,4931.27,0.0,34173.047284,28.902259
2035-12-18,5,1119291.206942,637117.861397,482173.345545,0.0,0.0,0.0,4911.84,0.0,35871.766742,31.202567
2035-12-18,6,1149986.608195,624271.509442,525715.098753,0.0,0.0,0.0,4871.35,0.0,37498.748578,30.667333
2035-12-18,7,1155837.658724,624197.997747,531639.660977,0.0,0.0,0.0,4795.6,0.0,37674.023425,30.679963
2035-12-18,8,1123210.783912,624197.997747,499012.786165,0.0,0.0,0.0,4172.54,0.0,35888.626346,31.297124
2035-12-18,9,986791.252237,534508.088465,452283.163772,0.0,0.0,0.0,3623.79,0.0,32942.365762,29.955082
2035-12-18,10,841353.906331,442946.400834,398407.505497,0.0,0.0,0.0,4026.94,0.0,30285.921381,27.780364
2035-12-18,11,718481.091348,349969.032572,368512.058777,0.0,0.0,0.0,4320.18,0.0,28185.613161,25.491058
2035-12-18,12,622100.157865,297024.082301,325076.075564,0.0,0.0,0.0,4969.0,0.0,26386.658235,23.576315
2035-12-18,13,530976.637991,239389.434585,291587.203405,0.0,0.0,0.0,6337.95,0.0,25503.94626,20.819391
2035-12-18,14,528762.369101,224937.277158,303825.091943,0.0,0.0,0.0,5658.17,0.0,24949.855355,21.193003
2035-12-18,15,555591.718917,237679.091831,317912.627087,0.0,0.0,0.0,4873.91,0.0,24911.954275,22.302213
2035-12-18,16,631976.789877,303590.450843,328386.339033,0.0,0.0,0.0,4356.01,0.0,25746.913546,24.54573
2035-12-18,17,762947.602141,386824.958255,376122.643886,0.0,0.0,0.0,2962.93,0.0,27374.582841,27.870657
2035-12-18,18,893491.481818,457219.928126,436271.553692,0.0,0.0,4.320385,1775.89,0.0,29286.936714,30.508192
2035-12-18,19,945594.177558,474864.033329,470730.144229,0.0,0.0,6.879778,1065.72,0.0,30210.290707,31.3004
2035-12-18,20,963287.262953,485898.471165,477388.791788,0.0,0.0,0.0,1442.67,0.0,31005.834082,31.067936
2035-12-18,21,947472.89705,484578.026452,462894.870599,0.0,0.0,0.0,2255.57,0.0,31373.83475,30.199461
2035-12-18,22,887508.615244,444507.39354,443001.221704,0.0,0.0,0.0,3300.78,0.0,31256.262404,28.394586
2035-12-18,23,874784.261929,421769.012434,453015.249495,0.0,0.0,0.0,3456.44,0.0,31418.500006,27.842967
2035-12-19,0,876875.959488,424145.901639,452730.057848,0.0,0.0,0.0,3600.3,0.0,31565.697851,27.779394
2035-12-19,1,930052.019785,481770.706387,448281.313398,0.0,0.0,0.0,3735.12,0.0,32084.933805,28.987188
2035-12-19,2,987822.816112,509324.945163,478497.87095,0.0,0.0,0.0,3103.18,0.0,32926.327943,30.001002
2035-12-19,3,1092784.049729,597204.048596,495580.001133,0.0,0.0,19.90655,2673.56,0.0,33748.187773,32.380525
2035-12-19,4,1164051.148737,644472.972241,519578.176496,0.0,0.0,0.0,2358.22,0.0,35004.952284,33.253899
2035-12-19,5,1245536.283521,697147.098915,548389.184606,0.0,0.0,0.0,2729.72,0.0,36875.358078,33.776927
2035-12-19,6,1273871.22653,697051.540426,576819.686104,0.0,0.0,0.0,3087.13,0.0,38347.467886,33.219174
2035-12-19,7,1260504.956976,697051.540426,563453.416549,0.0,0.0,0.0,3346.82,0.0,38234.442216,32.967787
2035-12-19,8,1224109.096498,682252.504458,541856.592039,0.0,0.0,0.0,2609.78,0.0,36574.700396,33.468739
2035-12-19,9,1128951.670714,642888.521592,486063.149121,0.0,0.0,0.0,2273.35,0.0,33754.172321,33.446285
2035-12-19,10,931993.835812,513885.380613,418108.455199,0.0,0.0,0.0,3302.02,0.0,31037.576579,30.027919
2035-12-19,11,738059.029078,383834.533691,354224.495387,0.0,0.0,0.0,5146.27,0.0,28931.064189,25.510953
2035-12-19,12,583460.275751,291082.716813,292377.558938,0.0,0.0,0.0,7310.81,0.0,27381.471765,21.30858
2035-12-19,13,451829.57861,206549.476591,245280.102019,0.0,0.0,0.0,9626.87,0.0,26434.077201,17.092693
2035-12-19,14,409675.72481,163046.487332,246629.237478,0.0,0.0,0.0,10075.72,0.0,25951.164107,15.78641
2035-12-19,15,398532.088174,159754.071203,238778.016971,0.0,0.0,0.0,10418.16,0.0,25923.593427,15.373335
2035-12-19,16,432252.822021,203879.811703,228373.010319,0.0,0.0,0.0,10697.17,0.0,26673.492836,16.205333
2035-12-19,17,542771.1174,250255.298529,292515.818871,0.0,0.0,0.0,9084.31,0.0,28267.219423,19.201433
2035-12-19,18,683030.766816,355207.424479,327823.342337,0.0,0.0,0.0,7318.89,0.0,29437.528726,23.202721
2035-12-19,19,767234.302675,355164.802027,412069.500648,0.0,0.0,0.0,4641.69,0.0,30112.838832,25.478644
2035-12-19,20,746895.025185,363093.043835,383801.98135,0.0,0.0,0.0,5892.47,0.0,30498.59182,24.489492
2035-12-19,21,666320.679046,331501.127843,334819.551203,0.0,0.0,0.0,8021.54,0.0,30281.613856,22.004134
2035-12-19,22,580873.361724,267507.450429,313365.911296,0.0,0.0,0.0,9075.27,0.0,29480.690353,19.70352
2035-12-19,23,580520.70279,291853.417378,288667.285412,0.0,0.0,0.0,8870.94,0.0,28683.441004,20.238879
2035-12-20,0,574456.428407,291514.267117,282942.161289,0.0,0.0,0.0,8598.69,0.0,28199.441148,20.371199
2035-12-20,1,556492.020517,251616.533261,304875.487255,0.0,0.0,0.0,8301.0,0.0,28079.21368,19.818647
2035-12-20,2,604823.111626,271456.228276,333366.88335,0.0,0.0,0.0,7214.22,0.0,28295.828475,21.374992
2035-12-20,3,665862.13864,319145.818542,346716.320098,0.0,0.0,0.0,6283.85,0.0,28543.18167,23.328238
2035-12-20,4,723158.40159,349687.336928,373471.064661,0.0,0.0,0.0,5443.3,0.0,29251.185988,24.722362
2035-12-20,5,834843.417465,439299.456279,395543.961186,0.0,0.0,0.0,5304.85,0.0,30787.181402,27.116591
2035-12-20,6,893735.030785,457098.695138,436636.335647,0.0,0.0,0.0,5214.87,0.0,32639.834594,27.381727
2035-12-20,7,906391.240822,457092.070098,449299.170724,0.0,0.0,0.0,5087.36,0.0,33004.516017,27.462643
2035-12-20,8,866651.992819,456625.524489,410026.46833,0.0,0.0,0.0,5051.47,0.0,31577.207988,27.445491
2035-12-20,9,765439.427129,376757.536786,388681.890343,0.0,0.0,0.0,5045.16,0.0,30073.691593,25.452127
2035-12-20,10,672055.173213,333281.313262,338773.859951,0.0,0.0,0.0,6333.28,0.0,28808.513612,23.328353
2035-12-20,11,616222.971081,268432.144228,347790.826853,0.0,0.0,0.0,6190.09,0.0,27916.117716,22.074093
2035-12-20,12,581408.418112,268432.144228,312976.273884,0.0,0.0,0.0,6846.46,0.0,27299.68239,21.297259
2035-12-20,13,528200.763764,230058.723922,298142.039842,0.0,0.0,0.0,8025.38,0.0,27214.628452,19.408708
2035-12-20,14,569883.405548,251990.143853,317893.261695,0.0,0.0,0.0,7169.87,0.0,27337.186409,20.846454
2035-12-20,15,614283.25344,282097.479917,332185.773524,0.0,0.0,0.0,6585.26,0.0,27800.573769,22.096064
2035-12-20,16,681361.67255,341543.335168,339818.337382,0.0,0.0,0.0,6450.5,0.0,28716.362833,23.727297
2035-12-20,17,756013.853156,366080.119169,389933.733986,0.0,0.0,0.0,4902.15,0.0,29564.132973,25.571995
2035-12-20,18,813910.258971,397976.594178,415933.664793,0.0,0.0,0.0,3368.98,0.0,29423.094469,27.662293
2035-12-20,19,850324.51894,417965.862928,432358.656013,0.0,0.0,0.0,2306.11,0.0,29104.242284,29.216515
2035-12-20,20,842798.188207,413344.254587,429453.933621,0.0,0.0,0.0,2166.59,0.0,28811.979379,29.251659
2035-12-20,21,794831.044993,385033.730051,409797.314942,0.0,0.0,0.0,2383.98,0.0,28168.463412,28.217054
2035-12-20,22,748491.954412,352347.362922,396144.59149,0.0,0.0,0.0,2599.35,0.0,27481.953217,27.235763
2035-12-20,23,735775.582366,362261.419215,373514.163152,0.0,0.0,0.0,2535.05,0.0,26666.447295,27.591811
2035-12-21,0,705908.821006,362234.51985,343674.301155,0.0,0.0,0.0,2607.33,0.0,25623.786001,27.548966
2035-12-21,1,635777.02027,280083.999007,355693.021264,0.0,0.0,0.0,2998.58,0.0,25237.954292,25.191306
2035-12-21,2,636350.10365,280083.999007,356266.104643,0.0,0.0,0.0,2876.2,0.0,25137.796193,25.314475
2035-12-21,3,620948.574053,280083.999007,340864.575046,0.0,0.0,0.0,3310.2,0.0,25029.070634,24.809094
2035-12-21,4,596267.886735,267118.504418,329149.382317,0.0,0.0,0.0,4291.54,0.0,25336.831045,23.533641
2035-12-21,5,627082.485494,280094.556219,346987.929275,0.0,0.0,0.0,3997.96,0.0,25886.964511,24.223871
2035-12-21,6,665525.151274,306008.702891,359516.448383,0.0,0.0,0.0,3865.02,0.0,26614.344492,25.006257
2035-12-21,7,685065.418529,324066.555525,360998.863004,0.0,0.0,0.0,3998.65,0.0,27148.699843,25.23382
2035-12-21,8,707046.086564,324057.682956,382988.403608,0.0,0.0,0.0,2888.67,0.0,26876.867986,26.306863
2035-12-21,9,696954.068261,324057.682956,372896.385305,0.0,0.0,0.0,2500.69,0.0,26131.772765,26.670753
2035-12-21,10,628091.274677,298137.215689,329954.058988,0.0,0.0,0.0,3672.03,0.0,25288.331299,24.837197
2035-12-21,11,573780.895506,260064.005542,313716.889964,0.0,0.0,0.0,4098.8,0.0,24437.444244,23.479579
2035-12-21,12,528368.322753,243615.807391,284752.515361,0.0,0.0,0.0,4740.72,0.0,23657.718851,22.333866
2035-12-21,13,483574.444867,206549.476591,277024.968275,0.0,0.0,0.0,5129.39,0.0,23144.742429,20.89349
2035-12-21,14,473623.306757,206549.476591,267073.830165,0.0,0.0,0.0,5344.55,0.0,22988.862785,20.602294
2035-12-21,15,483286.718156,206549.476591,276737.241565,0.0,0.0,0.0,5232.65,0.0,23235.628534,20.799382
2035-12-21,16,529486.565632,243618.727826,285867.837806,0.0,0.0,0.0,5078.61,0.0,23942.343527,22.115068
2035-12-21,17,641224.092536,306465.091222,334759.001314,0.0,0.0,0.0,3134.41,0.0,24819.344899,25.835657
2035-12-21,18,705394.329003,327365.1298,378029.199203,0.0,0.0,0.0,1513.71,0.0,25250.951562,27.935356
2035-12-21,19,736930.58898,340303.959634,396626.629346,0.0,0.0,0.0,444.8,0.0,25142.755962,29.309857
2035-12-21,20,737002.318408,340293.402422,396708.915986,0.0,0.0,0.0,364.28,0.0,25119.350714,29.340023
2035-12-21,21,730641.259123,340293.402422,390347.856701,0.0,0.0,0.0,605.79,0.0,25127.146991,29.077764
2035-12-21,22,696563.975082,324057.682956,372506.292125,0.0,0.0,0.0,1524.81,0.0,25151.726362,27.69448
2035-12-21,23,700580.630569,324057.682956,376522.947612,0.0,0.0,0.0,1194.65,0.0,24970.288478,28.056569
2035-12-22,0,699427.671831,324057.682956,375369.988874,0.0,0.0,0.0,1049.0,0.0,24780.590694,28.224818
2035-12-22,1,687563.577701,308728.403781,378835.17392,0.0,0.0,0.0,1081.7,0.0,24657.55741,27.884497
2035-12-22,2,705634.98994,315397.182512,390237.807427,0.0,0.0,0.0,797.22,0.0,24842.917218,28.40387
2035-12-22,3,721799.920616,328107.046541,393692.874075,0.0,0.0,0.0,673.78,0.0,25053.438797,28.810413
2035-12-22,4,731537.595985,326634.208485,404903.3875,0.0,0.0,0.911673,704.55,0.0,25490.874248,28.698019
2035-12-22,5,725760.265921,326634.208485,399126.057436,0.0,0.0,0.0,1310.1,0.0,25920.819735,27.999125
2035-12-22,6,710637.493157,326634.208485,384003.284672,0.0,0.0,0.0,2185.73,0.0,26267.102087,27.054278
2035-12-22,7,684686.186377,314876.776024,369809.410353,0.0,0.0,0.0,3510.59,0.0,26820.27311,25.528681
2035-12-22,8,703300.641082,314666.566856,388634.074227,0.0,0.0,0.0,2431.1,0.0,26442.594413,26.597263
2035-12-22,9,681303.639017,314666.566856,366637.072161,0.0,0.0,0.0,1917.23,0.0,25130.853251,27.110247
2035-12-22,10,605631.185341,285517.927201,320113.258139,0.0,0.0,0.0,2794.32,0.0,23781.831161,25.466129
2035-12-22,11,518748.304124,234412.381239,284335.922885,0.0,0.0,0.0,3660.75,0.0,22391.195911,23.167512
2035-12-22,12,459010.981971,208446.715569,250564.266401,0.0,0.0,0.0,4524.54,0.0,21577.987846,21.272187
2035-12-22,13,393580.95966,151932.522044,241648.437616,0.0,0.0,0.0,5355.15,0.0,20923.398152,18.810566
2035-12-22,14,392799.883602,148816.752872,243983.13073,0.0,0.0,0.0,5111.13,0.0,20675.408096,18.99841
2035-12-22,15,431697.679456,186901.206611,244796.472844,0.0,0.0,0.0,4612.93,0.0,20806.228866,20.748483
2035-12-22,16,475073.251923,221481.613471,253591.638452,0.0,0.0,0.0,3966.42,0.0,21311.922007,22.291432
2035-12-22,17,559425.406539,257285.036168,302140.370372,0.0,0.0,0.0,2706.38,0.0,22354.030083,25.025707
2035-12-22,18,632620.347209,287115.720047,345504.627163,0.0,0.0,0.0,1440.73,0.0,23239.704402,27.221532
2035-12-22,19,680118.055618,307654.159531,372463.896087,0.0,0.0,0.0,595.63,0.0,23773.075821,28.608753
2035-12-22,20,677920.605177,307503.694459,370416.910717,0.0,0.0,0.0,1018.23,0.0,24203.510131,28.009186
2035-12-22,21,641516.941983,284158.431208,357358.510776,0.0,0.0,0.0,2258.32,0.0,24614.807524,26.062237
2035-12-22,22,583857.58492,272971.547829,310886.037091,0.0,0.0,0.0,4391.55,0.0,24817.177391,23.526349
2035-12-22,23,570722.050496,235905.217029,334816.833467,0.0,0.0,0.0,4258.19,0.0,24690.950777,23.114624
2035-12-23,0,571405.496667,235905.217029,335500.279639,0.0,0.0,0.0,4173.7,0.0,24681.525213,23.151142
2035-12-23,1,594376.022263,272974.468263,321401.554,0.0,0.0,0.0,4102.96,0.0,24775.120665,23.990843
2035-12-23,2,610732.112411,277669.490258,333062.622153,0.0,0.0,0.0,3796.09,0.0,25127.442739,24.305383
2035-12-23,3,632334.601496,283002.131339,349332.470157,0.0,0.0,0.0,3565.08,0.0,25603.947109,24.696763
2035-12-23,4,687788.86274,324117.675187,363671.187553,0.0,0.0,0.0,3317.68,0.0,26450.914151,26.002461
2035-12-23,5,735716.706977,356516.107792,379200.599184,0.0,0.0,0.0,3414.93,0.0,27684.250314,26.57528
2035-12-23,6,784742.690747,375993.149914,408749.540833,0.0,0.0,0.0,3399.13,0.0,29124.356638,26.94455
2035-12-23,7,803490.770812,375958.885432,427531.88538,0.0,0.0,0.0,3325.48,0.0,29772.014968,26.988122
2035-12-23,8,792683.571059,375958.885432,416724.685627,0.0,0.0,0.0,2965.28,0.0,29035.770053,27.300243
2035-12-23,9,736378.780462,371814.915427,364563.865035,0.0,0.0,0.0,2954.74,0.0,27046.596171,27.226301
2035-12-23,10,610742.434444,295773.431103,314969.003341,0.0,0.0,0.0,3993.0,0.0,25011.418457,24.418544
2035-12-23,11,550067.300051,243615.807391,306451.492659,0.0,0.0,0.0,3800.98,0.0,23521.900186,23.385326
2035-12-23,12,512785.599509,238936.678604,273848.920905,0.0,0.0,0.0,4053.28,0.0,22453.224528,22.837949
2035-12-23,13,474800.246175,201870.347804,272929.898371,0.0,0.0,0.0,4328.69,0.0,22083.019353,21.500694
2035-12-23,14,474431.960454,201870.347804,272561.61265,0.0,0.0,0.0,4389.4,0.0,22130.083616,21.438327
2035-12-23,15,492075.699822,201870.347804,290205.352017,0.0,0.0,0.0,4109.5,0.0,22503.341364,21.866784
2035-12-23,16,540545.404149,238939.599039,301605.80511,0.0,0.0,0.0,3835.97,0.0,23158.614701,23.341008
2035-12-23,17,602878.367051,278150.217991,324728.14906,0.0,0.0,0.0,3152.98,0.0,24066.685986,25.050328
2035-12-23,18,649697.406192,295813.792109,353883.614083,0.0,0.0,0.0,2477.1,0.0,24864.874644,26.129125
2035-12-23,19,663503.216755,295773.431103,367729.785653,0.0,0.0,0.0,2201.05,0.0,25128.48199,26.404429
2035-12-23,20,647929.668051,295773.431103,352156.236949,0.0,0.0,0.0,3008.8,0.0,25407.691332,25.50132
2035-12-23,21,601567.067668,277720.21442,323846.853247,0.0,0.0,0.0,4583.38,0.0,25630.34029,23.470897
2035-12-23,22,548583.004966,260064.005542,288518.999424,0.0,0.0,0.0,6086.12,0.0,25486.572117,21.524393
2035-12-23,23,531000.890254,222997.674742,308003.215512,0.0,0.0,0.0,5907.42,0.0,25391.70947,20.912373
2035-12-24,0,544155.022036,222997.674742,321157.347294,0.0,0.0,0.0,5625.04,0.0,25535.799784,21.309496
2035-12-24,1,580330.529295,260066.925977,320263.603318,0.0,0.0,0.0,5248.06,0.0,25677.409743,22.600821
2035-12-24,2,591335.845405,260064.005542,331271.839863,0.0,0.0,0.0,5069.86,0.0,26058.260117,22.692837
2035-12-24,3,606539.433153,264784.523625,341754.909528,0.0,0.0,0.0,5022.23,0.0,26469.252489,22.914868
2035-12-24,4,644989.28538,295792.860883,349196.424497,0.0,0.0,0.0,4897.85,0.0,27083.145176,23.815154
2035-12-24,5,693271.555191,324107.117975,369164.437216,0.0,0.0,0.0,4639.83,0.0,28023.698683,24.73876
2035-12-24,6,750293.195292,359948.828124,390344.367169,0.0,0.0,0.0,4343.83,0.0,29067.32322,25.812256
2035-12-24,7,774276.92114,359912.356582,414364.564558,0.0,0.0,0.0,3914.41,0.0,29652.208821,26.111948
2035-12-24,8,752832.490324,359912.356582,392920.133742,0.0,0.0,0.0,4001.59,0.0,28967.837583,25.988564
2035-12-24,9,688881.472637,344574.411368,344307.061269,0.0,0.0,0.0,4216.83,0.0,27102.751822,25.4174
2035-12-24,10,566999.97295,277720.21442,289279.758529,0.0,0.0,0.0,5531.34,0.0,25278.15603,22.430433
2035-12-24,11,501710.522523,206549.476591,295161.045932,0.0,0.0,0.0,5681.35,0.0,24370.566044,20.586741
2035-12-24,12,474605.000139,206549.476591,268055.523547,0.0,0.0,0.0,6124.33,0.0,23809.879061,19.933113
2035-12-24,13,433938.600679,184624.254436,249314.346243,0.0,0.0,0.0,7081.45,0.0,23704.974891,18.305803
2035-12-24,14,436320.507956,184624.254436,251696.25352,0.0,0.0,0.0,7212.98,0.0,23925.489634,18.236639
2035-12-24,15,444489.395375,184624.254436,259865.140939,0.0,0.0,0.0,6977.7,0.0,23992.969078,18.525819
2035-12-24,16,469700.500204,206555.674366,263144.825838,0.0,0.0,0.0,6843.69,0.0,24291.304345,19.336158
2035-12-24,17,547080.469035,243618.727826,303461.741209,0.0,0.0,0.0,5340.46,0.0,24849.454895,22.015794
2035-12-24,18,590626.575309,260069.315099,330557.26021,0.0,0.0,0.0,4213.6,0.0,25101.244549,23.529773
2035-12-24,19,605884.896041,260064.005542,345820.890499,0.0,0.0,0.0,3365.13,0.0,24885.798848,24.346612
2035-12-24,20,550628.855108,260064.005542,290564.849566,0.0,0.0,0.0,5167.72,0.0,24645.200516,22.342235
2035-12-24,21,437250.117576,205907.128602,231342.988974,0.0,0.0,0.0,8094.71,0.0,24360.677783,17.949013
2035-12-24,22,344468.025104,146843.308202,197624.716902,0.0,0.0,0.0,10442.92,0.0,24062.086885,14.3158
2035-12-24,23,334825.253221,143522.447583,191302.805638,0.0,0.0,0.0,10430.93,0.0,23696.848476,14.129527
2035-12-25,0,336057.076118,143522.447583,192534.628536,0.0,0.0,0.0,10064.18,0.0,23389.079013,14.368119
2035-12-25,1,341790.362598,143522.447583,198267.915015,0.0,0.0,0.0,9640.66,0.0,23202.710275,14.730622
2035-12-25,2,351485.13946,143522.447583,207962.691877,0.0,0.0,0.0,9375.95,0.0,23312.806293,15.076912
2035-12-25,3,365041.686466,147003.030024,218038.656442,0.0,0.0,0.0,9028.28,0.0,23425.908373,15.582819
2035-12-25,4,405580.181019,181435.222393,224144.958626,0.0,0.0,0.0,8452.31,0.0,23820.326634,17.026642
2035-12-25,5,427635.412803,181432.279572,246203.133231,0.0,0.0,0.0,8135.51,0.0,24410.025671,17.518843
2035-12-25,6,468500.532462,197508.607205,270991.925257,0.0,0.0,0.0,7499.32,0.0,24997.403255,18.741968
2035-12-25,7,498474.498598,205947.92911,292526.569488,0.0,0.0,0.0,6786.79,0.0,25308.592498,19.69586
2035-12-25,8,505429.79695,205907.128602,299522.668349,0.0,0.0,0.0,6583.89,0.0,25415.486643,19.886686
2035-12-25,9,492992.971714,205907.128602,287085.843112,0.0,0.0,0.0,6635.53,0.0,25011.348855,19.710771
2035-12-25,10,440596.141064,197459.656321,243136.484743,0.0,0.0,0.0,7930.03,0.0,24462.912309,18.01078
2035-12-25,11,448322.039506,184724.695701,263597.343805,0.0,0.0,0.0,7041.8,0.0,24042.645328,18.646951
2035-12-25,12,410844.630455,162799.473546,248045.15691,0.0,0.0,0.0,7720.43,0.0,23778.358806,17.27809
2035-12-25,13,358083.849308,159507.057417,198576.791891,0.0,0.0,0.0,9602.8,0.0,23694.657185,15.11243
2035-12-25,14,339491.950576,124918.086046,214573.864529,0.0,0.0,0.0,9722.2,0.0,23572.381939,14.402106
2035-12-25,15,339438.837575,124918.086046,214520.751528,0.0,0.0,0.0,9625.27,0.0,23538.507344,14.420576
2035-12-25,16,360006.167513,159510.000238,200496.167275,0.0,0.0,0.0,9684.91,0.0,23749.080047,15.158742
2035-12-25,17,448309.346841,201156.102186,247153.244654,0.0,0.0,0.0,7439.72,0.0,24116.614503,18.589232
2035-12-25,18,555142.727588,259897.32137,295245.406218,0.0,0.0,0.0,5007.16,0.0,24426.85863,22.726734
2035-12-25,19,608317.246125,259888.203161,348429.042964,0.0,0.0,0.0,2749.33,0.0,24359.681172,24.972299
2035-12-25,20,589912.533832,259888.203161,330024.330671,0.0,0.0,0.0,3310.33,0.0,24248.655813,24.327639
2035-12-25,21,557743.386717,259888.203161,297855.183556,0.0,0.0,0.0,4307.94,0.0,24054.865522,23.186302
2035-12-25,22,497062.26971,206373.67421,290688.5955,0.0,0.0,0.0,5117.43,0.0,23636.843581,21.029131
2035-12-25,23,498388.960709,206373.67421,292015.286499,0.0,0.0,0.0,4400.26,0.0,22959.593471,21.707221
2035-12-26,0,534237.087326,243442.925445,290794.161881,0.0,0.0,0.0,3748.64,0.0,22786.649736,23.445179
2035-12-26,1,538751.304065,243440.00501,295311.299055,0.0,0.0,0.0,3183.22,0.0,22487.352052,23.95797
2035-12-26,2,547452.103136,244032.887021,303419.216115,0.0,0.0,0.0,2975.31,0.0,22582.795938,24.241998
2035-12-26,3,557262.399444,243615.807391,313646.592052,0.0,0.0,0.0,2819.13,0.0,22806.14392,24.434749
2035-12-26,4,596116.344358,278131.404349,317984.940009,0.0,0.0,0.0,2720.7,0.0,23415.585254,25.458101
2035-12-26,5,677129.031732,320285.063747,356843.967984,0.0,0.0,0.0,1833.54,0.0,24548.668244,27.583127
2035-12-26,6,732974.00992,344550.967993,388423.041927,0.0,0.0,0.0,1296.99,0.0,25691.398193,28.529938
2035-12-26,7,764584.383248,352365.614234,412218.769013,0.0,0.0,0.0,1000.98,0.0,26337.431626,29.030332
2035-12-26,8,767222.836312,352347.362922,414875.473391,0.0,0.0,0.0,1023.61,0.0,26523.283064,28.92639
2035-12-26,9,747036.519627,352347.362922,394689.156706,0.0,0.0,0.0,1521.1,0.0,26354.477445,28.345715
2035-12-26,10,672975.087078,327327.907833,345647.179245,0.0,0.0,0.0,3500.5,0.0,26126.714516,25.758122
2035-12-26,11,623005.164462,278117.222224,344887.942238,0.0,0.0,0.0,3967.53,0.0,25763.203029,24.181976
2035-12-26,12,589840.217149,261669.024074,328171.193076,0.0,0.0,0.0,4811.13,0.0,25649.13931,22.996492
2035-12-26,13,555210.999236,243615.807391,311595.191845,0.0,0.0,0.0,5543.14,0.0,25454.331309,21.812044
2035-12-26,14,545146.903134,243615.807391,301531.095743,0.0,0.0,0.0,5602.82,0.0,25141.59352,21.683069
2035-12-26,15,544121.396108,243615.807391,300505.588716,0.0,0.0,0.0,5406.18,0.0,24906.954989,21.846163
2035-12-26,16,547973.847023,243615.807391,304358.039631,0.0,0.0,0.0,5316.72,0.0,24960.14329,21.953954
2035-12-26,17,615214.727144,282851.922432,332362.804712,0.0,0.0,0.0,4237.62,0.0,25530.934796,24.096835
2035-12-26,18,656343.893455,295783.988315,360559.90514,0.0,0.0,0.0,3255.44,0.0,25898.972174,25.342469
2035-12-26,19,671112.668845,295773.431103,375339.237743,0.0,0.0,0.0,2511.36,0.0,25659.546923,26.154502
2035-12-26,20,633661.838851,295773.431103,337888.407748,0.0,0.0,0.0,3462.77,0.0,25336.971354,25.009376
2035-12-26,21,555829.004619,260064.005542,295764.999077,0.0,0.0,0.0,5217.15,0.0,24890.29276,22.331156
2035-12-26,22,451319.905599,206082.930983,245236.974616,0.0,0.0,0.0,7350.9,0.0,24168.104745,18.674195
2035-12-26,23,416101.090537,179302.777659,236798.312878,0.0,0.0,0.0,7386.98,0.0,23390.215785,17.789536
2035-12-27,0,394815.324655,179302.777659,215512.546995,0.0,0.0,0.0,7547.82,0.0,22737.027048,17.364422
2035-12-27,1,369132.341384,140945.462795,228186.878588,0.0,0.0,0.0,7597.34,0.0,22418.872572,16.46525
2035-12-27,2,383012.307716,142169.281447,240843.026269,0.0,0.0,0.0,7090.69,0.0,22388.776367,17.107335
2035-12-27,3,412461.842415,170779.531695,241682.31072,0.0,0.0,0.0,6792.38,0.0,22524.356399,18.311815
2035-12-27,4,449234.916269,190945.244783,258289.671485,0.0,0.0,0.0,6345.74,0.0,23113.280894,19.436224
2035-12-27,5,479121.571909,207034.439238,272087.132671,0.0,0.0,0.0,6548.23,0.0,24126.386061,19.858821
2035-12-27,6,523813.029525,239236.337028,284576.692497,0.0,0.0,0.0,6624.22,0.0,25399.616437,20.622872
2035-12-27,7,543633.701919,239233.394207,304400.307712,0.0,0.0,0.0,6567.61,0.0,26047.473181,20.870881
2035-12-27,8,516898.091998,219016.852563,297881.239435,0.0,0.0,0.0,7040.56,0.0,25962.646101,19.909299
2035-12-27,9,483680.608045,211497.694094,272182.913951,0.0,0.0,0.0,7498.99,0.0,25298.674256,19.118812
2035-12-27,10,391072.622396,179234.59788,211838.024516,0.0,0.0,0.0,9518.14,0.0,24425.733472,16.010681
2035-12-27,11,342267.844334,140682.417901,201585.426433,0.0,0.0,0.0,10262.15,0.0,23891.250822,14.326075
2035-12-27,12,297876.320133,118757.195746,179119.124388,0.0,0.0,0.0,11239.51,0.0,23644.753169,12.597988
2035-12-27,13,264191.926881,108155.658362,156036.268519,0.0,0.0,0.0,12660.88,0.0,23784.841542,11.107576
2035-12-27,14,280542.920482,108155.658362,172387.26212,0.0,0.0,0.0,12300.49,0.0,24062.642348,11.658858
2035-12-27,15,323722.661572,145611.934019,178110.727553,0.0,0.0,0.0,11849.57,0.0,24597.979064,13.160539
2035-12-27,16,348816.649397,156190.993383,192625.656014,0.0,0.0,0.0,11619.07,0.0,25273.186304,13.801847
2035-12-27,17,420913.88942,178117.616728,242796.272692,0.0,0.0,0.0,10121.84,0.0,26059.090041,16.152287
2035-12-27,18,462386.547829,195898.16566,266488.382168,0.0,0.0,0.0,8921.47,0.0,26164.210831,17.672482
2035-12-27,19,485943.539642,195629.521037,290314.018605,0.0,0.0,0.0,7627.24,0.0,25845.719798,18.801703
2035-12-27,20,431527.378781,203557.762844,227969.615937,0.0,0.0,0.0,9530.18,0.0,25483.701887,16.933465
2035-12-27,21,332260.642296,152191.712458,180068.929837,0.0,0.0,0.0,12113.36,0.0,24965.69157,13.30869
2035-12-27,22,279746.932428,127853.237731,151893.694697,0.0,0.0,0.0,13385.67,0.0,24320.780326,11.502383
2035-12-27,23,256759.632136,109020.794764,147738.837372,0.0,0.0,0.0,13231.46,0.0,23472.703142,10.938648
2035-12-28,0,235098.871289,104679.224536,130419.646753,0.0,0.0,0.0,12990.41,0.0,22487.199097,10.454787
2035-12-28,1,229915.293195,104679.224536,125236.06866,0.0,0.0,0.0,12523.49,0.0,21835.253411,10.529545
2035-12-28,2,208472.840739,82754.00238,125718.838358,0.0,0.0,0.0,12579.73,0.0,21485.416115,9.702993
2035-12-28,3,203742.662047,82754.00238,120988.659666,0.0,0.0,0.0,12549.63,0.0,21293.834754,9.568153
2035-12-28,4,212965.19812,82754.00238,130211.19574,0.0,0.0,0.0,12196.51,0.0,21333.821287,9.982515
2035-12-28,5,223520.317634,104685.42231,118834.895323,0.0,0.0,0.0,12639.59,0.0,21618.631126,10.339245
2035-12-28,6,227569.940625,101839.194854,125730.745771,0.0,0.0,0.0,12793.41,0.0,22034.239072,10.328014
2035-12-28,7,245922.840581,100693.666013,145229.174567,0.0,0.0,0.0,12309.79,0.0,22340.823243,11.007779
2035-12-28,8,282647.346875,121547.990294,161099.356582,0.0,0.0,0.0,11256.84,0.0,22604.724554,12.503906
2035-12-28,9,317703.926774,121533.031932,196170.894842,0.0,0.0,0.0,10072.71,0.0,22865.47032,13.894485
2035-12-28,10,308071.170967,132139.365901,175931.805066,0.0,0.0,0.0,10857.74,0.0,23194.956371,13.281817
2035-12-28,11,321926.509631,132134.569316,189791.940315,0.0,0.0,0.0,10504.17,0.0,23434.761303,13.737136
2035-12-28,12,307719.754288,115719.407701,192000.346587,0.0,0.0,0.0,10890.96,0.0,23625.838616,13.024712
2035-12-28,13,305818.890409,118337.357843,187481.532565,0.0,0.0,0.0,11208.03,0.0,23902.974631,12.794177
2035-12-28,14,329845.817031,118307.762104,211538.054927,0.0,0.0,0.0,10780.78,0.0,24407.807133,13.513947
2035-12-28,15,370096.451573,162137.322527,207959.129045,0.0,0.0,0.0,10447.04,0.0,24842.792974,14.897538
2035-12-28,16,428363.139044,166989.929151,261373.209894,0.0,0.0,0.0,8710.09,0.0,25266.138959,16.95404
2035-12-28,17,415087.765604,174449.835943,240637.92966,0.0,0.0,0.0,9881.08,0.0,25607.222721,16.209792
2035-12-28,18,448759.708709,191070.763537,257688.945173,0.0,0.0,0.0,8649.07,0.0,25420.982437,17.653122
2035-12-28,19,492769.280313,212838.724448,279930.555866,0.0,0.0,0.0,7072.98,0.0,25127.795328,19.610526
2035-12-28,20,446520.647104,200778.566173,245742.080932,0.0,0.0,0.0,8079.68,0.0,24788.758952,18.01303
2035-12-28,21,391853.743234,162137.904293,229715.838941,0.0,0.0,0.0,9220.66,0.0,24405.885947,16.055707
2035-12-28,22,390743.431386,149402.943673,241340.487713,0.0,0.0,0.0,8496.76,0.0,23846.824671,16.385554
2035-12-28,23,382835.837316,149402.943673,233432.893643,0.0,0.0,0.0,8372.31,0.0,23429.829935,16.339676
2035-12-29,0,374479.778409,149402.943673,225076.834737,0.0,0.0,0.0,8012.9,0.0,22760.16886,16.453295
2035-12-29,1,372592.359807,147982.470463,224609.889344,0.0,0.0,0.0,7524.65,0.0,22206.267936,16.778702
2035-12-29,2,426868.399815,182042.621116,244825.778699,0.0,0.0,0.0,5810.14,0.0,21958.322081,19.439937
2035-12-29,3,465996.411874,194273.064463,271723.347411,0.0,0.0,0.0,4362.34,0.0,21802.538832,21.373493
2035-12-29,4,494851.259081,194911.329979,299939.929102,0.0,0.0,0.0,3195.62,0.0,21745.486706,22.756504
2035-12-29,5,495586.435902,194610.85608,300975.579822,0.0,0.0,6.362718,3151.3,0.0,21747.147925,22.788572
2035-12-29,6,493118.339091,194610.85608,298507.48301,0.0,0.0,0.0,3357.74,0.0,21856.446364,22.561689
2035-12-29,7,489655.199609,198535.034054,291120.165555,0.0,0.0,0.0,4021.11,0.0,22307.21186,21.950533
2035-12-29,8,544106.019787,243087.893622,301018.126165,0.0,0.0,0.0,3977.43,0.0,23213.200163,23.439509
2035-12-29,9,546260.355489,242875.655761,303384.699728,0.0,0.0,0.0,4768.83,0.0,24141.296417,22.627631
2035-12-29,10,472322.175802,205809.324961,266512.850841,0.0,0.0,0.0,7029.31,0.0,24519.375074,19.263222
2035-12-29,11,394996.808901,185723.607469,209273.201433,0.0,0.0,0.0,9652.54,0.0,24529.501644,16.102928
2035-12-29,12,346883.196481,146990.666093,199892.530388,0.0,0.0,0.0,10815.01,0.0,24501.14481,14.157836
2035-12-29,13,291767.240419,127762.62005,164004.620369,0.0,0.0,0.0,12710.57,0.0,24338.890858,11.987697
2035-12-29,14,281809.025002,105837.397895,175971.627107,0.0,0.0,0.0,12432.48,0.0,24168.164593,11.66034
2035-12-29,15,289846.781591,110009.404057,179837.377534,0.0,0.0,0.0,12280.98,0.0,24214.881712,11.969779
2035-12-29,16,322136.477946,147851.637535,174284.840411,0.0,0.0,0.0,12040.77,0.0,24586.11141,13.102376
2035-12-29,17,412218.010836,191443.282506,220774.72833,0.0,0.0,0.0,10245.9,0.0,25512.369451,16.157575
2035-12-29,18,591675.796583,315774.404259,275901.392324,0.0,0.0,0.0,6817.41,0.0,26277.576426,22.516376
2035-12-29,19,703636.10637,315378.625425,388257.480945,0.0,0.0,8.174727,2680.38,0.0,26583.049752,26.469352
2035-12-29,20,697201.180819,315378.625425,381822.555394,0.0,0.0,0.0,2849.2,0.0,26540.909155,26.268926
2035-12-29,21,680650.325683,307468.63493,373181.690753,0.0,0.0,0.0,3325.68,0.0,26581.988658,25.605696
2035-12-29,22,660347.517662,303187.625984,357159.891678,0.0,0.0,0.0,3608.81,0.0,26251.378276,25.154775
2035-12-29,23,648877.949911,286739.427833,362138.522078,0.0,0.0,0.0,3467.94,0.0,25941.131675,25.013479
2035-12-30,0,648540.325095,286739.427833,361800.897261,0.0,0.0,0.0,3367.99,0.0,25827.63391,25.110327
2035-12-30,1,654569.802414,299048.965535,355520.836879,0.0,0.0,0.0,3340.45,0.0,25771.447036,25.399032
2035-12-30,2,653852.422439,299043.655979,354808.76646,0.0,0.0,0.0,3488.04,0.0,25950.789436,25.195859
2035-12-30,3,649182.229197,299043.655979,350138.573218,0.0,0.0,0.0,3845.74,0.0,26154.728422,24.820836
2035-12-30,4,651079.97384,299043.655979,352036.317861,0.0,0.0,0.0,4345.65,0.0,26723.778509,24.36332
2035-12-30,5,714356.650721,340353.394653,374003.256069,0.0,0.0,0.0,4053.4,0.0,27766.977481,25.726842
2035-12-30,6,769196.357469,368608.937589,400587.41988,0.0,0.0,0.0,3895.6,0.0,29023.625352,26.502422
2035-12-30,7,825177.185053,408606.916479,416570.268574,0.0,0.0,0.0,3848.31,0.0,30050.498945,27.459683
2035-12-30,8,830568.183664,408601.563624,421966.62004,0.0,0.0,0.0,3356.48,0.0,29879.446504,27.797308
2035-12-30,9,817550.338422,408601.563624,408948.774798,0.0,0.0,0.0,3001.68,0.0,29044.168693,28.148519
2035-12-30,10,737283.097619,360620.940218,376662.1574,0.0,0.0,0.0,3895.2,0.0,28228.80892,26.118109
2035-12-30,11,693079.418955,327327.907833,365751.511123,0.0,0.0,0.0,3977.55,0.0,27349.681709,25.341407
2035-12-30,12,636117.750487,296716.726276,339401.024211,0.0,0.0,0.0,4637.89,0.0,26517.714969,23.988407
2035-12-30,13,592868.620734,264032.80866,328835.812074,0.0,0.0,0.0,5128.97,0.0,26033.623236,22.773189
2035-12-30,14,575197.951422,245979.591978,329218.359445,0.0,0.0,0.0,4998.92,0.0,25601.756979,22.467128
2035-12-30,15,594275.114125,264041.681228,330233.432897,0.0,0.0,0.0,4591.51,0.0,25498.534962,23.306245
2035-12-30,16,652828.709016,306200.650183,346628.058834,0.0,0.0,0.0,3766.66,0.0,25849.144,25.255332
2035-12-30,17,732485.825606,355684.736109,376801.089496,0.0,0.0,0.0,2749.2,0.0,26776.346434,27.355705
2035-12-30,18,837200.183057,424914.621817,412285.56124,0.0,0.0,0.0,1725.26,0.0,27863.234562,30.046769
2035-12-30,19,861979.503831,424878.523124,437100.980708,0.0,0.0,0.0,1089.88,0.0,28309.364667,30.448564
2035-12-30,20,873064.176255,424878.523124,448185.653131,0.0,0.0,0.0,1030.12,0.0,28630.135814,30.494587
2035-12-30,21,875096.029798,424878.523124,450217.506674,0.0,0.0,0.0,1070.06,0.0,28734.725506,30.454303
2035-12-30,22,869335.498157,424878.523124,444456.975033,0.0,0.0,0.0,1097.62,0.0,28569.368045,30.428937
2035-12-30,23,874339.017105,424878.523124,449460.493982,0.0,0.0,0.0,808.93,0.0,28448.68587,30.733898
2035-12-31,0,875054.237576,424878.523124,450175.714453,0.0,0.0,0.0,685.49,0.0,28338.531861,30.878602
2035-12-31,1,880285.688833,429801.759386,450483.929447,0.0,0.0,0.0,660.38,0.0,28364.175493,31.035123
2035-12-31,2,895645.884917,441666.600262,453979.284655,0.0,0.0,0.0,682.84,0.0,28660.047029,31.250677
2035-12-31,3,917194.575939,458290.116714,458904.459225,0.0,0.0,0.0,717.09,0.0,28990.138508,31.638158
2035-12-31,4,946215.032797,477034.359365,469180.673432,0.0,0.0,0.0,800.05,0.0,29652.163277,31.910489
2035-12-31,5,1037669.377232,564857.714423,472811.662809,0.0,0.0,0.0,862.31,0.0,30624.378662,33.883769
2035-12-31,6,1073272.47949,592556.439173,480716.040317,0.0,0.0,0.0,1127.16,0.0,31650.706562,33.909906
2035-12-31,7,1076928.510794,592537.966458,484390.544336,0.0,0.0,0.0,1412.24,0.0,32164.890651,33.481491
2035-12-31,8,1061295.825572,592537.966458,468757.859114,0.0,0.0,0.0,1271.01,0.0,31439.754922,33.756492
2035-12-31,9,934279.072416,492229.596672,442049.475744,0.0,0.0,0.0,1262.06,0.0,29626.615704,31.535126
2035-12-31,10,825557.314665,436781.081969,388776.232696,0.0,0.0,0.0,1981.96,0.0,27635.802195,29.872747
2035-12-31,11,709846.965453,324057.682956,385789.282496,0.0,0.0,0.0,2483.75,0.0,26550.533501,26.735695
2035-12-31,12,653742.835292,311092.188367,342650.646924,0.0,0.0,0.0,3183.21,0.0,25467.681862,25.669507
2035-12-31,13,581229.185919,260064.005542,321165.180377,0.0,0.0,0.0,4199.94,0.0,24814.478946,23.422986
2035-12-31,14,562094.66713,243615.807391,318478.859739,0.0,0.0,0.0,4458.01,0.0,24623.001073,22.828032
2035-12-31,15,561424.264898,243615.807391,317808.457506,0.0,0.0,0.0,4644.49,0.0,24784.828791,22.651932
2035-12-31,16,584025.068996,277765.884983,306259.184013,0.0,0.0,0.0,5292.58,0.0,25554.331171,22.85425
2035-12-31,17,681756.192025,324115.990543,357640.201482,0.0,0.0,0.0,3925.97,0.0,26834.940267,25.405542
2035-12-31,18,728543.937319,340300.820595,388243.116724,0.0,0.0,0.0,2833.73,0.0,27194.983593,26.789644
2035-12-31,19,741009.014134,340293.402422,400715.611713,0.0,0.0,0.0,2033.87,0.0,26922.350781,27.523934
2035-12-31,20,712899.981081,340293.402422,372606.57866,0.0,0.0,0.0,2667.69,0.0,26533.113128,26.868313
2035-12-31,21,654922.33939,298137.215689,356785.123701,0.0,0.0,0.0,3709.91,0.0,26287.264615,24.914054
2035-12-31,22,617240.670692,280083.999007,337156.671685,0.0,0.0,0.0,4408.83,0.0,25984.686086,23.754017
2035-12-31,23,656846.90216,340313.92978,316532.972381,0.0,0.0,0.0,4064.55,0.0,25667.307508,25.590799
